dataset, size, run, model, variant, k, test_acc, train_acc, gc_training_time
CHEMBL1163125,414,1,GCN,T_K,1,61.6,62.98,0:00:53.053888
CHEMBL1163125,414,1,GCN,T_K,2,62.4,65.05,0:01:46.155042
CHEMBL1163125,414,1,GCN,T_K,3,68.0,68.17,0:02:35.046177
CHEMBL1163125,414,1,GCN,T_K,4,68.8,68.86,0:03:20.712491
CHEMBL1163125,414,1,GCN,T_K,5,76.8,72.32,0:04:06.328905
CHEMBL1163125,414,1,GCN,T_K,6,75.2,72.32,0:04:51.915474
CHEMBL1163125,414,1,GCN,T_K,7,75.2,72.66,0:05:37.477738
CHEMBL1163125,414,1,GCN,T_K,8,75.2,72.32,0:06:23.214715
CHEMBL1163125,414,1,GCN,T_K,9,76.0,72.66,0:07:08.871508
CHEMBL1163125,414,1,GCN,T_K,10,75.2,72.66,0:07:54.455863
CHEMBL1163125,414,1,GCN,T_K,11,79.2,74.39,0:08:40.141251
CHEMBL1163125,414,1,GCN,T_K,12,79.2,74.39,0:09:25.869851
CHEMBL1163125,414,1,GCN,T_K,13,80.0,73.7,0:10:11.769510
CHEMBL1163125,414,1,GCN,T_K,14,80.8,74.39,0:10:57.479667
CHEMBL1163125,414,1,GCN,T_K,15,80.0,75.09,0:11:43.209665
CHEMBL1163125,414,1,GCN,T_K,16,80.0,75.09,0:12:28.979377
CHEMBL1163125,414,1,GCN,T_K,17,80.8,75.78,0:13:14.857582
CHEMBL1163125,414,1,GCN,T_K,18,78.4,78.2,0:14:00.512481
CHEMBL1163125,414,1,GCN,T_K,19,78.4,78.55,0:14:46.237231
CHEMBL1163125,414,1,GCN,T_K,20,79.2,78.55,0:15:31.946242
CHEMBL1163125,414,1,GCN,T_K,21,76.0,77.85,0:16:17.845605
CHEMBL1163125,414,1,GCN,T_K,22,72.8,80.62,0:17:03.498447
dataset, size, run, model, variant, k, test_acc, train_acc, gc_training_time
CHEMBL1163125,414,2,GCN,T_K,1,48.8,49.48,0:00:45.619033
CHEMBL1163125,414,2,GCN,T_K,2,68.8,67.47,0:01:31.221777
CHEMBL1163125,414,2,GCN,T_K,3,67.2,67.82,0:02:16.990357
CHEMBL1163125,414,2,GCN,T_K,4,69.6,67.47,0:03:02.605885
CHEMBL1163125,414,2,GCN,T_K,5,75.2,72.66,0:03:48.333334
CHEMBL1163125,414,2,GCN,T_K,6,74.4,72.66,0:04:34.028156
CHEMBL1163125,414,2,GCN,T_K,7,75.2,73.36,0:05:19.856482
CHEMBL1163125,414,2,GCN,T_K,8,74.4,71.97,0:06:05.558494
CHEMBL1163125,414,2,GCN,T_K,9,72.8,73.7,0:06:51.288385
CHEMBL1163125,414,2,GCN,T_K,10,72.0,73.7,0:07:37.103305
CHEMBL1163125,414,2,GCN,T_K,11,75.2,72.66,0:08:22.967683
CHEMBL1163125,414,2,GCN,T_K,12,76.8,73.01,0:09:08.777157
CHEMBL1163125,414,2,GCN,T_K,13,77.6,74.39,0:09:54.502112
CHEMBL1163125,414,2,GCN,T_K,14,72.8,73.7,0:10:40.283325
CHEMBL1163125,414,2,GCN,T_K,15,71.2,75.43,0:11:26.091086
CHEMBL1163125,414,2,GCN,T_K,16,83.2,81.66,0:12:11.967532
CHEMBL1163125,414,2,GCN,T_K,17,84.0,80.62,0:12:57.668425
CHEMBL1163125,414,2,GCN,T_K,18,84.0,81.31,0:13:43.425490
CHEMBL1163125,414,2,GCN,T_K,19,84.0,83.04,0:14:29.190560
CHEMBL1163125,414,2,GCN,T_K,20,84.0,83.04,0:15:15.149629
CHEMBL1163125,414,2,GCN,T_K,21,84.0,83.04,0:16:00.914088
CHEMBL1163125,414,2,GCN,T_K,22,84.0,84.08,0:16:46.717024
dataset, size, run, model, variant, k, test_acc, train_acc, gc_training_time
CHEMBL1163125,414,3,GCN,T_K,1,45.6,49.83,0:00:45.705736
CHEMBL1163125,414,3,GCN,T_K,2,47.2,55.36,0:01:31.477805
CHEMBL1163125,414,3,GCN,T_K,3,43.2,56.06,0:02:17.229329
CHEMBL1163125,414,3,GCN,T_K,4,43.2,57.09,0:03:02.959293
CHEMBL1163125,414,3,GCN,T_K,5,41.6,56.4,0:03:48.680657
CHEMBL1163125,414,3,GCN,T_K,6,47.2,55.02,0:04:34.627897
CHEMBL1163125,414,3,GCN,T_K,7,59.2,65.74,0:05:20.323590
CHEMBL1163125,414,3,GCN,T_K,8,58.4,66.44,0:06:06.117155
CHEMBL1163125,414,3,GCN,T_K,9,68.0,65.4,0:06:51.956975
CHEMBL1163125,414,3,GCN,T_K,10,68.0,65.74,0:07:37.773066
CHEMBL1163125,414,3,GCN,T_K,11,69.6,67.13,0:08:23.548309
CHEMBL1163125,414,3,GCN,T_K,12,69.6,66.78,0:09:09.253258
CHEMBL1163125,414,3,GCN,T_K,13,72.8,73.01,0:09:54.907400
CHEMBL1163125,414,3,GCN,T_K,14,72.8,73.01,0:10:40.779543
CHEMBL1163125,414,3,GCN,T_K,15,72.8,73.01,0:11:26.462611
CHEMBL1163125,414,3,GCN,T_K,16,72.8,71.63,0:12:12.133748
CHEMBL1163125,414,3,GCN,T_K,17,75.2,73.01,0:12:57.849732
CHEMBL1163125,414,3,GCN,T_K,18,75.2,74.05,0:13:43.590823
CHEMBL1163125,414,3,GCN,T_K,19,77.6,72.66,0:14:29.518430
CHEMBL1163125,414,3,GCN,T_K,20,77.6,71.28,0:15:15.225683
CHEMBL1163125,414,3,GCN,T_K,21,76.8,71.28,0:16:00.985978
CHEMBL1163125,414,3,GCN,T_K,22,80.0,74.05,0:16:46.790420
dataset, size, run, model, variant, k, test_acc, train_acc, gc_training_time
CHEMBL1163125,414,4,GCN,T_K,1,63.2,56.4,0:00:45.865524
CHEMBL1163125,414,4,GCN,T_K,2,60.8,55.71,0:01:31.578381
CHEMBL1163125,414,4,GCN,T_K,3,56.8,55.36,0:02:17.219202
CHEMBL1163125,414,4,GCN,T_K,4,56.0,55.02,0:03:02.941641
CHEMBL1163125,414,4,GCN,T_K,5,57.6,55.36,0:03:48.743048
CHEMBL1163125,414,4,GCN,T_K,6,72.8,72.32,0:04:34.404364
CHEMBL1163125,414,4,GCN,T_K,7,72.8,73.01,0:05:20.160686
CHEMBL1163125,414,4,GCN,T_K,8,72.8,70.59,0:06:05.818268
CHEMBL1163125,414,4,GCN,T_K,9,74.4,71.63,0:06:51.700619
CHEMBL1163125,414,4,GCN,T_K,10,74.4,71.63,0:07:37.394123
CHEMBL1163125,414,4,GCN,T_K,11,75.2,71.97,0:08:23.117337
CHEMBL1163125,414,4,GCN,T_K,12,72.8,71.28,0:09:08.829859
CHEMBL1163125,414,4,GCN,T_K,13,79.2,70.24,0:09:54.666998
CHEMBL1163125,414,4,GCN,T_K,14,82.4,73.36,0:10:40.432173
CHEMBL1163125,414,4,GCN,T_K,15,89.6,73.7,0:11:26.198503
CHEMBL1163125,414,4,GCN,T_K,16,85.6,80.62,0:12:11.994371
CHEMBL1163125,414,4,GCN,T_K,17,88.0,82.35,0:12:57.850596
CHEMBL1163125,414,4,GCN,T_K,18,87.2,82.7,0:13:43.700874
CHEMBL1163125,414,4,GCN,T_K,19,89.6,82.01,0:14:29.393732
CHEMBL1163125,414,4,GCN,T_K,20,88.0,81.66,0:15:15.108721
CHEMBL1163125,414,4,GCN,T_K,21,86.4,82.01,0:16:00.862905
CHEMBL1163125,414,4,GCN,T_K,22,85.6,82.35,0:16:46.698562
dataset, size, run, model, variant, k, test_acc, train_acc, gc_training_time
CHEMBL1163125,414,5,GCN,T_K,1,61.6,62.98,0:00:45.620395
CHEMBL1163125,414,5,GCN,T_K,2,63.2,64.36,0:01:31.270648
CHEMBL1163125,414,5,GCN,T_K,3,68.8,66.09,0:02:17.009195
CHEMBL1163125,414,5,GCN,T_K,4,74.4,67.13,0:03:02.857063
CHEMBL1163125,414,5,GCN,T_K,5,72.8,72.66,0:03:48.583602
CHEMBL1163125,414,5,GCN,T_K,6,73.6,73.7,0:04:34.290322
CHEMBL1163125,414,5,GCN,T_K,7,73.6,73.7,0:05:19.966655
CHEMBL1163125,414,5,GCN,T_K,8,72.8,79.58,0:06:05.789441
CHEMBL1163125,414,5,GCN,T_K,9,72.8,78.55,0:06:51.532376
CHEMBL1163125,414,5,GCN,T_K,10,74.4,79.58,0:07:37.239644
CHEMBL1163125,414,5,GCN,T_K,11,72.8,79.93,0:08:22.983858
CHEMBL1163125,414,5,GCN,T_K,12,72.0,79.58,0:09:08.837372
CHEMBL1163125,414,5,GCN,T_K,13,70.4,79.93,0:09:54.640010
CHEMBL1163125,414,5,GCN,T_K,14,70.4,79.93,0:10:40.437126
CHEMBL1163125,414,5,GCN,T_K,15,70.4,80.28,0:11:26.163698
CHEMBL1163125,414,5,GCN,T_K,16,78.4,82.7,0:12:11.901271
CHEMBL1163125,414,5,GCN,T_K,17,79.2,82.7,0:12:57.700611
CHEMBL1163125,414,5,GCN,T_K,18,79.2,82.35,0:13:43.523500
CHEMBL1163125,414,5,GCN,T_K,19,80.0,81.66,0:14:29.243933
CHEMBL1163125,414,5,GCN,T_K,20,80.8,82.35,0:15:15.071137
CHEMBL1163125,414,5,GCN,T_K,21,80.8,81.66,0:16:00.874950
CHEMBL1163125,414,5,GCN,T_K,22,80.8,82.01,0:16:46.597748
dataset, size, run, model, variant, k, test_acc, train_acc, gc_training_time
CHEMBL1163125,414,6,GCN,T_K,1,49.6,50.17,0:00:45.620918
CHEMBL1163125,414,6,GCN,T_K,2,52.0,56.4,0:01:31.331167
CHEMBL1163125,414,6,GCN,T_K,3,54.4,59.17,0:02:17.180429
CHEMBL1163125,414,6,GCN,T_K,4,54.4,59.17,0:03:02.881673
CHEMBL1163125,414,6,GCN,T_K,5,59.2,66.78,0:03:48.650815
CHEMBL1163125,414,6,GCN,T_K,6,64.8,67.82,0:04:34.437398
CHEMBL1163125,414,6,GCN,T_K,7,65.6,68.17,0:05:20.335827
CHEMBL1163125,414,6,GCN,T_K,8,68.8,70.59,0:06:06.066556
CHEMBL1163125,414,6,GCN,T_K,9,68.8,70.93,0:06:51.817820
CHEMBL1163125,414,6,GCN,T_K,10,68.8,69.9,0:07:37.533777
CHEMBL1163125,414,6,GCN,T_K,11,73.6,71.97,0:08:23.395738
CHEMBL1163125,414,6,GCN,T_K,12,72.0,71.97,0:09:09.153221
CHEMBL1163125,414,6,GCN,T_K,13,76.0,75.78,0:09:54.995744
CHEMBL1163125,414,6,GCN,T_K,14,76.8,76.47,0:10:40.726891
CHEMBL1163125,414,6,GCN,T_K,15,79.2,79.24,0:11:26.584622
CHEMBL1163125,414,6,GCN,T_K,16,80.0,79.93,0:12:12.348206
CHEMBL1163125,414,6,GCN,T_K,17,78.4,79.93,0:12:58.058640
CHEMBL1163125,414,6,GCN,T_K,18,79.2,80.62,0:13:43.769255
CHEMBL1163125,414,6,GCN,T_K,19,86.4,77.85,0:14:29.550204
CHEMBL1163125,414,6,GCN,T_K,20,86.4,77.85,0:15:15.380489
CHEMBL1163125,414,6,GCN,T_K,21,85.6,77.51,0:16:01.133786
CHEMBL1163125,414,6,GCN,T_K,22,84.8,78.89,0:16:46.860977
dataset, size, run, model, variant, k, test_acc, train_acc, gc_training_time
CHEMBL1163125,414,7,GCN,T_K,1,50.4,49.83,0:00:45.809488
CHEMBL1163125,414,7,GCN,T_K,2,50.4,49.83,0:01:31.575926
CHEMBL1163125,414,7,GCN,T_K,3,61.6,57.44,0:02:17.274282
CHEMBL1163125,414,7,GCN,T_K,4,62.4,57.44,0:03:02.993482
CHEMBL1163125,414,7,GCN,T_K,5,61.6,58.82,0:03:48.650997
CHEMBL1163125,414,7,GCN,T_K,6,52.0,51.56,0:04:34.494502
CHEMBL1163125,414,7,GCN,T_K,7,51.2,51.21,0:05:20.244504
CHEMBL1163125,414,7,GCN,T_K,8,56.0,54.33,0:06:05.941028
CHEMBL1163125,414,7,GCN,T_K,9,60.8,54.67,0:06:51.641511
CHEMBL1163125,414,7,GCN,T_K,10,60.8,55.02,0:07:37.559592
CHEMBL1163125,414,7,GCN,T_K,11,59.2,54.33,0:08:23.275143
CHEMBL1163125,414,7,GCN,T_K,12,60.0,55.36,0:09:08.952857
CHEMBL1163125,414,7,GCN,T_K,13,63.2,57.44,0:09:54.665228
CHEMBL1163125,414,7,GCN,T_K,14,69.6,62.63,0:10:40.494669
CHEMBL1163125,414,7,GCN,T_K,15,74.4,68.86,0:11:26.213825
CHEMBL1163125,414,7,GCN,T_K,16,78.4,73.01,0:12:11.974424
CHEMBL1163125,414,7,GCN,T_K,17,78.4,73.7,0:12:57.726927
CHEMBL1163125,414,7,GCN,T_K,18,79.2,75.09,0:13:43.643493
CHEMBL1163125,414,7,GCN,T_K,19,80.0,75.09,0:14:29.403049
CHEMBL1163125,414,7,GCN,T_K,20,80.0,75.43,0:15:15.151377
CHEMBL1163125,414,7,GCN,T_K,21,80.0,75.43,0:16:00.897805
CHEMBL1163125,414,7,GCN,T_K,22,80.8,76.82,0:16:46.712789
dataset, size, run, model, variant, k, test_acc, train_acc, gc_training_time
CHEMBL1163125,414,8,GCN,T_K,1,49.6,50.17,0:00:45.715194
CHEMBL1163125,414,8,GCN,T_K,2,49.6,50.17,0:01:31.516904
CHEMBL1163125,414,8,GCN,T_K,3,59.2,56.75,0:02:17.136678
CHEMBL1163125,414,8,GCN,T_K,4,70.4,70.93,0:03:02.902235
CHEMBL1163125,414,8,GCN,T_K,5,70.4,71.28,0:03:48.680457
CHEMBL1163125,414,8,GCN,T_K,6,65.6,71.97,0:04:34.431398
CHEMBL1163125,414,8,GCN,T_K,7,65.6,71.97,0:05:20.145447
CHEMBL1163125,414,8,GCN,T_K,8,65.6,70.59,0:06:05.987848
CHEMBL1163125,414,8,GCN,T_K,9,68.8,71.97,0:06:51.774806
CHEMBL1163125,414,8,GCN,T_K,10,68.8,72.32,0:07:37.418267
CHEMBL1163125,414,8,GCN,T_K,11,69.6,71.63,0:08:23.114313
CHEMBL1163125,414,8,GCN,T_K,12,72.0,74.39,0:09:08.822934
CHEMBL1163125,414,8,GCN,T_K,13,68.8,74.05,0:09:54.655055
CHEMBL1163125,414,8,GCN,T_K,14,69.6,74.39,0:10:40.329084
CHEMBL1163125,414,8,GCN,T_K,15,74.4,74.74,0:11:25.950669
CHEMBL1163125,414,8,GCN,T_K,16,72.8,75.09,0:12:11.699814
CHEMBL1163125,414,8,GCN,T_K,17,81.6,79.93,0:12:57.555805
CHEMBL1163125,414,8,GCN,T_K,18,80.8,79.24,0:13:43.301241
CHEMBL1163125,414,8,GCN,T_K,19,80.0,79.24,0:14:29.089097
CHEMBL1163125,414,8,GCN,T_K,20,80.0,79.58,0:15:14.967787
CHEMBL1163125,414,8,GCN,T_K,21,79.2,79.24,0:16:00.819975
CHEMBL1163125,414,8,GCN,T_K,22,79.2,80.62,0:16:46.612581
dataset, size, run, model, variant, k, test_acc, train_acc, gc_training_time
CHEMBL1163125,414,9,GCN,T_K,1,70.4,65.05,0:00:45.674619
CHEMBL1163125,414,9,GCN,T_K,2,75.2,71.97,0:01:31.463236
CHEMBL1163125,414,9,GCN,T_K,3,74.4,71.97,0:02:17.298643
CHEMBL1163125,414,9,GCN,T_K,4,74.4,71.28,0:03:02.937758
CHEMBL1163125,414,9,GCN,T_K,5,73.6,71.97,0:03:48.692532
CHEMBL1163125,414,9,GCN,T_K,6,77.6,72.32,0:04:34.371951
CHEMBL1163125,414,9,GCN,T_K,7,74.4,75.43,0:05:20.125701
CHEMBL1163125,414,9,GCN,T_K,8,79.2,74.74,0:06:05.869666
CHEMBL1163125,414,9,GCN,T_K,9,78.4,75.09,0:06:51.581648
CHEMBL1163125,414,9,GCN,T_K,10,76.8,76.12,0:07:37.295577
CHEMBL1163125,414,9,GCN,T_K,11,75.2,75.78,0:08:23.112619
CHEMBL1163125,414,9,GCN,T_K,12,75.2,76.47,0:09:08.968472
CHEMBL1163125,414,9,GCN,T_K,13,74.4,76.82,0:09:54.742469
CHEMBL1163125,414,9,GCN,T_K,14,75.2,77.85,0:10:40.529767
CHEMBL1163125,414,9,GCN,T_K,15,74.4,76.82,0:11:26.301790
CHEMBL1163125,414,9,GCN,T_K,16,74.4,77.51,0:12:12.270001
CHEMBL1163125,414,9,GCN,T_K,17,74.4,77.16,0:12:58.077675
CHEMBL1163125,414,9,GCN,T_K,18,75.2,77.16,0:13:43.913351
CHEMBL1163125,414,9,GCN,T_K,19,77.6,78.55,0:14:29.652829
CHEMBL1163125,414,9,GCN,T_K,20,76.8,78.89,0:15:15.505647
CHEMBL1163125,414,9,GCN,T_K,21,80.0,78.2,0:16:01.188712
CHEMBL1163125,414,9,GCN,T_K,22,80.0,78.89,0:16:46.911748
dataset, size, run, model, variant, k, test_acc, train_acc, gc_training_time
CHEMBL1163125,414,10,GCN,T_K,1,49.6,53.63,0:00:45.612254
CHEMBL1163125,414,10,GCN,T_K,2,50.4,53.29,0:01:31.428121
CHEMBL1163125,414,10,GCN,T_K,3,56.0,62.63,0:02:17.149656
CHEMBL1163125,414,10,GCN,T_K,4,56.8,62.98,0:03:02.877386
CHEMBL1163125,414,10,GCN,T_K,5,68.8,70.24,0:03:48.628385
CHEMBL1163125,414,10,GCN,T_K,6,70.4,70.93,0:04:34.491485
CHEMBL1163125,414,10,GCN,T_K,7,69.6,70.59,0:05:20.251855
CHEMBL1163125,414,10,GCN,T_K,8,68.0,70.59,0:06:05.983628
CHEMBL1163125,414,10,GCN,T_K,9,71.2,72.66,0:06:51.671537
CHEMBL1163125,414,10,GCN,T_K,10,71.2,72.66,0:07:37.610792
CHEMBL1163125,414,10,GCN,T_K,11,74.4,76.47,0:08:23.435236
CHEMBL1163125,414,10,GCN,T_K,12,74.4,76.47,0:09:09.211992
CHEMBL1163125,414,10,GCN,T_K,13,72.8,76.82,0:09:54.961681
CHEMBL1163125,414,10,GCN,T_K,14,72.0,73.7,0:10:40.827005
CHEMBL1163125,414,10,GCN,T_K,15,71.2,74.05,0:11:26.563697
CHEMBL1163125,414,10,GCN,T_K,16,72.0,74.39,0:12:12.369507
CHEMBL1163125,414,10,GCN,T_K,17,71.2,74.39,0:12:58.254357
CHEMBL1163125,414,10,GCN,T_K,18,69.6,76.82,0:13:44.190560
CHEMBL1163125,414,10,GCN,T_K,19,76.0,76.12,0:14:30.178580
CHEMBL1163125,414,10,GCN,T_K,20,75.2,76.82,0:15:15.940851
CHEMBL1163125,414,10,GCN,T_K,21,79.2,77.16,0:16:01.670095
CHEMBL1163125,414,10,GCN,T_K,22,78.4,78.2,0:16:47.430557
dataset, size, run, model, variant, k, test_acc, train_acc, gc_training_time
CHEMBL1914,440,1,GCN,T_K,1,60.61,51.62,0:00:48.382357
CHEMBL1914,440,1,GCN,T_K,2,50.76,51.95,0:01:36.560706
CHEMBL1914,440,1,GCN,T_K,3,59.09,62.34,0:02:24.847002
CHEMBL1914,440,1,GCN,T_K,4,71.97,71.75,0:03:13.069131
CHEMBL1914,440,1,GCN,T_K,5,72.73,70.78,0:04:01.484067
CHEMBL1914,440,1,GCN,T_K,6,74.24,72.73,0:04:49.799735
CHEMBL1914,440,1,GCN,T_K,7,74.24,72.73,0:05:37.982556
CHEMBL1914,440,1,GCN,T_K,8,73.48,73.05,0:06:26.308933
CHEMBL1914,440,1,GCN,T_K,9,73.48,72.08,0:07:14.567536
CHEMBL1914,440,1,GCN,T_K,10,75.76,77.92,0:08:02.798811
CHEMBL1914,440,1,GCN,T_K,11,77.27,80.19,0:08:51.034774
CHEMBL1914,440,1,GCN,T_K,12,77.27,79.55,0:09:39.506453
CHEMBL1914,440,1,GCN,T_K,13,80.3,79.87,0:10:27.786661
CHEMBL1914,440,1,GCN,T_K,14,81.06,79.22,0:11:16.104981
CHEMBL1914,440,1,GCN,T_K,15,85.61,81.17,0:12:04.425942
CHEMBL1914,440,1,GCN,T_K,16,86.36,81.49,0:12:52.878416
CHEMBL1914,440,1,GCN,T_K,17,85.61,82.14,0:13:41.192163
CHEMBL1914,440,1,GCN,T_K,18,85.61,82.79,0:14:29.449544
CHEMBL1914,440,1,GCN,T_K,19,85.61,83.12,0:15:17.766111
CHEMBL1914,440,1,GCN,T_K,20,85.61,83.77,0:16:06.118651
CHEMBL1914,440,1,GCN,T_K,21,87.88,81.49,0:16:54.477674
CHEMBL1914,440,1,GCN,T_K,22,87.88,80.84,0:17:42.765917
dataset, size, run, model, variant, k, test_acc, train_acc, gc_training_time
CHEMBL1914,440,2,GCN,T_K,1,56.06,55.19,0:00:48.236180
CHEMBL1914,440,2,GCN,T_K,2,66.67,64.29,0:01:36.644574
CHEMBL1914,440,2,GCN,T_K,3,70.45,67.53,0:02:24.894913
CHEMBL1914,440,2,GCN,T_K,4,71.21,71.75,0:03:13.150493
CHEMBL1914,440,2,GCN,T_K,5,71.97,71.1,0:04:01.436778
CHEMBL1914,440,2,GCN,T_K,6,71.97,75.0,0:04:49.898607
CHEMBL1914,440,2,GCN,T_K,7,71.97,73.38,0:05:38.091009
CHEMBL1914,440,2,GCN,T_K,8,73.48,77.92,0:06:26.473352
CHEMBL1914,440,2,GCN,T_K,9,73.48,76.95,0:07:14.816495
CHEMBL1914,440,2,GCN,T_K,10,73.48,76.3,0:08:03.245502
CHEMBL1914,440,2,GCN,T_K,11,76.52,80.52,0:08:51.484730
CHEMBL1914,440,2,GCN,T_K,12,78.79,79.55,0:09:39.752287
CHEMBL1914,440,2,GCN,T_K,13,81.06,80.52,0:10:28.042671
CHEMBL1914,440,2,GCN,T_K,14,81.06,80.52,0:11:16.495544
CHEMBL1914,440,2,GCN,T_K,15,78.03,80.84,0:12:04.713047
CHEMBL1914,440,2,GCN,T_K,16,78.79,81.49,0:12:53.112975
CHEMBL1914,440,2,GCN,T_K,17,79.55,83.44,0:13:41.328520
CHEMBL1914,440,2,GCN,T_K,18,80.3,84.74,0:14:29.760411
CHEMBL1914,440,2,GCN,T_K,19,80.3,85.06,0:15:18.048353
CHEMBL1914,440,2,GCN,T_K,20,80.3,84.09,0:16:06.439229
CHEMBL1914,440,2,GCN,T_K,21,81.06,82.79,0:16:54.741426
CHEMBL1914,440,2,GCN,T_K,22,81.06,83.77,0:17:43.247705
dataset, size, run, model, variant, k, test_acc, train_acc, gc_training_time
CHEMBL1914,440,3,GCN,T_K,1,67.42,62.66,0:00:48.270729
CHEMBL1914,440,3,GCN,T_K,2,68.94,64.61,0:01:36.533086
CHEMBL1914,440,3,GCN,T_K,3,68.94,69.16,0:02:24.891515
CHEMBL1914,440,3,GCN,T_K,4,70.45,70.45,0:03:13.334663
CHEMBL1914,440,3,GCN,T_K,5,68.18,69.81,0:04:01.626404
CHEMBL1914,440,3,GCN,T_K,6,68.18,69.81,0:04:50.123977
CHEMBL1914,440,3,GCN,T_K,7,68.18,69.81,0:05:38.367638
CHEMBL1914,440,3,GCN,T_K,8,70.45,69.48,0:06:26.842085
CHEMBL1914,440,3,GCN,T_K,9,70.45,71.75,0:07:15.074794
CHEMBL1914,440,3,GCN,T_K,10,72.73,69.81,0:08:03.354073
CHEMBL1914,440,3,GCN,T_K,11,74.24,69.81,0:08:51.609724
CHEMBL1914,440,3,GCN,T_K,12,78.03,73.38,0:09:40.076785
CHEMBL1914,440,3,GCN,T_K,13,78.03,75.0,0:10:28.303146
CHEMBL1914,440,3,GCN,T_K,14,78.03,74.03,0:11:16.570486
CHEMBL1914,440,3,GCN,T_K,15,78.79,75.0,0:12:04.894812
CHEMBL1914,440,3,GCN,T_K,16,79.55,76.3,0:12:53.665233
CHEMBL1914,440,3,GCN,T_K,17,79.55,75.97,0:13:42.286282
CHEMBL1914,440,3,GCN,T_K,18,79.55,76.95,0:14:30.902492
CHEMBL1914,440,3,GCN,T_K,19,81.82,80.19,0:15:19.415386
CHEMBL1914,440,3,GCN,T_K,20,81.06,80.19,0:16:07.982594
CHEMBL1914,440,3,GCN,T_K,21,81.06,80.19,0:16:56.384161
CHEMBL1914,440,3,GCN,T_K,22,79.55,80.52,0:17:44.742007
dataset, size, run, model, variant, k, test_acc, train_acc, gc_training_time
CHEMBL1914,440,4,GCN,T_K,1,62.88,61.36,0:00:48.234473
CHEMBL1914,440,4,GCN,T_K,2,62.12,62.34,0:01:36.892159
CHEMBL1914,440,4,GCN,T_K,3,62.88,61.36,0:02:25.161200
CHEMBL1914,440,4,GCN,T_K,4,64.39,71.1,0:03:13.392561
CHEMBL1914,440,4,GCN,T_K,5,75.76,73.38,0:04:01.613825
CHEMBL1914,440,4,GCN,T_K,6,75.0,75.65,0:04:49.983612
CHEMBL1914,440,4,GCN,T_K,7,75.0,75.32,0:05:38.186949
CHEMBL1914,440,4,GCN,T_K,8,76.52,78.9,0:06:26.489835
CHEMBL1914,440,4,GCN,T_K,9,82.58,79.22,0:07:14.881273
CHEMBL1914,440,4,GCN,T_K,10,81.82,78.25,0:08:03.610195
CHEMBL1914,440,4,GCN,T_K,11,74.24,70.45,0:08:52.113920
CHEMBL1914,440,4,GCN,T_K,12,74.24,70.45,0:09:40.727903
CHEMBL1914,440,4,GCN,T_K,13,74.24,70.13,0:10:29.292080
CHEMBL1914,440,4,GCN,T_K,14,75.0,70.13,0:11:18.003714
CHEMBL1914,440,4,GCN,T_K,15,74.24,71.75,0:12:06.608035
CHEMBL1914,440,4,GCN,T_K,16,71.97,73.05,0:12:54.906252
CHEMBL1914,440,4,GCN,T_K,17,71.21,71.75,0:13:43.203669
CHEMBL1914,440,4,GCN,T_K,18,71.97,71.75,0:14:31.685148
CHEMBL1914,440,4,GCN,T_K,19,71.97,72.08,0:15:20.024355
CHEMBL1914,440,4,GCN,T_K,20,70.45,72.08,0:16:08.610579
CHEMBL1914,440,4,GCN,T_K,21,77.27,74.03,0:16:57.218974
CHEMBL1914,440,4,GCN,T_K,22,78.79,75.32,0:17:45.944702
dataset, size, run, model, variant, k, test_acc, train_acc, gc_training_time
CHEMBL1914,440,5,GCN,T_K,1,51.52,53.57,0:00:48.436950
CHEMBL1914,440,5,GCN,T_K,2,57.58,59.42,0:01:36.962411
CHEMBL1914,440,5,GCN,T_K,3,60.61,58.77,0:02:25.569749
CHEMBL1914,440,5,GCN,T_K,4,62.12,59.09,0:03:14.286540
CHEMBL1914,440,5,GCN,T_K,5,65.91,65.58,0:04:02.585340
CHEMBL1914,440,5,GCN,T_K,6,65.91,66.56,0:04:50.928246
CHEMBL1914,440,5,GCN,T_K,7,65.15,66.56,0:05:39.209353
CHEMBL1914,440,5,GCN,T_K,8,78.03,75.32,0:06:27.602953
CHEMBL1914,440,5,GCN,T_K,9,77.27,75.32,0:07:15.871138
CHEMBL1914,440,5,GCN,T_K,10,78.79,78.9,0:08:04.137049
CHEMBL1914,440,5,GCN,T_K,11,83.33,78.9,0:08:52.550446
CHEMBL1914,440,5,GCN,T_K,12,83.33,77.92,0:09:41.158542
CHEMBL1914,440,5,GCN,T_K,13,81.82,77.6,0:10:29.410672
CHEMBL1914,440,5,GCN,T_K,14,84.85,81.49,0:11:17.697054
CHEMBL1914,440,5,GCN,T_K,15,86.36,81.17,0:12:05.969686
CHEMBL1914,440,5,GCN,T_K,16,85.61,81.17,0:12:54.369955
CHEMBL1914,440,5,GCN,T_K,17,86.36,81.17,0:13:42.751903
CHEMBL1914,440,5,GCN,T_K,18,86.36,81.49,0:14:31.323011
CHEMBL1914,440,5,GCN,T_K,19,86.36,81.49,0:15:19.806646
CHEMBL1914,440,5,GCN,T_K,20,84.85,82.14,0:16:08.420934
CHEMBL1914,440,5,GCN,T_K,21,86.36,83.12,0:16:56.876523
CHEMBL1914,440,5,GCN,T_K,22,86.36,83.12,0:17:45.324061
dataset, size, run, model, variant, k, test_acc, train_acc, gc_training_time
CHEMBL1914,440,6,GCN,T_K,1,50.0,50.0,0:00:48.310275
CHEMBL1914,440,6,GCN,T_K,2,56.82,56.17,0:01:36.930657
CHEMBL1914,440,6,GCN,T_K,3,68.18,69.48,0:02:25.281235
CHEMBL1914,440,6,GCN,T_K,4,68.18,69.16,0:03:13.563335
CHEMBL1914,440,6,GCN,T_K,5,72.73,73.38,0:04:01.762331
CHEMBL1914,440,6,GCN,T_K,6,75.0,72.4,0:04:50.178393
CHEMBL1914,440,6,GCN,T_K,7,77.27,79.22,0:05:38.443880
CHEMBL1914,440,6,GCN,T_K,8,78.79,79.87,0:06:26.701487
CHEMBL1914,440,6,GCN,T_K,9,79.55,79.87,0:07:14.977366
CHEMBL1914,440,6,GCN,T_K,10,78.79,80.19,0:08:03.519401
CHEMBL1914,440,6,GCN,T_K,11,78.03,80.84,0:08:51.888140
CHEMBL1914,440,6,GCN,T_K,12,77.27,81.17,0:09:40.323638
CHEMBL1914,440,6,GCN,T_K,13,77.27,80.84,0:10:28.811610
CHEMBL1914,440,6,GCN,T_K,14,80.3,77.27,0:11:17.499077
CHEMBL1914,440,6,GCN,T_K,15,81.06,76.95,0:12:06.042476
CHEMBL1914,440,6,GCN,T_K,16,81.06,76.95,0:12:54.548952
CHEMBL1914,440,6,GCN,T_K,17,80.3,76.3,0:13:43.061870
CHEMBL1914,440,6,GCN,T_K,18,81.82,78.25,0:14:31.694163
CHEMBL1914,440,6,GCN,T_K,19,82.58,76.95,0:15:20.272910
CHEMBL1914,440,6,GCN,T_K,20,87.12,83.12,0:16:08.785283
CHEMBL1914,440,6,GCN,T_K,21,86.36,82.79,0:16:57.339635
CHEMBL1914,440,6,GCN,T_K,22,86.36,82.79,0:17:46.110817
dataset, size, run, model, variant, k, test_acc, train_acc, gc_training_time
CHEMBL1914,440,7,GCN,T_K,1,50.0,50.0,0:00:48.517109
CHEMBL1914,440,7,GCN,T_K,2,69.7,69.48,0:01:37.121551
CHEMBL1914,440,7,GCN,T_K,3,72.73,71.1,0:02:25.700066
CHEMBL1914,440,7,GCN,T_K,4,71.97,71.1,0:03:14.419379
CHEMBL1914,440,7,GCN,T_K,5,78.79,74.03,0:04:02.831036
CHEMBL1914,440,7,GCN,T_K,6,78.79,72.73,0:04:51.135974
CHEMBL1914,440,7,GCN,T_K,7,78.79,72.73,0:05:39.484629
CHEMBL1914,440,7,GCN,T_K,8,79.55,73.38,0:06:27.937304
CHEMBL1914,440,7,GCN,T_K,9,81.06,72.08,0:07:16.259466
CHEMBL1914,440,7,GCN,T_K,10,81.06,73.05,0:08:04.680527
CHEMBL1914,440,7,GCN,T_K,11,55.3,55.84,0:08:53.142089
CHEMBL1914,440,7,GCN,T_K,12,62.12,58.12,0:09:41.682046
CHEMBL1914,440,7,GCN,T_K,13,60.61,58.12,0:10:30.133658
CHEMBL1914,440,7,GCN,T_K,14,62.12,58.12,0:11:18.655834
CHEMBL1914,440,7,GCN,T_K,15,64.39,60.06,0:12:07.031572
CHEMBL1914,440,7,GCN,T_K,16,63.64,59.74,0:12:55.589517
CHEMBL1914,440,7,GCN,T_K,17,65.15,61.04,0:13:43.963274
CHEMBL1914,440,7,GCN,T_K,18,65.15,61.04,0:14:32.337024
CHEMBL1914,440,7,GCN,T_K,19,65.15,60.39,0:15:20.850449
CHEMBL1914,440,7,GCN,T_K,20,83.33,82.14,0:16:09.424121
CHEMBL1914,440,7,GCN,T_K,21,83.33,82.14,0:16:57.869804
CHEMBL1914,440,7,GCN,T_K,22,82.58,82.79,0:17:46.354890
dataset, size, run, model, variant, k, test_acc, train_acc, gc_training_time
CHEMBL1914,440,8,GCN,T_K,1,61.36,66.88,0:00:48.346573
CHEMBL1914,440,8,GCN,T_K,2,69.7,70.45,0:01:37.053977
CHEMBL1914,440,8,GCN,T_K,3,69.7,69.48,0:02:25.486453
CHEMBL1914,440,8,GCN,T_K,4,71.21,69.48,0:03:13.824829
CHEMBL1914,440,8,GCN,T_K,5,73.48,71.43,0:04:02.350447
CHEMBL1914,440,8,GCN,T_K,6,70.45,71.75,0:04:51.192519
CHEMBL1914,440,8,GCN,T_K,7,73.48,72.4,0:05:39.796068
CHEMBL1914,440,8,GCN,T_K,8,74.24,75.32,0:06:28.365697
CHEMBL1914,440,8,GCN,T_K,9,75.0,75.0,0:07:16.969218
CHEMBL1914,440,8,GCN,T_K,10,74.24,74.68,0:08:05.657812
CHEMBL1914,440,8,GCN,T_K,11,73.48,74.68,0:08:54.178529
CHEMBL1914,440,8,GCN,T_K,12,73.48,74.68,0:09:42.766792
CHEMBL1914,440,8,GCN,T_K,13,75.0,74.68,0:10:31.267224
CHEMBL1914,440,8,GCN,T_K,14,75.0,75.65,0:11:19.793560
CHEMBL1914,440,8,GCN,T_K,15,80.3,80.19,0:12:08.252773
CHEMBL1914,440,8,GCN,T_K,16,81.06,79.55,0:12:56.679882
CHEMBL1914,440,8,GCN,T_K,17,81.82,80.19,0:13:45.102205
CHEMBL1914,440,8,GCN,T_K,18,84.09,82.79,0:14:33.681780
CHEMBL1914,440,8,GCN,T_K,19,87.12,84.42,0:15:22.083812
CHEMBL1914,440,8,GCN,T_K,20,87.88,85.39,0:16:10.491172
CHEMBL1914,440,8,GCN,T_K,21,87.12,85.39,0:16:58.915769
CHEMBL1914,440,8,GCN,T_K,22,87.12,85.06,0:17:47.547573
dataset, size, run, model, variant, k, test_acc, train_acc, gc_training_time
CHEMBL1914,440,9,GCN,T_K,1,60.61,58.12,0:00:48.367729
CHEMBL1914,440,9,GCN,T_K,2,64.39,59.42,0:01:36.763951
CHEMBL1914,440,9,GCN,T_K,3,64.39,60.39,0:02:25.093156
CHEMBL1914,440,9,GCN,T_K,4,71.21,61.69,0:03:13.700198
CHEMBL1914,440,9,GCN,T_K,5,75.76,64.29,0:04:02.151278
CHEMBL1914,440,9,GCN,T_K,6,75.76,62.66,0:04:50.700969
CHEMBL1914,440,9,GCN,T_K,7,79.55,66.23,0:05:39.123468
CHEMBL1914,440,9,GCN,T_K,8,84.09,74.35,0:06:27.725462
CHEMBL1914,440,9,GCN,T_K,9,81.82,76.62,0:07:16.134010
CHEMBL1914,440,9,GCN,T_K,10,83.33,76.62,0:08:04.581828
CHEMBL1914,440,9,GCN,T_K,11,83.33,76.95,0:08:52.978820
CHEMBL1914,440,9,GCN,T_K,12,82.58,76.62,0:09:41.569765
CHEMBL1914,440,9,GCN,T_K,13,81.82,76.95,0:10:29.975230
CHEMBL1914,440,9,GCN,T_K,14,81.82,76.95,0:11:18.447023
CHEMBL1914,440,9,GCN,T_K,15,86.36,80.84,0:12:06.872696
CHEMBL1914,440,9,GCN,T_K,16,87.88,83.12,0:12:55.409196
CHEMBL1914,440,9,GCN,T_K,17,89.39,81.49,0:13:43.827314
CHEMBL1914,440,9,GCN,T_K,18,88.64,83.44,0:14:32.269223
CHEMBL1914,440,9,GCN,T_K,19,90.15,82.79,0:15:20.569762
CHEMBL1914,440,9,GCN,T_K,20,90.91,82.79,0:16:09.203639
CHEMBL1914,440,9,GCN,T_K,21,90.15,85.06,0:16:57.522291
CHEMBL1914,440,9,GCN,T_K,22,92.42,85.39,0:17:45.862940
dataset, size, run, model, variant, k, test_acc, train_acc, gc_training_time
CHEMBL1914,440,10,GCN,T_K,1,57.58,62.99,0:00:48.278809
CHEMBL1914,440,10,GCN,T_K,2,68.18,72.08,0:01:36.769758
CHEMBL1914,440,10,GCN,T_K,3,68.94,70.78,0:02:25.146382
CHEMBL1914,440,10,GCN,T_K,4,71.97,78.9,0:03:13.539049
CHEMBL1914,440,10,GCN,T_K,5,72.73,78.9,0:04:01.900575
CHEMBL1914,440,10,GCN,T_K,6,75.76,81.49,0:04:50.459206
CHEMBL1914,440,10,GCN,T_K,7,63.64,65.91,0:05:38.877104
CHEMBL1914,440,10,GCN,T_K,8,63.64,66.56,0:06:27.298375
CHEMBL1914,440,10,GCN,T_K,9,63.64,66.88,0:07:15.729157
CHEMBL1914,440,10,GCN,T_K,10,65.15,66.56,0:08:04.245818
CHEMBL1914,440,10,GCN,T_K,11,65.91,68.18,0:08:52.493504
CHEMBL1914,440,10,GCN,T_K,12,65.91,68.18,0:09:40.781043
CHEMBL1914,440,10,GCN,T_K,13,65.91,69.81,0:10:29.080058
CHEMBL1914,440,10,GCN,T_K,14,65.91,69.81,0:11:17.808797
CHEMBL1914,440,10,GCN,T_K,15,65.91,69.81,0:12:06.187097
CHEMBL1914,440,10,GCN,T_K,16,65.91,69.16,0:12:54.434543
CHEMBL1914,440,10,GCN,T_K,17,80.3,79.55,0:13:42.723100
CHEMBL1914,440,10,GCN,T_K,18,83.33,83.12,0:14:31.154884
CHEMBL1914,440,10,GCN,T_K,19,81.82,83.44,0:15:19.703204
CHEMBL1914,440,10,GCN,T_K,20,83.33,84.09,0:16:08.204275
CHEMBL1914,440,10,GCN,T_K,21,84.09,85.06,0:16:56.736129
CHEMBL1914,440,10,GCN,T_K,22,84.09,85.39,0:17:45.468832
dataset, size, run, model, variant, k, test_acc, train_acc, gc_training_time
CHEMBL204,374,1,GCN,T_K,1,52.21,59.0,0:00:47.714940
CHEMBL204,374,1,GCN,T_K,2,50.44,60.15,0:01:35.200175
CHEMBL204,374,1,GCN,T_K,3,52.21,60.15,0:02:22.807116
CHEMBL204,374,1,GCN,T_K,4,58.41,67.43,0:03:10.374641
CHEMBL204,374,1,GCN,T_K,5,53.1,65.52,0:03:58.227239
CHEMBL204,374,1,GCN,T_K,6,58.41,70.11,0:04:45.828944
CHEMBL204,374,1,GCN,T_K,7,61.95,70.5,0:05:33.425707
CHEMBL204,374,1,GCN,T_K,8,61.06,69.73,0:06:21.041700
CHEMBL204,374,1,GCN,T_K,9,69.03,73.56,0:07:08.839634
CHEMBL204,374,1,GCN,T_K,10,69.03,73.95,0:07:56.457104
CHEMBL204,374,1,GCN,T_K,11,66.37,75.1,0:08:44.115562
CHEMBL204,374,1,GCN,T_K,12,67.26,75.1,0:09:31.767992
CHEMBL204,374,1,GCN,T_K,13,70.8,75.86,0:10:19.468174
CHEMBL204,374,1,GCN,T_K,14,65.49,69.35,0:11:07.248153
CHEMBL204,374,1,GCN,T_K,15,65.49,72.03,0:11:49.456471
CHEMBL204,374,1,GCN,T_K,16,67.26,71.65,0:12:30.991180
CHEMBL204,374,1,GCN,T_K,17,67.26,71.26,0:13:12.595483
CHEMBL204,374,1,GCN,T_K,18,77.88,77.01,0:13:54.360834
CHEMBL204,374,1,GCN,T_K,19,83.19,78.93,0:14:36.094162
CHEMBL204,374,1,GCN,T_K,20,78.76,76.25,0:15:17.650245
CHEMBL204,374,1,GCN,T_K,21,79.65,79.69,0:15:59.311366
CHEMBL204,374,1,GCN,T_K,22,79.65,79.69,0:16:40.887982
dataset, size, run, model, variant, k, test_acc, train_acc, gc_training_time
CHEMBL204,374,2,GCN,T_K,1,55.75,63.6,0:00:41.641389
CHEMBL204,374,2,GCN,T_K,2,54.87,63.22,0:01:23.237251
CHEMBL204,374,2,GCN,T_K,3,54.87,62.45,0:02:04.845652
CHEMBL204,374,2,GCN,T_K,4,54.87,62.45,0:02:46.354465
CHEMBL204,374,2,GCN,T_K,5,54.87,62.07,0:03:28.111884
CHEMBL204,374,2,GCN,T_K,6,58.41,62.84,0:04:09.640513
CHEMBL204,374,2,GCN,T_K,7,72.57,72.8,0:04:51.219303
CHEMBL204,374,2,GCN,T_K,8,73.45,72.41,0:05:32.915942
CHEMBL204,374,2,GCN,T_K,9,72.57,72.03,0:06:14.516292
CHEMBL204,374,2,GCN,T_K,10,73.45,72.03,0:06:56.198379
CHEMBL204,374,2,GCN,T_K,11,73.45,75.48,0:07:37.771526
CHEMBL204,374,2,GCN,T_K,12,76.11,76.63,0:08:19.528583
CHEMBL204,374,2,GCN,T_K,13,70.8,72.8,0:09:01.342543
CHEMBL204,374,2,GCN,T_K,14,69.91,72.8,0:09:43.118342
CHEMBL204,374,2,GCN,T_K,15,76.99,79.69,0:10:24.751403
CHEMBL204,374,2,GCN,T_K,16,84.96,81.23,0:11:06.479382
CHEMBL204,374,2,GCN,T_K,17,86.73,79.69,0:11:48.148225
CHEMBL204,374,2,GCN,T_K,18,84.96,77.78,0:12:29.781436
CHEMBL204,374,2,GCN,T_K,19,81.42,76.25,0:13:11.795834
CHEMBL204,374,2,GCN,T_K,20,81.42,76.63,0:13:53.706532
CHEMBL204,374,2,GCN,T_K,21,80.53,76.25,0:14:35.453549
CHEMBL204,374,2,GCN,T_K,22,80.53,76.25,0:15:17.398292
dataset, size, run, model, variant, k, test_acc, train_acc, gc_training_time
CHEMBL204,374,3,GCN,T_K,1,69.91,65.9,0:00:41.919901
CHEMBL204,374,3,GCN,T_K,2,68.14,65.9,0:01:23.549958
CHEMBL204,374,3,GCN,T_K,3,68.14,67.43,0:02:05.091201
CHEMBL204,374,3,GCN,T_K,4,68.14,70.88,0:02:46.636495
CHEMBL204,374,3,GCN,T_K,5,74.34,72.41,0:03:28.199111
CHEMBL204,374,3,GCN,T_K,6,74.34,72.41,0:04:10.023513
CHEMBL204,374,3,GCN,T_K,7,75.22,72.8,0:04:51.531443
CHEMBL204,374,3,GCN,T_K,8,74.34,76.63,0:05:33.183899
CHEMBL204,374,3,GCN,T_K,9,74.34,77.39,0:06:15.012578
CHEMBL204,374,3,GCN,T_K,10,77.88,77.01,0:06:56.877743
CHEMBL204,374,3,GCN,T_K,11,74.34,79.31,0:07:38.531494
CHEMBL204,374,3,GCN,T_K,12,84.07,79.31,0:08:20.152019
CHEMBL204,374,3,GCN,T_K,13,83.19,79.69,0:09:01.824379
CHEMBL204,374,3,GCN,T_K,14,84.07,82.76,0:09:43.543566
CHEMBL204,374,3,GCN,T_K,15,84.07,83.14,0:10:25.368159
CHEMBL204,374,3,GCN,T_K,16,84.07,82.38,0:11:06.985386
CHEMBL204,374,3,GCN,T_K,17,84.07,81.99,0:11:48.542397
CHEMBL204,374,3,GCN,T_K,18,84.96,82.76,0:12:30.160510
CHEMBL204,374,3,GCN,T_K,19,84.96,82.76,0:13:11.889129
CHEMBL204,374,3,GCN,T_K,20,84.96,83.52,0:13:53.483198
CHEMBL204,374,3,GCN,T_K,21,82.3,85.82,0:14:35.125004
CHEMBL204,374,3,GCN,T_K,22,82.3,85.82,0:15:17.001415
dataset, size, run, model, variant, k, test_acc, train_acc, gc_training_time
CHEMBL204,374,4,GCN,T_K,1,55.75,55.56,0:00:41.897110
CHEMBL204,374,4,GCN,T_K,2,54.87,55.17,0:01:23.881168
CHEMBL204,374,4,GCN,T_K,3,54.87,57.47,0:02:05.784196
CHEMBL204,374,4,GCN,T_K,4,48.67,54.41,0:02:47.706846
CHEMBL204,374,4,GCN,T_K,5,59.29,59.0,0:03:29.576503
CHEMBL204,374,4,GCN,T_K,6,59.29,58.62,0:04:11.643153
CHEMBL204,374,4,GCN,T_K,7,58.41,59.39,0:04:53.518706
CHEMBL204,374,4,GCN,T_K,8,63.72,57.09,0:05:35.475667
CHEMBL204,374,4,GCN,T_K,9,71.68,56.7,0:06:17.287611
CHEMBL204,374,4,GCN,T_K,10,71.68,55.94,0:06:59.191272
CHEMBL204,374,4,GCN,T_K,11,72.57,57.85,0:07:41.245001
CHEMBL204,374,4,GCN,T_K,12,74.34,58.62,0:08:23.091197
CHEMBL204,374,4,GCN,T_K,13,72.57,60.15,0:09:04.994491
CHEMBL204,374,4,GCN,T_K,14,77.88,71.26,0:09:46.899513
CHEMBL204,374,4,GCN,T_K,15,77.88,70.88,0:10:28.926316
CHEMBL204,374,4,GCN,T_K,16,82.3,71.26,0:11:10.828866
CHEMBL204,374,4,GCN,T_K,17,81.42,72.8,0:11:52.665137
CHEMBL204,374,4,GCN,T_K,18,82.3,73.95,0:12:34.604528
CHEMBL204,374,4,GCN,T_K,19,82.3,73.95,0:13:16.480836
CHEMBL204,374,4,GCN,T_K,20,81.42,73.18,0:13:58.517006
CHEMBL204,374,4,GCN,T_K,21,77.88,72.8,0:14:40.487135
CHEMBL204,374,4,GCN,T_K,22,78.76,78.16,0:15:22.452022
dataset, size, run, model, variant, k, test_acc, train_acc, gc_training_time
CHEMBL204,374,5,GCN,T_K,1,46.9,58.62,0:00:41.849918
CHEMBL204,374,5,GCN,T_K,2,49.56,56.32,0:01:23.877145
CHEMBL204,374,5,GCN,T_K,3,69.91,69.73,0:02:05.700351
CHEMBL204,374,5,GCN,T_K,4,72.57,72.03,0:02:47.687690
CHEMBL204,374,5,GCN,T_K,5,72.57,72.03,0:03:29.600764
CHEMBL204,374,5,GCN,T_K,6,74.34,72.41,0:04:11.528462
CHEMBL204,374,5,GCN,T_K,7,72.57,72.8,0:04:53.546075
CHEMBL204,374,5,GCN,T_K,8,73.45,73.18,0:05:35.406619
CHEMBL204,374,5,GCN,T_K,9,71.68,73.18,0:06:17.322480
CHEMBL204,374,5,GCN,T_K,10,69.91,73.18,0:06:59.267169
CHEMBL204,374,5,GCN,T_K,11,78.76,74.71,0:07:41.134181
CHEMBL204,374,5,GCN,T_K,12,76.99,74.71,0:08:22.909304
CHEMBL204,374,5,GCN,T_K,13,78.76,72.41,0:09:04.696582
CHEMBL204,374,5,GCN,T_K,14,84.07,80.84,0:09:46.529019
CHEMBL204,374,5,GCN,T_K,15,84.07,80.84,0:10:28.440922
CHEMBL204,374,5,GCN,T_K,16,84.07,80.84,0:11:10.509263
CHEMBL204,374,5,GCN,T_K,17,84.07,80.84,0:11:52.332984
CHEMBL204,374,5,GCN,T_K,18,84.07,80.46,0:12:34.084618
CHEMBL204,374,5,GCN,T_K,19,84.96,81.23,0:13:15.964985
CHEMBL204,374,5,GCN,T_K,20,84.96,81.61,0:13:57.800164
CHEMBL204,374,5,GCN,T_K,21,84.96,81.23,0:14:39.505937
CHEMBL204,374,5,GCN,T_K,22,85.84,81.23,0:15:21.366762
dataset, size, run, model, variant, k, test_acc, train_acc, gc_training_time
CHEMBL204,374,6,GCN,T_K,1,72.57,68.2,0:00:41.898875
CHEMBL204,374,6,GCN,T_K,2,73.45,70.5,0:01:23.815596
CHEMBL204,374,6,GCN,T_K,3,75.22,68.97,0:02:05.801354
CHEMBL204,374,6,GCN,T_K,4,73.45,70.11,0:02:47.709124
CHEMBL204,374,6,GCN,T_K,5,76.99,74.33,0:03:29.682698
CHEMBL204,374,6,GCN,T_K,6,80.53,73.56,0:04:11.612558
CHEMBL204,374,6,GCN,T_K,7,79.65,74.33,0:04:53.648661
CHEMBL204,374,6,GCN,T_K,8,80.53,74.33,0:05:35.462938
CHEMBL204,374,6,GCN,T_K,9,79.65,74.71,0:06:17.164253
CHEMBL204,374,6,GCN,T_K,10,79.65,73.95,0:06:58.890276
CHEMBL204,374,6,GCN,T_K,11,84.96,76.63,0:07:40.596112
CHEMBL204,374,6,GCN,T_K,12,76.11,82.38,0:08:22.400107
CHEMBL204,374,6,GCN,T_K,13,76.11,82.76,0:09:04.125907
CHEMBL204,374,6,GCN,T_K,14,80.53,83.52,0:09:45.857124
CHEMBL204,374,6,GCN,T_K,15,82.3,85.06,0:10:27.544569
CHEMBL204,374,6,GCN,T_K,16,81.42,85.06,0:11:09.419762
CHEMBL204,374,6,GCN,T_K,17,83.19,85.06,0:11:51.183985
CHEMBL204,374,6,GCN,T_K,18,83.19,85.44,0:12:33.015954
CHEMBL204,374,6,GCN,T_K,19,83.19,85.44,0:13:14.880160
CHEMBL204,374,6,GCN,T_K,20,83.19,85.44,0:13:56.808205
CHEMBL204,374,6,GCN,T_K,21,80.53,87.36,0:14:38.939966
CHEMBL204,374,6,GCN,T_K,22,80.53,87.36,0:15:20.895544
dataset, size, run, model, variant, k, test_acc, train_acc, gc_training_time
CHEMBL204,374,7,GCN,T_K,1,54.87,60.54,0:00:41.937469
CHEMBL204,374,7,GCN,T_K,2,71.68,68.58,0:01:23.843493
CHEMBL204,374,7,GCN,T_K,3,72.57,70.11,0:02:05.908931
CHEMBL204,374,7,GCN,T_K,4,70.8,68.97,0:02:47.822304
CHEMBL204,374,7,GCN,T_K,5,73.45,70.5,0:03:29.678106
CHEMBL204,374,7,GCN,T_K,6,71.68,74.33,0:04:11.460460
CHEMBL204,374,7,GCN,T_K,7,64.6,75.1,0:04:53.204507
CHEMBL204,374,7,GCN,T_K,8,66.37,75.1,0:05:35.061662
CHEMBL204,374,7,GCN,T_K,9,76.11,77.39,0:06:16.964911
CHEMBL204,374,7,GCN,T_K,10,76.11,77.39,0:06:58.951234
CHEMBL204,374,7,GCN,T_K,11,76.99,78.93,0:07:40.753751
CHEMBL204,374,7,GCN,T_K,12,76.11,78.93,0:08:22.658515
CHEMBL204,374,7,GCN,T_K,13,76.11,78.54,0:09:04.345551
CHEMBL204,374,7,GCN,T_K,14,76.11,80.08,0:09:46.123080
CHEMBL204,374,7,GCN,T_K,15,72.57,77.78,0:10:27.946214
CHEMBL204,374,7,GCN,T_K,16,74.34,78.54,0:11:09.647258
CHEMBL204,374,7,GCN,T_K,17,76.11,79.69,0:11:51.743583
CHEMBL204,374,7,GCN,T_K,18,73.45,80.08,0:12:33.700417
CHEMBL204,374,7,GCN,T_K,19,73.45,79.31,0:13:15.588457
CHEMBL204,374,7,GCN,T_K,20,74.34,79.69,0:13:57.421528
CHEMBL204,374,7,GCN,T_K,21,74.34,79.31,0:14:39.379368
CHEMBL204,374,7,GCN,T_K,22,73.45,80.08,0:15:21.292907
dataset, size, run, model, variant, k, test_acc, train_acc, gc_training_time
CHEMBL204,374,8,GCN,T_K,1,63.72,65.52,0:00:41.784400
CHEMBL204,374,8,GCN,T_K,2,73.45,70.5,0:01:23.600747
CHEMBL204,374,8,GCN,T_K,3,74.34,70.11,0:02:05.544401
CHEMBL204,374,8,GCN,T_K,4,74.34,68.58,0:02:47.630966
CHEMBL204,374,8,GCN,T_K,5,73.45,71.65,0:03:29.555667
CHEMBL204,374,8,GCN,T_K,6,74.34,71.26,0:04:11.422341
CHEMBL204,374,8,GCN,T_K,7,74.34,71.65,0:04:53.206503
CHEMBL204,374,8,GCN,T_K,8,73.45,74.33,0:05:35.215692
CHEMBL204,374,8,GCN,T_K,9,73.45,74.71,0:06:17.176377
CHEMBL204,374,8,GCN,T_K,10,74.34,82.76,0:06:59.114560
CHEMBL204,374,8,GCN,T_K,11,72.57,83.52,0:07:40.961080
CHEMBL204,374,8,GCN,T_K,12,75.22,80.46,0:08:22.685063
CHEMBL204,374,8,GCN,T_K,13,75.22,80.84,0:09:04.585120
CHEMBL204,374,8,GCN,T_K,14,75.22,80.46,0:09:46.553339
CHEMBL204,374,8,GCN,T_K,15,76.99,81.99,0:10:28.453448
CHEMBL204,374,8,GCN,T_K,16,76.11,81.61,0:11:10.430998
CHEMBL204,374,8,GCN,T_K,17,74.34,80.46,0:11:52.569715
CHEMBL204,374,8,GCN,T_K,18,73.45,80.46,0:12:34.485079
CHEMBL204,374,8,GCN,T_K,19,74.34,81.61,0:13:16.430378
CHEMBL204,374,8,GCN,T_K,20,76.11,81.61,0:13:58.365475
CHEMBL204,374,8,GCN,T_K,21,76.11,85.82,0:14:40.299862
CHEMBL204,374,8,GCN,T_K,22,75.22,85.82,0:15:22.429856
dataset, size, run, model, variant, k, test_acc, train_acc, gc_training_time
CHEMBL204,374,9,GCN,T_K,1,47.79,54.41,0:00:41.737803
CHEMBL204,374,9,GCN,T_K,2,53.1,59.77,0:01:23.421943
CHEMBL204,374,9,GCN,T_K,3,59.29,62.84,0:02:05.268419
CHEMBL204,374,9,GCN,T_K,4,60.18,63.98,0:02:47.294837
CHEMBL204,374,9,GCN,T_K,5,60.18,64.37,0:03:29.119375
CHEMBL204,374,9,GCN,T_K,6,56.64,63.98,0:04:11.011247
CHEMBL204,374,9,GCN,T_K,7,58.41,62.84,0:04:52.993595
CHEMBL204,374,9,GCN,T_K,8,69.91,74.71,0:05:34.823389
CHEMBL204,374,9,GCN,T_K,9,70.8,77.01,0:06:16.840981
CHEMBL204,374,9,GCN,T_K,10,73.45,77.39,0:06:58.524517
CHEMBL204,374,9,GCN,T_K,11,73.45,77.39,0:07:40.322810
CHEMBL204,374,9,GCN,T_K,12,76.99,81.61,0:08:22.443657
CHEMBL204,374,9,GCN,T_K,13,78.76,82.38,0:09:04.470458
CHEMBL204,374,9,GCN,T_K,14,76.99,81.61,0:09:46.346189
CHEMBL204,374,9,GCN,T_K,15,76.99,81.23,0:10:28.300674
CHEMBL204,374,9,GCN,T_K,16,76.99,81.23,0:11:10.282103
CHEMBL204,374,9,GCN,T_K,17,76.99,81.61,0:11:52.215852
CHEMBL204,374,9,GCN,T_K,18,76.99,81.99,0:12:34.261376
CHEMBL204,374,9,GCN,T_K,19,76.99,81.61,0:13:16.177973
CHEMBL204,374,9,GCN,T_K,20,79.65,85.06,0:13:58.105672
CHEMBL204,374,9,GCN,T_K,21,76.99,80.46,0:14:40.104596
CHEMBL204,374,9,GCN,T_K,22,76.99,80.08,0:15:22.134469
dataset, size, run, model, variant, k, test_acc, train_acc, gc_training_time
CHEMBL204,374,10,GCN,T_K,1,47.79,58.62,0:00:41.899197
CHEMBL204,374,10,GCN,T_K,2,58.41,56.7,0:01:23.856924
CHEMBL204,374,10,GCN,T_K,3,58.41,61.3,0:02:05.776473
CHEMBL204,374,10,GCN,T_K,4,69.03,68.97,0:02:47.749469
CHEMBL204,374,10,GCN,T_K,5,69.03,71.26,0:03:29.859967
CHEMBL204,374,10,GCN,T_K,6,72.57,72.8,0:04:11.771191
CHEMBL204,374,10,GCN,T_K,7,78.76,77.78,0:04:53.693392
CHEMBL204,374,10,GCN,T_K,8,77.88,76.63,0:05:35.604111
CHEMBL204,374,10,GCN,T_K,9,79.65,77.01,0:06:17.626322
CHEMBL204,374,10,GCN,T_K,10,79.65,77.01,0:06:59.578376
CHEMBL204,374,10,GCN,T_K,11,80.53,76.25,0:07:41.307517
CHEMBL204,374,10,GCN,T_K,12,80.53,77.01,0:08:23.064676
CHEMBL204,374,10,GCN,T_K,13,78.76,78.16,0:09:04.760717
CHEMBL204,374,10,GCN,T_K,14,78.76,78.16,0:09:46.620265
CHEMBL204,374,10,GCN,T_K,15,78.76,78.16,0:10:28.341067
CHEMBL204,374,10,GCN,T_K,16,78.76,79.69,0:11:10.130030
CHEMBL204,374,10,GCN,T_K,17,78.76,81.23,0:11:51.935046
CHEMBL204,374,10,GCN,T_K,18,79.65,81.23,0:12:33.825326
CHEMBL204,374,10,GCN,T_K,19,81.42,78.16,0:13:15.801659
CHEMBL204,374,10,GCN,T_K,20,83.19,83.14,0:13:57.614939
CHEMBL204,374,10,GCN,T_K,21,84.07,83.14,0:14:39.445878
CHEMBL204,374,10,GCN,T_K,22,84.96,84.29,0:15:21.188506
dataset, size, run, model, variant, k, test_acc, train_acc, gc_training_time
CHEMBL214,254,1,GCN,T_K,1,54.55,55.93,0:00:28.668200
CHEMBL214,254,1,GCN,T_K,2,76.62,68.36,0:00:57.422087
CHEMBL214,254,1,GCN,T_K,3,76.62,69.49,0:01:26.199840
CHEMBL214,254,1,GCN,T_K,4,75.32,69.49,0:01:55.009269
CHEMBL214,254,1,GCN,T_K,5,75.32,68.93,0:02:23.900844
CHEMBL214,254,1,GCN,T_K,6,88.31,79.66,0:02:52.677677
CHEMBL214,254,1,GCN,T_K,7,85.71,80.79,0:03:21.594464
CHEMBL214,254,1,GCN,T_K,8,85.71,80.79,0:03:50.399792
CHEMBL214,254,1,GCN,T_K,9,85.71,81.36,0:04:19.167543
CHEMBL214,254,1,GCN,T_K,10,85.71,80.79,0:04:47.987942
CHEMBL214,254,1,GCN,T_K,11,87.01,81.92,0:05:16.805947
CHEMBL214,254,1,GCN,T_K,12,89.61,84.18,0:05:45.646891
CHEMBL214,254,1,GCN,T_K,13,87.01,84.75,0:06:14.493152
CHEMBL214,254,1,GCN,T_K,14,89.61,84.18,0:06:43.422400
CHEMBL214,254,1,GCN,T_K,15,89.61,84.18,0:07:12.230027
CHEMBL214,254,1,GCN,T_K,16,89.61,84.75,0:07:41.139614
CHEMBL214,254,1,GCN,T_K,17,89.61,84.75,0:08:09.990289
CHEMBL214,254,1,GCN,T_K,18,89.61,82.49,0:08:38.813672
CHEMBL214,254,1,GCN,T_K,19,89.61,77.4,0:09:07.742201
CHEMBL214,254,1,GCN,T_K,20,89.61,83.05,0:09:36.735772
CHEMBL214,254,1,GCN,T_K,21,88.31,76.84,0:10:05.541342
CHEMBL214,254,1,GCN,T_K,22,89.61,83.62,0:10:34.327392
dataset, size, run, model, variant, k, test_acc, train_acc, gc_training_time
CHEMBL214,254,2,GCN,T_K,1,45.45,54.24,0:00:28.724575
CHEMBL214,254,2,GCN,T_K,2,74.03,72.32,0:00:57.510514
CHEMBL214,254,2,GCN,T_K,3,74.03,72.32,0:01:26.281033
CHEMBL214,254,2,GCN,T_K,4,75.32,71.75,0:01:54.990552
CHEMBL214,254,2,GCN,T_K,5,64.94,69.49,0:02:23.801310
CHEMBL214,254,2,GCN,T_K,6,68.83,71.19,0:02:52.693140
CHEMBL214,254,2,GCN,T_K,7,67.53,71.75,0:03:21.595301
CHEMBL214,254,2,GCN,T_K,8,68.83,75.14,0:03:50.480269
CHEMBL214,254,2,GCN,T_K,9,68.83,74.58,0:04:19.347152
CHEMBL214,254,2,GCN,T_K,10,68.83,74.58,0:04:48.240166
CHEMBL214,254,2,GCN,T_K,11,71.43,74.58,0:05:17.150361
CHEMBL214,254,2,GCN,T_K,12,72.73,76.27,0:05:46.158985
CHEMBL214,254,2,GCN,T_K,13,71.43,76.84,0:06:15.052563
CHEMBL214,254,2,GCN,T_K,14,80.52,80.79,0:06:43.887706
CHEMBL214,254,2,GCN,T_K,15,79.22,78.53,0:07:12.705990
CHEMBL214,254,2,GCN,T_K,16,80.52,78.53,0:07:41.534445
CHEMBL214,254,2,GCN,T_K,17,80.52,78.53,0:08:10.374404
CHEMBL214,254,2,GCN,T_K,18,80.52,78.53,0:08:39.394036
CHEMBL214,254,2,GCN,T_K,19,83.12,88.7,0:09:08.249969
CHEMBL214,254,2,GCN,T_K,20,79.22,91.53,0:09:37.086137
CHEMBL214,254,2,GCN,T_K,21,84.42,91.53,0:10:05.977116
CHEMBL214,254,2,GCN,T_K,22,83.12,87.57,0:10:34.833942
dataset, size, run, model, variant, k, test_acc, train_acc, gc_training_time
CHEMBL214,254,3,GCN,T_K,1,49.35,50.28,0:00:28.760428
CHEMBL214,254,3,GCN,T_K,2,49.35,50.28,0:00:57.543585
CHEMBL214,254,3,GCN,T_K,3,49.35,49.72,0:01:26.447919
CHEMBL214,254,3,GCN,T_K,4,49.35,49.72,0:01:55.160609
CHEMBL214,254,3,GCN,T_K,5,49.35,50.28,0:02:23.868771
CHEMBL214,254,3,GCN,T_K,6,49.35,50.85,0:02:52.595537
CHEMBL214,254,3,GCN,T_K,7,49.35,50.85,0:03:21.363309
CHEMBL214,254,3,GCN,T_K,8,49.35,50.85,0:03:50.091844
CHEMBL214,254,3,GCN,T_K,9,67.53,68.36,0:04:18.968988
CHEMBL214,254,3,GCN,T_K,10,67.53,68.36,0:04:47.761269
CHEMBL214,254,3,GCN,T_K,11,71.43,79.1,0:05:16.479642
CHEMBL214,254,3,GCN,T_K,12,71.43,79.1,0:05:45.332943
CHEMBL214,254,3,GCN,T_K,13,84.42,83.05,0:06:14.240659
CHEMBL214,254,3,GCN,T_K,14,85.71,83.62,0:06:43.117726
CHEMBL214,254,3,GCN,T_K,15,84.42,81.92,0:07:12.013392
CHEMBL214,254,3,GCN,T_K,16,85.71,83.05,0:07:41.012859
CHEMBL214,254,3,GCN,T_K,17,85.71,83.62,0:08:09.903682
CHEMBL214,254,3,GCN,T_K,18,85.71,83.62,0:08:38.825217
CHEMBL214,254,3,GCN,T_K,19,85.71,83.62,0:09:07.711407
CHEMBL214,254,3,GCN,T_K,20,85.71,83.62,0:09:36.416278
CHEMBL214,254,3,GCN,T_K,21,85.71,83.62,0:10:05.099497
CHEMBL214,254,3,GCN,T_K,22,85.71,83.62,0:10:33.839496
dataset, size, run, model, variant, k, test_acc, train_acc, gc_training_time
CHEMBL214,254,4,GCN,T_K,1,57.14,53.67,0:00:28.804846
CHEMBL214,254,4,GCN,T_K,2,58.44,52.54,0:00:57.537945
CHEMBL214,254,4,GCN,T_K,3,54.55,57.06,0:01:26.377680
CHEMBL214,254,4,GCN,T_K,4,54.55,62.71,0:01:55.298562
CHEMBL214,254,4,GCN,T_K,5,58.44,64.97,0:02:24.203183
CHEMBL214,254,4,GCN,T_K,6,57.14,65.54,0:02:53.075020
CHEMBL214,254,4,GCN,T_K,7,63.64,66.1,0:03:21.934351
CHEMBL214,254,4,GCN,T_K,8,59.74,68.36,0:03:50.909431
CHEMBL214,254,4,GCN,T_K,9,63.64,77.97,0:04:19.774385
CHEMBL214,254,4,GCN,T_K,10,74.03,83.05,0:04:48.555102
CHEMBL214,254,4,GCN,T_K,11,75.32,84.75,0:05:17.249170
CHEMBL214,254,4,GCN,T_K,12,75.32,84.18,0:05:45.932743
CHEMBL214,254,4,GCN,T_K,13,74.03,84.75,0:06:14.700134
CHEMBL214,254,4,GCN,T_K,14,74.03,85.31,0:06:43.521442
CHEMBL214,254,4,GCN,T_K,15,74.03,85.31,0:07:12.353086
CHEMBL214,254,4,GCN,T_K,16,72.73,87.01,0:07:41.145602
CHEMBL214,254,4,GCN,T_K,17,72.73,85.88,0:08:09.952347
CHEMBL214,254,4,GCN,T_K,18,80.52,88.7,0:08:38.774773
CHEMBL214,254,4,GCN,T_K,19,80.52,88.14,0:09:07.520356
CHEMBL214,254,4,GCN,T_K,20,81.82,85.31,0:09:36.322400
CHEMBL214,254,4,GCN,T_K,21,84.42,85.88,0:10:05.188465
CHEMBL214,254,4,GCN,T_K,22,83.12,85.88,0:10:33.959263
dataset, size, run, model, variant, k, test_acc, train_acc, gc_training_time
CHEMBL214,254,5,GCN,T_K,1,75.32,71.19,0:00:28.862413
CHEMBL214,254,5,GCN,T_K,2,75.32,71.19,0:00:57.780323
CHEMBL214,254,5,GCN,T_K,3,74.03,71.19,0:01:26.669770
CHEMBL214,254,5,GCN,T_K,4,75.32,69.49,0:01:55.446087
CHEMBL214,254,5,GCN,T_K,5,81.82,72.32,0:02:24.201817
CHEMBL214,254,5,GCN,T_K,6,81.82,72.32,0:02:53.054403
CHEMBL214,254,5,GCN,T_K,7,83.12,72.32,0:03:21.761843
CHEMBL214,254,5,GCN,T_K,8,75.32,74.58,0:03:50.643410
CHEMBL214,254,5,GCN,T_K,9,74.03,75.14,0:04:19.407999
CHEMBL214,254,5,GCN,T_K,10,79.22,75.14,0:04:48.101159
CHEMBL214,254,5,GCN,T_K,11,79.22,75.14,0:05:16.847929
CHEMBL214,254,5,GCN,T_K,12,74.03,75.14,0:05:45.748805
CHEMBL214,254,5,GCN,T_K,13,74.03,74.01,0:06:14.661403
CHEMBL214,254,5,GCN,T_K,14,74.03,74.01,0:06:43.555159
CHEMBL214,254,5,GCN,T_K,15,74.03,74.01,0:07:12.341942
CHEMBL214,254,5,GCN,T_K,16,83.12,83.05,0:07:41.027932
CHEMBL214,254,5,GCN,T_K,17,83.12,83.05,0:08:09.777977
CHEMBL214,254,5,GCN,T_K,18,83.12,83.05,0:08:38.508345
CHEMBL214,254,5,GCN,T_K,19,83.12,83.05,0:09:07.338779
CHEMBL214,254,5,GCN,T_K,20,79.22,85.31,0:09:36.055602
CHEMBL214,254,5,GCN,T_K,21,84.42,87.01,0:10:04.901839
CHEMBL214,254,5,GCN,T_K,22,84.42,88.14,0:10:33.812937
dataset, size, run, model, variant, k, test_acc, train_acc, gc_training_time
CHEMBL214,254,6,GCN,T_K,1,54.55,56.5,0:00:28.850395
CHEMBL214,254,6,GCN,T_K,2,53.25,55.37,0:00:57.665354
CHEMBL214,254,6,GCN,T_K,3,66.23,66.67,0:01:26.500810
CHEMBL214,254,6,GCN,T_K,4,64.94,66.67,0:01:55.429239
CHEMBL214,254,6,GCN,T_K,5,66.23,63.84,0:02:24.243596
CHEMBL214,254,6,GCN,T_K,6,68.83,64.41,0:02:53.109461
CHEMBL214,254,6,GCN,T_K,7,67.53,65.54,0:03:21.921836
CHEMBL214,254,6,GCN,T_K,8,68.83,64.41,0:03:50.804574
CHEMBL214,254,6,GCN,T_K,9,68.83,67.23,0:04:19.579718
CHEMBL214,254,6,GCN,T_K,10,70.13,67.8,0:04:48.505874
CHEMBL214,254,6,GCN,T_K,11,79.22,74.58,0:05:17.346469
CHEMBL214,254,6,GCN,T_K,12,81.82,72.32,0:05:46.135804
CHEMBL214,254,6,GCN,T_K,13,79.22,72.32,0:06:14.985316
CHEMBL214,254,6,GCN,T_K,14,80.52,71.75,0:06:43.842952
CHEMBL214,254,6,GCN,T_K,15,80.52,71.75,0:07:12.686306
CHEMBL214,254,6,GCN,T_K,16,79.22,71.75,0:07:41.469404
CHEMBL214,254,6,GCN,T_K,17,81.82,75.71,0:08:10.434398
CHEMBL214,254,6,GCN,T_K,18,84.42,76.27,0:08:39.288095
CHEMBL214,254,6,GCN,T_K,19,84.42,75.71,0:09:08.083080
CHEMBL214,254,6,GCN,T_K,20,89.61,78.53,0:09:36.891654
CHEMBL214,254,6,GCN,T_K,21,87.01,77.4,0:10:05.706676
CHEMBL214,254,6,GCN,T_K,22,87.01,76.84,0:10:34.486320
dataset, size, run, model, variant, k, test_acc, train_acc, gc_training_time
CHEMBL214,254,7,GCN,T_K,1,50.65,50.28,0:00:28.712811
CHEMBL214,254,7,GCN,T_K,2,55.84,52.54,0:00:57.581175
CHEMBL214,254,7,GCN,T_K,3,55.84,53.11,0:01:26.366473
CHEMBL214,254,7,GCN,T_K,4,55.84,54.24,0:01:55.151370
CHEMBL214,254,7,GCN,T_K,5,59.74,55.93,0:02:23.824405
CHEMBL214,254,7,GCN,T_K,6,76.62,72.32,0:02:52.522687
CHEMBL214,254,7,GCN,T_K,7,79.22,71.19,0:03:21.322010
CHEMBL214,254,7,GCN,T_K,8,76.62,72.32,0:03:50.275603
CHEMBL214,254,7,GCN,T_K,9,79.22,71.19,0:04:19.159983
CHEMBL214,254,7,GCN,T_K,10,81.82,73.45,0:04:48.056603
CHEMBL214,254,7,GCN,T_K,11,81.82,74.58,0:05:16.949616
CHEMBL214,254,7,GCN,T_K,12,84.42,75.14,0:05:45.637484
CHEMBL214,254,7,GCN,T_K,13,83.12,76.84,0:06:14.342092
CHEMBL214,254,7,GCN,T_K,14,81.82,77.4,0:06:43.043214
CHEMBL214,254,7,GCN,T_K,15,81.82,77.4,0:07:11.865651
CHEMBL214,254,7,GCN,T_K,16,80.52,85.31,0:07:40.615182
CHEMBL214,254,7,GCN,T_K,17,81.82,83.62,0:08:09.334734
CHEMBL214,254,7,GCN,T_K,18,81.82,84.18,0:08:38.008235
CHEMBL214,254,7,GCN,T_K,19,87.01,85.88,0:09:06.695529
CHEMBL214,254,7,GCN,T_K,20,87.01,85.31,0:09:35.464434
CHEMBL214,254,7,GCN,T_K,21,87.01,85.31,0:10:04.208477
CHEMBL214,254,7,GCN,T_K,22,87.01,85.88,0:10:33.154945
dataset, size, run, model, variant, k, test_acc, train_acc, gc_training_time
CHEMBL214,254,8,GCN,T_K,1,50.65,49.72,0:00:28.759773
CHEMBL214,254,8,GCN,T_K,2,67.53,57.06,0:00:57.560202
CHEMBL214,254,8,GCN,T_K,3,68.83,61.58,0:01:26.449604
CHEMBL214,254,8,GCN,T_K,4,67.53,55.93,0:01:55.271113
CHEMBL214,254,8,GCN,T_K,5,66.23,62.15,0:02:24.080110
CHEMBL214,254,8,GCN,T_K,6,64.94,61.58,0:02:52.986092
CHEMBL214,254,8,GCN,T_K,7,64.94,62.71,0:03:21.779994
CHEMBL214,254,8,GCN,T_K,8,46.75,54.8,0:03:50.605282
CHEMBL214,254,8,GCN,T_K,9,50.65,52.54,0:04:19.416388
CHEMBL214,254,8,GCN,T_K,10,49.35,53.11,0:04:48.210765
CHEMBL214,254,8,GCN,T_K,11,51.95,54.8,0:05:17.015085
CHEMBL214,254,8,GCN,T_K,12,68.83,70.62,0:05:45.807978
CHEMBL214,254,8,GCN,T_K,13,66.23,70.62,0:06:14.794313
CHEMBL214,254,8,GCN,T_K,14,67.53,70.62,0:06:43.658719
CHEMBL214,254,8,GCN,T_K,15,66.23,70.62,0:07:12.568350
CHEMBL214,254,8,GCN,T_K,16,77.92,77.4,0:07:41.502594
CHEMBL214,254,8,GCN,T_K,17,68.83,71.75,0:08:10.432978
CHEMBL214,254,8,GCN,T_K,18,87.01,79.1,0:08:39.340264
CHEMBL214,254,8,GCN,T_K,19,87.01,79.66,0:09:08.276130
CHEMBL214,254,8,GCN,T_K,20,83.12,79.1,0:09:37.272222
CHEMBL214,254,8,GCN,T_K,21,85.71,81.36,0:10:06.176131
CHEMBL214,254,8,GCN,T_K,22,75.32,73.45,0:10:35.053025
dataset, size, run, model, variant, k, test_acc, train_acc, gc_training_time
CHEMBL214,254,9,GCN,T_K,1,72.73,74.58,0:00:28.835341
CHEMBL214,254,9,GCN,T_K,2,71.43,75.14,0:00:57.748830
CHEMBL214,254,9,GCN,T_K,3,72.73,77.4,0:01:26.616182
CHEMBL214,254,9,GCN,T_K,4,83.12,81.36,0:01:55.597207
CHEMBL214,254,9,GCN,T_K,5,83.12,80.79,0:02:24.519109
CHEMBL214,254,9,GCN,T_K,6,83.12,80.79,0:02:53.401340
CHEMBL214,254,9,GCN,T_K,7,81.82,79.66,0:03:22.287114
CHEMBL214,254,9,GCN,T_K,8,81.82,79.66,0:03:51.172640
CHEMBL214,254,9,GCN,T_K,9,80.52,81.92,0:04:20.056882
CHEMBL214,254,9,GCN,T_K,10,81.82,83.62,0:04:48.851298
CHEMBL214,254,9,GCN,T_K,11,84.42,83.62,0:05:17.833166
CHEMBL214,254,9,GCN,T_K,12,84.42,84.18,0:05:46.734561
CHEMBL214,254,9,GCN,T_K,13,84.42,84.75,0:06:15.676545
CHEMBL214,254,9,GCN,T_K,14,84.42,84.18,0:06:44.378558
CHEMBL214,254,9,GCN,T_K,15,84.42,83.62,0:07:13.132295
CHEMBL214,254,9,GCN,T_K,16,89.61,82.49,0:07:41.824094
CHEMBL214,254,9,GCN,T_K,17,83.12,85.31,0:08:10.632061
CHEMBL214,254,9,GCN,T_K,18,85.71,85.88,0:08:39.513979
CHEMBL214,254,9,GCN,T_K,19,85.71,85.88,0:09:08.309009
CHEMBL214,254,9,GCN,T_K,20,88.31,87.57,0:09:37.087461
CHEMBL214,254,9,GCN,T_K,21,84.42,89.83,0:10:05.944204
CHEMBL214,254,9,GCN,T_K,22,87.01,88.7,0:10:34.766973
dataset, size, run, model, variant, k, test_acc, train_acc, gc_training_time
CHEMBL214,254,10,GCN,T_K,1,79.22,70.06,0:00:28.739343
CHEMBL214,254,10,GCN,T_K,2,79.22,70.06,0:00:57.630867
CHEMBL214,254,10,GCN,T_K,3,72.73,70.62,0:01:26.453300
CHEMBL214,254,10,GCN,T_K,4,76.62,71.75,0:01:55.145592
CHEMBL214,254,10,GCN,T_K,5,83.12,74.01,0:02:23.887907
CHEMBL214,254,10,GCN,T_K,6,81.82,73.45,0:02:52.752301
CHEMBL214,254,10,GCN,T_K,7,75.32,75.71,0:03:21.628582
CHEMBL214,254,10,GCN,T_K,8,74.03,76.84,0:03:50.594671
CHEMBL214,254,10,GCN,T_K,9,76.62,77.97,0:04:19.558102
CHEMBL214,254,10,GCN,T_K,10,87.01,83.62,0:04:48.415825
CHEMBL214,254,10,GCN,T_K,11,87.01,83.62,0:05:17.302724
CHEMBL214,254,10,GCN,T_K,12,88.31,83.62,0:05:46.207523
CHEMBL214,254,10,GCN,T_K,13,89.61,83.62,0:06:15.088798
CHEMBL214,254,10,GCN,T_K,14,89.61,83.62,0:06:44.003834
CHEMBL214,254,10,GCN,T_K,15,88.31,83.62,0:07:12.836422
CHEMBL214,254,10,GCN,T_K,16,88.31,83.62,0:07:41.665256
CHEMBL214,254,10,GCN,T_K,17,89.61,84.18,0:08:10.378776
CHEMBL214,254,10,GCN,T_K,18,90.91,87.57,0:08:39.031196
CHEMBL214,254,10,GCN,T_K,19,90.91,87.57,0:09:07.761161
CHEMBL214,254,10,GCN,T_K,20,90.91,86.44,0:09:36.535659
CHEMBL214,254,10,GCN,T_K,21,90.91,86.44,0:10:05.268626
CHEMBL214,254,10,GCN,T_K,22,90.91,86.44,0:10:34.034007
dataset, size, run, model, variant, k, test_acc, train_acc, gc_training_time
CHEMBL218,204,1,GCN,T_K,1,41.94,50.7,0:00:21.798959
CHEMBL218,204,1,GCN,T_K,2,66.13,58.45,0:00:43.565190
CHEMBL218,204,1,GCN,T_K,3,64.52,60.56,0:01:05.378402
CHEMBL218,204,1,GCN,T_K,4,69.35,60.56,0:01:27.160254
CHEMBL218,204,1,GCN,T_K,5,75.81,70.42,0:01:48.980852
CHEMBL218,204,1,GCN,T_K,6,74.19,76.76,0:02:10.788799
CHEMBL218,204,1,GCN,T_K,7,77.42,78.17,0:02:32.580615
CHEMBL218,204,1,GCN,T_K,8,75.81,75.35,0:02:54.353248
CHEMBL218,204,1,GCN,T_K,9,75.81,76.06,0:03:16.274218
CHEMBL218,204,1,GCN,T_K,10,75.81,75.35,0:03:38.075216
CHEMBL218,204,1,GCN,T_K,11,74.19,78.17,0:03:59.877796
CHEMBL218,204,1,GCN,T_K,12,79.03,73.24,0:04:21.668392
CHEMBL218,204,1,GCN,T_K,13,75.81,75.35,0:04:43.534909
CHEMBL218,204,1,GCN,T_K,14,75.81,75.35,0:05:05.399002
CHEMBL218,204,1,GCN,T_K,15,75.81,77.46,0:05:27.288577
CHEMBL218,204,1,GCN,T_K,16,77.42,78.17,0:05:49.199837
CHEMBL218,204,1,GCN,T_K,17,75.81,79.58,0:06:11.169754
CHEMBL218,204,1,GCN,T_K,18,75.81,79.58,0:06:33.022451
CHEMBL218,204,1,GCN,T_K,19,75.81,79.58,0:06:54.884714
CHEMBL218,204,1,GCN,T_K,20,85.48,83.8,0:07:16.714767
CHEMBL218,204,1,GCN,T_K,21,85.48,83.8,0:07:38.605418
CHEMBL218,204,1,GCN,T_K,22,83.87,85.21,0:08:00.442202
dataset, size, run, model, variant, k, test_acc, train_acc, gc_training_time
CHEMBL218,204,2,GCN,T_K,1,54.84,58.45,0:00:21.824638
CHEMBL218,204,2,GCN,T_K,2,48.39,61.27,0:00:43.715603
CHEMBL218,204,2,GCN,T_K,3,50.0,61.27,0:01:05.657839
CHEMBL218,204,2,GCN,T_K,4,74.19,73.24,0:01:27.501700
CHEMBL218,204,2,GCN,T_K,5,74.19,71.83,0:01:49.361772
CHEMBL218,204,2,GCN,T_K,6,77.42,76.76,0:02:11.208923
CHEMBL218,204,2,GCN,T_K,7,75.81,78.87,0:02:33.096287
CHEMBL218,204,2,GCN,T_K,8,75.81,79.58,0:02:54.945765
CHEMBL218,204,2,GCN,T_K,9,75.81,79.58,0:03:16.824704
CHEMBL218,204,2,GCN,T_K,10,79.03,80.99,0:03:38.709015
CHEMBL218,204,2,GCN,T_K,11,82.26,79.58,0:04:00.706030
CHEMBL218,204,2,GCN,T_K,12,82.26,79.58,0:04:22.630447
CHEMBL218,204,2,GCN,T_K,13,82.26,78.87,0:04:44.504866
CHEMBL218,204,2,GCN,T_K,14,79.03,80.99,0:05:06.373746
CHEMBL218,204,2,GCN,T_K,15,83.87,80.99,0:05:28.253031
CHEMBL218,204,2,GCN,T_K,16,83.87,83.1,0:05:50.146790
CHEMBL218,204,2,GCN,T_K,17,83.87,83.8,0:06:12.015997
CHEMBL218,204,2,GCN,T_K,18,83.87,83.8,0:06:33.899721
CHEMBL218,204,2,GCN,T_K,19,85.48,82.39,0:06:55.862417
CHEMBL218,204,2,GCN,T_K,20,85.48,82.39,0:07:17.766663
CHEMBL218,204,2,GCN,T_K,21,85.48,83.1,0:07:39.650608
CHEMBL218,204,2,GCN,T_K,22,85.48,83.1,0:08:01.520246
dataset, size, run, model, variant, k, test_acc, train_acc, gc_training_time
CHEMBL218,204,3,GCN,T_K,1,46.77,61.97,0:00:21.854874
CHEMBL218,204,3,GCN,T_K,2,50.0,68.31,0:00:43.742041
CHEMBL218,204,3,GCN,T_K,3,58.06,70.42,0:01:05.623229
CHEMBL218,204,3,GCN,T_K,4,56.45,70.42,0:01:27.523974
CHEMBL218,204,3,GCN,T_K,5,56.45,70.42,0:01:49.480714
CHEMBL218,204,3,GCN,T_K,6,61.29,71.13,0:02:11.350360
CHEMBL218,204,3,GCN,T_K,7,64.52,78.17,0:02:33.240723
CHEMBL218,204,3,GCN,T_K,8,74.19,83.8,0:02:55.079173
CHEMBL218,204,3,GCN,T_K,9,72.58,83.8,0:03:16.966643
CHEMBL218,204,3,GCN,T_K,10,77.42,86.62,0:03:38.836397
CHEMBL218,204,3,GCN,T_K,11,77.42,87.32,0:04:00.688871
CHEMBL218,204,3,GCN,T_K,12,77.42,86.62,0:04:22.556634
CHEMBL218,204,3,GCN,T_K,13,77.42,86.62,0:04:44.588961
CHEMBL218,204,3,GCN,T_K,14,79.03,86.62,0:05:06.482350
CHEMBL218,204,3,GCN,T_K,15,79.03,86.62,0:05:28.379037
CHEMBL218,204,3,GCN,T_K,16,80.65,85.92,0:05:50.249244
CHEMBL218,204,3,GCN,T_K,17,82.26,83.8,0:06:12.128601
CHEMBL218,204,3,GCN,T_K,18,82.26,84.51,0:06:34.013063
CHEMBL218,204,3,GCN,T_K,19,82.26,84.51,0:06:55.915504
CHEMBL218,204,3,GCN,T_K,20,80.65,87.32,0:07:17.799858
CHEMBL218,204,3,GCN,T_K,21,80.65,86.62,0:07:39.691579
CHEMBL218,204,3,GCN,T_K,22,80.65,86.62,0:08:01.660550
dataset, size, run, model, variant, k, test_acc, train_acc, gc_training_time
CHEMBL218,204,4,GCN,T_K,1,58.06,61.27,0:00:21.840870
CHEMBL218,204,4,GCN,T_K,2,62.9,64.08,0:00:43.758453
CHEMBL218,204,4,GCN,T_K,3,56.45,69.72,0:01:05.681193
CHEMBL218,204,4,GCN,T_K,4,51.61,69.72,0:01:30.693800
CHEMBL218,204,4,GCN,T_K,5,53.23,72.54,0:01:56.039828
CHEMBL218,204,4,GCN,T_K,6,51.61,71.83,0:02:21.482839
CHEMBL218,204,4,GCN,T_K,7,56.45,74.65,0:02:46.991908
CHEMBL218,204,4,GCN,T_K,8,53.23,77.46,0:03:12.564675
CHEMBL218,204,4,GCN,T_K,9,53.23,77.46,0:03:38.043045
CHEMBL218,204,4,GCN,T_K,10,54.84,78.17,0:04:03.518007
CHEMBL218,204,4,GCN,T_K,11,80.65,79.58,0:04:28.984550
CHEMBL218,204,4,GCN,T_K,12,74.19,82.39,0:04:54.455544
CHEMBL218,204,4,GCN,T_K,13,75.81,81.69,0:05:19.913432
CHEMBL218,204,4,GCN,T_K,14,77.42,83.1,0:05:45.439685
CHEMBL218,204,4,GCN,T_K,15,79.03,83.8,0:06:10.986462
CHEMBL218,204,4,GCN,T_K,16,79.03,83.8,0:06:36.536965
CHEMBL218,204,4,GCN,T_K,17,77.42,83.8,0:07:01.911564
CHEMBL218,204,4,GCN,T_K,18,77.42,83.1,0:07:27.227669
CHEMBL218,204,4,GCN,T_K,19,79.03,85.21,0:07:52.546704
CHEMBL218,204,4,GCN,T_K,20,74.19,79.58,0:08:17.954567
CHEMBL218,204,4,GCN,T_K,21,74.19,86.62,0:08:43.466018
CHEMBL218,204,4,GCN,T_K,22,74.19,85.21,0:09:08.937974
dataset, size, run, model, variant, k, test_acc, train_acc, gc_training_time
CHEMBL218,204,5,GCN,T_K,1,58.06,66.9,0:00:23.626549
CHEMBL218,204,5,GCN,T_K,2,56.45,66.2,0:00:45.898570
CHEMBL218,204,5,GCN,T_K,3,51.61,69.01,0:01:08.053163
CHEMBL218,204,5,GCN,T_K,4,50.0,70.42,0:01:30.171103
CHEMBL218,204,5,GCN,T_K,5,70.97,80.28,0:01:52.285173
CHEMBL218,204,5,GCN,T_K,6,70.97,80.28,0:02:14.597299
CHEMBL218,204,5,GCN,T_K,7,82.26,78.87,0:02:36.765496
CHEMBL218,204,5,GCN,T_K,8,82.26,80.28,0:02:59.090556
CHEMBL218,204,5,GCN,T_K,9,80.65,78.87,0:03:21.356655
CHEMBL218,204,5,GCN,T_K,10,80.65,79.58,0:03:43.645220
CHEMBL218,204,5,GCN,T_K,11,80.65,80.28,0:04:05.955616
CHEMBL218,204,5,GCN,T_K,12,80.65,82.39,0:04:28.255983
CHEMBL218,204,5,GCN,T_K,13,80.65,83.1,0:04:50.561592
CHEMBL218,204,5,GCN,T_K,14,80.65,84.51,0:05:12.879700
CHEMBL218,204,5,GCN,T_K,15,79.03,82.39,0:05:35.111679
CHEMBL218,204,5,GCN,T_K,16,79.03,82.39,0:05:57.321819
CHEMBL218,204,5,GCN,T_K,17,79.03,83.1,0:06:19.651325
CHEMBL218,204,5,GCN,T_K,18,79.03,82.39,0:06:42.028141
CHEMBL218,204,5,GCN,T_K,19,79.03,82.39,0:07:04.270464
CHEMBL218,204,5,GCN,T_K,20,79.03,85.21,0:07:26.600050
CHEMBL218,204,5,GCN,T_K,21,79.03,85.21,0:07:48.942998
CHEMBL218,204,5,GCN,T_K,22,79.03,85.21,0:08:11.224551
dataset, size, run, model, variant, k, test_acc, train_acc, gc_training_time
CHEMBL218,204,6,GCN,T_K,1,51.61,53.52,0:00:22.287771
CHEMBL218,204,6,GCN,T_K,2,64.52,61.27,0:00:44.603595
CHEMBL218,204,6,GCN,T_K,3,67.74,61.97,0:01:06.802624
CHEMBL218,204,6,GCN,T_K,4,64.52,63.38,0:01:29.208899
CHEMBL218,204,6,GCN,T_K,5,59.68,71.13,0:01:51.426017
CHEMBL218,204,6,GCN,T_K,6,61.29,73.24,0:02:13.623658
CHEMBL218,204,6,GCN,T_K,7,61.29,73.24,0:02:35.978552
CHEMBL218,204,6,GCN,T_K,8,61.29,73.24,0:02:58.337036
CHEMBL218,204,6,GCN,T_K,9,80.65,80.99,0:03:20.641895
CHEMBL218,204,6,GCN,T_K,10,79.03,81.69,0:03:42.909590
CHEMBL218,204,6,GCN,T_K,11,80.65,81.69,0:04:05.285818
CHEMBL218,204,6,GCN,T_K,12,79.03,81.69,0:04:27.661167
CHEMBL218,204,6,GCN,T_K,13,79.03,82.39,0:04:49.977408
CHEMBL218,204,6,GCN,T_K,14,77.42,83.1,0:05:12.168733
CHEMBL218,204,6,GCN,T_K,15,77.42,83.8,0:05:34.450311
CHEMBL218,204,6,GCN,T_K,16,79.03,83.8,0:05:56.692215
CHEMBL218,204,6,GCN,T_K,17,79.03,85.21,0:06:19.013360
CHEMBL218,204,6,GCN,T_K,18,79.03,85.21,0:06:41.219380
CHEMBL218,204,6,GCN,T_K,19,82.26,83.8,0:07:03.476327
CHEMBL218,204,6,GCN,T_K,20,82.26,85.21,0:07:25.711397
CHEMBL218,204,6,GCN,T_K,21,83.87,85.21,0:07:48.162652
CHEMBL218,204,6,GCN,T_K,22,83.87,85.21,0:08:10.510634
dataset, size, run, model, variant, k, test_acc, train_acc, gc_training_time
CHEMBL218,204,7,GCN,T_K,1,50.0,50.0,0:00:22.301773
CHEMBL218,204,7,GCN,T_K,2,51.61,61.27,0:00:44.560045
CHEMBL218,204,7,GCN,T_K,3,61.29,77.46,0:01:06.767094
CHEMBL218,204,7,GCN,T_K,4,66.13,74.65,0:01:29.060740
CHEMBL218,204,7,GCN,T_K,5,67.74,71.83,0:01:51.413826
CHEMBL218,204,7,GCN,T_K,6,69.35,76.06,0:02:13.624518
CHEMBL218,204,7,GCN,T_K,7,82.26,77.46,0:02:36.056434
CHEMBL218,204,7,GCN,T_K,8,83.87,78.17,0:02:58.237917
CHEMBL218,204,7,GCN,T_K,9,80.65,78.87,0:03:20.603597
CHEMBL218,204,7,GCN,T_K,10,88.71,81.69,0:03:42.859911
CHEMBL218,204,7,GCN,T_K,11,85.48,80.99,0:04:05.047260
CHEMBL218,204,7,GCN,T_K,12,85.48,83.8,0:04:27.259353
CHEMBL218,204,7,GCN,T_K,13,85.48,84.51,0:04:49.612982
CHEMBL218,204,7,GCN,T_K,14,83.87,84.51,0:05:11.941599
CHEMBL218,204,7,GCN,T_K,15,85.48,84.51,0:05:34.311069
CHEMBL218,204,7,GCN,T_K,16,85.48,84.51,0:05:56.541950
CHEMBL218,204,7,GCN,T_K,17,85.48,84.51,0:06:18.735301
CHEMBL218,204,7,GCN,T_K,18,87.1,83.8,0:06:41.037647
CHEMBL218,204,7,GCN,T_K,19,87.1,85.92,0:07:03.280118
CHEMBL218,204,7,GCN,T_K,20,87.1,85.21,0:07:25.437372
CHEMBL218,204,7,GCN,T_K,21,87.1,85.21,0:07:47.714093
CHEMBL218,204,7,GCN,T_K,22,87.1,85.21,0:08:10.010504
dataset, size, run, model, variant, k, test_acc, train_acc, gc_training_time
CHEMBL218,204,8,GCN,T_K,1,29.03,49.3,0:00:22.308757
CHEMBL218,204,8,GCN,T_K,2,29.03,49.3,0:00:44.605688
CHEMBL218,204,8,GCN,T_K,3,35.48,50.7,0:01:06.915382
CHEMBL218,204,8,GCN,T_K,4,38.71,51.41,0:01:29.241184
CHEMBL218,204,8,GCN,T_K,5,67.74,71.83,0:01:51.566686
CHEMBL218,204,8,GCN,T_K,6,59.68,73.24,0:02:13.913672
CHEMBL218,204,8,GCN,T_K,7,56.45,69.72,0:02:36.132180
CHEMBL218,204,8,GCN,T_K,8,56.45,69.01,0:02:58.380916
CHEMBL218,204,8,GCN,T_K,9,59.68,71.13,0:03:20.686976
CHEMBL218,204,8,GCN,T_K,10,62.9,69.72,0:03:42.870438
CHEMBL218,204,8,GCN,T_K,11,75.81,79.58,0:04:05.084112
CHEMBL218,204,8,GCN,T_K,12,75.81,79.58,0:04:27.298932
CHEMBL218,204,8,GCN,T_K,13,79.03,81.69,0:04:49.563611
CHEMBL218,204,8,GCN,T_K,14,79.03,81.69,0:05:11.787384
CHEMBL218,204,8,GCN,T_K,15,75.81,80.99,0:05:34.061826
CHEMBL218,204,8,GCN,T_K,16,80.65,82.39,0:05:56.316790
CHEMBL218,204,8,GCN,T_K,17,83.87,83.8,0:06:18.658037
CHEMBL218,204,8,GCN,T_K,18,79.03,85.21,0:06:40.897371
CHEMBL218,204,8,GCN,T_K,19,79.03,85.92,0:07:03.116349
CHEMBL218,204,8,GCN,T_K,20,80.65,85.21,0:07:25.366080
CHEMBL218,204,8,GCN,T_K,21,79.03,84.51,0:07:47.615584
CHEMBL218,204,8,GCN,T_K,22,79.03,85.21,0:08:09.801694
dataset, size, run, model, variant, k, test_acc, train_acc, gc_training_time
CHEMBL218,204,9,GCN,T_K,1,50.0,51.41,0:00:22.211457
CHEMBL218,204,9,GCN,T_K,2,59.68,66.2,0:00:44.430063
CHEMBL218,204,9,GCN,T_K,3,70.97,71.83,0:01:06.738231
CHEMBL218,204,9,GCN,T_K,4,64.52,71.13,0:01:28.929785
CHEMBL218,204,9,GCN,T_K,5,80.65,81.69,0:01:51.129272
CHEMBL218,204,9,GCN,T_K,6,82.26,83.1,0:02:13.333050
CHEMBL218,204,9,GCN,T_K,7,83.87,80.99,0:02:35.512535
CHEMBL218,204,9,GCN,T_K,8,79.03,78.17,0:02:57.771788
CHEMBL218,204,9,GCN,T_K,9,77.42,78.17,0:03:20.045909
CHEMBL218,204,9,GCN,T_K,10,75.81,80.28,0:03:42.237339
CHEMBL218,204,9,GCN,T_K,11,77.42,79.58,0:04:04.605487
CHEMBL218,204,9,GCN,T_K,12,79.03,81.69,0:04:26.888481
CHEMBL218,204,9,GCN,T_K,13,79.03,82.39,0:04:49.133957
CHEMBL218,204,9,GCN,T_K,14,80.65,81.69,0:05:11.362214
CHEMBL218,204,9,GCN,T_K,15,80.65,80.99,0:05:33.590922
CHEMBL218,204,9,GCN,T_K,16,77.42,83.1,0:05:55.814989
CHEMBL218,204,9,GCN,T_K,17,77.42,82.39,0:06:18.043294
CHEMBL218,204,9,GCN,T_K,18,77.42,82.39,0:06:40.292835
CHEMBL218,204,9,GCN,T_K,19,77.42,81.69,0:07:02.603608
CHEMBL218,204,9,GCN,T_K,20,79.03,83.1,0:07:24.975433
CHEMBL218,204,9,GCN,T_K,21,77.42,81.69,0:07:47.187131
CHEMBL218,204,9,GCN,T_K,22,80.65,82.39,0:08:09.406781
dataset, size, run, model, variant, k, test_acc, train_acc, gc_training_time
CHEMBL218,204,10,GCN,T_K,1,53.23,48.59,0:00:22.316808
CHEMBL218,204,10,GCN,T_K,2,50.0,54.93,0:00:44.581894
CHEMBL218,204,10,GCN,T_K,3,72.58,67.61,0:01:06.888926
CHEMBL218,204,10,GCN,T_K,4,72.58,73.94,0:01:29.298745
CHEMBL218,204,10,GCN,T_K,5,72.58,72.54,0:01:51.626934
CHEMBL218,204,10,GCN,T_K,6,69.35,75.35,0:02:14.005727
CHEMBL218,204,10,GCN,T_K,7,69.35,74.65,0:02:36.352896
CHEMBL218,204,10,GCN,T_K,8,72.58,74.65,0:02:58.583948
CHEMBL218,204,10,GCN,T_K,9,74.19,75.35,0:03:20.849713
CHEMBL218,204,10,GCN,T_K,10,70.97,73.24,0:03:43.065353
CHEMBL218,204,10,GCN,T_K,11,70.97,71.83,0:04:05.291487
CHEMBL218,204,10,GCN,T_K,12,74.19,73.94,0:04:27.482892
CHEMBL218,204,10,GCN,T_K,13,74.19,73.24,0:04:49.856705
CHEMBL218,204,10,GCN,T_K,14,74.19,76.76,0:05:12.281013
CHEMBL218,204,10,GCN,T_K,15,74.19,77.46,0:05:34.611389
CHEMBL218,204,10,GCN,T_K,16,74.19,73.24,0:05:56.890610
CHEMBL218,204,10,GCN,T_K,17,74.19,73.24,0:06:19.096198
CHEMBL218,204,10,GCN,T_K,18,77.42,73.94,0:06:41.441825
CHEMBL218,204,10,GCN,T_K,19,80.65,74.65,0:07:03.690810
CHEMBL218,204,10,GCN,T_K,20,80.65,74.65,0:07:26.004842
CHEMBL218,204,10,GCN,T_K,21,82.26,74.65,0:07:48.351842
CHEMBL218,204,10,GCN,T_K,22,82.26,76.06,0:08:10.736175
dataset, size, run, model, variant, k, test_acc, train_acc, gc_training_time
CHEMBL220,418,1,GCN,T_K,1,57.14,59.59,0:00:46.545384
CHEMBL220,418,1,GCN,T_K,2,54.76,59.59,0:01:33.304532
CHEMBL220,418,1,GCN,T_K,3,52.38,59.93,0:02:19.930734
CHEMBL220,418,1,GCN,T_K,4,56.35,59.93,0:03:06.721740
CHEMBL220,418,1,GCN,T_K,5,56.35,60.27,0:03:53.373085
CHEMBL220,418,1,GCN,T_K,6,58.73,60.96,0:04:40.142425
CHEMBL220,418,1,GCN,T_K,7,56.35,61.99,0:05:26.832554
CHEMBL220,418,1,GCN,T_K,8,56.35,60.62,0:06:13.551458
CHEMBL220,418,1,GCN,T_K,9,57.14,61.64,0:07:00.275178
CHEMBL220,418,1,GCN,T_K,10,58.73,64.73,0:07:46.997038
CHEMBL220,418,1,GCN,T_K,11,58.73,64.73,0:08:33.690025
CHEMBL220,418,1,GCN,T_K,12,56.35,65.07,0:09:20.373574
CHEMBL220,418,1,GCN,T_K,13,58.73,69.86,0:10:07.012469
CHEMBL220,418,1,GCN,T_K,14,67.46,73.29,0:10:53.656298
CHEMBL220,418,1,GCN,T_K,15,69.05,72.95,0:11:40.382901
CHEMBL220,418,1,GCN,T_K,16,69.05,72.26,0:12:27.034625
CHEMBL220,418,1,GCN,T_K,17,68.25,72.26,0:13:13.810382
CHEMBL220,418,1,GCN,T_K,18,72.22,73.97,0:14:00.404741
CHEMBL220,418,1,GCN,T_K,19,73.02,73.63,0:14:47.101955
CHEMBL220,418,1,GCN,T_K,20,72.22,73.63,0:15:33.735176
CHEMBL220,418,1,GCN,T_K,21,72.22,75.34,0:16:20.474281
CHEMBL220,418,1,GCN,T_K,22,71.43,75.0,0:17:07.227739
dataset, size, run, model, variant, k, test_acc, train_acc, gc_training_time
CHEMBL220,418,2,GCN,T_K,1,65.87,60.62,0:00:46.513241
CHEMBL220,418,2,GCN,T_K,2,69.05,66.1,0:01:33.285487
CHEMBL220,418,2,GCN,T_K,3,68.25,63.7,0:02:20.161314
CHEMBL220,418,2,GCN,T_K,4,66.67,64.73,0:03:06.814268
CHEMBL220,418,2,GCN,T_K,5,67.46,63.7,0:03:53.442483
CHEMBL220,418,2,GCN,T_K,6,68.25,64.38,0:04:40.101400
CHEMBL220,418,2,GCN,T_K,7,67.46,66.44,0:05:26.927811
CHEMBL220,418,2,GCN,T_K,8,67.46,68.15,0:06:13.590574
CHEMBL220,418,2,GCN,T_K,9,67.46,69.52,0:07:00.225155
CHEMBL220,418,2,GCN,T_K,10,66.67,69.86,0:07:46.890890
CHEMBL220,418,2,GCN,T_K,11,65.87,69.86,0:08:33.768101
CHEMBL220,418,2,GCN,T_K,12,65.87,70.21,0:09:20.494825
CHEMBL220,418,2,GCN,T_K,13,65.87,70.21,0:10:07.224415
CHEMBL220,418,2,GCN,T_K,14,71.43,74.32,0:10:54.171045
CHEMBL220,418,2,GCN,T_K,15,75.4,74.32,0:11:41.156320
CHEMBL220,418,2,GCN,T_K,16,76.98,73.29,0:12:27.817410
CHEMBL220,418,2,GCN,T_K,17,74.6,73.63,0:13:14.560301
CHEMBL220,418,2,GCN,T_K,18,74.6,74.32,0:14:01.243446
CHEMBL220,418,2,GCN,T_K,19,75.4,75.0,0:14:47.978261
CHEMBL220,418,2,GCN,T_K,20,74.6,75.0,0:15:34.698455
CHEMBL220,418,2,GCN,T_K,21,74.6,75.0,0:16:21.399045
CHEMBL220,418,2,GCN,T_K,22,74.6,75.34,0:17:08.156525
dataset, size, run, model, variant, k, test_acc, train_acc, gc_training_time
CHEMBL220,418,3,GCN,T_K,1,64.29,58.22,0:00:51.033490
CHEMBL220,418,3,GCN,T_K,2,62.7,63.7,0:01:41.723590
CHEMBL220,418,3,GCN,T_K,3,63.49,63.7,0:02:32.427328
CHEMBL220,418,3,GCN,T_K,4,63.49,63.7,0:03:23.171841
CHEMBL220,418,3,GCN,T_K,5,63.49,63.7,0:04:14.037653
CHEMBL220,418,3,GCN,T_K,6,63.49,63.36,0:05:04.288762
CHEMBL220,418,3,GCN,T_K,7,62.7,66.78,0:05:53.117109
CHEMBL220,418,3,GCN,T_K,8,62.7,66.78,0:06:42.515467
CHEMBL220,418,3,GCN,T_K,9,65.87,70.21,0:07:33.863284
CHEMBL220,418,3,GCN,T_K,10,66.67,69.52,0:08:24.889549
CHEMBL220,418,3,GCN,T_K,11,67.46,73.63,0:09:16.117138
CHEMBL220,418,3,GCN,T_K,12,67.46,70.21,0:10:06.868304
CHEMBL220,418,3,GCN,T_K,13,68.25,70.55,0:10:58.085191
CHEMBL220,418,3,GCN,T_K,14,67.46,71.58,0:11:49.547055
CHEMBL220,418,3,GCN,T_K,15,66.67,71.92,0:12:39.743747
CHEMBL220,418,3,GCN,T_K,16,67.46,72.95,0:13:28.770844
CHEMBL220,418,3,GCN,T_K,17,65.08,77.4,0:14:18.357142
CHEMBL220,418,3,GCN,T_K,18,69.05,73.97,0:15:08.235254
CHEMBL220,418,3,GCN,T_K,19,68.25,74.66,0:15:58.600526
CHEMBL220,418,3,GCN,T_K,20,71.43,75.0,0:16:48.841050
CHEMBL220,418,3,GCN,T_K,21,72.22,76.71,0:17:39.662906
CHEMBL220,418,3,GCN,T_K,22,73.02,76.03,0:18:29.510459
dataset, size, run, model, variant, k, test_acc, train_acc, gc_training_time
CHEMBL220,418,4,GCN,T_K,1,68.25,63.36,0:00:50.102230
CHEMBL220,418,4,GCN,T_K,2,67.46,63.01,0:01:40.716731
CHEMBL220,418,4,GCN,T_K,3,65.87,60.27,0:02:30.570186
CHEMBL220,418,4,GCN,T_K,4,67.46,62.33,0:03:20.729538
CHEMBL220,418,4,GCN,T_K,5,69.05,63.01,0:04:10.614217
CHEMBL220,418,4,GCN,T_K,6,68.25,65.07,0:04:59.637735
CHEMBL220,418,4,GCN,T_K,7,68.25,64.04,0:05:48.502964
CHEMBL220,418,4,GCN,T_K,8,68.25,65.41,0:06:37.863436
CHEMBL220,418,4,GCN,T_K,9,67.46,63.7,0:07:27.176489
CHEMBL220,418,4,GCN,T_K,10,68.25,66.1,0:08:16.269821
CHEMBL220,418,4,GCN,T_K,11,67.46,65.75,0:09:05.729465
CHEMBL220,418,4,GCN,T_K,12,70.63,71.58,0:09:54.954659
CHEMBL220,418,4,GCN,T_K,13,69.05,71.23,0:10:44.468332
CHEMBL220,418,4,GCN,T_K,14,69.84,72.95,0:11:33.602909
CHEMBL220,418,4,GCN,T_K,15,66.67,72.26,0:12:22.265427
CHEMBL220,418,4,GCN,T_K,16,68.25,74.66,0:13:11.374786
CHEMBL220,418,4,GCN,T_K,17,70.63,75.0,0:14:01.608765
CHEMBL220,418,4,GCN,T_K,18,70.63,75.0,0:14:51.654038
CHEMBL220,418,4,GCN,T_K,19,78.57,72.95,0:15:41.968548
CHEMBL220,418,4,GCN,T_K,20,77.78,73.63,0:16:32.668060
CHEMBL220,418,4,GCN,T_K,21,78.57,75.0,0:17:22.223634
CHEMBL220,418,4,GCN,T_K,22,80.16,76.03,0:18:11.265692
dataset, size, run, model, variant, k, test_acc, train_acc, gc_training_time
CHEMBL220,418,5,GCN,T_K,1,57.14,56.85,0:00:48.501530
CHEMBL220,418,5,GCN,T_K,2,57.14,56.85,0:01:36.900378
CHEMBL220,418,5,GCN,T_K,3,58.73,58.22,0:02:25.964085
CHEMBL220,418,5,GCN,T_K,4,72.22,69.52,0:03:15.989886
CHEMBL220,418,5,GCN,T_K,5,71.43,69.52,0:04:06.062867
CHEMBL220,418,5,GCN,T_K,6,74.6,69.52,0:04:55.700995
CHEMBL220,418,5,GCN,T_K,7,76.19,74.32,0:05:45.529555
CHEMBL220,418,5,GCN,T_K,8,76.19,73.97,0:06:35.540653
CHEMBL220,418,5,GCN,T_K,9,75.4,74.66,0:07:26.569642
CHEMBL220,418,5,GCN,T_K,10,75.4,74.66,0:08:17.116523
CHEMBL220,418,5,GCN,T_K,11,77.78,74.32,0:09:02.356400
CHEMBL220,418,5,GCN,T_K,12,77.78,74.32,0:09:46.891828
CHEMBL220,418,5,GCN,T_K,13,77.78,74.66,0:10:31.460011
CHEMBL220,418,5,GCN,T_K,14,78.57,74.32,0:11:15.902979
CHEMBL220,418,5,GCN,T_K,15,79.37,74.66,0:12:00.422109
CHEMBL220,418,5,GCN,T_K,16,79.37,74.32,0:12:44.913827
CHEMBL220,418,5,GCN,T_K,17,81.75,76.37,0:13:29.511833
CHEMBL220,418,5,GCN,T_K,18,81.75,76.37,0:14:14.063934
CHEMBL220,418,5,GCN,T_K,19,81.75,76.37,0:14:58.511890
CHEMBL220,418,5,GCN,T_K,20,78.57,77.4,0:15:43.134386
CHEMBL220,418,5,GCN,T_K,21,77.78,76.03,0:16:27.584070
CHEMBL220,418,5,GCN,T_K,22,79.37,76.03,0:17:12.243409
dataset, size, run, model, variant, k, test_acc, train_acc, gc_training_time
CHEMBL220,418,6,GCN,T_K,1,57.14,52.4,0:00:44.527400
CHEMBL220,418,6,GCN,T_K,2,54.76,53.42,0:01:29.149994
CHEMBL220,418,6,GCN,T_K,3,61.11,69.86,0:02:13.626592
CHEMBL220,418,6,GCN,T_K,4,67.46,69.86,0:02:58.087108
CHEMBL220,418,6,GCN,T_K,5,63.49,75.34,0:03:42.609463
CHEMBL220,418,6,GCN,T_K,6,69.05,75.0,0:04:27.247492
CHEMBL220,418,6,GCN,T_K,7,72.22,74.66,0:05:11.838151
CHEMBL220,418,6,GCN,T_K,8,72.22,74.66,0:05:56.428962
CHEMBL220,418,6,GCN,T_K,9,72.22,73.63,0:06:40.954189
CHEMBL220,418,6,GCN,T_K,10,72.22,73.97,0:07:25.667890
CHEMBL220,418,6,GCN,T_K,11,72.22,76.37,0:08:10.192160
CHEMBL220,418,6,GCN,T_K,12,72.22,76.37,0:08:54.821734
CHEMBL220,418,6,GCN,T_K,13,72.22,76.71,0:09:39.450143
CHEMBL220,418,6,GCN,T_K,14,73.02,75.34,0:10:24.072987
CHEMBL220,418,6,GCN,T_K,15,73.02,74.32,0:11:08.672414
CHEMBL220,418,6,GCN,T_K,16,73.02,74.66,0:11:53.301636
CHEMBL220,418,6,GCN,T_K,17,73.02,74.66,0:12:37.895200
CHEMBL220,418,6,GCN,T_K,18,73.81,74.32,0:13:22.456978
CHEMBL220,418,6,GCN,T_K,19,73.81,75.0,0:14:07.055762
CHEMBL220,418,6,GCN,T_K,20,77.78,76.03,0:14:51.711019
CHEMBL220,418,6,GCN,T_K,21,76.98,76.03,0:15:36.301548
CHEMBL220,418,6,GCN,T_K,22,77.78,76.71,0:16:20.923876
dataset, size, run, model, variant, k, test_acc, train_acc, gc_training_time
CHEMBL220,418,7,GCN,T_K,1,55.56,55.82,0:00:44.447631
CHEMBL220,418,7,GCN,T_K,2,56.35,59.93,0:01:29.063219
CHEMBL220,418,7,GCN,T_K,3,59.52,60.96,0:02:13.612160
CHEMBL220,418,7,GCN,T_K,4,59.52,61.3,0:02:58.122261
CHEMBL220,418,7,GCN,T_K,5,57.94,59.59,0:03:42.696604
CHEMBL220,418,7,GCN,T_K,6,57.94,59.25,0:04:27.121867
CHEMBL220,418,7,GCN,T_K,7,60.32,62.33,0:05:11.570495
CHEMBL220,418,7,GCN,T_K,8,60.32,65.07,0:05:56.029892
CHEMBL220,418,7,GCN,T_K,9,67.46,69.86,0:06:40.593693
CHEMBL220,418,7,GCN,T_K,10,65.87,68.49,0:07:25.061580
CHEMBL220,418,7,GCN,T_K,11,65.87,68.49,0:08:09.537510
CHEMBL220,418,7,GCN,T_K,12,69.05,69.52,0:08:54.000555
CHEMBL220,418,7,GCN,T_K,13,81.75,76.71,0:09:38.685745
CHEMBL220,418,7,GCN,T_K,14,82.54,77.4,0:10:23.083267
CHEMBL220,418,7,GCN,T_K,15,82.54,77.4,0:11:07.512612
CHEMBL220,418,7,GCN,T_K,16,81.75,77.4,0:11:52.033091
CHEMBL220,418,7,GCN,T_K,17,81.75,76.71,0:12:36.737323
CHEMBL220,418,7,GCN,T_K,18,80.16,76.37,0:13:21.280300
CHEMBL220,418,7,GCN,T_K,19,80.95,76.71,0:14:05.743182
CHEMBL220,418,7,GCN,T_K,20,84.13,76.71,0:14:50.154316
CHEMBL220,418,7,GCN,T_K,21,84.92,76.71,0:15:34.808832
CHEMBL220,418,7,GCN,T_K,22,84.13,77.4,0:16:19.426614
dataset, size, run, model, variant, k, test_acc, train_acc, gc_training_time
CHEMBL220,418,8,GCN,T_K,1,71.43,66.44,0:00:44.423242
CHEMBL220,418,8,GCN,T_K,2,70.63,65.41,0:01:28.908656
CHEMBL220,418,8,GCN,T_K,3,70.63,65.41,0:02:13.600018
CHEMBL220,418,8,GCN,T_K,4,70.63,64.04,0:02:58.161053
CHEMBL220,418,8,GCN,T_K,5,70.63,64.73,0:03:42.748490
CHEMBL220,418,8,GCN,T_K,6,72.22,65.75,0:04:27.272791
CHEMBL220,418,8,GCN,T_K,7,73.81,66.1,0:05:11.866943
CHEMBL220,418,8,GCN,T_K,8,76.19,69.18,0:05:56.317772
CHEMBL220,418,8,GCN,T_K,9,76.19,68.84,0:06:40.808179
CHEMBL220,418,8,GCN,T_K,10,72.22,68.49,0:07:25.298596
CHEMBL220,418,8,GCN,T_K,11,73.81,67.47,0:08:09.885250
CHEMBL220,418,8,GCN,T_K,12,75.4,67.81,0:08:54.633387
CHEMBL220,418,8,GCN,T_K,13,75.4,67.12,0:09:39.237357
CHEMBL220,418,8,GCN,T_K,14,79.37,72.26,0:10:23.704086
CHEMBL220,418,8,GCN,T_K,15,80.16,70.55,0:11:08.139959
CHEMBL220,418,8,GCN,T_K,16,80.95,69.86,0:11:52.845552
CHEMBL220,418,8,GCN,T_K,17,79.37,70.55,0:12:37.405140
CHEMBL220,418,8,GCN,T_K,18,80.16,71.23,0:13:21.851917
CHEMBL220,418,8,GCN,T_K,19,80.16,72.6,0:14:06.292584
CHEMBL220,418,8,GCN,T_K,20,80.16,71.92,0:14:51.033992
CHEMBL220,418,8,GCN,T_K,21,80.95,71.92,0:15:35.608082
CHEMBL220,418,8,GCN,T_K,22,80.16,71.58,0:16:20.258327
dataset, size, run, model, variant, k, test_acc, train_acc, gc_training_time
CHEMBL220,418,9,GCN,T_K,1,65.87,64.38,0:00:44.461660
CHEMBL220,418,9,GCN,T_K,2,67.46,64.04,0:01:29.130189
CHEMBL220,418,9,GCN,T_K,3,65.08,64.73,0:02:13.479550
CHEMBL220,418,9,GCN,T_K,4,63.49,63.7,0:02:57.921252
CHEMBL220,418,9,GCN,T_K,5,70.63,64.73,0:03:42.305998
CHEMBL220,418,9,GCN,T_K,6,69.84,66.78,0:04:26.850004
CHEMBL220,418,9,GCN,T_K,7,69.84,67.47,0:05:11.272250
CHEMBL220,418,9,GCN,T_K,8,70.63,68.49,0:05:55.777010
CHEMBL220,418,9,GCN,T_K,9,69.84,68.84,0:06:40.288951
CHEMBL220,418,9,GCN,T_K,10,76.19,71.23,0:07:24.774778
CHEMBL220,418,9,GCN,T_K,11,74.6,72.95,0:08:09.213568
CHEMBL220,418,9,GCN,T_K,12,82.54,72.6,0:08:53.737826
CHEMBL220,418,9,GCN,T_K,13,80.16,73.63,0:09:38.261187
CHEMBL220,418,9,GCN,T_K,14,81.75,75.68,0:10:22.781149
CHEMBL220,418,9,GCN,T_K,15,81.75,75.68,0:11:07.269319
CHEMBL220,418,9,GCN,T_K,16,81.75,75.68,0:11:51.738237
CHEMBL220,418,9,GCN,T_K,17,81.75,75.68,0:12:36.176195
CHEMBL220,418,9,GCN,T_K,18,80.95,76.37,0:13:20.652005
CHEMBL220,418,9,GCN,T_K,19,78.57,76.03,0:14:05.228789
CHEMBL220,418,9,GCN,T_K,20,78.57,76.03,0:14:49.700062
CHEMBL220,418,9,GCN,T_K,21,81.75,76.03,0:15:34.215279
CHEMBL220,418,9,GCN,T_K,22,80.16,74.66,0:16:18.816433
dataset, size, run, model, variant, k, test_acc, train_acc, gc_training_time
CHEMBL220,418,10,GCN,T_K,1,54.76,62.33,0:00:44.625525
CHEMBL220,418,10,GCN,T_K,2,53.97,66.1,0:01:29.178046
CHEMBL220,418,10,GCN,T_K,3,57.14,66.1,0:02:13.847854
CHEMBL220,418,10,GCN,T_K,4,62.7,66.1,0:02:58.403744
CHEMBL220,418,10,GCN,T_K,5,62.7,66.1,0:03:43.175041
CHEMBL220,418,10,GCN,T_K,6,63.49,65.75,0:04:27.710067
CHEMBL220,418,10,GCN,T_K,7,65.08,65.75,0:05:12.290152
CHEMBL220,418,10,GCN,T_K,8,64.29,65.75,0:05:56.863767
CHEMBL220,418,10,GCN,T_K,9,65.87,63.7,0:06:41.340419
CHEMBL220,418,10,GCN,T_K,10,65.87,63.36,0:07:25.823202
CHEMBL220,418,10,GCN,T_K,11,64.29,63.36,0:08:10.278113
CHEMBL220,418,10,GCN,T_K,12,69.05,68.15,0:08:54.855789
CHEMBL220,418,10,GCN,T_K,13,73.02,73.63,0:09:39.346739
CHEMBL220,418,10,GCN,T_K,14,78.57,73.97,0:10:23.957771
CHEMBL220,418,10,GCN,T_K,15,77.78,73.29,0:11:08.575366
CHEMBL220,418,10,GCN,T_K,16,77.78,72.6,0:11:53.142201
CHEMBL220,418,10,GCN,T_K,17,77.78,73.29,0:12:37.843370
CHEMBL220,418,10,GCN,T_K,18,79.37,75.34,0:13:22.356541
CHEMBL220,418,10,GCN,T_K,19,79.37,74.66,0:14:06.857277
CHEMBL220,418,10,GCN,T_K,20,76.19,74.32,0:14:51.301765
CHEMBL220,418,10,GCN,T_K,21,77.78,73.97,0:15:36.012581
CHEMBL220,418,10,GCN,T_K,22,79.37,74.66,0:16:20.588639
dataset, size, run, model, variant, k, test_acc, train_acc, gc_training_time
CHEMBL230,342,1,GCN,T_K,1,47.57,47.28,0:00:35.242774
CHEMBL230,342,1,GCN,T_K,2,49.51,56.9,0:01:10.477783
CHEMBL230,342,1,GCN,T_K,3,59.22,62.34,0:01:45.730177
CHEMBL230,342,1,GCN,T_K,4,65.05,61.09,0:02:21.163831
CHEMBL230,342,1,GCN,T_K,5,62.14,63.18,0:02:56.546908
CHEMBL230,342,1,GCN,T_K,6,66.02,61.51,0:03:31.937095
CHEMBL230,342,1,GCN,T_K,7,66.02,63.18,0:04:07.321566
CHEMBL230,342,1,GCN,T_K,8,72.82,69.87,0:04:42.668260
CHEMBL230,342,1,GCN,T_K,9,73.79,71.55,0:05:18.152178
CHEMBL230,342,1,GCN,T_K,10,69.9,73.22,0:05:53.611140
CHEMBL230,342,1,GCN,T_K,11,71.84,73.22,0:06:28.931164
CHEMBL230,342,1,GCN,T_K,12,71.84,73.64,0:07:04.322682
CHEMBL230,342,1,GCN,T_K,13,72.82,74.9,0:07:39.770757
CHEMBL230,342,1,GCN,T_K,14,72.82,73.22,0:08:15.319653
CHEMBL230,342,1,GCN,T_K,15,72.82,73.22,0:08:50.721182
CHEMBL230,342,1,GCN,T_K,16,70.87,74.06,0:09:26.064086
CHEMBL230,342,1,GCN,T_K,17,69.9,74.48,0:10:01.413722
CHEMBL230,342,1,GCN,T_K,18,72.82,74.48,0:10:36.701638
CHEMBL230,342,1,GCN,T_K,19,68.93,74.48,0:11:12.124010
CHEMBL230,342,1,GCN,T_K,20,73.79,76.57,0:11:47.406158
CHEMBL230,342,1,GCN,T_K,21,74.76,77.82,0:12:22.881525
CHEMBL230,342,1,GCN,T_K,22,74.76,77.82,0:12:58.355471
dataset, size, run, model, variant, k, test_acc, train_acc, gc_training_time
CHEMBL230,342,2,GCN,T_K,1,57.28,55.65,0:00:35.410538
CHEMBL230,342,2,GCN,T_K,2,57.28,55.23,0:01:10.999392
CHEMBL230,342,2,GCN,T_K,3,56.31,59.0,0:01:46.492462
CHEMBL230,342,2,GCN,T_K,4,55.34,59.0,0:02:21.940220
CHEMBL230,342,2,GCN,T_K,5,60.19,62.34,0:02:57.459355
CHEMBL230,342,2,GCN,T_K,6,67.96,64.02,0:03:32.926912
CHEMBL230,342,2,GCN,T_K,7,66.99,64.44,0:04:08.510546
CHEMBL230,342,2,GCN,T_K,8,70.87,65.69,0:04:43.975861
CHEMBL230,342,2,GCN,T_K,9,63.11,70.29,0:05:19.447292
CHEMBL230,342,2,GCN,T_K,10,64.08,72.38,0:05:54.901021
CHEMBL230,342,2,GCN,T_K,11,64.08,72.8,0:06:30.293427
CHEMBL230,342,2,GCN,T_K,12,67.96,72.38,0:07:05.731368
CHEMBL230,342,2,GCN,T_K,13,74.76,79.08,0:07:41.001387
CHEMBL230,342,2,GCN,T_K,14,75.73,80.33,0:08:16.250160
CHEMBL230,342,2,GCN,T_K,15,75.73,79.92,0:08:51.503524
CHEMBL230,342,2,GCN,T_K,16,74.76,79.92,0:09:26.914432
CHEMBL230,342,2,GCN,T_K,17,75.73,80.33,0:10:02.337493
CHEMBL230,342,2,GCN,T_K,18,74.76,79.92,0:10:37.715991
CHEMBL230,342,2,GCN,T_K,19,77.67,80.33,0:11:13.012738
CHEMBL230,342,2,GCN,T_K,20,71.84,81.59,0:11:48.382314
CHEMBL230,342,2,GCN,T_K,21,71.84,81.59,0:12:23.686321
CHEMBL230,342,2,GCN,T_K,22,73.79,82.01,0:12:59.032620
dataset, size, run, model, variant, k, test_acc, train_acc, gc_training_time
CHEMBL230,342,3,GCN,T_K,1,58.25,60.67,0:00:35.306800
CHEMBL230,342,3,GCN,T_K,2,64.08,64.44,0:01:10.614702
CHEMBL230,342,3,GCN,T_K,3,68.93,70.29,0:01:45.898010
CHEMBL230,342,3,GCN,T_K,4,69.9,68.2,0:02:21.207377
CHEMBL230,342,3,GCN,T_K,5,69.9,69.87,0:02:56.576676
CHEMBL230,342,3,GCN,T_K,6,67.96,71.55,0:03:31.853882
CHEMBL230,342,3,GCN,T_K,7,67.96,68.62,0:04:07.199935
CHEMBL230,342,3,GCN,T_K,8,72.82,70.71,0:04:42.502866
CHEMBL230,342,3,GCN,T_K,9,72.82,70.71,0:05:17.762966
CHEMBL230,342,3,GCN,T_K,10,71.84,70.71,0:05:53.166879
CHEMBL230,342,3,GCN,T_K,11,70.87,74.9,0:06:28.424609
CHEMBL230,342,3,GCN,T_K,12,73.79,74.9,0:07:03.772421
CHEMBL230,342,3,GCN,T_K,13,73.79,72.8,0:07:39.113301
CHEMBL230,342,3,GCN,T_K,14,79.61,77.41,0:08:14.417550
CHEMBL230,342,3,GCN,T_K,15,79.61,77.82,0:08:49.817891
CHEMBL230,342,3,GCN,T_K,16,79.61,77.82,0:09:25.102126
CHEMBL230,342,3,GCN,T_K,17,78.64,77.41,0:10:00.378113
CHEMBL230,342,3,GCN,T_K,18,80.58,79.92,0:10:35.656453
CHEMBL230,342,3,GCN,T_K,19,80.58,79.92,0:11:10.929154
CHEMBL230,342,3,GCN,T_K,20,80.58,79.92,0:11:46.340279
CHEMBL230,342,3,GCN,T_K,21,80.58,79.5,0:12:21.672177
CHEMBL230,342,3,GCN,T_K,22,80.58,79.5,0:12:56.968586
dataset, size, run, model, variant, k, test_acc, train_acc, gc_training_time
CHEMBL230,342,4,GCN,T_K,1,53.4,59.41,0:00:35.280491
CHEMBL230,342,4,GCN,T_K,2,50.49,65.27,0:01:10.510066
CHEMBL230,342,4,GCN,T_K,3,54.37,63.18,0:01:45.951560
CHEMBL230,342,4,GCN,T_K,4,56.31,64.85,0:02:21.342876
CHEMBL230,342,4,GCN,T_K,5,58.25,66.53,0:02:56.737780
CHEMBL230,342,4,GCN,T_K,6,59.22,66.11,0:03:32.104356
CHEMBL230,342,4,GCN,T_K,7,66.99,75.31,0:04:07.481006
CHEMBL230,342,4,GCN,T_K,8,69.9,76.57,0:04:42.971587
CHEMBL230,342,4,GCN,T_K,9,73.79,76.99,0:05:18.374281
CHEMBL230,342,4,GCN,T_K,10,72.82,78.24,0:05:53.892126
CHEMBL230,342,4,GCN,T_K,11,71.84,75.73,0:06:29.372259
CHEMBL230,342,4,GCN,T_K,12,75.73,78.24,0:07:04.756115
CHEMBL230,342,4,GCN,T_K,13,74.76,81.59,0:07:40.161526
CHEMBL230,342,4,GCN,T_K,14,74.76,81.59,0:08:15.437333
CHEMBL230,342,4,GCN,T_K,15,74.76,81.17,0:08:50.748733
CHEMBL230,342,4,GCN,T_K,16,73.79,81.59,0:09:26.118297
CHEMBL230,342,4,GCN,T_K,17,73.79,82.43,0:10:01.539881
CHEMBL230,342,4,GCN,T_K,18,75.73,81.17,0:10:37.064842
CHEMBL230,342,4,GCN,T_K,19,75.73,81.59,0:11:12.478074
CHEMBL230,342,4,GCN,T_K,20,75.73,81.59,0:11:47.920939
CHEMBL230,342,4,GCN,T_K,21,74.76,81.17,0:12:23.338107
CHEMBL230,342,4,GCN,T_K,22,78.64,82.85,0:12:58.630533
dataset, size, run, model, variant, k, test_acc, train_acc, gc_training_time
CHEMBL230,342,5,GCN,T_K,1,62.14,54.81,0:00:35.414948
CHEMBL230,342,5,GCN,T_K,2,64.08,59.0,0:01:10.826072
CHEMBL230,342,5,GCN,T_K,3,69.9,67.36,0:01:46.180593
CHEMBL230,342,5,GCN,T_K,4,69.9,69.04,0:02:21.553955
CHEMBL230,342,5,GCN,T_K,5,69.9,71.55,0:02:56.863626
CHEMBL230,342,5,GCN,T_K,6,69.9,74.48,0:03:32.304595
CHEMBL230,342,5,GCN,T_K,7,72.82,74.48,0:04:07.600973
CHEMBL230,342,5,GCN,T_K,8,70.87,75.31,0:04:42.898202
CHEMBL230,342,5,GCN,T_K,9,72.82,75.73,0:05:18.203093
CHEMBL230,342,5,GCN,T_K,10,74.76,75.73,0:05:53.523616
CHEMBL230,342,5,GCN,T_K,11,72.82,76.57,0:06:28.925585
CHEMBL230,342,5,GCN,T_K,12,77.67,76.15,0:07:04.201913
CHEMBL230,342,5,GCN,T_K,13,76.7,76.15,0:07:39.530809
CHEMBL230,342,5,GCN,T_K,14,75.73,78.24,0:08:14.983622
CHEMBL230,342,5,GCN,T_K,15,74.76,79.08,0:08:50.467066
CHEMBL230,342,5,GCN,T_K,16,74.76,79.08,0:09:25.992426
CHEMBL230,342,5,GCN,T_K,17,74.76,79.08,0:10:01.393178
CHEMBL230,342,5,GCN,T_K,18,74.76,79.08,0:10:36.745774
CHEMBL230,342,5,GCN,T_K,19,77.67,79.92,0:11:12.077246
CHEMBL230,342,5,GCN,T_K,20,77.67,79.92,0:11:47.500002
CHEMBL230,342,5,GCN,T_K,21,77.67,80.33,0:12:23.048893
CHEMBL230,342,5,GCN,T_K,22,77.67,80.33,0:12:58.450399
dataset, size, run, model, variant, k, test_acc, train_acc, gc_training_time
CHEMBL230,342,6,GCN,T_K,1,64.08,59.83,0:00:35.406510
CHEMBL230,342,6,GCN,T_K,2,63.11,59.0,0:01:10.782305
CHEMBL230,342,6,GCN,T_K,3,65.05,61.92,0:01:46.181328
CHEMBL230,342,6,GCN,T_K,4,66.99,60.25,0:02:21.676500
CHEMBL230,342,6,GCN,T_K,5,66.02,59.83,0:02:56.976677
CHEMBL230,342,6,GCN,T_K,6,64.08,59.83,0:03:32.407052
CHEMBL230,342,6,GCN,T_K,7,66.02,59.41,0:04:07.858152
CHEMBL230,342,6,GCN,T_K,8,66.02,58.58,0:04:43.256463
CHEMBL230,342,6,GCN,T_K,9,63.11,64.02,0:05:18.739617
CHEMBL230,342,6,GCN,T_K,10,69.9,70.71,0:05:54.044424
CHEMBL230,342,6,GCN,T_K,11,67.96,71.13,0:06:29.373424
CHEMBL230,342,6,GCN,T_K,12,67.96,69.04,0:07:04.758129
CHEMBL230,342,6,GCN,T_K,13,67.96,69.87,0:07:40.071087
CHEMBL230,342,6,GCN,T_K,14,66.02,70.71,0:08:15.482163
CHEMBL230,342,6,GCN,T_K,15,76.7,79.92,0:08:50.757580
CHEMBL230,342,6,GCN,T_K,16,76.7,80.75,0:09:26.098807
CHEMBL230,342,6,GCN,T_K,17,77.67,80.75,0:10:01.453396
CHEMBL230,342,6,GCN,T_K,18,76.7,81.59,0:10:36.835113
CHEMBL230,342,6,GCN,T_K,19,77.67,82.43,0:11:12.330013
CHEMBL230,342,6,GCN,T_K,20,77.67,81.59,0:11:47.717021
CHEMBL230,342,6,GCN,T_K,21,75.73,83.68,0:12:23.129244
CHEMBL230,342,6,GCN,T_K,22,74.76,83.68,0:12:58.565960
dataset, size, run, model, variant, k, test_acc, train_acc, gc_training_time
CHEMBL230,342,7,GCN,T_K,1,56.31,57.74,0:00:35.349562
CHEMBL230,342,7,GCN,T_K,2,61.17,69.87,0:01:10.845969
CHEMBL230,342,7,GCN,T_K,3,64.08,72.38,0:01:46.235642
CHEMBL230,342,7,GCN,T_K,4,68.93,69.87,0:02:21.560583
CHEMBL230,342,7,GCN,T_K,5,68.93,70.29,0:02:56.944403
CHEMBL230,342,7,GCN,T_K,6,67.96,71.13,0:03:32.326596
CHEMBL230,342,7,GCN,T_K,7,67.96,71.55,0:04:07.768351
CHEMBL230,342,7,GCN,T_K,8,67.96,73.22,0:04:43.137617
CHEMBL230,342,7,GCN,T_K,9,68.93,69.46,0:05:18.496437
CHEMBL230,342,7,GCN,T_K,10,74.76,74.9,0:05:53.865589
CHEMBL230,342,7,GCN,T_K,11,72.82,72.8,0:06:29.234818
CHEMBL230,342,7,GCN,T_K,12,71.84,75.73,0:07:04.748315
CHEMBL230,342,7,GCN,T_K,13,73.79,75.73,0:07:40.103855
CHEMBL230,342,7,GCN,T_K,14,73.79,75.31,0:08:15.496093
CHEMBL230,342,7,GCN,T_K,15,73.79,76.15,0:08:50.823579
CHEMBL230,342,7,GCN,T_K,16,74.76,76.15,0:09:26.221254
CHEMBL230,342,7,GCN,T_K,17,74.76,75.73,0:10:01.752513
CHEMBL230,342,7,GCN,T_K,18,72.82,75.31,0:10:37.089922
CHEMBL230,342,7,GCN,T_K,19,72.82,75.31,0:11:12.418071
CHEMBL230,342,7,GCN,T_K,20,72.82,75.31,0:11:47.746101
CHEMBL230,342,7,GCN,T_K,21,78.64,78.24,0:12:23.076936
CHEMBL230,342,7,GCN,T_K,22,78.64,78.24,0:12:58.596425
dataset, size, run, model, variant, k, test_acc, train_acc, gc_training_time
CHEMBL230,342,8,GCN,T_K,1,65.05,61.92,0:00:35.377863
CHEMBL230,342,8,GCN,T_K,2,63.11,61.09,0:01:10.768635
CHEMBL230,342,8,GCN,T_K,3,66.02,58.16,0:01:46.107989
CHEMBL230,342,8,GCN,T_K,4,60.19,56.49,0:02:21.401166
CHEMBL230,342,8,GCN,T_K,5,70.87,70.71,0:02:56.815199
CHEMBL230,342,8,GCN,T_K,6,76.7,73.22,0:03:32.061322
CHEMBL230,342,8,GCN,T_K,7,76.7,72.8,0:04:07.412891
CHEMBL230,342,8,GCN,T_K,8,66.99,73.22,0:04:42.751557
CHEMBL230,342,8,GCN,T_K,9,66.99,73.64,0:05:18.044562
CHEMBL230,342,8,GCN,T_K,10,66.99,73.22,0:05:53.511369
CHEMBL230,342,8,GCN,T_K,11,72.82,76.15,0:06:28.814105
CHEMBL230,342,8,GCN,T_K,12,73.79,75.73,0:07:04.171014
CHEMBL230,342,8,GCN,T_K,13,73.79,76.15,0:07:39.478173
CHEMBL230,342,8,GCN,T_K,14,69.9,76.99,0:08:14.833076
CHEMBL230,342,8,GCN,T_K,15,80.58,75.73,0:08:50.342388
CHEMBL230,342,8,GCN,T_K,16,79.61,77.82,0:09:25.805014
CHEMBL230,342,8,GCN,T_K,17,79.61,78.24,0:10:01.213778
CHEMBL230,342,8,GCN,T_K,18,79.61,77.82,0:10:36.665439
CHEMBL230,342,8,GCN,T_K,19,76.7,78.24,0:11:12.047306
CHEMBL230,342,8,GCN,T_K,20,77.67,78.24,0:11:47.571648
CHEMBL230,342,8,GCN,T_K,21,78.64,78.66,0:12:22.948361
CHEMBL230,342,8,GCN,T_K,22,81.55,78.66,0:12:58.419369
dataset, size, run, model, variant, k, test_acc, train_acc, gc_training_time
CHEMBL230,342,9,GCN,T_K,1,49.51,53.56,0:00:35.329506
CHEMBL230,342,9,GCN,T_K,2,51.46,64.02,0:01:10.746714
CHEMBL230,342,9,GCN,T_K,3,65.05,64.02,0:01:46.187014
CHEMBL230,342,9,GCN,T_K,4,65.05,66.11,0:02:21.606867
CHEMBL230,342,9,GCN,T_K,5,71.84,69.87,0:02:56.956642
CHEMBL230,342,9,GCN,T_K,6,70.87,71.13,0:03:32.298334
CHEMBL230,342,9,GCN,T_K,7,68.93,70.29,0:04:07.570294
CHEMBL230,342,9,GCN,T_K,8,69.9,70.71,0:04:42.999040
CHEMBL230,342,9,GCN,T_K,9,76.7,76.99,0:05:18.362620
CHEMBL230,342,9,GCN,T_K,10,77.67,76.57,0:05:53.764543
CHEMBL230,342,9,GCN,T_K,11,72.82,76.99,0:06:29.157834
CHEMBL230,342,9,GCN,T_K,12,76.7,77.82,0:07:04.551149
CHEMBL230,342,9,GCN,T_K,13,76.7,76.99,0:07:39.985084
CHEMBL230,342,9,GCN,T_K,14,76.7,76.99,0:08:15.341009
CHEMBL230,342,9,GCN,T_K,15,78.64,79.92,0:08:50.652725
CHEMBL230,342,9,GCN,T_K,16,78.64,80.33,0:09:25.966907
CHEMBL230,342,9,GCN,T_K,17,84.47,78.24,0:10:01.386066
CHEMBL230,342,9,GCN,T_K,18,83.5,79.92,0:10:36.918865
CHEMBL230,342,9,GCN,T_K,19,79.61,82.01,0:11:12.321849
CHEMBL230,342,9,GCN,T_K,20,78.64,80.33,0:11:47.620333
CHEMBL230,342,9,GCN,T_K,21,78.64,81.17,0:12:22.892101
CHEMBL230,342,9,GCN,T_K,22,78.64,81.59,0:12:58.231384
dataset, size, run, model, variant, k, test_acc, train_acc, gc_training_time
CHEMBL230,342,10,GCN,T_K,1,63.11,64.02,0:00:35.317165
CHEMBL230,342,10,GCN,T_K,2,66.02,70.71,0:01:10.672881
CHEMBL230,342,10,GCN,T_K,3,73.79,72.38,0:01:46.049389
CHEMBL230,342,10,GCN,T_K,4,73.79,72.8,0:02:21.539943
CHEMBL230,342,10,GCN,T_K,5,76.7,76.15,0:02:56.919330
CHEMBL230,342,10,GCN,T_K,6,80.58,79.08,0:03:32.380258
CHEMBL230,342,10,GCN,T_K,7,80.58,77.41,0:04:07.694237
CHEMBL230,342,10,GCN,T_K,8,78.64,78.24,0:04:43.110408
CHEMBL230,342,10,GCN,T_K,9,79.61,77.82,0:05:18.389116
CHEMBL230,342,10,GCN,T_K,10,79.61,77.41,0:05:53.641459
CHEMBL230,342,10,GCN,T_K,11,80.58,78.24,0:06:29.094200
CHEMBL230,342,10,GCN,T_K,12,81.55,77.82,0:07:04.410520
CHEMBL230,342,10,GCN,T_K,13,79.61,78.24,0:07:39.736963
CHEMBL230,342,10,GCN,T_K,14,79.61,79.5,0:08:15.068487
CHEMBL230,342,10,GCN,T_K,15,79.61,78.66,0:08:50.408020
CHEMBL230,342,10,GCN,T_K,16,79.61,77.82,0:09:25.964708
CHEMBL230,342,10,GCN,T_K,17,79.61,79.08,0:10:01.408418
CHEMBL230,342,10,GCN,T_K,18,79.61,79.08,0:10:36.832296
CHEMBL230,342,10,GCN,T_K,19,79.61,79.08,0:11:12.293256
CHEMBL230,342,10,GCN,T_K,20,79.61,79.08,0:11:47.726702
CHEMBL230,342,10,GCN,T_K,21,79.61,78.66,0:12:23.274658
CHEMBL230,342,10,GCN,T_K,22,81.55,78.66,0:12:58.693157
dataset, size, run, model, variant, k, test_acc, train_acc, gc_training_time
CHEMBL261,332,1,GCN,T_K,1,50.0,50.0,0:00:35.174922
CHEMBL261,332,1,GCN,T_K,2,58.0,59.48,0:01:10.434195
CHEMBL261,332,1,GCN,T_K,3,75.0,66.38,0:01:45.630304
CHEMBL261,332,1,GCN,T_K,4,79.0,68.1,0:02:20.959946
CHEMBL261,332,1,GCN,T_K,5,77.0,66.81,0:02:56.111116
CHEMBL261,332,1,GCN,T_K,6,80.0,68.1,0:03:31.178563
CHEMBL261,332,1,GCN,T_K,7,80.0,69.83,0:04:06.306379
CHEMBL261,332,1,GCN,T_K,8,82.0,70.26,0:04:41.514254
CHEMBL261,332,1,GCN,T_K,9,84.0,70.69,0:05:16.695886
CHEMBL261,332,1,GCN,T_K,10,80.0,72.41,0:05:52.008439
CHEMBL261,332,1,GCN,T_K,11,80.0,72.41,0:06:27.072884
CHEMBL261,332,1,GCN,T_K,12,79.0,73.71,0:07:02.114743
CHEMBL261,332,1,GCN,T_K,13,77.0,72.84,0:07:37.243225
CHEMBL261,332,1,GCN,T_K,14,73.0,68.97,0:08:12.456462
CHEMBL261,332,1,GCN,T_K,15,75.0,69.4,0:08:47.829125
CHEMBL261,332,1,GCN,T_K,16,75.0,71.98,0:09:22.988258
CHEMBL261,332,1,GCN,T_K,17,76.0,73.28,0:09:58.207414
CHEMBL261,332,1,GCN,T_K,18,83.0,81.9,0:10:33.415023
CHEMBL261,332,1,GCN,T_K,19,83.0,83.62,0:11:08.617000
CHEMBL261,332,1,GCN,T_K,20,89.0,88.36,0:11:43.903510
CHEMBL261,332,1,GCN,T_K,21,90.0,89.22,0:12:19.123317
CHEMBL261,332,1,GCN,T_K,22,91.0,89.66,0:12:54.425327
dataset, size, run, model, variant, k, test_acc, train_acc, gc_training_time
CHEMBL261,332,2,GCN,T_K,1,54.0,50.0,0:00:35.131724
CHEMBL261,332,2,GCN,T_K,2,63.0,64.22,0:01:10.332094
CHEMBL261,332,2,GCN,T_K,3,63.0,64.22,0:01:45.602352
CHEMBL261,332,2,GCN,T_K,4,64.0,64.22,0:02:20.858183
CHEMBL261,332,2,GCN,T_K,5,62.0,66.38,0:02:56.018225
CHEMBL261,332,2,GCN,T_K,6,63.0,66.81,0:03:31.109298
CHEMBL261,332,2,GCN,T_K,7,65.0,68.53,0:04:06.185515
CHEMBL261,332,2,GCN,T_K,8,81.0,85.34,0:04:41.348445
CHEMBL261,332,2,GCN,T_K,9,81.0,85.78,0:05:16.689190
CHEMBL261,332,2,GCN,T_K,10,79.0,87.07,0:05:51.852347
CHEMBL261,332,2,GCN,T_K,11,79.0,87.5,0:06:27.025222
CHEMBL261,332,2,GCN,T_K,12,79.0,87.5,0:07:02.197808
CHEMBL261,332,2,GCN,T_K,13,82.0,88.36,0:07:37.404341
CHEMBL261,332,2,GCN,T_K,14,83.0,89.66,0:08:12.759554
CHEMBL261,332,2,GCN,T_K,15,82.0,87.93,0:08:47.940772
CHEMBL261,332,2,GCN,T_K,16,81.0,89.22,0:09:23.085978
CHEMBL261,332,2,GCN,T_K,17,81.0,88.79,0:09:58.349905
CHEMBL261,332,2,GCN,T_K,18,83.0,90.52,0:10:33.558620
CHEMBL261,332,2,GCN,T_K,19,83.0,90.95,0:11:08.828767
CHEMBL261,332,2,GCN,T_K,20,83.0,90.95,0:11:44.009083
CHEMBL261,332,2,GCN,T_K,21,83.0,90.09,0:12:19.255444
CHEMBL261,332,2,GCN,T_K,22,83.0,87.93,0:12:54.461595
dataset, size, run, model, variant, k, test_acc, train_acc, gc_training_time
CHEMBL261,332,3,GCN,T_K,1,64.0,65.95,0:00:35.086890
CHEMBL261,332,3,GCN,T_K,2,64.0,68.53,0:01:10.308888
CHEMBL261,332,3,GCN,T_K,3,64.0,71.55,0:01:45.716468
CHEMBL261,332,3,GCN,T_K,4,81.0,86.21,0:02:20.927924
CHEMBL261,332,3,GCN,T_K,5,81.0,86.21,0:02:56.083905
CHEMBL261,332,3,GCN,T_K,6,82.0,86.64,0:03:31.231798
CHEMBL261,332,3,GCN,T_K,7,82.0,86.64,0:04:06.518046
CHEMBL261,332,3,GCN,T_K,8,82.0,86.64,0:04:41.891969
CHEMBL261,332,3,GCN,T_K,9,83.0,86.64,0:05:17.163569
CHEMBL261,332,3,GCN,T_K,10,83.0,87.07,0:05:52.202216
CHEMBL261,332,3,GCN,T_K,11,86.0,90.09,0:06:27.393419
CHEMBL261,332,3,GCN,T_K,12,86.0,89.66,0:07:02.663612
CHEMBL261,332,3,GCN,T_K,13,88.0,90.52,0:07:38.075575
CHEMBL261,332,3,GCN,T_K,14,88.0,92.24,0:08:13.162640
CHEMBL261,332,3,GCN,T_K,15,88.0,93.1,0:08:48.288372
CHEMBL261,332,3,GCN,T_K,16,88.0,93.1,0:09:23.416207
CHEMBL261,332,3,GCN,T_K,17,88.0,93.1,0:09:58.519939
CHEMBL261,332,3,GCN,T_K,18,88.0,93.1,0:10:33.814259
CHEMBL261,332,3,GCN,T_K,19,88.0,93.1,0:11:08.990012
CHEMBL261,332,3,GCN,T_K,20,88.0,93.1,0:11:44.101185
CHEMBL261,332,3,GCN,T_K,21,88.0,93.1,0:12:19.194345
CHEMBL261,332,3,GCN,T_K,22,88.0,92.67,0:12:54.296632
dataset, size, run, model, variant, k, test_acc, train_acc, gc_training_time
CHEMBL261,332,4,GCN,T_K,1,62.0,55.6,0:00:35.076959
CHEMBL261,332,4,GCN,T_K,2,84.0,84.91,0:01:10.313085
CHEMBL261,332,4,GCN,T_K,3,84.0,84.91,0:01:45.437477
CHEMBL261,332,4,GCN,T_K,4,84.0,84.91,0:02:20.640917
CHEMBL261,332,4,GCN,T_K,5,86.0,85.78,0:02:55.723259
CHEMBL261,332,4,GCN,T_K,6,87.0,86.21,0:03:31.008427
CHEMBL261,332,4,GCN,T_K,7,86.0,85.78,0:04:06.353702
CHEMBL261,332,4,GCN,T_K,8,86.0,85.78,0:04:41.654339
CHEMBL261,332,4,GCN,T_K,9,86.0,87.5,0:05:16.913431
CHEMBL261,332,4,GCN,T_K,10,86.0,87.5,0:05:52.283022
CHEMBL261,332,4,GCN,T_K,11,86.0,87.5,0:06:27.386443
CHEMBL261,332,4,GCN,T_K,12,86.0,87.5,0:07:02.653766
CHEMBL261,332,4,GCN,T_K,13,87.0,87.07,0:07:37.946543
CHEMBL261,332,4,GCN,T_K,14,87.0,87.07,0:08:13.275882
CHEMBL261,332,4,GCN,T_K,15,87.0,86.64,0:08:48.551952
CHEMBL261,332,4,GCN,T_K,16,87.0,87.93,0:09:23.763510
CHEMBL261,332,4,GCN,T_K,17,89.0,89.22,0:09:58.873575
CHEMBL261,332,4,GCN,T_K,18,91.0,89.22,0:10:34.152556
CHEMBL261,332,4,GCN,T_K,19,92.0,91.81,0:11:09.222882
CHEMBL261,332,4,GCN,T_K,20,92.0,91.81,0:11:44.331658
CHEMBL261,332,4,GCN,T_K,21,90.0,91.81,0:12:19.393864
CHEMBL261,332,4,GCN,T_K,22,91.0,91.38,0:12:54.442076
dataset, size, run, model, variant, k, test_acc, train_acc, gc_training_time
CHEMBL261,332,5,GCN,T_K,1,65.0,56.03,0:00:35.089801
CHEMBL261,332,5,GCN,T_K,2,70.0,59.05,0:01:10.390542
CHEMBL261,332,5,GCN,T_K,3,69.0,59.05,0:01:45.652535
CHEMBL261,332,5,GCN,T_K,4,67.0,62.5,0:02:20.706942
CHEMBL261,332,5,GCN,T_K,5,65.0,68.1,0:02:55.975052
CHEMBL261,332,5,GCN,T_K,6,70.0,69.83,0:03:31.274956
CHEMBL261,332,5,GCN,T_K,7,69.0,69.83,0:04:06.494738
CHEMBL261,332,5,GCN,T_K,8,72.0,70.26,0:04:41.668972
CHEMBL261,332,5,GCN,T_K,9,75.0,72.41,0:05:16.832789
CHEMBL261,332,5,GCN,T_K,10,74.0,72.84,0:05:52.050665
CHEMBL261,332,5,GCN,T_K,11,73.0,72.84,0:06:27.282095
CHEMBL261,332,5,GCN,T_K,12,72.0,74.57,0:07:02.563139
CHEMBL261,332,5,GCN,T_K,13,73.0,75.43,0:07:37.714053
CHEMBL261,332,5,GCN,T_K,14,74.0,75.43,0:08:12.851879
CHEMBL261,332,5,GCN,T_K,15,67.0,68.53,0:08:47.965136
CHEMBL261,332,5,GCN,T_K,16,70.0,69.4,0:09:23.062337
CHEMBL261,332,5,GCN,T_K,17,83.0,81.47,0:09:58.297560
CHEMBL261,332,5,GCN,T_K,18,84.0,81.47,0:10:33.319272
CHEMBL261,332,5,GCN,T_K,19,83.0,84.05,0:11:08.358632
CHEMBL261,332,5,GCN,T_K,20,82.0,84.48,0:11:43.448772
CHEMBL261,332,5,GCN,T_K,21,82.0,84.48,0:12:18.519007
CHEMBL261,332,5,GCN,T_K,22,87.0,90.09,0:12:53.763556
dataset, size, run, model, variant, k, test_acc, train_acc, gc_training_time
CHEMBL261,332,6,GCN,T_K,1,76.0,72.84,0:00:35.185321
CHEMBL261,332,6,GCN,T_K,2,67.0,63.79,0:01:10.473623
CHEMBL261,332,6,GCN,T_K,3,89.0,85.34,0:01:45.671218
CHEMBL261,332,6,GCN,T_K,4,89.0,85.78,0:02:20.878167
CHEMBL261,332,6,GCN,T_K,5,89.0,84.48,0:02:56.031433
CHEMBL261,332,6,GCN,T_K,6,88.0,85.34,0:03:31.342568
CHEMBL261,332,6,GCN,T_K,7,89.0,86.21,0:04:06.555808
CHEMBL261,332,6,GCN,T_K,8,89.0,86.64,0:04:41.770405
CHEMBL261,332,6,GCN,T_K,9,89.0,87.07,0:05:16.914724
CHEMBL261,332,6,GCN,T_K,10,90.0,88.79,0:05:52.129494
CHEMBL261,332,6,GCN,T_K,11,92.0,89.22,0:06:27.454637
CHEMBL261,332,6,GCN,T_K,12,92.0,89.22,0:07:02.624910
CHEMBL261,332,6,GCN,T_K,13,91.0,88.79,0:07:37.894838
CHEMBL261,332,6,GCN,T_K,14,92.0,88.36,0:08:13.057315
CHEMBL261,332,6,GCN,T_K,15,92.0,89.66,0:08:48.285273
CHEMBL261,332,6,GCN,T_K,16,91.0,92.24,0:09:23.612919
CHEMBL261,332,6,GCN,T_K,17,91.0,92.67,0:09:58.822666
CHEMBL261,332,6,GCN,T_K,18,90.0,92.24,0:10:34.080230
CHEMBL261,332,6,GCN,T_K,19,93.0,93.1,0:11:09.264072
CHEMBL261,332,6,GCN,T_K,20,93.0,93.1,0:11:44.427123
CHEMBL261,332,6,GCN,T_K,21,92.0,92.24,0:12:19.657594
CHEMBL261,332,6,GCN,T_K,22,92.0,92.24,0:12:54.791104
dataset, size, run, model, variant, k, test_acc, train_acc, gc_training_time
CHEMBL261,332,7,GCN,T_K,1,63.0,57.76,0:00:35.020596
CHEMBL261,332,7,GCN,T_K,2,67.0,61.64,0:01:10.119888
CHEMBL261,332,7,GCN,T_K,3,68.0,62.07,0:01:45.271237
CHEMBL261,332,7,GCN,T_K,4,74.0,67.67,0:02:20.453767
CHEMBL261,332,7,GCN,T_K,5,71.0,69.4,0:02:55.758402
CHEMBL261,332,7,GCN,T_K,6,71.0,68.97,0:03:30.941085
CHEMBL261,332,7,GCN,T_K,7,71.0,72.84,0:04:06.096542
CHEMBL261,332,7,GCN,T_K,8,72.0,72.41,0:04:41.238776
CHEMBL261,332,7,GCN,T_K,9,71.0,71.55,0:05:16.390141
CHEMBL261,332,7,GCN,T_K,10,64.0,68.1,0:05:51.585077
CHEMBL261,332,7,GCN,T_K,11,78.0,75.43,0:06:26.749814
CHEMBL261,332,7,GCN,T_K,12,76.0,74.57,0:07:01.852403
CHEMBL261,332,7,GCN,T_K,13,77.0,76.29,0:07:37.028625
CHEMBL261,332,7,GCN,T_K,14,77.0,76.29,0:08:12.242861
CHEMBL261,332,7,GCN,T_K,15,76.0,79.31,0:08:47.421717
CHEMBL261,332,7,GCN,T_K,16,82.0,79.74,0:09:22.497940
CHEMBL261,332,7,GCN,T_K,17,82.0,79.74,0:09:57.600579
CHEMBL261,332,7,GCN,T_K,18,83.0,80.6,0:10:32.637672
CHEMBL261,332,7,GCN,T_K,19,92.0,88.36,0:11:07.684788
CHEMBL261,332,7,GCN,T_K,20,92.0,88.36,0:11:42.811988
CHEMBL261,332,7,GCN,T_K,21,92.0,87.93,0:12:18.078385
CHEMBL261,332,7,GCN,T_K,22,93.0,89.22,0:12:53.172823
dataset, size, run, model, variant, k, test_acc, train_acc, gc_training_time
CHEMBL261,332,8,GCN,T_K,1,55.0,61.64,0:00:35.111812
CHEMBL261,332,8,GCN,T_K,2,61.0,71.12,0:01:10.210854
CHEMBL261,332,8,GCN,T_K,3,61.0,71.12,0:01:45.452242
CHEMBL261,332,8,GCN,T_K,4,67.0,71.12,0:02:20.653604
CHEMBL261,332,8,GCN,T_K,5,65.0,72.41,0:02:55.694175
CHEMBL261,332,8,GCN,T_K,6,58.0,75.43,0:03:30.844944
CHEMBL261,332,8,GCN,T_K,7,67.0,77.16,0:04:05.933573
CHEMBL261,332,8,GCN,T_K,8,68.0,77.16,0:04:41.055229
CHEMBL261,332,8,GCN,T_K,9,65.0,77.16,0:05:16.244122
CHEMBL261,332,8,GCN,T_K,10,67.0,77.16,0:05:51.399891
CHEMBL261,332,8,GCN,T_K,11,68.0,80.6,0:06:26.578250
CHEMBL261,332,8,GCN,T_K,12,85.0,81.9,0:07:01.780996
CHEMBL261,332,8,GCN,T_K,13,89.0,83.19,0:07:36.937230
CHEMBL261,332,8,GCN,T_K,14,88.0,82.33,0:08:12.157303
CHEMBL261,332,8,GCN,T_K,15,85.0,84.05,0:08:47.501227
CHEMBL261,332,8,GCN,T_K,16,84.0,83.19,0:09:22.686359
CHEMBL261,332,8,GCN,T_K,17,84.0,84.05,0:09:57.867284
CHEMBL261,332,8,GCN,T_K,18,85.0,84.48,0:10:33.033927
CHEMBL261,332,8,GCN,T_K,19,87.0,85.34,0:11:08.171583
CHEMBL261,332,8,GCN,T_K,20,87.0,84.91,0:11:43.385696
CHEMBL261,332,8,GCN,T_K,21,88.0,87.5,0:12:18.430354
CHEMBL261,332,8,GCN,T_K,22,88.0,87.07,0:12:53.483434
dataset, size, run, model, variant, k, test_acc, train_acc, gc_training_time
CHEMBL261,332,9,GCN,T_K,1,62.0,63.36,0:00:34.964084
CHEMBL261,332,9,GCN,T_K,2,71.0,62.93,0:01:10.005864
CHEMBL261,332,9,GCN,T_K,3,84.0,81.9,0:01:46.663446
CHEMBL261,332,9,GCN,T_K,4,86.0,86.64,0:02:28.576075
CHEMBL261,332,9,GCN,T_K,5,86.0,87.07,0:03:10.447413
CHEMBL261,332,9,GCN,T_K,6,86.0,87.07,0:03:52.404281
CHEMBL261,332,9,GCN,T_K,7,86.0,86.64,0:04:34.296477
CHEMBL261,332,9,GCN,T_K,8,87.0,89.22,0:05:16.211727
CHEMBL261,332,9,GCN,T_K,9,88.0,89.22,0:05:58.272009
CHEMBL261,332,9,GCN,T_K,10,88.0,90.09,0:06:40.035227
CHEMBL261,332,9,GCN,T_K,11,89.0,89.66,0:07:16.804359
CHEMBL261,332,9,GCN,T_K,12,87.0,90.09,0:07:53.494685
CHEMBL261,332,9,GCN,T_K,13,88.0,90.52,0:08:30.189490
CHEMBL261,332,9,GCN,T_K,14,88.0,90.95,0:09:07.050090
CHEMBL261,332,9,GCN,T_K,15,90.0,90.52,0:09:43.929244
CHEMBL261,332,9,GCN,T_K,16,90.0,90.52,0:10:20.799582
CHEMBL261,332,9,GCN,T_K,17,90.0,90.52,0:10:57.682661
CHEMBL261,332,9,GCN,T_K,18,90.0,91.38,0:11:34.527597
CHEMBL261,332,9,GCN,T_K,19,90.0,90.09,0:12:11.503318
CHEMBL261,332,9,GCN,T_K,20,90.0,91.38,0:12:48.368278
CHEMBL261,332,9,GCN,T_K,21,90.0,91.38,0:13:25.216235
CHEMBL261,332,9,GCN,T_K,22,90.0,91.38,0:14:02.112635
dataset, size, run, model, variant, k, test_acc, train_acc, gc_training_time
CHEMBL261,332,10,GCN,T_K,1,53.0,52.59,0:00:36.841990
CHEMBL261,332,10,GCN,T_K,2,51.0,53.88,0:01:13.756613
CHEMBL261,332,10,GCN,T_K,3,63.0,57.76,0:01:50.800801
CHEMBL261,332,10,GCN,T_K,4,62.0,61.21,0:02:27.662787
CHEMBL261,332,10,GCN,T_K,5,59.0,69.4,0:03:04.481318
CHEMBL261,332,10,GCN,T_K,6,56.0,74.14,0:03:41.399877
CHEMBL261,332,10,GCN,T_K,7,56.0,73.71,0:04:18.338473
CHEMBL261,332,10,GCN,T_K,8,59.0,72.84,0:04:55.423148
CHEMBL261,332,10,GCN,T_K,9,63.0,75.43,0:05:32.293759
CHEMBL261,332,10,GCN,T_K,10,68.0,80.17,0:06:09.215348
CHEMBL261,332,10,GCN,T_K,11,68.0,80.6,0:06:46.176530
CHEMBL261,332,10,GCN,T_K,12,67.0,79.74,0:07:23.130909
CHEMBL261,332,10,GCN,T_K,13,81.0,81.47,0:08:00.141202
CHEMBL261,332,10,GCN,T_K,14,84.0,81.9,0:08:37.006388
CHEMBL261,332,10,GCN,T_K,15,84.0,81.9,0:09:13.836922
CHEMBL261,332,10,GCN,T_K,16,85.0,82.33,0:09:50.739413
CHEMBL261,332,10,GCN,T_K,17,88.0,86.64,0:10:27.661217
CHEMBL261,332,10,GCN,T_K,18,87.0,88.36,0:11:04.631142
CHEMBL261,332,10,GCN,T_K,19,85.0,87.93,0:11:41.638011
CHEMBL261,332,10,GCN,T_K,20,85.0,87.93,0:12:18.517658
CHEMBL261,332,10,GCN,T_K,21,87.0,89.22,0:12:55.365913
CHEMBL261,332,10,GCN,T_K,22,88.0,88.36,0:13:32.255483
dataset, size, run, model, variant, k, test_acc, train_acc, gc_training_time
CHEMBL2973,152,1,GCN,T_K,1,54.35,53.77,0:00:17.266801
CHEMBL2973,152,1,GCN,T_K,2,45.65,61.32,0:00:34.439964
CHEMBL2973,152,1,GCN,T_K,3,60.87,66.98,0:00:51.615624
CHEMBL2973,152,1,GCN,T_K,4,58.7,67.92,0:01:08.812829
CHEMBL2973,152,1,GCN,T_K,5,60.87,70.75,0:01:25.969375
CHEMBL2973,152,1,GCN,T_K,6,60.87,69.81,0:01:43.144466
CHEMBL2973,152,1,GCN,T_K,7,60.87,71.7,0:02:00.342524
CHEMBL2973,152,1,GCN,T_K,8,60.87,71.7,0:02:17.551720
CHEMBL2973,152,1,GCN,T_K,9,67.39,67.92,0:02:34.750577
CHEMBL2973,152,1,GCN,T_K,10,65.22,66.98,0:02:51.933911
CHEMBL2973,152,1,GCN,T_K,11,60.87,67.92,0:03:09.131299
CHEMBL2973,152,1,GCN,T_K,12,69.57,69.81,0:03:26.405528
CHEMBL2973,152,1,GCN,T_K,13,69.57,70.75,0:03:43.538557
CHEMBL2973,152,1,GCN,T_K,14,67.39,68.87,0:04:00.713779
CHEMBL2973,152,1,GCN,T_K,15,76.09,80.19,0:04:17.886966
CHEMBL2973,152,1,GCN,T_K,16,76.09,79.25,0:04:35.055796
CHEMBL2973,152,1,GCN,T_K,17,76.09,79.25,0:04:52.254902
CHEMBL2973,152,1,GCN,T_K,18,78.26,79.25,0:05:09.424215
CHEMBL2973,152,1,GCN,T_K,19,82.61,80.19,0:05:26.647445
CHEMBL2973,152,1,GCN,T_K,20,76.09,82.08,0:05:43.863075
CHEMBL2973,152,1,GCN,T_K,21,78.26,83.02,0:06:01.027890
CHEMBL2973,152,1,GCN,T_K,22,78.26,83.96,0:06:18.226475
dataset, size, run, model, variant, k, test_acc, train_acc, gc_training_time
CHEMBL2973,152,2,GCN,T_K,1,56.52,53.77,0:00:17.252288
CHEMBL2973,152,2,GCN,T_K,2,58.7,59.43,0:00:34.404493
CHEMBL2973,152,2,GCN,T_K,3,56.52,56.6,0:00:51.578147
CHEMBL2973,152,2,GCN,T_K,4,58.7,55.66,0:01:08.739257
CHEMBL2973,152,2,GCN,T_K,5,60.87,57.55,0:01:25.907101
CHEMBL2973,152,2,GCN,T_K,6,58.7,56.6,0:01:43.088478
CHEMBL2973,152,2,GCN,T_K,7,60.87,56.6,0:02:00.262060
CHEMBL2973,152,2,GCN,T_K,8,65.22,57.55,0:02:17.424432
CHEMBL2973,152,2,GCN,T_K,9,67.39,68.87,0:02:34.582482
CHEMBL2973,152,2,GCN,T_K,10,67.39,69.81,0:02:51.822984
CHEMBL2973,152,2,GCN,T_K,11,67.39,68.87,0:03:09.070825
CHEMBL2973,152,2,GCN,T_K,12,67.39,74.53,0:03:26.388692
CHEMBL2973,152,2,GCN,T_K,13,67.39,74.53,0:03:43.630676
CHEMBL2973,152,2,GCN,T_K,14,71.74,77.36,0:04:00.834200
CHEMBL2973,152,2,GCN,T_K,15,71.74,78.3,0:04:17.999300
CHEMBL2973,152,2,GCN,T_K,16,67.39,77.36,0:04:35.156618
CHEMBL2973,152,2,GCN,T_K,17,67.39,77.36,0:04:52.356942
CHEMBL2973,152,2,GCN,T_K,18,76.09,78.3,0:05:09.531950
CHEMBL2973,152,2,GCN,T_K,19,76.09,78.3,0:05:27.009437
CHEMBL2973,152,2,GCN,T_K,20,73.91,78.3,0:05:46.223273
CHEMBL2973,152,2,GCN,T_K,21,69.57,78.3,0:06:05.127084
CHEMBL2973,152,2,GCN,T_K,22,69.57,80.19,0:06:24.408249
dataset, size, run, model, variant, k, test_acc, train_acc, gc_training_time
CHEMBL2973,152,3,GCN,T_K,1,50.0,50.0,0:00:19.034031
CHEMBL2973,152,3,GCN,T_K,2,50.0,50.0,0:00:37.617818
CHEMBL2973,152,3,GCN,T_K,3,50.0,50.0,0:00:56.547188
CHEMBL2973,152,3,GCN,T_K,4,50.0,50.0,0:01:15.432588
CHEMBL2973,152,3,GCN,T_K,5,50.0,50.0,0:01:33.571144
CHEMBL2973,152,3,GCN,T_K,6,78.26,60.38,0:01:51.952753
CHEMBL2973,152,3,GCN,T_K,7,69.57,55.66,0:02:10.375015
CHEMBL2973,152,3,GCN,T_K,8,76.09,61.32,0:02:28.891871
CHEMBL2973,152,3,GCN,T_K,9,67.39,56.6,0:02:47.388691
CHEMBL2973,152,3,GCN,T_K,10,71.74,60.38,0:03:05.822465
CHEMBL2973,152,3,GCN,T_K,11,50.0,50.94,0:03:24.254639
CHEMBL2973,152,3,GCN,T_K,12,71.74,60.38,0:03:42.428500
CHEMBL2973,152,3,GCN,T_K,13,78.26,62.26,0:04:00.987586
CHEMBL2973,152,3,GCN,T_K,14,50.0,50.0,0:04:19.583887
CHEMBL2973,152,3,GCN,T_K,15,80.43,59.43,0:04:38.534100
CHEMBL2973,152,3,GCN,T_K,16,50.0,50.0,0:04:57.041763
CHEMBL2973,152,3,GCN,T_K,17,50.0,50.0,0:05:15.267145
CHEMBL2973,152,3,GCN,T_K,18,60.87,52.83,0:05:33.691062
CHEMBL2973,152,3,GCN,T_K,19,80.43,64.15,0:05:52.155836
CHEMBL2973,152,3,GCN,T_K,20,52.17,50.0,0:06:10.306242
CHEMBL2973,152,3,GCN,T_K,21,80.43,63.21,0:06:28.496721
CHEMBL2973,152,3,GCN,T_K,22,80.43,63.21,0:06:46.674447
dataset, size, run, model, variant, k, test_acc, train_acc, gc_training_time
CHEMBL2973,152,4,GCN,T_K,1,47.83,59.43,0:00:18.307754
CHEMBL2973,152,4,GCN,T_K,2,43.48,50.0,0:00:36.485214
CHEMBL2973,152,4,GCN,T_K,3,45.65,57.55,0:00:54.962113
CHEMBL2973,152,4,GCN,T_K,4,50.0,64.15,0:01:13.588025
CHEMBL2973,152,4,GCN,T_K,5,50.0,62.26,0:01:31.776990
CHEMBL2973,152,4,GCN,T_K,6,50.0,63.21,0:01:50.070441
CHEMBL2973,152,4,GCN,T_K,7,52.17,66.98,0:02:08.087694
CHEMBL2973,152,4,GCN,T_K,8,52.17,66.98,0:02:26.568387
CHEMBL2973,152,4,GCN,T_K,9,56.52,67.92,0:02:44.763377
CHEMBL2973,152,4,GCN,T_K,10,54.35,69.81,0:03:03.465954
CHEMBL2973,152,4,GCN,T_K,11,54.35,70.75,0:03:21.776983
CHEMBL2973,152,4,GCN,T_K,12,52.17,68.87,0:03:39.936149
CHEMBL2973,152,4,GCN,T_K,13,52.17,71.7,0:03:58.148359
CHEMBL2973,152,4,GCN,T_K,14,52.17,72.64,0:04:16.466480
CHEMBL2973,152,4,GCN,T_K,15,52.17,72.64,0:04:35.287726
CHEMBL2973,152,4,GCN,T_K,16,52.17,73.58,0:04:54.256933
CHEMBL2973,152,4,GCN,T_K,17,52.17,74.53,0:05:13.187034
CHEMBL2973,152,4,GCN,T_K,18,63.04,69.81,0:05:32.140859
CHEMBL2973,152,4,GCN,T_K,19,60.87,69.81,0:05:51.115665
CHEMBL2973,152,4,GCN,T_K,20,65.22,74.53,0:06:10.060762
CHEMBL2973,152,4,GCN,T_K,21,65.22,76.42,0:06:28.956988
CHEMBL2973,152,4,GCN,T_K,22,63.04,77.36,0:06:48.002127
dataset, size, run, model, variant, k, test_acc, train_acc, gc_training_time
CHEMBL2973,152,5,GCN,T_K,1,56.52,58.49,0:00:18.870991
CHEMBL2973,152,5,GCN,T_K,2,65.22,61.32,0:00:37.441853
CHEMBL2973,152,5,GCN,T_K,3,54.35,64.15,0:00:55.901186
CHEMBL2973,152,5,GCN,T_K,4,56.52,66.98,0:01:14.233757
CHEMBL2973,152,5,GCN,T_K,5,54.35,66.04,0:01:32.882166
CHEMBL2973,152,5,GCN,T_K,6,54.35,66.04,0:01:51.368165
CHEMBL2973,152,5,GCN,T_K,7,60.87,67.92,0:02:09.632187
CHEMBL2973,152,5,GCN,T_K,8,60.87,66.98,0:02:28.112940
CHEMBL2973,152,5,GCN,T_K,9,63.04,66.04,0:02:46.637369
CHEMBL2973,152,5,GCN,T_K,10,63.04,66.98,0:03:04.841133
CHEMBL2973,152,5,GCN,T_K,11,63.04,66.98,0:03:23.267079
CHEMBL2973,152,5,GCN,T_K,12,60.87,70.75,0:03:41.904235
CHEMBL2973,152,5,GCN,T_K,13,71.74,72.64,0:04:00.839535
CHEMBL2973,152,5,GCN,T_K,14,71.74,74.53,0:04:19.703259
CHEMBL2973,152,5,GCN,T_K,15,73.91,76.42,0:04:38.069732
CHEMBL2973,152,5,GCN,T_K,16,73.91,77.36,0:04:56.562095
CHEMBL2973,152,5,GCN,T_K,17,73.91,77.36,0:05:14.698551
CHEMBL2973,152,5,GCN,T_K,18,73.91,78.3,0:05:33.358409
CHEMBL2973,152,5,GCN,T_K,19,73.91,78.3,0:05:52.008543
CHEMBL2973,152,5,GCN,T_K,20,76.09,78.3,0:06:10.922538
CHEMBL2973,152,5,GCN,T_K,21,65.22,79.25,0:06:29.885853
CHEMBL2973,152,5,GCN,T_K,22,65.22,80.19,0:06:48.240658
dataset, size, run, model, variant, k, test_acc, train_acc, gc_training_time
CHEMBL2973,152,6,GCN,T_K,1,54.35,45.28,0:00:18.430206
CHEMBL2973,152,6,GCN,T_K,2,54.35,60.38,0:00:36.633550
CHEMBL2973,152,6,GCN,T_K,3,54.35,69.81,0:00:55.213686
CHEMBL2973,152,6,GCN,T_K,4,56.52,69.81,0:01:13.960330
CHEMBL2973,152,6,GCN,T_K,5,52.17,75.47,0:01:32.210996
CHEMBL2973,152,6,GCN,T_K,6,56.52,72.64,0:01:50.727552
CHEMBL2973,152,6,GCN,T_K,7,56.52,75.47,0:02:08.917835
CHEMBL2973,152,6,GCN,T_K,8,63.04,78.3,0:02:27.180627
CHEMBL2973,152,6,GCN,T_K,9,60.87,76.42,0:02:45.194460
CHEMBL2973,152,6,GCN,T_K,10,58.7,76.42,0:03:02.485305
CHEMBL2973,152,6,GCN,T_K,11,65.22,77.36,0:03:19.626699
CHEMBL2973,152,6,GCN,T_K,12,65.22,78.3,0:03:36.773709
CHEMBL2973,152,6,GCN,T_K,13,65.22,78.3,0:03:53.902214
CHEMBL2973,152,6,GCN,T_K,14,71.74,79.25,0:04:11.192754
CHEMBL2973,152,6,GCN,T_K,15,71.74,79.25,0:04:28.523468
CHEMBL2973,152,6,GCN,T_K,16,71.74,79.25,0:04:45.847855
CHEMBL2973,152,6,GCN,T_K,17,65.22,83.96,0:05:03.149577
CHEMBL2973,152,6,GCN,T_K,18,65.22,83.96,0:05:20.376256
CHEMBL2973,152,6,GCN,T_K,19,69.57,84.91,0:05:37.550521
CHEMBL2973,152,6,GCN,T_K,20,67.39,85.85,0:05:54.723724
CHEMBL2973,152,6,GCN,T_K,21,63.04,84.91,0:06:11.983706
CHEMBL2973,152,6,GCN,T_K,22,67.39,83.96,0:06:29.156449
dataset, size, run, model, variant, k, test_acc, train_acc, gc_training_time
CHEMBL2973,152,7,GCN,T_K,1,54.35,63.21,0:00:17.130929
CHEMBL2973,152,7,GCN,T_K,2,50.0,60.38,0:00:34.304057
CHEMBL2973,152,7,GCN,T_K,3,47.83,62.26,0:00:51.431931
CHEMBL2973,152,7,GCN,T_K,4,50.0,59.43,0:01:08.600136
CHEMBL2973,152,7,GCN,T_K,5,52.17,60.38,0:01:25.801904
CHEMBL2973,152,7,GCN,T_K,6,47.83,64.15,0:01:43.023695
CHEMBL2973,152,7,GCN,T_K,7,54.35,66.04,0:02:00.229813
CHEMBL2973,152,7,GCN,T_K,8,52.17,64.15,0:02:17.448171
CHEMBL2973,152,7,GCN,T_K,9,63.04,72.64,0:02:34.639323
CHEMBL2973,152,7,GCN,T_K,10,63.04,78.3,0:02:51.944045
CHEMBL2973,152,7,GCN,T_K,11,56.52,76.42,0:03:09.122554
CHEMBL2973,152,7,GCN,T_K,12,58.7,77.36,0:03:26.312430
CHEMBL2973,152,7,GCN,T_K,13,56.52,79.25,0:03:43.575210
CHEMBL2973,152,7,GCN,T_K,14,56.52,79.25,0:04:00.885625
CHEMBL2973,152,7,GCN,T_K,15,56.52,77.36,0:04:18.154857
CHEMBL2973,152,7,GCN,T_K,16,56.52,81.13,0:04:35.434710
CHEMBL2973,152,7,GCN,T_K,17,60.87,81.13,0:04:52.705410
CHEMBL2973,152,7,GCN,T_K,18,60.87,79.25,0:05:09.935676
CHEMBL2973,152,7,GCN,T_K,19,56.52,82.08,0:05:27.163439
CHEMBL2973,152,7,GCN,T_K,20,58.7,79.25,0:05:44.376492
CHEMBL2973,152,7,GCN,T_K,21,60.87,81.13,0:06:01.683433
CHEMBL2973,152,7,GCN,T_K,22,56.52,83.02,0:06:18.869396
dataset, size, run, model, variant, k, test_acc, train_acc, gc_training_time
CHEMBL2973,152,8,GCN,T_K,1,45.65,63.21,0:00:17.138768
CHEMBL2973,152,8,GCN,T_K,2,43.48,64.15,0:00:34.339484
CHEMBL2973,152,8,GCN,T_K,3,47.83,64.15,0:00:51.526954
CHEMBL2973,152,8,GCN,T_K,4,56.52,73.58,0:01:08.741756
CHEMBL2973,152,8,GCN,T_K,5,52.17,66.98,0:01:25.953021
CHEMBL2973,152,8,GCN,T_K,6,52.17,66.98,0:01:43.196695
CHEMBL2973,152,8,GCN,T_K,7,54.35,68.87,0:02:00.486460
CHEMBL2973,152,8,GCN,T_K,8,58.7,72.64,0:02:17.796380
CHEMBL2973,152,8,GCN,T_K,9,73.91,76.42,0:02:35.197536
CHEMBL2973,152,8,GCN,T_K,10,67.39,78.3,0:02:52.508195
CHEMBL2973,152,8,GCN,T_K,11,65.22,76.42,0:03:09.803945
CHEMBL2973,152,8,GCN,T_K,12,73.91,78.3,0:03:27.114384
CHEMBL2973,152,8,GCN,T_K,13,76.09,78.3,0:03:44.304127
CHEMBL2973,152,8,GCN,T_K,14,76.09,78.3,0:04:01.456084
CHEMBL2973,152,8,GCN,T_K,15,76.09,78.3,0:04:18.751443
CHEMBL2973,152,8,GCN,T_K,16,69.57,77.36,0:04:36.049606
CHEMBL2973,152,8,GCN,T_K,17,69.57,77.36,0:04:53.352169
CHEMBL2973,152,8,GCN,T_K,18,71.74,81.13,0:05:10.664439
CHEMBL2973,152,8,GCN,T_K,19,69.57,81.13,0:05:27.986407
CHEMBL2973,152,8,GCN,T_K,20,69.57,83.96,0:05:45.398121
CHEMBL2973,152,8,GCN,T_K,21,67.39,84.91,0:06:02.715547
CHEMBL2973,152,8,GCN,T_K,22,50.0,50.94,0:06:20.009239
dataset, size, run, model, variant, k, test_acc, train_acc, gc_training_time
CHEMBL2973,152,9,GCN,T_K,1,43.48,55.66,0:00:17.288469
CHEMBL2973,152,9,GCN,T_K,2,54.35,63.21,0:00:34.571412
CHEMBL2973,152,9,GCN,T_K,3,67.39,62.26,0:00:51.852041
CHEMBL2973,152,9,GCN,T_K,4,67.39,62.26,0:01:08.999976
CHEMBL2973,152,9,GCN,T_K,5,71.74,61.32,0:01:26.145372
CHEMBL2973,152,9,GCN,T_K,6,69.57,62.26,0:01:43.300781
CHEMBL2973,152,9,GCN,T_K,7,67.39,61.32,0:02:00.450703
CHEMBL2973,152,9,GCN,T_K,8,65.22,62.26,0:02:17.602286
CHEMBL2973,152,9,GCN,T_K,9,65.22,62.26,0:02:34.841697
CHEMBL2973,152,9,GCN,T_K,10,65.22,61.32,0:02:52.089020
CHEMBL2973,152,9,GCN,T_K,11,65.22,61.32,0:03:09.382399
CHEMBL2973,152,9,GCN,T_K,12,73.91,65.09,0:03:26.700719
CHEMBL2973,152,9,GCN,T_K,13,73.91,66.04,0:03:44.019916
CHEMBL2973,152,9,GCN,T_K,14,76.09,66.04,0:04:01.323680
CHEMBL2973,152,9,GCN,T_K,15,73.91,68.87,0:04:18.642979
CHEMBL2973,152,9,GCN,T_K,16,78.26,66.98,0:04:35.956182
CHEMBL2973,152,9,GCN,T_K,17,78.26,67.92,0:04:53.243331
CHEMBL2973,152,9,GCN,T_K,18,78.26,66.98,0:05:10.575050
CHEMBL2973,152,9,GCN,T_K,19,78.26,66.98,0:05:27.892019
CHEMBL2973,152,9,GCN,T_K,20,78.26,66.98,0:05:45.281544
CHEMBL2973,152,9,GCN,T_K,21,78.26,66.98,0:06:02.566712
CHEMBL2973,152,9,GCN,T_K,22,73.91,67.92,0:06:19.745330
dataset, size, run, model, variant, k, test_acc, train_acc, gc_training_time
CHEMBL2973,152,10,GCN,T_K,1,43.48,58.49,0:00:17.104858
CHEMBL2973,152,10,GCN,T_K,2,45.65,59.43,0:00:34.265315
CHEMBL2973,152,10,GCN,T_K,3,45.65,60.38,0:00:51.390159
CHEMBL2973,152,10,GCN,T_K,4,47.83,58.49,0:01:08.547180
CHEMBL2973,152,10,GCN,T_K,5,47.83,58.49,0:01:25.697377
CHEMBL2973,152,10,GCN,T_K,6,50.0,56.6,0:01:42.842402
CHEMBL2973,152,10,GCN,T_K,7,43.48,57.55,0:01:59.995310
CHEMBL2973,152,10,GCN,T_K,8,45.65,58.49,0:02:17.207240
CHEMBL2973,152,10,GCN,T_K,9,65.22,66.04,0:02:34.511994
CHEMBL2973,152,10,GCN,T_K,10,65.22,66.04,0:02:51.773196
CHEMBL2973,152,10,GCN,T_K,11,60.87,64.15,0:03:08.975499
CHEMBL2973,152,10,GCN,T_K,12,65.22,62.26,0:03:26.201194
CHEMBL2973,152,10,GCN,T_K,13,65.22,64.15,0:03:43.387184
CHEMBL2973,152,10,GCN,T_K,14,65.22,66.04,0:04:00.617136
CHEMBL2973,152,10,GCN,T_K,15,80.43,60.38,0:04:17.838105
CHEMBL2973,152,10,GCN,T_K,16,78.26,61.32,0:04:35.041210
CHEMBL2973,152,10,GCN,T_K,17,78.26,63.21,0:04:52.247072
CHEMBL2973,152,10,GCN,T_K,18,76.09,69.81,0:05:09.442226
CHEMBL2973,152,10,GCN,T_K,19,76.09,70.75,0:05:26.796131
CHEMBL2973,152,10,GCN,T_K,20,73.91,70.75,0:05:44.035691
CHEMBL2973,152,10,GCN,T_K,21,76.09,70.75,0:06:01.238649
CHEMBL2973,152,10,GCN,T_K,22,76.09,71.7,0:06:18.435913
dataset, size, run, model, variant, k, test_acc, train_acc, gc_training_time
CHEMBL4822,266,1,GCN,T_K,1,65.0,67.2,0:00:29.547320
CHEMBL4822,266,1,GCN,T_K,2,63.75,68.28,0:00:59.032111
CHEMBL4822,266,1,GCN,T_K,3,60.0,71.51,0:01:28.467473
CHEMBL4822,266,1,GCN,T_K,4,60.0,67.74,0:01:57.922473
CHEMBL4822,266,1,GCN,T_K,5,62.5,74.73,0:02:27.474618
CHEMBL4822,266,1,GCN,T_K,6,62.5,74.19,0:02:57.125211
CHEMBL4822,266,1,GCN,T_K,7,61.25,74.73,0:03:26.720245
CHEMBL4822,266,1,GCN,T_K,8,62.5,72.58,0:03:56.192376
CHEMBL4822,266,1,GCN,T_K,9,62.5,74.19,0:04:25.653881
CHEMBL4822,266,1,GCN,T_K,10,65.0,76.34,0:04:55.143897
CHEMBL4822,266,1,GCN,T_K,11,65.0,75.81,0:05:24.945801
CHEMBL4822,266,1,GCN,T_K,12,67.5,72.04,0:05:54.556467
CHEMBL4822,266,1,GCN,T_K,13,68.75,72.04,0:06:24.059473
CHEMBL4822,266,1,GCN,T_K,14,67.5,70.97,0:06:53.522021
CHEMBL4822,266,1,GCN,T_K,15,66.25,76.88,0:07:22.980980
CHEMBL4822,266,1,GCN,T_K,16,68.75,77.42,0:07:52.483307
CHEMBL4822,266,1,GCN,T_K,17,73.75,79.57,0:08:22.104614
CHEMBL4822,266,1,GCN,T_K,18,78.75,81.18,0:08:51.593120
CHEMBL4822,266,1,GCN,T_K,19,72.5,83.33,0:09:21.165958
CHEMBL4822,266,1,GCN,T_K,20,78.75,82.8,0:09:50.628917
CHEMBL4822,266,1,GCN,T_K,21,76.25,86.02,0:10:20.095495
CHEMBL4822,266,1,GCN,T_K,22,77.5,84.41,0:10:49.668461
dataset, size, run, model, variant, k, test_acc, train_acc, gc_training_time
CHEMBL4822,266,2,GCN,T_K,1,57.5,63.98,0:00:29.561233
CHEMBL4822,266,2,GCN,T_K,2,52.5,60.75,0:00:59.067410
CHEMBL4822,266,2,GCN,T_K,3,51.25,62.37,0:01:28.574227
CHEMBL4822,266,2,GCN,T_K,4,56.25,59.68,0:01:58.039441
CHEMBL4822,266,2,GCN,T_K,5,51.25,59.14,0:02:27.516429
CHEMBL4822,266,2,GCN,T_K,6,56.25,61.29,0:02:57.216427
CHEMBL4822,266,2,GCN,T_K,7,63.75,62.9,0:03:26.779365
CHEMBL4822,266,2,GCN,T_K,8,63.75,65.05,0:03:56.482124
CHEMBL4822,266,2,GCN,T_K,9,67.5,72.04,0:04:25.950260
CHEMBL4822,266,2,GCN,T_K,10,68.75,72.04,0:04:55.429067
CHEMBL4822,266,2,GCN,T_K,11,67.5,72.58,0:05:24.946893
CHEMBL4822,266,2,GCN,T_K,12,81.25,75.27,0:05:54.548553
CHEMBL4822,266,2,GCN,T_K,13,82.5,75.27,0:06:24.070179
CHEMBL4822,266,2,GCN,T_K,14,83.75,73.66,0:06:53.713138
CHEMBL4822,266,2,GCN,T_K,15,78.75,74.73,0:07:23.220226
CHEMBL4822,266,2,GCN,T_K,16,77.5,75.81,0:07:52.765396
CHEMBL4822,266,2,GCN,T_K,17,78.75,76.34,0:08:22.234852
CHEMBL4822,266,2,GCN,T_K,18,77.5,75.27,0:08:51.793933
CHEMBL4822,266,2,GCN,T_K,19,77.5,75.27,0:09:21.310561
CHEMBL4822,266,2,GCN,T_K,20,80.0,74.19,0:09:51.086921
CHEMBL4822,266,2,GCN,T_K,21,75.0,76.88,0:10:20.741489
CHEMBL4822,266,2,GCN,T_K,22,75.0,77.42,0:10:50.275996
dataset, size, run, model, variant, k, test_acc, train_acc, gc_training_time
CHEMBL4822,266,3,GCN,T_K,1,55.0,47.31,0:00:29.654662
CHEMBL4822,266,3,GCN,T_K,2,53.75,58.06,0:00:59.199730
CHEMBL4822,266,3,GCN,T_K,3,55.0,58.06,0:01:28.667228
CHEMBL4822,266,3,GCN,T_K,4,52.5,57.53,0:01:58.216496
CHEMBL4822,266,3,GCN,T_K,5,56.25,60.22,0:02:27.653443
CHEMBL4822,266,3,GCN,T_K,6,55.0,60.22,0:02:57.205172
CHEMBL4822,266,3,GCN,T_K,7,55.0,60.75,0:03:26.641207
CHEMBL4822,266,3,GCN,T_K,8,55.0,65.05,0:03:56.209021
CHEMBL4822,266,3,GCN,T_K,9,73.75,71.51,0:04:25.693890
CHEMBL4822,266,3,GCN,T_K,10,76.25,72.04,0:04:55.226522
CHEMBL4822,266,3,GCN,T_K,11,76.25,72.04,0:05:24.777202
CHEMBL4822,266,3,GCN,T_K,12,73.75,74.73,0:05:54.259526
CHEMBL4822,266,3,GCN,T_K,13,72.5,76.34,0:06:23.877855
CHEMBL4822,266,3,GCN,T_K,14,72.5,75.81,0:06:53.401761
CHEMBL4822,266,3,GCN,T_K,15,78.75,84.41,0:07:22.860956
CHEMBL4822,266,3,GCN,T_K,16,77.5,82.8,0:07:52.352340
CHEMBL4822,266,3,GCN,T_K,17,80.0,83.87,0:08:21.948917
CHEMBL4822,266,3,GCN,T_K,18,80.0,83.33,0:08:51.411107
CHEMBL4822,266,3,GCN,T_K,19,80.0,84.95,0:09:20.877953
CHEMBL4822,266,3,GCN,T_K,20,80.0,84.95,0:09:50.422724
CHEMBL4822,266,3,GCN,T_K,21,78.75,84.41,0:10:19.903545
CHEMBL4822,266,3,GCN,T_K,22,78.75,84.41,0:10:49.440733
dataset, size, run, model, variant, k, test_acc, train_acc, gc_training_time
CHEMBL4822,266,4,GCN,T_K,1,50.0,50.0,0:00:29.760283
CHEMBL4822,266,4,GCN,T_K,2,50.0,50.0,0:00:59.229361
CHEMBL4822,266,4,GCN,T_K,3,73.75,79.03,0:01:28.740351
CHEMBL4822,266,4,GCN,T_K,4,73.75,79.03,0:01:58.282661
CHEMBL4822,266,4,GCN,T_K,5,73.75,79.03,0:02:27.854131
CHEMBL4822,266,4,GCN,T_K,6,73.75,79.03,0:02:57.451871
CHEMBL4822,266,4,GCN,T_K,7,75.0,79.03,0:03:27.138859
CHEMBL4822,266,4,GCN,T_K,8,75.0,80.11,0:03:56.728127
CHEMBL4822,266,4,GCN,T_K,9,75.0,80.11,0:04:26.263792
CHEMBL4822,266,4,GCN,T_K,10,75.0,81.18,0:04:55.743386
CHEMBL4822,266,4,GCN,T_K,11,73.75,81.18,0:05:25.216746
CHEMBL4822,266,4,GCN,T_K,12,73.75,81.18,0:05:54.720953
CHEMBL4822,266,4,GCN,T_K,13,76.25,80.11,0:06:24.256264
CHEMBL4822,266,4,GCN,T_K,14,77.5,80.11,0:06:53.764932
CHEMBL4822,266,4,GCN,T_K,15,80.0,82.26,0:07:23.261446
CHEMBL4822,266,4,GCN,T_K,16,82.5,83.33,0:07:52.713133
CHEMBL4822,266,4,GCN,T_K,17,81.25,82.8,0:08:22.225225
CHEMBL4822,266,4,GCN,T_K,18,81.25,82.26,0:08:51.816150
CHEMBL4822,266,4,GCN,T_K,19,81.25,83.87,0:09:21.564065
CHEMBL4822,266,4,GCN,T_K,20,81.25,84.41,0:09:51.157079
CHEMBL4822,266,4,GCN,T_K,21,81.25,84.41,0:10:20.735651
CHEMBL4822,266,4,GCN,T_K,22,81.25,84.95,0:10:50.449495
dataset, size, run, model, variant, k, test_acc, train_acc, gc_training_time
CHEMBL4822,266,5,GCN,T_K,1,53.75,56.45,0:00:29.662441
CHEMBL4822,266,5,GCN,T_K,2,52.5,56.45,0:00:59.294264
CHEMBL4822,266,5,GCN,T_K,3,55.0,62.9,0:01:28.746371
CHEMBL4822,266,5,GCN,T_K,4,60.0,69.35,0:01:58.323597
CHEMBL4822,266,5,GCN,T_K,5,65.0,71.51,0:02:27.754863
CHEMBL4822,266,5,GCN,T_K,6,65.0,73.66,0:02:57.256741
CHEMBL4822,266,5,GCN,T_K,7,65.0,73.12,0:03:26.894334
CHEMBL4822,266,5,GCN,T_K,8,66.25,73.66,0:03:56.381014
CHEMBL4822,266,5,GCN,T_K,9,66.25,72.04,0:04:25.818926
CHEMBL4822,266,5,GCN,T_K,10,63.75,73.12,0:04:55.500504
CHEMBL4822,266,5,GCN,T_K,11,65.0,74.73,0:05:24.986801
CHEMBL4822,266,5,GCN,T_K,12,65.0,74.73,0:05:54.484392
CHEMBL4822,266,5,GCN,T_K,13,75.0,75.27,0:06:23.892112
CHEMBL4822,266,5,GCN,T_K,14,73.75,75.81,0:06:53.540097
CHEMBL4822,266,5,GCN,T_K,15,76.25,76.34,0:07:23.247191
CHEMBL4822,266,5,GCN,T_K,16,75.0,75.81,0:07:52.821487
CHEMBL4822,266,5,GCN,T_K,17,75.0,76.88,0:08:22.469425
CHEMBL4822,266,5,GCN,T_K,18,75.0,76.34,0:08:51.994494
CHEMBL4822,266,5,GCN,T_K,19,73.75,76.88,0:09:21.596199
CHEMBL4822,266,5,GCN,T_K,20,73.75,77.96,0:09:51.156675
CHEMBL4822,266,5,GCN,T_K,21,70.0,79.03,0:10:20.749133
CHEMBL4822,266,5,GCN,T_K,22,70.0,78.49,0:10:50.293428
dataset, size, run, model, variant, k, test_acc, train_acc, gc_training_time
CHEMBL4822,266,6,GCN,T_K,1,50.0,50.0,0:00:29.638471
CHEMBL4822,266,6,GCN,T_K,2,48.75,49.46,0:00:59.220551
CHEMBL4822,266,6,GCN,T_K,3,53.75,51.61,0:01:28.792635
CHEMBL4822,266,6,GCN,T_K,4,52.5,55.91,0:01:58.353912
CHEMBL4822,266,6,GCN,T_K,5,52.5,55.91,0:02:27.887847
CHEMBL4822,266,6,GCN,T_K,6,63.75,65.05,0:02:57.406333
CHEMBL4822,266,6,GCN,T_K,7,63.75,64.52,0:03:26.971327
CHEMBL4822,266,6,GCN,T_K,8,67.5,66.67,0:03:56.414665
CHEMBL4822,266,6,GCN,T_K,9,70.0,65.05,0:04:25.934787
CHEMBL4822,266,6,GCN,T_K,10,71.25,70.97,0:04:55.567433
CHEMBL4822,266,6,GCN,T_K,11,78.75,75.81,0:05:25.050178
CHEMBL4822,266,6,GCN,T_K,12,78.75,75.27,0:05:54.491463
CHEMBL4822,266,6,GCN,T_K,13,83.75,83.87,0:06:23.978559
CHEMBL4822,266,6,GCN,T_K,14,83.75,84.41,0:06:53.711522
CHEMBL4822,266,6,GCN,T_K,15,83.75,80.11,0:07:23.405378
CHEMBL4822,266,6,GCN,T_K,16,82.5,80.11,0:07:53.150682
CHEMBL4822,266,6,GCN,T_K,17,82.5,80.65,0:08:22.701276
CHEMBL4822,266,6,GCN,T_K,18,83.75,80.65,0:08:52.160970
CHEMBL4822,266,6,GCN,T_K,19,83.75,80.65,0:09:21.673707
CHEMBL4822,266,6,GCN,T_K,20,83.75,80.65,0:09:51.258341
CHEMBL4822,266,6,GCN,T_K,21,85.0,82.8,0:10:20.690785
CHEMBL4822,266,6,GCN,T_K,22,85.0,82.8,0:10:50.185836
dataset, size, run, model, variant, k, test_acc, train_acc, gc_training_time
CHEMBL4822,266,7,GCN,T_K,1,52.5,53.76,0:00:29.401373
CHEMBL4822,266,7,GCN,T_K,2,60.0,70.43,0:00:58.872151
CHEMBL4822,266,7,GCN,T_K,3,63.75,67.2,0:01:28.333696
CHEMBL4822,266,7,GCN,T_K,4,62.5,71.51,0:01:57.934944
CHEMBL4822,266,7,GCN,T_K,5,48.75,56.45,0:02:27.359634
CHEMBL4822,266,7,GCN,T_K,6,62.5,61.83,0:02:56.841570
CHEMBL4822,266,7,GCN,T_K,7,66.25,62.37,0:03:26.324500
CHEMBL4822,266,7,GCN,T_K,8,66.25,64.52,0:03:55.767501
CHEMBL4822,266,7,GCN,T_K,9,66.25,64.52,0:04:25.223146
CHEMBL4822,266,7,GCN,T_K,10,62.5,61.29,0:04:54.716038
CHEMBL4822,266,7,GCN,T_K,11,62.5,61.29,0:05:24.276917
CHEMBL4822,266,7,GCN,T_K,12,62.5,61.29,0:05:53.714111
CHEMBL4822,266,7,GCN,T_K,13,66.25,60.75,0:06:23.161692
CHEMBL4822,266,7,GCN,T_K,14,66.25,60.75,0:06:52.592256
CHEMBL4822,266,7,GCN,T_K,15,72.5,80.11,0:07:22.047469
CHEMBL4822,266,7,GCN,T_K,16,71.25,69.89,0:07:51.487059
CHEMBL4822,266,7,GCN,T_K,17,71.25,79.03,0:08:21.071183
CHEMBL4822,266,7,GCN,T_K,18,75.0,80.65,0:08:50.507300
CHEMBL4822,266,7,GCN,T_K,19,71.25,68.82,0:09:19.967157
CHEMBL4822,266,7,GCN,T_K,20,71.25,67.74,0:09:49.609749
CHEMBL4822,266,7,GCN,T_K,21,76.25,82.8,0:10:19.240010
CHEMBL4822,266,7,GCN,T_K,22,72.5,70.43,0:10:48.688882
dataset, size, run, model, variant, k, test_acc, train_acc, gc_training_time
CHEMBL4822,266,8,GCN,T_K,1,45.0,47.31,0:00:29.538134
CHEMBL4822,266,8,GCN,T_K,2,55.0,65.59,0:00:58.998311
CHEMBL4822,266,8,GCN,T_K,3,51.25,70.43,0:01:28.469035
CHEMBL4822,266,8,GCN,T_K,4,58.75,72.04,0:01:57.941195
CHEMBL4822,266,8,GCN,T_K,5,60.0,72.04,0:02:27.396477
CHEMBL4822,266,8,GCN,T_K,6,61.25,72.58,0:02:56.839194
CHEMBL4822,266,8,GCN,T_K,7,76.25,81.72,0:03:26.302352
CHEMBL4822,266,8,GCN,T_K,8,76.25,81.72,0:03:56.076669
CHEMBL4822,266,8,GCN,T_K,9,76.25,82.8,0:04:25.703975
CHEMBL4822,266,8,GCN,T_K,10,75.0,82.8,0:04:55.149378
CHEMBL4822,266,8,GCN,T_K,11,77.5,85.48,0:05:24.642058
CHEMBL4822,266,8,GCN,T_K,12,76.25,87.1,0:05:54.120697
CHEMBL4822,266,8,GCN,T_K,13,75.0,87.63,0:06:23.672025
CHEMBL4822,266,8,GCN,T_K,14,75.0,87.63,0:06:53.284001
CHEMBL4822,266,8,GCN,T_K,15,75.0,88.17,0:07:22.767396
CHEMBL4822,266,8,GCN,T_K,16,77.5,88.71,0:07:52.259010
CHEMBL4822,266,8,GCN,T_K,17,77.5,89.25,0:08:21.774799
CHEMBL4822,266,8,GCN,T_K,18,77.5,89.25,0:08:51.328891
CHEMBL4822,266,8,GCN,T_K,19,77.5,89.25,0:09:20.814070
CHEMBL4822,266,8,GCN,T_K,20,76.25,89.25,0:09:50.391905
CHEMBL4822,266,8,GCN,T_K,21,77.5,89.25,0:10:19.913709
CHEMBL4822,266,8,GCN,T_K,22,77.5,89.78,0:10:49.400863
dataset, size, run, model, variant, k, test_acc, train_acc, gc_training_time
CHEMBL4822,266,9,GCN,T_K,1,50.0,50.0,0:00:29.405518
CHEMBL4822,266,9,GCN,T_K,2,57.5,63.44,0:00:58.876631
CHEMBL4822,266,9,GCN,T_K,3,67.5,63.44,0:01:28.420191
CHEMBL4822,266,9,GCN,T_K,4,63.75,65.05,0:01:57.893055
CHEMBL4822,266,9,GCN,T_K,5,63.75,63.98,0:02:27.438753
CHEMBL4822,266,9,GCN,T_K,6,62.5,64.52,0:02:56.893503
CHEMBL4822,266,9,GCN,T_K,7,63.75,64.52,0:03:26.403670
CHEMBL4822,266,9,GCN,T_K,8,63.75,63.98,0:03:55.862362
CHEMBL4822,266,9,GCN,T_K,9,73.75,69.35,0:04:25.339803
CHEMBL4822,266,9,GCN,T_K,10,73.75,68.82,0:04:54.844544
CHEMBL4822,266,9,GCN,T_K,11,75.0,71.51,0:05:24.570611
CHEMBL4822,266,9,GCN,T_K,12,75.0,71.51,0:05:54.246403
CHEMBL4822,266,9,GCN,T_K,13,73.75,72.04,0:06:23.788037
CHEMBL4822,266,9,GCN,T_K,14,72.5,72.58,0:06:53.524577
CHEMBL4822,266,9,GCN,T_K,15,71.25,74.73,0:07:23.011861
CHEMBL4822,266,9,GCN,T_K,16,71.25,74.73,0:07:52.578303
CHEMBL4822,266,9,GCN,T_K,17,71.25,74.73,0:08:22.390303
CHEMBL4822,266,9,GCN,T_K,18,70.0,73.66,0:08:51.904054
CHEMBL4822,266,9,GCN,T_K,19,75.0,75.27,0:09:21.407504
CHEMBL4822,266,9,GCN,T_K,20,81.25,77.96,0:09:50.873849
CHEMBL4822,266,9,GCN,T_K,21,77.5,79.57,0:10:20.319762
CHEMBL4822,266,9,GCN,T_K,22,77.5,80.11,0:10:49.781338
dataset, size, run, model, variant, k, test_acc, train_acc, gc_training_time
CHEMBL4822,266,10,GCN,T_K,1,46.25,53.76,0:00:29.430787
CHEMBL4822,266,10,GCN,T_K,2,45.0,53.76,0:00:59.004431
CHEMBL4822,266,10,GCN,T_K,3,45.0,54.3,0:01:28.433117
CHEMBL4822,266,10,GCN,T_K,4,56.25,61.83,0:01:57.947050
CHEMBL4822,266,10,GCN,T_K,5,55.0,61.83,0:02:27.506398
CHEMBL4822,266,10,GCN,T_K,6,55.0,65.05,0:02:57.013773
CHEMBL4822,266,10,GCN,T_K,7,55.0,65.05,0:03:26.503385
CHEMBL4822,266,10,GCN,T_K,8,56.25,65.05,0:03:56.080857
CHEMBL4822,266,10,GCN,T_K,9,71.25,73.12,0:04:25.642684
CHEMBL4822,266,10,GCN,T_K,10,71.25,73.12,0:04:55.197918
CHEMBL4822,266,10,GCN,T_K,11,71.25,73.12,0:05:24.720146
CHEMBL4822,266,10,GCN,T_K,12,72.5,74.73,0:05:54.210837
CHEMBL4822,266,10,GCN,T_K,13,63.75,70.43,0:06:23.676850
CHEMBL4822,266,10,GCN,T_K,14,65.0,74.19,0:06:53.209563
CHEMBL4822,266,10,GCN,T_K,15,66.25,73.12,0:07:22.676983
CHEMBL4822,266,10,GCN,T_K,16,66.25,74.19,0:07:52.262035
CHEMBL4822,266,10,GCN,T_K,17,66.25,74.73,0:08:21.793334
CHEMBL4822,266,10,GCN,T_K,18,72.5,77.96,0:08:51.247153
CHEMBL4822,266,10,GCN,T_K,19,71.25,77.42,0:09:20.790104
CHEMBL4822,266,10,GCN,T_K,20,71.25,76.88,0:09:50.369309
CHEMBL4822,266,10,GCN,T_K,21,71.25,76.88,0:10:20.076653
CHEMBL4822,266,10,GCN,T_K,22,71.25,76.34,0:10:49.635353
