graph_id, nodes count, edges count, diameter, avg. path length, std path length, avg. degree, std. degree, skewness degree, kurtosis degree,avg. eigenvector_cent., std. eigenvector_cent., skewness eigenvector_cent., kurtosis eigenvector_cent.,avg. closeness cent., std. closeness cent., skewness closeness cent., kurtosis closeness cent.,avg. harmonic cent., std. harmonic cent., skewness harmonic cent., kurtosis harmonic cent.,avg. betweenness cent. , std. betweenness cent. , skewness betweenness cent. , kurtosis betweenness cent. ,avg. coloring LF, std. coloring LF, skewness coloring LF, kurtosis coloring LF,avg. edges within egonet, std. edges within egonet, skewness edges within egonet, kurtosis edges within egonet,avg. node clique number, std. node clique number, skewness node clique number, kurtosis node clique number,avg. number of cliques, std. number of cliques, skewness number of cliques, kurtosis number of cliques,avg. clustering coefficient, std. clustering coefficient, skewness clustering coefficient, kurtosis clustering coefficient,avg. square clustering coefficient, std. square clustering coefficient, skewness square clustering coefficient, kurtosis square clustering coefficient,avg. pagerank, std. pagerank, skewness pagerank, kurtosis pagerank,avg. hubs, std. hubs, skewness hubs, kurtosis hubs,avg. core number, std. core number, skewness core number, kurtosis core number,random,c. g_0,c. g_1,c. g_2,c. g_3,c. g_4,c. g_5,c. g_6,c. g_7,c. g_8,c. g_9,c. g_10,c. g_11,c. g_12,c. g_13,c. g_14,c. g_15,c. g_16,c. g_17,c. g_18,c. g_19,c. g_20,c. g_21,c. g_22,c. g_23,c. g_24,c. g_25,c. g_26,c. g_27,c. g_28,c. g_29,c. g_30,b. g_0,b. g_1,b. g_2,b. g_3,b. g_4,b. g_5,b. g_6,b. g_7,b. g_8,b. g_9,b. g_10,b. g_11,b. g_12,b. g_13,b. g_14,b. g_15,b. g_16,b. g_17,b. g_18,b. g_19,b. g_20,b. g_21,b. g_22,b. g_23,b. g_24,b. g_25,b. g_26,b. g_27,b. g_28,b. g_29,b. g_30,avg. atomic_num, std. atomic_num, skewness atomic_num, kurtosis atomic_num,avg. degree_feature, std. degree_feature, skewness degree_feature, kurtosis degree_feature,avg. formal_charge, std. formal_charge, skewness formal_charge, kurtosis formal_charge,avg. hybridization, std. hybridization, skewness hybridization, kurtosis hybridization,avg. is_aromatic, std. is_aromatic, skewness is_aromatic, kurtosis is_aromatic,avg. mass, std. mass, skewness mass, kurtosis mass,avg. num_hs, std. num_hs, skewness num_hs, kurtosis num_hs,mol_wt, tpsa, logp, num_chiral_centers, num_rotatable_bonds,f_0,f_1,f_2,f_3,f_4,f_5,f_6,f_7,f_8,f_9,f_10,f_11,f_12,f_13,f_14,f_15,f_16,f_17,f_18,f_19,f_20,f_21,f_22,f_23,f_24,f_25,f_26,f_27,f_28,f_29,f_30,f_31,f_32,f_33,f_34,f_35,f_36,f_37,f_38,f_39,f_40,f_41,f_42,f_43,f_44,f_45,f_46,f_47,f_48,f_49,f_50,f_51,f_52,f_53,f_54,f_55,f_56,f_57,f_58,f_59,f_60,f_61,f_62,f_63,f_64,f_65,f_66,f_67,f_68,f_69,f_70,f_71,f_72,f_73,f_74,f_75,f_76,f_77,f_78,f_79,f_80,f_81,f_82,f_83,f_84,f_85,f_86,f_87,f_88,f_89,f_90,f_91,f_92,f_93,f_94,f_95,f_96,f_97,f_98,f_99,f_100,f_101,f_102,f_103,f_104,f_105,f_106,f_107,f_108,f_109,f_110,f_111,f_112,f_113,f_114,f_115,f_116,f_117,f_118,f_119,f_120,f_121,f_122,f_123,f_124,f_125,f_126,f_127,f_128,f_129,f_130,f_131,f_132,f_133,f_134,f_135,f_136,f_137,f_138,f_139,f_140,f_141,f_142,f_143,f_144,f_145,f_146,f_147,f_148,f_149,f_150,f_151,f_152,f_153,f_154,f_155,f_156,f_157,f_158,f_159,f_160,f_161,f_162,f_163,f_164,f_165,f_166,  Target
CHEMBL261_0,37,35,-1,-1,-1,2.08,2.8272955275315668,2.9451429291564457,7.040957185283855,0.11197436104216901,0.12036930462632495,1.7006724165921585,3.381882651257368,0.18791288816879256,0.09454263123024427,-0.2477366478505023,-0.9928284412481188,7.777477477477477,4.090983303269628,-0.12392454058269206,-0.8081056633047519,0.02350922350922351,0.06484360287674076,3.3060836100628634,10.044190284583287,0.8108108108108109,0.3916588309780929,-1.5871507864874157,0.5190476190476199,2.08,2.8272955275315668,2.9451429291564457,7.040957185283855,2.0,0.0,0,0,1.8918918918918919,2.4249133033684274,3.4129434570371973,10.626835353574323,0.0,0.0,0,0,0.010727533842754327,0.028509279307477466,2.510331322777443,4.829755414391404,0.039999999999999994,0.0491475122355591,2.953856560514113,7.077538800833786,0.04000000000000001,0.07614867819859707,3.0823222306729083,7.763637508147184,1.2,0.4,1.5000000000000004,0.2500000000000009,0.2752285722810639,70.0,280.0,0.0,194.0,2376.0,24.0,0.0,0.0,0.0,706.0,954.0,19920.0,0.0,0.0,0.0,0.0,118.0,0.0,0.0,0.0,12.0,0.0,0.0,0.0,0.0,0.0,0.0,0.0,0.0,0.0,0.0,1,1,0,1,1,1,0,0,0,1,1,1,0,0,0,0,1,0,0,0,1,0,0,0,0,0,0,0,0,0,0,7.133333333333334,2.499777767900357,2.921189023191065,7.583296742875985,2.1333333333333333,0.8844332774281066,0.3152164056949349,-0.7120351239669418,0.0,0.0,0,0,3.0,0.5163977794943222,0.0,0.75,0.4,0.48989794855663565,0.40824829046386274,-1.8333333333333337,14.278733333333332,5.011988074828413,2.926758131231627,7.608706894876672,0.4666666666666667,0.618241233033047,0.9730026977426529,-0.0981611681990282,221.23699999999997,54.45,0.4643000000000001,0,1,0,0,0,0,0,0,0,0,0,0,0,0,0,0,0,0,0,1,0,0,0,0,0,0,0,0,0,0,0,0,0,0,1,1,0,0,1,0,0,0,0,0,0,0,0,0,0,0,0,0,0,1,0,0,0,1,0,0,1,1,1,1,0,0,0,0,0,1,0,0,0,0,0,1,0,1,0,0,0,0,0,1,0,1,0,0,0,0,1,1,0,0,1,0,1,0,1,0,0,0,1,1,1,0,0,1,1,0,0,0,1,0,1,0,0,0,0,1,0,0,1,1,1,0,1,0,0,1,0,0,1,0,0,0,0,0,1,1,0,0,0,0,0,1,1,0,1,0,1,0,1,0,0,1,1,1,1,0,1,1,0,1,1,1,1,1,0,0
CHEMBL261_1,37,34,-1,-1,-1,2.0,2.6981475126464085,2.932414879098862,6.918790001207581,0.11392495823694301,0.11852481140140156,1.6725876261868067,3.2472522561904107,0.18310827887486378,0.09054907356670194,-0.26091911143076746,-0.9176767001173389,7.6126126126126135,3.9575552206388087,-0.12606878409497135,-0.7600524504598956,0.02445302445302445,0.06873040093114764,3.1083046715970206,8.52557758809677,0.8108108108108109,0.3916588309780929,-1.5871507864874157,0.5190476190476199,2.0,2.6981475126464085,2.932414879098862,6.918790001207581,2.0,0.0,0,0,1.837837837837838,2.3192905895053983,3.368666917190401,10.27234035773369,0.0,0.0,0,0,0.0037066380300411553,0.011274391953589872,3.0925102805635647,8.788421324319314,0.04000000000000001,0.048922497864851845,2.9423147642377523,6.965091782426825,0.04,0.027201585368915718,-0.37246536446568707,0.7218056613122421,1.16,0.36660605559646714,1.8548520670059365,1.4404761904761942,1.2652404874268608,68.0,256.0,0.0,144.0,2046.0,8.0,0.0,0.0,0.0,446.0,672.0,15960.0,0.0,0.0,0.0,0.0,38.0,0.0,0.0,0.0,0.0,0.0,0.0,0.0,0.0,0.0,0.0,0.0,0.0,0.0,0.0,1,1,0,1,1,1,0,0,0,1,1,1,0,0,0,0,1,0,0,0,0,0,0,0,0,0,0,0,0,0,0,7.066666666666666,2.4890872936792627,3.0365354547851466,8.086323019952284,2.0,0.6324555320336759,0.0,-0.5000000000000004,0.0,0.0,0,0,2.933333333333333,0.44221663871405326,-0.3152164056949335,1.9028925619834727,0.3333333333333333,0.47140452079103173,0.7071067811865478,-1.4999999999999996,14.145933333333334,4.9909942291647225,3.0409485967399603,8.106796442176528,0.5333333333333333,0.4988876515698588,-0.1336306209562122,-1.9821428571428565,220.253,62.22,1.1991999999999998,0,3,0,0,0,0,0,0,0,0,0,0,0,0,0,0,0,0,0,1,0,0,0,0,0,0,1,0,0,0,0,0,0,0,0,0,0,0,1,0,0,0,0,0,0,0,0,0,0,1,0,0,0,0,0,0,0,0,0,0,0,0,0,0,0,0,0,1,0,0,1,1,0,1,1,0,0,0,0,0,0,0,0,1,0,1,0,0,0,0,1,0,0,0,1,0,1,0,1,0,0,1,0,0,1,0,0,0,0,0,0,0,1,0,0,0,0,0,0,1,0,0,1,1,0,0,1,0,0,0,0,0,0,1,0,0,0,0,0,1,0,1,0,0,1,0,0,0,0,0,0,0,0,1,0,0,1,0,1,0,1,1,0,1,1,0,1,1,0,0
CHEMBL261_2,35,31,-1,-1,-1,2.0,2.4880667576405964,2.5970116925905398,5.094319526627219,0.11227946254952541,0.1263516951252269,1.580758492839895,2.7195446554185114,0.15781536457270695,0.08560124964965858,-0.05130086065128125,-1.092224422137891,6.171428571428572,3.52845253960756,0.0630085036937846,-0.9396477903036042,0.01925133689839572,0.053470078619897686,2.96614955449703,7.556649991881445,0.8,0.4,-1.5,0.24999999999999956,2.0,2.4880667576405964,2.5970116925905398,5.094319526627219,2.0,0.0,0,0,1.7714285714285714,2.0575396442730094,3.1424071250171206,8.853353811300972,0.0,0.0,0,0,0.004943177940072351,0.014379549321896591,2.834778463561517,6.871697379563088,0.04761904761904761,0.05392570352578505,2.6151802780353544,5.169025300108331,0.04761904761904761,0.04928057333249009,2.596729451227027,5.471252145751196,1.1904761904761905,0.39267672624930106,1.576481562736164,0.4852941176470571,-0.3280417679154996,62.0,196.0,0.0,106.0,1290.0,8.0,0.0,0.0,0.0,322.0,420.0,8184.0,0.0,0.0,0.0,0.0,32.0,0.0,0.0,0.0,0.0,0.0,0.0,0.0,0.0,0.0,0.0,0.0,0.0,0.0,0.0,1,1,0,1,1,1,0,0,0,1,1,1,0,0,0,0,1,0,0,0,0,0,0,0,0,0,0,0,0,0,0,6.764705882352941,2.5788600255038787,3.656253085856701,11.602625711813808,2.235294117647059,0.6443794794178425,-0.2647325694608305,-0.7016666666666658,0.0,0.0,0,0,3.3529411764705883,0.47788461203740945,0.615457454896663,-1.6212121212121218,0.35294117647058826,0.4778846120374094,0.6154574548966635,-1.6212121212121213,13.624764705882352,5.494507284332042,3.667427788157653,11.658591733559346,0.8823529411764706,0.8998269729869621,0.23299267336929558,-1.7248520710059174,246.74099999999993,15.6,4.230300000000003,0,0,0,0,0,0,0,0,0,0,0,0,0,0,0,0,0,0,0,0,0,1,0,0,0,0,0,0,0,0,0,0,0,0,0,0,1,0,0,0,1,0,0,0,0,0,0,1,0,0,0,0,0,0,0,0,0,0,0,0,0,0,0,0,0,0,0,0,0,0,0,0,0,0,0,0,0,0,1,1,1,0,1,0,0,0,0,1,0,1,0,0,0,0,0,0,0,0,0,0,1,1,1,1,0,1,0,1,0,1,0,0,0,1,0,0,0,0,0,0,1,1,1,1,1,0,0,0,0,0,1,1,0,0,0,0,1,1,0,1,0,0,0,0,1,0,1,1,0,1,1,0,0,0,0,1,0,0,1,0,1,0,0,1,1,1,0,1,0,0
CHEMBL261_3,43,43,-1,-1,-1,2.2758620689655173,3.740703895812584,3.6612244660120923,12.360842507605696,0.10297155848114369,0.1124840970868895,2.322716143078605,8.35115822599716,0.19879975814867568,0.11170589338130936,-0.2962879063359014,-1.1216211008273023,9.410077519379845,5.38965673634164,-0.22006052298606338,-0.8448244978957384,0.017340572076817117,0.06021153665729583,4.611429200608652,21.033142057363477,0.8372093023255814,0.36917460154389636,-1.8268282862112646,1.337301587301587,2.2758620689655173,3.740703895812584,3.6612244660120923,12.360842507605696,2.0,0.0,0,0,2.0,3.1549149548114643,4.376793483416879,18.978862782775792,0.0,0.0,0,0,0.05183687226154365,0.1582727449335103,5.03957086758157,27.01849032875604,0.034482758620689655,0.05201352909316817,3.6854069457230705,12.513286720586587,0.03448275862068963,1.086087192968478,-3.6953224984527666,12.997427651254123,1.3448275862068966,0.4753120259341455,0.652928625099011,-1.5736842105263154,-2.0452408632796737,86.0,514.0,0.0,366.0,7194.0,88.0,0.0,0.0,0.0,2028.0,2692.0,105024.0,0.0,0.0,0.0,0.0,574.0,0.0,0.0,0.0,120.0,0.0,0.0,0.0,0.0,0.0,0.0,0.0,0.0,0.0,0.0,1,1,0,1,1,1,0,0,0,1,1,1,0,0,0,0,1,0,0,0,1,0,0,0,0,0,0,0,0,0,0,6.3076923076923075,0.685148164917302,2.388850045521281,5.188298848951337,2.2564102564102564,0.6686361441233486,-0.34908185889450155,-0.8028114186851214,0.0,0.0,0,0,3.2564102564102564,0.4366509324596513,1.1157184170779368,-0.7551724137931037,0.5384615384615384,0.49851851526214314,-0.1543033499620917,-1.9761904761904763,12.650564102564106,1.4727776790964442,2.690404482625222,7.337388302033755,0.7692307692307693,0.8308641921035718,0.7205525576515518,-0.46231836734693754,523.6120000000003,90.97999999999999,6.0941200000000055,0,6,0,0,0,0,0,0,0,0,0,0,0,0,0,0,0,0,0,0,0,0,0,0,1,0,0,0,0,0,0,0,0,0,0,0,1,0,0,0,1,0,0,0,1,0,0,0,0,0,0,0,0,0,0,0,0,0,0,0,0,0,0,0,1,0,0,1,0,0,0,0,0,0,0,0,0,1,0,1,0,0,1,0,0,1,0,1,1,1,0,0,0,1,1,0,0,0,1,0,1,1,1,1,0,0,0,1,0,1,0,0,1,1,0,0,0,0,0,1,1,0,1,1,1,0,0,1,0,0,1,1,0,1,0,1,1,1,1,1,1,0,0,0,1,0,1,1,0,1,1,0,1,1,0,1,1,0,1,0,1,1,1,1,1,1,1,1,0,0
CHEMBL261_4,38,36,-1,-1,-1,2.1666666666666665,3.0230595245361758,2.9171249454343045,6.924825158673702,0.10958918506277596,0.11960769202254869,1.7631409481930707,4.076281141570869,0.17531878927094383,0.09735794349030101,-0.17726461370207627,-1.1662998822715183,7.412280701754385,4.27486480106744,-0.07878404355078224,-0.9726534380782108,0.01813655761024182,0.05555232905035455,3.5864463717565305,11.822949697866516,0.8157894736842105,0.3876557858593746,-1.6292261599251139,0.6543778801843323,2.1666666666666665,3.0230595245361758,2.9171249454343045,6.924825158673702,2.0,0.0,0,0,1.894736842105263,2.510917987763487,3.5502524541102556,11.6942528593623,0.0,0.0,0,0,0.026463432307985545,0.0838036896926801,4.780824005343728,23.88106091369693,0.041666666666666664,0.05346070772953085,2.9419703584029997,6.988635873416783,0.04166666666666666,0.16161161364863916,3.0226945280030146,7.732232618259859,1.2916666666666667,0.45452967144315476,0.9166984970282107,-1.1596638655462195,0.6143649312975423,72.0,304.0,0.0,206.0,2772.0,32.0,0.0,0.0,0.0,788.0,1066.0,25200.0,0.0,0.0,0.0,0.0,148.0,0.0,0.0,0.0,12.0,0.0,0.0,0.0,0.0,0.0,0.0,0.0,0.0,0.0,24.0,1,1,0,1,1,1,0,0,0,1,1,1,0,0,0,0,1,0,0,0,1,0,0,0,0,0,0,0,0,0,1,6.6,0.931971796017148,1.2960636169507873,0.3582063711911374,2.1714285714285713,0.7740695533796609,-0.30564451456773567,-1.2751338268158499,0.0,0.0,0,0,3.2857142857142856,0.45175395145262565,0.9486832980505149,-1.0999999999999988,0.45714285714285713,0.4981598792617913,0.1720618004029216,-1.9703947368421049,13.265114285714287,2.0144410464930265,1.5227603068018798,1.334290385703592,0.6571428571428571,0.954473890770861,1.32112896446039,0.5860215053763436,487.4630000000003,116.60000000000001,1.772399999999999,2,7,0,0,0,0,0,0,0,0,0,0,0,0,0,0,0,0,0,0,0,0,0,0,0,0,0,1,0,0,0,0,0,0,0,0,1,0,0,0,1,0,0,0,1,0,0,0,0,0,0,0,0,0,0,0,1,0,0,1,0,0,0,0,1,0,0,1,0,0,0,0,0,0,0,0,0,1,0,1,0,1,1,0,0,1,0,1,1,1,0,1,1,1,1,1,0,1,1,1,1,1,0,1,0,0,1,1,1,1,0,1,1,1,0,1,0,0,0,1,0,0,1,1,1,0,0,1,1,1,0,1,0,1,0,1,1,1,1,1,1,0,1,1,1,1,1,1,1,0,1,1,1,1,1,1,1,0,1,1,1,1,1,1,1,1,1,1,0,0
CHEMBL261_5,34,31,-1,-1,-1,2.0,2.4308621740219887,2.6581262115932747,5.4797633136094674,0.1204490695108405,0.12208106470642804,1.5372439887527396,3.1497671727917513,0.17454848679881138,0.08379503555638705,-0.280143672996649,-1.0099110744246778,6.711764705882353,3.44177652441048,-0.10059807374331012,-0.825512153632614,0.024008467023172907,0.06449170874902523,2.9146425768308095,7.143596363556448,0.7941176470588235,0.40434491426080943,-1.454785934906616,0.11640211640211628,2.0,2.4308621740219887,2.6581262115932747,5.4797633136094674,2.0,0.0,0,0,1.8235294117647058,2.078893770243799,3.0640116000175395,8.396266412649735,0.0,0.0,0,0,0.0,0.0,0,0,0.04545454545454545,0.05078382745170256,2.6863566053183643,5.5882851279104155,0.04545454545454546,0.11187258389878618,2.903626691675143,7.074785679805693,1.2727272727272727,0.44536177141512334,1.0206207261596572,-0.9583333333333344,-0.350022369981105,62.0,198.0,0.0,90.0,1290.0,0.0,0.0,0.0,0.0,188.0,330.0,8184.0,0.0,0.0,0.0,0.0,0.0,0.0,0.0,0.0,0.0,0.0,0.0,0.0,0.0,0.0,0.0,0.0,0.0,0.0,12.0,1,1,0,1,1,0,0,0,0,1,1,1,0,0,0,0,0,0,0,0,0,0,0,0,0,0,0,0,0,0,1,7.0,2.3514701283890216,3.257355632806884,9.6480307831598,2.0,0.6859943405700354,0.0,-0.875,0.0,0.0,0,0,3.0588235294117645,0.23529411764705882,3.750000000000003,12.062500000000014,0.35294117647058826,0.4778846120374094,0.6154574548966635,-1.6212121212121213,14.012176470588235,4.714953985619074,3.2622529728181937,9.672485363977916,0.7647058823529411,0.6443794794178425,0.2647325694608305,-0.7016666666666662,251.311,73.39,0.6870999999999996,0,3,0,0,0,0,0,0,0,0,0,0,0,0,0,0,0,0,0,0,0,0,0,0,0,0,0,0,0,0,0,0,0,0,0,0,1,0,0,0,0,0,0,0,0,1,0,0,0,1,0,0,0,0,1,1,1,0,0,0,0,0,0,0,0,0,0,0,0,0,1,1,0,0,0,1,0,0,0,1,0,1,0,1,1,0,0,0,0,0,1,1,1,1,1,0,1,1,0,1,0,1,1,0,0,0,0,0,1,0,0,0,1,0,0,1,0,0,0,1,0,0,0,0,0,0,1,0,0,1,0,0,0,1,0,0,0,0,0,0,0,1,0,0,1,1,1,0,0,0,0,0,1,1,1,1,1,1,1,1,1,1,0,1,1,1,1,1,0,1
CHEMBL261_6,36,33,-1,-1,-1,2.0,2.7688746209726918,2.9324423561435737,7.0066162570888455,0.11455018824027026,0.12106210039436957,1.8271183569974658,4.519567256643793,0.18496334714916704,0.09225469854360138,-0.23304108172946977,-0.9359052491764142,7.450000000000001,3.8969301783345847,-0.1002867053151656,-0.7453130749347108,0.023342670401493928,0.06832871328360181,3.2571236272910182,9.708092455890467,0.8055555555555556,0.3957724124659724,-1.5440972939559128,0.3842364532019724,2.0,2.7688746209726918,2.9324423561435737,7.0066162570888455,2.0,0.0,0,0,1.8333333333333333,2.3629078131263044,3.395484666192932,10.586619143090516,0.0,0.0,0,0,0.0038886099167616908,0.011670596703341847,3.0198139611625954,8.148418425614489,0.04166666666666666,0.05252295139474467,2.9397175971773337,7.025880743229484,0.041666666666666664,0.04632091588523323,-1.5304852922615173,2.451745258600659,1.1666666666666667,0.3726779962499649,1.7888543819998315,1.1999999999999993,-0.12915155780503224,66.0,256.0,0.0,142.0,2106.0,8.0,0.0,0.0,0.0,402.0,696.0,17040.0,0.0,0.0,0.0,0.0,38.0,0.0,0.0,0.0,0.0,0.0,0.0,0.0,0.0,0.0,0.0,0.0,0.0,0.0,0.0,1,1,0,1,1,1,0,0,0,1,1,1,0,0,0,0,1,0,0,0,0,0,0,0,0,0,0,0,0,0,0,7.0,2.3979157616563596,3.263703872197692,9.4234404536862,2.0,0.6123724356957945,0.0,-0.3333333333333335,0.0,0.0,0,0,3.0625,0.24206145913796356,3.6147844564602556,11.066666666666666,0.375,0.4841229182759271,0.5163977794943223,-1.7333333333333334,14.01275,4.8086594740634325,3.2671728429445066,9.440019503513295,0.75,0.6614378277661477,0.3239695482936233,-0.7755102040816326,236.3,66.05,0.3764999999999995,0,3,0,0,0,0,0,0,0,0,0,0,0,0,0,0,0,0,0,0,0,0,0,0,0,0,0,0,0,0,0,0,0,0,0,0,1,0,0,0,0,0,0,0,0,1,0,0,0,1,0,0,0,0,1,0,1,0,0,0,0,0,0,0,0,0,0,1,0,0,1,1,0,0,0,1,0,0,0,1,0,1,0,1,1,0,0,0,0,0,1,0,1,1,1,0,1,1,0,0,1,1,1,0,0,0,0,0,1,0,0,0,1,0,0,0,0,0,0,1,0,0,0,1,0,0,1,0,0,0,0,0,0,1,0,0,0,0,0,1,0,0,0,0,1,0,0,0,0,0,0,0,0,1,0,1,1,1,1,0,1,0,0,1,1,1,1,1,0,1
CHEMBL261_7,37,35,-1,-1,-1,2.1739130434782608,2.92889909445205,2.787646227858171,6.111329120083081,0.10819758908814395,0.12377523477069306,1.6339299923838606,2.8997356955715787,0.17208163617414737,0.09621507428069727,-0.12930714086304607,-1.2303796566449863,7.063063063063064,4.1152870634551935,-0.014446768696564244,-1.0158452163571774,0.018146718146718147,0.05139013311160929,3.384376648707122,10.392364825153162,0.8108108108108109,0.3916588309780929,-1.5871507864874157,0.5190476190476199,2.1739130434782608,2.92889909445205,2.787646227858171,6.111329120083081,2.0,0.0,0,0,1.8918918918918919,2.4249133033684274,3.412943457037197,10.626835353574323,0.0,0.0,0,0,0.022486036423318652,0.05290687263846795,2.052230937145406,2.4466062537045428,0.043478260869565195,0.05316314279420776,2.803740161143431,6.180668637936503,0.0434782608695652,0.5004522273064013,-2.662162195643089,5.671324233421247,1.2608695652173914,0.43910891036356847,1.0891622972743424,-0.8137254901960773,-1.8042071202237169,70.0,280.0,0.0,214.0,2376.0,48.0,0.0,0.0,0.0,910.0,1044.0,19920.0,0.0,0.0,0.0,0.0,234.0,0.0,0.0,0.0,48.0,0.0,0.0,0.0,0.0,0.0,0.0,0.0,0.0,0.0,0.0,1,1,0,1,1,1,0,0,0,1,1,1,0,0,0,0,1,0,0,0,1,0,0,0,0,0,0,0,0,0,0,6.35,0.7599342076785331,1.7106744068954012,0.9264069264069308,2.15,0.6910137480542627,-0.2068438400469431,-0.9124201639209453,0.0,0.0,0,0,3.125,0.33071891388307384,2.267786838055363,3.1428571428571432,0.55,0.4974937185533099,-0.2010075630518428,-1.9595959595959596,12.7089,1.5153088101109957,1.7106744068953983,0.9264069264069228,0.75,0.9420721840708386,1.2334212288965554,0.6113866296369772,538.5960000000002,84.2,6.622400000000007,0,11,0,0,0,0,0,0,0,0,0,0,0,0,0,0,0,0,0,0,0,0,0,0,0,0,0,0,0,0,0,0,0,0,0,0,1,0,0,0,0,0,0,0,0,0,0,0,0,0,0,0,0,0,0,0,0,0,0,1,0,0,0,0,0,0,0,0,0,0,0,0,0,0,1,0,0,0,0,0,0,0,0,0,0,0,0,0,0,0,0,1,0,0,0,1,0,0,0,0,1,1,0,1,0,0,0,1,0,0,0,0,0,0,0,1,0,0,0,0,0,0,0,0,0,1,0,1,1,1,0,0,0,0,0,0,0,0,1,1,0,0,1,1,0,1,1,1,1,0,0,1,1,0,1,0,1,1,0,1,0,1,1,0,1,1,1,1,0,0
CHEMBL261_8,38,36,-1,-1,-1,2.076923076923077,2.9078551032978153,3.1148355483400763,8.081340188566243,0.11243615259753416,0.11693545682447319,1.9337659901867505,5.385596245254579,0.18609593036512329,0.09200717135722071,-0.30615998959502017,-0.9160630114223265,8.030701754385968,4.164314294410126,-0.1842670034276886,-0.7201506242307687,0.024379642800695434,0.07200098257798082,3.421407355846152,10.708561314837144,0.8157894736842105,0.3876557858593746,-1.6292261599251139,0.6543778801843323,2.076923076923077,2.9078551032978153,3.1148355483400763,8.081340188566243,2.0,0.0,0,0,1.894736842105263,2.50041547794099,3.594113880900844,11.94125812295876,0.0,0.0,0,0,0.03525962582618466,0.16012004460323687,5.748606820649006,31.682054185732632,0.038461538461538464,0.0491252750553149,3.1084145927212443,7.95989495502714,0.03846153846153845,0.07807088793090997,-2.51504548555258,6.17330125519068,1.2692307692307692,0.4435600997950306,1.0405319634289447,-0.9172932330827055,1.248183927001735,72.0,302.0,0.0,160.0,2766.0,16.0,0.0,0.0,0.0,532.0,798.0,25200.0,0.0,0.0,0.0,0.0,62.0,0.0,0.0,0.0,0.0,0.0,0.0,0.0,0.0,0.0,0.0,0.0,0.0,0.0,0.0,1,1,0,1,1,1,0,0,0,1,1,1,0,0,0,0,1,0,0,0,0,0,0,0,0,0,0,0,0,0,0,6.3076923076923075,0.5617667256463243,1.6637072684219423,1.763437500000001,2.2564102564102564,0.705943584509549,0.028558964150799584,-0.340233638028141,0.0,0.0,0,0,3.3333333333333335,0.47140452079103173,0.7071067811865464,-1.5000000000000013,0.5384615384615384,0.49851851526214314,-0.1543033499620917,-1.9761904761904767,12.624948717948723,1.1206686179314143,1.6620263755190787,1.7551526334787244,0.8717948717948718,0.9386156521909296,0.6293722177339588,-0.8193161060369794,526.6450000000002,104.34,3.2024000000000017,1,7,0,0,0,0,0,0,0,0,0,0,0,0,0,0,0,0,0,0,0,0,0,0,0,0,0,1,0,0,0,0,0,0,0,0,1,0,0,0,1,0,0,0,0,0,0,0,0,0,0,0,0,0,1,0,0,0,0,0,0,0,0,0,1,0,0,1,1,0,0,0,0,0,0,0,0,1,0,1,0,1,1,0,0,1,0,1,1,0,0,0,1,1,1,1,1,1,1,1,1,1,1,1,0,0,1,1,1,0,1,0,1,1,1,1,1,1,1,1,1,0,1,1,1,0,1,1,0,1,1,1,0,1,1,1,0,1,0,1,1,1,0,0,1,1,1,1,0,1,1,1,1,1,1,1,1,1,1,1,1,1,1,1,1,1,1,1,0,0
CHEMBL261_9,38,34,-1,-1,-1,1.9230769230769231,2.644632836564782,3.0774093155486137,7.6859706081922585,0.11401713129448432,0.1153944680002492,1.7218376323650773,3.8021770848385783,0.1742980700218104,0.08341472697210268,-0.34187806151931804,-0.9029035132577472,7.623308270676692,3.893830983397074,-0.15610639705107773,-0.6778767964674763,0.027224593014066698,0.07946630561940418,3.0903515658584975,8.044616277121563,0.8157894736842105,0.3876557858593746,-1.6292261599251139,0.6543778801843323,1.9230769230769231,2.644632836564782,3.0774093155486137,7.6859706081922585,2.0,0.0,0,0,1.7894736842105263,2.2844773067590216,3.491036105008132,11.02065668654577,0.0,0.0,0,0,0.0,0.0,0,0,0.038461538461538464,0.04790324585217556,3.069374129407038,7.652804205208781,0.038461538461538464,0.06606794625501797,3.140265590351578,7.9482637838615435,1.0,0.0,0,0,0.033172444619864204,68.0,252.0,0.0,82.0,2040.0,0.0,0.0,0.0,0.0,224.0,360.0,15960.0,0.0,0.0,0.0,0.0,0.0,0.0,0.0,0.0,0.0,0.0,0.0,0.0,0.0,0.0,0.0,0.0,0.0,0.0,0.0,1,1,0,1,1,0,0,0,0,1,1,1,0,0,0,0,0,0,0,0,0,0,0,0,0,0,0,0,0,0,0,7.066666666666666,2.4890872936792627,3.036535454785147,8.086323019952282,2.1333333333333333,0.8055363982396381,0.13661165695422664,-0.7222743479076734,0.0,0.0,0,0,3.2,0.39999999999999997,1.4999999999999991,0.24999999999999734,0.5333333333333333,0.49888765156985887,-0.13363062095621214,-1.982142857142857,14.145933333333339,4.9909942291647225,3.0409485967399577,8.106796442176515,0.6666666666666666,0.8299933065325821,1.0364120372935475,0.1997918834547372,444.53800000000024,124.15,2.26912,0,7,0,0,0,0,0,0,0,0,0,0,0,0,0,0,0,0,0,0,0,0,0,0,0,0,0,0,0,0,0,0,0,0,1,1,1,0,0,0,0,0,0,0,0,0,0,0,0,1,0,0,0,1,0,0,0,1,0,0,1,1,1,1,0,0,1,1,0,1,0,1,0,0,0,1,0,1,0,1,0,0,1,1,0,0,1,1,0,0,1,0,0,0,1,0,1,0,0,1,1,1,1,1,1,0,1,1,1,0,0,0,1,1,1,1,0,0,0,1,0,0,1,1,1,0,1,1,0,1,1,0,1,1,1,1,0,1,1,1,1,0,1,0,1,1,1,1,1,0,1,0,1,1,0,1,1,1,1,0,1,1,1,1,1,1,1,1,0,1
CHEMBL261_10,40,37,-1,-1,-1,2.0,3.0472470011002204,3.400294908091594,10.542721893491121,0.10554521662588345,0.11772938141090923,2.413365444188849,8.720447357408826,0.19731162852113396,0.09823701011283664,-0.3757553289338404,-0.8278087898764834,8.758333333333335,4.5393648601245244,-0.22379995469614955,-0.6087143213535802,0.02300944669365722,0.07193624908959954,3.4401019676830695,11.103731273334216,0.825,0.3799671038392666,-1.7106744068953987,0.9264069264069255,2.0,3.0472470011002204,3.400294908091594,10.542721893491121,2.0,0.0,0,0,1.85,2.632014437650371,3.889632031897987,14.946699987666776,0.0,0.0,0,0,0.0026573074812511433,0.008844408914838564,3.626129115946856,12.863371384272837,0.03571428571428574,0.049679148792202935,3.420567630902334,10.670406689018227,0.035714285714285705,0.04329808147378311,3.972027675288726,16.161737213910925,1.1428571428571428,0.3499271061118826,2.0412414523193156,2.1666666666666696,-1.3219552492123465,74.0,340.0,0.0,190.0,3534.0,8.0,0.0,0.0,0.0,554.0,1160.0,37944.0,0.0,0.0,0.0,0.0,46.0,0.0,0.0,0.0,0.0,0.0,0.0,0.0,0.0,0.0,0.0,0.0,0.0,0.0,0.0,1,1,0,1,1,1,0,0,0,1,1,1,0,0,0,0,1,0,0,0,0,0,0,0,0,0,0,0,0,0,0,7.15625,2.41232998105566,3.022093063366373,8.323757625420516,2.125,0.81967981553775,0.10639435139484046,-0.8512709572742021,0.0,0.25,0.0,13.0,3.15625,0.3630921887069453,1.893458524812515,1.5851851851851855,0.5,0.5,0.0,-2.0,14.324124999999999,4.836752860584775,3.0280470331356812,8.351515559579752,0.53125,0.7064159097160821,0.9531384044606527,-0.4196292140425322,475.50800000000027,167.29,1.8689,0,8,0,0,0,0,0,0,0,0,0,0,0,0,0,0,0,0,0,0,0,0,0,0,0,0,1,0,0,0,0,0,0,0,1,1,1,0,0,0,0,0,0,0,0,0,0,0,0,1,0,1,0,1,0,0,0,1,1,0,1,1,1,1,0,1,1,1,0,1,0,1,1,1,0,1,0,1,0,1,0,0,1,1,0,0,1,1,0,0,1,0,0,0,1,0,1,0,0,1,1,1,1,1,1,0,1,1,1,0,0,0,1,1,1,1,0,0,0,1,0,1,1,1,1,0,1,1,0,1,1,0,1,1,1,1,0,1,1,1,1,0,1,0,1,1,1,1,1,0,1,0,1,1,0,1,1,1,1,0,1,1,0,1,1,1,1,1,0,1
CHEMBL261_11,37,33,-1,-1,-1,1.92,2.711752201068527,3.081337022983,7.800100325632229,0.11092353059759551,0.12133835909056666,2.0814054501889974,6.47372355557566,0.1780713663918191,0.08595491864197664,-0.32234087194832245,-0.8882731909276904,7.500000000000002,3.8523305219633555,-0.13716462430075319,-0.6627023492895159,0.025482625482625483,0.07811538277496918,3.138243222368103,8.257866463975892,0.8108108108108109,0.3916588309780929,-1.5871507864874157,0.5190476190476199,1.92,2.711752201068527,3.081337022983,7.800100325632229,2.0,0.0,0,0,1.7837837837837838,2.32652315855755,3.520415061912627,11.361894256038738,0.0,0.0,0,0,0.0,0.0,0,0,0.04000000000000001,0.0513475715321902,3.076951766037563,7.772082754403936,0.04000000000000001,0.18837960828781214,-3.169671529790249,10.040037461579695,1.0,0.0,0,0,0.5314001471683669,66.0,252.0,0.0,80.0,2100.0,0.0,0.0,0.0,0.0,202.0,364.0,17040.0,0.0,0.0,0.0,0.0,0.0,0.0,0.0,0.0,0.0,0.0,0.0,0.0,0.0,0.0,0.0,0.0,0.0,0.0,0.0,1,1,0,1,1,0,0,0,0,1,1,1,0,0,0,0,0,0,0,0,0,0,0,0,0,0,0,0,0,0,0,7.03125,2.530864168125188,3.261280990521122,9.470534232288104,2.125,0.739509972887452,0.2607904557447994,-0.21387755102040806,0.0,0.0,0,0,3.28125,0.4496092053105675,0.9730672655996823,-1.0531400966183575,0.375,0.4841229182759271,0.5163977794943223,-1.7333333333333334,14.118437499999999,5.247814002858119,3.311823317122494,9.831114893434975,0.78125,0.856386850377795,0.7332116118773366,-0.49691755865681086,476.99000000000035,129.25,3.0046000000000017,0,6,0,0,0,0,0,0,0,0,0,0,0,0,0,0,0,0,0,0,0,0,0,0,0,0,0,0,0,0,0,0,0,0,1,1,0,0,0,0,1,0,0,0,0,0,0,0,0,0,0,0,0,1,1,0,0,1,0,0,1,1,1,1,0,0,1,0,0,1,0,1,0,0,0,1,0,1,0,1,1,1,1,1,0,0,1,1,1,1,1,0,0,1,1,0,1,1,0,0,1,0,1,0,1,1,0,0,1,1,1,0,1,1,1,0,0,0,0,1,1,1,0,1,1,0,1,1,0,0,1,1,1,1,0,1,1,1,1,1,1,0,0,0,1,0,0,1,1,1,1,0,0,1,0,1,1,0,1,0,1,1,1,1,1,1,1,1,0,1
CHEMBL261_12,36,32,-1,-1,-1,1.9166666666666667,2.628635049264584,2.898435054851333,6.680261609555318,0.11637089947756205,0.119312998171033,1.6888846959557668,3.8228028400291425,0.17509343557621154,0.08409816194186581,-0.29313040885457736,-0.895317045247424,7.185185185185186,3.683270021614788,-0.11417630939152136,-0.7002190588945756,0.025490196078431372,0.07700534338314438,3.004901257680734,7.42318345440497,0.8055555555555556,0.3957724124659724,-1.544097293955913,0.3842364532019724,1.9166666666666667,2.628635049264584,2.898435054851333,6.680261609555318,2.0,0.0,0,0,1.7777777777777777,2.2498285257018424,3.321903270292974,9.928233194527074,0.0,0.0,0,0,0.0,0.0,0,0,0.041666666666666664,0.05213548433279391,2.8995004194241507,6.701605731835793,0.041666666666666664,0.04057342975246909,3.0335125045677915,8.335231763623549,1.0,0.0,0,0,0.9527407913114027,64.0,232.0,0.0,74.0,1776.0,0.0,0.0,0.0,0.0,184.0,324.0,13080.0,0.0,0.0,0.0,0.0,0.0,0.0,0.0,0.0,0.0,0.0,0.0,0.0,0.0,0.0,0.0,0.0,0.0,0.0,0.0,1,1,0,1,1,0,0,0,0,1,1,1,0,0,0,0,0,0,0,0,0,0,0,0,0,0,0,0,0,0,0,7.592592592592593,3.2802355297014123,2.3021772951524393,3.642491290516938,2.074074074074074,0.8131295703740796,0.2770724906126517,-0.609157900173896,0.0,0.0,0,0,3.185185185185185,0.38844772154450063,1.6208864017175073,0.6272727272727261,0.4444444444444444,0.4969039949999533,0.22360679774997905,-1.9500000000000002,15.303000000000004,6.875410420072714,2.3353434028227524,3.805200025055939,0.5555555555555556,0.737027731190089,1.4732940700958903,2.2561983471074347,428.3010000000001,126.00999999999999,2.7575000000000003,0,6,0,0,0,0,0,0,0,0,0,0,0,0,0,0,0,0,0,0,0,0,0,0,0,0,0,0,0,0,0,0,0,0,1,1,0,0,0,0,0,0,0,0,0,0,0,0,0,0,0,0,0,1,1,0,0,1,0,0,1,1,1,1,0,0,1,0,0,1,0,1,0,0,0,1,0,0,0,0,1,1,1,1,0,0,1,0,0,1,1,0,0,0,1,0,1,1,0,0,0,0,0,0,1,1,0,0,1,1,0,0,1,0,1,0,0,0,0,1,0,1,0,0,0,0,1,1,0,0,0,0,1,1,0,1,1,1,1,0,0,0,0,0,1,0,0,1,1,0,1,0,0,1,0,0,1,0,1,0,1,1,1,1,1,1,1,1,0,1
CHEMBL261_13,35,31,-1,-1,-1,2.0,2.6547352123364485,2.6877012449220725,5.609386413440468,0.11252123560275086,0.12613643450589052,1.7102032078128246,3.7328733054105596,0.1617273816105891,0.08848065867491804,-0.06581004965806653,-1.107975105873333,6.299999999999999,3.6212117589523265,0.053805220676131964,-0.9153529835781717,0.01833460656990069,0.05452260045152444,3.1752042022667046,9.006167755316243,0.8,0.4,-1.5,0.24999999999999956,2.0,2.6547352123364485,2.6877012449220725,5.609386413440468,2.0,0.0,0,0,1.7714285714285714,2.178934395992871,3.2765551437503873,9.807659087770016,0.0,0.0,0,0,0.004724456499241376,0.01370582444587583,2.8096072488806008,6.670976961924655,0.047619047619047596,0.0578918105785088,2.706816391391438,5.688809989197637,0.04761904761904764,1.2579012643666647,-2.7176339564268974,6.2396028634158895,1.1904761904761905,0.39267672624930106,1.5764815627361641,0.4852941176470571,1.1085221969117705,62.0,214.0,0.0,108.0,1560.0,8.0,0.0,0.0,0.0,320.0,474.0,11064.0,0.0,0.0,0.0,0.0,34.0,0.0,0.0,0.0,0.0,0.0,0.0,0.0,0.0,0.0,0.0,0.0,0.0,0.0,0.0,1,1,0,1,1,1,0,0,0,1,1,1,0,0,0,0,1,0,0,0,0,0,0,0,0,0,0,0,0,0,0,7.3076923076923075,2.797928227611264,2.6960468352634224,6.158181690413631,2.076923076923077,0.8736782070461959,0.19656578373781303,-1.0034252749233812,0.0,0.0,0,0,3.1923076923076925,0.39411349099844606,1.5614401167176521,0.43809523809523654,0.46153846153846156,0.49851851526214314,0.15430334996209163,-1.9761904761904763,14.719807692307693,5.82235301376204,2.704853012835812,6.257360090404415,0.5384615384615384,0.7457969011409737,1.537256559583585,2.3390674513354446,396.82700000000006,106.32999999999998,2.7375999999999996,0,5,0,0,0,0,0,0,0,0,0,0,0,0,0,0,0,0,0,0,0,0,0,0,0,0,0,0,0,0,0,0,0,0,1,1,0,0,0,0,0,0,0,0,1,0,0,0,0,0,0,0,1,1,0,0,0,1,0,0,1,1,1,1,0,0,1,0,0,1,0,1,0,0,0,1,0,0,1,0,0,0,0,1,0,0,1,0,0,1,1,1,0,0,1,0,1,0,0,1,0,1,0,0,1,1,0,0,1,1,0,0,1,0,1,0,0,0,0,1,0,0,0,0,0,0,1,1,0,0,0,0,1,1,0,1,1,1,1,0,0,0,1,0,1,0,1,1,1,0,1,0,1,1,1,0,1,0,1,0,1,1,1,1,1,1,1,1,0,1
CHEMBL261_14,35,32,-1,-1,-1,2.0,2.7026556987687047,2.920407933001983,7.121173469387758,0.11413897804030261,0.12467446516165168,1.9182638779691614,5.248683112790092,0.18321986508882854,0.09177579078627847,-0.18301185560340877,-0.9449341490001726,7.156190476190477,3.7585987884592993,-0.05395183580981889,-0.7414088566985853,0.02307104660045836,0.06659396792096348,3.2750070040516643,10.029050432868164,0.8,0.4,-1.5000000000000002,0.2500000000000009,2.0,2.7026556987687047,2.920407933001983,7.121173469387758,2.0,0.0,0,0,1.8285714285714285,2.29889059313045,3.384774389074725,10.773449397504463,0.0,0.0,0,0,0.004266190211589605,0.012661594045025744,2.976225960201777,7.775380467720467,0.0434782608695652,0.05346095832046406,2.9277254722103305,7.140210511396518,0.04347826086956521,0.05904132356072871,3.4225922467579695,11.000114236164189,1.173913043478261,0.3790346907426672,1.720618004029213,0.9605263157894743,0.6888437935642827,64.0,238.0,0.0,136.0,1890.0,8.0,0.0,0.0,0.0,358.0,646.0,15024.0,0.0,0.0,0.0,0.0,36.0,0.0,0.0,0.0,0.0,0.0,0.0,0.0,0.0,0.0,0.0,0.0,0.0,0.0,0.0,1,1,0,1,1,1,0,0,0,1,1,1,0,0,0,0,1,0,0,0,0,0,0,0,0,0,0,0,0,0,0,7.176470588235294,2.357348812883986,3.0215192802004367,8.585825414967847,2.0,0.9074852129730301,0.47226271287371985,-0.7448979591836733,0.0,0.0,0,0,3.235294117647059,0.42418250299576343,1.2480754415067652,-0.44230769230769296,0.35294117647058826,0.4778846120374094,0.6154574548966635,-1.6212121212121213,14.363941176470588,4.726085912820811,3.028758280872775,8.620296552615175,0.7058823529411765,0.8921029934178295,1.107759195304922,0.30446124763705074,256.28299999999996,106.32999999999998,0.25160000000000016,0,4,0,0,0,0,0,0,0,0,0,0,0,0,0,0,0,0,0,0,0,0,0,0,0,0,0,0,0,0,0,0,0,0,1,1,0,0,0,0,0,0,0,0,0,0,0,0,0,0,0,0,0,1,0,0,0,1,0,0,1,1,1,1,0,0,1,0,0,1,0,1,0,0,0,1,0,0,0,0,0,0,0,1,0,0,1,0,0,0,1,1,0,0,1,0,1,0,0,1,0,0,0,0,1,0,1,0,1,0,0,0,1,1,1,0,0,1,0,1,0,0,0,0,0,0,1,0,0,0,0,0,1,1,1,1,0,1,1,0,0,0,1,0,1,0,0,0,1,0,1,0,0,1,1,0,1,1,1,0,1,1,1,1,1,1,1,1,0,1
CHEMBL261_15,36,33,-1,-1,-1,2.0,2.7688746209726918,2.9324423561435737,7.0066162570888455,0.11455018824027026,0.12106210039436957,1.8271183569974658,4.519567256643793,0.184963347149167,0.09225469854360138,-0.2330410817294689,-0.935905249176415,7.449999999999999,3.896930178334585,-0.10028670531516377,-0.7453130749347117,0.023342670401493928,0.06832871328360181,3.2571236272910182,9.708092455890464,0.8055555555555556,0.3957724124659724,-1.5440972939559128,0.3842364532019724,2.0,2.7688746209726918,2.9324423561435737,7.0066162570888455,2.0,0.0,0,0,1.8333333333333333,2.362907813126304,3.395484666192934,10.586619143090521,0.0,0.0,0,0,0.0038886099167616916,0.011670596703341848,3.019813961162594,8.148418425614482,0.041666666666666664,0.05252295139474467,2.9397175971773333,7.025880743229484,0.04166666666666666,0.08209628851619924,3.285171243515267,9.574788352003925,1.1666666666666667,0.3726779962499649,1.7888543819998315,1.1999999999999993,-0.31512760041438687,66.0,256.0,0.0,142.0,2106.0,8.0,0.0,0.0,0.0,402.0,696.0,17040.0,0.0,0.0,0.0,0.0,38.0,0.0,0.0,0.0,0.0,0.0,0.0,0.0,0.0,0.0,0.0,0.0,0.0,0.0,0.0,1,1,0,1,1,1,0,0,0,1,1,1,0,0,0,0,1,0,0,0,0,0,0,0,0,0,0,0,0,0,0,6.75,1.920286436967152,3.9888873596884875,16.270776049575247,2.142857142857143,0.7889543583705185,0.1781031069688892,-0.5614082235958064,0.0,0.0,0,0,3.2857142857142856,0.45175395145262565,0.9486832980505147,-1.0999999999999994,0.42857142857142855,0.4948716593053935,0.28867513459481287,-1.9166666666666665,13.510857142857146,3.849043292209913,3.998275763531814,16.333637544733133,0.8214285714285714,0.8474150369789052,0.7002204227076437,-0.392738722083231,401.48800000000017,100.78,1.2496000000000005,1,4,0,0,0,0,0,0,0,0,0,0,0,0,0,0,0,0,0,0,0,0,0,0,0,0,0,0,0,0,0,0,0,0,1,1,0,0,0,0,0,0,0,0,0,0,0,0,0,0,0,0,0,1,0,0,0,1,0,0,1,1,1,1,0,0,1,0,0,1,0,1,0,0,0,1,0,1,0,0,0,1,0,1,0,0,1,1,1,0,1,0,0,0,1,0,1,0,0,0,1,0,1,0,1,0,0,0,1,0,1,0,1,1,1,0,0,0,1,1,1,0,1,1,1,0,1,1,0,0,1,1,1,0,0,0,0,0,1,1,1,0,1,0,1,0,0,1,1,1,1,0,1,1,0,1,1,1,1,0,1,1,1,1,1,1,1,1,0,1
CHEMBL261_16,40,37,-1,-1,-1,2.076923076923077,3.0624660365222125,3.189354388378276,8.62001612116749,0.10453298306962926,0.11862906663446611,1.9888146613908204,5.534300531900941,0.17214117053495293,0.09485307767014652,-0.18218491292664415,-1.128828031424726,7.781666666666666,4.4590977537813385,-0.08768118120976921,-0.906085893435542,0.020445344129554656,0.060485191625344756,3.7887543936702532,14.017823160544637,0.825,0.3799671038392666,-1.7106744068953987,0.9264069264069255,2.076923076923077,3.0624660365222125,3.189354388378276,8.62001612116749,2.0,0.0,0,0,1.85,2.5646637206464318,3.8124940239180036,13.709220863253552,0.0,0.0,0,0,0.01145124716553288,0.030846295989556304,2.406460979307293,3.992856990270634,0.03846153846153847,0.051389091456412565,3.1878219352351995,8.608107455888812,0.038461538461538464,0.14598204733874165,-3.006959791283142,8.383979440678557,1.1923076923076923,0.39411349099844606,1.5614401167176535,0.4380952380952392,-0.15519818704253388,74.0,326.0,0.0,166.0,3234.0,24.0,0.0,0.0,0.0,800.0,894.0,32064.0,0.0,0.0,0.0,0.0,126.0,0.0,0.0,0.0,12.0,0.0,0.0,0.0,0.0,0.0,0.0,0.0,0.0,0.0,0.0,1,1,0,1,1,1,0,0,0,1,1,1,0,0,0,0,1,0,0,0,1,0,0,0,0,0,0,0,0,0,0,6.885714285714286,2.3271248793482555,3.4030214073086826,10.464896033979219,2.1714285714285713,0.6963461489687964,-0.24576853249408795,-0.938016528925619,0.0,0.0,0,0,3.2285714285714286,0.4199125273342591,1.2927862531355656,-0.3287037037037046,0.4857142857142857,0.4997958767010257,0.057166195047502776,-1.9967320261437906,13.784028571428571,4.666267162063817,3.407109379914172,10.486235206916618,0.7714285714285715,0.9587406706035725,1.0529862314786151,0.027048386435266636,509.6570000000003,85.85000000000001,3.9169000000000027,0,6,0,0,0,0,0,0,0,0,0,0,0,0,0,0,0,0,0,0,0,0,0,0,0,0,0,0,0,0,0,0,0,0,0,0,0,0,1,0,0,0,0,0,0,0,0,0,0,1,0,0,0,0,0,0,0,0,0,0,0,1,0,0,0,0,1,1,0,0,0,0,0,0,0,0,1,1,0,1,0,1,0,1,0,1,0,1,1,0,1,0,0,0,1,1,0,0,1,1,1,0,1,0,0,0,0,0,1,0,1,0,1,1,0,0,0,0,1,1,1,0,1,1,1,0,0,1,0,0,1,1,0,0,0,1,0,1,1,1,1,0,0,1,1,0,0,1,1,1,1,1,0,1,0,1,1,0,1,0,1,1,1,1,1,1,1,1,0,0
CHEMBL261_17,38,33,-1,-1,-1,1.9166666666666667,2.6444386087704053,3.0777274530824763,7.964200940980168,0.10240693435920227,0.12581180099193492,2.2934894411242825,7.663394667568106,0.15783157806150525,0.0839935852188601,-0.16827083423578756,-1.058570450963911,6.840350877192982,3.8552759315597815,-0.023823213579157287,-0.8169877782041346,0.02192982456140351,0.06628172507232426,3.236704301612333,9.382035145328425,0.8157894736842105,0.3876557858593746,-1.6292261599251139,0.6543778801843323,1.9166666666666667,2.6444386087704053,3.0777274530824763,7.964200940980168,2.0,0.0,0,0,1.736842105263158,2.208645816669188,3.6321155638207454,12.482571947369998,0.0,0.0,0,0,0.0,0.0,0,0,0.04166666666666665,0.05220153405252946,3.0510276012819033,7.756715079387874,0.041666666666666664,0.05180167236536126,3.7165196172550536,14.019686683856353,1.0,0.0,0,0,0.4464236613592412,66.0,234.0,0.0,62.0,1884.0,0.0,0.0,0.0,0.0,200.0,276.0,15024.0,0.0,0.0,0.0,0.0,0.0,0.0,0.0,0.0,0.0,0.0,0.0,0.0,0.0,0.0,0.0,0.0,0.0,0.0,0.0,1,1,0,1,1,0,0,0,0,1,1,1,0,0,0,0,0,0,0,0,0,0,0,0,0,0,0,0,0,0,0,7.078947368421052,1.8691621954820807,2.9317758207415148,10.906164283588428,2.1578947368421053,0.9874559494365114,0.33615453857205596,-0.9887009297520657,0.0,0.0,0,0,3.473684210526316,0.49930699897395464,0.10540925533894513,-1.988888888888889,0.3157894736842105,0.464829519280413,0.7925939239012172,-1.3717948717948716,14.324315789473683,3.917808800211395,2.5979291513854808,8.46704885266769,0.5526315789473685,0.7503461804938553,1.3153765425511765,1.281509420260254,565.4920000000002,115.81000000000002,3.4814000000000016,1,6,0,0,0,0,0,0,0,0,0,0,0,0,0,0,0,0,0,0,0,0,0,0,1,0,0,0,0,0,0,0,0,0,1,1,0,0,0,0,0,0,0,0,1,0,0,0,0,0,0,0,0,1,0,0,0,1,0,0,1,1,1,1,0,0,1,0,1,1,0,1,0,0,0,1,0,1,0,0,0,1,0,1,0,1,0,1,0,0,1,0,1,1,1,0,1,1,1,0,0,0,1,1,1,0,1,1,1,1,0,0,1,1,1,0,0,0,1,1,0,0,0,1,1,0,1,1,0,0,0,0,1,1,0,1,1,1,1,1,0,1,1,0,1,0,1,1,1,1,1,0,1,1,1,1,1,0,1,1,1,1,1,1,1,1,1,1,0,0
CHEMBL261_18,39,36,-1,-1,-1,2.08,2.9788588419057387,3.0094660701001716,7.453075279383169,0.10888135239373707,0.11741327327834991,1.884540827790632,5.0072794007874375,0.17337482821299072,0.09454747540375281,-0.228708044415837,-1.0960341341387878,7.568376068376069,4.306742535371715,-0.11295644661116087,-0.9114159208680452,0.01911222963854543,0.06020558544146377,3.4405296787713753,10.764585962689594,0.8205128205128205,0.3837597319768145,-1.6703827619526517,0.7901785714285703,2.08,2.9788588419057387,3.0094660701001716,7.453075279383169,2.0,0.0,0,0,1.8461538461538463,2.4862541233902355,3.619429635103633,12.17558233818193,0.0,0.0,0,0,0.019342767843517468,0.08002659647753065,5.559760095369702,30.383055066628614,0.04000000000000001,0.05273442659976364,3.029771503133939,7.4845906939486735,0.039999999999999994,0.05433252204873887,-2.118461358525034,4.5197650214906995,1.24,0.4270831300812524,1.2175615550562027,-0.5175438596491229,0.37597745039151925,72.0,302.0,0.0,162.0,2772.0,16.0,0.0,0.0,0.0,550.0,844.0,25200.0,0.0,0.0,0.0,0.0,66.0,0.0,0.0,0.0,0.0,0.0,0.0,0.0,0.0,0.0,0.0,0.0,0.0,0.0,12.0,1,1,0,1,1,1,0,0,0,1,1,1,0,0,0,0,1,0,0,0,0,0,0,0,0,0,0,0,0,0,1,6.310344827586207,0.6487892318009235,1.8647331985545053,1.9324427846404202,2.206896551724138,0.6632891055748739,-0.25712748599604485,-0.7783053323593858,0.0,0.2626128657194451,0.0,11.500000000000002,3.103448275862069,0.3045434781492361,2.6042371785325695,4.782051282051283,0.6206896551724138,0.48521542343000995,-0.4974683381630911,-1.7525252525252522,12.630034482758624,1.2939057814326103,1.8638448988752256,1.9286654668715775,0.6551724137931034,0.7083668477301427,1.1876811328511092,1.9432290379820785,385.42300000000006,75.81,4.959400000000004,1,4,0,0,0,0,0,0,0,0,0,0,0,0,0,0,0,0,0,0,0,0,0,0,0,0,1,0,0,0,0,0,0,0,0,0,0,0,0,0,0,0,0,0,0,0,0,0,0,0,0,1,0,0,1,0,0,0,1,0,0,0,0,0,1,1,0,0,0,0,0,0,1,1,0,0,0,1,0,0,1,0,1,0,0,1,0,0,0,0,0,0,0,0,1,0,1,1,1,0,0,0,0,0,1,0,0,0,0,0,1,0,1,1,0,0,0,0,0,1,0,1,1,1,1,0,1,1,0,0,0,0,1,0,0,1,0,1,1,1,0,0,0,0,1,0,1,1,1,0,1,0,1,0,0,0,1,0,1,0,1,1,1,1,1,1,1,1,0,0
CHEMBL261_19,35,31,-1,-1,-1,2.0,2.6547352123364485,2.6877012449220725,5.609386413440468,0.11252123560275085,0.12613643450589052,1.710203207812825,3.7328733054105587,0.1617273816105891,0.08848065867491804,-0.06581004965806653,-1.107975105873333,6.299999999999999,3.621211758952327,0.05380522067613214,-0.9153529835781722,0.018334606569900685,0.05452260045152444,3.1752042022667046,9.006167755316243,0.8,0.4,-1.5,0.24999999999999956,2.0,2.6547352123364485,2.6877012449220725,5.609386413440468,2.0,0.0,0,0,1.7714285714285714,2.178934395992871,3.2765551437503873,9.807659087770016,0.0,0.0,0,0,0.004724456499241376,0.01370582444587583,2.8096072488806008,6.670976961924655,0.047619047619047616,0.057891810578508805,2.70681639139144,5.688809989197637,0.047619047619047616,0.018316927833998454,0.6008713940124951,0.5702973730256589,1.1904761904761905,0.39267672624930106,1.576481562736164,0.4852941176470571,0.597480053402279,62.0,214.0,0.0,108.0,1560.0,8.0,0.0,0.0,0.0,320.0,474.0,11064.0,0.0,0.0,0.0,0.0,34.0,0.0,0.0,0.0,0.0,0.0,0.0,0.0,0.0,0.0,0.0,0.0,0.0,0.0,0.0,1,1,0,1,1,1,0,0,0,1,1,1,0,0,0,0,1,0,0,0,0,0,0,0,0,0,0,0,0,0,0,6.88,2.0063897926375125,3.7304979799180726,14.114905305567426,2.0,0.8,0.46875,-0.265625,0.0,0.0,0,0,3.44,0.4963869458396343,0.2417468892076144,-1.9415584415584415,0.24,0.4270831300812525,1.217561555056202,-0.5175438596491233,13.77068,4.021859935104653,3.739554883009503,14.170499020563653,1.04,0.9156418513807678,0.23359911896605212,-1.1743779500029141,370.4750000000001,144.38,-0.37359999999999705,1,10,0,0,0,0,0,0,0,0,0,0,0,0,0,0,0,0,0,0,0,0,0,0,0,0,0,0,0,0,0,0,0,0,1,1,0,0,0,0,0,0,0,0,0,0,0,0,0,0,0,0,0,1,0,0,1,1,0,0,1,1,1,1,0,0,1,0,0,1,0,1,0,0,0,1,0,0,0,0,0,1,0,1,1,0,1,0,0,0,1,0,1,1,1,0,1,1,0,0,0,0,1,0,1,0,1,0,1,0,1,0,1,1,1,0,0,0,0,1,1,0,0,0,0,0,1,0,0,0,1,1,1,1,0,0,0,0,1,0,1,0,1,0,1,0,0,0,1,1,1,0,0,1,0,1,1,1,1,0,1,1,1,1,1,1,1,1,0,1
CHEMBL261_20,33,30,-1,-1,-1,2.0,2.4880667576405964,2.5970116925905398,5.094319526627219,0.11945230458559616,0.12662613171150836,1.5444915883097277,2.6604712354559865,0.1760288980795455,0.08718472776037083,-0.11305157776435402,-0.973933393543128,6.4989898989899,3.3987939517566077,0.012149353809475166,-0.811911829864727,0.023093841642228743,0.06298606226445876,3.0054360287761006,7.991827032613632,0.7878787878787878,0.40881022918884974,-1.408373701656092,-0.016483516483517313,2.0,2.4880667576405964,2.5970116925905398,5.094319526627219,2.0,0.0,0,0,1.8181818181818181,2.109926689155056,3.0271910621118887,8.096563756004313,0.0,0.0,0,0,0.004995536961940124,0.01425703599784071,2.8530392252206083,7.169256100100444,0.047619047619047616,0.05383275893744194,2.607274004883799,5.126836880750169,0.047619047619047596,0.13360068013765908,-2.08298907954477,3.540587646203628,1.1904761904761905,0.39267672624930106,1.576481562736164,0.4852941176470571,0.03754129298383499,60.0,196.0,0.0,120.0,1290.0,8.0,0.0,0.0,0.0,294.0,490.0,8184.0,0.0,0.0,0.0,0.0,32.0,0.0,0.0,0.0,0.0,0.0,0.0,0.0,0.0,0.0,0.0,0.0,0.0,0.0,0.0,1,1,0,1,1,1,0,0,0,1,1,1,0,0,0,0,1,0,0,0,0,0,0,0,0,0,0,0,0,0,0,6.916666666666667,2.0395397084200697,3.648924183451768,13.431116412719021,2.0,0.816496580927726,0.4592793267718459,-0.37499999999999956,0.0,0.0,0,0,3.4166666666666665,0.4930066485916347,0.33806170189140744,-1.8857142857142855,0.25,0.4330127018922193,1.1547005383792515,-0.6666666666666665,13.844,4.088390270020708,3.6577949070003015,13.484065975525326,1.0,0.9128709291752769,0.3286335345030996,-1.0800000000000003,356.44800000000004,144.38,-0.41609999999999703,1,9,0,0,0,0,0,0,0,0,0,0,0,0,0,0,0,0,0,0,0,0,0,0,0,0,0,0,0,0,0,0,0,0,1,1,0,0,0,0,0,0,0,0,0,0,0,0,0,0,0,0,0,1,0,0,1,1,0,0,1,1,1,1,0,0,1,0,0,1,0,1,0,0,0,1,0,0,0,0,0,1,0,1,1,0,1,0,0,0,1,0,1,1,1,0,1,1,0,0,0,0,1,0,1,0,1,0,1,0,1,0,1,1,1,0,0,0,0,1,1,0,0,0,0,0,1,0,0,0,1,1,1,1,0,0,0,0,1,0,1,0,1,0,1,0,0,0,1,1,1,0,0,1,0,1,1,1,1,0,1,1,1,1,1,1,1,1,0,1
CHEMBL261_21,37,32,-1,-1,-1,1.9130434782608696,2.517988214881784,2.8433817644731,6.265363867456486,0.11181357250077292,0.12051867918145065,1.6197069345951502,3.1755629196476045,0.15280576734262732,0.08018295321068146,-0.16516184463874536,-1.0855470851919178,6.490990990990991,3.6395054497606893,-0.008850394589578548,-0.8717224833711583,0.022265122265122263,0.0652903700588424,3.038928089832183,7.758197478645446,0.8108108108108109,0.3916588309780929,-1.5871507864874157,0.5190476190476199,1.9130434782608696,2.517988214881784,2.8433817644731,6.265363867456486,2.0,0.0,0,0,1.7297297297297298,2.10081899922257,3.3671666494103762,10.152474387332376,0.0,0.0,0,0,0.0,0.0,0,0,0.04347826086956523,0.052059403526861434,2.841036030259225,6.25907841538015,0.043478260869565216,0.06034204338976207,2.867931836341377,6.396737867021757,1.0,0.0,0,0,0.08181467004891223,64.0,210.0,0.0,56.0,1500.0,0.0,0.0,0.0,0.0,182.0,216.0,10200.0,0.0,0.0,0.0,0.0,0.0,0.0,0.0,0.0,0.0,0.0,0.0,0.0,0.0,0.0,0.0,0.0,0.0,0.0,0.0,1,1,0,1,1,0,0,0,0,1,1,1,0,0,0,0,0,0,0,0,0,0,0,0,0,0,0,0,0,0,0,6.862068965517241,1.0739594139584439,0.7771475762637631,-0.8855330003188429,2.0689655172413794,0.8682536766906326,0.18266428145286173,-1.0329538556458921,0.0,0.0,0,0,3.4482758620689653,0.49731741730537793,0.20801257358446212,-1.9567307692307694,0.20689655172413793,0.40508069394726653,1.4471361022898732,0.09420289855072861,13.834206896551729,2.359259211311749,0.9899472946093081,-0.28247927129317096,0.6551724137931034,0.7083668477301428,1.1876811328511085,1.9432290379820785,420.3440000000001,152.51,-0.2419999999999996,4,4,0,0,0,0,0,0,0,0,0,0,0,0,0,0,0,0,0,0,0,0,0,0,0,0,0,0,0,0,0,0,0,0,0,0,0,0,0,1,0,0,0,0,1,1,0,0,0,0,0,0,0,0,1,1,1,0,0,1,0,0,0,0,0,0,0,0,0,0,0,1,0,0,1,0,0,0,0,1,1,1,1,0,1,0,0,0,0,0,0,1,1,1,1,0,1,1,0,1,1,0,0,0,0,0,0,0,1,1,0,1,1,0,1,0,0,0,0,1,0,1,0,0,0,0,1,0,0,1,0,0,0,1,1,1,1,1,1,1,0,1,1,0,1,1,0,1,1,0,0,0,1,1,1,1,1,1,1,1,1,1,1,1,1,1,1,1,0,0
CHEMBL261_22,33,29,-1,-1,-1,2.0,2.3395906074624073,2.564551242795331,5.319526627218934,0.11183508416542196,0.13340144021989897,1.7443687775952919,3.8815424272596566,0.15296931497108787,0.08285136346957836,0.040315666267397174,-1.05993341474078,5.616161616161617,3.2123852410386866,0.15185454271508655,-0.8841527494076149,0.018389540566959923,0.04925752508172475,2.966307205888819,7.938305722147145,0.7878787878787878,0.40881022918884974,-1.4083737016560922,-0.016483516483517313,2.0,2.3395906074624073,2.564551242795331,5.319526627218934,2.0,0.0,0,0,1.7575757575757576,1.9232280791057492,3.1064549955525287,9.16445137266542,0.0,0.0,0,0,0.006090051630848595,0.017283897781625295,2.7635253745019863,6.360125944526363,0.05263157894736842,0.055983355267229695,2.590950387001042,5.444569754317765,0.05263157894736842,0.32261846818012874,-2.415492231893178,5.15914065690397,1.2105263157894737,0.40768245749551757,1.420093893609386,0.016666666666666163,1.085357635562748,58.0,166.0,0.0,94.0,996.0,8.0,0.0,0.0,0.0,246.0,338.0,6000.0,0.0,0.0,0.0,0.0,28.0,0.0,0.0,0.0,0.0,0.0,0.0,0.0,0.0,0.0,0.0,0.0,0.0,0.0,0.0,1,1,0,1,1,1,0,0,0,1,1,1,0,0,0,0,1,0,0,0,0,0,0,0,0,0,0,0,0,0,0,6.782608695652174,0.882512310008019,0.4376583929710334,-1.5746300311056642,2.0,0.8846517369293828,0.0,-1.7222222222222223,0.0,0.0,0,0,3.4347826086956523,0.49572844569527735,0.2631174057921079,-1.930769230769231,0.0,0.0,0,0,13.571869565217394,1.7598153881524263,0.4370375454907736,-1.5752419803577518,0.8695652173913043,0.7404081028663653,0.855316623182796,1.0323662306777672,332.31300000000005,198.21999999999994,-3.5758299999999976,5,6,0,0,0,0,0,0,0,0,0,0,0,0,0,0,0,0,0,0,0,0,0,0,0,0,0,1,0,0,0,0,0,0,0,0,0,0,0,0,0,0,0,0,0,1,0,0,0,0,0,0,0,0,0,1,1,0,0,1,0,0,0,0,0,0,0,0,0,0,0,0,0,0,1,0,0,0,1,1,1,1,0,0,1,0,1,0,0,0,0,1,1,0,1,0,0,1,0,1,1,1,0,0,0,0,1,0,1,0,0,1,1,0,0,0,0,0,0,1,0,1,0,0,0,1,0,0,0,0,0,0,0,1,1,1,0,0,1,1,0,1,1,0,1,0,0,0,1,0,0,0,1,1,1,1,1,1,1,1,1,1,1,1,0,1,1,1,0,0
CHEMBL261_23,37,35,-1,-1,-1,2.08,2.8414081016284864,2.9006401763631544,6.84422904993442,0.1150385778717832,0.11744425327901196,1.719821808853254,3.8456428036526287,0.18770013936023372,0.0932771650820217,-0.29249128063082847,-0.9359076550173855,7.8045045045045045,4.063302863421532,-0.16667944926874875,-0.7689305310846488,0.023337623337623337,0.06778511702560219,3.2540972075679044,9.543751450617455,0.8108108108108109,0.3916588309780929,-1.5871507864874157,0.5190476190476199,2.08,2.8414081016284864,2.9006401763631544,6.84422904993442,2.0,0.0,0,0,1.8918918918918919,2.436033370647297,3.367630724452501,10.381359969221531,0.0,0.0,0,0,0.014774304040519987,0.055093467682139685,5.2284257807147565,27.225985905343805,0.039999999999999994,0.05022152490806487,2.931483472535151,6.944478998916162,0.04,0.02845778498300133,-0.5751848197975455,0.8036945806508431,1.24,0.4270831300812524,1.2175615550562024,-0.5175438596491229,-0.255720585182962,70.0,282.0,0.0,178.0,2382.0,16.0,0.0,0.0,0.0,516.0,888.0,19920.0,0.0,0.0,0.0,0.0,64.0,0.0,0.0,0.0,0.0,0.0,0.0,0.0,0.0,0.0,0.0,0.0,0.0,0.0,12.0,1,1,0,1,1,1,0,0,0,1,1,1,0,0,0,0,1,0,0,0,0,0,0,0,0,0,0,0,0,0,1,7.0,1.8937283058959973,3.6557920698140185,14.653106508875737,2.1379310344827585,0.8599975112648226,0.056856877883634006,-1.0481332905987335,0.0,0.0,0,0,3.4482758620689653,0.49731741730537793,0.20801257358446215,-1.9567307692307696,0.3793103448275862,0.48521542343000995,0.4974683381630912,-1.7525252525252522,14.00934482758621,3.7951154839169714,3.668825337117553,14.735161068037645,0.7241379310344828,0.7379632606562999,1.002078427369897,1.128477717816212,427.4390000000001,189.89,-2.291299999999997,5,5,0,0,0,0,0,0,0,0,0,0,0,0,0,0,0,0,0,0,0,0,0,0,0,0,0,0,0,0,0,0,0,0,1,1,0,0,0,0,0,0,0,0,0,0,0,0,0,0,0,0,0,1,1,1,1,1,0,1,1,1,1,1,1,0,1,1,0,1,0,1,1,0,1,1,0,1,0,1,0,1,1,1,1,1,1,0,0,0,1,1,1,1,1,0,1,1,1,1,1,0,0,0,1,0,0,0,1,0,0,1,1,0,1,0,0,0,0,1,0,0,1,1,1,0,1,1,0,1,0,0,1,1,1,1,0,0,1,1,0,1,1,0,1,1,0,1,1,0,1,0,1,1,1,1,1,1,1,1,1,1,1,1,1,1,1,1,0,1
CHEMBL261_24,36,31,-1,-1,-1,1.9090909090909092,2.592104987160592,2.856065025340603,6.434843389024293,0.10877146181865861,0.12627963759692168,1.9540554250570599,5.540634545687375,0.15552322690955606,0.08222506458055427,-0.1504753078289122,-1.0815706644081104,6.356481481481481,3.5851853047520645,0.014419168135233603,-0.8528096281267512,0.02054154995331466,0.0636897564861542,3.0762477606860488,7.777759021409802,0.8055555555555556,0.3957724124659724,-1.5440972939559132,0.3842364532019724,1.9090909090909092,2.592104987160592,2.856065025340603,6.434843389024293,2.0,0.0,0,0,1.7222222222222223,2.1423132760732044,3.4141271250742586,10.633366332469391,0.0,0.0,0,0,0.0,0.0,0,0,0.04545454545454545,0.05637642193686345,2.8628387437959457,6.477420854929829,0.04545454545454546,0.0657494576979931,3.50813757434361,11.647758235001938,1.0,0.0,0,0,-1.7574948797428798,62.0,210.0,0.0,52.0,1554.0,0.0,0.0,0.0,0.0,162.0,202.0,11064.0,0.0,0.0,0.0,0.0,0.0,0.0,0.0,0.0,0.0,0.0,0.0,0.0,0.0,0.0,0.0,0.0,0.0,0.0,0.0,1,1,0,1,1,0,0,0,0,1,1,1,0,0,0,0,0,0,0,0,0,0,0,0,0,0,0,0,0,0,0,7.074074074074074,1.9612151547961074,3.4314864532489415,12.955593293460943,2.074074074074074,0.899626503814157,0.15937422360589362,-1.1707153116920426,0.0,0.0,0,0,3.4814814814814814,0.4996569467863719,0.07412493166611059,-1.9945054945054945,0.2222222222222222,0.41573970964154905,1.3363062095621216,-0.2142857142857153,14.157222222222224,3.9302202872323635,3.444759429200616,13.034595312212133,0.7777777777777778,0.7370277311900889,0.9319441559676329,1.0847107438016526,403.4130000000002,188.28,-2.992499999999996,5,5,0,0,0,0,0,0,0,0,0,0,0,0,0,0,0,0,0,0,0,0,0,0,0,0,0,0,0,0,0,0,0,0,1,1,0,0,0,0,0,0,0,0,0,0,0,0,0,0,0,0,0,1,0,1,1,1,0,1,1,1,1,1,0,0,1,0,0,1,0,1,0,0,1,1,0,0,0,0,0,1,0,1,1,0,1,0,0,0,1,1,1,1,1,0,1,1,0,1,1,0,0,0,1,0,0,0,1,0,0,1,1,0,1,0,0,0,0,1,0,0,0,0,0,0,1,0,0,1,0,0,1,1,1,1,0,0,1,1,0,1,1,0,1,1,0,1,1,0,1,0,1,1,1,1,1,1,1,1,1,1,1,1,1,1,1,1,0,1
CHEMBL261_25,39,38,-1,-1,-1,2.1481481481481484,3.1115519969789958,3.107677373208777,7.972317415968298,0.11191878715864739,0.11452166049251562,1.7958851425479079,4.019354184858343,0.19765867317011646,0.09884107115860585,-0.3848290199562968,-0.9694602535267318,8.630769230769232,4.488604657681092,-0.2604934549177326,-0.7677127015889855,0.02243133822081191,0.06588455954885267,3.645431692851505,12.22335974281796,0.8205128205128205,0.3837597319768145,-1.6703827619526517,0.7901785714285703,2.1481481481481484,3.1115519969789958,3.107677373208777,7.972317415968298,2.0,0.0,0,0,1.9487179487179487,2.678965720330046,3.607545805895698,11.905768437776155,0.0,0.0,0,0,0.010051936367725842,0.026826747278290788,2.403906048754207,4.036835496740739,0.037037037037037035,0.04913271008991042,3.123501689335992,8.036478066399813,0.03703703703703703,0.01887089246865939,-0.056476490004292064,0.7848976630747124,1.2962962962962963,0.4566232594791834,0.892217816219194,-1.2039473684210513,2.8735150753035668,76.0,352.0,0.0,222.0,3498.0,24.0,0.0,0.0,0.0,922.0,1214.0,34440.0,0.0,0.0,0.0,0.0,132.0,0.0,0.0,0.0,12.0,0.0,0.0,0.0,0.0,0.0,0.0,0.0,0.0,0.0,36.0,1,1,0,1,1,1,0,0,0,1,1,1,0,0,0,0,1,0,0,0,1,0,0,0,0,0,0,0,0,0,1,7.032258064516129,1.8575716192113512,3.576479005598894,14.595873572735037,2.129032258064516,0.8324830903589637,0.09041483013408211,-0.9172009847685509,0.0,0.0,0,0,3.4838709677419355,0.4997397866074087,0.06454972243679011,-1.9958333333333338,0.3548387096774194,0.47846441852230076,0.6067798762169181,-1.6318181818181805,14.073322580645165,3.7220705682854227,3.591474048829677,14.69142042169177,0.7096774193548387,0.7701507346008596,0.9726228649383997,0.6196306555863322,458.4490000000001,196.32,-2.1979999999999973,5,7,0,0,0,0,0,0,0,0,0,0,0,0,0,0,0,0,0,0,0,0,0,0,0,0,0,0,0,0,0,0,0,0,1,1,0,0,0,0,0,0,0,0,0,0,0,0,0,0,0,0,0,1,1,0,1,1,0,1,1,1,1,1,1,0,1,1,0,1,0,1,1,0,1,1,0,1,0,1,0,1,1,1,1,1,1,0,0,0,1,1,0,1,0,0,1,1,1,1,1,0,0,0,1,0,0,0,1,0,0,1,0,1,1,0,0,0,0,1,0,0,1,1,1,1,1,1,1,1,0,0,1,1,1,1,0,1,1,1,1,1,1,0,1,1,0,1,1,0,1,0,1,1,1,1,1,1,1,1,1,1,1,1,1,1,1,1,0,1
CHEMBL261_26,37,35,-1,-1,-1,2.08,2.8554509276119595,2.867538745059976,6.659315552691311,0.11259279123945909,0.11979102799431438,1.6935197600806624,3.298351041520828,0.19179904199748657,0.09668170077914358,-0.2751874812383911,-0.9785773268600693,7.86936936936937,4.138941112922355,-0.14041143398261563,-0.8024456355342187,0.022565422565422565,0.06420596621773611,3.1755856059081613,8.897597929273038,0.8108108108108109,0.3916588309780929,-1.5871507864874157,0.5190476190476199,2.08,2.8554509276119595,2.867538745059976,6.659315552691311,2.0,0.0,0,0,1.8918918918918919,2.4471029069005836,3.3343988202038903,10.153486908933157,0.0,0.0,0,0,0.009818875965292538,0.02699984454006549,2.726710857765806,6.166568444105346,0.04000000000000001,0.04990833567335272,2.882804657305251,6.732613429096755,0.04,0.6143028404763439,2.8191714471198748,6.580235786763923,1.2,0.4,1.5000000000000004,0.25000000000000133,1.3587850979716567,70.0,284.0,0.0,216.0,2394.0,24.0,0.0,0.0,0.0,706.0,1132.0,19944.0,0.0,0.0,0.0,0.0,122.0,0.0,0.0,0.0,12.0,0.0,0.0,0.0,0.0,0.0,0.0,0.0,0.0,0.0,0.0,1,1,0,1,1,1,0,0,0,1,1,1,0,0,0,0,1,0,0,0,1,0,0,0,0,0,0,0,0,0,0,7.090909090909091,2.5149689601510823,3.1547250095053987,9.101404199395407,2.121212121212121,0.8074492481499532,0.1218910392495841,-0.7850704225352119,0.0,0.0,0,0,3.303030303030303,0.459568208730397,0.8571946154145218,-1.2652173913043492,0.36363636363636365,0.48104569292083466,0.5669467095138407,-1.6785714285714284,14.235666666666667,5.210204827397321,3.216271979590885,9.515306893244263,0.7272727272727273,0.8265564664839913,0.8648040553174561,-0.12155306971904345,493.96900000000016,135.86999999999998,2.1510000000000007,2,8,0,0,0,0,0,0,0,0,0,0,0,0,0,0,0,0,0,0,0,0,0,0,0,0,0,0,0,0,0,0,0,0,1,1,0,0,0,0,0,0,0,0,0,0,0,0,0,0,0,0,0,1,0,0,0,1,0,0,1,1,1,1,1,0,1,0,0,1,0,1,0,0,0,1,0,1,0,0,0,0,1,1,1,1,1,1,0,1,1,0,1,0,1,0,1,0,1,1,0,0,1,0,1,1,1,0,1,1,1,1,1,1,1,0,0,0,1,1,1,0,0,1,1,1,1,1,1,1,1,0,1,1,1,1,1,1,1,1,1,0,1,0,1,1,0,1,1,1,1,0,1,1,0,1,1,1,1,1,1,1,1,1,1,1,1,1,0,1
CHEMBL261_27,41,39,-1,-1,-1,2.0689655172413794,3.172413793103449,3.36492150899975,9.840162918407234,0.10625072986034188,0.11445971477591439,2.1151873991634895,6.390944115563281,0.1943708402855819,0.09725608370182588,-0.34249510599985494,-0.895921023237197,9.014634146341464,4.679641074303485,-0.23721380540508008,-0.6666755614364881,0.024390243902439022,0.07253670862755411,3.774217496117995,14.021730190691692,0.8292682926829268,0.3762743565985735,-1.7501500535908439,1.0630252100840334,2.0689655172413794,3.172413793103449,3.36492150899975,9.840162918407234,2.0,0.0,0,0,1.9024390243902438,2.747991533064498,3.860644457067483,14.082141939825902,0.0,0.0,0,0,0.009893797185862838,0.0273530819393174,2.517179357699298,4.561586928765167,0.03448275862068967,0.047853673900858006,3.3552971526381383,9.777977862856714,0.034482758620689655,0.01648978837390798,0.025126916962380917,0.06819476852374162,1.1724137931034482,0.377739694831149,1.7344547654330282,1.008333333333339,-1.9703387013473295,78.0,380.0,0.0,210.0,4116.0,24.0,0.0,0.0,0.0,952.0,1270.0,44760.0,0.0,0.0,0.0,0.0,138.0,0.0,0.0,0.0,12.0,0.0,0.0,0.0,0.0,0.0,0.0,0.0,0.0,0.0,0.0,1,1,0,1,1,1,0,0,0,1,1,1,0,0,0,0,1,0,0,0,1,0,0,0,0,0,0,0,0,0,0,6.878787878787879,1.8217137412350468,3.788784689968707,16.114019022745286,2.1818181818181817,0.8688043143534212,0.19476232898087437,-0.7684213330491763,0.0,0.24618298195866548,0.0,13.5,3.272727272727273,0.4453617714151233,1.0206207261596563,-0.9583333333333348,0.36363636363636365,0.48104569292083466,0.5669467095138406,-1.6785714285714286,13.767000000000001,3.650120994258584,3.803319639200829,16.213246386440677,0.6363636363636364,0.8813963377120598,1.0423938127083552,-0.2211407876867355,475.4790000000002,159.14000000000001,2.1719,0,4,0,0,0,0,0,0,0,0,0,0,0,0,0,0,0,0,0,0,0,0,0,0,0,0,1,0,0,0,0,0,0,0,1,1,0,0,0,0,0,0,0,0,0,0,0,0,0,0,0,1,0,1,0,0,0,1,1,1,1,1,1,1,1,1,1,0,1,1,0,1,1,1,0,1,0,1,0,0,0,1,0,1,0,0,1,1,1,0,1,1,0,0,0,0,1,0,0,1,1,0,1,1,1,0,0,1,1,0,0,0,0,1,1,1,0,0,0,1,1,1,1,1,1,1,1,1,1,1,1,1,1,0,1,1,0,1,1,1,1,0,1,0,1,1,1,1,1,1,1,0,1,1,1,1,1,0,1,1,1,1,1,1,1,1,1,1,0,1
CHEMBL261_28,35,33,-1,-1,-1,2.0869565217391304,2.6525302682903726,2.7577711217661696,6.006637126619218,0.1178741705459886,0.12114911675090237,1.591578553877549,3.1089856103812155,0.18251342639546406,0.09007643474510209,-0.2699121993212943,-1.0389079386486113,7.1866666666666665,3.741347266036577,-0.12832024923688218,-0.8563395258094388,0.023071046600458365,0.06204906553260934,3.216685884129739,9.346468982916845,0.8,0.4,-1.5,0.24999999999999956,2.0869565217391304,2.6525302682903726,2.7577711217661696,6.006637126619218,2.0,0.0,0,0,1.8857142857142857,2.2649052780121615,3.2106667026264537,9.319814885571184,0.0,0.0,0,0,0.0049761513800922665,0.014453426473985856,2.780153952711872,6.281510738165492,0.0434782608695652,0.050658313491710016,2.780687263812745,6.096987576361251,0.043478260869565216,0.033696054757638975,-1.0001921885462406,0.9667827579578776,1.3043478260869565,0.4601306627938419,0.850420064270761,-1.276785714285715,0.8417090599762682,66.0,238.0,0.0,138.0,1776.0,8.0,0.0,0.0,0.0,410.0,578.0,13080.0,0.0,0.0,0.0,0.0,34.0,0.0,0.0,0.0,0.0,0.0,0.0,0.0,0.0,0.0,0.0,0.0,0.0,0.0,24.0,1,1,0,1,1,1,0,0,0,1,1,1,0,0,0,0,1,0,0,0,0,0,0,0,0,0,0,0,0,0,1,6.923076923076923,1.979181589272093,3.6786591037594154,14.061239857248477,2.076923076923077,0.8284868934053083,0.2617343775167922,-0.6999108204518434,0.0,0.0,0,0,3.1153846153846154,0.31948553318915673,2.407717061715384,3.7971014492753614,0.46153846153846156,0.49851851526214314,0.15430334996209163,-1.9761904761904765,13.856384615384616,3.9669711666063816,3.6890498106988603,14.125226928290473,0.6153846153846154,0.737820234355803,1.3224800065467726,1.946833648393195,376.39400000000006,147.46,1.0030999999999999,0,4,0,0,0,0,0,0,0,0,0,0,0,0,0,0,0,0,0,0,0,0,0,0,0,0,0,0,0,0,0,0,0,0,1,1,0,0,0,1,0,0,0,0,0,1,0,0,0,0,0,0,0,1,1,0,1,1,0,0,1,1,1,1,0,0,1,0,0,1,1,1,0,0,0,1,0,0,0,1,0,1,0,1,0,0,1,0,0,0,1,0,0,0,1,0,1,1,0,0,0,0,0,0,1,0,0,0,1,0,0,0,1,0,1,0,0,0,0,1,0,0,0,0,0,0,1,1,0,0,0,0,1,1,0,1,0,1,1,0,0,0,1,0,1,0,0,1,1,0,1,0,0,1,1,0,1,0,1,0,1,1,1,1,1,1,1,1,0,1
CHEMBL261_29,41,40,-1,-1,-1,2.1379310344827585,3.2981095727498886,3.4539142353587926,10.527659759760725,0.1075078629833381,0.11327975679350137,2.254742809959755,7.572787195548827,0.20405192716334336,0.1021309652533655,-0.42250514094001396,-0.8825875530522,9.331707317073171,4.829006761142559,-0.30241767723854124,-0.6460673195893927,0.022201375859912446,0.06902547650280395,4.002310574843901,15.426639847939025,0.8292682926829268,0.37627435659857345,-1.7501500535908443,1.0630252100840352,2.1379310344827585,3.2981095727498886,3.4539142353587926,10.527659759760725,2.0,0.0,0,0,1.951219512195122,2.8537627664934155,3.9783342103212016,15.11536719630811,0.0,0.0,0,0,0.008898473131072773,0.0245331555825726,2.4984257156697502,4.442298940584477,0.034482758620689655,0.0486203509594095,3.4766226875399,10.680403656999383,0.034482758620689655,0.014821220648459102,-0.025149796720124264,-0.3738712298379143,1.2758620689655173,0.44694763437295587,1.002971774753597,-0.99404761904762,0.5859133348027663,80.0,410.0,0.0,242.0,4740.0,24.0,0.0,0.0,0.0,1052.0,1490.0,55680.0,0.0,0.0,0.0,0.0,144.0,0.0,0.0,0.0,12.0,0.0,0.0,0.0,0.0,0.0,0.0,0.0,0.0,0.0,36.0,1,1,0,1,1,1,0,0,0,1,1,1,0,0,0,0,1,0,0,0,1,0,0,0,0,0,0,0,0,0,1,6.948717948717949,2.241207526503811,3.3575994648332017,10.68634686549163,2.2564102564102564,0.7751905875810756,-0.14779727940708753,-0.7746098856111363,0.0,0.0,0,0,3.1025641025641026,0.30338870682562136,2.6199781896584,4.864285714285711,0.7692307692307693,0.4213250442347431,-1.2780193008453882,-0.3666666666666649,13.93476923076923,4.519162842042695,3.306827382814064,10.357169896185267,0.4358974358974359,0.6715795309594256,1.758069160668399,3.4699699954950667,560.5920000000001,142.30999999999997,3.8130000000000024,0,5,0,0,0,0,0,0,0,0,0,0,0,0,0,0,0,0,0,0,0,0,0,0,0,0,0,1,0,0,0,0,0,0,1,1,0,0,1,0,1,0,0,0,1,0,0,0,0,0,0,0,0,1,1,0,0,1,0,0,1,1,1,1,1,0,1,1,0,1,0,1,0,0,0,1,0,1,0,1,0,1,1,1,0,1,1,1,0,1,1,0,0,0,1,0,1,1,1,1,1,0,0,1,1,0,0,1,1,1,0,0,1,0,1,1,0,0,0,1,0,0,1,1,1,0,1,1,0,1,0,0,1,0,0,1,1,1,1,1,0,0,1,0,1,1,0,1,1,0,1,0,0,1,1,0,1,0,1,0,1,1,1,1,1,1,1,1,0,1
CHEMBL261_30,37,34,-1,-1,-1,2.0,2.842534080710379,2.978098518536632,7.159543182040975,0.11401925538563933,0.1184341016275776,1.7700881286932577,4.058412636839964,0.18381911963312836,0.09104992093980833,-0.2600258053779936,-0.9174585740401189,7.69009009009009,3.9998300629432144,-0.13722379518088526,-0.7350132977106525,0.02428142428142428,0.07117177238984783,3.320010110534784,10.203907376106901,0.8108108108108109,0.3916588309780929,-1.5871507864874157,0.5190476190476199,2.0,2.842534080710379,2.978098518536632,7.159543182040975,2.0,0.0,0,0,1.837837837837838,2.433032958903113,3.442881501348046,10.749811434568773,0.0,0.0,0,0,0.004753713321644778,0.014213428882755194,2.8029981974127964,6.119380650238767,0.04,0.05172329830234498,2.971140343567811,7.109099201699664,0.039999999999999994,0.016482453581748973,0.3861702047761447,0.6416413298677046,1.16,0.36660605559646714,1.8548520670059365,1.4404761904761942,0.032896834941466245,68.0,276.0,0.0,128.0,2376.0,8.0,0.0,0.0,0.0,444.0,642.0,19920.0,0.0,0.0,0.0,0.0,38.0,0.0,0.0,0.0,0.0,0.0,0.0,0.0,0.0,0.0,0.0,0.0,0.0,0.0,0.0,1,1,0,1,1,1,0,0,0,1,1,1,0,0,0,0,1,0,0,0,0,0,0,0,0,0,0,0,0,0,0,6.628571428571429,1.7416857890432196,4.472804421736638,21.005140833401875,2.2285714285714286,0.7591617288906527,-0.01631226901030229,-0.6078333025704405,0.0,0.0,0,0,3.085714285714286,0.27994168488950605,2.9598001058630046,6.760416666666661,0.6,0.48989794855663565,-0.40824829046386285,-1.833333333333334,13.267914285714287,3.490810805295433,4.483482336359524,21.08663217838368,0.5714285714285714,0.6880911187881312,1.3208526752599163,2.2734839476813296,484.53700000000026,114.82999999999998,3.7833000000000023,0,4,0,0,0,0,0,0,0,0,0,0,0,0,0,0,0,0,0,0,0,0,0,0,0,0,0,0,0,0,0,0,0,0,1,1,0,0,0,0,1,0,0,0,0,0,0,1,0,0,0,0,0,1,0,0,0,1,0,0,1,1,1,1,1,0,1,1,0,1,0,1,0,0,0,1,0,1,1,1,1,1,0,1,0,1,1,1,0,0,1,0,0,0,1,0,1,1,1,1,0,1,0,1,1,0,0,1,1,0,0,0,1,0,1,0,0,0,0,1,0,1,1,1,1,0,1,1,0,1,0,0,1,0,0,1,0,1,1,1,0,0,1,0,1,1,0,1,1,0,1,0,1,1,0,0,1,0,1,0,1,1,1,1,1,1,1,1,0,1
CHEMBL261_31,35,33,-1,-1,-1,2.0869565217391304,2.7173043464347377,2.7947315219333526,6.551966213702503,0.11571211249412792,0.12321580902455191,1.8413742849280024,4.81679284835541,0.18731429509881603,0.09408658245078831,-0.2189841917383778,-0.9564419347798294,7.276190476190476,3.8232149807610414,-0.09084000118297997,-0.7837888443213434,0.022052457346574992,0.06424555182011665,3.1448320893892876,8.824198072113226,0.8,0.4,-1.5,0.24999999999999956,2.0869565217391304,2.7173043464347377,2.7947315219333526,6.551966213702503,2.0,0.0,0,0,1.8857142857142857,2.314814754346182,3.262530876554626,10.092312007103173,0.0,0.0,0,0,0.016693561485468633,0.057659593804410846,4.784016406373624,23.075143499007332,0.04347826086956519,0.05198231943045853,2.82067610132246,6.6019978540368065,0.04347826086956524,0.6644975620922519,-2.6909436388629735,6.860166767071604,1.2608695652173914,0.43910891036356864,1.0891622972743416,-0.81372549019608,-1.6604427402256978,66.0,246.0,0.0,182.0,1908.0,16.0,0.0,0.0,0.0,422.0,894.0,15048.0,0.0,0.0,0.0,0.0,62.0,0.0,0.0,0.0,0.0,0.0,0.0,0.0,0.0,0.0,0.0,0.0,0.0,0.0,12.0,1,1,0,1,1,1,0,0,0,1,1,1,0,0,0,0,1,0,0,0,0,0,0,0,0,0,0,0,0,0,1,7.0,2.309401076758503,3.2475952641916455,9.84375,2.0,1.0,0.6666666666666666,-0.6666666666666665,0.0,0.0,0,0,3.388888888888889,0.4874980215217845,0.45584230583855223,-1.7922077922077917,0.3333333333333333,0.4714045207910317,0.7071067811865479,-1.4999999999999993,14.011666666666665,4.630068346027831,3.2538349689867565,9.875845056381912,1.0,1.1055415967851334,0.7400733003272378,-0.8429752066115705,270.354,89.25999999999999,0.9963000000000002,0,3,0,0,0,0,0,0,0,0,0,0,0,0,0,0,0,0,0,0,0,0,0,0,0,0,0,0,0,0,0,0,0,0,1,1,0,0,0,0,0,0,0,0,0,0,0,0,0,0,0,0,0,1,0,0,0,1,0,0,1,1,1,1,0,0,1,0,1,1,0,1,0,0,0,1,1,0,0,0,0,0,0,1,1,0,1,0,0,0,1,0,0,0,1,0,1,0,0,0,0,0,1,0,1,0,0,0,1,0,1,0,1,0,1,0,0,0,0,1,0,0,0,0,0,0,1,0,0,0,0,0,1,1,0,0,0,0,1,0,0,0,0,1,1,0,0,0,1,0,1,1,0,1,0,1,1,1,1,0,1,1,1,1,1,1,1,1,0,1
CHEMBL261_32,40,38,-1,-1,-1,2.1538461538461537,3.1827939793195696,3.0876134813321015,7.91615602345183,0.10529867727300143,0.11794994092646376,1.8326478143455556,4.1968302179014705,0.18062823931191319,0.10035766940313769,-0.22808969699015805,-1.176553690457643,8.020833333333332,4.619920258450836,-0.11550056903659173,-0.9595084620199219,0.01862348178137652,0.05613315266450241,3.639984933509418,12.326463323994238,0.825,0.3799671038392666,-1.7106744068953987,0.9264069264069255,2.1538461538461537,3.1827939793195696,3.0876134813321015,7.91615602345183,2.0,0.0,0,0,1.9,2.662705391138869,3.722631439789001,12.892498423453448,0.0,0.0,0,0,0.017913627766288628,0.04410170561779447,2.181028949756928,2.9989416410419256,0.038461538461538464,0.05171695309286724,3.105633099601005,8.014393202657422,0.038461538461538464,0.12818732236329314,-2.7564812296574055,6.701437923657274,1.2307692307692308,0.42132504423474315,1.278019300845387,-0.3666666666666676,-0.3820921749231143,76.0,352.0,0.0,244.0,3570.0,48.0,0.0,0.0,0.0,1180.0,1380.0,36024.0,0.0,0.0,0.0,0.0,270.0,0.0,0.0,0.0,48.0,0.0,0.0,0.0,0.0,0.0,0.0,0.0,0.0,0.0,0.0,1,1,0,1,1,1,0,0,0,1,1,1,0,0,0,0,1,0,0,0,1,0,0,0,0,0,0,0,0,0,0,6.352941176470588,0.6809315825170721,1.6594009906316591,1.1783247939407477,2.1176470588235294,0.831890330807703,0.39032294321497407,-0.3934000000000002,0.0,0.0,0,0,3.6470588235294117,0.47788461203740945,-0.615457454896663,-1.6212121212121218,0.29411764705882354,0.4556450995538137,0.9036961141150637,-1.1833333333333336,12.715,1.3580012994882464,1.6585311367787756,1.1750181808128364,1.2941176470588236,1.0718157151934469,0.25490435075919055,-1.1966177964871525,238.331,58.03,2.2397,2,2,0,0,0,0,0,0,0,0,0,0,0,0,0,0,0,0,0,0,0,0,0,0,0,0,0,0,0,0,0,0,0,0,0,0,0,0,0,0,0,0,0,0,0,0,0,0,0,0,0,0,0,0,0,0,0,0,0,1,0,0,0,0,1,0,0,1,1,0,0,1,0,1,1,0,1,0,0,0,0,0,0,0,1,1,0,0,0,0,0,1,0,1,1,0,1,0,1,1,1,0,1,0,1,0,1,0,0,0,1,0,1,1,1,1,0,1,0,1,1,0,1,1,0,0,1,0,0,1,1,1,0,1,0,0,0,0,0,1,0,0,0,1,1,1,0,0,0,1,0,1,0,1,1,1,1,1,1,0,1,1,1,1,1,1,1,1,0,0
CHEMBL261_33,37,33,-1,-1,-1,1.92,2.56,3.007255554199218,7.312846422195435,0.11320277952254335,0.1192147546883249,1.7723888141193493,4.306369074204637,0.17177485836554082,0.08223161203052404,-0.29588804298707505,-0.9163821855437901,7.314028314028315,3.7426901557822094,-0.11747328127290138,-0.6950139532681057,0.027284427284427284,0.07798791235417746,3.0398756011915378,7.787639013918968,0.8108108108108109,0.3916588309780929,-1.5871507864874157,0.5190476190476199,1.92,2.56,3.007255554199218,7.312846422195435,2.0,0.0,0,0,1.7837837837837838,2.2072991339562607,3.4110845652125947,10.536538012852656,0.0,0.0,0,0,0.0,0.0,0,0,0.04000000000000001,0.04825322129441949,2.995120426148275,7.247881733363231,0.04,0.06375812972968758,-2.17070095245277,4.601846359377685,1.0,0.0,0,0,0.5691954731651624,66.0,232.0,0.0,78.0,1770.0,0.0,0.0,0.0,0.0,204.0,324.0,13080.0,0.0,0.0,0.0,0.0,0.0,0.0,0.0,0.0,0.0,0.0,0.0,0.0,0.0,0.0,0.0,0.0,0.0,0.0,0.0,1,1,0,1,1,0,0,0,0,1,1,1,0,0,0,0,0,0,0,0,0,0,0,0,0,0,0,0,0,0,0,7.057142857142857,2.341462999834043,3.1362559265700574,9.19212562002468,2.057142857142857,0.8925999629607605,0.6111924422206589,-0.3005072561139479,0.0,0.0,0,0,3.4285714285714284,0.5993193418115151,-0.5200705032248678,-0.6342975206611574,0.17142857142857143,0.37688302737922624,1.743625500231478,1.040229885057471,14.125742857142859,4.694198610095275,3.1429600888953537,9.225617036853388,0.9428571428571428,1.0939536982329514,0.7679211315056509,-0.8210599882000205,527.6650000000002,134.26999999999998,2.3737000000000004,1,7,0,0,0,0,0,0,0,0,0,0,0,0,0,0,0,0,0,1,0,0,0,0,0,1,1,0,0,0,0,0,0,0,1,1,0,0,1,0,0,0,0,0,0,0,0,0,0,0,0,0,0,1,0,0,0,1,0,0,1,1,1,1,0,0,1,0,1,1,1,1,0,1,1,1,1,1,0,0,0,1,0,1,1,0,0,0,0,0,1,0,0,1,1,0,1,1,0,1,1,0,1,0,1,0,1,0,1,0,1,1,1,1,1,1,0,0,1,1,1,0,1,1,1,1,1,0,1,1,1,1,1,1,0,0,0,0,1,1,1,1,1,1,1,1,0,1,1,1,1,1,1,1,1,1,1,1,1,1,1,1,1,1,1,1,1,1,0,0
CHEMBL261_34,36,32,-1,-1,-1,2.0,2.6547352123364485,2.6877012449220725,5.609386413440468,0.10941473897408559,0.1257226816171628,1.7337593141697023,3.8175256150242936,0.1548589291930696,0.08558145492775103,0.008536944329300399,-1.1548666007894253,6.208333333333333,3.6018845804473245,0.12777676430474005,-0.949090936525014,0.01685340802987862,0.05075284909676602,3.2327358288710473,9.396474399778995,0.8055555555555556,0.3957724124659724,-1.544097293955913,0.3842364532019724,2.0,2.6547352123364485,2.6877012449220725,5.609386413440468,2.0,0.0,0,0,1.7777777777777777,2.1487866228681907,3.3126794257434926,10.12634047299037,0.0,0.0,0,0,0.004593221596484671,0.01353640903736293,2.8633172711086146,6.992837680577125,0.047619047619047616,0.057891810578508805,2.70681639139144,5.688809989197637,0.0476190476190476,0.04455358329266658,2.8275541909040065,7.228423469740422,1.1904761904761905,0.39267672624930106,1.576481562736164,0.4852941176470571,0.5270557368327469,64.0,216.0,0.0,108.0,1560.0,8.0,0.0,0.0,0.0,320.0,474.0,11064.0,0.0,0.0,0.0,0.0,34.0,0.0,0.0,0.0,0.0,0.0,0.0,0.0,0.0,0.0,0.0,0.0,0.0,0.0,0.0,1,1,0,1,1,1,0,0,0,1,1,1,0,0,0,0,1,0,0,0,0,0,0,0,0,0,0,0,0,0,0,6.884615384615385,1.98701405432146,3.689546812315214,14.079025644617904,2.0,0.8770580193070292,0.6841052550594827,-0.14000000000000012,0.0,0.0,0,0,3.423076923076923,0.4940474068717357,0.3113995776646103,-1.9030303030303024,0.23076923076923078,0.42132504423474315,1.2780193008453875,-0.36666666666666714,13.779615384615388,3.9825962451736183,3.699806981703589,14.142867962594313,1.0384615384615385,1.055417133385557,0.5122209849112994,-1.0677819928784198,385.48600000000005,127.58999999999997,1.297600000000001,0,8,0,0,0,0,0,0,0,0,0,0,0,0,0,0,0,0,0,0,0,0,0,0,0,1,0,0,0,0,0,0,0,0,1,1,0,0,0,0,0,0,0,0,0,0,0,0,0,0,0,0,0,1,0,0,0,1,0,0,1,1,1,1,0,0,1,0,1,1,0,1,0,0,0,1,1,0,0,0,0,0,0,1,1,0,1,0,0,0,1,0,1,1,1,0,1,0,0,0,0,0,1,0,1,0,1,0,1,0,0,0,1,1,1,0,0,0,0,1,1,0,0,0,0,1,1,0,1,0,1,1,1,1,1,0,0,0,1,0,1,0,1,1,1,0,0,0,1,1,1,1,0,1,1,1,1,1,1,1,1,1,1,1,1,1,1,1,0,1
CHEMBL261_35,34,31,-1,-1,-1,2.0,2.4308621740219887,2.6581262115932747,5.4797633136094674,0.11650395703075699,0.1258514707981511,1.5802348679084344,2.7899332359973075,0.1722089887133547,0.08470109236885882,-0.1273860367022772,-0.9833896657014751,6.640196078431372,3.461473574643966,-0.0037856075161642366,-0.8125747437148907,0.025122549019607844,0.06480273672523396,2.97913940264353,8.153682324388946,0.7941176470588235,0.40434491426080943,-1.454785934906616,0.11640211640211628,2.0,2.4308621740219887,2.6581262115932747,5.4797633136094674,2.0,0.0,0,0,1.8235294117647058,2.0788937702437993,3.064011600017538,8.39626641264973,0.0,0.0,0,0,0.0048486094042360026,0.014071145796750407,2.910339473819137,7.523524793942526,0.045454545454545456,0.04989189155099729,2.6550968804367536,5.454583178760275,0.04545454545454545,0.4716243425943493,-2.4404065284352403,4.893425068044787,1.1818181818181819,0.38569460791993493,1.6499158227686117,0.7222222222222232,-0.4434295774033101,62.0,198.0,0.0,122.0,1290.0,8.0,0.0,0.0,0.0,312.0,490.0,8184.0,0.0,0.0,0.0,0.0,32.0,0.0,0.0,0.0,0.0,0.0,0.0,0.0,0.0,0.0,0.0,0.0,0.0,0.0,0.0,1,1,0,1,1,1,0,0,0,1,1,1,0,0,0,0,1,0,0,0,0,0,0,0,0,0,0,0,0,0,0,6.958333333333333,2.050999079039828,3.5332863711122657,12.780613425916073,2.0,0.9128709291752769,0.6572670690061992,-0.3600000000000003,0.0,0.0,0,0,3.375,0.4841229182759271,0.5163977794943223,-1.7333333333333334,0.25,0.4330127018922193,1.1547005383792515,-0.6666666666666665,13.927000000000001,4.111014473338668,3.5431586710749663,12.838741937954536,0.9583333333333334,1.059841445164742,0.71300021839357,-0.8166618491241224,357.432,127.58999999999997,1.5774000000000004,0,6,0,0,0,0,0,0,0,0,0,0,0,0,0,0,0,0,0,0,0,0,0,0,0,1,0,0,0,0,0,0,0,0,1,1,0,0,0,0,0,0,0,0,0,0,0,0,0,0,0,0,0,1,0,0,0,1,0,0,1,1,1,1,0,0,1,0,1,1,0,1,0,0,0,1,1,0,0,0,0,0,0,1,1,0,1,0,0,0,1,0,1,1,1,0,1,0,0,0,0,0,1,0,1,0,1,0,1,0,0,0,1,1,1,0,0,0,0,1,1,0,0,0,0,1,1,0,1,0,0,0,1,1,1,1,0,1,1,0,0,0,1,1,1,0,0,0,1,1,1,1,0,1,1,1,1,1,1,1,1,1,1,1,1,1,1,1,0,1
CHEMBL261_36,38,36,-1,-1,-1,2.076923076923077,2.9078551032978157,3.1148355483400754,8.081340188566237,0.11243615259753416,0.11693545682447318,1.9337659901867514,5.3855962452545825,0.18609593036512329,0.09200717135722071,-0.30615998959502017,-0.9160630114223269,8.030701754385968,4.164314294410126,-0.1842670034276887,-0.7201506242307687,0.02437964280069543,0.07200098257798083,3.4214073558461515,10.70856131483714,0.8157894736842105,0.3876557858593746,-1.6292261599251139,0.6543778801843323,2.076923076923077,2.9078551032978157,3.1148355483400754,8.081340188566237,2.0,0.0,0,0,1.894736842105263,2.50041547794099,3.594113880900844,11.94125812295876,0.0,0.0,0,0,0.03525962582618465,0.16012004460323687,5.748606820649006,31.682054185732632,0.03846153846153847,0.0491252750553149,3.1084145927212448,7.95989495502714,0.038461538461538464,0.022484929089627924,2.0443732536441113,5.393107112161664,1.2692307692307692,0.4435600997950306,1.0405319634289447,-0.917293233082705,1.5230016576521763,72.0,302.0,0.0,160.0,2766.0,16.0,0.0,0.0,0.0,532.0,798.0,25200.0,0.0,0.0,0.0,0.0,62.0,0.0,0.0,0.0,0.0,0.0,0.0,0.0,0.0,0.0,0.0,0.0,0.0,0.0,0.0,1,1,0,1,1,1,0,0,0,1,1,1,0,0,0,0,1,0,0,0,0,0,0,0,0,0,0,0,0,0,0,6.818181818181818,1.192261549873091,0.9974470443266288,-0.7320173066522466,2.121212121212121,0.945726456625893,0.4015456544447174,-0.8045338977691014,0.0,0.0,0,0,3.393939393939394,0.4886216817150636,0.4341215710622291,-1.8115384615384618,0.5151515151515151,0.4997703788627467,-0.06063390625908318,-1.9963235294117647,13.825363636363637,2.7188471578536,1.1094076053557373,-0.4546363423911046,0.5151515151515151,0.7832029080800053,1.842116323915845,3.303103374090144,473.37300000000005,88.25000000000001,5.310300000000003,0,5,0,0,0,0,0,0,0,0,0,0,0,0,0,0,0,0,0,0,0,0,0,0,0,0,0,0,0,0,0,0,0,0,0,0,0,0,0,0,0,0,0,0,1,0,0,0,0,0,0,0,0,0,0,0,0,0,0,1,0,0,0,0,1,0,0,1,1,0,0,0,0,1,0,0,1,0,0,0,0,1,1,0,0,1,0,0,0,0,0,1,0,0,1,0,1,0,1,1,1,0,0,0,1,0,0,0,1,1,0,0,1,0,1,0,0,0,0,1,0,0,1,1,0,0,1,1,0,0,0,0,0,1,0,1,1,1,0,1,0,1,0,0,1,0,1,1,1,0,0,1,1,1,1,0,1,0,1,1,1,1,1,1,1,1,1,1,0,0
CHEMBL261_37,35,30,-1,-1,-1,1.9047619047619047,2.408413069790817,2.975177611279874,7.654401314064145,0.1018322661947428,0.13491337269919398,2.2440769013157937,6.968246394250357,0.14694555967824005,0.076609126976702,-0.09127531383376931,-1.0992863108607764,5.93047619047619,3.3390890443740044,0.08972776170368103,-0.7978902111427537,0.022001527883880823,0.06167063757894032,2.9169876149973626,7.099463866207154,0.8,0.4,-1.5,0.24999999999999956,1.9047619047619047,2.408413069790817,2.975177611279874,7.654401314064145,2.0,0.0,0,0,1.7142857142857142,1.99386815112776,3.511057979612092,12.074830606023564,0.0,0.0,0,0,0.0,0.0,0,0,0.047619047619047616,0.05479688918758415,2.9872892556591055,7.756602094999765,0.047619047619047616,0.0916859361333822,3.873952366103824,13.92223067180937,1.0,0.0,0,0,-0.47326642457009793,60.0,182.0,0.0,46.0,1260.0,0.0,0.0,0.0,0.0,134.0,150.0,8880.0,0.0,0.0,0.0,0.0,0.0,0.0,0.0,0.0,0.0,0.0,0.0,0.0,0.0,0.0,0.0,0.0,0.0,0.0,0.0,1,1,0,1,1,0,0,0,0,1,1,1,0,0,0,0,0,0,0,0,0,0,0,0,0,0,0,0,0,0,0,6.413793103448276,0.7200211385455553,1.411695346062183,0.38837219089302266,2.0,0.7427813527082074,0.0,-1.1874999999999998,0.0,0.0,0,0,3.6551724137931036,0.4753120259341455,-0.652928625099012,-1.5736842105263145,0.0,0.0,0,0,12.83637931034483,1.4359468920587968,1.4108388308258735,0.38558260738664885,1.3793103448275863,0.9252695079309475,-0.03633610463437197,-0.9189583333333333,412.57500000000016,133.54999999999998,2.3675000000000015,3,12,0,0,0,0,0,0,0,0,0,0,0,0,0,0,0,0,0,0,0,0,0,0,0,0,0,0,0,0,0,0,0,0,0,0,0,0,0,1,0,0,0,0,0,1,0,0,0,0,0,0,0,0,0,0,1,0,0,0,0,0,0,0,0,0,0,0,0,0,0,0,0,0,0,0,1,0,0,1,0,1,0,0,1,0,1,0,0,0,0,0,1,1,1,0,0,1,0,0,0,0,1,0,0,0,1,0,1,0,0,0,1,1,0,0,0,0,0,1,1,0,0,0,0,1,0,0,0,0,1,1,0,1,0,0,0,0,1,0,0,1,1,1,1,0,0,0,1,1,0,1,0,1,0,1,1,1,1,1,1,1,1,1,0,1,1,1,0,0
CHEMBL261_38,39,36,-1,-1,-1,2.08,2.965400478856102,3.051363668536683,7.6430603757873925,0.10862120190036663,0.11765398479756402,1.9379266473370802,5.433269896403482,0.17014261397515545,0.09254406202516324,-0.2065008986834096,-1.0887901625448801,7.494017094017095,4.257794071897107,-0.103159585500117,-0.8984747692041362,0.01984170405223037,0.061913144406482344,3.5446070801512777,11.638664180143294,0.8205128205128205,0.3837597319768145,-1.6703827619526517,0.7901785714285703,2.08,2.965400478856102,3.051363668536683,7.6430603757873925,2.0,0.0,0,0,1.8461538461538463,2.4759195291432428,3.6633826194582344,12.428988834394238,0.0,0.0,0,0,0.03482088722363322,0.15817851042554418,5.81807274784408,32.54727322771618,0.04000000000000001,0.05237333594313609,3.048970295714454,7.527131408834679,0.04,0.03294086879591,3.1117544326561286,9.729314910266067,1.28,0.448998886412873,0.9799578870122222,-1.0396825396825407,-0.7724389533913473,72.0,300.0,0.0,140.0,2766.0,16.0,0.0,0.0,0.0,528.0,708.0,25200.0,0.0,0.0,0.0,0.0,62.0,0.0,0.0,0.0,0.0,0.0,0.0,0.0,0.0,0.0,0.0,0.0,0.0,0.0,0.0,1,1,0,1,1,1,0,0,0,1,1,1,0,0,0,0,1,0,0,0,0,0,0,0,0,0,0,0,0,0,0,6.9375,2.4358969087381346,3.186072724432835,8.99490370167477,2.125,0.7806247497997998,0.17244570409778615,-0.5719921104536487,0.0,0.0,0,0,3.375,0.4841229182759271,0.5163977794943223,-1.7333333333333334,0.34375,0.47495887979908324,0.657951694959769,-1.567099567099567,13.88775,4.884160566310244,3.190381292329231,9.01637424257242,0.9375,0.8637671850678283,0.7023598524670941,-0.13349414763849676,474.6480000000003,95.50000000000001,3.9104000000000028,2,9,0,0,0,0,0,0,0,0,0,0,0,0,0,0,0,0,0,0,0,0,0,0,0,0,0,0,0,0,0,0,0,0,0,0,0,0,1,0,0,0,0,0,0,0,0,0,0,0,0,0,0,0,0,0,1,0,0,0,0,0,0,0,1,0,0,0,1,0,0,0,0,0,0,0,1,0,0,0,0,1,0,1,0,1,0,0,0,0,1,0,1,1,1,0,0,1,1,0,0,0,0,0,0,0,1,0,0,0,0,0,1,1,1,0,0,0,0,1,1,0,0,0,0,1,0,1,0,0,0,1,0,1,0,1,0,0,1,1,0,1,1,0,1,0,0,0,1,1,0,1,0,1,0,0,1,1,1,1,1,1,1,1,1,1,1,1,0,0
CHEMBL261_39,35,31,-1,-1,-1,2.0,2.581988897471611,3.070722510207309,8.399999999999999,0.10548637040310976,0.13207594114980406,2.0963839885973723,6.289711387256952,0.1522497911305448,0.08195303618508104,-0.03778428375558737,-1.1449354591402705,6.111428571428571,3.5117642909759974,0.10720143666298307,-0.832723889480802,0.020881079704609114,0.05554820485969085,3.179244698209123,9.568215275361243,0.8,0.4,-1.5,0.24999999999999956,2.0,2.581988897471611,3.070722510207309,8.399999999999999,2.0,0.0,0,0,1.7714285714285714,2.125837170027231,3.6725367406093965,13.523865988046705,0.0,0.0,0,0,0.00661264505802321,0.018523987302478076,2.478680037233752,4.238226138222634,0.04761904761904759,0.05587447332750123,3.1040700975763755,8.644376897699452,0.04761904761904763,0.36297857129559447,3.501989387867559,11.315634271258508,1.1904761904761905,0.39267672624930106,1.576481562736164,0.4852941176470571,0.4231657825947315,62.0,206.0,0.0,82.0,1590.0,8.0,0.0,0.0,0.0,276.0,310.0,12840.0,0.0,0.0,0.0,0.0,30.0,0.0,0.0,0.0,0.0,0.0,0.0,0.0,0.0,0.0,0.0,0.0,0.0,0.0,0.0,1,1,0,1,1,1,0,0,0,1,1,1,0,0,0,0,1,0,0,0,0,0,0,0,0,0,0,0,0,0,0,6.266666666666667,0.679869268479038,2.157277486520025,2.653846153846156,2.1333333333333333,0.8055363982396381,-0.2460143531872791,-1.418934133983862,0.0,0.0,0,0,3.6,0.48989794855663565,-0.4082482904638634,-1.8333333333333335,0.0,0.0,0,0,12.54273333333333,1.3556593213472021,2.157277486520029,2.6538461538461666,1.2,1.0456258094238748,0.29390731407066106,-1.1591314693634738,206.28499999999997,34.14,2.527000000000001,2,1,0,0,0,0,0,0,0,0,0,0,0,0,0,0,0,0,0,0,0,1,0,0,0,0,0,0,1,0,0,0,0,0,0,0,0,0,0,0,0,0,0,0,0,0,0,0,0,0,0,0,1,0,0,0,0,0,0,0,0,0,0,0,0,0,0,0,0,0,0,0,0,0,0,0,1,0,1,0,0,0,0,0,0,0,0,0,0,0,0,0,0,0,0,0,0,0,1,0,0,1,0,1,0,0,0,1,0,0,1,0,0,0,0,0,0,0,1,0,1,0,0,0,0,0,0,0,0,1,1,1,0,0,1,0,0,0,1,0,0,0,0,0,0,1,0,0,0,1,0,1,0,0,1,0,1,0,0,0,0,1,1,0,0,0,1,1,0,0
CHEMBL261_40,35,32,-1,-1,-1,2.0952380952380953,2.688684612093925,2.8385564440237148,6.89795642064265,0.1092545123510693,0.1289762772852381,1.819427236329438,4.449862698118067,0.1642285853538967,0.09144299817642701,-0.0364316961539901,-1.1558537826989594,6.366666666666667,3.7072537219254578,0.07802370902012948,-0.926777200499953,0.018029029793735676,0.05026705717644637,3.400012628987221,11.1947906148491,0.8,0.4,-1.5,0.24999999999999956,2.0952380952380953,2.688684612093925,2.8385564440237148,6.89795642064265,2.0,0.0,0,0,1.8285714285714285,2.21018052637871,3.456420989567391,11.69080571810031,0.0,0.0,0,0,0.014249322493224931,0.03663872425594584,2.374622104732553,4.0105224845600285,0.047619047619047616,0.055598344808593984,2.876334812175737,7.121004880225467,0.04761904761904763,0.049602644216169244,2.945085412307525,8.322621694148534,1.2380952380952381,0.4259177099999599,1.229837387624884,-0.4874999999999998,-1.1994672290085233,64.0,224.0,0.0,148.0,1722.0,24.0,0.0,0.0,0.0,494.0,646.0,13680.0,0.0,0.0,0.0,0.0,100.0,0.0,0.0,0.0,12.0,0.0,0.0,0.0,0.0,0.0,0.0,0.0,0.0,0.0,0.0,1,1,0,1,1,1,0,0,0,1,1,1,0,0,0,0,1,0,0,0,1,0,0,0,0,0,0,0,0,0,0,6.238095238095238,0.5259695722470125,2.149110824091259,3.6590970169309314,2.0952380952380953,0.8109231602822096,0.3604317209435073,-0.38917954815695577,0.0,0.0,0,0,3.857142857142857,0.34992710611188255,-2.041241452319316,2.1666666666666714,0.0,0.0,0,0,12.48604761904762,1.0491973565399992,2.1474658210967594,3.6495660819675164,1.5714285714285714,1.049781318335648,-0.3124863457871543,-1.1268861454046641,295.471,35.580000000000005,2.2398999999999996,0,4,0,0,0,0,0,0,0,0,0,0,0,0,0,0,0,0,0,0,0,0,0,0,0,0,0,0,0,0,0,0,0,0,0,0,0,0,0,0,0,0,0,0,0,0,0,0,0,0,0,0,0,0,0,0,0,0,0,0,0,0,0,0,1,0,0,0,1,0,0,0,0,0,0,0,1,1,0,0,0,1,0,0,0,0,0,1,1,0,0,0,0,1,1,0,0,1,0,0,1,0,1,0,0,0,0,0,0,0,1,0,1,1,1,0,0,0,1,1,1,0,1,1,1,0,0,0,0,0,1,1,0,0,0,1,0,0,0,1,1,0,0,1,1,0,0,1,0,1,1,1,0,1,0,1,1,0,1,0,1,0,1,1,0,1,1,1,0,0
CHEMBL261_41,35,32,-1,-1,-1,2.0,2.5194892512087685,2.8707710139500175,6.68727716269469,0.11330182517153692,0.12543574045792152,1.735640275994597,3.932306381706953,0.17058484579898361,0.08335766638748669,-0.1624007482466929,-0.9999675431673554,6.864353741496599,3.5741043711152267,-0.02959629404585633,-0.7923235384209959,0.02643239113827349,0.06780883578549946,3.0670442900114425,8.563556248751079,0.8,0.4,-1.5,0.24999999999999956,2.0,2.5194892512087685,2.8707710139500175,6.68727716269469,2.0,0.0,0,0,1.8285714285714285,2.1578522958284805,3.292848114530796,9.958170271003935,0.0,0.0,0,0,0.005588802237536694,0.015952268239512773,2.6381686089525322,5.317014310540742,0.043478260869565195,0.04931605395506224,2.870967837211558,6.721900750569523,0.04347826086956521,0.021390383665064776,-0.006968450678618524,-0.1799149569680636,1.173913043478261,0.3790346907426672,1.720618004029213,0.9605263157894743,0.45051893576675855,64.0,216.0,0.0,110.0,1554.0,8.0,0.0,0.0,0.0,340.0,438.0,11064.0,0.0,0.0,0.0,0.0,32.0,0.0,0.0,0.0,0.0,0.0,0.0,0.0,0.0,0.0,0.0,0.0,0.0,0.0,0.0,1,1,0,1,1,1,0,0,0,1,1,1,0,0,0,0,1,0,0,0,0,0,0,0,0,0,0,0,0,0,0,6.84,1.9734234213670416,3.9703599490476553,15.597073167108789,2.08,0.844748483277715,0.2458873955930125,-0.7905145890727736,0.0,0.0,0,0,3.32,0.46647615158762407,0.7717436331412907,-1.4044117647058816,0.48,0.4995998398718719,0.08006407690254362,-1.9935897435897438,13.69116,3.9565949773005578,3.9772346024468956,15.639469493823803,0.92,1.0552724766618335,0.9767047639040267,-0.2869351961950066,365.4630000000001,134.92,1.9031999999999998,0,7,0,0,0,0,0,0,0,0,0,0,0,0,0,0,0,0,0,0,0,0,0,0,0,0,0,1,0,0,0,0,0,0,1,1,0,0,0,0,0,0,0,0,0,0,0,0,0,0,0,0,0,1,0,1,0,1,0,0,1,1,1,1,0,0,1,1,0,1,0,1,0,0,0,1,1,0,0,1,0,0,1,1,0,0,1,0,0,0,1,0,0,0,0,0,1,0,0,0,1,0,0,0,1,0,0,0,1,0,0,0,0,0,1,0,0,0,0,1,0,0,1,1,0,0,1,1,0,0,0,0,1,1,0,1,0,1,1,1,0,0,0,1,1,0,0,1,0,0,1,1,0,1,0,0,0,0,1,0,1,1,1,1,1,1,1,1,0,1
CHEMBL261_42,35,30,-1,-1,-1,1.9047619047619047,2.486243329944117,2.7115071849557926,5.524753346621669,0.1135122064490156,0.12524538937024643,1.6177588433768113,3.3715726925014255,0.1522974037850461,0.08013265704803686,-0.1122092127347233,-1.0728516670053998,6.05047619047619,3.4055614778758345,0.04781923819715328,-0.8644083437427579,0.020371785077667428,0.06180201637647565,3.0024139738718496,7.300287159874257,0.8,0.4,-1.5,0.24999999999999956,1.9047619047619047,2.486243329944117,2.7115071849557926,5.524753346621669,2.0,0.0,0,0,1.7142857142857142,2.0503857277724746,3.2513756373729032,9.374333113394284,0.0,0.0,0,0,0.0,0.0,0,0,0.04761904761904763,0.05675561718537608,2.718121668732645,5.5627087361458685,0.04761904761904764,0.035433686753934476,-1.2736213199066317,1.636866192958026,1.0,0.0,0,0,0.10703442575268408,60.0,190.0,0.0,50.0,1284.0,0.0,0.0,0.0,0.0,146.0,184.0,8184.0,0.0,0.0,0.0,0.0,0.0,0.0,0.0,0.0,0.0,0.0,0.0,0.0,0.0,0.0,0.0,0.0,0.0,0.0,0.0,1,1,0,1,1,0,0,0,0,1,1,1,0,0,0,0,0,0,0,0,0,0,0,0,0,0,0,0,0,0,0,7.037037037037037,1.9716787635860984,3.42751850395113,12.878258957541972,2.074074074074074,0.899626503814157,0.15937422360589362,-1.1707153116920426,0.0,0.0,0,0,3.5925925925925926,0.4913518207933925,-0.3768891807222045,-1.8579545454545452,0.2222222222222222,0.41573970964154905,1.3363062095621216,-0.2142857142857153,14.083296296296298,3.9510673552271722,3.440723112578095,12.957482829742519,0.8888888888888888,0.8314794192830981,0.9831395684635614,0.7500000000000004,404.44100000000014,168.41,-1.7035999999999976,5,6,0,0,0,0,0,0,0,0,0,0,0,0,0,0,0,0,0,0,0,0,0,0,0,0,0,0,0,0,0,0,0,0,1,1,0,0,0,0,0,0,0,0,0,0,0,0,0,0,0,0,0,1,0,1,1,1,0,1,1,1,1,1,0,0,1,0,0,1,0,1,0,0,1,1,1,0,0,0,0,0,0,1,1,0,1,0,0,0,1,1,1,1,1,0,1,1,0,1,1,0,0,0,1,0,0,0,1,0,0,1,1,0,1,0,0,0,0,1,0,0,0,0,0,1,1,0,1,1,0,0,1,1,1,1,0,0,1,1,0,1,1,0,1,1,0,1,1,0,1,1,1,1,1,1,1,1,1,1,1,1,1,1,1,1,1,1,0,1
CHEMBL261_43,37,34,-1,-1,-1,2.0,2.6981475126464085,2.932414879098862,6.918790001207581,0.11392495823694301,0.11852481140140156,1.6725876261868067,3.2472522561904107,0.18310827887486378,0.09054907356670194,-0.26091911143076746,-0.9176767001173389,7.6126126126126135,3.9575552206388087,-0.12606878409497127,-0.7600524504598951,0.02445302445302445,0.06873040093114764,3.1083046715970215,8.52557758809677,0.8108108108108109,0.3916588309780929,-1.5871507864874157,0.5190476190476199,2.0,2.6981475126464085,2.932414879098862,6.918790001207581,2.0,0.0,0,0,1.837837837837838,2.3192905895053983,3.368666917190401,10.272340357733688,0.0,0.0,0,0,0.0037066380300411553,0.011274391953589872,3.0925102805635647,8.788421324319314,0.04,0.04892249786485184,2.942314764237751,6.965091782426821,0.039999999999999994,0.052302740114664424,2.9580812244851984,7.056261813811309,1.16,0.3666060555964672,1.854852067005936,1.4404761904761934,0.09647421583821239,68.0,256.0,0.0,144.0,2046.0,8.0,0.0,0.0,0.0,446.0,672.0,15960.0,0.0,0.0,0.0,0.0,38.0,0.0,0.0,0.0,0.0,0.0,0.0,0.0,0.0,0.0,0.0,0.0,0.0,0.0,0.0,1,1,0,1,1,1,0,0,0,1,1,1,0,0,0,0,1,0,0,0,0,0,0,0,0,0,0,0,0,0,0,6.588235294117647,1.750926596016143,4.5868309805816985,21.602033640935765,2.1176470588235294,0.831890330807703,0.390322943214974,-0.3934000000000002,0.0,0.0,0,0,3.264705882352941,0.44117647058823534,1.0666666666666667,-0.8622222222222224,0.5294117647058824,0.4991341984846218,-0.11785113019775795,-1.9861111111111112,13.187588235294118,3.5097485926189935,4.595855497035825,21.67103142698452,0.9411764705882353,0.937492791206425,0.9737916471868586,0.19068138136276325,480.63400000000024,113.32000000000001,5.534600000000004,0,8,0,0,0,0,0,0,0,0,0,0,0,0,0,0,0,0,0,0,0,0,0,0,0,0,0,0,0,0,0,0,0,0,1,1,0,0,0,1,0,0,0,0,0,1,0,0,0,0,0,0,0,1,0,0,0,1,0,0,1,1,1,1,0,0,1,0,1,1,0,1,0,0,0,1,1,0,0,1,0,0,0,1,0,0,1,0,0,0,1,0,0,0,0,0,1,0,0,0,0,0,0,0,1,0,1,0,1,0,0,0,1,1,1,0,0,1,0,1,0,0,0,0,0,0,1,1,0,0,0,0,1,1,0,1,0,1,1,0,0,0,0,1,1,0,0,1,1,0,1,1,0,1,0,0,1,1,1,0,1,1,1,1,1,1,1,1,0,0
CHEMBL261_44,35,32,-1,-1,-1,2.0,2.502172968684897,2.7975683885990863,6.104166666666666,0.11516286649047687,0.12372931242484607,1.5707203384021602,2.698011822123936,0.17050369843899418,0.08327203639408673,-0.16030599881933733,-0.9926082881581229,6.854829931972789,3.5633780687261383,-0.03543045798343548,-0.80970286642233,0.02643239113827349,0.0677766966552568,3.0607311686221834,8.505321070378736,0.8,0.4,-1.5,0.24999999999999956,2.0,2.502172968684897,2.7975683885990863,6.104166666666666,2.0,0.0,0,0,1.8285714285714285,2.1445707434051657,3.2123831972605843,9.197168378659464,0.0,0.0,0,0,0.005559146735617325,0.01585411273508363,2.6395166576647564,5.353559170975307,0.043478260869565216,0.04893653829765814,2.7890537893530287,6.071518162850051,0.043478260869565216,0.026156193830455348,-0.10714282098922746,0.22134039578580422,1.173913043478261,0.3790346907426672,1.720618004029213,0.9605263157894743,-0.23008390335588616,64.0,214.0,0.0,110.0,1500.0,8.0,0.0,0.0,0.0,346.0,432.0,10200.0,0.0,0.0,0.0,0.0,32.0,0.0,0.0,0.0,0.0,0.0,0.0,0.0,0.0,0.0,0.0,0.0,0.0,0.0,0.0,1,1,0,1,1,1,0,0,0,1,1,1,0,0,0,0,1,0,0,0,0,0,0,0,0,0,0,0,0,0,0,6.375,0.7806247497997998,1.9954431474172396,2.83629191321499,2.125,0.81967981553775,0.10639435139484046,-0.8512709572742021,0.0,0.0,0,0,3.5625,0.49607837082461076,-0.25197631533948484,-1.9365079365079365,0.1875,0.3903123748998999,1.6012815380508714,0.5641025641025643,12.79034375,1.6681445083043434,2.234274538685599,4.339798793801159,1.1875,1.1021995055342748,0.3249130209757265,-1.2781298787233382,447.59500000000037,61.88000000000001,4.465200000000004,2,7,0,0,0,0,0,0,0,0,0,0,0,0,0,0,0,0,0,0,0,0,0,0,0,1,0,0,0,0,0,0,0,0,0,0,0,0,0,0,0,0,0,0,1,0,0,0,0,0,0,0,0,0,0,0,0,0,0,0,0,0,0,0,0,0,0,0,1,0,0,0,0,0,1,0,1,1,0,0,0,1,0,0,0,1,0,1,1,1,0,0,0,1,1,1,0,1,1,0,0,0,1,1,0,0,1,1,1,1,1,0,1,1,1,0,0,1,0,1,1,0,0,1,1,1,0,0,1,0,1,1,0,0,1,0,1,1,1,1,1,0,0,1,1,0,1,1,1,1,1,1,0,1,1,1,1,1,1,1,1,1,1,1,1,1,1,1,0,0
CHEMBL261_45,37,33,-1,-1,-1,2.0,2.76339711883103,2.856215304369997,6.68112244897959,0.10687388518499392,0.12491997315278194,1.9241729788940474,5.201738979324407,0.15838619290824485,0.08802727988402685,-0.02771024800376947,-1.1562873427919838,6.5225225225225225,3.794240965957618,0.09273285818479658,-0.9334863305423982,0.01703131703131703,0.05258743884479147,3.359305329007042,10.40678297996344,0.8108108108108109,0.3916588309780929,-1.5871507864874157,0.5190476190476199,2.0,2.76339711883103,2.856215304369997,6.68112244897959,2.0,0.0,0,0,1.7837837837837838,2.24373163032619,3.5009719434521114,11.636303279955845,0.0,0.0,0,0,0.004251644417625616,0.012750168882668198,2.925378402438957,7.335846217545157,0.04545454545454544,0.057545816492122495,2.8750659438884316,6.76712416624272,0.045454545454545456,0.09173039736236117,3.3324726052243654,10.081036528529486,1.1818181818181819,0.38569460791993493,1.6499158227686117,0.7222222222222232,-0.8078191974281039,66.0,238.0,0.0,114.0,1890.0,8.0,0.0,0.0,0.0,352.0,536.0,15024.0,0.0,0.0,0.0,0.0,36.0,0.0,0.0,0.0,0.0,0.0,0.0,0.0,0.0,0.0,0.0,0.0,0.0,0.0,0.0,1,1,0,1,1,1,0,0,0,1,1,1,0,0,0,0,1,0,0,0,0,0,0,0,0,0,0,0,0,0,0,7.631578947368421,2.9772917102591476,2.249726515605737,3.617829687499997,2.0,0.9176629354822471,0.40864677595693816,-0.921875,0.0,0.0,0,0,3.263157894736842,0.44034738238635557,1.0757057484009545,-0.842857142857143,0.3157894736842105,0.464829519280413,0.7925939239012172,-1.3717948717948716,15.27689473684211,5.970980681990953,2.2531826239026413,3.6287087730349787,0.6842105263157895,0.7981974151633211,1.2488092791791514,1.3837807183364843,303.36500000000007,121.84999999999998,0.5047999999999999,1,4,0,0,0,0,0,0,0,0,0,0,0,0,0,0,0,0,0,0,0,0,0,0,0,0,0,0,0,0,0,0,0,0,1,1,0,0,0,0,0,0,0,0,0,1,0,0,0,1,0,0,0,1,0,0,0,1,0,0,1,1,1,1,0,0,1,0,0,1,0,1,0,0,0,1,0,0,0,1,1,0,0,1,0,0,1,0,0,0,1,0,0,0,0,0,1,1,0,0,0,0,0,0,1,0,0,0,1,0,0,0,0,0,1,0,0,0,0,1,0,1,0,0,0,1,1,0,0,0,0,0,1,1,0,1,0,1,1,0,0,1,1,0,1,0,0,0,1,0,1,0,0,1,0,0,1,0,1,1,1,1,1,1,1,1,1,1,0,1
CHEMBL261_46,40,37,-1,-1,-1,2.0,2.951996902824546,3.2070538779006266,8.59957000806235,0.10999524662154733,0.11358277035125079,1.8720497810349814,4.5751959345993605,0.18836999199898988,0.09269768402975608,-0.36421583686532705,-0.8760629379169664,8.536666666666667,4.4014126520167745,-0.2209591363555775,-0.6720786537373833,0.02503373819163293,0.07369208852904482,3.3857572667508378,10.706885262763024,0.825,0.3799671038392666,-1.7106744068953987,0.9264069264069255,2.0,2.951996902824546,3.2070538779006266,8.59957000806235,2.0,0.0,0,0,1.85,2.554897258208243,3.666151781083407,12.364457240608154,0.0,0.0,0,0,0.0030050840855362134,0.009523625458576707,3.219686742547062,9.564034530209234,0.03571428571428573,0.04784943099806445,3.2059219949682025,8.582270584489613,0.03571428571428572,0.024370641411589882,2.3536653733107875,5.7073321237976025,1.1428571428571428,0.3499271061118826,2.0412414523193156,2.1666666666666696,2.8050390604719806,74.0,324.0,0.0,164.0,3102.0,8.0,0.0,0.0,0.0,558.0,904.0,29160.0,0.0,0.0,0.0,0.0,44.0,0.0,0.0,0.0,0.0,0.0,0.0,0.0,0.0,0.0,0.0,0.0,0.0,0.0,0.0,1,1,0,1,1,1,0,0,0,1,1,1,0,0,0,0,1,0,0,0,0,0,0,0,0,0,0,0,0,0,0,6.863636363636363,2.1169329131263677,3.628897487006467,12.80060222409698,2.1818181818181817,0.9359663764533636,0.296883603211089,-0.8524385902456366,0.0,0.0,0,0,3.3181818181818183,0.46577048936179993,0.7807200583588255,-1.3904761904761913,0.5,0.5,0.0,-2.0,13.738636363636367,4.243945490026238,3.635972699741608,12.841921311790232,0.7727272727272727,0.9968960090664231,1.0169536286401815,-0.2240740660699072,319.3860000000001,95.04999999999998,1.6748000000000003,0,2,0,0,0,0,0,0,0,0,0,0,0,0,0,0,0,0,0,0,0,0,0,0,0,0,0,0,0,0,0,0,0,0,1,1,0,0,0,0,0,0,0,0,0,0,0,0,0,0,0,0,0,1,1,0,0,1,0,0,1,1,1,1,1,0,1,1,1,1,0,1,0,0,0,1,1,1,0,0,0,0,1,1,0,1,1,0,0,0,1,0,0,0,0,0,1,0,1,1,0,0,0,1,1,0,0,1,1,0,0,0,0,1,1,0,0,1,0,1,0,0,1,1,1,0,1,1,0,1,1,0,1,0,1,1,0,1,1,1,0,0,0,0,1,1,1,1,1,0,1,1,0,1,1,0,1,0,1,0,1,1,1,1,1,1,1,1,0,1
CHEMBL261_47,39,36,-1,-1,-1,2.0,2.8674417556808756,3.1104097934157053,7.968955441928417,0.11162794718537312,0.11480516995416708,1.7736986193064361,3.8555234519699084,0.18833421663155556,0.09286109604423612,-0.339240327850229,-0.8709234495679348,8.253846153846155,4.26546200531449,-0.19753082747762746,-0.7031910583210328,0.02440091913776124,0.07148414254540547,3.2452588068523562,9.429492527886088,0.8205128205128205,0.3837597319768145,-1.6703827619526517,0.7901785714285703,2.0,2.8674417556808756,3.1104097934157053,7.968955441928417,2.0,0.0,0,0,1.8461538461538463,2.4759195291432428,3.5620201769348743,11.585009168020752,0.0,0.0,0,0,0.0031883867639681592,0.009977319977198761,3.1921710888482426,9.456538894399854,0.03703703703703703,0.04821226270713619,3.1193014414411526,8.012137433770437,0.03703703703703704,0.015315077164743117,0.3831403886631141,2.7136287023650665,1.1481481481481481,0.3552467795046459,1.9808869335422101,1.9239130434782599,-0.12129490845059165,72.0,300.0,0.0,158.0,2706.0,8.0,0.0,0.0,0.0,534.0,816.0,23880.0,0.0,0.0,0.0,0.0,42.0,0.0,0.0,0.0,0.0,0.0,0.0,0.0,0.0,0.0,0.0,0.0,0.0,0.0,0.0,1,1,0,1,1,1,0,0,0,1,1,1,0,0,0,0,1,0,0,0,0,0,0,0,0,0,0,0,0,0,0,6.742857142857143,1.76218787944106,4.153190589639389,18.824711328271412,2.1142857142857143,0.8542809364414887,0.32951184266747524,-0.6017822020029127,0.0,0.0,0,0,3.4,0.48989794855663565,0.40824829046386335,-1.8333333333333335,0.3142857142857143,0.4642307659791978,0.8000946913656625,-1.3598484848484853,13.495800000000003,3.531256262093058,4.166326056744245,18.920981446455844,0.9142857142857143,0.9963197585235827,0.8654029368949561,-0.33999523891966943,504.6090000000002,138.68,2.1362999999999985,3,7,0,0,0,0,0,0,0,0,0,0,0,0,0,0,0,0,0,0,0,1,0,0,0,0,0,0,0,0,0,0,0,0,1,1,0,0,0,0,0,0,0,0,0,0,0,0,0,1,0,0,0,1,0,0,1,1,0,1,1,1,1,1,0,0,1,1,1,1,0,0,0,0,1,1,1,1,0,0,0,1,1,1,0,1,0,0,0,0,1,0,1,0,1,0,1,1,1,0,1,0,1,0,1,0,1,0,1,0,0,0,1,1,1,0,0,1,1,1,1,0,1,1,1,0,1,1,0,1,1,1,1,1,1,1,0,0,1,1,0,0,1,1,1,1,0,0,1,1,1,1,1,1,1,1,1,1,1,0,1,1,1,1,1,1,1,1,0,0
CHEMBL261_48,29,26,-1,-1,-1,2.0,2.3514701283890216,3.257355632806884,9.6480307831598,0.11855123654946104,0.14292782420957575,1.982113527890251,5.462103475782923,0.17450264548181077,0.08947379768121583,0.1931078421660309,-0.6517749410809959,5.495402298850575,2.9142268828534394,0.2817004827196698,-0.403261287277088,0.01988688195584747,0.05440605684824694,4.054170265007953,16.72863768985409,0.7586206896551724,0.42791978089623633,-1.2087344460380705,-0.5389610389610371,2.0,2.3514701283890216,3.257355632806884,9.6480307831598,2.0,0.0,0,0,1.793103448275862,1.9542934228006557,3.7282767736741382,14.264973813951123,0.0,0.0,0,0,0.012414771635161439,0.03997525703966874,3.815736852744417,14.253434454113961,0.058823529411764705,0.06228839807576148,3.2681286215930263,9.713354290928427,0.058823529411764705,0.0410326092757765,-0.5220719612806829,-1.4741504275431194,1.2352941176470589,0.42418250299576343,1.2480754415067652,-0.44230769230769296,-0.1555515348131466,52.0,152.0,0.0,94.0,1062.0,8.0,0.0,0.0,0.0,106.0,390.0,8040.0,0.0,0.0,0.0,0.0,22.0,0.0,0.0,0.0,0.0,0.0,0.0,0.0,0.0,0.0,0.0,0.0,0.0,0.0,0.0,1,1,0,1,1,1,0,0,0,1,1,1,0,0,0,0,1,0,0,0,0,0,0,0,0,0,0,0,0,0,0,6.25,0.6614378277661477,2.267786838055363,3.1428571428571432,2.0,0.7071067811865476,0.0,-1.0,0.0,0.0,0,0,4.0,0.0,0,0,0.0,0.0,0,0,12.5095,1.3189070285656987,2.2677868380553643,3.142857142857146,1.75,0.6614378277661477,0.3239695482936233,-0.7755102040816326,114.18799999999999,20.23,1.5574,2,0,0,0,0,0,0,0,0,0,0,0,0,0,0,0,0,0,0,0,0,0,0,0,0,0,0,0,0,0,0,0,0,0,0,0,0,0,0,0,0,0,0,0,0,0,0,0,0,0,0,0,0,0,0,0,0,0,0,0,0,0,0,0,0,0,0,0,0,0,0,0,0,0,0,0,0,0,0,0,0,0,0,0,0,0,0,0,0,0,0,0,1,1,0,0,0,0,0,0,0,0,0,0,0,0,1,0,0,0,1,0,0,0,0,0,0,1,1,0,1,0,0,0,0,0,0,0,0,1,1,1,0,0,1,0,0,0,0,0,0,1,0,0,0,1,0,0,0,1,0,0,1,0,1,0,0,0,0,1,0,0,1,0,0,1,1,1,0,1
CHEMBL261_49,36,34,-1,-1,-1,2.0833333333333335,2.7373446176094736,2.8379541250328733,6.400236720747682,0.11749223327505394,0.11820893747013411,1.6165709758639835,3.1111273035106697,0.18839533406905717,0.09348278053161098,-0.3108161629714423,-0.9854798822771809,7.560185185185186,3.9354166598587885,-0.16454191450526937,-0.809440824696058,0.022408963585434174,0.0637834870137969,3.244413475240192,9.376059506911789,0.8055555555555556,0.39577241246597245,-1.5440972939559128,0.38423645320197064,2.0833333333333335,2.7373446176094736,2.8379541250328733,6.400236720747682,2.0,0.0,0,0,1.8888888888888888,2.3425742935897795,3.297188709210543,9.815539508630033,0.0,0.0,0,0,0.003598740440845704,0.010898822707679457,3.186778764920256,9.784379906491877,0.041666666666666664,0.05021713482760612,2.861230964626618,6.491417823637679,0.041666666666666706,0.9393421278713987,-2.634303133868113,5.565681292871066,1.2916666666666667,0.45452967144315476,0.9166984970282107,-1.159663865546219,-0.01649058093166287,68.0,258.0,0.0,164.0,2046.0,8.0,0.0,0.0,0.0,454.0,760.0,15960.0,0.0,0.0,0.0,0.0,38.0,0.0,0.0,0.0,0.0,0.0,0.0,0.0,0.0,0.0,0.0,0.0,0.0,0.0,24.0,1,1,0,1,1,1,0,0,0,1,1,1,0,0,0,0,1,0,0,0,0,0,0,0,0,0,0,0,0,0,1,7.16,2.6933993391251883,2.7777164977972335,6.307697134759302,2.16,0.6118823416311342,-0.10392478956040602,-0.4526627218934922,0.0,0.0,0,0,3.44,0.4963869458396342,0.24174688920761445,-1.9415584415584413,0.24,0.4270831300812524,1.2175615550562024,-0.5175438596491229,14.33356,5.401087402218188,2.780977706396394,6.321215871077774,0.92,0.9346657156438339,0.45335595030826376,-1.1067705188584314,381.5230000000002,62.83000000000001,2.2861000000000002,0,5,0,0,0,0,0,0,0,0,0,0,0,0,0,0,0,0,0,0,0,0,0,0,0,0,0,0,0,0,1,0,0,0,0,0,0,0,0,0,0,0,0,0,0,0,0,0,0,1,0,0,0,0,1,0,0,0,0,1,0,0,0,0,0,0,0,0,0,0,0,1,0,0,1,1,0,1,0,0,0,0,0,1,1,1,0,0,1,0,1,0,1,0,1,0,1,0,1,0,1,0,1,1,0,0,1,1,1,0,0,1,1,1,0,1,0,1,1,1,1,0,1,1,1,1,1,0,0,0,1,1,0,1,1,1,0,0,0,1,1,0,0,0,1,0,1,1,1,1,1,0,0,1,1,1,1,1,1,1,1,1,1,1,1,1,1,1,0,1
CHEMBL261_50,40,38,-1,-1,-1,2.0714285714285716,3.1614708537615326,3.589696289312707,11.878034156564857,0.10455904651923784,0.11860609508363328,2.3704152451368627,8.516018981462569,0.19318743426819313,0.09775925638297896,-0.2961507746233582,-0.9560077232698831,8.733809523809523,4.591257688861831,-0.1763369948918643,-0.6540399467309039,0.024358974358974356,0.07102234726071374,3.931945475004646,15.473043773907193,0.825,0.3799671038392666,-1.7106744068953987,0.9264069264069255,2.0714285714285716,3.1614708537615326,3.589696289312707,11.878034156564857,2.0,0.0,0,0,1.9,2.727636339397171,4.118684749606778,16.84580406694415,0.0,0.0,0,0,0.010406698564593303,0.028060630490773977,2.4017572864633623,3.9187378420005627,0.03571428571428571,0.04924247916441689,3.6037699905679466,12.01778606964882,0.03571428571428571,0.034909648264560895,-1.468956172085277,2.4051047467683304,1.1785714285714286,0.3829930462415574,1.6785086548325638,0.8173913043478258,-1.1377014539142363,76.0,366.0,0.0,194.0,4140.0,24.0,0.0,0.0,0.0,840.0,1128.0,48840.0,0.0,0.0,0.0,0.0,132.0,0.0,0.0,0.0,12.0,0.0,0.0,0.0,0.0,0.0,0.0,0.0,0.0,0.0,0.0,1,1,0,1,1,1,0,0,0,1,1,1,0,0,0,0,1,0,0,0,1,0,0,0,0,0,0,0,0,0,0,7.724137931034483,5.489152636849353,4.327374359537467,18.207915789617946,2.206896551724138,0.7601864718982276,0.1052821380071418,-0.46682416298328544,0.0,0.0,0,0,3.310344827586207,0.46263475396547377,0.819891591749923,-1.3277777777777782,0.5172413793103449,0.49970264642032547,-0.0690065559342356,-1.9952380952380953,15.800275862068968,12.691120264936131,4.497736123181555,19.544396775566646,0.6896551724137931,0.8347392025455314,0.9888930694182598,0.10797446679635136,478.3680000000001,92.51,3.8020000000000023,1,5,0,0,0,0,0,0,0,0,0,0,0,0,0,0,0,0,0,0,0,0,0,0,0,0,0,0,0,0,0,0,0,0,1,1,0,0,0,0,0,0,0,0,0,0,0,0,1,0,0,0,0,1,0,0,0,1,0,1,1,1,1,1,0,0,1,1,0,1,0,0,0,1,0,1,0,1,0,0,0,0,1,1,0,1,0,0,1,1,1,0,0,0,1,0,1,0,1,1,0,0,1,1,1,0,1,1,1,1,1,0,1,1,1,0,0,1,1,1,1,0,1,1,1,0,1,1,0,0,0,1,1,0,1,1,1,1,1,1,1,0,1,0,1,0,1,1,1,1,1,0,1,1,1,1,1,1,1,0,1,1,1,1,1,1,1,1,0,0
CHEMBL261_51,39,36,-1,-1,-1,2.08,2.965400478856102,2.9593269382069507,7.032254899156511,0.1072988552160795,0.11886118504517976,1.723779555271605,3.439378043813144,0.17343856745585298,0.09542862901446846,-0.19670032482724434,-1.140897355187279,7.5427350427350435,4.324854945234466,-0.08252587405540661,-0.9524778814661747,0.019258124521282418,0.056983678367625926,3.405503739967985,10.545476657562997,0.8205128205128205,0.3837597319768145,-1.6703827619526517,0.7901785714285703,2.08,2.965400478856102,2.9593269382069507,7.032254899156511,2.0,0.0,0,0,1.8461538461538463,2.4759195291432428,3.5620201769348743,11.585009168020752,0.0,0.0,0,0,0.010046051509466143,0.02719258230933324,2.510588205349275,4.720258161935163,0.039999999999999994,0.05192601860329084,2.9730968999261744,7.090543269599577,0.04,0.1988811669780283,-2.7256314528030448,6.155808997524195,1.2,0.4,1.5000000000000004,0.25000000000000133,-2.0496449757314292,72.0,300.0,0.0,180.0,2706.0,24.0,0.0,0.0,0.0,766.0,926.0,23880.0,0.0,0.0,0.0,0.0,124.0,0.0,0.0,0.0,12.0,0.0,0.0,0.0,0.0,0.0,0.0,0.0,0.0,0.0,0.0,1,1,0,1,1,1,0,0,0,1,1,1,0,0,0,0,1,0,0,0,1,0,0,0,0,0,0,0,0,0,0,6.678571428571429,1.0708331678974965,1.189314974246285,-0.19227642628504737,2.142857142857143,0.7889543583705186,0.17810310696888904,-0.5614082235958082,0.0,0.0,0,0,3.392857142857143,0.4883855118277622,0.4387634544762789,-1.8074866310160422,0.42857142857142855,0.49487165930539345,0.28867513459481287,-1.9166666666666663,13.47189285714286,2.377583502203231,1.3602238087042857,0.4060133671712429,0.6785714285714286,0.8885610931874807,1.285279534711214,0.8647905188680469,396.36500000000007,60.89,4.500700000000005,2,3,0,0,0,0,0,0,0,0,0,0,0,0,0,0,0,0,0,0,0,0,0,0,0,1,0,0,0,0,0,0,0,0,0,0,0,0,0,0,0,0,0,0,1,0,0,0,0,0,0,0,0,0,0,0,0,0,0,1,0,0,0,0,0,0,0,1,0,0,0,0,0,0,0,0,0,1,0,0,0,0,0,0,0,0,0,1,1,0,0,0,0,0,1,0,0,1,0,0,1,0,1,0,0,0,0,0,1,1,1,0,1,0,1,1,0,1,0,1,0,0,1,1,1,1,0,1,1,1,1,0,0,0,1,0,1,0,0,1,1,0,1,0,1,1,0,1,1,0,1,1,0,0,1,1,1,0,1,1,1,1,1,1,1,1,1,1,0,0
CHEMBL261_52,36,33,-1,-1,-1,2.0,2.598076211353316,2.9081346892514484,6.761316872427983,0.1135364197015114,0.12201335656041934,1.6670708015832914,3.342342986284602,0.17332091302315822,0.08485699008544233,-0.20199955336639128,-0.9831660100364843,7.166269841269841,3.726442825777265,-0.07050164759389389,-0.7869089516158754,0.026423902894491133,0.06944418944001388,3.1292320824692053,8.911433936417508,0.8055555555555556,0.3957724124659724,-1.5440972939559132,0.3842364532019724,2.0,2.598076211353316,2.9081346892514484,6.761316872427983,2.0,0.0,0,0,1.8333333333333333,2.229848026709942,3.336316419602216,10.057925782591054,0.0,0.0,0,0,0.005112650227592756,0.014813825341087284,2.69029074276204,5.624177266482974,0.041666666666666664,0.048769016745313094,2.903702515259795,6.757563422082214,0.04166666666666668,0.2433085742133859,2.990055981339636,7.340343142866791,1.1666666666666667,0.3726779962499649,1.7888543819998315,1.1999999999999993,-1.6290825342225395,66.0,234.0,0.0,116.0,1770.0,8.0,0.0,0.0,0.0,382.0,486.0,13080.0,0.0,0.0,0.0,0.0,34.0,0.0,0.0,0.0,0.0,0.0,0.0,0.0,0.0,0.0,0.0,0.0,0.0,0.0,0.0,1,1,0,1,1,1,0,0,0,1,1,1,0,0,0,0,1,0,0,0,0,0,0,0,0,0,0,0,0,0,0,6.62962962962963,1.0592851589685255,1.3409489693888355,0.18609106832216282,2.074074074074074,0.8131295703740796,0.2770724906126517,-0.609157900173896,0.0,0.0,0,0,3.5185185185185186,0.4996569467863719,-0.07412493166611059,-1.9945054945054943,0.2222222222222222,0.4157397096415491,1.3363062095621214,-0.2142857142857162,13.3782962962963,2.3700171403476897,1.4977925706527968,0.756850689092444,0.9259259259259259,0.9785070232313264,0.6228531684028568,-0.825818343034951,386.4140000000001,58.64,3.2810000000000015,1,6,0,0,0,0,0,0,0,0,0,0,0,0,0,0,0,0,0,0,0,0,0,0,0,0,0,0,0,0,0,0,0,0,0,0,0,0,0,0,0,0,0,0,1,0,0,0,0,0,0,0,0,0,0,0,0,0,0,0,0,0,0,0,0,0,0,0,0,0,0,0,0,0,0,0,0,1,0,0,0,0,1,0,0,0,0,1,1,0,0,0,1,0,1,0,0,0,0,0,1,0,1,0,0,0,1,0,1,1,1,0,1,1,1,1,1,1,0,1,1,0,0,1,1,0,0,0,1,1,1,1,0,0,1,1,1,0,1,1,1,0,0,0,1,1,0,1,1,1,1,1,0,1,1,1,1,1,1,1,1,1,1,1,1,1,1,1,0,0
CHEMBL261_53,37,34,-1,-1,-1,2.0,2.756809750418044,3.1615491320583664,8.81578947368421,0.10916835529767313,0.12291988133995263,2.151854507606114,6.796301785067238,0.18344748741326763,0.09178624565650434,-0.22311303718830627,-0.9341806965182,7.642342342342342,4.0040231168212514,-0.09392743958061137,-0.695744835786952,0.024624624624624624,0.06947431152458511,3.428549935592768,11.609463039648688,0.8108108108108109,0.3916588309780929,-1.5871507864874157,0.5190476190476199,2.0,2.756809750418044,3.1615491320583664,8.81578947368421,2.0,0.0,0,0,1.837837837837838,2.36544394454498,3.624329973817078,12.772478645297195,0.0,0.0,0,0,0.003865607059530814,0.011875150103642674,3.095927808531697,8.473032061593411,0.04,0.04990842943639887,3.1534495345821423,8.74637875282841,0.039999999999999994,0.049761103482668545,-1.5436366901239766,2.7074964098990746,1.16,0.36660605559646714,1.8548520670059365,1.4404761904761942,-0.6856696918733078,68.0,264.0,0.0,146.0,2286.0,8.0,0.0,0.0,0.0,414.0,736.0,20304.0,0.0,0.0,0.0,0.0,38.0,0.0,0.0,0.0,0.0,0.0,0.0,0.0,0.0,0.0,0.0,0.0,0.0,0.0,0.0,1,1,0,1,1,1,0,0,0,1,1,1,0,0,0,0,1,0,0,0,0,0,0,0,0,0,0,0,0,0,0,7.0588235294117645,2.3632128737177256,3.1388069220515717,9.084159054370911,2.0,0.9074852129730301,0.47226271287371985,-0.7448979591836733,0.0,0.0,0,0,3.3529411764705883,0.47788461203740945,0.615457454896663,-1.6212121212121218,0.35294117647058826,0.4778846120374094,0.6154574548966635,-1.6212121212121213,14.12935294117647,4.738065340363108,3.144877189630078,9.114079529448826,0.9411764705882353,0.9982683969692435,0.8274131432634252,-0.397280092592593,256.327,89.25999999999999,1.3185999999999998,1,4,0,0,0,0,0,0,0,0,0,0,0,0,0,0,0,0,0,0,0,0,0,0,0,0,0,0,0,0,0,0,0,0,1,1,0,0,0,0,0,0,0,0,0,0,0,0,0,0,0,0,0,1,0,0,0,1,0,0,1,1,1,1,0,0,1,0,0,1,0,1,0,0,0,1,0,0,0,0,0,0,0,1,0,0,1,0,0,0,1,0,1,0,1,0,1,0,0,0,0,0,0,0,1,0,0,0,1,0,0,0,1,0,1,0,1,1,0,1,0,0,0,0,0,0,1,0,0,0,0,0,1,1,0,1,0,1,1,0,0,0,0,0,1,0,0,0,1,0,1,1,0,1,0,0,1,1,1,0,1,1,1,1,1,1,1,1,0,1
CHEMBL261_54,37,35,-1,-1,-1,2.076923076923077,3.0245543463596154,3.429488351030937,10.886593788753354,0.11058686137608074,0.12164527577351503,2.428326082321027,8.930511802003993,0.20379239462330548,0.10067308204319099,-0.36032819449674913,-0.7549321395318858,8.386486486486488,4.305120977882244,-0.23260501045223528,-0.5013171476007394,0.024453024453024455,0.07537680373549546,3.6597805616672705,13.176547512164593,0.8108108108108109,0.3916588309780929,-1.5871507864874157,0.5190476190476199,2.076923076923077,3.0245543463596154,3.429488351030937,10.886593788753354,2.0,0.0,0,0,1.8918918918918919,2.6281612499769125,3.905076422166712,15.234274481005265,0.0,0.0,0,0,0.03477356837851693,0.16199995496705283,5.709258942134148,31.062718381635847,0.038461538461538464,0.05117975127482359,3.402211984381001,10.583192031937402,0.038461538461538464,0.021664542803982976,-0.26785603207568065,-1.4851057449900391,1.2692307692307692,0.4435600997950306,1.0405319634289447,-0.9172932330827055,-0.5028656968977825,70.0,318.0,0.0,192.0,3300.0,16.0,0.0,0.0,0.0,512.0,1122.0,35904.0,0.0,0.0,0.0,0.0,68.0,0.0,0.0,0.0,0.0,0.0,0.0,0.0,0.0,0.0,0.0,0.0,0.0,0.0,0.0,1,1,0,1,1,1,0,0,0,1,1,1,0,0,0,0,1,0,0,0,0,0,0,0,0,0,0,0,0,0,0,7.409090909090909,2.8229431918589523,2.489993012428808,4.83459016328426,2.0,0.9045340337332909,0.36851386559504434,-0.9629629629629632,0.0,0.0,0,0,3.3636363636363638,0.48104569292083477,0.5669467095138399,-1.6785714285714304,0.2727272727272727,0.44536177141512334,1.0206207261596572,-0.9583333333333344,14.831545454545461,5.661008621400452,2.4937169750481765,4.848099595930172,0.8636363636363636,0.9192612916434856,0.9749123165684537,0.18305725097291425,345.44600000000014,121.84999999999998,1.5310000000000001,2,6,0,0,0,0,0,0,0,0,0,0,0,0,0,0,0,0,0,0,0,0,0,0,0,0,0,0,0,0,0,0,0,0,1,1,0,0,0,0,0,0,0,0,0,1,0,0,0,1,0,0,0,1,0,0,0,1,0,0,1,1,1,1,0,0,1,0,0,1,0,1,0,0,0,1,0,0,0,1,1,0,0,1,0,0,1,0,0,0,1,0,0,1,0,0,1,1,0,0,0,0,0,0,1,0,0,0,1,0,0,0,0,0,1,0,1,1,0,1,0,1,0,0,0,1,1,0,0,0,0,0,1,1,0,1,0,1,1,0,0,1,1,0,1,0,0,0,1,0,1,1,0,1,0,0,1,1,1,1,1,1,1,1,1,1,1,1,0,1
CHEMBL261_55,35,33,-1,-1,-1,2.0869565217391304,2.6851126359381756,2.885327518660378,7.006553698198532,0.114907808093311,0.12396622205512026,1.9100325083486525,5.36038558143065,0.18358733813653738,0.09192198227409036,-0.1910765575302176,-0.952432348292108,7.194285714285715,3.771917837431723,-0.07726741545559447,-0.7651330352818659,0.02296918767507003,0.06610492213067096,3.2874729311783657,10.051065940721326,0.8,0.4,-1.5,0.24999999999999956,2.0869565217391304,2.6851126359381756,2.885327518660378,7.006553698198532,2.0,0.0,0,0,1.8857142857142857,2.289995989658729,3.3522237310535727,10.649380378530697,0.0,0.0,0,0,0.03844613926648381,0.16664131387741418,5.481127052364722,28.67630538261069,0.043478260869565195,0.0511383222356806,2.871317252615969,6.791495334868831,0.04347826086956521,0.18546930639440504,3.2380695895995695,9.814411739041283,1.3043478260869565,0.4601306627938419,0.8504200642707608,-1.276785714285715,0.8384607316569835,66.0,242.0,0.0,162.0,1890.0,16.0,0.0,0.0,0.0,404.0,756.0,15024.0,0.0,0.0,0.0,0.0,56.0,0.0,0.0,0.0,0.0,0.0,0.0,0.0,0.0,0.0,0.0,0.0,0.0,0.0,0.0,1,1,0,1,1,1,0,0,0,1,1,1,0,0,0,0,1,0,0,0,0,0,0,0,0,0,0,0,0,0,0,7.2592592592592595,2.5904753259326982,2.7817016776187566,6.6358930996189756,2.0,0.8606629658238704,0.3485685011586675,-0.8399999999999999,0.0,0.0,0,0,3.3703703703703702,0.4829038818668629,0.53687549219316,-1.7117647058823522,0.2222222222222222,0.41573970964154905,1.3363062095621216,-0.21428571428571574,14.530851851851855,5.1943787829744466,2.7865292811509628,6.656087624509256,0.8888888888888888,0.9938079899999066,0.9028124459155401,-0.27937499999999993,416.52500000000026,139.95,0.7355999999999999,2,8,0,0,0,0,0,0,0,0,0,0,0,0,0,0,0,0,0,0,0,0,0,0,0,0,0,0,0,0,0,0,0,0,1,1,0,0,0,0,0,0,0,0,0,1,0,0,0,1,0,0,0,1,0,0,0,1,0,0,1,1,1,1,0,0,1,0,0,1,0,1,0,0,1,1,0,0,0,1,1,0,0,1,0,0,1,0,0,0,1,0,0,0,1,1,1,1,0,0,0,0,0,0,1,0,1,0,1,0,0,1,1,1,1,0,1,1,1,1,0,1,0,0,0,1,1,0,1,0,0,0,1,1,1,1,0,1,1,0,0,0,1,1,1,0,0,0,1,0,1,1,0,1,0,1,1,1,1,1,1,1,1,1,1,1,1,1,0,1
CHEMBL261_56,36,33,-1,-1,-1,2.090909090909091,2.712078889122963,2.692980320705431,5.600174220426721,0.11040282675826069,0.12485589141711836,1.5948583751912369,2.719183853106868,0.16505763070209184,0.09116157947315591,-0.08770207895990709,-1.1730848614280416,6.6157407407407405,3.826799875981148,0.025007838968110884,-0.9868467463055008,0.018674136321195144,0.05196818716702269,3.1986504031458503,9.171190475643392,0.8055555555555556,0.3957724124659724,-1.544097293955913,0.3842364532019724,2.090909090909091,2.712078889122963,2.692980320705431,5.600174220426721,2.0,0.0,0,0,1.8333333333333333,2.242270674512285,3.283635355465382,9.7735111870822,0.0,0.0,0,0,0.012775440794016645,0.03308856825585687,2.3778435821378725,4.051631120386568,0.04545454545454545,0.0535756018748201,2.7101537757059746,5.672634296733619,0.045454545454545456,0.019302774871410727,0.4510431747250101,0.25674557118247066,1.2272727272727273,0.41907020260422223,1.301582746911936,-0.3058823529411776,0.14121677746545627,66.0,236.0,0.0,156.0,1776.0,24.0,0.0,0.0,0.0,574.0,688.0,13080.0,0.0,0.0,0.0,0.0,106.0,0.0,0.0,0.0,12.0,0.0,0.0,0.0,0.0,0.0,0.0,0.0,0.0,0.0,0.0,1,1,0,1,1,1,0,0,0,1,1,1,0,0,0,0,1,0,0,0,1,0,0,0,0,0,0,0,0,0,0,6.666666666666667,1.9488406291895184,4.52624080886698,20.989050475328195,2.121212121212121,0.7690046994211832,-0.2102443599252751,-1.2841229119246955,0.0,0.0,0,0,3.212121212121212,0.40881022918884974,1.4083737016560933,-0.01648351648351465,0.48484848484848486,0.4997703788627467,0.06063390625908318,-1.9963235294117647,13.386212121212122,4.129297069518967,4.627640756714177,21.742510182822016,0.7878787878787878,0.8793101896089035,1.2280357770744956,1.025865911386191,467.9530000000002,107.53000000000002,5.674720000000004,2,7,0,0,0,0,0,0,0,0,0,0,0,0,0,0,0,0,0,0,0,0,0,0,0,0,0,0,0,0,0,0,0,0,0,0,0,0,0,1,0,0,0,0,0,1,0,0,0,0,0,0,0,0,0,1,1,0,0,0,0,0,0,0,0,0,0,0,0,0,0,0,0,0,0,0,0,0,0,1,0,0,1,0,0,0,0,0,0,1,0,0,1,1,1,0,0,1,0,1,0,0,0,1,0,1,0,1,1,1,0,0,1,0,0,0,1,1,0,1,0,0,0,0,0,1,0,1,0,0,0,0,0,1,0,1,1,1,1,0,0,1,1,1,1,0,1,1,1,0,0,1,1,1,0,0,1,1,1,1,1,1,1,1,1,1,1,1,0,0
CHEMBL261_57,44,43,-1,-1,-1,2.125,3.4798527267687636,3.5393600189338286,10.762166077003121,0.10372745436685103,0.10939784247344897,2.057696882582814,5.458460244673747,0.2024929482401715,0.10075568818301256,-0.433354809976901,-0.8656714017852427,10.103463203463205,5.196477785839394,-0.3296342057415571,-0.6350423013367967,0.023960535588442564,0.07281235452618344,3.93871555019409,14.543703528530902,0.8409090909090909,0.36576083953252464,-1.8641092980035996,1.4749034749034724,2.125,3.4798527267687636,3.5393600189338286,10.762166077003121,2.0,0.0,0,0,1.9545454545454546,3.037302522234203,4.048570094418133,15.157499777415214,0.0,0.0,0,0,0.014596476892672546,0.03699828711788994,2.1772993678239465,2.8358636856737345,0.03125,0.046215513905305136,3.5392118532631267,10.770812265130207,0.031249999999999997,0.01616310247622255,0.08975026185055214,0.5479112256938108,1.1875,0.3903123748998999,1.6012815380508714,0.5641025641025643,-0.5664832788875417,86.0,488.0,0.0,292.0,6150.0,48.0,0.0,0.0,0.0,1700.0,1960.0,76560.0,0.0,0.0,0.0,0.0,324.0,0.0,0.0,0.0,48.0,0.0,0.0,0.0,0.0,0.0,0.0,0.0,0.0,0.0,0.0,1,1,0,1,1,1,0,0,0,1,1,1,0,0,0,0,1,0,0,0,1,0,0,0,0,0,0,0,0,0,0,6.923076923076923,1.2686478848054341,0.8225702724118272,-1.129919982698963,2.1538461538461537,0.9483713850721502,0.23052517739634718,-1.0259695290858724,0.0,0.0,0,0,3.5,0.5,0.0,-2.0,0.38461538461538464,0.48650425541051995,0.4743416490252568,-1.7750000000000001,14.083692307692306,2.9153964339115035,0.9059538027507292,-0.9653525042048243,0.5384615384615384,0.8426500884694864,1.4217964721904934,0.9712499999999986,380.288,45.330000000000005,4.0866000000000025,1,2,0,0,0,0,0,0,0,0,0,0,0,0,0,0,0,0,0,0,0,0,0,0,0,0,0,0,0,0,0,0,0,0,0,0,0,0,0,0,0,0,0,0,1,0,0,0,0,0,0,0,0,0,0,0,0,0,0,1,0,0,0,0,0,0,0,1,0,0,0,0,0,0,0,0,0,1,0,0,0,0,0,0,0,0,0,1,0,0,0,0,0,0,1,0,0,1,0,1,1,0,1,1,0,0,0,1,1,1,1,1,1,1,1,1,1,0,1,1,0,0,1,1,1,0,0,1,0,1,0,1,0,0,0,0,1,1,0,1,1,0,0,0,1,1,1,1,0,0,1,0,1,1,1,1,1,1,1,1,1,1,1,1,1,1,1,1,0,0
CHEMBL261_58,38,35,-1,-1,-1,2.0833333333333335,2.885548282196797,2.8823187023717596,6.626635624210056,0.10806075049674134,0.12099034538245282,1.6990746851231728,3.343943473019478,0.17078503200402725,0.09420304920534056,-0.16035200669034835,-1.1548374209036405,7.2324561403508785,4.1632511393436165,-0.04659954955257543,-0.9650226390355736,0.01908487434803224,0.05542260853131693,3.347422393220863,10.175062185682473,0.8157894736842105,0.3876557858593746,-1.6292261599251139,0.6543778801843323,2.0833333333333335,2.885548282196797,2.8823187023717596,6.626635624210056,2.0,0.0,0,0,1.8421052631578947,2.400946258517272,3.483160936189357,11.093344719079132,0.0,0.0,0,0,0.010852557268339986,0.02896493898345121,2.4679194861569655,4.499481234027134,0.04166666666666665,0.05252036091923586,2.897795858864564,6.695084814298559,0.041666666666666664,0.050389071322633254,-1.7366679280738195,3.047669085513178,1.2083333333333333,0.4061164310337068,1.4363696929192165,0.06315789473684319,-1.8453294016006045,70.0,278.0,0.0,172.0,2376.0,24.0,0.0,0.0,0.0,698.0,844.0,19920.0,0.0,0.0,0.0,0.0,118.0,0.0,0.0,0.0,12.0,0.0,0.0,0.0,0.0,0.0,0.0,0.0,0.0,0.0,0.0,1,1,0,1,1,1,0,0,0,1,1,1,0,0,0,0,1,0,0,0,1,0,0,0,0,0,0,0,0,0,0,6.269230769230769,0.5231334811052094,1.8122046901339264,2.394448502556612,2.076923076923077,0.7806839665455554,0.3501267143768258,-0.29710623055895935,0.0,0.0,0,0,3.3076923076923075,0.605692913385524,-0.2703873671616947,-0.6363163371488043,0.4230769230769231,0.49404740687173565,0.3113995776646092,-1.9030303030303028,12.54823076923077,1.0436655929091874,1.8104590922582893,2.3846963127096688,1.0384615384615385,1.055417133385557,0.7085142875190312,-0.7244223636661853,353.4700000000001,83.60000000000001,3.8341800000000026,2,8,0,0,0,0,0,0,0,0,0,0,0,0,0,0,0,0,0,0,0,0,0,0,0,0,0,0,0,0,0,0,0,0,0,0,0,0,0,0,0,0,0,1,0,0,0,0,0,0,0,0,0,0,1,0,0,0,0,0,0,0,0,0,0,0,0,1,1,0,0,0,1,0,0,0,1,1,0,1,0,1,1,0,0,1,0,0,0,0,0,0,0,0,1,0,1,0,1,0,0,0,0,0,0,0,0,0,0,0,0,0,1,1,1,0,1,1,1,1,1,0,1,1,1,0,1,1,0,0,0,0,1,0,0,0,0,0,0,1,0,0,0,1,1,0,0,0,0,1,1,1,0,1,0,0,1,1,1,0,1,0,1,1,1,1,1,1,0,0
CHEMBL261_59,32,27,-1,-1,-1,1.8888888888888888,2.282515398241571,2.7717173912341146,6.461748388400975,0.10749517287035312,0.14033811958827472,2.1209135941355615,6.029368088023938,0.1467997096766559,0.07778697322826564,0.08309631054929703,-0.9279749871631808,5.260416666666667,2.968450277267772,0.21269236875796033,-0.6867974755627082,0.018682795698924733,0.05402473467121819,3.094319935895786,8.618680859482325,0.78125,0.41339864235384227,-1.360672102833218,-0.14857142857142858,1.8888888888888888,2.282515398241571,2.7717173912341146,6.461748388400975,2.0,0.0,0,0,1.6875,1.8614090764794289,3.308990832356085,10.656599332205515,0.0,0.0,0,0,0.0,0.0,0,0,0.055555555555555566,0.06093023316690692,2.739642112776547,6.235147901472793,0.05555555555555555,0.03848446146864396,1.472588188054548,3.172899010270009,1.0,0.0,0,0,1.3111837065770309,54.0,148.0,0.0,46.0,900.0,0.0,0.0,0.0,0.0,92.0,164.0,5520.0,0.0,0.0,0.0,0.0,0.0,0.0,0.0,0.0,0.0,0.0,0.0,0.0,0.0,0.0,0.0,0.0,0.0,0.0,0.0,1,1,0,1,1,0,0,0,0,1,1,1,0,0,0,0,0,0,0,0,0,0,0,0,0,0,0,0,0,0,0,6.363636363636363,0.642824346533225,1.5443212101114214,1.0664000000000033,1.8181818181818181,0.7158188976374374,0.2826777020326824,-1.0265348595213324,0.0,0.0,0,0,3.727272727272727,0.44536177141512323,-1.0206207261596567,-0.9583333333333348,0.0,0.0,0,0,12.736454545454546,1.2821519101343484,1.5430039809852152,1.0611841485894535,1.6363636363636365,0.9791208740244552,-0.38419725140079736,-0.8564209274672998,158.24499999999998,55.120000000000005,1.1926999999999999,1,5,0,0,0,0,0,0,0,0,0,0,0,0,0,0,0,0,0,0,0,0,0,0,0,0,0,0,0,0,0,0,0,0,0,0,0,0,0,0,0,0,0,0,0,0,0,0,0,0,0,0,0,0,1,0,0,0,0,0,0,0,0,0,0,0,0,0,0,0,1,1,0,0,0,0,0,0,0,0,0,0,0,0,0,0,1,0,0,0,0,0,1,1,1,0,1,1,0,0,0,0,0,0,0,0,0,0,0,0,1,0,1,0,0,0,1,1,1,1,1,0,0,0,0,0,1,0,0,0,1,1,0,1,0,0,0,0,0,0,0,0,0,0,1,0,0,0,0,1,0,1,0,1,0,0,1,1,1,0,1,0,1,1,0,0,1,0,0,1
CHEMBL261_60,36,33,-1,-1,-1,2.090909090909091,2.7453943400984544,2.8177900941542453,6.556159106648204,0.1089177792963961,0.1261534586561911,1.7656194525509992,4.0084699978458085,0.16612061038825623,0.09216024682326673,-0.08053553358122112,-1.165000863468119,6.643518518518518,3.8538406324117034,0.03357035475354436,-0.9547412769155295,0.018487394957983197,0.05204747626027945,3.3335903730360146,10.422105048556029,0.8055555555555556,0.3957724124659724,-1.544097293955913,0.3842364532019724,2.090909090909091,2.7453943400984544,2.8177900941542453,6.556159106648204,2.0,0.0,0,0,1.8333333333333333,2.266911751455907,3.4257027256479042,11.133791088385685,0.0,0.0,0,0,0.012904019560105926,0.03354629960156745,2.3954800109212977,4.117256568292444,0.04545454545454545,0.05428955069556304,2.845024247181192,6.707995511878977,0.045454545454545456,0.12657076440770812,-2.3855923980805174,5.113697958944298,1.2272727272727273,0.41907020260422223,1.301582746911936,-0.3058823529411776,-0.06416119156656067,66.0,240.0,0.0,156.0,1890.0,24.0,0.0,0.0,0.0,562.0,704.0,15024.0,0.0,0.0,0.0,0.0,106.0,0.0,0.0,0.0,12.0,0.0,0.0,0.0,0.0,0.0,0.0,0.0,0.0,0.0,0.0,1,1,0,1,1,1,0,0,0,1,1,1,0,0,0,0,1,0,0,0,1,0,0,0,0,0,0,0,0,0,0,6.3125,0.6817945071647321,1.881157756086464,1.7915401454699529,2.125,0.8569568250501305,0.35380019214382935,-0.5531914893617023,0.0,0.0,0,0,3.53125,0.4990224819584785,-0.1252448582170299,-1.9843137254901961,0.1875,0.3903123748998999,1.6012815380508714,0.5641025641025643,12.634249999999998,1.35962437367826,1.8806392771089506,1.7894485581874218,1.1875,1.0439558180306292,0.4441851555500885,-0.9879369483948048,442.60000000000014,84.5,4.932700000000005,5,9,0,0,0,0,0,0,0,0,0,0,0,0,0,0,0,0,0,0,0,0,0,0,0,1,0,0,0,0,0,0,0,0,0,0,0,0,0,0,0,0,0,0,0,0,0,0,0,0,0,0,0,0,0,1,0,0,0,0,0,0,0,0,0,0,0,0,1,0,0,0,0,0,1,0,1,0,0,0,0,0,1,0,0,0,0,0,0,0,0,0,1,1,1,0,0,1,1,1,0,0,0,0,0,0,1,1,1,0,1,0,1,1,1,0,1,1,1,1,1,0,0,0,0,1,0,0,1,1,0,1,0,1,0,0,0,0,1,0,0,0,1,1,1,1,0,1,1,1,0,1,1,1,1,0,1,1,1,1,1,1,1,1,1,1,1,1,0,0
CHEMBL261_61,34,31,-1,-1,-1,2.0,2.4308621740219887,2.6581262115932747,5.4797633136094674,0.11686407756485642,0.12551713859388913,1.5801673836336356,2.7803595489561017,0.17514852105801534,0.08648399223404173,-0.13320518945529772,-0.9537635186486733,6.68235294117647,3.484991024023452,-0.011458114321974725,-0.8156864465905418,0.024231283422459896,0.06366654513657127,2.9240183538538136,7.4754282390032785,0.7941176470588235,0.40434491426080943,-1.454785934906616,0.11640211640211628,2.0,2.4308621740219887,2.6581262115932747,5.4797633136094674,2.0,0.0,0,0,1.8235294117647058,2.0788937702437993,3.0640116000175386,8.396266412649728,0.0,0.0,0,0,0.004797679941541834,0.01398177312825142,2.943623625554991,7.758649194387877,0.04545454545454546,0.04992736748415427,2.6673026719016537,5.512617240315617,0.04545454545454544,0.04369828575237548,-0.8072263659150557,0.6876607272579083,1.1818181818181819,0.38569460791993493,1.6499158227686117,0.7222222222222232,1.203802331300729,62.0,198.0,0.0,124.0,1290.0,8.0,0.0,0.0,0.0,328.0,492.0,8184.0,0.0,0.0,0.0,0.0,32.0,0.0,0.0,0.0,0.0,0.0,0.0,0.0,0.0,0.0,0.0,0.0,0.0,0.0,0.0,1,1,0,1,1,1,0,0,0,1,1,1,0,0,0,0,1,0,0,0,0,0,0,0,0,0,0,0,0,0,0,6.2,0.5416025603090641,2.618491717196712,5.466942148760323,2.066666666666667,0.573488351136175,0.003141828074156082,-0.0010956902848788808,0.0,0.0,0,0,3.6666666666666665,0.4714045207910318,-0.7071067811865461,-1.5000000000000022,0.2,0.4,1.5,0.24999999999999956,12.409933333333337,1.0801525488970942,2.6174973336379406,5.461066495195086,1.4666666666666666,0.8459051693633014,-0.3911181457049942,-0.6703445083137227,416.65000000000015,52.57,5.6158000000000055,2,14,0,0,0,0,0,0,0,0,0,0,0,0,0,0,0,0,0,0,0,0,0,0,0,0,0,0,0,0,0,0,0,0,0,0,0,0,0,0,0,0,0,0,0,0,0,0,0,0,0,0,0,0,0,0,1,0,0,0,0,0,0,0,0,0,0,0,0,0,0,0,0,0,0,0,0,1,0,0,0,1,0,0,1,0,0,1,0,0,0,0,1,1,1,1,0,1,0,0,0,0,0,1,0,0,1,1,0,0,1,1,1,1,0,0,1,1,1,1,1,0,1,1,1,0,0,0,0,1,1,1,0,1,0,0,0,1,0,1,0,1,0,0,1,1,1,0,0,1,1,1,1,1,0,1,1,1,1,1,1,1,1,1,1,1,1,1,0,0
CHEMBL261_62,35,30,-1,-1,-1,1.9,2.467792535850613,2.9096025951093645,7.171071044351153,0.10223738598579765,0.13460663237084414,2.249003540421343,7.005082222594112,0.14617636482081478,0.07883365134065572,0.06833398134036094,-1.0367421234356977,5.74952380952381,3.2893201056403156,0.20552880101878712,-0.7706652277532249,0.017825311942959,0.054564924100558757,3.235633867046889,9.408872796772666,0.8,0.4,-1.5,0.24999999999999956,1.9,2.467792535850613,2.9096025951093645,7.171071044351153,2.0,0.0,0,0,1.7142857142857142,1.99386815112776,3.511057979612092,12.074830606023564,0.0,0.0,0,0,0.0,0.0,0,0,0.04999999999999999,0.05906295244409017,2.88276526343947,6.965299471503069,0.05000000000000001,0.0435742259522794,2.6515680933098125,8.111562650676307,1.0,0.0,0,0,-0.5135654925705343,60.0,182.0,0.0,52.0,1260.0,0.0,0.0,0.0,0.0,122.0,210.0,8880.0,0.0,0.0,0.0,0.0,0.0,0.0,0.0,0.0,0.0,0.0,0.0,0.0,0.0,0.0,0.0,0.0,0.0,0.0,0.0,1,1,0,1,1,0,0,0,0,1,1,1,0,0,0,0,0,0,0,0,0,0,0,0,0,0,0,0,0,0,0,7.125,2.4206145913796355,3.0265041060603237,8.326442666666667,1.875,0.6959705453537527,1.286205711288517,3.057232049947971,0.0,0.0,0,0,3.875,0.33071891388307384,-2.267786838055363,3.1428571428571432,0.0,0.0,0,0,14.26175,4.853282336470856,3.032397127211425,8.35417015084572,1.5,0.8660254037844386,-0.5773502691896257,-0.6666666666666665,252.38000000000002,78.43,1.9403,0,11,0,0,0,0,0,0,0,0,0,0,0,0,0,0,0,0,0,0,0,0,0,0,0,0,1,0,0,0,0,0,0,0,0,1,0,0,0,0,0,0,0,0,0,1,0,0,0,0,0,0,0,0,0,0,1,1,0,0,1,0,1,1,0,0,0,0,0,1,1,1,1,1,1,1,0,0,0,1,0,0,0,0,1,0,0,0,0,0,1,0,1,1,0,0,1,1,0,0,0,0,1,0,1,0,1,0,1,0,1,0,0,1,1,0,1,1,1,1,1,0,0,0,0,0,1,0,0,0,1,1,1,1,0,0,0,0,1,0,0,1,0,0,1,0,0,0,1,1,1,0,0,1,0,1,0,1,1,0,1,1,1,1,0,0,1,0,0,1
CHEMBL261_63,34,32,-1,-1,-1,2.090909090909091,2.5389527352307164,2.9808281631891402,8.206163708086798,0.10856359239756641,0.1327618586477962,2.0884193232977686,6.265121087231744,0.17648540009266653,0.08737885107977314,-0.1313230601596925,-0.8722442658567515,6.7784313725490195,3.5379075307688117,-0.0195715246325104,-0.670679388551974,0.023897058823529414,0.07003926144380629,3.258079448478208,9.79189799002188,0.7941176470588235,0.40434491426080943,-1.4547859349066157,0.11640211640211628,2.090909090909091,2.5389527352307164,2.9808281631891402,8.206163708086798,2.0,0.0,0,0,1.8823529411764706,2.1661120752378786,3.4331656410062243,12.0658006369593,0.0,0.0,0,0,0.032490058960647196,0.10853272962941424,4.338657970124807,19.20646242660611,0.04545454545454545,0.05030723742020307,2.9062512339905897,7.426886299474662,0.04545454545454544,0.5428356860516081,3.3209048850257843,10.805602325034428,1.2272727272727273,0.4190702026042222,1.3015827469119365,-0.3058823529411767,0.8729428589792674,64.0,216.0,0.0,138.0,1602.0,24.0,0.0,0.0,0.0,268.0,614.0,12840.0,0.0,0.0,0.0,0.0,70.0,0.0,0.0,0.0,12.0,0.0,0.0,0.0,0.0,0.0,0.0,0.0,0.0,0.0,0.0,1,1,0,1,1,1,0,0,0,1,1,1,0,0,0,0,1,0,0,0,1,0,0,0,0,0,0,0,0,0,0,7.133333333333334,2.499777767900357,2.921189023191065,7.583296742875985,1.8666666666666667,0.7180219742846006,1.2838591484309958,2.761890606420926,0.0,0.0,0,0,3.8666666666666667,0.33993463423951903,-2.1572774865200244,2.653846153846154,0.0,0.0,0,0,14.278733333333332,5.011988074828413,2.926758131231627,7.608706894876672,1.5333333333333334,0.9568466729604882,-0.7799351121147918,-0.8357526628334426,237.36499999999998,69.39,2.3472,0,10,0,0,0,0,0,0,0,0,0,0,0,0,0,0,0,0,0,0,0,0,0,0,0,0,0,0,0,0,0,0,0,0,0,1,0,0,0,0,0,1,1,0,0,0,0,0,0,0,1,0,0,0,0,0,0,1,0,0,1,0,1,1,0,0,0,0,0,1,0,1,0,0,0,1,0,0,0,0,0,0,0,0,0,0,1,0,0,0,1,0,1,1,0,0,1,0,0,0,0,0,0,0,1,0,0,0,1,0,1,1,0,0,1,0,1,1,1,1,1,0,0,0,0,0,1,0,1,0,1,1,1,0,1,0,0,0,1,0,0,0,0,0,0,0,0,0,1,1,1,0,0,1,0,1,0,1,1,1,0,1,1,1,0,0,1,0,0,1
CHEMBL261_64,38,36,-1,-1,-1,2.1666666666666665,3.0092450142112983,2.9590135352770996,7.107145545560616,0.10643659946991373,0.12242156577566456,1.7345791571444913,3.6304190442491695,0.1701076222978016,0.09509238962604369,-0.11563209886254214,-1.2135774545601539,7.285964912280701,4.237084824691895,-0.027624182045729043,-0.9894329925401681,0.019559032716927455,0.05536780353992215,3.7223586724418527,13.315927216539293,0.8157894736842105,0.3876557858593746,-1.6292261599251139,0.6543778801843323,2.1666666666666665,3.0092450142112983,2.9590135352770996,7.107145545560616,2.0,0.0,0,0,1.894736842105263,2.50041547794099,3.594113880900844,11.94125812295876,0.0,0.0,0,0,0.024188438071442796,0.056423557704542576,1.947932780426413,1.8922008971348552,0.04166666666666668,0.05223095614528841,2.9597510602501678,7.113727676013282,0.041666666666666664,0.04203257026686835,-1.4665873669674758,2.257342545111775,1.25,0.4330127018922193,1.1547005383792515,-0.6666666666666665,0.5883099604766465,72.0,302.0,0.0,202.0,2766.0,48.0,0.0,0.0,0.0,968.0,1020.0,25200.0,0.0,0.0,0.0,0.0,240.0,0.0,0.0,0.0,48.0,0.0,0.0,0.0,0.0,0.0,0.0,0.0,0.0,0.0,0.0,1,1,0,1,1,1,0,0,0,1,1,1,0,0,0,0,1,0,0,0,1,0,0,0,0,0,0,0,0,0,0,6.388888888888889,0.717935999073338,1.5189176983514363,0.6452006167306075,2.1666666666666665,0.5527707983925667,0.054820244468685025,-0.0495867768595053,0.0,0.0,0,0,3.25,0.4330127018922193,1.1547005383792515,-0.6666666666666665,0.5833333333333334,0.4930066485916346,-0.338061701891407,-1.8857142857142848,12.786666666666669,1.43175366441143,1.518187568614986,0.6427143657937235,0.8333333333333334,0.8660254037844386,0.584478050290732,-0.7983539094650207,490.5600000000003,108.48,5.070600000000004,0,12,0,0,0,0,0,0,0,0,0,0,0,0,0,0,0,0,0,0,0,0,0,0,0,1,0,0,0,0,0,0,0,0,0,0,0,0,0,0,0,0,0,0,0,0,0,0,0,0,0,0,0,0,1,0,0,0,0,1,0,0,0,0,0,0,0,1,0,0,0,0,1,0,0,0,0,1,0,1,0,1,1,0,1,1,0,0,0,0,0,1,1,1,0,0,1,1,1,1,1,0,1,1,0,0,1,1,1,0,1,1,1,1,0,1,1,1,1,1,1,0,1,1,1,1,1,1,1,1,1,1,1,0,0,0,0,0,1,1,1,0,1,0,1,1,0,1,1,1,1,0,0,1,1,1,1,1,1,1,1,1,1,1,1,1,1,1,0,0
CHEMBL261_65,36,32,-1,-1,-1,1.9166666666666667,2.4650332429581736,2.8999125966360224,6.650182530612247,0.11617991253986998,0.11949897781992089,1.6165635490285557,3.1841206768150165,0.16861144034519818,0.08035793063370968,-0.2608737310217099,-0.9320702500203191,6.996825396825397,3.5782379529696686,-0.08358899355140427,-0.7206525784292963,0.027450980392156862,0.07660232237842719,2.9550047521185263,7.232461186541421,0.8055555555555556,0.3957724124659724,-1.5440972939559132,0.3842364532019724,1.9166666666666667,2.4650332429581736,2.8999125966360224,6.650182530612247,2.0,0.0,0,0,1.7777777777777777,2.122774797171422,3.2888230796394398,9.665573278288612,0.0,0.0,0,0,0.0,0.0,0,0,0.041666666666666664,0.04846361708667465,2.890928366103879,6.615092477363989,0.04166666666666666,0.21622015527706037,-2.621663550110658,5.568570684554025,1.0,0.0,0,0,-0.4642240778387177,64.0,212.0,0.0,74.0,1500.0,0.0,0.0,0.0,0.0,184.0,288.0,10200.0,0.0,0.0,0.0,0.0,0.0,0.0,0.0,0.0,0.0,0.0,0.0,0.0,0.0,0.0,0.0,0.0,0.0,0.0,0.0,1,1,0,1,1,0,0,0,0,1,1,1,0,0,0,0,0,0,0,0,0,0,0,0,0,0,0,0,0,0,0,6.642857142857143,2.0910401669006355,4.345451877444316,18.52211657991228,2.142857142857143,0.7423074889580903,-0.23521677633651394,-1.1604938271604945,0.0,0.0,0,0,3.2857142857142856,0.45175395145262565,0.9486832980505148,-1.0999999999999988,0.5357142857142857,0.49872285870603356,-0.14322297480788648,-1.9794871794871791,13.346785714285717,4.437111168937536,4.417147727265187,19.02426925224845,0.8571428571428571,0.9529760045804523,0.7832185064788216,-0.50056811008711,397.9020000000001,59.300000000000004,5.883700000000005,0,8,0,0,0,0,0,0,0,0,0,0,0,0,0,0,0,0,0,0,0,0,0,0,0,0,0,0,0,0,0,0,0,0,0,0,0,0,0,0,0,0,0,0,0,0,0,0,0,0,0,0,0,0,0,0,0,0,0,0,0,0,0,0,0,0,0,1,0,0,0,0,0,0,0,0,0,1,0,0,0,0,0,0,0,1,0,1,0,1,0,0,0,0,0,1,0,0,1,1,0,0,0,1,0,1,0,1,0,1,1,0,0,1,0,0,1,1,1,0,1,0,0,1,1,1,0,1,0,0,1,1,0,0,0,0,1,0,1,1,0,1,0,0,0,0,1,1,1,1,1,1,1,0,1,0,1,1,1,1,1,1,1,1,1,1,1,1,0,0
CHEMBL261_66,36,35,-1,-1,-1,2.1666666666666665,2.8674417556808756,2.854547169626522,6.5334984477720965,0.11512810327629436,0.1205126450368619,1.627374527750599,3.1434258258159007,0.18925850361775748,0.09567273457953004,-0.23783194750895278,-1.032171021581927,7.627777777777778,4.024303098935115,-0.1291983875031139,-0.8478390557913507,0.02250233426704015,0.06347829668950969,3.3856279154243474,10.3629971343824,0.8055555555555556,0.39577241246597245,-1.5440972939559132,0.3842364532019702,2.1666666666666665,2.8674417556808756,2.854547169626522,6.5334984477720965,2.0,0.0,0,0,1.9444444444444444,2.4488596489482433,3.3441445517605644,10.174729666837866,0.0,0.0,0,0,0.02824631383858177,0.086165546851182,4.592074279049087,22.01741266536019,0.04166666666666666,0.05030991147025452,2.8790265295276556,6.612720851522477,0.04166666666666665,0.5639848959812861,2.7689792132039477,6.234614308731565,1.2916666666666667,0.45452967144315476,0.9166984970282107,-1.159663865546219,-0.6842576437541343,70.0,282.0,0.0,216.0,2376.0,32.0,0.0,0.0,0.0,732.0,1044.0,19920.0,0.0,0.0,0.0,0.0,140.0,0.0,0.0,0.0,12.0,0.0,0.0,0.0,0.0,0.0,0.0,0.0,0.0,0.0,24.0,1,1,0,1,1,1,0,0,0,1,1,1,0,0,0,0,1,0,0,0,1,0,0,0,0,0,0,0,0,0,1,6.3076923076923075,0.6661733875264914,1.8983276850954902,1.9317333333333346,2.1538461538461537,0.532938710021193,0.12629537138523128,0.16145833333333304,0.0,0.0,0,0,3.423076923076923,0.4940474068717357,0.31139957766461024,-1.9030303030303024,0.4230769230769231,0.49404740687173565,0.31139957766460913,-1.9030303030303028,12.624692307692309,1.328509713615824,1.8976702251115412,1.9289999804695066,1.0769230769230769,0.9166442529086912,0.14715222409568726,-1.2394366197183102,356.46600000000024,64.36,4.973100000000004,0,8,0,0,0,0,0,0,0,0,0,0,0,0,0,0,0,0,0,0,0,0,0,0,0,0,0,0,0,0,0,0,0,0,0,0,0,0,0,0,0,0,0,0,0,0,0,0,0,0,0,0,0,0,0,0,0,0,0,1,0,0,0,0,1,0,0,1,0,0,0,0,0,1,0,0,0,0,0,0,0,1,0,0,0,1,0,0,0,0,0,1,1,1,1,0,1,1,1,1,0,0,0,0,1,0,1,0,0,0,1,1,1,1,0,1,1,1,1,1,1,0,1,1,0,0,1,1,1,1,1,1,0,0,1,1,0,0,0,1,0,0,0,0,1,1,1,1,1,1,0,0,1,1,1,1,1,1,1,1,1,1,1,1,1,1,1,1,0,0
CHEMBL261_67,36,34,-1,-1,-1,2.0833333333333335,2.722080495176846,2.886996890640326,6.611283903489623,0.11245476989898798,0.1230109853010838,1.615201335621864,2.8539468850713607,0.17807336312407562,0.08905162176982725,-0.17657670725748242,-1.051346454250214,7.326455026455026,3.85906129938705,-0.06986410864238773,-0.8486111325955985,0.025396825396825397,0.06578483040637209,3.304212144614313,10.062549023830229,0.8055555555555556,0.3957724124659724,-1.5440972939559132,0.3842364532019724,2.0833333333333335,2.722080495176846,2.886996890640326,6.611283903489623,2.0,0.0,0,0,1.8888888888888888,2.3306863292670035,3.346436992209019,10.076993801652891,0.0,0.0,0,0,0.013763763763763764,0.03470728290110403,2.1904384100331353,2.964955397881094,0.041666666666666664,0.04885881933124822,2.880062876400199,6.583445951484661,0.041666666666666664,0.050856943741532996,2.8092090040310973,6.329294485061405,1.2083333333333333,0.40611643103370687,1.4363696929192162,0.06315789473684275,0.6010219098021393,68.0,256.0,0.0,162.0,2040.0,24.0,0.0,0.0,0.0,620.0,720.0,15960.0,0.0,0.0,0.0,0.0,108.0,0.0,0.0,0.0,12.0,0.0,0.0,0.0,0.0,0.0,0.0,0.0,0.0,0.0,0.0,1,1,0,1,1,1,0,0,0,1,1,1,0,0,0,0,1,0,0,0,1,0,0,0,0,0,0,0,0,0,0,7.76,5.89426840243978,4.0378171249538966,15.404598994138254,2.16,0.6118823416311343,-0.10392478956040588,-0.45266272189349266,0.0,0.0,0,0,3.36,0.48,0.5833333333333341,-1.6597222222222217,0.6,0.4898979485566356,-0.40824829046386296,-1.8333333333333335,15.92816,13.635276459771545,4.180275694287885,16.46859357900443,0.88,0.9516301802696254,0.7980354603298675,-0.4007604040504922,420.38,55.63,4.896400000000004,1,8,0,0,0,0,0,0,0,0,0,0,0,0,0,0,0,0,0,0,0,0,0,0,0,0,0,0,0,0,0,0,0,0,0,0,0,0,0,0,1,0,0,0,0,0,0,0,1,1,0,0,0,0,1,0,0,0,0,0,0,1,0,0,0,0,1,1,0,0,0,0,0,0,0,0,0,1,0,1,0,1,1,1,1,1,0,0,0,0,1,0,1,0,0,1,1,0,1,0,1,0,1,1,0,0,1,1,1,1,0,0,0,1,0,0,1,1,1,0,1,0,1,1,1,0,1,1,0,0,0,0,0,0,0,1,1,1,0,1,1,0,0,0,1,0,0,1,0,1,1,1,0,1,0,1,0,1,1,0,1,0,1,1,1,1,0,1,0,0
CHEMBL261_68,36,32,-1,-1,-1,2.0,2.63673679998231,2.618429563803037,5.088290486019892,0.11071967582368149,0.12457500216045218,1.568852129915286,2.623859270928972,0.15431134954944475,0.08501932915901085,0.0030360610875425284,-1.1606787113907884,6.194444444444445,3.586992102818044,0.12200320171571793,-0.969298333741675,0.016946778711484596,0.05078706378583284,3.174036379123049,8.85677949457516,0.8055555555555556,0.3957724124659724,-1.544097293955913,0.3842364532019724,2.0,2.63673679998231,2.618429563803037,5.088290486019892,2.0,0.0,0,0,1.7777777777777777,2.1358203096378983,3.2327277740014537,9.362414190261868,0.0,0.0,0,0,0.004564389858507506,0.013421688969547405,2.8541921674444697,6.975700660357369,0.047619047619047616,0.057492147250717225,2.636433101375426,5.1571339072494595,0.04761904761904763,0.03573779450993311,-0.9281635108740143,1.531219149877706,1.1904761904761905,0.39267672624930106,1.576481562736164,0.4852941176470571,-1.041388745482486,64.0,214.0,0.0,108.0,1506.0,8.0,0.0,0.0,0.0,324.0,468.0,10200.0,0.0,0.0,0.0,0.0,34.0,0.0,0.0,0.0,0.0,0.0,0.0,0.0,0.0,0.0,0.0,0.0,0.0,0.0,0.0,1,1,0,1,1,1,0,0,0,1,1,1,0,0,0,0,1,0,0,0,0,0,0,0,0,0,0,0,0,0,0,7.55,2.940663190506522,2.2853580665571847,3.864333198687036,2.1,0.9433981132056605,0.514515824901963,-0.6345158439590968,0.0,0.0,0,0,3.5,0.5,0.0,-2.0,0.3,0.45825756949558394,0.8728715609439694,-1.2380952380952381,15.113400000000004,5.897004717651156,2.28939481989014,3.8777435205001725,0.85,0.9630680142129111,0.6389620175523502,-0.9462732761313855,319.40400000000005,103.53,0.9791000000000001,1,5,0,0,0,0,0,0,0,0,0,0,0,0,0,0,0,0,0,0,0,0,0,0,0,0,0,0,0,0,0,0,0,0,1,1,0,0,1,0,0,0,0,0,0,0,0,0,0,0,0,0,0,1,0,0,0,1,0,0,1,1,1,1,0,0,1,0,0,1,0,1,0,0,0,1,0,0,0,0,0,0,0,1,0,1,1,0,0,0,1,1,0,0,0,0,1,0,1,0,0,0,0,1,1,0,0,1,1,0,0,1,0,0,1,0,1,1,1,1,1,0,0,0,0,0,1,0,1,1,1,1,1,0,1,0,0,0,1,1,1,0,1,0,0,1,1,0,1,1,1,0,0,1,1,1,0,1,1,1,0,1,1,1,1,1,1,1,0,1
CHEMBL261_69,38,35,-1,-1,-1,2.0,2.7873339895374523,3.0370764918840094,7.565924909322614,0.11241785628547539,0.11695304639838336,1.7741655740197209,3.952513714790398,0.18605656011355304,0.0920231946682766,-0.2973942770180135,-0.8942525735179934,7.938596491228072,4.118568183011706,-0.1601856168976398,-0.7274464332699866,0.02437964280069543,0.07013304254599613,3.204442133303615,9.228173945960002,0.8157894736842105,0.3876557858593746,-1.6292261599251139,0.6543778801843323,2.0,2.7873339895374523,3.0370764918840094,7.565924909322614,2.0,0.0,0,0,1.8421052631578947,2.4009462585172723,3.483160936189356,11.093344719079129,0.0,0.0,0,0,0.0034472206980964842,0.01066124294965383,3.1474632425871687,9.093659192404791,0.03846153846153846,0.04862601640737263,3.044461451789664,7.593905022781582,0.03846153846153845,0.23168117451215314,3.097757806497704,8.130864185481638,1.1538461538461537,0.36080121229411,1.9188064472004944,1.6818181818181834,1.7560834763370872,70.0,278.0,0.0,152.0,2376.0,8.0,0.0,0.0,0.0,488.0,754.0,19920.0,0.0,0.0,0.0,0.0,40.0,0.0,0.0,0.0,0.0,0.0,0.0,0.0,0.0,0.0,0.0,0.0,0.0,0.0,0.0,1,1,0,1,1,1,0,0,0,1,1,1,0,0,0,0,1,0,0,0,0,0,0,0,0,0,0,0,0,0,0,6.59375,1.8176113274019834,4.36099830135371,19.467737568054492,2.125,0.7806247497997998,0.17244570409778615,-0.5719921104536487,0.0,0.0,0,0,3.53125,0.4990224819584785,-0.1252448582170299,-1.9843137254901961,0.375,0.4841229182759271,0.5163977794943223,-1.7333333333333334,13.198625,3.6430980441617273,4.37047822726141,19.53849768808239,1.15625,0.9051717723725149,0.4461351705575055,-0.5550253508561331,459.6520000000001,86.63000000000001,3.964600000000003,3,9,0,0,0,0,0,0,0,0,0,0,0,0,0,0,0,0,0,0,0,0,0,0,0,0,0,0,0,0,0,0,0,0,0,0,0,0,1,0,0,0,0,0,0,0,0,0,0,0,0,0,0,1,0,0,1,1,0,0,1,0,1,1,0,0,0,0,0,1,0,0,0,0,0,1,1,0,0,0,0,0,0,0,1,0,0,0,1,0,1,0,1,1,0,0,0,1,0,1,1,0,1,0,1,0,1,0,0,0,0,0,0,1,1,1,1,1,1,0,1,0,0,0,0,0,1,1,0,1,1,1,1,1,1,1,0,0,1,1,1,1,1,1,0,1,1,1,1,1,1,1,1,1,1,1,0,1,1,1,1,1,1,1,1,1,1,1,0,0
CHEMBL261_70,36,31,-1,-1,-1,1.9090909090909092,2.4291616756158887,2.769694885585298,5.909740366734926,0.11097510492039003,0.12434751250300992,1.6447871221968575,3.4523296976215914,0.14947907090616974,0.07800581362308225,-0.13311499174613717,-1.0898102621184373,6.189814814814814,3.467951323974939,0.026870506919303396,-0.8746183520309185,0.022222222222222223,0.06362442949806703,2.9506674229729817,7.176493998039186,0.8055555555555556,0.3957724124659724,-1.5440972939559132,0.3842364532019724,1.9090909090909092,2.4291616756158887,2.769694885585298,5.909740366734926,2.0,0.0,0,0,1.7222222222222223,2.022252747022366,3.2831351819089827,9.66254524741901,0.0,0.0,0,0,0.0,0.0,0,0,0.04545454545454544,0.05262129521491448,2.774352642495394,5.958918633156204,0.04545454545454544,0.08625028156574616,3.0793347288799824,8.07097665829582,1.0,0.0,0,0,1.372190965732915,62.0,192.0,0.0,52.0,1284.0,0.0,0.0,0.0,0.0,162.0,184.0,8184.0,0.0,0.0,0.0,0.0,0.0,0.0,0.0,0.0,0.0,0.0,0.0,0.0,0.0,0.0,0.0,0.0,0.0,0.0,0.0,1,1,0,1,1,0,0,0,0,1,1,1,0,0,0,0,0,0,0,0,0,0,0,0,0,0,0,0,0,0,0,6.621621621621622,1.7140335130495055,4.462195703475451,21.293028447961873,2.054054054054054,0.6953881259604652,0.40932700168231784,0.30389007037175686,0.0,0.0,0,0,3.5135135135135136,0.49981735159207924,-0.05407380704358794,-1.997076023391814,0.32432432432432434,0.4681218398834804,0.7505553499465133,-1.4366666666666672,13.253810810810814,3.4349809853349793,4.474292764238455,21.38755674963423,1.162162162162162,0.9157337484376981,0.3078923902937739,-0.7936814821109874,533.7350000000002,107.97000000000001,3.1052000000000017,2,18,0,0,0,0,0,0,0,0,0,0,0,0,0,0,0,0,0,0,0,0,0,0,0,0,0,0,0,0,0,0,0,0,1,1,0,0,0,0,0,0,0,0,0,0,0,0,0,0,0,0,0,1,0,1,1,1,0,0,1,0,1,1,0,0,0,0,0,1,0,0,0,0,0,1,0,0,0,0,0,0,1,1,1,0,0,0,1,0,1,0,1,1,1,1,1,1,0,0,0,0,1,0,1,0,1,0,1,0,1,0,1,1,1,1,1,1,0,1,1,0,0,0,1,0,1,1,1,1,1,1,1,1,1,0,0,0,1,0,1,1,1,1,1,1,0,1,1,1,1,1,0,1,1,1,1,1,1,1,1,1,1,1,1,1,1,1,0,0
CHEMBL261_71,35,31,-1,-1,-1,1.9130434782608696,2.3758393204024784,2.8266958159079194,6.294767185467885,0.11532800280385962,0.12357540346161737,1.6774556379753816,3.7276160394892424,0.16598860688688752,0.0789440266038255,-0.2125689659632241,-0.9347201080199881,6.69482993197279,3.4230330591699647,-0.043518349645110276,-0.7299437956175865,0.02745098039215686,0.07485200003898823,2.9024314724978906,6.9858373231661695,0.8,0.4,-1.5,0.24999999999999956,1.9130434782608696,2.3758393204024784,2.8266958159079194,6.294767185467885,2.0,0.0,0,0,1.7714285714285714,2.043606256256876,3.202530453176848,9.175638249683184,0.0,0.0,0,0,0.0,0.0,0,0,0.043478260869565216,0.04877394430222508,2.812795959153912,6.2236556474060105,0.0434782608695652,0.12230476548383405,-2.4172603345167243,5.359985404347116,1.0,0.0,0,0,-0.07204350348240905,62.0,194.0,0.0,70.0,1284.0,0.0,0.0,0.0,0.0,166.0,256.0,8184.0,0.0,0.0,0.0,0.0,0.0,0.0,0.0,0.0,0.0,0.0,0.0,0.0,0.0,0.0,0.0,0.0,0.0,0.0,0.0,1,1,0,1,1,0,0,0,0,1,1,1,0,0,0,0,0,0,0,0,0,0,0,0,0,0,0,0,0,0,0,6.956521739130435,2.0950928353316103,3.461579876766568,12.135598822186168,2.0,0.8340576562282991,0.4496092053105674,-0.48437499999999956,0.0,0.0,0,0,3.391304347826087,0.48804226784007926,0.44543540318737423,-1.8015873015873007,0.2608695652173913,0.43910891036356864,1.0891622972743416,-0.81372549019608,13.92352173913044,4.1993989307950015,3.471127694599865,12.190790281984773,0.9565217391304348,0.9990543733109617,0.6102608734355999,-0.8539084022038583,342.41700000000003,103.78000000000002,1.3116999999999996,0,9,0,0,0,0,0,0,0,0,0,0,0,0,0,0,0,0,0,0,0,0,0,0,0,0,0,0,0,0,0,0,0,0,1,1,0,0,0,0,0,0,0,0,0,0,0,0,0,0,0,0,0,1,0,0,1,1,0,0,1,1,1,1,0,0,1,0,0,1,0,0,0,0,0,1,0,0,0,0,0,0,0,1,1,0,0,0,1,0,1,0,0,0,1,0,1,1,0,0,0,0,1,0,1,0,1,0,1,0,1,0,1,1,1,0,1,1,0,1,1,0,0,0,1,1,1,0,0,0,1,1,1,1,1,0,0,0,1,0,1,1,1,0,1,0,0,0,1,1,1,1,0,1,0,1,1,1,1,1,1,1,1,1,1,1,1,1,0,1
CHEMBL261_72,36,33,-1,-1,-1,2.0,2.614064523559687,2.8550996224007053,6.526472337894111,0.11399937758938054,0.12158091826849979,1.6779476361604602,3.3832871987702715,0.1778525401033558,0.08787444742120373,-0.20928292418243183,-0.9637433465546046,7.25925925925926,3.7840846954273304,-0.0785587149853943,-0.7773827500850463,0.025210084033613446,0.06825083879549547,3.122785491496796,9.00931776714456,0.8055555555555556,0.3957724124659724,-1.544097293955913,0.3842364532019724,2.0,2.614064523559687,2.8550996224007053,6.526472337894111,2.0,0.0,0,0,1.8333333333333333,2.242270674512285,3.283635355465382,9.7735111870822,0.0,0.0,0,0,0.004074587407920741,0.012197393423899474,3.016418835522424,8.20042591132846,0.041666666666666664,0.049284424711593805,2.8529703205041366,6.50458520660262,0.041666666666666664,0.03318577470034813,2.4502820178748137,5.518081064350238,1.1666666666666667,0.3726779962499649,1.7888543819998313,1.1999999999999993,1.6249179791580073,66.0,236.0,0.0,136.0,1776.0,8.0,0.0,0.0,0.0,386.0,614.0,13080.0,0.0,0.0,0.0,0.0,36.0,0.0,0.0,0.0,0.0,0.0,0.0,0.0,0.0,0.0,0.0,0.0,0.0,0.0,0.0,1,1,0,1,1,1,0,0,0,1,1,1,0,0,0,0,1,0,0,0,0,0,0,0,0,0,0,0,0,0,0,7.0,1.9626135258506325,3.5274784525273946,13.435650887573967,2.074074074074074,0.8574694002066834,0.21016500502949542,-0.9250946758743597,0.0,0.0,0,0,3.5925925925925926,0.4913518207933925,-0.3768891807222045,-1.8579545454545452,0.2222222222222222,0.4157397096415491,1.3363062095621214,-0.21428571428571663,14.00951851851852,3.9331644631392564,3.5399219371965582,13.511422133339003,0.9259259259259259,0.8131295703740796,0.5496090059356004,-0.3079234172965353,403.4570000000001,174.20000000000002,-1.7355999999999963,5,7,0,0,0,0,0,0,0,0,0,0,0,0,0,0,0,0,0,0,0,0,0,0,0,0,0,0,0,0,0,0,0,0,1,1,0,0,0,0,0,0,0,0,0,0,0,0,0,0,0,0,0,1,0,1,1,1,0,1,1,1,1,1,0,0,1,0,0,1,0,1,0,0,1,1,0,0,0,0,0,0,0,1,1,0,1,0,0,0,1,1,1,1,1,0,1,1,0,1,1,0,1,0,1,0,0,0,1,0,0,1,1,0,1,0,1,1,0,1,1,0,0,0,0,1,1,0,1,1,0,0,1,1,1,1,0,0,1,1,1,1,1,0,1,1,0,1,1,1,1,0,1,1,1,1,1,1,1,1,1,1,1,1,1,1,1,1,0,1
CHEMBL261_73,39,36,-1,-1,-1,2.0,2.9059326290271157,3.3506771657410996,9.907894736842104,0.10456118086225076,0.12127648204708663,2.498822960642078,9.3352638420214,0.18834183430278945,0.09125288446056597,-0.4461114932034289,-0.8798104522601182,8.304273504273507,4.2492327411143735,-0.24926186964832486,-0.6261077010486424,0.02418207681365576,0.07434476163184628,3.3548193677069795,9.937179827082094,0.8205128205128205,0.3837597319768145,-1.6703827619526517,0.7901785714285703,2.0,2.9059326290271157,3.3506771657410996,9.907894736842104,2.0,0.0,0,0,1.8461538461538463,2.50679549796928,3.8271748411520594,14.112283259032278,0.0,0.0,0,0,0.0,0.0,0,0,0.03703703703703704,0.049349726588131235,3.3743315793384916,10.060561568894254,0.03703703703703703,0.09999888703083866,4.470334417321866,19.00451489175304,1.2222222222222223,0.41573970964154905,1.336306209562121,-0.21428571428571663,0.47675973007781874,72.0,306.0,0.0,110.0,2964.0,0.0,0.0,0.0,0.0,288.0,528.0,29184.0,0.0,0.0,0.0,0.0,0.0,0.0,0.0,0.0,0.0,0.0,0.0,0.0,0.0,0.0,0.0,0.0,0.0,0.0,12.0,1,1,0,1,1,0,0,0,0,1,1,1,0,0,0,0,0,0,0,0,0,0,0,0,0,0,0,0,0,0,1,7.037037037037037,1.9716787635860984,3.42751850395113,12.878258957541972,2.074074074074074,0.8574694002066834,0.21016500502949542,-0.9250946758743597,0.0,0.0,0,0,3.5925925925925926,0.4913518207933925,-0.3768891807222045,-1.8579545454545452,0.2222222222222222,0.4157397096415491,1.3363062095621214,-0.21428571428571663,14.083296296296298,3.9510673552271722,3.440723112578095,12.957482829742519,0.8888888888888888,0.7856742013183862,0.6561950929411159,0.06959999999999944,404.4410000000001,168.41,-1.7019999999999964,5,7,0,0,0,0,0,0,0,0,0,0,0,0,0,0,0,0,0,0,0,0,0,0,0,0,0,0,0,0,0,0,0,0,1,1,0,0,0,0,0,0,0,0,0,0,0,0,0,0,0,0,0,1,0,1,1,1,0,1,1,1,1,1,0,0,1,0,0,1,0,1,0,0,1,1,0,0,0,0,0,0,0,1,1,0,1,0,0,0,1,1,1,1,1,0,1,1,0,1,1,0,1,0,1,0,0,0,1,0,0,1,1,0,1,0,1,1,0,1,1,0,0,0,0,1,1,0,1,1,0,0,1,1,1,0,0,0,1,1,1,1,1,0,1,1,0,1,1,1,1,0,1,1,1,1,1,1,1,1,1,1,1,1,1,1,1,1,0,1
CHEMBL261_74,36,33,-1,-1,-1,2.0,2.6299556396765835,3.037295263357076,7.815502975758454,0.1107580063788272,0.12454092420070384,1.9513995982743086,5.428657035646674,0.1750260686094354,0.08642918395695175,-0.18296321799535334,-0.975264117730926,7.203306878306877,3.761580392459372,-0.05665429207044841,-0.7478629154729362,0.026050420168067228,0.06918597396382319,3.2679834467209785,10.177220962073594,0.8055555555555556,0.3957724124659724,-1.5440972939559132,0.3842364532019724,2.0,2.6299556396765835,3.037295263357076,7.815502975758454,2.0,0.0,0,0,1.8333333333333333,2.254624876411447,3.4795912721326165,11.441906297590254,0.0,0.0,0,0,0.005162204777241009,0.014981859661100425,2.6891848214633045,5.567734265883988,0.04166666666666666,0.04934444994831698,3.027951786572795,7.7710168823412165,0.041666666666666664,0.022468073862292715,-0.034183806030223744,-0.6838105962721008,1.1666666666666667,0.3726779962499649,1.7888543819998313,1.1999999999999993,-1.7259688559419206,66.0,238.0,0.0,116.0,1884.0,8.0,0.0,0.0,0.0,378.0,498.0,15024.0,0.0,0.0,0.0,0.0,34.0,0.0,0.0,0.0,0.0,0.0,0.0,0.0,0.0,0.0,0.0,0.0,0.0,0.0,0.0,1,1,0,1,1,1,0,0,0,1,1,1,0,0,0,0,1,0,0,0,0,0,0,0,0,0,0,0,0,0,0,7.212121212121212,2.543650154113129,2.9327724863506037,8.009825260046524,2.121212121212121,0.8441447440717649,0.37230201421105413,-0.47340312466787093,0.0,0.0,0,0,3.5757575757575757,0.4942274675848512,-0.30656966974248245,-1.9060150375939848,0.18181818181818182,0.385694607919935,1.6499158227686106,0.7222222222222223,14.538272727272727,5.308954872167473,2.9137989819148524,7.963894137847879,0.8484848484848485,0.9884549351697024,0.494833412420808,-1.409657838204534,507.9870000000003,96.02000000000001,2.0288000000000004,0,7,0,0,0,0,0,0,0,0,0,0,0,0,0,0,0,0,0,0,0,0,0,0,0,0,0,0,0,0,0,0,0,0,1,1,0,0,0,0,0,0,0,0,1,0,0,0,0,0,0,0,0,1,0,0,0,1,0,1,1,0,1,1,0,0,1,0,1,1,0,0,0,0,0,1,0,1,0,0,0,0,1,1,1,0,0,1,1,1,1,0,1,1,1,0,1,1,0,1,1,0,1,0,1,1,0,0,1,1,0,1,1,1,1,0,1,1,0,1,1,0,1,1,1,0,1,0,0,0,1,1,1,0,1,0,1,0,1,1,1,0,1,0,1,0,1,1,1,1,1,0,1,1,0,1,1,1,1,1,1,1,1,1,1,1,1,1,0,0
CHEMBL261_75,37,33,-1,-1,-1,2.0,2.670287397005928,2.7949855294657535,6.129535990481855,0.11012969048987206,0.12205932287061079,1.6724726283115992,3.29835071666219,0.16370910553385715,0.08900971318903579,-0.13045544399312767,-1.0942978613094028,6.774774774774774,3.867933587144289,-0.01104919686855117,-0.9289234521980463,0.019691119691119686,0.05716633944728719,3.1126563853296054,8.486872356840339,0.8108108108108109,0.3916588309780929,-1.5871507864874157,0.5190476190476199,2.0,2.670287397005928,2.7949855294657535,6.129535990481855,2.0,0.0,0,0,1.7837837837837838,2.219509747853817,3.358302324559387,10.24395482157859,0.0,0.0,0,0,0.004165969683211062,0.012487925309780466,2.934290799415175,7.474247833303828,0.04347826086956521,0.05291201414197966,2.810860184471194,6.198027613390652,0.04347826086956519,0.09871942456378359,-2.295033628333992,4.549554213279451,1.173913043478261,0.3790346907426672,1.7206180040292134,0.9605263157894743,0.08315895240692274,66.0,234.0,0.0,118.0,1776.0,8.0,0.0,0.0,0.0,398.0,526.0,13080.0,0.0,0.0,0.0,0.0,36.0,0.0,0.0,0.0,0.0,0.0,0.0,0.0,0.0,0.0,0.0,0.0,0.0,0.0,0.0,1,1,0,1,1,1,0,0,0,1,1,1,0,0,0,0,1,0,0,0,0,0,0,0,0,0,0,0,0,0,0,7.32258064516129,3.125205508331062,2.553235582863479,4.872149533906917,2.129032258064516,0.8324830903589637,0.42589225005243153,-0.31922463003544,0.0,0.0,0,0,3.6451612903225805,0.47846441852230076,-0.6067798762169174,-1.6318181818181814,0.1935483870967742,0.3950789907714804,1.5513435037626777,0.40666666666666407,14.74945161290323,6.546335369028057,2.5865939936041356,5.056013977022436,1.064516129032258,1.0139505577743038,0.24208445587307195,-1.3768542346211206,490.4970000000003,69.72,4.029500000000004,1,7,0,0,0,0,0,0,0,0,0,0,0,0,0,0,0,0,0,0,0,0,0,0,0,0,0,0,0,0,0,0,0,0,1,1,0,0,0,0,0,0,0,0,0,0,0,0,0,0,0,0,0,1,0,0,0,1,0,0,1,0,1,1,1,0,1,0,1,1,0,0,0,0,0,1,0,1,0,0,0,0,1,1,1,0,0,1,1,1,1,0,1,1,1,1,1,0,0,0,1,0,1,0,1,1,0,0,1,1,1,0,1,1,1,0,1,1,1,1,1,0,1,1,1,0,1,0,0,0,1,1,1,0,1,0,1,0,1,1,1,0,0,0,1,0,1,1,1,1,1,1,1,1,0,1,1,1,1,0,1,1,1,1,1,1,1,1,0,0
CHEMBL261_76,39,37,-1,-1,-1,2.074074074074074,2.9929042741980627,3.119813651726749,8.071420396849033,0.10958136560179768,0.11676022419416127,1.793775491460832,3.9197035692648283,0.18961583811053417,0.09482069130888122,-0.31226596757287295,-0.9731432850398791,8.366666666666669,4.373016848043963,-0.18545882523064136,-0.7608626409750294,0.024400919137761243,0.0688721833693357,3.4415607546373566,11.002306125479354,0.8205128205128205,0.3837597319768145,-1.6703827619526517,0.7901785714285703,2.074074074074074,2.9929042741980627,3.119813651726749,8.071420396849033,2.0,0.0,0,0,1.8974358974358974,2.5799510211497982,3.5983457158822647,11.887885673983964,0.0,0.0,0,0,0.009238197699736161,0.025141203544060683,2.575137524596366,5.199364226943182,0.037037037037037035,0.048389817596277716,3.1265933528987047,8.122352145182264,0.037037037037037035,0.02646920546418327,-0.520127890165624,0.6244245869253819,1.1851851851851851,0.38844772154450063,1.6208864017175073,0.6272727272727261,1.2406364483681682,74.0,326.0,0.0,208.0,3102.0,24.0,0.0,0.0,0.0,818.0,1124.0,29160.0,0.0,0.0,0.0,0.0,130.0,0.0,0.0,0.0,12.0,0.0,0.0,0.0,0.0,0.0,0.0,0.0,0.0,0.0,0.0,1,1,0,1,1,1,0,0,0,1,1,1,0,0,0,0,1,0,0,0,1,0,0,0,0,0,0,0,0,0,0,6.730769230769231,1.9720682681991182,3.9877223077821338,15.805751195700132,2.1538461538461537,0.7692307692307692,0.23700000000000057,-0.3553999999999986,0.0,0.0,0,0,3.1923076923076925,0.39411349099844606,1.561440116717652,0.43809523809523654,0.6923076923076923,0.46153846153846145,-0.8333333333333339,-1.3055555555555545,13.472846153846158,3.953312960157183,3.9953971844788607,15.855882415527486,0.7307692307692307,0.8113470426818841,0.9600219581612303,0.3529150359803066,369.4460000000001,95.05,2.4994000000000005,0,5,0,0,0,0,0,0,0,0,0,0,0,0,0,0,0,0,0,0,0,0,0,0,0,0,0,0,0,0,0,0,0,0,1,1,0,0,0,0,0,0,0,0,0,0,0,0,0,0,0,0,0,1,1,0,0,1,0,0,1,1,1,1,1,0,1,1,0,1,0,1,0,0,0,1,0,1,0,0,0,0,0,1,0,0,1,0,0,0,1,0,0,0,1,0,1,1,0,0,1,0,0,0,1,0,0,0,1,0,0,0,1,0,1,1,1,1,0,1,1,0,1,1,1,0,1,1,0,1,0,0,1,0,0,1,0,1,1,1,0,0,0,0,1,1,1,1,1,1,1,0,1,1,0,0,1,1,1,0,1,1,1,1,1,1,1,1,0,1
CHEMBL261_77,42,38,-1,-1,-1,1.9333333333333333,3.02140511829991,3.5733141726727107,11.370303177403855,0.09874120677480443,0.11857359695218464,2.6597513471620733,10.510357375092115,0.18563097543841062,0.08889646503284018,-0.4843861204804937,-0.8099311391562463,8.95124716553288,4.540559937671869,-0.27413618372408377,-0.5291580100919449,0.02645180023228804,0.08372721625591456,3.375712501779947,10.004516469643178,0.8333333333333334,0.37267799624996495,-1.788854381999832,1.200000000000002,1.9333333333333333,3.02140511829991,3.5733141726727107,11.370303177403855,2.0,0.0,0,0,1.8095238095238095,2.629847861235062,4.040114625563206,15.678379575382959,0.0,0.0,0,0,0.0,0.0,0,0,0.03333333333333333,0.047292569378712485,3.56998457394286,11.369365354207641,0.03333333333333332,0.030502413419821593,2.6682255848330914,9.829502811784927,1.0,0.0,0,0,-1.6037592971024812,76.0,352.0,0.0,98.0,3780.0,0.0,0.0,0.0,0.0,304.0,544.0,40800.0,0.0,0.0,0.0,0.0,0.0,0.0,0.0,0.0,0.0,0.0,0.0,0.0,0.0,0.0,0.0,0.0,0.0,0.0,0.0,1,1,0,1,1,0,0,0,0,1,1,1,0,0,0,0,0,0,0,0,0,0,0,0,0,0,0,0,0,0,0,7.758620689655173,2.9320485061353536,2.191470296775728,3.520068065862045,2.0689655172413794,0.9443492370778727,0.3537557424740028,-0.9674559999999999,0.0,0.2626128657194451,0.0,11.500000000000002,3.413793103448276,0.49251230541674823,0.3500700210070031,-1.8774509803921562,0.1724137931034483,0.37773969483114905,1.7344547654330258,1.008333333333332,15.529896551724143,5.880189994261138,2.1959575143961962,3.533752742537631,0.7241379310344828,1.0135819625309703,0.9691171802562305,-0.5652970679012355,471.5350000000002,176.20999999999998,1.0594,2,8,0,0,0,0,0,0,0,0,0,0,0,0,0,0,0,0,0,0,0,0,0,0,0,1,1,0,0,0,0,0,0,0,1,1,0,0,1,0,0,0,0,0,0,0,0,0,0,0,1,1,0,1,0,0,0,1,0,0,1,1,1,1,0,1,1,0,0,1,0,1,1,1,0,1,0,0,0,0,0,0,0,1,0,1,1,1,0,0,1,1,0,0,0,0,1,0,1,0,1,0,1,1,1,0,0,1,1,0,1,1,1,1,1,0,1,1,0,1,1,1,1,0,1,1,1,0,1,1,1,1,1,0,1,1,0,0,1,1,1,0,1,0,1,1,1,0,1,1,1,1,1,1,0,1,1,1,1,1,1,1,1,1,1,1,1,1,0,1
CHEMBL261_78,36,33,-1,-1,-1,2.090909090909091,2.7453943400984544,2.817790094154245,6.556159106648204,0.10891777929639611,0.1261534586561911,1.765619452550999,4.00846999784581,0.16612061038825623,0.09216024682326673,-0.08053553358122106,-1.165000863468119,6.643518518518517,3.8538406324117034,0.033570354753544945,-0.954741276915529,0.018487394957983194,0.052047476260279446,3.3335903730360164,10.422105048556034,0.8055555555555556,0.3957724124659724,-1.544097293955913,0.3842364532019724,2.090909090909091,2.7453943400984544,2.817790094154245,6.556159106648204,2.0,0.0,0,0,1.8333333333333333,2.2669117514559076,3.425702725647903,11.133791088385681,0.0,0.0,0,0,0.012904019560105924,0.03354629960156745,2.3954800109212986,4.117256568292444,0.04545454545454545,0.05428955069556304,2.845024247181192,6.707995511878977,0.04545454545454546,0.03328126377572261,-0.5153175248526136,0.10522761488998533,1.2272727272727273,0.41907020260422223,1.301582746911936,-0.3058823529411776,0.6577866953149727,66.0,240.0,0.0,156.0,1890.0,24.0,0.0,0.0,0.0,562.0,704.0,15024.0,0.0,0.0,0.0,0.0,106.0,0.0,0.0,0.0,12.0,0.0,0.0,0.0,0.0,0.0,0.0,0.0,0.0,0.0,0.0,1,1,0,1,1,1,0,0,0,1,1,1,0,0,0,0,1,0,0,0,1,0,0,0,0,0,0,0,0,0,0,6.25,0.57476703355111,2.186549825225845,3.4784514243973703,2.142857142857143,0.6925256939166186,-0.19750619609210907,-0.9203259393390684,0.0,0.0,0,0,3.392857142857143,0.4883855118277622,0.4387634544762788,-1.8074866310160422,0.42857142857142855,0.4948716593053935,0.28867513459481287,-1.916666666666667,12.509714285714287,1.1463652140926264,2.1853443265075065,3.472159132767004,1.1071428571428572,0.9761178834797464,0.47579206672907254,-0.802922533507525,381.5200000000002,47.02,4.106500000000003,0,6,0,0,0,0,0,0,0,0,0,0,0,0,0,0,0,0,0,0,0,0,0,0,0,0,0,0,0,0,0,0,0,0,0,0,0,0,0,0,0,0,0,0,0,0,0,0,0,0,0,0,0,0,0,0,0,0,0,0,0,0,0,0,0,0,0,0,0,0,0,0,0,0,0,0,0,1,0,0,0,0,1,0,0,0,0,1,1,0,0,0,0,0,1,1,0,0,0,1,1,0,1,0,0,0,0,0,0,0,0,0,1,1,0,1,1,1,1,1,1,0,0,1,1,0,0,1,0,1,1,1,0,0,0,1,0,1,0,1,1,1,0,1,1,1,0,1,0,1,1,1,0,0,1,1,1,1,1,1,1,1,1,1,1,1,1,1,0,0
CHEMBL261_79,37,35,-1,-1,-1,2.08,2.8131121556027585,2.9907775357484354,7.243668498064581,0.11517660540761245,0.11730889392457067,1.7079752713032865,3.715973445691737,0.18309073424992134,0.09044859846343088,-0.27087771408853817,-0.9369685086333557,7.700900900900902,3.9975723600659383,-0.15471825234733402,-0.7544188573078503,0.02445302445302445,0.07064946124969927,3.3410455993608044,10.105935259603884,0.8108108108108109,0.3916588309780929,-1.5871507864874157,0.5190476190476199,2.08,2.8131121556027585,2.9907775357484354,7.243668498064581,2.0,0.0,0,0,1.8918918918918919,2.413742006677417,3.4593039131670156,10.879159230449629,0.0,0.0,0,0,0.03740220483641536,0.1624962721665848,5.611519367580753,30.285064204608148,0.039999999999999994,0.049519254435354695,3.027312573822708,7.4773855061138494,0.04,0.14544835398313624,-2.647939878606847,5.932216777383914,1.28,0.448998886412873,0.9799578870122222,-1.0396825396825407,-1.096785519222444,70.0,278.0,0.0,150.0,2370.0,16.0,0.0,0.0,0.0,484.0,690.0,19920.0,0.0,0.0,0.0,0.0,56.0,0.0,0.0,0.0,0.0,0.0,0.0,0.0,0.0,0.0,0.0,0.0,0.0,0.0,0.0,1,1,0,1,1,1,0,0,0,1,1,1,0,0,0,0,1,0,0,0,0,0,0,0,0,0,0,0,0,0,0,6.903225806451613,2.6923408535310105,3.375674572989218,9.771518879815659,2.193548387096774,0.6435463659116131,-0.20327263750928962,-0.6733794601146434,0.0,0.0,0,0,3.3548387096774195,0.47846441852230076,0.6067798762169175,-1.6318181818181814,0.6129032258064516,0.487086092598113,-0.46358632497276503,-1.7850877192982464,13.909580645161295,5.733748628974813,3.3955822951913386,9.867841073615473,0.8387096774193549,0.9536609999415795,0.7725683321715148,-0.5828040153113854,457.4050000000002,54.19,6.883700000000006,0,9,0,0,0,0,0,0,0,0,0,0,0,0,0,0,0,0,0,0,0,0,0,0,0,0,0,0,0,0,0,0,0,0,0,0,0,0,0,0,1,0,0,0,0,0,0,0,0,0,0,0,0,0,0,0,0,0,0,1,0,0,0,0,1,0,0,1,0,0,0,0,0,0,0,0,0,0,0,1,0,1,0,0,1,1,0,1,1,1,0,0,1,1,0,0,0,1,1,1,1,0,1,1,0,1,1,1,0,1,1,0,0,1,0,0,1,0,1,0,1,0,1,1,1,0,0,1,0,0,1,1,0,0,0,1,1,1,0,1,1,0,0,0,1,0,1,1,0,1,1,1,1,1,1,1,0,1,1,0,1,0,1,1,1,1,1,1,0,0
CHEMBL261_80,37,34,-1,-1,-1,2.0869565217391304,2.811668906821694,2.833438005338861,6.462702763157267,0.10900784538032675,0.12306224714576688,1.7061903215286507,3.5183539125131302,0.16832815291246736,0.09309883529115284,-0.12172138570163771,-1.1635765411736485,6.9324324324324325,4.006040757623533,-0.00796295645981367,-0.966639031635868,0.018833118833118834,0.053773268646707256,3.320026290443221,10.108254588858241,0.8108108108108109,0.3916588309780929,-1.5871507864874157,0.5190476190476199,2.0869565217391304,2.811668906821694,2.833438005338861,6.462702763157267,2.0,0.0,0,0,1.837837837837838,2.3309146043178743,3.435839327803108,10.933689893276396,0.0,0.0,0,0,0.011791947157800816,0.031047011500702267,2.428640053941766,4.293413698828665,0.0434782608695652,0.05328957968287655,2.8532459967925425,6.561879600614931,0.04347826086956521,0.021531507887100933,0.4521739781472468,0.34274655794724973,1.2173913043478262,0.4124709991523974,1.3703203194062967,-0.12222222222222534,-0.9814110385566709,68.0,258.0,0.0,164.0,2106.0,24.0,0.0,0.0,0.0,630.0,770.0,17040.0,0.0,0.0,0.0,0.0,112.0,0.0,0.0,0.0,12.0,0.0,0.0,0.0,0.0,0.0,0.0,0.0,0.0,0.0,0.0,1,1,0,1,1,1,0,0,0,1,1,1,0,0,0,0,1,0,0,0,1,0,0,0,0,0,0,0,0,0,0,6.7407407407407405,2.1359808674512912,4.124643747664479,16.772674809415356,2.074074074074074,0.7662281802065631,-0.12626301340572996,-1.2881474364573333,0.0,0.0,0,0,3.4814814814814814,0.4996569467863719,0.07412493166611059,-1.9945054945054945,0.4074074074074074,0.4913518207933925,0.37688918072220473,-1.8579545454545452,13.581407407407406,4.56881091799492,4.100440453634338,16.537566621793076,1.037037037037037,1.137947518202757,0.5306853066252227,-1.2421807670209717,394.922,50.160000000000004,3.4931400000000012,0,9,0,0,0,0,0,0,0,0,0,0,0,0,0,0,0,0,0,0,0,0,0,0,0,0,0,0,0,0,0,0,0,0,0,0,0,0,0,0,0,0,0,0,1,0,0,0,0,0,0,0,0,0,1,0,0,0,0,0,0,0,0,0,0,0,0,1,0,0,0,0,0,0,0,0,0,1,0,0,0,1,1,0,1,1,0,1,1,1,0,0,0,0,1,0,1,0,1,0,0,0,1,0,0,1,1,0,0,1,1,0,1,1,0,0,1,0,1,1,1,0,1,1,1,0,1,1,0,0,1,1,0,0,1,0,1,0,0,1,1,0,0,1,1,0,1,0,0,1,1,1,1,1,0,1,1,1,1,0,1,0,1,1,1,1,1,1,0,0
CHEMBL261_81,36,31,-1,-1,-1,1.9047619047619047,2.486243329944117,2.7115071849557926,5.524753346621669,0.11036595610431538,0.12488848430082783,1.6412162618643493,3.4460688809394817,0.14595283902450118,0.07742746983918193,-0.0334709394954259,-1.1295131389782649,5.965740740740741,3.384899620218815,0.12442770143405506,-0.9008007358355137,0.018720821661998135,0.05752761221344889,3.0581650179373794,7.644865596896013,0.8055555555555556,0.3957724124659724,-1.5440972939559132,0.3842364532019724,1.9047619047619047,2.486243329944117,2.7115071849557926,5.524753346621669,2.0,0.0,0,0,1.7222222222222223,2.022252747022366,3.2831351819089827,9.66254524741901,0.0,0.0,0,0,0.0,0.0,0,0,0.047619047619047616,0.05675561718537606,2.7181216687326453,5.562708736145867,0.04761904761904764,0.08399522769748181,3.005701513706251,7.599362025819033,1.0,0.0,0,0,-1.040502862938466,62.0,192.0,0.0,50.0,1284.0,0.0,0.0,0.0,0.0,146.0,184.0,8184.0,0.0,0.0,0.0,0.0,0.0,0.0,0.0,0.0,0.0,0.0,0.0,0.0,0.0,0.0,0.0,0.0,0.0,0.0,0.0,1,1,0,1,1,0,0,0,0,1,1,1,0,0,0,0,0,0,0,0,0,0,0,0,0,0,0,0,0,0,0,7.0,2.1320071635561044,3.377099347072869,11.475999999999996,2.090909090909091,0.8999540851465151,0.1948151335922124,-1.0612244897959189,0.0,0.0,0,0,3.3636363636363638,0.48104569292083477,0.5669467095138399,-1.6785714285714304,0.2727272727272727,0.4453617714151233,1.0206207261596578,-0.958333333333333,14.010454545454548,4.273490597193062,3.3864500107771915,11.52836671159239,0.8181818181818182,0.9833321660356332,0.9434644363147059,-0.2721893491124252,326.3740000000001,106.76999999999998,0.4165000000000004,2,4,0,0,0,0,0,0,0,0,0,0,0,0,0,0,0,0,0,0,0,0,0,0,0,0,0,0,0,0,0,0,0,0,1,1,0,0,0,0,0,0,0,0,0,0,0,0,0,0,0,0,0,1,0,0,0,1,0,0,1,1,1,1,1,0,1,0,0,1,0,1,0,0,0,1,0,1,0,0,0,0,0,1,0,1,1,1,0,0,1,0,0,0,1,1,1,0,1,1,0,0,1,0,1,0,0,0,1,0,1,0,1,1,1,0,1,0,0,1,0,0,0,1,1,1,1,0,1,1,1,1,1,0,1,0,0,0,1,1,0,0,1,0,1,1,0,0,1,0,1,1,1,1,0,1,1,1,1,1,1,1,1,1,1,1,1,1,0,1
CHEMBL261_82,37,34,-1,-1,-1,2.0869565217391304,2.796162641880613,2.774482793719823,5.994895740191328,0.10957017846952957,0.12256183344411292,1.6158858379813654,2.807154467327009,0.16782915965391126,0.09263399161011161,-0.12507563354978943,-1.1664739958853088,6.918918918918919,3.9929313709811995,-0.012069676997961477,-0.9811915580294106,0.018918918918918916,0.05374462002768719,3.2591803794121788,9.531958676792254,0.8108108108108109,0.3916588309780929,-1.5871507864874157,0.5190476190476199,2.0869565217391304,2.796162641880613,2.774482793719823,5.994895740191328,2.0,0.0,0,0,1.837837837837838,2.3192905895053983,3.368666917190401,10.27234035773369,0.0,0.0,0,0,0.011740118496875254,0.030861467839791597,2.421510716846475,4.269874402871565,0.043478260869565195,0.052971719957864226,2.789561954890824,6.0553024744965285,0.043478260869565216,0.046156508468784406,2.661395817270204,5.612982574347647,1.2173913043478262,0.4124709991523974,1.3703203194062967,-0.12222222222222534,-1.4841880809834267,68.0,256.0,0.0,164.0,2046.0,24.0,0.0,0.0,0.0,636.0,762.0,15960.0,0.0,0.0,0.0,0.0,112.0,0.0,0.0,0.0,12.0,0.0,0.0,0.0,0.0,0.0,0.0,0.0,0.0,0.0,0.0,1,1,0,1,1,1,0,0,0,1,1,1,0,0,0,0,1,0,0,0,1,0,0,0,0,0,0,0,0,0,0,7.45,3.106042498099471,2.430616563089113,4.370295062121432,2.1,0.8306623862918076,0.33498672162996607,-0.5179584120982987,0.0,0.0,0,0,3.45,0.4974937185533101,0.20100756305184125,-1.9595959595959607,0.3,0.45825756949558394,0.8728715609439697,-1.2380952380952384,14.983700000000002,6.4448120926835415,2.469622868486597,4.585897975570943,0.85,0.9096702699330126,0.6984370634328367,-0.585664606931299,316.81000000000006,66.48,1.3801999999999996,1,4,0,0,0,0,0,0,0,0,0,0,0,0,0,0,0,0,0,0,0,0,0,0,0,0,0,0,0,0,0,0,0,0,1,1,0,0,1,0,0,0,0,0,0,0,0,0,0,0,0,0,0,1,0,0,0,1,0,0,1,0,1,1,0,0,0,0,0,1,0,0,0,0,0,1,0,1,0,0,0,1,0,1,1,1,0,0,0,1,1,0,1,1,1,0,1,1,1,0,0,0,1,0,1,1,0,0,1,1,1,0,1,1,1,0,1,0,0,1,1,0,1,1,1,0,1,0,0,1,1,1,1,0,1,0,1,0,1,1,1,0,0,0,1,1,1,0,1,1,1,0,1,1,0,1,1,1,1,0,1,1,1,1,1,1,1,1,0,0
CHEMBL261_83,37,33,-1,-1,-1,1.92,2.56,3.007255554199218,7.312846422195435,0.11350628871213414,0.11892581490082244,1.7155251261138043,3.914143113214368,0.17166831665295046,0.08208643314020202,-0.2957474842838109,-0.9043030595799211,7.309909909909909,3.7368899151741175,-0.12115857242308903,-0.6998413582590413,0.027284427284427284,0.07796870064256863,3.0367558153539904,7.759257286430051,0.8108108108108109,0.3916588309780929,-1.5871507864874157,0.5190476190476199,1.92,2.56,3.007255554199218,7.312846422195435,2.0,0.0,0,0,1.7837837837837838,2.2072991339562607,3.4110845652125947,10.536538012852656,0.0,0.0,0,0,0.0,0.0,0,0,0.04000000000000001,0.04835042628238673,3.012439724499659,7.382483588020138,0.04,0.018687914265795767,0.21966346027114206,0.8538955929927257,1.0,0.0,0,0,-0.8354915016058697,66.0,232.0,0.0,76.0,1770.0,0.0,0.0,0.0,0.0,204.0,306.0,13080.0,0.0,0.0,0.0,0.0,0.0,0.0,0.0,0.0,0.0,0.0,0.0,0.0,0.0,0.0,0.0,0.0,0.0,0.0,0.0,1,1,0,1,1,0,0,0,0,1,1,1,0,0,0,0,0,0,0,0,0,0,0,0,0,0,0,0,0,0,0,7.6,3.1749015732775088,2.1447983984253765,2.9189342403628116,2.08,0.7959899496852959,0.3319670359492549,-0.40426997245178997,0.0,0.0,0,0,3.44,0.4963869458396342,0.24174688920761445,-1.9415584415584413,0.24,0.4270831300812524,1.2175615550562027,-0.5175438596491229,15.21564,6.367526884937354,2.146843745190341,2.9249679051261035,0.88,0.9516301802696256,0.5195473739500978,-1.126515501504577,402.5670000000002,95.73999999999998,0.9281000000000001,0,5,0,0,0,0,0,0,0,0,0,0,0,0,0,0,0,0,0,0,0,0,0,0,0,0,0,0,0,0,0,0,0,0,1,1,0,0,0,0,0,0,0,0,0,0,0,0,0,1,0,0,0,1,0,0,0,1,0,0,1,1,1,1,0,0,1,0,0,1,0,1,0,0,0,1,0,1,0,0,0,1,0,1,0,0,1,1,1,0,1,0,0,0,1,0,1,0,0,0,1,0,1,0,1,0,1,0,1,0,1,0,1,1,1,0,1,0,1,1,1,0,1,1,1,0,1,0,0,0,1,1,1,1,1,1,0,1,1,1,1,0,0,0,1,0,0,1,1,1,1,0,0,1,0,1,1,1,1,0,1,1,1,1,1,1,1,1,0,1
CHEMBL261_84,41,37,-1,-1,-1,2.0,3.05085107923876,3.128784164658833,7.948910593538692,0.10532116600232778,0.11531563594911637,1.8703495155882721,4.622457839117646,0.16529986020802978,0.09095883604476108,-0.17716542826232815,-1.1463805371739044,7.646341463414634,4.395257224907848,-0.060825599626595554,-0.9399687865383966,0.018667917448405253,0.05989743695525122,3.5993554585311025,11.990554310434211,0.8292682926829268,0.3762743565985735,-1.7501500535908439,1.0630252100840334,2.0,3.05085107923876,3.128784164658833,7.948910593538692,2.0,0.0,0,0,1.8048780487804879,2.520351429184294,3.776302172491934,13.09637214921592,0.0,0.0,0,0,0.004075599197550416,0.01262508224569591,2.8658827558846087,6.435607605615202,0.038461538461538464,0.053565450439353145,3.1327225301025408,7.957193498159334,0.038461538461538464,0.04831461903916921,3.197558496806191,8.76648486986458,1.1538461538461537,0.36080121229411,1.9188064472004944,1.6818181818181834,0.5950662083976751,74.0,320.0,0.0,116.0,3096.0,8.0,0.0,0.0,0.0,528.0,616.0,29160.0,0.0,0.0,0.0,0.0,42.0,0.0,0.0,0.0,0.0,0.0,0.0,0.0,0.0,0.0,0.0,0.0,0.0,0.0,0.0,1,1,0,1,1,1,0,0,0,1,1,1,0,0,0,0,1,0,0,0,0,0,0,0,0,0,0,0,0,0,0,7.821428571428571,3.4022426577245803,1.894264110849232,1.8179024201443443,2.142857142857143,0.7889543583705185,0.17810310696888912,-0.5614082235958078,0.0,0.0,0,0,3.392857142857143,0.4883855118277622,0.43876345447627885,-1.8074866310160422,0.32142857142857145,0.4670248868079293,0.7647191129018729,-1.4152046783625727,15.659857142857145,6.823825433803273,1.8958241123428554,1.8217696041338165,0.75,0.9496239857363094,0.7663272865975197,-0.9008920694049602,459.64400000000023,108.63,1.5377999999999998,0,5,0,0,0,0,0,0,0,0,0,0,0,0,0,0,0,0,0,0,0,0,0,0,0,0,0,0,0,0,0,0,0,0,1,1,0,0,1,0,0,0,0,0,0,0,0,0,0,1,0,0,0,1,0,0,0,1,0,0,1,1,1,1,0,0,1,1,0,1,0,1,0,0,0,1,0,1,0,1,0,1,0,1,0,1,1,1,1,0,1,0,0,0,1,0,1,0,1,1,1,0,1,1,1,0,1,1,1,0,1,0,1,1,1,0,1,0,1,1,1,0,1,1,1,0,1,1,0,0,1,1,1,1,1,1,0,1,1,1,1,0,0,0,1,0,0,1,1,1,1,0,0,1,0,1,1,1,1,0,1,1,1,1,1,1,1,1,0,1
CHEMBL261_85,38,35,-1,-1,-1,2.0869565217391304,2.9475567402918763,2.818098324468013,6.2123295998109445,0.10746962705027088,0.12151571394416398,1.6882136160865977,3.3013541760435716,0.16465562553858462,0.09274889862797905,-0.06726244402830402,-1.2264625359597678,6.947368421052632,4.071385180171309,0.04040304153528563,-1.0149489514754848,0.016674569306148256,0.0512691159313723,3.512261341530189,11.24946950405581,0.8157894736842105,0.3876557858593746,-1.6292261599251139,0.6543778801843323,2.0869565217391304,2.9475567402918763,2.818098324468013,6.2123295998109445,2.0,0.0,0,0,1.8421052631578947,2.4009462585172723,3.483160936189356,11.093344719079129,0.0,0.0,0,0,0.010915213909943995,0.029046863454738246,2.4516792260850058,4.413321979165296,0.043478260869565195,0.05622081095809968,2.8367216425842883,6.289102969758725,0.0434782608695652,0.01927135046815415,1.239435232254283,0.5604397118034758,1.2173913043478262,0.4124709991523974,1.3703203194062967,-0.12222222222222534,-1.0919331447861758,70.0,278.0,0.0,168.0,2376.0,24.0,0.0,0.0,0.0,656.0,842.0,19920.0,0.0,0.0,0.0,0.0,118.0,0.0,0.0,0.0,12.0,0.0,0.0,0.0,0.0,0.0,0.0,0.0,0.0,0.0,0.0,1,1,0,1,1,1,0,0,0,1,1,1,0,0,0,0,1,0,0,0,1,0,0,0,0,0,0,0,0,0,0,7.153846153846154,2.6412745712906767,2.839130603799633,6.703805139560625,2.1538461538461537,0.6007884366082041,-0.07556274881285609,-0.36818059661381275,0.0,0.0,0,0,3.4615384615384617,0.4985185152621431,0.15430334996209114,-1.976190476190476,0.23076923076923078,0.4213250442347431,1.2780193008453873,-0.3666666666666667,14.321000000000002,5.296574248439341,2.8425589246839276,6.718268636308903,0.9230769230769231,0.9576845844606717,0.41663763899200545,-1.2588553590010412,396.53800000000024,66.07000000000001,1.191699999999999,0,6,0,0,0,0,0,0,0,0,0,0,0,0,0,0,0,0,0,0,0,0,0,0,0,0,0,0,0,0,1,0,0,0,0,0,0,0,0,0,0,0,0,0,0,0,0,0,0,1,0,0,0,0,1,0,0,0,0,1,0,0,0,0,0,0,0,0,0,0,0,1,0,0,1,1,0,1,0,0,0,1,1,1,1,1,0,1,1,0,1,0,1,0,1,0,1,0,1,0,1,0,1,1,0,0,1,1,1,0,1,1,1,1,0,1,1,0,1,1,1,0,1,1,1,1,1,0,0,0,1,1,0,1,1,1,0,0,0,1,1,0,0,0,1,0,1,1,1,1,1,0,0,1,1,1,1,1,1,1,1,1,1,1,1,1,1,1,0,1
CHEMBL261_86,41,38,-1,-1,-1,2.0,3.0285993120753774,3.358956165071558,9.606450336367233,0.10911218720249938,0.11173528765043639,2.211439479343982,7.454167546428769,0.18873753185111697,0.09058189246101674,-0.4864146526661063,-0.7870316922195197,8.823577235772357,4.465679079648315,-0.30070540816238894,-0.5582917476279077,0.02507817385866166,0.08269530068151221,3.3804997846847913,9.808820538529508,0.8292682926829268,0.3762743565985735,-1.7501500535908439,1.0630252100840334,2.0,3.0285993120753774,3.358956165071558,9.606450336367233,2.0,0.0,0,0,1.853658536585366,2.6278153368108548,3.828569594537323,13.612655380138989,0.0,0.0,0,0,0.0295870288248337,0.1547314278116489,6.013315757063611,34.736022108928914,0.034482758620689655,0.048009825327809064,3.403893389863572,9.96007034202768,0.03448275862068966,0.045094988860777195,4.016224175365109,15.983337728451453,1.1379310344827587,0.3448275862068966,2.0999999999999988,2.409999999999995,0.044740468773949306,76.0,348.0,0.0,122.0,3564.0,8.0,0.0,0.0,0.0,332.0,642.0,36024.0,0.0,0.0,0.0,0.0,20.0,0.0,0.0,0.0,0.0,0.0,0.0,0.0,0.0,0.0,0.0,0.0,0.0,0.0,0.0,1,1,0,1,1,1,0,0,0,1,1,1,0,0,0,0,1,0,0,0,0,0,0,0,0,0,0,0,0,0,0,7.230769230769231,2.76388372664949,2.8749030061924876,6.925752438529031,2.1538461538461537,0.8177035240565116,0.13236691864866595,-0.7323987782911741,0.0,0.0,0,0,3.3846153846153846,0.4865042554105199,0.4743416490252571,-1.775,0.46153846153846156,0.49851851526214314,0.15430334996209163,-1.9761904761904763,14.528000000000002,5.733456126442947,2.9204573214586347,7.215172249042007,0.7692307692307693,0.9326427425370879,0.7574566213858063,-0.7913369429404424,397.88800000000015,101.53,0.6752000000000001,0,4,0,0,0,0,0,0,0,0,0,0,0,0,0,0,0,0,0,0,0,0,0,0,0,0,0,0,0,0,0,0,0,0,1,1,0,0,0,0,0,0,0,0,0,0,0,0,0,0,0,0,0,1,1,0,0,1,0,0,1,1,1,1,1,0,1,1,0,1,0,1,0,0,0,1,0,1,0,0,0,1,1,1,0,0,1,1,1,1,1,0,0,0,1,0,1,1,0,1,1,0,1,0,1,1,0,0,1,1,1,0,1,1,1,1,1,0,1,1,1,0,1,1,1,0,1,1,0,1,1,1,1,0,0,1,1,1,1,1,1,0,0,0,1,1,1,1,1,1,1,0,1,1,0,1,1,1,1,0,1,1,1,1,1,1,1,1,0,1
CHEMBL261_87,37,32,-1,-1,-1,1.9130434782608696,2.668871174473531,2.892642950048046,6.51954862942379,0.11164880307991083,0.12067133793014116,1.7126034293923287,3.9554583069814084,0.1583733106988921,0.0838176953527236,-0.19251699769500902,-1.0814589034296052,6.653153153153153,3.746285122596431,-0.027971492780521603,-0.8615088538327083,0.02072072072072072,0.06549806812685062,3.1294546898848,8.082994058214107,0.8108108108108109,0.3916588309780929,-1.5871507864874157,0.5190476190476199,1.9130434782608696,2.668871174473531,2.892642950048046,6.51954862942379,2.0,0.0,0,0,1.7297297297297298,2.213577862642515,3.4529631523514976,10.718149263475224,0.0,0.0,0,0,0.0,0.0,0,0,0.043478260869565216,0.05542181318914321,2.8981495599882376,6.55327225092895,0.043478260869565195,0.2689282153638639,3.1182887727309256,8.290553352077284,1.0,0.0,0,0,0.44230229259042064,64.0,228.0,0.0,56.0,1770.0,0.0,0.0,0.0,0.0,182.0,234.0,13080.0,0.0,0.0,0.0,0.0,0.0,0.0,0.0,0.0,0.0,0.0,0.0,0.0,0.0,0.0,0.0,0.0,0.0,0.0,0.0,1,1,0,1,1,0,0,0,0,1,1,1,0,0,0,0,0,0,0,0,0,0,0,0,0,0,0,0,0,0,0,7.705882352941177,3.1392150739120783,2.074976367819547,2.7844041945461395,2.1176470588235294,0.9629826790438176,0.5538652048242941,-0.624303853865003,0.0,0.0,0,0,3.2941176470588234,0.4556450995538137,0.9036961141150652,-1.1833333333333313,0.35294117647058826,0.4778846120374094,0.6154574548966635,-1.6212121212121213,15.42629411764706,6.2956328819335585,2.078183715581499,2.793738777384152,0.6470588235294118,0.8360394355030527,1.341711753614398,1.2951181256739535,273.335,80.31,0.7428000000000001,0,3,0,0,0,0,0,0,0,0,0,0,0,0,0,0,0,0,0,0,0,0,0,0,0,0,0,0,0,0,0,0,0,0,1,1,0,0,1,0,0,0,0,0,0,0,0,0,0,0,0,0,0,1,0,0,0,1,0,0,1,1,1,1,0,0,1,0,0,1,0,1,0,0,0,1,0,0,0,0,0,0,0,1,1,1,0,0,0,0,1,0,0,0,0,0,1,0,1,0,0,1,1,1,1,0,0,1,1,0,0,0,0,0,1,0,1,0,0,1,0,0,0,0,0,0,1,0,0,1,0,0,1,0,0,0,0,0,1,1,0,0,1,0,0,1,1,0,1,0,1,0,0,1,0,1,0,1,1,0,1,1,1,1,1,1,1,1,0,1
CHEMBL261_88,34,32,-1,-1,-1,2.090909090909091,2.609581835346786,2.616934274977965,5.443547341879542,0.11827623926255197,0.12418734207555099,1.6445269443533785,3.495714744369824,0.18396087843263415,0.09209464507383033,-0.1833788242193436,-0.9732607098899355,6.946078431372549,3.6466074725980584,-0.05940753903289678,-0.8238767505117801,0.022003119429590018,0.06244115145735915,3.01768805727132,7.8681438101596495,0.7941176470588235,0.40434491426080943,-1.454785934906616,0.11640211640211628,2.090909090909091,2.609581835346786,2.616934274977965,5.443547341879542,2.0,0.0,0,0,1.8823529411764706,2.2197602663662597,3.0687273597424296,8.638298313028658,0.0,0.0,0,0,0.017718977361515592,0.058910603563041834,4.59390770878776,21.358007597736016,0.04545454545454544,0.052091754247642064,2.648973033574788,5.523121373691035,0.04545454545454546,0.02061320172255268,1.012567205277492,0.5056092142818929,1.2727272727272727,0.44536177141512334,1.0206207261596572,-0.9583333333333344,0.2377160375113412,64.0,224.0,0.0,172.0,1578.0,16.0,0.0,0.0,0.0,386.0,788.0,11088.0,0.0,0.0,0.0,0.0,58.0,0.0,0.0,0.0,0.0,0.0,0.0,0.0,0.0,0.0,0.0,0.0,0.0,0.0,12.0,1,1,0,1,1,1,0,0,0,1,1,1,0,0,0,0,1,0,0,0,0,0,0,0,0,0,0,0,0,0,1,6.782608695652174,2.084237358992501,3.747539447590958,13.66077779065462,2.0869565217391304,0.7753284565272611,-0.15130267553804203,-1.3233060401091714,0.0,0.0,0,0,3.347826086956522,0.476280484787101,0.6390096504226922,-1.591666666666668,0.2608695652173913,0.43910891036356864,1.0891622972743413,-0.81372549019608,13.576739130434786,4.178299021678052,3.754543362416294,13.703564802347287,0.9565217391304348,0.9990543733109617,0.8718718961644746,-0.28465048209366595,334.44100000000003,61.8,2.1357,2,5,0,0,0,0,0,0,0,0,0,0,0,0,0,0,0,0,0,0,0,0,0,0,0,0,0,0,0,0,0,0,0,0,0,0,0,0,0,0,0,0,0,0,0,0,0,1,0,1,0,0,1,0,0,0,0,0,0,0,0,0,0,0,1,0,1,0,0,0,0,0,0,0,0,1,0,1,1,1,0,0,1,1,0,0,0,1,0,0,1,0,1,0,0,0,0,1,0,1,1,1,1,0,0,0,1,0,1,0,0,1,0,0,0,0,1,1,1,0,0,0,1,1,1,1,0,0,1,0,0,0,0,1,1,0,0,0,0,1,1,1,0,1,1,0,0,1,1,0,1,1,1,1,1,1,1,1,1,1,1,1,1,1,1,1,1,1,0,1
CHEMBL261_89,37,34,-1,-1,-1,2.0,2.6981475126464085,3.0423804370650687,7.652397053495953,0.11137627827223086,0.12092291621216232,1.8504206924092952,4.640448777147872,0.17702814900003003,0.08717203166434757,-0.23003008656897378,-0.960856445852146,7.496911196911196,3.900718739895104,-0.10078621330156565,-0.7497995759124962,0.02616902616902617,0.07080174133870679,3.2718667843969973,10.024457782526342,0.8108108108108109,0.3916588309780929,-1.5871507864874157,0.5190476190476199,2.0,2.6981475126464085,3.0423804370650687,7.652397053495953,2.0,0.0,0,0,1.837837837837838,2.3192905895053983,3.4856509363752903,11.212970169779371,0.0,0.0,0,0,0.0047290458474669,0.013919221868394727,2.739874711685254,5.882658404478194,0.04,0.048648015395557194,3.032758252293218,7.602426026711745,0.04000000000000003,2.529375632907555,-3.1079977412123787,8.702234831046143,1.16,0.36660605559646714,1.8548520670059365,1.4404761904761942,0.2315902526381825,68.0,256.0,0.0,122.0,2100.0,8.0,0.0,0.0,0.0,422.0,546.0,17040.0,0.0,0.0,0.0,0.0,36.0,0.0,0.0,0.0,0.0,0.0,0.0,0.0,0.0,0.0,0.0,0.0,0.0,0.0,0.0,1,1,0,1,1,1,0,0,0,1,1,1,0,0,0,0,1,0,0,0,0,0,0,0,0,0,0,0,0,0,0,6.333333333333333,0.6666666666666666,1.7500000000000016,1.5000000000000036,2.2222222222222223,0.6285393610547089,-0.2099223256647568,-0.62109375,0.0,0.0,0,0,3.111111111111111,0.3142696805273545,2.474873734152916,4.124999999999997,0.7222222222222222,0.44790320823880836,-0.9922778767136676,-1.015384615384616,12.675888888888888,1.329555685553507,1.749122734196492,1.4964906436721002,0.6666666666666666,0.816496580927726,1.2927862531355665,1.3333333333333348,240.26200000000003,54.98,2.892800000000001,0,2,0,0,0,0,0,0,0,0,0,0,0,0,0,0,0,0,0,0,0,0,0,0,0,0,0,0,0,0,0,0,0,0,0,0,0,0,0,0,0,0,0,0,0,0,0,0,0,0,0,0,0,0,0,0,0,0,0,0,0,0,0,0,0,0,0,1,0,0,0,0,0,0,0,0,0,0,0,0,0,1,0,0,0,1,0,0,0,0,0,0,0,0,0,0,0,1,1,0,1,0,0,1,0,0,0,1,0,0,0,1,0,0,0,0,1,0,0,0,0,0,1,1,0,1,0,1,1,0,0,0,0,0,0,0,0,0,0,1,0,0,0,0,1,0,0,1,0,0,0,0,0,1,0,1,1,1,1,1,0,1,1,1,1,1,1,1,0,0
CHEMBL261_90,38,36,-1,-1,-1,2.076923076923077,2.9210519301611577,3.0720968389095957,7.8835326571009166,0.11038884076041773,0.11887006902183303,1.8132208558666676,4.178046678413641,0.19025462832541531,0.09549882761959477,-0.28760341886770285,-0.9748701613607706,8.09824561403509,4.247718323667144,-0.15765163635193516,-0.777966839584693,0.023589378852536747,0.06630718749850228,3.3465572172406635,10.233870603312088,0.8157894736842105,0.3876557858593746,-1.6292261599251139,0.6543778801843323,2.076923076923077,2.9210519301611577,3.0720968389095957,7.8835326571009166,2.0,0.0,0,0,1.894736842105263,2.510917987763487,3.5502524541102556,11.6942528593623,0.0,0.0,0,0,0.00989344735145407,0.02658915017466769,2.542390324618415,5.034915369013797,0.03846153846153847,0.048984307471731804,3.088752050206643,7.989001831729025,0.03846153846153847,0.024525094429730592,-0.11907466349737603,0.04447084463987272,1.1923076923076923,0.39411349099844606,1.5614401167176535,0.4380952380952392,0.7815133398104953,72.0,304.0,0.0,200.0,2772.0,24.0,0.0,0.0,0.0,768.0,1024.0,25200.0,0.0,0.0,0.0,0.0,124.0,0.0,0.0,0.0,12.0,0.0,0.0,0.0,0.0,0.0,0.0,0.0,0.0,0.0,0.0,1,1,0,1,1,1,0,0,0,1,1,1,0,0,0,0,1,0,0,0,1,0,0,0,0,0,0,0,0,0,0,7.129032258064516,2.5745896695786987,3.089372455762694,8.542807607283946,2.129032258064516,0.7509965630208268,0.24107949880172566,-0.3013371277624213,0.0,0.0,0,0,3.2903225806451615,0.4539112025635576,0.923869770874311,-1.146464646464646,0.3870967741935484,0.4870860925981129,0.4635863249727652,-1.7850877192982466,14.314935483870974,5.336047842409477,3.146146238628508,8.919113163595652,0.7419354838709677,0.8411874071229224,0.840841763508404,-0.22236159169550174,466.94700000000023,117.69999999999999,2.568600000000001,0,6,0,0,0,0,0,0,0,0,0,0,0,0,0,0,0,0,0,0,0,0,0,0,0,0,0,0,0,0,0,0,0,0,1,1,0,0,0,1,1,0,0,0,0,1,0,0,0,0,0,0,0,1,0,0,0,1,0,0,1,1,1,1,1,0,1,1,0,1,0,1,0,0,0,1,0,1,0,1,0,0,1,1,0,0,0,1,1,1,1,1,1,1,0,0,1,0,0,1,1,0,1,0,1,1,1,0,1,1,0,1,1,1,1,0,1,0,0,1,1,0,1,1,1,1,1,1,1,0,1,1,1,1,0,1,1,1,1,1,1,0,1,0,1,0,1,1,1,1,1,0,1,1,0,1,1,1,1,1,1,1,1,1,1,1,1,1,0,0
CHEMBL261_91,36,34,-1,-1,-1,2.0833333333333335,2.7525240941522906,2.898153743646184,6.888586812693809,0.11533163754400039,0.12031787547657702,1.8273229522918277,4.698251491099761,0.18529686582304972,0.0923764399724928,-0.24050716415526033,-0.941425916967638,7.487037037037037,3.908774773915243,-0.12243071447890824,-0.7640303090331098,0.023249299719887952,0.06788716370721529,3.2698599562045616,9.738853936013317,0.8055555555555556,0.39577241246597245,-1.5440972939559128,0.38423645320197064,2.0833333333333335,2.7525240941522906,2.898153743646184,6.888586812693809,2.0,0.0,0,0,1.8888888888888888,2.354402233379677,3.3640982720522192,10.462284413271755,0.0,0.0,0,0,0.03711911594235328,0.16442305862746562,5.571313855216911,29.67180875789348,0.04166666666666666,0.05041845498843517,2.8970656072883556,6.770315945837487,0.04166666666666652,4.412058744517261,-2.88951610740573,7.635940319314928,1.2916666666666667,0.45452967144315476,0.9166984970282107,-1.1596638655462195,-1.952892142614825,68.0,260.0,0.0,168.0,2106.0,16.0,0.0,0.0,0.0,448.0,806.0,17040.0,0.0,0.0,0.0,0.0,58.0,0.0,0.0,0.0,0.0,0.0,0.0,0.0,0.0,0.0,0.0,0.0,0.0,0.0,0.0,1,1,0,1,1,1,0,0,0,1,1,1,0,0,0,0,1,0,0,0,0,0,0,0,0,0,0,0,0,0,0,6.344827586206897,0.7083668477301427,1.7226913401319393,1.2065205184070402,2.1379310344827585,0.7298624306385078,-0.21893254630779935,-1.1057876275510208,0.0,0.0,0,0,3.206896551724138,0.4050806939472666,1.4471361022898726,0.09420289855072506,0.5862068965517241,0.4925123054167483,-0.3500700210070021,-1.8774509803921569,12.698724137931038,1.4126111526983305,1.7221823369061893,1.2046371028639022,0.8275862068965517,1.0527129325843965,1.0573328161001776,-0.19468492696494621,392.45500000000015,70.42,4.509540000000004,0,6,0,0,0,0,0,0,0,0,0,0,0,0,0,0,0,0,0,0,0,0,0,0,0,0,0,0,0,0,0,0,0,0,0,0,0,0,0,0,0,0,0,0,0,0,0,0,0,0,0,0,0,0,1,0,0,0,0,0,0,0,0,0,1,0,0,1,0,0,0,0,0,0,0,0,0,1,0,0,0,0,1,0,0,1,0,0,0,0,0,0,0,0,0,0,1,1,1,1,0,0,0,0,0,0,0,0,0,0,0,1,0,0,0,0,1,0,0,0,0,0,1,1,1,1,1,1,1,0,0,0,0,0,0,1,0,1,1,1,1,0,1,1,1,0,1,1,1,0,1,1,1,0,0,1,1,1,1,1,1,1,1,1,1,1,1,1,0,1
CHEMBL261_92,37,34,-1,-1,-1,2.0,2.6981475126464085,3.0423804370650687,7.652397053495953,0.11133143280942305,0.12096420584465449,1.8420235600992882,4.585172643907573,0.17629949065273365,0.08651517472712604,-0.24089220176437653,-0.970026255663075,7.487902187902189,3.893836513377101,-0.10242708979900159,-0.7545513962242101,0.02634062634062634,0.07095338334699186,3.2129109885342046,9.477820696788196,0.8108108108108109,0.3916588309780929,-1.5871507864874157,0.5190476190476199,2.0,2.6981475126464085,3.0423804370650687,7.652397053495953,2.0,0.0,0,0,1.837837837837838,2.3192905895053983,3.4856509363752903,11.212970169779371,0.0,0.0,0,0,0.0047290458474669,0.013919221868394727,2.739874711685254,5.882658404478194,0.04,0.048690904558853866,3.042329988141908,7.6817135119189555,0.04,0.028983888798965077,2.224791047863737,5.851720082063883,1.16,0.36660605559646714,1.8548520670059365,1.4404761904761942,-0.1211872320673379,68.0,256.0,0.0,122.0,2100.0,8.0,0.0,0.0,0.0,418.0,546.0,17040.0,0.0,0.0,0.0,0.0,36.0,0.0,0.0,0.0,0.0,0.0,0.0,0.0,0.0,0.0,0.0,0.0,0.0,0.0,0.0,1,1,0,1,1,1,0,0,0,1,1,1,0,0,0,0,1,0,0,0,0,0,0,0,0,0,0,0,0,0,0,6.814814814814815,1.944356259023213,3.8891804617493424,15.486274569694618,2.1481481481481484,0.8029438292103258,0.15565260595040484,-0.6471797193300124,0.0,0.0,0,0,3.185185185185185,0.38844772154450063,1.620886401717507,0.627272727272727,0.6296296296296297,0.4829038818668629,-0.5368754921931594,-1.7117647058823526,13.640333333333334,3.8973787202283656,3.8985929838099658,15.547116287984952,0.6666666666666666,0.9026709338484401,1.3092458585983575,0.8305785123966936,386.43300000000016,117.16999999999999,2.0668200000000003,0,5,0,0,0,0,0,0,0,0,0,0,0,0,0,0,0,0,0,0,0,0,0,0,0,0,0,0,0,0,0,0,0,0,1,1,0,0,0,0,0,0,0,0,0,0,0,0,0,0,0,0,0,1,1,0,0,1,0,0,1,1,1,1,1,0,1,1,0,1,0,1,1,0,0,1,0,1,0,1,0,1,1,1,0,1,1,0,0,0,1,0,0,0,0,0,1,1,1,1,0,0,0,0,1,0,0,0,1,0,0,1,0,0,1,0,1,0,0,1,0,0,1,1,1,1,1,1,1,0,0,0,1,0,0,1,0,1,1,1,0,0,1,0,1,0,1,1,1,0,1,1,1,1,0,1,1,1,1,1,1,1,1,1,1,1,1,1,0,1
CHEMBL261_93,42,39,-1,-1,-1,2.0,3.1728010758108782,3.60055382819203,11.802640235077408,0.10220433640142915,0.11560189198394341,2.5360252296205803,9.730338303544007,0.1971223158724244,0.0968730172977985,-0.4385592000255767,-0.7945192823928164,9.293650793650794,4.767949866658099,-0.2784342287860682,-0.562962972652207,0.023954703832752614,0.07476714815479268,3.5407034810817746,11.795392032906907,0.8333333333333334,0.37267799624996495,-1.788854381999832,1.200000000000001,2.0,3.1728010758108782,3.60055382819203,11.802640235077408,2.0,0.0,0,0,1.8571428571428572,2.7565629787440575,4.097697814067593,16.427564881953764,0.0,0.0,0,0,0.0026105430517195222,0.008463285518307984,3.3057692163822066,10.259356989898983,0.033333333333333326,0.04815123704176862,3.6213254361594345,11.965532729802055,0.03333333333333334,0.029440763321230627,-1.0484764338701273,1.124859232288152,1.1333333333333333,0.33993463423951903,2.157277486520024,2.653846153846147,-1.851205340729636,78.0,386.0,0.0,174.0,4416.0,8.0,0.0,0.0,0.0,656.0,1042.0,51720.0,0.0,0.0,0.0,0.0,48.0,0.0,0.0,0.0,0.0,0.0,0.0,0.0,0.0,0.0,0.0,0.0,0.0,0.0,0.0,1,1,0,1,1,1,0,0,0,1,1,1,0,0,0,0,1,0,0,0,0,0,0,0,0,0,0,0,0,0,0,7.125,2.55868618630734,3.062011112937537,8.491692346250021,2.1875,0.7680128579652817,0.08083991312296285,-0.565852374895838,0.0,0.0,0,0,3.40625,0.4911323014219285,0.38177085778546666,-1.854251012145749,0.46875,0.4990224819584785,0.1252448582170299,-1.9843137254901961,14.33665625,5.324071648004556,3.07394971404362,8.62011224252855,0.75,0.9013878188659973,0.7680464255426249,-0.7218934911242605,482.96500000000026,110.68999999999998,3.7429000000000014,0,7,0,0,0,0,0,0,0,0,0,0,0,0,0,0,0,0,0,0,0,0,0,0,0,0,0,0,0,0,0,0,0,0,1,1,0,0,0,1,0,0,0,0,1,0,0,0,0,0,0,0,0,1,0,0,0,1,0,1,1,1,1,1,0,0,1,1,0,1,0,1,0,0,0,1,0,1,0,1,0,0,1,1,0,1,1,1,1,1,1,0,1,0,0,0,1,1,1,0,1,0,1,1,1,1,1,1,1,1,0,1,1,1,1,1,1,0,0,1,1,0,1,1,1,0,1,1,1,1,1,1,1,1,0,1,1,1,1,1,1,0,1,0,1,1,1,1,1,1,1,0,1,1,1,1,0,1,1,1,1,1,1,1,1,1,1,1,0,0
CHEMBL261_94,38,36,-1,-1,-1,2.1666666666666665,3.009245014211298,2.959013535277101,7.107145545560618,0.10937380289224294,0.11980467734847833,1.8002647365125044,4.353736351979144,0.17214061882131193,0.09547738546226879,-0.1483231531943541,-1.1531568047089664,7.342982456140351,4.229806915634787,-0.06813091839184855,-0.960785026561942,0.018847795163584636,0.05721146676671763,3.694753668122115,12.711257221047093,0.8157894736842105,0.3876557858593746,-1.6292261599251139,0.6543778801843323,2.1666666666666665,3.009245014211298,2.959013535277101,7.107145545560618,2.0,0.0,0,0,1.894736842105263,2.50041547794099,3.5941138809008444,11.941258122958759,0.0,0.0,0,0,0.043400167084377606,0.16138877362683374,5.471016597529223,29.488476090986694,0.04166666666666668,0.05306837341162103,2.962039820620227,7.036975827352569,0.04166666666666666,0.22872618742306497,-2.8136425371413023,6.843480154487882,1.3333333333333333,0.4714045207910317,0.7071067811865478,-1.4999999999999996,-0.7136190797170668,72.0,302.0,0.0,184.0,2766.0,32.0,0.0,0.0,0.0,764.0,930.0,25200.0,0.0,0.0,0.0,0.0,142.0,0.0,0.0,0.0,12.0,0.0,0.0,0.0,0.0,0.0,0.0,0.0,0.0,0.0,0.0,1,1,0,1,1,1,0,0,0,1,1,1,0,0,0,0,1,0,0,0,1,0,0,0,0,0,0,0,0,0,0,6.714285714285714,1.7496355305594127,4.281708070384996,19.72826666666667,2.1714285714285713,0.6963461489687964,0.2619320616125877,0.02021902526953223,0.0,0.0,0,0,3.342857142857143,0.47466422073817566,0.6621221919717304,-1.5615942028985508,0.4857142857142857,0.4997958767010257,0.05716619504750277,-1.9967320261437906,13.438885714285716,3.506418276503235,4.293884298649376,19.818523298664985,0.8285714285714286,0.8778452283278408,0.5932973464401524,-0.8423136311404762,499.5930000000002,128.78,1.6474000000000009,0,9,0,0,0,0,0,0,0,0,0,0,0,0,0,0,0,0,0,0,0,0,0,0,0,0,0,0,0,0,0,0,0,0,1,1,0,0,0,0,0,0,0,0,0,0,0,0,0,0,0,0,0,1,1,0,0,1,0,1,1,1,1,1,1,0,1,1,0,1,0,1,0,0,0,1,0,1,0,0,0,1,1,1,1,1,1,1,1,0,1,0,0,1,1,0,1,1,1,1,1,0,1,0,1,0,1,0,1,0,0,1,1,1,1,1,1,0,0,1,1,0,1,1,1,0,1,1,1,1,1,1,1,1,1,1,0,1,1,1,1,0,1,0,1,1,1,1,1,1,1,0,1,1,1,1,1,1,1,1,1,1,1,1,1,1,1,1,0,0
CHEMBL261_95,37,34,-1,-1,-1,2.0,2.727636339397171,2.850157638721463,6.508324661810613,0.1144877843134011,0.11798124541652873,1.6721314319306015,3.191149934390306,0.18728383127451617,0.09306079310964609,-0.2788871621024319,-0.8990383934129245,7.711711711711711,4.0132847428758875,-0.13992263945528022,-0.7531393247308831,0.023423423423423424,0.068126051559834,3.0350427292911384,7.816939499672722,0.8108108108108109,0.3916588309780929,-1.5871507864874157,0.5190476190476199,2.0,2.727636339397171,2.850157638721463,6.508324661810613,2.0,0.0,0,0,1.837837837837838,2.3424809383805894,3.2863132908048844,9.772935826639035,0.0,0.0,0,0,0.0032443962834455193,0.010339751693255853,3.5192622234154203,12.331170355504716,0.040000000000000015,0.049706503598820166,2.867875177712482,6.593934793501125,0.04,0.029239087069388384,-0.29513608429436555,0.9653307419111434,1.16,0.36660605559646714,1.8548520670059365,1.4404761904761942,0.29141173060558084,68.0,260.0,0.0,166.0,2064.0,8.0,0.0,0.0,0.0,444.0,846.0,15984.0,0.0,0.0,0.0,0.0,40.0,0.0,0.0,0.0,0.0,0.0,0.0,0.0,0.0,0.0,0.0,0.0,0.0,0.0,0.0,1,1,0,1,1,1,0,0,0,1,1,1,0,0,0,0,1,0,0,0,0,0,0,0,0,0,0,0,0,0,0,8.923076923076923,3.931363796670966,1.1816315481042574,-0.4647128695688889,2.0,0.8770580193070292,0.6841052550594827,-0.14000000000000012,0.0,0.0,0,0,3.3846153846153846,0.48650425541051995,0.4743416490252568,-1.7750000000000001,0.38461538461538464,0.48650425541051995,0.4743416490252567,-1.7750000000000001,17.866999999999997,7.8870302103175405,1.1827400317822263,-0.4635437859459528,0.6153846153846154,1.002954216185023,1.2830873107540715,0.1167474048442898,240.335,97.97,0.26550000000000035,0,4,0,0,0,0,0,0,0,0,0,0,0,0,0,0,0,0,0,0,0,0,0,0,0,0,0,0,0,0,0,0,0,0,0,1,0,0,1,0,0,0,0,0,0,1,0,0,0,1,0,0,0,0,1,0,0,1,0,0,1,1,1,1,0,0,1,1,0,1,0,1,0,0,0,1,0,0,0,1,0,1,1,1,0,1,1,0,0,0,1,0,0,0,0,0,1,0,1,1,0,0,0,0,1,0,0,0,1,0,0,0,0,0,1,0,1,0,0,1,0,0,1,1,0,0,1,0,0,0,0,0,1,1,0,1,0,1,1,1,0,0,0,0,1,0,0,0,0,0,1,0,0,1,0,1,0,1,1,0,1,1,1,1,1,0,1,1,0,1
CHEMBL261_96,39,37,-1,-1,-1,2.1538461538461537,3.266288268548023,3.432471829152404,10.711552109028858,0.10708245528279083,0.11905617754503434,2.3350571169838465,8.410882492334466,0.18945451356483103,0.10402596638205018,-0.2634836998323768,-1.0284796928938544,8.217094017094018,4.65217298609857,-0.1764491256231653,-0.7760479212426294,0.01995112521428311,0.06405471793995364,4.0893156818336625,16.49838496233528,0.8205128205128205,0.3837597319768145,-1.6703827619526515,0.7901785714285694,2.1538461538461537,3.266288268548023,3.432471829152404,10.711552109028858,2.0,0.0,0,0,1.8974358974358974,2.7623370985256055,4.069869074855164,16.366098750552695,0.0,0.0,0,0,0.040702529082810766,0.15915402245340576,5.6080814505811984,30.84994030870513,0.03846153846153847,0.053458984281368346,3.4274014815647225,10.59794256956464,0.03846153846153846,0.06176897514236857,3.970841973931224,15.227185160937488,1.3076923076923077,0.4615384615384615,0.8333333333333337,-1.3055555555555551,-0.12966418588706993,74.0,364.0,0.0,208.0,4140.0,32.0,0.0,0.0,0.0,866.0,1266.0,48840.0,0.0,0.0,0.0,0.0,160.0,0.0,0.0,0.0,12.0,0.0,0.0,0.0,0.0,0.0,0.0,0.0,0.0,0.0,0.0,1,1,0,1,1,1,0,0,0,1,1,1,0,0,0,0,1,0,0,0,1,0,0,0,0,0,0,0,0,0,0,6.868421052631579,2.3527257722813313,3.613251956032166,12.039159780884843,2.210526315789474,0.7311812626026212,0.05482534474614335,-0.43705871298558296,0.0,0.0,0,0,3.3421052631578947,0.4744146415084196,0.6656402354702755,-1.5569230769230757,0.5526315789473685,0.4972222007287153,-0.21170244960998574,-1.9551820728291311,13.785684210526318,4.876651877246925,3.667666998820379,12.468224343717987,0.8157894736842105,0.9961838542498788,0.8538847653415564,-0.5706434268700713,555.1040000000004,101.72,5.110820000000004,0,8,0,0,0,0,0,0,0,0,0,0,0,0,0,0,0,0,0,0,0,0,0,0,0,0,0,0,0,0,0,0,0,0,1,1,0,0,0,0,1,0,0,0,0,0,0,0,0,0,0,0,0,1,1,0,0,1,0,0,1,1,1,1,1,0,1,1,0,1,0,0,0,0,0,1,0,1,0,1,0,1,1,1,1,1,0,0,1,1,1,1,0,0,0,1,1,0,1,1,1,0,1,1,1,1,0,1,1,1,0,0,0,1,1,1,1,0,0,1,1,0,1,1,1,0,1,1,1,1,1,1,1,0,0,1,1,1,1,1,1,0,0,1,1,1,1,1,1,1,1,1,1,1,1,1,0,1,1,1,1,1,1,1,1,1,1,1,0,0
CHEMBL261_97,38,34,-1,-1,-1,2.0,2.7386127875258306,2.9211869733608857,6.7333333333333325,0.10921721453630802,0.11994744483570403,1.6691000175885748,3.263342007905761,0.16025125617814218,0.08632777906912606,-0.14890607790027638,-1.1128999179149388,6.956140350877193,3.9545247994744397,-0.032438024361867455,-0.9200877137218688,0.0214556661925083,0.06076582512314813,3.2993749878503764,10.071943327838918,0.8157894736842105,0.3876557858593746,-1.6292261599251139,0.6543778801843323,2.0,2.7386127875258306,2.9211869733608857,6.7333333333333325,2.0,0.0,0,0,1.7894736842105263,2.2844773067590216,3.491036105008132,11.02065668654577,0.0,0.0,0,0,0.00506256567007355,0.014978393425678282,2.693667071469189,5.434430008517724,0.041666666666666664,0.05176378852755603,2.9198979690303037,6.729042044735872,0.041666666666666664,0.021274594526990636,1.2224149791373935,1.5879295251903907,1.1666666666666667,0.37267799624996495,1.7888543819998308,1.1999999999999975,-2.3785713343434085,68.0,252.0,0.0,102.0,2040.0,8.0,0.0,0.0,0.0,420.0,450.0,15960.0,0.0,0.0,0.0,0.0,36.0,0.0,0.0,0.0,0.0,0.0,0.0,0.0,0.0,0.0,0.0,0.0,0.0,0.0,0.0,1,1,0,1,1,1,0,0,0,1,1,1,0,0,0,0,1,0,0,0,0,0,0,0,0,0,0,0,0,0,0,6.407407407407407,0.6241592424575081,1.2670147843816066,0.47148383257290183,2.2222222222222223,0.6849348892187751,-0.31590487272832757,-0.8767313019390577,0.0,0.0,0,0,3.111111111111111,0.3142696805273545,2.4748737341529154,4.124999999999998,0.7037037037037037,0.4566232594791835,-0.8922178162191938,-1.2039473684210527,12.823888888888892,1.2450660352361902,1.265389652165372,0.46531289942043896,0.6296296296296297,0.823189287810847,1.175259934549007,0.6018538248455125,363.3810000000001,120.19999999999999,0.9712999999999992,0,4,0,0,0,0,0,0,0,0,0,0,0,0,0,0,0,0,0,0,0,0,0,0,0,0,0,0,0,0,0,0,0,0,0,0,0,0,0,0,0,0,0,0,0,0,0,0,0,0,0,0,0,0,1,1,0,0,0,0,0,0,0,0,0,0,0,1,0,0,0,0,0,0,0,0,0,1,0,1,0,1,1,0,1,1,1,1,0,0,0,0,0,0,1,0,1,1,1,1,1,0,1,1,0,0,0,1,0,0,0,0,1,0,0,1,1,0,0,1,0,0,1,1,1,0,1,1,0,1,0,0,0,1,0,1,0,1,1,1,1,0,0,0,1,1,1,1,0,0,1,0,1,1,0,1,1,1,1,0,1,1,1,1,1,1,1,1,0,0
CHEMBL261_98,35,32,-1,-1,-1,2.0,2.5194892512087685,2.8707710139500175,6.68727716269469,0.11493826713808049,0.12393798174378912,1.8886662210756255,5.33377444031985,0.17677332259445633,0.08520142004116282,-0.30538386270585116,-0.9792648149613079,7.004761904761906,3.597901882928949,-0.12358559306435533,-0.7728818150472159,0.02429335370511841,0.06800382133026556,3.0522116758046267,7.848432392687258,0.8,0.4,-1.5,0.24999999999999956,2.0,2.5194892512087685,2.8707710139500175,6.68727716269469,2.0,0.0,0,0,1.8285714285714285,2.1578522958284805,3.292848114530796,9.958170271003935,0.0,0.0,0,0,0.0,0.0,0,0,0.043478260869565195,0.050149554657848885,2.89537479703131,6.813200436206166,0.04347826086956521,0.020263984761454273,-0.13173313384393995,-0.9027678098955656,1.2608695652173914,0.4391089103635686,1.0891622972743418,-0.8137254901960795,0.8806408002634948,64.0,216.0,0.0,92.0,1554.0,0.0,0.0,0.0,0.0,206.0,348.0,11064.0,0.0,0.0,0.0,0.0,0.0,0.0,0.0,0.0,0.0,0.0,0.0,0.0,0.0,0.0,0.0,0.0,0.0,0.0,12.0,1,1,0,1,1,0,0,0,0,1,1,1,0,0,0,0,0,0,0,0,0,0,0,0,0,0,0,0,0,0,1,6.352941176470588,0.6809315825170721,1.6594009906316591,1.1783247939407477,2.1176470588235294,0.7578881603955956,-0.199180797560782,-1.2385687327623742,0.0,0.0,0,0,3.3529411764705883,0.47788461203740945,0.615457454896663,-1.6212121212121218,0.35294117647058826,0.4778846120374094,0.6154574548966635,-1.6212121212121213,12.715,1.3580012994882464,1.6585311367787758,1.1750181808128373,1.0588235294117647,0.9982683969692436,0.5917108828679095,-0.7317708333333335,234.29899999999998,52.57000000000001,1.5207,1,1,0,0,0,0,0,0,0,0,0,0,0,0,0,0,0,0,0,0,0,0,0,0,0,0,0,0,0,0,0,0,0,0,0,0,0,0,0,1,0,0,0,0,0,0,0,0,0,0,0,0,0,0,0,0,0,0,0,0,0,0,0,0,0,0,0,0,0,0,0,0,0,0,0,0,1,0,0,1,0,0,0,0,0,0,0,1,1,0,0,0,1,1,0,1,0,0,0,0,0,0,0,1,0,0,1,1,1,0,0,0,1,1,0,1,0,0,0,1,1,0,0,0,1,0,0,0,0,1,1,1,0,1,0,1,0,0,0,0,0,1,0,0,1,1,1,1,0,1,1,1,0,1,1,0,1,0,1,1,1,1,1,1,1,1,1,1,0,1
CHEMBL261_99,35,33,-1,-1,-1,2.0869565217391304,2.6851126359381756,2.885327518660378,7.006553698198532,0.11490780809331097,0.12396622205512027,1.9100325083486525,5.360385581430654,0.18358733813653738,0.09192198227409036,-0.1910765575302176,-0.952432348292108,7.194285714285716,3.771917837431723,-0.077267415455595,-0.765133035281865,0.02296918767507003,0.06610492213067096,3.287472931178366,10.051065940721324,0.8,0.4,-1.5,0.24999999999999956,2.0869565217391304,2.6851126359381756,2.885327518660378,7.006553698198532,2.0,0.0,0,0,1.8857142857142857,2.289995989658729,3.3522237310535727,10.649380378530697,0.0,0.0,0,0,0.03844613926648381,0.16664131387741418,5.481127052364722,28.67630538261069,0.043478260869565195,0.05113832223568061,2.87131725261597,6.791495334868831,0.043478260869565195,0.025120495493917178,1.813940211156798,4.34015214819462,1.3043478260869565,0.4601306627938419,0.8504200642707608,-1.276785714285715,0.7381804478444818,66.0,242.0,0.0,162.0,1890.0,16.0,0.0,0.0,0.0,404.0,756.0,15024.0,0.0,0.0,0.0,0.0,56.0,0.0,0.0,0.0,0.0,0.0,0.0,0.0,0.0,0.0,0.0,0.0,0.0,0.0,0.0,1,1,0,1,1,1,0,0,0,1,1,1,0,0,0,0,1,0,0,0,0,0,0,0,0,0,0,0,0,0,0,6.352941176470588,0.6809315825170721,1.6594009906316591,1.1783247939407469,2.1176470588235294,0.7578881603955956,-0.19918079756078202,-1.2385687327623742,0.0,0.0,0,0,3.3529411764705883,0.47788461203740945,0.615457454896663,-1.6212121212121218,0.35294117647058826,0.4778846120374094,0.6154574548966635,-1.6212121212121213,12.715,1.3580012994882464,1.6585311367787756,1.1750181808128346,1.0588235294117647,0.9982683969692436,0.5917108828679095,-0.7317708333333335,234.29899999999998,52.57000000000001,1.5206999999999997,1,1,0,0,0,0,0,0,0,0,0,0,0,0,0,0,0,0,0,0,0,0,0,0,0,0,0,0,0,0,0,0,0,0,0,0,0,0,0,1,0,0,0,0,0,0,0,0,0,0,0,0,0,0,0,0,0,0,0,0,0,0,0,0,0,0,0,0,0,0,0,0,0,0,0,0,1,0,0,1,0,0,0,0,0,0,0,1,1,0,0,0,1,1,0,1,0,0,0,0,0,0,0,1,0,0,1,1,1,0,0,0,1,1,0,1,0,0,0,1,1,0,0,0,1,0,0,0,0,1,1,1,0,1,0,1,0,0,0,0,0,1,0,0,1,1,1,1,0,1,1,1,0,1,1,0,1,0,1,1,1,1,1,1,1,1,1,1,0,1
CHEMBL261_100,36,33,-1,-1,-1,2.0,2.6299556396765835,3.037295263357076,7.815502975758454,0.11075800637882716,0.12454092420070381,1.95139959827431,5.4286570356466815,0.17502606860943543,0.08642918395695173,-0.18296321799535437,-0.9752641177309251,7.203306878306879,3.761580392459372,-0.05665429207044967,-0.747862915472937,0.026050420168067228,0.06918597396382319,3.2679834467209785,10.177220962073593,0.8055555555555556,0.3957724124659724,-1.5440972939559132,0.3842364532019724,2.0,2.6299556396765835,3.037295263357076,7.815502975758454,2.0,0.0,0,0,1.8333333333333333,2.2546248764114476,3.479591272132616,11.441906297590247,0.0,0.0,0,0,0.005162204777241009,0.014981859661100425,2.689184821463305,5.567734265883988,0.04166666666666666,0.04934444994831698,3.027951786572796,7.771016882341224,0.041666666666666664,0.02125465905212877,-0.09559830023516848,-0.7376819328319235,1.1666666666666667,0.3726779962499649,1.7888543819998315,1.1999999999999993,-0.8037484353115647,66.0,238.0,0.0,116.0,1884.0,8.0,0.0,0.0,0.0,378.0,498.0,15024.0,0.0,0.0,0.0,0.0,34.0,0.0,0.0,0.0,0.0,0.0,0.0,0.0,0.0,0.0,0.0,0.0,0.0,0.0,0.0,1,1,0,1,1,1,0,0,0,1,1,1,0,0,0,0,1,0,0,0,0,0,0,0,0,0,0,0,0,0,0,6.352941176470588,0.6809315825170721,1.6594009906316587,1.1783247939407469,2.1176470588235294,0.7578881603955956,-0.199180797560782,-1.2385687327623742,0.0,0.0,0,0,3.3529411764705883,0.47788461203740945,0.615457454896663,-1.6212121212121218,0.35294117647058826,0.4778846120374094,0.6154574548966635,-1.6212121212121213,12.715,1.3580012994882464,1.6585311367787756,1.1750181808128355,1.0588235294117647,0.9982683969692436,0.5917108828679095,-0.7317708333333339,234.29899999999998,52.57000000000001,1.5206999999999997,1,1,0,0,0,0,0,0,0,0,0,0,0,0,0,0,0,0,0,0,0,0,0,0,0,0,0,0,0,0,0,0,0,0,0,0,0,0,0,1,0,0,0,0,0,0,0,0,0,0,0,0,0,0,0,0,0,0,0,0,0,0,0,0,0,0,0,0,0,0,0,0,0,0,0,0,1,0,0,1,0,0,0,0,0,0,0,1,1,0,0,0,1,1,0,1,0,0,0,0,0,0,0,1,0,0,1,1,1,0,0,0,1,1,0,1,0,0,0,1,1,0,0,0,1,0,0,0,0,1,1,1,0,1,0,1,0,0,0,0,0,1,0,0,1,1,1,1,0,1,1,1,0,1,1,0,1,0,1,1,1,1,1,1,1,1,1,1,0,1
CHEMBL261_101,38,34,-1,-1,-1,1.9230769230769231,2.644632836564782,3.0774093155486146,7.68597060819226,0.11401713129448432,0.1153944680002492,1.721837632365077,3.8021770848385783,0.1742980700218104,0.08341472697210268,-0.34187806151931804,-0.9029035132577476,7.623308270676692,3.8938309833970735,-0.15610639705107776,-0.6778767964674755,0.027224593014066698,0.07946630561940418,3.090351565858498,8.044616277121563,0.8157894736842105,0.3876557858593746,-1.6292261599251139,0.6543778801843323,1.9230769230769231,2.644632836564782,3.0774093155486146,7.68597060819226,2.0,0.0,0,0,1.7894736842105263,2.2844773067590216,3.491036105008133,11.020656686545774,0.0,0.0,0,0,0.0,0.0,0,0,0.03846153846153847,0.04790324585217557,3.069374129407037,7.6528042052087795,0.038461538461538464,0.016876990981874496,-0.3442557607751967,1.9349235824114075,1.0,0.0,0,0,1.2028568717567665,68.0,252.0,0.0,82.0,2040.0,0.0,0.0,0.0,0.0,224.0,360.0,15960.0,0.0,0.0,0.0,0.0,0.0,0.0,0.0,0.0,0.0,0.0,0.0,0.0,0.0,0.0,0.0,0.0,0.0,0.0,0.0,1,1,0,1,1,0,0,0,0,1,1,1,0,0,0,0,0,0,0,0,0,0,0,0,0,0,0,0,0,0,0,6.394736842105263,0.6704073264661577,1.4356232664168134,0.6680278536850595,2.1578947368421053,0.6698906348083081,-0.19496359810493327,-0.8004115226337438,0.0,0.0,0,0,3.3421052631578947,0.47441464150841967,0.6656402354702751,-1.5569230769230773,0.39473684210526316,0.48879409528965023,0.4307055216465325,-1.8144927536231878,12.79847368421053,1.3371250135791561,1.4343995156225589,0.6636085069570878,0.9210526315789473,0.9285409875988079,0.5515228849900286,-0.8380161610296613,521.6220000000004,141.48000000000002,3.7874000000000017,0,11,0,0,0,0,0,0,0,0,0,0,0,0,0,0,0,0,0,0,0,0,0,0,0,0,1,1,0,0,0,0,0,0,0,0,0,0,0,0,1,0,0,0,0,0,0,0,0,0,0,0,0,0,0,0,0,0,0,0,0,0,0,0,1,0,0,1,0,0,1,1,0,1,1,0,1,1,0,1,0,1,1,0,1,1,0,1,1,0,0,0,1,1,1,1,1,1,1,0,1,0,1,1,1,0,1,1,1,0,0,0,1,1,0,0,0,0,0,1,1,0,1,1,1,0,1,1,0,0,1,1,0,1,1,1,0,1,1,1,0,1,1,0,1,0,1,1,1,1,1,1,1,1,0,1,1,1,1,0,1,1,1,1,1,1,1,1,0,0
CHEMBL261_102,37,35,-1,-1,-1,2.08,2.8554509276119595,3.053088183300436,7.938137370030731,0.11076162148809997,0.12148617300892271,1.8571202354439313,4.622050828608962,0.18803609646205396,0.09468580165496589,-0.24944398905660264,-1.0032253223394152,7.79009009009009,4.105093626895429,-0.11794850541810943,-0.7914398683489128,0.02350922350922351,0.06487404998761458,3.3123619037147374,10.10484012266976,0.8108108108108109,0.3916588309780929,-1.5871507864874157,0.5190476190476199,2.08,2.8554509276119595,3.053088183300436,7.938137370030731,2.0,0.0,0,0,1.8918918918918919,2.4471029069005836,3.5335878116499484,11.816643614574415,0.0,0.0,0,0,0.01070920544604755,0.02834693451622833,2.4926332264383135,4.766150524491987,0.04,0.049713987787774465,3.0776803962088097,8.105413049503444,0.04,0.18143042969925735,3.2584479727668514,9.391236166909533,1.2,0.4,1.5000000000000004,0.2500000000000009,-1.319809267340483,70.0,284.0,0.0,190.0,2502.0,24.0,0.0,0.0,0.0,694.0,932.0,22320.0,0.0,0.0,0.0,0.0,118.0,0.0,0.0,0.0,12.0,0.0,0.0,0.0,0.0,0.0,0.0,0.0,0.0,0.0,0.0,1,1,0,1,1,1,0,0,0,1,1,1,0,0,0,0,1,0,0,0,1,0,0,0,0,0,0,0,0,0,0,7.724137931034483,5.489152636849352,4.32737435953747,18.207915789617978,2.1379310344827585,0.7756704744277237,-0.24353840123379383,-1.3028870940024078,0.0,0.0,0,0,3.1379310344827585,0.3448275862068965,2.100000000000002,2.4100000000000072,0.5862068965517241,0.49251230541674823,-0.35007002100700213,-1.8774509803921566,15.80027586206897,12.691120264936131,4.497736123181553,19.54439677556664,0.6206896551724138,0.8474624639616901,1.4890711997249761,1.6996074733564344,476.3520000000001,93.97000000000001,3.8656000000000024,0,5,0,0,0,0,0,0,0,0,0,0,0,0,0,0,0,0,0,0,0,0,0,0,0,0,0,0,0,0,0,0,0,0,0,0,0,0,1,0,0,0,0,0,0,0,0,0,1,1,0,0,0,0,0,1,0,0,0,0,0,0,0,0,0,0,0,1,0,0,0,0,0,0,0,0,1,0,0,0,0,1,0,1,0,1,0,1,1,1,1,1,0,0,1,1,0,0,1,1,0,0,1,0,0,0,0,0,0,1,0,0,1,1,0,1,0,0,0,1,0,0,1,1,1,0,0,1,0,1,0,0,0,1,0,1,1,1,1,1,0,1,1,0,1,1,1,1,1,0,1,1,1,0,1,1,1,1,1,1,1,1,1,1,1,1,1,1,0,0
CHEMBL261_103,36,32,-1,-1,-1,2.0,2.6457513110645907,2.945177711760212,7.495361781076067,0.10718118327081896,0.12763217357094914,2.0264466694051495,5.87268133137847,0.1627340282501441,0.0892649541517784,-0.07435140720012397,-1.086287035924786,6.523148148148149,3.7525511441102624,0.04564022673472439,-0.8743462804738211,0.019140989729225025,0.05531879971230132,3.247598188512924,9.880690367176035,0.8055555555555556,0.3957724124659724,-1.544097293955913,0.3842364532019724,2.0,2.6457513110645907,2.945177711760212,7.495361781076067,2.0,0.0,0,0,1.7777777777777777,2.187224409447725,3.5339792759165287,12.218037877211241,0.0,0.0,0,0,0.004641682123299771,0.01383594617569376,2.928472666266565,7.322425684853561,0.045454545454545456,0.05481027638462514,2.9676404245383465,7.61524273392885,0.04545454545454548,0.2439437306684759,-2.890956488903484,8.05660629840249,1.1818181818181819,0.38569460791993493,1.6499158227686117,0.7222222222222232,0.5902943435727687,64.0,222.0,0.0,112.0,1722.0,8.0,0.0,0.0,0.0,344.0,494.0,13680.0,0.0,0.0,0.0,0.0,34.0,0.0,0.0,0.0,0.0,0.0,0.0,0.0,0.0,0.0,0.0,0.0,0.0,0.0,0.0,1,1,0,1,1,1,0,0,0,1,1,1,0,0,0,0,1,0,0,0,0,0,0,0,0,0,0,0,0,0,0,6.235294117647059,0.7299808027053445,3.2337570894005516,9.183589138134595,2.1176470588235294,0.7578881603955956,0.611569209411978,0.39751778197125986,0.0,0.0,0,0,3.6470588235294117,0.47788461203740945,-0.615457454896663,-1.6212121212121218,0.35294117647058826,0.4778846120374094,0.6154574548966635,-1.6212121212121213,12.539411764705882,1.6813066018050835,3.3461720708498324,9.851715799077523,1.2941176470588236,1.0154515589195334,0.06181625971261417,-1.2030764379982886,235.34599999999992,3.24,3.5892000000000026,0,3,0,0,0,0,0,0,0,0,0,0,0,0,0,0,0,0,0,0,0,0,0,0,0,0,0,0,0,0,0,0,0,0,0,0,0,0,0,0,0,0,0,0,1,0,0,0,0,0,0,0,0,0,0,0,0,0,0,0,0,0,0,0,1,0,0,0,1,0,0,0,0,0,0,0,1,0,0,0,0,0,0,0,0,0,0,1,1,1,0,0,0,0,0,1,0,0,0,0,0,0,1,0,0,0,0,0,0,1,1,0,0,0,1,0,0,1,0,0,1,0,0,0,1,0,0,0,0,0,1,1,0,0,0,0,1,0,0,0,0,0,0,0,0,0,0,1,0,1,1,1,0,0,0,1,0,1,0,0,1,0,1,1,1,1,0,1,0,0
CHEMBL261_104,37,35,-1,-1,-1,2.08,2.8272955275315663,2.9451429291564453,7.040957185283856,0.11487431603927262,0.11760492566868257,1.7037966747233808,3.7109889733177086,0.1869430748212277,0.09275931885916179,-0.2917094878241371,-0.9352667931310563,7.783783783783784,4.051352954021083,-0.16335499966953076,-0.7669284938718168,0.02350922350922351,0.0686293688631247,3.263303241759813,9.532921754386331,0.8108108108108109,0.3916588309780929,-1.5871507864874157,0.5190476190476199,2.08,2.8272955275315663,2.9451429291564453,7.040957185283856,2.0,0.0,0,0,1.8918918918918919,2.4249133033684274,3.4129434570371977,10.626835353574327,0.0,0.0,0,0,0.02058887058887059,0.08224431525405279,5.360005287731887,28.222584951837618,0.04,0.0497299047543602,2.9686740626188546,7.116505452983974,0.039999999999999994,0.01712578294615836,0.667390769728931,2.217544812610652,1.24,0.4270831300812524,1.2175615550562024,-0.5175438596491229,-0.296140946233535,70.0,280.0,0.0,174.0,2376.0,16.0,0.0,0.0,0.0,512.0,844.0,19920.0,0.0,0.0,0.0,0.0,62.0,0.0,0.0,0.0,0.0,0.0,0.0,0.0,0.0,0.0,0.0,0.0,0.0,0.0,12.0,1,1,0,1,1,1,0,0,0,1,1,1,0,0,0,0,1,0,0,0,0,0,0,0,0,0,0,0,0,0,1,6.53125,1.9362395093324587,4.937839231780391,23.720407919135948,2.125,0.649519052838329,-0.12830005981991682,-0.6666666666666665,0.0,0.0,0,0,3.1875,0.5266343608235224,0.17049539314897613,0.04324538781987686,0.5625,0.49607837082461076,-0.25197631533948484,-1.9365079365079365,13.117687499999999,4.116185054433748,4.988956744241138,24.103866362276698,0.84375,0.8332682266233364,0.9472259036488296,0.5448200964945076,446.9820000000002,68.16,5.735680000000005,1,8,0,0,0,0,0,0,0,0,0,0,0,0,0,0,0,0,0,0,0,0,0,0,0,0,0,0,0,0,0,0,0,0,0,0,0,0,0,1,0,0,0,1,0,1,0,0,0,0,0,0,0,0,0,0,0,0,0,0,0,0,0,0,1,0,0,0,0,0,0,0,0,0,0,0,1,0,0,1,0,0,0,0,1,0,0,1,1,1,0,0,1,1,0,1,0,0,0,0,0,0,1,0,0,1,0,0,1,1,0,0,1,1,0,0,0,1,1,1,1,0,0,0,1,0,0,1,0,0,0,1,0,1,0,1,1,1,0,0,1,0,0,0,1,0,0,1,0,1,1,1,0,1,0,1,1,1,1,0,1,0,1,1,1,1,1,1,0,0
CHEMBL261_105,36,32,-1,-1,-1,2.0,2.73030134866931,2.73354977383132,5.732599643069602,0.11240606785560092,0.12305549027580935,1.638988561628797,3.1761040622825583,0.16423145257554994,0.0897416012104595,-0.1099646719059522,-1.1117149059287046,6.592592592592592,3.7809309643890616,0.010970145642314456,-0.9263640448196027,0.018674136321195148,0.05645599409279832,3.1985918536995226,9.049210368720024,0.8055555555555556,0.3957724124659724,-1.544097293955913,0.3842364532019724,2.0,2.73030134866931,2.73354977383132,5.732599643069602,2.0,0.0,0,0,1.7777777777777777,2.2498285257018424,3.321903270292973,9.928233194527072,0.0,0.0,0,0,0.0043201911018002975,0.012707526951802729,2.8543725562288467,6.964753988524382,0.04545454545454546,0.056845145249617854,2.7506466486967223,5.8014514887029485,0.0454545454545455,0.023973735212616167,0.008499514038122762,1.1215791878632162,1.1818181818181819,0.38569460791993493,1.6499158227686117,0.7222222222222232,-0.06168157853155244,64.0,232.0,0.0,114.0,1776.0,8.0,0.0,0.0,0.0,360.0,524.0,13080.0,0.0,0.0,0.0,0.0,36.0,0.0,0.0,0.0,0.0,0.0,0.0,0.0,0.0,0.0,0.0,0.0,0.0,0.0,0.0,1,1,0,1,1,1,0,0,0,1,1,1,0,0,0,0,1,0,0,0,0,0,0,0,0,0,0,0,0,0,0,7.433333333333334,2.940332558666716,2.4040439457368805,4.239602592238717,2.066666666666667,0.8537498983243799,0.515182958425218,-0.3114217727543136,0.0,0.0,0,0,3.3666666666666667,0.4818944098266986,0.5533715710928597,-1.69377990430622,0.4,0.4898979485566357,0.40824829046386263,-1.8333333333333341,14.881000000000006,5.896776136161181,2.4067905625735606,4.248992913534227,0.8333333333333334,0.8975274678557507,0.8862149932311717,-0.0328180737217596,471.6300000000002,133.95999999999998,1.0718,0,9,0,0,0,0,0,0,0,0,0,0,0,0,0,0,0,0,0,0,0,0,0,0,0,0,0,0,0,0,0,0,0,0,1,1,0,0,0,0,0,0,0,0,0,1,0,0,0,1,0,0,0,1,0,0,0,1,0,0,1,1,1,1,0,0,1,0,0,1,0,1,0,0,0,1,1,0,0,1,1,1,0,1,1,0,1,1,1,0,1,0,1,1,0,1,1,0,0,0,0,0,1,0,1,0,0,0,1,0,0,0,0,1,1,0,0,1,1,1,1,1,0,0,1,0,1,1,0,0,0,0,1,1,0,1,0,1,1,0,1,0,1,0,1,0,0,1,1,1,1,1,0,1,0,1,0,1,1,0,1,1,1,1,1,1,1,1,0,1
CHEMBL261_106,38,35,-1,-1,-1,2.0,2.7735009811261455,3.082746340521711,7.777000000000001,0.11127535601463812,0.11804060579944405,1.7693519190480977,3.9628375113348566,0.17891278502112842,0.08775740977987255,-0.27952233361578077,-0.9460552073273738,7.796992481203006,4.042022877847715,-0.14173646300349507,-0.7402432973645432,0.026276276276276277,0.07234444541769722,3.2720170742902375,9.832579549760775,0.8157894736842105,0.3876557858593746,-1.6292261599251139,0.6543778801843323,2.0,2.7735009811261455,3.082746340521711,7.777000000000001,2.0,0.0,0,0,1.8421052631578947,2.3899605346826793,3.5295880271684816,11.352408978316237,0.0,0.0,0,0,0.004361388384754991,0.013021033807359405,2.790120758308128,6.186554560040721,0.03846153846153847,0.048154334973287374,3.078944919356285,7.773335652170466,0.03846153846153846,0.05737822973386489,3.190444886875158,8.649695107812763,1.1538461538461537,0.36080121229411,1.9188064472004944,1.6818181818181834,1.5806949009348419,70.0,276.0,0.0,128.0,2370.0,8.0,0.0,0.0,0.0,464.0,600.0,19920.0,0.0,0.0,0.0,0.0,38.0,0.0,0.0,0.0,0.0,0.0,0.0,0.0,0.0,0.0,0.0,0.0,0.0,0.0,0.0,1,1,0,1,1,1,0,0,0,1,1,1,0,0,0,0,1,0,0,0,0,0,0,0,0,0,0,0,0,0,0,7.964285714285714,3.3539118190250496,1.8655978038950853,1.7638667382083,2.0714285714285716,0.8835226340609272,0.4819008497453931,-0.49903883121876147,0.0,0.0,0,0,3.3214285714285716,0.46702488680792936,0.7647191129018713,-1.4152046783625745,0.39285714285714285,0.48838551182776224,0.4387634544762786,-1.8074866310160427,15.944857142857144,6.727265246285264,1.8675082673282788,1.768373396030956,0.6785714285714286,0.9278843611976128,1.2149160331213988,0.40621563786008297,465.6080000000002,159.73999999999998,0.2456000000000002,0,8,0,0,0,0,0,0,0,0,0,0,0,0,0,0,0,0,0,0,0,0,0,0,0,0,0,0,0,0,0,0,0,0,1,1,0,0,1,0,0,0,0,0,0,1,0,0,0,1,0,0,0,1,1,0,0,1,0,0,1,1,1,1,0,0,1,1,0,1,0,1,0,0,0,1,1,0,0,1,1,1,1,1,0,1,1,1,1,0,1,0,1,1,0,1,1,1,1,1,0,0,1,0,1,0,0,0,1,0,0,0,0,1,1,0,0,1,1,1,1,1,1,1,1,0,1,1,0,0,0,0,1,1,0,1,0,1,1,1,1,0,1,0,1,0,0,0,1,1,1,1,0,1,0,1,0,1,1,0,1,1,1,1,1,1,1,1,0,1
CHEMBL261_107,36,32,-1,-1,-1,2.0,2.8284271247461903,3.567675123259399,11.920454545454545,0.10194417315139997,0.1318528093680796,2.4195500107298655,8.466130784701921,0.16607863244461107,0.09261238190843342,-0.03260266992393566,-0.9850639853541576,6.638888888888889,3.8565320569357184,0.08397724639847122,-0.6708026532401665,0.018580765639589172,0.06063949553946311,3.7521889815399514,13.81022708947106,0.8055555555555556,0.3957724124659724,-1.5440972939559132,0.3842364532019724,2.0,2.8284271247461903,3.567675123259399,11.920454545454545,2.0,0.0,0,0,1.7777777777777777,2.322727217818541,4.260184012942196,18.711979431216584,0.0,0.0,0,0,0.03278227620332883,0.16447208860739887,5.643320294660614,30.223682029492018,0.04545454545454546,0.05843613994509399,3.4949175005985755,11.343101469126605,0.04545454545454544,0.028554597863883025,0.46338795013118217,0.9297421856909804,1.1818181818181819,0.385694607919935,1.649915822768611,0.7222222222222223,2.7636406845906976,64.0,244.0,0.0,92.0,2364.0,8.0,0.0,0.0,0.0,182.0,488.0,24504.0,0.0,0.0,0.0,0.0,24.0,0.0,0.0,0.0,0.0,0.0,0.0,0.0,0.0,0.0,0.0,0.0,0.0,0.0,0.0,1,1,0,1,1,1,0,0,0,1,1,1,0,0,0,0,1,0,0,0,0,0,0,0,0,0,0,0,0,0,0,8.444444444444445,4.058218303944372,1.3026710267966524,-0.25330026141352135,1.7777777777777777,0.7856742013183862,0.41295036021294423,-1.2695999999999996,0.0,0.0,0,0,3.6666666666666665,0.4714045207910317,-0.7071067811865466,-1.5000000000000009,0.0,0.0,0,0,16.911444444444445,8.13992289222435,1.3029923851254879,-0.25291322694955376,1.3333333333333333,1.1547005383792515,0.19245008972987548,-1.4166666666666665,164.299,15.27,0.3523000000000001,0,3,0,0,0,0,0,0,0,0,0,0,0,0,0,0,0,0,0,0,0,0,0,0,0,0,0,0,0,0,0,0,0,0,0,0,0,0,0,0,0,0,0,0,0,1,0,0,0,1,0,0,0,0,0,0,0,0,0,0,0,0,0,0,0,0,0,0,0,0,0,0,0,0,0,1,1,0,0,0,0,1,0,1,1,0,0,1,1,0,1,0,1,1,0,1,0,0,0,0,0,0,1,0,0,0,1,0,1,0,0,0,0,1,0,0,0,1,1,0,1,0,0,0,1,0,0,0,0,0,0,0,0,1,0,0,0,0,0,0,1,0,0,0,1,0,0,0,0,1,1,1,0,1,0,1,0,1,1,0,1,0,1,1,0,0,0,0,0,1
CHEMBL261_108,40,37,-1,-1,-1,2.08,3.123075407350902,3.1245826033036765,8.161336916423824,0.10422900959194245,0.11889623021560765,1.9784144726207276,5.480022921518742,0.1682489332679887,0.09483408849106684,-0.10766063845456952,-1.1913903766325677,7.525833333333333,4.396843801713527,-0.015336812639756841,-0.9690396716430318,0.017577597840755736,0.055447966096180044,3.85611806470082,14.182768325817662,0.825,0.3799671038392666,-1.7106744068953987,0.9264069264069255,2.08,3.123075407350902,3.1245826033036765,8.161336916423824,2.0,0.0,0,0,1.85,2.5646637206464318,3.8124940239180036,13.709220863253552,0.0,0.0,0,0,0.01145124716553288,0.030846295989556304,2.406460979307293,3.992856990270634,0.04,0.054774644706968974,3.1361233118160916,8.220926337042249,0.039999999999999994,0.030952861941039758,-1.3238218497864267,2.1151170506805768,1.2,0.4,1.5,0.24999999999999956,-1.555271539683954,74.0,326.0,0.0,164.0,3234.0,24.0,0.0,0.0,0.0,774.0,894.0,32064.0,0.0,0.0,0.0,0.0,126.0,0.0,0.0,0.0,12.0,0.0,0.0,0.0,0.0,0.0,0.0,0.0,0.0,0.0,0.0,1,1,0,1,1,1,0,0,0,1,1,1,0,0,0,0,1,0,0,0,1,0,0,0,0,0,0,0,0,0,0,6.833333333333333,2.034425935955617,3.7893599974612266,14.206116841583714,2.1666666666666665,0.7993052538854533,0.18131688178876118,-0.5557655954631375,0.0,0.0,0,0,3.1666666666666665,0.3726779962499649,1.7888543819998328,1.2000000000000028,0.7083333333333334,0.45452967144315476,-0.9166984970282116,-1.1596638655462181,13.677833333333332,4.078457793360405,3.796950000877279,14.252510503135518,0.6666666666666666,0.8975274678557508,1.3959166800895626,1.1807372175980975,344.3960000000001,102.32000000000001,2.117,0,4,0,0,0,0,0,0,0,0,0,0,0,0,0,0,0,0,0,0,0,0,0,0,0,0,0,0,0,0,0,0,0,0,1,1,0,0,0,0,0,0,0,0,0,0,0,0,0,0,0,0,0,1,1,0,0,1,0,1,1,1,1,1,1,0,1,1,0,1,0,1,0,0,0,1,1,0,0,0,0,0,1,1,0,1,1,1,1,0,1,0,0,0,1,1,1,1,1,0,0,0,0,0,1,0,0,0,1,0,0,0,1,0,1,0,0,0,0,1,0,0,1,1,1,0,1,1,0,0,0,0,1,0,0,1,0,1,1,1,0,0,0,0,1,0,0,1,1,0,1,1,0,1,0,0,0,0,1,0,1,1,1,1,1,1,1,1,0,1
CHEMBL261_109,37,34,-1,-1,-1,2.0,2.6832815729997477,2.9814239699997196,7.138888888888889,0.11323020124609333,0.11918870983778716,1.667300743834155,3.2704949694363403,0.17622389306727876,0.086435583837708,-0.23927100196198814,-0.9637174180742418,7.478893178893179,3.883750093520461,-0.10742167989887501,-0.7676007579609418,0.026340626340626342,0.07092842626523778,3.208109563886273,9.431764697120526,0.8108108108108109,0.3916588309780929,-1.5871507864874157,0.5190476190476199,2.0,2.6832815729997477,2.9814239699997196,7.138888888888889,2.0,0.0,0,0,1.837837837837838,2.3076080222850335,3.4179493272332944,10.540953106741854,0.0,0.0,0,0,0.004708883111786923,0.01385042200862991,2.740960919172642,5.9133499829405185,0.04000000000000001,0.04839105901565302,2.9742544107576054,7.109758662576285,0.04,0.062022323945884805,-2.06275920306029,3.871931180150362,1.16,0.3666060555964672,1.8548520670059356,1.4404761904761934,0.3322386630537343,68.0,254.0,0.0,122.0,2040.0,8.0,0.0,0.0,0.0,424.0,540.0,15960.0,0.0,0.0,0.0,0.0,36.0,0.0,0.0,0.0,0.0,0.0,0.0,0.0,0.0,0.0,0.0,0.0,0.0,0.0,0.0,1,1,0,1,1,1,0,0,0,1,1,1,0,0,0,0,1,0,0,0,0,0,0,0,0,0,0,0,0,0,0,6.6571428571428575,1.722835820763581,4.560696586833208,21.756606106155154,2.1714285714285713,0.6963461489687965,0.2619320616125877,0.020219025269531787,0.0,0.0,0,0,3.085714285714286,0.27994168488950605,2.9598001058630046,6.760416666666661,0.6857142857142857,0.46423076597919777,-0.8000946913656626,-1.3598484848484844,13.325057142857144,3.453394040177676,4.570618005032258,21.83145451205732,0.6571428571428571,0.6737043498600912,1.0979164976450992,2.052119455514724,489.5610000000002,142.33999999999997,4.279500000000001,0,7,0,0,0,0,0,0,0,0,0,0,0,0,0,0,0,0,0,0,0,0,0,0,0,0,0,1,0,0,0,0,0,0,1,1,0,0,0,1,1,0,0,0,0,1,0,0,0,0,0,0,0,1,0,0,0,1,0,0,1,1,1,1,0,0,1,1,0,1,0,1,0,0,0,1,0,0,0,1,0,0,1,1,0,0,1,1,0,0,1,0,0,0,0,1,1,0,0,0,1,0,0,0,1,0,0,0,1,0,0,0,1,0,1,0,0,0,0,1,0,0,1,1,1,0,1,1,0,0,0,0,1,1,0,1,0,1,1,1,0,0,0,0,1,0,0,1,1,0,1,0,0,1,0,0,1,0,1,0,1,1,1,1,1,1,1,1,0,0
CHEMBL261_110,37,34,-1,-1,-1,2.0,2.6981475126464085,2.932414879098862,6.918790001207581,0.11392495823694301,0.11852481140140156,1.6725876261868067,3.2472522561904107,0.18310827887486378,0.09054907356670194,-0.26091911143076746,-0.9176767001173389,7.6126126126126135,3.9575552206388087,-0.12606878409497135,-0.7600524504598956,0.02445302445302445,0.06873040093114764,3.1083046715970215,8.52557758809677,0.8108108108108109,0.3916588309780929,-1.5871507864874157,0.5190476190476199,2.0,2.6981475126464085,2.932414879098862,6.918790001207581,2.0,0.0,0,0,1.837837837837838,2.3192905895053983,3.368666917190401,10.272340357733688,0.0,0.0,0,0,0.0037066380300411553,0.011274391953589872,3.0925102805635647,8.788421324319314,0.04,0.04892249786485184,2.942314764237751,6.965091782426821,0.03999999999999997,0.36518283253268824,-2.6943455171012163,5.989777960369718,1.16,0.3666060555964672,1.854852067005936,1.4404761904761934,-0.0674426035658132,68.0,256.0,0.0,144.0,2046.0,8.0,0.0,0.0,0.0,446.0,672.0,15960.0,0.0,0.0,0.0,0.0,38.0,0.0,0.0,0.0,0.0,0.0,0.0,0.0,0.0,0.0,0.0,0.0,0.0,0.0,0.0,1,1,0,1,1,1,0,0,0,1,1,1,0,0,0,0,1,0,0,0,0,0,0,0,0,0,0,0,0,0,0,6.638888888888889,1.7184097586912828,4.509937236299414,21.520267782262216,2.1666666666666665,0.6871842709362768,0.28533602945450987,0.10380622837370312,0.0,0.0,0,0,3.111111111111111,0.3142696805273545,2.474873734152915,4.124999999999998,0.6666666666666666,0.4714045207910317,-0.7071067811865472,-1.4999999999999998,13.288444444444444,3.4441281628982883,4.520992800683585,21.605286834016287,0.6944444444444444,0.7752936520529369,1.303171888751163,1.8655990613686262,503.58400000000023,113.52,5.143600000000005,0,8,0,0,0,0,0,0,0,0,0,0,0,0,0,0,0,0,0,0,0,0,0,0,0,1,0,1,0,0,0,0,0,0,0,0,0,0,0,0,1,0,0,0,0,0,0,0,0,0,0,0,0,1,0,0,0,1,0,0,1,0,1,1,0,0,0,1,0,1,0,0,0,0,0,1,0,0,0,1,0,0,1,0,0,0,0,1,1,0,1,0,0,1,0,1,0,0,0,0,1,0,0,0,1,0,0,0,1,0,0,0,1,0,1,1,0,1,0,1,0,0,1,1,1,1,1,1,1,1,0,0,1,1,1,1,0,1,1,1,0,0,1,0,1,1,0,1,1,0,1,1,0,1,1,1,1,1,1,1,1,1,1,1,1,1,1,1,0,0
CHEMBL261_111,35,33,-1,-1,-1,2.1904761904761907,2.7536823418668495,2.5926674397879763,5.0922640850713154,0.11005974563765374,0.1282898318714446,1.5369272629718853,2.3334893538078205,0.1662520723913716,0.09296598660032364,-0.06051637925552968,-1.2493666333238267,6.447619047619048,3.7720823747867533,0.05680298314645669,-1.0335442813250475,0.017621594092182325,0.04771587855778495,3.223604154400159,9.31527850990299,0.8,0.4,-1.5,0.24999999999999956,2.1904761904761907,2.7536823418668495,2.5926674397879763,5.0922640850713154,2.0,0.0,0,0,1.8857142857142857,2.2649052780121615,3.2106667026264537,9.319814885571187,0.0,0.0,0,0,0.026679739179739183,0.06080255520720526,1.9655981437262178,2.0932414885971564,0.047619047619047616,0.054215403789218915,2.6100416615686686,5.163519282019898,0.04761904761904761,0.03932669009297063,2.1710853479498176,3.7693399429758987,1.2857142857142858,0.45175395145262565,0.9486832980505128,-1.100000000000001,0.28359755712823614,66.0,238.0,0.0,194.0,1776.0,48.0,0.0,0.0,0.0,746.0,850.0,13080.0,0.0,0.0,0.0,0.0,210.0,0.0,0.0,0.0,48.0,0.0,0.0,0.0,0.0,0.0,0.0,0.0,0.0,0.0,0.0,1,1,0,1,1,1,0,0,0,1,1,1,0,0,0,0,1,0,0,0,1,0,0,0,0,0,0,0,0,0,0,6.266666666666667,0.5120763831912405,1.771893144366129,2.2734846308532024,2.3333333333333335,0.5962847939999438,-0.27950849718747467,-0.65625,0.0,0.0,0,0,3.466666666666667,0.4988876515698589,0.13363062095621153,-1.9821428571428577,0.2,0.4000000000000001,1.4999999999999998,0.24999999999999734,12.543133333333337,1.0216532919189805,1.7701484531474037,2.263492386057912,1.0,0.8563488385776752,0.3184768407933503,-0.8925619834710741,406.5340000000003,63.21000000000001,2.7113000000000005,3,4,0,0,0,0,0,0,0,0,0,0,0,0,0,0,0,0,0,0,0,0,0,1,0,0,0,1,1,0,0,0,0,0,0,0,0,0,0,0,1,0,0,0,0,1,0,1,0,0,0,0,1,0,1,0,0,0,0,0,0,0,0,0,0,0,0,0,0,0,0,1,0,0,0,0,0,1,1,1,1,1,1,0,0,1,0,1,0,0,0,0,0,1,1,1,1,0,1,1,1,1,1,1,0,0,1,1,1,0,0,0,1,1,0,0,0,0,0,1,1,1,1,1,1,0,1,0,0,1,1,1,0,1,0,1,0,1,0,1,0,0,0,0,1,1,0,1,0,1,1,0,1,1,0,1,1,1,1,0,1,0,1,1,1,1,1,1,0,0
CHEMBL261_112,40,37,-1,-1,-1,2.076923076923077,3.074999398662567,3.1499042243890325,8.432614453924726,0.10515374323080424,0.11807916956241728,1.973445687939687,5.383413547901478,0.17708746043717705,0.09749620084408489,-0.22566158219305835,-1.121226107540374,7.8875,4.513811751477657,-0.10943784949774384,-0.9115879148228272,0.01923076923076923,0.05846897721280468,3.574809652014241,12.035938972286896,0.825,0.3799671038392666,-1.7106744068953987,0.9264069264069255,2.076923076923077,3.074999398662567,3.1499042243890325,8.432614453924726,2.0,0.0,0,0,1.85,2.5743931323712,3.770750206864434,13.459344395209829,0.0,0.0,0,0,0.009406500555568877,0.025891233308483787,2.5673938247291215,4.998291755052424,0.038461538461538464,0.05191521290427357,3.170279915499274,8.553467333498466,0.03846153846153846,0.02047963827377537,1.3833087917172318,2.59393297241363,1.1923076923076923,0.39411349099844606,1.5614401167176535,0.4380952380952392,-1.7009820704711234,74.0,328.0,0.0,188.0,3240.0,24.0,0.0,0.0,0.0,822.0,1032.0,32064.0,0.0,0.0,0.0,0.0,130.0,0.0,0.0,0.0,12.0,0.0,0.0,0.0,0.0,0.0,0.0,0.0,0.0,0.0,0.0,1,1,0,1,1,1,0,0,0,1,1,1,0,0,0,0,1,0,0,0,1,0,0,0,0,0,0,0,0,0,0,7.0,2.1134489978863145,3.559294814885395,13.824459790599246,2.1333333333333333,0.8055363982396381,0.13661165695422675,-0.7222743479076743,0.0,0.0,0,0,3.566666666666667,0.4955356249106169,-0.269069117598526,-1.9276018099547514,0.2,0.4000000000000001,1.4999999999999996,0.24999999999999734,14.156033333333335,4.551905560556175,3.47462911839721,13.134592484212416,0.8,0.9451631252505218,0.6442858461275551,-1.0545778569837396,448.87300000000005,65.12,2.043200000000001,1,6,0,0,0,0,0,0,0,0,0,0,0,0,0,0,0,0,0,0,0,0,0,0,0,0,0,0,0,0,0,0,0,0,0,0,0,0,0,1,0,0,0,0,1,0,0,0,0,0,0,0,0,0,0,0,0,0,0,1,0,0,0,0,0,0,0,0,0,0,0,0,0,0,0,0,0,1,0,1,0,1,1,0,1,1,0,1,1,1,0,0,1,0,1,1,0,1,1,1,1,0,1,0,0,1,0,0,1,1,1,1,1,1,1,0,0,0,1,1,1,0,1,1,1,0,0,0,0,1,1,1,0,0,1,0,1,0,1,1,1,0,0,0,1,1,1,1,1,1,1,0,1,1,0,1,1,1,1,1,1,1,1,1,1,1,1,1,0,0
CHEMBL261_113,37,35,-1,-1,-1,2.1739130434782608,2.914016709585398,2.8324091925104407,6.297467586583139,0.10748497027487612,0.12439456656958948,1.6373494712536183,2.9413396212044516,0.1665342876914397,0.09293789415443916,-0.08606452218413001,-1.2317189802762325,6.96036036036036,4.055233061792593,0.003692366209124138,-1.0140966726477676,0.019519519519519524,0.05370119005229532,3.5766500514479973,12.069910262688255,0.8108108108108109,0.3916588309780929,-1.5871507864874157,0.5190476190476199,2.1739130434782608,2.914016709585398,2.8324091925104407,6.297467586583139,2.0,0.0,0,0,1.8918918918918919,2.4137420066774173,3.4593039131670147,10.879159230449623,0.0,0.0,0,0,0.02609692525658912,0.059739954586055695,1.883032325170939,1.6124920069371118,0.04347826086956521,0.05253081394663655,2.8306316011216004,6.2849905845183045,0.04347826086956521,0.06258058391254896,2.8455264275744425,6.430132905191856,1.2608695652173914,0.43910891036356847,1.0891622972743424,-0.8137254901960773,-0.8349230768138642,70.0,278.0,0.0,192.0,2370.0,48.0,0.0,0.0,0.0,886.0,910.0,19920.0,0.0,0.0,0.0,0.0,228.0,0.0,0.0,0.0,48.0,0.0,0.0,0.0,0.0,0.0,0.0,0.0,0.0,0.0,0.0,1,1,0,1,1,1,0,0,0,1,1,1,0,0,0,0,1,0,0,0,1,0,0,0,0,0,0,0,0,0,0,6.264705882352941,0.5588235294117647,2.01195509549497,2.9502382578402555,2.235294117647059,0.596993621476013,-0.1377547728695713,-0.49731360165896854,0.0,0.0,0,0,3.6470588235294117,0.47788461203740945,-0.6154574548966633,-1.621212121212122,0.17647058823529413,0.3812200410828153,1.6973368495830103,0.8809523809523809,12.539117647058825,1.1146812724273907,2.0104392237686692,2.9422603575935113,1.2058823529411764,0.9324039696557269,-0.20150505036652747,-1.4436414940224254,467.6580000000005,50.34,2.2390000000000008,0,4,0,0,0,0,0,0,0,0,0,0,0,0,0,0,0,0,0,0,0,0,0,0,0,0,0,0,0,0,0,0,0,0,0,0,0,0,0,0,0,0,0,0,0,0,0,0,0,0,0,0,0,0,0,0,0,0,0,0,0,0,0,0,1,0,0,0,0,0,0,0,0,0,0,0,0,1,0,0,0,1,1,0,0,1,0,1,1,0,0,0,0,0,1,1,0,0,1,0,1,0,1,0,0,0,0,0,0,0,0,0,1,1,0,0,0,1,1,1,1,0,1,1,1,0,0,0,0,0,1,1,0,0,0,1,0,0,1,1,1,0,0,0,1,0,0,1,0,1,1,0,0,0,0,1,1,0,1,0,1,1,1,1,1,1,1,1,0,0
CHEMBL261_114,38,36,-1,-1,-1,2.076923076923077,2.9210519301611577,3.0720968389095957,7.88353265710092,0.11038884076041773,0.11887006902183304,1.8132208558666683,4.178046678413645,0.19025462832541531,0.09549882761959477,-0.28760341886770285,-0.9748701613607706,8.09824561403509,4.247718323667144,-0.15765163635193477,-0.777966839584693,0.023589378852536747,0.06630718749850228,3.3465572172406635,10.233870603312088,0.8157894736842105,0.3876557858593746,-1.6292261599251139,0.6543778801843323,2.076923076923077,2.9210519301611577,3.0720968389095957,7.88353265710092,2.0,0.0,0,0,1.894736842105263,2.510917987763487,3.5502524541102547,11.694252859362294,0.0,0.0,0,0,0.00989344735145407,0.02658915017466769,2.542390324618415,5.034915369013799,0.038461538461538464,0.0489843074717318,3.088752050206643,7.989001831729022,0.03846153846153846,0.3223812060231255,3.137214216180714,8.46146599161275,1.1923076923076923,0.39411349099844606,1.5614401167176535,0.4380952380952392,-0.4948624183895748,72.0,304.0,0.0,200.0,2772.0,24.0,0.0,0.0,0.0,768.0,1024.0,25200.0,0.0,0.0,0.0,0.0,124.0,0.0,0.0,0.0,12.0,0.0,0.0,0.0,0.0,0.0,0.0,0.0,0.0,0.0,0.0,1,1,0,1,1,1,0,0,0,1,1,1,0,0,0,0,1,0,0,0,1,0,0,0,0,0,0,0,0,0,0,7.54054054054054,3.2013054313159,2.322476296583256,3.790002230227559,2.1621621621621623,0.7888929469906175,0.03522449001225994,-0.772217813925808,0.0,0.0,0,0,3.4054054054054053,0.4909703276914852,0.385337317794227,-1.8515151515151516,0.2972972972972973,0.457068500683453,0.8869685939836237,-1.2132867132867131,15.170891891891891,6.644526053436703,2.3588216398632187,3.9847292182525713,0.7297297297297297,0.8898420342245581,0.7857710698795295,-0.7106691085361021,588.539,119.13,2.032599999999999,1,8,0,0,0,0,0,0,0,0,0,0,0,0,0,0,0,0,0,0,0,0,0,0,0,0,0,0,0,0,0,0,0,0,1,1,0,0,1,0,0,0,0,0,0,0,0,0,0,0,0,0,0,1,0,0,1,1,0,0,1,1,1,1,1,0,1,0,0,1,0,1,0,0,0,1,0,1,0,0,0,1,1,1,1,1,0,1,1,1,1,0,0,1,1,1,1,1,1,1,1,0,1,0,1,1,1,0,1,1,0,0,1,1,1,0,0,1,1,1,1,0,1,1,1,0,1,1,0,1,1,1,1,1,1,1,1,1,1,1,1,0,1,0,1,1,1,1,1,1,1,0,1,1,0,1,1,1,1,0,1,1,1,1,1,1,1,1,0,0
CHEMBL261_115,37,35,-1,-1,-1,2.08,2.8272955275315668,2.9451429291564457,7.040957185283855,0.11166257462429416,0.12065859461845624,1.6860317325407148,3.2866207200965114,0.1843615957110522,0.09244899578466145,-0.24106909341283733,-1.0270670657137373,7.722522522522523,4.062849368144414,-0.11650436145563976,-0.8179217801081622,0.02445302445302445,0.06610734446188724,3.2965788017240265,10.014864195452775,0.8108108108108109,0.3916588309780929,-1.5871507864874157,0.5190476190476199,2.08,2.8272955275315668,2.9451429291564457,7.040957185283855,2.0,0.0,0,0,1.8918918918918919,2.4249133033684274,3.4129434570371973,10.626835353574323,0.0,0.0,0,0,0.010743968506238738,0.028388162142724143,2.4838790903845656,4.722008612545545,0.04,0.04913880843508249,2.952225337637984,7.093930695140646,0.03999999999999999,0.02538224491060968,1.6323574594061727,2.5466512893909172,1.2,0.4,1.5000000000000004,0.2500000000000009,1.5911742387528882,70.0,280.0,0.0,190.0,2376.0,24.0,0.0,0.0,0.0,684.0,932.0,19920.0,0.0,0.0,0.0,0.0,118.0,0.0,0.0,0.0,12.0,0.0,0.0,0.0,0.0,0.0,0.0,0.0,0.0,0.0,0.0,1,1,0,1,1,1,0,0,0,1,1,1,0,0,0,0,1,0,0,0,1,0,0,0,0,0,0,0,0,0,0,7.304347826086956,2.7573582601231172,2.6684916851050122,5.629476343561436,2.260869565217391,0.7922116155777652,0.02578798879275922,-0.6055668456960377,0.0,0.0,0,0,3.347826086956522,0.476280484787101,0.6390096504226922,-1.5916666666666681,0.391304347826087,0.4880422678400793,0.445435403187374,-1.8015873015873014,14.62247826086957,5.529929733570135,2.6711894806375938,5.639611955273502,0.6956521739130435,0.9525609695742019,0.9408276013812701,-0.5722395833333338,352.44500000000016,96.82,-0.5479999999999994,0,1,0,0,0,0,0,0,0,0,0,0,0,0,0,0,0,0,0,0,0,0,0,0,0,0,0,0,0,0,0,0,0,0,1,1,0,0,1,0,1,0,0,0,0,0,0,0,0,1,0,0,0,1,1,0,0,1,0,0,1,1,1,1,1,0,1,1,0,1,0,1,1,0,0,1,0,1,0,1,0,1,1,1,0,1,1,1,1,0,1,0,0,0,0,1,1,0,1,0,1,0,1,1,1,0,0,1,1,0,0,0,0,1,1,0,0,1,1,1,1,1,1,1,1,0,1,1,0,0,1,1,1,0,0,1,0,1,1,1,1,0,0,0,1,0,1,1,0,1,1,0,0,1,0,1,0,0,1,0,1,1,1,1,1,1,1,1,0,1
CHEMBL261_116,36,35,-1,-1,-1,2.260869565217391,3.095823151116157,3.008493500278641,7.703756637839469,0.11231430656832256,0.12313924767455184,1.8367342974770926,4.7929574619048045,0.18409416160985861,0.10283555353860697,-0.17537366302261567,-1.1459171062558962,7.349074074074074,4.238879686251195,-0.09969952831056325,-0.9153574660311898,0.018954248366013074,0.05715570942289064,3.926608896065563,14.798201316086786,0.8055555555555556,0.3957724124659724,-1.544097293955913,0.3842364532019724,2.260869565217391,3.095823151116157,3.008493500278641,7.703756637839469,2.0,0.0,0,0,1.9444444444444444,2.5921295882862676,3.640022724352542,12.653078526517143,0.0,0.0,0,0,0.05788935140306527,0.1700192172632983,4.735855603283626,23.22568807969804,0.04347826086956521,0.05449749557093258,3.0154132944796346,7.677159771323634,0.0434782608695652,0.01707842792694223,0.1551016986211598,-0.3642103174553726,1.391304347826087,0.48804226784007926,0.44543540318737423,-1.8015873015873007,-1.1243760299073624,70.0,308.0,0.0,232.0,2964.0,56.0,0.0,0.0,0.0,976.0,1224.0,29184.0,0.0,0.0,0.0,0.0,264.0,0.0,0.0,0.0,48.0,0.0,0.0,0.0,0.0,0.0,0.0,0.0,0.0,0.0,0.0,1,1,0,1,1,1,0,0,0,1,1,1,0,0,0,0,1,0,0,0,1,0,0,0,0,0,0,0,0,0,0,6.285714285714286,0.612788873986492,1.9765047565963176,2.4985822306238203,2.2857142857142856,0.6577636818983621,-0.3811001752543904,-0.7580989676041292,0.0,0.0,0,0,3.2857142857142856,0.45175395145262565,0.9486832980505149,-1.0999999999999983,0.5428571428571428,0.4981598792617913,-0.17206180040292104,-1.9703947368421058,12.58094285714286,1.222167581281182,1.9754137435421881,2.4934951285441986,0.8,0.855235974119758,0.6686750993941709,-0.6228027343750009,468.55700000000024,77.81,3.688200000000001,0,5,0,0,0,0,0,0,0,0,0,0,0,0,0,0,0,0,0,0,0,0,0,0,0,0,0,0,0,0,0,0,0,0,0,0,0,0,0,0,0,0,0,0,0,0,0,0,0,0,0,0,0,0,0,0,0,0,0,0,0,0,0,0,1,0,0,1,0,0,0,0,0,0,0,0,0,1,0,0,0,1,1,0,0,1,0,1,1,0,0,1,0,0,1,1,0,0,1,0,1,0,1,1,0,0,0,1,0,0,0,0,1,1,0,1,0,1,1,1,1,0,1,1,1,0,0,1,0,1,1,1,0,1,0,0,0,0,1,1,1,1,0,0,1,1,1,1,1,1,1,0,0,1,1,1,1,1,1,1,1,1,1,1,1,1,1,1,0,0
CHEMBL261_117,35,33,-1,-1,-1,2.0869565217391304,2.6525302682903726,2.75777112176617,6.00663712661922,0.1182254895089179,0.12080630033986357,1.5828352796128429,2.960742306290575,0.1814839589943949,0.09000282643091145,-0.2122561385928606,-0.9674940979191473,7.150476190476191,3.7284587345372877,-0.09421276261530528,-0.803773242823941,0.023376623376623374,0.06634960729333805,3.1184254796374553,8.529444253775091,0.8,0.4,-1.5,0.24999999999999956,2.0869565217391304,2.6525302682903726,2.75777112176617,6.00663712661922,2.0,0.0,0,0,1.8857142857142857,2.2649052780121615,3.2106667026264537,9.319814885571184,0.0,0.0,0,0,0.03959426260949918,0.16707491331176633,5.420881105899986,28.200951562194877,0.043478260869565216,0.05086591297972901,2.8147769278664043,6.333835352071851,0.043478260869565216,0.06469984799391065,2.8888085514319477,6.61259952085571,1.3043478260869565,0.4601306627938419,0.8504200642707608,-1.2767857142857149,-1.2415162341808088,66.0,238.0,0.0,154.0,1776.0,16.0,0.0,0.0,0.0,404.0,668.0,13080.0,0.0,0.0,0.0,0.0,52.0,0.0,0.0,0.0,0.0,0.0,0.0,0.0,0.0,0.0,0.0,0.0,0.0,0.0,0.0,1,1,0,1,1,1,0,0,0,1,1,1,0,0,0,0,1,0,0,0,0,0,0,0,0,0,0,0,0,0,0,7.333333333333333,2.824853620950647,2.562845166051834,5.084867809645893,2.121212121212121,0.8074492481499532,0.4672666031944148,-0.1369847252529257,0.0,0.0,0,0,3.393939393939394,0.4886216817150636,0.43412157106222904,-1.8115384615384618,0.36363636363636365,0.48104569292083466,0.5669467095138407,-1.6785714285714284,14.680575757575758,5.665074109709705,2.565778015912443,5.095679644995318,0.8484848484848485,0.8570991287109667,0.5839818129124394,-0.6979312499999999,512.6830000000002,137.2,1.0799000000000007,0,8,0,0,0,0,0,0,0,0,0,0,0,0,0,0,0,0,0,0,0,0,0,0,0,0,0,0,0,0,0,0,0,0,1,1,0,0,0,0,0,0,0,0,0,1,0,0,0,1,0,0,0,1,0,0,0,1,0,0,1,1,1,1,0,0,1,0,0,1,0,1,0,0,0,1,0,1,0,1,1,1,0,1,0,0,1,1,1,0,1,0,1,1,0,1,1,0,0,0,1,0,1,0,1,0,0,0,1,0,0,0,0,1,1,0,0,1,1,1,1,1,1,1,1,0,1,1,0,0,1,1,1,1,0,1,0,1,1,1,1,0,1,0,1,0,0,1,1,1,1,0,0,1,0,1,0,1,1,0,1,1,1,1,1,1,1,1,0,1
CHEMBL261_118,37,35,-1,-1,-1,2.08,2.8554509276119595,3.0530881833004355,7.938137370030725,0.11045942648640242,0.12176100413236612,1.8500984920387344,4.586723415271096,0.18450179372713055,0.0925972509167915,-0.24377108208919415,-1.037718062356043,7.737837837837836,4.0793732381023275,-0.10966573561395054,-0.7979207382049456,0.024453024453024455,0.0661505933270641,3.305510943404431,10.10179490852085,0.8108108108108109,0.3916588309780929,-1.5871507864874157,0.5190476190476199,2.08,2.8554509276119595,3.0530881833004355,7.938137370030725,2.0,0.0,0,0,1.8918918918918919,2.4471029069005836,3.5335878116499484,11.816643614574415,0.0,0.0,0,0,0.010773555510397615,0.028433221263399804,2.4754143584889055,4.671669291237504,0.04000000000000001,0.04970457135002422,3.0759075449131803,8.118828464783183,0.04,0.17392829409038874,3.2715579511812884,9.459687040962432,1.2,0.4,1.5000000000000004,0.2500000000000009,0.5397525971889161,70.0,284.0,0.0,188.0,2502.0,24.0,0.0,0.0,0.0,670.0,930.0,22320.0,0.0,0.0,0.0,0.0,118.0,0.0,0.0,0.0,12.0,0.0,0.0,0.0,0.0,0.0,0.0,0.0,0.0,0.0,0.0,1,1,0,1,1,1,0,0,0,1,1,1,0,0,0,0,1,0,0,0,1,0,0,0,0,0,0,0,0,0,0,7.866666666666666,3.2632635334721107,1.9720384081519877,2.1965177075872164,2.1333333333333333,0.8459051693633013,0.40433490407049544,-0.40993788819875565,0.0,0.0,0,0,3.3333333333333335,0.4714045207910318,0.707106781186546,-1.500000000000002,0.36666666666666664,0.48189440982669857,0.5533715710928601,-1.6937799043062194,15.749133333333337,6.545359739201166,1.9740395137626179,2.201589630626157,0.6666666666666666,0.8692269873603531,1.0038218236384706,-0.14532871972318118,492.63400000000024,162.98,-0.1535999999999993,0,6,0,0,0,0,0,0,0,0,0,0,0,0,0,0,0,0,0,0,0,0,0,0,0,0,0,0,0,0,0,0,0,0,1,1,0,0,1,0,0,0,0,0,0,1,0,0,0,1,0,0,0,1,1,0,0,1,0,0,1,1,1,1,0,0,1,1,0,1,0,1,0,0,0,1,0,1,0,1,1,1,1,1,0,1,1,1,1,0,1,0,0,1,0,1,1,1,1,1,1,0,1,0,1,0,0,0,1,0,0,0,0,1,1,0,0,1,1,1,1,1,1,1,1,0,1,1,0,0,1,1,1,1,0,1,0,1,1,1,1,0,1,0,1,0,0,1,1,1,1,0,0,1,0,1,0,0,1,0,1,1,1,1,1,1,1,1,0,1
CHEMBL261_119,38,36,-1,-1,-1,2.1666666666666665,3.009245014211298,2.959013535277101,7.10714554556062,0.10937380289224294,0.11980467734847833,1.8002647365125044,4.353736351979146,0.17214061882131193,0.09547738546226879,-0.14832315319435418,-1.1531568047089664,7.3429824561403505,4.229806915634786,-0.06813091839184825,-0.9607850265619424,0.018847795163584636,0.057211466766717636,3.6947536681221136,12.711257221047088,0.8157894736842105,0.3876557858593746,-1.6292261599251139,0.6543778801843323,2.1666666666666665,3.009245014211298,2.959013535277101,7.10714554556062,2.0,0.0,0,0,1.894736842105263,2.50041547794099,3.594113880900845,11.94125812295876,0.0,0.0,0,0,0.04340016708437761,0.16138877362683374,5.471016597529223,29.4884760909867,0.04166666666666668,0.053068373411621024,2.962039820620227,7.036975827352567,0.041666666666666664,0.04313450298605661,-1.791625374917475,3.205145826577655,1.3333333333333333,0.4714045207910317,0.7071067811865479,-1.4999999999999996,-0.3775124629569551,72.0,302.0,0.0,184.0,2766.0,32.0,0.0,0.0,0.0,764.0,930.0,25200.0,0.0,0.0,0.0,0.0,142.0,0.0,0.0,0.0,12.0,0.0,0.0,0.0,0.0,0.0,0.0,0.0,0.0,0.0,0.0,1,1,0,1,1,1,0,0,0,1,1,1,0,0,0,0,1,0,0,0,1,0,0,0,0,0,0,0,0,0,0,6.310344827586207,0.5932638115201813,1.755496436435377,1.9093316289262132,2.206896551724138,0.6632891055748739,-0.25712748599604485,-0.7783053323593858,0.0,0.0,0,0,3.206896551724138,0.4050806939472666,1.4471361022898726,0.09420289855072506,0.6206896551724138,0.48521542343000995,-0.4974683381630911,-1.7525252525252522,12.630172413793108,1.1833690673597268,1.7540203648428816,1.9024683953058394,0.7931034482758621,0.8460582169920896,0.7482489901096576,-0.34234169600777253,389.4590000000001,95.58,2.8428000000000013,0,4,0,0,0,0,0,0,0,0,0,0,0,0,0,0,0,0,0,0,0,0,0,0,0,0,0,0,0,0,0,0,0,0,0,0,0,0,0,0,1,0,0,0,0,0,0,0,0,0,0,0,0,0,0,0,0,0,0,0,0,0,0,0,1,0,0,1,0,0,0,0,0,0,0,0,0,1,0,1,0,1,0,0,0,0,1,1,1,0,0,0,0,0,0,1,0,0,0,0,1,0,1,0,0,0,0,0,0,0,0,0,0,1,0,0,0,1,1,0,1,0,1,1,1,1,0,1,0,0,1,1,0,1,0,1,0,1,0,1,1,1,0,0,1,0,1,1,0,1,1,0,1,1,0,1,1,0,1,1,1,1,1,1,1,1,1,1,0,0
CHEMBL261_120,40,42,-1,-1,-1,2.357142857142857,3.637250587564004,3.474870030277551,10.994501051437988,0.10872136992419737,0.11480271652624706,2.033343515934083,6.085403507885783,0.21576778230512753,0.11194501207914075,-0.3832040455756587,-1.0553303955599875,9.495000000000001,5.052756673341791,-0.26452091346143203,-0.7444795462704019,0.019973009446693654,0.06331505051934776,4.191803433749521,16.8839224760837,0.825,0.3799671038392666,-1.7106744068953987,0.9264069264069255,2.357142857142857,3.637250587564004,3.474870030277551,10.994501051437988,2.0,0.0,0,0,2.1,3.128897569432403,4.064781182828859,16.20522703014583,0.0,0.0,0,0,0.052499436298090965,0.10639791629068472,2.3256487745631857,5.706899427831932,0.035714285714285705,0.05036313146152885,3.5278625976686064,11.37251131347822,0.03571428571428572,0.02731783484328654,2.849035155674021,8.856610451792333,1.3571428571428572,0.47915742374995496,0.5962847939999436,-1.6444444444444448,-1.8385869525279521,84.0,484.0,0.0,454.0,6282.0,128.0,0.0,0.0,0.0,2318.0,3114.0,85440.0,0.0,0.0,0.0,0.0,824.0,0.0,0.0,0.0,240.0,0.0,0.0,0.0,0.0,0.0,0.0,0.0,0.0,0.0,60.0,1,1,0,1,1,1,0,0,0,1,1,1,0,0,0,0,1,0,0,0,1,0,0,0,0,0,0,0,0,0,1,7.351351351351352,4.8946535433046385,5.006257346672975,24.78471079427926,2.2162162162162162,0.7401656182502243,0.0318409380096338,-0.4947946666666647,0.0,0.0,0,0,3.2432432432432434,0.5405405405405406,0.09899999999999892,-0.31865000000000077,0.5405405405405406,0.4983537544482643,-0.16269784336399223,-1.973529411764707,14.98129729729729,11.314931810867765,5.186125341713601,26.437617085573656,0.7027027027027027,0.9826842682539375,1.1346657631763417,-0.01071704038029786,580.5160000000001,134.3,4.577800000000003,2,7,0,0,0,0,0,0,0,0,0,0,0,0,0,0,0,0,0,0,0,0,0,0,0,0,0,1,0,0,0,0,0,0,0,0,0,0,1,0,1,0,0,1,0,0,0,0,1,1,0,0,0,0,1,0,0,0,0,0,0,0,0,0,1,0,0,1,1,0,0,0,0,0,0,0,0,1,0,1,0,1,1,1,0,1,0,0,0,1,1,0,1,1,1,1,1,0,1,0,1,0,0,1,0,0,1,1,1,1,1,0,1,1,1,0,0,1,1,1,1,0,1,1,1,0,1,1,0,0,0,1,1,1,0,1,1,1,0,1,0,0,0,1,1,0,1,1,0,1,1,1,1,1,0,0,1,1,1,0,1,0,1,1,1,1,1,1,0,0
CHEMBL261_121,37,33,-1,-1,-1,1.92,2.606453529223186,3.0829813684760707,8.138781583575707,0.10586507574058751,0.12577604209652446,2.241913039626954,7.373247946235958,0.17181200558906093,0.08191036768015747,-0.3163259771110463,-0.9178384378130322,7.338738738738738,3.753384966869283,-0.12354834451182126,-0.681722979044741,0.027198627198627198,0.0786308050692655,2.948206427426079,7.197052244093218,0.8108108108108109,0.3916588309780929,-1.5871507864874157,0.5190476190476199,1.92,2.606453529223186,3.0829813684760707,8.138781583575707,2.0,0.0,0,0,1.7837837837837838,2.2437316303261903,3.50097194345211,11.636303279955843,0.0,0.0,0,0,0.0,0.0,0,0,0.04,0.049445021305161534,3.096948446696692,8.270406166991473,0.04,0.0244295492660414,-0.1109423156277182,-1.5121786840586964,1.0,0.0,0,0,-1.6971954951312478,66.0,238.0,0.0,74.0,1890.0,0.0,0.0,0.0,0.0,196.0,296.0,15024.0,0.0,0.0,0.0,0.0,0.0,0.0,0.0,0.0,0.0,0.0,0.0,0.0,0.0,0.0,0.0,0.0,0.0,0.0,0.0,1,1,0,1,1,0,0,0,0,1,1,1,0,0,0,0,0,0,0,0,0,0,0,0,0,0,0,0,0,0,0,7.2592592592592595,2.590475325932698,2.781701677618758,6.635893099618981,2.0,0.8606629658238704,0.3485685011586675,-0.8399999999999999,0.0,0.0,0,0,3.3703703703703702,0.4829038818668629,0.53687549219316,-1.7117647058823522,0.2222222222222222,0.41573970964154905,1.3363062095621216,-0.2142857142857153,14.530851851851855,5.1943787829744466,2.7865292811509628,6.656087624509256,0.8888888888888888,0.9938079899999066,0.90281244591554,-0.2793749999999995,416.52500000000015,139.95,0.7356,1,8,0,0,0,0,0,0,0,0,0,0,0,0,0,0,0,0,0,0,0,0,0,0,0,0,0,0,0,0,0,0,0,0,1,1,0,0,0,0,0,0,0,0,0,1,0,0,0,1,0,0,0,1,0,0,0,1,0,0,1,1,1,1,0,0,1,0,0,1,0,1,0,0,1,1,1,0,0,1,1,0,0,1,0,0,1,0,0,0,1,0,0,1,1,1,1,1,0,0,0,0,0,0,1,0,1,0,1,0,0,1,1,1,1,0,0,1,1,1,0,1,0,0,0,1,1,0,1,0,1,0,1,1,1,1,0,1,1,0,0,0,1,1,1,0,0,0,1,0,1,1,0,1,0,1,1,1,1,1,1,1,1,1,1,1,1,1,0,1
CHEMBL261_122,38,37,-1,-1,-1,2.25,3.1655699855370965,2.970171863280297,7.3578260813188034,0.10887436247078341,0.12025873219963973,1.7962446335882063,4.309470860832739,0.1805061427638476,0.10168659293994854,-0.1753890312672953,-1.2181234980859477,7.578947368421052,4.411489325982021,-0.07997430437818964,-0.9948516048626819,0.017267267267267267,0.05338612762653576,3.793455275729824,13.425986311516205,0.8157894736842105,0.3876557858593746,-1.6292261599251143,0.6543778801843323,2.25,3.1655699855370965,2.970171863280297,7.3578260813188034,2.0,0.0,0,0,1.9473684210526316,2.6252555607031427,3.635214108156898,12.472739244838234,0.0,0.0,0,0,0.035599667197146814,0.09058845312663039,3.7101240409192027,15.446725890634365,0.041666666666666664,0.05386977403784553,2.9988244490697435,7.46179526205866,0.041666666666666664,0.07301272354757733,3.136862847393845,8.516414273433151,1.3333333333333333,0.4714045207910317,0.7071067811865479,-1.4999999999999993,1.5114501857197438,74.0,332.0,0.0,262.0,3240.0,56.0,0.0,0.0,0.0,1106.0,1434.0,32064.0,0.0,0.0,0.0,0.0,284.0,0.0,0.0,0.0,48.0,0.0,0.0,0.0,0.0,0.0,0.0,0.0,0.0,0.0,36.0,1,1,0,1,1,1,0,0,0,1,1,1,0,0,0,0,1,0,0,0,1,0,0,0,0,0,0,0,0,0,1,6.4,0.5952190473142759,1.2031352751383761,0.4125910509885511,2.2285714285714286,0.6797358430497326,-0.3190359517566641,-0.8530697099476829,0.0,0.0,0,0,3.2857142857142856,0.45175395145262565,0.9486832980505149,-1.099999999999999,0.5714285714285714,0.4948716593053936,-0.2886751345948125,-1.916666666666668,12.80917142857143,1.1874430027996965,1.2014089258537253,0.4056315993835402,0.8,0.9501879513323367,1.0071291937291147,-0.0013619612241630996,476.5450000000003,149.31,1.5581399999999996,2,6,0,0,0,0,0,0,0,0,0,0,0,0,0,0,0,0,0,0,0,0,0,0,0,0,0,1,0,0,0,0,0,0,0,0,0,0,0,0,1,0,0,0,0,0,0,0,0,0,0,0,0,0,1,0,1,0,0,1,0,0,0,0,1,0,0,1,0,0,0,0,0,0,0,0,0,1,0,1,0,1,1,0,0,1,1,1,1,0,0,0,1,1,1,1,1,1,1,1,1,0,0,1,0,0,1,1,1,0,0,1,1,1,0,0,0,0,0,1,1,0,1,1,1,0,1,1,0,0,1,1,0,1,1,1,0,1,0,1,1,0,0,1,1,0,1,1,0,1,1,1,1,1,0,1,1,0,1,1,1,1,1,1,1,1,1,1,0,0
CHEMBL261_123,38,35,-1,-1,-1,2.0,2.7735009811261455,3.082746340521711,7.777000000000001,0.11175087815464907,0.1175905213244205,1.7638719041032191,3.937537676354796,0.17925640141200958,0.08806451105624657,-0.27432253927434025,-0.942128550999219,7.801378446115287,4.045303540532605,-0.1409424869430418,-0.7379662614755391,0.02619724988146041,0.0722715823674389,3.2992856874084358,10.089948972638572,0.8157894736842105,0.3876557858593746,-1.6292261599251139,0.6543778801843323,2.0,2.7735009811261455,3.082746340521711,7.777000000000001,2.0,0.0,0,0,1.8421052631578947,2.3899605346826793,3.529588027168483,11.352408978316245,0.0,0.0,0,0,0.004361388384754991,0.013021033807359405,2.790120758308128,6.186554560040721,0.038461538461538464,0.04813472211976778,3.07435848667312,7.734145655538182,0.03846153846153845,0.02814298133027157,-0.8000322319517713,0.8143729405745588,1.1538461538461537,0.36080121229411,1.9188064472004944,1.6818181818181834,-1.314913693955553,70.0,276.0,0.0,128.0,2370.0,8.0,0.0,0.0,0.0,466.0,600.0,19920.0,0.0,0.0,0.0,0.0,38.0,0.0,0.0,0.0,0.0,0.0,0.0,0.0,0.0,0.0,0.0,0.0,0.0,0.0,0.0,1,1,0,1,1,1,0,0,0,1,1,1,0,0,0,0,1,0,0,0,0,0,0,0,0,0,0,0,0,0,0,6.725,1.8706616476530435,4.251780923475921,19.946765874714,2.15,0.7599342076785331,0.08373930663124372,-0.6027997976049924,0.0,0.0,0,0,3.4,0.4898979485566356,0.4082482904638635,-1.833333333333333,0.45,0.49749371855331004,0.20100756305184247,-1.9595959595959598,13.569975,4.032660774770797,4.1468239754636445,18.946151375347572,0.775,0.85110222652746,0.9332160935856054,0.1830696630116866,574.0470000000003,87.22000000000001,4.738500000000005,3,9,0,0,0,0,0,0,0,0,0,0,0,0,0,0,0,0,0,0,0,0,0,0,0,0,0,0,0,0,0,0,0,0,0,0,0,0,0,0,0,0,0,0,1,0,0,0,0,0,0,0,0,0,0,0,1,0,0,0,0,0,0,0,1,0,0,1,0,0,0,0,0,0,0,0,0,1,0,0,0,1,1,0,0,1,0,1,0,1,0,0,0,1,1,1,0,1,1,0,1,0,1,0,0,1,1,0,1,1,0,0,1,1,1,0,0,0,0,1,1,0,1,1,1,0,0,1,0,0,1,1,0,1,0,0,1,0,1,1,0,0,0,0,1,0,1,1,0,1,1,1,1,1,0,1,1,1,1,0,1,1,1,1,1,1,1,1,0,0
CHEMBL261_124,36,33,-1,-1,-1,2.090909090909091,2.6952667418861074,2.744955251130927,5.814961929278935,0.10911471392850296,0.12598316150215763,1.5987816027349797,2.7479285588535953,0.15844251757611127,0.0867138919108882,-0.05909184827824267,-1.1873877672412034,6.498148148148148,3.7503452058760285,0.04030401039345362,-0.9883757646094504,0.02035480859010271,0.05423916476540909,3.298747546221901,9.996659616756956,0.8055555555555556,0.3957724124659724,-1.5440972939559132,0.3842364532019724,2.090909090909091,2.6952667418861074,2.744955251130927,5.814961929278935,2.0,0.0,0,0,1.8333333333333333,2.229848026709942,3.336316419602216,10.057925782591054,0.0,0.0,0,0,0.015415593846966398,0.038578050019904594,2.1279912994808403,2.590604576296103,0.04545454545454546,0.05293361886635958,2.7496046529146483,5.85439398286346,0.04545454545454544,0.09222580829625045,2.8580964243254487,6.304465870881312,1.2272727272727273,0.41907020260422223,1.301582746911936,-0.3058823529411776,0.0069449238252345,66.0,234.0,0.0,134.0,1770.0,24.0,0.0,0.0,0.0,552.0,558.0,13080.0,0.0,0.0,0.0,0.0,102.0,0.0,0.0,0.0,12.0,0.0,0.0,0.0,0.0,0.0,0.0,0.0,0.0,0.0,0.0,1,1,0,1,1,1,0,0,0,1,1,1,0,0,0,0,1,0,0,0,1,0,0,0,0,0,0,0,0,0,0,6.190476190476191,0.39267672624930106,1.5764815627361621,0.485294117647054,2.2857142857142856,0.5471012044321932,0.03560679326366638,-0.5330578512396702,0.0,0.0,0,0,3.619047619047619,0.4856209060564557,-0.4902903378454601,-1.7596153846153848,0.2857142857142857,0.45175395145262565,0.948683298050514,-1.1,12.391190476190475,0.7837827455936048,1.5764815627361661,0.485294117647062,1.2380952380952381,0.8109231602822096,0.07613613880604422,-0.6408799048751486,286.42300000000006,40.19,2.4802,4,4,0,0,0,0,0,0,0,0,0,0,0,0,0,0,0,0,0,0,0,0,0,0,0,0,0,0,0,0,0,0,0,0,0,0,0,0,0,0,1,0,0,0,0,0,0,0,0,0,0,0,0,0,0,0,0,0,0,0,0,0,0,0,1,0,0,1,0,0,0,0,0,0,0,0,0,1,0,1,0,1,1,0,0,1,0,1,1,0,0,0,1,1,0,1,0,0,1,0,1,0,1,0,0,0,1,1,0,0,1,0,0,1,0,0,0,0,1,0,1,0,1,1,1,0,0,0,0,0,1,1,0,1,0,1,0,1,0,1,1,0,0,0,1,0,0,1,0,1,1,0,0,1,0,1,0,0,1,0,1,0,1,1,1,1,0,1,0,0
CHEMBL261_125,38,34,-1,-1,-1,1.9230769230769231,2.659136310375939,3.1387314522109038,8.216816932476679,0.10846889480031319,0.12062457599711095,2.112494904542942,6.636299342225016,0.17504401063567787,0.0841366393029902,-0.32781839851833816,-0.8975122181785924,7.640852130325814,3.9113001730289327,-0.14779297754626045,-0.6604840614904282,0.027066540224434964,0.07920330482786733,3.1314272756812715,8.427154789715871,0.8157894736842105,0.3876557858593746,-1.6292261599251139,0.6543778801843323,1.9230769230769231,2.659136310375939,3.1387314522109038,8.216816932476679,2.0,0.0,0,0,1.7894736842105263,2.295967801177604,3.5590423968244536,11.708035739680325,0.0,0.0,0,0,0.0,0.0,0,0,0.03846153846153845,0.04813383931822214,3.1232785715113676,8.119254409793914,0.038461538461538464,0.04316704490131009,3.554182565575831,13.164269777081447,1.0,0.0,0,0,1.6390446488696595,68.0,254.0,0.0,82.0,2100.0,0.0,0.0,0.0,0.0,224.0,364.0,17040.0,0.0,0.0,0.0,0.0,0.0,0.0,0.0,0.0,0.0,0.0,0.0,0.0,0.0,0.0,0.0,0.0,0.0,0.0,0.0,1,1,0,1,1,0,0,0,0,1,1,1,0,0,0,0,0,0,0,0,0,0,0,0,0,0,0,0,0,0,0,6.7,1.0692676621563628,1.272771068248577,0.11734906374044529,2.1333333333333333,0.7630348761506397,0.22076033798076636,-0.38843890216187793,0.0,0.0,0,0,3.2,0.4,1.4999999999999987,0.24999999999999645,0.6,0.48989794855663565,-0.40824829046386274,-1.8333333333333337,13.541133333333335,2.427356610709592,1.4265923739263773,0.575787361691658,0.5,0.6708203932499369,1.6563466499998443,3.7283950617283947,421.35400000000004,88.17,5.112500000000002,0,5,0,0,0,0,0,0,0,0,0,0,0,0,0,0,0,0,0,0,0,0,0,0,0,0,0,0,0,0,0,0,0,0,0,0,0,0,0,1,1,0,0,0,1,1,0,0,0,0,0,0,0,0,0,0,0,0,0,0,0,0,0,0,0,0,0,1,0,0,0,0,0,0,0,0,0,0,0,1,0,0,1,0,0,0,0,0,0,1,0,0,0,0,1,1,0,0,0,1,1,0,0,0,0,0,0,0,1,1,0,0,1,0,1,1,0,0,0,1,0,0,1,1,0,0,0,1,1,1,0,0,0,1,0,1,1,1,0,1,0,0,0,0,1,1,1,1,0,0,0,0,1,1,1,0,1,0,1,1,1,1,1,1,1,1,1,1,0,0
CHEMBL261_126,40,37,-1,-1,-1,2.076923076923077,3.1246301556292155,3.3175618648749756,9.854900275482093,0.1036195103763774,0.11942779018871534,2.198271443875622,7.182353222459632,0.1787782797967945,0.09899921280316387,-0.21585832147894154,-1.1162412430446005,7.9375,4.560159216884136,-0.09769152285325501,-0.875508428339518,0.018960863697705804,0.05851142768375984,3.7477867803873957,13.746144230211407,0.825,0.3799671038392666,-1.7106744068953987,0.9264069264069255,2.076923076923077,3.1246301556292155,3.3175618648749756,9.854900275482093,2.0,0.0,0,0,1.85,2.6129485260907837,3.9644687452198206,15.465466742626173,0.0,0.0,0,0,0.009536682895993806,0.026391980744641896,2.5984979014049556,5.154899112455086,0.038461538461538464,0.05281218254094981,3.3484749539481546,10.06667297082104,0.03846153846153847,0.06772136451592345,-2.577589116882242,6.9458830139950685,1.1923076923076923,0.39411349099844606,1.5614401167176537,0.4380952380952392,-1.4839066881660736,74.0,336.0,0.0,188.0,3516.0,24.0,0.0,0.0,0.0,798.0,1064.0,37920.0,0.0,0.0,0.0,0.0,130.0,0.0,0.0,0.0,12.0,0.0,0.0,0.0,0.0,0.0,0.0,0.0,0.0,0.0,0.0,1,1,0,1,1,1,0,0,0,1,1,1,0,0,0,0,1,0,0,0,1,0,0,0,0,0,0,0,0,0,0,6.694444444444445,1.8681459085955974,4.666131394031544,22.763968903575766,2.1666666666666665,0.6871842709362768,-0.22826882356360692,-0.8927335640138412,0.0,0.0,0,0,3.2777777777777777,0.5583264233956049,-0.01970370673683107,-0.5052445838643256,0.25,0.4330127018922193,1.1547005383792515,-0.6666666666666665,13.437944444444446,3.9572222998268507,4.780890830792409,23.639465405406025,0.8055555555555556,0.9073601650589487,0.6155476068036568,-0.9878409014052836,512.9980000000005,130.56,2.7344800000000014,1,7,0,0,0,0,0,0,0,0,0,0,0,0,0,0,0,0,0,0,0,1,0,1,0,0,0,0,0,0,0,0,0,0,0,0,0,0,0,0,1,0,0,1,0,1,0,1,0,0,0,0,1,0,0,0,1,0,0,0,0,0,0,0,0,0,0,1,0,0,0,0,0,0,0,0,0,1,1,1,0,1,1,0,0,1,0,1,1,1,0,0,1,1,1,1,0,1,1,1,0,1,1,1,0,1,1,1,0,1,0,0,1,1,0,0,0,0,0,1,1,0,1,1,1,1,0,1,1,1,1,1,0,1,1,1,1,1,1,1,1,0,1,0,1,1,0,0,1,1,1,0,1,1,0,1,1,1,1,1,1,1,1,1,1,1,1,1,0,0
CHEMBL261_127,35,32,-1,-1,-1,2.0952380952380953,2.616882221720779,2.5745669113950305,4.951793342397254,0.11109839918163296,0.12739142149574714,1.5306058883789275,2.286841993714371,0.16195826321951365,0.08929148246858065,-0.0519661697704648,-1.1778695861678874,6.30952380952381,3.651460429103145,0.06011685301008873,-0.997718656742578,0.018436465495289024,0.050053199384835025,3.1001294686333716,8.479321533780327,0.8,0.4,-1.5,0.24999999999999956,2.0952380952380953,2.616882221720779,2.5745669113950305,4.951793342397254,2.0,0.0,0,0,1.8285714285714285,2.15785229582848,3.1563558463403,8.90273612769465,0.0,0.0,0,0,0.013924963924963923,0.03548789880750781,2.3298309874846272,3.8239952446868894,0.04761904761904763,0.05398665577566232,2.5910775522564284,5.013921098219342,0.047619047619047616,0.033214166724095606,-0.24902415394067653,0.23451220688379015,1.2380952380952381,0.4259177099999599,1.229837387624884,-0.4874999999999998,1.5118847835190012,64.0,216.0,0.0,148.0,1506.0,24.0,0.0,0.0,0.0,518.0,614.0,10200.0,0.0,0.0,0.0,0.0,100.0,0.0,0.0,0.0,12.0,0.0,0.0,0.0,0.0,0.0,0.0,0.0,0.0,0.0,0.0,1,1,0,1,1,1,0,0,0,1,1,1,0,0,0,0,1,0,0,0,1,0,0,0,0,0,0,0,0,0,0,6.423076923076923,0.7929049280033962,1.4107013296230932,0.08166089965397694,2.1538461538461537,0.7174906963914472,0.3881786764067881,0.16250495441934287,0.0,0.0,0,0,3.269230769230769,0.4435600997950306,1.0405319634289445,-0.9172932330827055,0.46153846153846156,0.49851851526214314,0.15430334996209163,-1.9761904761904763,12.854692307692309,1.581108441987913,1.4104828445065998,0.08102486283904797,0.8076923076923077,0.7854068406408515,0.8286182412723522,0.379448958818557,355.39000000000004,84.86,2.2441999999999998,2,7,0,0,0,0,0,0,0,0,0,0,0,0,0,0,0,0,0,0,0,0,0,0,1,0,1,0,0,0,0,0,0,0,0,0,0,0,0,0,0,0,0,0,0,0,0,0,0,0,0,0,0,0,0,0,0,0,0,0,0,0,0,0,1,0,0,0,1,0,1,1,0,1,1,0,0,0,0,0,0,0,0,0,0,0,0,0,0,0,0,0,1,1,1,1,1,0,0,0,0,0,0,0,1,0,0,0,0,0,1,1,1,0,1,1,0,0,0,1,1,0,0,0,0,1,1,1,1,1,0,0,0,1,1,0,0,0,1,0,0,1,1,0,0,1,0,1,1,1,0,0,1,1,1,1,1,1,1,1,1,1,1,1,1,1,1,1,0,0
CHEMBL261_128,35,30,-1,-1,-1,1.9047619047619047,2.348348191607229,2.7397543797388737,5.9023139932479225,0.10803664803430049,0.12999812019002904,1.8914884015995972,4.9690955571783375,0.14631144462386012,0.07590309577764212,-0.0979842167930553,-1.0892116587868281,5.8999999999999995,3.3022575250735313,0.06727101527921242,-0.8603868477951915,0.02210338680926916,0.061768095575004844,2.873557215317187,6.718009076603247,0.8,0.4,-1.5,0.24999999999999956,1.9047619047619047,2.348348191607229,2.7397543797388737,5.9023139932479225,2.0,0.0,0,0,1.7142857142857142,1.9504055046715443,3.246035354507096,9.631955828989296,0.0,0.0,0,0,0.0,0.0,0,0,0.047619047619047616,0.053414580985403054,2.7501206140177583,5.993118125308163,0.0476190476190476,0.04036948729164295,-0.7304686390941472,-0.023693538965836147,1.0,0.0,0,0,-0.6699479349536478,60.0,176.0,0.0,48.0,1116.0,0.0,0.0,0.0,0.0,142.0,156.0,6840.0,0.0,0.0,0.0,0.0,0.0,0.0,0.0,0.0,0.0,0.0,0.0,0.0,0.0,0.0,0.0,0.0,0.0,0.0,0.0,1,1,0,1,1,0,0,0,0,1,1,1,0,0,0,0,0,0,0,0,0,0,0,0,0,0,0,0,0,0,0,6.466666666666667,0.8055363982396381,1.256147019960854,-0.27894539313191924,2.066666666666667,0.8137703743822469,0.24851867656013762,-0.6894284041259415,0.0,0.0,0,0,3.466666666666667,0.49888765156985887,0.13363062095621156,-1.9821428571428572,0.2,0.4000000000000001,1.4999999999999998,0.24999999999999734,12.94166666666667,1.606327931096955,1.255800090997928,-0.27986438368868605,1.0666666666666667,1.0306416555826872,0.5973178342127213,-0.8162672222124967,420.50600000000014,105.17,2.037399999999999,3,7,0,0,0,0,0,0,0,0,0,0,0,0,0,0,0,0,0,0,0,0,0,0,0,1,0,0,0,0,0,0,0,0,0,0,0,0,0,0,0,0,0,0,0,0,0,0,0,0,0,0,0,0,0,0,1,0,0,0,0,0,0,0,0,0,0,0,1,0,0,0,0,0,0,0,1,1,0,0,0,0,0,0,0,1,0,1,0,0,0,1,1,0,1,1,0,1,1,1,0,0,1,0,0,0,1,0,1,0,1,0,1,1,1,0,0,0,0,1,1,0,0,1,1,1,0,0,1,0,1,1,0,1,1,0,0,0,1,1,0,1,1,1,1,0,0,0,1,1,1,1,1,1,1,1,1,1,1,1,1,1,1,1,1,1,1,1,0,0
CHEMBL261_129,37,36,-1,-1,-1,2.16,2.962161373051779,2.9834800070432177,7.362674707563837,0.1136077324227982,0.11882891130014159,1.787608132736136,4.233600556050107,0.19372875215514881,0.09763755477408244,-0.3113150339026525,-1.0277306112691544,8.003603603603603,4.200977891190252,-0.190351226189977,-0.8206393452202043,0.02213642213642214,0.06298366015534447,3.5998154334099746,12.112086760319695,0.8108108108108109,0.3916588309780929,-1.5871507864874157,0.5190476190476199,2.16,2.962161373051779,2.9834800070432177,7.362674707563837,2.0,0.0,0,0,1.945945945945946,2.5356479628830093,3.4823404620653795,11.226613072228886,0.0,0.0,0,0,0.01172196378455269,0.030429475716462286,2.3159667080256403,3.580030782700658,0.04000000000000001,0.05022185239286392,3.005984131229668,7.475517210036575,0.04000000000000001,0.03563913067195188,2.9253782197958564,7.796968937698114,1.32,0.46647615158762407,0.7717436331412894,-1.4044117647058831,-0.42381794733099837,72.0,306.0,0.0,206.0,2772.0,24.0,0.0,0.0,0.0,774.0,1046.0,25200.0,0.0,0.0,0.0,0.0,120.0,0.0,0.0,0.0,12.0,0.0,0.0,0.0,0.0,0.0,0.0,0.0,0.0,0.0,36.0,1,1,0,1,1,1,0,0,0,1,1,1,0,0,0,0,1,0,0,0,1,0,0,0,0,0,0,0,0,0,1,7.071428571428571,1.925924108958966,3.4983065789550434,13.564065547964255,2.142857142857143,0.8748177652797064,0.03919183588453098,-1.1130666666666666,0.0,0.0,0,0,3.4285714285714284,0.4948716593053935,0.2886751345948139,-1.9166666666666667,0.39285714285714285,0.48838551182776235,0.43876345447627824,-1.8074866310160436,14.151857142857144,3.8595003906342753,3.5118649504053407,13.646249928887144,0.6428571428571429,0.7178482586514922,1.2295113003782836,1.9353004607391444,414.3960000000001,187.08999999999997,-2.254399999999998,5,4,0,0,0,0,0,0,0,0,0,0,0,0,0,0,0,0,0,0,0,0,0,0,0,0,0,0,0,0,0,0,0,0,1,1,0,0,0,0,0,0,0,0,0,0,0,0,0,0,0,0,0,1,1,1,1,1,0,1,1,1,1,1,1,0,1,1,0,1,0,1,1,0,1,1,0,1,0,1,0,1,1,1,0,1,1,0,0,0,1,1,0,0,1,1,1,1,1,1,1,0,0,0,1,0,0,0,1,0,0,0,1,0,1,0,0,0,0,1,0,0,1,1,1,1,1,1,1,1,0,0,1,1,0,1,0,0,1,1,0,1,1,0,1,1,0,1,1,0,1,0,1,1,1,0,1,0,1,1,1,1,1,1,1,1,1,1,0,1
CHEMBL261_130,39,35,-1,-1,-1,2.0,2.8284271247461903,3.022881489572491,7.362500000000001,0.10790029856336981,0.11831547325249264,1.770873817540399,3.986760468240057,0.16357971649371747,0.08828642504733052,-0.18037903048568465,-1.1002513001335485,7.2735042735042725,4.127918492641366,-0.06493661545010769,-0.9010713802600754,0.02144654776233724,0.06222154307722478,3.4059780698348177,10.89903444030586,0.8205128205128205,0.3837597319768145,-1.6703827619526517,0.7901785714285703,2.0,2.8284271247461903,3.022881489572491,7.362500000000001,2.0,0.0,0,0,1.794871794871795,2.3662096400121695,3.6012622392377005,11.840363929108875,0.0,0.0,0,0,0.004714912280701754,0.014214167803701237,2.77464417742578,5.916796787868289,0.04000000000000001,0.05133774985060262,3.0175025252856393,7.323049992558429,0.04,0.21239046624154317,3.1409033952478675,8.204302647064079,1.16,0.36660605559646714,1.8548520670059365,1.4404761904761942,-1.0796042316025933,70.0,274.0,0.0,108.0,2370.0,8.0,0.0,0.0,0.0,462.0,510.0,19920.0,0.0,0.0,0.0,0.0,38.0,0.0,0.0,0.0,0.0,0.0,0.0,0.0,0.0,0.0,0.0,0.0,0.0,0.0,0.0,1,1,0,1,1,1,0,0,0,1,1,1,0,0,0,0,1,0,0,0,0,0,0,0,0,0,0,0,0,0,0,6.371428571428571,0.6797358430497326,1.5635435121705794,0.9365018916455501,2.1714285714285713,0.6963461489687965,-0.245768532494088,-0.9380165289256195,0.0,0.0,0,0,3.2,0.5237229365663817,0.19094065395649246,-0.010416666666667851,0.5142857142857142,0.4997958767010257,-0.057166195047502644,-1.9967320261437904,12.751914285714287,1.3556576342220372,1.5625380341048343,0.9327825103312324,0.7714285714285715,0.8647283400240889,0.7230769467643414,-0.6156156442478209,473.5330000000002,123.35,1.6923799999999993,1,6,0,0,0,0,0,0,0,0,0,0,0,0,0,0,0,0,0,0,0,0,0,0,0,0,0,0,0,0,0,0,0,0,0,0,0,0,0,1,1,0,0,1,0,0,0,0,0,0,0,0,0,0,0,0,0,0,0,0,0,0,0,0,1,0,0,1,0,0,0,0,0,0,0,0,0,1,0,1,0,1,1,0,0,0,1,1,1,0,0,1,1,1,1,1,0,0,0,1,1,0,1,0,0,0,1,0,1,0,0,0,1,1,0,1,0,0,0,1,1,0,1,1,1,1,0,1,1,1,1,1,0,0,0,1,0,1,1,1,1,0,1,0,1,1,1,1,1,1,1,0,1,1,0,1,1,1,1,1,1,1,1,1,1,1,1,1,0,0
CHEMBL261_131,35,31,-1,-1,-1,2.0,2.5298221281347035,2.5940558931068733,4.949218749999999,0.1109446694046948,0.1275253265124679,1.5693123923517611,2.686471182215043,0.14764928807041638,0.08021971551400518,0.06006666494037692,-1.1477008358058411,5.82952380952381,3.3560608185322085,0.17182298146912425,-0.9560164192448717,0.01751973516679399,0.04972771097902876,3.1915971444830173,9.085618891183405,0.8,0.4,-1.5,0.24999999999999956,2.0,2.5298221281347035,2.5940558931068733,4.949218749999999,2.0,0.0,0,0,1.7714285714285714,2.043606256256876,3.202530453176848,9.175638249683185,0.0,0.0,0,0,0.006494336865180855,0.01827323756172481,2.5132815796820362,4.457371414231631,0.050000000000000024,0.05761297720415506,2.6063814659277202,5.006215983231009,0.049999999999999975,0.018725803486977093,0.6224620517308177,2.4612479218921983,1.2,0.4,1.5,0.25,-0.666622756606617,62.0,194.0,0.0,84.0,1284.0,8.0,0.0,0.0,0.0,288.0,312.0,8184.0,0.0,0.0,0.0,0.0,30.0,0.0,0.0,0.0,0.0,0.0,0.0,0.0,0.0,0.0,0.0,0.0,0.0,0.0,0.0,1,1,0,1,1,1,0,0,0,1,1,1,0,0,0,0,1,0,0,0,0,0,0,0,0,0,0,0,0,0,0,6.277777777777778,0.6502611061510903,2.0754031276506435,2.5794661409771438,2.111111111111111,0.5665577237325317,0.015085856549090915,-0.008875739644970349,0.0,0.0,0,0,3.0555555555555554,0.2290614236454256,3.8805700005813297,13.058823529411775,0.6666666666666666,0.4714045207910317,-0.7071067811865477,-1.4999999999999998,12.565,1.2967441279347807,2.074870716161709,2.5771004742647508,0.7222222222222222,0.7307192465536614,1.337751644130048,2.6280196464967087,239.27400000000003,38.66,3.2238000000000016,0,3,0,0,0,0,0,0,0,0,0,0,0,0,0,0,0,0,0,0,0,0,0,0,0,0,0,0,0,0,0,0,0,0,0,0,0,0,0,0,0,0,0,0,0,0,0,0,0,0,0,0,0,0,0,0,0,0,0,0,0,0,0,0,0,0,0,0,0,0,0,0,0,0,0,0,0,0,0,0,1,0,0,0,0,0,0,0,0,0,0,0,0,0,0,1,0,0,0,0,0,0,0,0,0,0,0,0,0,0,0,0,0,0,0,0,0,0,0,0,0,1,0,0,0,1,0,1,1,0,0,0,0,0,0,1,0,1,0,0,0,0,0,0,0,0,0,1,0,0,0,0,0,0,0,0,1,0,1,1,1,1,1,1,1,1,1,1,0,1
CHEMBL261_132,35,32,-1,-1,-1,2.0,2.5194892512087685,2.8707710139500175,6.68727716269469,0.11337612456985242,0.12536858836626455,1.7442147771787564,3.9868825646139063,0.17140662016291158,0.08411715080737805,-0.1499405310140417,-0.9875751029168369,6.873877551020408,3.581802822995205,-0.027611118199896135,-0.7866074998376065,0.026228673287496816,0.06764273428216445,3.1368933397916208,9.188020440099754,0.8,0.4,-1.5,0.24999999999999956,2.0,2.5194892512087685,2.8707710139500175,6.68727716269469,2.0,0.0,0,0,1.8285714285714285,2.1578522958284805,3.292848114530796,9.958170271003935,0.0,0.0,0,0,0.005588802237536694,0.015952268239512773,2.638168608952532,5.317014310540742,0.04347826086956521,0.049263593351282116,2.859822007664755,6.634912303701915,0.043478260869565216,0.0708603645163087,3.1995329111760906,9.069777321832655,1.173913043478261,0.3790346907426672,1.7206180040292134,0.9605263157894743,-0.6686571714731424,64.0,216.0,0.0,110.0,1554.0,8.0,0.0,0.0,0.0,344.0,438.0,11064.0,0.0,0.0,0.0,0.0,32.0,0.0,0.0,0.0,0.0,0.0,0.0,0.0,0.0,0.0,0.0,0.0,0.0,0.0,0.0,1,1,0,1,1,1,0,0,0,1,1,1,0,0,0,0,1,0,0,0,0,0,0,0,0,0,0,0,0,0,0,6.277777777777778,0.6502611061510903,2.0754031276506435,2.5794661409771438,2.111111111111111,0.5665577237325317,0.015085856549090915,-0.008875739644970349,0.0,0.0,0,0,3.111111111111111,0.3142696805273545,2.474873734152916,4.124999999999997,0.6666666666666666,0.4714045207910317,-0.7071067811865477,-1.4999999999999998,12.565,1.2967441279347807,2.074870716161709,2.5771004742647508,0.8333333333333334,0.7637626158259734,1.0391328106475821,1.374149659863943,241.29000000000002,38.33,3.085300000000002,0,4,0,0,0,0,0,0,0,0,0,0,0,0,0,0,0,0,0,0,0,0,0,0,0,0,0,0,0,0,0,0,0,0,0,0,0,0,0,0,0,0,0,0,0,0,0,0,0,0,0,0,0,0,0,0,0,0,0,0,0,0,0,0,0,0,0,0,0,0,0,0,0,0,0,0,0,0,0,0,0,0,0,0,1,0,0,0,0,0,0,0,0,0,0,1,0,0,0,0,0,0,1,0,0,0,0,0,0,0,0,0,0,0,0,0,0,0,0,0,0,0,0,0,0,1,0,1,1,0,0,0,0,0,0,1,0,1,0,0,0,0,0,0,0,0,0,1,0,0,0,0,0,1,0,1,1,1,1,1,1,1,1,1,1,1,1,1,0,1
CHEMBL261_133,39,37,-1,-1,-1,2.074074074074074,2.9929042741980623,3.11981365172675,8.071420396849035,0.10984650920493959,0.11651081519118629,1.8089327095357624,4.01859135111163,0.1930244973239326,0.09671620751745327,-0.32065100438874594,-0.9392308318423899,8.423076923076925,4.399364780916027,-0.19356479067278526,-0.7497417539737707,0.023525549841339314,0.06764332988769209,3.4427500187145874,10.975614517519086,0.8205128205128205,0.3837597319768145,-1.6703827619526517,0.7901785714285703,2.074074074074074,2.9929042741980623,3.11981365172675,8.071420396849035,2.0,0.0,0,0,1.8974358974358974,2.5799510211497982,3.5983457158822656,11.88788567398397,0.0,0.0,0,0,0.00922453235898567,0.025235506084373308,2.5998608533042256,5.305491149440144,0.037037037037037035,0.0484017254652478,3.127905877777841,8.10636786170967,0.037037037037037035,0.03211184501768466,-1.0453321498297374,1.5217666057810089,1.1851851851851851,0.38844772154450063,1.6208864017175073,0.6272727272727261,1.20715478116002,74.0,326.0,0.0,212.0,3102.0,24.0,0.0,0.0,0.0,842.0,1148.0,29160.0,0.0,0.0,0.0,0.0,130.0,0.0,0.0,0.0,12.0,0.0,0.0,0.0,0.0,0.0,0.0,0.0,0.0,0.0,0.0,1,1,0,1,1,1,0,0,0,1,1,1,0,0,0,0,1,0,0,0,1,0,0,0,0,0,0,0,0,0,0,6.62962962962963,0.9486109981381998,1.317597081055625,0.4982804134443768,2.1481481481481484,0.7554102983100421,-0.25221666418011723,-1.2145894970414195,0.0,0.0,0,0,3.111111111111111,0.3142696805273545,2.4748737341529163,4.124999999999997,0.6296296296296297,0.4829038818668629,-0.5368754921931594,-1.7117647058823524,13.341296296296298,2.0859962326377484,1.5496309856587294,1.4044188476333597,0.48148148148148145,0.7388865682688891,1.7163565699978998,2.8453448145248865,373.319,112.12999999999998,2.3571999999999997,0,4,0,0,0,0,0,0,0,0,0,0,0,0,0,0,0,0,0,0,0,0,0,0,0,0,0,1,0,0,0,0,0,0,0,0,0,0,0,0,0,0,0,0,1,0,0,0,0,0,0,0,0,0,1,1,0,0,0,0,0,0,0,0,0,0,0,1,0,0,0,0,0,0,0,0,0,1,0,1,0,1,1,0,0,1,1,0,0,1,0,0,0,0,1,1,1,1,1,1,0,0,0,0,0,0,0,0,1,1,0,0,1,0,0,0,0,0,0,1,0,0,1,1,1,1,1,1,1,0,0,0,0,1,0,1,1,1,1,1,0,0,0,0,1,0,1,1,1,0,1,0,1,1,0,0,1,0,1,1,1,1,1,1,1,1,1,1,0,0
CHEMBL261_134,33,29,-1,-1,-1,2.0,2.53397960362331,2.717167056828005,6.19363074442354,0.11167670978113342,0.13353405107121855,1.8889681942586651,4.9499517597076155,0.15776606186842365,0.08673836115161966,0.0351386149538836,-1.0660890762220394,5.752525252525253,3.3210306329286583,0.15182849555509473,-0.8357515196822916,0.017289833822091885,0.05023071725949672,3.2644753997085902,10.100436765797971,0.7878787878787878,0.40881022918884974,-1.4083737016560922,-0.016483516483517313,2.0,2.53397960362331,2.717167056828005,6.19363074442354,2.0,0.0,0,0,1.7575757575757576,2.0601603796101253,3.3212314839296884,10.750086458363944,0.0,0.0,0,0,0.005825182400462123,0.0165277678884567,2.7542199233511466,6.254130696974707,0.05263157894736842,0.06106546927581964,2.7432796984583376,6.315565545249182,0.05263157894736842,0.3548079241259966,3.0192912042118834,8.194905174811531,1.2105263157894737,0.40768245749551757,1.420093893609386,0.016666666666666163,1.0714315405673807,58.0,184.0,0.0,96.0,1266.0,8.0,0.0,0.0,0.0,240.0,392.0,8880.0,0.0,0.0,0.0,0.0,30.0,0.0,0.0,0.0,0.0,0.0,0.0,0.0,0.0,0.0,0.0,0.0,0.0,0.0,0.0,1,1,0,1,1,1,0,0,0,1,1,1,0,0,0,0,1,0,0,0,0,0,0,0,0,0,0,0,0,0,0,6.5,0.8660254037844386,1.1547005383792515,-0.6666666666666665,2.0,0.7071067811865476,0.0,-1.0,0.0,0.0,0,0,3.1666666666666665,0.3726779962499649,1.7888543819998335,1.2000000000000028,0.5,0.5,0.0,-2.0,13.007999999999997,1.7268546551461714,1.1547005383792552,-0.6666666666666621,0.8333333333333334,1.0671873729054748,1.1579713076618587,0.017846519928612636,166.176,35.53,1.4818,0,2,0,0,0,0,0,0,0,0,0,0,0,0,0,0,0,0,0,0,0,0,0,0,0,0,0,0,0,0,0,0,0,0,0,0,0,0,0,0,0,0,0,0,0,0,0,0,0,0,0,0,0,0,0,0,0,0,0,0,0,0,0,0,0,0,0,0,0,0,0,0,0,0,0,0,0,0,0,0,0,0,0,0,0,0,0,0,0,0,0,0,0,0,0,1,0,0,0,0,0,0,0,0,0,0,0,0,0,0,0,0,0,0,0,1,0,0,0,0,0,0,0,0,0,1,0,0,1,1,0,0,0,0,0,0,0,0,0,0,0,0,0,0,0,1,0,0,1,0,0,1,0,0,1,0,1,0,0,1,0,1,1,0,1,1,1,1,0,1
CHEMBL261_135,38,35,-1,-1,-1,2.0,2.8147960713126134,3.145652014467183,8.492789141295125,0.1094768883450028,0.1197104857227636,2.061247125173735,6.136898049929583,0.1848315155550451,0.0919071338647999,-0.2727692603850279,-0.9203770942659633,7.929824561403509,4.131224982043732,-0.13958864263086876,-0.6993912400614373,0.024853801169590642,0.07100112577745485,3.3868873039533858,11.066383762142044,0.8157894736842105,0.3876557858593746,-1.6292261599251139,0.6543778801843323,2.0,2.8147960713126134,3.145652014467183,8.492789141295125,2.0,0.0,0,0,1.8421052631578947,2.4227682708387164,3.6043461408111885,12.30984234195612,0.0,0.0,0,0,0.0035296941607541672,0.01094656316159489,3.1327275772228673,8.814334666255538,0.03846153846153847,0.04904457667675028,3.1387303573558563,8.429162521682766,0.038461538461538464,0.029874410793367483,-0.5324744782377896,-0.11053238499878937,1.1538461538461537,0.36080121229411,1.9188064472004944,1.6818181818181834,0.8243082207928648,70.0,282.0,0.0,152.0,2502.0,8.0,0.0,0.0,0.0,462.0,786.0,22320.0,0.0,0.0,0.0,0.0,40.0,0.0,0.0,0.0,0.0,0.0,0.0,0.0,0.0,0.0,0.0,0.0,0.0,0.0,0.0,1,1,0,1,1,1,0,0,0,1,1,1,0,0,0,0,1,0,0,0,0,0,0,0,0,0,0,0,0,0,0,6.96,2.029384143034531,3.5002293911139293,12.798460669090039,2.16,0.88,0.035499624342599026,-1.090840789563555,0.0,0.0,0,0,3.12,0.32496153618543844,2.33873832860732,3.4696969696969635,0.48,0.4995998398718719,0.08006407690254361,-1.9935897435897438,13.930040000000002,4.067275102375054,3.511217607769835,12.864046741521841,0.48,0.7547184905645283,1.7427437055273098,2.7978159323317726,360.3470000000001,123.84,0.9212000000000002,0,3,0,0,0,0,0,0,0,0,0,0,0,0,0,0,0,0,0,0,0,0,0,0,0,0,0,0,0,0,0,0,0,0,1,1,0,0,0,0,0,0,0,0,0,0,0,0,0,0,0,0,0,1,0,0,0,1,0,0,1,1,1,1,1,0,1,0,0,1,0,1,0,0,0,1,0,1,0,0,0,0,0,1,0,1,1,1,0,0,1,1,0,0,1,1,1,0,1,0,0,0,0,1,1,0,0,1,1,0,0,0,1,0,1,0,0,0,0,1,0,0,0,1,1,1,1,1,1,1,0,0,1,0,0,1,0,1,1,1,0,0,1,0,1,1,1,1,1,0,1,0,1,1,0,0,1,0,1,1,1,1,1,1,1,1,1,1,0,1
CHEMBL261_136,37,34,-1,-1,-1,2.0,2.7129319932501073,2.992911446948591,7.423558601134214,0.11215633853071305,0.12019976187335449,1.8560157251311615,4.635746219916629,0.18397885972420316,0.09131890970566484,-0.2524856410842983,-0.9134585759168905,7.633333333333335,3.976339557466927,-0.1193612311734844,-0.7410787850258833,0.024281424281424283,0.0686604230331249,3.186629688178386,9.244138013403514,0.8108108108108109,0.3916588309780929,-1.5871507864874157,0.5190476190476199,2.0,2.7129319932501073,2.992911446948591,7.423558601134214,2.0,0.0,0,0,1.837837837837838,2.3309146043178743,3.4358393278031087,10.933689893276398,0.0,0.0,0,0,0.003749707439590115,0.01146658907544361,3.103084206046487,8.715912855262042,0.04000000000000001,0.04917659552230448,2.9996041226672863,7.444559974595268,0.039999999999999994,0.043143374673855615,-1.329515132451088,1.9745040042150874,1.16,0.36660605559646714,1.8548520670059365,1.4404761904761942,1.116388346163837,68.0,258.0,0.0,146.0,2106.0,8.0,0.0,0.0,0.0,442.0,698.0,17040.0,0.0,0.0,0.0,0.0,38.0,0.0,0.0,0.0,0.0,0.0,0.0,0.0,0.0,0.0,0.0,0.0,0.0,0.0,0.0,1,1,0,1,1,1,0,0,0,1,1,1,0,0,0,0,1,0,0,0,0,0,0,0,0,0,0,0,0,0,0,6.323529411764706,0.6739081904346824,1.8125801442687919,1.6374639455782303,2.235294117647059,0.7299808027053445,0.058082044809621425,-0.3945016022938099,0.0,0.0,0,0,3.6470588235294117,0.47788461203740945,-0.6154574548966633,-1.621212121212122,0.17647058823529413,0.3812200410828153,1.6973368495830106,0.8809523809523809,12.65629411764706,1.3439501813554695,1.8118665565652425,1.6345984100532656,1.1470588235294117,0.9434714666085554,0.33409786110266887,-0.8676373506503814,469.62600000000026,71.11000000000001,2.700300000000002,6,6,0,0,0,0,0,0,0,0,0,0,0,0,0,0,0,0,0,0,0,0,0,0,0,0,0,0,0,0,0,0,0,0,0,0,0,0,0,0,0,0,0,0,0,0,0,0,0,0,0,0,0,0,0,0,0,0,0,1,0,0,0,0,0,0,0,0,1,0,0,0,0,0,1,0,1,1,0,0,0,1,1,0,0,1,0,1,1,0,0,0,1,1,1,1,0,1,1,1,1,0,1,0,0,0,1,1,0,0,1,1,1,1,1,0,0,0,1,1,1,0,1,1,1,0,0,0,1,1,1,1,0,0,1,1,0,0,1,1,1,0,1,1,1,1,0,1,1,1,1,1,1,1,1,1,1,0,1,1,1,1,1,1,1,1,1,1,0,0
CHEMBL261_137,35,33,-1,-1,-1,2.0869565217391304,2.6851126359381756,2.8853275186603784,7.006553698198536,0.11318171270184799,0.12554412961705902,1.7676278123445772,4.077905206528183,0.18407153744743202,0.09321844797671537,-0.16208351417614092,-1.0205080057677105,7.18,3.8050004693072736,-0.041759610521256464,-0.8171551164307953,0.02307104660045836,0.06168768667359344,3.3320935838930072,10.655835861059606,0.8,0.4,-1.5,0.24999999999999956,2.0869565217391304,2.6851126359381756,2.8853275186603784,7.006553698198536,2.0,0.0,0,0,1.8857142857142857,2.289995989658729,3.3522237310535736,10.649380378530697,0.0,0.0,0,0,0.012830465147108682,0.03326085768658525,2.4360027086055123,4.382002625431601,0.043478260869565195,0.05048266444361242,2.9022463304579755,7.1062386382718685,0.04347826086956521,0.040507800775934764,2.7771326667891487,7.5366363967743375,1.2173913043478262,0.4124709991523974,1.3703203194062967,-0.12222222222222534,-1.0681048343773376,66.0,242.0,0.0,178.0,1890.0,24.0,0.0,0.0,0.0,570.0,814.0,15024.0,0.0,0.0,0.0,0.0,106.0,0.0,0.0,0.0,12.0,0.0,0.0,0.0,0.0,0.0,0.0,0.0,0.0,0.0,0.0,1,1,0,1,1,1,0,0,0,1,1,1,0,0,0,0,1,0,0,0,1,0,0,0,0,0,0,0,0,0,0,6.333333333333333,0.7071067811865476,1.7808615229883429,1.370370370370373,2.1666666666666665,0.6454972243679028,0.44754474222841323,0.6133333333333333,0.0,0.0,0,0,3.5555555555555554,0.49690399499995336,-0.2236067977499777,-1.950000000000001,0.3333333333333333,0.4714045207910317,0.7071067811865478,-1.4999999999999991,12.675777777777778,1.4100757487752038,1.7804383959986312,1.3687743844590345,1.1111111111111112,0.9060836905722273,0.2277374689515585,-0.9767086890157732,496.6480000000003,80.26,3.2791000000000006,2,13,0,0,0,0,0,0,0,0,0,0,0,0,0,0,0,0,0,0,0,0,0,0,1,0,0,0,0,0,0,0,0,0,0,0,0,0,0,0,0,0,0,0,0,0,0,0,0,0,0,0,0,0,0,1,0,0,0,0,0,0,0,0,1,0,0,0,1,0,0,0,0,0,1,0,0,0,0,0,0,0,1,0,1,0,0,1,1,0,0,1,1,1,1,1,0,0,0,1,1,0,1,0,0,0,1,0,0,0,1,1,1,1,1,1,0,1,1,1,1,0,0,1,1,0,0,1,1,1,1,1,0,1,1,1,0,0,0,1,1,1,1,0,1,1,0,1,1,1,1,1,1,1,1,1,1,1,1,1,1,1,1,1,1,1,1,1,0,0
CHEMBL261_138,36,34,-1,-1,-1,2.0833333333333335,2.7373446176094736,2.837954125032874,6.400236720747682,0.11322882930337513,0.12229885523734439,1.6176744684572466,2.837654679740643,0.1849081537614654,0.09298451514531159,-0.21289312464104063,-1.0184353748445276,7.451851851851853,3.927191881843509,-0.08980174084890706,-0.8400736143703633,0.023529411764705885,0.06326471764902969,3.1960816188930217,9.2163127392187,0.8055555555555556,0.39577241246597245,-1.5440972939559128,0.38423645320197064,2.0833333333333335,2.7373446176094736,2.837954125032874,6.400236720747682,2.0,0.0,0,0,1.8888888888888888,2.3425742935897795,3.2971887092105434,9.815539508630033,0.0,0.0,0,0,0.01158703029270405,0.03027944284134675,2.4596753485230574,4.591373462651494,0.041666666666666664,0.04943607896728808,2.847635725969692,6.442178369268412,0.041666666666666664,0.061170935726860096,-1.6998697318017377,2.738976067586335,1.2083333333333333,0.40611643103370687,1.4363696929192162,0.0631578947368423,-0.733409785566774,68.0,258.0,0.0,184.0,2046.0,24.0,0.0,0.0,0.0,644.0,852.0,15960.0,0.0,0.0,0.0,0.0,112.0,0.0,0.0,0.0,12.0,0.0,0.0,0.0,0.0,0.0,0.0,0.0,0.0,0.0,0.0,1,1,0,1,1,1,0,0,0,1,1,1,0,0,0,0,1,0,0,0,1,0,0,0,0,0,0,0,0,0,0,6.346153846153846,0.5506854255106289,1.3205443055623851,0.772064247471747,2.1538461538461537,0.6007884366082041,-0.07556274881285609,-0.3681805966138132,0.0,0.0,0,0,3.4615384615384617,0.6343239424027171,-0.7597071784226317,-0.4446366782006912,0.34615384615384615,0.47574295680203776,0.6467616667635546,-1.581699346405229,12.70176923076923,1.0987062429439565,1.31884298347559,0.7639860679356612,1.0384615384615385,1.055417133385557,0.3159276823035679,-1.4111416220906545,357.46200000000016,91.89,2.020779999999999,0,8,0,0,0,0,0,0,0,0,0,0,0,0,0,0,0,0,0,0,0,0,0,0,0,0,0,0,0,0,0,0,0,0,0,0,0,0,0,0,1,0,0,1,0,0,0,0,0,0,0,0,0,0,0,0,0,0,0,0,0,0,0,0,0,0,0,1,0,0,0,0,0,0,0,0,0,1,0,1,0,1,1,0,0,1,0,1,1,0,0,0,1,1,0,1,0,1,1,0,1,0,1,1,0,0,1,1,0,0,0,1,0,1,0,0,0,1,1,0,1,0,1,1,1,0,0,1,1,0,1,1,0,0,1,1,0,1,0,1,1,0,0,0,1,0,0,1,0,1,1,1,0,1,0,1,0,1,1,1,1,0,1,1,1,1,1,1,0,0
CHEMBL261_139,40,40,-1,-1,-1,2.3076923076923075,3.505701189263336,3.38534411462538,10.331137577832187,0.10608610925837332,0.11724221689485606,2.0737578371962795,6.492036973611938,0.19086243458358826,0.10877674383532299,-0.20673300004957235,-1.190149409703372,8.397499999999999,4.8929548985136675,-0.12982166176632132,-0.9212643705090624,0.01700404858299595,0.05638434146352288,4.441122686407047,19.406296510622767,0.825,0.3799671038392666,-1.7106744068953987,0.9264069264069255,2.3076923076923075,3.505701189263336,3.38534411462538,10.331137577832187,2.0,0.0,0,0,2.0,2.924038303442689,4.103913408340616,16.59372114496768,0.0,0.0,0,0,0.059825045004500456,0.16615519086117583,4.581824671053862,22.720280191415853,0.038461538461538464,0.05356854080661405,3.4095206653682433,10.466666231117477,0.03846153846153846,0.015362395712724092,0.30509870578946174,-0.2315519280895435,1.3846153846153846,0.4865042554105199,0.47434164902525705,-1.7750000000000001,-0.20411187790118848,80.0,422.0,0.0,328.0,5130.0,88.0,0.0,0.0,0.0,1640.0,2130.0,65160.0,0.0,0.0,0.0,0.0,510.0,0.0,0.0,0.0,120.0,0.0,0.0,0.0,0.0,0.0,0.0,0.0,0.0,0.0,0.0,1,1,0,1,1,1,0,0,0,1,1,1,0,0,0,0,1,0,0,0,1,0,0,0,0,0,0,0,0,0,0,6.9411764705882355,2.57751791767137,3.4658428550883538,10.657952473958332,2.235294117647059,0.6443794794178425,-0.2647325694608305,-0.7016666666666671,0.0,0.0,0,0,3.235294117647059,0.4241825029957635,1.2480754415067645,-0.4423076923076943,0.7058823529411765,0.4556450995538138,-0.903696114115064,-1.1833333333333336,13.976764705882355,5.486301824484556,3.4989456097769533,10.824985274015624,0.6470588235294118,0.8360394355030528,1.3417117536143979,1.2951181256739517,497.38600000000014,100.74,6.006300000000004,1,8,0,0,0,0,0,0,0,0,0,0,0,0,0,0,0,0,0,0,0,0,0,0,0,0,0,0,0,0,0,0,0,0,0,0,0,0,0,0,1,0,0,0,0,0,0,0,0,0,0,0,0,0,1,1,0,0,0,0,0,0,0,0,1,0,0,1,0,0,0,1,0,0,0,0,0,0,0,1,0,1,1,0,1,1,0,0,1,1,0,0,0,0,0,1,1,1,1,0,1,0,1,1,0,1,1,1,0,1,0,1,0,1,0,1,0,1,1,0,1,0,1,1,0,0,1,1,1,1,0,0,0,1,1,1,1,1,0,1,1,0,0,0,1,1,1,1,0,1,0,1,1,1,1,1,0,1,1,1,1,1,1,1,1,1,1,1,0,0
CHEMBL261_140,37,35,-1,-1,-1,2.1739130434782608,2.92889909445205,2.787646227858171,6.111329120083081,0.11107796613959943,0.12119699858213086,1.6331631100775026,3.166431411604062,0.17219843956107148,0.09567442017592931,-0.14438474485499192,-1.182555996232448,7.090090090090091,4.099292144746441,-0.04706708412286502,-0.9977086173603493,0.017975117975117975,0.053853291400141806,3.4886481243225207,11.03025638111025,0.8108108108108109,0.3916588309780929,-1.5871507864874157,0.5190476190476199,2.1739130434782608,2.92889909445205,2.787646227858171,6.111329120083081,2.0,0.0,0,0,1.8918918918918919,2.4249133033684274,3.4129434570371973,10.626835353574323,0.0,0.0,0,0,0.02794915113610763,0.08536123062896397,4.60937162923481,22.339324234153842,0.043478260869565195,0.05387605891203064,2.817781591887693,6.2043117942812955,0.04347826086956521,0.05305617872880548,-1.7822324754501357,3.0052436752221157,1.3043478260869565,0.4601306627938419,0.8504200642707606,-1.2767857142857149,-0.19710674414460705,70.0,280.0,0.0,196.0,2376.0,32.0,0.0,0.0,0.0,724.0,954.0,19920.0,0.0,0.0,0.0,0.0,140.0,0.0,0.0,0.0,12.0,0.0,0.0,0.0,0.0,0.0,0.0,0.0,0.0,0.0,24.0,1,1,0,1,1,1,0,0,0,1,1,1,0,0,0,0,1,0,0,0,1,0,0,0,0,0,0,0,0,0,1,7.65625,3.576043335517622,2.163688188390316,2.856557564401827,2.1875,0.7261843774138906,-0.3021883302226034,-1.0696296296296297,0.0,0.0,0,0,3.28125,0.4496092053105675,0.9730672655996823,-1.0531400966183575,0.5625,0.49607837082461076,-0.25197631533948484,-1.9365079365079365,15.502375,7.623498711836648,2.176154410522105,2.892085870169563,0.53125,0.7899515412352837,1.4185662449584744,1.2601703071847883,513.2120000000002,79.38,6.176800000000003,0,6,0,0,0,0,0,0,0,0,0,0,0,0,0,0,0,0,0,0,0,0,0,0,0,0,0,1,0,0,0,0,0,0,0,0,0,0,0,1,1,0,0,0,0,0,0,0,0,0,0,0,0,0,0,0,0,0,0,0,0,0,0,0,1,0,0,1,0,0,0,0,0,0,0,0,0,1,0,1,0,0,1,0,1,0,0,1,1,1,0,0,0,0,0,1,0,1,0,1,1,0,1,1,0,1,1,1,1,1,0,1,1,1,0,0,0,1,1,1,1,0,1,1,1,0,0,1,1,1,0,0,0,1,1,1,1,1,0,1,1,0,0,0,1,1,1,1,0,1,1,0,1,1,0,1,1,1,1,1,1,1,1,1,1,1,1,1,0,0
CHEMBL261_141,36,33,-1,-1,-1,2.0,2.598076211353316,2.9081346892514484,6.761316872427983,0.11353641970151143,0.12201335656041935,1.6670708015832925,3.3423429862846072,0.17332091302315825,0.08485699008544233,-0.20199955336639233,-0.9831660100364834,7.166269841269841,3.7264428257772653,-0.07050164759389389,-0.7869089516158754,0.02642390289449113,0.06944418944001388,3.129232082469205,8.911433936417508,0.8055555555555556,0.3957724124659724,-1.5440972939559132,0.3842364532019724,2.0,2.598076211353316,2.9081346892514484,6.761316872427983,2.0,0.0,0,0,1.8333333333333333,2.2298480267099423,3.336316419602215,10.057925782591049,0.0,0.0,0,0,0.005112650227592756,0.014813825341087284,2.69029074276204,5.624177266482974,0.041666666666666664,0.048769016745313094,2.903702515259795,6.757563422082212,0.041666666666666664,0.020251510013615855,0.10209551395451577,0.9683473075108129,1.1666666666666667,0.3726779962499649,1.7888543819998315,1.1999999999999993,1.426430632232899,66.0,234.0,0.0,116.0,1770.0,8.0,0.0,0.0,0.0,382.0,486.0,13080.0,0.0,0.0,0.0,0.0,34.0,0.0,0.0,0.0,0.0,0.0,0.0,0.0,0.0,0.0,0.0,0.0,0.0,0.0,0.0,1,1,0,1,1,1,0,0,0,1,1,1,0,0,0,0,1,0,0,0,0,0,0,0,0,0,0,0,0,0,0,6.454545454545454,0.8381404052084441,1.301582746911939,-0.3058823529411723,2.1818181818181817,0.7158188976374374,-0.2826777020326812,-1.0265348595213346,0.0,0.0,0,0,3.3181818181818183,0.46577048936179993,0.7807200583588253,-1.3904761904761913,0.45454545454545453,0.49792959773196915,0.18257418583505527,-1.9666666666666666,12.917363636363637,1.6712519679856384,1.3015827469119357,-0.3058823529411798,0.8181818181818182,1.0718023747774177,0.8091356264429073,-0.9022307333988917,302.32600000000014,65.74000000000001,2.648200000000001,0,4,0,0,0,0,0,0,0,0,0,0,0,0,0,0,0,0,0,0,0,0,0,0,0,0,0,0,0,0,0,0,0,0,0,0,0,0,0,0,0,0,0,0,0,0,0,0,0,0,0,0,0,0,0,0,0,0,0,1,0,0,0,0,0,0,0,0,0,0,0,0,0,0,1,0,0,0,0,0,0,0,0,0,0,0,0,0,0,0,0,1,0,0,0,1,0,0,0,0,1,0,0,1,0,0,0,1,0,0,0,1,0,0,0,1,0,1,0,0,1,0,0,0,0,1,0,1,1,1,1,1,0,0,1,0,0,0,1,1,0,0,1,0,0,1,1,1,1,1,0,1,1,0,1,1,1,1,0,1,0,1,1,0,1,1,1,1,0,0
CHEMBL261_142,39,38,-1,-1,-1,2.1481481481481484,3.1588054904030214,3.2763304855008273,9.445034117242297,0.1096402474999875,0.11670493463931643,2.0928147342425634,6.489010507719414,0.19792819524290456,0.09982504530084067,-0.33995557784741126,-0.9519193217373254,8.635897435897437,4.523758960729423,-0.21948218740434008,-0.7228984343589864,0.0225042856621804,0.06791150504162004,3.6614294693720755,12.544385642765938,0.8205128205128205,0.3837597319768145,-1.6703827619526517,0.7901785714285703,2.1481481481481484,3.1588054904030214,3.2763304855008273,9.445034117242297,2.0,0.0,0,0,1.9487179487179487,2.716980959784534,3.7973052523322024,13.862331168871556,0.0,0.0,0,0,0.024141343290279463,0.08176313047793597,5.074620955488086,26.454047430728597,0.037037037037037035,0.0497857043097279,3.298737766376495,9.537703777438463,0.037037037037037035,0.03891462548345469,-1.6327459467642267,3.015165837269066,1.2592592592592593,0.43822813208145306,1.098700531147071,-0.7928571428571427,1.0979641762406052,76.0,360.0,0.0,246.0,3786.0,32.0,0.0,0.0,0.0,924.0,1410.0,40800.0,0.0,0.0,0.0,0.0,164.0,0.0,0.0,0.0,12.0,0.0,0.0,0.0,0.0,0.0,0.0,0.0,0.0,0.0,24.0,1,1,0,1,1,1,0,0,0,1,1,1,0,0,0,0,1,0,0,0,1,0,0,0,0,0,0,0,0,0,1,7.433333333333334,3.158937936852969,2.4547208928318445,4.439018219078363,2.2,0.7916228058025279,0.03225262676424901,-0.7034857401539161,0.0,0.0,0,0,3.1333333333333333,0.33993463423951903,2.157277486520024,2.653846153846148,0.7,0.45825756949558394,-0.8728715609439692,-1.2380952380952368,14.97366666666667,6.61701008680574,2.4913392158928938,4.6280789821406065,0.5,0.7187952884282609,1.6156064755515536,2.7284079084287187,464.33000000000015,107.45,5.193200000000003,0,5,0,0,0,0,0,0,0,0,0,0,0,0,0,0,0,0,0,0,0,0,0,0,0,0,0,0,0,0,0,0,0,0,1,1,0,0,0,1,0,0,0,0,0,0,0,0,0,0,0,0,0,1,0,0,0,1,0,1,1,1,1,1,1,0,1,1,0,1,0,1,0,0,0,1,0,0,0,1,0,0,0,1,0,1,1,0,0,1,1,1,0,0,0,1,1,1,1,1,0,0,0,1,1,1,0,1,1,1,0,0,1,0,1,1,0,0,0,1,0,0,1,1,0,0,1,1,1,1,0,0,1,1,0,1,1,1,1,1,0,0,1,0,1,1,1,1,1,0,1,0,1,1,1,0,0,0,1,1,1,1,1,1,1,1,1,1,0,0
CHEMBL261_143,39,37,-1,-1,-1,2.16,3.107153037750152,3.09896416413577,8.067580967820293,0.10767993030879455,0.11851606747491576,1.9632324915089479,5.5520795917441585,0.1756021972680517,0.09742301407439424,-0.17912437161548206,-1.1356586117951168,7.676068376068378,4.411657044203073,-0.09721911945723319,-0.929756994850063,0.018893387314439947,0.058744904486002725,3.813844619226697,13.767959191121903,0.8205128205128205,0.3837597319768145,-1.6703827619526517,0.7901785714285703,2.16,3.107153037750152,3.09896416413577,8.067580967820293,2.0,0.0,0,0,1.8974358974358974,2.589870522403376,3.744048353610726,13.203236573768208,0.0,0.0,0,0,0.041442187722137286,0.1592216694008177,5.586546055245192,30.687891132106884,0.04,0.05274813115800877,3.0956347540626856,7.951252246461072,0.04000000000000001,0.05184084518166254,3.3763693537698622,10.574928248591466,1.32,0.46647615158762407,0.7717436331412894,-1.4044117647058831,0.7785791073218917,74.0,328.0,0.0,194.0,3234.0,32.0,0.0,0.0,0.0,828.0,1050.0,32064.0,0.0,0.0,0.0,0.0,150.0,0.0,0.0,0.0,12.0,0.0,0.0,0.0,0.0,0.0,0.0,0.0,0.0,0.0,0.0,1,1,0,1,1,1,0,0,0,1,1,1,0,0,0,0,1,0,0,0,1,0,0,0,0,0,0,0,0,0,0,6.6571428571428575,1.7556904566556817,4.33114303280365,19.97538422866992,2.1714285714285713,0.7740695533796609,0.0639650909065753,-0.6475770107432672,0.0,0.0,0,0,3.3142857142857145,0.4642307659791977,0.8000946913656612,-1.3598484848484858,0.5142857142857142,0.4997958767010257,-0.05716619504750263,-1.9967320261437904,13.324828571428572,3.518525709812598,4.342933158069831,20.06439192019363,0.8857142857142857,1.0894671979964354,0.8903200174269064,-0.6239704916854132,497.61700000000036,81.2,3.8314200000000023,0,7,0,0,0,0,0,0,0,0,0,0,0,0,0,0,0,0,0,0,0,0,0,0,0,0,0,0,0,0,0,0,0,0,1,1,0,0,0,0,0,0,0,0,0,0,0,0,0,0,0,0,0,1,0,0,0,1,0,0,1,0,1,1,1,0,1,1,0,1,0,0,0,0,1,1,0,1,0,0,0,1,0,1,0,0,0,1,1,0,1,1,0,0,0,1,1,0,0,0,1,0,1,0,1,0,0,0,1,0,1,0,0,1,1,1,0,0,1,1,1,0,1,1,1,0,1,1,1,1,1,1,1,0,0,1,0,1,1,1,1,0,1,1,1,1,1,1,1,1,1,1,1,0,1,1,0,0,1,1,1,1,1,1,1,1,1,1,0,0
CHEMBL261_144,39,37,-1,-1,-1,2.074074074074074,3.0175526743805454,3.212628018244091,8.883907475843019,0.11098264571832961,0.11542910374071765,2.0747333768395526,6.339575890138347,0.19365300997598503,0.09628797459567473,-0.35229749272379784,-0.8717582497466521,8.46837606837607,4.388837165450592,-0.22401947392634122,-0.6718240005435181,0.02323376007586534,0.07134460530085808,3.5329069132213027,11.806804163787064,0.8205128205128205,0.3837597319768145,-1.6703827619526517,0.7901785714285703,2.074074074074074,3.0175526743805454,3.212628018244091,8.883907475843019,2.0,0.0,0,0,1.8974358974358974,2.599752175515195,3.702415083566863,12.95947720631653,0.0,0.0,0,0,0.019517236625864978,0.08042436277627402,5.484647730025428,29.695879614365722,0.037037037037037035,0.04947266238063576,3.2652316442930354,9.232426208530246,0.03703703703703703,0.017270068071366513,0.8514207201625764,1.058348943046286,1.2222222222222223,0.41573970964154905,1.336306209562121,-0.21428571428571663,-0.02819114711845342,74.0,330.0,0.0,190.0,3240.0,16.0,0.0,0.0,0.0,594.0,1032.0,32064.0,0.0,0.0,0.0,0.0,64.0,0.0,0.0,0.0,0.0,0.0,0.0,0.0,0.0,0.0,0.0,0.0,0.0,0.0,12.0,1,1,0,1,1,1,0,0,0,1,1,1,0,0,0,0,1,0,0,0,0,0,0,0,0,0,0,0,0,0,1,6.206896551724138,0.48275862068965514,2.313411078717203,4.59568929612662,2.1379310344827585,0.7756704744277236,-0.2435384012337939,-1.3028870940024064,0.0,0.0,0,0,3.1379310344827585,0.5067909812654852,0.22302452904970407,0.48919753086419826,0.6206896551724138,0.48521542343000995,-0.4974683381630911,-1.7525252525252522,12.423827586206901,0.9630740319223333,2.3116063916633487,4.583831250061486,0.896551724137931,1.1247935469172476,0.9309460553928217,-0.6186507151336977,386.49900000000014,87.05,4.397060000000002,1,3,0,0,0,0,0,0,0,0,0,0,0,0,0,0,0,0,0,1,0,0,0,0,0,0,0,1,0,0,0,0,0,0,0,0,0,0,0,0,1,0,0,0,0,0,0,0,0,0,0,0,0,0,0,1,0,0,0,0,0,0,0,0,1,0,0,1,0,0,0,0,0,0,0,0,0,0,0,1,0,0,1,0,0,0,1,0,0,0,0,0,0,0,0,1,0,0,0,0,1,0,0,0,0,0,0,0,1,0,0,0,0,0,0,1,0,0,0,0,0,0,1,1,0,0,0,1,1,1,0,0,0,1,0,1,0,1,0,1,0,0,0,1,1,1,1,1,0,0,0,1,1,1,1,0,0,0,1,1,1,0,1,1,1,1,1,1,0,0
CHEMBL261_145,34,32,-1,-1,-1,2.090909090909091,2.626942413963616,2.9100482305726403,7.38727096704795,0.11485931256286713,0.12735424226725994,1.9545040745774285,5.6590049803649265,0.18123657379329797,0.08995033170960685,-0.2198589366607641,-1.0595657133852465,6.919607843137255,3.6241619959668445,-0.073750434612012,-0.8201154011901326,0.022671568627450983,0.06014126070995185,3.3293525479519483,10.557046180695489,0.7941176470588235,0.40434491426080943,-1.4547859349066157,0.11640211640211495,2.090909090909091,2.626942413963616,2.9100482305726403,7.38727096704795,2.0,0.0,0,0,1.8823529411764706,2.2329709289532125,3.380993027739472,11.184557913123214,0.0,0.0,0,0,0.0054686498782519554,0.015578936917881796,2.7028303646063327,5.822628399622028,0.04545454545454544,0.052430304440298135,2.9515469862220316,7.61682092466801,0.0454545454545455,2.649326283686672,-3.079431252771415,8.956623957905306,1.3181818181818181,0.46577048936179993,0.780720058358827,-1.39047619047619,-0.6358735776738089,64.0,226.0,0.0,128.0,1722.0,8.0,0.0,0.0,0.0,356.0,514.0,13680.0,0.0,0.0,0.0,0.0,32.0,0.0,0.0,0.0,0.0,0.0,0.0,0.0,0.0,0.0,0.0,0.0,0.0,0.0,24.0,1,1,0,1,1,1,0,0,0,1,1,1,0,0,0,0,1,0,0,0,0,0,0,0,0,0,0,0,0,0,1,6.3478260869565215,0.7580693814853345,1.7206180040292143,0.9605263157894761,2.0869565217391304,0.7170618479335061,-0.12973872589259705,-1.052065311418684,0.0,0.0,0,0,3.1739130434782608,0.37903469074266727,1.7206180040292138,0.9605263157894748,0.5217391304347826,0.4995271866554807,-0.08703882797784883,-1.992424242424242,12.704565217391306,1.5115903466817575,1.72061800402921,0.9605263157894659,0.8695652173913043,1.0755927719002594,1.0993363134816792,-0.11883250032039072,312.36500000000007,44.760000000000005,3.916920000000003,0,6,0,0,0,0,0,0,0,0,0,0,0,0,0,0,0,0,0,0,0,0,0,0,0,0,0,0,0,0,0,0,0,0,0,0,0,0,0,0,0,0,0,0,0,0,0,0,0,0,0,0,0,0,0,0,0,0,0,0,0,0,0,0,0,0,0,0,0,0,0,0,0,0,1,0,0,0,0,0,0,0,0,0,0,0,0,0,0,0,0,1,0,0,0,1,0,0,0,0,0,1,0,0,0,0,0,0,0,0,0,0,0,0,0,1,0,0,0,0,0,0,0,0,0,0,0,1,1,1,0,0,0,0,0,0,0,0,0,0,0,0,1,1,0,1,1,1,1,0,0,1,1,0,1,0,1,0,0,1,0,1,1,0,1,1,1,1,0,1
CHEMBL261_146,38,36,-1,-1,-1,2.1666666666666665,3.023059524536176,2.9171249454343036,6.924825158673698,0.10958918506277593,0.11960769202254869,1.763140948193071,4.076281141570869,0.1753187892709438,0.09735794349030098,-0.17726461370207558,-1.1662998822715172,7.412280701754386,4.274864801067439,-0.07878404355078321,-0.9726534380782108,0.01813655761024182,0.05555232905035456,3.5864463717565305,11.822949697866516,0.8157894736842105,0.3876557858593746,-1.6292261599251139,0.6543778801843323,2.1666666666666665,3.023059524536176,2.9171249454343036,6.924825158673698,2.0,0.0,0,0,1.894736842105263,2.510917987763487,3.5502524541102556,11.6942528593623,0.0,0.0,0,0,0.026463432307985545,0.08380368969268011,4.780824005343726,23.881060913696924,0.041666666666666664,0.05346070772953085,2.9419703584029993,6.988635873416786,0.041666666666666664,0.23712775382851423,2.984438982204966,7.534599146625,1.2916666666666667,0.45452967144315476,0.9166984970282107,-1.159663865546219,-0.42061360118199026,72.0,304.0,0.0,206.0,2772.0,32.0,0.0,0.0,0.0,788.0,1066.0,25200.0,0.0,0.0,0.0,0.0,148.0,0.0,0.0,0.0,12.0,0.0,0.0,0.0,0.0,0.0,0.0,0.0,0.0,0.0,24.0,1,1,0,1,1,1,0,0,0,1,1,1,0,0,0,0,1,0,0,0,1,0,0,0,0,0,0,0,0,0,1,6.588235294117647,1.7340474085863147,4.708147410071729,22.560889664588096,2.235294117647059,0.5455069703232768,0.07523216735123582,-0.29502433747972034,0.0,0.0,0,0,3.1470588235294117,0.3541645464350675,1.9930915164897607,1.97241379310345,0.7647058823529411,0.42418250299576343,-1.248075441506765,-0.44230769230769296,13.187705882352942,3.4762973501177923,4.716060966045611,22.621005521885944,0.7058823529411765,0.8235294117647058,0.9063411078717198,-0.05690337359433606,472.5740000000003,100.97,4.600500000000003,0,9,0,0,0,0,0,0,0,0,0,0,0,0,0,0,0,0,0,0,0,0,0,0,0,0,0,0,0,0,0,0,0,0,0,0,0,0,1,0,0,0,0,0,0,0,0,0,0,1,0,0,0,0,1,0,0,0,0,0,0,0,0,0,1,0,0,1,0,0,0,0,0,0,1,0,0,1,0,1,0,1,1,1,0,1,1,1,0,0,1,0,0,0,0,1,1,0,1,0,1,0,1,1,0,0,0,1,1,0,0,1,0,1,0,1,0,0,0,0,1,0,1,1,1,0,1,1,1,1,0,0,0,0,1,1,0,1,0,1,1,0,0,0,1,1,1,1,0,1,1,0,1,1,1,1,0,1,1,1,1,1,1,1,1,1,1,1,0,0
CHEMBL261_147,39,38,-1,-1,-1,2.24,3.326018640957985,3.3054867357169395,9.915997892702011,0.10668628337584227,0.11941131680236648,2.1164928783895824,6.795056323340386,0.18634775790148,0.10558346234240676,-0.19476826775279565,-1.1758490473998042,7.982905982905984,4.6508882942545196,-0.09846853851951376,-0.9172625862113812,0.016996753838859104,0.05519225854440472,4.175627303305514,17.152098151707097,0.8205128205128205,0.3837597319768145,-1.6703827619526517,0.7901785714285703,2.24,3.326018640957985,3.3054867357169395,9.915997892702011,2.0,0.0,0,0,1.9487179487179487,2.763764785983413,4.010399210475279,16.026758079343413,0.0,0.0,0,0,0.03385584923643513,0.08905620177323169,3.8485621742096012,16.52694929204888,0.039999999999999994,0.05469828794409429,3.3517365399001133,10.185549381755276,0.04,0.2803729220760947,-3.164907700396731,9.471011787523263,1.32,0.46647615158762407,0.7717436331412894,-1.4044117647058831,0.666793331687624,76.0,370.0,0.0,276.0,4146.0,56.0,0.0,0.0,0.0,1152.0,1670.0,48840.0,0.0,0.0,0.0,0.0,300.0,0.0,0.0,0.0,48.0,0.0,0.0,0.0,0.0,0.0,0.0,0.0,0.0,0.0,36.0,1,1,0,1,1,1,0,0,0,1,1,1,0,0,0,0,1,0,0,0,1,0,0,0,0,0,0,0,0,0,1,6.407407407407407,0.7821745215534399,1.9337620998839082,2.846980635041927,2.2222222222222223,0.6849348892187751,-0.3159048727283276,-0.8767313019390572,0.0,0.0,0,0,3.2962962962962963,0.4566232594791834,0.8922178162191939,-1.2039473684210522,0.5555555555555556,0.4969039949999533,-0.223606797749979,-1.9500000000000002,12.86088888888889,1.6894018300007483,2.202241180503798,4.410711059326708,0.7777777777777778,0.9162456945817025,1.0307764064044151,0.1660899653979233,368.41200000000015,79.89999999999999,3.5448000000000013,2,4,0,0,0,0,0,0,0,0,0,0,0,0,0,0,0,0,0,0,0,0,0,0,0,0,0,0,0,0,0,0,0,0,0,0,0,0,0,0,1,0,0,0,1,0,0,0,0,0,0,0,0,0,0,0,0,0,0,0,0,0,0,0,1,0,0,1,0,0,0,0,0,0,0,0,0,0,0,1,0,1,1,0,0,1,0,0,0,1,0,0,1,1,1,1,0,0,1,0,1,0,0,1,0,0,1,1,0,1,1,0,1,1,0,1,0,0,0,1,1,0,1,1,0,0,0,1,1,1,0,1,0,1,0,1,1,0,0,1,0,0,0,0,1,1,1,1,0,1,0,1,1,1,1,0,1,0,1,1,1,1,1,1,1,1,1,1,0,0
CHEMBL261_148,38,36,-1,-1,-1,2.076923076923077,2.8945981111118124,3.0634098228668694,7.637286938619175,0.11034931738624143,0.11890676022024467,1.718906951234597,3.455977885087001,0.18356306133798092,0.0918101257202965,-0.2492336803354201,-1.0063173232916784,7.961904761904761,4.1752949331719345,-0.1391146480391934,-0.7977258701403156,0.02532795953848585,0.06873922333267643,3.448979449911666,11.039905155687027,0.8157894736842105,0.3876557858593746,-1.6292261599251139,0.6543778801843323,2.076923076923077,2.8945981111118124,3.0634098228668694,7.637286938619175,2.0,0.0,0,0,1.894736842105263,2.4898686678978676,3.5366124695879977,11.355611219324029,0.0,0.0,0,0,0.011745827984595635,0.03054989960596278,2.2817819345402324,3.377588663372075,0.03846153846153845,0.04823451401959908,3.057848268590169,7.61368438678889,0.038461538461538464,0.11498940306058215,3.1502884154174304,7.982062644387641,1.1923076923076923,0.39411349099844606,1.5614401167176535,0.4380952380952392,-0.2672717951160923,72.0,300.0,0.0,178.0,2700.0,24.0,0.0,0.0,0.0,748.0,880.0,23880.0,0.0,0.0,0.0,0.0,120.0,0.0,0.0,0.0,12.0,0.0,0.0,0.0,0.0,0.0,0.0,0.0,0.0,0.0,0.0,1,1,0,1,1,1,0,0,0,1,1,1,0,0,0,0,1,0,0,0,1,0,0,0,0,0,0,0,0,0,0,7.314285714285714,2.9642771084212427,2.6544891775030135,5.646580823729293,2.2285714285714286,0.8971610553204332,0.010464768799021468,-1.0228657595793438,0.0,0.0,0,0,3.4285714285714284,0.49487165930539345,0.288675134594814,-1.9166666666666659,0.34285714285714286,0.4746642207381757,0.6621221919717304,-1.56159420289855,14.721285714285715,6.205051069532806,2.699630089802,5.890649325728877,0.7428571428571429,0.9955000794391056,1.0527958644312907,-0.19332797754913233,541.4530000000003,96.38000000000001,3.9417000000000026,3,4,0,0,0,0,0,0,0,0,0,0,0,0,0,0,0,0,0,0,0,0,0,0,0,0,0,0,0,0,0,0,0,0,1,1,0,0,0,0,0,0,0,0,0,0,0,0,0,0,0,0,0,1,0,0,0,1,0,0,1,1,1,1,0,0,1,0,1,1,0,0,0,0,0,1,0,1,0,0,0,1,0,1,0,0,0,1,0,1,1,1,0,0,1,1,1,1,0,1,1,0,1,1,1,1,0,1,1,1,1,0,1,1,1,1,0,0,1,1,1,0,1,1,1,0,1,1,1,1,1,0,1,0,0,0,1,0,1,1,0,1,1,1,1,1,1,1,1,1,1,1,1,0,1,1,1,0,1,1,1,1,1,1,1,1,1,1,0,0
CHEMBL261_149,37,34,-1,-1,-1,2.0869565217391304,2.811668906821694,2.833438005338861,6.462702763157267,0.10900784538032675,0.12306224714576688,1.706190321528651,3.518353912513133,0.16832815291246736,0.09309883529115284,-0.12172138570163767,-1.1635765411736485,6.9324324324324325,4.006040757623533,-0.007962956459813784,-0.9666390316358684,0.018833118833118834,0.053773268646707256,3.320026290443222,10.108254588858241,0.8108108108108109,0.3916588309780929,-1.5871507864874157,0.5190476190476199,2.0869565217391304,2.811668906821694,2.833438005338861,6.462702763157267,2.0,0.0,0,0,1.837837837837838,2.3309146043178743,3.4358393278031087,10.933689893276396,0.0,0.0,0,0,0.011791947157800815,0.031047011500702267,2.4286400539417663,4.293413698828665,0.043478260869565216,0.05328957968287654,2.8532459967925425,6.561879600614931,0.04347826086956523,0.04036196889510839,2.676740241953973,6.4338174047609495,1.2173913043478262,0.4124709991523974,1.3703203194062967,-0.12222222222222534,-0.26233690715066194,68.0,258.0,0.0,164.0,2106.0,24.0,0.0,0.0,0.0,630.0,770.0,17040.0,0.0,0.0,0.0,0.0,112.0,0.0,0.0,0.0,12.0,0.0,0.0,0.0,0.0,0.0,0.0,0.0,0.0,0.0,0.0,1,1,0,1,1,1,0,0,0,1,1,1,0,0,0,0,1,0,0,0,1,0,0,0,0,0,0,0,0,0,0,6.392857142857143,0.7717922423205111,1.5261660847368455,0.4240195516509284,2.2142857142857144,0.6185895741317419,-0.17551448183364676,-0.5642666666666671,0.0,0.0,0,0,3.392857142857143,0.4883855118277622,0.4387634544762788,-1.8074866310160425,0.42857142857142855,0.4948716593053935,0.28867513459481287,-1.916666666666667,12.794428571428574,1.5390099653574014,1.5259458616597674,0.42332642577122037,0.8928571428571429,0.9761178834797464,0.6762183727878915,-0.7692026472691302,383.44400000000024,57.230000000000004,2.7224000000000013,1,6,0,0,0,0,0,0,0,0,0,0,0,0,0,0,0,0,0,0,0,0,0,0,0,0,0,0,0,0,0,0,0,0,0,0,0,0,0,0,0,0,0,0,0,0,0,0,0,0,0,0,0,0,0,0,0,0,0,1,0,0,0,0,0,0,0,0,0,0,0,0,0,0,1,0,0,1,0,0,0,0,0,0,0,0,0,1,1,0,0,0,0,0,0,1,0,1,1,0,1,0,1,1,0,0,0,1,0,0,0,1,0,1,0,1,0,0,0,0,1,0,1,1,1,0,0,1,1,1,1,1,0,0,1,0,0,0,0,1,1,0,1,0,0,1,1,1,1,1,1,1,1,0,1,1,1,1,0,1,1,1,1,1,1,1,1,1,0,0
CHEMBL261_150,36,35,-1,-1,-1,2.1666666666666665,2.778888666755511,2.740127189829338,6.193972879250559,0.11473162406272684,0.12089016592637676,1.6588982400065544,3.398629325114289,0.19038525815701168,0.09621775113399449,-0.2500565864146238,-1.017460238512845,7.611111111111111,4.01617101598396,-0.12615715591844698,-0.8569634234659946,0.022222222222222223,0.06069162536426044,3.1868789289685546,9.149507208441682,0.8055555555555556,0.39577241246597245,-1.5440972939559128,0.38423645320197064,2.1666666666666665,2.778888666755511,2.740127189829338,6.193972879250559,2.0,0.0,0,0,1.9444444444444444,2.379827776733766,3.2067644360751224,9.610618239054416,0.0,0.0,0,0,0.01755490129146043,0.03818144801671628,2.0061138348690464,2.6896886247355782,0.041666666666666664,0.04887107272258986,2.769835981888557,6.287175888317977,0.041666666666666664,0.490034098812748,-2.5205927277560423,5.526546912691412,1.2916666666666667,0.45452967144315476,0.9166984970282107,-1.1596638655462195,-0.6783416562735272,70.0,270.0,0.0,238.0,2130.0,32.0,0.0,0.0,0.0,730.0,1160.0,17064.0,0.0,0.0,0.0,0.0,142.0,0.0,0.0,0.0,12.0,0.0,0.0,0.0,0.0,0.0,0.0,0.0,0.0,0.0,24.0,1,1,0,1,1,1,0,0,0,1,1,1,0,0,0,0,1,0,0,0,1,0,0,0,0,0,0,0,0,0,1,6.833333333333333,2.0548046676563256,3.6825329842874757,13.539084141274245,2.1666666666666665,0.7993052538854533,0.18131688178876113,-0.5557655954631375,0.0,0.0,0,0,3.3333333333333335,0.4714045207910317,0.7071067811865465,-1.500000000000001,0.5,0.5,0.0,-2.0,13.677666666666667,4.1188645145099025,3.691071225484523,13.591322126381371,0.8333333333333334,0.9428090415820634,0.9336019220353631,-0.10253906250000089,348.4240000000001,90.65,1.5863,1,4,0,0,0,0,0,0,0,0,0,0,0,0,0,0,0,0,0,0,0,0,0,0,0,0,0,0,0,0,0,0,0,0,1,1,0,0,0,0,0,0,0,0,0,0,0,0,0,0,0,0,0,1,0,0,0,1,0,0,1,1,1,1,1,0,1,0,0,1,0,1,0,0,1,1,0,0,0,0,0,0,0,1,1,0,1,0,0,0,1,0,0,1,0,1,1,0,0,0,1,0,1,1,1,0,1,1,1,0,0,0,0,1,1,1,0,0,0,1,1,0,0,1,0,0,1,1,1,1,0,0,1,1,0,0,0,0,1,1,0,0,1,0,1,1,1,1,1,1,1,1,1,1,1,1,0,0,1,1,1,1,1,1,1,1,1,1,0,1
CHEMBL261_151,37,39,-1,-1,-1,2.4,3.3823069050575527,3.2203782796943887,9.143161034769426,0.11195319779634327,0.12038898840923894,1.8127609022800846,4.601592063718621,0.2055573322854429,0.10809408144930199,-0.2632455483021444,-1.1634533265950768,8.414414414414415,4.546567794627458,-0.1600765540371807,-0.8453257226981488,0.020334620334620336,0.06061486866690328,4.0855319604183435,15.99368602823256,0.8108108108108109,0.3916588309780929,-1.5871507864874157,0.5190476190476199,2.4,3.3823069050575527,3.2203782796943887,9.143161034769426,2.0,0.0,0,0,2.108108108108108,2.8831644006690995,3.809567027919175,14.052303829059092,0.0,0.0,0,0,0.08270018270018269,0.1822444782941078,3.538424036168221,14.524603992752418,0.039999999999999994,0.05113800383750269,3.2466573456311623,9.309778438447687,0.039999999999999994,0.0648947334744082,3.3006139907924217,9.643553549691598,1.44,0.4963869458396343,0.24174688920761442,-1.9415584415584415,-0.4103042713610199,78.0,394.0,0.0,384.0,4410.0,128.0,0.0,0.0,0.0,1832.0,2310.0,51720.0,0.0,0.0,0.0,0.0,718.0,0.0,0.0,0.0,240.0,0.0,0.0,0.0,0.0,0.0,0.0,0.0,0.0,0.0,0.0,1,1,0,1,1,1,0,0,0,1,1,1,0,0,0,0,1,0,0,0,1,0,0,0,0,0,0,0,0,0,0,7.5,5.766281297335398,4.5063639919930205,18.557860817457176,2.25,0.6614378277661477,-0.3239695482936233,-0.7755102040816326,0.0,0.0,0,0,3.125,0.33071891388307384,2.267786838055363,3.1428571428571432,0.7916666666666666,0.4061164310337068,-1.4363696929192156,0.06315789473684186,15.421708333333333,13.500045421155585,4.528276285852062,18.69058105902141,0.5833333333333334,0.8620067027323833,1.6931440938986668,2.288584155821469,384.2330000000002,60.03,4.557800000000003,0,3,0,0,0,0,0,0,0,0,0,0,0,0,0,0,0,0,0,0,0,0,0,0,0,0,0,0,0,0,0,0,0,0,0,0,0,0,0,0,0,0,0,0,0,0,0,0,1,0,0,0,0,0,0,0,0,0,0,0,0,0,0,0,1,0,0,1,0,0,0,0,0,0,1,0,0,0,0,1,0,0,1,0,0,1,0,0,0,1,0,0,0,0,0,1,0,0,1,1,1,0,0,1,0,0,0,1,0,1,0,0,0,0,0,1,0,0,0,0,0,0,1,1,0,0,0,1,1,1,0,0,0,0,0,0,1,0,0,1,0,0,0,0,1,1,1,1,0,0,0,1,1,1,1,0,0,0,1,1,0,1,1,1,1,1,1,1,0,0
CHEMBL261_152,37,33,-1,-1,-1,2.0,2.6865202966565924,2.9733450430916224,7.3648570184351865,0.10674373656710734,0.12503120302836015,1.97123624780985,5.5304743781464225,0.1595276419688578,0.08679927217882995,-0.08704120880498252,-1.0966120461584892,6.699099099099098,3.833922684710991,0.019368423216825217,-0.881094909955987,0.020892320892320893,0.058824305113951696,3.4344548288677026,11.5126375011569,0.8108108108108109,0.3916588309780929,-1.5871507864874157,0.5190476190476199,2.0,2.6865202966565924,2.9733450430916224,7.3648570184351865,2.0,0.0,0,0,1.7837837837837838,2.2316535517127583,3.554968969259947,11.952950668691352,0.0,0.0,0,0,0.005649399399399399,0.016775919879222733,2.7855361232477476,6.121571639139745,0.043478260869565195,0.05289595098073982,2.961415566244968,7.277411770577682,0.043478260869565195,0.03426079705275675,2.6299620399173627,7.913112350779503,1.173913043478261,0.3790346907426672,1.7206180040292134,0.9605263157894743,-0.7189342079550871,66.0,236.0,0.0,100.0,1884.0,8.0,0.0,0.0,0.0,374.0,442.0,15024.0,0.0,0.0,0.0,0.0,34.0,0.0,0.0,0.0,0.0,0.0,0.0,0.0,0.0,0.0,0.0,0.0,0.0,0.0,0.0,1,1,0,1,1,1,0,0,0,1,1,1,0,0,0,0,1,0,0,0,0,0,0,0,0,0,0,0,0,0,0,7.096774193548387,2.6923408535310105,3.1698335839648313,8.830425151028884,2.129032258064516,0.6595176871051895,-0.1446285553165125,-0.7309013072045065,0.0,0.0,0,0,3.2903225806451615,0.4539112025635576,0.923869770874311,-1.146464646464646,0.5161290322580645,0.4997397866074087,-0.06454972243679008,-1.995833333333334,14.295516129032261,5.727178936642413,3.213039634159651,9.03420108936946,0.7096774193548387,0.8498025724077091,0.9070893821996129,-0.1857460821034964,465.33700000000033,105.60000000000001,5.133400000000003,0,10,0,0,0,0,0,0,0,0,0,0,0,0,0,0,0,0,0,0,0,0,0,0,0,0,1,0,0,0,0,0,0,0,0,0,0,0,0,0,1,0,0,0,0,0,0,0,0,0,0,0,0,0,0,0,0,0,0,0,0,0,0,0,0,0,0,1,0,0,1,1,0,1,1,0,0,0,0,1,0,0,1,0,0,0,0,0,0,1,0,0,1,1,1,1,1,0,0,1,1,0,0,1,1,1,1,1,0,1,0,1,1,1,0,1,0,0,0,1,1,0,1,1,0,0,1,1,1,1,1,1,0,1,1,1,1,1,0,1,0,1,1,0,1,1,1,1,1,1,0,0,1,1,1,1,1,1,1,1,1,1,1,1,1,1,1,1,0,0
CHEMBL261_153,43,41,-1,-1,-1,2.1379310344827585,3.390902005224696,3.330659933451852,9.311272680996131,0.10239261873135326,0.11301135156622145,1.9367649220819871,4.735023419998161,0.18201474099712034,0.09980519532593819,-0.28433734931427945,-1.125625436584887,8.855813953488372,5.02359919632163,-0.19389351889510711,-0.9087905861751557,0.02025767765983308,0.062149633583047766,3.886613594039603,14.119232688399553,0.8372093023255814,0.36917460154389636,-1.8268282862112646,1.337301587301587,2.1379310344827585,3.390902005224696,3.330659933451852,9.311272680996131,2.0,0.0,0,0,1.9069767441860466,2.8677351365516057,3.962801686533435,14.497742710400303,0.0,0.0,0,0,0.016783602680331102,0.04179941444858705,2.1036153837375227,2.4621453735092578,0.03448275862068966,0.04959478543423181,3.33520386293732,9.34600019617128,0.03448275862068964,0.4027286243407937,3.3602437273541192,9.493078829861217,1.206896551724138,0.40508069394726653,1.4471361022898732,0.09420289855072861,-0.6357731145601179,82.0,428.0,0.0,244.0,4974.0,48.0,0.0,0.0,0.0,1466.0,1508.0,56904.0,0.0,0.0,0.0,0.0,300.0,0.0,0.0,0.0,48.0,0.0,0.0,0.0,0.0,0.0,0.0,0.0,0.0,0.0,0.0,1,1,0,1,1,1,0,0,0,1,1,1,0,0,0,0,1,0,0,0,1,0,0,0,0,0,0,0,0,0,0,6.717948717948718,1.8666948434052604,4.363250538703851,20.750106941972263,2.1538461538461537,0.6993939331787619,-0.22085765105030378,-0.9550598335067635,0.0,0.0,0,0,3.230769230769231,0.4213250442347432,1.2780193008453868,-0.36666666666666803,0.5641025641025641,0.4958738360465055,-0.25854384499750965,-1.933155080213903,13.533051282051282,4.0014332364901595,4.324438518932596,20.2949593879237,0.6666666666666666,0.886749562348235,1.3646975188029438,1.1285444234404558,553.9970000000002,88.61,6.1070000000000055,0,10,0,0,0,0,0,0,0,0,0,0,0,0,0,0,0,0,0,0,0,0,0,0,0,0,0,0,0,0,0,0,0,0,0,0,0,0,0,0,1,0,0,0,1,0,0,0,0,0,0,0,0,0,0,0,0,0,0,0,0,0,0,0,0,0,0,1,0,0,0,0,0,0,0,0,1,0,1,1,0,0,1,0,0,0,0,1,1,1,0,0,0,1,1,1,0,1,0,1,1,1,1,1,0,1,0,1,0,1,0,1,1,0,0,1,0,1,0,1,0,0,1,1,1,0,0,1,1,1,0,0,0,1,0,1,1,1,0,1,1,0,0,1,1,1,1,1,1,0,1,1,1,1,1,1,1,1,1,1,1,1,1,1,1,1,1,1,0,0
CHEMBL261_154,39,38,-1,-1,-1,2.24,3.2530600978155935,3.159513993986787,8.585639692366186,0.10722851298609119,0.11892464691483137,1.9710262554837772,5.598072810015061,0.18123598243019684,0.10214299829600137,-0.17281683872379286,-1.1833363124822602,7.858119658119659,4.559528502818917,-0.0973113660043636,-0.9499307938329835,0.017945070576649524,0.05653342580560471,4.050257489421604,15.738678180368055,0.8205128205128205,0.3837597319768145,-1.6703827619526517,0.7901785714285703,2.24,3.2530600978155935,3.159513993986787,8.585639692366186,2.0,0.0,0,0,1.9487179487179487,2.707527189992676,3.8368235234254873,14.098108435721613,0.0,0.0,0,0,0.05081193316487434,0.16255577476667704,5.112334339353565,26.835290189714513,0.039999999999999994,0.05320900405909749,3.1639772867464733,8.542516704760754,0.04000000000000001,0.8840398160193685,-3.145685262204518,8.905415630210946,1.36,0.48,0.5833333333333328,-1.6597222222222228,-0.48468767710317473,76.0,358.0,0.0,252.0,3780.0,56.0,0.0,0.0,0.0,1164.0,1452.0,40800.0,0.0,0.0,0.0,0.0,290.0,0.0,0.0,0.0,48.0,0.0,0.0,0.0,0.0,0.0,0.0,0.0,0.0,0.0,0.0,1,1,0,1,1,1,0,0,0,1,1,1,0,0,0,0,1,0,0,0,1,0,0,0,0,0,0,0,0,0,0,6.242424242424242,0.6045435558563637,2.2984669359012107,3.666005908941699,2.242424242424242,0.552147489645109,0.038351367948206094,-0.348708085353461,0.0,0.0,0,0,3.0606060606060606,0.2386062992124791,3.6830036830055257,11.564516129032262,0.8484848484848485,0.3585502898848252,-1.9438547858755886,1.7785714285714302,12.494515151515152,1.205611830621311,2.29777034375133,3.662513797751175,0.6666666666666666,0.6816498108607268,1.1055870278232587,2.021739130434783,434.4950000000001,64.21000000000001,5.844700000000005,0,6,0,0,0,0,0,0,0,0,0,0,0,0,0,0,0,0,0,0,0,0,0,0,0,0,0,0,0,0,0,0,0,0,0,0,0,0,0,0,0,0,0,0,0,0,0,0,0,0,0,0,0,0,0,0,0,0,0,0,0,0,0,0,1,0,0,1,0,0,0,0,0,0,0,0,0,0,0,0,0,0,0,0,0,0,0,0,0,0,0,0,0,0,1,1,0,1,0,0,1,0,0,1,0,0,0,1,0,0,0,1,1,1,0,1,0,0,0,1,0,0,1,1,0,0,0,1,1,1,0,0,0,0,0,0,0,0,0,1,0,0,0,0,1,1,1,1,1,0,0,0,1,1,1,1,1,1,1,1,0,1,1,1,1,1,1,1,0,0
CHEMBL261_155,38,37,-1,-1,-1,2.25,3.2177890960513036,3.135549572133666,8.688047803926175,0.10811295968211405,0.12094369525716418,1.9666213554094671,5.680151972539594,0.18256214439323012,0.10348297757202203,-0.16601890429604793,-1.2009599698064768,7.631578947368421,4.458615402576768,-0.06971712723967118,-0.9537451401869714,0.016951161688003792,0.05354216011470875,4.015527545564116,15.641745473470472,0.8157894736842105,0.3876557858593746,-1.6292261599251143,0.6543778801843323,2.25,3.2177890960513036,3.135549572133666,8.688047803926175,2.0,0.0,0,0,1.9473684210526316,2.6650502949836135,3.826894719863895,14.392962317556659,0.0,0.0,0,0,0.03571297123928703,0.09095021563722105,3.6806520505244897,15.169224967724414,0.04166666666666665,0.05482848667107968,3.1769152744223406,8.903494423243766,0.041666666666666664,0.4231836681807838,3.1977293883420908,9.28399653993787,1.3333333333333333,0.4714045207910317,0.7071067811865478,-1.4999999999999996,-0.4347458705224267,74.0,340.0,0.0,264.0,3516.0,56.0,0.0,0.0,0.0,1076.0,1500.0,37920.0,0.0,0.0,0.0,0.0,286.0,0.0,0.0,0.0,48.0,0.0,0.0,0.0,0.0,0.0,0.0,0.0,0.0,0.0,36.0,1,1,0,1,1,1,0,0,0,1,1,1,0,0,0,0,1,0,0,0,1,0,0,0,0,0,0,0,0,0,1,6.269230769230769,0.5921078583977174,2.0621785627516087,2.918015275329811,2.230769230769231,0.6389710663783135,-0.2460058736970069,-0.6754883427851297,0.0,0.0,0,0,3.076923076923077,0.2664693550105965,3.175426480542939,8.083333333333323,0.8076923076923077,0.3941134909984461,-1.5614401167176526,0.43809523809523787,12.548076923076925,1.1809480195385704,2.060993693665868,2.912165726889633,0.7307692307692307,0.8574421849849212,1.2779935744205622,1.2058427020877778,345.4020000000001,73.16,4.496300000000003,0,4,0,0,0,0,0,0,0,0,0,0,0,0,0,0,0,0,0,0,0,0,0,0,0,0,0,0,0,0,0,0,0,0,0,0,0,0,0,0,1,0,0,0,0,0,0,0,0,0,0,0,0,0,0,0,0,0,0,0,0,0,0,0,1,0,0,1,0,0,0,0,0,0,1,0,0,0,0,1,0,0,0,0,0,1,1,0,0,0,0,0,0,0,0,1,0,0,1,0,1,0,0,1,0,0,0,1,0,0,0,0,0,0,0,1,0,0,0,0,0,0,1,1,0,0,0,1,1,1,0,0,0,1,0,1,0,1,0,1,0,0,0,0,1,1,1,1,0,0,0,1,1,1,1,0,0,0,1,1,1,1,1,1,1,1,1,1,0,0
CHEMBL261_156,36,34,-1,-1,-1,2.0833333333333335,2.6601482832520613,2.8454613160692,6.9736613759569135,0.11311521346056044,0.12240394708321144,1.8986085084121556,5.184367335012485,0.18354228358183386,0.09143137135950936,-0.230246472086695,-0.9571674735524569,7.41111111111111,3.8755525293056485,-0.10691823544578541,-0.7965831496116689,0.02371615312791783,0.0641508566386513,3.153000461368958,9.292274573698865,0.8055555555555556,0.3957724124659724,-1.5440972939559132,0.3842364532019724,2.0833333333333335,2.6601482832520613,2.8454613160692,6.9736613759569135,2.0,0.0,0,0,1.8888888888888888,2.282515398241571,3.290289704048039,10.43115046831832,0.0,0.0,0,0,0.010267411342746316,0.027443794079969507,3.410416754011161,12.604317363082782,0.04166666666666665,0.04869826758342936,2.870471561348613,7.01234891353131,0.04166666666666666,0.02071871629923715,0.42925410555289917,-0.5658010777768769,1.25,0.4330127018922193,1.1547005383792515,-0.6666666666666665,0.45547829213823626,68.0,248.0,0.0,174.0,1902.0,16.0,0.0,0.0,0.0,484.0,794.0,15024.0,0.0,0.0,0.0,0.0,62.0,0.0,0.0,0.0,0.0,0.0,0.0,0.0,0.0,0.0,0.0,0.0,0.0,0.0,12.0,1,1,0,1,1,1,0,0,0,1,1,1,0,0,0,0,1,0,0,0,0,0,0,0,0,0,0,0,0,0,1,6.84,2.0135540717845153,3.7470763317344584,14.169460140822,2.16,0.7838367176906171,0.20970566482811642,-0.4559733072916683,0.0,0.0,0,0,3.2,0.39999999999999997,1.4999999999999996,0.24999999999999778,0.68,0.46647615158762407,-0.7717436331412901,-1.4044117647058818,13.690840000000001,4.0361625307214775,3.755969417549118,14.2246938711031,0.68,0.78587530817554,1.1242538184757733,0.9548846948911387,359.4070000000001,107.44,1.6876,0,5,0,0,0,0,0,0,0,0,0,0,0,0,0,0,0,0,0,0,0,0,0,0,0,0,0,0,0,0,0,0,0,0,1,1,0,0,0,0,0,0,0,0,0,0,0,0,0,0,0,0,0,1,1,0,0,1,0,0,1,1,1,1,1,0,1,1,0,1,0,1,0,0,0,1,0,1,0,0,0,0,1,1,1,1,1,0,0,0,1,0,0,0,0,1,1,1,1,1,0,0,0,0,1,0,0,0,1,0,0,1,0,1,1,1,0,0,0,1,0,0,1,1,1,0,1,1,1,1,0,0,1,1,0,1,0,1,1,1,0,1,1,0,1,1,1,1,1,0,1,0,1,1,1,1,0,1,1,1,1,1,1,1,1,1,1,1,0,1
CHEMBL261_157,36,34,-1,-1,-1,2.0833333333333335,2.737344617609473,2.8379541250328746,6.400236720747683,0.11704260628745199,0.11865414485477649,1.5894270476181604,2.963682352485641,0.1843823391368136,0.09157702835629407,-0.2509878453650369,-0.9539316731534826,7.46574074074074,3.8940916476047573,-0.12845465663096453,-0.7954348893188525,0.02343604108309991,0.06705919794713985,3.2116127519598963,9.234029079797242,0.8055555555555556,0.39577241246597245,-1.5440972939559128,0.38423645320197064,2.0833333333333335,2.737344617609473,2.8379541250328746,6.400236720747683,2.0,0.0,0,0,1.8888888888888888,2.3425742935897795,3.2971887092105434,9.815539508630033,0.0,0.0,0,0,0.021691782875993403,0.0836258905291725,5.2097095507004285,26.754546986646627,0.041666666666666664,0.05007898282162874,2.870102317024647,6.535412767428554,0.041666666666666664,0.07401673088027598,-2.022963051356488,3.5427604712989567,1.25,0.4330127018922193,1.1547005383792515,-0.6666666666666665,-0.09398466444498949,68.0,258.0,0.0,166.0,2046.0,16.0,0.0,0.0,0.0,468.0,762.0,15960.0,0.0,0.0,0.0,0.0,58.0,0.0,0.0,0.0,0.0,0.0,0.0,0.0,0.0,0.0,0.0,0.0,0.0,0.0,12.0,1,1,0,1,1,1,0,0,0,1,1,1,0,0,0,0,1,0,0,0,0,0,0,0,0,0,0,0,0,0,1,6.37037037037037,0.6748469317884666,1.5624876286484242,0.9577224560894195,2.2222222222222223,0.6285393610547089,-0.20992232566475685,-0.6210937499999991,0.0,0.0,0,0,3.2962962962962963,0.4566232594791835,0.8922178162191938,-1.2039473684210522,0.5925925925925926,0.4913518207933925,-0.3768891807222045,-1.8579545454545452,12.749814814814817,1.34592138444779,1.5614396404238486,0.953811204979508,0.8148148148148148,0.982703641586785,0.8452168160855353,-0.5517981663223135,366.42100000000005,92.38,3.1488200000000006,0,4,0,0,0,0,0,0,0,0,0,0,0,0,0,0,0,0,0,0,0,0,0,0,0,0,0,1,0,0,0,0,0,0,0,0,0,0,0,0,0,0,0,0,0,0,0,0,0,0,0,0,0,0,0,0,0,0,0,1,0,0,0,0,1,0,0,1,0,0,0,0,0,0,0,0,0,0,0,1,0,0,1,0,0,0,1,0,1,0,0,1,0,0,1,1,0,1,0,0,1,0,0,1,0,0,0,1,1,0,0,1,1,0,0,1,0,0,0,1,1,0,1,1,0,0,0,1,1,1,1,1,0,0,1,1,0,1,0,1,1,0,0,0,1,1,0,1,1,1,0,1,0,1,1,1,0,0,1,1,1,1,1,1,1,1,1,1,0,0
CHEMBL261_158,37,36,-1,-1,-1,2.260869565217391,3.1098356073474207,2.9657462559051098,7.513447822862972,0.10954067349173505,0.1225882044815247,1.8195265132908816,4.608182559782727,0.17883155326657732,0.10133728744720691,-0.1369696032928875,-1.2245676069276445,7.288288288288289,4.267456403658988,-0.04040431469468169,-0.9886503803538274,0.016859716859716864,0.051772819378229466,3.855393431472122,14.167574882346958,0.8108108108108109,0.3916588309780929,-1.5871507864874157,0.5190476190476199,2.260869565217391,3.1098356073474207,2.9657462559051098,7.513447822862972,2.0,0.0,0,0,1.945945945945946,2.567425316116307,3.6436439187932432,12.817463861145685,0.0,0.0,0,0,0.03779143475214639,0.09304539824191178,3.503268735174677,13.779292623277275,0.04347826086956521,0.05497900794197301,3.0024426318416415,7.677035574505483,0.04347826086956523,0.07471278745993494,3.171619946209168,8.932772446902097,1.3478260869565217,0.47628048478710105,0.6390096504226936,-1.5916666666666672,-0.4294869697084541,72.0,312.0,0.0,252.0,2970.0,56.0,0.0,0.0,0.0,1000.0,1342.0,29184.0,0.0,0.0,0.0,0.0,272.0,0.0,0.0,0.0,48.0,0.0,0.0,0.0,0.0,0.0,0.0,0.0,0.0,0.0,36.0,1,1,0,1,1,1,0,0,0,1,1,1,0,0,0,0,1,0,0,0,1,0,0,0,0,0,0,0,0,0,1,6.666666666666667,1.8678567634829195,4.172726385702747,17.827416933749852,2.2666666666666666,0.5120763831912405,0.28244373907704223,-0.44125251364550166,0.0,0.0,0,0,3.1333333333333333,0.33993463423951903,2.157277486520024,2.653846153846147,0.7666666666666667,0.4229525846816506,-1.2609766499825614,-0.40993788819875565,13.344333333333338,3.7438590191880294,4.182191863377789,17.894451084074788,0.6,0.7571877794400365,1.2715349135539817,1.3823688480259593,418.47400000000016,66.61000000000001,5.433200000000004,0,6,0,0,0,0,0,0,0,0,0,0,0,0,0,0,0,0,0,0,0,0,0,0,0,0,0,0,0,0,1,0,0,0,0,0,0,0,0,0,0,0,0,0,0,0,0,0,0,1,0,0,0,0,1,0,0,0,0,1,0,1,0,0,1,0,1,1,0,0,0,0,0,0,1,0,0,0,0,0,0,0,1,1,0,1,0,0,0,0,1,0,0,0,1,1,1,1,1,0,0,0,0,1,0,0,0,1,1,0,0,1,1,0,0,1,0,0,0,1,0,0,1,1,0,1,1,1,1,1,0,0,0,0,0,0,0,0,0,1,1,0,1,0,1,1,1,1,1,0,0,0,0,0,1,1,0,1,1,1,0,1,1,1,1,1,1,1,0,0
CHEMBL261_159,38,35,-1,-1,-1,2.0,2.7735009811261455,3.082746340521711,7.777000000000001,0.11371500874831346,0.11569220483271643,1.8692101139037534,5.172195036254507,0.18072664910909053,0.08703714690870659,-0.3748439286134708,-0.872218436496115,7.843859649122808,4.0079260307571705,-0.19993409112625093,-0.6653297597515238,0.02540698593330172,0.0792436656827505,3.192227508855747,8.512097900082129,0.8157894736842105,0.3876557858593746,-1.6292261599251139,0.6543778801843323,2.0,2.7735009811261455,3.082746340521711,7.777000000000001,2.0,0.0,0,0,1.8421052631578947,2.3899605346826793,3.5295880271684816,11.352408978316237,0.0,0.0,0,0,0.03192284688995215,0.16049109651354662,5.771123620363851,31.840304347680345,0.038461538461538464,0.04881758790655906,3.0858313358305396,7.734442399142361,0.038461538461538464,0.016261483643480082,-0.025717453582852223,-0.35471634163028476,1.1538461538461537,0.36080121229411,1.9188064472004944,1.6818181818181834,-0.5877629688955713,70.0,276.0,0.0,110.0,2370.0,8.0,0.0,0.0,0.0,266.0,510.0,19920.0,0.0,0.0,0.0,0.0,20.0,0.0,0.0,0.0,0.0,0.0,0.0,0.0,0.0,0.0,0.0,0.0,0.0,0.0,0.0,1,1,0,1,1,1,0,0,0,1,1,1,0,0,0,0,1,0,0,0,0,0,0,0,0,0,0,0,0,0,0,6.709677419354839,1.6885486875228901,3.8375649350029057,15.82154563375779,2.129032258064516,0.7927874662867423,0.5432442161863109,0.07974430946011246,0.0,0.0,0,0,3.4516129032258065,0.4976531813077907,0.19446111706564917,-1.9621848739495789,0.3870967741935484,0.4870860925981129,0.46358632497276514,-1.7850877192982466,13.459096774193553,3.528965967119317,3.9552987279350935,16.63744920884022,0.967741935483871,0.8974469511770036,0.33102153634543857,-1.1202151313022055,447.47200000000026,125.97999999999999,2.7956000000000003,2,9,0,0,0,0,0,0,0,0,0,0,0,0,0,0,0,0,0,0,0,0,0,0,0,0,0,0,0,0,0,1,0,0,0,0,0,0,0,0,0,0,0,0,0,0,0,0,0,0,0,0,0,0,0,1,0,0,0,0,0,0,0,0,1,0,0,1,1,0,0,1,0,0,0,0,0,1,0,0,0,0,0,0,1,0,1,1,1,0,0,1,1,1,1,1,0,0,0,1,1,0,1,0,1,0,1,0,0,0,0,0,1,1,1,1,0,0,0,1,1,0,1,1,1,1,1,1,1,1,1,1,1,1,1,0,0,0,1,1,1,1,1,0,1,1,1,1,1,1,1,0,1,1,0,1,1,1,1,1,1,1,1,1,1,1,1,1,0,0
CHEMBL261_160,39,38,-1,-1,-1,2.1481481481481484,3.0635697370237356,3.322404767324598,10.083110610129282,0.10591475275541704,0.12009617308550898,2.0678943374000176,6.192588196931657,0.19180775486059856,0.09802243523261683,-0.24398011916014511,-1.0030417412140467,8.442735042735043,4.467616614879453,-0.1485832487803705,-0.7329166836373577,0.024255024255024255,0.06863421977140023,3.867278721055867,15.482216031822752,0.8205128205128205,0.3837597319768145,-1.6703827619526517,0.7901785714285703,2.1481481481481484,3.0635697370237356,3.322404767324598,10.083110610129282,2.0,0.0,0,0,1.9487179487179487,2.64040321268841,3.833073311285857,14.581911610758478,0.0,0.0,0,0,0.022485207100591716,0.05458452931179313,2.1557907632549904,2.972473326950209,0.03703703703703703,0.04747442687851012,3.3078924731972448,10.054933234862226,0.037037037037037035,0.021173337013230174,-0.05787207005722473,-0.8218329279065659,1.2222222222222223,0.41573970964154905,1.336306209562121,-0.21428571428571663,0.04116244639945285,76.0,344.0,0.0,248.0,3522.0,48.0,0.0,0.0,0.0,1056.0,1416.0,37920.0,0.0,0.0,0.0,0.0,252.0,0.0,0.0,0.0,48.0,0.0,0.0,0.0,0.0,0.0,0.0,0.0,0.0,0.0,0.0,1,1,0,1,1,1,0,0,0,1,1,1,0,0,0,0,1,0,0,0,1,0,0,0,0,0,0,0,0,0,0,7.153846153846154,2.641274571290676,2.8391306037996347,6.703805139560632,2.230769230769231,0.7497534111391512,0.14255699207920008,-0.344819944598338,0.0,0.0,0,0,3.1153846153846154,0.31948553318915673,2.407717061715384,3.7971014492753614,0.7692307692307693,0.4213250442347431,-1.278019300845388,-0.3666666666666658,14.321000000000002,5.296574248439341,2.8425589246839276,6.718268636308903,0.5384615384615384,0.7457969011409737,1.5372565595835848,2.3390674513354455,386.4580000000001,99.58,2.780800000000001,0,4,0,0,0,0,0,0,0,0,0,0,0,0,0,0,0,0,0,0,0,0,0,0,0,0,0,0,0,0,0,0,0,0,1,1,0,0,1,0,0,0,0,0,0,0,0,0,0,1,0,0,0,1,1,0,0,1,0,0,1,1,1,1,1,0,1,1,0,1,0,1,0,0,0,1,0,0,0,1,0,1,1,1,0,1,1,0,0,0,1,0,0,0,0,1,1,0,1,0,0,0,0,1,1,0,0,1,1,0,0,0,0,0,1,1,0,0,0,1,0,0,1,1,1,0,1,1,1,1,0,0,1,0,0,0,0,0,1,1,0,0,0,0,1,1,0,1,1,0,1,0,0,1,1,0,0,0,1,1,0,1,1,1,1,1,1,1,0,1
CHEMBL261_161,39,39,-1,-1,-1,2.2222222222222223,3.166179299727779,3.184743886912539,9.028573855225806,0.10917038855316306,0.11714457693029176,1.97828952377343,5.580811926898102,0.20072802570262663,0.10223947079705008,-0.33156549497913185,-1.0020416806653472,8.704273504273505,4.592058855152448,-0.21318754411669616,-0.7765337812508948,0.02206660101396944,0.06339406558672306,3.7839968414496545,14.017307970013984,0.8205128205128205,0.3837597319768145,-1.6703827619526517,0.7901785714285703,2.2222222222222223,3.166179299727779,3.184743886912539,9.028573855225806,2.0,0.0,0,0,2.0,2.7268841992093167,3.702596438479314,13.339191438763375,0.0,0.0,0,0,0.023084786732429412,0.04892340784114127,1.821942768156629,1.5573059297127472,0.037037037037037035,0.048208735474212755,3.21243820189502,9.16201540891345,0.037037037037037035,0.0756841041044094,3.492150523361816,11.194010371642491,1.2962962962962963,0.4566232594791834,0.892217816219194,-1.2039473684210518,-0.007729620238013516,78.0,368.0,0.0,312.0,3798.0,56.0,0.0,0.0,0.0,1280.0,1816.0,40800.0,0.0,0.0,0.0,0.0,302.0,0.0,0.0,0.0,48.0,0.0,0.0,0.0,0.0,0.0,0.0,0.0,0.0,0.0,36.0,1,1,0,1,1,1,0,0,0,1,1,1,0,0,0,0,1,0,0,0,1,0,0,0,0,0,0,0,0,0,1,7.153846153846154,2.641274571290676,2.839130603799634,6.703805139560631,2.230769230769231,0.7497534111391512,0.14255699207920008,-0.344819944598338,0.0,0.0,0,0,3.1153846153846154,0.31948553318915673,2.4077170617153842,3.797101449275363,0.7692307692307693,0.4213250442347431,-1.278019300845388,-0.3666666666666658,14.321000000000002,5.296574248439342,2.8425589246839262,6.718268636308899,0.5384615384615384,0.7457969011409737,1.537256559583585,2.3390674513354455,386.4580000000001,99.58,2.780800000000001,0,4,0,0,0,0,0,0,0,0,0,0,0,0,0,0,0,0,0,0,0,0,0,0,0,0,0,0,0,0,0,0,0,0,1,1,0,0,1,0,1,0,0,0,0,0,0,0,0,1,0,0,0,1,1,0,0,1,0,0,1,1,1,1,1,0,1,1,0,1,0,1,0,0,0,1,0,0,0,1,0,1,1,1,0,1,1,0,0,0,1,0,0,0,0,1,1,0,1,0,0,0,0,1,1,0,0,1,1,0,0,0,0,0,1,1,0,0,0,1,0,0,1,1,1,0,1,1,1,1,0,0,1,0,0,0,0,0,1,1,0,0,0,0,1,1,0,1,1,0,1,0,0,1,1,0,0,0,1,1,0,1,1,1,1,1,1,1,0,1
CHEMBL261_162,38,37,-1,-1,-1,2.1481481481481484,2.99015302102806,3.0569163140577627,7.805353664095023,0.11691011827330863,0.11246249916752336,1.7660841558201978,4.245978130001167,0.2027288410289958,0.09743422289268912,-0.5044607571457437,-0.7773469613140103,8.667543859649124,4.363305501915617,-0.3582241919988195,-0.6120420883918669,0.024893314366998574,0.07102216679337929,3.449761824546708,11.004445256294783,0.8157894736842105,0.3876557858593746,-1.6292261599251139,0.6543778801843323,2.1481481481481484,2.99015302102806,3.0569163140577627,7.805353664095023,2.0,0.0,0,0,1.9473684210526316,2.615212262906283,3.491410502622031,11.20374982713963,0.0,0.0,0,0,0.012350751152542866,0.030501505885414868,2.779138985822522,7.505702741213035,0.03703703703703703,0.04760743420493772,3.1098313150894876,8.086232988173512,0.037037037037037035,0.03884103346545786,3.1336755550919846,8.411948754973324,1.2962962962962963,0.4566232594791834,0.8922178162191939,-1.2039473684210522,-1.845350604609428,74.0,330.0,0.0,200.0,3108.0,16.0,0.0,0.0,0.0,680.0,1004.0,29160.0,0.0,0.0,0.0,0.0,64.0,0.0,0.0,0.0,0.0,0.0,0.0,0.0,0.0,0.0,0.0,0.0,0.0,0.0,48.0,1,1,0,1,1,1,0,0,0,1,1,1,0,0,0,0,1,0,0,0,0,0,0,0,0,0,0,0,0,0,1,6.7272727272727275,1.7799000188592016,4.28420386800263,19.372396219281665,2.1818181818181817,0.7158188976374373,0.2130324710970945,-0.14516129032258007,0.0,0.0,0,0,3.090909090909091,0.28747978728803447,2.846049894151543,6.100000000000005,0.696969696969697,0.459568208730397,-0.8571946154145237,-1.2652173913043472,13.465060606060607,3.5674970594317497,4.294987692092511,19.450195227409306,0.6060606060606061,0.6936680692278544,1.2513643025269254,2.1226035778800787,464.5070000000002,141.22999999999996,3.234300000000001,0,6,0,0,0,0,0,0,0,0,0,0,0,0,0,0,0,0,0,0,0,0,0,0,0,0,0,1,0,0,0,0,0,0,1,1,0,0,0,1,1,0,0,0,0,1,0,0,0,0,0,0,0,1,1,0,0,1,0,0,1,1,1,1,1,0,1,1,0,1,0,1,0,0,0,1,0,1,0,1,0,1,1,1,0,1,1,0,0,0,1,0,0,0,0,1,1,0,1,1,0,0,0,0,1,0,0,0,1,0,0,0,1,0,1,1,0,0,0,1,0,0,1,1,1,0,1,1,1,1,0,0,1,1,0,1,0,1,1,1,0,0,1,0,1,1,1,1,1,0,1,0,1,1,1,0,1,0,1,1,1,1,1,1,1,1,1,1,0,1
CHEMBL261_163,36,34,-1,-1,-1,2.1818181818181817,2.8546033578377417,2.73585876889239,5.938748976543833,0.10893385862624706,0.1261395743713074,1.627394048886746,2.954334502664473,0.16960974105178028,0.09503960617639617,-0.09261169978475488,-1.236967744642208,6.763888888888889,3.9546278952795877,0.02359988998247178,-1.0145213574215546,0.017833800186741366,0.049672961289192866,3.365145776244029,10.423259509319294,0.8055555555555556,0.39577241246597245,-1.5440972939559128,0.38423645320197064,2.1818181818181817,2.8546033578377417,2.73585876889239,5.938748976543833,2.0,0.0,0,0,1.8888888888888888,2.354402233379677,3.3640982720522197,10.462284413271759,0.0,0.0,0,0,0.024517499307415275,0.05685392519273855,2.01483994164392,2.2893856124883323,0.04545454545454545,0.0539508103692437,2.758346662648641,6.053977735412921,0.04545454545454546,0.022661986555645653,0.7059458122946121,-0.05186809707462858,1.2727272727272727,0.44536177141512334,1.020620726159657,-0.9583333333333353,-0.7353433839178855,68.0,260.0,0.0,204.0,2106.0,48.0,0.0,0.0,0.0,820.0,952.0,17040.0,0.0,0.0,0.0,0.0,222.0,0.0,0.0,0.0,48.0,0.0,0.0,0.0,0.0,0.0,0.0,0.0,0.0,0.0,0.0,1,1,0,1,1,1,0,0,0,1,1,1,0,0,0,0,1,0,0,0,1,0,0,0,0,0,0,0,0,0,0,6.771428571428571,1.7741913938582885,4.03122438130939,17.986006611456407,2.1714285714285713,0.7740695533796608,0.43357469638088625,-0.020020194670682834,0.0,0.0,0,0,3.3714285714285714,0.4831867007225075,0.5321811563901744,-1.7167832167832169,0.34285714285714286,0.4746642207381757,0.6621221919717304,-1.5615942028985506,13.552714285714286,3.555009701183698,4.045225408026198,18.08737486732841,0.8285714285714286,0.8778452283278408,0.5932973464401524,-0.8423136311404771,503.5770000000004,125.48000000000002,1.4859000000000007,0,6,0,0,0,0,0,0,0,0,0,0,0,0,0,0,0,0,0,0,0,0,0,0,0,0,1,0,0,0,0,0,0,0,0,0,0,0,0,0,0,0,0,0,0,0,0,0,0,0,0,0,0,1,0,0,0,1,0,1,1,1,1,1,1,0,1,0,1,1,1,1,0,1,1,1,0,1,0,0,0,1,0,1,0,0,0,1,1,0,1,1,1,1,1,1,1,0,0,1,1,0,1,0,1,0,0,0,0,0,0,1,1,1,1,1,0,0,0,1,1,0,1,1,1,0,1,1,1,1,1,1,1,1,1,1,0,1,1,1,1,1,1,0,1,1,0,1,1,1,1,0,0,1,1,1,1,0,1,1,1,1,1,1,1,1,1,1,0,0
CHEMBL261_164,36,33,-1,-1,-1,2.090909090909091,2.712078889122963,2.6929803207054315,5.600174220426721,0.11040282675826069,0.12485589141711836,1.5948583751912366,2.719183853106868,0.16505763070209187,0.0911615794731559,-0.0877020789599081,-1.1730848614280405,6.61574074074074,3.826799875981148,0.025007838968111692,-0.9868467463055008,0.018674136321195148,0.051968187167022686,3.198650403145851,9.171190475643396,0.8055555555555556,0.3957724124659724,-1.544097293955913,0.3842364532019724,2.090909090909091,2.712078889122963,2.6929803207054315,5.600174220426721,2.0,0.0,0,0,1.8333333333333333,2.242270674512285,3.28363535546538,9.773511187082194,0.0,0.0,0,0,0.012775440794016645,0.03308856825585687,2.3778435821378725,4.051631120386566,0.045454545454545456,0.0535756018748201,2.710153775705974,5.672634296733616,0.04545454545454546,1.146743799586658,2.6687551511397336,5.564299643749479,1.2272727272727273,0.41907020260422223,1.301582746911936,-0.30588235294117805,-0.5625222341370866,66.0,236.0,0.0,156.0,1776.0,24.0,0.0,0.0,0.0,574.0,688.0,13080.0,0.0,0.0,0.0,0.0,106.0,0.0,0.0,0.0,12.0,0.0,0.0,0.0,0.0,0.0,0.0,0.0,0.0,0.0,0.0,1,1,0,1,1,1,0,0,0,1,1,1,0,0,0,0,1,0,0,0,1,0,0,0,0,0,0,0,0,0,0,6.34375,0.6896273903348097,1.7156171098911877,1.2837849803304815,2.125,0.739509972887452,-0.20283702113484398,-1.1542857142857144,0.0,0.0,0,0,3.15625,0.3630921887069453,1.893458524812515,1.5851851851851855,0.5625,0.49607837082461076,-0.25197631533948484,-1.9365079365079365,12.696625,1.3752955534629643,1.714910883686684,1.2810964809067675,0.84375,1.0340870067358936,1.1632589434627079,0.16180646775505103,433.5080000000002,79.9,4.5828200000000034,0,7,0,0,0,0,0,0,0,0,0,0,0,0,0,0,0,0,0,0,0,0,0,0,0,0,0,0,0,0,0,0,0,0,0,0,0,0,0,0,0,0,0,0,0,0,0,0,0,0,0,0,0,0,0,1,0,0,0,0,0,0,0,0,0,0,0,0,0,0,0,0,0,0,1,0,1,0,0,0,0,0,1,0,0,0,0,1,1,0,0,0,0,0,1,1,0,0,0,0,0,0,0,0,0,0,0,0,0,0,0,0,1,0,0,1,0,0,0,1,0,0,0,0,1,0,0,1,1,1,0,0,0,1,0,1,0,1,1,0,0,0,1,1,1,1,1,1,1,0,1,1,1,1,1,0,1,0,1,1,1,1,1,1,1,1,1,1,0,0
CHEMBL261_165,40,41,-1,-1,-1,2.2857142857142856,3.3365630611790467,3.1249936107362624,8.345336101307176,0.11110365098220243,0.11249879438653976,1.833995856042857,4.324045528509472,0.20846039139030026,0.10563553452103132,-0.407252012231857,-0.9510776477998126,9.229166666666666,4.821636349138467,-0.297246339733118,-0.7465255751040036,0.02091767881241565,0.06500617120787568,3.7344581896451055,12.965871437199887,0.825,0.3799671038392666,-1.7106744068953987,0.9264069264069255,2.2857142857142856,3.3365630611790467,3.1249936107362624,8.345336101307176,2.0,0.0,0,0,2.05,2.880538144166815,3.646470138041592,12.47810605186514,0.0,0.0,0,0,0.03492179004391253,0.08094935755450887,3.171196032767164,11.518628442291089,0.03571428571428571,0.04825066952723228,3.2128667349772906,8.902938528144166,0.03571428571428572,0.01407529869315575,0.7810248651823996,1.0372511992809406,1.3214285714285714,0.46702488680792925,0.7647191129018731,-1.4152046783625722,1.9189293105644272,82.0,418.0,0.0,380.0,4536.0,72.0,0.0,0.0,0.0,1560.0,2326.0,50064.0,0.0,0.0,0.0,0.0,380.0,0.0,0.0,0.0,60.0,0.0,0.0,0.0,0.0,0.0,0.0,0.0,0.0,0.0,72.0,1,1,0,1,1,1,0,0,0,1,1,1,0,0,0,0,1,0,0,0,1,0,0,0,0,0,0,0,0,0,1,7.297297297297297,2.8839243614257857,2.744394881732937,6.194038327197051,2.1621621621621623,0.7888929469906175,0.03522449001226004,-0.772217813925808,0.0,0.0,0,0,3.135135135135135,0.3418678551533383,2.134537420613658,2.5562500000000057,0.6216216216216216,0.48498266067368534,-0.5015503913178175,-1.7484472049689432,14.682675675675677,6.037178301223153,2.7918081805993977,6.456420603940982,0.4864864864864865,0.6826665373143291,1.5779062074386654,2.885766649305725,561.4030000000002,153.62,4.809000000000003,0,7,0,0,0,0,0,0,0,0,0,0,0,0,0,0,0,0,0,0,0,0,0,0,0,0,0,0,0,0,0,0,0,0,1,1,0,0,0,0,0,0,0,0,0,0,0,0,0,0,0,0,0,1,0,1,0,1,0,1,1,1,1,1,1,0,1,1,0,1,0,1,0,1,0,1,0,0,0,0,0,1,1,1,0,1,1,0,0,1,1,1,0,0,1,1,1,0,1,1,0,0,0,0,1,1,0,0,1,1,0,0,1,0,1,1,0,0,0,1,0,0,1,1,0,0,1,1,1,1,0,0,1,1,0,1,1,1,1,1,0,0,1,0,1,1,1,1,1,0,1,0,1,1,1,0,1,0,1,1,1,1,1,1,1,1,1,1,0,1
CHEMBL261_166,39,37,-1,-1,-1,2.074074074074074,2.9805036353675125,3.453294224531195,11.194693687263008,0.10553421943305398,0.1204307027700231,2.476676075602666,9.252790314021523,0.1946472372291614,0.09693517662534236,-0.37585224889854724,-0.9185521929675824,8.476068376068378,4.407733741512236,-0.2168617223801528,-0.6540143730609227,0.023087865193128353,0.06646628180353129,3.7958660079699964,14.698956351335521,0.8205128205128205,0.3837597319768145,-1.6703827619526517,0.7901785714285703,2.074074074074074,2.9805036353675125,3.453294224531195,11.194693687263008,2.0,0.0,0,0,1.8974358974358974,2.569993233502734,3.9566239231481406,15.88641762128728,0.0,0.0,0,0,0.004023030109986632,0.01253188650291973,2.9665109265924774,7.081469751733376,0.037037037037037035,0.04884841508362431,3.4938097450693775,11.469836767937592,0.037037037037037035,0.029450724316740035,2.8262304968267378,10.294755069471536,1.2592592592592593,0.438228132081453,1.0987005311470714,-0.7928571428571423,-1.3695944823519117,74.0,324.0,0.0,172.0,3306.0,8.0,0.0,0.0,0.0,548.0,934.0,35904.0,0.0,0.0,0.0,0.0,40.0,0.0,0.0,0.0,0.0,0.0,0.0,0.0,0.0,0.0,0.0,0.0,0.0,0.0,24.0,1,1,0,1,1,1,0,0,0,1,1,1,0,0,0,0,1,0,0,0,0,0,0,0,0,0,0,0,0,0,1,7.297297297297297,2.8839243614257857,2.744394881732937,6.194038327197051,2.1621621621621623,0.7888929469906175,0.03522449001225999,-0.772217813925808,0.0,0.0,0,0,3.135135135135135,0.34186785515333823,2.1345374206136585,2.5562500000000066,0.6216216216216216,0.48498266067368534,-0.5015503913178175,-1.7484472049689432,14.682675675675677,6.037178301223153,2.7918081805993977,6.456420603940982,0.4864864864864865,0.6826665373143291,1.5779062074386654,2.885766649305725,561.4030000000002,153.62,4.809000000000003,0,7,0,0,0,0,0,0,0,0,0,0,0,0,0,0,0,0,0,0,0,0,0,0,0,0,0,0,0,0,0,0,0,0,1,1,0,0,0,0,0,0,0,0,0,0,0,0,0,0,0,0,0,1,0,1,0,1,0,1,1,1,1,1,1,0,1,1,0,1,0,1,0,1,0,1,0,0,0,0,0,1,1,1,0,1,1,0,0,1,1,1,0,0,1,1,1,0,1,1,0,0,0,0,1,1,0,0,1,1,0,0,1,0,1,1,0,0,0,1,0,0,1,1,0,0,1,1,1,1,0,0,1,1,0,1,1,1,1,1,0,0,1,0,1,1,1,1,1,0,1,0,1,1,1,0,1,0,1,1,1,1,1,1,1,1,1,1,0,1
CHEMBL261_167,39,37,-1,-1,-1,2.074074074074074,2.9929042741980627,3.119813651726749,8.071420396849033,0.11318305693817789,0.11327233229326047,1.8235668191067216,4.310570085671319,0.19197348307175635,0.09481993684046221,-0.3682485007675594,-0.8740513714760567,8.429059829059831,4.349559885304568,-0.2362629635014305,-0.6889151859506901,0.023525549841339314,0.07235294555466658,3.3774057760754594,10.273893621282099,0.8205128205128205,0.3837597319768145,-1.6703827619526517,0.7901785714285703,2.074074074074074,2.9929042741980627,3.119813651726749,8.071420396849033,2.0,0.0,0,0,1.8974358974358974,2.5799510211497982,3.5983457158822656,11.887885673983966,0.0,0.0,0,0,0.03373851864417902,0.15827078154515092,5.829150509347337,32.6239763120996,0.03703703703703703,0.04920178746049087,3.1638190214201423,8.352477258751831,0.03703703703703703,0.04224110686283677,-1.9522946980485465,3.8195309119767114,1.2592592592592593,0.438228132081453,1.0987005311470714,-0.7928571428571431,0.39578176975341284,74.0,326.0,0.0,186.0,3102.0,16.0,0.0,0.0,0.0,580.0,992.0,29160.0,0.0,0.0,0.0,0.0,64.0,0.0,0.0,0.0,0.0,0.0,0.0,0.0,0.0,0.0,0.0,0.0,0.0,0.0,0.0,1,1,0,1,1,1,0,0,0,1,1,1,0,0,0,0,1,0,0,0,0,0,0,0,0,0,0,0,0,0,0,6.88,2.0063897926375125,3.730497979918073,14.114905305567426,2.16,0.783836717690617,0.20970566482811656,-0.45597330729166696,0.0,0.0,0,0,3.12,0.32496153618543844,2.33873832860732,3.4696969696969635,0.68,0.46647615158762407,-0.7717436331412901,-1.4044117647058822,13.770680000000002,4.021859935104653,3.7395548830095016,14.17049902056364,0.56,0.7525955088890712,1.484579860491704,2.169347888537776,358.3790000000001,117.16999999999999,1.1542999999999999,0,5,0,0,0,0,0,0,0,0,0,0,0,0,0,0,0,0,0,0,0,0,0,0,0,0,0,0,0,0,0,0,0,0,1,1,0,0,0,0,0,0,0,0,0,0,0,0,0,0,0,0,0,1,1,0,0,1,0,0,1,1,1,1,1,0,1,1,0,1,0,1,1,0,0,1,0,1,0,1,0,1,1,1,0,1,1,0,0,0,1,0,0,0,0,1,1,1,1,1,0,0,0,0,1,0,0,0,1,0,0,0,0,0,1,1,0,0,0,1,0,0,1,1,1,0,1,1,1,1,0,0,1,0,0,1,0,1,1,1,0,0,1,0,1,1,0,1,1,0,1,0,0,1,1,0,1,0,1,1,1,1,1,1,1,1,1,1,0,1
CHEMBL261_168,39,38,-1,-1,-1,2.1481481481481484,3.0392945539153544,3.0804682456293144,8.249585527132307,0.11052050326297291,0.11587167039239929,1.91489160177697,5.011701175713982,0.19825150651841347,0.09962388111244515,-0.35573649383116845,-0.9291027961316476,8.589743589743591,4.485588851161149,-0.22691854964386765,-0.7449908913571037,0.02235839077944341,0.06553652527585527,3.465595709014635,11.267738086665227,0.8205128205128205,0.3837597319768145,-1.6703827619526517,0.7901785714285703,2.1481481481481484,3.0392945539153544,3.0804682456293144,8.249585527132307,2.0,0.0,0,0,1.9487179487179487,2.620909197780643,3.568004402940275,12.179427644585383,0.0,0.0,0,0,0.015018583566970663,0.03478723699941753,2.2450375920583943,3.943535228278912,0.03703703703703703,0.048195667579615506,3.150085318173743,8.700654067717766,0.03703703703703704,0.05628819267780418,3.3726809980601313,10.370516442959596,1.2592592592592593,0.438228132081453,1.0987005311470714,-0.7928571428571423,-0.5863989212614076,76.0,340.0,0.0,266.0,3264.0,32.0,0.0,0.0,0.0,924.0,1478.0,32088.0,0.0,0.0,0.0,0.0,158.0,0.0,0.0,0.0,12.0,0.0,0.0,0.0,0.0,0.0,0.0,0.0,0.0,0.0,24.0,1,1,0,1,1,1,0,0,0,1,1,1,0,0,0,0,1,0,0,0,1,0,0,0,0,0,0,0,0,0,1,7.068965517241379,1.981483848077054,3.1754542789585725,11.381061383424543,2.1379310344827585,0.8992003317520896,0.29505594276834174,-0.7910380622837376,0.0,0.0,0,0,3.2413793103448274,0.42791978089623645,1.2087344460380716,-0.5389610389610366,0.5862068965517241,0.49251230541674823,-0.3500700210070021,-1.8774509803921569,14.250758620689657,4.080108354335132,2.9478054180466176,9.784060714843353,0.4482758620689655,0.7233164470138975,1.8208968494160724,3.2614256198347134,426.3760000000001,117.16999999999999,2.1731,0,5,0,0,0,0,0,0,0,0,0,0,0,0,0,0,0,0,0,0,0,0,0,0,0,0,0,0,0,0,0,0,0,0,1,1,0,0,0,0,0,0,0,0,1,0,0,0,0,0,0,0,0,1,1,0,0,1,0,0,1,1,1,1,1,0,1,1,0,1,0,1,1,0,0,1,0,1,0,1,0,1,1,1,0,1,1,0,0,0,1,0,0,0,0,1,1,1,1,1,0,0,0,0,1,0,0,0,1,1,0,0,0,0,1,1,0,0,0,1,0,0,1,1,1,0,1,1,1,1,0,0,1,0,0,1,1,1,1,1,0,0,1,0,1,1,1,1,1,0,1,0,1,1,1,0,1,0,1,1,1,1,1,1,1,1,1,1,0,1
CHEMBL261_169,37,35,-1,-1,-1,2.08,2.8414081016284864,2.9006401763631544,6.84422904993442,0.11589788634014742,0.11659634200485583,1.6596749537694064,3.4006612706653145,0.1872594644639533,0.09288679653483117,-0.29783042650050734,-0.9401967412246846,7.797297297297297,4.056440238696093,-0.1694005109744405,-0.7725634681934892,0.023423423423423417,0.06788389699606477,3.238232421039665,9.411625202411141,0.8108108108108109,0.3916588309780929,-1.5871507864874157,0.5190476190476199,2.08,2.8414081016284864,2.9006401763631544,6.84422904993442,2.0,0.0,0,0,1.8918918918918919,2.436033370647297,3.3676307244525017,10.381359969221531,0.0,0.0,0,0,0.014905083655083657,0.05517514028936865,5.200696450392587,26.999977551685674,0.039999999999999994,0.05031169471876674,2.9513402198201804,7.107328751400333,0.039999999999999994,0.08635859264915664,-2.267273407409449,4.4702643231902215,1.24,0.4270831300812524,1.2175615550562024,-0.5175438596491229,1.3836608955825742,70.0,282.0,0.0,174.0,2382.0,16.0,0.0,0.0,0.0,514.0,846.0,19920.0,0.0,0.0,0.0,0.0,62.0,0.0,0.0,0.0,0.0,0.0,0.0,0.0,0.0,0.0,0.0,0.0,0.0,0.0,12.0,1,1,0,1,1,1,0,0,0,1,1,1,0,0,0,0,1,0,0,0,0,0,0,0,0,0,0,0,0,0,1,6.709677419354839,1.8525230987562873,4.081589841412584,17.457587173585193,2.193548387096774,0.7795513531351338,0.05696876150995813,-0.6350628635766569,0.0,0.0,0,0,3.193548387096774,0.39507899077148045,1.551343503762679,0.40666666666666673,0.5806451612903226,0.49345350131543086,-0.32686022523030683,-1.8931623931623938,13.429967741935489,3.712725870038912,4.0925388326909875,17.534911054262064,0.7096774193548387,0.8109551670952603,1.301340380349477,1.5836003845537556,438.50500000000017,98.92999999999999,3.2229,2,6,0,0,0,0,0,0,0,0,1,0,0,1,0,0,0,0,0,0,0,0,0,0,0,0,0,0,0,0,0,0,0,0,1,1,0,0,0,0,0,0,0,0,0,0,0,0,0,0,0,0,0,1,0,0,0,1,0,0,1,1,1,1,1,0,1,0,0,1,0,1,0,0,1,1,0,1,0,0,0,0,0,1,0,0,1,1,0,0,1,0,0,0,1,1,1,0,0,1,0,0,0,0,1,0,0,0,1,0,0,0,1,0,1,1,0,0,0,1,0,0,0,1,1,0,1,1,1,1,0,0,1,0,0,1,0,1,1,1,0,0,1,0,1,1,1,1,1,0,1,1,1,1,1,0,1,0,1,1,1,1,1,1,1,1,1,1,0,1
CHEMBL261_170,35,35,-1,-1,-1,2.260869565217391,3.0817469820294527,2.70461813259098,5.697423703801364,0.11488748534672517,0.12398505668883882,1.5653110081831774,2.5704715089318517,0.1999537149874662,0.10385370702724782,-0.2427339687361493,-1.161108211966557,7.652380952380952,4.121877640523396,-0.10191373813022434,-0.9142782144925654,0.019709702062643237,0.05702721831443356,3.3595919479480614,9.974429945237722,0.8,0.4,-1.5,0.24999999999999956,2.260869565217391,3.0817469820294527,2.70461813259098,5.697423703801364,2.0,0.0,0,0,2.0,2.6076809620810595,3.2386546797966695,9.433267424616908,0.0,0.0,0,0,0.035768928017363255,0.07586962131365849,1.8052433656893367,1.4948595070430502,0.04347826086956521,0.05399430827050568,2.716800167452843,5.734197060294022,0.043478260869565195,0.023844499120894598,0.30715102132582195,-0.32916508815807655,1.3043478260869565,0.4601306627938419,0.8504200642707606,-1.276785714285715,0.601675259911996,70.0,308.0,0.0,308.0,2724.0,80.0,0.0,0.0,0.0,1202.0,1672.0,23904.0,0.0,0.0,0.0,0.0,416.0,0.0,0.0,0.0,120.0,0.0,0.0,0.0,0.0,0.0,0.0,0.0,0.0,0.0,0.0,1,1,0,1,1,1,0,0,0,1,1,1,0,0,0,0,1,0,0,0,1,0,0,0,0,0,0,0,0,0,0,6.3,0.6904105059069326,1.9568777408365117,1.9661597144114653,2.2666666666666666,0.6798692684790381,-0.38846080613909467,-0.8409763313609484,0.0,0.0,0,0,3.2,0.39999999999999997,1.4999999999999991,0.24999999999999734,0.4,0.4898979485566357,0.40824829046386263,-1.8333333333333341,12.609266666666672,1.3767461865653463,1.956593601153593,1.9650071500295994,0.7,0.6904105059069326,1.0817522915183193,1.96615971441146,399.4460000000001,63.68,3.9028000000000027,4,5,0,0,0,0,0,0,0,0,0,0,0,0,0,0,0,0,0,0,0,0,0,0,0,0,0,0,0,0,0,0,0,0,0,0,0,0,0,0,0,0,0,0,0,0,0,0,0,0,0,0,0,0,0,0,0,0,0,0,0,0,0,0,1,0,0,0,0,0,0,0,0,0,0,0,0,1,0,0,0,0,0,0,0,1,0,1,0,0,0,1,0,0,1,1,0,0,1,0,0,1,0,1,0,0,0,1,0,0,0,0,1,0,0,1,0,0,0,1,0,0,0,1,1,0,0,1,1,1,0,0,0,0,0,1,0,1,1,1,0,0,1,0,0,1,0,1,1,0,1,0,1,0,1,0,1,0,1,1,1,1,1,1,1,1,1,1,0,1
CHEMBL261_171,39,38,-1,-1,-1,2.1481481481481484,3.123432391453039,3.1514904917317654,8.357023522720516,0.11129768891960903,0.11512536680584165,1.906590532830811,4.932638619023695,0.19849065551243508,0.09952041535827656,-0.3784301254483333,-0.962910393245759,8.650427350427352,4.504643832389843,-0.2559028511830584,-0.7525679705743933,0.02228544333807492,0.06592432931084777,3.7130394692197886,12.916321600297593,0.8205128205128205,0.3837597319768145,-1.6703827619526517,0.7901785714285703,2.1481481481481484,3.123432391453039,3.1514904917317654,8.357023522720516,2.0,0.0,0,0,1.9487179487179487,2.6885199240447397,3.6567120963736413,12.41525901852167,0.0,0.0,0,0,0.010109874389968803,0.027033921092371637,2.4064059192903584,4.017587619517309,0.03703703703703703,0.04934028942304312,3.1719267902235897,8.46300684893476,0.037037037037037035,0.1361062875163554,-2.8559967311908925,7.373507042126171,1.2962962962962963,0.4566232594791834,0.8922178162191939,-1.203947368421052,-0.2525979697837967,76.0,354.0,0.0,224.0,3570.0,24.0,0.0,0.0,0.0,916.0,1248.0,36024.0,0.0,0.0,0.0,0.0,132.0,0.0,0.0,0.0,12.0,0.0,0.0,0.0,0.0,0.0,0.0,0.0,0.0,0.0,36.0,1,1,0,1,1,1,0,0,0,1,1,1,0,0,0,0,1,0,0,0,1,0,0,0,0,0,0,0,0,0,1,7.0,2.3868325657594203,3.2090958444117144,9.276029877772746,2.1818181818181817,0.7158188976374373,0.2130324710970945,-0.14516129032258007,0.0,0.0,0,0,3.090909090909091,0.28747978728803447,2.8460498941515433,6.100000000000005,0.6666666666666666,0.4714045207910317,-0.7071067811865474,-1.4999999999999998,14.012333333333332,4.7858594406708805,3.213822474463298,9.29934474949803,0.5757575757575758,0.69762814746796,1.3352438828482875,2.2421288714845122,481.55900000000014,128.67000000000002,3.0207000000000006,0,7,0,0,0,0,0,0,0,0,0,0,0,0,0,0,0,0,0,0,0,0,0,0,0,0,0,0,0,0,0,0,0,0,1,1,0,0,1,0,0,0,0,0,0,0,0,0,0,0,0,0,0,1,1,0,0,1,0,0,1,1,1,1,1,0,1,1,0,1,0,1,0,0,0,1,0,1,0,0,1,1,1,1,0,1,1,0,0,0,1,0,0,0,1,1,1,1,1,1,0,0,0,0,1,0,0,0,1,0,0,0,1,0,1,1,0,0,0,1,0,1,1,1,1,0,1,1,1,1,0,0,1,1,0,1,0,1,1,1,0,0,1,0,1,1,1,1,1,0,1,0,1,1,1,0,1,0,1,1,1,1,1,1,1,1,1,1,0,1
CHEMBL261_172,36,32,-1,-1,-1,2.0,2.5761140573281374,2.8076694398502196,6.266091199099266,0.1093652096746859,0.1257657691527777,1.7762607077611157,4.119042593196238,0.1556325169745416,0.08415046785997742,-0.057726893373624494,-1.101100429434513,6.375925925925925,3.642509743168978,0.04778769139442181,-0.9071213186172162,0.02091503267973856,0.05717675498721989,3.285923216442066,10.327025853980384,0.8055555555555556,0.3957724124659724,-1.5440972939559132,0.3842364532019724,2.0,2.5761140573281374,2.8076694398502196,6.266091199099266,2.0,0.0,0,0,1.7777777777777777,2.1358203096378983,3.3695777106910336,10.444548003098218,0.0,0.0,0,0,0.00607768011419127,0.017657344451558168,2.682542775700656,5.473113363167645,0.04545454545454546,0.05299230016045003,2.7971523631260684,6.192343810247193,0.045454545454545456,0.18892089721678373,3.0879149465740934,8.220458595602647,1.1818181818181819,0.38569460791993493,1.6499158227686117,0.7222222222222232,-1.3076235807603862,64.0,214.0,0.0,94.0,1554.0,8.0,0.0,0.0,0.0,340.0,382.0,11064.0,0.0,0.0,0.0,0.0,32.0,0.0,0.0,0.0,0.0,0.0,0.0,0.0,0.0,0.0,0.0,0.0,0.0,0.0,0.0,1,1,0,1,1,1,0,0,0,1,1,1,0,0,0,0,1,0,0,0,0,0,0,0,0,0,0,0,0,0,0,7.03030303030303,2.5164290293365688,3.217605759434625,9.38038973802359,2.121212121212121,0.7285342594043218,0.27993541408667544,-0.12609403623040993,0.0,0.0,0,0,3.3333333333333335,0.4714045207910317,0.7071067811865465,-1.500000000000001,0.36363636363636365,0.48104569292083466,0.5669467095138406,-1.6785714285714284,14.114818181818181,5.214152032832147,3.2749910677079566,9.778455236559733,0.8484848484848485,0.8570991287109666,0.5839818129124398,-0.6979312499999994,494.0130000000003,113.6,3.641700000000003,0,8,0,0,0,0,0,0,0,0,0,0,0,0,0,0,0,0,0,0,0,0,0,0,0,0,0,0,0,0,0,0,0,0,1,1,0,0,0,1,0,0,0,0,0,1,0,0,0,0,0,0,0,1,0,0,0,1,0,0,1,1,1,1,0,0,1,0,0,1,0,1,0,0,0,1,0,0,0,1,0,0,0,1,1,0,0,0,0,1,1,1,1,1,1,1,1,0,0,1,0,0,1,0,1,1,1,0,1,1,0,0,1,1,1,1,0,0,0,1,1,0,0,0,0,0,1,1,1,1,1,1,1,1,0,1,1,0,1,0,0,0,1,0,1,1,1,1,1,1,1,0,1,1,1,1,1,1,1,1,1,1,1,1,1,1,1,1,0,0
CHEMBL261_173,35,31,-1,-1,-1,1.9130434782608696,2.3758393204024784,2.8266958159079194,6.294767185467885,0.11532699387912458,0.12357634504318753,1.663591965271193,3.640754848798136,0.16558708831516797,0.0785447986535357,-0.22217290225125724,-0.9437239248757385,6.6900680272108835,3.4187902090638196,-0.04520200835843757,-0.7332834021152568,0.0275528393175452,0.07502540828108346,2.8789897655337064,6.778500916733243,0.8,0.4,-1.5,0.24999999999999956,1.9130434782608696,2.3758393204024784,2.8266958159079194,6.294767185467885,2.0,0.0,0,0,1.7714285714285714,2.043606256256876,3.202530453176848,9.175638249683185,0.0,0.0,0,0,0.0,0.0,0,0,0.04347826086956521,0.048807290181980795,2.82026507125625,6.283086855699519,0.043478260869565195,0.03722614733383489,2.686066068236844,7.2676661583820525,1.0,0.0,0,0,0.2928602101532118,62.0,194.0,0.0,70.0,1284.0,0.0,0.0,0.0,0.0,164.0,256.0,8184.0,0.0,0.0,0.0,0.0,0.0,0.0,0.0,0.0,0.0,0.0,0.0,0.0,0.0,0.0,0.0,0.0,0.0,0.0,0.0,1,1,0,1,1,0,0,0,0,1,1,1,0,0,0,0,0,0,0,0,0,0,0,0,0,0,0,0,0,0,0,7.16,2.9756343861435663,2.850589781405756,6.584793037462402,2.16,0.6118823416311342,-0.10392478956040593,-0.45266272189349177,0.0,0.0,0,0,3.44,0.4963869458396342,0.24174688920761453,-1.9415584415584413,0.48,0.4995998398718719,0.08006407690254361,-1.993589743589744,14.44476,6.3329976553287946,2.878950541269011,6.704504571934809,0.84,0.88,0.66885800150263,-0.5785806980397514,382.28700000000015,30.930000000000003,4.281800000000004,1,6,0,0,0,0,0,0,0,0,0,0,0,0,0,0,0,0,0,0,0,0,0,0,0,0,0,0,0,0,0,0,0,0,0,0,0,0,0,0,0,0,0,0,0,0,0,0,0,0,0,0,0,0,0,0,0,0,0,1,0,0,0,0,0,0,0,0,0,0,0,0,0,0,1,0,0,1,0,0,0,0,0,0,0,0,0,1,1,1,0,0,0,0,0,1,0,1,0,1,1,0,1,0,0,1,0,0,0,1,0,1,0,1,0,1,0,0,0,0,1,0,1,1,1,0,0,1,1,1,1,1,0,0,1,0,1,0,0,1,1,0,0,0,0,1,1,1,1,1,1,0,1,0,1,1,0,1,0,1,1,1,1,1,1,1,1,1,0,0
CHEMBL261_174,39,37,-1,-1,-1,2.074074074074074,3.0175526743805454,3.2126280182440907,8.88390747584302,0.10987602553291691,0.11648298010488674,2.1666728349271307,7.137048838808459,0.19085328533680535,0.09480618635448283,-0.32847141044264644,-0.8715186167073643,8.406837606837609,4.353833360160265,-0.2143270352188015,-0.6660200255393636,0.023890287048181788,0.07292370223206945,3.584479440955257,12.249725333961251,0.8205128205128205,0.3837597319768145,-1.6703827619526517,0.7901785714285703,2.074074074074074,3.0175526743805454,3.2126280182440907,8.88390747584302,2.0,0.0,0,0,1.8974358974358974,2.599752175515195,3.702415083566863,12.95947720631653,0.0,0.0,0,0,0.020237097834938586,0.0799401958986736,5.542140790421632,30.27562946320758,0.03703703703703703,0.049356434349482316,3.2008680744088984,8.687332205202052,0.03703703703703704,0.08119551410784544,-2.6555532302248706,7.403504073563093,1.2592592592592593,0.438228132081453,1.0987005311470714,-0.7928571428571418,-0.7700711153506896,74.0,330.0,0.0,176.0,3240.0,16.0,0.0,0.0,0.0,580.0,988.0,32064.0,0.0,0.0,0.0,0.0,68.0,0.0,0.0,0.0,0.0,0.0,0.0,0.0,0.0,0.0,0.0,0.0,0.0,0.0,0.0,1,1,0,1,1,1,0,0,0,1,1,1,0,0,0,0,1,0,0,0,0,0,0,0,0,0,0,0,0,0,0,6.75,1.920286436967152,3.9888873596884875,16.270776049575247,2.2142857142857144,0.7249208260780158,0.21237194150725497,-0.16193797718918024,0.0,0.0,0,0,3.1785714285714284,0.3829930462415574,1.678508654832566,0.8173913043478311,0.6071428571428571,0.48838551182776235,-0.4387634544762778,-1.8074866310160436,13.510857142857146,3.849043292209913,3.9982757635318134,16.33363754473314,0.6785714285714286,0.8041664463712646,1.0569425501505112,0.5239545767538445,397.45600000000024,90.28999999999999,3.200700000000002,0,5,0,0,0,0,0,0,0,0,0,0,0,0,0,0,0,0,0,0,0,0,0,0,0,0,0,0,0,0,0,0,0,0,1,1,0,0,0,0,0,0,0,0,0,0,0,0,0,0,0,0,0,1,1,0,0,1,0,0,1,1,1,1,1,0,1,1,0,1,0,1,0,0,0,1,0,1,0,0,0,0,1,1,0,1,0,0,0,0,1,0,0,0,0,1,1,0,1,1,0,0,0,1,1,0,0,1,1,0,0,0,0,1,1,1,0,0,0,1,1,0,1,1,1,0,1,1,1,1,1,0,1,0,1,1,0,1,1,1,0,0,1,0,1,1,1,1,1,1,1,0,0,1,1,0,1,0,1,1,1,1,1,1,1,1,1,1,0,1
CHEMBL261_175,36,34,-1,-1,-1,2.0833333333333335,2.628635049264584,2.7173346387605872,5.968134138026816,0.11641023152152877,0.11927462334831263,1.5679913831678063,2.8220501034307413,0.1816143923448999,0.08968707295571798,-0.24892615059155224,-0.9632694221192608,7.368518518518518,3.8338260105652546,-0.12401436096805622,-0.8343128457396478,0.024089635854341738,0.06449444235190709,3.0159175192161016,8.08649220234616,0.8055555555555556,0.3957724124659724,-1.5440972939559132,0.3842364532019724,2.0833333333333335,2.628635049264584,2.7173346387605872,5.968134138026816,2.0,0.0,0,0,1.8888888888888888,2.2580446036557307,3.1491149755994448,9.110717656784058,0.0,0.0,0,0,0.010472948126650346,0.02772181940402679,3.3260729150610513,11.956844346073483,0.041666666666666664,0.04828045963159838,2.7780419709741317,6.272763089182066,0.041666666666666664,0.03266581778169186,-0.5621977402459144,0.7474013164224771,1.25,0.4330127018922193,1.1547005383792515,-0.6666666666666665,-0.4743854270389785,68.0,244.0,0.0,166.0,1788.0,16.0,0.0,0.0,0.0,484.0,702.0,13080.0,0.0,0.0,0.0,0.0,58.0,0.0,0.0,0.0,0.0,0.0,0.0,0.0,0.0,0.0,0.0,0.0,0.0,0.0,12.0,1,1,0,1,1,1,0,0,0,1,1,1,0,0,0,0,1,0,0,0,0,0,0,0,0,0,0,0,0,0,1,7.212121212121212,2.3837527805208656,2.969547215404139,8.235964034064722,2.0606060606060606,0.8506465968253455,0.47513102498282395,-0.38789971398387024,0.0,0.0,0,0,3.303030303030303,0.459568208730397,0.8571946154145218,-1.2652173913043492,0.36363636363636365,0.48104569292083466,0.5669467095138406,-1.6785714285714284,14.435242424242425,4.779108874905466,2.9766772546859284,8.269123553424482,0.7272727272727273,0.8265564664839912,0.8648040553174563,-0.12155306971904256,500.55500000000023,185.20000000000002,-0.8023999999999976,0,11,0,0,0,0,0,0,0,0,0,0,0,0,0,0,0,0,0,0,0,0,0,0,0,0,1,0,0,0,0,0,0,0,1,1,0,0,0,0,0,0,0,0,0,0,0,0,0,0,0,0,0,1,0,0,0,1,0,0,1,1,1,1,0,0,1,0,0,1,1,1,0,1,1,1,0,0,0,0,0,1,0,1,1,0,1,0,1,0,1,0,1,1,1,1,1,1,0,1,0,0,1,0,1,0,1,0,1,0,0,0,1,1,1,1,0,0,0,1,1,0,0,0,1,0,1,1,1,1,1,1,1,1,1,0,0,0,1,0,1,1,1,0,1,1,0,1,1,1,1,0,0,1,1,1,1,1,1,1,1,1,1,1,1,1,1,1,0,1
CHEMBL261_176,39,38,-1,-1,-1,2.1481481481481484,3.147058634999704,3.086060693308976,8.024695559426343,0.11204006198467442,0.11440301635663268,1.8587494268433382,4.516210523161224,0.20127911243094823,0.10135261009701088,-0.36905578832003677,-0.9250029610323258,8.705128205128204,4.54299836015517,-0.24546055224250293,-0.7309346694084242,0.021701863807126964,0.06694921411612531,3.536477778836424,11.53388783688492,0.8205128205128205,0.3837597319768145,-1.6703827619526517,0.7901785714285703,2.1481481481481484,3.147058634999704,3.086060693308976,8.024695559426343,2.0,0.0,0,0,1.9487179487179487,2.707527189992676,3.588785568642004,11.995177365320053,0.0,0.0,0,0,0.01950334611624934,0.057581472450254634,4.282925323979742,19.829132413242206,0.037037037037037035,0.049977353534923885,3.1403151033153116,8.351683062965149,0.037037037037037035,0.3496474598148322,3.0720407213154433,8.178327857502637,1.2592592592592593,0.438228132081453,1.0987005311470714,-0.7928571428571418,1.2426100411244336,76.0,358.0,0.0,270.0,3588.0,32.0,0.0,0.0,0.0,940.0,1590.0,36048.0,0.0,0.0,0.0,0.0,164.0,0.0,0.0,0.0,12.0,0.0,0.0,0.0,0.0,0.0,0.0,0.0,0.0,0.0,24.0,1,1,0,1,1,1,0,0,0,1,1,1,0,0,0,0,1,0,0,0,1,0,0,0,0,0,0,0,0,0,1,7.923076923076923,3.6153846153846154,1.8006703716902805,1.4520711497329426,2.1538461538461537,0.7174906963914472,0.3881786764067882,0.16250495441934243,0.0,0.0,0,0,3.1923076923076925,0.39411349099844606,1.5614401167176521,0.43809523809523654,0.6538461538461539,0.47574295680203776,-0.6467616667635547,-1.5816993464052287,15.917230769230772,7.388131445395235,1.8232815401488929,1.5631885468035476,0.5384615384615384,0.7457969011409737,1.537256559583585,2.3390674513354455,427.96000000000015,81.18,4.293200000000002,0,7,0,0,0,0,0,0,0,0,0,0,0,0,0,0,0,0,0,0,0,0,0,0,0,0,0,0,0,0,0,0,0,0,1,1,0,0,1,0,0,0,0,0,0,0,0,0,0,1,0,0,0,1,1,0,0,1,0,0,1,1,1,1,0,0,1,1,0,1,0,1,0,0,0,1,0,0,0,1,0,1,1,1,0,1,0,0,0,1,1,0,0,0,0,1,1,0,1,1,0,0,0,0,1,1,0,0,1,1,0,0,0,0,1,1,0,0,0,1,0,0,1,1,0,0,1,1,1,1,0,0,1,0,0,1,1,1,1,1,0,0,0,0,1,1,0,1,1,0,1,0,0,1,1,1,0,1,1,1,1,1,1,1,1,1,1,1,0,1
CHEMBL261_177,37,33,-1,-1,-1,2.0,2.750494026771254,3.196917849190132,9.119896948077686,0.10438573663935026,0.12700647626513864,2.23432864373387,7.321697532990147,0.16218308209596666,0.08931259408488595,-0.06549089271703669,-1.080905429300688,6.764864864864864,3.8986903625833196,0.04002577316198701,-0.8204431647281689,0.020377520377520376,0.05854582073186628,3.669242901793764,13.66862806872593,0.8108108108108109,0.3916588309780929,-1.5871507864874157,0.5190476190476199,2.0,2.750494026771254,3.196917849190132,9.119896948077686,2.0,0.0,0,0,1.7837837837837838,2.2795819334010314,3.812698445435091,14.452416364869201,0.0,0.0,0,0,0.005854205854205855,0.01773549802050863,2.953353474729483,7.38559672986713,0.043478260869565216,0.05414950429612408,3.18484570256824,9.033111089876279,0.04347826086956521,0.13195521320045073,3.8405396227061206,13.78228494521063,1.173913043478261,0.3790346907426672,1.7206180040292134,0.9605263157894743,-0.6642099233991345,66.0,244.0,0.0,102.0,2112.0,8.0,0.0,0.0,0.0,360.0,480.0,18960.0,0.0,0.0,0.0,0.0,34.0,0.0,0.0,0.0,0.0,0.0,0.0,0.0,0.0,0.0,0.0,0.0,0.0,0.0,0.0,1,1,0,1,1,1,0,0,0,1,1,1,0,0,0,0,1,0,0,0,0,0,0,0,0,0,0,0,0,0,0,6.352941176470588,0.6809315825170721,1.6594009906316591,1.1783247939407477,2.1176470588235294,0.6758308995927093,-0.14638348341729152,-0.8250688705234159,0.0,0.0,0,0,3.235294117647059,0.42418250299576343,1.2480754415067652,-0.44230769230769296,0.5294117647058824,0.4991341984846218,-0.11785113019775796,-1.9861111111111112,12.715,1.3580012994882464,1.6585311367787756,1.1750181808128355,0.9411764705882353,0.9982683969692435,0.8274131432634253,-0.39728009259259345,232.28299999999996,54.12,1.8550999999999997,0,4,0,0,0,0,0,0,0,0,0,0,0,0,0,0,0,0,0,0,0,0,0,0,0,0,0,0,0,0,0,0,0,0,0,0,0,0,0,0,0,0,0,0,0,0,0,0,0,0,0,0,0,0,0,0,0,0,0,0,0,0,0,0,0,0,0,1,0,0,0,0,0,0,0,0,0,0,0,0,0,0,0,0,1,1,0,0,0,0,0,0,1,1,1,1,0,0,1,0,0,0,1,1,0,0,1,1,0,0,1,0,1,1,0,1,0,0,1,1,1,0,0,1,0,0,0,1,1,1,0,0,0,1,0,0,0,0,0,1,0,0,0,0,1,1,0,0,0,1,0,1,0,1,1,1,1,1,1,1,1,1,1,1,1,1,1,1,0,0
CHEMBL261_178,40,39,-1,-1,-1,2.142857142857143,3.2482334288291637,3.4673128826720747,10.813759638443788,0.10589874518401605,0.11741148056493812,2.139296784096835,6.706330818505153,0.19641469858580818,0.1002232935813893,-0.2965745089224073,-1.0091135865204692,8.861309523809524,4.681038842574543,-0.18980569430809918,-0.720813252425462,0.023751686909581647,0.06873748984051636,3.9716533176028306,15.533338424298492,0.825,0.3799671038392666,-1.7106744068953987,0.9264069264069255,2.142857142857143,3.2482334288291637,3.4673128826720747,10.813759638443788,2.0,0.0,0,0,1.95,2.801338965566288,4.00196601342214,15.586671133519339,0.0,0.0,0,0,0.019219367588932806,0.04630369306648155,2.04155554703562,2.260452008303928,0.03571428571428571,0.04879736900483598,3.4853400109185992,10.986867421267643,0.03571428571428572,0.036752686372292585,3.2986443122011546,11.332450126100412,1.2142857142857142,0.410325903324145,1.3926212476455824,-0.060606060606060996,-1.2168294887662816,78.0,388.0,0.0,252.0,4410.0,48.0,0.0,0.0,0.0,1222.0,1500.0,51720.0,0.0,0.0,0.0,0.0,276.0,0.0,0.0,0.0,48.0,0.0,0.0,0.0,0.0,0.0,0.0,0.0,0.0,0.0,0.0,1,1,0,1,1,1,0,0,0,1,1,1,0,0,0,0,1,0,0,0,1,0,0,0,0,0,0,0,0,0,0,6.2105263157894735,0.5210260492953508,2.4429199291721857,4.900666389004591,2.3157894736842106,0.6115236862432764,0.38442945806799483,0.18008230452674878,0.0,0.0,0,0,3.289473684210526,0.45351810367405493,0.9284141650970564,-1.1380471380471364,0.5526315789473685,0.49722220072871537,-0.21170244960998563,-1.9551820728291316,12.431000000000003,1.0392450701299836,2.4414586117925183,4.891809545076063,0.8421052631578947,0.8119604537127111,0.5907369228506915,-0.4681166584280758,504.63400000000036,70.25,6.105200000000006,2,6,0,0,0,0,0,0,0,0,0,0,0,0,0,0,0,0,0,0,0,0,0,0,1,0,0,0,0,0,0,0,0,0,0,0,0,0,0,0,0,0,0,0,0,0,0,0,0,0,0,0,0,0,1,0,0,0,0,0,0,0,0,0,1,0,0,1,1,0,0,1,0,0,0,0,0,1,0,0,0,0,1,0,0,1,0,1,1,0,0,0,1,1,1,1,1,0,1,0,1,1,1,1,0,0,0,1,0,0,0,0,1,1,1,1,0,0,0,1,1,0,1,1,1,0,1,1,1,1,1,1,0,1,0,0,0,1,0,1,1,0,0,0,1,1,1,1,0,1,1,0,0,1,1,1,1,1,1,1,1,1,1,1,1,1,1,1,0,0
CHEMBL261_179,37,34,-1,-1,-1,2.0869565217391304,2.811668906821694,2.833438005338861,6.462702763157267,0.10900784538032675,0.1230622471457669,1.70619032152865,3.5183539125131302,0.16832815291246736,0.09309883529115284,-0.12172138570163767,-1.1635765411736485,6.9324324324324325,4.006040757623533,-0.007962956459814019,-0.9666390316358688,0.018833118833118834,0.053773268646707256,3.3200262904432223,10.108254588858244,0.8108108108108109,0.3916588309780929,-1.5871507864874157,0.5190476190476199,2.0869565217391304,2.811668906821694,2.833438005338861,6.462702763157267,2.0,0.0,0,0,1.837837837837838,2.3309146043178743,3.435839327803108,10.933689893276396,0.0,0.0,0,0,0.011791947157800816,0.031047011500702267,2.428640053941766,4.293413698828665,0.043478260869565195,0.05328957968287655,2.8532459967925425,6.56187960061493,0.04347826086956523,0.3822830266282271,-2.7142369418183727,6.204090884273951,1.2173913043478262,0.4124709991523974,1.3703203194062967,-0.12222222222222534,1.5544378069623594,68.0,258.0,0.0,164.0,2106.0,24.0,0.0,0.0,0.0,630.0,770.0,17040.0,0.0,0.0,0.0,0.0,112.0,0.0,0.0,0.0,12.0,0.0,0.0,0.0,0.0,0.0,0.0,0.0,0.0,0.0,0.0,1,1,0,1,1,1,0,0,0,1,1,1,0,0,0,0,1,0,0,0,1,0,0,0,0,0,0,0,0,0,0,6.285714285714286,0.6577636818983622,2.028436416676598,2.381808472766112,2.342857142857143,0.6737043498600912,0.023340450762775633,-0.23037109880440854,0.0,0.0,0,0,3.4285714285714284,0.4948716593053935,0.2886751345948139,-1.916666666666666,0.3142857142857143,0.4642307659791977,0.8000946913656626,-1.359848484848484,12.580828571428572,1.3117049643381657,2.0279075848665347,2.3795110375023913,0.9142857142857143,0.9062143729802118,0.630127897041118,-0.5700054148271407,472.5850000000004,55.150000000000006,4.197900000000003,4,6,0,0,0,0,0,0,0,0,0,0,0,0,0,0,0,0,0,0,0,0,0,0,1,0,0,0,1,0,0,0,0,0,0,0,0,0,0,0,0,0,0,0,0,0,0,0,0,0,0,0,1,0,0,0,0,0,0,1,0,0,0,0,0,0,0,0,1,0,0,0,0,0,1,0,0,1,1,0,0,0,0,0,0,1,0,1,1,0,0,0,0,0,1,1,0,1,1,0,1,1,1,1,0,0,0,1,0,0,0,0,1,1,1,1,0,0,1,1,1,0,1,1,1,0,0,1,1,1,1,1,0,0,0,1,0,0,0,1,1,0,1,0,1,1,1,1,1,1,1,1,0,0,1,1,1,1,1,1,1,1,1,1,1,1,1,1,0,0
CHEMBL261_180,35,34,-1,-1,-1,2.272727272727273,3.002753557257044,2.799114019493356,6.417971890671204,0.11410571554433284,0.12470490869065405,1.6596639493029852,3.553967139110015,0.18325020055056893,0.1022340719122394,-0.18122194413589326,-1.184187605416772,7.066666666666666,4.08859233741728,-0.08354847366315639,-0.9663450881491094,0.01818181818181818,0.053585525598790026,3.6366393519525295,12.285271718172135,0.8,0.4,-1.5,0.24999999999999956,2.272727272727273,3.002753557257044,2.799114019493356,6.417971890671204,2.0,0.0,0,0,1.9428571428571428,2.5064813942241493,3.417830493962341,10.949588859509598,0.0,0.0,0,0,0.04128205128205128,0.09649526686175412,3.2604971569335977,11.92564634101042,0.04545454545454546,0.05516350093167884,2.8321068934310114,6.537940347910359,0.0454545454545459,14.489507889862713,-2.7203420043637307,6.166356592566052,1.3636363636363635,0.4810456929208346,0.5669467095138417,-1.678571428571427,-0.2884808582389838,68.0,284.0,0.0,240.0,2502.0,56.0,0.0,0.0,0.0,924.0,1196.0,22320.0,0.0,0.0,0.0,0.0,258.0,0.0,0.0,0.0,48.0,0.0,0.0,0.0,0.0,0.0,0.0,0.0,0.0,0.0,36.0,1,1,0,1,1,1,0,0,0,1,1,1,0,0,0,0,1,0,0,0,1,0,0,0,0,0,0,0,0,0,1,6.714285714285714,2.141269252944487,3.865772608489937,13.856241580008628,2.1904761904761907,0.5870870479018072,-0.06616926388228596,-0.3500692520775601,0.0,0.0,0,0,3.2857142857142856,0.45175395145262565,0.9486832980505149,-1.0999999999999988,0.5238095238095238,0.49943278484292924,-0.09534625892455938,-1.9909090909090905,13.44109523809524,4.293686992659072,3.869486413295203,13.878178697899958,0.9047619047619048,0.9712418121129114,0.814871970159498,-0.38352903106508895,301.415,46.51,4.406600000000003,1,4,0,0,0,0,0,0,0,0,0,0,0,0,0,0,0,0,0,0,0,0,0,0,0,0,0,0,0,0,0,0,0,0,0,0,0,0,1,0,0,0,0,0,0,0,0,0,0,1,0,0,0,0,1,0,0,0,0,0,0,0,0,0,1,0,0,1,0,0,0,1,0,0,0,0,0,0,0,1,1,1,0,1,0,1,0,0,0,0,1,0,1,1,0,1,1,0,1,0,0,0,0,0,0,0,0,0,1,0,1,0,0,1,0,1,0,1,1,0,1,1,1,1,0,0,1,1,1,1,0,1,0,0,0,1,0,1,0,1,0,0,0,0,1,1,0,0,0,1,0,1,0,1,1,0,0,0,1,1,1,0,1,1,1,1,1,1,0,0
CHEMBL261_181,38,35,-1,-1,-1,2.0,2.8147960713126134,3.145652014467183,8.492789141295125,0.10909329669250041,0.12006016029660416,2.09303284299113,6.398498083450921,0.18257609115416515,0.09060817678139312,-0.2535744935296338,-0.9111723832626608,7.880701754385965,4.0992716624434085,-0.13532318902021948,-0.69425182882012,0.02540698593330172,0.07223765748276721,3.4230129699736436,11.496043749917147,0.8157894736842105,0.3876557858593746,-1.6292261599251139,0.6543778801843323,2.0,2.8147960713126134,3.145652014467183,8.492789141295125,2.0,0.0,0,0,1.8421052631578947,2.4227682708387164,3.6043461408111885,12.30984234195612,0.0,0.0,0,0,0.0047394769778012,0.014563220383863582,2.9354857922659296,6.969630167607576,0.03846153846153847,0.048999674469078644,3.1276675203709,8.363504131534874,0.03846153846153846,0.019461601632850746,-0.09129259533804243,-0.8391309778923906,1.1538461538461537,0.36080121229411,1.9188064472004944,1.6818181818181834,0.8223953246044169,70.0,282.0,0.0,136.0,2502.0,8.0,0.0,0.0,0.0,460.0,698.0,22320.0,0.0,0.0,0.0,0.0,38.0,0.0,0.0,0.0,0.0,0.0,0.0,0.0,0.0,0.0,0.0,0.0,0.0,0.0,0.0,1,1,0,1,1,1,0,0,0,1,1,1,0,0,0,0,1,0,0,0,0,0,0,0,0,0,0,0,0,0,0,6.7272727272727275,1.7799000188592016,4.28420386800263,19.372396219281665,2.1818181818181817,0.7158188976374373,0.21303247109709456,-0.14516129032258007,0.0,0.0,0,0,3.090909090909091,0.28747978728803447,2.846049894151543,6.100000000000005,0.696969696969697,0.459568208730397,-0.8571946154145237,-1.2652173913043472,13.465060606060607,3.56749705943175,4.294987692092511,19.4501952274093,0.6060606060606061,0.6936680692278544,1.2513643025269257,2.1226035778800805,464.5070000000002,141.22999999999996,3.234300000000001,0,6,0,0,0,0,0,0,0,0,0,0,0,0,0,0,0,0,0,0,0,0,0,0,0,0,0,1,0,0,0,0,0,0,1,1,0,0,0,1,1,0,0,0,0,1,0,0,0,0,0,0,0,1,1,0,0,1,0,0,1,1,1,1,1,0,1,1,0,1,0,1,0,0,0,1,0,1,0,1,0,1,1,1,0,1,1,0,0,0,1,0,0,0,0,1,1,0,1,1,0,0,0,0,1,0,0,0,1,0,0,0,1,0,1,1,0,0,0,1,0,0,1,1,1,0,1,1,1,1,0,0,1,1,0,1,0,1,1,1,0,0,1,0,1,1,1,1,1,0,1,0,1,1,1,0,1,0,1,1,1,1,1,1,1,1,1,1,0,1
CHEMBL261_182,39,39,-1,-1,-1,2.32,3.4143227732597277,3.193139848098158,8.993440995026246,0.10730121087022634,0.11885905849706559,1.946547191822101,5.4382683879013225,0.18946940890196584,0.10787876753962312,-0.20976714007759156,-1.2264224820120562,8.094017094017094,4.731696609972432,-0.11298431688876073,-0.9679950244018505,0.01648612174927964,0.05343295056471674,4.165233474762467,16.772452228009445,0.8205128205128205,0.3837597319768145,-1.6703827619526517,0.7901785714285703,2.32,3.4143227732597277,3.193139848098158,8.993440995026246,2.0,0.0,0,0,2.0,2.8374781146789574,3.899129374877209,14.833928354091444,0.0,0.0,0,0,0.04492245343309172,0.09947006150034456,2.81910302653745,8.897897619695534,0.04,0.054153536430958216,3.238152817999598,9.252841711030557,0.04,0.01631075209733344,0.29427874158956496,-0.35596732625565686,1.36,0.48,0.5833333333333327,-1.6597222222222228,-0.4159823645696992,78.0,392.0,0.0,336.0,4416.0,88.0,0.0,0.0,0.0,1564.0,2062.0,51720.0,0.0,0.0,0.0,0.0,498.0,0.0,0.0,0.0,120.0,0.0,0.0,0.0,0.0,0.0,0.0,0.0,0.0,0.0,48.0,1,1,0,1,1,1,0,0,0,1,1,1,0,0,0,0,1,0,0,0,1,0,0,0,0,0,0,0,0,0,1,6.346153846153846,0.6165853669954383,1.584457011754938,1.2974306953928174,2.230769230769231,0.5756395979652218,-0.05727026612409131,-0.39540816326530637,0.0,0.0,0,0,3.076923076923077,0.2664693550105965,3.175426480542939,8.083333333333325,0.7692307692307693,0.4213250442347431,-1.278019300845388,-0.3666666666666658,12.701615384615385,1.229879264772425,1.5829982202173163,1.2912432622720447,0.6538461538461539,0.7307692307692307,1.2316664236769208,1.8482209313924853,347.37800000000004,95.69,2.8916000000000004,0,5,0,0,0,0,0,0,0,0,0,0,0,0,0,0,0,0,0,0,0,0,0,0,0,0,0,0,0,0,0,0,0,0,0,0,0,0,0,0,0,0,0,0,0,0,0,0,0,0,0,0,0,0,1,1,0,0,0,0,0,0,0,0,1,0,0,1,0,0,0,1,0,0,0,0,0,0,0,0,0,1,1,0,1,1,0,0,0,0,0,0,0,0,1,1,1,1,1,1,0,0,1,1,0,0,0,1,0,0,0,0,1,0,0,1,0,0,0,1,0,0,1,1,0,0,1,1,1,1,0,0,1,1,0,0,0,0,0,1,0,0,0,0,1,1,0,1,0,0,0,0,0,1,1,1,1,1,1,1,1,1,1,1,1,1,1,1,0,0
CHEMBL261_183,36,34,-1,-1,-1,2.0833333333333335,2.7373446176094736,2.8379541250328733,6.400236720747682,0.11322882930337513,0.1222988552373444,1.6176744684572462,2.8376546797406403,0.1849081537614654,0.09298451514531159,-0.21289312464104057,-1.0184353748445272,7.451851851851853,3.927191881843509,-0.089801740848907,-0.8400736143703633,0.023529411764705885,0.06326471764902969,3.196081618893022,9.216312739218703,0.8055555555555556,0.39577241246597245,-1.5440972939559128,0.38423645320197064,2.0833333333333335,2.7373446176094736,2.8379541250328733,6.400236720747682,2.0,0.0,0,0,1.8888888888888888,2.3425742935897795,3.297188709210543,9.815539508630033,0.0,0.0,0,0,0.01158703029270405,0.030279442841346753,2.459675348523056,4.591373462651492,0.04166666666666666,0.049436078967288064,2.847635725969693,6.442178369268417,0.041666666666666664,0.040108256270014464,-0.9786862774594454,1.1132297999570877,1.2083333333333333,0.40611643103370687,1.4363696929192162,0.06315789473684186,0.4189189335697533,68.0,258.0,0.0,184.0,2046.0,24.0,0.0,0.0,0.0,644.0,852.0,15960.0,0.0,0.0,0.0,0.0,112.0,0.0,0.0,0.0,12.0,0.0,0.0,0.0,0.0,0.0,0.0,0.0,0.0,0.0,0.0,1,1,0,1,1,1,0,0,0,1,1,1,0,0,0,0,1,0,0,0,1,0,0,0,0,0,0,0,0,0,0,6.612903225806452,1.8435138144812315,4.284483560815859,18.737194138499113,2.3225806451612905,0.6419273787784645,0.31673919026350866,0.10368839914294314,0.0,0.0,0,0,3.4193548387096775,0.49345350131543086,0.32686022523030606,-1.8931623931623942,0.4838709677419355,0.4997397866074087,0.0645497224367901,-1.9958333333333338,13.236935483870973,3.695041471987647,4.293828188697446,18.805578739211942,0.8709677419354839,0.8324830903589636,0.5805400097026172,-0.5012174336498658,437.56100000000015,51.16000000000001,4.564300000000004,3,4,0,0,0,0,0,0,0,0,0,0,0,0,0,0,0,0,0,0,0,1,0,0,0,0,0,0,0,0,0,0,0,0,0,0,0,0,1,0,0,0,0,0,0,0,0,0,0,0,0,0,0,0,0,0,0,0,0,1,0,0,0,0,1,0,0,0,1,0,0,0,0,0,1,0,0,1,0,0,0,0,0,1,0,1,0,1,0,0,1,1,0,1,0,1,0,1,1,1,1,0,1,1,0,0,1,1,0,0,0,1,0,1,1,1,0,0,0,0,1,0,1,1,1,0,0,1,1,1,1,1,0,0,1,0,0,0,0,1,1,1,1,0,0,1,1,1,1,1,1,0,0,0,1,1,0,1,1,1,1,1,1,1,1,1,1,1,0,0
CHEMBL261_184,36,31,-1,-1,-1,1.9090909090909092,2.538952735230717,3.184645473492668,9.089201183431944,0.09946377446315513,0.13373382274997,2.357513968987022,7.760482178275533,0.1506848662407355,0.07932904563644609,-0.1210300674187153,-1.1092635318979165,6.249074074074073,3.538539893057579,0.06639187448325344,-0.7705028372918918,0.022035480859010272,0.06343629120718809,3.029170116596949,7.879511332501147,0.8055555555555556,0.3957724124659724,-1.5440972939559132,0.3842364532019724,1.9090909090909092,2.538952735230717,3.184645473492668,9.089201183431944,2.0,0.0,0,0,1.7222222222222223,2.103054803416411,3.7552495202547025,14.121557018323468,0.0,0.0,0,0,0.0,0.0,0,0,0.04545454545454546,0.05503342778580756,3.194301449852636,9.174844153519878,0.04545454545454546,0.12512945696418115,-2.935379763641111,9.14474807304271,1.0,0.0,0,0,-1.1132197393329593,62.0,204.0,0.0,48.0,1590.0,0.0,0.0,0.0,0.0,146.0,170.0,12840.0,0.0,0.0,0.0,0.0,0.0,0.0,0.0,0.0,0.0,0.0,0.0,0.0,0.0,0.0,0.0,0.0,0.0,0.0,0.0,1,1,0,1,1,0,0,0,0,1,1,1,0,0,0,0,0,0,0,0,0,0,0,0,0,0,0,0,0,0,0,6.25,0.6338656910463875,2.261257161540297,3.315555555555555,2.142857142857143,0.5150787536377128,0.19201160638565665,0.37869822485207116,0.0,0.0,0,0,3.25,0.4330127018922193,1.1547005383792515,-0.6666666666666665,0.6428571428571429,0.479157423749955,-0.596284793999944,-1.644444444444445,12.509571428571432,1.2640127550376854,2.260871429698801,3.3137296370530747,0.9642857142857143,0.8652886742561225,0.7302829586616166,-0.022770475579636518,377.4840000000001,39.72,4.6151000000000035,0,10,0,0,0,0,0,0,0,0,0,0,0,0,0,0,0,0,0,0,0,0,0,0,0,0,0,0,0,0,0,0,0,0,0,0,0,0,0,0,0,0,0,0,0,0,0,0,0,0,0,0,0,0,0,0,0,0,0,0,0,0,0,0,0,0,0,0,0,0,0,0,0,0,1,0,0,0,0,0,0,0,0,0,1,0,0,0,1,0,0,0,0,0,0,1,0,0,0,1,0,0,1,0,0,0,1,0,0,0,1,1,0,1,0,1,0,0,0,0,1,0,0,0,0,0,0,1,1,1,1,1,0,0,0,0,0,0,0,0,1,0,0,0,0,1,1,1,1,1,0,1,1,1,1,1,0,1,0,1,1,1,1,1,1,1,1,1,0,0
CHEMBL261_185,38,34,-1,-1,-1,2.0,2.753785273643051,2.9809118696940358,7.226301171356118,0.10740939628047068,0.12156895600583657,1.8667954213755695,4.7371347194014275,0.16142632246240862,0.08744899898498783,-0.1351720056833712,-1.1017207383796443,6.980701754385966,3.9779684313571564,-0.024619065053907856,-0.8979735332938659,0.02121858700806069,0.060590328504057975,3.405065779617093,11.068899897436973,0.8157894736842105,0.3876557858593746,-1.6292261599251139,0.6543778801843323,2.0,2.753785273643051,2.9809118696940358,7.226301171356118,2.0,0.0,0,0,1.7894736842105263,2.295967801177604,3.5590423968244536,11.708035739680325,0.0,0.0,0,0,0.005140439139644778,0.015366419269751477,2.7713394163172493,5.952276535260388,0.04166666666666666,0.05201289822881746,2.971709804467212,7.157339975421584,0.041666666666666664,0.05214318569834369,3.208064936806427,9.524445863075679,1.1666666666666667,0.3726779962499649,1.7888543819998315,1.1999999999999993,0.004816990333930338,68.0,254.0,0.0,104.0,2100.0,8.0,0.0,0.0,0.0,418.0,474.0,17040.0,0.0,0.0,0.0,0.0,36.0,0.0,0.0,0.0,0.0,0.0,0.0,0.0,0.0,0.0,0.0,0.0,0.0,0.0,0.0,1,1,0,1,1,1,0,0,0,1,1,1,0,0,0,0,1,0,0,0,0,0,0,0,0,0,0,0,0,0,0,6.576923076923077,0.8400126795323675,1.314284305789973,0.7650804952335766,2.1538461538461537,0.7692307692307692,0.23700000000000057,-0.3553999999999986,0.0,0.0,0,0,3.269230769230769,0.4435600997950306,1.0405319634289447,-0.9172932330827055,0.46153846153846156,0.4985185152621431,0.15430334996209166,-1.9761904761904758,13.200500000000002,1.7936536680109771,1.57850390205946,2.010138295995314,0.6538461538461539,0.9174508032212741,1.3350262150586591,0.8004855433483327,360.3490000000001,124.61,1.0306999999999995,2,4,0,0,0,0,0,0,0,0,0,0,0,0,0,0,0,0,0,0,0,0,0,0,0,0,0,0,0,0,0,0,0,0,0,0,0,0,0,0,1,0,0,0,1,0,0,0,0,0,0,0,0,0,0,0,0,0,0,1,0,0,0,0,1,0,0,1,1,0,0,0,0,0,0,0,0,0,0,1,1,1,1,0,0,0,1,0,0,1,0,0,0,0,1,1,0,1,0,1,1,0,0,0,0,0,1,0,0,1,1,1,1,1,1,1,0,0,0,1,0,1,1,1,0,0,0,1,1,1,0,0,0,1,0,1,1,1,0,1,0,0,0,0,1,1,0,1,1,0,0,1,1,1,0,1,1,0,1,1,1,1,1,1,1,1,1,1,0,0
CHEMBL261_186,35,33,-1,-1,-1,2.0869565217391304,2.6525302682903726,2.75777112176617,6.00663712661922,0.11467055507207954,0.12418571725802346,1.5903183566340324,2.7416040503256554,0.18252712503986024,0.09188095301716175,-0.172051817432112,-1.033151554048947,7.143809523809524,3.7729216621181956,-0.05174204196566869,-0.8560364220275525,0.023376623376623374,0.061588016759452864,3.1606999446929667,9.101441752729556,0.8,0.4,-1.5,0.24999999999999956,2.0869565217391304,2.6525302682903726,2.75777112176617,6.00663712661922,2.0,0.0,0,0,1.8857142857142857,2.2649052780121615,3.2106667026264537,9.319814885571187,0.0,0.0,0,0,0.01264755927821602,0.032597906199652915,2.4182823453901237,4.358044318935085,0.04347826086956523,0.04983441615719588,2.767143597678434,6.044970004668633,0.043478260869565216,0.09672192499360625,2.910068595142283,6.713101849596791,1.2173913043478262,0.4124709991523974,1.3703203194062967,-0.12222222222222534,-2.8343350371929135,66.0,238.0,0.0,176.0,1776.0,24.0,0.0,0.0,0.0,582.0,778.0,13080.0,0.0,0.0,0.0,0.0,106.0,0.0,0.0,0.0,12.0,0.0,0.0,0.0,0.0,0.0,0.0,0.0,0.0,0.0,0.0,1,1,0,1,1,1,0,0,0,1,1,1,0,0,0,0,1,0,0,0,1,0,0,0,0,0,0,0,0,0,0,6.6,1.8,4.724279835390947,21.800640146319164,2.2666666666666666,0.5120763831912405,0.28244373907704207,-0.4412525136455021,0.0,0.0,0,0,3.3666666666666667,0.4818944098266986,0.5533715710928597,-1.6937799043062198,0.5333333333333333,0.49888765156985887,-0.13363062095621212,-1.982142857142857,13.211800000000004,3.6095135627948545,4.728528171886281,21.829592540735312,0.8666666666666667,0.8844332774281065,0.5520569931260474,-0.8427815082644616,422.5620000000002,90.89,3.1168000000000013,0,7,0,0,0,0,0,0,0,0,0,0,0,0,0,0,0,0,0,0,0,0,0,0,1,0,0,1,0,0,0,0,0,0,0,0,0,0,0,0,1,0,0,0,0,0,0,0,0,0,0,0,0,0,0,0,0,0,0,0,0,1,0,0,1,0,1,1,0,0,0,0,0,0,0,0,0,1,0,1,0,1,1,1,1,0,0,1,1,0,1,0,1,1,0,1,0,0,0,0,1,0,1,1,0,0,1,1,1,0,0,0,0,1,0,0,0,0,0,0,1,0,1,1,1,0,0,1,0,0,1,1,0,1,0,1,0,1,0,1,1,0,0,0,1,0,1,1,0,1,1,0,1,1,0,1,0,1,1,0,1,0,1,1,1,1,0,1,0,0
CHEMBL261_187,42,41,-1,-1,-1,2.1333333333333333,3.343982987729187,3.360456060143534,9.602070437593689,0.10608049255670507,0.11205557955073299,1.9515204484507838,4.7697737429801315,0.2040458728813875,0.10218787847086787,-0.41811815986955797,-0.8999331478184516,9.566666666666666,4.961233312275889,-0.29303756375317935,-0.6886643060344575,0.022735191637630665,0.06854980086180773,3.722395511906154,12.859755470280367,0.8333333333333334,0.37267799624996495,-1.7888543819998317,1.200000000000002,2.1333333333333333,3.343982987729187,3.360456060143534,9.602070437593689,2.0,0.0,0,0,1.9523809523809523,2.902809648405366,3.8669250897360534,13.820935216287523,0.0,0.0,0,0,0.014492550164719974,0.03683653262237964,2.3043899099930343,3.64714645787942,0.033333333333333326,0.04734662618425851,3.370582232197504,9.659277904030843,0.033333333333333354,0.017591628424369933,1.0698537197373836,1.1424865940352094,1.2,0.4,1.5,0.24999999999999822,-0.698347222350357,82.0,432.0,0.0,300.0,4980.0,48.0,0.0,0.0,0.0,1508.0,1902.0,56904.0,0.0,0.0,0.0,0.0,306.0,0.0,0.0,0.0,48.0,0.0,0.0,0.0,0.0,0.0,0.0,0.0,0.0,0.0,0.0,1,1,0,1,1,1,0,0,0,1,1,1,0,0,0,0,1,0,0,0,1,0,0,0,0,0,0,0,0,0,0,7.818181818181818,2.4302954734258693,2.200848024031504,4.0391808448429485,2.121212121212121,1.007775099897933,0.28878431853446346,-1.1694407293441336,0.030303030303030304,0.17141982574219336,5.480077554195742,28.03124999999999,3.5757575757575757,0.4942274675848512,-0.3065696697424825,-1.9060150375939848,0.2727272727272727,0.4453617714151233,1.0206207261596578,-0.958333333333333,15.72921212121212,5.12017949944333,2.266118076175949,4.238817023986677,0.5757575757575758,0.7397912494384062,1.3102212527495793,1.566247015900184,538.216,290.09,-2.9061999999999997,6,8,0,0,0,0,0,0,0,0,0,0,0,0,0,0,0,0,0,0,0,0,0,0,0,0,0,1,0,0,0,1,0,0,0,0,0,0,0,0,1,0,0,0,0,1,0,0,0,0,1,1,0,0,0,1,1,0,0,1,0,0,0,0,1,0,0,1,0,0,0,1,0,0,1,0,0,1,0,1,0,1,1,0,0,1,1,1,0,0,0,1,1,1,1,1,0,1,1,1,1,0,0,1,1,0,0,1,1,0,0,1,1,0,1,1,0,0,0,1,0,0,1,1,1,0,1,1,1,1,0,0,1,1,1,1,0,1,1,1,0,1,1,0,1,1,0,0,1,0,1,0,1,1,1,1,1,1,1,1,1,1,1,1,1,1,1,1,0,0
CHEMBL261_188,37,37,-1,-1,-1,2.24,3.1019993552546072,3.0399351752929475,7.823159717449,0.11257851218285024,0.11980444742046456,1.7916776477735454,4.283976057102092,0.19722881827779518,0.10111644782492007,-0.2729507223573067,-1.0749427657785127,8.126126126126128,4.320303592485065,-0.1627173881531332,-0.8395524470547318,0.021621621621621623,0.06256768254263603,3.625541491541501,12.065385510969646,0.8108108108108109,0.3916588309780929,-1.5871507864874157,0.5190476190476199,2.24,3.1019993552546072,3.0399351752929475,7.823159717449,2.0,0.0,0,0,2.0,2.6508540184301035,3.5692416088388756,11.999230769230769,0.0,0.0,0,0,0.03587931968213659,0.09095834340384532,3.7352167983841844,15.564495498255681,0.039999999999999994,0.050502768057434304,3.0658884177652532,7.932150391364017,0.039999999999999994,0.04980436153701624,3.136838306930442,8.799962151535818,1.32,0.46647615158762407,0.7717436331412894,-1.4044117647058831,-1.675495122509745,74.0,334.0,0.0,282.0,3240.0,56.0,0.0,0.0,0.0,1116.0,1524.0,32064.0,0.0,0.0,0.0,0.0,284.0,0.0,0.0,0.0,48.0,0.0,0.0,0.0,0.0,0.0,0.0,0.0,0.0,0.0,36.0,1,1,0,1,1,1,0,0,0,1,1,1,0,0,0,0,1,0,0,0,1,0,0,0,0,0,0,0,0,0,1,6.222222222222222,0.4969039949999533,2.191346617949794,3.99,2.2962962962962963,0.5972042776517444,-0.21944606888859944,-0.6079881656804744,0.0,0.0,0,0,3.074074074074074,0.2618914004394621,3.252691193458119,8.580000000000005,0.8888888888888888,0.3142696805273545,-2.474873734152916,4.124999999999997,12.454407407407409,0.9912904892205942,2.189572400893143,3.9788929171506533,0.6666666666666666,0.7200822998230957,1.1903401282789947,1.867346938775512,354.41300000000007,66.47,4.094320000000002,0,3,0,0,0,0,0,0,0,0,0,0,0,0,0,0,0,0,0,0,0,0,0,0,0,0,0,1,0,0,0,0,0,0,0,0,0,0,0,0,0,0,0,0,0,0,0,0,0,0,0,0,0,0,1,0,1,0,0,0,0,0,0,0,1,0,0,1,0,0,0,1,0,0,0,0,0,1,0,1,0,1,1,0,0,1,0,0,0,0,0,0,1,1,1,0,1,1,1,1,0,0,0,1,0,0,0,1,1,0,0,0,1,0,0,1,0,0,1,1,0,0,1,1,1,0,1,1,0,1,0,0,0,1,0,1,0,1,0,1,0,0,0,0,1,1,1,1,0,0,1,0,1,1,0,0,1,1,1,0,1,0,1,1,1,1,1,1,0,0
CHEMBL261_189,39,36,-1,-1,-1,2.0,2.854496128592251,3.1529207238541677,8.168181818181816,0.11496626575899328,0.11146202662098956,1.7860490534852447,4.3574492387105215,0.1832684787534969,0.0881335050214118,-0.4161990308561764,-0.8469804181971634,8.161538461538463,4.156313897130927,-0.23725926716399903,-0.6373868598737396,0.025349235875551667,0.08055506300941044,3.2466468369031167,8.852722371126678,0.8205128205128205,0.3837597319768145,-1.6703827619526517,0.7901785714285703,2.0,2.854496128592251,3.1529207238541677,8.168181818181816,2.0,0.0,0,0,1.8461538461538463,2.4655416166657678,3.605610142550769,11.830542923449505,0.0,0.0,0,0,0.03110431235431235,0.15850049231384222,5.852964290695003,32.80550261875038,0.03703703703703703,0.048467525640171295,3.172218800992095,8.272043508012112,0.037037037037037035,0.03230970261683831,-1.8950209099361088,3.3557302103219895,1.1481481481481481,0.3552467795046459,1.9808869335422108,1.9239130434782625,-0.49408893718500624,72.0,298.0,0.0,114.0,2700.0,8.0,0.0,0.0,0.0,288.0,550.0,23880.0,0.0,0.0,0.0,0.0,20.0,0.0,0.0,0.0,0.0,0.0,0.0,0.0,0.0,0.0,0.0,0.0,0.0,0.0,0.0,1,1,0,1,1,1,0,0,0,1,1,1,0,0,0,0,1,0,0,0,0,0,0,0,0,0,0,0,0,0,0,6.368421052631579,0.8085416576703798,2.2225895014480486,3.852054007469121,2.210526315789474,0.6942582083301537,-0.30846747980107175,-0.9205311137534684,0.0,0.0,0,0,3.210526315789474,0.40768245749551757,1.4200938936093854,0.016666666666664387,0.631578947368421,0.48237638894271995,-0.5455447255899809,-1.702380952380952,12.798736842105262,1.7903291035921236,2.4508023892104687,5.154930917891832,0.6842105263157895,0.8616160812497315,1.1487574618577956,0.5340276230786367,256.28,41.99,2.4820200000000003,0,1,0,0,0,0,0,0,0,0,0,0,0,0,0,0,0,0,0,0,0,0,0,0,0,0,0,0,0,0,0,0,0,0,0,0,0,0,0,0,0,0,0,0,1,0,0,0,0,0,0,0,0,0,0,0,0,0,0,0,0,0,0,0,1,0,0,1,0,0,0,0,0,0,0,0,0,0,0,0,0,0,0,0,1,0,0,0,0,1,0,0,0,1,1,0,0,0,0,0,1,0,1,1,0,0,1,1,0,1,1,0,1,1,0,0,0,0,1,1,1,0,1,1,0,0,0,1,0,1,0,0,0,0,0,0,1,0,0,1,0,0,0,0,1,1,1,1,0,1,0,0,1,1,0,1,1,0,1,0,1,0,1,1,1,1,1,1,0,0
CHEMBL261_190,41,41,-1,-1,-1,2.206896551724138,3.4678753342826556,3.4273987628919147,10.623918317926668,0.10800196150785285,0.1128087771979437,2.2062978155604416,7.142650981437583,0.2124782254972171,0.10780040414381699,-0.4230876561400452,-0.9009655964318997,9.59349593495935,5.005288365986244,-0.30335231087738757,-0.6530428975782363,0.02070043777360851,0.06710993669959528,3.983498116543106,15.400927311150554,0.8292682926829268,0.37627435659857345,-1.7501500535908443,1.0630252100840352,2.206896551724138,3.4678753342826556,3.4273987628919147,10.623918317926668,2.0,0.0,0,0,2.0,2.9959322015188463,3.972778124621591,15.392840264650278,0.0,0.0,0,0,0.024778270509977825,0.06208227194763448,3.3330670013228874,12.489584590028477,0.034482758620689655,0.05001722792924258,3.5077955684060353,11.221239499128496,0.03448275862068965,0.07781635360808797,3.756102179158115,13.176597828580942,1.2758620689655173,0.44694763437295587,1.0029717747535967,-0.99404761904762,1.201921174101962,82.0,450.0,0.0,354.0,5484.0,56.0,0.0,0.0,0.0,1494.0,2378.0,69144.0,0.0,0.0,0.0,0.0,336.0,0.0,0.0,0.0,48.0,0.0,0.0,0.0,0.0,0.0,0.0,0.0,0.0,0.0,36.0,1,1,0,1,1,1,0,0,0,1,1,1,0,0,0,0,1,0,0,0,1,0,0,0,0,0,0,0,0,0,1,7.125,2.4206145913796355,3.039723889215378,8.334634666666666,2.1875,0.7680128579652817,0.08083991312296285,-0.565852374895838,0.0,0.0,0,0,3.1875,0.3903123748998999,1.6012815380508714,0.5641025641025643,0.6875,0.46351240544347894,-0.8090398349558905,-1.3454545454545455,14.293343749999998,4.880490527404591,2.989926571698571,8.050212623623565,0.5,0.75,1.5555555555555556,2.037037037037037,473.5150000000001,149.51,2.1223199999999993,0,7,0,0,0,0,0,0,0,0,0,0,0,0,0,0,0,0,0,0,0,0,0,0,0,0,0,0,0,0,0,0,0,0,1,1,0,0,0,0,1,0,0,0,1,0,0,0,0,1,0,0,0,1,1,0,0,1,0,0,1,1,1,1,1,0,1,1,0,1,0,1,1,0,0,1,0,1,0,1,0,1,1,1,0,1,1,0,0,1,1,0,1,0,0,0,1,0,1,0,0,0,0,0,1,0,0,0,1,1,0,0,0,0,1,0,0,0,0,1,0,0,1,1,1,0,1,1,0,0,0,0,1,1,1,1,1,1,1,1,0,0,0,0,1,0,1,1,1,0,1,0,1,1,1,1,1,1,1,0,1,1,1,1,1,1,1,1,0,1
CHEMBL261_191,38,35,-1,-1,-1,2.0833333333333335,2.8855482821967975,2.8823187023717587,6.626635624210053,0.10806075049674134,0.12099034538245282,1.6990746851231733,3.343943473019481,0.17078503200402725,0.09420304920534056,-0.16035200669034835,-1.1548374209036405,7.2324561403508785,4.1632511393436165,-0.046599549552575614,-0.9650226390355741,0.019084874348032247,0.055422608531316926,3.347422393220864,10.175062185682476,0.8157894736842105,0.3876557858593746,-1.6292261599251139,0.6543778801843323,2.0833333333333335,2.8855482821967975,2.8823187023717587,6.626635624210053,2.0,0.0,0,0,1.8421052631578947,2.4009462585172723,3.483160936189356,11.093344719079129,0.0,0.0,0,0,0.010852557268339986,0.02896493898345121,2.4679194861569655,4.499481234027134,0.04166666666666666,0.052520360919235884,2.8977958588645643,6.695084814298561,0.041666666666666664,0.022921261440612302,1.4735528961465556,1.788305556893989,1.2083333333333333,0.4061164310337068,1.4363696929192165,0.06315789473684319,1.1749158251930705,70.0,278.0,0.0,172.0,2376.0,24.0,0.0,0.0,0.0,698.0,844.0,19920.0,0.0,0.0,0.0,0.0,118.0,0.0,0.0,0.0,12.0,0.0,0.0,0.0,0.0,0.0,0.0,0.0,0.0,0.0,0.0,1,1,0,1,1,1,0,0,0,1,1,1,0,0,0,0,1,0,0,0,1,0,0,0,0,0,0,0,0,0,0,6.303030303030303,0.7171005797696504,2.4369117412681005,5.070573979591842,2.242424242424242,0.6045435558563637,-0.17027546834731053,-0.5413878437413189,0.0,0.0,0,0,3.3636363636363638,0.4810456929208347,0.56694670951384,-1.6785714285714295,0.48484848484848486,0.4997703788627467,0.06063390625908321,-1.9963235294117647,12.645878787878788,1.5499477949678837,2.704863835903695,6.953188732828275,0.9090909090909091,0.899954085146515,0.4287994474833873,-1.086422324031654,447.55400000000026,44.81,4.5119200000000035,0,7,0,0,0,0,0,0,0,0,0,0,0,0,0,0,0,0,0,0,0,0,0,0,0,0,0,0,0,0,0,0,0,0,0,0,0,0,0,0,0,0,0,0,1,0,0,0,0,0,0,0,0,0,0,0,0,0,0,0,0,0,0,0,1,0,0,0,0,0,0,0,0,0,0,0,0,1,0,0,0,1,0,0,1,1,0,1,1,1,0,0,0,1,1,0,0,0,1,0,1,0,1,1,0,0,0,1,0,1,1,1,1,1,0,1,0,0,0,1,1,0,1,1,1,0,0,1,1,1,1,1,0,0,1,1,1,1,0,1,1,0,0,0,1,1,1,1,0,1,1,0,1,1,1,1,1,1,1,1,1,1,1,1,1,1,1,1,0,0
CHEMBL261_192,42,41,-1,-1,-1,2.2142857142857144,3.5087354545186105,3.4180107848952628,10.432936732909475,0.10409963554315346,0.11389815489860416,2.209175178421467,7.301109606704655,0.19206243975851392,0.10681532984479006,-0.29810193094304405,-1.1221812976035954,8.912698412698413,5.091651806181792,-0.20320111557707438,-0.8820764978282067,0.017740998838559816,0.05922135787859373,4.141447119272876,16.51931790373299,0.8333333333333334,0.37267799624996495,-1.7888543819998317,1.200000000000002,2.2142857142857144,3.5087354545186105,3.4180107848952628,10.432936732909475,2.0,0.0,0,0,1.9523809523809523,2.9516128032974733,4.096517627642779,16.316249805906985,0.0,0.0,0,0,0.028941041474004097,0.08348078292614282,4.397415954440289,21.31885523126181,0.03571428571428571,0.05207283055259637,3.4480459152876026,10.58859544372227,0.035714285714286254,8.906842477370517,3.4958686658719618,11.459016880876451,1.2857142857142858,0.45175395145262565,0.9486832980505133,-1.1000000000000003,0.6417496525890017,82.0,444.0,0.0,308.0,5466.0,56.0,0.0,0.0,0.0,1488.0,2046.0,69120.0,0.0,0.0,0.0,0.0,338.0,0.0,0.0,0.0,48.0,0.0,0.0,0.0,0.0,0.0,0.0,0.0,0.0,0.0,36.0,1,1,0,1,1,1,0,0,0,1,1,1,0,0,0,0,1,0,0,0,1,0,0,0,0,0,0,0,0,0,1,6.257142857142857,0.6477590885002648,2.8462602411020144,7.900853911489964,2.2857142857142856,0.6577636818983621,-0.38110017525439055,-0.7580989676041283,0.0,0.0,0,0,3.142857142857143,0.3499271061118826,2.0412414523193156,2.166666666666666,0.7714285714285715,0.4199125273342591,-1.2927862531355663,-0.3287037037037024,12.552685714285715,1.4181331545668177,3.1694761954025217,10.331582526539105,0.6571428571428571,0.7907630001770314,1.3822409374621993,1.8875205366455576,462.52800000000025,61.88,6.456420000000005,1,4,0,0,0,0,0,0,0,0,0,0,0,0,0,0,0,0,0,0,0,0,0,0,0,0,0,0,0,0,0,0,0,0,0,0,0,0,0,0,1,0,0,0,1,0,0,0,0,0,0,0,0,0,0,0,0,0,0,0,0,0,0,0,1,0,0,1,0,0,0,0,0,0,0,0,0,1,0,1,0,0,0,0,0,1,0,1,0,1,0,0,0,0,1,0,0,0,1,0,1,0,1,1,0,0,0,1,0,1,1,0,1,0,0,0,0,0,1,1,0,0,1,1,1,0,0,1,0,1,0,0,0,0,0,0,1,0,0,1,0,0,0,0,1,1,1,1,0,0,1,1,1,1,0,1,1,0,1,0,1,0,1,1,1,1,1,1,0,0
CHEMBL261_193,38,37,-1,-1,-1,2.1538461538461537,3.0721116227255165,2.927179177152894,7.054457405096262,0.11321364577665288,0.11618287259162934,1.7118282609818474,3.4697109954949497,0.19876832440771056,0.10069407546264804,-0.31453721379489397,-0.9494943357039531,8.36842105263158,4.396953340270494,-0.19790281693351516,-0.7753382445861341,0.021692745376955903,0.06597383179271595,3.428223026284868,10.705799873573381,0.8157894736842105,0.3876557858593746,-1.6292261599251139,0.6543778801843323,2.1538461538461537,3.0721116227255165,2.927179177152894,7.054457405096262,2.0,0.0,0,0,1.9473684210526316,2.635260582551589,3.4218661067551523,10.785880905622204,0.0,0.0,0,0,0.027236237912358956,0.10817542614899764,5.4359870421517105,29.138773685456208,0.038461538461538464,0.05051202763898866,2.9782599555932143,7.287394675796564,0.03846153846153845,0.14794886198762436,-2.4139512782879153,5.073209495294195,1.2307692307692308,0.42132504423474315,1.278019300845387,-0.3666666666666676,-0.4733694668908422,74.0,334.0,0.0,286.0,3126.0,40.0,0.0,0.0,0.0,900.0,1644.0,29184.0,0.0,0.0,0.0,0.0,192.0,0.0,0.0,0.0,24.0,0.0,0.0,0.0,0.0,0.0,0.0,0.0,0.0,0.0,24.0,1,1,0,1,1,1,0,0,0,1,1,1,0,0,0,0,1,0,0,0,1,0,0,0,0,0,0,0,0,0,1,7.423076923076923,3.1522040753327474,2.2608313668905917,3.3532426872068966,2.1538461538461537,0.7692307692307693,0.23700000000000032,-0.3554000000000004,0.0,0.0,0,0,3.230769230769231,0.4213250442347432,1.2780193008453868,-0.3666666666666685,0.6538461538461539,0.47574295680203776,-0.6467616667635546,-1.581699346405229,14.86223076923077,6.32188599115858,2.262353728432608,3.3580781092828786,0.7307692307692307,0.9828409491677412,1.2879738928290458,0.5521787767143755,405.5700000000001,71.95,4.556460000000004,0,6,0,0,0,0,0,0,0,0,0,0,0,0,0,0,0,0,0,0,0,0,0,0,0,0,0,0,0,0,0,0,0,0,1,1,0,0,1,0,0,0,0,0,0,0,0,0,0,1,0,0,0,1,1,0,0,1,0,0,1,1,1,1,0,0,1,1,0,1,0,1,0,0,0,1,0,0,0,1,0,1,1,1,0,1,0,0,0,0,1,0,0,0,0,0,1,0,1,1,0,0,0,0,1,0,0,0,1,0,0,0,0,0,1,0,0,0,0,1,0,0,1,1,0,0,1,1,0,0,0,0,1,0,0,1,0,1,1,1,0,0,0,1,1,0,1,1,0,0,1,1,1,1,0,1,0,1,1,0,1,1,1,1,1,1,1,1,0,1
CHEMBL261_194,37,35,-1,-1,-1,2.08,2.8272955275315668,2.9451429291564457,7.040957185283855,0.11194173427407816,0.12039964765205374,1.6914392460369305,3.309450680339392,0.18749926125976712,0.09420202160843309,-0.25134168206039936,-0.9985235095354921,7.77027027027027,4.085663308656103,-0.12498442651842946,-0.813097551196146,0.0235950235950236,0.06483956772742924,3.260687935051717,9.614432184748088,0.8108108108108109,0.3916588309780929,-1.5871507864874157,0.5190476190476199,2.08,2.8272955275315668,2.9451429291564457,7.040957185283855,2.0,0.0,0,0,1.8918918918918919,2.4249133033684274,3.4129434570371973,10.626835353574323,0.0,0.0,0,0,0.010679618441888673,0.028301670746516717,2.5011989764730083,4.817404343501005,0.04,0.04916531005089296,2.9575985735390202,7.107844319678621,0.04,0.030475794618169103,-0.5220535952274701,0.4882931613135719,1.2,0.4,1.5000000000000004,0.2500000000000009,-2.4547585735756683,70.0,280.0,0.0,192.0,2376.0,24.0,0.0,0.0,0.0,706.0,934.0,19920.0,0.0,0.0,0.0,0.0,118.0,0.0,0.0,0.0,12.0,0.0,0.0,0.0,0.0,0.0,0.0,0.0,0.0,0.0,0.0,1,1,0,1,1,1,0,0,0,1,1,1,0,0,0,0,1,0,0,0,1,0,0,0,0,0,0,0,0,0,0,7.111111111111111,2.871743996293352,2.985011535320306,7.432957438416581,2.1481481481481484,0.8478165290562664,-0.28645487964573796,-1.5502156051512141,0.0,0.0,0,0,3.2222222222222223,0.41573970964154905,1.3363062095621212,-0.21428571428571574,0.5555555555555556,0.49690399499995325,-0.22360679774997916,-1.9499999999999997,14.33840740740741,6.111558298340875,3.0159362870157542,7.569508321042669,0.6666666666666666,0.9428090415820632,1.5026019100214143,1.3125000000000036,405.28100000000006,71.33000000000001,4.982720000000003,1,4,0,0,0,0,0,0,0,0,0,0,0,0,0,0,0,0,0,0,0,0,0,0,0,0,0,0,0,0,0,0,0,0,0,0,0,0,0,0,0,0,0,0,0,0,0,0,0,0,0,0,0,0,0,0,0,0,0,0,0,0,0,0,0,0,0,1,0,0,0,0,0,0,0,0,0,1,0,0,0,1,0,0,0,1,0,1,0,1,0,0,0,0,1,1,0,1,1,0,0,0,0,1,0,1,0,1,0,1,0,0,1,0,0,0,0,0,0,1,0,0,0,1,1,1,0,1,0,0,0,0,0,1,0,0,1,0,1,1,0,1,0,1,1,0,1,1,1,0,1,1,1,1,0,0,1,0,1,1,1,1,1,1,1,1,1,1,0,0
CHEMBL261_195,36,35,-1,-1,-1,2.1666666666666665,2.7638539919628333,2.775220055982674,6.388284297520661,0.11642901520434856,0.11925628786912393,1.6513268589247645,3.7269485919391068,0.18687867241695236,0.09320178351011675,-0.2688533574094509,-0.9831315613229306,7.559259259259259,3.952035817856937,-0.15269916284684745,-0.8327479832837041,0.022875816993464054,0.06309842032133206,3.283794950083684,9.987261088427063,0.8055555555555556,0.3957724124659724,-1.5440972939559132,0.3842364532019724,2.1666666666666665,2.7638539919628333,2.775220055982674,6.388284297520661,2.0,0.0,0,0,1.9444444444444444,2.3681268317719018,3.241286759518574,9.848132766760692,0.0,0.0,0,0,0.017010046920084832,0.04615551608225995,3.783605838682421,15.433972917211513,0.041666666666666664,0.04908174733706121,2.8485775664938084,6.719016526233469,0.04166666666666663,1.0681437100369573,2.696590129926375,6.340814836603348,1.2916666666666667,0.45452967144315476,0.9166984970282107,-1.159663865546219,0.3986028840509644,70.0,268.0,0.0,202.0,2118.0,24.0,0.0,0.0,0.0,574.0,918.0,17040.0,0.0,0.0,0.0,0.0,84.0,0.0,0.0,0.0,0.0,0.0,0.0,0.0,0.0,0.0,0.0,0.0,0.0,0.0,48.0,1,1,0,1,1,1,0,0,0,1,1,1,0,0,0,0,1,0,0,0,0,0,0,0,0,0,0,0,0,0,1,6.846153846153846,1.9551176964828976,3.921413758577965,15.517617345129345,2.1538461538461537,0.8177035240565116,0.13236691864866584,-0.7323987782911741,0.0,0.0,0,0,3.1538461538461537,0.36080121229411,1.9188064472004944,1.6818181818181825,0.6538461538461539,0.47574295680203776,-0.6467616667635546,-1.581699346405229,13.703153846153848,3.9194370837219012,3.9296869651486657,15.569710147809069,0.6153846153846154,0.7882269819968921,1.2658818089103827,1.173877551020408,372.4100000000001,145.99,0.49362000000000006,0,4,0,0,0,0,0,0,0,0,0,0,0,0,0,0,0,0,0,0,0,0,0,0,0,0,0,0,0,0,0,0,0,0,1,1,0,0,0,0,0,0,0,0,0,0,0,0,0,0,0,0,0,1,1,0,0,1,0,0,1,1,1,1,1,0,1,1,0,1,1,1,1,0,0,1,0,1,0,1,0,1,1,1,0,1,1,0,0,0,1,0,0,0,1,0,1,1,1,1,0,0,0,0,1,0,0,0,1,0,0,0,1,0,1,0,0,0,0,1,0,0,1,1,1,0,1,1,0,0,0,0,1,1,0,1,0,1,1,1,0,0,0,0,1,0,1,1,1,0,1,0,1,1,0,0,1,0,1,0,1,1,1,1,1,1,1,1,0,1
CHEMBL261_196,36,34,-1,-1,-1,2.0833333333333335,2.767620317569269,2.850004526300892,6.676072591933808,0.11522464648467007,0.12042034138907176,1.7873427147808458,4.431967569182378,0.18572137541590608,0.0926297012679969,-0.24726997081121938,-0.955278831257119,7.500925925925925,3.9213111635557074,-0.12548440879534778,-0.784484400070804,0.023155929038281977,0.06610654148657716,3.23122760957071,9.500988562732257,0.8055555555555556,0.3957724124659724,-1.544097293955913,0.3842364532019724,2.0833333333333335,2.767620317569269,2.850004526300892,6.676072591933808,2.0,0.0,0,0,1.8888888888888888,2.366171048782984,3.3155485405721286,10.198345831575796,0.0,0.0,0,0,0.015434460018566925,0.055926247467427706,5.106146762825058,26.017095255431908,0.041666666666666664,0.05082310648229769,2.875265573422585,6.724140279130561,0.041666666666666664,0.0365105034129399,2.9760620266628455,8.70405285227301,1.25,0.4330127018922193,1.1547005383792515,-0.6666666666666665,0.9826599335164845,68.0,262.0,0.0,172.0,2112.0,16.0,0.0,0.0,0.0,470.0,832.0,17040.0,0.0,0.0,0.0,0.0,62.0,0.0,0.0,0.0,0.0,0.0,0.0,0.0,0.0,0.0,0.0,0.0,0.0,0.0,12.0,1,1,0,1,1,1,0,0,0,1,1,1,0,0,0,0,1,0,0,0,0,0,0,0,0,0,0,0,0,0,1,6.88,2.0063897926375125,3.730497979918073,14.114905305567426,2.16,0.8333066662399864,0.10816936009241843,-0.8169954766505989,0.0,0.0,0,0,3.12,0.32496153618543844,2.33873832860732,3.4696969696969635,0.68,0.46647615158762407,-0.7717436331412901,-1.4044117647058822,13.77068,4.021859935104653,3.739554883009503,14.170499020563653,0.56,0.7525955088890712,1.484579860491704,2.169347888537775,358.37900000000013,128.17,1.5883200000000002,0,4,0,0,0,0,0,0,0,0,0,0,0,0,0,0,0,0,0,0,0,0,0,0,0,0,0,0,0,0,0,0,0,0,1,1,0,0,0,0,0,0,0,0,0,0,0,0,0,0,0,0,0,1,1,0,0,1,0,0,1,1,1,1,1,0,1,1,0,1,0,1,1,0,0,1,0,1,0,1,0,1,1,1,0,1,1,0,0,0,1,0,0,0,0,0,1,1,1,1,0,0,0,0,1,0,0,0,1,0,0,0,0,0,1,0,0,0,0,1,0,0,1,1,1,1,1,1,0,0,0,0,1,1,0,1,0,1,1,1,0,1,1,0,1,0,1,1,1,0,1,0,1,1,0,0,1,0,1,1,1,1,1,1,1,1,1,1,0,1
CHEMBL261_197,38,37,-1,-1,-1,2.1538461538461537,2.9442552629237904,2.841938714318725,6.645638737783786,0.11245554332727148,0.11691680909369868,1.65685895447738,3.0470623001470143,0.19522305999708742,0.09878708787707731,-0.284519557810533,-0.9427747720385762,8.236842105263158,4.327742949107397,-0.17795659833759947,-0.8034947308628082,0.02248300932511459,0.0642087958401997,3.276174596206574,9.75388472441199,0.8157894736842105,0.3876557858593746,-1.6292261599251139,0.6543778801843323,2.1538461538461537,2.9442552629237904,2.841938714318725,6.645638737783786,2.0,0.0,0,0,1.9473684210526316,2.5334329571702607,3.3120976893666847,10.13081893247802,0.0,0.0,0,0,0.0165464441680361,0.04649434297167166,3.630804460393504,14.26347643323265,0.03846153846153846,0.04828088725256875,2.8964210138044817,6.8880471267012755,0.038461538461538464,0.02410129321755954,1.9530616233244884,2.878920025683936,1.2307692307692308,0.42132504423474315,1.278019300845387,-0.3666666666666676,-0.342940719568378,74.0,314.0,0.0,284.0,2736.0,40.0,0.0,0.0,0.0,918.0,1522.0,23904.0,0.0,0.0,0.0,0.0,188.0,0.0,0.0,0.0,24.0,0.0,0.0,0.0,0.0,0.0,0.0,0.0,0.0,0.0,24.0,1,1,0,1,1,1,0,0,0,1,1,1,0,0,0,0,1,0,0,0,1,0,0,0,0,0,0,0,0,0,1,6.833333333333333,2.0344259359556176,3.7893599974612258,14.206116841583714,2.1666666666666665,0.7993052538854533,0.18131688178876115,-0.5557655954631375,0.0,0.0,0,0,3.2083333333333335,0.4061164310337068,1.4363696929192145,0.06315789473683964,0.7083333333333334,0.45452967144315476,-0.9166984970282116,-1.1596638655462184,13.677833333333334,4.078457793360405,3.796950000877278,14.252510503135525,0.6666666666666666,0.7993052538854533,1.1604280434480687,0.9243856332703215,344.3960000000001,111.1,1.3824200000000004,0,4,0,0,0,0,0,0,0,0,0,0,0,0,0,0,0,0,0,0,0,0,0,0,0,0,0,0,0,0,0,0,0,0,1,1,0,0,0,0,0,0,0,0,0,0,0,0,0,0,0,0,0,1,1,0,0,1,0,0,1,1,1,1,1,0,1,1,0,1,0,1,1,0,0,1,0,1,0,1,0,1,1,1,1,1,1,0,0,0,1,0,0,0,0,0,1,1,1,1,0,0,0,0,1,0,0,0,1,0,0,1,0,1,1,0,0,0,0,1,0,0,1,1,1,0,1,1,0,0,0,0,1,1,0,1,0,1,1,1,0,1,0,0,1,0,1,1,1,0,1,0,1,1,0,1,0,1,1,1,1,1,1,1,1,1,1,1,0,1
CHEMBL261_198,38,36,-1,-1,-1,2.076923076923077,2.8945981111118124,3.0634098228668694,7.637286938619175,0.1141219696001691,0.11529078683165576,1.7372702847611283,3.8359855539840435,0.18563607596504217,0.0915798969243655,-0.31051975525167597,-0.9136614320342753,8.017543859649125,4.149982292938376,-0.19038638265028243,-0.7301254111225703,0.0244586691955113,0.07207076145245624,3.3923236503381586,10.430904171905562,0.8157894736842105,0.3876557858593746,-1.6292261599251139,0.6543778801843323,2.076923076923077,2.8945981111118124,3.0634098228668694,7.637286938619175,2.0,0.0,0,0,1.894736842105263,2.4898686678978676,3.536612469587997,11.355611219324024,0.0,0.0,0,0,0.03568224538619275,0.1602568455757533,5.726777494721669,31.503671260689345,0.03846153846153846,0.04901379308454735,3.082266519064311,7.730027825335814,0.038461538461538464,0.061296038204737426,-2.30710173684438,4.724859240968663,1.2692307692307692,0.4435600997950306,1.0405319634289447,-0.9172932330827055,1.4353079862808857,72.0,300.0,0.0,158.0,2700.0,16.0,0.0,0.0,0.0,532.0,770.0,23880.0,0.0,0.0,0.0,0.0,60.0,0.0,0.0,0.0,0.0,0.0,0.0,0.0,0.0,0.0,0.0,0.0,0.0,0.0,0.0,1,1,0,1,1,1,0,0,0,1,1,1,0,0,0,0,1,0,0,0,0,0,0,0,0,0,0,0,0,0,0,6.172413793103448,0.46005738152159764,2.718526170874877,6.687728822118423,2.206896551724138,0.5495647396727319,0.06373369989198635,-0.18615537231074342,0.0,0.0,0,0,3.206896551724138,0.5495647396727319,0.06373369989198635,-0.18615537231074342,0.6206896551724138,0.48521542343000995,-0.4974683381630911,-1.7525252525252522,12.355000000000004,0.9177267266608218,2.71673204572541,6.674820007532521,0.8620689655172413,0.8189201439336494,0.6356455191454208,-0.2892711634223626,383.49500000000006,57.94,4.974100000000004,1,5,0,0,0,0,0,0,0,0,0,0,0,0,0,0,0,0,0,0,0,0,0,0,0,0,0,0,0,0,0,0,0,0,0,0,0,0,0,0,0,0,0,1,0,0,0,0,0,0,0,0,0,0,0,0,0,0,0,0,0,0,0,0,1,0,0,1,0,0,0,0,0,0,0,0,0,0,0,0,0,0,0,0,1,0,0,0,1,0,0,0,1,1,0,0,0,1,0,1,1,0,1,0,0,0,1,0,0,0,0,1,0,1,0,1,0,0,0,0,1,0,1,1,0,0,0,1,1,1,1,1,0,0,0,0,0,0,0,1,1,0,0,0,1,1,1,1,0,1,0,0,1,1,1,1,0,1,1,1,1,0,1,1,1,1,1,1,0,0
CHEMBL261_199,39,37,-1,-1,-1,2.1666666666666665,3.1578825535827364,2.9032300184581996,6.702694733901817,0.10592048827565506,0.12009111459417994,1.7248811458070312,3.4559684059094122,0.17171405408928406,0.09793548885374813,-0.10607346426722543,-1.2746528978524732,7.401709401709401,4.3661998100922395,-0.002512577805722021,-1.045274241193909,0.01619433198380567,0.05069064504107384,3.7037108546120447,12.538339616174035,0.8205128205128205,0.3837597319768145,-1.6703827619526517,0.7901785714285703,2.1666666666666665,3.1578825535827364,2.9032300184581996,6.702694733901817,2.0,0.0,0,0,1.8974358974358974,2.5799510211497982,3.5983457158822647,11.887885673983966,0.0,0.0,0,0,0.01931609057854905,0.04672768484414926,2.1252446456286713,2.755832244024587,0.041666666666666664,0.05557461932070332,2.9224125982682008,6.7833298113810585,0.041666666666666664,0.015980549476454987,0.6582532798900926,-0.16225060363633714,1.25,0.4330127018922193,1.1547005383792515,-0.6666666666666665,0.2346168970586413,74.0,326.0,0.0,230.0,3102.0,48.0,0.0,0.0,0.0,1044.0,1256.0,29160.0,0.0,0.0,0.0,0.0,258.0,0.0,0.0,0.0,48.0,0.0,0.0,0.0,0.0,0.0,0.0,0.0,0.0,0.0,0.0,1,1,0,1,1,1,0,0,0,1,1,1,0,0,0,0,1,0,0,0,1,0,0,0,0,0,0,0,0,0,0,6.291666666666667,0.6109532624422992,1.9305197907057203,2.361189832341803,2.25,0.7216878364870323,-0.4156921938165305,-1.0080000000000002,0.0,0.0,0,0,3.0833333333333335,0.2763853991962833,3.015113445777635,7.090909090909085,0.7083333333333334,0.45452967144315476,-0.9166984970282114,-1.159663865546219,12.592833333333331,1.218530797951187,1.929354434306375,2.355785266389309,0.625,0.8569568250501305,1.595204375104634,2.0832956088727927,317.3480000000001,63.99,3.039740000000001,0,2,0,0,0,0,0,0,0,0,0,0,0,0,0,0,0,0,0,0,0,0,0,0,0,0,0,0,0,0,0,0,0,0,0,0,0,0,0,0,0,0,0,0,0,0,0,0,0,0,0,0,0,0,1,0,0,0,0,0,0,0,0,0,1,0,0,1,0,0,0,0,0,0,0,0,0,1,0,0,0,1,1,0,0,1,0,0,0,0,0,1,0,0,1,0,1,1,1,1,0,0,0,1,0,0,0,1,0,0,0,0,1,0,0,0,0,0,0,1,0,0,1,1,1,0,1,1,0,1,0,0,0,0,0,1,0,1,1,1,0,0,0,0,1,1,1,1,0,0,1,1,1,1,0,0,1,0,1,0,1,1,1,1,1,1,1,1,0,1
CHEMBL261_200,36,35,-1,-1,-1,2.1666666666666665,2.7638539919628333,2.7752200559826736,6.388284297520663,0.11650409281941854,0.11918294397312934,1.6214525419118566,3.523686010273263,0.18597074063686514,0.09243799660307622,-0.27822959917169193,-0.9974526385633391,7.544444444444443,3.940592798671067,-0.15586369147367485,-0.8446492925846569,0.023062558356676,0.06311857213299463,3.234177498333624,9.53670600680204,0.8055555555555556,0.3957724124659724,-1.5440972939559132,0.3842364532019724,2.1666666666666665,2.7638539919628333,2.7752200559826736,6.388284297520663,2.0,0.0,0,0,1.9444444444444444,2.3681268317719013,3.2412867595185744,9.848132766760695,0.0,0.0,0,0,0.016691260198141412,0.045410910472011894,3.907545613036325,16.59247340007755,0.041666666666666664,0.04907651245272931,2.8472870963985213,6.707896816378023,0.04166666666666666,0.2202474845911827,2.8140275841270217,6.7862504953723,1.2916666666666667,0.45452967144315476,0.9166984970282107,-1.159663865546219,-0.827694767863385,70.0,268.0,0.0,198.0,2118.0,24.0,0.0,0.0,0.0,574.0,876.0,17040.0,0.0,0.0,0.0,0.0,84.0,0.0,0.0,0.0,0.0,0.0,0.0,0.0,0.0,0.0,0.0,0.0,0.0,0.0,48.0,1,1,0,1,1,1,0,0,0,1,1,1,0,0,0,0,1,0,0,0,0,0,0,0,0,0,0,0,0,0,1,6.818181818181818,2.124240262826895,3.652713346518968,12.89544338445437,2.090909090909091,0.7925270806437588,0.38487507984864006,-0.2600415512465375,0.0,0.0,0,0,3.1363636363636362,0.3431742925123068,2.1192517713040706,2.4912280701754437,0.5454545454545454,0.49792959773196915,-0.1825741858350551,-1.9666666666666663,13.647909090909094,4.258548780865174,3.6595732862119434,12.936109859730047,0.7272727272727273,0.7496555682941201,1.139560767633947,1.5886678200692046,316.382,89.25999999999999,2.450920000000001,0,5,0,0,0,0,0,0,0,0,0,0,0,0,0,0,0,0,0,0,0,0,0,0,0,0,0,0,0,0,0,0,0,0,1,1,0,0,0,0,0,0,0,0,0,0,0,1,0,0,0,0,0,1,0,0,0,1,0,0,1,1,1,1,0,0,1,0,0,1,0,1,0,0,0,1,0,0,0,0,0,0,0,1,0,0,1,0,0,0,1,0,0,0,0,0,1,0,0,1,0,1,0,0,1,0,0,0,1,0,0,0,0,0,1,0,0,0,0,1,0,0,0,0,0,0,1,1,0,0,0,0,1,1,0,1,0,1,1,0,0,0,0,0,1,0,0,1,1,0,1,0,0,1,1,0,1,0,1,0,1,1,1,1,1,1,1,1,0,1
CHEMBL261_201,35,34,-1,-1,-1,2.1739130434782608,2.6808852190379118,2.589647386385694,5.300568708680977,0.11922888691875837,0.1198161136723375,1.4671738436839394,2.462682421650973,0.18706653418510427,0.09352832893787846,-0.24514077111114874,-0.9864282455694315,7.3,3.824378775157218,-0.1274815090566117,-0.8633011693627268,0.022052457346574992,0.0616368890778972,3.094280987349117,8.359635101569388,0.8,0.4,-1.5,0.24999999999999956,2.1739130434782608,2.6808852190379118,2.589647386385694,5.300568708680977,2.0,0.0,0,0,1.9428571428571428,2.2921338423007516,3.0452152107696113,8.45805398162372,0.0,0.0,0,0,0.018132655458236852,0.04743192517879026,3.575356322292808,13.767046016825773,0.043478260869565216,0.04952295844200219,2.6642722649721042,5.6114321136278225,0.04347826086956521,0.02454777448254308,0.5699006503676293,1.4414084872837787,1.3043478260869565,0.4601306627938419,0.850420064270761,-1.276785714285715,1.9058868986402089,68.0,248.0,0.0,210.0,1800.0,24.0,0.0,0.0,0.0,530.0,946.0,13104.0,0.0,0.0,0.0,0.0,84.0,0.0,0.0,0.0,0.0,0.0,0.0,0.0,0.0,0.0,0.0,0.0,0.0,0.0,48.0,1,1,0,1,1,1,0,0,0,1,1,1,0,0,0,0,1,0,0,0,0,0,0,0,0,0,0,0,0,0,1,6.818181818181818,2.124240262826895,3.652713346518969,12.89544338445437,2.090909090909091,0.7925270806437589,0.3848750798486401,-0.2600415512465384,0.0,0.0,0,0,3.1363636363636362,0.3431742925123068,2.119251771304071,2.4912280701754437,0.5454545454545454,0.49792959773196915,-0.1825741858350551,-1.9666666666666666,13.647909090909094,4.258548780865174,3.6595732862119434,12.93610985973005,0.7272727272727273,0.7496555682941201,1.1395607676339465,1.5886678200692028,316.38200000000006,89.25999999999999,2.45092,0,5,0,0,0,0,0,0,0,0,0,0,0,0,0,0,0,0,0,0,0,0,0,0,0,0,0,0,0,0,0,0,0,0,1,1,0,0,0,0,0,0,0,0,0,0,0,1,0,0,0,0,0,1,0,0,0,1,0,0,1,1,1,1,0,0,1,0,0,1,0,1,0,0,0,1,0,0,0,0,0,0,0,1,0,0,1,0,0,0,1,0,0,0,0,0,1,0,0,1,0,1,0,0,1,0,0,0,1,0,0,0,0,0,1,0,0,0,0,1,0,0,0,0,0,0,1,1,0,0,0,0,1,1,0,1,0,1,1,0,0,0,0,0,1,0,0,1,1,0,1,0,0,1,1,0,1,0,1,0,1,1,1,1,1,1,1,1,0,1
CHEMBL261_202,40,39,-1,-1,-1,2.142857142857143,3.2482334288291637,3.723664098264324,13.351855108141379,0.10492784995694289,0.11827994886460376,2.547169552874476,9.962564508889226,0.20059364689080628,0.10298964228356301,-0.28722988704606733,-0.9201278870022942,8.950833333333332,4.7271334836475924,-0.18677307982971947,-0.6068427799146994,0.022874493927125504,0.06978813238998657,4.380064304988076,19.851870653583745,0.825,0.3799671038392666,-1.7106744068953987,0.9264069264069255,2.142857142857143,3.2482334288291637,3.723664098264324,13.351855108141379,2.0,0.0,0,0,1.95,2.801338965566288,4.281721188567377,18.875389729006084,0.0,0.0,0,0,0.01866144086092935,0.04399956534050382,2.607127113590495,6.390882186396034,0.03571428571428571,0.049394599152583686,3.723583143698747,13.305109050709703,0.03571428571428571,0.027563943643287188,-0.8412282641857779,-0.23973862923820421,1.2857142857142858,0.45175395145262565,0.9486832980505133,-1.1000000000000003,-0.5740316909565147,78.0,388.0,0.0,252.0,4656.0,32.0,0.0,0.0,0.0,902.0,1650.0,60264.0,0.0,0.0,0.0,0.0,166.0,0.0,0.0,0.0,12.0,0.0,0.0,0.0,0.0,0.0,0.0,0.0,0.0,0.0,0.0,1,1,0,1,1,1,0,0,0,1,1,1,0,0,0,0,1,0,0,0,1,0,0,0,0,0,0,0,0,0,0,6.891891891891892,2.263503428779471,3.490035083802803,11.192463295332828,2.2162162162162162,0.7027027027027025,0.13825671370050077,-0.2001680613423873,0.0,0.0,0,0,3.135135135135135,0.3418678551533383,2.1345374206136576,2.5562500000000057,0.7567567567567568,0.42904075314560924,-1.1968874978625537,-0.5674603174603172,13.796081081081084,4.538679950836869,3.4944945018506193,11.216198031758053,0.5675675675675675,0.7181259597614283,1.2950662200531915,1.6739761975459233,531.6230000000003,149.51,3.650220000000002,0,8,0,0,0,0,0,0,0,0,0,0,0,0,0,0,0,0,0,0,0,0,0,0,0,0,0,0,0,0,0,0,0,0,1,1,0,0,0,0,1,0,0,0,0,0,0,0,0,1,0,0,0,1,1,0,0,1,0,0,1,1,1,1,1,0,1,1,0,1,0,1,1,0,0,1,0,1,0,1,0,1,1,1,0,1,1,0,0,0,1,0,1,0,0,0,1,0,1,0,0,0,0,0,1,0,0,0,1,0,0,0,0,0,1,0,0,0,0,1,0,0,1,1,1,0,1,1,0,0,0,0,1,1,1,1,0,1,1,1,0,0,0,0,1,0,1,1,1,0,1,0,1,1,1,1,1,1,1,0,1,1,1,1,1,1,1,1,0,1
CHEMBL261_203,36,36,-1,-1,-1,2.25,2.875905654456233,2.744508357235012,6.099207532564764,0.1135190122982198,0.12202955225933755,1.5933173213206606,2.85625171518254,0.19104684188663723,0.09724608870237111,-0.24530659076830583,-1.1041227556737816,7.679629629629632,4.080131229566043,-0.12841684348050203,-0.9163878322069108,0.022222222222222227,0.05858614380589715,3.3388117589129984,10.298514159151374,0.8055555555555556,0.3957724124659724,-1.5440972939559132,0.3842364532019724,2.25,2.875905654456233,2.744508357235012,6.099207532564764,2.0,0.0,0,0,2.0,2.4608038433722332,3.2323293308363836,9.6277249389782,0.0,0.0,0,0,0.02817941317941318,0.05637670345508047,1.6726205764992894,1.063912563428591,0.041666666666666664,0.04851408068069141,2.76759558114521,6.169487469359398,0.04166666666666666,0.21384336191936126,-2.413622594852519,4.8724970096222275,1.3333333333333333,0.4714045207910317,0.7071067811865478,-1.5,-0.5183903062846672,72.0,290.0,0.0,270.0,2388.0,56.0,0.0,0.0,0.0,1016.0,1300.0,19920.0,0.0,0.0,0.0,0.0,260.0,0.0,0.0,0.0,48.0,0.0,0.0,0.0,0.0,0.0,0.0,0.0,0.0,0.0,36.0,1,1,0,1,1,1,0,0,0,1,1,1,0,0,0,0,1,0,0,0,1,0,0,0,0,0,0,0,0,0,1,6.575757575757576,1.7586203792178072,4.671203913167557,22.02627742734468,2.1818181818181817,0.7158188976374373,0.2130324710970945,-0.14516129032258007,0.0,0.0,0,0,3.242424242424242,0.4285495643554833,1.2020815280171326,-0.554999999999997,0.5454545454545454,0.4979295977319692,-0.18257418583505508,-1.9666666666666668,13.162878787878787,3.525604558151571,4.678690746077201,22.082773727098328,0.8787878787878788,0.8793101896089035,0.772740816929959,-0.15381599065678886,463.6070000000003,91.03,3.7234400000000027,0,6,0,0,0,0,0,0,0,0,0,0,0,0,0,0,0,0,0,0,0,0,0,0,0,0,0,0,0,0,0,0,0,0,1,1,0,0,0,0,0,0,0,0,0,0,0,0,0,0,0,0,0,1,1,0,0,1,0,0,1,1,1,1,1,0,1,0,0,1,0,1,0,0,0,1,0,1,0,0,1,1,0,1,0,0,1,1,1,0,1,0,0,0,0,0,1,0,0,0,1,0,1,0,1,0,0,0,1,0,1,0,0,1,1,0,0,0,0,1,1,1,1,1,1,0,1,1,0,0,1,1,1,1,0,1,0,1,1,1,1,0,0,0,1,0,1,1,0,1,1,1,1,1,0,1,0,0,1,0,1,1,1,1,1,1,1,1,0,1
CHEMBL261_204,37,34,-1,-1,-1,2.0,2.6832815729997477,2.9814239699997196,7.138888888888889,0.11323020124609333,0.11918870983778718,1.6673007438341543,3.2704949694363368,0.17622389306727876,0.086435583837708,-0.23927100196198822,-0.9637174180742418,7.478893178893179,3.8837500935204616,-0.1074216798988751,-0.7676007579609436,0.02634062634062634,0.07092842626523778,3.2081095638862736,9.431764697120526,0.8108108108108109,0.3916588309780929,-1.5871507864874157,0.5190476190476199,2.0,2.6832815729997477,2.9814239699997196,7.138888888888889,2.0,0.0,0,0,1.837837837837838,2.307608022285034,3.4179493272332944,10.540953106741853,0.0,0.0,0,0,0.004708883111786923,0.01385042200862991,2.7409609191726414,5.9133499829405185,0.04,0.04839105901565302,2.9742544107576054,7.1097586625762865,0.04,0.08669919094930278,3.0708555869063123,7.490502387790174,1.16,0.36660605559646714,1.8548520670059365,1.4404761904761942,-0.3036361606059169,68.0,254.0,0.0,122.0,2040.0,8.0,0.0,0.0,0.0,424.0,540.0,15960.0,0.0,0.0,0.0,0.0,36.0,0.0,0.0,0.0,0.0,0.0,0.0,0.0,0.0,0.0,0.0,0.0,0.0,0.0,0.0,1,1,0,1,1,1,0,0,0,1,1,1,0,0,0,0,1,0,0,0,0,0,0,0,0,0,0,0,0,0,0,6.3,0.5567764362830021,1.7033535095442531,1.9084287200832524,2.2,0.6782329983125268,-0.26924183297850857,-0.8487712665406422,0.0,0.0,0,0,3.1,0.3,2.666666666666666,5.111111111111105,0.75,0.4330127018922193,-1.1547005383792515,-0.6666666666666665,12.609599999999999,1.1107152830496212,1.7016683104517356,1.899955050264146,0.7,0.8999999999999999,1.4485596707818928,1.4531321444901693,266.30400000000003,59.290000000000006,2.598440000000001,0,2,0,0,0,0,0,0,0,0,0,0,0,0,0,0,0,0,0,0,0,0,0,0,0,0,0,0,0,0,0,0,0,0,0,0,0,0,0,0,1,0,0,0,0,0,0,0,0,0,0,0,0,0,1,0,0,0,0,0,0,0,0,0,0,0,0,1,0,0,0,0,0,0,0,0,0,0,0,1,0,1,1,0,0,1,0,1,0,0,0,0,0,0,1,0,1,0,1,1,1,0,0,1,0,0,0,1,0,0,0,0,1,0,0,0,0,0,0,1,0,0,1,1,1,0,1,1,0,0,0,0,0,0,0,1,0,1,0,1,0,0,0,0,1,0,1,1,0,0,1,1,1,1,0,0,1,0,1,0,1,0,1,1,1,1,1,1,0,0
CHEMBL261_205,37,33,-1,-1,-1,2.0,2.6539552107881486,2.846903943534063,6.354595336076818,0.10936678852879912,0.12274336069182713,1.6882350761093672,3.453051423927068,0.15781842537860716,0.08515278745981927,-0.10490563076612354,-1.110393375067379,6.66036036036036,3.79557461485441,0.005764634234499534,-0.9208539216075233,0.021235521235521238,0.05904365337212392,3.277847119469511,10.063795759128315,0.8108108108108109,0.3916588309780929,-1.5871507864874157,0.5190476190476199,2.0,2.6539552107881486,2.846903943534063,6.354595336076818,2.0,0.0,0,0,1.7837837837837838,2.2072991339562607,3.4110845652125947,10.536538012852656,0.0,0.0,0,0,0.005524794571447715,0.01618536511425502,2.680946537040356,5.4022007041899975,0.043478260869565216,0.05228419753756647,2.840623595685028,6.311260073862105,0.043478260869565216,0.2399572437320134,-2.7026387287028957,6.068436972860665,1.173913043478261,0.3790346907426672,1.7206180040292134,0.9605263157894743,-1.050704036518779,66.0,232.0,0.0,98.0,1770.0,8.0,0.0,0.0,0.0,380.0,414.0,13080.0,0.0,0.0,0.0,0.0,34.0,0.0,0.0,0.0,0.0,0.0,0.0,0.0,0.0,0.0,0.0,0.0,0.0,0.0,0.0,1,1,0,1,1,1,0,0,0,1,1,1,0,0,0,0,1,0,0,0,0,0,0,0,0,0,0,0,0,0,0,6.315789473684211,0.5668594533825794,1.6232333871683666,1.619203329369796,2.210526315789474,0.5210260492953507,0.2102766521312757,-0.0610162432319834,0.0,0.0,0,0,3.3684210526315788,0.48237638894272,0.5455447255899818,-1.7023809523809514,0.47368421052631576,0.4993069989739547,0.10540925533894627,-1.9888888888888898,12.641105263157897,1.1308261486158482,1.6215563292029254,1.6111074525266886,0.9473684210526315,0.8869631340185642,0.3290811816294579,-1.157186074191629,516.6500000000003,107.54,3.910320000000003,0,10,0,0,0,0,0,0,0,0,0,0,0,0,0,0,0,0,0,0,0,0,0,0,0,0,0,1,0,0,0,0,0,0,0,0,0,0,0,0,1,0,0,0,0,0,0,0,0,0,0,0,0,0,0,1,0,0,0,1,0,0,0,0,1,0,0,1,0,0,0,0,0,0,0,0,0,1,0,1,0,0,1,0,1,1,0,1,1,0,0,0,1,0,1,0,0,1,1,0,1,0,1,0,0,0,1,0,1,0,0,1,1,1,0,0,0,0,0,1,1,0,1,1,1,0,0,1,0,0,1,1,0,1,1,1,0,1,0,1,1,0,0,0,1,0,1,1,0,1,1,0,1,1,0,1,1,1,1,1,1,1,1,1,1,1,1,1,0,0
CHEMBL261_206,35,33,-1,-1,-1,2.0869565217391304,2.6851126359381756,2.669723986233951,5.589156528441432,0.11880626586046422,0.12023518521514932,1.5546945256407059,2.760656666925331,0.1861535684147395,0.09301890120522231,-0.22891340937243607,-0.9584654609744852,7.247619047619048,3.793974217467983,-0.10302918413078725,-0.8116903121318417,0.022256175197351666,0.06444316718152202,3.0650718198671125,8.130471503268536,0.8,0.4,-1.5,0.24999999999999956,2.0869565217391304,2.6851126359381756,2.669723986233951,5.589156528441432,2.0,0.0,0,0,1.8857142857142857,2.2899959896587285,3.123822193412307,8.808486408378295,0.0,0.0,0,0,0.017332440347676916,0.05856341914074603,4.596784668313565,21.421686902181,0.043478260869565216,0.05153578382950261,2.7305735696066376,5.895283197830992,0.043478260869565216,0.031273482665289384,2.4769363773903827,4.8781306711962875,1.2608695652173914,0.43910891036356847,1.0891622972743424,-0.8137254901960773,1.1819572310440838,66.0,242.0,0.0,178.0,1794.0,16.0,0.0,0.0,0.0,426.0,840.0,13104.0,0.0,0.0,0.0,0.0,58.0,0.0,0.0,0.0,0.0,0.0,0.0,0.0,0.0,0.0,0.0,0.0,0.0,0.0,12.0,1,1,0,1,1,1,0,0,0,1,1,1,0,0,0,0,1,0,0,0,0,0,0,0,0,0,0,0,0,0,1,7.117647058823529,2.37344011786259,3.0277072295383274,8.574829911439252,2.1176470588235294,0.8998269729869621,0.25143094248485115,-0.9014902476440936,0.0,0.0,0,0,3.235294117647059,0.42418250299576343,1.2480754415067652,-0.44230769230769296,0.35294117647058826,0.4778846120374094,0.6154574548966635,-1.6212121212121213,14.246529411764707,4.75817975722609,3.034837985520659,8.609349235788201,0.6470588235294118,0.7624400821656306,1.4879251603487433,2.601190476190477,253.27900000000002,74.68,0.40052000000000015,1,2,0,0,0,0,0,0,0,0,0,0,0,0,0,0,0,0,0,0,0,0,0,0,0,0,0,0,0,0,0,0,0,0,1,1,0,0,0,0,0,0,0,0,0,0,0,0,0,0,0,0,0,1,0,0,0,1,0,0,1,1,1,1,0,0,1,0,0,1,0,0,0,0,0,1,0,1,0,0,0,0,0,1,0,1,0,0,0,0,1,1,0,0,1,0,1,0,1,0,0,1,0,0,1,0,0,0,1,0,0,0,1,0,1,0,0,0,0,1,0,0,0,1,1,0,1,0,0,1,0,0,1,0,0,0,0,0,1,1,0,1,1,0,0,1,0,0,1,0,1,0,1,0,0,0,1,0,1,1,1,1,1,1,1,1,1,1,0,1
CHEMBL261_207,34,33,-1,-1,-1,2.1818181818181817,2.724240738867581,2.5737967767543104,5.106616534640212,0.1187221497625019,0.12376112419355448,1.5045332417257826,2.4600553880763005,0.18848960315945476,0.09573106530729278,-0.18893091881067287,-1.0624156288239497,7.088235294117647,3.7580491597530146,-0.07083482139478858,-0.8915858306271986,0.02111185383244207,0.05877446894832123,3.1501566074276517,8.720935917058252,0.7941176470588235,0.40434491426080943,-1.4547859349066157,0.11640211640211495,2.1818181818181817,2.724240738867581,2.5737967767543104,5.106616534640212,2.0,0.0,0,0,1.9411764705882353,2.312894500157353,3.0524864584776856,8.384004793072805,0.0,0.0,0,0,0.025415181552497158,0.06412425147645548,3.4524248171481555,12.97944163922119,0.04545454545454545,0.0520574685555521,2.6097867410827447,5.225351374466641,0.04545454545454546,0.050713035670866824,2.690541994449837,5.819643510535629,1.3181818181818181,0.46577048936179993,0.780720058358827,-1.39047619047619,0.04372849817875363,66.0,244.0,0.0,218.0,1794.0,32.0,0.0,0.0,0.0,610.0,1020.0,13104.0,0.0,0.0,0.0,0.0,132.0,0.0,0.0,0.0,12.0,0.0,0.0,0.0,0.0,0.0,0.0,0.0,0.0,0.0,24.0,1,1,0,1,1,1,0,0,0,1,1,1,0,0,0,0,1,0,0,0,1,0,0,0,0,0,0,0,0,0,1,7.029411764705882,2.3699751068145027,3.1466257668742603,9.103277780293388,2.1176470588235294,0.7957499563805107,0.48715893594055454,-0.04550748006808192,0.0,0.0,0,0,3.176470588235294,0.3812200410828153,1.6973368495830126,0.8809523809523836,0.5294117647058824,0.4991341984846218,-0.117851130197758,-1.9861111111111112,14.07064705882353,4.751563890430632,3.152612140851842,9.13305606931736,0.6764705882352942,0.7561741254224965,1.0217569205198003,0.765277933539473,501.5860000000003,144.98999999999998,2.781320000000001,0,8,0,0,0,0,0,0,0,0,0,0,0,0,0,0,0,0,0,0,0,0,0,0,0,1,0,0,0,0,0,0,0,0,1,1,0,0,0,0,0,0,0,0,0,0,0,0,0,0,0,0,0,1,0,0,0,1,0,0,1,1,1,1,0,0,1,0,0,1,0,1,0,0,0,1,0,0,0,0,1,0,0,1,0,0,1,0,0,0,1,1,0,0,0,0,1,0,0,1,0,0,1,0,1,0,0,0,1,0,0,0,1,1,1,1,0,0,0,1,1,1,0,0,0,1,1,1,1,1,0,0,1,1,0,0,0,0,1,0,0,0,1,0,1,1,1,1,1,1,1,0,1,1,1,1,1,1,1,1,1,1,1,1,1,1,1,1,0,1
CHEMBL261_208,41,39,-1,-1,-1,2.0689655172413794,3.061789362816982,3.192927680911023,8.784995447690132,0.10909353901270774,0.11175349501524255,2.0314058543790834,5.819331183259035,0.19809512607111146,0.09747348244189875,-0.43839748523751765,-0.801290506071243,9.065040650406505,4.64711759729805,-0.2944651443279151,-0.6431298531105285,0.02320200125078174,0.07130300229053642,3.3615206189487727,10.188544184179548,0.8292682926829268,0.37627435659857345,-1.7501500535908443,1.0630252100840352,2.0689655172413794,3.061789362816982,3.192927680911023,8.784995447690132,2.0,0.0,0,0,1.9024390243902438,2.657753297005836,3.6595564619707277,12.61746812986586,0.0,0.0,0,0,0.008270283178743508,0.02558459259180591,3.9844433618178217,16.70601302910016,0.034482758620689655,0.046877494639342814,3.219645596717553,8.868056153116523,0.034482758620689676,0.10986172022412602,3.4905776507663515,11.318569112624168,1.206896551724138,0.40508069394726653,1.4471361022898728,0.09420289855072728,0.4331300605656441,78.0,360.0,0.0,234.0,3594.0,16.0,0.0,0.0,0.0,730.0,1384.0,36048.0,0.0,0.0,0.0,0.0,78.0,0.0,0.0,0.0,0.0,0.0,0.0,0.0,0.0,0.0,0.0,0.0,0.0,0.0,12.0,1,1,0,1,1,1,0,0,0,1,1,1,0,0,0,0,1,0,0,0,0,0,0,0,0,0,0,0,0,0,1,7.92,3.686949958976932,1.7682538003974435,1.2868912389479403,2.16,0.7310266752998826,0.35681095118217354,0.039567571443937855,0.0,0.0,0,0,3.2,0.39999999999999997,1.4999999999999991,0.24999999999999778,0.68,0.46647615158762407,-0.7717436331412901,-1.4044117647058822,15.913960000000001,7.534426823481664,1.7891900634356552,1.3908299812451137,0.56,0.7525955088890712,1.4845798604917038,2.169347888537777,411.961,71.95,4.593020000000003,0,6,0,0,0,0,0,0,0,0,0,0,0,0,0,0,0,0,0,0,0,0,0,0,0,0,0,0,0,0,0,0,0,0,1,1,0,0,1,0,0,0,0,0,0,0,0,0,0,1,0,0,0,1,1,0,0,1,0,0,1,1,1,1,0,0,1,1,0,1,0,1,0,0,0,1,0,0,0,1,0,1,1,1,0,1,0,0,0,1,1,0,0,0,0,0,1,0,1,1,0,0,0,0,1,1,0,0,1,1,0,0,0,0,1,0,0,0,0,1,0,0,1,1,0,0,1,1,0,0,0,0,1,0,0,1,1,1,1,1,0,0,0,0,1,0,0,1,0,0,1,0,0,1,0,1,0,1,1,0,1,1,1,1,1,1,1,1,0,1
CHEMBL261_209,38,37,-1,-1,-1,2.1538461538461537,2.94425526292379,2.932356011843127,7.240935130286907,0.111949052153001,0.11740187049501755,1.7897191675926247,4.15559802846808,0.1953568400009119,0.09834415188304195,-0.3223783951228037,-0.9647640902214936,8.25,4.324341210009312,-0.19474113679260288,-0.7955640380478624,0.022403982930298726,0.06384477733584615,3.3306510607562894,10.109586922209724,0.8157894736842105,0.3876557858593746,-1.6292261599251139,0.6543778801843323,2.1538461538461537,2.94425526292379,2.932356011843127,7.240935130286907,2.0,0.0,0,0,1.9473684210526316,2.5334329571702607,3.409202200449212,10.905472657203916,0.0,0.0,0,0,0.015418731507778744,0.03506239358100776,2.2077235557887063,3.822707110795565,0.03846153846153847,0.04814325678679443,2.960226450643706,7.33226958629559,0.038461538461538464,0.08010372000359489,-2.117474867765705,4.338815220969095,1.2692307692307692,0.4435600997950306,1.0405319634289447,-0.9172932330827055,1.8748895907039986,74.0,314.0,0.0,260.0,2796.0,32.0,0.0,0.0,0.0,868.0,1394.0,25224.0,0.0,0.0,0.0,0.0,156.0,0.0,0.0,0.0,12.0,0.0,0.0,0.0,0.0,0.0,0.0,0.0,0.0,0.0,24.0,1,1,0,1,1,1,0,0,0,1,1,1,0,0,0,0,1,0,0,0,1,0,0,0,0,0,0,0,0,0,1,6.818181818181818,2.1027333647673414,3.7606107030865332,13.550234955017899,2.1818181818181817,0.7767276132106847,0.25492523841349046,-0.3235128541940333,0.0,0.0,0,0,3.1363636363636362,0.3431742925123068,2.1192517713040706,2.4912280701754437,0.7727272727272727,0.41907020260422223,-1.301582746911936,-0.30588235294117805,13.64809090909091,4.215911536387431,3.7664363100038956,13.584555128079923,0.6363636363636364,0.77138921583987,1.320914750966537,1.7025462962963003,314.37,90.87,1.8901199999999998,0,3,0,0,0,0,0,0,0,0,0,0,0,0,0,0,0,0,0,0,0,0,0,0,0,0,0,0,0,0,0,0,0,0,1,1,0,0,0,0,0,0,0,0,0,0,0,0,0,0,0,0,0,1,1,0,0,1,0,0,1,1,1,1,1,0,1,1,0,1,0,1,1,0,0,1,0,1,0,1,0,1,1,1,0,1,1,0,0,0,1,0,0,0,0,0,1,0,1,0,0,0,0,0,1,0,0,0,1,0,0,0,0,0,1,0,0,0,0,1,0,0,1,1,1,0,1,1,0,0,0,0,1,0,0,1,0,1,1,1,0,0,0,0,1,0,0,1,0,0,1,0,0,1,0,0,0,0,1,0,1,1,1,1,1,1,1,1,0,1
CHEMBL261_210,37,36,-1,-1,-1,2.16,3.042104534693047,3.010486872884181,7.964648149423509,0.11285942261488337,0.11953985843250017,1.9056520468598432,5.142405519908866,0.19827125102034454,0.10137308865260468,-0.26878737907932637,-0.9731621466428519,8.094594594594595,4.287927486903639,-0.15104945088956712,-0.7656293618969428,0.021278421278421278,0.06455288833097722,3.546232302481296,11.998716035818962,0.8108108108108109,0.3916588309780929,-1.5871507864874157,0.5190476190476199,2.16,3.042104534693047,3.010486872884181,7.964648149423509,2.0,0.0,0,0,1.945945945945946,2.5988141364855397,3.5239440685933525,12.078512089272898,0.0,0.0,0,0,0.028581007499926418,0.1098400833420683,5.301045365721827,27.794086885877142,0.03999999999999999,0.05195245469505113,3.0825310250888833,8.366729174437292,0.039999999999999994,0.11834198416310458,3.247227047071353,9.716618304847279,1.24,0.4270831300812524,1.2175615550562024,-0.5175438596491229,-0.41634985746979875,72.0,318.0,0.0,274.0,2994.0,40.0,0.0,0.0,0.0,806.0,1552.0,29208.0,0.0,0.0,0.0,0.0,184.0,0.0,0.0,0.0,24.0,0.0,0.0,0.0,0.0,0.0,0.0,0.0,0.0,0.0,24.0,1,1,0,1,1,1,0,0,0,1,1,1,0,0,0,0,1,0,0,0,1,0,0,0,0,0,0,0,0,0,1,6.863636363636363,2.1169329131263677,3.628897487006466,12.800602224096986,2.1818181818181817,0.7767276132106846,0.2549252384134905,-0.3235128541940324,0.0,0.0,0,0,3.1363636363636362,0.3431742925123068,2.1192517713040706,2.4912280701754437,0.7727272727272727,0.4190702026042222,-1.3015827469119363,-0.3058823529411776,13.738636363636367,4.243945490026238,3.6359726997416093,12.84192131179024,0.5909090909090909,0.7780564894828951,1.4331994667482095,1.8760148633065024,315.35400000000004,99.08,2.35942,0,3,0,0,0,0,0,0,0,0,0,0,0,0,0,0,0,0,0,0,0,0,0,0,0,0,0,0,0,0,0,0,0,0,1,1,0,0,0,0,0,0,0,0,0,0,0,0,0,0,0,0,0,1,1,0,0,1,0,1,1,1,1,1,1,0,1,1,0,1,0,1,0,0,0,1,0,0,0,0,0,0,1,1,0,1,1,0,0,0,1,0,0,0,1,0,1,1,1,0,0,0,0,0,1,0,0,0,1,0,0,0,1,0,1,0,0,0,0,1,0,0,1,1,0,0,1,1,0,0,0,0,1,0,0,0,0,0,1,1,0,0,0,0,1,0,0,1,1,0,1,0,0,1,0,0,0,0,1,0,0,1,1,1,1,1,1,1,0,1
CHEMBL261_211,37,35,-1,-1,-1,2.08,2.784528685433138,2.996677144881293,8.01359350453735,0.1111096409690737,0.12116796074355037,2.0636408760610325,6.29175663238113,0.18994720767574574,0.09514557354793013,-0.27664453537886124,-0.9190223237731936,7.815315315315316,4.089838316257601,-0.14358331671976063,-0.7448264337322157,0.02290862290862291,0.06576705769826892,3.230519346534065,9.609579261336332,0.8108108108108109,0.3916588309780929,-1.5871507864874157,0.5190476190476199,2.08,2.784528685433138,2.996677144881293,8.01359350453735,2.0,0.0,0,0,1.8918918918918919,2.391242849794018,3.4604281774288013,11.804850791767505,0.0,0.0,0,0,0.010010881672010996,0.027799258779271325,3.4289942587351128,12.20203574139726,0.04000000000000001,0.04907767331492982,3.021728242809996,8.068441972516712,0.04,0.04153713889953038,-0.9404552778195939,0.9755137214401608,1.24,0.4270831300812524,1.2175615550562024,-0.5175438596491229,-2.3154399613397114,70.0,274.0,0.0,200.0,2310.0,16.0,0.0,0.0,0.0,522.0,1024.0,20328.0,0.0,0.0,0.0,0.0,68.0,0.0,0.0,0.0,0.0,0.0,0.0,0.0,0.0,0.0,0.0,0.0,0.0,0.0,12.0,1,1,0,1,1,1,0,0,0,1,1,1,0,0,0,0,1,0,0,0,0,0,0,0,0,0,0,0,0,0,1,6.7727272727272725,2.1091105014763967,3.7885837338567745,13.675813719997521,2.1818181818181817,0.7767276132106846,0.2549252384134906,-0.3235128541940311,0.0,0.0,0,0,3.227272727272727,0.41907020260422206,1.301582746911939,-0.3058823529411723,0.5454545454545454,0.49792959773196915,-0.1825741858350551,-1.9666666666666663,13.557363636363641,4.228669364592286,3.794159683651699,13.709193196481465,0.7727272727272727,0.8491609860122457,0.896338532931769,0.05988456580816237,315.3980000000001,75.75999999999999,1.9092200000000001,0,3,0,0,0,0,0,0,0,0,0,0,0,0,0,0,0,0,0,0,0,0,0,0,0,0,0,0,0,0,0,0,0,0,1,1,0,0,0,0,1,0,0,0,0,0,0,0,0,0,0,0,0,1,0,0,0,1,0,0,1,1,1,1,1,0,1,0,0,1,0,1,0,0,0,1,0,1,0,1,1,1,0,1,0,1,1,1,0,0,1,0,0,0,0,0,1,0,1,0,0,0,1,0,1,0,0,0,1,0,1,0,0,1,1,0,0,0,0,1,1,1,1,1,1,0,1,1,0,0,0,0,1,0,0,1,0,1,1,1,1,0,0,0,1,0,1,1,0,1,1,0,1,1,0,1,0,0,1,0,1,1,1,1,1,1,1,1,0,1
CHEMBL261_212,40,38,-1,-1,-1,2.0714285714285716,3.104473401728676,3.399718977767726,10.19584448820607,0.10674714126077886,0.11664067829300084,2.355427534163358,8.504792806374935,0.19236835844751132,0.09516530643083225,-0.370462779997157,-0.8651333335692302,8.715833333333332,4.50273828723515,-0.2392497754021425,-0.6315282766229853,0.02408906882591093,0.07434954421198979,3.6162196923346075,12.306305731779483,0.825,0.3799671038392666,-1.7106744068953987,0.9264069264069255,2.0714285714285716,3.104473401728676,3.399718977767726,10.19584448820607,2.0,0.0,0,0,1.9,2.6814175355583845,3.9035463195686515,14.611999744661588,0.0,0.0,0,0,0.03253333650635,0.15606159708223358,5.949389375319542,33.92499682233208,0.03571428571428572,0.04881241186575709,3.380145828767615,9.964358367943403,0.03571428571428571,0.03633380713415248,3.6945142325499254,14.583021034482144,1.25,0.4330127018922193,1.1547005383792515,-0.6666666666666665,-1.1610414911329383,76.0,356.0,0.0,176.0,3780.0,16.0,0.0,0.0,0.0,620.0,998.0,40800.0,0.0,0.0,0.0,0.0,70.0,0.0,0.0,0.0,0.0,0.0,0.0,0.0,0.0,0.0,0.0,0.0,0.0,0.0,0.0,1,1,0,1,1,1,0,0,0,1,1,1,0,0,0,0,1,0,0,0,0,0,0,0,0,0,0,0,0,0,0,7.142857142857143,2.587252896610691,2.824336781586491,6.847105517549078,2.142857142857143,0.8329931278350431,0.09835948265526256,-0.8711072664359873,0.0,0.0,0,0,3.2142857142857144,0.410325903324145,1.3926212476455813,-0.06060606060606366,0.6071428571428571,0.48838551182776224,-0.4387634544762781,-1.8074866310160427,14.334250000000003,5.2161808184108365,2.7753811108159754,6.5910220980439735,0.6428571428571429,0.8949974347244049,1.3603060527613742,0.9735891922593214,419.50300000000016,93.35999999999999,3.11052,0,5,0,0,0,0,0,0,0,0,0,0,0,0,0,0,0,0,0,0,0,0,0,0,0,0,0,0,0,0,0,0,0,0,1,1,0,0,1,0,0,0,0,0,1,0,0,0,0,1,0,0,0,1,0,0,0,1,0,0,1,1,1,1,1,0,1,1,0,1,0,1,0,0,0,1,0,0,0,1,0,0,1,1,0,1,1,1,0,1,1,0,0,0,1,1,1,0,1,1,0,0,0,0,1,0,0,0,1,1,0,0,1,1,1,0,0,0,1,1,0,0,1,1,1,0,1,1,0,0,0,0,1,0,1,1,1,1,1,1,0,0,0,0,1,0,1,1,1,0,1,1,1,1,0,0,1,1,1,0,1,1,1,1,1,1,1,1,0,0
CHEMBL261_213,42,40,-1,-1,-1,2.142857142857143,3.3563828927059225,3.389759022211605,10.042907214870834,0.10402578358720274,0.1139656095433718,2.25066365026559,7.643427860679584,0.18402606763380416,0.10115701128507058,-0.27808766689448944,-1.0763229734264381,8.657142857142858,4.908357443087825,-0.19164942826278256,-0.855234788567028,0.01913472706155633,0.06279486298328893,4.018023705917037,15.504008413400626,0.8333333333333334,0.37267799624996495,-1.788854381999832,1.200000000000002,2.142857142857143,3.3563828927059225,3.389759022211605,10.042907214870834,2.0,0.0,0,0,1.9047619047619047,2.826823253267777,4.0431990956317865,15.632642583175397,0.0,0.0,0,0,0.03665884194053208,0.15325466096838983,5.906600286442077,34.17607683260229,0.03571428571428572,0.05130152165654369,3.3826776748810685,9.900339524537008,0.035714285714285705,0.032497950161569075,-1.809179786129699,3.73922409012844,1.2857142857142858,0.45175395145262565,0.9486832980505131,-1.1000000000000003,-0.4245759741556769,80.0,408.0,0.0,220.0,4740.0,32.0,0.0,0.0,0.0,1046.0,1380.0,55680.0,0.0,0.0,0.0,0.0,172.0,0.0,0.0,0.0,12.0,0.0,0.0,0.0,0.0,0.0,0.0,0.0,0.0,0.0,0.0,1,1,0,1,1,1,0,0,0,1,1,1,0,0,0,0,1,0,0,0,1,0,0,0,0,0,0,0,0,0,0,6.515151515151516,0.925111364998409,1.5631543122214946,1.03580375398331,2.1818181818181817,0.7158188976374373,-0.2826777020326814,-1.0265348595213324,0.0,0.0,0,0,3.1818181818181817,0.38569460791993493,1.649915822768613,0.7222222222222272,0.6666666666666666,0.4714045207910317,-0.7071067811865475,-1.5,13.09930303030303,2.01599397974162,1.772732315680441,2.026350563734993,0.5757575757575758,0.7397912494384062,1.3102212527495793,1.566247015900184,451.4290000000001,104.31,3.6911200000000024,0,6,0,0,0,0,0,0,0,0,0,0,0,0,0,0,0,0,0,0,0,0,0,0,0,0,0,0,0,0,0,0,0,0,0,0,0,0,0,0,0,0,0,0,1,0,0,0,0,0,0,0,0,0,0,0,1,0,0,0,0,0,0,0,1,0,0,1,0,0,0,0,0,0,0,0,0,0,0,0,0,1,0,0,1,0,0,0,0,1,0,0,0,0,1,0,0,1,0,0,1,0,1,1,0,0,1,1,0,1,0,1,1,1,0,1,0,0,0,1,1,0,1,1,0,0,0,1,1,1,0,0,0,1,1,0,1,0,1,1,1,1,1,0,1,1,1,1,1,1,0,0,1,1,1,1,1,1,1,1,1,1,1,1,1,1,1,1,0,0
CHEMBL261_214,36,34,-1,-1,-1,2.0833333333333335,2.7826346428439996,2.814755610295149,6.47731665627702,0.1137338105758346,0.12182938114296551,1.6954505726161897,3.4496476627784913,0.18960029725749317,0.09584566235147615,-0.23530168609190144,-0.9999106315497239,7.560185185185184,3.9914845272327617,-0.10136233322541988,-0.8182504813079361,0.022408963585434177,0.06269662243081961,3.1423550400558513,8.779448176324843,0.8055555555555556,0.3957724124659724,-1.544097293955913,0.3842364532019724,2.0833333333333335,2.7826346428439996,2.814755610295149,6.47731665627702,2.0,0.0,0,0,1.8888888888888888,2.3778816176702997,3.2805774620320753,9.954873095478726,0.0,0.0,0,0,0.010670277405250082,0.028914628907752857,2.675008415484369,5.8503865206759755,0.041666666666666664,0.05055750684390459,2.8339718582576197,6.580214831987952,0.04166666666666666,0.3757169113622939,2.84834132071621,6.886551068035438,1.2083333333333333,0.40611643103370687,1.4363696929192162,0.06315789473684275,0.5875635863403691,68.0,264.0,0.0,206.0,2124.0,24.0,0.0,0.0,0.0,638.0,1036.0,17064.0,0.0,0.0,0.0,0.0,116.0,0.0,0.0,0.0,12.0,0.0,0.0,0.0,0.0,0.0,0.0,0.0,0.0,0.0,0.0,1,1,0,1,1,1,0,0,0,1,1,1,0,0,0,0,1,0,0,0,1,0,0,0,0,0,0,0,0,0,0,7.25,2.875905654456233,2.744508357235012,6.099207532564764,2.1666666666666665,0.8498365855987975,0.08297221102000137,-0.9008875739644968,0.0,0.0,0,0,3.2083333333333335,0.4061164310337068,1.4363696929192145,0.06315789473683964,0.625,0.4841229182759271,-0.5163977794943223,-1.7333333333333334,14.571416666666666,5.965516797371561,2.7870045961917693,6.360922932055974,0.5833333333333334,0.8122328620674136,1.3629312424541729,1.2119667590027676,363.8260000000001,95.04999999999998,2.5284200000000006,0,4,0,0,0,0,0,0,0,0,0,0,0,0,0,0,0,0,0,0,0,0,0,0,0,0,0,0,0,0,0,0,0,0,1,1,0,0,0,0,1,0,0,0,0,0,0,0,0,0,0,0,0,1,0,0,0,1,0,0,1,1,1,1,0,0,1,1,0,1,0,1,0,0,0,1,0,1,0,1,0,1,0,1,0,1,1,1,0,1,1,0,0,0,0,0,1,1,1,0,0,0,1,1,1,1,0,1,1,1,0,0,0,0,1,0,0,0,1,1,0,0,1,1,1,0,1,1,0,0,0,0,1,0,1,0,1,0,1,1,0,0,0,0,1,0,1,1,1,0,1,0,1,1,1,1,1,1,1,0,1,1,1,1,1,1,1,1,0,1
CHEMBL261_215,37,35,-1,-1,-1,2.1739130434782608,2.9288990944520505,2.78764622785817,6.111329120083074,0.11107796613959944,0.12119699858213087,1.6331631100775028,3.1664314116040613,0.17219843956107148,0.09567442017592931,-0.14438474485499192,-1.182555996232448,7.090090090090091,4.099292144746441,-0.04706708412286528,-0.9977086173603502,0.01797511797511797,0.05385329140014181,3.4886481243225202,11.030256381110243,0.8108108108108109,0.3916588309780929,-1.5871507864874157,0.5190476190476199,2.1739130434782608,2.9288990944520505,2.78764622785817,6.111329120083074,2.0,0.0,0,0,1.8918918918918919,2.4249133033684274,3.4129434570371973,10.626835353574323,0.0,0.0,0,0,0.02794915113610763,0.08536123062896397,4.6093716292348095,22.33932423415385,0.043478260869565195,0.05387605891203064,2.8177815918876945,6.204311794281301,0.043478260869565216,0.24411460106724775,2.7930565761217965,6.2027250711274515,1.3043478260869565,0.4601306627938419,0.8504200642707606,-1.2767857142857149,0.3517907725283378,70.0,280.0,0.0,196.0,2376.0,32.0,0.0,0.0,0.0,724.0,954.0,19920.0,0.0,0.0,0.0,0.0,140.0,0.0,0.0,0.0,12.0,0.0,0.0,0.0,0.0,0.0,0.0,0.0,0.0,0.0,24.0,1,1,0,1,1,1,0,0,0,1,1,1,0,0,0,0,1,0,0,0,1,0,0,0,0,0,0,0,0,0,1,7.038461538461538,2.915222240251877,3.0357787997336096,7.500429707294568,2.1538461538461537,0.7174906963914472,-0.23660414561937498,-1.0432025366627027,0.0,0.0,0,0,3.230769230769231,0.42132504423474315,1.278019300845387,-0.3666666666666676,0.6538461538461539,0.47574295680203776,-0.6467616667635546,-1.581699346405229,14.197923076923079,6.209677539770403,3.052209095006934,7.571309777372729,0.7307692307692307,0.9011826549123062,1.1856821449523556,0.6141917246459037,388.298,46.92,4.654840000000004,0,5,0,0,0,0,0,0,0,0,0,0,0,0,0,0,0,0,0,0,0,0,0,0,0,0,0,0,0,0,0,0,0,0,0,0,0,0,0,0,0,0,0,0,0,0,0,0,0,0,0,0,0,0,1,0,0,0,0,0,0,0,0,0,1,0,0,1,0,0,0,0,0,0,0,0,0,1,0,0,0,0,1,0,1,1,0,0,0,1,0,0,0,0,1,0,1,0,1,0,0,0,1,0,0,1,1,0,0,1,0,0,1,1,0,0,0,0,1,1,0,0,1,1,1,0,1,1,0,0,0,1,0,0,1,1,1,1,0,1,0,0,0,0,1,0,1,1,0,0,1,1,1,1,0,1,1,1,1,0,1,0,1,1,1,1,1,1,0,0
CHEMBL261_216,39,37,-1,-1,-1,2.16,3.0942527369301946,2.9690589288100533,7.130282022112439,0.10907884391026901,0.11722982322013802,1.7447483330579325,3.8072935448866128,0.1776234069104025,0.09822586731409655,-0.21475495331696254,-1.1501808789541428,7.71794871794872,4.428427953554206,-0.11622539428547866,-0.9622639398239259,0.01838275522486049,0.057157276306307805,3.6110621559018066,11.922047338934544,0.8205128205128205,0.3837597319768145,-1.6703827619526517,0.7901785714285703,2.16,3.0942527369301946,2.9690589288100533,7.130282022112439,2.0,0.0,0,0,1.8974358974358974,2.5799510211497982,3.5983457158822647,11.887885673983966,0.0,0.0,0,0,0.025258345990053305,0.08244720107033914,4.924814781624226,25.23502738914787,0.039999999999999994,0.052721496572126145,2.9961799089842978,7.2194133545695465,0.04,0.23240877256310075,2.9771026098455713,7.263259111020625,1.28,0.448998886412873,0.9799578870122222,-1.0396825396825407,-1.018491826363645,74.0,326.0,0.0,214.0,3102.0,32.0,0.0,0.0,0.0,862.0,1148.0,29160.0,0.0,0.0,0.0,0.0,154.0,0.0,0.0,0.0,12.0,0.0,0.0,0.0,0.0,0.0,0.0,0.0,0.0,0.0,24.0,1,1,0,1,1,1,0,0,0,1,1,1,0,0,0,0,1,0,0,0,1,0,0,0,0,0,0,0,0,0,1,6.814814814814815,2.1779541374798748,3.8299483799283474,14.806843654047697,2.1481481481481484,0.7554102983100421,-0.2522166641801172,-1.2145894970414197,0.0,0.0,0,0,3.259259259259259,0.43822813208145306,1.0987005311470728,-0.7928571428571409,0.6296296296296297,0.4829038818668629,-0.5368754921931594,-1.7117647058823524,13.766259259259263,4.681858791932906,3.749344160372926,14.182667863054245,0.6666666666666666,0.90267093384844,1.309245858598358,0.8305785123966976,389.8330000000001,46.92,4.279640000000003,0,5,0,0,0,0,0,0,0,0,0,0,0,0,0,0,0,0,0,0,0,0,0,0,0,0,0,0,0,0,0,0,0,0,0,0,0,0,0,0,0,0,0,0,1,0,0,0,0,0,0,0,0,0,1,0,0,0,0,0,0,0,0,0,1,0,0,1,0,0,0,0,0,0,0,0,0,1,0,0,0,0,1,0,1,1,0,0,0,1,0,0,0,0,1,0,1,0,1,0,0,0,1,0,0,1,1,0,0,1,0,0,1,1,0,0,0,0,1,1,0,0,1,1,1,0,1,1,0,0,0,1,0,0,1,1,1,1,0,1,0,0,0,0,1,0,1,1,0,0,1,1,1,1,0,1,1,1,1,0,1,0,1,1,1,1,1,1,0,0
CHEMBL261_217,37,34,-1,-1,-1,2.0,2.6981475126464085,2.932414879098862,6.918790001207581,0.11392495823694307,0.11852481140140154,1.6725876261868056,3.2472522561904062,0.18310827887486378,0.09054907356670194,-0.26091911143076746,-0.9176767001173389,7.6126126126126135,3.9575552206388087,-0.12606878409497144,-0.7600524504598956,0.02445302445302445,0.06873040093114764,3.1083046715970206,8.52557758809677,0.8108108108108109,0.3916588309780929,-1.5871507864874157,0.5190476190476199,2.0,2.6981475126464085,2.932414879098862,6.918790001207581,2.0,0.0,0,0,1.837837837837838,2.3192905895053983,3.368666917190401,10.27234035773369,0.0,0.0,0,0,0.0037066380300411553,0.011274391953589872,3.0925102805635647,8.788421324319314,0.04000000000000001,0.048922497864851845,2.9423147642377523,6.965091782426825,0.039999999999999994,0.3830614391593898,-2.6997016496575164,6.009601309249508,1.16,0.36660605559646714,1.8548520670059365,1.4404761904761942,1.1070804165945145,68.0,256.0,0.0,144.0,2046.0,8.0,0.0,0.0,0.0,446.0,672.0,15960.0,0.0,0.0,0.0,0.0,38.0,0.0,0.0,0.0,0.0,0.0,0.0,0.0,0.0,0.0,0.0,0.0,0.0,0.0,0.0,1,1,0,1,1,1,0,0,0,1,1,1,0,0,0,0,1,0,0,0,0,0,0,0,0,0,0,0,0,0,0,6.904761904761905,2.3885592769494197,3.593114964820621,12.240081285812133,2.0952380952380953,0.8109231602822096,-0.17535610693094278,-1.4589060642092746,0.0,0.0,0,0,3.3333333333333335,0.47140452079103173,0.7071067811865464,-1.5000000000000016,0.5238095238095238,0.49943278484292924,-0.09534625892455938,-1.9909090909090907,13.935047619047618,5.110496113054188,3.565951097513493,12.028402144093649,0.8095238095238095,1.096272803163937,1.0324946253451222,-0.42038447846208493,309.77200000000005,46.92,2.68834,0,4,0,0,0,0,0,0,0,0,0,0,0,0,0,0,0,0,0,0,0,0,0,0,0,0,0,0,0,0,0,0,0,0,0,0,0,0,0,0,0,0,0,0,1,0,0,0,0,0,0,0,0,0,1,0,0,0,0,0,0,0,0,0,0,0,0,1,0,0,0,0,0,0,0,0,0,1,0,0,0,0,1,0,1,1,0,0,0,1,0,0,0,0,1,1,1,0,1,0,0,0,1,0,0,1,1,0,0,1,1,0,1,1,0,0,0,0,1,1,0,0,1,1,1,0,1,1,0,0,0,1,0,0,1,0,1,0,0,1,0,0,0,1,1,0,1,0,0,0,1,1,1,1,0,1,1,1,1,0,1,0,1,1,1,1,1,1,0,0
CHEMBL261_218,36,36,-1,-1,-1,2.3636363636363638,3.0975863704365123,2.6865507155462165,5.536966929070779,0.11102464421258083,0.1243032829624689,1.5480471003068172,2.549066883948371,0.17835405865358794,0.10156775064622908,-0.12859350876301762,-1.3163719565956262,7.060185185185185,4.160254840280439,-0.025737272992997502,-1.0796706749966511,0.016153127917833802,0.047915228374404116,3.6239452536709678,11.711755922925153,0.8055555555555556,0.3957724124659724,-1.544097293955913,0.3842364532019724,2.3636363636363638,3.0975863704365123,2.6865507155462165,5.536966929070779,2.0,0.0,0,0,2.0,2.5495097567963922,3.359117391597614,10.218934911242604,0.0,0.0,0,0,0.054082980404118616,0.10865773022171456,2.3196380385632254,5.646579124825319,0.04545454545454544,0.05467041357597136,2.720055293205197,5.659595009819677,0.04545454545454544,0.025914403891075053,1.7264880970825436,2.024146684908305,1.4090909090909092,0.4916660830178166,0.3698001308168191,-1.863247863247863,-0.05664435569210613,72.0,306.0,0.0,292.0,2706.0,88.0,0.0,0.0,0.0,1260.0,1476.0,23880.0,0.0,0.0,0.0,0.0,430.0,0.0,0.0,0.0,120.0,0.0,0.0,0.0,0.0,0.0,0.0,0.0,0.0,0.0,48.0,1,1,0,1,1,1,0,0,0,1,1,1,0,0,0,0,1,0,0,0,1,0,0,0,0,0,0,0,0,0,1,6.517241379310345,2.010673067188035,4.874393315832788,22.480508650519024,2.206896551724138,0.48275862068965514,0.47448979591836765,0.12973760932944822,0.0,0.0,0,0,3.3793103448275863,0.48521542343001,0.4974683381630903,-1.7525252525252528,0.5862068965517241,0.49251230541674823,-0.35007002100700196,-1.8774509803921566,13.094655172413795,4.280704423789684,4.901231526844092,22.666223119422277,1.0,0.7878385971583354,0.0,-1.3888888888888888,408.97700000000003,24.3,5.060700000000003,0,8,0,0,0,0,0,0,0,0,0,0,0,0,0,0,0,0,0,0,0,0,0,0,0,0,0,0,0,0,0,0,0,0,0,0,0,0,0,0,0,0,0,0,0,0,0,0,0,0,0,0,0,0,1,0,0,0,0,0,0,0,0,0,1,0,0,1,0,0,0,0,0,0,0,0,0,1,0,0,0,1,1,0,0,1,0,1,1,1,0,0,0,0,0,0,1,0,1,0,1,0,1,0,0,1,0,0,0,1,0,0,0,1,0,0,0,0,0,0,1,0,1,1,1,0,1,1,0,0,1,1,0,0,0,1,1,1,0,1,1,0,0,0,1,0,0,1,0,1,1,0,0,0,0,1,0,1,1,0,1,0,0,1,1,1,0,1,0,0
CHEMBL261_219,34,32,-1,-1,-1,2.2,2.6758176320519302,2.541696876860914,4.960956274772949,0.11380211996599918,0.1282998137065159,1.5424081137447767,2.771629228434368,0.16410230681564886,0.09132912525249558,-0.03310155669278637,-1.2019797935355632,6.186274509803922,3.5989206592494467,0.0636939622881449,-1.0147025083902301,0.0169897504456328,0.047993537004054,3.3494666534414765,10.196836437842757,0.7941176470588235,0.40434491426080943,-1.4547859349066157,0.11640211640211495,2.2,2.6758176320519302,2.541696876860914,4.960956274772949,2.0,0.0,0,0,1.8823529411764706,2.1931002214479114,3.1613401779187376,9.190262408778015,0.0,0.0,0,0,0.03312114950927897,0.09067744429044156,4.0744492344590215,17.772482093941093,0.05000000000000001,0.05585793041797098,2.5738057019184066,5.038638406902315,0.04999999999999999,0.04268747318123408,-0.9105520016039436,0.7756730741780511,1.35,0.47696960070847294,0.6289709020331501,-1.6043956043956056,-1.444915794960406,64.0,220.0,0.0,170.0,1560.0,32.0,0.0,0.0,0.0,536.0,712.0,11064.0,0.0,0.0,0.0,0.0,120.0,0.0,0.0,0.0,12.0,0.0,0.0,0.0,0.0,0.0,0.0,0.0,0.0,0.0,24.0,1,1,0,1,1,1,0,0,0,1,1,1,0,0,0,0,1,0,0,0,1,0,0,0,0,0,0,0,0,0,1,6.6,1.0954451150103321,1.5701379981814774,0.7533333333333356,2.16,0.7310266752998826,0.3568109511821733,0.03956757144393652,0.0,0.0,0,0,3.24,0.4270831300812524,1.217561555056201,-0.5175438596491255,0.72,0.448998886412873,-0.9799578870122222,-1.0396825396825407,13.36844,2.5389654598674642,1.635982108544432,0.9264551094287006,0.52,0.5741080037762929,0.556033531793893,-0.6684418889622012,347.31500000000005,37.81,4.913600000000002,0,4,0,0,0,0,0,0,0,0,0,0,0,0,0,0,0,0,0,0,0,0,0,0,0,0,0,1,0,0,0,0,0,0,0,0,0,0,0,0,0,0,0,0,1,0,0,0,0,0,0,0,0,0,0,0,0,0,0,0,0,0,0,0,1,0,0,1,0,0,0,0,0,0,0,0,0,0,0,1,0,0,1,0,1,0,0,0,0,1,0,0,0,0,0,0,0,0,0,0,1,0,1,0,0,0,0,0,1,1,0,0,0,0,1,0,0,0,0,0,0,0,1,1,0,0,0,1,0,0,0,0,0,0,0,1,1,1,0,1,0,0,0,0,1,0,0,1,0,0,0,0,0,1,0,1,0,1,1,0,1,0,0,1,1,1,0,1,0,0
CHEMBL261_220,37,35,-1,-1,-1,2.08,2.8414081016284864,3.099416200359972,8.15470536698521,0.11006193791437349,0.12212041946193769,1.8732816410665574,4.774836267863099,0.18242556840386395,0.09185527556323682,-0.2029954916690351,-1.0268343604238528,7.679794079794078,4.051633697632312,-0.09427892588431994,-0.789504459643017,0.025053625053625052,0.06724523224268762,3.5174958340945652,11.8902636519089,0.8108108108108109,0.3916588309780929,-1.5871507864874157,0.5190476190476199,2.08,2.8414081016284864,3.099416200359972,8.15470536698521,2.0,0.0,0,0,1.8918918918918919,2.436033370647297,3.580765063917579,12.086154450914814,0.0,0.0,0,0,0.012793654898918056,0.03283613413167422,2.2428333873973303,3.1806403765070224,0.04,0.04913123368767329,3.09865223402011,8.173427563041058,0.04,0.026290567175082824,1.7329423370416914,4.047574555388082,1.2,0.4,1.5000000000000004,0.2500000000000009,0.8577525282185603,70.0,282.0,0.0,170.0,2496.0,24.0,0.0,0.0,0.0,672.0,816.0,22320.0,0.0,0.0,0.0,0.0,114.0,0.0,0.0,0.0,12.0,0.0,0.0,0.0,0.0,0.0,0.0,0.0,0.0,0.0,0.0,1,1,0,1,1,1,0,0,0,1,1,1,0,0,0,0,1,0,0,0,1,0,0,0,0,0,0,0,0,0,0,6.130434782608695,0.33678116053977536,2.194690562850873,2.8166666666666744,2.260869565217391,0.5289358721998452,0.1632881833370789,-0.39700511322132925,0.0,0.0,0,0,2.9130434782608696,0.2817713347133853,-2.9317636492797448,6.595238095238091,0.8260869565217391,0.3790346907426672,-1.720618004029214,0.9605263157894748,12.271347826086958,0.6722151964373917,2.1946905628508633,2.816666666666648,0.5652173913043478,0.49572844569527735,-0.26311740579210857,-1.9307692307692303,295.345,52.47,4.780280000000003,0,2,0,0,0,0,0,0,0,0,0,0,0,0,0,0,0,0,0,0,0,0,0,0,0,0,0,0,0,0,0,0,0,0,0,0,0,0,0,0,0,0,0,1,0,0,0,0,0,0,0,0,1,0,0,0,0,0,0,0,0,0,0,0,0,0,0,1,0,0,0,0,0,0,0,0,0,0,1,0,0,0,0,0,0,1,0,0,0,0,0,0,0,0,0,0,0,0,1,0,1,1,0,1,0,0,0,1,0,0,0,0,0,0,0,0,0,0,0,0,0,0,1,1,0,0,0,1,0,0,0,0,0,0,0,0,0,0,0,1,0,0,0,0,1,0,0,1,0,0,0,0,0,1,0,0,0,0,1,0,0,0,0,1,1,1,0,1,0,0
CHEMBL261_221,40,38,-1,-1,-1,2.0714285714285716,3.1614708537615326,3.5896962893127067,11.87803415656486,0.10455904651923786,0.11860609508363329,2.370415245136862,8.516018981462565,0.19318743426819313,0.09775925638297896,-0.29615077462335826,-0.9560077232698831,8.733809523809523,4.591257688861831,-0.17633699489186425,-0.6540399467309039,0.024358974358974356,0.07102234726071374,3.931945475004646,15.473043773907186,0.825,0.3799671038392666,-1.7106744068953987,0.9264069264069255,2.0714285714285716,3.1614708537615326,3.5896962893127067,11.87803415656486,2.0,0.0,0,0,1.9,2.727636339397171,4.118684749606778,16.845804066944154,0.0,0.0,0,0,0.010406698564593303,0.028060630490773977,2.4017572864633623,3.9187378420005645,0.03571428571428571,0.04924247916441689,3.6037699905679457,12.017786069648814,0.03571428571428573,0.21928688581457248,-3.5816913218819817,12.81855593352602,1.1785714285714286,0.3829930462415574,1.6785086548325638,0.8173913043478258,-0.6324233571177666,76.0,366.0,0.0,194.0,4140.0,24.0,0.0,0.0,0.0,840.0,1128.0,48840.0,0.0,0.0,0.0,0.0,132.0,0.0,0.0,0.0,12.0,0.0,0.0,0.0,0.0,0.0,0.0,0.0,0.0,0.0,0.0,1,1,0,1,1,1,0,0,0,1,1,1,0,0,0,0,1,0,0,0,1,0,0,0,0,0,0,0,0,0,0,6.4375,0.7043392293490403,1.2954007625649409,0.20596441192882375,2.1875,0.7261843774138906,-0.3021883302226034,-1.0696296296296297,0.0,0.0,0,0,2.96875,0.3045873232752801,-0.7970231829882565,7.502049861495845,0.65625,0.47495887979908324,-0.657951694959769,-1.567099567099567,12.88375,1.4047520911178604,1.294282538171398,0.2023921792212895,0.5,0.6123724356957945,0.816496580927726,-0.3333333333333335,428.4080000000001,177.74999999999997,2.2463800000000003,0,5,0,0,0,0,0,0,0,0,0,0,0,0,0,0,0,0,0,0,0,0,0,0,0,0,0,1,0,0,0,0,0,0,0,0,0,0,0,0,1,0,0,1,0,1,0,0,0,0,0,0,0,0,0,1,0,0,0,0,0,0,0,0,0,0,0,1,0,0,0,0,0,0,0,0,0,0,0,1,0,0,1,0,0,1,1,0,0,0,0,0,1,1,1,0,0,0,1,1,1,0,0,1,0,0,0,1,1,0,0,0,1,0,0,1,0,0,0,1,0,0,1,1,0,1,0,1,0,1,0,0,0,1,0,1,0,1,1,1,0,1,1,0,1,1,1,1,1,0,0,0,1,1,0,0,1,1,1,1,1,1,0,1,1,1,1,1,0,0
CHEMBL261_222,40,39,-1,-1,-1,2.142857142857143,3.215079267121971,3.281848536376487,9.301001102157645,0.1073739165825331,0.11606395666927445,1.9538022080088353,5.101286343505752,0.19985295873860115,0.10105936469832577,-0.35326236713927356,-0.9776572953510416,8.920000000000002,4.682400856161055,-0.22431002338341274,-0.7469350637196523,0.02273954116059379,0.0663108171264287,3.631643315186311,12.302983734526611,0.825,0.3799671038392666,-1.7106744068953987,0.9264069264069255,2.142857142857143,3.215079267121971,3.281848536376487,9.301001102157645,2.0,0.0,0,0,1.95,2.7744368798010166,3.795368285393612,13.588531557372857,0.0,0.0,0,0,0.016601634972170688,0.041017695348393425,2.2191383911074847,3.248651428727581,0.03571428571428571,0.04852988167543035,3.3039371759742457,9.460558608525332,0.03571428571428572,0.021654791917493827,1.572375432631231,3.1666486502456843,1.2142857142857142,0.410325903324145,1.3926212476455828,-0.06060606060606011,1.7905344788871147,78.0,382.0,0.0,276.0,4116.0,48.0,0.0,0.0,0.0,1280.0,1622.0,44760.0,0.0,0.0,0.0,0.0,282.0,0.0,0.0,0.0,48.0,0.0,0.0,0.0,0.0,0.0,0.0,0.0,0.0,0.0,0.0,1,1,0,1,1,1,0,0,0,1,1,1,0,0,0,0,1,0,0,0,1,0,0,0,0,0,0,0,0,0,0,6.407407407407407,0.7332959212304937,2.0128320218105404,3.772881091211998,2.2222222222222223,0.6849348892187751,-0.31590487272832757,-0.8767313019390581,0.0,0.0,0,0,3.2222222222222223,0.5665577237325317,-0.01508585654909164,-0.3284023668639051,0.5555555555555556,0.4969039949999533,-0.22360679774997907,-1.9500000000000002,12.861037037037038,1.5999676960044813,2.3456168211146777,5.679430673189316,0.7037037037037037,0.8080527492322752,0.587765506918088,-1.2252842313395955,366.4000000000001,103.72999999999999,1.7111799999999995,1,3,0,0,0,0,0,0,0,0,0,0,0,0,0,0,0,0,0,0,0,0,0,0,0,0,0,1,0,0,0,0,0,0,0,0,0,0,0,0,0,0,0,1,1,0,0,0,0,0,0,0,0,0,0,0,0,0,0,0,0,0,0,0,1,0,0,1,0,0,0,0,0,0,0,0,0,1,0,1,0,1,1,0,0,1,1,1,1,1,0,0,1,1,1,0,0,1,1,1,1,0,1,1,0,0,1,1,1,1,0,0,1,1,0,1,0,0,0,1,1,0,1,1,1,0,0,1,0,1,1,1,0,1,0,1,1,1,0,1,1,0,0,0,1,1,1,1,0,1,1,0,1,1,0,1,1,1,1,0,1,0,0,1,1,1,1,1,0,0
CHEMBL261_223,36,34,-1,-1,-1,2.0833333333333335,2.752524094152291,2.8981537436461835,6.888586812693804,0.11265079077159809,0.12283149887675963,1.721475553720529,3.648077763267782,0.18585266070874637,0.09379143298762631,-0.2061785634847253,-1.0104383265577184,7.473148148148149,3.945534430342117,-0.08437016879027325,-0.8195414033351995,0.023342670401493928,0.06330370395845214,3.299296236189033,10.17448336796504,0.8055555555555556,0.39577241246597245,-1.5440972939559128,0.38423645320197064,2.0833333333333335,2.752524094152291,2.8981537436461835,6.888586812693804,2.0,0.0,0,0,1.8888888888888888,2.354402233379677,3.3640982720522192,10.462284413271757,0.0,0.0,0,0,0.011689545022878356,0.03067073638718737,2.471174086388757,4.596822411404058,0.041666666666666664,0.0497154409400876,2.909240647335606,6.943621497658571,0.041666666666666664,0.17867565276313077,-2.525288529916554,5.649549688912208,1.2083333333333333,0.40611643103370687,1.4363696929192162,0.06315789473684275,-0.2965035257354587,68.0,260.0,0.0,186.0,2106.0,24.0,0.0,0.0,0.0,638.0,880.0,17040.0,0.0,0.0,0.0,0.0,112.0,0.0,0.0,0.0,12.0,0.0,0.0,0.0,0.0,0.0,0.0,0.0,0.0,0.0,0.0,1,1,0,1,1,1,0,0,0,1,1,1,0,0,0,0,1,0,0,0,1,0,0,0,0,0,0,0,0,0,0,6.2105263157894735,0.40768245749551757,1.4200938936093876,0.016666666666668828,2.210526315789474,0.5210260492953509,0.21027665213127536,-0.06101624323198873,0.0,0.0,0,0,2.8947368421052633,0.3068922049918579,-2.572478777137634,4.617647058823533,0.8421052631578947,0.36464227527765836,-1.8763883748662837,1.520833333333333,12.43121052631579,0.8137341851610532,1.4200938936093843,0.0166666666666635,0.5263157894736842,0.49930699897395464,-0.10540925533894573,-1.988888888888889,246.27300000000002,61.6,3.2450800000000015,0,2,0,0,0,0,0,0,0,0,0,0,0,0,0,0,0,0,0,0,0,0,0,0,0,0,0,0,0,0,0,0,0,0,0,0,0,0,0,0,1,0,0,1,0,0,0,0,0,0,0,0,0,0,1,0,0,0,0,0,0,0,0,0,0,0,0,1,0,0,0,0,0,0,0,0,0,0,0,1,0,1,0,0,0,0,0,0,0,0,0,0,0,0,0,0,1,0,0,0,1,0,0,1,0,0,0,1,0,0,0,0,0,0,0,0,0,0,0,0,0,0,1,1,0,0,1,1,0,0,0,0,0,0,0,1,0,1,0,1,0,0,0,0,1,0,0,1,0,0,0,0,0,1,0,0,0,0,1,0,1,0,0,1,1,1,0,1,0,0
CHEMBL261_224,36,35,-1,-1,-1,2.16,3.0023990407672327,3.1268995511647524,8.54884349282067,0.11501498764003738,0.12062060518808479,1.958552690358322,5.63654591233087,0.20199968855379727,0.10019569108663225,-0.34772200671386444,-0.8866727246675983,8.126851851851853,4.202735142946296,-0.22583124174967142,-0.6632512434951079,0.02432306255835668,0.06975202384693047,3.492802971119306,11.329331560013962,0.8055555555555556,0.3957724124659724,-1.5440972939559132,0.3842364532019724,2.16,3.0023990407672327,3.1268995511647524,8.54884349282067,2.0,0.0,0,0,1.9444444444444444,2.602823727804995,3.595864976518422,12.398639276467014,0.0,0.0,0,0,0.02732480168621991,0.08552247975451643,4.712625752702984,22.96482773247588,0.04,0.050777643075484595,3.1532858739468663,8.66151905343958,0.04000000000000001,0.02320893070045129,1.7934806561604746,4.4652093830336455,1.28,0.448998886412873,0.9799578870122221,-1.0396825396825407,1.2115535811799942,70.0,310.0,0.0,226.0,2970.0,32.0,0.0,0.0,0.0,780.0,1186.0,29184.0,0.0,0.0,0.0,0.0,150.0,0.0,0.0,0.0,12.0,0.0,0.0,0.0,0.0,0.0,0.0,0.0,0.0,0.0,24.0,1,1,0,1,1,1,0,0,0,1,1,1,0,0,0,0,1,0,0,0,1,0,0,0,0,0,0,0,0,0,1,6.461538461538462,0.9566542618552633,1.9547569061913221,2.308078180737211,2.2051282051282053,0.7225129642874548,0.07714540044991917,-0.3786046482117138,0.0,0.0,0,0,3.3333333333333335,0.5699002761767402,-0.15392043470147496,-0.6772853185595582,0.46153846153846156,0.49851851526214314,0.1543033499620917,-1.9761904761904763,13.034589743589748,2.185330940354153,2.0781369584008713,2.8151543424765633,0.717948717948718,0.749314830574485,0.5121674890057527,-1.0656697508350292,536.5730000000003,59.370000000000005,7.296080000000006,0,6,0,0,0,0,0,0,0,0,0,0,0,0,0,0,0,0,0,0,0,0,0,0,1,0,0,0,0,0,0,0,0,0,0,0,0,0,0,1,0,0,0,1,1,0,0,0,0,0,0,0,0,0,0,0,0,0,0,0,0,0,0,0,1,0,0,0,0,0,0,0,0,0,0,0,0,1,0,1,0,0,1,0,0,0,0,1,1,1,0,0,0,1,0,0,0,0,0,0,1,0,1,0,0,0,0,0,1,1,0,0,1,1,1,0,0,0,0,1,1,0,0,1,1,0,0,1,0,0,1,1,0,0,0,1,1,1,0,1,1,0,0,0,1,0,1,1,0,1,1,0,1,1,0,1,1,1,1,0,1,0,0,1,1,1,1,1,0,0
CHEMBL261_225,41,38,-1,-1,-1,2.0,2.9827087896973667,3.4930009550881733,11.238597440057688,0.09996180359387108,0.11999117352830317,2.6527802222273893,10.40764506739169,0.18815503417737314,0.09186318356954103,-0.39526275656249715,-0.8027215978596978,8.774796747967478,4.486402403987445,-0.2439936514176505,-0.5386770770458957,0.02551594746716698,0.08050539359297658,3.5318259808050843,11.69813783637589,0.8292682926829268,0.3762743565985735,-1.7501500535908439,1.0630252100840334,2.0,2.9827087896973667,3.4930009550881733,11.238597440057688,2.0,0.0,0,0,1.853658536585366,2.5904230336296106,3.966583682257778,15.62873349554851,0.0,0.0,0,0,0.007734306082063754,0.03252129005097104,5.184121492986063,27.069646305266204,0.03448275862068966,0.047003778593468416,3.447355342058196,10.724467485633108,0.03448275862068964,0.024739542319399163,-0.05792100085697554,-1.8573773058025314,1.1379310344827587,0.3448275862068966,2.0999999999999983,2.4099999999999966,0.6612632930756537,76.0,340.0,0.0,142.0,3522.0,8.0,0.0,0.0,0.0,370.0,838.0,37920.0,0.0,0.0,0.0,0.0,30.0,0.0,0.0,0.0,0.0,0.0,0.0,0.0,0.0,0.0,0.0,0.0,0.0,0.0,0.0,1,1,0,1,1,1,0,0,0,1,1,1,0,0,0,0,1,0,0,0,0,0,0,0,0,0,0,0,0,0,0,6.897435897435898,2.216429003587109,3.5205702195998887,11.612513125375399,2.2051282051282053,0.7225129642874548,0.0771454004499192,-0.37860464821171336,0.0,0.0,0,0,3.0,0.32025630761017426,0.0,6.75,0.717948717948718,0.44999817371241657,-0.968664899906922,-1.0616883116883131,13.806794871794873,4.444012596508072,3.52593301624648,11.641813414961321,0.4358974358974359,0.5451356827043409,0.7303074175128415,-0.580194220377475,555.6010000000003,173.71999999999997,3.393180000000002,0,7,0,0,0,0,0,0,0,0,0,0,0,0,0,0,0,0,0,0,0,0,0,0,0,0,0,0,0,0,0,0,0,0,1,1,0,0,1,0,0,0,0,1,0,0,0,0,0,1,0,0,0,1,1,0,0,1,0,0,1,1,1,1,1,0,1,1,0,1,0,1,0,0,0,1,0,1,0,1,0,1,1,1,0,1,1,0,0,0,1,0,0,0,1,0,1,1,1,1,0,0,0,0,1,0,0,0,1,0,0,0,1,0,1,0,0,0,0,1,0,0,1,1,1,0,1,1,0,0,0,0,1,1,0,1,0,1,1,1,0,0,1,0,1,0,1,1,1,0,1,0,1,1,1,0,1,0,1,0,1,1,0,1,1,1,1,1,0,1
CHEMBL261_226,38,39,-1,-1,-1,2.3076923076923075,3.348584439950603,3.2657199074921066,9.512689552425844,0.11073059026032384,0.11855178553815418,1.9456690742695881,5.428769493503895,0.20585766430583283,0.10673165859964687,-0.3116092563921994,-1.0911114129307367,8.650877192982458,4.624507160984233,-0.19520135828494298,-0.8034359817649617,0.02066540224434961,0.062205504238392564,3.927047785845779,14.61796614397944,0.8157894736842105,0.3876557858593746,-1.6292261599251139,0.6543778801843323,2.3076923076923075,3.348584439950603,3.2657199074921066,9.512689552425844,2.0,0.0,0,0,2.0526315789473686,2.8649181895277542,3.8349692604003995,14.32740553449797,0.0,0.0,0,0,0.045227430277822216,0.09929070543124895,2.8504680697498888,9.166174973850685,0.038461538461538464,0.050943691641372454,3.3095886008278557,9.787713919803087,0.038461538461538464,0.18513155533388279,3.3373997554568566,10.008296413595984,1.3461538461538463,0.47574295680203776,0.646761666763554,-1.5816993464052294,-0.31000988550746095,78.0,394.0,0.0,356.0,4416.0,88.0,0.0,0.0,0.0,1576.0,2152.0,51720.0,0.0,0.0,0.0,0.0,498.0,0.0,0.0,0.0,120.0,0.0,0.0,0.0,0.0,0.0,0.0,0.0,0.0,0.0,48.0,1,1,0,1,1,1,0,0,0,1,1,1,0,0,0,0,1,0,0,0,1,0,0,0,0,0,0,0,0,0,1,6.933333333333334,2.606828639468953,3.2906146282307684,9.303350398936454,2.2,0.7483314773547883,-0.3436215967445462,-1.153061224489796,0.0,0.0,0,0,2.9,0.3958114029012639,-0.8385682958704902,2.555907650520597,0.7,0.45825756949558394,-0.8728715609439692,-1.2380952380952375,13.926533333333339,5.4083783320161904,3.3289489660438787,9.596892399609581,0.4,0.6110100926607787,1.2625463649368132,0.5051020408163276,429.89200000000017,129.58,4.755460000000002,0,3,0,0,0,0,0,0,0,0,0,0,0,0,0,0,0,0,0,0,0,0,0,0,0,0,0,0,0,0,0,0,0,0,0,0,0,0,1,0,1,0,0,1,0,0,0,0,0,1,0,0,0,0,0,0,0,0,0,0,0,0,0,0,1,0,0,1,0,0,0,0,0,0,0,0,0,0,0,1,0,0,1,1,0,1,1,0,0,1,1,0,0,0,0,0,0,0,1,1,1,0,0,1,0,1,0,1,0,1,0,0,0,0,0,0,0,0,0,0,0,0,1,1,0,0,0,1,0,0,0,0,0,1,0,1,1,1,0,1,0,0,0,0,1,0,1,1,0,0,0,0,1,1,1,0,1,0,1,0,1,0,0,1,1,1,1,1,0,0
CHEMBL261_227,37,35,-1,-1,-1,2.08,2.8272955275315668,2.945142929156444,7.040957185283851,0.11197436104216903,0.12036930462632496,1.7006724165921596,3.3818826512573734,0.1879128881687926,0.09454263123024427,-0.24773664785050317,-0.9928284412481192,7.777477477477477,4.090983303269628,-0.12392454058269185,-0.8081056633047505,0.02350922350922351,0.06484360287674075,3.306083610062864,10.044190284583298,0.8108108108108109,0.3916588309780929,-1.5871507864874157,0.5190476190476199,2.08,2.8272955275315668,2.945142929156444,7.040957185283851,2.0,0.0,0,0,1.8918918918918919,2.4249133033684274,3.4129434570371973,10.626835353574323,0.0,0.0,0,0,0.010727533842754327,0.028509279307477466,2.5103313227774424,4.829755414391404,0.04,0.049147512235559104,2.9538565605141143,7.077538800833787,0.04,0.3710125402095161,2.9414758786413877,7.124624653151251,1.2,0.4,1.5,0.24999999999999956,0.9547080521975424,70.0,280.0,0.0,194.0,2376.0,24.0,0.0,0.0,0.0,706.0,954.0,19920.0,0.0,0.0,0.0,0.0,118.0,0.0,0.0,0.0,12.0,0.0,0.0,0.0,0.0,0.0,0.0,0.0,0.0,0.0,0.0,1,1,0,1,1,1,0,0,0,1,1,1,0,0,0,0,1,0,0,0,1,0,0,0,0,0,0,0,0,0,0,6.32,0.5455272678794343,1.4877586346521146,1.262400277488723,2.24,0.5851495535331118,-0.10157959102516136,-0.4591230675168143,0.0,0.0,0,0,3.16,0.5425863986500215,0.09134990761770721,0.05505671077504726,0.6,0.4898979485566356,-0.40824829046386296,-1.833333333333333,12.649560000000001,1.088379863099277,1.4860391025348767,1.253828453799252,0.72,0.7756287771866126,0.5299749595138271,-1.1547645993662283,334.383,78.36,0.8255799999999998,0,3,0,0,0,0,0,0,0,0,0,0,0,0,0,0,0,0,0,0,0,0,0,0,0,0,0,0,0,0,0,0,0,0,0,0,0,0,0,0,1,0,0,1,0,0,0,0,0,0,0,0,0,0,1,0,0,0,0,0,0,0,0,0,1,0,0,1,0,0,0,0,0,0,0,0,0,1,0,1,0,1,1,0,1,1,0,1,1,0,0,0,0,1,1,0,1,1,1,1,1,0,1,1,0,0,1,1,0,0,0,0,1,1,0,1,0,0,0,1,1,0,1,1,1,0,1,1,0,1,1,1,0,0,0,1,0,1,0,1,1,0,0,0,1,1,1,1,0,1,1,0,1,1,0,1,1,1,1,0,1,0,0,1,1,1,1,1,0,0
CHEMBL261_228,33,31,-1,-1,-1,2.0952380952380953,2.5053231310411253,2.4538447844795135,4.5087269036720174,0.12065068653213491,0.1254848283353602,1.4742873357680841,2.389104122549919,0.18078003878880242,0.09015305517413764,-0.1454794048792317,-0.9855008706330324,6.626262626262626,3.473330401671513,-0.025934832825109635,-0.8567460567406378,0.02187194525904203,0.06048253386096054,2.906901931334204,7.088700397484985,0.7878787878787878,0.40881022918884974,-1.4083737016560922,-0.016483516483517313,2.0952380952380953,2.5053231310411253,2.4538447844795135,4.5087269036720174,2.0,0.0,0,0,1.878787878787879,2.128558706525569,2.89213754815636,7.4087650542080485,0.0,0.0,0,0,0.01891441440391178,0.06036262312741902,4.381066451058434,19.490142775371133,0.047619047619047616,0.05229615683093724,2.4957663645536163,4.6435564045235,0.04761904761904763,0.290096032515347,2.3990763389397824,4.516770109163682,1.2857142857142858,0.45175395145262565,0.948683298050513,-1.1000000000000008,0.02821263216169874,62.0,204.0,0.0,162.0,1308.0,16.0,0.0,0.0,0.0,350.0,692.0,8208.0,0.0,0.0,0.0,0.0,54.0,0.0,0.0,0.0,0.0,0.0,0.0,0.0,0.0,0.0,0.0,0.0,0.0,0.0,12.0,1,1,0,1,1,1,0,0,0,1,1,1,0,0,0,0,1,0,0,0,0,0,0,0,0,0,0,0,0,0,1,6.954545454545454,2.0992914979555435,3.597514294627165,12.701442670037459,2.0,0.7977240352174656,0.537242717595436,-0.08163265306122414,0.0,0.0,0,0,3.3181818181818183,0.46577048936179993,0.7807200583588253,-1.3904761904761913,0.2727272727272727,0.4453617714151233,1.0206207261596578,-0.958333333333333,13.920090909090913,4.208723785285327,3.604913979173586,12.743499323010246,0.9545454545454546,0.824470779418957,0.08445720200476146,-1.5240250921554677,327.4100000000001,151.16,-0.7440299999999984,0,8,0,0,0,0,0,0,0,0,0,0,0,0,0,0,0,0,0,0,0,0,0,0,0,0,0,1,0,0,0,0,0,0,1,1,0,0,0,0,0,0,0,0,0,1,0,0,0,0,0,0,0,1,0,0,0,1,0,0,1,1,1,1,0,0,1,0,0,1,0,1,0,0,0,1,0,0,0,1,1,0,0,1,1,0,1,0,0,0,1,0,1,1,1,0,1,0,0,0,0,0,1,0,1,0,1,0,1,0,0,0,1,1,1,0,0,0,0,1,1,1,0,0,0,0,1,0,0,0,1,1,1,1,1,0,0,0,1,0,1,0,0,0,1,0,0,0,1,1,1,0,0,1,0,1,1,1,1,0,1,1,0,1,1,1,1,1,0,1
CHEMBL261_229,34,31,-1,-1,-1,2.0,2.4308621740219887,2.6581262115932747,5.4797633136094674,0.116503957030757,0.1258514707981511,1.5802348679084344,2.7899332359973075,0.1722089887133547,0.08470109236885882,-0.1273860367022772,-0.9833896657014751,6.640196078431374,3.4614735746439664,-0.0037856075161657597,-0.8125747437148916,0.025122549019607844,0.06480273672523396,2.9791394026435296,8.153682324388939,0.7941176470588235,0.40434491426080943,-1.454785934906616,0.11640211640211628,2.0,2.4308621740219887,2.6581262115932747,5.4797633136094674,2.0,0.0,0,0,1.8235294117647058,2.0788937702437993,3.0640116000175386,8.39626641264973,0.0,0.0,0,0,0.0048486094042360026,0.014071145796750407,2.910339473819137,7.523524793942526,0.045454545454545456,0.04989189155099729,2.6550968804367536,5.454583178760275,0.04545454545454544,0.023112793965610064,0.6956768783296315,0.30831547021511474,1.1818181818181819,0.38569460791993493,1.6499158227686117,0.7222222222222232,-0.6320317962978877,62.0,198.0,0.0,122.0,1290.0,8.0,0.0,0.0,0.0,312.0,490.0,8184.0,0.0,0.0,0.0,0.0,32.0,0.0,0.0,0.0,0.0,0.0,0.0,0.0,0.0,0.0,0.0,0.0,0.0,0.0,0.0,1,1,0,1,1,1,0,0,0,1,1,1,0,0,0,0,1,0,0,0,0,0,0,0,0,0,0,0,0,0,0,7.0,2.138089935299395,3.50780380010057,11.984375000000002,2.0,0.816496580927726,0.5248906591678238,-0.21428571428571397,0.0,0.0,0,0,3.2857142857142856,0.45175395145262565,0.9486832980505149,-1.0999999999999988,0.2857142857142857,0.45175395145262565,0.9486832980505142,-1.1,14.011000000000003,4.286610649119284,3.5150092554023193,12.024001386781402,0.9047619047619048,0.8109231602822096,0.1753561069309426,-1.4589060642092744,313.38300000000004,151.16,-0.7865299999999986,0,7,0,0,0,0,0,0,0,0,0,0,0,0,0,0,0,0,0,0,0,0,0,0,0,0,0,1,0,0,0,0,0,0,1,1,0,0,0,0,0,0,0,0,0,1,0,0,0,0,0,0,0,1,0,0,0,1,0,0,1,1,1,1,0,0,1,0,0,1,0,1,0,0,0,1,0,0,0,1,1,0,0,1,1,0,1,0,0,0,1,0,1,1,1,0,1,0,0,0,0,0,1,0,1,0,1,0,1,0,0,0,1,1,1,0,0,0,0,1,1,1,0,0,0,0,1,0,0,0,1,1,1,1,1,0,0,0,1,0,1,0,0,0,1,0,0,0,1,1,1,0,0,1,0,1,1,1,1,0,1,1,0,1,1,1,1,1,0,1
CHEMBL261_230,38,33,-1,-1,-1,1.9166666666666667,2.6127359010984805,2.950502714163021,6.916185530415852,0.10921343354793715,0.11995088747631061,1.7362018949840792,4.0298504911035264,0.15552992223198225,0.08166926753096843,-0.2098421902992764,-1.0934866998415103,6.791228070175438,3.8053665876118496,-0.044689719791267096,-0.865089542356491,0.02240398293029872,0.06705845953877845,3.0887255223551087,8.006129327399256,0.8157894736842105,0.3876557858593746,-1.6292261599251139,0.6543778801843323,1.9166666666666667,2.6127359010984805,2.950502714163021,6.916185530415852,2.0,0.0,0,0,1.736842105263158,2.18468606110708,3.4875386507767043,11.032389281743125,0.0,0.0,0,0,0.0,0.0,0,0,0.041666666666666664,0.05171686122267569,2.95395566310798,6.958129522268004,0.041666666666666664,0.3705988110341076,3.168334637318749,8.665779820359855,1.0,0.0,0,0,-0.32439245870773153,66.0,230.0,0.0,58.0,1770.0,0.0,0.0,0.0,0.0,200.0,234.0,13080.0,0.0,0.0,0.0,0.0,0.0,0.0,0.0,0.0,0.0,0.0,0.0,0.0,0.0,0.0,0.0,0.0,0.0,0.0,0.0,1,1,0,1,1,0,0,0,0,1,1,1,0,0,0,0,0,0,0,0,0,0,0,0,0,0,0,0,0,0,0,6.838709677419355,1.7977902958829384,4.2392915481347275,18.795325210246748,2.0,0.7184212081070996,0.0,-1.0624999999999998,0.0,0.0,0,0,3.3225806451612905,0.46746376600611084,0.759072115276589,-1.4238095238095234,0.16129032258064516,0.3677985242255284,1.841821840544761,1.3923076923076936,13.687774193548389,3.603927093796231,4.2490218988717565,18.861504466056314,0.967741935483871,0.8224225021923847,0.05973999193440049,-1.5191242603550295,454.5610000000002,237.98000000000002,-2.2193599999999956,2,14,0,0,0,0,0,0,0,0,0,0,0,0,0,0,0,0,0,0,0,0,0,0,0,0,0,1,0,0,0,0,0,0,0,0,0,0,1,0,0,0,0,0,0,1,0,0,0,1,0,0,0,0,0,0,1,0,0,0,0,0,0,0,0,0,0,1,0,0,0,0,0,0,0,0,0,0,0,1,1,1,1,1,1,1,1,0,0,0,1,0,1,1,1,0,0,1,1,0,0,0,1,0,0,0,1,0,1,0,0,0,1,1,0,0,0,0,0,1,1,1,1,1,0,0,0,0,0,0,1,0,0,1,1,0,0,0,1,1,1,0,0,0,1,0,0,0,1,1,0,0,0,1,1,1,1,1,1,0,1,1,0,1,1,0,1,1,0,0
CHEMBL261_231,36,33,-1,-1,-1,2.0,2.614064523559687,2.8550996224007053,6.526472337894111,0.1143106012487376,0.12128835154263529,1.6793140267417523,3.3792921089785866,0.18073116983658233,0.08951474406076163,-0.21695848854141836,-0.9326294262982886,7.303703703703704,3.8064944322599223,-0.0870447204489266,-0.7776009548390515,0.024369747899159664,0.06715332108909933,3.0684756880832245,8.355716733026007,0.8055555555555556,0.3957724124659724,-1.544097293955913,0.3842364532019724,2.0,2.614064523559687,2.8550996224007053,6.526472337894111,2.0,0.0,0,0,1.8333333333333333,2.2422706745122856,3.2836353554653797,9.77351118708219,0.0,0.0,0,0,0.004036087369420702,0.012126868745605066,3.046776426742599,8.423273743143149,0.041666666666666664,0.049320386585692724,2.863318019560769,6.5567105968012935,0.041666666666666664,0.019505101240448557,0.45993813691049,1.514250614153286,1.1666666666666667,0.3726779962499649,1.7888543819998315,1.1999999999999993,0.2746177162842839,66.0,236.0,0.0,138.0,1776.0,8.0,0.0,0.0,0.0,404.0,616.0,13080.0,0.0,0.0,0.0,0.0,36.0,0.0,0.0,0.0,0.0,0.0,0.0,0.0,0.0,0.0,0.0,0.0,0.0,0.0,0.0,1,1,0,1,1,1,0,0,0,1,1,1,0,0,0,0,1,0,0,0,0,0,0,0,0,0,0,0,0,0,0,6.956521739130435,2.0742365985872286,3.565779869939374,12.748838649497625,2.0869565217391304,0.8295123490582136,0.2937501465539443,-0.6180111097693506,0.0,0.0,0,0,3.0869565217391304,0.2817713347133853,2.9317636492797448,6.595238095238091,0.5217391304347826,0.4995271866554807,-0.0870388279778489,-1.992424242424242,13.923695652173919,4.15803292157934,3.574457824284855,12.799127707265013,0.6086956521739131,0.6419488287058002,0.5760033236611543,-0.6347529669219796,334.357,148.35999999999999,0.8585699999999995,0,4,0,0,0,0,0,0,0,0,0,0,0,0,0,0,0,0,0,0,0,0,0,0,0,0,0,1,0,0,0,0,0,0,1,1,0,0,0,0,0,0,0,0,0,1,0,0,0,0,0,0,0,1,0,0,0,1,0,0,1,1,1,1,0,0,1,0,0,1,0,1,0,0,0,1,0,0,0,1,1,0,0,1,0,0,1,0,0,0,1,0,0,0,0,0,1,0,0,0,0,0,0,0,1,0,0,0,1,0,0,0,0,0,1,1,0,0,0,1,0,1,0,0,0,1,1,1,1,1,0,0,1,1,0,1,0,1,1,0,0,0,1,0,1,1,0,1,1,0,1,0,0,1,1,0,1,0,1,1,1,1,0,1,1,1,1,1,0,0
CHEMBL261_232,35,33,-1,-1,-1,2.0869565217391304,2.668871174473531,2.706231698588117,5.789863855193586,0.11513901243791881,0.12375151064229213,1.5826957868760856,2.665733611118574,0.18571478561513738,0.09365495875517314,-0.20140318159665319,-1.0428940679262177,7.211428571428572,3.8122979185133383,-0.06230516876501536,-0.8560277558889524,0.022561751973516675,0.06033236008724502,3.049259377935645,8.313762574320302,0.8,0.4,-1.5,0.24999999999999956,2.0869565217391304,2.668871174473531,2.706231698588117,5.789863855193586,2.0,0.0,0,0,1.8857142857142857,2.277485186671958,3.159415228457201,9.052153506538824,0.0,0.0,0,0,0.010316930056830495,0.02680524962292835,2.600917195343619,5.997830535893707,0.043478260869565216,0.05042131056689031,2.725658699448218,5.876403852339708,0.04347826086956521,0.4205333993707602,2.6759056807150126,5.731406582539838,1.2173913043478262,0.4124709991523974,1.3703203194062967,-0.12222222222222534,-0.7993522175464925,66.0,240.0,0.0,194.0,1782.0,24.0,0.0,0.0,0.0,586.0,888.0,13080.0,0.0,0.0,0.0,0.0,110.0,0.0,0.0,0.0,12.0,0.0,0.0,0.0,0.0,0.0,0.0,0.0,0.0,0.0,0.0,1,1,0,1,1,1,0,0,0,1,1,1,0,0,0,0,1,0,0,0,1,0,0,0,0,0,0,0,0,0,0,7.416666666666667,2.706730294818619,2.581185090110717,5.467990386559146,2.0833333333333335,0.9090593428863094,0.5007176664439806,-0.5495374620436397,0.0,0.0,0,0,3.125,0.33071891388307384,2.267786838055363,3.1428571428571432,0.5,0.5,0.0,-2.0,14.845833333333331,5.427830810328889,2.585721567047396,5.485125823005728,0.5833333333333334,0.6400954789890507,0.6399115963464221,-0.5808675667911527,370.4120000000001,161.45,0.6254000000000003,0,5,0,0,0,0,0,0,0,0,0,0,0,0,0,0,0,0,0,0,0,0,0,0,0,0,0,0,0,0,0,0,0,0,1,1,0,0,0,1,0,0,0,0,0,1,0,0,0,0,0,0,0,1,0,0,0,1,0,0,1,1,1,1,0,0,1,0,0,1,0,1,0,0,0,1,0,0,0,1,0,0,0,1,0,0,1,0,0,0,1,0,0,0,0,0,1,0,0,0,0,0,0,0,1,0,0,0,1,0,0,0,1,0,1,0,0,0,0,1,0,0,0,0,0,0,1,1,0,0,0,0,1,1,0,1,0,1,1,0,0,0,1,0,1,0,0,1,1,0,1,0,0,1,0,0,1,0,1,0,1,1,0,1,1,1,1,1,0,1
CHEMBL261_233,38,36,-1,-1,-1,2.1666666666666665,3.023059524536176,2.9171249454343036,6.9248251586737,0.10958918506277596,0.11960769202254871,1.7631409481930704,4.0762811415708695,0.1753187892709438,0.09735794349030098,-0.17726461370207558,-1.1662998822715172,7.412280701754386,4.27486480106744,-0.07878404355078285,-0.9726534380782108,0.01813655761024182,0.05555232905035456,3.5864463717565296,11.822949697866513,0.8157894736842105,0.3876557858593746,-1.6292261599251139,0.6543778801843323,2.1666666666666665,3.023059524536176,2.9171249454343036,6.9248251586737,2.0,0.0,0,0,1.894736842105263,2.510917987763487,3.5502524541102543,11.6942528593623,0.0,0.0,0,0,0.026463432307985545,0.08380368969268011,4.780824005343726,23.881060913696924,0.041666666666666664,0.05346070772953085,2.9419703584029993,6.988635873416783,0.041666666666666664,0.015492684986759644,0.8978294366274157,0.9288488069027854,1.2916666666666667,0.45452967144315476,0.9166984970282107,-1.1596638655462195,-1.191785253179803,72.0,304.0,0.0,206.0,2772.0,32.0,0.0,0.0,0.0,788.0,1066.0,25200.0,0.0,0.0,0.0,0.0,148.0,0.0,0.0,0.0,12.0,0.0,0.0,0.0,0.0,0.0,0.0,0.0,0.0,0.0,24.0,1,1,0,1,1,1,0,0,0,1,1,1,0,0,0,0,1,0,0,0,1,0,0,0,0,0,0,0,0,0,1,6.575757575757576,0.9544251968499164,1.5607445042936705,1.1798500910509855,2.1818181818181817,0.7569694543513209,-0.3152523028037647,-1.2007211538461537,0.0,0.0,0,0,3.303030303030303,0.459568208730397,0.8571946154145218,-1.2652173913043492,0.5151515151515151,0.4997703788627467,-0.06063390625908318,-1.9963235294117647,13.250787878787879,2.1422407520755176,1.7621213997787446,1.9511344495543437,0.6363636363636364,0.8097205585386296,0.7528840190860916,-1.0654967869500733,458.4440000000002,120.13000000000001,1.7635999999999994,1,6,0,0,0,0,0,0,0,0,0,0,0,0,0,0,0,0,0,0,0,0,0,0,0,0,0,0,0,0,0,0,0,0,0,0,0,0,0,0,0,0,0,0,1,0,0,0,0,0,0,0,0,0,1,0,0,0,0,0,0,0,0,0,1,0,0,1,0,0,0,0,1,0,0,0,0,1,0,1,0,1,1,0,0,1,1,1,1,1,0,0,0,0,1,0,1,0,1,1,1,0,1,1,0,0,1,1,0,1,0,0,1,1,0,0,0,0,0,1,1,0,1,1,1,0,1,1,0,0,1,1,1,1,1,0,1,0,1,1,1,0,0,0,1,0,1,1,0,1,1,0,1,1,0,1,1,1,1,0,1,1,0,1,1,1,1,1,0,0
CHEMBL261_234,34,31,-1,-1,-1,2.0,2.467976720090587,2.81214099426673,6.6473602138560945,0.11412001813744166,0.12801713231514106,1.8438625163478244,4.656577122012769,0.17675186317383657,0.08794876901577824,-0.11934364510531986,-0.9439725594593087,6.719607843137255,3.520482713921978,0.002704932121847721,-0.7695482176439086,0.02389705882352941,0.06360435010674274,3.082778248872917,8.844614447983929,0.7941176470588235,0.40434491426080943,-1.454785934906616,0.11640211640211628,2.0,2.467976720090587,2.81214099426673,6.6473602138560945,2.0,0.0,0,0,1.8235294117647058,2.1069993751261546,3.232673969553654,9.92574277575514,0.0,0.0,0,0,0.004903307476836889,0.01441261324970987,2.9612185958724466,7.6723676641694,0.04545454545454544,0.05068918559346992,2.8211244244130396,6.6826047777891535,0.045454545454544706,46.89265044907259,-2.866647048563194,7.654408321612927,1.1818181818181819,0.38569460791993493,1.6499158227686117,0.7222222222222232,-0.5726939917554873,62.0,202.0,0.0,126.0,1392.0,8.0,0.0,0.0,0.0,320.0,522.0,9720.0,0.0,0.0,0.0,0.0,32.0,0.0,0.0,0.0,0.0,0.0,0.0,0.0,0.0,0.0,0.0,0.0,0.0,0.0,0.0,1,1,0,1,1,1,0,0,0,1,1,1,0,0,0,0,1,0,0,0,0,0,0,0,0,0,0,0,0,0,0,6.366666666666666,0.706320670013903,1.6135983838453347,0.9330013243981963,2.1333333333333333,0.6699917080747259,-0.16157039524201788,-0.7946279776492489,0.0,0.0,0,0,3.3,0.45825756949558405,0.8728715609439702,-1.2380952380952377,0.4,0.4898979485566357,0.4082482904638626,-1.8333333333333344,12.742333333333336,1.4085828654675911,1.6128987297397799,0.930491598014203,0.9,0.7461009761866466,0.16372541052968104,-1.1916526228979185,409.48600000000016,112.73,1.9521,2,8,0,0,0,0,0,0,0,0,0,0,0,0,0,0,0,0,0,0,0,0,0,0,0,0,0,0,0,0,0,0,0,0,0,0,0,0,0,0,0,0,0,0,0,0,0,0,0,0,0,0,0,0,0,0,0,0,0,0,0,0,0,0,0,0,0,0,0,0,0,0,0,0,0,0,0,1,0,0,0,1,1,0,1,1,1,1,0,0,0,0,1,1,1,0,0,1,1,1,0,0,1,0,0,0,1,0,0,0,0,0,1,1,0,0,0,0,0,1,1,0,0,1,1,1,0,1,0,0,1,1,0,1,1,0,0,0,1,1,1,1,1,0,1,0,1,1,1,1,1,0,1,1,0,1,1,1,1,1,1,1,0,1,1,1,1,1,0,0
CHEMBL261_235,38,36,-1,-1,-1,2.1666666666666665,3.0092450142112983,2.8672717135483503,6.517736836162445,0.11029318551844573,0.11895882775934677,1.655599604112908,3.21531459745707,0.1748135185099689,0.09688745514104212,-0.18073044012762207,-1.1680454443455037,7.3991228070175445,4.261429329730444,-0.08325380346254702,-0.9839184043514768,0.01821558400505769,0.05557563951803671,3.5411103256264505,11.392251246092679,0.8157894736842105,0.3876557858593746,-1.6292261599251139,0.6543778801843323,2.1666666666666665,3.0092450142112983,2.8672717135483503,6.517736836162445,2.0,0.0,0,0,1.894736842105263,2.50041547794099,3.4931116147475514,11.116366175511846,0.0,0.0,0,0,0.026638911500681386,0.08392844601307003,4.756474498394103,23.684886083177826,0.04166666666666666,0.05326887680655076,2.902630061573458,6.6628314483919,0.04166666666666665,0.3799572409388045,-2.6829747380594196,5.75610623913771,1.2916666666666667,0.45452967144315476,0.9166984970282107,-1.1596638655462195,0.5461193053371479,72.0,302.0,0.0,204.0,2706.0,32.0,0.0,0.0,0.0,792.0,1036.0,23880.0,0.0,0.0,0.0,0.0,146.0,0.0,0.0,0.0,12.0,0.0,0.0,0.0,0.0,0.0,0.0,0.0,0.0,0.0,24.0,1,1,0,1,1,1,0,0,0,1,1,1,0,0,0,0,1,0,0,0,1,0,0,0,0,0,0,0,0,0,1,7.44,3.430218651922935,2.299804790456768,3.400127208442929,2.24,0.6499230723708769,-0.2839496894182343,-0.7271005509641881,0.0,0.0,0,0,3.28,0.44899888641287294,0.9799578870122242,-1.0396825396825382,0.68,0.46647615158762407,-0.7717436331412901,-1.4044117647058822,15.007959999999999,7.190798834510671,2.320255565097371,3.5167369619506044,0.64,0.6858571279792899,0.603445723805185,-0.7504512008885191,391.3270000000001,55.04,4.443000000000002,2,3,0,0,0,0,0,0,0,0,0,0,0,0,0,0,0,0,0,0,0,0,0,0,0,0,0,0,0,0,0,0,0,0,0,0,0,0,1,0,1,0,0,0,0,0,0,0,0,0,0,0,0,0,0,0,0,0,0,0,0,0,0,0,1,0,0,1,0,0,0,0,0,0,0,0,0,1,0,1,0,1,1,0,0,1,1,1,1,1,1,0,1,1,0,0,0,0,1,0,1,0,1,0,0,1,1,0,0,1,0,0,0,1,0,0,0,0,0,0,0,0,1,1,1,0,0,1,0,0,0,1,0,0,0,1,1,1,0,1,1,0,0,0,1,0,1,1,0,0,1,0,1,1,0,1,0,0,1,0,1,0,0,1,1,1,0,1,0,0
CHEMBL261_236,41,40,-1,-1,-1,2.2222222222222223,3.3701668640229117,3.1980669677601528,8.538785444234408,0.10607410493561754,0.11462341891841574,1.9221136542820898,4.925366301567801,0.18450160919685196,0.10262113559737203,-0.24501144979931533,-1.1503786044084676,8.453658536585367,4.839604163351429,-0.17130159154657476,-0.9388337175489561,0.018542839274546592,0.05935944884435579,3.9752497236834694,14.723269028675364,0.8292682926829268,0.37627435659857345,-1.7501500535908443,1.0630252100840352,2.2222222222222223,3.3701668640229117,3.1980669677601528,8.538785444234408,2.0,0.0,0,0,1.951219512195122,2.828006446953316,3.854147659981892,13.780057772791693,0.0,0.0,0,0,0.04630152456239413,0.15765295008693866,5.400779347646576,29.680039892181732,0.037037037037037035,0.05150024101670681,3.2040774467006266,8.505848360354058,0.037037037037037035,0.05412010249742042,3.29686231820316,9.412828444563669,1.3333333333333333,0.4714045207910316,0.7071067811865478,-1.4999999999999987,0.6464527295908596,80.0,404.0,0.0,268.0,4506.0,56.0,0.0,0.0,0.0,1388.0,1620.0,50040.0,0.0,0.0,0.0,0.0,314.0,0.0,0.0,0.0,48.0,0.0,0.0,0.0,0.0,0.0,0.0,0.0,0.0,0.0,0.0,1,1,0,1,1,1,0,0,0,1,1,1,0,0,0,0,1,0,0,0,1,0,0,0,0,0,0,0,0,0,0,6.2,0.4760952285695233,2.372239201176863,4.899653979238753,2.2,0.5416025603090642,0.10071121989218039,-0.11157024793388937,0.0,0.0,0,0,3.3333333333333335,0.4714045207910318,0.707106781186546,-1.5000000000000022,0.5666666666666667,0.4955356249106168,-0.26906911759852487,-1.9276018099547505,12.41006666666667,0.949782113024994,2.370418910949608,4.887420534826575,1.0,0.6831300510639732,0.0,-0.8571428571428572,402.54200000000014,83.80000000000001,4.241800000000003,1,7,0,0,0,0,0,0,0,0,0,0,0,0,0,0,0,0,0,0,0,0,0,0,0,0,0,0,0,0,0,0,0,0,0,0,0,0,0,0,1,0,0,0,0,0,0,0,0,0,0,0,0,0,0,0,1,0,0,0,0,0,0,0,1,0,0,1,0,0,0,0,0,0,0,0,0,0,0,1,0,1,0,0,1,1,1,0,0,0,0,0,1,1,1,0,0,0,1,0,0,0,1,0,0,0,1,0,0,0,0,0,1,1,0,0,0,0,0,1,1,0,1,1,0,0,0,1,0,0,1,1,0,1,0,0,0,0,0,1,0,0,0,0,1,0,0,1,0,1,0,0,0,1,0,1,1,1,1,0,1,0,0,1,1,1,1,1,0,0
CHEMBL261_237,34,29,-1,-1,-1,1.9,2.364318083507378,3.0702442450120926,8.440557985925544,0.1028892352252602,0.13720630444933435,2.2699171046667668,7.015638656299352,0.14923510741664306,0.08005373390802344,0.042393401124163795,-0.9688248158503381,5.732352941176471,3.260127361220761,0.16515145809580303,-0.6923483334514193,0.020554812834224598,0.05780327770926906,3.2429817359150053,10.133584844850974,0.7941176470588235,0.40434491426080943,-1.4547859349066157,0.11640211640211628,1.9,2.364318083507378,3.0702442450120926,8.440557985925544,2.0,0.0,0,0,1.7058823529411764,1.9482935484328465,3.6140801691953124,13.178947473386025,0.0,0.0,0,0,0.0,0.0,0,0,0.05000000000000001,0.056143912622930135,3.0152409894177823,8.066039810789967,0.05,0.04053485563926627,-0.32675852386713766,-1.613347240811116,1.0,0.0,0,0,-0.8967330938586443,58.0,170.0,0.0,52.0,1170.0,0.0,0.0,0.0,0.0,122.0,200.0,8400.0,0.0,0.0,0.0,0.0,0.0,0.0,0.0,0.0,0.0,0.0,0.0,0.0,0.0,0.0,0.0,0.0,0.0,0.0,0.0,1,1,0,1,1,0,0,0,0,1,1,1,0,0,0,0,0,0,0,0,0,0,0,0,0,0,0,0,0,0,0,6.7,0.7810249675906654,0.5793144075652336,-1.1357162053211507,1.8,0.7483314773547883,0.34362159674454545,-1.1530612244897966,0.0,0.0,0,0,3.7,0.45825756949558405,-0.8728715609439706,-1.238095238095237,0.0,0.0,0,0,13.407399999999999,1.5575945043559962,0.5780724068750683,-1.1376244330812046,1.3,0.7810249675906655,-0.5793144075652343,-1.1357162053211507,147.178,101.36999999999999,-1.3581999999999983,1,5,0,0,0,0,0,0,0,0,0,0,0,0,0,0,0,0,0,0,0,0,0,0,0,0,0,0,0,0,0,0,0,0,0,0,0,0,0,0,0,0,0,0,0,0,0,0,0,0,0,0,0,0,1,1,1,0,0,0,0,0,0,0,0,0,0,0,0,0,1,1,0,0,0,0,0,0,0,0,0,0,0,0,1,0,1,0,0,0,0,0,1,1,0,0,1,1,0,1,0,0,1,0,0,0,1,0,0,0,0,0,0,1,0,0,0,0,0,0,1,0,0,0,0,1,1,0,0,0,0,0,0,1,0,0,0,0,0,0,0,1,0,0,1,0,0,0,0,1,0,0,0,1,0,1,1,1,1,1,1,1,0,1,0,0,1,0,0,0
CHEMBL261_238,34,31,-1,-1,-1,2.0,2.467976720090587,2.81214099426673,6.6473602138560945,0.11227157080163205,0.12964127080377016,2.0761943587228076,6.270800173874703,0.17566774941260194,0.08584181605593753,-0.17647111173471722,-0.8790846186535046,6.719607843137255,3.4753813694624167,-0.0372693980515316,-0.7050139916179994,0.02389705882352941,0.07182077586937022,3.031536567721307,7.633903274367686,0.7941176470588235,0.40434491426080943,-1.454785934906616,0.11640211640211628,2.0,2.467976720090587,2.81214099426673,6.6473602138560945,2.0,0.0,0,0,1.8235294117647058,2.1069993751261546,3.232673969553655,9.925742775755136,0.0,0.0,0,0,0.03604826546003016,0.16946934731901434,5.4073560814463875,27.790725650672574,0.04545454545454544,0.051280812334778964,2.777836132304393,6.264807001944369,0.04545454545454548,0.03188139206109031,0.0422631738988117,-1.604648761497383,1.1818181818181819,0.38569460791993504,1.6499158227686102,0.7222222222222205,0.0473252687049467,62.0,202.0,0.0,112.0,1392.0,8.0,0.0,0.0,0.0,184.0,478.0,9720.0,0.0,0.0,0.0,0.0,18.0,0.0,0.0,0.0,0.0,0.0,0.0,0.0,0.0,0.0,0.0,0.0,0.0,0.0,0.0,1,1,0,1,1,1,0,0,0,1,1,1,0,0,0,0,1,0,0,0,0,0,0,0,0,0,0,0,0,0,0,8.125,3.0998991919093113,1.922564486327764,2.2911917509418993,2.0,1.0,0.75,-0.5,0.0,0.0,0,0,3.25,0.4330127018922193,1.1547005383792515,-0.6666666666666665,0.375,0.4841229182759271,0.5163977794943223,-1.7333333333333334,16.263,6.217953361034481,1.9265191076381705,2.3007760601986655,0.5,0.7071067811865476,1.0606601717798212,-0.25,268.272,138.78,-1.1488,0,4,0,0,0,0,0,0,0,0,0,0,0,0,0,0,0,0,0,0,0,0,0,0,0,0,0,0,0,0,0,0,0,0,0,1,0,0,0,0,0,1,1,0,0,0,0,0,0,0,1,0,0,0,0,0,0,1,0,0,1,0,1,1,0,0,0,0,0,1,0,1,0,0,0,1,0,0,0,0,0,0,0,0,0,0,1,0,0,0,1,1,0,0,0,0,1,0,0,0,0,0,0,0,1,0,0,0,1,0,0,0,0,0,1,1,0,0,0,1,0,0,0,0,0,0,1,0,1,1,0,0,1,1,0,0,0,0,1,0,0,0,1,0,1,1,0,0,1,0,1,0,0,1,1,0,0,0,1,1,0,1,0,1,1,1,1,1,0,1
CHEMBL261_239,37,35,-1,-1,-1,2.08,2.7264629100723154,2.7697350386612234,6.194458955337975,0.11200484468333312,0.12034093981056261,1.6412450436123107,2.879750308828492,0.18826575039597016,0.09434319932128174,-0.26330493562765694,-0.9624052192069494,7.747747747747747,4.061025037695436,-0.1320273089972718,-0.821187455306744,0.023337623337623337,0.06384033062513503,2.961779323751981,7.468376548494648,0.8108108108108109,0.3916588309780929,-1.5871507864874157,0.5190476190476199,2.08,2.7264629100723154,2.7697350386612234,6.194458955337975,2.0,0.0,0,0,1.8918918918918919,2.3455971841888794,3.2086046664087813,9.407427160137283,0.0,0.0,0,0,0.010300859370008304,0.028422687437000223,2.74255990206866,6.257257166637519,0.04000000000000001,0.047481321951085495,2.7723029924832026,6.204191012858054,0.04,0.024514547444838834,0.5177466299951645,0.472481954772741,1.2,0.4,1.5000000000000004,0.2500000000000009,0.03459861699729586,70.0,266.0,0.0,212.0,2070.0,24.0,0.0,0.0,0.0,684.0,1038.0,15984.0,0.0,0.0,0.0,0.0,116.0,0.0,0.0,0.0,12.0,0.0,0.0,0.0,0.0,0.0,0.0,0.0,0.0,0.0,0.0,1,1,0,1,1,1,0,0,0,1,1,1,0,0,0,0,1,0,0,0,1,0,0,0,0,0,0,0,0,0,0,7.809523809523809,3.5539253632467216,1.9007432367730945,1.8612110272716453,2.0952380952380953,0.8109231602822096,0.36043172094350723,-0.3891795481569571,0.0,0.0,0,0,3.238095238095238,0.4259177099999599,1.2298373876248845,-0.4874999999999998,0.5714285714285714,0.4948716593053935,-0.2886751345948126,-1.916666666666667,15.702142857142864,7.301646378504968,1.9280001594688905,1.9962214844108512,0.5714285714285714,0.6598288790738581,0.73070893444312,-0.5449218750000018,341.841,77.23,2.9624000000000015,0,5,0,0,0,0,0,0,0,0,0,0,0,0,0,0,0,0,0,0,0,0,0,0,0,0,0,0,0,0,0,0,0,0,1,1,0,0,0,0,0,0,0,0,0,0,0,0,0,0,0,0,0,1,0,0,0,1,0,0,1,1,1,1,0,0,1,0,0,1,0,1,0,0,0,1,0,0,0,0,0,0,0,1,0,0,1,0,0,1,1,0,0,0,0,0,1,0,0,0,0,0,0,0,1,1,0,0,1,1,0,0,0,0,1,0,0,0,0,1,0,0,0,0,0,0,1,1,0,0,0,0,1,0,1,0,1,0,1,0,0,0,0,0,0,0,1,1,1,0,1,0,1,1,1,1,1,1,1,0,0,1,0,1,1,1,1,1,0,1
CHEMBL261_240,37,36,-1,-1,-1,2.16,2.9756343861435663,2.8596988198609714,6.588956281561467,0.11478833063708214,0.1176888532384394,1.6567373522126059,3.195317276588632,0.19602023830879556,0.09917118880294172,-0.3008458687126374,-0.9900616192448597,8.04054054054054,4.228665832485578,-0.17960279316305847,-0.8104174047675308,0.021621621621621623,0.06401914451554808,3.355111282113952,10.092866049141755,0.8108108108108109,0.3916588309780929,-1.5871507864874157,0.5190476190476199,2.16,2.9756343861435663,2.8596988198609714,6.588956281561467,2.0,0.0,0,0,1.945945945945946,2.5462844785543526,3.351009570029044,10.220373546825405,0.0,0.0,0,0,0.021402848822203658,0.05972536045178817,3.996775893590251,17.345976174259448,0.04,0.05064268130212201,2.8985173870903735,6.759994507976183,0.039999999999999994,0.14128278919998435,2.880284596871068,6.669819035444618,1.28,0.448998886412873,0.9799578870122221,-1.0396825396825407,1.6785055946084684,72.0,308.0,0.0,250.0,2724.0,32.0,0.0,0.0,0.0,804.0,1348.0,23904.0,0.0,0.0,0.0,0.0,152.0,0.0,0.0,0.0,12.0,0.0,0.0,0.0,0.0,0.0,0.0,0.0,0.0,0.0,24.0,1,1,0,1,1,1,0,0,0,1,1,1,0,0,0,0,1,0,0,0,1,0,0,0,0,0,0,0,0,0,1,6.777777777777778,1.968893905185483,3.8047522795548523,14.87299687614103,2.1481481481481484,0.8029438292103258,0.15565260595040484,-0.6471797193300128,0.0,0.0,0,0,3.074074074074074,0.261891400439462,3.2526911934581197,8.580000000000009,0.6666666666666666,0.4714045207910316,-0.7071067811865477,-1.4999999999999996,13.566259259259262,3.9461158830442713,3.8148455751721735,14.938872397721251,0.5555555555555556,0.5665577237325317,0.3922322702763678,-0.8076923076923079,381.40900000000005,114.53000000000002,2.930200000000001,0,5,0,0,0,0,0,0,0,0,0,0,0,0,0,0,0,0,0,0,0,0,0,0,0,0,0,0,0,0,0,0,0,0,1,1,0,0,0,0,0,0,0,0,0,0,0,0,0,0,0,0,0,1,0,0,0,1,0,0,1,1,1,1,1,0,1,0,0,1,0,1,0,0,0,1,0,0,0,0,0,0,0,1,0,0,1,0,0,0,1,0,0,0,0,0,1,0,0,0,0,0,0,0,1,0,0,0,1,0,0,0,0,0,1,0,0,0,0,1,0,0,0,0,0,1,1,1,0,0,0,0,1,1,0,0,0,0,1,0,0,1,1,0,0,0,0,1,1,0,1,0,0,1,1,0,1,0,1,1,0,1,0,1,1,1,1,1,0,1
CHEMBL261_241,37,37,-1,-1,-1,2.24,2.9702525145179157,2.7977382656827503,6.352201321159749,0.11286281743797238,0.11953665323652798,1.6278403111510789,2.9456264874696725,0.19667379979683036,0.10012144760137803,-0.2973265612307689,-1.0572821211895307,8.063063063063062,4.2705256604361335,-0.1703910442384064,-0.8745886543985186,0.02162162162162162,0.05987894214484787,3.3108872925474713,9.83082785019952,0.8108108108108109,0.3916588309780929,-1.5871507864874157,0.5190476190476199,2.24,2.9702525145179157,2.7977382656827503,6.352201321159749,2.0,0.0,0,0,2.0,2.5468581598680533,3.2883653012046374,9.926874999999999,0.0,0.0,0,0,0.025910762598069098,0.05218585735934877,1.717361071643551,1.3101022027139635,0.039999999999999994,0.04846236184196551,2.829545354687103,6.487010039095756,0.04000000000000001,0.03218010874721597,2.4222245931299566,4.951055776742882,1.32,0.46647615158762407,0.7717436331412894,-1.4044117647058827,0.03363533263487442,74.0,314.0,0.0,302.0,2730.0,56.0,0.0,0.0,0.0,1110.0,1582.0,23904.0,0.0,0.0,0.0,0.0,278.0,0.0,0.0,0.0,48.0,0.0,0.0,0.0,0.0,0.0,0.0,0.0,0.0,0.0,36.0,1,1,0,1,1,1,0,0,0,1,1,1,0,0,0,0,1,0,0,0,1,0,0,0,0,0,0,0,0,0,1,6.777777777777778,1.968893905185483,3.8047522795548523,14.87299687614103,2.1481481481481484,0.8029438292103258,0.15565260595040484,-0.6471797193300128,0.0,0.0,0,0,3.1481481481481484,0.35524677950464595,1.9808869335422075,1.9239130434782536,0.6666666666666666,0.4714045207910316,-0.7071067811865477,-1.4999999999999996,13.566259259259262,3.9461158830442713,3.8148455751721735,14.938872397721251,0.6296296296296297,0.5543196128553987,0.12826153350707845,-0.8277264030612237,383.42500000000007,117.69000000000001,2.780900000000001,1,5,0,0,0,0,0,0,0,0,0,0,0,0,0,0,0,0,0,0,0,0,0,0,0,0,0,0,0,0,0,0,0,0,1,1,0,0,0,0,0,0,0,0,0,0,0,0,0,0,0,0,0,1,0,0,0,1,0,0,1,1,1,1,1,0,1,0,0,1,0,1,0,0,0,1,0,0,0,0,0,0,0,1,0,0,1,0,0,0,1,0,0,0,0,0,1,0,0,0,0,0,0,0,1,0,0,0,1,0,0,0,0,0,1,0,0,0,0,1,0,0,0,0,0,1,1,1,0,0,0,0,1,1,0,0,0,0,1,0,0,1,1,0,0,0,0,1,1,0,1,0,0,1,1,0,1,0,1,1,0,1,0,1,1,1,1,1,0,1
CHEMBL261_242,38,35,-1,-1,-1,2.0,2.922064602034243,3.1447590798615424,8.195763330898467,0.11173263154353474,0.11760785909981067,1.9589694575944043,5.418605972976463,0.18693107379337012,0.09285327585321305,-0.285921791193124,-0.8949603710206198,8.014035087719298,4.16712721369808,-0.1618106908751129,-0.6954817763990078,0.024221590011063693,0.07217483277649225,3.495985173718622,11.494346486686005,0.8157894736842105,0.3876557858593746,-1.6292261599251139,0.6543778801843323,2.0,2.922064602034243,3.1447590798615424,8.195763330898467,2.0,0.0,0,0,1.8421052631578947,2.5081584331460745,3.6214988081118205,12.059795933681073,0.0,0.0,0,0,0.0044512176297406445,0.013577280910003927,2.8860660581646655,6.623558243794202,0.03846153846153847,0.05099546332577469,3.140285388918752,8.146917310791522,0.03846153846153846,0.02182431105220862,-0.24652733688337333,-0.15154300975948987,1.1538461538461537,0.36080121229411,1.9188064472004944,1.6818181818181834,-0.9767060504642616,70.0,298.0,0.0,136.0,2766.0,8.0,0.0,0.0,0.0,486.0,708.0,25200.0,0.0,0.0,0.0,0.0,40.0,0.0,0.0,0.0,0.0,0.0,0.0,0.0,0.0,0.0,0.0,0.0,0.0,0.0,0.0,1,1,0,1,1,1,0,0,0,1,1,1,0,0,0,0,1,0,0,0,0,0,0,0,0,0,0,0,0,0,0,7.083333333333333,2.0395397084200697,3.4232794158356175,12.275266791341169,2.1666666666666665,0.8498365855987975,0.08297221102000144,-0.9008875739644968,0.0,0.0,0,0,3.4583333333333335,0.49826086429589156,0.16724840200141727,-1.9720279720279719,0.4583333333333333,0.4982608642958916,0.16724840200141836,-1.9720279720279723,14.176333333333332,4.087970265166919,3.4342191285293233,12.337465571649163,0.6666666666666666,0.6236095644623235,0.38180177416060657,-0.6734693877551017,356.36,160.79000000000002,-1.7959999999999998,4,3,0,0,0,0,0,0,0,0,0,0,0,0,0,0,0,0,0,0,0,0,0,0,0,0,0,0,0,0,0,0,0,0,1,1,0,0,0,0,0,0,0,0,0,0,0,0,0,0,0,0,0,1,1,1,1,1,0,1,1,1,1,1,1,0,1,1,0,1,0,1,1,0,1,1,0,1,0,1,0,1,1,1,0,1,1,0,0,0,1,1,1,1,1,0,1,1,1,1,1,0,0,0,1,0,1,0,1,0,0,1,1,0,1,0,0,0,0,1,0,0,1,1,1,0,1,1,0,1,0,0,1,1,1,1,0,0,1,1,0,1,1,0,1,1,0,1,1,0,1,0,1,1,1,1,0,0,1,1,1,1,0,1,1,1,1,1,0,1
CHEMBL261_243,36,35,-1,-1,-1,2.1666666666666665,2.9107081994288304,2.9166844989836904,7.199935501209355,0.11215882877126943,0.1232808781053852,1.7318119955074185,3.735685135592325,0.19378937213166678,0.09924852391983237,-0.23940509078120936,-1.0772596467368947,7.700925925925926,4.110159320085821,-0.09736318335171587,-0.8449012460564558,0.021661998132586367,0.059512475807173004,3.3817687749352343,10.850088097219214,0.8055555555555556,0.39577241246597245,-1.5440972939559128,0.38423645320197064,2.1666666666666665,2.9107081994288304,2.9166844989836904,7.199935501209355,2.0,0.0,0,0,1.9444444444444444,2.482655885722703,3.4181836289936,11.082999561936793,0.0,0.0,0,0,0.019426006468689395,0.04628739446946726,2.2552552269415953,3.740594544994302,0.04166666666666668,0.050748166637138305,2.946946746388832,7.383856843775909,0.041666666666666664,0.06486345023478866,3.113687981342248,8.379236401327836,1.25,0.4330127018922193,1.1547005383792515,-0.6666666666666665,0.00815332254450281,70.0,288.0,0.0,256.0,2508.0,48.0,0.0,0.0,0.0,910.0,1310.0,22320.0,0.0,0.0,0.0,0.0,240.0,0.0,0.0,0.0,48.0,0.0,0.0,0.0,0.0,0.0,0.0,0.0,0.0,0.0,0.0,1,1,0,1,1,1,0,0,0,1,1,1,0,0,0,0,1,0,0,0,1,0,0,0,0,0,0,0,0,0,0,7.076923076923077,1.979181589272093,3.4651890839491886,12.950625678845585,2.1538461538461537,0.8177035240565116,0.13236691864866582,-0.7323987782911741,0.0,0.0,0,0,3.5,0.5,0.0,-2.0,0.4230769230769231,0.49404740687173565,0.31139957766460913,-1.9030303030303028,14.163153846153849,3.96660234081733,3.477471643591272,13.022856338374307,0.6923076923076923,0.6661733875264912,0.4434050067376328,-0.7722666666666664,386.38599999999997,170.01999999999998,-2.129699999999998,4,5,0,0,0,0,0,0,0,0,0,0,0,0,0,0,0,0,0,0,0,0,0,0,0,0,0,0,0,0,0,0,0,0,1,1,0,0,0,0,0,0,0,0,0,0,0,0,0,0,0,0,0,1,1,1,1,1,0,1,1,1,1,1,1,0,1,1,0,1,0,1,1,0,1,1,0,1,0,1,0,1,1,1,0,1,1,0,0,0,1,1,1,1,0,0,1,1,1,1,1,0,0,0,1,0,1,0,1,0,0,1,0,1,1,0,0,0,0,1,0,0,1,1,1,1,1,1,1,1,1,0,1,1,1,1,0,1,1,1,1,1,1,0,1,1,0,1,1,0,1,0,1,1,1,1,0,1,1,1,1,1,0,1,1,1,1,1,0,1
CHEMBL261_244,38,34,-1,-1,-1,1.9230769230769231,2.644632836564782,3.0774093155486146,7.68597060819226,0.11401713129448432,0.11539446800024922,1.7218376323650775,3.80217708483858,0.1742980700218104,0.08341472697210268,-0.34187806151931804,-0.9029035132577472,7.623308270676692,3.8938309833970735,-0.15610639705107787,-0.6778767964674755,0.027224593014066698,0.07946630561940418,3.0903515658584975,8.044616277121563,0.8157894736842105,0.3876557858593746,-1.6292261599251139,0.6543778801843323,1.9230769230769231,2.644632836564782,3.0774093155486146,7.68597060819226,2.0,0.0,0,0,1.7894736842105263,2.2844773067590216,3.491036105008133,11.020656686545774,0.0,0.0,0,0,0.0,0.0,0,0,0.038461538461538464,0.04790324585217556,3.0693741294070382,7.652804205208783,0.03846153846153845,0.02376919864386552,-0.9043136486726948,0.966307792740182,1.0,0.0,0,0,-1.210763351478911,68.0,252.0,0.0,82.0,2040.0,0.0,0.0,0.0,0.0,224.0,360.0,15960.0,0.0,0.0,0.0,0.0,0.0,0.0,0.0,0.0,0.0,0.0,0.0,0.0,0.0,0.0,0.0,0.0,0.0,0.0,0.0,1,1,0,1,1,0,0,0,0,1,1,1,0,0,0,0,0,0,0,0,0,0,0,0,0,0,0,0,0,0,0,7.117647058823529,2.3485252679620148,3.1282989242348824,9.069689661198133,2.1176470588235294,0.831890330807703,0.39032294321497407,-0.3934000000000002,0.0,0.0,0,0,3.1176470588235294,0.32218973970892123,2.37346441585572,3.6333333333333337,0.7058823529411765,0.45564509955381377,-0.9036961141150641,-1.183333333333333,14.246764705882352,4.7087569925857204,3.1345016888349018,9.099737399959942,0.5294117647058824,0.6056253024110001,0.6817327184847213,-0.4957280170879321,251.267,95.05000000000001,-0.12010000000000032,0,2,0,0,0,0,0,0,0,0,0,0,0,0,0,0,0,0,0,0,0,0,0,0,0,0,0,0,0,0,0,0,0,0,1,1,0,0,0,0,0,0,0,0,0,0,0,0,0,0,0,0,0,1,1,0,0,1,0,0,1,1,1,1,1,0,1,1,0,1,0,1,0,0,0,1,0,1,0,0,0,0,0,1,0,0,1,0,0,0,1,0,0,0,1,0,1,1,0,0,1,0,0,0,1,0,0,0,1,0,0,0,1,0,1,1,0,0,0,1,0,0,1,1,1,0,1,1,0,1,0,0,1,0,0,1,0,1,1,1,0,0,0,0,1,1,1,1,1,0,1,0,1,1,0,0,1,0,1,0,1,1,0,1,1,1,1,1,0,1
CHEMBL261_245,35,35,-1,-1,-1,2.260869565217391,2.9372775224442678,2.6872665803243465,5.689449342912287,0.11626912907144085,0.1226903345679569,1.557669931592136,2.6868084302522286,0.19590909939871592,0.1007351184765339,-0.2361508062712263,-1.1109992656820018,7.552380952380953,4.032953824839553,-0.11492822397887245,-0.9058097475751259,0.020422714540361597,0.05804988995983247,3.342320031420164,9.953863482726705,0.8,0.4,-1.5,0.24999999999999956,2.260869565217391,2.9372775224442678,2.6872665803243465,5.689449342912287,2.0,0.0,0,0,2.0,2.495710605933995,3.198147796931662,9.285792441713662,0.0,0.0,0,0,0.034281990411022666,0.07330620648895848,2.4343370138376654,5.925699391531893,0.04347826086956521,0.05175105338525956,2.7181985369551147,5.7937025332319205,0.043478260869565195,0.0661326206070296,2.8351464738646355,6.38980301356805,1.3478260869565217,0.47628048478710105,0.6390096504226936,-1.5916666666666677,-0.09911504876427235,70.0,288.0,0.0,282.0,2394.0,56.0,0.0,0.0,0.0,954.0,1442.0,19944.0,0.0,0.0,0.0,0.0,264.0,0.0,0.0,0.0,48.0,0.0,0.0,0.0,0.0,0.0,0.0,0.0,0.0,0.0,36.0,1,1,0,1,1,1,0,0,0,1,1,1,0,0,0,0,1,0,0,0,1,0,0,0,0,0,0,0,0,0,1,6.869565217391305,2.0914806036183813,3.5947893632229317,12.827102922424032,2.1739130434782608,0.8157244799692922,0.15172380524738785,-0.6546681301652906,0.0,0.0,0,0,3.217391304347826,0.4124709991523974,1.3703203194062967,-0.12222222222222534,0.5217391304347826,0.4995271866554807,-0.08703882797784886,-1.9924242424242415,13.750130434782614,4.19244935469499,3.603160189140264,12.876848120740103,0.6956521739130435,0.7480282840906631,0.5608163112370742,-1.0249269539810066,332.381,100.7,1.6326,0,2,0,0,0,0,0,0,0,0,0,0,0,0,0,0,0,0,0,0,0,0,0,0,0,0,0,0,0,0,0,0,0,0,1,1,0,0,0,0,0,0,0,0,0,0,0,0,0,0,0,0,0,1,0,0,0,1,0,0,1,1,1,1,0,0,1,0,0,1,0,1,0,0,0,1,0,1,0,0,0,0,0,1,0,0,1,1,0,0,1,0,0,1,1,0,1,0,0,0,1,0,1,1,1,0,0,1,1,0,0,0,1,1,1,1,0,0,0,1,1,0,0,1,1,0,1,1,0,1,1,0,1,1,0,0,0,1,1,1,0,1,1,0,1,1,1,1,1,1,1,0,0,1,1,1,1,0,1,1,1,1,0,1,1,1,1,1,0,1
CHEMBL261_246,39,37,-1,-1,-1,2.074074074074074,3.0662551164176595,3.383432229094102,10.361289904259326,0.10701996664252629,0.11911235192396384,2.2138697189004204,7.299028573875589,0.19422941198586802,0.09860773565350144,-0.28251774641316263,-0.9513003984877981,8.476923076923077,4.464279907325362,-0.162733218421262,-0.6860048510312109,0.023525549841339314,0.06875102367968261,3.8471803606855226,14.95311240684725,0.8205128205128205,0.3837597319768145,-1.6703827619526517,0.7901785714285703,2.074074074074074,3.0662551164176595,3.383432229094102,10.361289904259326,2.0,0.0,0,0,1.8974358974358974,2.6389087856961244,3.8950829768071826,14.922062252991502,0.0,0.0,0,0,0.009528614006225946,0.02628009095330332,2.6262009354436056,5.347342230371465,0.037037037037037035,0.04958077666320882,3.391658676165925,10.427100320714688,0.03703703703703699,0.9078024680971073,3.5863623719999733,12.374606718085307,1.1851851851851851,0.38844772154450063,1.6208864017175073,0.6272727272727261,-0.5207930022413393,74.0,338.0,0.0,214.0,3516.0,24.0,0.0,0.0,0.0,788.0,1244.0,37920.0,0.0,0.0,0.0,0.0,130.0,0.0,0.0,0.0,12.0,0.0,0.0,0.0,0.0,0.0,0.0,0.0,0.0,0.0,0.0,1,1,0,1,1,1,0,0,0,1,1,1,0,0,0,0,1,0,0,0,1,0,0,0,0,0,0,0,0,0,0,7.0,2.160246899469287,3.4009717950828415,11.383381924198249,2.0952380952380953,0.8109231602822096,0.36043172094350745,-0.3891795481569553,0.0,0.0,0,0,3.4761904761904763,0.49943278484292924,0.0953462589245587,-1.9909090909090907,0.2857142857142857,0.45175395145262565,0.9486832980505142,-1.1,14.010809523809527,4.330554562739243,3.4091347062791333,11.42828299022698,0.9047619047619048,0.8109231602822097,0.17535610693094258,-1.458906064209275,313.379,112.73,-0.8695999999999984,1,4,0,0,0,0,0,0,0,0,0,0,0,0,0,0,0,0,0,0,0,0,0,0,0,0,0,0,0,0,0,0,0,0,1,1,0,0,0,0,0,0,0,0,0,0,0,0,0,0,0,0,0,1,0,1,0,1,0,0,1,1,1,1,0,0,1,0,0,1,0,1,0,0,0,1,0,1,0,0,0,1,0,1,1,0,1,1,1,0,1,0,1,1,1,0,1,0,0,1,1,0,1,0,1,0,1,0,1,0,0,1,1,1,1,0,0,0,0,1,1,0,1,1,1,0,1,0,0,0,1,1,1,1,1,0,0,0,1,1,1,1,1,0,1,0,0,1,1,1,1,0,0,1,0,1,1,1,1,1,1,1,0,1,1,1,1,1,0,1
CHEMBL261_247,38,35,-1,-1,-1,2.0833333333333335,3.0402393911591163,2.9455069745889984,7.022630324329786,0.10894991310870732,0.12019029040354852,1.790514356770479,4.105519333793587,0.1749392234038887,0.09715484064500812,-0.17001806352926968,-1.1560883174780152,7.377192982456141,4.2575499177272205,-0.06136108877815513,-0.9465569258741313,0.01821558400505769,0.05653309897434245,3.555871410023817,11.651333786149307,0.8157894736842105,0.3876557858593746,-1.6292261599251139,0.6543778801843323,2.0833333333333335,3.0402393911591163,2.9455069745889984,7.022630324329786,2.0,0.0,0,0,1.8421052631578947,2.5186286555800836,3.578081795708093,11.81243568963217,0.0,0.0,0,0,0.010404389351757772,0.027707404375248035,2.454475569270049,4.418982331759743,0.041666666666666664,0.05569648515166479,2.9655654320300475,7.1183824050497915,0.041666666666666664,0.08198200398665607,3.129994303299955,8.242733233905822,1.2083333333333333,0.40611643103370687,1.4363696929192162,0.0631578947368423,-1.1776478208751069,70.0,300.0,0.0,176.0,2772.0,24.0,0.0,0.0,0.0,716.0,932.0,25200.0,0.0,0.0,0.0,0.0,124.0,0.0,0.0,0.0,12.0,0.0,0.0,0.0,0.0,0.0,0.0,0.0,0.0,0.0,0.0,1,1,0,1,1,1,0,0,0,1,1,1,0,0,0,0,1,0,0,0,1,0,0,0,0,0,0,0,0,0,0,6.76,2.005592181875468,3.9009303528222903,15.053342333054225,2.16,0.7310266752998826,0.35681095118217354,0.039567571443937855,0.0,0.0,0,0,3.32,0.46647615158762407,0.7717436331412907,-1.4044117647058816,0.48,0.4995998398718719,0.08006407690254362,-1.9935897435897438,13.531320000000001,4.02056360944582,3.908461131883286,15.101281344173255,0.84,0.7310266752998826,0.2575329730295584,-1.1033561619276422,359.451,92.5,0.990700000000001,1,4,0,0,0,0,0,0,0,0,0,0,0,0,0,0,0,0,0,0,0,0,0,0,0,0,0,0,0,0,0,0,0,0,1,1,0,0,0,0,0,0,0,0,0,0,0,0,0,0,0,0,0,1,0,0,0,1,0,0,1,1,1,1,0,0,1,0,0,1,0,1,0,0,0,1,0,1,0,0,0,1,0,1,1,0,1,1,1,0,1,0,0,1,1,0,1,0,0,0,1,0,1,0,1,0,1,0,1,0,0,0,1,1,1,0,0,0,0,1,1,0,1,1,1,0,1,1,0,0,1,1,1,1,0,0,0,0,1,1,1,0,0,0,1,0,0,1,1,1,1,0,0,1,0,1,1,1,1,0,1,1,0,1,1,1,1,1,0,1
CHEMBL261_248,38,37,-1,-1,-1,2.1538461538461537,3.109443527908882,3.2953726815094124,9.777011306553375,0.11028758471595328,0.11896402032213621,2.191160708687809,7.2873527348948635,0.19840970321003976,0.10125004603045326,-0.28448290951869065,-0.9523259919386642,8.371929824561406,4.416567534907289,-0.1761709446888607,-0.7057464015277111,0.021929824561403508,0.06711225172616395,3.8454281816025135,14.503226572620239,0.8157894736842105,0.3876557858593746,-1.6292261599251143,0.6543778801843323,2.1538461538461537,3.109443527908882,3.2953726815094124,9.777011306553375,2.0,0.0,0,0,1.9473684210526316,2.6650502949836135,3.826894719863894,14.392962317556655,0.0,0.0,0,0,0.0399920255183413,0.16062374224139497,5.609584363000685,30.58381332817565,0.03846153846153847,0.05076126779466018,3.289562787862067,9.64846196905883,0.03846153846153847,0.020673925033413365,-0.11712276884966485,-0.9532055494190179,1.3076923076923077,0.46153846153846156,0.8333333333333329,-1.305555555555556,-0.9895613972130547,74.0,340.0,0.0,244.0,3516.0,32.0,0.0,0.0,0.0,820.0,1426.0,37920.0,0.0,0.0,0.0,0.0,156.0,0.0,0.0,0.0,12.0,0.0,0.0,0.0,0.0,0.0,0.0,0.0,0.0,0.0,0.0,1,1,0,1,1,1,0,0,0,1,1,1,0,0,0,0,1,0,0,0,1,0,0,0,0,0,0,0,0,0,0,7.0,2.160246899469287,3.4009717950828415,11.383381924198249,2.0952380952380953,0.8109231602822096,0.36043172094350745,-0.3891795481569553,0.0,0.0,0,0,3.4761904761904763,0.49943278484292924,0.0953462589245587,-1.9909090909090907,0.2857142857142857,0.45175395145262565,0.9486832980505142,-1.1,14.010809523809526,4.330554562739243,3.4091347062791337,11.428282990226988,0.9047619047619048,0.8109231602822097,0.17535610693094258,-1.458906064209275,313.379,112.73,-0.8695999999999984,1,4,0,0,0,0,0,0,0,0,0,0,0,0,0,0,0,0,0,0,0,0,0,0,0,0,0,0,0,0,0,0,0,0,1,1,0,0,0,0,0,0,0,0,0,0,0,0,0,0,0,0,0,1,0,0,0,1,0,0,1,1,1,1,0,0,1,0,0,1,0,1,0,0,0,1,0,1,0,0,0,1,0,1,1,0,1,1,1,0,1,0,1,1,1,0,1,0,0,1,1,0,1,0,1,0,1,0,1,0,0,1,1,1,1,0,0,0,0,1,1,0,1,1,1,0,1,0,0,0,1,1,1,1,1,0,0,0,1,1,1,1,1,0,1,0,0,1,1,1,1,0,1,1,0,1,1,1,1,1,1,1,0,1,1,1,1,1,0,1
CHEMBL261_249,35,34,-1,-1,-1,2.1739130434782608,2.80763205060225,2.662455535857639,5.521125890654389,0.11724598458538374,0.12175716681178375,1.5371168572209206,2.5586216521641756,0.19095229852102094,0.09690715107921094,-0.2275310110111851,-1.0420073738942943,7.4,3.914807056000881,-0.10872356614785168,-0.8695019304135028,0.021339444868856635,0.060674426710487506,3.213075618293359,9.117589807262918,0.8,0.4,-1.5,0.24999999999999956,2.1739130434782608,2.80763205060225,2.662455535857639,5.521125890654389,2.0,0.0,0,0,1.9428571428571428,2.389774133294455,3.144923958406844,8.899122703784666,0.0,0.0,0,0,0.024023254691947698,0.06262807788402795,3.6232424397633873,14.30708217202767,0.043478260869565216,0.05156837972848893,2.7047304565904455,5.696765592866809,0.04347826086956524,0.1257876643506876,2.713798363473114,5.722390558621251,1.3043478260869565,0.4601306627938419,0.850420064270761,-1.276785714285715,0.28340392243054513,68.0,264.0,0.0,228.0,2064.0,32.0,0.0,0.0,0.0,672.0,1116.0,15984.0,0.0,0.0,0.0,0.0,138.0,0.0,0.0,0.0,12.0,0.0,0.0,0.0,0.0,0.0,0.0,0.0,0.0,0.0,24.0,1,1,0,1,1,1,0,0,0,1,1,1,0,0,0,0,1,0,0,0,1,0,0,0,0,0,0,0,0,0,1,6.869565217391305,2.0914806036183813,3.5947893632229317,12.827102922424032,2.1739130434782608,0.8157244799692921,0.15172380524738788,-0.6546681301652897,0.0,0.0,0,0,3.217391304347826,0.4124709991523973,1.370320319406297,-0.1222222222222249,0.5217391304347826,0.4995271866554807,-0.08703882797784888,-1.992424242424242,13.750130434782614,4.19244935469499,3.603160189140264,12.876848120740103,0.6956521739130435,0.7480282840906632,0.5608163112370742,-1.0249269539810073,332.38100000000003,100.7,1.2380999999999998,0,2,0,0,0,0,0,0,0,0,0,0,0,0,0,0,0,0,0,0,0,0,0,0,0,0,0,0,0,0,0,0,0,0,1,1,0,0,0,0,0,0,0,0,0,0,0,0,0,0,0,0,0,1,0,0,0,1,0,0,1,1,1,1,0,0,1,0,0,1,0,1,0,0,0,1,0,1,0,0,0,0,0,1,0,0,1,1,1,0,1,0,0,1,1,0,1,0,0,0,1,0,1,1,1,0,0,1,1,0,0,0,1,1,1,1,0,0,0,1,1,0,0,1,1,0,1,1,0,1,1,1,1,1,0,0,0,0,1,1,1,1,1,0,1,1,1,1,1,1,1,0,0,1,1,1,1,0,1,1,1,1,0,1,1,1,1,1,0,1
CHEMBL261_250,36,32,-1,-1,-1,2.0,2.7136021011998723,2.784326984495891,5.947873799725652,0.11195843871134066,0.12346289231626137,1.6345557469389977,3.1729694376123625,0.16029809394116246,0.08697212266147974,-0.09611888251601758,-1.1137037145393092,6.512037037037037,3.725818352213375,0.01893559724822309,-0.9271604777233144,0.019607843137254905,0.05745677764052261,3.26851965560843,9.573082405360903,0.8055555555555556,0.3957724124659724,-1.544097293955913,0.3842364532019724,2.0,2.7136021011998723,2.784326984495891,5.947873799725652,2.0,0.0,0,0,1.7777777777777777,2.237447840622474,3.374046619237691,10.213891604494922,0.0,0.0,0,0,0.005616784125556055,0.01606105974833297,2.566302078271887,4.731241948032155,0.045454545454545456,0.056241381683580456,2.794834622115194,5.999540944480378,0.04545454545454545,0.056101990608435466,2.8357770361402714,6.4490663133286255,1.1818181818181819,0.38569460791993493,1.6499158227686117,0.7222222222222232,-0.6902535471177769,64.0,230.0,0.0,94.0,1770.0,8.0,0.0,0.0,0.0,360.0,396.0,13080.0,0.0,0.0,0.0,0.0,34.0,0.0,0.0,0.0,0.0,0.0,0.0,0.0,0.0,0.0,0.0,0.0,0.0,0.0,0.0,1,1,0,1,1,1,0,0,0,1,1,1,0,0,0,0,1,0,0,0,0,0,0,0,0,0,0,0,0,0,0,6.909090909090909,2.130068093429087,3.505038740458094,12.116217265370715,2.090909090909091,0.7925270806437588,0.3848750798486402,-0.26004155124653705,0.0,0.0,0,0,3.1818181818181817,0.385694607919935,1.6499158227686128,0.7222222222222268,0.5454545454545454,0.49792959773196915,-0.18257418583505516,-1.9666666666666666,13.829181818181821,4.269875829963417,3.5132374150285983,12.163458678642186,0.7272727272727273,0.6863485850246136,0.4113021529833556,-0.8605724838411808,320.37,109.49000000000001,1.0121,0,5,0,0,0,0,0,0,0,0,0,0,0,0,0,0,0,0,0,0,0,0,0,0,0,0,0,0,0,0,0,0,0,0,1,1,0,0,0,0,0,0,0,0,0,0,0,0,0,0,0,0,0,1,0,0,0,1,0,0,1,1,1,1,0,0,1,0,0,1,0,1,0,0,0,1,0,0,0,0,0,0,0,1,1,0,1,0,0,0,1,0,0,1,1,0,1,0,0,0,0,0,1,0,1,0,1,0,1,0,0,0,1,1,1,1,0,0,0,1,1,0,0,0,0,0,1,1,0,1,0,0,1,1,0,0,0,0,1,0,0,1,1,0,1,1,0,1,1,1,1,0,0,1,1,1,1,1,1,1,1,1,0,1,1,1,1,1,0,1
CHEMBL261_251,37,38,-1,-1,-1,2.32,3.094769781421552,2.8168495400255686,6.524804508213789,0.11382069737941122,0.11862493782966342,1.5857410903693723,2.9186991965539617,0.19802760662742352,0.10173389521173473,-0.2657341724436424,-1.0678667708298732,8.163063063063063,4.339770228094996,-0.17679417935533054,-0.8832157440430963,0.021450021450021447,0.06106406819294813,3.5731473623255754,11.681752414957511,0.8108108108108109,0.3916588309780929,-1.5871507864874157,0.5190476190476199,2.32,3.094769781421552,2.8168495400255686,6.524804508213789,2.0,0.0,0,0,2.054054054054054,2.650302848028381,3.3302488826062535,10.28478222651654,0.0,0.0,0,0,0.037074126846189964,0.09183255037324654,3.6107382680175384,14.695940241102289,0.04,0.04911608486057704,2.8774293881423945,6.752009829594503,0.039999999999999994,0.034633315931590615,-0.7244257104315422,0.7601163843552312,1.32,0.46647615158762407,0.7717436331412894,-1.4044117647058827,-0.9437242283708869,76.0,340.0,0.0,348.0,3120.0,80.0,0.0,0.0,0.0,1308.0,1856.0,29160.0,0.0,0.0,0.0,0.0,374.0,0.0,0.0,0.0,72.0,0.0,0.0,0.0,0.0,0.0,0.0,0.0,0.0,0.0,120.0,1,1,0,1,1,1,0,0,0,1,1,1,0,0,0,0,1,0,0,0,1,0,0,0,0,0,0,0,0,0,1,6.735294117647059,1.7708227321753376,4.217656558067019,19.09517926278241,2.176470588235294,0.7058823529411765,0.237847222222223,-0.06278935185185297,0.0,0.0,0,0,3.176470588235294,0.3812200410828153,1.6973368495830126,0.8809523809523836,0.5,0.5,0.0,-2.0,13.480882352941178,3.5489231818771527,4.229663398056891,19.182564226858425,0.6764705882352942,0.7162232742285835,0.5667396278497842,-0.8947160378673042,481.5340000000003,138.31,1.6532999999999998,0,6,0,0,0,0,0,0,0,0,0,0,0,0,0,0,0,0,0,0,0,0,0,0,0,0,0,0,0,0,0,0,0,0,1,1,0,0,0,0,0,0,0,0,0,0,0,0,0,0,0,0,0,1,1,0,0,1,0,1,1,1,1,1,1,0,1,0,0,1,0,1,0,0,1,1,0,1,0,0,1,1,0,1,0,1,1,1,1,0,1,0,0,0,1,0,1,1,1,0,1,0,1,0,1,0,0,0,1,0,0,0,1,1,1,0,0,0,0,1,1,1,1,1,1,0,1,1,0,0,1,1,1,1,0,1,0,1,1,1,1,0,1,0,1,0,0,1,1,1,1,0,0,1,1,1,1,0,1,0,1,1,0,1,1,1,1,1,0,1
CHEMBL261_252,37,34,-1,-1,-1,2.0,2.6832815729997477,2.9814239699997196,7.138888888888889,0.11323020124609333,0.11918870983778718,1.6673007438341552,3.270494969436341,0.17622389306727876,0.08643558383770798,-0.2392710019619883,-0.9637174180742409,7.478893178893179,3.883750093520462,-0.10742167989887509,-0.7676007579609441,0.02634062634062634,0.07092842626523778,3.208109563886274,9.431764697120528,0.8108108108108109,0.3916588309780929,-1.5871507864874157,0.5190476190476199,2.0,2.6832815729997477,2.9814239699997196,7.138888888888889,2.0,0.0,0,0,1.837837837837838,2.3076080222850335,3.417949327233295,10.540953106741854,0.0,0.0,0,0,0.004708883111786923,0.01385042200862991,2.7409609191726414,5.9133499829405185,0.04,0.048391059015653014,2.9742544107576063,7.109758662576292,0.039999999999999994,0.03385130462068958,-1.0964600820288537,1.3501889260559103,1.16,0.36660605559646714,1.8548520670059365,1.4404761904761942,-1.9644888229703368,68.0,254.0,0.0,122.0,2040.0,8.0,0.0,0.0,0.0,424.0,540.0,15960.0,0.0,0.0,0.0,0.0,36.0,0.0,0.0,0.0,0.0,0.0,0.0,0.0,0.0,0.0,0.0,0.0,0.0,0.0,0.0,1,1,0,1,1,1,0,0,0,1,1,1,0,0,0,0,1,0,0,0,0,0,0,0,0,0,0,0,0,0,0,6.857142857142857,2.166535841157586,3.5554941874150208,12.13092627599243,2.1904761904761907,0.7939681905015747,0.21789846954787961,-0.4421355002329088,0.0,0.0,0,0,3.1904761904761907,0.39267672624930106,1.5764815627361621,0.485294117647054,0.5714285714285714,0.4948716593053935,-0.2886751345948126,-1.916666666666667,13.725857142857146,4.343403123574596,3.5622062311026825,12.169464760195872,0.6666666666666666,0.7126966450997984,0.5846339666834287,-0.8671874999999996,302.35499999999996,92.75000000000001,1.4331,0,2,0,0,0,0,0,0,0,0,0,0,0,0,0,0,0,0,0,0,0,0,0,0,0,0,0,0,0,0,0,0,0,0,1,1,0,0,0,0,0,0,0,0,0,0,0,0,0,0,0,0,0,1,0,0,0,1,0,0,1,1,1,1,1,0,1,0,0,1,0,1,0,0,0,1,0,0,0,0,1,0,0,1,0,0,1,0,0,0,1,0,0,1,0,0,1,0,0,0,1,0,1,1,1,0,0,1,1,0,0,0,0,1,1,1,0,0,0,1,1,1,0,1,0,0,1,1,0,1,0,0,1,1,0,0,0,0,1,1,0,1,0,0,1,1,1,1,1,1,1,0,0,1,1,1,0,0,1,1,1,1,0,1,1,1,1,1,0,1
CHEMBL261_253,37,35,-1,-1,-1,2.08,2.8131121556027585,2.9907775357484363,7.243668498064581,0.11122723361374462,0.1210600244905828,1.6946783010926458,3.3740741082303396,0.18115180243755313,0.09075407744744056,-0.2106428012012397,-1.0286133336078762,7.648262548262548,4.023177268972493,-0.10334046482968656,-0.819528928614865,0.02531102531102531,0.06729919532463856,3.4050042701475953,10.813874826798168,0.8108108108108109,0.3916588309780929,-1.5871507864874157,0.5190476190476199,2.08,2.8131121556027585,2.9907775357484363,7.243668498064581,2.0,0.0,0,0,1.8918918918918919,2.4137420066774173,3.4593039131670142,10.879159230449627,0.0,0.0,0,0,0.012703818553313748,0.032548415373004166,2.2370621374027544,3.1709097088159046,0.04,0.04861477633823201,2.983890523570728,7.212416550447196,0.039999999999999994,0.018571372086149455,0.09997660717759504,0.9527738244070618,1.2,0.4,1.5000000000000004,0.2500000000000009,-0.5845830518477566,70.0,278.0,0.0,170.0,2370.0,24.0,0.0,0.0,0.0,682.0,800.0,19920.0,0.0,0.0,0.0,0.0,114.0,0.0,0.0,0.0,12.0,0.0,0.0,0.0,0.0,0.0,0.0,0.0,0.0,0.0,0.0,1,1,0,1,1,1,0,0,0,1,1,1,0,0,0,0,1,0,0,0,1,0,0,0,0,0,0,0,0,0,0,6.857142857142857,2.166535841157586,3.5554941874150208,12.13092627599243,2.1904761904761907,0.7939681905015747,0.21789846954787961,-0.4421355002329088,0.0,0.0,0,0,3.2857142857142856,0.45175395145262565,0.9486832980505149,-1.099999999999999,0.5714285714285714,0.4948716593053935,-0.2886751345948126,-1.916666666666667,13.725857142857146,4.343403123574596,3.5622062311026825,12.169464760195872,0.7619047619047619,0.6834619092574915,0.3416021089488033,-0.866292770289375,304.371,92.42,1.2747,1,2,0,0,0,0,0,0,0,0,0,0,0,0,0,0,0,0,0,0,0,0,0,0,0,0,0,0,0,0,0,0,0,0,1,1,0,0,0,0,0,0,0,0,0,0,0,0,0,0,0,0,0,1,0,0,0,1,0,0,1,1,1,1,1,0,1,0,0,1,0,1,0,0,0,1,0,0,0,0,0,0,0,1,1,0,1,0,0,0,1,0,0,1,0,0,1,0,0,0,1,0,1,1,1,0,1,1,1,0,0,0,0,1,1,1,0,0,0,1,1,0,0,1,0,0,1,1,0,1,0,0,1,1,0,0,0,0,1,1,0,1,0,0,1,1,1,1,1,1,1,0,0,1,1,1,0,0,1,1,1,1,0,1,1,1,1,1,0,1
CHEMBL261_254,35,34,-1,-1,-1,2.1739130434782608,2.792103366609099,2.6972255003207213,5.70498988203707,0.11710254150508026,0.12189513257090916,1.541391462460415,2.5839708881605796,0.19047059171400435,0.09656811992153723,-0.22829153472927313,-1.0501703775388727,7.385714285714286,3.9067547179601454,-0.10604473827240156,-0.8701438540057334,0.02144130379424497,0.06047651745622462,3.245195442054428,9.430132414935928,0.8,0.4,-1.5,0.24999999999999956,2.1739130434782608,2.792103366609099,2.6972255003207213,5.70498988203707,2.0,0.0,0,0,1.9428571428571428,2.377788373892935,3.179241877623623,9.127089359908789,0.0,0.0,0,0,0.027883546446976295,0.08668448184515383,4.642498539729829,22.19218391348566,0.0434782608695652,0.05123360601402852,2.7372791426371887,5.8640332153454064,0.04347826086956523,0.06902218992645075,-1.6942446954814618,2.5030589226146436,1.3043478260869565,0.4601306627938419,0.8504200642707606,-1.2767857142857149,-0.5385519420123068,68.0,262.0,0.0,226.0,2052.0,32.0,0.0,0.0,0.0,674.0,1072.0,15960.0,0.0,0.0,0.0,0.0,136.0,0.0,0.0,0.0,12.0,0.0,0.0,0.0,0.0,0.0,0.0,0.0,0.0,0.0,24.0,1,1,0,1,1,1,0,0,0,1,1,1,0,0,0,0,1,0,0,0,1,0,0,0,0,0,0,0,0,0,1,6.869565217391305,2.0914806036183813,3.5947893632229317,12.827102922424032,2.1739130434782608,0.8157244799692922,0.15172380524738793,-0.6546681301652906,0.0,0.0,0,0,3.1739130434782608,0.3790346907426672,1.7206180040292147,0.9605263157894774,0.5217391304347826,0.4995271866554807,-0.08703882797784888,-1.992424242424242,13.750130434782614,4.19244935469499,3.603160189140264,12.876848120740103,0.6086956521739131,0.7064381221422575,0.7217637425606322,-0.7172865013774126,330.365,97.53999999999999,1.1726999999999994,0,4,0,0,0,0,0,0,0,0,0,0,0,0,0,0,0,0,0,0,0,0,0,0,0,0,0,0,0,0,0,0,0,0,1,1,0,0,0,0,0,0,0,0,0,0,0,0,0,0,0,0,0,1,0,0,0,1,0,0,1,1,1,1,0,0,1,0,0,1,0,1,0,0,0,1,0,1,0,0,0,0,0,1,0,1,1,1,0,0,1,1,0,0,1,0,1,0,1,0,0,0,1,1,1,0,0,1,1,0,0,0,1,1,1,0,0,0,0,1,1,0,0,1,1,0,1,1,0,1,0,0,1,0,0,0,0,0,1,1,0,0,1,0,1,1,1,1,1,1,1,0,1,1,0,1,1,1,1,0,1,1,0,1,1,1,1,1,0,1
CHEMBL261_255,37,36,-1,-1,-1,2.16,2.962161373051779,2.9834800070432177,7.362674707563837,0.11360773242279822,0.1188289113001416,1.7876081327361353,4.233600556050105,0.19372875215514881,0.09763755477408244,-0.31131503390265247,-1.0277306112691542,8.003603603603603,4.200977891190251,-0.1903512261899772,-0.8206393452202039,0.022136422136422137,0.06298366015534447,3.5998154334099746,12.112086760319695,0.8108108108108109,0.3916588309780929,-1.5871507864874157,0.5190476190476199,2.16,2.962161373051779,2.9834800070432177,7.362674707563837,2.0,0.0,0,0,1.945945945945946,2.5356479628830098,3.4823404620653795,11.226613072228883,0.0,0.0,0,0,0.01172196378455269,0.030429475716462286,2.3159667080256403,3.580030782700658,0.04000000000000001,0.05022185239286393,3.005984131229667,7.475517210036575,0.039999999999999994,0.07148871095112337,3.214755199034318,8.857760245773644,1.32,0.46647615158762407,0.7717436331412894,-1.4044117647058831,1.8158586005778357,72.0,306.0,0.0,206.0,2772.0,24.0,0.0,0.0,0.0,774.0,1046.0,25200.0,0.0,0.0,0.0,0.0,120.0,0.0,0.0,0.0,12.0,0.0,0.0,0.0,0.0,0.0,0.0,0.0,0.0,0.0,36.0,1,1,0,1,1,1,0,0,0,1,1,1,0,0,0,0,1,0,0,0,1,0,0,0,0,0,0,0,0,0,1,8.0,5.986094998689324,3.8974043284057083,14.386565711195235,2.1666666666666665,0.7993052538854533,0.18131688178876118,-0.5557655954631375,0.0,0.0,0,0,3.2083333333333335,0.4061164310337068,1.4363696929192145,0.06315789473683964,0.5,0.5,0.0,-2.0,16.423541666666665,13.850503134601183,4.049359601933695,15.460767439843004,0.5833333333333334,0.7021791477646966,0.7856160272550857,-0.6296369767903203,408.277,101.62,2.0804,0,4,0,0,0,0,0,0,0,0,0,0,0,0,0,0,0,0,0,0,0,0,0,0,0,0,0,0,0,0,0,0,0,0,1,1,0,0,0,0,0,0,0,0,0,0,0,0,1,0,0,0,0,1,0,0,0,1,0,0,1,1,1,1,0,0,1,0,0,1,0,1,0,0,0,1,0,0,0,0,1,1,1,1,0,1,1,0,0,1,1,0,0,1,1,0,1,1,1,0,0,0,1,1,1,0,0,1,1,1,0,0,1,1,1,0,0,0,0,1,1,1,0,1,0,0,1,1,0,1,0,0,1,1,0,1,1,1,1,1,0,0,0,0,1,1,1,1,1,1,1,0,1,1,0,1,1,1,1,0,1,1,0,1,1,1,1,1,0,1
CHEMBL261_256,37,34,-1,-1,-1,2.0,2.6981475126464085,3.0423804370650687,7.652397053495953,0.11133143280942305,0.12096420584465448,1.842023560099289,4.585172643907576,0.17629949065273365,0.08651517472712604,-0.24089220176437648,-0.970026255663075,7.487902187902189,3.893836513377101,-0.10242708979900135,-0.7545513962242096,0.02634062634062634,0.07095338334699186,3.2129109885342046,9.477820696788196,0.8108108108108109,0.3916588309780929,-1.5871507864874157,0.5190476190476199,2.0,2.6981475126464085,3.0423804370650687,7.652397053495953,2.0,0.0,0,0,1.837837837837838,2.3192905895053983,3.485650936375291,11.212970169779371,0.0,0.0,0,0,0.0047290458474669,0.013919221868394727,2.739874711685254,5.882658404478194,0.04,0.048690904558853866,3.042329988141908,7.6817135119189555,0.04,0.03148601864793139,-0.7420292330031654,0.361686617299938,1.16,0.36660605559646714,1.8548520670059365,1.4404761904761942,-1.117566176266395,68.0,256.0,0.0,122.0,2100.0,8.0,0.0,0.0,0.0,418.0,546.0,17040.0,0.0,0.0,0.0,0.0,36.0,0.0,0.0,0.0,0.0,0.0,0.0,0.0,0.0,0.0,0.0,0.0,0.0,0.0,0.0,1,1,0,1,1,1,0,0,0,1,1,1,0,0,0,0,1,0,0,0,0,0,0,0,0,0,0,0,0,0,0,7.25,2.875905654456233,2.744508357235012,6.099207532564764,2.1666666666666665,0.7993052538854533,0.18131688178876118,-0.5557655954631375,0.0,0.0,0,0,3.2083333333333335,0.4061164310337068,1.4363696929192145,0.06315789473683964,0.5,0.5,0.0,-2.0,14.571416666666664,5.96551679737156,2.787004596191771,6.360922932055976,0.5833333333333334,0.7021791477646966,0.7856160272550857,-0.6296369767903203,363.82599999999996,101.62,1.9712999999999998,0,4,0,0,0,0,0,0,0,0,0,0,0,0,0,0,0,0,0,0,0,0,0,0,0,0,0,0,0,0,0,0,0,0,1,1,0,0,0,0,0,0,0,0,0,0,0,0,0,0,0,0,0,1,0,0,0,1,0,0,1,1,1,1,0,0,1,0,0,1,0,1,0,0,0,1,0,0,0,0,1,1,1,1,0,1,1,0,0,1,1,0,0,1,1,0,1,1,1,0,0,0,1,1,1,1,0,1,1,1,0,0,1,1,1,0,0,0,0,1,1,1,0,1,0,0,1,1,0,1,0,0,1,1,0,1,1,1,1,1,0,0,0,0,1,1,1,1,1,1,1,0,1,1,0,1,1,1,1,0,1,1,0,1,1,1,1,1,0,1
CHEMBL261_257,37,35,-1,-1,-1,2.08,2.8272955275315663,2.9451429291564453,7.040957185283856,0.11166257462429416,0.12065859461845624,1.6860317325407148,3.2866207200965105,0.1843615957110522,0.09244899578466145,-0.24106909341283736,-1.0270670657137373,7.722522522522523,4.062849368144414,-0.11650436145563974,-0.8179217801081613,0.02445302445302445,0.06610734446188724,3.2965788017240256,10.01486419545277,0.8108108108108109,0.3916588309780929,-1.5871507864874157,0.5190476190476199,2.08,2.8272955275315663,2.9451429291564453,7.040957185283856,2.0,0.0,0,0,1.8918918918918919,2.4249133033684274,3.4129434570371977,10.626835353574327,0.0,0.0,0,0,0.010743968506238738,0.028388162142724147,2.4838790903845647,4.72200861254554,0.04,0.04913880843508249,2.952225337637985,7.093930695140644,0.04,0.02487869344094174,0.024592236143506273,0.11662944772802541,1.2,0.4,1.5000000000000004,0.2500000000000009,0.7917274873043918,70.0,280.0,0.0,190.0,2376.0,24.0,0.0,0.0,0.0,684.0,932.0,19920.0,0.0,0.0,0.0,0.0,118.0,0.0,0.0,0.0,12.0,0.0,0.0,0.0,0.0,0.0,0.0,0.0,0.0,0.0,0.0,1,1,0,1,1,1,0,0,0,1,1,1,0,0,0,0,1,0,0,0,1,0,0,0,0,0,0,0,0,0,0,6.826086956521739,2.077878807886699,3.721639117897598,13.550663106787194,2.1739130434782608,0.7605589428059089,0.2903145983784957,-0.20357554786620646,0.0,0.0,0,0,3.1739130434782608,0.3790346907426672,1.7206180040292147,0.9605263157894774,0.5217391304347826,0.4995271866554807,-0.08703882797784881,-1.9924242424242415,13.663521739130438,4.165586600682823,3.7288704758647424,13.594197146877338,0.6521739130434783,0.69836427844387,0.5965116191215176,-0.8025058590228937,329.381,101.62,1.3178999999999998,0,4,0,0,0,0,0,0,0,0,0,0,0,0,0,0,0,0,0,0,0,0,0,0,0,0,0,0,0,0,0,0,0,0,1,1,0,0,0,0,0,0,0,0,0,0,0,0,0,0,0,0,0,1,0,0,0,1,0,0,1,1,1,1,0,0,1,0,0,1,0,1,0,0,0,1,0,0,0,0,1,1,1,1,0,1,1,0,0,0,1,0,0,1,1,0,1,1,1,0,0,0,1,1,1,0,0,1,1,0,0,0,1,1,1,0,0,0,0,1,1,1,0,1,0,0,1,1,0,1,0,0,1,1,0,1,0,1,1,1,0,0,0,0,1,1,1,1,1,1,1,0,1,1,0,1,1,1,1,0,1,1,0,1,1,1,1,1,0,1
CHEMBL261_258,37,37,-1,-1,-1,2.24,3.023640190234281,2.991088763808627,7.912452929261791,0.11201079480789962,0.12033540158045605,1.8209052953505869,4.483160270011498,0.19863749892183302,0.1016854304438454,-0.2887294651859466,-1.0383272152483405,8.117117117117116,4.3123391060842104,-0.16176973841730652,-0.8223918985249807,0.021278421278421278,0.06043542108466515,3.558702467449055,12.235253155943795,0.8108108108108109,0.3916588309780929,-1.5871507864874157,0.5190476190476199,2.24,3.023640190234281,2.991088763808627,7.912452929261791,2.0,0.0,0,0,2.0,2.5889578410439023,3.504336958033703,12.01320239334027,0.0,0.0,0,0,0.026586438273744774,0.05329089653671797,1.675807936674383,1.0997104318089708,0.04000000000000001,0.04959722715302624,3.0769722768254497,8.481065506459315,0.039999999999999994,0.021986265727752467,1.3357066080107587,2.0688556111422507,1.32,0.46647615158762407,0.7717436331412894,-1.4044117647058831,-1.1145346960588283,74.0,322.0,0.0,298.0,2994.0,56.0,0.0,0.0,0.0,1070.0,1592.0,29208.0,0.0,0.0,0.0,0.0,274.0,0.0,0.0,0.0,48.0,0.0,0.0,0.0,0.0,0.0,0.0,0.0,0.0,0.0,36.0,1,1,0,1,1,1,0,0,0,1,1,1,0,0,0,0,1,0,0,0,1,0,0,0,0,0,0,0,0,0,1,6.894736842105263,2.2453398955475303,3.479039067705824,11.256157468904725,2.1052631578947367,0.7177990366834662,0.6953911583270621,0.8243149497051645,0.0,0.0,0,0,3.210526315789474,0.40768245749551757,1.4200938936093854,0.016666666666664387,0.5789473684210527,0.49372797471825575,-0.31980107453341583,-1.8977272727272727,13.801526315789474,4.5019865015161695,3.4842225579102557,11.284207991267252,0.7894736842105263,0.6942582083301536,0.3084674798010709,-0.9205311137534666,277.349,88.31,1.3236999999999999,0,5,0,0,0,0,0,0,0,0,0,0,0,0,0,0,0,0,0,0,0,0,0,0,0,0,0,0,0,0,0,0,0,0,1,1,0,0,0,0,0,0,0,0,0,0,0,0,0,0,0,0,0,1,0,0,0,1,0,0,1,1,1,1,0,0,1,1,0,1,0,1,0,0,0,1,0,0,0,0,1,1,0,1,0,1,1,0,0,0,1,0,0,1,0,0,1,0,1,0,0,0,1,0,1,0,0,0,1,0,0,0,0,1,1,0,0,0,0,1,1,1,0,1,0,0,1,1,0,0,0,0,1,1,0,0,0,0,1,1,0,0,0,0,1,0,0,0,0,1,1,0,0,1,0,1,0,1,1,0,1,1,0,1,1,1,1,1,0,1
CHEMBL261_259,36,33,-1,-1,-1,2.0,2.533114025595111,2.7223819482361344,6.105751391465677,0.11312885091924503,0.12239134310672886,1.755257356932321,3.8458451156984186,0.18211278988169954,0.09034330911097091,-0.21636946026296866,-0.8946018746807147,7.300925925925927,3.8001927835366325,-0.08978212574650088,-0.7807009240021028,0.023996265172735762,0.06616441116816288,2.856519376022202,6.804593621261832,0.8055555555555556,0.3957724124659724,-1.544097293955913,0.3842364532019724,2.0,2.533114025595111,2.7223819482361344,6.105751391465677,2.0,0.0,0,0,1.8333333333333333,2.179449471770337,3.1277458921846173,9.110290345747408,0.0,0.0,0,0,0.00371310478086923,0.011725078784997268,3.478607958531076,11.926813360762951,0.041666666666666664,0.04794815701978542,2.736172657547765,6.179761085106636,0.041666666666666664,0.03247017643099767,0.0025835681442948066,0.11073743294182226,1.1666666666666667,0.3726779962499649,1.7888543819998315,1.1999999999999993,1.3222715626815378,66.0,226.0,0.0,156.0,1584.0,8.0,0.0,0.0,0.0,396.0,710.0,11088.0,0.0,0.0,0.0,0.0,36.0,0.0,0.0,0.0,0.0,0.0,0.0,0.0,0.0,0.0,0.0,0.0,0.0,0.0,0.0,1,1,0,1,1,1,0,0,0,1,1,1,0,0,0,0,1,0,0,0,0,0,0,0,0,0,0,0,0,0,0,7.555555555555555,3.0771960942502727,2.2170819963121025,3.3412659424194606,2.0,0.816496580927726,0.6123724356957945,0.0,0.0,0.0,0,0,3.388888888888889,0.4874980215217845,0.45584230583855223,-1.7922077922077917,0.3333333333333333,0.4714045207910317,0.7071067811865479,-1.4999999999999993,15.12588888888889,6.1712647082073415,2.219812738951043,3.349835962387349,0.8888888888888888,0.8089010988089465,0.20474499154615933,-1.4439302242791026,288.3939999999999,89.25999999999999,0.31259999999999943,0,6,0,0,0,0,0,0,0,0,0,0,0,0,0,0,0,0,0,0,0,0,0,0,0,0,0,0,0,0,0,0,0,0,1,1,0,0,0,0,0,0,0,0,0,0,0,0,0,0,0,0,0,1,0,1,0,1,0,0,1,1,1,1,0,0,1,0,0,1,0,1,0,0,0,1,0,0,0,0,0,0,0,1,1,0,1,0,0,0,1,0,1,0,1,0,1,0,0,0,0,0,1,0,1,0,1,0,1,0,0,0,1,1,1,0,0,0,0,1,1,0,0,0,0,0,1,0,0,0,1,1,1,1,1,0,0,0,1,0,1,0,0,0,1,0,0,0,1,1,1,0,0,1,0,1,1,1,1,0,1,1,0,1,1,1,1,1,0,1
CHEMBL261_260,37,35,-1,-1,-1,2.08,2.8554509276119595,2.867538745059976,6.659315552691311,0.11259279123945909,0.11979102799431435,1.6935197600806626,3.298351041520829,0.1917990419974866,0.09668170077914358,-0.27518748123839193,-0.9785773268600697,7.869369369369369,4.138941112922354,-0.14041143398261535,-0.8024456355342178,0.022565422565422568,0.06420596621773612,3.175585605908161,8.897597929273036,0.8108108108108109,0.3916588309780929,-1.5871507864874157,0.5190476190476199,2.08,2.8554509276119595,2.867538745059976,6.659315552691311,2.0,0.0,0,0,1.8918918918918919,2.4471029069005836,3.3343988202038903,10.153486908933157,0.0,0.0,0,0,0.009818875965292538,0.02699984454006549,2.726710857765806,6.166568444105348,0.04000000000000001,0.04990833567335272,2.882804657305251,6.732613429096755,0.04,0.20502417404575415,2.9244499537102424,7.013566596777444,1.2,0.4,1.5000000000000004,0.2500000000000009,0.8594811355229054,70.0,284.0,0.0,216.0,2394.0,24.0,0.0,0.0,0.0,706.0,1132.0,19944.0,0.0,0.0,0.0,0.0,122.0,0.0,0.0,0.0,12.0,0.0,0.0,0.0,0.0,0.0,0.0,0.0,0.0,0.0,0.0,1,1,0,1,1,1,0,0,0,1,1,1,0,0,0,0,1,0,0,0,1,0,0,0,0,0,0,0,0,0,0,7.027777777777778,2.3152407015627636,3.189326561781069,9.561702167073076,2.111111111111111,0.8089010988089465,0.4250402356148111,-0.23282306870772596,0.0,0.0,0,0,3.2222222222222223,0.41573970964154905,1.3363062095621212,-0.2142857142857162,0.5,0.5,0.0,-2.0,14.067,4.641570711156588,3.1961195363572856,9.596361002985844,0.6944444444444444,0.6999779537974529,0.5018280783279008,-0.873532147064294,531.6120000000002,163.93999999999997,1.4352000000000016,0,11,0,0,0,0,0,0,0,0,0,0,0,0,0,0,0,0,0,0,0,0,0,0,0,0,0,0,0,0,0,0,0,0,1,1,0,0,0,0,0,0,0,0,0,0,0,0,0,0,0,0,0,1,0,0,0,1,0,0,1,1,1,1,1,0,1,0,0,1,0,1,0,0,0,1,0,0,0,0,0,1,0,1,1,0,1,0,1,0,1,0,0,1,1,0,1,1,0,0,0,0,1,0,1,0,1,0,1,0,0,0,1,1,1,0,0,0,0,1,1,0,0,0,1,1,1,1,0,0,1,1,1,1,1,0,0,0,1,0,1,1,1,0,1,0,0,1,1,1,1,0,0,1,0,1,1,1,1,1,1,1,0,1,1,1,1,1,0,1
CHEMBL261_261,35,34,-1,-1,-1,2.1739130434782608,2.664617990616445,2.6259756036351747,5.496341529803654,0.11893262825539967,0.12011019318813654,1.4705978912669373,2.558029556607999,0.18367888886751296,0.09137833905159969,-0.2367378351701054,-1.0108832445368787,7.232380952380953,3.783286013669135,-0.12281573433778196,-0.87875323410884,0.022867328749681688,0.061257413308462454,3.1629704050324556,9.069930837166002,0.8,0.4,-1.5,0.24999999999999956,2.1739130434782608,2.664617990616445,2.6259756036351747,5.496341529803654,2.0,0.0,0,0,1.9428571428571428,2.279634772036422,3.080282906577294,8.695119098485922,0.0,0.0,0,0,0.01789848826933226,0.04701908473519784,3.6430263003565497,14.350616716442115,0.04347826086956521,0.04916872186459856,2.6978615032803552,5.787133953483183,0.04347826086956521,0.05529215321414058,-1.4212985309568815,1.7967669135055884,1.3043478260869565,0.4601306627938419,0.850420064270761,-1.276785714285715,-0.14683854586964928,68.0,246.0,0.0,192.0,1788.0,24.0,0.0,0.0,0.0,530.0,814.0,13080.0,0.0,0.0,0.0,0.0,80.0,0.0,0.0,0.0,0.0,0.0,0.0,0.0,0.0,0.0,0.0,0.0,0.0,0.0,48.0,1,1,0,1,1,1,0,0,0,1,1,1,0,0,0,0,1,0,0,0,0,0,0,0,0,0,0,0,0,0,1,7.054054054054054,2.289174830038886,3.177975617613154,9.642628388345026,2.108108108108108,0.7980985437964,0.44178895698282816,-0.15228095278175102,0.0,0.0,0,0,3.2162162162162162,0.4116634111277789,1.3787175450270868,-0.0991379310344831,0.4864864864864865,0.49981735159207924,0.054073807043587316,-1.997076023391814,14.119216216216218,4.589123964773818,3.185460279890036,9.680955457992617,0.6756756756756757,0.6995772489483668,0.5431736563788457,-0.8460458899532188,547.6110000000002,173.16999999999996,1.560500000000001,0,12,0,0,0,0,0,0,0,0,0,0,0,0,0,0,0,0,0,0,0,0,0,0,0,0,0,0,0,0,0,0,0,0,1,1,0,0,0,0,0,0,0,0,0,0,0,0,0,0,0,0,0,1,0,0,0,1,0,0,1,1,1,1,0,0,1,0,0,1,0,1,0,0,0,1,0,0,0,0,0,1,0,1,1,0,1,0,1,0,1,0,0,1,1,0,1,1,0,0,0,0,1,0,1,0,1,0,1,0,0,0,1,1,1,1,0,0,0,1,1,0,0,0,1,1,1,1,1,1,1,1,1,1,1,0,0,0,1,0,1,1,1,0,1,1,0,1,1,1,1,0,0,1,1,1,1,1,1,1,1,1,0,1,1,1,1,1,0,1
CHEMBL261_262,36,35,-1,-1,-1,2.1666666666666665,2.7487370837451075,2.8232662601885634,6.594817798442909,0.1139740978875982,0.12160461664133468,1.7176214449196314,3.8771618449318224,0.1816359480971268,0.09140719181799406,-0.18191614218264576,-1.0298720343209684,7.439814814814814,3.9163244093520513,-0.10093909539823225,-0.8503798070018669,0.024463118580765646,0.06450593126678097,3.5047594800857667,11.944127147458957,0.8055555555555556,0.3957724124659724,-1.5440972939559132,0.3842364532019724,2.1666666666666665,2.7487370837451075,2.8232662601885634,6.594817798442909,2.0,0.0,0,0,1.9444444444444444,2.356367784494277,3.2893468714612126,10.104689128448545,0.0,0.0,0,0,0.023505077658303467,0.04872804920644465,2.0369793501179267,3.2939127348882904,0.041666666666666664,0.04810598134091628,2.8195167441953912,6.490398666060534,0.04166666666666668,0.0357466417611932,-0.7977237113442959,0.34950707353115984,1.3333333333333333,0.4714045207910317,0.7071067811865479,-1.4999999999999993,-0.49203050074633775,70.0,266.0,0.0,198.0,2112.0,32.0,0.0,0.0,0.0,688.0,908.0,17040.0,0.0,0.0,0.0,0.0,132.0,0.0,0.0,0.0,12.0,0.0,0.0,0.0,0.0,0.0,0.0,0.0,0.0,0.0,0.0,1,1,0,1,1,1,0,0,0,1,1,1,0,0,0,0,1,0,0,0,1,0,0,0,0,0,0,0,0,0,0,6.925,2.2179664109269104,3.394029177661626,11.044012699958987,2.2,0.7810249675906654,-0.05037516587523843,-0.7930663800053752,0.0,0.0,0,0,3.1,0.3,2.6666666666666656,5.111111111111107,0.45,0.49749371855331004,0.20100756305184247,-1.9595959595959598,13.861399999999998,4.446369647251565,3.401161445871702,11.08330167863043,0.525,0.5910795208768445,0.6296656465816608,-0.5571090722315915,575.6240000000004,171.87,4.160600000000002,0,4,0,0,0,0,0,0,0,0,0,0,0,0,0,0,0,0,0,0,0,0,0,0,0,0,0,0,0,0,0,0,0,0,1,1,0,0,0,0,0,0,0,0,0,0,0,0,0,1,0,0,1,1,0,0,0,1,0,1,1,1,1,1,1,0,1,0,0,1,0,1,0,0,0,1,0,0,1,1,1,0,0,1,0,0,1,0,0,0,1,1,1,0,0,0,1,0,0,0,1,1,1,1,1,0,0,1,1,0,0,0,0,0,1,1,0,0,0,1,0,1,0,0,0,1,1,1,0,1,0,0,1,1,0,1,0,0,1,1,0,1,1,0,1,1,1,1,1,0,1,0,1,1,1,1,1,1,1,1,1,1,0,1,1,1,1,1,0,1
CHEMBL261_263,39,38,-1,-1,-1,2.1481481481481484,3.2283891603468002,3.4263814239094104,10.860459981675952,0.10871958956209814,0.11756307450247533,2.3122180660851783,8.180626175554254,0.2046114782328668,0.10419584824031425,-0.3470569690100681,-0.9211404788299307,8.794871794871796,4.627616152120844,-0.21761978797474285,-0.6671026561464588,0.021191231717547512,0.0668015671571655,3.8721423027108215,14.793675122726999,0.8205128205128205,0.3837597319768145,-1.6703827619526517,0.7901785714285703,2.1481481481481484,3.2283891603468002,3.4263814239094104,10.860459981675952,2.0,0.0,0,0,1.9487179487179487,2.773026837865799,3.970718453010197,15.774708366628559,0.0,0.0,0,0,0.022636512949100344,0.08101200029602039,5.257709156308993,27.938111543553237,0.03703703703703703,0.051130454986114966,3.457309724715695,11.011865223597379,0.037037037037037035,0.15233957788628444,3.823807797593011,14.114297869725501,1.2592592592592593,0.438228132081453,1.0987005311470714,-0.7928571428571418,0.7305914974983129,76.0,372.0,0.0,276.0,4152.0,32.0,0.0,0.0,0.0,902.0,1718.0,48840.0,0.0,0.0,0.0,0.0,170.0,0.0,0.0,0.0,12.0,0.0,0.0,0.0,0.0,0.0,0.0,0.0,0.0,0.0,24.0,1,1,0,1,1,1,0,0,0,1,1,1,0,0,0,0,1,0,0,0,1,0,0,0,0,0,0,0,0,0,1,6.842105263157895,2.253959274248827,3.506046143322156,11.364846608767634,2.1052631578947367,0.7177990366834661,0.6953911583270623,0.8243149497051663,0.0,0.0,0,0,3.1578947368421053,0.36464227527765836,1.8763883748662842,1.520833333333333,0.631578947368421,0.48237638894272,-0.5455447255899809,-1.702380952380953,13.696473684210526,4.519221211068412,3.5109830518300837,11.392067455549647,0.7368421052631579,0.6359497880839248,0.2890952076624712,-0.6822105460686809,274.34499999999997,72.52000000000001,1.9531000000000003,0,4,0,0,0,0,0,0,0,0,0,0,0,0,0,0,0,0,0,0,0,0,0,0,0,0,0,0,0,0,0,0,0,0,1,1,0,0,0,0,0,0,0,0,0,0,0,0,0,0,0,0,0,1,0,0,0,1,0,0,1,1,1,1,0,0,1,0,0,1,0,1,0,0,0,1,0,0,0,0,1,0,0,1,0,0,1,0,0,0,1,0,0,0,0,0,1,0,0,0,0,0,1,0,1,0,0,0,1,0,0,0,0,0,1,0,0,0,0,1,0,1,0,0,0,0,1,1,0,0,0,0,1,0,0,0,0,0,1,0,0,0,0,0,1,0,0,1,0,0,1,0,0,1,0,1,0,1,1,0,1,1,0,1,1,1,1,1,0,1
CHEMBL261_264,35,36,-1,-1,-1,2.347826086956522,2.9430640001339907,2.5842205097824635,5.310997658268816,0.11677307825344602,0.12221078825800587,1.446590863534137,2.1284208206272393,0.1965760757833375,0.10141702579282821,-0.2267294067960732,-1.1134819737552817,7.590476190476191,4.061695411341485,-0.1212894192876902,-0.9343121538879933,0.020320855614973266,0.05715365064277305,3.375523263671175,10.303561901453717,0.8,0.4,-1.5,0.24999999999999956,2.347826086956522,2.9430640001339907,2.5842205097824635,5.310997658268816,2.0,0.0,0,0,2.057142857142857,2.5064813942241497,3.092318595980722,8.792306787336672,0.0,0.0,0,0,0.04300948548433457,0.09833623606377559,3.0971915147143743,10.743478552151645,0.04347826086956521,0.050286662991762085,2.6723834311459203,5.707551845822184,0.0434782608695652,0.40076482735873714,-2.2240669780914533,3.833239579365096,1.3478260869565217,0.47628048478710105,0.6390096504226936,-1.5916666666666677,-1.0448053135532918,72.0,296.0,0.0,338.0,2406.0,80.0,0.0,0.0,0.0,1112.0,1686.0,19944.0,0.0,0.0,0.0,0.0,346.0,0.0,0.0,0.0,72.0,0.0,0.0,0.0,0.0,0.0,0.0,0.0,0.0,0.0,120.0,1,1,0,1,1,1,0,0,0,1,1,1,0,0,0,0,1,0,0,0,1,0,0,0,0,0,0,0,0,0,1,6.75,1.8200274723201295,4.105266665938178,17.904592381630472,2.1875,0.6817945071647321,0.33740667369609795,0.21876986088553085,0.0,0.0,0,0,3.40625,0.4911323014219285,0.38177085778546666,-1.854251012145749,0.375,0.4841229182759271,0.5163977794943223,-1.7333333333333334,13.510374999999998,3.6476015557315193,4.116760279897335,17.985801104692587,0.875,0.8569568250501305,0.24207381567735692,-1.5961973743775464,460.55600000000027,114.19999999999999,0.8868000000000005,0,8,0,0,0,0,0,0,0,0,0,0,0,0,0,0,0,0,0,0,0,0,0,0,0,0,0,0,0,0,1,0,0,0,1,1,0,0,0,0,0,0,0,0,0,0,0,0,0,0,0,0,0,1,0,0,0,1,0,1,1,1,1,1,0,0,1,0,0,1,0,1,0,0,1,1,0,1,0,0,0,1,1,1,1,1,1,1,1,0,1,0,1,0,1,0,1,0,1,1,1,0,1,1,1,0,1,1,1,0,0,1,1,1,1,1,0,0,0,1,1,0,1,1,1,1,1,1,0,0,1,1,1,1,1,0,0,0,1,1,1,0,1,0,1,0,1,1,1,1,1,0,0,1,1,1,1,1,1,1,1,1,0,1,1,1,1,1,0,1
CHEMBL261_265,38,37,-1,-1,-1,2.1538461538461537,2.9311629051165613,2.881600305792888,6.817939917583049,0.11543479889398882,0.11397629875543673,1.629221315920839,3.2886400191454195,0.1940656164054333,0.09651340056160643,-0.35483680828938124,-0.900088359891877,8.236842105263158,4.2746757988876265,-0.2281815836423983,-0.7554513987384244,0.02248300932511459,0.06810478767377605,3.245841748308087,9.295983163265822,0.8157894736842105,0.3876557858593746,-1.6292261599251139,0.6543778801843323,2.1538461538461537,2.9311629051165613,2.881600305792888,6.817939917583049,2.0,0.0,0,0,1.9473684210526316,2.523024171411975,3.3527419810425534,10.34752889900856,0.0,0.0,0,0,0.025554659044267142,0.07844453718902544,3.960554122597509,16.17381520996823,0.03846153846153847,0.048466375258042566,2.9582457492737824,7.187204668242252,0.038461538461538464,0.038717361281874724,-1.2220646973439682,1.989186328263183,1.2692307692307692,0.4435600997950306,1.0405319634289447,-0.9172932330827055,1.2298467313223664,74.0,312.0,0.0,240.0,2730.0,32.0,0.0,0.0,0.0,672.0,1254.0,23904.0,0.0,0.0,0.0,0.0,118.0,0.0,0.0,0.0,12.0,0.0,0.0,0.0,0.0,0.0,0.0,0.0,0.0,0.0,24.0,1,1,0,1,1,1,0,0,0,1,1,1,0,0,0,0,1,0,0,0,1,0,0,0,0,0,0,0,0,0,1,6.722222222222222,1.7890269097894025,3.9720936140040264,17.278115697960402,2.1666666666666665,0.7264831572567789,0.1690431723256776,-0.2825484764542936,0.0,0.0,0,0,3.361111111111111,0.480322679605294,0.5783149319662397,-1.6655518394648838,0.5,0.5,0.0,-2.0,13.51038888888889,3.661336870884564,3.780277194316964,15.647261406271085,0.7777777777777778,0.7494854201795578,0.3877304117919609,-1.1386306001690607,514.5980000000002,95.73999999999998,2.635600000000001,0,8,0,0,0,0,0,0,0,0,0,0,0,0,0,0,0,0,0,0,0,0,0,0,0,0,0,0,0,0,0,0,0,0,1,1,0,0,0,0,0,0,0,0,1,0,0,0,0,0,0,0,0,1,0,0,0,1,0,0,1,1,1,1,0,0,1,0,0,1,0,1,0,0,0,1,0,1,0,0,0,1,0,1,1,0,1,1,1,1,1,0,0,1,1,0,1,1,0,0,1,0,1,0,1,0,1,0,1,1,0,0,1,1,1,0,0,0,0,1,1,0,1,1,1,0,1,1,0,0,1,1,1,1,1,0,1,0,1,1,1,0,0,0,1,0,0,1,1,1,1,0,0,1,0,1,1,1,1,0,1,1,0,1,1,1,1,1,0,1
CHEMBL261_266,37,36,-1,-1,-1,2.16,2.8660774588276574,2.754648861238435,6.205470333132046,0.11346665898158009,0.11896362606521725,1.6192790630736376,2.8924020435434654,0.19287657779696374,0.09789156025837598,-0.24708430153945773,-0.9697699159811455,7.918918918918919,4.1776201290178125,-0.14250785517953585,-0.8327242268528141,0.022393822393822392,0.06267966650567199,3.2151700733280246,9.382834678149582,0.8108108108108109,0.3916588309780929,-1.5871507864874157,0.5190476190476199,2.16,2.8660774588276574,2.754648861238435,6.205470333132046,2.0,0.0,0,0,1.945945945945946,2.459904919563839,3.221613663117664,9.59796047647947,0.0,0.0,0,0,0.01751309230086819,0.047747582447070974,3.4487706022790015,12.793110039419435,0.04,0.04871975943505505,2.8129720342904334,6.465518093893877,0.039999999999999994,0.04405402815643637,-0.9337278909251737,1.3534472435490494,1.24,0.4270831300812524,1.2175615550562024,-0.5175438596491229,-0.40311626234491926,72.0,292.0,0.0,272.0,2406.0,40.0,0.0,0.0,0.0,844.0,1394.0,19944.0,0.0,0.0,0.0,0.0,180.0,0.0,0.0,0.0,24.0,0.0,0.0,0.0,0.0,0.0,0.0,0.0,0.0,0.0,24.0,1,1,0,1,1,1,0,0,0,1,1,1,0,0,0,0,1,0,0,0,1,0,0,0,0,0,0,0,0,0,1,6.774193548387097,1.8440781842524459,4.0368510541189995,17.261262357881538,2.193548387096774,0.6918584061137812,0.3077265867193041,0.12206049149338138,0.0,0.0,0,0,3.3870967741935485,0.4870860925981129,0.4635863249727645,-1.7850877192982466,0.3870967741935484,0.4870860925981129,0.46358632497276514,-1.7850877192982466,13.558741935483875,3.6958532208648256,4.048171848764245,17.339629151117244,0.8387096774193549,0.8461210999099357,0.3125334072223435,-1.5334809356408876,446.5290000000002,114.19999999999999,0.4967000000000008,0,7,0,0,0,0,0,0,0,0,0,0,0,0,0,0,0,0,0,0,0,0,0,0,0,0,0,0,0,0,1,0,0,0,1,1,0,0,0,0,0,0,0,0,0,0,0,0,0,0,0,0,0,1,0,0,0,1,0,1,1,1,1,1,0,0,1,0,0,1,0,1,0,0,1,1,0,1,0,0,0,1,0,1,1,1,1,1,1,0,1,0,0,1,1,0,1,1,1,0,1,0,1,1,1,0,1,1,1,0,0,1,1,1,1,1,0,0,0,1,1,0,1,1,1,1,1,1,0,0,1,1,1,1,1,0,0,0,1,1,1,0,1,0,1,0,1,1,1,1,1,0,0,1,1,1,1,1,1,1,1,1,0,1,1,1,1,1,0,1
CHEMBL261_267,36,34,-1,-1,-1,2.0833333333333335,2.6127359010984805,2.768412173420471,6.186565302926967,0.11558136975879628,0.12007799441387326,1.6188579051705587,3.212874187057807,0.18199008284433915,0.089052163540042,-0.32551471062613346,-1.0495004532549412,7.389814814814816,3.8292294412655137,-0.15983163696222125,-0.8657030620756712,0.023902894491129784,0.06152118326500566,3.146974276116679,9.131620505992556,0.8055555555555556,0.3957724124659724,-1.5440972939559132,0.3842364532019724,2.0833333333333335,2.6127359010984805,2.768412173420471,6.186565302926967,2.0,0.0,0,0,1.8888888888888888,2.24570921460086,3.1996584728165636,9.376662386945696,0.0,0.0,0,0,0.0048379249528674815,0.014274713498091096,2.8335961197018764,6.593740324732691,0.041666666666666664,0.04777952736142077,2.7897955420887084,6.272889365275734,0.04166666666666666,0.14263872978142142,2.9269470959099118,6.979937236865789,1.2916666666666667,0.45452967144315476,0.9166984970282107,-1.1596638655462195,0.034805277591264304,68.0,242.0,0.0,144.0,1782.0,8.0,0.0,0.0,0.0,448.0,586.0,13080.0,0.0,0.0,0.0,0.0,34.0,0.0,0.0,0.0,0.0,0.0,0.0,0.0,0.0,0.0,0.0,0.0,0.0,0.0,24.0,1,1,0,1,1,1,0,0,0,1,1,1,0,0,0,0,1,0,0,0,0,0,0,0,0,0,0,0,0,0,1,6.666666666666667,1.9436506316151,4.105877891353005,16.728373702422143,2.1481481481481484,0.7046776885348314,0.4184380029276372,0.286209212173012,0.0,0.0,0,0,3.1481481481481484,0.3552467795046459,1.980886933542209,1.9239130434782599,0.6666666666666666,0.4714045207910316,-0.7071067811865477,-1.4999999999999991,13.34477777777778,3.8963021151906987,4.11342508502119,16.779586863226825,0.7407407407407407,0.643635081369732,0.30143665700656525,-0.7085873426604072,380.4690000000001,89.25999999999999,2.854800000000001,0,6,0,0,0,0,0,0,0,0,0,0,0,0,0,0,0,0,0,0,0,0,0,0,0,0,0,0,0,0,0,0,0,0,1,1,0,0,0,0,0,0,0,0,0,0,0,0,0,0,0,0,0,1,0,0,0,1,0,0,1,1,1,1,0,0,1,0,0,1,0,1,0,0,0,1,0,0,0,0,0,0,0,1,1,0,1,0,0,0,1,0,0,1,1,0,1,0,0,0,0,0,1,0,1,0,0,0,1,0,0,0,1,0,1,0,0,0,0,1,0,0,0,0,0,0,1,1,0,0,0,0,1,1,0,0,0,0,1,0,0,0,0,0,1,0,1,1,1,0,1,0,1,1,0,1,1,1,1,0,1,1,0,1,1,1,1,1,0,1
CHEMBL261_268,36,34,-1,-1,-1,2.0833333333333335,2.7525240941522906,2.898153743646184,6.888586812693806,0.1150295334780354,0.12060673366609057,1.7628906230607895,4.244659128429511,0.18445848246706087,0.09167411049700748,-0.251489840344845,-0.9609968732799232,7.472222222222222,3.9028024910249584,-0.12360839872681745,-0.7871265926915112,0.023436041083099907,0.06702275392080512,3.2050391099582427,9.159292161134134,0.8055555555555556,0.39577241246597245,-1.5440972939559128,0.38423645320197064,2.0833333333333335,2.7525240941522906,2.898153743646184,6.888586812693806,2.0,0.0,0,0,1.8888888888888888,2.354402233379677,3.3640982720522192,10.462284413271755,0.0,0.0,0,0,0.021381420723525987,0.08336007915155666,5.263178259491519,27.20548682842091,0.04166666666666666,0.05030169544290752,2.9183734794529705,6.931456508890275,0.04166666666666652,4.724820221636544,2.8750459825425123,7.383002343445337,1.25,0.4330127018922193,1.1547005383792515,-0.6666666666666665,0.5753847205619737,68.0,260.0,0.0,166.0,2106.0,16.0,0.0,0.0,0.0,466.0,770.0,17040.0,0.0,0.0,0.0,0.0,60.0,0.0,0.0,0.0,0.0,0.0,0.0,0.0,0.0,0.0,0.0,0.0,0.0,0.0,12.0,1,1,0,1,1,1,0,0,0,1,1,1,0,0,0,0,1,0,0,0,0,0,0,0,0,0,0,0,0,0,1,6.842105263157895,2.253959274248827,3.506046143322156,11.364846608767634,2.1052631578947367,0.7177990366834661,0.6953911583270623,0.8243149497051663,0.0,0.0,0,0,3.263157894736842,0.44034738238635557,1.0757057484009547,-0.8428571428571425,0.631578947368421,0.48237638894272,-0.5455447255899809,-1.702380952380953,13.696473684210526,4.519221211068412,3.5109830518300837,11.392067455549647,0.8421052631578947,0.6698906348083082,0.19496359810493305,-0.8004115226337452,276.361,72.19,1.6237999999999997,0,5,0,0,0,0,0,0,0,0,0,0,0,0,0,0,0,0,0,0,0,0,0,0,0,0,0,0,0,0,0,0,0,0,1,1,0,0,0,0,0,0,0,0,0,0,0,0,0,0,0,0,0,1,0,0,0,1,0,0,1,1,1,1,0,0,1,0,0,1,0,1,0,0,0,1,0,0,0,0,0,0,0,1,1,0,1,0,1,0,1,0,0,0,0,0,1,0,0,0,0,0,1,0,1,0,0,0,1,0,0,0,0,0,1,0,0,0,0,1,0,0,0,0,0,0,1,1,0,0,0,0,1,1,0,0,0,0,1,0,1,0,0,0,1,0,0,1,0,0,1,0,0,1,0,1,0,1,1,0,1,1,0,1,1,1,1,1,0,1
CHEMBL261_269,41,38,-1,-1,-1,2.0,3.0625659739551057,3.4861193780088024,10.77562716262976,0.10452709971528526,0.11603589671972131,2.394824500037632,8.634567027906762,0.19061829017996015,0.09445287614115244,-0.3487818903594176,-0.845386708321441,8.853658536585366,4.5711679083145,-0.2228453715021132,-0.5990243344017547,0.02514071294559099,0.07523056079285163,3.7528753379786193,13.97941285995098,0.8292682926829268,0.3762743565985735,-1.7501500535908439,1.0630252100840334,2.0,3.0625659739551057,3.4861193780088024,10.77562716262976,2.0,0.0,0,0,1.853658536585366,2.6555140571635056,3.9713330634450985,15.138775394770558,0.0,0.0,0,0,0.0038480468016662693,0.012370572792378878,3.1103770590078046,8.089008015986462,0.03448275862068967,0.047728957063534146,3.466967743980811,10.619994899780693,0.03448275862068966,0.11809937975157894,-3.3235946033413217,11.597056968661246,1.1379310344827587,0.3448275862068966,2.0999999999999983,2.4099999999999966,-0.22752489870010914,76.0,354.0,0.0,154.0,3780.0,8.0,0.0,0.0,0.0,594.0,908.0,40800.0,0.0,0.0,0.0,0.0,44.0,0.0,0.0,0.0,0.0,0.0,0.0,0.0,0.0,0.0,0.0,0.0,0.0,0.0,0.0,1,1,0,1,1,1,0,0,0,1,1,1,0,0,0,0,1,0,0,0,0,0,0,0,0,0,0,0,0,0,0,6.9,1.885912687975418,3.722365450525496,15.129848421899553,2.2,0.8717797887081347,0.20526670925260732,-0.7368421052631584,0.0,0.2581988897471611,0.0,12.0,3.2666666666666666,0.44221663871405326,1.0552897060221738,-0.8863636363636354,0.4,0.4898979485566357,0.40824829046386263,-1.833333333333334,13.80966666666667,3.7791892369778055,3.735429151125171,15.215337759543008,0.6333333333333333,0.7951240294584374,0.752094238593753,-1.0157678040282785,433.44200000000006,153.07000000000002,1.9521999999999997,0,3,0,0,0,0,0,0,0,0,0,0,0,0,0,0,0,0,0,0,0,0,0,0,0,0,1,0,0,0,0,0,0,0,1,1,0,0,0,0,0,0,0,0,0,0,0,0,0,0,0,1,0,1,0,0,0,1,1,1,1,1,1,1,1,1,1,0,1,1,0,1,1,1,0,1,0,1,0,0,0,1,0,1,0,0,1,1,1,0,1,1,0,0,0,0,1,0,0,1,1,0,1,1,1,0,0,1,1,0,0,0,0,1,1,1,0,0,0,1,1,1,1,1,1,0,1,1,0,1,1,1,1,1,1,1,0,1,1,1,1,1,1,0,1,1,1,1,1,1,1,0,1,1,1,1,1,0,1,1,1,1,0,1,1,1,1,1,0,1
CHEMBL261_270,38,38,-1,-1,-1,2.230769230769231,3.1660177888087198,3.0677672155141336,7.846330335972921,0.10919881635020869,0.11996419458070647,1.749717648865784,3.6742414657527345,0.19721120465827938,0.10158027986563002,-0.27247125657061455,-1.101387157762026,8.375438596491229,4.471600994152763,-0.15679825560359412,-0.8469461543771915,0.02248300932511459,0.06290659127785674,3.726384184294855,13.351088796965634,0.8157894736842105,0.3876557858593746,-1.6292261599251139,0.6543778801843323,2.230769230769231,3.1660177888087198,3.0677672155141336,7.846330335972921,2.0,0.0,0,0,2.0,2.7144835701531846,3.5918434383634104,11.949897959183675,0.0,0.0,0,0,0.03139308709484148,0.0684304895266303,1.8389871386126229,1.5800462692875685,0.03846153846153847,0.04912228505902955,3.0715442329692997,7.875654344450032,0.038461538461538464,0.055986947828359064,3.1122856333268443,8.185208663379939,1.2692307692307692,0.4435600997950306,1.0405319634289447,-0.917293233082705,-0.6978646816715567,76.0,356.0,0.0,316.0,3570.0,80.0,0.0,0.0,0.0,1444.0,1800.0,36024.0,0.0,0.0,0.0,0.0,448.0,0.0,0.0,0.0,120.0,0.0,0.0,0.0,0.0,0.0,0.0,0.0,0.0,0.0,0.0,1,1,0,1,1,1,0,0,0,1,1,1,0,0,0,0,1,0,0,0,1,0,0,0,0,0,0,0,0,0,0,8.178571428571429,5.757315665609224,3.755964095531993,14.07845248612745,2.2142857142857144,0.817537367304257,-0.020008489847199683,-0.8375968766388908,0.0,0.0,0,0,3.142857142857143,0.34992710611188255,2.0412414523193165,2.1666666666666714,0.42857142857142855,0.4948716593053935,0.28867513459481287,-1.9166666666666665,16.723178571428573,13.190592979342652,4.0081636127328695,15.93953972949598,0.39285714285714285,0.5567306167185677,1.0501597488963563,0.0941929583904888,479.33700000000005,130.72,2.3103999999999996,0,2,0,0,0,0,0,0,0,0,0,0,0,0,0,0,0,0,0,0,0,0,0,0,0,0,0,0,0,0,0,0,0,0,1,1,0,0,1,0,0,0,0,0,0,0,0,0,1,1,0,0,1,1,0,0,0,1,0,0,1,1,1,1,1,0,1,0,0,1,0,1,0,0,0,1,0,0,1,1,1,0,0,1,0,1,1,0,0,1,1,0,0,0,1,0,1,0,1,1,0,1,0,1,1,0,0,1,1,1,0,0,1,0,1,0,0,0,0,1,0,1,1,1,0,0,1,1,0,1,0,0,1,1,0,1,1,1,1,1,0,0,1,0,1,1,1,1,1,0,1,0,1,1,0,0,1,0,1,0,1,1,0,1,1,1,1,1,0,1
CHEMBL261_271,37,36,-1,-1,-1,2.16,2.9486267990371386,3.0262504009224145,7.553031872143505,0.11350903950628397,0.11892318940134386,1.767791858410896,4.04227520677474,0.18843739820355188,0.0950579622907346,-0.24282722490831984,-1.004375875114176,7.879279279279282,4.140446156570151,-0.1507759856341304,-0.797649116351232,0.02342342342342342,0.0669979668215807,3.5599901378856003,11.67320414521177,0.8108108108108109,0.3916588309780929,-1.5871507864874157,0.5190476190476199,2.16,2.9486267990371386,3.0262504009224145,7.553031872143505,2.0,0.0,0,0,1.945945945945946,2.5249666408922518,3.526177012788949,11.467522112425547,0.0,0.0,0,0,0.04469251860556208,0.16341799298887938,5.388924241922573,28.568795122874125,0.04000000000000001,0.049932633017650135,3.076204037143007,7.899244357014954,0.039999999999999994,0.03858119788809482,-1.494364742552333,2.313334398921664,1.32,0.46647615158762407,0.7717436331412894,-1.4044117647058831,0.6237743393467585,72.0,304.0,0.0,200.0,2766.0,32.0,0.0,0.0,0.0,762.0,978.0,25200.0,0.0,0.0,0.0,0.0,138.0,0.0,0.0,0.0,12.0,0.0,0.0,0.0,0.0,0.0,0.0,0.0,0.0,0.0,0.0,1,1,0,1,1,1,0,0,0,1,1,1,0,0,0,0,1,0,0,0,1,0,0,0,0,0,0,0,0,0,0,7.535714285714286,3.133712345003046,2.319697606174299,3.8084450032822676,2.2142857142857144,0.817537367304257,-0.020008489847199683,-0.8375968766388908,0.0,0.0,0,0,3.142857142857143,0.34992710611188255,2.0412414523193165,2.1666666666666714,0.42857142857142855,0.4948716593053935,0.28867513459481287,-1.9166666666666665,15.135642857142859,6.437033679167346,2.3529875865354017,3.997469309366638,0.39285714285714285,0.5567306167185677,1.0501597488963563,0.0941929583904888,434.886,130.72,2.2013,0,2,0,0,0,0,0,0,0,0,0,0,0,0,0,0,0,0,0,0,0,0,0,0,0,0,0,0,0,0,0,0,0,0,1,1,0,0,1,0,0,0,0,0,0,0,0,0,0,1,0,0,1,1,0,0,0,1,0,0,1,1,1,1,1,0,1,0,0,1,0,1,0,0,0,1,0,0,1,1,1,0,0,1,0,1,1,0,0,1,1,0,0,0,1,0,1,0,1,1,0,1,0,1,1,1,0,1,1,1,0,0,1,0,1,0,0,0,0,1,0,1,1,1,0,0,1,1,0,1,0,0,1,1,0,1,1,1,1,1,0,0,1,0,1,1,1,1,1,0,1,0,1,1,0,0,1,0,1,0,1,1,0,1,1,1,1,1,0,1
CHEMBL261_272,41,42,-1,-1,-1,2.2758620689655173,3.4230108920629987,3.2517691788626166,9.248396530485742,0.10750644135300291,0.11328110597117406,1.9474863770160522,4.966810303618677,0.21105982333968404,0.10707793066394715,-0.4288170582268305,-0.9621120031817663,9.552845528455284,5.001346569947328,-0.29884427236118805,-0.7366071247334829,0.02101313320825516,0.06364835974748903,3.783507834592228,13.531317028335028,0.8292682926829268,0.37627435659857345,-1.7501500535908443,1.0630252100840352,2.2758620689655173,3.4230108920629987,3.2517691788626166,9.248396530485742,2.0,0.0,0,0,2.048780487804878,2.9627872466458958,3.778741763358117,13.583822976457519,0.0,0.0,0,0,0.029538607952438536,0.05907423363973748,1.6842175381406268,1.136719424759165,0.03448275862068966,0.04752614556745049,3.304086273638024,9.609081433262405,0.034482758620689655,0.04226737379786474,3.2966841186527516,9.784913583026343,1.3103448275862069,0.46263475396547377,0.8198915917499233,-1.3277777777777777,-1.11058224434071,84.0,448.0,0.0,418.0,5166.0,88.0,0.0,0.0,0.0,1960.0,2708.0,60984.0,0.0,0.0,0.0,0.0,544.0,0.0,0.0,0.0,120.0,0.0,0.0,0.0,0.0,0.0,0.0,0.0,0.0,0.0,48.0,1,1,0,1,1,1,0,0,0,1,1,1,0,0,0,0,1,0,0,0,1,0,0,0,0,0,0,0,0,0,1,7.233333333333333,2.4722908854384875,2.907915943318694,7.577148356724884,2.2,0.8326663997864531,-0.041571732237859774,-0.9519230769230762,0.0,0.2581988897471611,0.0,12.0,3.1,0.30000000000000004,2.6666666666666656,5.111111111111105,0.4,0.4898979485566357,0.40824829046386263,-1.8333333333333341,14.478333333333337,4.95714703791965,2.9136697796568427,7.602626631849546,0.36666666666666664,0.5467073155618908,1.1541439383816483,0.3307582813946741,445.4380000000001,173.85999999999999,1.4560999999999997,0,3,0,0,0,0,0,0,0,0,0,0,0,0,0,0,0,0,0,0,0,0,0,0,0,0,1,0,0,0,0,0,0,0,1,1,0,0,1,0,0,0,0,0,0,0,0,0,0,1,0,1,1,1,0,0,0,1,1,0,1,1,1,1,1,1,1,0,0,1,0,1,1,1,0,1,0,0,1,1,1,0,0,1,0,1,1,0,0,0,1,0,0,0,1,0,1,0,1,1,0,1,0,1,1,0,0,1,1,0,0,0,1,0,1,0,0,0,0,1,0,1,1,1,1,0,1,1,0,1,0,0,1,1,0,1,0,1,1,1,0,0,1,0,1,1,1,1,1,0,1,0,1,1,0,0,1,0,1,0,1,1,0,1,1,1,1,1,0,1
CHEMBL261_273,36,35,-1,-1,-1,2.1666666666666665,2.8819360776317637,2.8099529537142276,6.344559904251634,0.1126588929613945,0.12282406773304179,1.6232296342319679,2.8574432835891557,0.19272368388178227,0.09834801536743228,-0.2455691731467606,-1.0879952019407093,7.673148148148148,4.086339176688716,-0.10365886131875543,-0.8729258114084617,0.021848739495798318,0.059331209246751095,3.245776313406949,9.571563335471783,0.8055555555555556,0.39577241246597245,-1.5440972939559128,0.38423645320197064,2.1666666666666665,2.8819360776317637,2.8099529537142276,6.344559904251634,2.0,0.0,0,0,1.9444444444444444,2.4601766472760587,3.2988284053718093,9.935522910939763,0.0,0.0,0,0,0.019292729252078845,0.045878102934120236,2.2534835035358842,3.7751954530034224,0.041666666666666664,0.05018309621158616,2.827035851023644,6.421823751765221,0.041666666666666664,0.03773330115489243,-0.7012290314502819,0.47586716502178783,1.25,0.4330127018922193,1.1547005383792515,-0.6666666666666665,-1.6638151780216184,70.0,284.0,0.0,256.0,2382.0,48.0,0.0,0.0,0.0,926.0,1286.0,19920.0,0.0,0.0,0.0,0.0,240.0,0.0,0.0,0.0,48.0,0.0,0.0,0.0,0.0,0.0,0.0,0.0,0.0,0.0,0.0,1,1,0,1,1,1,0,0,0,1,1,1,0,0,0,0,1,0,0,0,1,0,0,0,0,0,0,0,0,0,0,7.185185185185185,2.5968219471049045,2.8418710244149192,6.863213955394482,2.2222222222222223,0.7856742013183862,0.04525483399593871,-0.6216000000000004,0.0,0.0,0,0,3.111111111111111,0.3142696805273545,2.4748737341529163,4.124999999999999,0.4444444444444444,0.4969039949999533,0.22360679774997907,-1.9500000000000002,14.38314814814815,5.20721567530703,2.846063148310835,6.881107318940678,0.4444444444444444,0.5665577237325317,0.8297221102000094,-0.328402366863906,400.44100000000003,130.72,1.5478999999999996,0,2,0,0,0,0,0,0,0,0,0,0,0,0,0,0,0,0,0,0,0,0,0,0,0,0,0,0,0,0,0,0,0,0,1,1,0,0,1,0,0,0,0,0,0,0,0,0,0,1,0,0,1,1,0,0,0,1,0,0,1,1,1,1,1,0,1,0,0,1,0,1,0,0,0,1,0,0,1,1,1,0,0,1,0,1,1,0,0,0,1,0,0,0,1,0,1,0,1,1,0,1,0,1,1,0,0,1,1,0,0,0,1,0,1,0,0,0,0,1,0,1,1,1,0,0,1,1,0,1,0,0,1,1,0,1,0,1,1,1,0,0,1,0,1,1,1,1,1,0,1,0,1,1,0,0,1,0,1,0,1,1,0,1,1,1,1,1,0,1
CHEMBL261_274,37,36,-1,-1,-1,2.16,2.9756343861435663,2.8596988198609714,6.588956281561467,0.11179849059204056,0.12053266996282977,1.661293498830924,3.0264733953265477,0.1959508641217743,0.09983785996032558,-0.28257213974741907,-1.0464996241310038,8.013513513513514,4.2499564347490475,-0.14569122091201017,-0.8459682075305905,0.021793221793221795,0.06154154700755198,3.251926255466869,9.361564470883526,0.8108108108108109,0.3916588309780929,-1.5871507864874157,0.5190476190476199,2.16,2.9756343861435663,2.8596988198609714,6.588956281561467,2.0,0.0,0,0,1.945945945945946,2.5462844785543526,3.351009570029044,10.220373546825405,0.0,0.0,0,0,0.01943618259407733,0.04732893729372404,2.2430825583277976,3.4188186761557553,0.04,0.04995607664691007,2.8704507780453437,6.6334111608513435,0.040000000000000015,0.22000016427673086,-2.5312409195999965,5.407573778971901,1.24,0.4270831300812524,1.2175615550562024,-0.5175438596491229,-1.633113440985148,72.0,308.0,0.0,270.0,2724.0,48.0,0.0,0.0,0.0,1012.0,1458.0,23904.0,0.0,0.0,0.0,0.0,252.0,0.0,0.0,0.0,48.0,0.0,0.0,0.0,0.0,0.0,0.0,0.0,0.0,0.0,0.0,1,1,0,1,1,1,0,0,0,1,1,1,0,0,0,0,1,0,0,0,1,0,0,0,0,0,0,0,0,0,0,6.8,1.8690461025168248,3.9674073130605247,16.618874191480682,2.2,0.7023769168568493,0.2770515230845125,0.026296566837105573,0.0,0.0,0,0,3.3666666666666667,0.4818944098266986,0.5533715710928597,-1.6937799043062196,0.4,0.4898979485566357,0.40824829046386263,-1.833333333333334,13.610333333333339,3.7459485076842993,3.978551453003709,16.694389589828603,0.8,0.8326663997864532,0.38800283422001863,-1.4511834319526635,432.50200000000024,114.19999999999999,0.8190000000000006,0,6,0,0,0,0,0,0,0,0,0,0,0,0,0,0,0,0,0,0,0,0,0,0,0,0,0,0,0,0,1,0,0,0,1,1,0,0,0,0,0,0,0,0,0,0,0,0,0,0,0,0,0,1,0,0,0,1,0,1,1,1,1,1,0,0,1,0,0,1,0,1,0,0,1,1,0,1,0,0,0,1,0,1,0,1,1,1,1,0,1,0,0,1,1,0,1,1,1,0,1,0,1,1,1,0,1,1,1,0,0,1,1,1,1,1,0,0,0,1,1,0,1,1,1,1,1,1,0,0,1,1,1,1,1,1,0,1,1,1,1,0,1,0,1,0,1,1,1,1,1,0,0,1,1,1,1,1,1,1,1,1,0,1,1,1,1,1,0,1
CHEMBL261_275,35,33,-1,-1,-1,2.0869565217391304,2.6851126359381756,2.669723986233951,5.589156528441432,0.11533930880734093,0.12356485105107123,1.5812105501818452,2.6532563501074105,0.18655741298201942,0.09421292204153232,-0.19926150671032394,-1.0207581801235417,7.233333333333333,3.822853168669489,-0.0675514900598243,-0.852564647455452,0.022358034122740005,0.061000369293136666,3.0213553296843716,7.878129485651524,0.8,0.4,-1.5,0.24999999999999956,2.0869565217391304,2.6851126359381756,2.669723986233951,5.589156528441432,2.0,0.0,0,0,1.8857142857142857,2.2899959896587285,3.123822193412307,8.808486408378295,0.0,0.0,0,0,0.01157243528372464,0.03087290076266913,2.6310522168299584,5.627215687381126,0.04347826086956521,0.050755911537027826,2.6857593688550327,5.663154338638769,0.04347826086956523,0.024570775694779275,0.5853736740415239,0.5766013442623539,1.2173913043478262,0.4124709991523974,1.3703203194062967,-0.12222222222222534,1.3957490852419956,66.0,242.0,0.0,196.0,1794.0,24.0,0.0,0.0,0.0,582.0,930.0,13104.0,0.0,0.0,0.0,0.0,110.0,0.0,0.0,0.0,12.0,0.0,0.0,0.0,0.0,0.0,0.0,0.0,0.0,0.0,0.0,1,1,0,1,1,1,0,0,0,1,1,1,0,0,0,0,1,0,0,0,1,0,0,0,0,0,0,0,0,0,0,7.695652173913044,3.289440055543955,2.014162601770805,2.3414410910257555,2.0869565217391304,0.7753284565272611,0.408411417885904,-0.13059214429808685,0.0,0.0,0,0,3.391304347826087,0.48804226784007926,0.44543540318737423,-1.8015873015873007,0.2608695652173913,0.43910891036356864,1.0891622972743416,-0.81372549019608,15.407521739130441,6.597290648569406,2.016080543738483,2.346707507378558,0.8260869565217391,0.8673885801417393,0.3430698045695831,-1.5850988611398704,373.5250000000002,92.49999999999999,1.7765,0,4,0,0,0,0,0,0,0,0,0,0,0,0,0,0,0,0,0,0,0,0,0,0,0,0,0,0,0,0,0,0,0,0,1,1,0,0,0,0,0,0,0,0,0,0,0,0,0,1,0,0,0,1,0,0,0,1,0,0,1,1,1,1,0,0,1,0,0,1,0,1,0,0,0,1,0,1,0,0,0,0,0,1,0,0,1,1,1,0,1,0,0,0,1,0,1,0,0,0,1,0,1,0,1,0,1,0,1,0,0,0,1,1,1,0,0,0,0,1,1,0,0,1,1,0,1,0,0,0,1,1,1,1,1,1,0,1,1,1,1,0,0,0,1,0,0,1,1,1,1,0,0,1,0,1,1,1,1,0,1,1,0,1,1,1,1,1,0,1
CHEMBL261_276,37,36,-1,-1,-1,2.16,2.852086955196142,2.79704081415318,6.386033442261272,0.11358000707095264,0.11885541224861987,1.6582256178221084,3.240181642452069,0.19252197767254264,0.09700546507566483,-0.2890149684253789,-0.9928445510462973,7.918918918918919,4.161775800093354,-0.1640636335438256,-0.8359655053130912,0.022393822393822396,0.06234908687335269,3.2208756257620856,9.271857325948291,0.8108108108108109,0.3916588309780929,-1.5871507864874157,0.5190476190476199,2.16,2.852086955196142,2.79704081415318,6.386033442261272,2.0,0.0,0,0,1.945945945945946,2.448893251907956,3.2646713407358328,9.8245555092346,0.0,0.0,0,0,0.01650046631623773,0.0366658179042171,2.0949460525116805,3.1651044231983807,0.04,0.04835020730145662,2.829541028729579,6.504491856773862,0.04000000000000001,0.09619565243971709,-2.0825079033217206,3.9070751909415993,1.28,0.448998886412873,0.9799578870122221,-1.0396825396825402,-1.0096349680096475,72.0,290.0,0.0,248.0,2400.0,32.0,0.0,0.0,0.0,800.0,1256.0,19944.0,0.0,0.0,0.0,0.0,148.0,0.0,0.0,0.0,12.0,0.0,0.0,0.0,0.0,0.0,0.0,0.0,0.0,0.0,24.0,1,1,0,1,1,1,0,0,0,1,1,1,0,0,0,0,1,0,0,0,1,0,0,0,0,0,0,0,0,0,1,6.78125,1.8154609435347266,4.086963285354916,17.83164049382716,2.1875,0.6817945071647321,0.33740667369609795,0.21876986088553085,0.0,0.0,0,0,3.375,0.4841229182759271,0.5163977794943223,-1.7333333333333334,0.375,0.4841229182759271,0.5163977794943223,-1.7333333333333334,13.57275,3.6384831918671825,4.098620699550946,17.913255869329813,0.84375,0.8332682266233364,0.29907399898033543,-1.4970179280385978,461.5440000000003,126.22999999999999,1.0020000000000013,0,7,0,0,0,0,0,0,0,0,0,0,0,0,0,0,0,0,0,0,0,0,0,0,0,0,0,0,0,0,1,0,0,0,1,1,0,0,0,1,0,0,0,0,0,1,0,0,0,0,0,0,0,1,0,0,0,1,0,1,1,1,1,1,0,0,1,0,0,1,0,1,0,0,1,1,0,1,0,1,0,1,0,1,1,1,1,1,1,0,1,0,1,1,0,0,1,0,1,0,1,0,1,1,1,0,1,1,1,0,0,1,1,1,1,1,0,0,0,1,1,0,1,1,1,1,1,1,0,0,1,1,1,1,0,1,0,1,1,1,1,0,1,0,1,0,1,1,1,1,1,0,0,1,1,1,1,1,1,1,1,1,0,1,1,1,1,1,0,1
CHEMBL261_277,44,44,-1,-1,-1,2.1875,3.5482169818093143,3.623095945793389,12.030086075599392,0.10491896564958632,0.10825563899535973,2.4426441960347014,9.208511521016773,0.21204710510009137,0.10497282437065587,-0.5087288110656772,-0.7620841400449079,10.407575757575758,5.305161692888836,-0.3943117644064073,-0.5336905903335767,0.021846370683579988,0.0709323971594502,4.105532203282949,16.470133649570116,0.8409090909090909,0.36576083953252464,-1.8641092980035996,1.4749034749034724,2.1875,3.5482169818093143,3.623095945793389,12.030086075599392,2.0,0.0,0,0,2.0,3.0969192903446956,4.150279475733381,16.838593023516985,0.0,0.0,0,0,0.015529742438609434,0.042914874815792724,3.9490541206638383,17.64151813317325,0.03125,0.0468641037597479,3.6877494165879465,12.465413305733438,0.03125,0.03156103453708211,-1.8831938109086548,4.329678734693076,1.25,0.4330127018922193,1.1547005383792515,-0.6666666666666665,-0.26272301551205846,88.0,510.0,0.0,344.0,6690.0,40.0,0.0,0.0,0.0,1476.0,2402.0,90720.0,0.0,0.0,0.0,0.0,230.0,0.0,0.0,0.0,12.0,0.0,0.0,0.0,0.0,0.0,0.0,0.0,0.0,0.0,84.0,1,1,0,1,1,1,0,0,0,1,1,1,0,0,0,0,1,0,0,0,1,0,0,0,0,0,0,0,0,0,1,6.864864864864865,1.7577959504334162,3.8188866347680825,16.842603826098618,2.1621621621621623,0.7888929469906175,0.03522449001225997,-0.772217813925808,0.0,0.23249527748763857,0.0,15.499999999999996,3.081081081081081,0.2729595929287048,3.069457383227691,7.421568627450979,0.6216216216216216,0.48498266067368534,-0.5015503913178175,-1.7484472049689432,13.766108108108112,3.557768156946558,3.736728639033127,16.1149865352588,0.43243243243243246,0.5472555873328808,0.7639245246282554,-0.5109696609161234,525.4740000000003,187.52999999999997,3.5409000000000024,0,7,0,0,0,0,0,0,0,0,0,0,0,0,0,0,0,0,0,0,0,0,0,0,0,0,1,0,0,0,0,0,0,0,1,1,0,0,0,0,0,0,0,0,1,0,0,0,0,0,0,1,0,1,0,1,0,1,1,1,1,1,1,1,1,1,1,1,0,1,0,1,1,1,0,1,0,0,0,0,0,1,1,1,0,1,1,0,0,1,1,1,0,0,1,0,1,0,1,1,0,0,0,0,1,0,0,0,1,1,0,0,1,0,1,0,0,0,0,1,0,1,1,1,1,0,1,1,0,0,0,0,1,1,0,1,1,1,1,1,0,0,1,0,1,0,1,1,1,0,1,0,1,1,0,0,1,0,1,0,1,1,0,1,1,1,1,1,0,1
CHEMBL261_278,38,35,-1,-1,-1,2.0,2.8956200345721097,3.260222978071804,9.678309906573517,0.10772535990314645,0.12128906095531361,2.2963813140741176,7.826682337193274,0.19267718096631808,0.09662668254418522,-0.2978586567498404,-0.8790021510008694,8.1140350877193,4.24300340208606,-0.15110288272078756,-0.6590810168412458,0.022957167694009798,0.069440788112782,3.3433451675637325,10.46606337211384,0.8157894736842105,0.3876557858593746,-1.6292261599251139,0.6543778801843323,2.0,2.8956200345721097,3.260222978071804,9.678309906573517,2.0,0.0,0,0,1.8421052631578947,2.487085758044349,3.7418834693851863,13.926682147785666,0.0,0.0,0,0,0.0030855400799473507,0.009999941369730684,3.5120632914563727,11.918774979488347,0.038461538461538464,0.0508002791882022,3.2833044747947513,9.821166746044149,0.03846153846153865,32.45699294759521,3.564438516316415,12.621195217517181,1.1538461538461537,0.36080121229411,1.9188064472004944,1.6818181818181834,0.4637427916932231,70.0,294.0,0.0,174.0,2772.0,8.0,0.0,0.0,0.0,462.0,980.0,27192.0,0.0,0.0,0.0,0.0,42.0,0.0,0.0,0.0,0.0,0.0,0.0,0.0,0.0,0.0,0.0,0.0,0.0,0.0,0.0,1,1,0,1,1,1,0,0,0,1,1,1,0,0,0,0,1,0,0,0,0,0,0,0,0,0,0,0,0,0,0,6.948717948717949,2.241207526503811,3.343933495979756,10.672900893615857,2.2051282051282053,0.7903094875601251,-0.06891849007197515,-0.8395545706371181,0.0,0.0,0,0,3.076923076923077,0.26646935501059643,3.1754264805429417,8.083333333333332,0.6666666666666666,0.4714045207910317,-0.7071067811865472,-1.5,13.908846153846152,4.493004097759672,3.3509831039577054,10.711037549187685,0.48717948717948717,0.5487419117700691,0.5162407699543555,-0.8517858164413341,561.5970000000003,172.29,4.645400000000002,0,5,0,0,0,0,0,0,0,0,0,0,0,0,0,0,0,0,0,0,0,0,0,0,0,0,0,0,0,0,0,0,0,0,1,1,0,0,0,0,0,0,0,0,0,1,0,0,0,1,0,0,0,1,0,0,0,1,0,1,1,1,1,1,1,0,1,0,0,1,0,1,0,0,0,1,0,0,0,1,1,0,0,1,0,0,1,0,0,0,1,1,0,0,0,0,1,0,0,0,1,0,0,1,1,0,0,1,1,0,0,0,0,0,1,1,0,0,0,1,0,1,0,0,0,1,1,1,0,1,0,0,1,1,0,1,0,1,1,1,0,1,1,0,1,1,1,1,1,0,1,0,1,1,1,0,1,0,1,1,1,1,0,1,1,1,1,1,0,1
CHEMBL261_279,36,34,-1,-1,-1,2.0833333333333335,2.6127359010984805,2.7684121734204714,6.186565302926967,0.11947974398855478,0.11619969257363459,1.5509100070200488,3.3724969690876305,0.18165337522736946,0.08793165755675768,-0.3647890065228075,-0.9871051166508398,7.397222222222222,3.80008223595227,-0.19201818430457665,-0.8161122074801122,0.02380952380952381,0.06553022248360807,3.064621619828303,8.21881800176435,0.8055555555555556,0.3957724124659724,-1.5440972939559132,0.3842364532019724,2.0833333333333335,2.6127359010984805,2.7684121734204714,6.186565302926967,2.0,0.0,0,0,1.8888888888888888,2.24570921460086,3.199658472816564,9.3766623869457,0.0,0.0,0,0,0.010592185592185591,0.03242446562732786,3.0368512849964784,7.928051760009074,0.04166666666666666,0.04838417070016974,2.8419239919560453,6.5533774335470305,0.041666666666666664,0.023281580432023784,-0.6699023025506186,0.39602282016389934,1.2916666666666667,0.45452967144315476,0.9166984970282107,-1.159663865546219,-0.8152889609367546,68.0,242.0,0.0,130.0,1782.0,8.0,0.0,0.0,0.0,304.0,518.0,13080.0,0.0,0.0,0.0,0.0,18.0,0.0,0.0,0.0,0.0,0.0,0.0,0.0,0.0,0.0,0.0,0.0,0.0,0.0,24.0,1,1,0,1,1,1,0,0,0,1,1,1,0,0,0,0,1,0,0,0,0,0,0,0,0,0,0,0,0,0,1,7.387096774193548,3.023322455189672,2.4643528230936806,4.576714088954594,2.129032258064516,0.8324830903589637,0.42589225005243136,-0.31922463003544044,0.0,0.0,0,0,3.129032258064516,0.3352356401746214,2.213176031893567,2.898148148148154,0.5806451612903226,0.49345350131543086,-0.3268602252303069,-1.893162393162394,14.83312903225807,6.207710105791363,2.499952618931896,4.788543409532871,0.5483870967741935,0.5587260669577024,0.3637306695894644,-0.8746666666666685,476.96300000000014,123.39999999999998,3.597500000000003,0,7,0,0,0,0,0,0,0,0,0,0,0,0,0,0,0,0,0,0,0,0,0,0,0,0,0,0,0,0,0,0,0,0,1,1,0,0,0,0,0,0,0,0,0,0,0,1,0,0,0,0,0,1,0,0,0,1,0,0,1,1,1,1,0,0,1,0,0,1,0,1,0,0,0,1,0,0,1,0,0,0,0,1,0,0,1,0,0,1,1,1,0,0,0,0,1,0,0,1,0,1,0,0,1,1,0,0,1,1,0,0,0,0,1,0,0,0,0,1,0,0,0,0,0,0,1,1,0,0,0,0,1,1,0,1,1,1,1,0,0,0,1,0,1,0,0,1,1,0,1,0,0,1,1,0,1,0,1,0,1,1,0,1,1,1,1,1,0,1
CHEMBL261_280,36,33,-1,-1,-1,2.0,2.614064523559687,2.8550996224007053,6.526472337894111,0.11385050243311509,0.12172033878323311,1.6471858555651009,3.201322518604508,0.17404159232357047,0.08510439750423374,-0.20793888074409625,-0.9628142287268684,7.187962962962962,3.7293166452586948,-0.08387288406305463,-0.7916700515904771,0.026143790849673203,0.06989757538009982,3.054744371014118,8.501223150537406,0.8055555555555556,0.3957724124659724,-1.544097293955913,0.3842364532019724,2.0,2.614064523559687,2.8550996224007053,6.526472337894111,2.0,0.0,0,0,1.8333333333333333,2.242270674512285,3.283635355465382,9.7735111870822,0.0,0.0,0,0,0.005342058850830781,0.01557410225673051,2.695948437877344,5.51444978662829,0.041666666666666664,0.04930664223320861,2.855283486428225,6.553485300737883,0.041666666666666664,0.13719566869695463,-2.4921558177646186,5.305583259373462,1.1666666666666667,0.3726779962499649,1.7888543819998313,1.1999999999999993,0.499195801250678,66.0,236.0,0.0,116.0,1776.0,8.0,0.0,0.0,0.0,382.0,488.0,13080.0,0.0,0.0,0.0,0.0,34.0,0.0,0.0,0.0,0.0,0.0,0.0,0.0,0.0,0.0,0.0,0.0,0.0,0.0,0.0,1,1,0,1,1,1,0,0,0,1,1,1,0,0,0,0,1,0,0,0,0,0,0,0,0,0,0,0,0,0,0,6.947368421052632,2.258869866723677,3.3531451475217384,10.604899433062071,2.1052631578947367,0.7877173445839877,0.45816212899272774,-0.07158801020408312,0.0,0.0,0,0,3.1578947368421053,0.36464227527765836,1.8763883748662842,1.520833333333333,0.631578947368421,0.48237638894272,-0.5455447255899809,-1.702380952380953,13.906368421052631,4.528666542564114,3.3595477123182893,10.639154040211638,0.7368421052631579,0.6359497880839248,0.2890952076624712,-0.6822105460686809,278.33299999999997,92.42,1.6517000000000002,0,4,0,0,0,0,0,0,0,0,0,0,0,0,0,0,0,0,0,0,0,0,0,0,0,0,0,0,0,0,0,0,0,0,1,1,0,0,0,0,0,0,0,0,0,0,0,0,0,0,0,0,0,1,0,0,0,1,0,0,1,1,1,1,0,0,1,0,0,1,0,1,0,0,0,1,0,0,0,0,0,0,0,1,1,0,1,0,0,0,1,0,0,0,0,0,1,0,0,0,0,0,1,0,1,0,0,0,1,0,0,0,0,0,1,1,0,0,0,1,0,0,0,0,0,0,1,1,0,1,0,0,1,1,0,1,0,1,1,0,0,1,0,0,1,1,0,1,1,0,1,0,0,1,1,1,0,1,1,1,1,1,0,1,1,1,1,1,0,1
CHEMBL261_281,37,35,-1,-1,-1,2.08,2.711752201068527,2.9123019611275076,7.092821661247038,0.11370725311691443,0.11873368357645178,1.9206142637188435,5.795193384959909,0.1839739737741345,0.08900527414227093,-0.40628313953087264,-0.9728737690976001,7.70990990990991,3.956416955658101,-0.22249580335755395,-0.7817595235441863,0.02393822393822394,0.0672137980411,3.12642114745975,8.539087546810658,0.8108108108108109,0.3916588309780929,-1.5871507864874157,0.5190476190476199,2.08,2.711752201068527,2.9123019611275076,7.092821661247038,2.0,0.0,0,0,1.8918918918918919,2.334046292690174,3.3571250353109483,10.546062832527214,0.0,0.0,0,0,0.009210102960102958,0.029470577531907446,3.3647721304361533,10.61105091798752,0.039999999999999994,0.04812205212749131,2.944261970970401,7.149106466147256,0.039999999999999994,0.05865541138274367,3.6061280779090366,12.686745820354814,1.28,0.44899888641287294,0.9799578870122225,-1.0396825396825395,-1.6538937645938994,70.0,264.0,0.0,136.0,2112.0,8.0,0.0,0.0,0.0,334.0,576.0,17040.0,0.0,0.0,0.0,0.0,22.0,0.0,0.0,0.0,0.0,0.0,0.0,0.0,0.0,0.0,0.0,0.0,0.0,0.0,24.0,1,1,0,1,1,1,0,0,0,1,1,1,0,0,0,0,1,0,0,0,0,0,0,0,0,0,0,0,0,0,1,7.068965517241379,2.5316075645486418,2.982884840493446,7.706469618375262,2.1379310344827585,0.7756704744277236,0.6431100638641339,0.35259885328625673,0.0,0.0,0,0,3.1379310344827585,0.3448275862068965,2.100000000000002,2.410000000000008,0.6206896551724138,0.48521542343000995,-0.49746833816309105,-1.7525252525252524,14.150724137931038,5.07624872965061,2.9871258146636634,7.725861698333501,0.6551724137931034,0.6032019201564105,0.33066720664732085,-0.6649365628604391,429.5230000000001,118.69,2.6241000000000003,0,7,0,0,0,0,0,0,0,0,0,0,0,0,0,0,0,0,0,0,0,0,0,0,0,0,0,0,0,0,0,0,0,0,1,1,0,0,0,0,0,0,0,0,0,0,0,0,0,0,0,0,0,1,1,0,0,1,0,0,1,1,1,1,0,0,1,0,0,1,0,1,0,0,0,1,0,0,0,0,1,0,0,1,0,0,1,0,0,0,1,0,1,0,0,0,1,0,0,1,0,0,0,0,1,0,0,0,1,0,0,0,0,1,1,0,0,0,0,1,0,1,0,0,0,0,1,1,0,0,0,0,1,1,1,1,0,1,1,0,0,0,1,0,1,0,0,1,1,0,1,0,0,1,0,1,0,1,1,0,1,1,0,1,1,1,1,1,0,1
CHEMBL261_282,37,38,-1,-1,-1,2.32,3.094769781421552,2.824946578426683,6.526688288934347,0.11449177222278129,0.11797737545950832,1.6266065729625925,3.213164271346952,0.20127925464852323,0.10305917530891351,-0.3120365823779565,-1.0615403304754902,8.234234234234235,4.3648300001396745,-0.2011934493299793,-0.8693195655704562,0.020677820677820674,0.060544945143433726,3.483384350640625,10.926095016790715,0.8108108108108109,0.3916588309780929,-1.5871507864874157,0.5190476190476199,2.32,3.094769781421552,2.824946578426683,6.526688288934347,2.0,0.0,0,0,2.054054054054054,2.650302848028381,3.3389597823737045,10.2906450892301,0.0,0.0,0,0,0.04018328673501088,0.08586426117186391,2.7873506491938236,8.83646060509076,0.04,0.04912267165083798,2.869514003237629,6.672039103868796,0.039999999999999994,0.23603865674964156,-2.4698852564157088,5.126816044764983,1.36,0.48000000000000004,0.5833333333333328,-1.6597222222222232,1.2417784878112363,76.0,340.0,0.0,344.0,3126.0,72.0,0.0,0.0,0.0,1260.0,1876.0,29184.0,0.0,0.0,0.0,0.0,344.0,0.0,0.0,0.0,60.0,0.0,0.0,0.0,0.0,0.0,0.0,0.0,0.0,0.0,72.0,1,1,0,1,1,1,0,0,0,1,1,1,0,0,0,0,1,0,0,0,1,0,0,0,0,0,0,0,0,0,1,6.909090909090909,2.108620637226036,3.6104384132523064,12.735845275770098,2.1818181818181817,0.7767276132106846,0.25492523841349063,-0.3235128541940324,0.0,0.0,0,0,3.227272727272727,0.41907020260422206,1.301582746911939,-0.3058823529411723,0.5454545454545454,0.49792959773196915,-0.1825741858350551,-1.9666666666666663,13.82936363636364,4.22734503554971,3.61769405886828,12.777627930738175,0.6363636363636364,0.7713892158398701,0.7267486362195076,-0.958333333333333,318.35800000000006,115.03999999999999,1.3866000000000003,0,3,0,0,0,0,0,0,0,0,0,0,0,0,0,0,0,0,0,0,0,0,0,0,0,0,0,1,0,0,0,0,0,0,1,1,0,0,0,0,0,0,0,0,0,0,0,0,0,0,0,0,0,1,0,0,0,1,0,0,1,1,1,1,0,0,1,1,0,1,0,1,0,0,0,1,0,0,0,1,0,0,1,1,0,0,1,0,0,0,1,0,0,1,0,0,1,0,0,1,1,0,0,1,1,0,0,1,1,0,0,0,0,1,1,0,0,0,0,1,1,0,1,1,0,0,1,1,0,1,1,0,1,1,1,1,0,1,1,1,0,0,0,0,1,1,1,1,1,1,1,0,0,1,1,0,1,0,1,0,1,1,0,1,1,1,1,1,0,1
CHEMBL261_283,39,36,-1,-1,-1,2.0,2.8674417556808756,3.204664635640424,8.626369612856102,0.10921028747508991,0.11710738128159928,1.9450382690045187,5.253118618459283,0.1817368358438711,0.08914694349241818,-0.31699556116236016,-0.9255405464394237,8.124420024420024,4.204230732843797,-0.17304457274568505,-0.7050821890562862,0.026151657730605102,0.0736223520174444,3.348911003859118,10.374171408164239,0.8205128205128205,0.3837597319768145,-1.6703827619526517,0.7901785714285703,2.0,2.8674417556808756,3.204664635640424,8.626369612856102,2.0,0.0,0,0,1.8461538461538463,2.4759195291432428,3.6633826194582344,12.428988834394238,0.0,0.0,0,0,0.0040587764725695755,0.012297656200787741,2.8381923084488285,6.449008223806793,0.03703703703703704,0.04799672810820726,3.204487145657971,8.65175107262796,0.03703703703703704,0.0942421293164664,-2.7534760976365265,7.347146563464436,1.1481481481481481,0.3552467795046459,1.9808869335422101,1.9239130434782599,-1.1929089820235705,72.0,300.0,0.0,134.0,2766.0,8.0,0.0,0.0,0.0,504.0,666.0,25200.0,0.0,0.0,0.0,0.0,40.0,0.0,0.0,0.0,0.0,0.0,0.0,0.0,0.0,0.0,0.0,0.0,0.0,0.0,0.0,1,1,0,1,1,1,0,0,0,1,1,1,0,0,0,0,1,0,0,0,0,0,0,0,0,0,0,0,0,0,0,7.923076923076923,3.5073886508239993,1.7808685800277122,1.3793594572815344,2.1538461538461537,0.7692307692307692,0.23700000000000063,-0.3553999999999986,0.0,0.0,0,0,3.3461538461538463,0.47574295680203776,0.646761666763554,-1.5816993464052294,0.34615384615384615,0.47574295680203776,0.6467616667635546,-1.581699346405229,15.863769230769234,7.0347528539371105,1.782341906310733,1.382750410613819,0.6923076923076923,0.8668790515065111,0.6372197925885794,-1.3687147374294748,430.60200000000026,105.39,2.3862000000000005,0,4,0,0,0,0,0,0,0,0,0,0,0,0,0,0,0,0,0,0,0,0,0,0,0,0,0,0,0,0,0,0,0,0,1,1,0,0,1,0,0,0,0,0,0,0,0,0,0,1,0,0,0,1,0,0,0,1,0,0,1,1,1,1,0,0,1,1,0,1,0,1,0,0,0,1,0,1,0,1,0,0,0,1,0,1,1,1,1,0,1,0,0,0,1,0,1,0,1,1,1,0,1,1,1,0,1,1,1,0,0,0,1,1,1,0,0,0,0,1,1,0,1,1,1,0,1,1,0,0,1,1,1,1,1,1,0,1,1,1,1,0,0,0,1,0,0,1,1,1,1,0,0,1,0,1,1,1,1,0,1,1,0,1,1,1,1,1,0,1
CHEMBL261_284,41,38,-1,-1,-1,2.0,2.9827087896973667,3.4930009550881733,11.238597440057688,0.1021409753810781,0.11814171596282588,2.489209446819794,9.292215777413897,0.18769414011269117,0.09302282572899485,-0.32388455678934097,-0.85664713765118,8.752845528455286,4.519363492186983,-0.20375250914858664,-0.5902983007206322,0.025891181988742965,0.0756955790133926,3.6374252841921306,13.609919004831838,0.8292682926829268,0.3762743565985735,-1.7501500535908439,1.0630252100840334,2.0,2.9827087896973667,3.4930009550881733,11.238597440057688,2.0,0.0,0,0,1.853658536585366,2.590423033629611,3.9665836822577765,15.628733495548499,0.0,0.0,0,0,0.004095474109821312,0.013284254657721708,3.180202148492731,8.648300365416842,0.03448275862068966,0.04653705817671019,3.461541515496158,11.008731067099774,0.034482758620689655,0.03035819980154458,-0.7013782093465887,-0.12427315565305141,1.1379310344827587,0.3448275862068966,2.0999999999999983,2.409999999999995,-0.43112313172831845,76.0,340.0,0.0,156.0,3522.0,8.0,0.0,0.0,0.0,564.0,908.0,37920.0,0.0,0.0,0.0,0.0,42.0,0.0,0.0,0.0,0.0,0.0,0.0,0.0,0.0,0.0,0.0,0.0,0.0,0.0,0.0,1,1,0,1,1,1,0,0,0,1,1,1,0,0,0,0,1,0,0,0,0,0,0,0,0,0,0,0,0,0,0,7.363636363636363,2.9778798825744,2.5890297263234636,5.228239712540903,2.1818181818181817,0.7767276132106846,0.25492523841349063,-0.3235128541940324,0.0,0.0,0,0,3.1363636363636362,0.3431742925123068,2.119251771304071,2.4912280701754437,0.7727272727272727,0.4190702026042222,-1.3015827469119363,-0.30588235294117716,14.80418181818182,6.178385922173024,2.630208899267426,5.468071743757017,0.45454545454545453,0.5821022034029861,0.868478480746395,-0.24152290303390744,335.77200000000005,99.08000000000001,2.7044000000000006,0,3,0,0,0,0,0,0,0,0,0,0,0,0,0,0,0,0,0,0,0,0,0,0,0,0,0,0,0,0,0,0,0,0,1,1,0,0,0,0,0,0,0,0,0,0,0,0,0,0,0,0,0,1,1,0,0,1,0,1,1,1,1,1,1,0,1,1,0,1,0,1,0,0,0,1,0,0,0,0,0,0,1,1,0,1,1,0,0,1,1,0,0,0,1,0,1,1,1,0,0,0,0,0,1,1,0,0,1,1,0,0,1,0,1,0,0,0,0,1,0,0,1,1,0,0,1,1,0,0,0,0,1,0,0,0,1,0,1,1,0,0,0,0,1,0,0,1,1,0,1,0,0,1,0,0,0,0,1,0,0,1,0,1,1,1,1,1,0,1
CHEMBL261_285,38,37,-1,-1,-1,2.1538461538461537,2.9311629051165613,2.881600305792888,6.817939917583049,0.10948212132646012,0.11970569987908881,1.692865732442553,3.1443114682966,0.19470064993520367,0.09839633126428265,-0.3070690559188281,-1.005395711365416,8.210526315789474,4.326653794368695,-0.1689647303547077,-0.8299962056949464,0.022641062114746324,0.06269958223582545,3.1048968421493095,8.41278915364448,0.8157894736842105,0.3876557858593746,-1.6292261599251139,0.6543778801843323,2.1538461538461537,2.9311629051165613,2.881600305792888,6.817939917583049,2.0,0.0,0,0,1.9473684210526316,2.523024171411975,3.3527419810425534,10.34752889900856,0.0,0.0,0,0,0.018872696615681077,0.046777134874555204,2.295558447474311,3.659909664751778,0.03846153846153845,0.04728436035105393,2.877668034116596,6.794260845426704,0.038461538461538464,0.08388389352060621,-2.056250343458366,3.9726810446218606,1.2307692307692308,0.42132504423474315,1.278019300845387,-0.3666666666666676,1.5367781693004885,74.0,312.0,0.0,276.0,2730.0,48.0,0.0,0.0,0.0,1056.0,1470.0,23904.0,0.0,0.0,0.0,0.0,252.0,0.0,0.0,0.0,48.0,0.0,0.0,0.0,0.0,0.0,0.0,0.0,0.0,0.0,0.0,1,1,0,1,1,1,0,0,0,1,1,1,0,0,0,0,1,0,0,0,1,0,0,0,0,0,0,0,0,0,0,7.185185185185185,2.5968219471049045,2.8418710244149192,6.863213955394482,2.2222222222222223,0.7856742013183862,0.04525483399593869,-0.621599999999999,0.0,0.0,0,0,3.111111111111111,0.3142696805273545,2.4748737341529163,4.124999999999999,0.4444444444444444,0.49690399499995325,0.22360679774997916,-1.9499999999999997,14.38314814814815,5.207215675307029,2.8460631483108356,6.88110731894068,0.4444444444444444,0.5665577237325317,0.8297221102000094,-0.328402366863906,400.44100000000003,130.72,1.5478999999999998,0,2,0,0,0,0,0,0,0,0,0,0,0,0,0,0,0,0,0,0,0,0,0,0,0,0,0,0,0,0,0,0,0,0,1,1,0,0,1,0,0,0,0,0,0,0,0,0,0,1,0,0,1,1,0,0,0,1,0,0,1,1,1,1,1,0,1,0,0,1,0,1,0,0,0,1,0,0,1,1,1,0,0,1,0,1,1,0,0,0,1,0,0,0,1,0,1,0,1,1,0,1,0,1,1,0,0,1,1,0,0,0,1,0,1,0,0,0,0,1,0,1,1,1,0,0,1,1,0,1,0,0,1,1,0,1,0,1,1,1,0,0,1,0,1,1,1,1,1,0,1,0,1,1,0,0,1,0,1,0,1,1,0,1,1,1,1,1,0,1
CHEMBL261_286,38,38,-1,-1,-1,2.230769230769231,3.054727638717659,2.9060133068349123,6.987208722082535,0.11429280973096294,0.11512142770781689,1.6569704873202755,3.3325608152692157,0.19894877882578108,0.10039835615062553,-0.3428893717167074,-0.9663392672841389,8.403508771929825,4.400521895375301,-0.22998586042658967,-0.7962091819072357,0.021613718982140036,0.06465540707347713,3.4453989603181165,10.811004156425724,0.8157894736842105,0.3876557858593746,-1.6292261599251143,0.6543778801843323,2.230769230769231,3.054727638717659,2.9060133068349123,6.987208722082535,2.0,0.0,0,0,2.0,2.6257830912139837,3.401384425015259,10.709981935784628,0.0,0.0,0,0,0.03095159558036543,0.08023177115908113,3.5440431150033334,13.577428405148165,0.03846153846153847,0.04875327370683383,2.992553634439566,7.465468420592767,0.03846153846153846,0.10676091011263822,2.9154510748501736,6.918044401412102,1.3076923076923077,0.46153846153846156,0.8333333333333333,-1.305555555555556,0.1308475884571561,76.0,338.0,0.0,294.0,3126.0,48.0,0.0,0.0,0.0,988.0,1590.0,29184.0,0.0,0.0,0.0,0.0,208.0,0.0,0.0,0.0,24.0,0.0,0.0,0.0,0.0,0.0,0.0,0.0,0.0,0.0,48.0,1,1,0,1,1,1,0,0,0,1,1,1,0,0,0,0,1,0,0,0,1,0,0,0,0,0,0,0,0,0,1,7.535714285714286,2.485416648847301,2.727956994422193,6.666226810727373,2.142857142857143,0.8329931278350429,0.09835948265526256,-0.8711072664359865,0.0,0.0,0,0,3.5,0.5,0.0,-2.0,0.35714285714285715,0.47915742374995496,0.5962847939999436,-1.644444444444445,15.082000000000003,4.98404019990667,2.734356273286816,6.691526649161096,0.6071428571428571,0.6729087029077419,0.6611137786885536,-0.6561713945645713,439.4320000000001,228.05999999999995,-4.382399999999996,5,7,0,0,0,0,0,0,0,0,0,0,0,0,0,0,0,0,0,0,0,0,0,0,0,0,1,0,0,0,0,0,0,0,1,1,0,0,1,0,0,0,0,0,0,0,0,0,0,1,0,0,0,1,1,1,1,1,0,1,1,1,1,1,0,0,1,1,0,1,0,1,1,1,1,1,0,1,0,1,0,1,1,1,1,1,1,0,0,0,1,1,1,1,0,0,1,1,1,1,1,0,1,0,1,0,0,0,1,0,0,1,0,1,1,1,0,0,0,1,0,0,1,1,1,1,1,1,1,1,0,0,1,1,1,1,0,1,1,1,1,1,1,0,1,1,0,0,1,0,1,0,1,1,1,1,0,1,1,1,1,1,0,1,1,1,1,1,0,1
CHEMBL261_287,36,33,-1,-1,-1,2.0,2.886751345948129,3.3359298553776573,10.231199999999998,0.10935423797096683,0.12577530924456892,2.3324923256128285,8.087471510316556,0.19004971860726547,0.09674695389744815,-0.1943299265548011,-0.9116757352191769,7.575925925925928,4.012260231758721,-0.06355086660728691,-0.6376226106146907,0.022408963585434174,0.06793280175338542,3.655836800002922,13.335004577267068,0.8055555555555556,0.3957724124659724,-1.5440972939559128,0.3842364532019724,2.0,2.886751345948129,3.3359298553776573,10.231199999999998,2.0,0.0,0,0,1.8333333333333333,2.4551533104427063,3.8528320632944855,14.94629318949222,0.0,0.0,0,0,0.00410779021460136,0.012588079628951566,3.097031728704141,8.351850414958045,0.04166666666666665,0.05477046122686185,3.3449892652263618,10.273346385724874,0.041666666666666664,0.07278921604299678,4.064105441737226,15.667989348244149,1.1666666666666667,0.37267799624996495,1.788854381999831,1.1999999999999984,-2.619943521541276,66.0,272.0,0.0,146.0,2586.0,8.0,0.0,0.0,0.0,370.0,790.0,25824.0,0.0,0.0,0.0,0.0,38.0,0.0,0.0,0.0,0.0,0.0,0.0,0.0,0.0,0.0,0.0,0.0,0.0,0.0,0.0,1,1,0,1,1,1,0,0,0,1,1,1,0,0,0,0,1,0,0,0,0,0,0,0,0,0,0,0,0,0,0,6.5,0.806225774829855,1.1449360115926932,-0.48520710059171623,2.0,0.7745966692414834,0.0,-1.3333333333333333,0.0,0.0,0,0,3.0,0.0,0,0,0.6,0.48989794855663565,-0.40824829046386274,-1.8333333333333335,13.008199999999999,1.6077383369192892,1.1444414199503896,-0.48643427121196714,0.7,0.6403124237432849,0.365675149787956,-0.7055324211778697,137.138,63.32000000000001,0.9670000000000001,0,1,0,0,0,0,0,0,0,0,0,0,0,0,0,0,0,0,0,0,0,0,0,0,0,0,0,0,0,0,0,0,0,0,0,0,0,0,0,0,0,0,0,0,0,0,0,0,0,0,0,0,0,0,0,0,0,0,0,0,0,0,0,0,0,0,0,0,0,0,0,0,0,0,0,0,0,0,0,0,0,0,0,0,0,0,1,0,0,0,0,0,0,0,0,0,0,0,0,0,0,0,0,0,0,0,0,0,0,0,0,0,0,0,0,0,0,0,0,0,0,0,0,0,0,1,0,0,0,0,0,0,0,1,0,1,0,1,0,0,0,1,0,0,0,0,0,0,0,0,0,0,0,1,0,0,1,0,1,1,1,1,0,1,1,1,1,1,0,1
CHEMBL261_288,35,32,-1,-1,-1,2.0,2.431675035497315,2.5581494831696996,5.122621107266438,0.11532926983947608,0.1235742209755816,1.5968255742975177,2.7380828429050696,0.17906400765367467,0.08863817494852706,-0.17670495243954196,-0.9033170722037958,6.980952380952381,3.6324750905473135,-0.056748150405214776,-0.8141548163357637,0.023987776928953392,0.06453802934131686,2.746401176025894,6.057602145369783,0.8,0.4,-1.5,0.24999999999999956,2.0,2.431675035497315,2.5581494831696996,5.122621107266438,2.0,0.0,0,0,1.8285714285714285,2.0906009291344816,2.9482202292090984,7.831215047481077,0.0,0.0,0,0,0.004033903884134298,0.01254990436939571,3.436147942687546,11.658128658405904,0.043478260869565195,0.047982385251432315,2.5706231457055573,5.183749600765589,0.043478260869565216,0.16931861037104823,-2.0685841634102586,3.6956261381346573,1.173913043478261,0.3790346907426672,1.7206180040292134,0.9605263157894743,1.6242470383312733,64.0,206.0,0.0,148.0,1314.0,8.0,0.0,0.0,0.0,360.0,632.0,8208.0,0.0,0.0,0.0,0.0,34.0,0.0,0.0,0.0,0.0,0.0,0.0,0.0,0.0,0.0,0.0,0.0,0.0,0.0,0.0,1,1,0,1,1,1,0,0,0,1,1,1,0,0,0,0,1,0,0,0,0,0,0,0,0,0,0,0,0,0,0,7.476190476190476,2.8721826380952797,2.4122152397509593,4.427691060188398,2.0952380952380953,0.9209085526577961,0.5422507807915677,-0.5078355114530031,0.0,0.0,0,0,3.142857142857143,0.34992710611188255,2.041241452319316,2.1666666666666714,0.5714285714285714,0.4948716593053935,-0.2886751345948126,-1.916666666666667,14.96585714285715,5.759878059933746,2.4158544727697446,4.440334195448,0.6190476190476191,0.6529194857524805,0.5803564555341758,-0.659687641466729,327.3870000000001,132.35,0.7170000000000001,0,4,0,0,0,0,0,0,0,0,0,0,0,0,0,0,0,0,0,0,0,0,0,0,0,0,0,0,0,0,0,0,0,0,1,1,0,0,0,0,0,0,0,0,0,0,0,0,0,0,0,0,0,1,0,0,0,1,0,0,1,1,1,1,0,0,1,0,0,1,0,1,0,0,0,1,0,0,0,0,0,0,0,1,0,0,1,0,0,0,1,0,0,0,0,0,1,0,0,0,0,0,0,0,1,0,0,0,1,0,0,0,0,0,1,0,0,0,0,1,0,0,0,0,0,0,1,1,0,0,0,0,1,1,0,1,0,1,1,0,0,0,1,0,1,0,0,1,1,0,1,0,0,1,0,0,0,0,1,0,1,1,0,1,1,1,1,1,0,1
CHEMBL261_289,42,43,-1,-1,-1,2.2666666666666666,3.678163793102325,3.730287616265846,12.922033348816582,0.10585877193188077,0.11226506230612378,2.3327940110100926,8.38521808040293,0.21405938440593086,0.10985987160955023,-0.3940271187287769,-0.9560492956764413,9.985714285714286,5.24330206580624,-0.2979242614971025,-0.6382981429609647,0.021167247386759583,0.06876775064545654,4.379238735839283,18.73747201119484,0.8333333333333334,0.37267799624996495,-1.7888543819998317,1.200000000000002,2.2666666666666666,3.678163793102325,3.730287616265846,12.922033348816582,2.0,0.0,0,0,2.0476190476190474,3.1844292375810452,4.314170217327944,18.41961061232524,0.0,0.0,0,0,0.052031778895132934,0.15897761749863984,5.071133366488981,27.14482663628454,0.03333333333333333,0.049333010869713693,3.754743437559078,13.096484684528942,0.03333333333333335,0.5517349771589386,3.8264930000367,13.978607807376694,1.3333333333333333,0.4714045207910316,0.7071067811865479,-1.4999999999999982,-0.8615004270670726,86.0,516.0,0.0,388.0,7194.0,88.0,0.0,0.0,0.0,2038.0,2802.0,105024.0,0.0,0.0,0.0,0.0,574.0,0.0,0.0,0.0,120.0,0.0,0.0,0.0,0.0,0.0,0.0,0.0,0.0,0.0,0.0,1,1,0,1,1,1,0,0,0,1,1,1,0,0,0,0,1,0,0,0,1,0,0,0,0,0,0,0,0,0,0,7.551724137931035,3.190354070681483,2.366526169122783,4.035080629312602,2.206896551724138,0.8042692268752138,0.006620349794104431,-0.7710315743944633,0.0,0.0,0,0,3.1379310344827585,0.34482758620689646,2.1000000000000023,2.410000000000008,0.7241379310344828,0.44694763437295587,-1.0029717747535973,-0.9940476190476191,15.248206896551725,6.700289933918766,2.375201751159506,4.1072205333226774,0.3793103448275862,0.5517241379310344,1.1030273437499998,0.21099853515625044,453.2860000000002,126.64999999999999,3.8488000000000016,0,4,0,0,0,0,0,0,0,0,0,0,0,0,0,0,0,0,0,0,0,0,0,0,0,0,0,0,0,0,0,0,0,0,1,1,0,0,0,0,1,0,0,0,1,0,0,0,0,0,0,0,0,1,1,1,1,1,0,0,1,1,1,1,1,0,1,1,0,1,0,1,0,0,0,1,0,0,0,1,0,1,1,1,0,1,1,0,0,1,1,0,0,0,0,0,1,0,1,0,1,0,0,1,1,1,0,1,1,1,0,0,0,0,1,0,0,0,0,1,0,0,1,1,0,0,1,1,0,0,0,0,1,1,0,1,1,1,1,1,0,0,0,0,1,0,1,1,0,0,1,0,1,1,0,0,0,0,1,0,1,1,0,1,1,1,1,1,0,0
CHEMBL261_290,37,36,-1,-1,-1,2.260869565217391,3.2062085329715866,2.8105400164466254,6.190784517867733,0.10917775661196631,0.12291153114417407,1.6394990151379498,2.9858700088204397,0.18082714118149235,0.10287533816617657,-0.1503598894676387,-1.2888551245875723,7.342342342342343,4.318224865023106,-0.039293630572631105,-1.0388271408705525,0.01651651651651652,0.05051707662503353,3.668013282494951,12.140778326922582,0.8108108108108109,0.3916588309780929,-1.5871507864874157,0.5190476190476199,2.260869565217391,3.2062085329715866,2.8105400164466254,6.190784517867733,2.0,0.0,0,0,1.945945945945946,2.6400854403244787,3.48652866036642,11.05199545602336,0.0,0.0,0,0,0.03451905701481253,0.07355270597999541,1.7541402169426554,1.2327727785994664,0.04347826086956521,0.056371718866271875,2.8315342809064923,6.275793059359673,0.04347826086956521,0.047290792282666416,-1.6549905170869696,2.6469828235060033,1.3043478260869565,0.4601306627938419,0.8504200642707606,-1.276785714285715,-0.5936035242131608,72.0,326.0,0.0,276.0,3102.0,80.0,0.0,0.0,0.0,1296.0,1498.0,29160.0,0.0,0.0,0.0,0.0,428.0,0.0,0.0,0.0,120.0,0.0,0.0,0.0,0.0,0.0,0.0,0.0,0.0,0.0,0.0,1,1,0,1,1,1,0,0,0,1,1,1,0,0,0,0,1,0,0,0,1,0,0,0,0,0,0,0,0,0,0,6.714285714285714,1.7166650155199772,4.513818258037399,21.505701306773272,2.1714285714285713,0.7362342129557214,0.14798291649762385,-0.35422412541733195,0.0,0.0,0,0,3.142857142857143,0.3499271061118826,2.0412414523193156,2.1666666666666687,0.6285714285714286,0.4831867007225075,-0.5321811563901744,-1.7167832167832167,13.439114285714286,3.441049871116402,4.524136061113929,21.582141712314012,0.6571428571428571,0.7537660547584526,0.6581075257620309,-0.962594133967499,493.5530000000002,204.89,0.8162000000000001,0,8,0,0,0,0,0,0,0,0,0,0,0,0,0,0,0,0,0,0,0,0,0,0,0,0,0,1,0,0,0,0,0,0,1,1,0,0,0,0,1,0,0,0,0,0,0,0,0,0,0,0,0,1,0,1,0,1,0,0,1,1,1,1,0,0,1,1,0,1,0,1,0,0,0,1,0,0,0,1,0,1,1,1,1,0,1,0,0,0,1,0,0,0,1,0,1,0,0,0,1,0,1,1,1,0,1,1,1,0,0,0,1,1,1,0,0,0,0,1,1,0,1,1,0,0,1,1,0,0,0,0,1,1,0,1,0,1,1,1,1,0,0,0,1,0,0,1,1,1,1,0,0,1,0,1,1,1,1,0,1,1,0,1,1,1,1,1,0,1
CHEMBL261_291,37,34,-1,-1,-1,2.0,2.6832815729997477,2.9814239699997196,7.138888888888889,0.11762967305659147,0.11484897493502678,1.6701803064084362,3.7012881360725585,0.17788390338313534,0.08558996594924088,-0.33658730213463195,-0.8924146448010419,7.522522522522523,3.848766847899823,-0.1665716072094223,-0.6948632079696244,0.025482625482625487,0.07789386791133338,3.127429170249631,8.086332593034554,0.8108108108108109,0.3916588309780929,-1.5871507864874157,0.5190476190476199,2.0,2.6832815729997477,2.9814239699997196,7.138888888888889,2.0,0.0,0,0,1.837837837837838,2.3076080222850335,3.4179493272332944,10.540953106741853,0.0,0.0,0,0,0.033364398881640264,0.16274680097914365,5.659060740622042,30.638725459717634,0.04000000000000001,0.04918419097006372,3.0036063026763347,7.251770326349179,0.0400000000000001,1.6642427164214484,-2.822854884721229,6.530490444076364,1.16,0.36660605559646714,1.8548520670059365,1.4404761904761942,-1.2629996826257832,68.0,254.0,0.0,104.0,2040.0,8.0,0.0,0.0,0.0,242.0,450.0,15960.0,0.0,0.0,0.0,0.0,18.0,0.0,0.0,0.0,0.0,0.0,0.0,0.0,0.0,0.0,0.0,0.0,0.0,0.0,0.0,1,1,0,1,1,1,0,0,0,1,1,1,0,0,0,0,1,0,0,0,0,0,0,0,0,0,0,0,0,0,0,7.0,2.1157009420498154,3.62034837525953,12.624038026256223,2.0952380952380953,0.8109231602822096,0.3604317209435073,-0.38917954815695666,0.0,0.0,0,0,3.1904761904761907,0.39267672624930106,1.5764815627361621,0.485294117647054,0.5714285714285714,0.4948716593053935,-0.28867513459481264,-1.916666666666667,14.01119047619048,4.242211548339107,3.626487489214764,12.657610653718475,0.7142857142857143,0.8247860988423223,0.5715767664977296,-1.2959999999999992,309.355,162.89999999999998,-0.6619999999999999,0,5,0,0,0,0,0,0,0,0,0,0,0,0,0,0,0,0,0,0,0,0,0,0,0,0,0,1,0,0,0,0,0,0,1,1,0,0,0,0,0,0,0,0,0,0,0,0,0,0,0,0,0,1,0,1,0,1,0,0,1,1,1,1,0,0,1,1,0,1,0,1,0,0,0,1,0,0,0,1,0,0,1,1,1,0,1,0,0,0,1,0,0,0,0,0,1,0,0,0,1,0,1,0,1,0,1,0,1,0,0,0,0,1,1,0,0,0,0,1,1,0,1,1,0,0,1,1,0,0,0,0,1,1,0,1,0,1,1,1,0,0,0,0,1,0,0,1,0,1,1,0,0,1,0,1,0,1,1,0,1,1,0,1,1,1,1,1,0,1
CHEMBL261_292,37,34,-1,-1,-1,2.0,2.6832815729997477,2.9814239699997196,7.138888888888889,0.11762967305659147,0.11484897493502678,1.6701803064084362,3.7012881360725585,0.17788390338313534,0.08558996594924088,-0.33658730213463195,-0.8924146448010419,7.522522522522523,3.848766847899823,-0.1665716072094223,-0.6948632079696244,0.025482625482625487,0.07789386791133338,3.127429170249631,8.086332593034554,0.8108108108108109,0.3916588309780929,-1.5871507864874157,0.5190476190476199,2.0,2.6832815729997477,2.9814239699997196,7.138888888888889,2.0,0.0,0,0,1.837837837837838,2.3076080222850335,3.4179493272332944,10.540953106741853,0.0,0.0,0,0,0.033364398881640264,0.16274680097914365,5.659060740622042,30.638725459717634,0.04000000000000001,0.04918419097006372,3.0036063026763347,7.251770326349179,0.04,0.031573800886194006,-1.5291086265524538,2.134257619679687,1.16,0.36660605559646714,1.8548520670059365,1.4404761904761942,-0.5528904664559363,68.0,254.0,0.0,104.0,2040.0,8.0,0.0,0.0,0.0,242.0,450.0,15960.0,0.0,0.0,0.0,0.0,18.0,0.0,0.0,0.0,0.0,0.0,0.0,0.0,0.0,0.0,0.0,0.0,0.0,0.0,0.0,1,1,0,1,1,1,0,0,0,1,1,1,0,0,0,0,1,0,0,0,0,0,0,0,0,0,0,0,0,0,0,7.05,2.15580611373101,3.5285323580159815,11.885222321023198,2.1,0.8306623862918076,0.33498672162996607,-0.5179584120982987,0.0,0.0,0,0,3.15,0.3570714214271425,1.9603921176392143,1.8431372549019622,0.6,0.48989794855663565,-0.4082482904638627,-1.8333333333333335,14.1112,4.322746437162374,3.5344621447739364,11.916536631689848,0.65,0.792148975887743,0.7076418527160231,-1.054046761162521,295.32800000000003,162.89999999999998,-0.7044999999999999,0,4,0,0,0,0,0,0,0,0,0,0,0,0,0,0,0,0,0,0,0,0,0,0,0,0,0,1,0,0,0,0,0,0,1,1,0,0,0,0,0,0,0,0,0,0,0,0,0,0,0,0,0,1,0,1,0,1,0,0,1,1,1,1,0,0,1,1,0,1,0,1,0,0,0,1,0,0,0,1,0,0,1,1,1,0,1,0,0,0,1,0,0,0,0,0,1,0,0,0,1,0,1,0,1,0,0,0,1,0,0,0,0,0,1,0,0,0,0,1,0,0,1,1,0,0,1,1,0,0,0,0,1,1,0,1,0,1,1,1,0,0,0,0,1,0,0,1,0,0,1,0,0,1,0,1,0,1,1,0,1,1,0,1,1,1,1,1,0,1
CHEMBL261_293,37,34,-1,-1,-1,2.0869565217391304,2.796162641880613,2.774482793719824,5.994895740191334,0.10957017846952957,0.12256183344411292,1.6158858379813654,2.807154467327009,0.16782915965391126,0.09263399161011161,-0.12507563354978943,-1.1664739958853088,6.918918918918919,3.992931370981199,-0.012069676997961508,-0.9811915580294093,0.018918918918918916,0.05374462002768719,3.2591803794121788,9.531958676792252,0.8108108108108109,0.3916588309780929,-1.5871507864874157,0.5190476190476199,2.0869565217391304,2.796162641880613,2.774482793719824,5.994895740191334,2.0,0.0,0,0,1.837837837837838,2.3192905895053983,3.3686669171904007,10.27234035773369,0.0,0.0,0,0,0.011740118496875254,0.030861467839791597,2.4215107168464747,4.269874402871565,0.043478260869565195,0.05297171995786421,2.789561954890824,6.0553024744965285,0.04347826086956523,0.017896142307039693,0.6004716325085578,1.2925382671618797,1.2173913043478262,0.4124709991523974,1.3703203194062967,-0.12222222222222534,0.14643386702223266,68.0,256.0,0.0,164.0,2046.0,24.0,0.0,0.0,0.0,636.0,762.0,15960.0,0.0,0.0,0.0,0.0,112.0,0.0,0.0,0.0,12.0,0.0,0.0,0.0,0.0,0.0,0.0,0.0,0.0,0.0,0.0,1,1,0,1,1,1,0,0,0,1,1,1,0,0,0,0,1,0,0,0,1,0,0,0,0,0,0,0,0,0,0,6.857142857142857,2.335761613034423,3.871892993446338,13.946806922842523,2.2857142857142856,0.6998542122237651,-0.4592793267718454,-0.895833333333333,0.0,0.0,0,0,3.2857142857142856,0.4517539514526257,0.9486832980505145,-1.0999999999999999,0.6190476190476191,0.4856209060564557,-0.4902903378454601,-1.7596153846153848,13.792428571428573,4.969949435130615,3.9156478083638087,14.194014977688692,0.6666666666666666,0.835710894037345,0.6889434849605389,-1.2210743801652886,303.75300000000004,94.2,2.149,1,1,0,0,0,0,0,0,0,0,0,0,0,0,0,0,0,0,0,0,0,0,0,0,0,0,0,1,0,0,0,0,0,0,0,0,0,0,0,0,1,0,0,0,0,0,0,0,0,0,0,0,0,0,0,0,0,0,0,1,0,0,0,0,1,0,0,1,0,0,0,0,0,0,0,0,0,1,0,1,0,1,1,0,0,1,1,1,1,1,0,0,1,1,0,0,0,1,1,1,1,0,1,1,0,1,1,1,1,1,0,0,0,1,0,0,0,0,0,0,1,0,1,1,1,0,0,1,0,0,0,1,0,1,0,1,1,1,0,1,1,0,0,0,1,0,0,1,0,1,1,0,0,1,1,1,0,0,1,0,1,0,0,1,1,1,1,1,0,0
CHEMBL261_294,35,32,-1,-1,-1,2.0,2.5875958289333063,3.0113697452588646,7.972423680215886,0.11146593256687955,0.12706995887472552,2.034158651564814,5.963240011903212,0.1806298888331359,0.09046638651822951,-0.15366745236576126,-0.9334446802943366,7.056190476190476,3.708105847948766,-0.026749419039249354,-0.7275758440612123,0.023784059078176725,0.06535519207416024,3.246735597744486,10.108618831686668,0.8,0.4,-1.5,0.24999999999999956,2.0,2.5875958289333063,3.0113697452588646,7.972423680215886,2.0,0.0,0,0,1.8285714285714285,2.21018052637871,3.456420989567392,11.690805718100314,0.0,0.0,0,0,0.004545896296922289,0.013636316663373213,3.028979018733887,8.022295706778634,0.0434782608695652,0.05089843209499412,3.0209224732451205,8.016379287086174,0.04347826086956521,0.736819934856258,-3.0634534931646393,9.15606221953003,1.173913043478261,0.3790346907426672,1.720618004029213,0.9605263157894743,0.8607179600906611,64.0,224.0,0.0,134.0,1722.0,8.0,0.0,0.0,0.0,350.0,604.0,13680.0,0.0,0.0,0.0,0.0,34.0,0.0,0.0,0.0,0.0,0.0,0.0,0.0,0.0,0.0,0.0,0.0,0.0,0.0,0.0,1,1,0,1,1,1,0,0,0,1,1,1,0,0,0,0,1,0,0,0,0,0,0,0,0,0,0,0,0,0,0,6.2105263157894735,0.40768245749551757,1.4200938936093876,0.016666666666668828,2.210526315789474,0.5210260492953509,0.21027665213127547,-0.06101624323198873,0.0,0.0,0,0,3.0526315789473686,0.22329687826943603,4.006938426723767,14.055555555555554,0.8421052631578947,0.36464227527765836,-1.8763883748662837,1.520833333333333,12.43121052631579,0.8137341851610532,1.4200938936093845,0.016666666666664387,0.7368421052631579,0.6359497880839248,0.2890952076624712,-0.6822105460686809,250.305,63.83,2.8241000000000014,0,3,0,0,0,0,0,0,0,0,0,0,0,0,0,0,0,0,0,0,0,0,0,0,0,0,0,1,0,0,0,0,0,0,0,0,0,0,0,0,1,0,0,0,0,0,0,0,0,0,0,0,0,0,0,1,0,0,0,0,0,0,0,0,0,0,0,1,0,0,0,0,0,0,0,0,0,0,0,1,0,0,1,0,1,0,1,0,0,0,0,0,0,0,0,0,0,0,0,0,1,0,1,1,0,0,0,1,1,0,0,0,0,0,0,0,0,0,0,0,0,0,1,1,0,0,0,1,0,0,0,0,0,1,0,1,0,1,0,1,0,0,0,0,1,0,0,1,0,0,0,0,0,1,0,1,0,1,1,0,1,0,0,1,1,1,0,1,0,0
CHEMBL261_295,40,39,-1,-1,-1,2.1379310344827585,3.2981095727498886,3.4539142353587926,10.527659759760725,0.10803624750679555,0.11544769042579592,2.0945280631025573,6.251948722673006,0.20613308265362723,0.10193632743792243,-0.40146849720925964,-0.8508373428262432,9.31297619047619,4.76986976574828,-0.2940191466281282,-0.584074921690735,0.025742240215924427,0.07434163635670123,3.8789520070852257,14.536734203954754,0.825,0.3799671038392666,-1.7106744068953987,0.9264069264069255,2.1379310344827585,3.2981095727498886,3.4539142353587926,10.527659759760725,2.0,0.0,0,0,1.95,2.8892040426387338,3.9308276587662294,14.680422796071472,0.0,0.0,0,0,0.018278615794143742,0.04394422815307029,2.0297857449153165,2.207128072081554,0.03448275862068966,0.04795483372060764,3.4630274623659654,10.624209020598538,0.034482758620689655,0.016650484410539044,0.0367685267379718,-0.1863416497913266,1.206896551724138,0.40508069394726653,1.4471361022898732,0.09420289855072772,-1.998969847003789,78.0,408.0,0.0,262.0,4740.0,48.0,0.0,0.0,0.0,1342.0,1600.0,55680.0,0.0,0.0,0.0,0.0,288.0,0.0,0.0,0.0,48.0,0.0,0.0,0.0,0.0,0.0,0.0,0.0,0.0,0.0,0.0,1,1,0,1,1,1,0,0,0,1,1,1,0,0,0,0,1,0,0,0,1,0,0,0,0,0,0,0,0,0,0,8.5,5.570970677154412,3.918264843786129,15.434560312304267,2.0714285714285716,0.9230605702371489,0.403129468445927,-0.7993832693893648,0.0,0.0,0,0,3.5357142857142856,0.4987228587060336,-0.14322297480788584,-1.9794871794871793,0.32142857142857145,0.4670248868079293,0.7647191129018724,-1.415204678362573,17.42853571428572,12.91443842173265,4.093034687800142,16.659944586223073,0.6428571428571429,0.8112726208286104,0.7371216890168014,-1.088516315125292,506.14300000000014,223.10999999999996,-0.6159000000000008,0,10,0,0,0,0,0,0,0,0,0,0,0,0,0,0,0,0,0,0,0,0,0,0,0,0,0,1,0,0,1,1,0,0,0,0,0,0,0,0,1,0,0,0,0,1,0,0,1,0,1,0,0,0,0,0,0,0,0,0,0,0,0,0,0,0,0,1,0,0,0,1,0,0,1,0,0,1,0,1,0,1,1,0,0,1,1,1,1,1,0,1,0,1,1,0,0,1,1,1,1,0,1,1,1,0,1,1,1,1,0,1,1,0,1,1,0,0,0,1,0,0,1,1,1,0,1,1,1,1,1,0,1,1,1,1,1,1,1,1,1,1,1,0,1,1,1,0,1,0,1,0,1,1,0,1,1,1,1,1,1,1,0,1,1,1,1,1,0,0
CHEMBL261_296,38,37,-1,-1,-1,2.25,3.139134700306227,2.880165102428652,6.624916751963314,0.10943115340599362,0.11975229491712502,1.6785916029219041,3.340838392834808,0.17947882724234113,0.10077493078308698,-0.18049775427491777,-1.2253308995135483,7.552631578947368,4.386999877888465,-0.08622186371773446,-1.0168832779163213,0.017425320056899004,0.05332491372535399,3.6805338164502372,12.298258211028832,0.8157894736842105,0.3876557858593746,-1.6292261599251143,0.6543778801843323,2.25,3.139134700306227,2.880165102428652,6.624916751963314,2.0,0.0,0,0,1.9473684210526316,2.605130246476754,3.531633480189284,11.423745439400244,0.0,0.0,0,0,0.03564167661912023,0.09047066793181686,3.715952891586274,15.523247891519382,0.041666666666666664,0.053418775169424164,2.9081851614969727,6.7170450940470445,0.041666666666666664,0.5567875011109363,-2.741022366283612,6.083976885683883,1.3333333333333333,0.4714045207910317,0.7071067811865478,-1.4999999999999996,1.168732826069944,74.0,328.0,0.0,260.0,3102.0,56.0,0.0,0.0,0.0,1120.0,1390.0,29160.0,0.0,0.0,0.0,0.0,282.0,0.0,0.0,0.0,48.0,0.0,0.0,0.0,0.0,0.0,0.0,0.0,0.0,0.0,36.0,1,1,0,1,1,1,0,0,0,1,1,1,0,0,0,0,1,0,0,0,1,0,0,0,0,0,0,0,0,0,1,6.6,0.8793937305515279,1.4586852010932014,1.2681331747919176,2.2666666666666666,0.6289320754704403,-0.2763140541140171,-0.6597651811639951,0.0,0.0,0,0,3.5,0.5,0.0,-2.0,0.4,0.4898979485566357,0.40824829046386263,-1.833333333333334,13.274933333333335,1.9441444550810068,1.7333880854860821,2.3757250119462965,0.7333333333333333,0.8919392106839766,0.5478406936818659,-1.5198027527230726,420.42400000000015,115.41,1.0525999999999995,2,4,0,0,0,0,0,0,0,0,0,0,0,0,0,0,0,0,0,0,0,1,0,0,0,0,0,1,0,0,0,0,0,0,0,0,0,0,0,0,1,0,0,0,1,0,0,0,0,0,0,0,0,0,0,0,0,0,0,1,0,0,0,0,1,0,0,1,0,0,0,0,0,0,0,0,0,1,0,1,0,0,1,0,0,1,1,1,1,0,0,0,0,0,0,0,0,1,1,0,1,0,1,0,0,0,0,1,1,1,0,1,0,1,0,0,0,0,0,0,1,0,1,1,1,0,0,1,0,0,1,1,0,0,1,1,1,1,0,1,1,0,0,0,1,0,1,1,0,1,1,0,1,1,0,1,0,0,1,1,1,1,0,1,1,1,1,1,0,0
CHEMBL261_297,35,31,-1,-1,-1,1.9130434782608696,2.430119758692542,2.918887929306993,7.229097843960533,0.09954650034482702,0.13660864848363707,2.3790825219801657,7.599814247955887,0.14434499460640482,0.06139986351415106,-0.37004483739737254,-0.9199260157531177,6.3895238095238085,3.1319730728086066,-0.12286236166617691,-0.6885844204473779,0.03407181054239877,0.08256000503456527,2.1269300293670317,2.7390303290414524,0.8,0.4,-1.5,0.24999999999999956,1.9130434782608696,2.430119758692542,2.918887929306993,7.229097843960533,2.0,0.0,0,0,1.7714285714285714,2.0851271189164504,3.3116128902199073,10.4202643307849,0.0,0.0,0,0,0.0,0.0,0,0,0.0434782608695652,0.05088381123356855,2.9375067598412996,7.2723709200548825,0.04347826086956524,0.3012801842042356,-3.449001038464226,12.325589419811008,1.0,0.0,0,0,0.36598422478333603,62.0,200.0,0.0,54.0,1392.0,0.0,0.0,0.0,0.0,38.0,190.0,9720.0,0.0,0.0,0.0,0.0,0.0,0.0,0.0,0.0,0.0,0.0,0.0,0.0,0.0,0.0,0.0,0.0,0.0,0.0,0.0,1,1,0,1,1,0,0,0,0,1,1,1,0,0,0,0,0,0,0,0,0,0,0,0,0,0,0,0,0,0,0,9.285714285714286,4.266624149448022,0.9170895359538677,-1.1119718876309608,2.0,0.7559289460184544,0.0,-1.25,0.0,0.0,0,0,3.142857142857143,0.3499271061118826,2.0412414523193156,2.166666666666668,0.7142857142857143,0.45175395145262565,-0.9486832980505138,-1.1,18.596714285714285,8.55934653237176,0.9174084334520984,-1.1118579411185676,0.42857142857142855,0.7284313590846835,1.3577270894181974,0.23372781065088866,133.201,51.8,0.409,0,0,0,0,0,0,0,0,0,0,0,0,0,0,0,0,0,0,0,0,0,0,0,0,0,0,0,0,0,0,0,0,0,0,0,0,0,0,1,0,0,0,0,0,0,0,0,0,0,1,0,0,0,0,1,1,0,0,0,0,0,1,0,0,0,0,1,1,0,0,0,0,0,0,0,0,0,0,0,1,0,1,1,1,0,1,1,0,0,0,1,0,0,0,0,0,1,0,1,0,0,0,0,0,0,0,0,0,1,0,0,0,0,0,0,0,0,0,0,0,0,0,1,1,0,0,1,0,0,0,0,0,0,1,0,1,0,1,0,1,0,0,0,0,1,0,0,0,0,0,0,0,0,1,0,0,0,0,1,0,1,0,0,1,1,0,0,1,0,1
CHEMBL261_298,41,38,-1,-1,-1,2.0,3.039963702142647,3.3214261467189528,9.419803965248384,0.10734595304853166,0.11343319737423194,2.090979561861245,6.24897367126438,0.1889653038659876,0.09276993054239457,-0.37637995693778903,-0.8409683109427539,8.81869918699187,4.526911692666113,-0.24608538842788572,-0.6292053525111339,0.025390869293308315,0.07591240868243444,3.5234442093623923,11.967139384812064,0.8292682926829268,0.37627435659857345,-1.7501500535908443,1.0630252100840352,2.0,3.039963702142647,3.3214261467189528,9.419803965248384,2.0,0.0,0,0,1.853658536585366,2.6370805699074165,3.7895246141741223,13.381550724775554,0.0,0.0,0,0,0.003760571036473974,0.011947998985225779,3.0270674091559675,7.469408186476471,0.034482758620689655,0.04755144585342196,3.3088906248519576,9.325871205399165,0.034482758620689655,0.03186271686228747,-1.4424390379670669,2.459059696579031,1.1379310344827587,0.3448275862068966,2.0999999999999983,2.4099999999999966,0.29842541841799763,76.0,350.0,0.0,152.0,3570.0,8.0,0.0,0.0,0.0,602.0,872.0,36024.0,0.0,0.0,0.0,0.0,44.0,0.0,0.0,0.0,0.0,0.0,0.0,0.0,0.0,0.0,0.0,0.0,0.0,0.0,0.0,1,1,0,1,1,1,0,0,0,1,1,1,0,0,0,0,1,0,0,0,0,0,0,0,0,0,0,0,0,0,0,7.4,2.8000000000000003,2.702623906705539,6.1225531028738,2.16,0.8333066662399864,0.10816936009241843,-0.8169954766505989,0.0,0.0,0,0,3.12,0.32496153618543844,2.33873832860732,3.4696969696969635,0.64,0.48,-0.5833333333333335,-1.659722222222222,14.867880000000003,5.8075233986269925,2.754611113827769,6.424187958023136,0.44,0.6374950980203691,1.1516531352575181,0.18063736127472296,382.7850000000001,154.45,2.0698999999999996,0,4,0,0,0,0,0,0,0,0,0,0,0,0,0,0,0,0,0,0,0,0,0,0,0,0,0,0,0,0,0,0,0,0,1,1,0,0,0,0,0,0,0,0,0,0,0,0,0,0,0,0,0,1,0,1,0,1,0,1,1,1,1,1,1,0,1,1,0,1,0,1,0,1,0,1,0,0,0,0,0,1,1,1,0,1,1,0,0,1,1,1,0,0,1,0,1,1,1,1,0,0,0,0,1,1,0,0,1,1,0,0,1,0,1,0,0,0,0,1,0,0,1,1,0,0,1,1,0,0,0,0,1,1,0,1,1,1,1,1,0,0,1,0,1,0,1,0,1,0,1,0,1,1,1,0,1,0,1,0,1,1,0,1,1,1,1,1,0,1
CHEMBL261_299,32,31,-1,-1,-1,2.2,2.4819347291981715,2.53755744418252,5.651416765053126,0.11868649572504017,0.1310096016806021,1.6656070214614576,3.8657185843067285,0.18126171031101396,0.09132756006210178,-0.09290665003004896,-0.9954792618935535,6.421875,3.393016309836934,0.014273748288998998,-0.8498650917647446,0.020967741935483866,0.05667656579046359,3.0435852012218265,8.413179981090869,0.78125,0.41339864235384227,-1.360672102833218,-0.14857142857142858,2.2,2.4819347291981715,2.53755744418252,5.651416765053126,2.0,0.0,0,0,1.9375,2.105610065990377,2.9946744850510814,8.965236662850046,0.0,0.0,0,0,0.03340526427962489,0.08711726070688684,3.314783119713165,11.084498254809981,0.05000000000000001,0.051702840041776464,2.5626965967460547,5.592503150763955,0.049999999999999996,0.1298661325998579,2.850436185186068,7.540097071375259,1.35,0.4769696007084729,0.6289709020331503,-1.6043956043956051,-1.4504218811841265,62.0,200.0,0.0,188.0,1290.0,32.0,0.0,0.0,0.0,396.0,778.0,8904.0,0.0,0.0,0.0,0.0,100.0,0.0,0.0,0.0,12.0,0.0,0.0,0.0,0.0,0.0,0.0,0.0,0.0,0.0,24.0,1,1,0,1,1,1,0,0,0,1,1,1,0,0,0,0,1,0,0,0,1,0,0,0,0,0,0,0,0,0,1,6.380952380952381,0.7853534524986021,1.5764815627361621,0.485294117647054,2.0952380952380953,0.6098213559459855,-0.05237534697483786,-0.35960737656156994,0.0,0.0,0,0,3.0952380952380953,0.2935435239509036,2.7577641592229627,5.605263157894736,0.5714285714285714,0.4948716593053935,-0.28867513459481264,-1.916666666666667,12.770619047619046,1.5659947842822133,1.5764815627361648,0.4852941176470593,0.7619047619047619,0.6098213559459856,0.1809330168221657,-0.5563652587745405,284.311,66.76,2.8969000000000014,0,5,0,0,0,0,0,0,0,0,0,0,0,0,0,0,0,0,0,0,0,0,0,0,0,0,0,0,0,0,0,0,0,0,0,0,0,0,0,0,0,0,0,0,0,0,0,0,0,0,0,0,0,0,0,0,0,0,0,0,0,0,0,0,0,0,0,0,0,0,0,0,0,0,0,0,0,0,0,0,0,0,0,0,0,0,0,0,0,0,0,0,0,0,0,0,0,0,0,0,0,1,0,0,0,0,0,0,0,0,0,1,0,0,0,1,0,0,0,0,1,0,0,0,0,1,0,1,1,1,0,0,0,1,1,0,0,0,0,0,0,1,1,0,0,1,0,1,1,1,0,0,0,0,1,1,1,1,0,1,0,1,0,0,1,1,1,1,0,1
CHEMBL261_300,38,35,-1,-1,-1,2.0,2.7735009811261455,3.082746340521711,7.777000000000001,0.11175087815464903,0.11759052132442048,1.763871904103221,3.9375376763547996,0.17925640141200958,0.08806451105624657,-0.27432253927434025,-0.942128550999219,7.801378446115288,4.045303540532606,-0.14094248694304312,-0.73796626147554,0.026197249881460407,0.07227158236743889,3.299285687408438,10.089948972638586,0.8157894736842105,0.3876557858593746,-1.6292261599251139,0.6543778801843323,2.0,2.7735009811261455,3.082746340521711,7.777000000000001,2.0,0.0,0,0,1.8421052631578947,2.3899605346826793,3.5295880271684816,11.352408978316237,0.0,0.0,0,0,0.004361388384754991,0.013021033807359405,2.790120758308128,6.186554560040721,0.038461538461538464,0.04813472211976776,3.0743584866731206,7.734145655538184,0.038461538461538464,0.033976044513417944,-1.249874169553499,1.7439570156919872,1.1538461538461537,0.36080121229411,1.9188064472004944,1.6818181818181834,-0.8743082913958088,70.0,276.0,0.0,128.0,2370.0,8.0,0.0,0.0,0.0,466.0,600.0,19920.0,0.0,0.0,0.0,0.0,38.0,0.0,0.0,0.0,0.0,0.0,0.0,0.0,0.0,0.0,0.0,0.0,0.0,0.0,0.0,1,1,0,1,1,1,0,0,0,1,1,1,0,0,0,0,1,0,0,0,0,0,0,0,0,0,0,0,0,0,0,6.717948717948718,1.7679296590705846,3.8561279524949525,16.737892444579572,2.2051282051282053,0.7571704133453026,0.34873987638060694,-0.07909687736722315,0.0,0.0,0,0,3.5641025641025643,0.4958738360465055,-0.25854384499751093,-1.933155080213903,0.3076923076923077,0.46153846153846145,0.8333333333333338,-1.305555555555555,13.523025641025642,3.6486719852232263,3.597389902874985,14.536568724914833,0.9230769230769231,0.8284868934053083,0.1440739692752986,-1.5288347205707489,563.6860000000003,78.51,5.474600000000005,2,8,0,0,0,0,0,0,0,0,0,0,0,1,0,0,0,0,0,0,0,0,0,0,0,0,0,0,0,0,0,0,0,0,1,1,0,0,0,0,0,0,0,0,1,0,0,0,0,0,0,0,0,1,0,0,0,1,0,0,1,1,1,1,0,0,1,0,0,1,0,0,0,0,0,1,0,1,0,0,0,0,1,1,1,0,0,0,0,0,1,0,1,1,1,0,1,0,0,1,1,0,1,1,1,0,1,1,1,1,0,0,1,1,1,0,0,0,0,1,1,0,0,1,1,0,1,1,0,0,1,1,1,1,1,1,1,0,1,1,1,0,0,0,1,0,1,1,1,1,1,0,1,1,0,1,1,1,1,0,1,1,0,1,1,1,1,1,0,0
CHEMBL261_301,34,30,-1,-1,-1,2.0,2.4083189157584592,2.5557962334297564,5.038049940546967,0.11203186904036799,0.1298484694757862,1.645919911253572,3.233633800399998,0.15522682320131023,0.08411378911455707,-0.007188418138869134,-1.0809924486015214,5.887254901960784,3.3670405025010477,0.10537843332247859,-0.9222185028864813,0.018883689839572195,0.05142333260058506,2.941444219846132,7.539239152592694,0.7941176470588235,0.40434491426080943,-1.454785934906616,0.11640211640211628,2.0,2.4083189157584592,2.5557962334297564,5.038049940546967,2.0,0.0,0,0,1.7647058823529411,1.9861109430746038,3.097594927471001,8.779561403508767,0.0,0.0,0,0,0.005453859865624571,0.01565312603440756,2.79291293419065,6.58882063943682,0.05000000000000001,0.05477358635176715,2.5771186303892133,5.131347502490788,0.05000000000000001,0.11938486636157564,2.843244420876359,6.741280588601439,1.2,0.4,1.5000000000000004,0.2500000000000018,-0.37735762919375687,60.0,180.0,0.0,100.0,1122.0,8.0,0.0,0.0,0.0,284.0,376.0,6840.0,0.0,0.0,0.0,0.0,30.0,0.0,0.0,0.0,0.0,0.0,0.0,0.0,0.0,0.0,0.0,0.0,0.0,0.0,0.0,1,1,0,1,1,1,0,0,0,1,1,1,0,0,0,0,1,0,0,0,0,0,0,0,0,0,0,0,0,0,0,6.411764705882353,0.7714633558002354,1.4496230377547,0.25202812330989444,2.0,0.5940885257860046,0.0,-0.16666666666666696,0.0,0.0,0,0,3.3529411764705883,0.47788461203740945,0.615457454896663,-1.6212121212121218,0.35294117647058826,0.4778846120374094,0.6154574548966635,-1.6212121212121213,12.832176470588236,1.5383877058674174,1.4492734437866674,0.2509616532869283,1.0,0.7669649888473704,0.0,-1.3,235.28300000000004,66.4,2.3252,0,7,0,0,0,0,0,0,0,0,0,0,0,0,0,0,0,0,0,0,0,0,0,0,0,0,1,0,0,0,0,0,0,0,0,0,0,0,0,0,0,0,0,0,0,0,0,0,0,0,0,0,0,0,0,0,0,0,0,0,0,0,0,0,0,0,0,0,0,0,1,1,0,1,1,0,0,0,0,0,0,0,0,0,0,0,0,0,0,0,0,0,1,1,1,0,1,0,0,0,0,0,0,0,1,0,1,0,0,0,0,0,1,1,0,0,0,0,0,1,1,0,0,0,0,0,1,0,0,0,1,1,0,1,1,0,0,0,1,0,0,1,0,0,0,0,0,0,1,1,0,0,0,1,1,0,1,1,1,0,1,1,0,1,1,1,1,1,0,0
CHEMBL261_302,35,32,-1,-1,-1,2.0952380952380953,2.6168822217207786,2.5745669113950314,4.951793342397259,0.11461246814938347,0.12423932837928234,1.484111835881244,2.3551908202194003,0.16158434238929592,0.08815490787720227,-0.0809197340135515,-1.1289595531500347,6.323809523809524,3.626827477427126,0.024940804873992625,-0.9756124295909467,0.01833460656990069,0.053215351828795616,3.1512296597845726,8.720395784464364,0.8,0.4,-1.5,0.24999999999999956,2.0952380952380953,2.6168822217207786,2.5745669113950314,4.951793342397259,2.0,0.0,0,0,1.8285714285714285,2.15785229582848,3.1563558463403,8.90273612769465,0.0,0.0,0,0,0.023507864684335276,0.08527101573564111,5.004690961578988,24.896842388587583,0.04761904761904763,0.0548035288076019,2.620134075859562,5.126645934289536,0.04761904761904764,0.04818855935440371,-1.363644619237142,1.91683162945544,1.2857142857142858,0.45175395145262565,0.9486832980505128,-1.100000000000001,-0.6386833297636317,64.0,216.0,0.0,132.0,1506.0,16.0,0.0,0.0,0.0,380.0,542.0,10200.0,0.0,0.0,0.0,0.0,52.0,0.0,0.0,0.0,0.0,0.0,0.0,0.0,0.0,0.0,0.0,0.0,0.0,0.0,12.0,1,1,0,1,1,1,0,0,0,1,1,1,0,0,0,0,1,0,0,0,0,0,0,0,0,0,0,0,0,0,1,6.291666666666667,0.6757197808427856,2.0008706592996264,2.1858636094204016,2.0833333333333335,0.5713045500334204,0.006207020914803233,-0.0027161611588959467,0.0,0.0,0,0,3.2916666666666665,0.45452967144315476,0.916698497028212,-1.1596638655462177,0.5,0.5,0.0,-2.0,12.592666666666666,1.3474726548451945,2.0004998933129867,2.184308694937706,0.9583333333333334,0.7347996703561832,0.06527433305797381,-1.1464521665408758,325.408,66.4,4.382300000000003,0,9,0,0,0,0,0,0,0,0,0,0,0,0,0,0,0,0,0,0,0,0,0,0,0,0,1,0,0,0,0,0,0,0,0,0,0,0,0,0,0,0,0,0,0,0,0,0,0,0,0,0,0,0,0,0,0,0,0,0,0,0,0,0,1,0,0,0,0,0,1,1,0,1,1,0,0,0,0,0,0,0,0,0,0,0,0,0,0,0,0,0,1,1,1,0,1,0,0,0,0,0,0,0,1,0,1,0,0,0,0,0,1,1,0,0,0,0,0,1,1,0,0,0,0,0,1,1,0,0,1,1,0,1,1,0,0,0,1,0,0,1,0,0,0,0,0,1,1,1,0,0,0,1,1,0,1,1,1,0,1,1,0,1,1,1,1,1,0,0
CHEMBL261_303,40,38,-1,-1,-1,2.0714285714285716,3.104473401728676,3.3997189777677264,10.19584448820607,0.10674714126077892,0.11664067829300084,2.3554275341633586,8.504792806374942,0.19236835844751132,0.09516530643083225,-0.37046277999715704,-0.8651333335692297,8.715833333333332,4.50273828723515,-0.239249775402143,-0.6315282766229853,0.02408906882591093,0.07434954421198979,3.616219692334608,12.306305731779483,0.825,0.3799671038392666,-1.7106744068953987,0.9264069264069255,2.0714285714285716,3.104473401728676,3.3997189777677264,10.19584448820607,2.0,0.0,0,0,1.9,2.6814175355583845,3.9035463195686515,14.611999744661588,0.0,0.0,0,0,0.03253333650635,0.15606159708223358,5.949389375319542,33.92499682233208,0.03571428571428572,0.04881241186575709,3.3801458287676174,9.964358367943415,0.035714285714285705,0.022002264259074984,1.7675704060318727,5.232622695523768,1.25,0.4330127018922193,1.1547005383792515,-0.6666666666666665,-2.047088685352439,76.0,356.0,0.0,176.0,3780.0,16.0,0.0,0.0,0.0,620.0,998.0,40800.0,0.0,0.0,0.0,0.0,70.0,0.0,0.0,0.0,0.0,0.0,0.0,0.0,0.0,0.0,0.0,0.0,0.0,0.0,0.0,1,1,0,1,1,1,0,0,0,1,1,1,0,0,0,0,1,0,0,0,0,0,0,0,0,0,0,0,0,0,0,6.735294117647059,1.9297793767440297,4.453472884333335,20.624765465972228,2.176470588235294,0.6169463812765598,-0.13001762580621617,-0.5066115702479341,0.0,0.0,0,0,3.264705882352941,0.44117647058823534,1.0666666666666664,-0.8622222222222224,0.6176470588235294,0.4859621071134796,-0.484182026135042,-1.7655677655677655,13.5515,4.120805048773844,4.460838383649769,20.578976121828845,0.6764705882352942,0.7561741254224965,0.6136190490198387,-1.012691081454084,483.9350000000002,117.85000000000001,4.880300000000004,0,10,0,0,0,0,0,0,0,0,0,0,0,0,0,0,0,0,0,0,0,0,0,0,0,0,1,0,0,0,0,0,0,0,0,0,0,0,0,0,1,0,0,0,1,0,0,0,0,0,0,0,0,0,1,0,0,0,0,0,0,0,0,0,1,0,0,1,0,0,1,1,1,1,1,0,0,1,0,1,0,1,1,0,0,1,0,0,0,1,0,0,1,1,1,0,1,0,1,0,1,0,1,1,1,1,1,1,0,1,0,0,1,1,0,0,0,0,0,1,1,0,1,1,1,0,1,1,0,0,1,1,1,1,1,1,1,1,0,1,0,1,0,0,1,0,1,1,0,1,1,0,1,1,0,1,1,1,1,0,1,1,0,1,1,1,1,1,0,0
CHEMBL261_304,38,33,-1,-1,-1,1.9166666666666667,2.6127359010984805,2.950502714163021,6.91618553041585,0.10921343354793714,0.11995088747631062,1.7362018949840798,4.0298504911035264,0.15552992223198225,0.08166926753096843,-0.2098421902992764,-1.0934866998415103,6.791228070175438,3.8053665876118496,-0.044689719791267055,-0.865089542356491,0.02240398293029872,0.06705845953877845,3.0887255223551087,8.006129327399256,0.8157894736842105,0.3876557858593746,-1.6292261599251139,0.6543778801843323,1.9166666666666667,2.6127359010984805,2.950502714163021,6.91618553041585,2.0,0.0,0,0,1.736842105263158,2.18468606110708,3.4875386507767043,11.032389281743123,0.0,0.0,0,0,0.0,0.0,0,0,0.041666666666666664,0.05171686122267569,2.95395566310798,6.958129522268004,0.041666666666666664,0.026352943877429712,2.0993423048474438,5.340290245797709,1.0,0.0,0,0,-0.3869780623067221,66.0,230.0,0.0,58.0,1770.0,0.0,0.0,0.0,0.0,200.0,234.0,13080.0,0.0,0.0,0.0,0.0,0.0,0.0,0.0,0.0,0.0,0.0,0.0,0.0,0.0,0.0,0.0,0.0,0.0,0.0,0.0,1,1,0,1,1,0,0,0,0,1,1,1,0,0,0,0,0,0,0,0,0,0,0,0,0,0,0,0,0,0,0,7.038461538461538,2.9283858671599696,2.9946699766200413,7.3139489178597294,2.1538461538461537,0.7174906963914472,0.3881786764067882,0.16250495441934376,0.0,0.0,0,0,3.4615384615384617,0.4985185152621431,0.15430334996209116,-1.976190476190476,0.46153846153846156,0.4985185152621431,0.1543033499620917,-1.976190476190476,14.197769230769232,6.234260429320524,3.015588336856282,7.406702494571952,0.8846153846153846,0.8003327710263389,0.21042943468957867,-1.4101413949618378,392.32600000000014,40.540000000000006,4.939900000000005,0,6,0,0,0,0,0,0,0,0,0,0,0,0,0,0,0,0,0,0,0,0,0,0,0,0,0,0,0,0,0,0,0,0,0,0,0,0,0,0,0,0,0,0,0,0,0,0,0,0,0,0,0,0,0,0,0,0,0,0,0,0,0,0,1,0,0,0,1,0,0,0,0,0,0,0,0,1,0,0,0,0,0,0,0,0,0,1,1,1,0,0,1,0,0,0,0,0,0,1,1,0,1,0,0,1,1,0,0,1,0,0,0,1,1,0,0,0,0,0,1,0,0,1,1,0,0,1,0,1,1,1,0,0,1,0,1,0,0,1,1,1,0,0,0,1,0,1,0,1,1,0,0,0,1,1,1,1,0,1,1,1,0,1,1,1,1,1,0,0
CHEMBL261_305,39,39,-1,-1,-1,2.2222222222222223,3.258417399692262,3.1995050721250844,8.774943212547328,0.11032559726072091,0.1160572627201368,1.9135694555227976,5.004180416122413,0.2020330529576249,0.10294254580821005,-0.3386368599113085,-1.0092384519976498,8.779487179487182,4.626114190176015,-0.2294551001587061,-0.7764339501380513,0.021774811248495462,0.06545399469485746,3.743746648348061,12.930748899890554,0.8205128205128205,0.3837597319768145,-1.6703827619526517,0.7901785714285703,2.2222222222222223,3.258417399692262,3.1995050721250844,8.774943212547328,2.0,0.0,0,0,2.0,2.8010986855435576,3.731028987337815,13.106305267204924,0.0,0.0,0,0,0.03217338217338217,0.08707882337566565,4.095264739214932,18.552492981000697,0.03703703703703703,0.049572852817709234,3.2223859301623548,8.870994477808395,0.037037037037037035,0.02600677773125759,2.5149645800922484,6.614979147076539,1.2962962962962963,0.4566232594791834,0.8922178162191939,-1.2039473684210522,-1.4267799019532474,78.0,384.0,0.0,306.0,4116.0,56.0,0.0,0.0,0.0,1314.0,1804.0,44760.0,0.0,0.0,0.0,0.0,310.0,0.0,0.0,0.0,48.0,0.0,0.0,0.0,0.0,0.0,0.0,0.0,0.0,0.0,36.0,1,1,0,1,1,1,0,0,0,1,1,1,0,0,0,0,1,0,0,0,1,0,0,0,0,0,0,0,0,0,1,6.484848484848484,1.908850393699833,5.068474889545973,24.91966808053136,2.242424242424242,0.552147489645109,0.03835136794820609,-0.348708085353461,0.0,0.0,0,0,3.212121212121212,0.40881022918884974,1.4083737016560935,-0.01648351648351465,0.696969696969697,0.459568208730397,-0.8571946154145237,-1.2652173913043472,13.023666666666665,4.0584452215302385,5.115174972041936,25.28150712556854,0.7878787878787878,0.6856793029687734,0.2996917412450798,-0.88201904296875,455.98900000000026,48.99,6.693400000000007,1,6,0,0,0,0,0,0,0,0,0,0,0,0,0,0,0,0,0,0,0,0,0,0,0,0,0,0,0,0,0,0,0,0,0,0,0,0,0,0,1,0,0,0,0,0,0,0,0,0,0,0,0,0,0,0,0,0,0,0,0,0,0,0,1,0,0,1,0,0,0,0,0,0,0,0,0,1,0,1,0,1,0,0,0,1,0,1,0,1,0,0,1,1,1,0,0,0,1,0,0,0,1,0,0,1,0,0,0,1,0,0,1,1,0,0,0,0,0,1,1,0,1,1,1,0,0,1,0,0,1,1,0,0,1,0,1,0,0,1,0,0,0,0,1,0,1,1,0,1,1,0,1,1,0,1,1,1,1,0,1,0,0,1,1,1,1,1,0,0
CHEMBL261_306,38,34,-1,-1,-1,2.0,2.753785273643051,2.873168067174974,6.522038401159282,0.10989840103151118,0.1193236394198624,1.6705494863459605,3.225302637532362,0.166451447978186,0.09039945146210464,-0.17032462879578858,-1.0889784791114965,7.078947368421054,4.030945146613594,-0.04869928288476121,-0.9219094454033199,0.019875138296190926,0.058840736657839586,3.1708421817124304,8.838171383962866,0.8157894736842105,0.3876557858593746,-1.6292261599251139,0.6543778801843323,2.0,2.753785273643051,2.873168067174974,6.522038401159282,2.0,0.0,0,0,1.7894736842105263,2.295967801177604,3.4416303163321693,10.744480946504526,0.0,0.0,0,0,0.003841772107662809,0.011677957523589416,2.9813596768180735,7.775271684935838,0.041666666666666664,0.05231809946433061,2.887733915851599,6.584727097973458,0.04166666666666666,0.03289135434819685,-1.045703670610822,1.8092946404375008,1.1666666666666667,0.37267799624996495,1.788854381999831,1.1999999999999984,0.3399771666369783,68.0,254.0,0.0,124.0,2046.0,8.0,0.0,0.0,0.0,440.0,582.0,15960.0,0.0,0.0,0.0,0.0,38.0,0.0,0.0,0.0,0.0,0.0,0.0,0.0,0.0,0.0,0.0,0.0,0.0,0.0,0.0,1,1,0,1,1,1,0,0,0,1,1,1,0,0,0,0,1,0,0,0,0,0,0,0,0,0,0,0,0,0,0,7.2,2.297825058615212,3.0977910139388953,10.34022038567493,2.08,0.844748483277715,0.24588739559301254,-0.7905145890727736,0.0,0.0,0,0,3.44,0.4963869458396342,0.24174688920761445,-1.9415584415584413,0.44,0.4963869458396343,0.24174688920761425,-1.9415584415584417,14.625160000000001,4.970772830697458,2.965644140956645,9.471598056097536,0.56,0.7525955088890711,0.9215565517494012,-0.6435411280283438,379.7410000000001,67.15,2.545600000000001,0,6,0,0,0,0,0,0,0,0,0,0,0,0,0,0,0,0,0,0,0,0,0,0,0,0,0,0,0,0,0,0,0,0,0,0,0,0,0,0,0,0,0,0,1,0,0,0,0,0,0,0,0,0,1,0,0,0,0,0,0,0,0,0,0,0,0,1,0,0,0,0,0,0,0,0,0,1,0,0,0,0,1,0,1,1,0,0,0,1,0,0,0,0,1,0,1,1,1,1,0,0,1,0,0,1,1,0,1,1,0,1,1,1,1,0,0,0,0,1,1,0,1,1,1,0,1,1,0,0,1,1,0,1,1,0,1,0,0,1,1,1,0,0,1,0,1,0,0,1,1,0,1,1,0,1,1,1,1,1,1,1,0,1,1,1,1,1,0,0
CHEMBL261_307,39,34,-1,-1,-1,1.92,2.6969612529660116,3.021223021453484,7.2894468413900295,0.11002741815158726,0.11633998837855117,1.7154813552915356,3.7655703814621297,0.1587044470357765,0.08353496510822117,-0.24223052335194814,-1.081619180804259,7.1,3.972325920587738,-0.07996972923484026,-0.8551899470016386,0.02239486450012766,0.06849405435912291,3.1697171266887243,8.560195370597235,0.8205128205128205,0.3837597319768145,-1.6703827619526517,0.7901785714285703,1.92,2.6969612529660116,3.021223021453484,7.2894468413900295,2.0,0.0,0,0,1.7435897435897436,2.2613582113178814,3.5655963149718812,11.5161195335645,0.0,0.0,0,0,0.0,0.0,0,0,0.04,0.051154683476572774,3.0188194280167147,7.28213048075993,0.04000000000000001,0.0996800103935547,-2.705635565348666,6.077909995261571,1.0,0.0,0,0,-0.8556161363891366,68.0,250.0,0.0,62.0,2040.0,0.0,0.0,0.0,0.0,222.0,270.0,15960.0,0.0,0.0,0.0,0.0,0.0,0.0,0.0,0.0,0.0,0.0,0.0,0.0,0.0,0.0,0.0,0.0,0.0,0.0,0.0,1,1,0,1,1,0,0,0,0,1,1,1,0,0,0,0,0,0,0,0,0,0,0,0,0,0,0,0,0,0,0,8.28125,8.235723917027574,5.014771606524224,24.192352735955513,2.0625,0.7043392293490403,-0.0880369450286853,-0.9844379688759379,0.0,0.0,0,0,3.25,0.4330127018922193,1.1547005383792515,-0.6666666666666665,0.34375,0.47495887979908324,0.657951694959769,-1.567099567099567,17.22540625,20.0342866042495,5.128486027632595,25.082338367657794,0.71875,0.7173900177030623,0.47462134459430405,-0.959806141958528,574.3970000000002,157.72,2.0960999999999994,2,12,0,0,0,0,0,0,0,0,0,0,0,0,0,0,0,0,0,0,0,0,0,0,0,0,0,0,0,1,0,0,0,0,0,0,0,0,1,1,0,0,0,0,0,1,0,0,0,1,0,0,0,0,0,0,1,0,0,0,0,0,0,0,0,0,0,1,0,0,0,0,0,0,0,0,0,0,0,1,0,0,1,0,1,1,0,0,0,1,1,0,1,1,1,0,0,1,1,0,0,0,1,0,0,0,1,0,1,1,0,0,1,1,0,0,0,0,0,1,1,0,1,1,0,1,0,1,0,0,0,1,0,1,0,0,1,0,1,1,0,1,1,0,1,0,0,0,1,1,0,0,0,1,0,1,1,1,1,1,1,1,0,1,1,1,1,1,0,0
CHEMBL261_308,38,36,-1,-1,-1,2.1666666666666665,3.023059524536176,2.9171249454343036,6.9248251586737,0.10958918506277596,0.1196076920225487,1.7631409481930713,4.07628114157087,0.17531878927094383,0.09735794349030101,-0.17726461370207622,-1.1662998822715185,7.412280701754386,4.274864801067439,-0.07878404355078296,-0.9726534380782104,0.01813655761024182,0.05555232905035455,3.5864463717565314,11.822949697866521,0.8157894736842105,0.3876557858593746,-1.6292261599251139,0.6543778801843323,2.1666666666666665,3.023059524536176,2.9171249454343036,6.9248251586737,2.0,0.0,0,0,1.894736842105263,2.510917987763487,3.5502524541102556,11.6942528593623,0.0,0.0,0,0,0.026463432307985552,0.08380368969268011,4.780824005343726,23.881060913696924,0.041666666666666664,0.05346070772953085,2.9419703584029993,6.988635873416783,0.041666666666666664,0.07390807121997216,3.08608028930075,8.157991645994978,1.2916666666666667,0.45452967144315476,0.9166984970282107,-1.159663865546219,-1.0757186473362281,72.0,304.0,0.0,206.0,2772.0,32.0,0.0,0.0,0.0,788.0,1066.0,25200.0,0.0,0.0,0.0,0.0,148.0,0.0,0.0,0.0,12.0,0.0,0.0,0.0,0.0,0.0,0.0,0.0,0.0,0.0,24.0,1,1,0,1,1,1,0,0,0,1,1,1,0,0,0,0,1,0,0,0,1,0,0,0,0,0,0,0,0,0,1,6.542857142857143,0.9363411204670823,1.6506491028780657,1.4871518783225657,2.2285714285714286,0.636315927180574,-0.23681828130143334,-0.6621357960457863,0.0,0.0,0,0,3.2285714285714286,0.4199125273342591,1.2927862531355656,-0.32870370370370416,0.6571428571428571,0.4746642207381757,-0.6621221919717305,-1.5615942028985499,13.179942857142859,2.099945114151554,1.8533432952373237,2.30603836372224,0.5428571428571428,0.6020373573058708,0.620800635059743,-0.5565497930362802,480.45000000000016,94.82000000000001,4.140800000000003,0,7,0,0,0,0,0,0,0,0,0,0,0,1,0,0,0,0,0,0,0,0,0,0,0,0,0,0,0,0,0,0,0,0,0,0,0,0,0,0,1,0,0,0,1,0,0,0,0,0,0,0,0,0,1,0,0,0,0,0,0,0,0,0,1,0,0,1,0,0,0,0,0,0,0,0,0,1,0,1,0,1,1,0,0,1,0,1,0,1,0,0,0,1,1,0,1,1,1,0,1,0,0,0,0,0,1,0,1,1,0,0,1,1,0,1,0,0,0,1,0,0,1,1,1,0,1,1,1,1,0,0,0,0,0,1,1,1,0,1,0,0,0,0,1,1,1,1,0,0,1,0,1,1,1,0,1,0,1,1,1,1,0,1,1,1,1,1,0,0
CHEMBL261_309,37,35,-1,-1,-1,2.1739130434782608,2.9288990944520505,2.78764622785817,6.1113291200830755,0.10819758908814395,0.12377523477069306,1.6339299923838608,2.8997356955715796,0.17208163617414737,0.09621507428069727,-0.12930714086304598,-1.230379656644987,7.063063063063064,4.1152870634551935,-0.01444676869656412,-1.0158452163571778,0.018146718146718147,0.05139013311160928,3.3843766487071227,10.39236482515317,0.8108108108108109,0.3916588309780929,-1.5871507864874157,0.5190476190476199,2.1739130434782608,2.9288990944520505,2.78764622785817,6.1113291200830755,2.0,0.0,0,0,1.8918918918918919,2.4249133033684274,3.4129434570371973,10.626835353574323,0.0,0.0,0,0,0.02248603642331865,0.052906872638467946,2.052230937145407,2.4466062537045454,0.04347826086956521,0.053163142794207745,2.8037401611434323,6.180668637936503,0.04347826086956521,0.03745793985476223,-0.9358378298423381,1.0299832230541917,1.2608695652173914,0.43910891036356847,1.0891622972743424,-0.8137254901960773,-0.8074539746556464,70.0,280.0,0.0,214.0,2376.0,48.0,0.0,0.0,0.0,910.0,1044.0,19920.0,0.0,0.0,0.0,0.0,234.0,0.0,0.0,0.0,48.0,0.0,0.0,0.0,0.0,0.0,0.0,0.0,0.0,0.0,0.0,1,1,0,1,1,1,0,0,0,1,1,1,0,0,0,0,1,0,0,0,1,0,0,0,0,0,0,0,0,0,0,6.897435897435898,2.4577963007839507,3.54821952445889,11.668961180271658,2.2564102564102564,0.741376015117998,0.30539690025474664,-0.08049266271376743,0.0,0.0,0,0,3.5384615384615383,0.49851851526214314,-0.1543033499620912,-1.9761904761904767,0.3076923076923077,0.4615384615384615,0.8333333333333335,-1.3055555555555556,13.903794871794872,5.242325693418061,3.555384382977742,11.679261690929858,0.8461538461538461,0.8332347081677908,0.29426559562246724,-1.4989346590909085,575.5120000000003,82.70000000000002,4.229300000000003,3,5,0,0,0,0,0,0,0,0,0,0,0,0,0,0,0,0,0,0,0,0,0,0,0,0,0,0,0,0,0,0,0,0,0,0,0,0,0,0,0,0,0,0,1,0,0,0,0,0,0,0,0,0,0,1,1,0,0,1,0,0,0,0,1,0,0,0,1,0,0,0,0,0,0,0,0,1,0,0,0,1,1,0,1,1,0,1,1,1,0,0,1,1,1,0,0,1,1,1,1,0,1,1,0,1,1,1,0,1,0,1,1,1,1,0,0,0,0,1,1,0,1,1,1,0,0,1,0,1,1,1,0,1,1,0,1,1,1,1,1,0,0,0,1,1,1,1,1,1,1,0,1,1,0,1,1,1,1,1,1,1,0,1,1,1,1,1,0,0
CHEMBL261_310,40,38,-1,-1,-1,2.0714285714285716,3.0813792300175704,3.2360825160070075,8.881546353918672,0.10832834842097809,0.11517364684850076,1.9237328587349531,4.857345186116927,0.19525578440483773,0.09748363296156344,-0.35858472240473976,-0.9140751752540055,8.749166666666667,4.5514679408589345,-0.2260209389866555,-0.7156946190788553,0.023549257759784076,0.0689047205641665,3.484017367823802,11.196426056304958,0.825,0.3799671038392666,-1.7106744068953987,0.9264069264069255,2.0714285714285716,3.0813792300175704,3.2360825160070075,8.881546353918672,2.0,0.0,0,0,1.9,2.662705391138869,3.722631439789001,12.892498423453448,0.0,0.0,0,0,0.008560041149326864,0.023670078722647647,2.6314183646242943,5.512352028336492,0.035714285714285705,0.048183541396961044,3.250956868165965,8.978594286002668,0.03571428571428572,0.08833333494397208,-2.674442264020926,6.775304990342255,1.1785714285714286,0.3829930462415574,1.6785086548325643,0.8173913043478271,-1.1015143239238316,76.0,352.0,0.0,218.0,3570.0,24.0,0.0,0.0,0.0,910.0,1224.0,36024.0,0.0,0.0,0.0,0.0,136.0,0.0,0.0,0.0,12.0,0.0,0.0,0.0,0.0,0.0,0.0,0.0,0.0,0.0,0.0,1,1,0,1,1,1,0,0,0,1,1,1,0,0,0,0,1,0,0,0,1,0,0,0,0,0,0,0,0,0,0,6.291666666666667,0.6109532624422992,1.9305197907057197,2.361189832341804,2.25,0.5951190357119042,-0.14826495007355397,-0.5190311418685121,0.0,0.0,0,0,3.1666666666666665,0.3726779962499649,1.7888543819998335,1.2000000000000028,0.6666666666666666,0.4714045207910317,-0.7071067811865475,-1.5000000000000002,12.592833333333333,1.218530797951187,1.9293544343063704,2.355785266389298,0.7083333333333334,0.6757197808427856,0.42999728019164696,-0.8120111610692651,319.3640000000001,74.85,2.862400000000001,0,4,0,0,0,0,0,0,0,0,0,0,0,0,0,0,0,0,0,0,0,0,0,0,1,0,0,0,0,0,0,0,0,0,0,0,0,0,0,0,0,0,0,0,0,0,0,0,0,0,0,0,0,0,1,0,0,0,0,0,0,0,0,0,0,0,0,1,0,0,0,1,0,0,0,0,0,0,0,0,0,0,0,0,0,0,0,0,0,0,0,0,1,1,1,0,1,1,0,0,1,0,0,1,0,0,0,1,0,0,0,0,1,1,0,1,0,0,0,1,0,0,1,1,0,0,1,1,0,1,0,0,0,1,0,1,0,1,1,1,0,0,0,0,1,1,0,1,0,1,0,0,0,1,0,0,1,1,1,0,1,1,0,1,1,1,1,1,0,0
CHEMBL261_311,39,36,-1,-1,-1,2.08,2.951880756399215,3.0009213893280644,7.216219702702549,0.11066564683187179,0.11573305600522728,1.7180482743421526,3.7552630319417997,0.16930057577986682,0.09174387120879399,-0.21564850828526103,-1.093799328552494,7.474358974358973,4.237683420386935,-0.11025648458579838,-0.9130351185711842,0.019987598934967356,0.06203871644557455,3.479092772879448,11.002493193868116,0.8205128205128205,0.3837597319768145,-1.6703827619526517,0.7901785714285703,2.08,2.951880756399215,3.0009213893280644,7.216219702702549,2.0,0.0,0,0,1.8461538461538463,2.4655416166657678,3.6056101425507707,11.830542923449505,0.0,0.0,0,0,0.03518703518703519,0.1583012585627539,5.7984015758254515,32.383822008161,0.039999999999999994,0.052275613798636704,3.027927804798251,7.344889030935336,0.04000000000000001,0.02355177168373633,2.4781057065315157,4.978765876805613,1.28,0.448998886412873,0.9799578870122222,-1.0396825396825407,0.7636195412854884,72.0,298.0,0.0,136.0,2700.0,16.0,0.0,0.0,0.0,528.0,660.0,23880.0,0.0,0.0,0.0,0.0,60.0,0.0,0.0,0.0,0.0,0.0,0.0,0.0,0.0,0.0,0.0,0.0,0.0,0.0,0.0,1,1,0,1,1,1,0,0,0,1,1,1,0,0,0,0,1,0,0,0,0,0,0,0,0,0,0,0,0,0,0,6.392857142857143,0.7717922423205111,1.9922799181742,3.098597361627588,2.2142857142857144,0.6185895741317419,-0.17551448183364673,-0.5642666666666658,0.0,0.0,0,0,3.142857142857143,0.3499271061118826,2.0412414523193156,2.166666666666668,0.6428571428571429,0.47915742374995496,-0.5962847939999442,-1.6444444444444446,12.830535714285718,1.6664401211252446,2.2624985614124915,4.713382172068263,0.6071428571428571,0.6175577309210922,0.4978537240405024,-0.6418496437400032,376.39100000000013,83.97999999999999,3.8835000000000024,0,5,0,0,0,0,0,0,0,0,0,0,0,0,0,0,0,0,0,0,0,0,0,0,1,0,0,0,0,0,0,0,0,0,0,0,0,0,0,0,1,0,0,0,1,0,0,0,0,0,0,0,0,0,0,0,0,0,0,0,0,0,0,0,1,0,0,1,0,0,0,0,0,0,0,0,0,0,0,1,0,1,0,0,0,0,0,0,0,1,0,0,1,1,1,0,0,0,0,1,1,0,0,0,0,0,0,0,0,1,0,0,1,0,0,0,0,0,0,1,0,0,1,1,0,0,0,1,0,0,0,0,0,1,0,1,1,1,1,1,0,0,0,0,1,0,1,1,0,1,0,0,1,1,0,0,1,0,1,0,1,1,0,1,1,1,1,1,0,0
CHEMBL261_312,38,37,-1,-1,-1,2.25,3.1655699855370965,2.970171863280297,7.3578260813188034,0.10653121955647345,0.1223392362796771,1.7488627774314958,3.759319659209863,0.17987777523743773,0.10168018518983704,-0.16824237358745475,-1.2572202538798123,7.5394736842105265,4.417979647693744,-0.04923205213732956,-1.0070393249748786,0.01750434645171487,0.05135841739131826,3.671844173448478,12.764393791713337,0.8157894736842105,0.3876557858593746,-1.6292261599251143,0.6543778801843323,2.25,3.1655699855370965,2.970171863280297,7.3578260813188034,2.0,0.0,0,0,1.9473684210526316,2.6252555607031427,3.635214108156899,12.472739244838232,0.0,0.0,0,0,0.033686136252536775,0.0732794506044101,1.8177409076209554,1.4652475093412791,0.041666666666666664,0.05322584002206491,2.999461572958727,7.540208426713903,0.041666666666666664,0.025739624262969864,-0.19904452126062258,-0.3430756965377615,1.2916666666666667,0.45452967144315476,0.9166984970282107,-1.1596638655462195,0.3503208623958471,74.0,332.0,0.0,280.0,3240.0,80.0,0.0,0.0,0.0,1322.0,1524.0,32064.0,0.0,0.0,0.0,0.0,428.0,0.0,0.0,0.0,120.0,0.0,0.0,0.0,0.0,0.0,0.0,0.0,0.0,0.0,0.0,1,1,0,1,1,1,0,0,0,1,1,1,0,0,0,0,1,0,0,0,1,0,0,0,0,0,0,0,0,0,0,6.257142857142857,0.6020373573058707,2.1760088375596154,3.246408570732899,2.2285714285714286,0.5897076411585798,-0.10645386896534591,-0.4513324075910865,0.0,0.0,0,0,3.342857142857143,0.4746642207381757,0.66212219197173,-1.561594202898551,0.42857142857142855,0.49487165930539345,0.28867513459481287,-1.9166666666666665,12.523914285714287,1.2006741290132112,2.1750828316477615,3.2418377948461226,0.9428571428571428,0.7148569144683888,0.08389457250865379,-1.0421817105410904,471.6010000000004,76.64,4.752500000000004,1,6,0,0,0,0,0,0,0,0,0,0,0,0,0,0,0,0,0,0,0,0,0,0,0,0,0,0,0,0,0,0,0,0,0,0,0,0,0,0,0,0,0,0,0,0,0,0,0,0,0,0,0,0,0,0,0,0,0,0,0,0,0,0,1,0,0,1,0,0,0,0,0,0,0,0,0,1,0,0,0,0,0,0,0,1,0,1,1,0,0,0,0,1,1,0,0,1,1,0,1,1,1,1,0,0,0,1,0,0,0,0,1,1,0,0,0,0,0,1,1,0,1,1,1,1,0,1,0,0,1,1,0,1,0,0,0,0,1,1,1,1,0,0,1,0,0,1,1,1,1,0,0,1,0,1,1,0,1,1,1,1,0,1,1,1,1,1,0,0
CHEMBL261_313,39,38,-1,-1,-1,2.1481481481481484,3.1115519969789958,3.1888199850570302,8.530576751381364,0.1109611209572427,0.11544979548244248,1.9130471289604445,5.014167328882435,0.19352481816514763,0.09722683932608994,-0.3142476451368161,-0.949805747314719,8.525641025641027,4.450467893955198,-0.21663083674531405,-0.7418986601451398,0.02345260239997082,0.06974242269531508,3.6682437543448203,12.437102378380235,0.8205128205128205,0.3837597319768145,-1.6703827619526517,0.7901785714285703,2.1481481481481484,3.1115519969789958,3.1888199850570302,8.530576751381364,2.0,0.0,0,0,1.9487179487179487,2.678965720330046,3.6955650955016934,12.635333431980206,0.0,0.0,0,0,0.04013635714801402,0.15879800294811486,5.653423465289025,31.233197662185333,0.03703703703703703,0.04888914006139502,3.1875206760596293,8.455333601313974,0.037037037037037035,0.019122758502534126,-0.0397147611869845,0.12759418198240358,1.2962962962962963,0.4566232594791835,0.8922178162191938,-1.2039473684210527,1.8875628564325193,76.0,352.0,0.0,222.0,3564.0,32.0,0.0,0.0,0.0,912.0,1220.0,36024.0,0.0,0.0,0.0,0.0,156.0,0.0,0.0,0.0,12.0,0.0,0.0,0.0,0.0,0.0,0.0,0.0,0.0,0.0,0.0,1,1,0,1,1,1,0,0,0,1,1,1,0,0,0,0,1,0,0,0,1,0,0,0,0,0,0,0,0,0,0,6.894736842105263,2.45795672186013,3.630268763635687,12.051969396822745,2.210526315789474,0.6137844099837159,-0.15888839505850164,-0.5350346020761236,0.0,0.0,0,0,3.3947368421052633,0.48879409528965023,0.43070552164653175,-1.8144927536231892,0.47368421052631576,0.4993069989739547,0.1054092553389463,-1.9888888888888894,13.87478947368421,5.228138015926264,3.6735316771689215,12.286471669862681,0.7894736842105263,0.8321783316232577,0.4098311847578219,-1.4369600000000005,557.4820000000002,103.71,4.7340000000000035,0,8,0,0,0,0,0,0,0,0,0,0,0,0,0,0,0,0,0,0,0,0,0,0,0,0,0,1,0,0,0,0,0,0,0,0,0,0,0,0,0,0,0,0,0,0,0,0,0,0,0,0,0,0,0,0,0,0,0,0,0,0,0,0,1,0,0,1,0,0,0,0,0,0,0,0,0,1,0,1,0,1,1,0,1,0,0,1,1,1,0,0,0,1,1,0,0,1,0,0,1,0,1,0,0,1,1,0,1,1,0,0,1,1,0,1,0,0,0,1,1,0,1,1,1,1,0,1,1,1,1,1,0,1,1,1,1,1,0,1,1,1,0,0,1,1,0,1,1,1,1,0,0,1,1,1,1,1,1,1,1,1,0,1,1,1,1,1,0,0
CHEMBL261_314,39,36,-1,-1,-1,2.0,2.8674417556808756,3.1104097934157053,7.968955441928417,0.11162794718537312,0.11480516995416706,1.773698619306437,3.855523451969913,0.18833421663155558,0.09286109604423612,-0.33924032785022995,-0.8709234495679352,8.253846153846156,4.26546200531449,-0.19753082747762848,-0.703191058321031,0.024400919137761243,0.07148414254540547,3.2452588068523562,9.429492527886088,0.8205128205128205,0.3837597319768145,-1.6703827619526517,0.7901785714285703,2.0,2.8674417556808756,3.1104097934157053,7.968955441928417,2.0,0.0,0,0,1.8461538461538463,2.4759195291432428,3.5620201769348743,11.585009168020752,0.0,0.0,0,0,0.0031883867639681592,0.009977319977198761,3.192171088848242,9.456538894399854,0.03703703703703703,0.04821226270713619,3.1193014414411526,8.012137433770437,0.03703703703703704,0.3275068770765849,-2.8858562193343555,7.036723158516255,1.1481481481481481,0.3552467795046459,1.9808869335422101,1.9239130434782599,-0.7459519896821585,72.0,300.0,0.0,158.0,2706.0,8.0,0.0,0.0,0.0,534.0,816.0,23880.0,0.0,0.0,0.0,0.0,42.0,0.0,0.0,0.0,0.0,0.0,0.0,0.0,0.0,0.0,0.0,0.0,0.0,0.0,0.0,1,1,0,1,1,1,0,0,0,1,1,1,0,0,0,0,1,0,0,0,0,0,0,0,0,0,0,0,0,0,0,6.972972972972973,2.3765349121060124,3.475301618615807,11.2126655531436,2.108108108108108,0.6486486486486487,-0.1085069444444435,-0.6523437499999991,0.0,0.0,0,0,3.3513513513513513,0.47739247926096473,0.6227523687795279,-1.6121794871794868,0.32432432432432434,0.46812183988348033,0.7505553499465135,-1.4366666666666659,13.99537837837838,4.92532934473697,3.5346574733488785,11.6544207001924,0.8648648648648649,0.7767625871999952,0.2388432586939698,-1.308757746132063,550.0850000000003,160.53,2.6477,2,12,0,0,0,0,0,0,0,0,0,0,0,0,0,0,0,0,0,0,0,0,0,0,0,0,0,1,0,0,0,0,0,0,0,0,0,0,0,0,1,0,0,0,0,1,0,0,0,1,0,0,0,0,0,1,1,0,0,0,0,0,0,0,0,0,0,1,0,0,0,0,0,0,0,1,0,0,0,1,0,0,1,1,1,0,0,0,0,1,1,0,1,1,1,0,0,1,0,1,1,0,1,0,0,1,1,0,1,1,0,0,1,1,0,0,0,0,0,1,1,0,1,1,0,1,0,1,0,1,1,1,0,1,1,1,1,1,1,1,1,1,1,0,1,1,1,1,1,1,0,0,1,1,1,1,1,1,1,1,1,1,0,1,1,1,1,1,0,0
CHEMBL261_315,34,33,-1,-1,-1,2.1818181818181817,2.6906633794452253,2.6624515542760574,5.508131606930638,0.11440984505502771,0.12775817805669779,1.5227733554282445,2.317399959640471,0.18418333530923842,0.09388866749850988,-0.14452578745072944,-1.126177030380416,6.97450980392157,3.725754376598179,-0.021273833174948967,-0.9204597973476139,0.0223373440285205,0.05709215070332219,3.193287991916404,9.331059620042016,0.7941176470588235,0.40434491426080943,-1.4547859349066157,0.11640211640211495,2.1818181818181817,2.6906633794452253,2.6624515542760574,5.508131606930638,2.0,0.0,0,0,1.9411764705882353,2.287320246496892,3.139542498831875,8.882941756949693,0.0,0.0,0,0,0.026721716059951356,0.060337166885092344,1.9749543655126414,2.19164927793614,0.04545454545454546,0.05031432457999712,2.6720679074456304,5.549579817347341,0.04545454545454548,0.08977198276867938,2.815705174991217,6.110521334182925,1.2727272727272727,0.44536177141512334,1.020620726159657,-0.9583333333333353,-2.074733817077858,66.0,240.0,0.0,214.0,1776.0,48.0,0.0,0.0,0.0,756.0,940.0,13080.0,0.0,0.0,0.0,0.0,210.0,0.0,0.0,0.0,48.0,0.0,0.0,0.0,0.0,0.0,0.0,0.0,0.0,0.0,0.0,1,1,0,1,1,1,0,0,0,1,1,1,0,0,0,0,1,0,0,0,1,0,0,0,0,0,0,0,0,0,0,10.227272727272727,9.866987281664498,2.099315006341821,2.44306287369446,2.090909090909091,0.7329325225725953,-0.1431170014490863,-1.1313609467455616,0.0,0.0,0,0,3.272727272727273,0.4453617714151233,1.0206207261596565,-0.9583333333333348,0.5454545454545454,0.49792959773196915,-0.1825741858350551,-1.9666666666666663,21.81295454545455,23.12256659919693,2.1047404260984877,2.4564238614349607,0.5909090909090909,0.7172606290027047,0.7879559355918805,-0.6838921952871742,492.98900000000003,46.53,5.570300000000003,0,6,0,0,0,0,0,0,0,0,0,0,0,0,0,0,0,0,0,0,0,0,0,0,0,0,0,0,0,0,0,0,0,0,0,0,0,0,0,0,0,0,0,0,0,0,0,0,1,0,0,0,0,0,0,0,0,0,0,0,0,0,0,0,0,0,0,0,0,0,0,0,0,0,0,0,0,0,0,0,0,0,0,0,0,0,0,0,0,1,0,0,1,0,0,0,0,0,0,0,0,0,0,0,0,0,1,0,0,1,0,1,0,0,0,1,0,0,0,0,1,0,0,0,0,1,0,1,1,1,0,0,0,0,1,0,1,0,0,0,0,1,0,0,0,1,1,1,1,1,0,0,1,0,1,1,1,1,0,1,0,1,0,0,1,1,1,1,0,0
CHEMBL261_316,36,32,-1,-1,-1,2.0,2.5584085962673253,2.7360758598970003,5.708333333333332,0.11077572522311696,0.12452516403952354,1.5813955007278044,2.7143132199138744,0.15431140913695865,0.08285845422469258,-0.07363884355358026,-1.116813360741775,6.349999999999999,3.616961073526699,0.03841835631344252,-0.9355408751192162,0.021195144724556494,0.05736046031061473,3.1586317495860077,9.168599313868723,0.8055555555555556,0.3957724124659724,-1.5440972939559132,0.3842364532019724,2.0,2.5584085962673253,2.7360758598970003,5.708333333333332,2.0,0.0,0,0,1.7777777777777777,2.122774797171422,3.288823079639442,9.665573278288617,0.0,0.0,0,0,0.005970336852689794,0.01714051047903892,2.5948491071560955,4.90543555026409,0.04545454545454545,0.052672452075747514,2.7344468155038713,5.70299495474748,0.04545454545454546,0.09599283963051788,2.8242374816075086,6.029129828803503,1.1818181818181819,0.38569460791993493,1.6499158227686117,0.7222222222222232,-1.1687176005848472,64.0,212.0,0.0,92.0,1500.0,8.0,0.0,0.0,0.0,342.0,360.0,10200.0,0.0,0.0,0.0,0.0,32.0,0.0,0.0,0.0,0.0,0.0,0.0,0.0,0.0,0.0,0.0,0.0,0.0,0.0,0.0,1,1,0,1,1,1,0,0,0,1,1,1,0,0,0,0,1,0,0,0,0,0,0,0,0,0,0,0,0,0,0,6.714285714285714,1.924599083615354,4.015617294329749,16.395442023541197,2.142857142857143,0.6925256939166184,-0.1975061960921091,-0.9203259393390684,0.0,0.0,0,0,3.25,0.4330127018922193,1.1547005383792515,-0.6666666666666665,0.42857142857142855,0.4948716593053935,0.28867513459481275,-1.916666666666667,13.439571428571432,3.8576680912230916,4.024786391567595,16.457568381107805,0.7857142857142857,0.6738557951469003,0.28584212494553546,-0.8284307536927162,398.48400000000015,86.71000000000001,2.0763,2,6,0,0,0,0,0,0,0,0,0,0,0,0,0,0,0,0,0,0,0,1,0,0,0,0,0,0,0,0,0,0,0,0,0,0,0,0,0,0,0,0,0,0,0,0,0,0,0,0,0,0,0,0,0,0,1,0,0,0,0,0,0,0,0,0,0,0,0,0,0,0,0,0,0,0,0,1,0,0,0,1,0,1,0,0,0,1,0,0,1,0,1,1,1,0,0,1,0,0,0,0,1,1,0,0,1,1,0,0,0,0,1,1,0,0,0,0,0,1,1,0,0,1,1,1,0,1,0,1,1,0,0,1,1,1,0,1,1,1,0,1,1,0,1,1,1,1,1,1,1,0,1,1,0,1,1,1,1,1,1,1,0,1,1,1,1,1,0,0
CHEMBL261_317,35,31,-1,-1,-1,2.0,2.4688535993934706,2.658116302081349,5.3466796875,0.11145885011089181,0.12707617126505788,1.5746098355744942,2.7029277233181315,0.15094041730000649,0.08059514881451098,-0.04125621528006788,-1.1207781346202186,6.050476190476189,3.44298801042195,0.07399351183737136,-0.938197729997897,0.021084797555385792,0.05553171916260057,3.051729358779289,8.42043019359435,0.8,0.4,-1.5,0.24999999999999956,2.0,2.4688535993934706,2.658116302081349,5.3466796875,2.0,0.0,0,0,1.7714285714285714,2.043606256256876,3.202530453176848,9.175638249683185,0.0,0.0,0,0,0.006494336865180855,0.018273237561724814,2.513281579682036,4.457371414231629,0.047619047619047616,0.05323476790004861,2.663268627524489,5.39303675304696,0.047619047619047616,0.032803781758865024,-0.5474387634613362,0.4345338293080818,1.1904761904761905,0.39267672624930106,1.576481562736164,0.4852941176470571,1.5462056833030324,62.0,194.0,0.0,86.0,1284.0,8.0,0.0,0.0,0.0,304.0,312.0,8184.0,0.0,0.0,0.0,0.0,30.0,0.0,0.0,0.0,0.0,0.0,0.0,0.0,0.0,0.0,0.0,0.0,0.0,0.0,0.0,1,1,0,1,1,1,0,0,0,1,1,1,0,0,0,0,1,0,0,0,0,0,0,0,0,0,0,0,0,0,0,6.5625,0.8637671850678283,0.9705749417587353,-0.9545242729091856,2.125,0.7806247497997998,-0.22171590526858218,-1.3293885601577908,0.0,0.0,0,0,3.125,0.33071891388307384,2.267786838055363,3.1428571428571432,0.375,0.4841229182759271,0.5163977794943223,-1.7333333333333334,13.13275,1.7224151466763178,0.9703060637843561,-0.9550691811688874,0.5625,0.7043392293490403,0.8510238019439579,-0.5558931117862236,219.19599999999997,74.68,1.0381999999999998,0,2,0,0,0,0,0,0,0,0,0,0,0,0,0,0,0,0,0,0,0,0,0,0,0,0,0,0,0,0,0,0,0,0,0,0,0,0,0,0,0,0,0,0,0,0,0,0,0,0,0,0,0,0,0,0,0,0,0,0,0,0,0,0,1,0,0,0,0,0,0,0,0,0,0,0,0,1,0,0,0,0,0,0,0,1,0,1,0,0,0,1,0,0,1,0,0,0,1,0,0,0,0,0,0,0,0,0,0,0,0,0,1,1,0,0,0,0,0,1,1,0,0,1,1,1,0,0,0,1,0,0,0,0,1,1,0,1,1,1,0,1,1,0,0,1,0,0,1,1,1,0,1,0,0,0,1,0,1,1,1,1,0,1,1,1,1,1,0,0
CHEMBL261_318,36,33,-1,-1,-1,2.0,2.6457513110645907,2.983219590537115,7.561224489795919,0.11164306683861848,0.12374814505537267,1.917467588622284,5.162442651246929,0.18085531195388654,0.0896659847482155,-0.2185809816125923,-0.9447599053969453,7.316666666666667,3.82166299203519,-0.07940217227415862,-0.7571753494499447,0.024369747899159664,0.06718486081111491,3.074582049871765,8.411821651542944,0.8055555555555556,0.3957724124659724,-1.544097293955913,0.3842364532019724,2.0,2.6457513110645907,2.983219590537115,7.561224489795919,2.0,0.0,0,0,1.8333333333333333,2.266911751455907,3.4257027256479033,11.133791088385681,0.0,0.0,0,0,0.004019573492019728,0.011994647205753885,3.0199843200632155,8.362169988171269,0.04166666666666665,0.049987080302107,3.0058256662107974,7.708639903341831,0.041666666666666664,0.030232571453469047,-0.27564079550725556,-0.4397372045028951,1.1666666666666667,0.3726779962499649,1.7888543819998313,1.1999999999999993,0.7910610608848202,66.0,240.0,0.0,134.0,1890.0,8.0,0.0,0.0,0.0,396.0,594.0,15024.0,0.0,0.0,0.0,0.0,36.0,0.0,0.0,0.0,0.0,0.0,0.0,0.0,0.0,0.0,0.0,0.0,0.0,0.0,0.0,1,1,0,1,1,1,0,0,0,1,1,1,0,0,0,0,1,0,0,0,0,0,0,0,0,0,0,0,0,0,0,6.294117647058823,0.6655122646461624,1.9804514144951357,2.1845703125000018,2.1176470588235294,0.582323231565392,-0.018553822246877537,-0.1622240733027902,0.0,0.0,0,0,3.0,0.0,0,0,0.7058823529411765,0.45564509955381377,-0.9036961141150641,-1.183333333333333,12.597588235294117,1.3271563168192952,1.9799261055902002,2.1823412857794384,0.6470588235294118,0.47788461203740945,-0.6154574548966637,-1.621212121212121,225.247,49.66,3.1354000000000015,0,3,0,0,0,0,0,0,0,0,0,0,0,0,0,0,0,0,0,0,0,0,0,0,0,0,0,0,0,0,0,0,0,0,0,0,0,0,0,0,0,0,0,0,0,0,0,0,0,0,0,0,0,0,0,0,0,0,0,0,0,0,0,0,0,0,0,0,0,0,0,0,0,0,0,0,0,0,0,0,1,0,0,0,0,0,0,0,0,0,0,0,0,0,0,0,0,0,0,0,0,0,0,0,0,0,0,0,0,0,0,0,0,0,0,0,0,0,0,0,0,1,0,0,0,1,0,1,0,0,0,0,0,0,0,1,0,1,0,0,0,1,0,0,0,0,0,1,0,0,0,0,0,0,0,0,1,0,1,1,1,1,0,1,1,1,1,1,0,1
CHEMBL261_319,34,32,-1,-1,-1,2.090909090909091,2.5921049871605915,2.65598905773099,5.661578682207493,0.11549658933605814,0.12677658521044133,1.6015582280874459,2.8938746368087713,0.18337826726389855,0.09256011531159186,-0.15970242336004348,-1.0561790759332328,6.908823529411765,3.6599319507185935,-0.021325436365125048,-0.8625508007805691,0.0223373440285205,0.05854842738034929,3.0225431340384135,8.298874109019005,0.7941176470588235,0.40434491426080943,-1.454785934906616,0.11640211640211628,2.090909090909091,2.5921049871605915,2.65598905773099,5.661578682207493,2.0,0.0,0,0,1.8823529411764706,2.2064705098248294,3.1061511921973373,8.900153512061987,0.0,0.0,0,0,0.01130264568477776,0.028940363442874102,2.556127735013446,5.714236218866139,0.045454545454545456,0.051068295830444733,2.6809779616788707,5.786803838815418,0.04545454545454548,0.025836632460530178,0.45844991373202043,0.04839754025503007,1.2272727272727273,0.41907020260422223,1.301582746911936,-0.30588235294117805,0.8961664506641891,64.0,222.0,0.0,184.0,1566.0,24.0,0.0,0.0,0.0,524.0,804.0,11064.0,0.0,0.0,0.0,0.0,104.0,0.0,0.0,0.0,12.0,0.0,0.0,0.0,0.0,0.0,0.0,0.0,0.0,0.0,0.0,1,1,0,1,1,1,0,0,0,1,1,1,0,0,0,0,1,0,0,0,1,0,0,0,0,0,0,0,0,0,0,6.294117647058823,0.6655122646461624,1.9804514144951357,2.1845703125000018,2.1176470588235294,0.582323231565392,-0.018553822246877537,-0.1622240733027902,0.0,0.0,0,0,3.0588235294117645,0.23529411764705882,3.750000000000003,12.062500000000014,0.7058823529411765,0.45564509955381377,-0.9036961141150641,-1.183333333333333,12.597588235294117,1.3271563168192952,1.9799261055902002,2.1823412857794384,0.7647058823529411,0.5455069703232767,-0.07523216735123592,-0.295024337479719,227.26300000000003,49.33,2.996900000000002,0,4,0,0,0,0,0,0,0,0,0,0,0,0,0,0,0,0,0,0,0,0,0,0,0,0,0,0,0,0,0,0,0,0,0,0,0,0,0,0,0,0,0,0,0,0,0,0,0,0,0,0,0,0,0,0,0,0,0,0,0,0,0,0,0,0,0,0,0,0,0,0,0,0,0,0,0,0,0,0,0,0,0,0,1,0,0,0,0,0,0,0,0,0,0,0,0,0,0,0,0,0,1,0,0,0,0,0,0,0,0,0,0,0,0,0,0,0,0,0,0,0,0,0,0,1,0,1,0,0,0,0,0,1,0,1,0,1,0,0,0,1,0,0,0,0,0,1,0,0,0,0,0,1,0,1,1,1,1,1,1,1,0,1,1,1,1,1,0,1
CHEMBL261_320,40,39,-1,-1,-1,2.142857142857143,3.2039516417151144,3.317092699712672,9.472022734369142,0.10681722319351364,0.11657650204576861,1.9585689217156959,5.179504771361241,0.19451799530831776,0.09871627718512457,-0.30197511445921293,-1.0092471710889928,8.807142857142859,4.635820155564625,-0.1999913434568542,-0.7569187556713186,0.02408906882591093,0.06871637310248342,3.8114944613408,13.897299444857559,0.825,0.3799671038392666,-1.7106744068953987,0.9264069264069255,2.142857142857143,3.2039516417151144,3.317092699712672,9.472022734369142,2.0,0.0,0,0,1.95,2.7654113618049667,3.8322960804181814,13.805287341753619,0.0,0.0,0,0,0.019041338126159553,0.0457329416523114,2.0249598751844182,2.1882371920258725,0.03571428571428571,0.048064368279857196,3.320521076176791,9.518517215996217,0.035714285714285705,0.01680453768655845,0.0004875988125816486,0.26123948655620977,1.2142857142857142,0.410325903324145,1.3926212476455824,-0.060606060606060996,-0.5656665120651866,78.0,380.0,0.0,252.0,4110.0,48.0,0.0,0.0,0.0,1252.0,1460.0,44760.0,0.0,0.0,0.0,0.0,276.0,0.0,0.0,0.0,48.0,0.0,0.0,0.0,0.0,0.0,0.0,0.0,0.0,0.0,0.0,1,1,0,1,1,1,0,0,0,1,1,1,0,0,0,0,1,0,0,0,1,0,0,0,0,0,0,0,0,0,0,6.428571428571429,0.766651877999928,1.762456357265458,2.251736111111108,2.2857142857142856,0.612788873986492,-0.2584660066318253,-0.6275992438563329,0.0,0.0,0,0,3.2857142857142856,0.45175395145262565,0.9486832980505147,-1.0999999999999988,0.6,0.48989794855663565,-0.40824829046386285,-1.8333333333333337,12.894628571428571,1.63100946981072,2.028996714546351,3.8260896535758064,0.6571428571428571,0.7907630001770314,0.6888563558114239,-1.0687338518907339,474.4960000000004,106.00000000000001,2.4044000000000008,1,4,0,0,0,0,0,0,0,0,0,0,0,0,0,0,0,0,0,0,0,0,0,0,0,0,0,0,0,0,0,0,0,0,0,0,0,0,0,0,1,0,0,0,1,0,0,0,0,0,0,0,0,0,1,0,0,0,0,1,0,0,0,0,1,0,0,1,0,0,0,1,0,0,0,0,0,1,0,1,0,1,1,0,0,1,0,1,1,1,0,0,1,0,1,0,1,1,1,1,1,0,1,1,0,0,0,1,0,1,0,1,1,1,0,1,0,0,0,1,1,0,1,1,1,0,1,1,0,1,1,1,1,0,1,0,1,0,1,1,1,0,0,0,1,1,1,1,1,1,1,0,1,1,0,1,1,1,1,1,1,1,0,1,1,1,1,1,0,0
CHEMBL261_321,35,32,-1,-1,-1,2.0,2.395648228514071,2.656331713435024,5.601239669421487,0.11351688517611709,0.12524114879439913,1.5688991837631747,2.679010733620511,0.1658995754890825,0.07986077502899314,-0.15448619671857247,-0.9700874232505572,6.73904761904762,3.4701377834068294,-0.045047293670537496,-0.8350093103013139,0.027654698242933533,0.0688911774490757,2.787556804434694,7.022838409421125,0.8,0.4,-1.5,0.24999999999999956,2.0,2.395648228514071,2.656331713435024,5.601239669421487,2.0,0.0,0,0,1.8285714285714285,2.063086651261222,3.0415411819158527,8.387842460084679,0.0,0.0,0,0,0.006173759826511249,0.017711380098636292,2.6422408129855715,5.223679541888991,0.0434782608695652,0.04703323712119349,2.6439984003078636,5.571839279533398,0.04347826086956523,0.08971068046253584,2.945495255763993,6.903474558398036,1.173913043478261,0.3790346907426672,1.720618004029213,0.9605263157894743,-0.8818424440683332,64.0,202.0,0.0,108.0,1296.0,8.0,0.0,0.0,0.0,324.0,392.0,8184.0,0.0,0.0,0.0,0.0,30.0,0.0,0.0,0.0,0.0,0.0,0.0,0.0,0.0,0.0,0.0,0.0,0.0,0.0,0.0,1,1,0,1,1,1,0,0,0,1,1,1,0,0,0,0,1,0,0,0,0,0,0,0,0,0,0,0,0,0,0,6.444444444444445,0.7617394000445604,1.3189919443958538,0.013580805794475737,2.2222222222222223,0.6285393610547089,-0.2099223256647569,-0.62109375,0.0,0.0,0,0,3.388888888888889,0.4874980215217845,0.45584230583855223,-1.7922077922077917,0.3333333333333333,0.4714045207910317,0.7071067811865479,-1.4999999999999993,12.897444444444444,1.5190705572897834,1.318364442515016,0.011749925198208722,0.7777777777777778,0.8534606386520677,0.44131834230787753,-1.4857799482907215,246.266,49.85000000000001,0.5055999999999998,0,2,0,0,0,0,0,0,0,0,0,0,0,0,0,0,0,0,0,0,0,0,0,0,0,0,0,0,0,0,1,0,0,0,0,0,0,0,0,0,0,0,0,0,0,0,0,0,0,0,0,0,0,0,0,0,0,0,0,1,0,0,0,0,0,0,0,0,0,0,0,0,0,0,1,0,0,1,0,1,0,0,0,0,0,1,0,1,1,0,0,0,0,0,1,0,0,1,1,1,1,0,1,1,0,0,0,1,0,0,0,1,1,1,0,0,0,0,0,1,1,0,1,1,1,0,0,0,0,1,1,1,0,0,1,0,0,1,1,1,1,0,0,0,1,1,1,1,1,1,1,0,1,0,1,1,1,1,1,1,1,1,0,1,1,1,1,1,0,1
CHEMBL261_322,37,34,-1,-1,-1,2.0869565217391304,2.796162641880613,2.774482793719824,5.994895740191334,0.10957017846952957,0.1225618334441129,1.615885837981366,2.8071544673270123,0.16782915965391126,0.09263399161011161,-0.12507563354978943,-1.1664739958853088,6.918918918918919,3.9929313709811995,-0.012069676997961503,-0.9811915580294106,0.018918918918918916,0.05374462002768719,3.2591803794121788,9.531958676792254,0.8108108108108109,0.3916588309780929,-1.5871507864874157,0.5190476190476199,2.0869565217391304,2.796162641880613,2.774482793719824,5.994895740191334,2.0,0.0,0,0,1.837837837837838,2.3192905895053983,3.368666917190401,10.27234035773369,0.0,0.0,0,0,0.011740118496875254,0.030861467839791597,2.4215107168464747,4.269874402871565,0.043478260869565195,0.052971719957864226,2.7895619548908246,6.05530247449653,0.043478260869565195,0.6328712504300286,2.755716665106902,5.917741946716276,1.2173913043478262,0.4124709991523974,1.3703203194062967,-0.12222222222222534,-0.2544581514682996,68.0,256.0,0.0,164.0,2046.0,24.0,0.0,0.0,0.0,636.0,762.0,15960.0,0.0,0.0,0.0,0.0,112.0,0.0,0.0,0.0,12.0,0.0,0.0,0.0,0.0,0.0,0.0,0.0,0.0,0.0,0.0,1,1,0,1,1,1,0,0,0,1,1,1,0,0,0,0,1,0,0,0,1,0,0,0,0,0,0,0,0,0,0,7.8076923076923075,3.475399598156147,2.047225791539075,2.696690825214339,2.1538461538461537,0.9069097017347382,0.0018306235892377452,-1.2416541586874386,0.0,0.0,0,0,3.269230769230769,0.4435600997950306,1.0405319634289447,-0.917293233082705,0.46153846153846156,0.49851851526214314,0.15430334996209163,-1.9761904761904763,15.905576923076923,7.432951423187662,2.012229428833255,2.5719057057876915,0.2692307692307692,0.4435600997950307,1.0405319634289438,-0.9172932330827073,420.6010000000001,37.38,5.535500000000002,0,2,0,0,0,0,0,0,0,0,0,0,0,0,0,0,0,0,0,0,0,0,0,0,0,0,0,0,0,0,0,0,0,0,0,0,0,0,0,0,0,0,0,0,1,0,0,0,0,0,0,0,1,0,0,0,0,0,0,0,0,0,0,0,1,0,0,0,0,0,0,0,0,0,0,0,0,1,1,0,0,0,0,0,0,1,0,1,0,1,0,1,0,0,1,0,0,0,1,0,0,1,0,0,0,1,0,0,1,1,0,0,1,0,1,0,0,0,0,1,0,0,0,1,1,0,0,1,0,1,0,0,0,0,0,1,1,1,1,1,0,0,0,0,0,1,1,1,0,0,1,0,1,0,0,0,1,0,1,0,1,1,0,1,1,1,1,1,0,0
CHEMBL261_323,37,36,-1,-1,-1,2.16,2.9350298124550624,2.9750995735993384,7.122572743189327,0.1140333852314394,0.11842049687315612,1.6796136151633996,3.3730062213801526,0.18796905187430796,0.09465874717826728,-0.24522930445289026,-1.0050884930906963,7.865765765765768,4.129718969610057,-0.15407849770721746,-0.8138909419199223,0.023509223509223506,0.06699044428125374,3.515081580646359,11.23360416816165,0.8108108108108109,0.3916588309780929,-1.5871507864874157,0.5190476190476199,2.16,2.9350298124550624,2.9750995735993384,7.122572743189327,2.0,0.0,0,0,1.945945945945946,2.514239941525997,3.468919992800697,10.894231853360115,0.0,0.0,0,0,0.044146494218230234,0.16323789492665866,5.415786898560117,28.780317754938064,0.039999999999999994,0.04955422167169711,2.9934091079112433,7.206003591599535,0.04,0.10705147640798705,-2.484299631730176,5.242393932442097,1.32,0.46647615158762407,0.7717436331412894,-1.4044117647058831,-0.32883327749326535,72.0,302.0,0.0,202.0,2700.0,32.0,0.0,0.0,0.0,772.0,990.0,23880.0,0.0,0.0,0.0,0.0,140.0,0.0,0.0,0.0,12.0,0.0,0.0,0.0,0.0,0.0,0.0,0.0,0.0,0.0,0.0,1,1,0,1,1,1,0,0,0,1,1,1,0,0,0,0,1,0,0,0,1,0,0,0,0,0,0,0,0,0,0,8.952380952380953,8.465482803300148,2.7407840232655,5.547971074492098,2.1904761904761907,0.6632565846278152,-0.23241119773811414,-0.7739929854394725,0.0,0.0,0,0,3.0952380952380953,0.29354352395090366,2.757764159222962,5.6052631578947345,0.8095238095238095,0.39267672624930106,-1.5764815627361635,0.4852941176470562,18.857000000000003,19.830915064255464,2.745394397581632,5.5637594411370035,0.47619047619047616,0.49943278484292924,0.09534625892455938,-1.9909090909090905,406.077,34.89,4.876800000000003,0,3,0,0,0,0,0,0,0,0,0,0,0,0,0,0,0,0,0,0,0,0,0,0,0,0,0,0,0,0,0,0,0,0,0,0,0,0,0,0,0,0,0,0,0,0,0,0,1,0,0,0,0,0,1,0,0,0,0,0,0,0,0,0,1,0,0,1,0,0,0,0,0,0,0,0,0,1,0,0,0,0,1,0,0,1,0,0,0,1,0,0,0,0,0,0,1,0,1,1,0,0,0,0,0,0,0,0,0,1,0,0,0,0,0,0,0,0,0,0,0,0,1,1,1,0,1,1,0,0,0,0,0,0,0,1,1,1,0,1,0,0,0,0,1,0,1,1,0,0,1,0,1,0,0,0,1,0,1,0,1,0,0,1,1,1,1,1,0,0
CHEMBL261_324,34,32,-1,-1,-1,2.090909090909091,2.4663018120455513,2.4587849311904475,4.6517419364366805,0.1184476129721405,0.12402389966084908,1.5040055767965017,2.4861823278618846,0.18023182676958785,0.0895989346987503,-0.1696863385513139,-0.966379455575443,6.82843137254902,3.570310419789334,-0.053299669169764745,-0.8688069393257742,0.02289438502673797,0.06069657191354718,2.843438945801508,6.740548226504677,0.7941176470588235,0.40434491426080943,-1.454785934906616,0.11640211640211628,2.090909090909091,2.4663018120455513,2.4587849311904475,4.6517419364366805,2.0,0.0,0,0,1.8823529411764706,2.1111009935207483,2.8745041901989454,7.42475574823502,0.0,0.0,0,0,0.01236736681305544,0.031455048069363105,2.8629258044289534,7.747741836156369,0.04545454545454544,0.04911146479163381,2.5027811542645844,4.801174305942973,0.04545454545454545,0.02851219395347425,1.9346266409001578,3.133137602382895,1.2727272727272727,0.44536177141512334,1.0206207261596572,-0.9583333333333344,1.2758789643826196,64.0,208.0,0.0,170.0,1314.0,16.0,0.0,0.0,0.0,402.0,706.0,8208.0,0.0,0.0,0.0,0.0,56.0,0.0,0.0,0.0,0.0,0.0,0.0,0.0,0.0,0.0,0.0,0.0,0.0,0.0,12.0,1,1,0,1,1,1,0,0,0,1,1,1,0,0,0,0,1,0,0,0,0,0,0,0,0,0,0,0,0,0,1,7.384615384615385,2.6176460811036235,2.6653271696168415,6.069268078785116,2.0,0.7844645405527362,0.9560661587986472,1.0625,0.0,0.0,0,0,3.3846153846153846,0.48650425541051995,0.4743416490252568,-1.7750000000000001,0.46153846153846156,0.4985185152621431,0.15430334996209166,-1.9761904761904758,14.781153846153844,5.248917981482601,2.6706207271345943,6.0902533405834625,0.7692307692307693,0.5756395979652217,0.05727026612409093,-0.3954081632653037,202.235,78.43,-0.00020000000000020002,0,4,0,0,0,0,0,0,0,0,0,0,0,0,0,0,0,0,0,0,0,0,0,0,0,0,1,0,0,0,0,0,0,0,0,1,0,0,0,0,0,0,0,0,0,1,0,0,0,0,0,0,0,0,0,0,1,1,0,0,1,0,1,1,0,0,0,0,0,1,1,1,1,1,1,1,0,0,0,1,0,0,0,0,1,0,0,0,0,0,1,0,1,1,0,0,1,1,0,0,0,0,1,0,1,0,0,0,1,0,0,0,0,0,1,0,0,0,0,1,0,0,0,0,0,0,1,0,0,0,0,0,1,1,0,0,0,0,1,0,0,1,0,0,1,0,0,0,1,0,1,0,0,1,0,1,0,1,1,0,1,1,0,1,1,1,1,1,0,1
CHEMBL261_325,40,37,-1,-1,-1,2.0,2.866057521105554,3.103794012648299,8.243402646502837,0.10853100428355762,0.11498269917340782,1.966308203321113,5.215616087372053,0.19219411497741096,0.09467116017203869,-0.37491274567017235,-0.8124910522499107,8.570833333333335,4.408898435739552,-0.2313804801493177,-0.6694592931777921,0.024021592442645075,0.0715303450731317,3.129076810181003,8.532550870508853,0.825,0.3799671038392666,-1.7106744068953987,0.9264069264069255,2.0,2.866057521105554,3.103794012648299,8.243402646502837,2.0,0.0,0,0,1.85,2.4854577043273136,3.5419793656299516,11.807997293083789,0.0,0.0,0,0,0.0027155294011751907,0.009056956939321346,3.6925636449994363,13.642057673853625,0.03571428571428571,0.04661466940037891,3.115577741434521,8.309205550026729,0.03571428571428572,0.017264820868332094,0.4750572495636122,0.6599565646891015,1.1428571428571428,0.3499271061118826,2.0412414523193156,2.1666666666666696,-1.5335981543546537,74.0,310.0,0.0,188.0,2796.0,8.0,0.0,0.0,0.0,572.0,1038.0,25224.0,0.0,0.0,0.0,0.0,44.0,0.0,0.0,0.0,0.0,0.0,0.0,0.0,0.0,0.0,0.0,0.0,0.0,0.0,0.0,1,1,0,1,1,1,0,0,0,1,1,1,0,0,0,0,1,0,0,0,0,0,0,0,0,0,0,0,0,0,0,8.0,3.7416573867739413,1.7037904171917055,1.058673469387755,2.1666666666666665,0.6871842709362768,0.5421384559635686,0.6020761245674753,0.0,0.0,0,0,3.1666666666666665,0.3726779962499649,1.7888543819998328,1.2000000000000028,0.7083333333333334,0.45452967144315476,-0.9166984970282116,-1.1596638655462181,16.076583333333332,7.6466819597166165,1.7245876611056645,1.1588105139235374,0.5,0.5773502691896257,0.649519052838329,-0.5625,397.9340000000001,71.95,4.284600000000003,0,6,0,0,0,0,0,0,0,0,0,0,0,0,0,0,0,0,0,0,0,0,0,0,0,0,0,0,0,0,0,0,0,0,1,1,0,0,1,0,0,0,0,0,0,0,0,0,0,1,0,0,0,1,1,0,0,1,0,0,1,1,1,1,0,0,1,1,0,1,0,1,0,0,0,1,0,0,0,1,0,1,1,1,0,1,0,0,0,1,1,0,0,0,0,0,1,0,1,1,0,0,0,0,1,1,0,0,1,1,0,0,0,0,1,0,0,0,0,1,0,0,1,1,0,0,1,1,0,0,0,0,1,0,0,1,1,1,1,1,0,0,0,0,1,0,0,1,0,0,1,0,0,1,0,1,0,1,1,0,1,1,0,1,1,1,1,1,0,1
CHEMBL261_326,37,36,-1,-1,-1,2.1538461538461537,3.0469695877443628,3.165905767412138,8.533488831775305,0.1143107831097752,0.1181527481350178,1.9528920159807428,5.487934385502065,0.20025147862562132,0.09880329437732457,-0.3523175930285361,-0.854718005097606,8.35855855855856,4.292453783537819,-0.2517043968822501,-0.6381304454328189,0.025311025311025307,0.0731538738528806,3.5967572324685673,12.005020470203222,0.8108108108108109,0.3916588309780929,-1.5871507864874157,0.5190476190476199,2.1538461538461537,3.0469695877443628,3.165905767412138,8.533488831775305,2.0,0.0,0,0,1.945945945945946,2.6503028480283812,3.6297600315862657,12.30533791261652,0.0,0.0,0,0,0.04287068354414389,0.16290580358874432,5.470837556356336,29.21065227756683,0.03846153846153846,0.0495291044361261,3.159904819876333,8.420230716682248,0.038461538461538464,0.035954956255357974,3.164846792136527,9.947666370522574,1.3076923076923077,0.46153846153846145,0.8333333333333339,-1.3055555555555545,0.6337835181661767,72.0,328.0,0.0,214.0,3234.0,32.0,0.0,0.0,0.0,834.0,1140.0,32064.0,0.0,0.0,0.0,0.0,150.0,0.0,0.0,0.0,12.0,0.0,0.0,0.0,0.0,0.0,0.0,0.0,0.0,0.0,0.0,1,1,0,1,1,1,0,0,0,1,1,1,0,0,0,0,1,0,0,0,1,0,0,0,0,0,0,0,0,0,0,6.586206896551724,1.00059435369289,1.5178954415606178,0.863572762509806,2.206896551724138,0.7133848574336966,0.2452980904447645,-0.06841208839199853,0.0,0.0,0,0,3.1379310344827585,0.3448275862068965,2.100000000000002,2.410000000000008,0.7931034482758621,0.40508069394726653,-1.4471361022898728,0.09420289855072728,13.284137931034486,2.252916373918833,1.6884095770018779,1.497399672442997,0.4482758620689655,0.49731741730537776,0.20801257358446087,-1.9567307692307687,398.34400000000005,72.80000000000001,4.188200000000002,0,4,0,0,0,0,0,0,0,0,0,0,0,0,0,0,0,0,0,0,0,0,0,0,0,0,0,0,0,0,0,0,0,0,0,0,0,0,0,0,0,0,0,0,1,0,0,0,0,0,0,0,0,0,1,0,0,0,0,0,0,0,0,0,1,0,0,1,0,0,0,0,0,0,0,0,0,1,0,0,0,1,1,0,0,1,0,0,0,0,0,0,0,0,1,0,1,1,1,1,1,0,0,0,0,0,0,0,1,1,0,0,1,0,1,1,0,0,0,1,0,0,1,1,1,0,1,1,1,1,0,0,0,0,0,1,1,1,0,1,0,0,0,0,1,1,1,1,0,0,1,0,1,1,1,0,1,0,1,1,1,1,0,1,1,1,1,1,0,0
CHEMBL261_327,39,36,-1,-1,-1,2.08,2.9518807563992144,3.0009213893280657,7.216219702702553,0.1066187276686756,0.1194716391087794,1.721641593144281,3.45703066445584,0.16745559470361876,0.09181004708099454,-0.1611476566990672,-1.1542299961065672,7.423076923076923,4.256214854952548,-0.06370070768566402,-0.9545492122569179,0.020717073348652297,0.05916235938379846,3.543473706736033,11.749283500526804,0.8205128205128205,0.3837597319768145,-1.6703827619526517,0.7901785714285703,2.08,2.9518807563992144,3.0009213893280657,7.216219702702553,2.0,0.0,0,0,1.8461538461538463,2.4655416166657678,3.6056101425507703,11.830542923449505,0.0,0.0,0,0,0.01213258286429018,0.031870399765455686,2.281425905989025,3.2892206457229953,0.04,0.05140718373122211,3.0006726172656664,7.214916105576476,0.04,0.050530977667822816,-2.0033738440923923,3.896403266945061,1.2,0.4,1.5000000000000004,0.2500000000000009,0.9804247733196088,72.0,298.0,0.0,156.0,2700.0,24.0,0.0,0.0,0.0,742.0,770.0,23880.0,0.0,0.0,0.0,0.0,120.0,0.0,0.0,0.0,12.0,0.0,0.0,0.0,0.0,0.0,0.0,0.0,0.0,0.0,0.0,1,1,0,1,1,1,0,0,0,1,1,1,0,0,0,0,1,0,0,0,1,0,0,0,0,0,0,0,0,0,0,6.620689655172414,2.0580170084657623,4.432100525180535,19.336762179610655,2.206896551724138,0.5495647396727319,0.06373369989198648,-0.18615537231074342,0.0,0.0,0,0,3.4482758620689653,0.49731741730537793,0.20801257358446212,-1.9567307692307696,0.4827586206896552,0.4997026464203254,0.06900655593423514,-1.9952380952380953,13.300724137931038,4.366745611350054,4.505001249718833,19.858653943906177,0.9655172413793104,0.8898957172802717,0.0673747575902613,-1.733909585260937,413.9450000000004,42.68,6.024700000000005,0,7,0,0,0,0,0,0,0,0,0,0,0,0,0,0,0,0,0,0,0,1,0,0,0,0,0,0,0,0,0,0,0,0,0,0,0,0,0,0,0,0,0,0,0,0,0,0,0,0,0,0,0,0,0,0,0,0,0,1,0,0,0,0,0,0,0,0,0,0,0,0,0,0,0,0,0,1,0,0,0,0,0,0,0,0,0,1,1,1,0,1,0,0,0,0,0,0,0,0,1,0,1,1,0,1,0,1,0,1,0,1,0,1,0,1,0,0,0,0,1,0,1,1,1,0,0,1,1,1,1,1,0,0,1,0,1,0,0,1,1,0,0,0,0,1,0,1,1,1,1,0,0,0,1,1,1,1,0,1,1,1,0,1,1,1,1,1,0,0
CHEMBL261_328,40,39,-1,-1,-1,2.142857142857143,3.2039516417151144,3.317092699712672,9.472022734369142,0.10681722319351365,0.1165765020457686,1.9585689217156954,5.179504771361239,0.19451799530831776,0.09871627718512457,-0.3019751144592129,-1.009247171088993,8.807142857142857,4.635820155564625,-0.19999134345685285,-0.7569187556713186,0.02408906882591093,0.06871637310248341,3.8114944613408017,13.89729944485757,0.825,0.3799671038392666,-1.7106744068953987,0.9264069264069255,2.142857142857143,3.2039516417151144,3.317092699712672,9.472022734369142,2.0,0.0,0,0,1.95,2.7654113618049667,3.8322960804181814,13.805287341753619,0.0,0.0,0,0,0.019041338126159553,0.0457329416523114,2.0249598751844182,2.1882371920258716,0.03571428571428571,0.048064368279857196,3.320521076176791,9.518517215996217,0.03571428571428571,0.019802728990602852,0.9424236516564558,1.4688864702465603,1.2142857142857142,0.410325903324145,1.3926212476455826,-0.060606060606059664,-0.1666950135285444,78.0,380.0,0.0,252.0,4110.0,48.0,0.0,0.0,0.0,1252.0,1460.0,44760.0,0.0,0.0,0.0,0.0,276.0,0.0,0.0,0.0,48.0,0.0,0.0,0.0,0.0,0.0,0.0,0.0,0.0,0.0,0.0,1,1,0,1,1,1,0,0,0,1,1,1,0,0,0,0,1,0,0,0,1,0,0,0,0,0,0,0,0,0,0,6.78125,1.9958452939794706,4.217582503566652,18.551949211458112,2.25,0.6123724356957945,-0.2041241452319315,-0.5833333333333335,0.0,0.0,0,0,3.34375,0.47495887979908324,0.657951694959769,-1.567099567099567,0.59375,0.4911323014219285,-0.38177085778546666,-1.854251012145749,13.647656249999999,4.258306027704672,4.234758988951125,18.587542981563566,0.65625,0.8143008887997114,0.7050194173195078,-1.1336562258020437,457.89300000000037,85.41999999999999,3.7961000000000027,0,6,0,0,0,0,0,0,0,0,0,0,0,0,0,0,0,0,0,0,0,0,0,0,0,1,0,0,0,0,0,0,0,0,0,0,0,0,0,0,1,0,0,0,1,0,0,0,0,0,0,0,0,0,0,0,0,0,0,1,0,0,0,0,0,0,0,1,0,0,0,0,0,0,0,0,0,1,0,1,0,0,1,0,0,1,0,1,1,1,0,0,0,0,0,0,0,1,1,1,1,0,1,1,0,1,0,1,1,1,0,1,1,1,0,1,0,0,0,1,1,0,1,1,1,1,0,1,0,1,1,1,0,0,1,1,1,1,0,1,1,0,0,0,1,1,1,1,1,1,1,0,1,1,1,1,1,1,1,1,1,1,0,1,1,1,1,1,0,0
CHEMBL261_329,34,33,-1,-1,-1,2.1818181818181817,2.6906633794452257,2.6624515542760565,5.508131606930636,0.11758873471478527,0.12483851238323133,1.5112436831787481,2.5134827917215192,0.18387826488739267,0.09291385637726605,-0.16405075547775783,-1.0766328811117591,6.996078431372548,3.7034210884740615,-0.05815643639355303,-0.8998664652914363,0.022225935828877004,0.059872223799848884,3.2459655261528852,9.422640085783659,0.7941176470588235,0.40434491426080943,-1.4547859349066157,0.11640211640211495,2.1818181818181817,2.6906633794452257,2.6624515542760565,5.508131606930636,2.0,0.0,0,0,1.9411764705882353,2.287320246496892,3.139542498831874,8.882941756949693,0.0,0.0,0,0,0.031610596820465936,0.08959803468046466,4.246665717915029,19.046686428247927,0.04545454545454546,0.05105613879699906,2.6894832872095007,5.58984930533618,0.04545454545454545,0.04502091533447694,2.610759242861094,5.524451722646923,1.3181818181818181,0.46577048936179993,0.7807200583588267,-1.3904761904761902,0.7862700092955983,66.0,240.0,0.0,196.0,1776.0,32.0,0.0,0.0,0.0,606.0,850.0,13080.0,0.0,0.0,0.0,0.0,126.0,0.0,0.0,0.0,12.0,0.0,0.0,0.0,0.0,0.0,0.0,0.0,0.0,0.0,24.0,1,1,0,1,1,1,0,0,0,1,1,1,0,0,0,0,1,0,0,0,1,0,0,0,0,0,0,0,0,0,1,6.3478260869565215,0.7580693814853344,2.3194383488525396,4.60106475069253,2.1739130434782608,0.5635426694267706,0.016532501781653258,-0.1522108843537442,0.0,0.0,0,0,3.1739130434782608,0.3790346907426672,1.7206180040292147,0.9605263157894774,0.782608695652174,0.4124709991523972,-1.370320319406299,-0.12222222222222001,12.748521739130437,1.6702483509571977,2.586382546041131,6.217072093570435,0.6956521739130435,0.5465132647815886,-0.021147725275557302,-0.6176093574747643,309.344,58.04,3.4282000000000012,1,5,0,0,0,0,0,0,0,0,0,0,0,0,0,0,0,0,0,0,0,0,0,0,0,0,0,0,0,0,0,0,0,0,0,0,0,0,0,0,1,0,0,0,1,0,0,0,0,0,0,0,0,0,0,0,1,0,0,0,0,0,0,0,1,0,0,1,0,0,0,0,0,0,0,0,0,0,0,1,0,0,1,0,1,0,0,0,0,1,0,0,0,0,0,0,0,1,0,0,1,0,1,0,0,0,1,0,0,1,0,0,0,0,0,0,0,0,0,0,0,0,1,1,0,0,0,1,0,0,0,0,0,1,1,1,1,1,0,1,0,1,0,0,1,0,0,1,0,0,0,0,0,1,1,1,0,1,1,1,1,0,0,1,1,1,1,1,0,0
CHEMBL261_330,33,30,-1,-1,-1,2.1052631578947367,2.44722693422372,2.442085617575707,4.501508693170491,0.11627640975708378,0.1295485501155187,1.5026909834675963,2.589707604384518,0.15624004260751895,0.08496682743150956,0.0030997191108776455,-1.1110559120526695,5.747474747474747,3.2942458792054325,0.10300507159162475,-0.9564297088727702,0.017534213098729226,0.04895849893240243,3.107988509244443,8.708571130460095,0.7878787878787878,0.40881022918884974,-1.4083737016560922,-0.016483516483517313,2.1052631578947367,2.44722693422372,2.442085617575707,4.501508693170491,2.0,0.0,0,0,1.8181818181818181,2.0068752351270844,3.0168645917727823,8.314887314006825,0.0,0.0,0,0,0.02689116439116439,0.08915289243554306,4.582871884481205,21.130432087116723,0.05263157894736842,0.05655360824505081,2.5290106124571166,4.929450305469461,0.05263157894736842,0.22670207977874057,2.5049313396499335,4.878060384106417,1.3157894736842106,0.46482951928041294,0.7925939239012165,-1.371794871794872,-1.8557632652557383,60.0,182.0,0.0,116.0,1122.0,16.0,0.0,0.0,0.0,300.0,418.0,6840.0,0.0,0.0,0.0,0.0,44.0,0.0,0.0,0.0,0.0,0.0,0.0,0.0,0.0,0.0,0.0,0.0,0.0,0.0,12.0,1,1,0,1,1,1,0,0,0,1,1,1,0,0,0,0,1,0,0,0,0,0,0,0,0,0,0,0,0,0,1,6.333333333333333,0.6666666666666666,1.7500000000000016,1.5000000000000027,2.2222222222222223,0.6285393610547089,-0.2099223256647569,-0.62109375,0.0,0.0,0,0,3.0,0.0,0,0,0.8888888888888888,0.3142696805273545,-2.474873734152916,4.124999999999997,12.675888888888888,1.329555685553507,1.7491227341964923,1.4964906436721002,0.5555555555555556,0.4969039949999533,-0.22360679774997907,-1.95,238.24599999999998,66.24000000000001,2.708,0,1,0,0,0,0,0,0,0,0,0,0,0,0,0,0,0,0,0,0,0,0,0,0,0,0,0,0,0,0,0,0,0,0,0,0,0,0,0,0,1,0,0,0,0,0,0,0,0,0,0,0,0,0,0,0,0,0,0,0,0,0,0,0,1,0,0,1,0,0,0,0,0,0,0,0,0,0,0,1,0,0,1,0,0,0,0,0,0,0,0,0,0,0,1,0,0,1,0,1,1,0,0,1,0,0,0,1,0,0,0,0,1,0,0,1,0,0,0,1,0,0,1,1,0,0,0,1,0,1,0,0,0,1,0,0,0,0,0,1,0,1,0,0,1,1,0,1,0,0,0,0,0,0,1,0,0,0,1,1,0,1,0,1,1,1,1,1,0,0
CHEMBL261_331,37,34,-1,-1,-1,2.0,2.7129319932501073,2.992911446948591,7.423558601134214,0.11217454302474825,0.12018277299270452,1.826511211542345,4.417866028478757,0.183167591268142,0.09062169176236094,-0.2615610438674066,-0.9233682806453536,7.6189189189189195,3.9649689041458163,-0.12238397004405185,-0.7509309376384015,0.02445302445302445,0.0687442701665356,3.110995835089888,8.550841581573074,0.8108108108108109,0.3916588309780929,-1.5871507864874157,0.5190476190476199,2.0,2.7129319932501073,2.992911446948591,7.423558601134214,2.0,0.0,0,0,1.837837837837838,2.3309146043178743,3.435839327803108,10.933689893276396,0.0,0.0,0,0,0.0036984662546280006,0.011212620764567967,3.080232882595297,8.767221071617845,0.04,0.04922121731058734,3.009625137039173,7.52722635919438,0.04000000000000001,0.022110062147880652,1.236377247223721,2.0982658631839763,1.16,0.36660605559646714,1.8548520670059365,1.4404761904761942,-2.3495915542757224,68.0,258.0,0.0,142.0,2106.0,8.0,0.0,0.0,0.0,442.0,660.0,17040.0,0.0,0.0,0.0,0.0,38.0,0.0,0.0,0.0,0.0,0.0,0.0,0.0,0.0,0.0,0.0,0.0,0.0,0.0,0.0,1,1,0,1,1,1,0,0,0,1,1,1,0,0,0,0,1,0,0,0,0,0,0,0,0,0,0,0,0,0,0,6.424242424242424,0.8886592908251625,1.913390630551581,2.2278691184424035,2.303030303030303,0.6269139656235516,-0.33316269190242,-0.6734212594986468,0.0,0.0,0,0,3.4242424242424243,0.4942274675848512,0.3065696697424825,-1.9060150375939848,0.48484848484848486,0.4997703788627467,0.06063390625908321,-1.9963235294117647,12.917969696969697,1.9553438740406752,2.1095614727027505,3.2683094128801677,0.7878787878787878,0.8441447440717649,0.41708187874339736,-1.471662769688596,452.50100000000026,54.82000000000001,5.279400000000004,1,3,0,0,0,0,0,0,0,0,0,0,0,0,0,0,0,0,0,0,0,0,0,0,0,0,0,0,0,0,1,0,0,0,0,0,0,0,0,0,0,0,0,0,1,0,0,0,0,0,0,0,0,0,0,0,0,0,0,1,0,0,0,0,1,0,0,1,0,0,0,0,0,0,1,0,0,1,0,0,0,0,1,0,0,1,0,1,1,1,0,0,0,1,1,0,0,0,1,1,1,0,1,1,0,0,0,1,0,1,0,1,1,1,0,1,0,0,0,1,1,0,1,1,1,1,0,1,0,1,1,1,0,0,0,1,1,0,0,1,1,1,0,0,1,1,1,1,1,1,1,0,1,0,1,1,0,1,1,1,1,1,0,1,1,1,1,1,0,0
