graph_name , nodes_count , edges_count, degree, degree cent., max neighbor degree, min neighbor degree, avg neighbor degree, std neighbor degree, eigenvector cent., closeness cent., harmonic cent., betweenness cent., coloring largest first, coloring smallest last, coloring independent set, coloring random sequential,coloring connected sequential dfs, coloring connected sequential bfs, edges within egonet, node clique number, number of cliques, clustering coef., square clustering coef., page rank, hubs value, triangles, core number, random,0,1,2,3,4,5,6,7,8,9,10,11,12,13,14,15,16,17,18,19,20,21,22,23,24,25,26,27,28,29,30, Total Time 
0,36,35,0:00:00.000002,0:00:00.000026,0:00:00.000064,0:00:00.000064,0:00:00.000064,0:00:00.000064,0:00:00.000298,0:00:00.000242,0:00:00.000338,0:00:00.000898,0:00:00.000063,0:00:00.000053,0:00:00.002893,0:00:00.000062,0:00:00.000270,0:00:00.000250,0:00:00.001487,0:00:00.000124,0:00:00.002839,0:00:00.000194,0:00:00.000471,0:00:00.003611,0:00:00.001313,0:00:00.000017,0:00:00.000069,0:00:00.000099,0:00:00.004207,0:00:00.003771,0:00:00.003037,0:00:00.003532,0:00:00.003961,0:00:00.003397,0:00:00.003481,0:00:00.003482,0:00:00.003437,0:00:00.003672,0:00:00.002659,0:00:00.007586,0:00:00.003400,0:00:00.003314,0:00:00.003413,0:00:00.003442,0:00:00.003623,0:00:00.003312,0:00:00.003442,0:00:00.003370,0:00:00.003418,0:00:00.003338,0:00:00.003363,0:00:00.003231,0:00:00.003345,0:00:00.003224,0:00:00.003299,0:00:00.003120,0:00:00.003362,0:00:00.003194,0:00:00.002430,,0:00:00.145895
graph_name , nodes_count , edges_count, degree, degree cent., max neighbor degree, min neighbor degree, avg neighbor degree, std neighbor degree, eigenvector cent., closeness cent., harmonic cent., betweenness cent., coloring largest first, coloring smallest last, coloring independent set, coloring random sequential,coloring connected sequential dfs, coloring connected sequential bfs, edges within egonet, node clique number, number of cliques, clustering coef., square clustering coef., page rank, hubs value, triangles, core number, random,0,1,2,3,4,5,6,7,8,9,10,11,12,13,14,15,16,17,18,19,20,21,22,23,24,25,26,27,28,29,30, Total Time 
1,37,34,0:00:00.000002,0:00:00.000043,0:00:00.000087,0:00:00.000087,0:00:00.000087,0:00:00.000087,0:00:00.000546,0:00:00.000454,0:00:00.000634,0:00:00.001506,0:00:00.000088,0:00:00.000072,0:00:00.004326,0:00:00.000084,0:00:00.000458,0:00:00.000342,0:00:00.002574,0:00:00.000168,0:00:00.003969,0:00:00.000260,0:00:00.000576,0:00:00.004952,0:00:00.001634,0:00:00.000024,0:00:00.000095,0:00:00.000141,0:00:00.004113,0:00:00.009996,0:00:00.004484,0:00:00.004252,0:00:00.009840,0:00:00.004858,0:00:00.004524,0:00:00.007203,0:00:00.004585,0:00:00.004570,0:00:00.004701,0:00:00.009159,0:00:00.004574,0:00:00.004595,0:00:00.004499,0:00:00.005648,0:00:00.010213,0:00:00.004531,0:00:00.004769,0:00:00.004452,0:00:00.004439,0:00:00.004494,0:00:00.004360,0:00:00.004498,0:00:00.004449,0:00:00.004667,0:00:00.004426,0:00:00.004574,0:00:00.004362,0:00:00.004551,0:00:00.004477,,0:00:00.245687
graph_name , nodes_count , edges_count, degree, degree cent., max neighbor degree, min neighbor degree, avg neighbor degree, std neighbor degree, eigenvector cent., closeness cent., harmonic cent., betweenness cent., coloring largest first, coloring smallest last, coloring independent set, coloring random sequential,coloring connected sequential dfs, coloring connected sequential bfs, edges within egonet, node clique number, number of cliques, clustering coef., square clustering coef., page rank, hubs value, triangles, core number, random,0,1,2,3,4,5,6,7,8,9,10,11,12,13,14,15,16,17,18,19,20,21,22,23,24,25,26,27,28,29,30, Total Time 
2,37,34,0:00:00.000003,0:00:00.000042,0:00:00.000086,0:00:00.000086,0:00:00.000086,0:00:00.000086,0:00:00.000496,0:00:00.000409,0:00:00.000590,0:00:00.001333,0:00:00.000084,0:00:00.000070,0:00:00.004177,0:00:00.000085,0:00:00.000375,0:00:00.000507,0:00:00.001862,0:00:00.000168,0:00:00.004025,0:00:00.000257,0:00:00.000563,0:00:00.004948,0:00:00.001576,0:00:00.000022,0:00:00.000087,0:00:00.000130,0:00:00.004353,0:00:00.004538,0:00:00.004360,0:00:00.004412,0:00:00.004974,0:00:00.004371,0:00:00.004426,0:00:00.004402,0:00:00.004348,0:00:00.004680,0:00:00.004584,0:00:00.008785,0:00:00.004776,0:00:00.004335,0:00:00.004367,0:00:00.004259,0:00:00.004411,0:00:00.004348,0:00:00.004373,0:00:00.004469,0:00:00.004526,0:00:00.004367,0:00:00.004454,0:00:00.004335,0:00:00.004450,0:00:00.004264,0:00:00.004467,0:00:00.004158,0:00:00.004296,0:00:00.004179,0:00:00.004457,,0:00:00.192198
graph_name , nodes_count , edges_count, degree, degree cent., max neighbor degree, min neighbor degree, avg neighbor degree, std neighbor degree, eigenvector cent., closeness cent., harmonic cent., betweenness cent., coloring largest first, coloring smallest last, coloring independent set, coloring random sequential,coloring connected sequential dfs, coloring connected sequential bfs, edges within egonet, node clique number, number of cliques, clustering coef., square clustering coef., page rank, hubs value, triangles, core number, random,0,1,2,3,4,5,6,7,8,9,10,11,12,13,14,15,16,17,18,19,20,21,22,23,24,25,26,27,28,29,30, Total Time 
3,37,37,0:00:00.000003,0:00:00.000029,0:00:00.000087,0:00:00.000087,0:00:00.000087,0:00:00.000087,0:00:00.000546,0:00:00.000483,0:00:00.000690,0:00:00.001704,0:00:00.000085,0:00:00.000073,0:00:00.004385,0:00:00.000082,0:00:00.000371,0:00:00.000354,0:00:00.002313,0:00:00.000167,0:00:00.004229,0:00:00.000270,0:00:00.000772,0:00:00.005143,0:00:00.001547,0:00:00.000025,0:00:00.000095,0:00:00.000146,0:00:00.004526,0:00:00.004542,0:00:00.004359,0:00:00.004776,0:00:00.005329,0:00:00.004330,0:00:00.004499,0:00:00.004415,0:00:00.004531,0:00:00.004671,0:00:00.005002,0:00:00.013793,0:00:00.004469,0:00:00.004361,0:00:00.004424,0:00:00.004314,0:00:00.004547,0:00:00.004348,0:00:00.004479,0:00:00.004452,0:00:00.004419,0:00:00.004334,0:00:00.004298,0:00:00.004296,0:00:00.004324,0:00:00.004312,0:00:00.004342,0:00:00.004200,0:00:00.004353,0:00:00.004235,0:00:00.004358,,0:00:00.200664
graph_name , nodes_count , edges_count, degree, degree cent., max neighbor degree, min neighbor degree, avg neighbor degree, std neighbor degree, eigenvector cent., closeness cent., harmonic cent., betweenness cent., coloring largest first, coloring smallest last, coloring independent set, coloring random sequential,coloring connected sequential dfs, coloring connected sequential bfs, edges within egonet, node clique number, number of cliques, clustering coef., square clustering coef., page rank, hubs value, triangles, core number, random,0,1,2,3,4,5,6,7,8,9,10,11,12,13,14,15,16,17,18,19,20,21,22,23,24,25,26,27,28,29,30, Total Time 
4,40,39,0:00:00.000003,0:00:00.000043,0:00:00.000093,0:00:00.000093,0:00:00.000093,0:00:00.000093,0:00:00.000592,0:00:00.000490,0:00:00.000689,0:00:00.001773,0:00:00.000092,0:00:00.000077,0:00:00.004887,0:00:00.000089,0:00:00.000389,0:00:00.000364,0:00:00.002172,0:00:00.000174,0:00:00.004595,0:00:00.000288,0:00:00.000810,0:00:00.004877,0:00:00.001599,0:00:00.000026,0:00:00.000098,0:00:00.000142,0:00:00.004446,0:00:00.004560,0:00:00.004672,0:00:00.004698,0:00:00.005582,0:00:00.004554,0:00:00.004400,0:00:00.004306,0:00:00.004310,0:00:00.005005,0:00:00.004827,0:00:00.016761,0:00:00.004373,0:00:00.004340,0:00:00.004357,0:00:00.004685,0:00:00.004483,0:00:00.004385,0:00:00.004370,0:00:00.004721,0:00:00.004436,0:00:00.004424,0:00:00.004331,0:00:00.004456,0:00:00.004289,0:00:00.004511,0:00:00.004288,0:00:00.004355,0:00:00.004299,0:00:00.004231,0:00:00.004365,,0:00:00.205051
graph_name , nodes_count , edges_count, degree, degree cent., max neighbor degree, min neighbor degree, avg neighbor degree, std neighbor degree, eigenvector cent., closeness cent., harmonic cent., betweenness cent., coloring largest first, coloring smallest last, coloring independent set, coloring random sequential,coloring connected sequential dfs, coloring connected sequential bfs, edges within egonet, node clique number, number of cliques, clustering coef., square clustering coef., page rank, hubs value, triangles, core number, random,0,1,2,3,4,5,6,7,8,9,10,11,12,13,14,15,16,17,18,19,20,21,22,23,24,25,26,27,28,29,30, Total Time 
5,37,34,0:00:00.000002,0:00:00.000038,0:00:00.000084,0:00:00.000084,0:00:00.000084,0:00:00.000084,0:00:00.000527,0:00:00.000414,0:00:00.000599,0:00:00.001380,0:00:00.000080,0:00:00.000068,0:00:00.004063,0:00:00.000080,0:00:00.000363,0:00:00.000337,0:00:00.002039,0:00:00.000154,0:00:00.003690,0:00:00.000246,0:00:00.000583,0:00:00.004662,0:00:00.001559,0:00:00.000024,0:00:00.000085,0:00:00.000130,0:00:00.004885,0:00:00.004355,0:00:00.003677,0:00:00.004326,0:00:00.004830,0:00:00.004245,0:00:00.004114,0:00:00.004171,0:00:00.004201,0:00:00.004395,0:00:00.004384,0:00:00.009710,0:00:00.004214,0:00:00.004121,0:00:00.004261,0:00:00.004123,0:00:00.004366,0:00:00.004084,0:00:00.004229,0:00:00.004171,0:00:00.004178,0:00:00.004017,0:00:00.003653,0:00:00.004005,0:00:00.004246,0:00:00.003978,0:00:00.004065,0:00:00.004088,0:00:00.004115,0:00:00.003936,0:00:00.003683,,0:00:00.183805
graph_name , nodes_count , edges_count, degree, degree cent., max neighbor degree, min neighbor degree, avg neighbor degree, std neighbor degree, eigenvector cent., closeness cent., harmonic cent., betweenness cent., coloring largest first, coloring smallest last, coloring independent set, coloring random sequential,coloring connected sequential dfs, coloring connected sequential bfs, edges within egonet, node clique number, number of cliques, clustering coef., square clustering coef., page rank, hubs value, triangles, core number, random,0,1,2,3,4,5,6,7,8,9,10,11,12,13,14,15,16,17,18,19,20,21,22,23,24,25,26,27,28,29,30, Total Time 
6,39,37,0:00:00.000002,0:00:00.000037,0:00:00.000072,0:00:00.000072,0:00:00.000072,0:00:00.000072,0:00:00.000466,0:00:00.000399,0:00:00.000579,0:00:00.001403,0:00:00.000070,0:00:00.000060,0:00:00.003831,0:00:00.000069,0:00:00.000301,0:00:00.000289,0:00:00.001811,0:00:00.000137,0:00:00.003484,0:00:00.000216,0:00:00.000598,0:00:00.003920,0:00:00.001255,0:00:00.000025,0:00:00.000077,0:00:00.000112,0:00:00.004674,0:00:00.003777,0:00:00.004255,0:00:00.003690,0:00:00.005157,0:00:00.004201,0:00:00.004250,0:00:00.003659,0:00:00.004202,0:00:00.004543,0:00:00.004518,0:00:00.015309,0:00:00.004280,0:00:00.004257,0:00:00.004340,0:00:00.004328,0:00:00.004279,0:00:00.004200,0:00:00.004249,0:00:00.004348,0:00:00.004312,0:00:00.004450,0:00:00.004129,0:00:00.004234,0:00:00.004115,0:00:00.004212,0:00:00.004155,0:00:00.004278,0:00:00.004209,0:00:00.004164,0:00:00.004244,,0:00:00.185463
graph_name , nodes_count , edges_count, degree, degree cent., max neighbor degree, min neighbor degree, avg neighbor degree, std neighbor degree, eigenvector cent., closeness cent., harmonic cent., betweenness cent., coloring largest first, coloring smallest last, coloring independent set, coloring random sequential,coloring connected sequential dfs, coloring connected sequential bfs, edges within egonet, node clique number, number of cliques, clustering coef., square clustering coef., page rank, hubs value, triangles, core number, random,0,1,2,3,4,5,6,7,8,9,10,11,12,13,14,15,16,17,18,19,20,21,22,23,24,25,26,27,28,29,30, Total Time 
7,37,35,0:00:00.000002,0:00:00.000049,0:00:00.000086,0:00:00.000086,0:00:00.000086,0:00:00.000086,0:00:00.000547,0:00:00.000456,0:00:00.000637,0:00:00.001498,0:00:00.000085,0:00:00.000071,0:00:00.004115,0:00:00.000082,0:00:00.000355,0:00:00.000349,0:00:00.002027,0:00:00.000163,0:00:00.003920,0:00:00.000259,0:00:00.000672,0:00:00.004895,0:00:00.001545,0:00:00.000024,0:00:00.000094,0:00:00.000132,0:00:00.004377,0:00:00.004349,0:00:00.004407,0:00:00.004197,0:00:00.005142,0:00:00.004364,0:00:00.004410,0:00:00.004207,0:00:00.004408,0:00:00.004587,0:00:00.004832,0:00:00.012117,0:00:00.004536,0:00:00.004122,0:00:00.004497,0:00:00.004204,0:00:00.004601,0:00:00.004227,0:00:00.004305,0:00:00.004126,0:00:00.004304,0:00:00.004342,0:00:00.004243,0:00:00.004267,0:00:00.004306,0:00:00.004188,0:00:00.004335,0:00:00.004242,0:00:00.004272,0:00:00.004177,0:00:00.004364,,0:00:00.193842
graph_name , nodes_count , edges_count, degree, degree cent., max neighbor degree, min neighbor degree, avg neighbor degree, std neighbor degree, eigenvector cent., closeness cent., harmonic cent., betweenness cent., coloring largest first, coloring smallest last, coloring independent set, coloring random sequential,coloring connected sequential dfs, coloring connected sequential bfs, edges within egonet, node clique number, number of cliques, clustering coef., square clustering coef., page rank, hubs value, triangles, core number, random,0,1,2,3,4,5,6,7,8,9,10,11,12,13,14,15,16,17,18,19,20,21,22,23,24,25,26,27,28,29,30, Total Time 
8,36,33,0:00:00.000004,0:00:00.000037,0:00:00.000083,0:00:00.000083,0:00:00.000083,0:00:00.000083,0:00:00.000475,0:00:00.000385,0:00:00.000546,0:00:00.001256,0:00:00.000080,0:00:00.000068,0:00:00.003932,0:00:00.000078,0:00:00.000363,0:00:00.000338,0:00:00.001829,0:00:00.000158,0:00:00.003713,0:00:00.000244,0:00:00.000531,0:00:00.004737,0:00:00.001473,0:00:00.000022,0:00:00.000082,0:00:00.000189,0:00:00.004206,0:00:00.004710,0:00:00.003741,0:00:00.004409,0:00:00.004763,0:00:00.004417,0:00:00.004400,0:00:00.004409,0:00:00.004282,0:00:00.004584,0:00:00.004496,0:00:00.008208,0:00:00.004174,0:00:00.004466,0:00:00.004328,0:00:00.004359,0:00:00.004317,0:00:00.004389,0:00:00.004190,0:00:00.004361,0:00:00.004313,0:00:00.004434,0:00:00.004187,0:00:00.004358,0:00:00.004177,0:00:00.004284,0:00:00.004345,0:00:00.004310,0:00:00.004149,0:00:00.004210,0:00:00.004260,,0:00:00.186498
graph_name , nodes_count , edges_count, degree, degree cent., max neighbor degree, min neighbor degree, avg neighbor degree, std neighbor degree, eigenvector cent., closeness cent., harmonic cent., betweenness cent., coloring largest first, coloring smallest last, coloring independent set, coloring random sequential,coloring connected sequential dfs, coloring connected sequential bfs, edges within egonet, node clique number, number of cliques, clustering coef., square clustering coef., page rank, hubs value, triangles, core number, random,0,1,2,3,4,5,6,7,8,9,10,11,12,13,14,15,16,17,18,19,20,21,22,23,24,25,26,27,28,29,30, Total Time 
9,33,29,0:00:00.000002,0:00:00.000037,0:00:00.000079,0:00:00.000079,0:00:00.000079,0:00:00.000079,0:00:00.000507,0:00:00.000319,0:00:00.000450,0:00:00.000991,0:00:00.000076,0:00:00.000063,0:00:00.003374,0:00:00.000073,0:00:00.000353,0:00:00.000327,0:00:00.002038,0:00:00.000152,0:00:00.003202,0:00:00.000226,0:00:00.000391,0:00:00.004965,0:00:00.001516,0:00:00.000019,0:00:00.000079,0:00:00.000111,0:00:00.004530,0:00:00.004522,0:00:00.004444,0:00:00.004511,0:00:00.005103,0:00:00.004473,0:00:00.004421,0:00:00.004392,0:00:00.004300,0:00:00.004405,0:00:00.004422,0:00:00.006297,0:00:00.004468,0:00:00.004380,0:00:00.004320,0:00:00.004293,0:00:00.004378,0:00:00.004395,0:00:00.004415,0:00:00.004414,0:00:00.004277,0:00:00.004276,0:00:00.004437,0:00:00.004314,0:00:00.004260,0:00:00.004326,0:00:00.004224,0:00:00.004235,0:00:00.004235,0:00:00.004280,0:00:00.004328,,0:00:00.185401
graph_name , nodes_count , edges_count, degree, degree cent., max neighbor degree, min neighbor degree, avg neighbor degree, std neighbor degree, eigenvector cent., closeness cent., harmonic cent., betweenness cent., coloring largest first, coloring smallest last, coloring independent set, coloring random sequential,coloring connected sequential dfs, coloring connected sequential bfs, edges within egonet, node clique number, number of cliques, clustering coef., square clustering coef., page rank, hubs value, triangles, core number, random,0,1,2,3,4,5,6,7,8,9,10,11,12,13,14,15,16,17,18,19,20,21,22,23,24,25,26,27,28,29,30, Total Time 
10,38,36,0:00:00.000002,0:00:00.000041,0:00:00.000088,0:00:00.000088,0:00:00.000088,0:00:00.000088,0:00:00.000574,0:00:00.000428,0:00:00.000611,0:00:00.001415,0:00:00.000086,0:00:00.000071,0:00:00.004474,0:00:00.000089,0:00:00.000384,0:00:00.000447,0:00:00.001989,0:00:00.000167,0:00:00.004157,0:00:00.000263,0:00:00.000642,0:00:00.005035,0:00:00.001525,0:00:00.000023,0:00:00.000089,0:00:00.000132,0:00:00.004482,0:00:00.004528,0:00:00.004496,0:00:00.004441,0:00:00.005255,0:00:00.004393,0:00:00.004310,0:00:00.004386,0:00:00.004291,0:00:00.004713,0:00:00.004630,0:00:00.011555,0:00:00.004288,0:00:00.004552,0:00:00.004394,0:00:00.004402,0:00:00.004464,0:00:00.004335,0:00:00.004335,0:00:00.004302,0:00:00.004386,0:00:00.004413,0:00:00.004387,0:00:00.004366,0:00:00.004347,0:00:00.004274,0:00:00.004360,0:00:00.004247,0:00:00.004159,0:00:00.004272,0:00:00.004401,,0:00:00.195778
graph_name , nodes_count , edges_count, degree, degree cent., max neighbor degree, min neighbor degree, avg neighbor degree, std neighbor degree, eigenvector cent., closeness cent., harmonic cent., betweenness cent., coloring largest first, coloring smallest last, coloring independent set, coloring random sequential,coloring connected sequential dfs, coloring connected sequential bfs, edges within egonet, node clique number, number of cliques, clustering coef., square clustering coef., page rank, hubs value, triangles, core number, random,0,1,2,3,4,5,6,7,8,9,10,11,12,13,14,15,16,17,18,19,20,21,22,23,24,25,26,27,28,29,30, Total Time 
11,35,31,0:00:00.000002,0:00:00.000040,0:00:00.000083,0:00:00.000083,0:00:00.000083,0:00:00.000083,0:00:00.000566,0:00:00.000366,0:00:00.000545,0:00:00.001184,0:00:00.000079,0:00:00.000065,0:00:00.003809,0:00:00.000076,0:00:00.000358,0:00:00.000333,0:00:00.001855,0:00:00.000156,0:00:00.003485,0:00:00.000233,0:00:00.000440,0:00:00.004677,0:00:00.001503,0:00:00.000021,0:00:00.000081,0:00:00.000111,0:00:00.004455,0:00:00.004438,0:00:00.004377,0:00:00.004426,0:00:00.004823,0:00:00.004369,0:00:00.004465,0:00:00.004339,0:00:00.004423,0:00:00.004458,0:00:00.004528,0:00:00.007189,0:00:00.004559,0:00:00.004475,0:00:00.004448,0:00:00.004225,0:00:00.004456,0:00:00.004387,0:00:00.004514,0:00:00.004439,0:00:00.004428,0:00:00.004540,0:00:00.004261,0:00:00.004391,0:00:00.004317,0:00:00.004378,0:00:00.004336,0:00:00.004262,0:00:00.004250,0:00:00.004226,0:00:00.004295,,0:00:00.186822
graph_name , nodes_count , edges_count, degree, degree cent., max neighbor degree, min neighbor degree, avg neighbor degree, std neighbor degree, eigenvector cent., closeness cent., harmonic cent., betweenness cent., coloring largest first, coloring smallest last, coloring independent set, coloring random sequential,coloring connected sequential dfs, coloring connected sequential bfs, edges within egonet, node clique number, number of cliques, clustering coef., square clustering coef., page rank, hubs value, triangles, core number, random,0,1,2,3,4,5,6,7,8,9,10,11,12,13,14,15,16,17,18,19,20,21,22,23,24,25,26,27,28,29,30, Total Time 
12,36,30,0:00:00.000003,0:00:00.000029,0:00:00.000082,0:00:00.000082,0:00:00.000082,0:00:00.000082,0:00:00.000622,0:00:00.000327,0:00:00.000451,0:00:00.001035,0:00:00.000078,0:00:00.000068,0:00:00.003897,0:00:00.000077,0:00:00.000518,0:00:00.000356,0:00:00.001440,0:00:00.000147,0:00:00.003511,0:00:00.000232,0:00:00.000394,0:00:00.004896,0:00:00.001374,0:00:00.000018,0:00:00.000076,0:00:00.000096,0:00:00.004319,0:00:00.004657,0:00:00.004337,0:00:00.004220,0:00:00.004648,0:00:00.004196,0:00:00.004301,0:00:00.004302,0:00:00.004341,0:00:00.004249,0:00:00.004422,0:00:00.006968,0:00:00.004401,0:00:00.004369,0:00:00.004303,0:00:00.004274,0:00:00.004183,0:00:00.004234,0:00:00.004220,0:00:00.004327,0:00:00.004317,0:00:00.004266,0:00:00.004245,0:00:00.004167,0:00:00.004160,0:00:00.004202,0:00:00.004163,0:00:00.004148,0:00:00.004224,0:00:00.004152,0:00:00.004224,,0:00:00.182645
graph_name , nodes_count , edges_count, degree, degree cent., max neighbor degree, min neighbor degree, avg neighbor degree, std neighbor degree, eigenvector cent., closeness cent., harmonic cent., betweenness cent., coloring largest first, coloring smallest last, coloring independent set, coloring random sequential,coloring connected sequential dfs, coloring connected sequential bfs, edges within egonet, node clique number, number of cliques, clustering coef., square clustering coef., page rank, hubs value, triangles, core number, random,0,1,2,3,4,5,6,7,8,9,10,11,12,13,14,15,16,17,18,19,20,21,22,23,24,25,26,27,28,29,30, Total Time 
13,36,34,0:00:00.000002,0:00:00.000041,0:00:00.000086,0:00:00.000086,0:00:00.000086,0:00:00.000086,0:00:00.000538,0:00:00.000424,0:00:00.000594,0:00:00.001478,0:00:00.000083,0:00:00.000070,0:00:00.004135,0:00:00.000081,0:00:00.000357,0:00:00.000331,0:00:00.002154,0:00:00.000160,0:00:00.003633,0:00:00.000254,0:00:00.000574,0:00:00.004924,0:00:00.001602,0:00:00.000024,0:00:00.000090,0:00:00.000130,0:00:00.004738,0:00:00.004382,0:00:00.004798,0:00:00.004392,0:00:00.005023,0:00:00.004358,0:00:00.004370,0:00:00.004340,0:00:00.004315,0:00:00.004539,0:00:00.004709,0:00:00.008944,0:00:00.004550,0:00:00.004345,0:00:00.004266,0:00:00.004272,0:00:00.004297,0:00:00.004324,0:00:00.004303,0:00:00.004163,0:00:00.004294,0:00:00.004277,0:00:00.004308,0:00:00.004322,0:00:00.004282,0:00:00.004336,0:00:00.004264,0:00:00.004259,0:00:00.004325,0:00:00.004292,0:00:00.004291,,0:00:00.191240
graph_name , nodes_count , edges_count, degree, degree cent., max neighbor degree, min neighbor degree, avg neighbor degree, std neighbor degree, eigenvector cent., closeness cent., harmonic cent., betweenness cent., coloring largest first, coloring smallest last, coloring independent set, coloring random sequential,coloring connected sequential dfs, coloring connected sequential bfs, edges within egonet, node clique number, number of cliques, clustering coef., square clustering coef., page rank, hubs value, triangles, core number, random,0,1,2,3,4,5,6,7,8,9,10,11,12,13,14,15,16,17,18,19,20,21,22,23,24,25,26,27,28,29,30, Total Time 
14,38,36,0:00:00.000002,0:00:00.000042,0:00:00.000088,0:00:00.000088,0:00:00.000088,0:00:00.000088,0:00:00.000572,0:00:00.000428,0:00:00.000608,0:00:00.001445,0:00:00.000087,0:00:00.000073,0:00:00.004282,0:00:00.000085,0:00:00.000379,0:00:00.000351,0:00:00.001997,0:00:00.000169,0:00:00.004182,0:00:00.000268,0:00:00.000664,0:00:00.004919,0:00:00.001543,0:00:00.000021,0:00:00.000087,0:00:00.000160,0:00:00.004509,0:00:00.004362,0:00:00.004427,0:00:00.004397,0:00:00.005276,0:00:00.004433,0:00:00.004495,0:00:00.004368,0:00:00.004377,0:00:00.004550,0:00:00.004658,0:00:00.011394,0:00:00.004884,0:00:00.004288,0:00:00.004396,0:00:00.004468,0:00:00.004494,0:00:00.004435,0:00:00.004390,0:00:00.004393,0:00:00.004460,0:00:00.004402,0:00:00.004423,0:00:00.004351,0:00:00.004414,0:00:00.004323,0:00:00.004389,0:00:00.004504,0:00:00.004284,0:00:00.004429,0:00:00.004412,,0:00:00.196708
graph_name , nodes_count , edges_count, degree, degree cent., max neighbor degree, min neighbor degree, avg neighbor degree, std neighbor degree, eigenvector cent., closeness cent., harmonic cent., betweenness cent., coloring largest first, coloring smallest last, coloring independent set, coloring random sequential,coloring connected sequential dfs, coloring connected sequential bfs, edges within egonet, node clique number, number of cliques, clustering coef., square clustering coef., page rank, hubs value, triangles, core number, random,0,1,2,3,4,5,6,7,8,9,10,11,12,13,14,15,16,17,18,19,20,21,22,23,24,25,26,27,28,29,30, Total Time 
15,41,38,0:00:00.000003,0:00:00.000040,0:00:00.000095,0:00:00.000095,0:00:00.000095,0:00:00.000095,0:00:00.000612,0:00:00.000550,0:00:00.000792,0:00:00.001930,0:00:00.000092,0:00:00.000077,0:00:00.005113,0:00:00.000089,0:00:00.000382,0:00:00.000366,0:00:00.002442,0:00:00.000179,0:00:00.004882,0:00:00.000283,0:00:00.000743,0:00:00.004892,0:00:00.001539,0:00:00.000028,0:00:00.000100,0:00:00.000163,0:00:00.004427,0:00:00.004977,0:00:00.004416,0:00:00.004572,0:00:00.005422,0:00:00.004512,0:00:00.004483,0:00:00.004455,0:00:00.004339,0:00:00.004578,0:00:00.004560,0:00:00.014469,0:00:00.004326,0:00:00.004377,0:00:00.004412,0:00:00.004418,0:00:00.004481,0:00:00.004458,0:00:00.004242,0:00:00.004332,0:00:00.004375,0:00:00.004485,0:00:00.004324,0:00:00.004270,0:00:00.004383,0:00:00.004295,0:00:00.004359,0:00:00.004358,0:00:00.004234,0:00:00.004310,0:00:00.004353,,0:00:00.203106
graph_name , nodes_count , edges_count, degree, degree cent., max neighbor degree, min neighbor degree, avg neighbor degree, std neighbor degree, eigenvector cent., closeness cent., harmonic cent., betweenness cent., coloring largest first, coloring smallest last, coloring independent set, coloring random sequential,coloring connected sequential dfs, coloring connected sequential bfs, edges within egonet, node clique number, number of cliques, clustering coef., square clustering coef., page rank, hubs value, triangles, core number, random,0,1,2,3,4,5,6,7,8,9,10,11,12,13,14,15,16,17,18,19,20,21,22,23,24,25,26,27,28,29,30, Total Time 
16,35,32,0:00:00.000002,0:00:00.000028,0:00:00.000080,0:00:00.000080,0:00:00.000080,0:00:00.000080,0:00:00.000507,0:00:00.000403,0:00:00.000578,0:00:00.001382,0:00:00.000080,0:00:00.000069,0:00:00.003845,0:00:00.000078,0:00:00.000349,0:00:00.000333,0:00:00.001859,0:00:00.000150,0:00:00.003513,0:00:00.000242,0:00:00.000516,0:00:00.005062,0:00:00.001471,0:00:00.000022,0:00:00.000084,0:00:00.000125,0:00:00.004431,0:00:00.004511,0:00:00.004643,0:00:00.004493,0:00:00.004975,0:00:00.004468,0:00:00.004460,0:00:00.004351,0:00:00.004248,0:00:00.004524,0:00:00.004506,0:00:00.008162,0:00:00.004379,0:00:00.004274,0:00:00.004448,0:00:00.004394,0:00:00.004406,0:00:00.004417,0:00:00.004186,0:00:00.004384,0:00:00.004432,0:00:00.004348,0:00:00.004438,0:00:00.004420,0:00:00.004426,0:00:00.004379,0:00:00.004408,0:00:00.004386,0:00:00.004218,0:00:00.004297,0:00:00.004372,,0:00:00.190308
graph_name , nodes_count , edges_count, degree, degree cent., max neighbor degree, min neighbor degree, avg neighbor degree, std neighbor degree, eigenvector cent., closeness cent., harmonic cent., betweenness cent., coloring largest first, coloring smallest last, coloring independent set, coloring random sequential,coloring connected sequential dfs, coloring connected sequential bfs, edges within egonet, node clique number, number of cliques, clustering coef., square clustering coef., page rank, hubs value, triangles, core number, random,0,1,2,3,4,5,6,7,8,9,10,11,12,13,14,15,16,17,18,19,20,21,22,23,24,25,26,27,28,29,30, Total Time 
17,35,32,0:00:00.000002,0:00:00.000050,0:00:00.000082,0:00:00.000082,0:00:00.000082,0:00:00.000082,0:00:00.000510,0:00:00.000394,0:00:00.000563,0:00:00.001312,0:00:00.000080,0:00:00.000067,0:00:00.003900,0:00:00.000079,0:00:00.000355,0:00:00.000331,0:00:00.002314,0:00:00.000153,0:00:00.003351,0:00:00.000241,0:00:00.000518,0:00:00.004889,0:00:00.001590,0:00:00.000021,0:00:00.000092,0:00:00.000133,0:00:00.004572,0:00:00.004508,0:00:00.004454,0:00:00.004434,0:00:00.004914,0:00:00.004433,0:00:00.004515,0:00:00.004242,0:00:00.004620,0:00:00.004461,0:00:00.004682,0:00:00.008125,0:00:00.004601,0:00:00.004329,0:00:00.004402,0:00:00.004327,0:00:00.004446,0:00:00.004430,0:00:00.004335,0:00:00.004369,0:00:00.004332,0:00:00.004279,0:00:00.004303,0:00:00.004369,0:00:00.004329,0:00:00.004393,0:00:00.004382,0:00:00.004235,0:00:00.004327,0:00:00.004309,0:00:00.004202,,0:00:00.190255
graph_name , nodes_count , edges_count, degree, degree cent., max neighbor degree, min neighbor degree, avg neighbor degree, std neighbor degree, eigenvector cent., closeness cent., harmonic cent., betweenness cent., coloring largest first, coloring smallest last, coloring independent set, coloring random sequential,coloring connected sequential dfs, coloring connected sequential bfs, edges within egonet, node clique number, number of cliques, clustering coef., square clustering coef., page rank, hubs value, triangles, core number, random,0,1,2,3,4,5,6,7,8,9,10,11,12,13,14,15,16,17,18,19,20,21,22,23,24,25,26,27,28,29,30, Total Time 
18,38,34,0:00:00.000002,0:00:00.000041,0:00:00.000089,0:00:00.000089,0:00:00.000089,0:00:00.000089,0:00:00.000785,0:00:00.000430,0:00:00.000610,0:00:00.001424,0:00:00.000086,0:00:00.000074,0:00:00.004364,0:00:00.000085,0:00:00.000405,0:00:00.000514,0:00:00.001930,0:00:00.000164,0:00:00.004156,0:00:00.000255,0:00:00.000555,0:00:00.004997,0:00:00.001537,0:00:00.000023,0:00:00.000090,0:00:00.000130,0:00:00.004461,0:00:00.004475,0:00:00.004469,0:00:00.004386,0:00:00.005195,0:00:00.004489,0:00:00.004400,0:00:00.004443,0:00:00.004316,0:00:00.004533,0:00:00.004500,0:00:00.009350,0:00:00.004479,0:00:00.004478,0:00:00.004389,0:00:00.004363,0:00:00.004395,0:00:00.004325,0:00:00.004429,0:00:00.004403,0:00:00.004288,0:00:00.004414,0:00:00.004465,0:00:00.004534,0:00:00.004377,0:00:00.004265,0:00:00.004261,0:00:00.004351,0:00:00.004297,0:00:00.004395,0:00:00.004351,,0:00:00.193566
graph_name , nodes_count , edges_count, degree, degree cent., max neighbor degree, min neighbor degree, avg neighbor degree, std neighbor degree, eigenvector cent., closeness cent., harmonic cent., betweenness cent., coloring largest first, coloring smallest last, coloring independent set, coloring random sequential,coloring connected sequential dfs, coloring connected sequential bfs, edges within egonet, node clique number, number of cliques, clustering coef., square clustering coef., page rank, hubs value, triangles, core number, random,0,1,2,3,4,5,6,7,8,9,10,11,12,13,14,15,16,17,18,19,20,21,22,23,24,25,26,27,28,29,30, Total Time 
19,38,34,0:00:00.000003,0:00:00.000031,0:00:00.000086,0:00:00.000086,0:00:00.000086,0:00:00.000086,0:00:00.000500,0:00:00.000421,0:00:00.000604,0:00:00.001407,0:00:00.000085,0:00:00.000074,0:00:00.004430,0:00:00.000082,0:00:00.000379,0:00:00.000359,0:00:00.002029,0:00:00.000168,0:00:00.004260,0:00:00.000266,0:00:00.000561,0:00:00.004796,0:00:00.001456,0:00:00.000024,0:00:00.000085,0:00:00.000128,0:00:00.004453,0:00:00.004353,0:00:00.004422,0:00:00.004460,0:00:00.004917,0:00:00.003766,0:00:00.004418,0:00:00.004360,0:00:00.004345,0:00:00.004387,0:00:00.004616,0:00:00.008744,0:00:00.004321,0:00:00.004269,0:00:00.004450,0:00:00.004120,0:00:00.004412,0:00:00.004236,0:00:00.004337,0:00:00.004332,0:00:00.004429,0:00:00.004364,0:00:00.004410,0:00:00.004292,0:00:00.004247,0:00:00.004352,0:00:00.004275,0:00:00.004265,0:00:00.004364,0:00:00.004424,0:00:00.004295,,0:00:00.190454
graph_name , nodes_count , edges_count, degree, degree cent., max neighbor degree, min neighbor degree, avg neighbor degree, std neighbor degree, eigenvector cent., closeness cent., harmonic cent., betweenness cent., coloring largest first, coloring smallest last, coloring independent set, coloring random sequential,coloring connected sequential dfs, coloring connected sequential bfs, edges within egonet, node clique number, number of cliques, clustering coef., square clustering coef., page rank, hubs value, triangles, core number, random,0,1,2,3,4,5,6,7,8,9,10,11,12,13,14,15,16,17,18,19,20,21,22,23,24,25,26,27,28,29,30, Total Time 
20,39,37,0:00:00.000002,0:00:00.000045,0:00:00.000089,0:00:00.000089,0:00:00.000089,0:00:00.000089,0:00:00.000575,0:00:00.000450,0:00:00.000657,0:00:00.001584,0:00:00.000088,0:00:00.000074,0:00:00.004640,0:00:00.000084,0:00:00.000386,0:00:00.000359,0:00:00.002066,0:00:00.000169,0:00:00.004302,0:00:00.000274,0:00:00.000720,0:00:00.004911,0:00:00.001572,0:00:00.000025,0:00:00.000093,0:00:00.000134,0:00:00.004420,0:00:00.004467,0:00:00.004530,0:00:00.004374,0:00:00.005439,0:00:00.005120,0:00:00.004487,0:00:00.004286,0:00:00.004433,0:00:00.004659,0:00:00.004878,0:00:00.014804,0:00:00.004458,0:00:00.004350,0:00:00.004380,0:00:00.004312,0:00:00.004369,0:00:00.004231,0:00:00.004299,0:00:00.004279,0:00:00.004668,0:00:00.004327,0:00:00.004411,0:00:00.004258,0:00:00.004348,0:00:00.004303,0:00:00.004338,0:00:00.004242,0:00:00.004282,0:00:00.004267,0:00:00.004520,,0:00:00.201031
graph_name , nodes_count , edges_count, degree, degree cent., max neighbor degree, min neighbor degree, avg neighbor degree, std neighbor degree, eigenvector cent., closeness cent., harmonic cent., betweenness cent., coloring largest first, coloring smallest last, coloring independent set, coloring random sequential,coloring connected sequential dfs, coloring connected sequential bfs, edges within egonet, node clique number, number of cliques, clustering coef., square clustering coef., page rank, hubs value, triangles, core number, random,0,1,2,3,4,5,6,7,8,9,10,11,12,13,14,15,16,17,18,19,20,21,22,23,24,25,26,27,28,29,30, Total Time 
21,36,32,0:00:00.000002,0:00:00.000031,0:00:00.000085,0:00:00.000085,0:00:00.000085,0:00:00.000085,0:00:00.000747,0:00:00.000435,0:00:00.000624,0:00:00.001458,0:00:00.000083,0:00:00.000071,0:00:00.004099,0:00:00.000080,0:00:00.000364,0:00:00.000352,0:00:00.002069,0:00:00.000155,0:00:00.003677,0:00:00.000250,0:00:00.000523,0:00:00.005092,0:00:00.001467,0:00:00.000024,0:00:00.000088,0:00:00.000141,0:00:00.004415,0:00:00.004525,0:00:00.004442,0:00:00.004285,0:00:00.004895,0:00:00.004407,0:00:00.004410,0:00:00.004341,0:00:00.004185,0:00:00.004500,0:00:00.004473,0:00:00.019516,0:00:00.004378,0:00:00.004301,0:00:00.004479,0:00:00.004333,0:00:00.004370,0:00:00.004264,0:00:00.004267,0:00:00.004231,0:00:00.004332,0:00:00.004191,0:00:00.004352,0:00:00.004315,0:00:00.004313,0:00:00.004292,0:00:00.004059,0:00:00.004143,0:00:00.004233,0:00:00.004211,0:00:00.004234,,0:00:00.200540
graph_name , nodes_count , edges_count, degree, degree cent., max neighbor degree, min neighbor degree, avg neighbor degree, std neighbor degree, eigenvector cent., closeness cent., harmonic cent., betweenness cent., coloring largest first, coloring smallest last, coloring independent set, coloring random sequential,coloring connected sequential dfs, coloring connected sequential bfs, edges within egonet, node clique number, number of cliques, clustering coef., square clustering coef., page rank, hubs value, triangles, core number, random,0,1,2,3,4,5,6,7,8,9,10,11,12,13,14,15,16,17,18,19,20,21,22,23,24,25,26,27,28,29,30, Total Time 
22,35,31,0:00:00.000002,0:00:00.000038,0:00:00.000081,0:00:00.000081,0:00:00.000081,0:00:00.000081,0:00:00.000539,0:00:00.000360,0:00:00.000587,0:00:00.001149,0:00:00.000079,0:00:00.000066,0:00:00.003702,0:00:00.000077,0:00:00.000531,0:00:00.000345,0:00:00.001800,0:00:00.000152,0:00:00.003365,0:00:00.000245,0:00:00.000465,0:00:00.004940,0:00:00.001600,0:00:00.000021,0:00:00.000082,0:00:00.000125,0:00:00.004463,0:00:00.004493,0:00:00.004238,0:00:00.004399,0:00:00.004676,0:00:00.004626,0:00:00.004329,0:00:00.004377,0:00:00.004268,0:00:00.004590,0:00:00.004467,0:00:00.007549,0:00:00.004445,0:00:00.004499,0:00:00.004394,0:00:00.004390,0:00:00.004449,0:00:00.004342,0:00:00.004290,0:00:00.004368,0:00:00.004247,0:00:00.004347,0:00:00.004336,0:00:00.004297,0:00:00.004254,0:00:00.004361,0:00:00.004251,0:00:00.004179,0:00:00.004190,0:00:00.004186,0:00:00.004179,,0:00:00.187300
graph_name , nodes_count , edges_count, degree, degree cent., max neighbor degree, min neighbor degree, avg neighbor degree, std neighbor degree, eigenvector cent., closeness cent., harmonic cent., betweenness cent., coloring largest first, coloring smallest last, coloring independent set, coloring random sequential,coloring connected sequential dfs, coloring connected sequential bfs, edges within egonet, node clique number, number of cliques, clustering coef., square clustering coef., page rank, hubs value, triangles, core number, random,0,1,2,3,4,5,6,7,8,9,10,11,12,13,14,15,16,17,18,19,20,21,22,23,24,25,26,27,28,29,30, Total Time 
23,37,34,0:00:00.000002,0:00:00.000029,0:00:00.000083,0:00:00.000083,0:00:00.000083,0:00:00.000083,0:00:00.000512,0:00:00.000432,0:00:00.000620,0:00:00.001447,0:00:00.000079,0:00:00.000117,0:00:00.004113,0:00:00.000077,0:00:00.000339,0:00:00.000327,0:00:00.002027,0:00:00.000147,0:00:00.003697,0:00:00.000244,0:00:00.000582,0:00:00.004728,0:00:00.001401,0:00:00.000024,0:00:00.000084,0:00:00.000127,0:00:00.004547,0:00:00.004439,0:00:00.004373,0:00:00.004446,0:00:00.005297,0:00:00.004424,0:00:00.004564,0:00:00.004385,0:00:00.004307,0:00:00.004567,0:00:00.004603,0:00:00.009942,0:00:00.004408,0:00:00.004332,0:00:00.004353,0:00:00.004306,0:00:00.004454,0:00:00.004335,0:00:00.004285,0:00:00.004324,0:00:00.004331,0:00:00.004348,0:00:00.004335,0:00:00.004244,0:00:00.003829,0:00:00.004342,0:00:00.004285,0:00:00.004237,0:00:00.004198,0:00:00.004278,0:00:00.004141,,0:00:00.190266
graph_name , nodes_count , edges_count, degree, degree cent., max neighbor degree, min neighbor degree, avg neighbor degree, std neighbor degree, eigenvector cent., closeness cent., harmonic cent., betweenness cent., coloring largest first, coloring smallest last, coloring independent set, coloring random sequential,coloring connected sequential dfs, coloring connected sequential bfs, edges within egonet, node clique number, number of cliques, clustering coef., square clustering coef., page rank, hubs value, triangles, core number, random,0,1,2,3,4,5,6,7,8,9,10,11,12,13,14,15,16,17,18,19,20,21,22,23,24,25,26,27,28,29,30, Total Time 
24,34,30,0:00:00.000003,0:00:00.000037,0:00:00.000080,0:00:00.000080,0:00:00.000080,0:00:00.000080,0:00:00.000727,0:00:00.000379,0:00:00.000526,0:00:00.001183,0:00:00.000079,0:00:00.000066,0:00:00.003507,0:00:00.000076,0:00:00.000329,0:00:00.000479,0:00:00.001734,0:00:00.000149,0:00:00.003221,0:00:00.000235,0:00:00.000463,0:00:00.004921,0:00:00.001535,0:00:00.000022,0:00:00.000084,0:00:00.000121,0:00:00.004497,0:00:00.004381,0:00:00.004473,0:00:00.004273,0:00:00.004762,0:00:00.004215,0:00:00.004338,0:00:00.004056,0:00:00.004334,0:00:00.004304,0:00:00.004832,0:00:00.007107,0:00:00.004201,0:00:00.004220,0:00:00.004261,0:00:00.004122,0:00:00.004279,0:00:00.004061,0:00:00.004294,0:00:00.004063,0:00:00.004187,0:00:00.004063,0:00:00.004372,0:00:00.004146,0:00:00.004223,0:00:00.004125,0:00:00.004259,0:00:00.004059,0:00:00.004150,0:00:00.004043,0:00:00.004274,,0:00:00.183490
graph_name , nodes_count , edges_count, degree, degree cent., max neighbor degree, min neighbor degree, avg neighbor degree, std neighbor degree, eigenvector cent., closeness cent., harmonic cent., betweenness cent., coloring largest first, coloring smallest last, coloring independent set, coloring random sequential,coloring connected sequential dfs, coloring connected sequential bfs, edges within egonet, node clique number, number of cliques, clustering coef., square clustering coef., page rank, hubs value, triangles, core number, random,0,1,2,3,4,5,6,7,8,9,10,11,12,13,14,15,16,17,18,19,20,21,22,23,24,25,26,27,28,29,30, Total Time 
25,36,35,0:00:00.000002,0:00:00.000040,0:00:00.000086,0:00:00.000086,0:00:00.000086,0:00:00.000086,0:00:00.000545,0:00:00.000431,0:00:00.000596,0:00:00.001468,0:00:00.000084,0:00:00.000070,0:00:00.004111,0:00:00.000083,0:00:00.000360,0:00:00.000342,0:00:00.002446,0:00:00.000164,0:00:00.003858,0:00:00.000263,0:00:00.000632,0:00:00.004919,0:00:00.001531,0:00:00.000024,0:00:00.000092,0:00:00.000137,0:00:00.004431,0:00:00.004471,0:00:00.004406,0:00:00.004816,0:00:00.005177,0:00:00.004402,0:00:00.004316,0:00:00.004438,0:00:00.004299,0:00:00.004712,0:00:00.004741,0:00:00.010592,0:00:00.004439,0:00:00.004377,0:00:00.004330,0:00:00.004451,0:00:00.004444,0:00:00.004441,0:00:00.004379,0:00:00.004394,0:00:00.004453,0:00:00.004365,0:00:00.004426,0:00:00.004369,0:00:00.004301,0:00:00.004361,0:00:00.004313,0:00:00.004256,0:00:00.004323,0:00:00.004299,0:00:00.004299,,0:00:00.207717
graph_name , nodes_count , edges_count, degree, degree cent., max neighbor degree, min neighbor degree, avg neighbor degree, std neighbor degree, eigenvector cent., closeness cent., harmonic cent., betweenness cent., coloring largest first, coloring smallest last, coloring independent set, coloring random sequential,coloring connected sequential dfs, coloring connected sequential bfs, edges within egonet, node clique number, number of cliques, clustering coef., square clustering coef., page rank, hubs value, triangles, core number, random,0,1,2,3,4,5,6,7,8,9,10,11,12,13,14,15,16,17,18,19,20,21,22,23,24,25,26,27,28,29,30, Total Time 
26,39,36,0:00:00.000003,0:00:00.000042,0:00:00.000090,0:00:00.000090,0:00:00.000090,0:00:00.000090,0:00:00.000564,0:00:00.000438,0:00:00.000633,0:00:00.001566,0:00:00.000088,0:00:00.000076,0:00:00.004529,0:00:00.000085,0:00:00.000560,0:00:00.000376,0:00:00.002051,0:00:00.000173,0:00:00.004386,0:00:00.000268,0:00:00.000671,0:00:00.004819,0:00:00.001555,0:00:00.000024,0:00:00.000088,0:00:00.000133,0:00:00.004458,0:00:00.004428,0:00:00.004358,0:00:00.004544,0:00:00.005285,0:00:00.004425,0:00:00.004402,0:00:00.004357,0:00:00.004587,0:00:00.004537,0:00:00.004595,0:00:00.011350,0:00:00.004621,0:00:00.004424,0:00:00.004464,0:00:00.004423,0:00:00.004449,0:00:00.004414,0:00:00.004290,0:00:00.004314,0:00:00.004426,0:00:00.004335,0:00:00.004383,0:00:00.004307,0:00:00.004354,0:00:00.004277,0:00:00.004306,0:00:00.004123,0:00:00.004334,0:00:00.004273,0:00:00.004366,,0:00:00.196297
graph_name , nodes_count , edges_count, degree, degree cent., max neighbor degree, min neighbor degree, avg neighbor degree, std neighbor degree, eigenvector cent., closeness cent., harmonic cent., betweenness cent., coloring largest first, coloring smallest last, coloring independent set, coloring random sequential,coloring connected sequential dfs, coloring connected sequential bfs, edges within egonet, node clique number, number of cliques, clustering coef., square clustering coef., page rank, hubs value, triangles, core number, random,0,1,2,3,4,5,6,7,8,9,10,11,12,13,14,15,16,17,18,19,20,21,22,23,24,25,26,27,28,29,30, Total Time 
27,37,35,0:00:00.000002,0:00:00.000040,0:00:00.000088,0:00:00.000088,0:00:00.000088,0:00:00.000088,0:00:00.000553,0:00:00.000423,0:00:00.000589,0:00:00.001384,0:00:00.000085,0:00:00.000070,0:00:00.004327,0:00:00.000082,0:00:00.000430,0:00:00.000366,0:00:00.002143,0:00:00.000168,0:00:00.004115,0:00:00.000261,0:00:00.000610,0:00:00.005025,0:00:00.001566,0:00:00.000022,0:00:00.000088,0:00:00.000131,0:00:00.004374,0:00:00.004669,0:00:00.004342,0:00:00.004466,0:00:00.005135,0:00:00.004500,0:00:00.004318,0:00:00.004394,0:00:00.004281,0:00:00.004566,0:00:00.004605,0:00:00.010120,0:00:00.004365,0:00:00.004452,0:00:00.004224,0:00:00.004335,0:00:00.004502,0:00:00.004403,0:00:00.004364,0:00:00.004462,0:00:00.004287,0:00:00.004348,0:00:00.004334,0:00:00.004303,0:00:00.004327,0:00:00.004280,0:00:00.004201,0:00:00.004237,0:00:00.004248,0:00:00.004245,0:00:00.004321,,0:00:00.193463
graph_name , nodes_count , edges_count, degree, degree cent., max neighbor degree, min neighbor degree, avg neighbor degree, std neighbor degree, eigenvector cent., closeness cent., harmonic cent., betweenness cent., coloring largest first, coloring smallest last, coloring independent set, coloring random sequential,coloring connected sequential dfs, coloring connected sequential bfs, edges within egonet, node clique number, number of cliques, clustering coef., square clustering coef., page rank, hubs value, triangles, core number, random,0,1,2,3,4,5,6,7,8,9,10,11,12,13,14,15,16,17,18,19,20,21,22,23,24,25,26,27,28,29,30, Total Time 
28,39,37,0:00:00.000002,0:00:00.000038,0:00:00.000088,0:00:00.000088,0:00:00.000088,0:00:00.000088,0:00:00.000618,0:00:00.000482,0:00:00.000684,0:00:00.001683,0:00:00.000085,0:00:00.000072,0:00:00.004619,0:00:00.000084,0:00:00.000385,0:00:00.000343,0:00:00.002124,0:00:00.000167,0:00:00.004263,0:00:00.000262,0:00:00.000684,0:00:00.004593,0:00:00.001514,0:00:00.000027,0:00:00.000093,0:00:00.000141,0:00:00.004580,0:00:00.004402,0:00:00.004420,0:00:00.003629,0:00:00.004277,0:00:00.003532,0:00:00.004097,0:00:00.003470,0:00:00.004077,0:00:00.003689,0:00:00.004456,0:00:00.007090,0:00:00.004169,0:00:00.003594,0:00:00.004173,0:00:00.003538,0:00:00.004180,0:00:00.003473,0:00:00.004049,0:00:00.003494,0:00:00.004103,0:00:00.003495,0:00:00.003658,0:00:00.003455,0:00:00.004089,0:00:00.003422,0:00:00.004121,0:00:00.003391,0:00:00.004037,0:00:00.003425,0:00:00.004171,,0:00:00.174739
graph_name , nodes_count , edges_count, degree, degree cent., max neighbor degree, min neighbor degree, avg neighbor degree, std neighbor degree, eigenvector cent., closeness cent., harmonic cent., betweenness cent., coloring largest first, coloring smallest last, coloring independent set, coloring random sequential,coloring connected sequential dfs, coloring connected sequential bfs, edges within egonet, node clique number, number of cliques, clustering coef., square clustering coef., page rank, hubs value, triangles, core number, random,0,1,2,3,4,5,6,7,8,9,10,11,12,13,14,15,16,17,18,19,20,21,22,23,24,25,26,27,28,29,30, Total Time 
29,34,33,0:00:00.000001,0:00:00.000028,0:00:00.000039,0:00:00.000039,0:00:00.000039,0:00:00.000039,0:00:00.000287,0:00:00.000239,0:00:00.000319,0:00:00.000613,0:00:00.000038,0:00:00.000032,0:00:00.001706,0:00:00.000036,0:00:00.000168,0:00:00.000150,0:00:00.000923,0:00:00.000074,0:00:00.001601,0:00:00.000116,0:00:00.000255,0:00:00.002352,0:00:00.000760,0:00:00.000011,0:00:00.000044,0:00:00.000055,0:00:00.003496,0:00:00.002553,0:00:00.003347,0:00:00.003495,0:00:00.003818,0:00:00.003403,0:00:00.003415,0:00:00.003411,0:00:00.003467,0:00:00.003617,0:00:00.003746,0:00:00.006317,0:00:00.003613,0:00:00.003458,0:00:00.003554,0:00:00.003433,0:00:00.003552,0:00:00.003437,0:00:00.003416,0:00:00.003488,0:00:00.003404,0:00:00.003436,0:00:00.003439,0:00:00.003330,0:00:00.003393,0:00:00.003524,0:00:00.003359,0:00:00.003438,0:00:00.002488,0:00:00.003350,0:00:00.003449,,0:00:00.132124
graph_name , nodes_count , edges_count, degree, degree cent., max neighbor degree, min neighbor degree, avg neighbor degree, std neighbor degree, eigenvector cent., closeness cent., harmonic cent., betweenness cent., coloring largest first, coloring smallest last, coloring independent set, coloring random sequential,coloring connected sequential dfs, coloring connected sequential bfs, edges within egonet, node clique number, number of cliques, clustering coef., square clustering coef., page rank, hubs value, triangles, core number, random,0,1,2,3,4,5,6,7,8,9,10,11,12,13,14,15,16,17,18,19,20,21,22,23,24,25,26,27,28,29,30, Total Time 
30,36,33,0:00:00.000001,0:00:00.000033,0:00:00.000064,0:00:00.000064,0:00:00.000064,0:00:00.000064,0:00:00.000408,0:00:00.000323,0:00:00.000456,0:00:00.001061,0:00:00.000063,0:00:00.000052,0:00:00.003109,0:00:00.000062,0:00:00.000269,0:00:00.000254,0:00:00.001434,0:00:00.000118,0:00:00.002742,0:00:00.000189,0:00:00.000417,0:00:00.003650,0:00:00.001188,0:00:00.000018,0:00:00.000069,0:00:00.000098,0:00:00.003513,0:00:00.003650,0:00:00.003386,0:00:00.003500,0:00:00.003819,0:00:00.003317,0:00:00.003441,0:00:00.003387,0:00:00.003314,0:00:00.003628,0:00:00.002696,0:00:00.007243,0:00:00.003515,0:00:00.003506,0:00:00.003427,0:00:00.003439,0:00:00.002531,0:00:00.003434,0:00:00.003316,0:00:00.003547,0:00:00.003467,0:00:00.003557,0:00:00.002458,0:00:00.003243,0:00:00.002564,0:00:00.003310,0:00:00.003445,0:00:00.003320,0:00:00.003460,0:00:00.003367,0:00:00.003431,,0:00:00.144640
graph_name , nodes_count , edges_count, degree, degree cent., max neighbor degree, min neighbor degree, avg neighbor degree, std neighbor degree, eigenvector cent., closeness cent., harmonic cent., betweenness cent., coloring largest first, coloring smallest last, coloring independent set, coloring random sequential,coloring connected sequential dfs, coloring connected sequential bfs, edges within egonet, node clique number, number of cliques, clustering coef., square clustering coef., page rank, hubs value, triangles, core number, random,0,1,2,3,4,5,6,7,8,9,10,11,12,13,14,15,16,17,18,19,20,21,22,23,24,25,26,27,28,29,30, Total Time 
31,37,35,0:00:00.000001,0:00:00.000030,0:00:00.000042,0:00:00.000042,0:00:00.000042,0:00:00.000042,0:00:00.000334,0:00:00.000297,0:00:00.000440,0:00:00.000785,0:00:00.000040,0:00:00.000033,0:00:00.002075,0:00:00.000039,0:00:00.000175,0:00:00.000166,0:00:00.001014,0:00:00.000082,0:00:00.001957,0:00:00.000125,0:00:00.000278,0:00:00.002383,0:00:00.000786,0:00:00.000011,0:00:00.000043,0:00:00.000065,0:00:00.003596,0:00:00.003600,0:00:00.003538,0:00:00.003806,0:00:00.004022,0:00:00.003464,0:00:00.003480,0:00:00.003443,0:00:00.003428,0:00:00.003760,0:00:00.003752,0:00:00.009771,0:00:00.003624,0:00:00.004324,0:00:00.003555,0:00:00.004171,0:00:00.003607,0:00:00.004310,0:00:00.003646,0:00:00.004185,0:00:00.003606,0:00:00.004317,0:00:00.003596,0:00:00.004272,0:00:00.003603,0:00:00.004054,0:00:00.003562,0:00:00.004156,0:00:00.003559,0:00:00.004163,0:00:00.003665,,0:00:00.148868
graph_name , nodes_count , edges_count, degree, degree cent., max neighbor degree, min neighbor degree, avg neighbor degree, std neighbor degree, eigenvector cent., closeness cent., harmonic cent., betweenness cent., coloring largest first, coloring smallest last, coloring independent set, coloring random sequential,coloring connected sequential dfs, coloring connected sequential bfs, edges within egonet, node clique number, number of cliques, clustering coef., square clustering coef., page rank, hubs value, triangles, core number, random,0,1,2,3,4,5,6,7,8,9,10,11,12,13,14,15,16,17,18,19,20,21,22,23,24,25,26,27,28,29,30, Total Time 
32,38,35,0:00:00.000002,0:00:00.000041,0:00:00.000091,0:00:00.000091,0:00:00.000091,0:00:00.000091,0:00:00.000594,0:00:00.000431,0:00:00.000622,0:00:00.001460,0:00:00.000085,0:00:00.000072,0:00:00.004532,0:00:00.000085,0:00:00.000381,0:00:00.000359,0:00:00.001958,0:00:00.000168,0:00:00.004303,0:00:00.000260,0:00:00.000616,0:00:00.004881,0:00:00.001550,0:00:00.000022,0:00:00.000090,0:00:00.000138,0:00:00.004239,0:00:00.003686,0:00:00.004227,0:00:00.003609,0:00:00.004876,0:00:00.003596,0:00:00.004233,0:00:00.003520,0:00:00.004092,0:00:00.003662,0:00:00.004479,0:00:00.007809,0:00:00.004274,0:00:00.003706,0:00:00.004246,0:00:00.003603,0:00:00.004267,0:00:00.002762,0:00:00.004225,0:00:00.003664,0:00:00.004235,0:00:00.003655,0:00:00.004206,0:00:00.003527,0:00:00.004238,0:00:00.003578,0:00:00.004299,0:00:00.003526,0:00:00.004225,0:00:00.003538,0:00:00.004234,,0:00:00.177159
graph_name , nodes_count , edges_count, degree, degree cent., max neighbor degree, min neighbor degree, avg neighbor degree, std neighbor degree, eigenvector cent., closeness cent., harmonic cent., betweenness cent., coloring largest first, coloring smallest last, coloring independent set, coloring random sequential,coloring connected sequential dfs, coloring connected sequential bfs, edges within egonet, node clique number, number of cliques, clustering coef., square clustering coef., page rank, hubs value, triangles, core number, random,0,1,2,3,4,5,6,7,8,9,10,11,12,13,14,15,16,17,18,19,20,21,22,23,24,25,26,27,28,29,30, Total Time 
33,34,32,0:00:00.000002,0:00:00.000029,0:00:00.000062,0:00:00.000062,0:00:00.000062,0:00:00.000062,0:00:00.000382,0:00:00.000296,0:00:00.000407,0:00:00.000962,0:00:00.000070,0:00:00.000052,0:00:00.002821,0:00:00.000058,0:00:00.000261,0:00:00.000245,0:00:00.001620,0:00:00.000121,0:00:00.002596,0:00:00.000182,0:00:00.000367,0:00:00.003616,0:00:00.001220,0:00:00.000017,0:00:00.000065,0:00:00.000089,0:00:00.003698,0:00:00.003791,0:00:00.003606,0:00:00.004319,0:00:00.003958,0:00:00.004248,0:00:00.002807,0:00:00.004193,0:00:00.003462,0:00:00.003779,0:00:00.003756,0:00:00.007102,0:00:00.003479,0:00:00.003580,0:00:00.003507,0:00:00.003600,0:00:00.003552,0:00:00.003548,0:00:00.003467,0:00:00.004126,0:00:00.003607,0:00:00.004208,0:00:00.003495,0:00:00.004176,0:00:00.003568,0:00:00.004218,0:00:00.003605,0:00:00.004206,0:00:00.003464,0:00:00.004267,0:00:00.003641,,0:00:00.157222
graph_name , nodes_count , edges_count, degree, degree cent., max neighbor degree, min neighbor degree, avg neighbor degree, std neighbor degree, eigenvector cent., closeness cent., harmonic cent., betweenness cent., coloring largest first, coloring smallest last, coloring independent set, coloring random sequential,coloring connected sequential dfs, coloring connected sequential bfs, edges within egonet, node clique number, number of cliques, clustering coef., square clustering coef., page rank, hubs value, triangles, core number, random,0,1,2,3,4,5,6,7,8,9,10,11,12,13,14,15,16,17,18,19,20,21,22,23,24,25,26,27,28,29,30, Total Time 
34,36,35,0:00:00.000003,0:00:00.000039,0:00:00.000085,0:00:00.000085,0:00:00.000085,0:00:00.000085,0:00:00.000533,0:00:00.000435,0:00:00.000609,0:00:00.001459,0:00:00.000081,0:00:00.000069,0:00:00.003906,0:00:00.000080,0:00:00.000503,0:00:00.000337,0:00:00.001989,0:00:00.000164,0:00:00.003855,0:00:00.000254,0:00:00.000613,0:00:00.004830,0:00:00.001551,0:00:00.000024,0:00:00.000091,0:00:00.000130,0:00:00.004196,0:00:00.003644,0:00:00.004233,0:00:00.003625,0:00:00.006263,0:00:00.002757,0:00:00.004104,0:00:00.003585,0:00:00.004274,0:00:00.003837,0:00:00.004876,0:00:00.005465,0:00:00.004314,0:00:00.003601,0:00:00.004356,0:00:00.003583,0:00:00.004484,0:00:00.003613,0:00:00.004217,0:00:00.003739,0:00:00.004209,0:00:00.003644,0:00:00.004279,0:00:00.003582,0:00:00.004285,0:00:00.003527,0:00:00.004311,0:00:00.003484,0:00:00.004173,0:00:00.003633,0:00:00.004215,,0:00:00.176405
graph_name , nodes_count , edges_count, degree, degree cent., max neighbor degree, min neighbor degree, avg neighbor degree, std neighbor degree, eigenvector cent., closeness cent., harmonic cent., betweenness cent., coloring largest first, coloring smallest last, coloring independent set, coloring random sequential,coloring connected sequential dfs, coloring connected sequential bfs, edges within egonet, node clique number, number of cliques, clustering coef., square clustering coef., page rank, hubs value, triangles, core number, random,0,1,2,3,4,5,6,7,8,9,10,11,12,13,14,15,16,17,18,19,20,21,22,23,24,25,26,27,28,29,30, Total Time 
35,36,33,0:00:00.000001,0:00:00.000033,0:00:00.000064,0:00:00.000064,0:00:00.000064,0:00:00.000064,0:00:00.000414,0:00:00.000296,0:00:00.000417,0:00:00.000982,0:00:00.000064,0:00:00.000054,0:00:00.003119,0:00:00.000061,0:00:00.000294,0:00:00.000273,0:00:00.001437,0:00:00.000120,0:00:00.002805,0:00:00.000191,0:00:00.000416,0:00:00.003751,0:00:00.001181,0:00:00.000018,0:00:00.000064,0:00:00.000089,0:00:00.003609,0:00:00.004310,0:00:00.003559,0:00:00.004376,0:00:00.004089,0:00:00.004397,0:00:00.003617,0:00:00.004327,0:00:00.003549,0:00:00.004586,0:00:00.003812,0:00:00.009583,0:00:00.003674,0:00:00.004363,0:00:00.003599,0:00:00.004311,0:00:00.003733,0:00:00.004326,0:00:00.003584,0:00:00.004387,0:00:00.003576,0:00:00.004358,0:00:00.003492,0:00:00.004124,0:00:00.003666,0:00:00.004174,0:00:00.003542,0:00:00.004082,0:00:00.003529,0:00:00.004198,0:00:00.003581,,0:00:00.166061
graph_name , nodes_count , edges_count, degree, degree cent., max neighbor degree, min neighbor degree, avg neighbor degree, std neighbor degree, eigenvector cent., closeness cent., harmonic cent., betweenness cent., coloring largest first, coloring smallest last, coloring independent set, coloring random sequential,coloring connected sequential dfs, coloring connected sequential bfs, edges within egonet, node clique number, number of cliques, clustering coef., square clustering coef., page rank, hubs value, triangles, core number, random,0,1,2,3,4,5,6,7,8,9,10,11,12,13,14,15,16,17,18,19,20,21,22,23,24,25,26,27,28,29,30, Total Time 
36,38,35,0:00:00.000002,0:00:00.000041,0:00:00.000088,0:00:00.000088,0:00:00.000088,0:00:00.000088,0:00:00.000680,0:00:00.000472,0:00:00.000660,0:00:00.001599,0:00:00.000085,0:00:00.000072,0:00:00.004298,0:00:00.000085,0:00:00.000515,0:00:00.000345,0:00:00.002110,0:00:00.000169,0:00:00.004142,0:00:00.000259,0:00:00.000599,0:00:00.004855,0:00:00.001587,0:00:00.000026,0:00:00.000094,0:00:00.000146,0:00:00.004403,0:00:00.003771,0:00:00.004317,0:00:00.003583,0:00:00.004969,0:00:00.003594,0:00:00.004374,0:00:00.003540,0:00:00.004239,0:00:00.003701,0:00:00.004403,0:00:00.007819,0:00:00.004252,0:00:00.003635,0:00:00.004331,0:00:00.003643,0:00:00.004380,0:00:00.003541,0:00:00.004241,0:00:00.003547,0:00:00.004303,0:00:00.003570,0:00:00.004159,0:00:00.003400,0:00:00.004233,0:00:00.003475,0:00:00.004111,0:00:00.003480,0:00:00.004257,0:00:00.003481,0:00:00.004380,,0:00:00.179221
graph_name , nodes_count , edges_count, degree, degree cent., max neighbor degree, min neighbor degree, avg neighbor degree, std neighbor degree, eigenvector cent., closeness cent., harmonic cent., betweenness cent., coloring largest first, coloring smallest last, coloring independent set, coloring random sequential,coloring connected sequential dfs, coloring connected sequential bfs, edges within egonet, node clique number, number of cliques, clustering coef., square clustering coef., page rank, hubs value, triangles, core number, random,0,1,2,3,4,5,6,7,8,9,10,11,12,13,14,15,16,17,18,19,20,21,22,23,24,25,26,27,28,29,30, Total Time 
37,34,31,0:00:00.000002,0:00:00.000032,0:00:00.000062,0:00:00.000062,0:00:00.000062,0:00:00.000062,0:00:00.000444,0:00:00.000302,0:00:00.000434,0:00:00.000987,0:00:00.000062,0:00:00.000051,0:00:00.002893,0:00:00.000061,0:00:00.000280,0:00:00.000251,0:00:00.001420,0:00:00.000121,0:00:00.002618,0:00:00.000182,0:00:00.000344,0:00:00.003750,0:00:00.001182,0:00:00.000015,0:00:00.000066,0:00:00.000091,0:00:00.003657,0:00:00.004279,0:00:00.003577,0:00:00.004257,0:00:00.003908,0:00:00.004225,0:00:00.003613,0:00:00.004190,0:00:00.003471,0:00:00.004390,0:00:00.003650,0:00:00.006739,0:00:00.003692,0:00:00.004257,0:00:00.003597,0:00:00.004192,0:00:00.003586,0:00:00.004257,0:00:00.003559,0:00:00.004372,0:00:00.003610,0:00:00.004248,0:00:00.003565,0:00:00.004252,0:00:00.003530,0:00:00.004212,0:00:00.003652,0:00:00.004260,0:00:00.003516,0:00:00.004236,0:00:00.003598,,0:00:00.161578
graph_name , nodes_count , edges_count, degree, degree cent., max neighbor degree, min neighbor degree, avg neighbor degree, std neighbor degree, eigenvector cent., closeness cent., harmonic cent., betweenness cent., coloring largest first, coloring smallest last, coloring independent set, coloring random sequential,coloring connected sequential dfs, coloring connected sequential bfs, edges within egonet, node clique number, number of cliques, clustering coef., square clustering coef., page rank, hubs value, triangles, core number, random,0,1,2,3,4,5,6,7,8,9,10,11,12,13,14,15,16,17,18,19,20,21,22,23,24,25,26,27,28,29,30, Total Time 
38,36,34,0:00:00.000003,0:00:00.000030,0:00:00.000083,0:00:00.000083,0:00:00.000083,0:00:00.000083,0:00:00.000541,0:00:00.000420,0:00:00.000591,0:00:00.001378,0:00:00.000080,0:00:00.000069,0:00:00.003869,0:00:00.000078,0:00:00.000494,0:00:00.000332,0:00:00.002039,0:00:00.000151,0:00:00.003610,0:00:00.000249,0:00:00.000580,0:00:00.004884,0:00:00.001462,0:00:00.000024,0:00:00.000087,0:00:00.000134,0:00:00.004301,0:00:00.003653,0:00:00.004241,0:00:00.003582,0:00:00.004934,0:00:00.003583,0:00:00.004686,0:00:00.003579,0:00:00.004457,0:00:00.003696,0:00:00.004708,0:00:00.007213,0:00:00.004458,0:00:00.003527,0:00:00.004240,0:00:00.003535,0:00:00.004443,0:00:00.004325,0:00:00.003255,0:00:00.004318,0:00:00.004234,0:00:00.004367,0:00:00.004342,0:00:00.004435,0:00:00.004354,0:00:00.004542,0:00:00.004373,0:00:00.004358,0:00:00.004191,0:00:00.004300,0:00:00.004464,,0:00:00.182196
graph_name , nodes_count , edges_count, degree, degree cent., max neighbor degree, min neighbor degree, avg neighbor degree, std neighbor degree, eigenvector cent., closeness cent., harmonic cent., betweenness cent., coloring largest first, coloring smallest last, coloring independent set, coloring random sequential,coloring connected sequential dfs, coloring connected sequential bfs, edges within egonet, node clique number, number of cliques, clustering coef., square clustering coef., page rank, hubs value, triangles, core number, random,0,1,2,3,4,5,6,7,8,9,10,11,12,13,14,15,16,17,18,19,20,21,22,23,24,25,26,27,28,29,30, Total Time 
39,38,38,0:00:00.000003,0:00:00.000039,0:00:00.000090,0:00:00.000090,0:00:00.000090,0:00:00.000090,0:00:00.000571,0:00:00.000480,0:00:00.000682,0:00:00.001701,0:00:00.000087,0:00:00.000074,0:00:00.004612,0:00:00.000084,0:00:00.000368,0:00:00.000354,0:00:00.002321,0:00:00.000171,0:00:00.004213,0:00:00.000273,0:00:00.000790,0:00:00.004848,0:00:00.001591,0:00:00.000024,0:00:00.000099,0:00:00.000144,0:00:00.004673,0:00:00.004462,0:00:00.004426,0:00:00.004451,0:00:00.005516,0:00:00.004354,0:00:00.004443,0:00:00.004343,0:00:00.004365,0:00:00.004750,0:00:00.004983,0:00:00.015663,0:00:00.004432,0:00:00.004474,0:00:00.004325,0:00:00.004509,0:00:00.004587,0:00:00.004420,0:00:00.004377,0:00:00.004410,0:00:00.004382,0:00:00.004450,0:00:00.004392,0:00:00.004391,0:00:00.004250,0:00:00.004293,0:00:00.004311,0:00:00.004320,0:00:00.004287,0:00:00.004354,0:00:00.004335,,0:00:00.202458
graph_name , nodes_count , edges_count, degree, degree cent., max neighbor degree, min neighbor degree, avg neighbor degree, std neighbor degree, eigenvector cent., closeness cent., harmonic cent., betweenness cent., coloring largest first, coloring smallest last, coloring independent set, coloring random sequential,coloring connected sequential dfs, coloring connected sequential bfs, edges within egonet, node clique number, number of cliques, clustering coef., square clustering coef., page rank, hubs value, triangles, core number, random,0,1,2,3,4,5,6,7,8,9,10,11,12,13,14,15,16,17,18,19,20,21,22,23,24,25,26,27,28,29,30, Total Time 
40,38,35,0:00:00.000002,0:00:00.000041,0:00:00.000089,0:00:00.000089,0:00:00.000089,0:00:00.000089,0:00:00.000690,0:00:00.000470,0:00:00.000666,0:00:00.001613,0:00:00.000088,0:00:00.000074,0:00:00.004566,0:00:00.000082,0:00:00.000367,0:00:00.000347,0:00:00.002099,0:00:00.000166,0:00:00.004203,0:00:00.000264,0:00:00.000645,0:00:00.004822,0:00:00.001550,0:00:00.000024,0:00:00.000092,0:00:00.000143,0:00:00.004432,0:00:00.004557,0:00:00.004413,0:00:00.004400,0:00:00.004916,0:00:00.004327,0:00:00.004349,0:00:00.004353,0:00:00.004297,0:00:00.004566,0:00:00.004483,0:00:00.009985,0:00:00.004357,0:00:00.004401,0:00:00.004298,0:00:00.004450,0:00:00.004474,0:00:00.004464,0:00:00.004418,0:00:00.004370,0:00:00.004410,0:00:00.004388,0:00:00.004445,0:00:00.004308,0:00:00.004385,0:00:00.004207,0:00:00.004185,0:00:00.004182,0:00:00.004222,0:00:00.004372,0:00:00.004325,,0:00:00.193796
graph_name , nodes_count , edges_count, degree, degree cent., max neighbor degree, min neighbor degree, avg neighbor degree, std neighbor degree, eigenvector cent., closeness cent., harmonic cent., betweenness cent., coloring largest first, coloring smallest last, coloring independent set, coloring random sequential,coloring connected sequential dfs, coloring connected sequential bfs, edges within egonet, node clique number, number of cliques, clustering coef., square clustering coef., page rank, hubs value, triangles, core number, random,0,1,2,3,4,5,6,7,8,9,10,11,12,13,14,15,16,17,18,19,20,21,22,23,24,25,26,27,28,29,30, Total Time 
41,34,31,0:00:00.000002,0:00:00.000032,0:00:00.000071,0:00:00.000071,0:00:00.000071,0:00:00.000071,0:00:00.000453,0:00:00.000303,0:00:00.000452,0:00:00.000973,0:00:00.000063,0:00:00.000052,0:00:00.002800,0:00:00.000059,0:00:00.000271,0:00:00.000249,0:00:00.001683,0:00:00.000120,0:00:00.002585,0:00:00.000188,0:00:00.000349,0:00:00.003976,0:00:00.001204,0:00:00.000014,0:00:00.000066,0:00:00.000095,0:00:00.004511,0:00:00.003643,0:00:00.003573,0:00:00.003655,0:00:00.004501,0:00:00.003490,0:00:00.003938,0:00:00.003362,0:00:00.004037,0:00:00.003572,0:00:00.003613,0:00:00.003696,0:00:00.004050,0:00:00.003596,0:00:00.003996,0:00:00.003475,0:00:00.004064,0:00:00.003466,0:00:00.004066,0:00:00.003487,0:00:00.003999,0:00:00.003517,0:00:00.004090,0:00:00.003434,0:00:00.004037,0:00:00.003500,0:00:00.004050,0:00:00.003341,0:00:00.003910,0:00:00.003443,0:00:00.004016,,0:00:00.155511
graph_name , nodes_count , edges_count, degree, degree cent., max neighbor degree, min neighbor degree, avg neighbor degree, std neighbor degree, eigenvector cent., closeness cent., harmonic cent., betweenness cent., coloring largest first, coloring smallest last, coloring independent set, coloring random sequential,coloring connected sequential dfs, coloring connected sequential bfs, edges within egonet, node clique number, number of cliques, clustering coef., square clustering coef., page rank, hubs value, triangles, core number, random,0,1,2,3,4,5,6,7,8,9,10,11,12,13,14,15,16,17,18,19,20,21,22,23,24,25,26,27,28,29,30, Total Time 
42,39,36,0:00:00.000002,0:00:00.000029,0:00:00.000070,0:00:00.000070,0:00:00.000070,0:00:00.000070,0:00:00.000322,0:00:00.000255,0:00:00.000363,0:00:00.001123,0:00:00.000068,0:00:00.000057,0:00:00.003573,0:00:00.000064,0:00:00.000299,0:00:00.000277,0:00:00.001554,0:00:00.000133,0:00:00.003421,0:00:00.000206,0:00:00.000506,0:00:00.003645,0:00:00.001181,0:00:00.000016,0:00:00.000069,0:00:00.000104,0:00:00.003707,0:00:00.004145,0:00:00.003566,0:00:00.004127,0:00:00.004081,0:00:00.004064,0:00:00.003566,0:00:00.004009,0:00:00.003466,0:00:00.004365,0:00:00.003770,0:00:00.011761,0:00:00.003557,0:00:00.004133,0:00:00.003531,0:00:00.004116,0:00:00.003631,0:00:00.003984,0:00:00.003460,0:00:00.004081,0:00:00.003400,0:00:00.004075,0:00:00.003442,0:00:00.003960,0:00:00.003475,0:00:00.004009,0:00:00.003522,0:00:00.004039,0:00:00.003424,0:00:00.003955,0:00:00.002700,,0:00:00.169510
graph_name , nodes_count , edges_count, degree, degree cent., max neighbor degree, min neighbor degree, avg neighbor degree, std neighbor degree, eigenvector cent., closeness cent., harmonic cent., betweenness cent., coloring largest first, coloring smallest last, coloring independent set, coloring random sequential,coloring connected sequential dfs, coloring connected sequential bfs, edges within egonet, node clique number, number of cliques, clustering coef., square clustering coef., page rank, hubs value, triangles, core number, random,0,1,2,3,4,5,6,7,8,9,10,11,12,13,14,15,16,17,18,19,20,21,22,23,24,25,26,27,28,29,30, Total Time 
43,36,34,0:00:00.000002,0:00:00.000034,0:00:00.000068,0:00:00.000068,0:00:00.000068,0:00:00.000068,0:00:00.000412,0:00:00.000345,0:00:00.000481,0:00:00.001148,0:00:00.000066,0:00:00.000056,0:00:00.003159,0:00:00.000064,0:00:00.000293,0:00:00.000274,0:00:00.001684,0:00:00.000133,0:00:00.003085,0:00:00.000200,0:00:00.000451,0:00:00.003969,0:00:00.001239,0:00:00.000020,0:00:00.000075,0:00:00.000098,0:00:00.004237,0:00:00.004435,0:00:00.004247,0:00:00.004411,0:00:00.004790,0:00:00.004290,0:00:00.004223,0:00:00.004288,0:00:00.004190,0:00:00.004482,0:00:00.004413,0:00:00.008770,0:00:00.004322,0:00:00.004426,0:00:00.004221,0:00:00.004196,0:00:00.004197,0:00:00.004209,0:00:00.004158,0:00:00.004171,0:00:00.004088,0:00:00.004261,0:00:00.004150,0:00:00.004230,0:00:00.004142,0:00:00.004138,0:00:00.004220,0:00:00.004099,0:00:00.004009,0:00:00.004129,0:00:00.004188,,0:00:00.176844
graph_name , nodes_count , edges_count, degree, degree cent., max neighbor degree, min neighbor degree, avg neighbor degree, std neighbor degree, eigenvector cent., closeness cent., harmonic cent., betweenness cent., coloring largest first, coloring smallest last, coloring independent set, coloring random sequential,coloring connected sequential dfs, coloring connected sequential bfs, edges within egonet, node clique number, number of cliques, clustering coef., square clustering coef., page rank, hubs value, triangles, core number, random,0,1,2,3,4,5,6,7,8,9,10,11,12,13,14,15,16,17,18,19,20,21,22,23,24,25,26,27,28,29,30, Total Time 
44,37,33,0:00:00.000002,0:00:00.000041,0:00:00.000086,0:00:00.000086,0:00:00.000086,0:00:00.000086,0:00:00.000564,0:00:00.000407,0:00:00.000575,0:00:00.001333,0:00:00.000083,0:00:00.000071,0:00:00.004210,0:00:00.000080,0:00:00.000371,0:00:00.000351,0:00:00.001812,0:00:00.000167,0:00:00.003981,0:00:00.000266,0:00:00.000519,0:00:00.004905,0:00:00.001537,0:00:00.000022,0:00:00.000087,0:00:00.000127,0:00:00.004292,0:00:00.004302,0:00:00.004359,0:00:00.004177,0:00:00.004923,0:00:00.004115,0:00:00.004456,0:00:00.004063,0:00:00.004157,0:00:00.004285,0:00:00.004524,0:00:00.006748,0:00:00.004299,0:00:00.004158,0:00:00.004189,0:00:00.004253,0:00:00.004569,0:00:00.004241,0:00:00.004461,0:00:00.004198,0:00:00.004328,0:00:00.004223,0:00:00.004379,0:00:00.004088,0:00:00.004208,0:00:00.004193,0:00:00.004219,0:00:00.004094,0:00:00.004340,0:00:00.004154,0:00:00.004336,,0:00:00.185519
graph_name , nodes_count , edges_count, degree, degree cent., max neighbor degree, min neighbor degree, avg neighbor degree, std neighbor degree, eigenvector cent., closeness cent., harmonic cent., betweenness cent., coloring largest first, coloring smallest last, coloring independent set, coloring random sequential,coloring connected sequential dfs, coloring connected sequential bfs, edges within egonet, node clique number, number of cliques, clustering coef., square clustering coef., page rank, hubs value, triangles, core number, random,0,1,2,3,4,5,6,7,8,9,10,11,12,13,14,15,16,17,18,19,20,21,22,23,24,25,26,27,28,29,30, Total Time 
45,40,38,0:00:00.000001,0:00:00.000034,0:00:00.000073,0:00:00.000073,0:00:00.000073,0:00:00.000073,0:00:00.000463,0:00:00.000409,0:00:00.000585,0:00:00.001450,0:00:00.000071,0:00:00.000059,0:00:00.003760,0:00:00.000079,0:00:00.000299,0:00:00.000283,0:00:00.001804,0:00:00.000134,0:00:00.003445,0:00:00.000221,0:00:00.000598,0:00:00.004028,0:00:00.001230,0:00:00.000022,0:00:00.000078,0:00:00.000122,0:00:00.004445,0:00:00.004511,0:00:00.004049,0:00:00.003714,0:00:00.005045,0:00:00.004410,0:00:00.004250,0:00:00.004194,0:00:00.004154,0:00:00.004456,0:00:00.004462,0:00:00.013938,0:00:00.004406,0:00:00.004235,0:00:00.004169,0:00:00.004192,0:00:00.004266,0:00:00.004183,0:00:00.004296,0:00:00.004137,0:00:00.004305,0:00:00.004234,0:00:00.004337,0:00:00.004168,0:00:00.005205,0:00:00.004205,0:00:00.004342,0:00:00.004105,0:00:00.004139,0:00:00.004143,0:00:00.004179,,0:00:00.185552
graph_name , nodes_count , edges_count, degree, degree cent., max neighbor degree, min neighbor degree, avg neighbor degree, std neighbor degree, eigenvector cent., closeness cent., harmonic cent., betweenness cent., coloring largest first, coloring smallest last, coloring independent set, coloring random sequential,coloring connected sequential dfs, coloring connected sequential bfs, edges within egonet, node clique number, number of cliques, clustering coef., square clustering coef., page rank, hubs value, triangles, core number, random,0,1,2,3,4,5,6,7,8,9,10,11,12,13,14,15,16,17,18,19,20,21,22,23,24,25,26,27,28,29,30, Total Time 
46,37,34,0:00:00.000003,0:00:00.000038,0:00:00.000087,0:00:00.000087,0:00:00.000087,0:00:00.000087,0:00:00.000500,0:00:00.000405,0:00:00.000570,0:00:00.001359,0:00:00.000085,0:00:00.000071,0:00:00.004249,0:00:00.000083,0:00:00.000374,0:00:00.000352,0:00:00.002078,0:00:00.000164,0:00:00.003969,0:00:00.000254,0:00:00.000571,0:00:00.004934,0:00:00.001586,0:00:00.000022,0:00:00.000088,0:00:00.000133,0:00:00.004234,0:00:00.004265,0:00:00.004510,0:00:00.004176,0:00:00.004753,0:00:00.004125,0:00:00.004222,0:00:00.004170,0:00:00.003585,0:00:00.004335,0:00:00.004434,0:00:00.008895,0:00:00.004255,0:00:00.004192,0:00:00.004191,0:00:00.004064,0:00:00.003695,0:00:00.004113,0:00:00.003611,0:00:00.004123,0:00:00.004052,0:00:00.004087,0:00:00.004313,0:00:00.004278,0:00:00.004433,0:00:00.004169,0:00:00.004124,0:00:00.004010,0:00:00.004194,0:00:00.004195,0:00:00.004152,,0:00:00.184348
graph_name , nodes_count , edges_count, degree, degree cent., max neighbor degree, min neighbor degree, avg neighbor degree, std neighbor degree, eigenvector cent., closeness cent., harmonic cent., betweenness cent., coloring largest first, coloring smallest last, coloring independent set, coloring random sequential,coloring connected sequential dfs, coloring connected sequential bfs, edges within egonet, node clique number, number of cliques, clustering coef., square clustering coef., page rank, hubs value, triangles, core number, random,0,1,2,3,4,5,6,7,8,9,10,11,12,13,14,15,16,17,18,19,20,21,22,23,24,25,26,27,28,29,30, Total Time 
47,37,35,0:00:00.000002,0:00:00.000040,0:00:00.000086,0:00:00.000086,0:00:00.000086,0:00:00.000086,0:00:00.000531,0:00:00.000404,0:00:00.000569,0:00:00.001365,0:00:00.000080,0:00:00.000069,0:00:00.004114,0:00:00.000080,0:00:00.000375,0:00:00.000504,0:00:00.001865,0:00:00.000165,0:00:00.004092,0:00:00.000257,0:00:00.000594,0:00:00.004861,0:00:00.001506,0:00:00.000023,0:00:00.000084,0:00:00.000121,0:00:00.004399,0:00:00.004441,0:00:00.003763,0:00:00.004789,0:00:00.004818,0:00:00.004589,0:00:00.004050,0:00:00.004601,0:00:00.003682,0:00:00.004914,0:00:00.004582,0:00:00.009928,0:00:00.003744,0:00:00.004311,0:00:00.004090,0:00:00.004218,0:00:00.004188,0:00:00.004300,0:00:00.003626,0:00:00.004364,0:00:00.003709,0:00:00.004378,0:00:00.004175,0:00:00.004353,0:00:00.003661,0:00:00.004353,0:00:00.004198,0:00:00.004313,0:00:00.004209,0:00:00.004273,0:00:00.004288,,0:00:00.186933
graph_name , nodes_count , edges_count, degree, degree cent., max neighbor degree, min neighbor degree, avg neighbor degree, std neighbor degree, eigenvector cent., closeness cent., harmonic cent., betweenness cent., coloring largest first, coloring smallest last, coloring independent set, coloring random sequential,coloring connected sequential dfs, coloring connected sequential bfs, edges within egonet, node clique number, number of cliques, clustering coef., square clustering coef., page rank, hubs value, triangles, core number, random,0,1,2,3,4,5,6,7,8,9,10,11,12,13,14,15,16,17,18,19,20,21,22,23,24,25,26,27,28,29,30, Total Time 
48,37,33,0:00:00.000002,0:00:00.000041,0:00:00.000085,0:00:00.000085,0:00:00.000085,0:00:00.000085,0:00:00.000533,0:00:00.000399,0:00:00.000579,0:00:00.001326,0:00:00.000084,0:00:00.000071,0:00:00.004318,0:00:00.000084,0:00:00.000376,0:00:00.000354,0:00:00.001960,0:00:00.000160,0:00:00.003713,0:00:00.000250,0:00:00.000515,0:00:00.004960,0:00:00.001560,0:00:00.000022,0:00:00.000087,0:00:00.000126,0:00:00.004441,0:00:00.004426,0:00:00.004477,0:00:00.004440,0:00:00.004973,0:00:00.004407,0:00:00.004445,0:00:00.004251,0:00:00.004423,0:00:00.004366,0:00:00.004690,0:00:00.008109,0:00:00.004435,0:00:00.004365,0:00:00.004306,0:00:00.004255,0:00:00.004430,0:00:00.004203,0:00:00.004210,0:00:00.004284,0:00:00.004308,0:00:00.004292,0:00:00.004199,0:00:00.004327,0:00:00.004429,0:00:00.004201,0:00:00.004446,0:00:00.004199,0:00:00.004262,0:00:00.004240,0:00:00.004286,,0:00:00.189826
graph_name , nodes_count , edges_count, degree, degree cent., max neighbor degree, min neighbor degree, avg neighbor degree, std neighbor degree, eigenvector cent., closeness cent., harmonic cent., betweenness cent., coloring largest first, coloring smallest last, coloring independent set, coloring random sequential,coloring connected sequential dfs, coloring connected sequential bfs, edges within egonet, node clique number, number of cliques, clustering coef., square clustering coef., page rank, hubs value, triangles, core number, random,0,1,2,3,4,5,6,7,8,9,10,11,12,13,14,15,16,17,18,19,20,21,22,23,24,25,26,27,28,29,30, Total Time 
49,37,35,0:00:00.000002,0:00:00.000037,0:00:00.000083,0:00:00.000083,0:00:00.000083,0:00:00.000083,0:00:00.000533,0:00:00.000435,0:00:00.000608,0:00:00.001493,0:00:00.000083,0:00:00.000068,0:00:00.003978,0:00:00.000080,0:00:00.000743,0:00:00.000336,0:00:00.001970,0:00:00.000163,0:00:00.003964,0:00:00.000255,0:00:00.000609,0:00:00.004665,0:00:00.001459,0:00:00.000025,0:00:00.000087,0:00:00.000131,0:00:00.004349,0:00:00.003744,0:00:00.004186,0:00:00.003508,0:00:00.004740,0:00:00.003502,0:00:00.004011,0:00:00.003506,0:00:00.003911,0:00:00.003644,0:00:00.004431,0:00:00.007827,0:00:00.004088,0:00:00.003487,0:00:00.004091,0:00:00.003504,0:00:00.004092,0:00:00.002673,0:00:00.003942,0:00:00.003501,0:00:00.004146,0:00:00.003524,0:00:00.003602,0:00:00.003666,0:00:00.004176,0:00:00.003620,0:00:00.004120,0:00:00.003494,0:00:00.004176,0:00:00.003482,0:00:00.004290,,0:00:00.172702
graph_name , nodes_count , edges_count, degree, degree cent., max neighbor degree, min neighbor degree, avg neighbor degree, std neighbor degree, eigenvector cent., closeness cent., harmonic cent., betweenness cent., coloring largest first, coloring smallest last, coloring independent set, coloring random sequential,coloring connected sequential dfs, coloring connected sequential bfs, edges within egonet, node clique number, number of cliques, clustering coef., square clustering coef., page rank, hubs value, triangles, core number, random,0,1,2,3,4,5,6,7,8,9,10,11,12,13,14,15,16,17,18,19,20,21,22,23,24,25,26,27,28,29,30, Total Time 
50,40,41,0:00:00.000002,0:00:00.000054,0:00:00.000072,0:00:00.000072,0:00:00.000072,0:00:00.000072,0:00:00.000487,0:00:00.000400,0:00:00.000572,0:00:00.001422,0:00:00.000070,0:00:00.000060,0:00:00.003810,0:00:00.000066,0:00:00.000290,0:00:00.000268,0:00:00.001933,0:00:00.000132,0:00:00.003447,0:00:00.000223,0:00:00.000732,0:00:00.003632,0:00:00.001176,0:00:00.000019,0:00:00.000076,0:00:00.000112,0:00:00.003721,0:00:00.004120,0:00:00.003564,0:00:00.003120,0:00:00.004738,0:00:00.003666,0:00:00.003586,0:00:00.003582,0:00:00.003503,0:00:00.003961,0:00:00.004101,0:00:00.011286,0:00:00.003435,0:00:00.003525,0:00:00.003458,0:00:00.003609,0:00:00.003606,0:00:00.003612,0:00:00.003489,0:00:00.002698,0:00:00.003377,0:00:00.003532,0:00:00.003471,0:00:00.003458,0:00:00.003464,0:00:00.003403,0:00:00.003503,0:00:00.002674,0:00:00.003446,0:00:00.003444,0:00:00.003506,,0:00:00.159101
graph_name , nodes_count , edges_count, degree, degree cent., max neighbor degree, min neighbor degree, avg neighbor degree, std neighbor degree, eigenvector cent., closeness cent., harmonic cent., betweenness cent., coloring largest first, coloring smallest last, coloring independent set, coloring random sequential,coloring connected sequential dfs, coloring connected sequential bfs, edges within egonet, node clique number, number of cliques, clustering coef., square clustering coef., page rank, hubs value, triangles, core number, random,0,1,2,3,4,5,6,7,8,9,10,11,12,13,14,15,16,17,18,19,20,21,22,23,24,25,26,27,28,29,30, Total Time 
51,35,32,0:00:00.000002,0:00:00.000031,0:00:00.000062,0:00:00.000062,0:00:00.000062,0:00:00.000062,0:00:00.000390,0:00:00.000317,0:00:00.000429,0:00:00.000996,0:00:00.000062,0:00:00.000051,0:00:00.002961,0:00:00.000065,0:00:00.000260,0:00:00.000237,0:00:00.001399,0:00:00.000116,0:00:00.002601,0:00:00.000233,0:00:00.000381,0:00:00.003702,0:00:00.001185,0:00:00.000019,0:00:00.000067,0:00:00.000092,0:00:00.003576,0:00:00.003603,0:00:00.003635,0:00:00.003466,0:00:00.003985,0:00:00.003533,0:00:00.003461,0:00:00.003444,0:00:00.002517,0:00:00.003545,0:00:00.003661,0:00:00.005956,0:00:00.003543,0:00:00.003464,0:00:00.003458,0:00:00.003308,0:00:00.003579,0:00:00.003454,0:00:00.003594,0:00:00.003478,0:00:00.003445,0:00:00.003451,0:00:00.003569,0:00:00.003429,0:00:00.003495,0:00:00.003314,0:00:00.003455,0:00:00.003442,0:00:00.003396,0:00:00.003298,0:00:00.003426,,0:00:00.147102
graph_name , nodes_count , edges_count, degree, degree cent., max neighbor degree, min neighbor degree, avg neighbor degree, std neighbor degree, eigenvector cent., closeness cent., harmonic cent., betweenness cent., coloring largest first, coloring smallest last, coloring independent set, coloring random sequential,coloring connected sequential dfs, coloring connected sequential bfs, edges within egonet, node clique number, number of cliques, clustering coef., square clustering coef., page rank, hubs value, triangles, core number, random,0,1,2,3,4,5,6,7,8,9,10,11,12,13,14,15,16,17,18,19,20,21,22,23,24,25,26,27,28,29,30, Total Time 
52,33,31,0:00:00.000002,0:00:00.000031,0:00:00.000063,0:00:00.000063,0:00:00.000063,0:00:00.000063,0:00:00.000374,0:00:00.000275,0:00:00.000387,0:00:00.000890,0:00:00.000060,0:00:00.000049,0:00:00.002625,0:00:00.000058,0:00:00.000259,0:00:00.000244,0:00:00.001413,0:00:00.000113,0:00:00.002390,0:00:00.000180,0:00:00.000379,0:00:00.003761,0:00:00.001182,0:00:00.000017,0:00:00.000064,0:00:00.000084,0:00:00.003479,0:00:00.003588,0:00:00.003488,0:00:00.003531,0:00:00.003877,0:00:00.003568,0:00:00.003436,0:00:00.003564,0:00:00.003352,0:00:00.003686,0:00:00.003506,0:00:00.004006,0:00:00.003408,0:00:00.003420,0:00:00.003530,0:00:00.003549,0:00:00.003477,0:00:00.003375,0:00:00.003556,0:00:00.002719,0:00:00.003242,0:00:00.003445,0:00:00.003463,0:00:00.003461,0:00:00.003438,0:00:00.003491,0:00:00.003408,0:00:00.003567,0:00:00.003318,0:00:00.003463,0:00:00.003385,,0:00:00.144285
graph_name , nodes_count , edges_count, degree, degree cent., max neighbor degree, min neighbor degree, avg neighbor degree, std neighbor degree, eigenvector cent., closeness cent., harmonic cent., betweenness cent., coloring largest first, coloring smallest last, coloring independent set, coloring random sequential,coloring connected sequential dfs, coloring connected sequential bfs, edges within egonet, node clique number, number of cliques, clustering coef., square clustering coef., page rank, hubs value, triangles, core number, random,0,1,2,3,4,5,6,7,8,9,10,11,12,13,14,15,16,17,18,19,20,21,22,23,24,25,26,27,28,29,30, Total Time 
53,40,38,0:00:00.000001,0:00:00.000022,0:00:00.000069,0:00:00.000069,0:00:00.000069,0:00:00.000069,0:00:00.000448,0:00:00.000417,0:00:00.000592,0:00:00.001434,0:00:00.000068,0:00:00.000058,0:00:00.003912,0:00:00.000068,0:00:00.000292,0:00:00.000292,0:00:00.001811,0:00:00.000127,0:00:00.003470,0:00:00.000211,0:00:00.000577,0:00:00.003805,0:00:00.001132,0:00:00.000021,0:00:00.000073,0:00:00.000110,0:00:00.003665,0:00:00.003702,0:00:00.003475,0:00:00.003551,0:00:00.004298,0:00:00.003470,0:00:00.003520,0:00:00.003429,0:00:00.003516,0:00:00.003709,0:00:00.003841,0:00:00.010975,0:00:00.004299,0:00:00.003616,0:00:00.004238,0:00:00.003617,0:00:00.004343,0:00:00.003529,0:00:00.003403,0:00:00.004217,0:00:00.003594,0:00:00.004146,0:00:00.003468,0:00:00.004195,0:00:00.002851,0:00:00.004068,0:00:00.003453,0:00:00.004276,0:00:00.003447,0:00:00.004157,0:00:00.003421,,0:00:00.164676
graph_name , nodes_count , edges_count, degree, degree cent., max neighbor degree, min neighbor degree, avg neighbor degree, std neighbor degree, eigenvector cent., closeness cent., harmonic cent., betweenness cent., coloring largest first, coloring smallest last, coloring independent set, coloring random sequential,coloring connected sequential dfs, coloring connected sequential bfs, edges within egonet, node clique number, number of cliques, clustering coef., square clustering coef., page rank, hubs value, triangles, core number, random,0,1,2,3,4,5,6,7,8,9,10,11,12,13,14,15,16,17,18,19,20,21,22,23,24,25,26,27,28,29,30, Total Time 
54,40,39,0:00:00.000003,0:00:00.000040,0:00:00.000092,0:00:00.000092,0:00:00.000092,0:00:00.000092,0:00:00.000586,0:00:00.000527,0:00:00.000744,0:00:00.001936,0:00:00.000089,0:00:00.000077,0:00:00.004770,0:00:00.000088,0:00:00.000380,0:00:00.000357,0:00:00.002408,0:00:00.000173,0:00:00.004516,0:00:00.000282,0:00:00.000827,0:00:00.004875,0:00:00.001682,0:00:00.000027,0:00:00.000101,0:00:00.000153,0:00:00.004436,0:00:00.003729,0:00:00.004614,0:00:00.003541,0:00:00.005389,0:00:00.003586,0:00:00.004254,0:00:00.003654,0:00:00.004116,0:00:00.003826,0:00:00.004723,0:00:00.012135,0:00:00.004166,0:00:00.003587,0:00:00.004208,0:00:00.003463,0:00:00.004400,0:00:00.003488,0:00:00.004225,0:00:00.003523,0:00:00.004192,0:00:00.003462,0:00:00.004063,0:00:00.003525,0:00:00.004158,0:00:00.003429,0:00:00.004124,0:00:00.003461,0:00:00.004168,0:00:00.003461,0:00:00.004184,,0:00:00.185430
graph_name , nodes_count , edges_count, degree, degree cent., max neighbor degree, min neighbor degree, avg neighbor degree, std neighbor degree, eigenvector cent., closeness cent., harmonic cent., betweenness cent., coloring largest first, coloring smallest last, coloring independent set, coloring random sequential,coloring connected sequential dfs, coloring connected sequential bfs, edges within egonet, node clique number, number of cliques, clustering coef., square clustering coef., page rank, hubs value, triangles, core number, random,0,1,2,3,4,5,6,7,8,9,10,11,12,13,14,15,16,17,18,19,20,21,22,23,24,25,26,27,28,29,30, Total Time 
55,38,37,0:00:00.000002,0:00:00.000033,0:00:00.000070,0:00:00.000070,0:00:00.000070,0:00:00.000070,0:00:00.000425,0:00:00.000365,0:00:00.000518,0:00:00.001283,0:00:00.000067,0:00:00.000057,0:00:00.003468,0:00:00.000065,0:00:00.000284,0:00:00.000265,0:00:00.001710,0:00:00.000134,0:00:00.003372,0:00:00.000208,0:00:00.000546,0:00:00.003577,0:00:00.001177,0:00:00.000023,0:00:00.000071,0:00:00.000107,0:00:00.003599,0:00:00.004422,0:00:00.003598,0:00:00.004419,0:00:00.004223,0:00:00.004474,0:00:00.003609,0:00:00.004331,0:00:00.003661,0:00:00.004594,0:00:00.003879,0:00:00.012478,0:00:00.002814,0:00:00.004327,0:00:00.003594,0:00:00.004222,0:00:00.003681,0:00:00.004286,0:00:00.002795,0:00:00.004086,0:00:00.003523,0:00:00.004242,0:00:00.003534,0:00:00.004158,0:00:00.003579,0:00:00.004209,0:00:00.003483,0:00:00.004135,0:00:00.003444,0:00:00.004063,0:00:00.003543,,0:00:00.168863
graph_name , nodes_count , edges_count, degree, degree cent., max neighbor degree, min neighbor degree, avg neighbor degree, std neighbor degree, eigenvector cent., closeness cent., harmonic cent., betweenness cent., coloring largest first, coloring smallest last, coloring independent set, coloring random sequential,coloring connected sequential dfs, coloring connected sequential bfs, edges within egonet, node clique number, number of cliques, clustering coef., square clustering coef., page rank, hubs value, triangles, core number, random,0,1,2,3,4,5,6,7,8,9,10,11,12,13,14,15,16,17,18,19,20,21,22,23,24,25,26,27,28,29,30, Total Time 
56,38,35,0:00:00.000003,0:00:00.000041,0:00:00.000089,0:00:00.000089,0:00:00.000089,0:00:00.000089,0:00:00.000549,0:00:00.000478,0:00:00.000681,0:00:00.001618,0:00:00.000087,0:00:00.000073,0:00:00.004379,0:00:00.000084,0:00:00.000365,0:00:00.000346,0:00:00.002084,0:00:00.000166,0:00:00.004102,0:00:00.000265,0:00:00.000629,0:00:00.004825,0:00:00.001524,0:00:00.000025,0:00:00.000094,0:00:00.000146,0:00:00.004152,0:00:00.003797,0:00:00.005291,0:00:00.003995,0:00:00.005347,0:00:00.003527,0:00:00.004205,0:00:00.003483,0:00:00.004151,0:00:00.003748,0:00:00.004311,0:00:00.008310,0:00:00.004111,0:00:00.003578,0:00:00.004161,0:00:00.003514,0:00:00.004205,0:00:00.003480,0:00:00.004256,0:00:00.003520,0:00:00.004161,0:00:00.003530,0:00:00.004290,0:00:00.003478,0:00:00.004211,0:00:00.003604,0:00:00.004156,0:00:00.003476,0:00:00.004297,0:00:00.003477,0:00:00.004339,,0:00:00.179712
graph_name , nodes_count , edges_count, degree, degree cent., max neighbor degree, min neighbor degree, avg neighbor degree, std neighbor degree, eigenvector cent., closeness cent., harmonic cent., betweenness cent., coloring largest first, coloring smallest last, coloring independent set, coloring random sequential,coloring connected sequential dfs, coloring connected sequential bfs, edges within egonet, node clique number, number of cliques, clustering coef., square clustering coef., page rank, hubs value, triangles, core number, random,0,1,2,3,4,5,6,7,8,9,10,11,12,13,14,15,16,17,18,19,20,21,22,23,24,25,26,27,28,29,30, Total Time 
57,37,36,0:00:00.000002,0:00:00.000033,0:00:00.000067,0:00:00.000067,0:00:00.000067,0:00:00.000067,0:00:00.000421,0:00:00.000348,0:00:00.000500,0:00:00.001305,0:00:00.000065,0:00:00.000055,0:00:00.003574,0:00:00.000063,0:00:00.000285,0:00:00.000268,0:00:00.001662,0:00:00.000129,0:00:00.003078,0:00:00.000202,0:00:00.000531,0:00:00.003749,0:00:00.001181,0:00:00.000020,0:00:00.000069,0:00:00.000102,0:00:00.003626,0:00:00.004658,0:00:00.003688,0:00:00.004391,0:00:00.004293,0:00:00.004346,0:00:00.003548,0:00:00.004176,0:00:00.003396,0:00:00.004337,0:00:00.003777,0:00:00.014073,0:00:00.003569,0:00:00.004316,0:00:00.003490,0:00:00.004330,0:00:00.003645,0:00:00.004275,0:00:00.003602,0:00:00.004166,0:00:00.005242,0:00:00.004189,0:00:00.003590,0:00:00.004224,0:00:00.003601,0:00:00.004059,0:00:00.003549,0:00:00.004144,0:00:00.003530,0:00:00.004067,0:00:00.003548,,0:00:00.173371
graph_name , nodes_count , edges_count, degree, degree cent., max neighbor degree, min neighbor degree, avg neighbor degree, std neighbor degree, eigenvector cent., closeness cent., harmonic cent., betweenness cent., coloring largest first, coloring smallest last, coloring independent set, coloring random sequential,coloring connected sequential dfs, coloring connected sequential bfs, edges within egonet, node clique number, number of cliques, clustering coef., square clustering coef., page rank, hubs value, triangles, core number, random,0,1,2,3,4,5,6,7,8,9,10,11,12,13,14,15,16,17,18,19,20,21,22,23,24,25,26,27,28,29,30, Total Time 
58,40,39,0:00:00.000002,0:00:00.000042,0:00:00.000092,0:00:00.000092,0:00:00.000092,0:00:00.000092,0:00:00.000603,0:00:00.000470,0:00:00.000678,0:00:00.001658,0:00:00.000091,0:00:00.000077,0:00:00.004931,0:00:00.000087,0:00:00.000394,0:00:00.000377,0:00:00.002298,0:00:00.000174,0:00:00.004567,0:00:00.000282,0:00:00.000802,0:00:00.004880,0:00:00.001582,0:00:00.000023,0:00:00.000097,0:00:00.000144,0:00:00.004386,0:00:00.003741,0:00:00.004288,0:00:00.003732,0:00:00.005637,0:00:00.004186,0:00:00.004270,0:00:00.003681,0:00:00.004236,0:00:00.003902,0:00:00.004784,0:00:00.012261,0:00:00.004393,0:00:00.003687,0:00:00.004220,0:00:00.003649,0:00:00.004388,0:00:00.003567,0:00:00.004284,0:00:00.003556,0:00:00.004233,0:00:00.003552,0:00:00.004236,0:00:00.003457,0:00:00.004375,0:00:00.003536,0:00:00.004280,0:00:00.003558,0:00:00.004270,0:00:00.003516,0:00:00.004490,,0:00:00.187689
graph_name , nodes_count , edges_count, degree, degree cent., max neighbor degree, min neighbor degree, avg neighbor degree, std neighbor degree, eigenvector cent., closeness cent., harmonic cent., betweenness cent., coloring largest first, coloring smallest last, coloring independent set, coloring random sequential,coloring connected sequential dfs, coloring connected sequential bfs, edges within egonet, node clique number, number of cliques, clustering coef., square clustering coef., page rank, hubs value, triangles, core number, random,0,1,2,3,4,5,6,7,8,9,10,11,12,13,14,15,16,17,18,19,20,21,22,23,24,25,26,27,28,29,30, Total Time 
59,35,31,0:00:00.000002,0:00:00.000062,0:00:00.000063,0:00:00.000063,0:00:00.000063,0:00:00.000063,0:00:00.000551,0:00:00.000307,0:00:00.000436,0:00:00.000998,0:00:00.000061,0:00:00.000051,0:00:00.002848,0:00:00.000059,0:00:00.000267,0:00:00.000245,0:00:00.001371,0:00:00.000116,0:00:00.002658,0:00:00.000184,0:00:00.000342,0:00:00.003666,0:00:00.001292,0:00:00.000014,0:00:00.000067,0:00:00.000094,0:00:00.003519,0:00:00.004456,0:00:00.003713,0:00:00.004328,0:00:00.003899,0:00:00.004547,0:00:00.003889,0:00:00.004210,0:00:00.003773,0:00:00.004279,0:00:00.003783,0:00:00.007341,0:00:00.003581,0:00:00.004458,0:00:00.003568,0:00:00.004445,0:00:00.003598,0:00:00.004399,0:00:00.003546,0:00:00.004409,0:00:00.003496,0:00:00.004269,0:00:00.003638,0:00:00.004192,0:00:00.003662,0:00:00.004226,0:00:00.003508,0:00:00.004137,0:00:00.003442,0:00:00.004235,0:00:00.003517,,0:00:00.163735
graph_name , nodes_count , edges_count, degree, degree cent., max neighbor degree, min neighbor degree, avg neighbor degree, std neighbor degree, eigenvector cent., closeness cent., harmonic cent., betweenness cent., coloring largest first, coloring smallest last, coloring independent set, coloring random sequential,coloring connected sequential dfs, coloring connected sequential bfs, edges within egonet, node clique number, number of cliques, clustering coef., square clustering coef., page rank, hubs value, triangles, core number, random,0,1,2,3,4,5,6,7,8,9,10,11,12,13,14,15,16,17,18,19,20,21,22,23,24,25,26,27,28,29,30, Total Time 
60,35,35,0:00:00.000003,0:00:00.000038,0:00:00.000085,0:00:00.000085,0:00:00.000085,0:00:00.000085,0:00:00.000528,0:00:00.000412,0:00:00.000573,0:00:00.001403,0:00:00.000083,0:00:00.000068,0:00:00.003943,0:00:00.000080,0:00:00.000347,0:00:00.000321,0:00:00.001974,0:00:00.000166,0:00:00.003695,0:00:00.000256,0:00:00.000620,0:00:00.005075,0:00:00.001578,0:00:00.000023,0:00:00.000093,0:00:00.000127,0:00:00.004502,0:00:00.003600,0:00:00.004360,0:00:00.003641,0:00:00.005079,0:00:00.003661,0:00:00.004356,0:00:00.003579,0:00:00.004347,0:00:00.003895,0:00:00.004703,0:00:00.007994,0:00:00.004411,0:00:00.003583,0:00:00.004428,0:00:00.003523,0:00:00.004419,0:00:00.003677,0:00:00.004306,0:00:00.003538,0:00:00.004288,0:00:00.003452,0:00:00.004133,0:00:00.003410,0:00:00.004113,0:00:00.003450,0:00:00.004142,0:00:00.003508,0:00:00.004148,0:00:00.003470,0:00:00.004313,,0:00:00.178045
graph_name , nodes_count , edges_count, degree, degree cent., max neighbor degree, min neighbor degree, avg neighbor degree, std neighbor degree, eigenvector cent., closeness cent., harmonic cent., betweenness cent., coloring largest first, coloring smallest last, coloring independent set, coloring random sequential,coloring connected sequential dfs, coloring connected sequential bfs, edges within egonet, node clique number, number of cliques, clustering coef., square clustering coef., page rank, hubs value, triangles, core number, random,0,1,2,3,4,5,6,7,8,9,10,11,12,13,14,15,16,17,18,19,20,21,22,23,24,25,26,27,28,29,30, Total Time 
61,36,34,0:00:00.000001,0:00:00.000035,0:00:00.000066,0:00:00.000066,0:00:00.000066,0:00:00.000066,0:00:00.000373,0:00:00.000333,0:00:00.000466,0:00:00.001122,0:00:00.000065,0:00:00.000056,0:00:00.003091,0:00:00.000063,0:00:00.000281,0:00:00.000259,0:00:00.001619,0:00:00.000132,0:00:00.003153,0:00:00.000200,0:00:00.000439,0:00:00.003919,0:00:00.001204,0:00:00.000013,0:00:00.000071,0:00:00.000100,0:00:00.003623,0:00:00.004300,0:00:00.003558,0:00:00.004431,0:00:00.004020,0:00:00.004476,0:00:00.003618,0:00:00.004315,0:00:00.003688,0:00:00.004512,0:00:00.003832,0:00:00.008799,0:00:00.003710,0:00:00.004341,0:00:00.003678,0:00:00.004343,0:00:00.003736,0:00:00.004147,0:00:00.003605,0:00:00.004257,0:00:00.003681,0:00:00.004316,0:00:00.003644,0:00:00.004299,0:00:00.003657,0:00:00.004246,0:00:00.003650,0:00:00.004207,0:00:00.003561,0:00:00.004151,0:00:00.003682,,0:00:00.167420
graph_name , nodes_count , edges_count, degree, degree cent., max neighbor degree, min neighbor degree, avg neighbor degree, std neighbor degree, eigenvector cent., closeness cent., harmonic cent., betweenness cent., coloring largest first, coloring smallest last, coloring independent set, coloring random sequential,coloring connected sequential dfs, coloring connected sequential bfs, edges within egonet, node clique number, number of cliques, clustering coef., square clustering coef., page rank, hubs value, triangles, core number, random,0,1,2,3,4,5,6,7,8,9,10,11,12,13,14,15,16,17,18,19,20,21,22,23,24,25,26,27,28,29,30, Total Time 
62,36,34,0:00:00.000001,0:00:00.000022,0:00:00.000065,0:00:00.000065,0:00:00.000065,0:00:00.000065,0:00:00.000414,0:00:00.000331,0:00:00.000479,0:00:00.001132,0:00:00.000063,0:00:00.000054,0:00:00.003157,0:00:00.000060,0:00:00.000271,0:00:00.000258,0:00:00.001506,0:00:00.000123,0:00:00.003015,0:00:00.000192,0:00:00.000433,0:00:00.003845,0:00:00.001179,0:00:00.000014,0:00:00.000069,0:00:00.000100,0:00:00.004427,0:00:00.003770,0:00:00.004237,0:00:00.003635,0:00:00.004990,0:00:00.003706,0:00:00.004379,0:00:00.003572,0:00:00.004222,0:00:00.003715,0:00:00.004452,0:00:00.007216,0:00:00.003576,0:00:00.004167,0:00:00.003675,0:00:00.004230,0:00:00.003565,0:00:00.004171,0:00:00.003447,0:00:00.004191,0:00:00.003572,0:00:00.004225,0:00:00.003521,0:00:00.004288,0:00:00.003686,0:00:00.004201,0:00:00.003663,0:00:00.004160,0:00:00.003606,0:00:00.004159,0:00:00.003568,,0:00:00.164515
graph_name , nodes_count , edges_count, degree, degree cent., max neighbor degree, min neighbor degree, avg neighbor degree, std neighbor degree, eigenvector cent., closeness cent., harmonic cent., betweenness cent., coloring largest first, coloring smallest last, coloring independent set, coloring random sequential,coloring connected sequential dfs, coloring connected sequential bfs, edges within egonet, node clique number, number of cliques, clustering coef., square clustering coef., page rank, hubs value, triangles, core number, random,0,1,2,3,4,5,6,7,8,9,10,11,12,13,14,15,16,17,18,19,20,21,22,23,24,25,26,27,28,29,30, Total Time 
63,40,39,0:00:00.000002,0:00:00.000043,0:00:00.000093,0:00:00.000093,0:00:00.000093,0:00:00.000093,0:00:00.000599,0:00:00.000517,0:00:00.000738,0:00:00.001868,0:00:00.000089,0:00:00.000075,0:00:00.004801,0:00:00.000086,0:00:00.000380,0:00:00.000348,0:00:00.002320,0:00:00.000171,0:00:00.004422,0:00:00.000279,0:00:00.000796,0:00:00.005022,0:00:00.001599,0:00:00.000026,0:00:00.000100,0:00:00.000150,0:00:00.004329,0:00:00.003830,0:00:00.004241,0:00:00.003798,0:00:00.005378,0:00:00.003812,0:00:00.004298,0:00:00.003561,0:00:00.004224,0:00:00.003846,0:00:00.004644,0:00:00.008043,0:00:00.004172,0:00:00.003600,0:00:00.004222,0:00:00.003615,0:00:00.004206,0:00:00.003537,0:00:00.004265,0:00:00.003553,0:00:00.004360,0:00:00.003657,0:00:00.004349,0:00:00.003520,0:00:00.004361,0:00:00.002776,0:00:00.004248,0:00:00.003451,0:00:00.004046,0:00:00.003528,0:00:00.004201,,0:00:00.181689
graph_name , nodes_count , edges_count, degree, degree cent., max neighbor degree, min neighbor degree, avg neighbor degree, std neighbor degree, eigenvector cent., closeness cent., harmonic cent., betweenness cent., coloring largest first, coloring smallest last, coloring independent set, coloring random sequential,coloring connected sequential dfs, coloring connected sequential bfs, edges within egonet, node clique number, number of cliques, clustering coef., square clustering coef., page rank, hubs value, triangles, core number, random,0,1,2,3,4,5,6,7,8,9,10,11,12,13,14,15,16,17,18,19,20,21,22,23,24,25,26,27,28,29,30, Total Time 
64,39,36,0:00:00.000001,0:00:00.000028,0:00:00.000043,0:00:00.000043,0:00:00.000043,0:00:00.000043,0:00:00.000320,0:00:00.000303,0:00:00.000377,0:00:00.000786,0:00:00.000041,0:00:00.000034,0:00:00.002213,0:00:00.000042,0:00:00.000177,0:00:00.000164,0:00:00.001195,0:00:00.000083,0:00:00.002079,0:00:00.000129,0:00:00.000308,0:00:00.002263,0:00:00.000753,0:00:00.000014,0:00:00.000046,0:00:00.000075,0:00:00.003663,0:00:00.004324,0:00:00.003543,0:00:00.002741,0:00:00.003984,0:00:00.003573,0:00:00.003483,0:00:00.003344,0:00:00.003579,0:00:00.003618,0:00:00.003536,0:00:00.008689,0:00:00.003497,0:00:00.003484,0:00:00.003519,0:00:00.003499,0:00:00.003465,0:00:00.003516,0:00:00.003487,0:00:00.003365,0:00:00.003450,0:00:00.003599,0:00:00.003409,0:00:00.003446,0:00:00.002679,0:00:00.002590,0:00:00.003351,0:00:00.003410,0:00:00.003382,0:00:00.003513,0:00:00.003397,,0:00:00.137823
graph_name , nodes_count , edges_count, degree, degree cent., max neighbor degree, min neighbor degree, avg neighbor degree, std neighbor degree, eigenvector cent., closeness cent., harmonic cent., betweenness cent., coloring largest first, coloring smallest last, coloring independent set, coloring random sequential,coloring connected sequential dfs, coloring connected sequential bfs, edges within egonet, node clique number, number of cliques, clustering coef., square clustering coef., page rank, hubs value, triangles, core number, random,0,1,2,3,4,5,6,7,8,9,10,11,12,13,14,15,16,17,18,19,20,21,22,23,24,25,26,27,28,29,30, Total Time 
65,35,32,0:00:00.000002,0:00:00.000039,0:00:00.000081,0:00:00.000081,0:00:00.000081,0:00:00.000081,0:00:00.000514,0:00:00.000401,0:00:00.000570,0:00:00.001299,0:00:00.000079,0:00:00.000066,0:00:00.003735,0:00:00.000080,0:00:00.000345,0:00:00.000320,0:00:00.001879,0:00:00.000157,0:00:00.003655,0:00:00.000247,0:00:00.000484,0:00:00.004851,0:00:00.001559,0:00:00.000023,0:00:00.000085,0:00:00.000128,0:00:00.003473,0:00:00.003622,0:00:00.003496,0:00:00.003509,0:00:00.003811,0:00:00.003574,0:00:00.003468,0:00:00.003531,0:00:00.003481,0:00:00.003706,0:00:00.003629,0:00:00.005770,0:00:00.003445,0:00:00.003473,0:00:00.003550,0:00:00.003373,0:00:00.003367,0:00:00.003470,0:00:00.003504,0:00:00.003419,0:00:00.003331,0:00:00.003459,0:00:00.003389,0:00:00.003464,0:00:00.003412,0:00:00.003448,0:00:00.003481,0:00:00.003390,0:00:00.003426,0:00:00.003348,0:00:00.004278,,0:00:00.159990
graph_name , nodes_count , edges_count, degree, degree cent., max neighbor degree, min neighbor degree, avg neighbor degree, std neighbor degree, eigenvector cent., closeness cent., harmonic cent., betweenness cent., coloring largest first, coloring smallest last, coloring independent set, coloring random sequential,coloring connected sequential dfs, coloring connected sequential bfs, edges within egonet, node clique number, number of cliques, clustering coef., square clustering coef., page rank, hubs value, triangles, core number, random,0,1,2,3,4,5,6,7,8,9,10,11,12,13,14,15,16,17,18,19,20,21,22,23,24,25,26,27,28,29,30, Total Time 
66,38,35,0:00:00.000001,0:00:00.000030,0:00:00.000043,0:00:00.000043,0:00:00.000043,0:00:00.000043,0:00:00.000370,0:00:00.000230,0:00:00.000313,0:00:00.000749,0:00:00.000041,0:00:00.000034,0:00:00.002133,0:00:00.000039,0:00:00.000180,0:00:00.000172,0:00:00.001032,0:00:00.000082,0:00:00.002223,0:00:00.000134,0:00:00.000283,0:00:00.002251,0:00:00.000768,0:00:00.000014,0:00:00.000045,0:00:00.000067,0:00:00.003658,0:00:00.004417,0:00:00.003576,0:00:00.004145,0:00:00.003210,0:00:00.004269,0:00:00.003638,0:00:00.004185,0:00:00.003571,0:00:00.004285,0:00:00.003776,0:00:00.010431,0:00:00.003639,0:00:00.004187,0:00:00.003613,0:00:00.004263,0:00:00.003505,0:00:00.004042,0:00:00.003470,0:00:00.004081,0:00:00.002716,0:00:00.004086,0:00:00.003556,0:00:00.004182,0:00:00.003520,0:00:00.004242,0:00:00.003565,0:00:00.004129,0:00:00.003615,0:00:00.004060,0:00:00.003548,,0:00:00.150486
graph_name , nodes_count , edges_count, degree, degree cent., max neighbor degree, min neighbor degree, avg neighbor degree, std neighbor degree, eigenvector cent., closeness cent., harmonic cent., betweenness cent., coloring largest first, coloring smallest last, coloring independent set, coloring random sequential,coloring connected sequential dfs, coloring connected sequential bfs, edges within egonet, node clique number, number of cliques, clustering coef., square clustering coef., page rank, hubs value, triangles, core number, random,0,1,2,3,4,5,6,7,8,9,10,11,12,13,14,15,16,17,18,19,20,21,22,23,24,25,26,27,28,29,30, Total Time 
67,37,33,0:00:00.000002,0:00:00.000039,0:00:00.000086,0:00:00.000086,0:00:00.000086,0:00:00.000086,0:00:00.000752,0:00:00.000442,0:00:00.000635,0:00:00.001499,0:00:00.000084,0:00:00.000072,0:00:00.004460,0:00:00.000084,0:00:00.000361,0:00:00.000345,0:00:00.001985,0:00:00.000158,0:00:00.003785,0:00:00.000254,0:00:00.000539,0:00:00.004979,0:00:00.001545,0:00:00.000022,0:00:00.000093,0:00:00.000139,0:00:00.004273,0:00:00.003721,0:00:00.004313,0:00:00.003605,0:00:00.004698,0:00:00.003500,0:00:00.004274,0:00:00.003616,0:00:00.003968,0:00:00.003494,0:00:00.004158,0:00:00.006769,0:00:00.004160,0:00:00.003502,0:00:00.004272,0:00:00.003479,0:00:00.004190,0:00:00.003512,0:00:00.004040,0:00:00.003461,0:00:00.004317,0:00:00.003572,0:00:00.004214,0:00:00.003541,0:00:00.004165,0:00:00.003468,0:00:00.003945,0:00:00.003486,0:00:00.004042,0:00:00.003452,0:00:00.004044,,0:00:00.174222
graph_name , nodes_count , edges_count, degree, degree cent., max neighbor degree, min neighbor degree, avg neighbor degree, std neighbor degree, eigenvector cent., closeness cent., harmonic cent., betweenness cent., coloring largest first, coloring smallest last, coloring independent set, coloring random sequential,coloring connected sequential dfs, coloring connected sequential bfs, edges within egonet, node clique number, number of cliques, clustering coef., square clustering coef., page rank, hubs value, triangles, core number, random,0,1,2,3,4,5,6,7,8,9,10,11,12,13,14,15,16,17,18,19,20,21,22,23,24,25,26,27,28,29,30, Total Time 
68,38,37,0:00:00.000001,0:00:00.000029,0:00:00.000042,0:00:00.000042,0:00:00.000042,0:00:00.000042,0:00:00.000352,0:00:00.000294,0:00:00.000422,0:00:00.000768,0:00:00.000041,0:00:00.000033,0:00:00.002098,0:00:00.000040,0:00:00.000173,0:00:00.000163,0:00:00.001053,0:00:00.000082,0:00:00.001941,0:00:00.000126,0:00:00.000335,0:00:00.002228,0:00:00.000824,0:00:00.000010,0:00:00.000046,0:00:00.000068,0:00:00.003840,0:00:00.002669,0:00:00.003451,0:00:00.003424,0:00:00.004226,0:00:00.003354,0:00:00.003475,0:00:00.003428,0:00:00.002617,0:00:00.002793,0:00:00.003841,0:00:00.010358,0:00:00.003572,0:00:00.003564,0:00:00.003560,0:00:00.003354,0:00:00.003473,0:00:00.002581,0:00:00.003277,0:00:00.003412,0:00:00.003537,0:00:00.003447,0:00:00.003466,0:00:00.003407,0:00:00.003365,0:00:00.003535,0:00:00.003420,0:00:00.003450,0:00:00.003331,0:00:00.002452,0:00:00.003392,,0:00:00.136332
graph_name , nodes_count , edges_count, degree, degree cent., max neighbor degree, min neighbor degree, avg neighbor degree, std neighbor degree, eigenvector cent., closeness cent., harmonic cent., betweenness cent., coloring largest first, coloring smallest last, coloring independent set, coloring random sequential,coloring connected sequential dfs, coloring connected sequential bfs, edges within egonet, node clique number, number of cliques, clustering coef., square clustering coef., page rank, hubs value, triangles, core number, random,0,1,2,3,4,5,6,7,8,9,10,11,12,13,14,15,16,17,18,19,20,21,22,23,24,25,26,27,28,29,30, Total Time 
69,33,31,0:00:00.000002,0:00:00.000027,0:00:00.000037,0:00:00.000037,0:00:00.000037,0:00:00.000037,0:00:00.000306,0:00:00.000220,0:00:00.000310,0:00:00.000634,0:00:00.000035,0:00:00.000028,0:00:00.001627,0:00:00.000037,0:00:00.000159,0:00:00.000143,0:00:00.000800,0:00:00.000071,0:00:00.001467,0:00:00.000110,0:00:00.000206,0:00:00.002337,0:00:00.000750,0:00:00.000008,0:00:00.000039,0:00:00.000052,0:00:00.003545,0:00:00.002691,0:00:00.003460,0:00:00.003493,0:00:00.003716,0:00:00.003455,0:00:00.003459,0:00:00.003395,0:00:00.003362,0:00:00.003508,0:00:00.003507,0:00:00.005243,0:00:00.003402,0:00:00.003431,0:00:00.003261,0:00:00.003419,0:00:00.003518,0:00:00.002642,0:00:00.003430,0:00:00.003423,0:00:00.003507,0:00:00.003470,0:00:00.003411,0:00:00.003492,0:00:00.003447,0:00:00.003400,0:00:00.003458,0:00:00.003335,0:00:00.003358,0:00:00.003499,0:00:00.003462,,0:00:00.129742
graph_name , nodes_count , edges_count, degree, degree cent., max neighbor degree, min neighbor degree, avg neighbor degree, std neighbor degree, eigenvector cent., closeness cent., harmonic cent., betweenness cent., coloring largest first, coloring smallest last, coloring independent set, coloring random sequential,coloring connected sequential dfs, coloring connected sequential bfs, edges within egonet, node clique number, number of cliques, clustering coef., square clustering coef., page rank, hubs value, triangles, core number, random,0,1,2,3,4,5,6,7,8,9,10,11,12,13,14,15,16,17,18,19,20,21,22,23,24,25,26,27,28,29,30, Total Time 
70,35,32,0:00:00.000002,0:00:00.000029,0:00:00.000064,0:00:00.000064,0:00:00.000064,0:00:00.000064,0:00:00.000391,0:00:00.000306,0:00:00.000431,0:00:00.001002,0:00:00.000061,0:00:00.000052,0:00:00.002981,0:00:00.000060,0:00:00.000265,0:00:00.000251,0:00:00.001490,0:00:00.000122,0:00:00.002784,0:00:00.000187,0:00:00.000370,0:00:00.003630,0:00:00.001168,0:00:00.000018,0:00:00.000066,0:00:00.000093,0:00:00.003460,0:00:00.003532,0:00:00.003406,0:00:00.002682,0:00:00.003162,0:00:00.003387,0:00:00.003601,0:00:00.003462,0:00:00.003477,0:00:00.003633,0:00:00.003624,0:00:00.003946,0:00:00.003324,0:00:00.003431,0:00:00.003478,0:00:00.003535,0:00:00.003309,0:00:00.003565,0:00:00.003442,0:00:00.003364,0:00:00.003365,0:00:00.003529,0:00:00.003378,0:00:00.003500,0:00:00.003502,0:00:00.003409,0:00:00.003487,0:00:00.003350,0:00:00.003358,0:00:00.003409,0:00:00.003265,,0:00:00.143421
graph_name , nodes_count , edges_count, degree, degree cent., max neighbor degree, min neighbor degree, avg neighbor degree, std neighbor degree, eigenvector cent., closeness cent., harmonic cent., betweenness cent., coloring largest first, coloring smallest last, coloring independent set, coloring random sequential,coloring connected sequential dfs, coloring connected sequential bfs, edges within egonet, node clique number, number of cliques, clustering coef., square clustering coef., page rank, hubs value, triangles, core number, random,0,1,2,3,4,5,6,7,8,9,10,11,12,13,14,15,16,17,18,19,20,21,22,23,24,25,26,27,28,29,30, Total Time 
71,40,38,0:00:00.000003,0:00:00.000044,0:00:00.000093,0:00:00.000093,0:00:00.000093,0:00:00.000093,0:00:00.000593,0:00:00.000524,0:00:00.000737,0:00:00.001863,0:00:00.000091,0:00:00.000077,0:00:00.004834,0:00:00.000089,0:00:00.000390,0:00:00.000531,0:00:00.002280,0:00:00.000174,0:00:00.004635,0:00:00.000279,0:00:00.000755,0:00:00.004931,0:00:00.001583,0:00:00.000024,0:00:00.000101,0:00:00.000152,0:00:00.003600,0:00:00.003611,0:00:00.003554,0:00:00.002794,0:00:00.004110,0:00:00.003519,0:00:00.003542,0:00:00.003471,0:00:00.003552,0:00:00.003698,0:00:00.003723,0:00:00.007204,0:00:00.003450,0:00:00.003472,0:00:00.003326,0:00:00.003306,0:00:00.002622,0:00:00.003312,0:00:00.003449,0:00:00.004257,0:00:00.004336,0:00:00.004352,0:00:00.004257,0:00:00.004439,0:00:00.004346,0:00:00.004301,0:00:00.004324,0:00:00.004258,0:00:00.004350,0:00:00.004300,0:00:00.004315,,0:00:00.174353
graph_name , nodes_count , edges_count, degree, degree cent., max neighbor degree, min neighbor degree, avg neighbor degree, std neighbor degree, eigenvector cent., closeness cent., harmonic cent., betweenness cent., coloring largest first, coloring smallest last, coloring independent set, coloring random sequential,coloring connected sequential dfs, coloring connected sequential bfs, edges within egonet, node clique number, number of cliques, clustering coef., square clustering coef., page rank, hubs value, triangles, core number, random,0,1,2,3,4,5,6,7,8,9,10,11,12,13,14,15,16,17,18,19,20,21,22,23,24,25,26,27,28,29,30, Total Time 
72,39,38,0:00:00.000002,0:00:00.000023,0:00:00.000068,0:00:00.000068,0:00:00.000068,0:00:00.000068,0:00:00.000449,0:00:00.000371,0:00:00.000529,0:00:00.001353,0:00:00.000066,0:00:00.000056,0:00:00.003411,0:00:00.000064,0:00:00.000283,0:00:00.000273,0:00:00.001979,0:00:00.000129,0:00:00.003320,0:00:00.000207,0:00:00.000598,0:00:00.003614,0:00:00.001125,0:00:00.000024,0:00:00.000075,0:00:00.000112,0:00:00.004231,0:00:00.003646,0:00:00.004035,0:00:00.003613,0:00:00.005197,0:00:00.002783,0:00:00.004205,0:00:00.003594,0:00:00.004206,0:00:00.003937,0:00:00.004693,0:00:00.012129,0:00:00.004375,0:00:00.003685,0:00:00.004229,0:00:00.003658,0:00:00.004261,0:00:00.003579,0:00:00.004139,0:00:00.003544,0:00:00.004149,0:00:00.003517,0:00:00.004059,0:00:00.003549,0:00:00.004118,0:00:00.003526,0:00:00.002683,0:00:00.004058,0:00:00.003599,0:00:00.004142,0:00:00.003675,,0:00:00.168746
graph_name , nodes_count , edges_count, degree, degree cent., max neighbor degree, min neighbor degree, avg neighbor degree, std neighbor degree, eigenvector cent., closeness cent., harmonic cent., betweenness cent., coloring largest first, coloring smallest last, coloring independent set, coloring random sequential,coloring connected sequential dfs, coloring connected sequential bfs, edges within egonet, node clique number, number of cliques, clustering coef., square clustering coef., page rank, hubs value, triangles, core number, random,0,1,2,3,4,5,6,7,8,9,10,11,12,13,14,15,16,17,18,19,20,21,22,23,24,25,26,27,28,29,30, Total Time 
73,35,32,0:00:00.000002,0:00:00.000036,0:00:00.000080,0:00:00.000080,0:00:00.000080,0:00:00.000080,0:00:00.000497,0:00:00.000333,0:00:00.000475,0:00:00.001158,0:00:00.000079,0:00:00.000065,0:00:00.003745,0:00:00.000077,0:00:00.000351,0:00:00.000330,0:00:00.001547,0:00:00.000155,0:00:00.003582,0:00:00.000240,0:00:00.000475,0:00:00.004829,0:00:00.001480,0:00:00.000019,0:00:00.000078,0:00:00.000101,0:00:00.004260,0:00:00.003798,0:00:00.004364,0:00:00.003696,0:00:00.004973,0:00:00.003656,0:00:00.004146,0:00:00.003658,0:00:00.004146,0:00:00.003741,0:00:00.004390,0:00:00.005796,0:00:00.004129,0:00:00.003565,0:00:00.004152,0:00:00.003546,0:00:00.004180,0:00:00.003498,0:00:00.004036,0:00:00.003630,0:00:00.004165,0:00:00.003608,0:00:00.004083,0:00:00.003674,0:00:00.004078,0:00:00.003531,0:00:00.004050,0:00:00.003608,0:00:00.004135,0:00:00.003544,0:00:00.004055,,0:00:00.170434
graph_name , nodes_count , edges_count, degree, degree cent., max neighbor degree, min neighbor degree, avg neighbor degree, std neighbor degree, eigenvector cent., closeness cent., harmonic cent., betweenness cent., coloring largest first, coloring smallest last, coloring independent set, coloring random sequential,coloring connected sequential dfs, coloring connected sequential bfs, edges within egonet, node clique number, number of cliques, clustering coef., square clustering coef., page rank, hubs value, triangles, core number, random,0,1,2,3,4,5,6,7,8,9,10,11,12,13,14,15,16,17,18,19,20,21,22,23,24,25,26,27,28,29,30, Total Time 
74,36,35,0:00:00.000003,0:00:00.000040,0:00:00.000085,0:00:00.000085,0:00:00.000085,0:00:00.000085,0:00:00.000547,0:00:00.000430,0:00:00.000613,0:00:00.001442,0:00:00.000084,0:00:00.000071,0:00:00.003920,0:00:00.000080,0:00:00.000352,0:00:00.000357,0:00:00.002106,0:00:00.000162,0:00:00.003709,0:00:00.000257,0:00:00.000637,0:00:00.004825,0:00:00.001546,0:00:00.000024,0:00:00.000106,0:00:00.000137,0:00:00.003660,0:00:00.004357,0:00:00.003700,0:00:00.004322,0:00:00.004198,0:00:00.004175,0:00:00.002839,0:00:00.004039,0:00:00.003672,0:00:00.004515,0:00:00.003961,0:00:00.009729,0:00:00.003114,0:00:00.004167,0:00:00.003712,0:00:00.004193,0:00:00.003818,0:00:00.004170,0:00:00.003652,0:00:00.004152,0:00:00.003699,0:00:00.004195,0:00:00.003646,0:00:00.004194,0:00:00.003603,0:00:00.004028,0:00:00.003606,0:00:00.004070,0:00:00.003626,0:00:00.004101,0:00:00.004423,,0:00:00.177795
graph_name , nodes_count , edges_count, degree, degree cent., max neighbor degree, min neighbor degree, avg neighbor degree, std neighbor degree, eigenvector cent., closeness cent., harmonic cent., betweenness cent., coloring largest first, coloring smallest last, coloring independent set, coloring random sequential,coloring connected sequential dfs, coloring connected sequential bfs, edges within egonet, node clique number, number of cliques, clustering coef., square clustering coef., page rank, hubs value, triangles, core number, random,0,1,2,3,4,5,6,7,8,9,10,11,12,13,14,15,16,17,18,19,20,21,22,23,24,25,26,27,28,29,30, Total Time 
75,34,33,0:00:00.000002,0:00:00.000036,0:00:00.000079,0:00:00.000079,0:00:00.000079,0:00:00.000079,0:00:00.000503,0:00:00.000384,0:00:00.000567,0:00:00.001232,0:00:00.000077,0:00:00.000065,0:00:00.003592,0:00:00.000075,0:00:00.000329,0:00:00.000308,0:00:00.001787,0:00:00.000153,0:00:00.003402,0:00:00.000241,0:00:00.000521,0:00:00.004738,0:00:00.001483,0:00:00.000022,0:00:00.000085,0:00:00.000116,0:00:00.004317,0:00:00.004551,0:00:00.004379,0:00:00.004541,0:00:00.004927,0:00:00.004463,0:00:00.004250,0:00:00.004431,0:00:00.004258,0:00:00.004608,0:00:00.004631,0:00:00.008277,0:00:00.004337,0:00:00.004419,0:00:00.004286,0:00:00.004427,0:00:00.004315,0:00:00.004441,0:00:00.004265,0:00:00.004266,0:00:00.004330,0:00:00.004337,0:00:00.004332,0:00:00.004358,0:00:00.004276,0:00:00.004315,0:00:00.004276,0:00:00.004325,0:00:00.004167,0:00:00.004206,0:00:00.004317,,0:00:00.187171
graph_name , nodes_count , edges_count, degree, degree cent., max neighbor degree, min neighbor degree, avg neighbor degree, std neighbor degree, eigenvector cent., closeness cent., harmonic cent., betweenness cent., coloring largest first, coloring smallest last, coloring independent set, coloring random sequential,coloring connected sequential dfs, coloring connected sequential bfs, edges within egonet, node clique number, number of cliques, clustering coef., square clustering coef., page rank, hubs value, triangles, core number, random,0,1,2,3,4,5,6,7,8,9,10,11,12,13,14,15,16,17,18,19,20,21,22,23,24,25,26,27,28,29,30, Total Time 
76,36,35,0:00:00.000002,0:00:00.000038,0:00:00.000084,0:00:00.000084,0:00:00.000084,0:00:00.000084,0:00:00.000529,0:00:00.000431,0:00:00.000619,0:00:00.001420,0:00:00.000081,0:00:00.000068,0:00:00.003948,0:00:00.000078,0:00:00.000356,0:00:00.000331,0:00:00.002091,0:00:00.000166,0:00:00.003864,0:00:00.000259,0:00:00.000617,0:00:00.004855,0:00:00.001550,0:00:00.000023,0:00:00.000093,0:00:00.000133,0:00:00.004607,0:00:00.004498,0:00:00.004407,0:00:00.004386,0:00:00.005157,0:00:00.004441,0:00:00.004443,0:00:00.004269,0:00:00.004389,0:00:00.004524,0:00:00.005219,0:00:00.009852,0:00:00.004695,0:00:00.004283,0:00:00.004465,0:00:00.004298,0:00:00.004626,0:00:00.004305,0:00:00.004389,0:00:00.004353,0:00:00.004315,0:00:00.004372,0:00:00.004286,0:00:00.004268,0:00:00.004314,0:00:00.004235,0:00:00.004372,0:00:00.004274,0:00:00.004350,0:00:00.004330,0:00:00.004418,,0:00:00.193565
graph_name , nodes_count , edges_count, degree, degree cent., max neighbor degree, min neighbor degree, avg neighbor degree, std neighbor degree, eigenvector cent., closeness cent., harmonic cent., betweenness cent., coloring largest first, coloring smallest last, coloring independent set, coloring random sequential,coloring connected sequential dfs, coloring connected sequential bfs, edges within egonet, node clique number, number of cliques, clustering coef., square clustering coef., page rank, hubs value, triangles, core number, random,0,1,2,3,4,5,6,7,8,9,10,11,12,13,14,15,16,17,18,19,20,21,22,23,24,25,26,27,28,29,30, Total Time 
77,38,38,0:00:00.000002,0:00:00.000031,0:00:00.000089,0:00:00.000089,0:00:00.000089,0:00:00.000089,0:00:00.000560,0:00:00.000487,0:00:00.000677,0:00:00.001678,0:00:00.000086,0:00:00.000074,0:00:00.004478,0:00:00.000083,0:00:00.000364,0:00:00.000349,0:00:00.002193,0:00:00.000173,0:00:00.004248,0:00:00.000273,0:00:00.000777,0:00:00.004835,0:00:00.001460,0:00:00.000027,0:00:00.000097,0:00:00.000144,0:00:00.004433,0:00:00.004644,0:00:00.004293,0:00:00.004584,0:00:00.005268,0:00:00.004585,0:00:00.004448,0:00:00.004372,0:00:00.004394,0:00:00.004656,0:00:00.004863,0:00:00.014017,0:00:00.004465,0:00:00.004385,0:00:00.004402,0:00:00.004246,0:00:00.004486,0:00:00.004282,0:00:00.004264,0:00:00.004281,0:00:00.004470,0:00:00.004300,0:00:00.004441,0:00:00.004285,0:00:00.004324,0:00:00.004303,0:00:00.004331,0:00:00.004296,0:00:00.004319,0:00:00.004217,0:00:00.004358,,0:00:00.199372
graph_name , nodes_count , edges_count, degree, degree cent., max neighbor degree, min neighbor degree, avg neighbor degree, std neighbor degree, eigenvector cent., closeness cent., harmonic cent., betweenness cent., coloring largest first, coloring smallest last, coloring independent set, coloring random sequential,coloring connected sequential dfs, coloring connected sequential bfs, edges within egonet, node clique number, number of cliques, clustering coef., square clustering coef., page rank, hubs value, triangles, core number, random,0,1,2,3,4,5,6,7,8,9,10,11,12,13,14,15,16,17,18,19,20,21,22,23,24,25,26,27,28,29,30, Total Time 
78,37,33,0:00:00.000003,0:00:00.000039,0:00:00.000086,0:00:00.000086,0:00:00.000086,0:00:00.000086,0:00:00.000569,0:00:00.000405,0:00:00.000566,0:00:00.001313,0:00:00.000083,0:00:00.000069,0:00:00.004125,0:00:00.000080,0:00:00.000392,0:00:00.000369,0:00:00.001985,0:00:00.000160,0:00:00.003798,0:00:00.000247,0:00:00.000504,0:00:00.004972,0:00:00.001610,0:00:00.000022,0:00:00.000085,0:00:00.000122,0:00:00.004307,0:00:00.004729,0:00:00.004361,0:00:00.004419,0:00:00.005005,0:00:00.004402,0:00:00.004267,0:00:00.004421,0:00:00.004256,0:00:00.004581,0:00:00.004466,0:00:00.008646,0:00:00.004339,0:00:00.004305,0:00:00.004391,0:00:00.004337,0:00:00.004302,0:00:00.004312,0:00:00.004233,0:00:00.004305,0:00:00.004083,0:00:00.004290,0:00:00.004262,0:00:00.004143,0:00:00.004119,0:00:00.004271,0:00:00.004295,0:00:00.004196,0:00:00.004165,0:00:00.004234,0:00:00.004189,,0:00:00.188291
graph_name , nodes_count , edges_count, degree, degree cent., max neighbor degree, min neighbor degree, avg neighbor degree, std neighbor degree, eigenvector cent., closeness cent., harmonic cent., betweenness cent., coloring largest first, coloring smallest last, coloring independent set, coloring random sequential,coloring connected sequential dfs, coloring connected sequential bfs, edges within egonet, node clique number, number of cliques, clustering coef., square clustering coef., page rank, hubs value, triangles, core number, random,0,1,2,3,4,5,6,7,8,9,10,11,12,13,14,15,16,17,18,19,20,21,22,23,24,25,26,27,28,29,30, Total Time 
79,38,38,0:00:00.000003,0:00:00.000041,0:00:00.000089,0:00:00.000089,0:00:00.000089,0:00:00.000089,0:00:00.000567,0:00:00.000492,0:00:00.000673,0:00:00.001645,0:00:00.000086,0:00:00.000073,0:00:00.004508,0:00:00.000086,0:00:00.000365,0:00:00.000354,0:00:00.002134,0:00:00.000173,0:00:00.004345,0:00:00.000275,0:00:00.000763,0:00:00.004797,0:00:00.001530,0:00:00.000025,0:00:00.000095,0:00:00.000140,0:00:00.004965,0:00:00.004387,0:00:00.004475,0:00:00.004451,0:00:00.005492,0:00:00.004333,0:00:00.004438,0:00:00.004274,0:00:00.004267,0:00:00.004723,0:00:00.004894,0:00:00.013966,0:00:00.004310,0:00:00.004350,0:00:00.004357,0:00:00.004233,0:00:00.004509,0:00:00.004280,0:00:00.004377,0:00:00.004422,0:00:00.004485,0:00:00.004228,0:00:00.004438,0:00:00.004290,0:00:00.004431,0:00:00.004301,0:00:00.004438,0:00:00.004257,0:00:00.004252,0:00:00.004112,0:00:00.004366,,0:00:00.199301
graph_name , nodes_count , edges_count, degree, degree cent., max neighbor degree, min neighbor degree, avg neighbor degree, std neighbor degree, eigenvector cent., closeness cent., harmonic cent., betweenness cent., coloring largest first, coloring smallest last, coloring independent set, coloring random sequential,coloring connected sequential dfs, coloring connected sequential bfs, edges within egonet, node clique number, number of cliques, clustering coef., square clustering coef., page rank, hubs value, triangles, core number, random,0,1,2,3,4,5,6,7,8,9,10,11,12,13,14,15,16,17,18,19,20,21,22,23,24,25,26,27,28,29,30, Total Time 
80,36,34,0:00:00.000002,0:00:00.000035,0:00:00.000067,0:00:00.000067,0:00:00.000067,0:00:00.000067,0:00:00.000419,0:00:00.000347,0:00:00.000479,0:00:00.001127,0:00:00.000064,0:00:00.000053,0:00:00.003140,0:00:00.000064,0:00:00.000283,0:00:00.000262,0:00:00.002383,0:00:00.000127,0:00:00.002863,0:00:00.000275,0:00:00.000442,0:00:00.004435,0:00:00.001228,0:00:00.000021,0:00:00.000093,0:00:00.000131,0:00:00.004338,0:00:00.004399,0:00:00.004342,0:00:00.004355,0:00:00.004871,0:00:00.004294,0:00:00.004285,0:00:00.004322,0:00:00.004254,0:00:00.004446,0:00:00.004544,0:00:00.009291,0:00:00.004302,0:00:00.004379,0:00:00.004421,0:00:00.004381,0:00:00.004340,0:00:00.004304,0:00:00.004240,0:00:00.004269,0:00:00.004277,0:00:00.004336,0:00:00.004236,0:00:00.004290,0:00:00.004209,0:00:00.004323,0:00:00.004190,0:00:00.004265,0:00:00.004185,0:00:00.004237,0:00:00.004137,,0:00:00.186403
graph_name , nodes_count , edges_count, degree, degree cent., max neighbor degree, min neighbor degree, avg neighbor degree, std neighbor degree, eigenvector cent., closeness cent., harmonic cent., betweenness cent., coloring largest first, coloring smallest last, coloring independent set, coloring random sequential,coloring connected sequential dfs, coloring connected sequential bfs, edges within egonet, node clique number, number of cliques, clustering coef., square clustering coef., page rank, hubs value, triangles, core number, random,0,1,2,3,4,5,6,7,8,9,10,11,12,13,14,15,16,17,18,19,20,21,22,23,24,25,26,27,28,29,30, Total Time 
81,34,33,0:00:00.000003,0:00:00.000030,0:00:00.000080,0:00:00.000080,0:00:00.000080,0:00:00.000080,0:00:00.000515,0:00:00.000386,0:00:00.000544,0:00:00.001276,0:00:00.000079,0:00:00.000067,0:00:00.003683,0:00:00.000078,0:00:00.000352,0:00:00.000329,0:00:00.001844,0:00:00.000150,0:00:00.003379,0:00:00.000238,0:00:00.000536,0:00:00.005064,0:00:00.001495,0:00:00.000021,0:00:00.000085,0:00:00.000133,0:00:00.004480,0:00:00.004441,0:00:00.004288,0:00:00.004459,0:00:00.004871,0:00:00.004466,0:00:00.004345,0:00:00.004340,0:00:00.004355,0:00:00.004567,0:00:00.004654,0:00:00.008633,0:00:00.004416,0:00:00.004476,0:00:00.004465,0:00:00.004402,0:00:00.004409,0:00:00.004349,0:00:00.004449,0:00:00.005100,0:00:00.004619,0:00:00.004325,0:00:00.004509,0:00:00.004320,0:00:00.004326,0:00:00.004336,0:00:00.004301,0:00:00.004341,0:00:00.004375,0:00:00.004316,0:00:00.004336,,0:00:00.191109
graph_name , nodes_count , edges_count, degree, degree cent., max neighbor degree, min neighbor degree, avg neighbor degree, std neighbor degree, eigenvector cent., closeness cent., harmonic cent., betweenness cent., coloring largest first, coloring smallest last, coloring independent set, coloring random sequential,coloring connected sequential dfs, coloring connected sequential bfs, edges within egonet, node clique number, number of cliques, clustering coef., square clustering coef., page rank, hubs value, triangles, core number, random,0,1,2,3,4,5,6,7,8,9,10,11,12,13,14,15,16,17,18,19,20,21,22,23,24,25,26,27,28,29,30, Total Time 
82,35,33,0:00:00.000002,0:00:00.000041,0:00:00.000084,0:00:00.000084,0:00:00.000084,0:00:00.000084,0:00:00.000561,0:00:00.000408,0:00:00.000594,0:00:00.001341,0:00:00.000081,0:00:00.000067,0:00:00.003898,0:00:00.000080,0:00:00.000344,0:00:00.000320,0:00:00.002011,0:00:00.000155,0:00:00.003435,0:00:00.000247,0:00:00.000533,0:00:00.004947,0:00:00.001574,0:00:00.000021,0:00:00.000087,0:00:00.000129,0:00:00.004517,0:00:00.004506,0:00:00.004481,0:00:00.004536,0:00:00.005142,0:00:00.004415,0:00:00.004389,0:00:00.004418,0:00:00.004311,0:00:00.004550,0:00:00.004581,0:00:00.008747,0:00:00.004371,0:00:00.004424,0:00:00.004293,0:00:00.004313,0:00:00.004336,0:00:00.004198,0:00:00.004320,0:00:00.004349,0:00:00.004381,0:00:00.004304,0:00:00.004381,0:00:00.004374,0:00:00.004344,0:00:00.004349,0:00:00.004293,0:00:00.004310,0:00:00.004398,0:00:00.004335,0:00:00.004574,,0:00:00.190959
graph_name , nodes_count , edges_count, degree, degree cent., max neighbor degree, min neighbor degree, avg neighbor degree, std neighbor degree, eigenvector cent., closeness cent., harmonic cent., betweenness cent., coloring largest first, coloring smallest last, coloring independent set, coloring random sequential,coloring connected sequential dfs, coloring connected sequential bfs, edges within egonet, node clique number, number of cliques, clustering coef., square clustering coef., page rank, hubs value, triangles, core number, random,0,1,2,3,4,5,6,7,8,9,10,11,12,13,14,15,16,17,18,19,20,21,22,23,24,25,26,27,28,29,30, Total Time 
83,37,35,0:00:00.000002,0:00:00.000040,0:00:00.000088,0:00:00.000088,0:00:00.000088,0:00:00.000088,0:00:00.000563,0:00:00.000450,0:00:00.000585,0:00:00.001366,0:00:00.000086,0:00:00.000072,0:00:00.004360,0:00:00.000084,0:00:00.000387,0:00:00.000365,0:00:00.001924,0:00:00.000166,0:00:00.004005,0:00:00.000372,0:00:00.000612,0:00:00.005068,0:00:00.001545,0:00:00.000022,0:00:00.000089,0:00:00.000128,0:00:00.004422,0:00:00.004473,0:00:00.004398,0:00:00.004547,0:00:00.005158,0:00:00.004471,0:00:00.004413,0:00:00.004490,0:00:00.004329,0:00:00.004681,0:00:00.004558,0:00:00.010026,0:00:00.004374,0:00:00.004385,0:00:00.004395,0:00:00.004390,0:00:00.004339,0:00:00.004324,0:00:00.004216,0:00:00.004384,0:00:00.004469,0:00:00.004384,0:00:00.004509,0:00:00.004306,0:00:00.004274,0:00:00.004335,0:00:00.004417,0:00:00.004363,0:00:00.004172,0:00:00.004296,0:00:00.004377,,0:00:00.194186
graph_name , nodes_count , edges_count, degree, degree cent., max neighbor degree, min neighbor degree, avg neighbor degree, std neighbor degree, eigenvector cent., closeness cent., harmonic cent., betweenness cent., coloring largest first, coloring smallest last, coloring independent set, coloring random sequential,coloring connected sequential dfs, coloring connected sequential bfs, edges within egonet, node clique number, number of cliques, clustering coef., square clustering coef., page rank, hubs value, triangles, core number, random,0,1,2,3,4,5,6,7,8,9,10,11,12,13,14,15,16,17,18,19,20,21,22,23,24,25,26,27,28,29,30, Total Time 
84,39,37,0:00:00.000002,0:00:00.000035,0:00:00.000071,0:00:00.000071,0:00:00.000071,0:00:00.000071,0:00:00.000440,0:00:00.000371,0:00:00.000529,0:00:00.001307,0:00:00.000068,0:00:00.000059,0:00:00.003600,0:00:00.000067,0:00:00.000289,0:00:00.000282,0:00:00.001732,0:00:00.000135,0:00:00.003383,0:00:00.000210,0:00:00.000561,0:00:00.003604,0:00:00.001203,0:00:00.000021,0:00:00.000072,0:00:00.000114,0:00:00.004562,0:00:00.004051,0:00:00.003784,0:00:00.004039,0:00:00.005261,0:00:00.004230,0:00:00.004522,0:00:00.003938,0:00:00.004398,0:00:00.004414,0:00:00.004646,0:00:00.012083,0:00:00.004285,0:00:00.003873,0:00:00.003900,0:00:00.003814,0:00:00.003710,0:00:00.003762,0:00:00.003553,0:00:00.004206,0:00:00.003565,0:00:00.003706,0:00:00.003633,0:00:00.003572,0:00:00.002758,0:00:00.003572,0:00:00.003512,0:00:00.003727,0:00:00.003489,0:00:00.003956,0:00:00.003603,,0:00:00.170565
graph_name , nodes_count , edges_count, degree, degree cent., max neighbor degree, min neighbor degree, avg neighbor degree, std neighbor degree, eigenvector cent., closeness cent., harmonic cent., betweenness cent., coloring largest first, coloring smallest last, coloring independent set, coloring random sequential,coloring connected sequential dfs, coloring connected sequential bfs, edges within egonet, node clique number, number of cliques, clustering coef., square clustering coef., page rank, hubs value, triangles, core number, random,0,1,2,3,4,5,6,7,8,9,10,11,12,13,14,15,16,17,18,19,20,21,22,23,24,25,26,27,28,29,30, Total Time 
85,35,32,0:00:00.000002,0:00:00.000032,0:00:00.000067,0:00:00.000067,0:00:00.000067,0:00:00.000067,0:00:00.000401,0:00:00.000325,0:00:00.000453,0:00:00.001076,0:00:00.000066,0:00:00.000055,0:00:00.003005,0:00:00.000066,0:00:00.000284,0:00:00.000284,0:00:00.001459,0:00:00.000131,0:00:00.002927,0:00:00.000198,0:00:00.000383,0:00:00.004041,0:00:00.001231,0:00:00.000022,0:00:00.000070,0:00:00.000099,0:00:00.004354,0:00:00.003597,0:00:00.004198,0:00:00.003646,0:00:00.004592,0:00:00.003761,0:00:00.004158,0:00:00.003587,0:00:00.004088,0:00:00.003687,0:00:00.004265,0:00:00.005821,0:00:00.004109,0:00:00.003500,0:00:00.003670,0:00:00.003624,0:00:00.003773,0:00:00.003636,0:00:00.004260,0:00:00.003524,0:00:00.004205,0:00:00.003524,0:00:00.004124,0:00:00.003480,0:00:00.004139,0:00:00.003501,0:00:00.003743,0:00:00.003400,0:00:00.003607,0:00:00.003381,0:00:00.003693,,0:00:00.160294
graph_name , nodes_count , edges_count, degree, degree cent., max neighbor degree, min neighbor degree, avg neighbor degree, std neighbor degree, eigenvector cent., closeness cent., harmonic cent., betweenness cent., coloring largest first, coloring smallest last, coloring independent set, coloring random sequential,coloring connected sequential dfs, coloring connected sequential bfs, edges within egonet, node clique number, number of cliques, clustering coef., square clustering coef., page rank, hubs value, triangles, core number, random,0,1,2,3,4,5,6,7,8,9,10,11,12,13,14,15,16,17,18,19,20,21,22,23,24,25,26,27,28,29,30, Total Time 
86,36,33,0:00:00.000002,0:00:00.000024,0:00:00.000066,0:00:00.000066,0:00:00.000066,0:00:00.000066,0:00:00.000420,0:00:00.000334,0:00:00.000478,0:00:00.001121,0:00:00.000064,0:00:00.000055,0:00:00.003169,0:00:00.000062,0:00:00.000281,0:00:00.000262,0:00:00.001624,0:00:00.000123,0:00:00.002930,0:00:00.000200,0:00:00.000408,0:00:00.004051,0:00:00.001167,0:00:00.000018,0:00:00.000070,0:00:00.000107,0:00:00.003685,0:00:00.003814,0:00:00.003618,0:00:00.003847,0:00:00.004055,0:00:00.003665,0:00:00.003576,0:00:00.004055,0:00:00.002814,0:00:00.003687,0:00:00.004589,0:00:00.007018,0:00:00.003830,0:00:00.003477,0:00:00.004136,0:00:00.003590,0:00:00.004276,0:00:00.003542,0:00:00.004104,0:00:00.003482,0:00:00.003663,0:00:00.003413,0:00:00.003611,0:00:00.003512,0:00:00.003667,0:00:00.003505,0:00:00.003591,0:00:00.003374,0:00:00.003632,0:00:00.003395,0:00:00.003675,,0:00:00.157914
graph_name , nodes_count , edges_count, degree, degree cent., max neighbor degree, min neighbor degree, avg neighbor degree, std neighbor degree, eigenvector cent., closeness cent., harmonic cent., betweenness cent., coloring largest first, coloring smallest last, coloring independent set, coloring random sequential,coloring connected sequential dfs, coloring connected sequential bfs, edges within egonet, node clique number, number of cliques, clustering coef., square clustering coef., page rank, hubs value, triangles, core number, random,0,1,2,3,4,5,6,7,8,9,10,11,12,13,14,15,16,17,18,19,20,21,22,23,24,25,26,27,28,29,30, Total Time 
87,35,34,0:00:00.000002,0:00:00.000033,0:00:00.000062,0:00:00.000062,0:00:00.000062,0:00:00.000062,0:00:00.000391,0:00:00.000305,0:00:00.000429,0:00:00.001018,0:00:00.000060,0:00:00.000051,0:00:00.002820,0:00:00.000061,0:00:00.000397,0:00:00.000254,0:00:00.001412,0:00:00.000125,0:00:00.002600,0:00:00.000191,0:00:00.000440,0:00:00.003618,0:00:00.001258,0:00:00.000016,0:00:00.000066,0:00:00.000091,0:00:00.003515,0:00:00.003956,0:00:00.003554,0:00:00.003905,0:00:00.004125,0:00:00.003894,0:00:00.003623,0:00:00.003736,0:00:00.004337,0:00:00.003900,0:00:00.003024,0:00:00.008847,0:00:00.003631,0:00:00.003626,0:00:00.003737,0:00:00.003601,0:00:00.002783,0:00:00.003566,0:00:00.003492,0:00:00.003684,0:00:00.003617,0:00:00.003679,0:00:00.003513,0:00:00.003607,0:00:00.003509,0:00:00.004123,0:00:00.003477,0:00:00.003641,0:00:00.003508,0:00:00.003627,0:00:00.003375,,0:00:00.155147
graph_name , nodes_count , edges_count, degree, degree cent., max neighbor degree, min neighbor degree, avg neighbor degree, std neighbor degree, eigenvector cent., closeness cent., harmonic cent., betweenness cent., coloring largest first, coloring smallest last, coloring independent set, coloring random sequential,coloring connected sequential dfs, coloring connected sequential bfs, edges within egonet, node clique number, number of cliques, clustering coef., square clustering coef., page rank, hubs value, triangles, core number, random,0,1,2,3,4,5,6,7,8,9,10,11,12,13,14,15,16,17,18,19,20,21,22,23,24,25,26,27,28,29,30, Total Time 
88,35,32,0:00:00.000002,0:00:00.000033,0:00:00.000065,0:00:00.000065,0:00:00.000065,0:00:00.000065,0:00:00.000420,0:00:00.000320,0:00:00.000449,0:00:00.001051,0:00:00.000064,0:00:00.000053,0:00:00.003123,0:00:00.000061,0:00:00.000283,0:00:00.000264,0:00:00.001806,0:00:00.000129,0:00:00.003088,0:00:00.000196,0:00:00.000376,0:00:00.003976,0:00:00.001236,0:00:00.000018,0:00:00.000068,0:00:00.000101,0:00:00.004230,0:00:00.003449,0:00:00.003960,0:00:00.003693,0:00:00.004495,0:00:00.003511,0:00:00.004131,0:00:00.003756,0:00:00.003829,0:00:00.003870,0:00:00.003720,0:00:00.006020,0:00:00.003779,0:00:00.003839,0:00:00.003683,0:00:00.002770,0:00:00.003710,0:00:00.003575,0:00:00.003621,0:00:00.003427,0:00:00.003635,0:00:00.003549,0:00:00.003701,0:00:00.003473,0:00:00.003626,0:00:00.003569,0:00:00.003619,0:00:00.003601,0:00:00.003613,0:00:00.003519,0:00:00.003610,,0:00:00.156593
graph_name , nodes_count , edges_count, degree, degree cent., max neighbor degree, min neighbor degree, avg neighbor degree, std neighbor degree, eigenvector cent., closeness cent., harmonic cent., betweenness cent., coloring largest first, coloring smallest last, coloring independent set, coloring random sequential,coloring connected sequential dfs, coloring connected sequential bfs, edges within egonet, node clique number, number of cliques, clustering coef., square clustering coef., page rank, hubs value, triangles, core number, random,0,1,2,3,4,5,6,7,8,9,10,11,12,13,14,15,16,17,18,19,20,21,22,23,24,25,26,27,28,29,30, Total Time 
89,46,45,0:00:00.000002,0:00:00.000045,0:00:00.000104,0:00:00.000104,0:00:00.000104,0:00:00.000104,0:00:00.000727,0:00:00.000670,0:00:00.000911,0:00:00.002360,0:00:00.000101,0:00:00.000097,0:00:00.006253,0:00:00.000096,0:00:00.000429,0:00:00.000409,0:00:00.002720,0:00:00.000193,0:00:00.005938,0:00:00.000322,0:00:00.001144,0:00:00.004854,0:00:00.001593,0:00:00.000029,0:00:00.000109,0:00:00.000174,0:00:00.003660,0:00:00.004006,0:00:00.003694,0:00:00.004142,0:00:00.005272,0:00:00.003822,0:00:00.003680,0:00:00.003560,0:00:00.003644,0:00:00.004227,0:00:00.004154,0:00:00.025261,0:00:00.003694,0:00:00.003762,0:00:00.003672,0:00:00.003745,0:00:00.003837,0:00:00.003604,0:00:00.003642,0:00:00.003625,0:00:00.003595,0:00:00.003681,0:00:00.003591,0:00:00.003710,0:00:00.003620,0:00:00.003538,0:00:00.003532,0:00:00.003467,0:00:00.003611,0:00:00.003623,0:00:00.004481,,0:00:00.197878
graph_name , nodes_count , edges_count, degree, degree cent., max neighbor degree, min neighbor degree, avg neighbor degree, std neighbor degree, eigenvector cent., closeness cent., harmonic cent., betweenness cent., coloring largest first, coloring smallest last, coloring independent set, coloring random sequential,coloring connected sequential dfs, coloring connected sequential bfs, edges within egonet, node clique number, number of cliques, clustering coef., square clustering coef., page rank, hubs value, triangles, core number, random,0,1,2,3,4,5,6,7,8,9,10,11,12,13,14,15,16,17,18,19,20,21,22,23,24,25,26,27,28,29,30, Total Time 
90,34,32,0:00:00.000002,0:00:00.000035,0:00:00.000079,0:00:00.000079,0:00:00.000079,0:00:00.000079,0:00:00.000494,0:00:00.000374,0:00:00.000523,0:00:00.001229,0:00:00.000076,0:00:00.000065,0:00:00.003497,0:00:00.000074,0:00:00.000333,0:00:00.000313,0:00:00.001794,0:00:00.000151,0:00:00.003375,0:00:00.000234,0:00:00.000509,0:00:00.004603,0:00:00.001604,0:00:00.000021,0:00:00.000083,0:00:00.000117,0:00:00.004375,0:00:00.004285,0:00:00.003743,0:00:00.004404,0:00:00.004211,0:00:00.004625,0:00:00.003672,0:00:00.003775,0:00:00.003840,0:00:00.004424,0:00:00.003982,0:00:00.008090,0:00:00.003817,0:00:00.004290,0:00:00.003735,0:00:00.004328,0:00:00.003797,0:00:00.004219,0:00:00.003672,0:00:00.004284,0:00:00.003744,0:00:00.004334,0:00:00.003757,0:00:00.004350,0:00:00.003697,0:00:00.004165,0:00:00.003521,0:00:00.003713,0:00:00.003566,0:00:00.004226,0:00:00.003696,,0:00:00.174580
graph_name , nodes_count , edges_count, degree, degree cent., max neighbor degree, min neighbor degree, avg neighbor degree, std neighbor degree, eigenvector cent., closeness cent., harmonic cent., betweenness cent., coloring largest first, coloring smallest last, coloring independent set, coloring random sequential,coloring connected sequential dfs, coloring connected sequential bfs, edges within egonet, node clique number, number of cliques, clustering coef., square clustering coef., page rank, hubs value, triangles, core number, random,0,1,2,3,4,5,6,7,8,9,10,11,12,13,14,15,16,17,18,19,20,21,22,23,24,25,26,27,28,29,30, Total Time 
91,39,38,0:00:00.000002,0:00:00.000033,0:00:00.000069,0:00:00.000069,0:00:00.000069,0:00:00.000069,0:00:00.000435,0:00:00.000380,0:00:00.000525,0:00:00.001322,0:00:00.000075,0:00:00.000059,0:00:00.003615,0:00:00.000066,0:00:00.000292,0:00:00.000268,0:00:00.001747,0:00:00.000125,0:00:00.003107,0:00:00.000211,0:00:00.000613,0:00:00.003581,0:00:00.001205,0:00:00.000025,0:00:00.000072,0:00:00.000107,0:00:00.004306,0:00:00.003587,0:00:00.002729,0:00:00.003505,0:00:00.004435,0:00:00.003463,0:00:00.002602,0:00:00.003384,0:00:00.002579,0:00:00.003544,0:00:00.002703,0:00:00.013835,0:00:00.002851,0:00:00.003448,0:00:00.002621,0:00:00.003350,0:00:00.003424,0:00:00.003344,0:00:00.003555,0:00:00.003449,0:00:00.002531,0:00:00.003383,0:00:00.003495,0:00:00.003330,0:00:00.003507,0:00:00.003503,0:00:00.003420,0:00:00.003287,0:00:00.002557,0:00:00.003332,0:00:00.003490,,0:00:00.152476
graph_name , nodes_count , edges_count, degree, degree cent., max neighbor degree, min neighbor degree, avg neighbor degree, std neighbor degree, eigenvector cent., closeness cent., harmonic cent., betweenness cent., coloring largest first, coloring smallest last, coloring independent set, coloring random sequential,coloring connected sequential dfs, coloring connected sequential bfs, edges within egonet, node clique number, number of cliques, clustering coef., square clustering coef., page rank, hubs value, triangles, core number, random,0,1,2,3,4,5,6,7,8,9,10,11,12,13,14,15,16,17,18,19,20,21,22,23,24,25,26,27,28,29,30, Total Time 
92,32,31,0:00:00.000001,0:00:00.000025,0:00:00.000037,0:00:00.000037,0:00:00.000037,0:00:00.000037,0:00:00.000296,0:00:00.000217,0:00:00.000273,0:00:00.000519,0:00:00.000036,0:00:00.000029,0:00:00.001477,0:00:00.000035,0:00:00.000159,0:00:00.000145,0:00:00.000825,0:00:00.000073,0:00:00.001484,0:00:00.000109,0:00:00.000232,0:00:00.002281,0:00:00.000855,0:00:00.000005,0:00:00.000039,0:00:00.000054,0:00:00.003546,0:00:00.003473,0:00:00.003452,0:00:00.003499,0:00:00.003728,0:00:00.002548,0:00:00.003398,0:00:00.002488,0:00:00.003410,0:00:00.002708,0:00:00.003680,0:00:00.005658,0:00:00.003363,0:00:00.002624,0:00:00.003210,0:00:00.003483,0:00:00.003465,0:00:00.002544,0:00:00.003366,0:00:00.003448,0:00:00.003479,0:00:00.002573,0:00:00.003254,0:00:00.003452,0:00:00.003395,0:00:00.002647,0:00:00.003301,0:00:00.002653,0:00:00.003207,0:00:00.002932,0:00:00.003300,,0:00:00.124038
graph_name , nodes_count , edges_count, degree, degree cent., max neighbor degree, min neighbor degree, avg neighbor degree, std neighbor degree, eigenvector cent., closeness cent., harmonic cent., betweenness cent., coloring largest first, coloring smallest last, coloring independent set, coloring random sequential,coloring connected sequential dfs, coloring connected sequential bfs, edges within egonet, node clique number, number of cliques, clustering coef., square clustering coef., page rank, hubs value, triangles, core number, random,0,1,2,3,4,5,6,7,8,9,10,11,12,13,14,15,16,17,18,19,20,21,22,23,24,25,26,27,28,29,30, Total Time 
93,36,33,0:00:00.000002,0:00:00.000037,0:00:00.000081,0:00:00.000081,0:00:00.000081,0:00:00.000081,0:00:00.000510,0:00:00.000414,0:00:00.000573,0:00:00.001342,0:00:00.000081,0:00:00.000067,0:00:00.003911,0:00:00.000080,0:00:00.000341,0:00:00.000321,0:00:00.001833,0:00:00.000154,0:00:00.003507,0:00:00.000242,0:00:00.000504,0:00:00.004617,0:00:00.001477,0:00:00.000024,0:00:00.000088,0:00:00.000125,0:00:00.003463,0:00:00.003565,0:00:00.003476,0:00:00.003447,0:00:00.002931,0:00:00.003399,0:00:00.002633,0:00:00.003394,0:00:00.003466,0:00:00.003472,0:00:00.003725,0:00:00.006288,0:00:00.002600,0:00:00.003222,0:00:00.003394,0:00:00.003388,0:00:00.003503,0:00:00.003392,0:00:00.003504,0:00:00.003428,0:00:00.003337,0:00:00.003427,0:00:00.004143,0:00:00.003464,0:00:00.003541,0:00:00.003539,0:00:00.004138,0:00:00.003410,0:00:00.004078,0:00:00.003423,0:00:00.004194,,0:00:00.157823
graph_name , nodes_count , edges_count, degree, degree cent., max neighbor degree, min neighbor degree, avg neighbor degree, std neighbor degree, eigenvector cent., closeness cent., harmonic cent., betweenness cent., coloring largest first, coloring smallest last, coloring independent set, coloring random sequential,coloring connected sequential dfs, coloring connected sequential bfs, edges within egonet, node clique number, number of cliques, clustering coef., square clustering coef., page rank, hubs value, triangles, core number, random,0,1,2,3,4,5,6,7,8,9,10,11,12,13,14,15,16,17,18,19,20,21,22,23,24,25,26,27,28,29,30, Total Time 
94,35,32,0:00:00.000001,0:00:00.000028,0:00:00.000041,0:00:00.000041,0:00:00.000041,0:00:00.000041,0:00:00.000319,0:00:00.000220,0:00:00.000303,0:00:00.000673,0:00:00.000042,0:00:00.000030,0:00:00.001673,0:00:00.000038,0:00:00.000171,0:00:00.000159,0:00:00.000882,0:00:00.000072,0:00:00.001530,0:00:00.000113,0:00:00.000243,0:00:00.002285,0:00:00.000752,0:00:00.000005,0:00:00.000043,0:00:00.000053,0:00:00.003653,0:00:00.004345,0:00:00.003491,0:00:00.004262,0:00:00.004029,0:00:00.004280,0:00:00.003595,0:00:00.004669,0:00:00.003519,0:00:00.004393,0:00:00.003612,0:00:00.006609,0:00:00.003629,0:00:00.004171,0:00:00.003490,0:00:00.004148,0:00:00.003525,0:00:00.004079,0:00:00.003637,0:00:00.003995,0:00:00.003613,0:00:00.004147,0:00:00.003594,0:00:00.004105,0:00:00.003651,0:00:00.004057,0:00:00.003426,0:00:00.004054,0:00:00.003486,0:00:00.003973,0:00:00.003489,,0:00:00.146290
graph_name , nodes_count , edges_count, degree, degree cent., max neighbor degree, min neighbor degree, avg neighbor degree, std neighbor degree, eigenvector cent., closeness cent., harmonic cent., betweenness cent., coloring largest first, coloring smallest last, coloring independent set, coloring random sequential,coloring connected sequential dfs, coloring connected sequential bfs, edges within egonet, node clique number, number of cliques, clustering coef., square clustering coef., page rank, hubs value, triangles, core number, random,0,1,2,3,4,5,6,7,8,9,10,11,12,13,14,15,16,17,18,19,20,21,22,23,24,25,26,27,28,29,30, Total Time 
95,34,30,0:00:00.000002,0:00:00.000038,0:00:00.000079,0:00:00.000079,0:00:00.000079,0:00:00.000079,0:00:00.000674,0:00:00.000376,0:00:00.000531,0:00:00.001205,0:00:00.000077,0:00:00.000065,0:00:00.003561,0:00:00.000076,0:00:00.000328,0:00:00.000309,0:00:00.001629,0:00:00.000145,0:00:00.003202,0:00:00.000226,0:00:00.000396,0:00:00.004706,0:00:00.001485,0:00:00.000021,0:00:00.000084,0:00:00.000116,0:00:00.004203,0:00:00.003612,0:00:00.004034,0:00:00.003636,0:00:00.004419,0:00:00.003528,0:00:00.004031,0:00:00.003343,0:00:00.004074,0:00:00.003653,0:00:00.004214,0:00:00.005968,0:00:00.004286,0:00:00.004170,0:00:00.004290,0:00:00.003711,0:00:00.004266,0:00:00.003688,0:00:00.004269,0:00:00.003696,0:00:00.004154,0:00:00.003645,0:00:00.004221,0:00:00.003658,0:00:00.004218,0:00:00.004106,0:00:00.004184,0:00:00.003619,0:00:00.004205,0:00:00.003552,0:00:00.003797,,0:00:00.170603
graph_name , nodes_count , edges_count, degree, degree cent., max neighbor degree, min neighbor degree, avg neighbor degree, std neighbor degree, eigenvector cent., closeness cent., harmonic cent., betweenness cent., coloring largest first, coloring smallest last, coloring independent set, coloring random sequential,coloring connected sequential dfs, coloring connected sequential bfs, edges within egonet, node clique number, number of cliques, clustering coef., square clustering coef., page rank, hubs value, triangles, core number, random,0,1,2,3,4,5,6,7,8,9,10,11,12,13,14,15,16,17,18,19,20,21,22,23,24,25,26,27,28,29,30, Total Time 
96,36,31,0:00:00.000002,0:00:00.000038,0:00:00.000083,0:00:00.000083,0:00:00.000083,0:00:00.000083,0:00:00.000508,0:00:00.000377,0:00:00.000542,0:00:00.001244,0:00:00.000078,0:00:00.000067,0:00:00.004003,0:00:00.000077,0:00:00.000375,0:00:00.000357,0:00:00.002086,0:00:00.000161,0:00:00.003804,0:00:00.000239,0:00:00.000455,0:00:00.004921,0:00:00.001596,0:00:00.000022,0:00:00.000083,0:00:00.000120,0:00:00.004296,0:00:00.004481,0:00:00.003704,0:00:00.004478,0:00:00.004203,0:00:00.004285,0:00:00.003984,0:00:00.004334,0:00:00.004167,0:00:00.004272,0:00:00.003867,0:00:00.007295,0:00:00.004373,0:00:00.004251,0:00:00.003779,0:00:00.004289,0:00:00.003827,0:00:00.004289,0:00:00.003743,0:00:00.004299,0:00:00.003645,0:00:00.004318,0:00:00.003671,0:00:00.004235,0:00:00.003680,0:00:00.004274,0:00:00.003643,0:00:00.004255,0:00:00.003659,0:00:00.004332,0:00:00.003694,,0:00:00.178747
graph_name , nodes_count , edges_count, degree, degree cent., max neighbor degree, min neighbor degree, avg neighbor degree, std neighbor degree, eigenvector cent., closeness cent., harmonic cent., betweenness cent., coloring largest first, coloring smallest last, coloring independent set, coloring random sequential,coloring connected sequential dfs, coloring connected sequential bfs, edges within egonet, node clique number, number of cliques, clustering coef., square clustering coef., page rank, hubs value, triangles, core number, random,0,1,2,3,4,5,6,7,8,9,10,11,12,13,14,15,16,17,18,19,20,21,22,23,24,25,26,27,28,29,30, Total Time 
97,35,34,0:00:00.000002,0:00:00.000027,0:00:00.000079,0:00:00.000079,0:00:00.000079,0:00:00.000079,0:00:00.000504,0:00:00.000394,0:00:00.000571,0:00:00.001361,0:00:00.000079,0:00:00.000066,0:00:00.003824,0:00:00.000077,0:00:00.000349,0:00:00.000318,0:00:00.001874,0:00:00.000148,0:00:00.003517,0:00:00.000244,0:00:00.000577,0:00:00.004946,0:00:00.001438,0:00:00.000023,0:00:00.000083,0:00:00.000121,0:00:00.004468,0:00:00.003949,0:00:00.004473,0:00:00.003929,0:00:00.005150,0:00:00.003772,0:00:00.004501,0:00:00.003618,0:00:00.004334,0:00:00.003916,0:00:00.004732,0:00:00.007567,0:00:00.004416,0:00:00.004419,0:00:00.004271,0:00:00.003861,0:00:00.004315,0:00:00.003755,0:00:00.004416,0:00:00.003701,0:00:00.004534,0:00:00.003673,0:00:00.004465,0:00:00.003801,0:00:00.004078,0:00:00.004348,0:00:00.004345,0:00:00.004411,0:00:00.004195,0:00:00.004425,0:00:00.004286,,0:00:00.182823
graph_name , nodes_count , edges_count, degree, degree cent., max neighbor degree, min neighbor degree, avg neighbor degree, std neighbor degree, eigenvector cent., closeness cent., harmonic cent., betweenness cent., coloring largest first, coloring smallest last, coloring independent set, coloring random sequential,coloring connected sequential dfs, coloring connected sequential bfs, edges within egonet, node clique number, number of cliques, clustering coef., square clustering coef., page rank, hubs value, triangles, core number, random,0,1,2,3,4,5,6,7,8,9,10,11,12,13,14,15,16,17,18,19,20,21,22,23,24,25,26,27,28,29,30, Total Time 
98,35,33,0:00:00.000002,0:00:00.000040,0:00:00.000083,0:00:00.000083,0:00:00.000083,0:00:00.000083,0:00:00.000529,0:00:00.000430,0:00:00.000619,0:00:00.001411,0:00:00.000082,0:00:00.000068,0:00:00.003877,0:00:00.000078,0:00:00.000340,0:00:00.000316,0:00:00.002174,0:00:00.000160,0:00:00.003609,0:00:00.000246,0:00:00.000565,0:00:00.004924,0:00:00.001582,0:00:00.000023,0:00:00.000092,0:00:00.000136,0:00:00.004594,0:00:00.003876,0:00:00.004431,0:00:00.003848,0:00:00.005223,0:00:00.003808,0:00:00.004670,0:00:00.003683,0:00:00.004418,0:00:00.004073,0:00:00.004693,0:00:00.007384,0:00:00.004738,0:00:00.003708,0:00:00.004524,0:00:00.004646,0:00:00.004479,0:00:00.003851,0:00:00.004419,0:00:00.004181,0:00:00.004494,0:00:00.004237,0:00:00.004409,0:00:00.004275,0:00:00.004295,0:00:00.004310,0:00:00.004365,0:00:00.004186,0:00:00.004264,0:00:00.003758,0:00:00.004415,,0:00:00.186537
graph_name , nodes_count , edges_count, degree, degree cent., max neighbor degree, min neighbor degree, avg neighbor degree, std neighbor degree, eigenvector cent., closeness cent., harmonic cent., betweenness cent., coloring largest first, coloring smallest last, coloring independent set, coloring random sequential,coloring connected sequential dfs, coloring connected sequential bfs, edges within egonet, node clique number, number of cliques, clustering coef., square clustering coef., page rank, hubs value, triangles, core number, random,0,1,2,3,4,5,6,7,8,9,10,11,12,13,14,15,16,17,18,19,20,21,22,23,24,25,26,27,28,29,30, Total Time 
99,39,36,0:00:00.000003,0:00:00.000042,0:00:00.000090,0:00:00.000090,0:00:00.000090,0:00:00.000090,0:00:00.000521,0:00:00.000491,0:00:00.000711,0:00:00.001691,0:00:00.000087,0:00:00.000074,0:00:00.004541,0:00:00.000083,0:00:00.000375,0:00:00.000510,0:00:00.002186,0:00:00.000173,0:00:00.004595,0:00:00.000271,0:00:00.000651,0:00:00.004812,0:00:00.001536,0:00:00.000028,0:00:00.000095,0:00:00.000149,0:00:00.004410,0:00:00.004512,0:00:00.003992,0:00:00.004543,0:00:00.005093,0:00:00.004422,0:00:00.004310,0:00:00.004470,0:00:00.003743,0:00:00.004571,0:00:00.004047,0:00:00.011033,0:00:00.003793,0:00:00.004529,0:00:00.003885,0:00:00.004390,0:00:00.003954,0:00:00.004343,0:00:00.004225,0:00:00.004470,0:00:00.004434,0:00:00.004294,0:00:00.004373,0:00:00.004303,0:00:00.004302,0:00:00.004439,0:00:00.004324,0:00:00.004334,0:00:00.004447,0:00:00.004364,0:00:00.004399,,0:00:00.193835
graph_name , nodes_count , edges_count, degree, degree cent., max neighbor degree, min neighbor degree, avg neighbor degree, std neighbor degree, eigenvector cent., closeness cent., harmonic cent., betweenness cent., coloring largest first, coloring smallest last, coloring independent set, coloring random sequential,coloring connected sequential dfs, coloring connected sequential bfs, edges within egonet, node clique number, number of cliques, clustering coef., square clustering coef., page rank, hubs value, triangles, core number, random,0,1,2,3,4,5,6,7,8,9,10,11,12,13,14,15,16,17,18,19,20,21,22,23,24,25,26,27,28,29,30, Total Time 
100,34,31,0:00:00.000002,0:00:00.000040,0:00:00.000080,0:00:00.000080,0:00:00.000080,0:00:00.000080,0:00:00.000493,0:00:00.000386,0:00:00.000537,0:00:00.001235,0:00:00.000078,0:00:00.000065,0:00:00.003640,0:00:00.000078,0:00:00.000341,0:00:00.000316,0:00:00.001905,0:00:00.000158,0:00:00.003479,0:00:00.000246,0:00:00.000443,0:00:00.004863,0:00:00.001547,0:00:00.000022,0:00:00.000085,0:00:00.000128,0:00:00.004526,0:00:00.004629,0:00:00.004502,0:00:00.004511,0:00:00.004870,0:00:00.004623,0:00:00.004686,0:00:00.004243,0:00:00.004350,0:00:00.004556,0:00:00.004632,0:00:00.006810,0:00:00.004411,0:00:00.004338,0:00:00.004437,0:00:00.004315,0:00:00.004415,0:00:00.004333,0:00:00.004402,0:00:00.004314,0:00:00.004233,0:00:00.004200,0:00:00.004368,0:00:00.004349,0:00:00.004339,0:00:00.004144,0:00:00.004407,0:00:00.004292,0:00:00.004095,0:00:00.004130,0:00:00.004386,,0:00:00.187702
graph_name , nodes_count , edges_count, degree, degree cent., max neighbor degree, min neighbor degree, avg neighbor degree, std neighbor degree, eigenvector cent., closeness cent., harmonic cent., betweenness cent., coloring largest first, coloring smallest last, coloring independent set, coloring random sequential,coloring connected sequential dfs, coloring connected sequential bfs, edges within egonet, node clique number, number of cliques, clustering coef., square clustering coef., page rank, hubs value, triangles, core number, random,0,1,2,3,4,5,6,7,8,9,10,11,12,13,14,15,16,17,18,19,20,21,22,23,24,25,26,27,28,29,30, Total Time 
101,35,34,0:00:00.000001,0:00:00.000034,0:00:00.000064,0:00:00.000064,0:00:00.000064,0:00:00.000064,0:00:00.000413,0:00:00.000315,0:00:00.000450,0:00:00.001064,0:00:00.000064,0:00:00.000054,0:00:00.002899,0:00:00.000062,0:00:00.000406,0:00:00.000256,0:00:00.001490,0:00:00.000125,0:00:00.002867,0:00:00.000198,0:00:00.000450,0:00:00.003848,0:00:00.001327,0:00:00.000019,0:00:00.000070,0:00:00.000102,0:00:00.004479,0:00:00.004438,0:00:00.004312,0:00:00.004343,0:00:00.004711,0:00:00.004323,0:00:00.004140,0:00:00.004248,0:00:00.004237,0:00:00.004494,0:00:00.004511,0:00:00.008845,0:00:00.004316,0:00:00.004309,0:00:00.004196,0:00:00.004420,0:00:00.004337,0:00:00.004266,0:00:00.004237,0:00:00.004295,0:00:00.004134,0:00:00.004330,0:00:00.004166,0:00:00.004334,0:00:00.004187,0:00:00.004310,0:00:00.004242,0:00:00.004278,0:00:00.004201,0:00:00.004159,0:00:00.004268,,0:00:00.177383
graph_name , nodes_count , edges_count, degree, degree cent., max neighbor degree, min neighbor degree, avg neighbor degree, std neighbor degree, eigenvector cent., closeness cent., harmonic cent., betweenness cent., coloring largest first, coloring smallest last, coloring independent set, coloring random sequential,coloring connected sequential dfs, coloring connected sequential bfs, edges within egonet, node clique number, number of cliques, clustering coef., square clustering coef., page rank, hubs value, triangles, core number, random,0,1,2,3,4,5,6,7,8,9,10,11,12,13,14,15,16,17,18,19,20,21,22,23,24,25,26,27,28,29,30, Total Time 
102,36,33,0:00:00.000002,0:00:00.000025,0:00:00.000066,0:00:00.000066,0:00:00.000066,0:00:00.000066,0:00:00.000408,0:00:00.000284,0:00:00.000399,0:00:00.000983,0:00:00.000065,0:00:00.000055,0:00:00.003028,0:00:00.000063,0:00:00.000305,0:00:00.000285,0:00:00.001455,0:00:00.000126,0:00:00.002965,0:00:00.000194,0:00:00.000413,0:00:00.003954,0:00:00.001160,0:00:00.000018,0:00:00.000065,0:00:00.000091,0:00:00.004412,0:00:00.004313,0:00:00.004362,0:00:00.004145,0:00:00.004875,0:00:00.004244,0:00:00.004514,0:00:00.004026,0:00:00.004393,0:00:00.004673,0:00:00.004983,0:00:00.007839,0:00:00.004291,0:00:00.004148,0:00:00.004301,0:00:00.004317,0:00:00.004281,0:00:00.004078,0:00:00.004593,0:00:00.004134,0:00:00.004083,0:00:00.004238,0:00:00.004266,0:00:00.004310,0:00:00.004155,0:00:00.004793,0:00:00.004052,0:00:00.004230,0:00:00.004182,0:00:00.004280,0:00:00.004249,,0:00:00.176597
graph_name , nodes_count , edges_count, degree, degree cent., max neighbor degree, min neighbor degree, avg neighbor degree, std neighbor degree, eigenvector cent., closeness cent., harmonic cent., betweenness cent., coloring largest first, coloring smallest last, coloring independent set, coloring random sequential,coloring connected sequential dfs, coloring connected sequential bfs, edges within egonet, node clique number, number of cliques, clustering coef., square clustering coef., page rank, hubs value, triangles, core number, random,0,1,2,3,4,5,6,7,8,9,10,11,12,13,14,15,16,17,18,19,20,21,22,23,24,25,26,27,28,29,30, Total Time 
103,37,35,0:00:00.000003,0:00:00.000041,0:00:00.000086,0:00:00.000086,0:00:00.000086,0:00:00.000086,0:00:00.000542,0:00:00.000461,0:00:00.000643,0:00:00.001511,0:00:00.000084,0:00:00.000070,0:00:00.004085,0:00:00.000083,0:00:00.000364,0:00:00.000491,0:00:00.002087,0:00:00.000165,0:00:00.003944,0:00:00.000271,0:00:00.000618,0:00:00.004848,0:00:00.001584,0:00:00.000026,0:00:00.000094,0:00:00.000137,0:00:00.004469,0:00:00.004232,0:00:00.004371,0:00:00.004341,0:00:00.004990,0:00:00.004057,0:00:00.004463,0:00:00.004293,0:00:00.004252,0:00:00.004470,0:00:00.004665,0:00:00.009746,0:00:00.004237,0:00:00.004212,0:00:00.004263,0:00:00.004212,0:00:00.004285,0:00:00.004065,0:00:00.004193,0:00:00.004221,0:00:00.004215,0:00:00.003973,0:00:00.004291,0:00:00.004028,0:00:00.004337,0:00:00.004206,0:00:00.004313,0:00:00.003990,0:00:00.004246,0:00:00.004012,0:00:00.004281,,0:00:00.188991
graph_name , nodes_count , edges_count, degree, degree cent., max neighbor degree, min neighbor degree, avg neighbor degree, std neighbor degree, eigenvector cent., closeness cent., harmonic cent., betweenness cent., coloring largest first, coloring smallest last, coloring independent set, coloring random sequential,coloring connected sequential dfs, coloring connected sequential bfs, edges within egonet, node clique number, number of cliques, clustering coef., square clustering coef., page rank, hubs value, triangles, core number, random,0,1,2,3,4,5,6,7,8,9,10,11,12,13,14,15,16,17,18,19,20,21,22,23,24,25,26,27,28,29,30, Total Time 
104,37,34,0:00:00.000002,0:00:00.000035,0:00:00.000069,0:00:00.000069,0:00:00.000069,0:00:00.000069,0:00:00.000428,0:00:00.000338,0:00:00.000446,0:00:00.001054,0:00:00.000068,0:00:00.000057,0:00:00.003425,0:00:00.000065,0:00:00.000308,0:00:00.000301,0:00:00.001780,0:00:00.000133,0:00:00.003186,0:00:00.000205,0:00:00.000442,0:00:00.004025,0:00:00.001247,0:00:00.000022,0:00:00.000068,0:00:00.000098,0:00:00.004167,0:00:00.004509,0:00:00.004138,0:00:00.004330,0:00:00.004723,0:00:00.004323,0:00:00.004158,0:00:00.004238,0:00:00.004167,0:00:00.004454,0:00:00.004294,0:00:00.009224,0:00:00.004297,0:00:00.004250,0:00:00.004072,0:00:00.004265,0:00:00.004263,0:00:00.004261,0:00:00.004181,0:00:00.004264,0:00:00.004259,0:00:00.004246,0:00:00.004024,0:00:00.004200,0:00:00.004282,0:00:00.004218,0:00:00.003981,0:00:00.004247,0:00:00.004031,0:00:00.004265,0:00:00.004161,,0:00:00.177130
graph_name , nodes_count , edges_count, degree, degree cent., max neighbor degree, min neighbor degree, avg neighbor degree, std neighbor degree, eigenvector cent., closeness cent., harmonic cent., betweenness cent., coloring largest first, coloring smallest last, coloring independent set, coloring random sequential,coloring connected sequential dfs, coloring connected sequential bfs, edges within egonet, node clique number, number of cliques, clustering coef., square clustering coef., page rank, hubs value, triangles, core number, random,0,1,2,3,4,5,6,7,8,9,10,11,12,13,14,15,16,17,18,19,20,21,22,23,24,25,26,27,28,29,30, Total Time 
105,37,34,0:00:00.000002,0:00:00.000039,0:00:00.000087,0:00:00.000087,0:00:00.000087,0:00:00.000087,0:00:00.000542,0:00:00.000398,0:00:00.000588,0:00:00.001291,0:00:00.000084,0:00:00.000070,0:00:00.004108,0:00:00.000083,0:00:00.000537,0:00:00.000367,0:00:00.001891,0:00:00.000165,0:00:00.003933,0:00:00.000255,0:00:00.000569,0:00:00.004831,0:00:00.001532,0:00:00.000022,0:00:00.000087,0:00:00.000122,0:00:00.004329,0:00:00.004183,0:00:00.004452,0:00:00.004150,0:00:00.004981,0:00:00.003997,0:00:00.004180,0:00:00.006198,0:00:00.004373,0:00:00.004380,0:00:00.004442,0:00:00.009023,0:00:00.004258,0:00:00.004110,0:00:00.004308,0:00:00.004080,0:00:00.004408,0:00:00.004022,0:00:00.004306,0:00:00.004256,0:00:00.004368,0:00:00.004180,0:00:00.004309,0:00:00.004308,0:00:00.004235,0:00:00.004052,0:00:00.004208,0:00:00.004085,0:00:00.004216,0:00:00.004090,0:00:00.004364,,0:00:00.188819
graph_name , nodes_count , edges_count, degree, degree cent., max neighbor degree, min neighbor degree, avg neighbor degree, std neighbor degree, eigenvector cent., closeness cent., harmonic cent., betweenness cent., coloring largest first, coloring smallest last, coloring independent set, coloring random sequential,coloring connected sequential dfs, coloring connected sequential bfs, edges within egonet, node clique number, number of cliques, clustering coef., square clustering coef., page rank, hubs value, triangles, core number, random,0,1,2,3,4,5,6,7,8,9,10,11,12,13,14,15,16,17,18,19,20,21,22,23,24,25,26,27,28,29,30, Total Time 
106,36,32,0:00:00.000002,0:00:00.000039,0:00:00.000082,0:00:00.000082,0:00:00.000082,0:00:00.000082,0:00:00.000517,0:00:00.000379,0:00:00.000539,0:00:00.001239,0:00:00.000081,0:00:00.000069,0:00:00.004162,0:00:00.000080,0:00:00.000365,0:00:00.000343,0:00:00.001894,0:00:00.000156,0:00:00.003680,0:00:00.000243,0:00:00.000503,0:00:00.005036,0:00:00.001532,0:00:00.000022,0:00:00.000084,0:00:00.000118,0:00:00.004267,0:00:00.004473,0:00:00.004254,0:00:00.004402,0:00:00.004777,0:00:00.004418,0:00:00.004257,0:00:00.004388,0:00:00.004186,0:00:00.004553,0:00:00.004277,0:00:00.008268,0:00:00.004286,0:00:00.004275,0:00:00.004094,0:00:00.004429,0:00:00.004079,0:00:00.004292,0:00:00.004065,0:00:00.004284,0:00:00.004100,0:00:00.004329,0:00:00.004275,0:00:00.004367,0:00:00.004209,0:00:00.004236,0:00:00.004194,0:00:00.004367,0:00:00.004178,0:00:00.004287,0:00:00.004294,,0:00:00.187035
graph_name , nodes_count , edges_count, degree, degree cent., max neighbor degree, min neighbor degree, avg neighbor degree, std neighbor degree, eigenvector cent., closeness cent., harmonic cent., betweenness cent., coloring largest first, coloring smallest last, coloring independent set, coloring random sequential,coloring connected sequential dfs, coloring connected sequential bfs, edges within egonet, node clique number, number of cliques, clustering coef., square clustering coef., page rank, hubs value, triangles, core number, random,0,1,2,3,4,5,6,7,8,9,10,11,12,13,14,15,16,17,18,19,20,21,22,23,24,25,26,27,28,29,30, Total Time 
107,36,34,0:00:00.000002,0:00:00.000041,0:00:00.000085,0:00:00.000085,0:00:00.000085,0:00:00.000085,0:00:00.000535,0:00:00.000437,0:00:00.000604,0:00:00.001426,0:00:00.000082,0:00:00.000067,0:00:00.003849,0:00:00.000079,0:00:00.000360,0:00:00.000338,0:00:00.001995,0:00:00.000165,0:00:00.003833,0:00:00.000256,0:00:00.000559,0:00:00.005077,0:00:00.001552,0:00:00.000021,0:00:00.000092,0:00:00.000147,0:00:00.004605,0:00:00.004487,0:00:00.004555,0:00:00.004586,0:00:00.004973,0:00:00.004420,0:00:00.004447,0:00:00.004401,0:00:00.004349,0:00:00.004727,0:00:00.004690,0:00:00.008815,0:00:00.004222,0:00:00.004288,0:00:00.004332,0:00:00.004311,0:00:00.004492,0:00:00.004280,0:00:00.004313,0:00:00.004330,0:00:00.004396,0:00:00.004341,0:00:00.004313,0:00:00.004195,0:00:00.004423,0:00:00.004147,0:00:00.004323,0:00:00.004278,0:00:00.004293,0:00:00.004212,0:00:00.004365,,0:00:00.191836
graph_name , nodes_count , edges_count, degree, degree cent., max neighbor degree, min neighbor degree, avg neighbor degree, std neighbor degree, eigenvector cent., closeness cent., harmonic cent., betweenness cent., coloring largest first, coloring smallest last, coloring independent set, coloring random sequential,coloring connected sequential dfs, coloring connected sequential bfs, edges within egonet, node clique number, number of cliques, clustering coef., square clustering coef., page rank, hubs value, triangles, core number, random,0,1,2,3,4,5,6,7,8,9,10,11,12,13,14,15,16,17,18,19,20,21,22,23,24,25,26,27,28,29,30, Total Time 
108,34,31,0:00:00.000002,0:00:00.000039,0:00:00.000078,0:00:00.000078,0:00:00.000078,0:00:00.000078,0:00:00.000493,0:00:00.000382,0:00:00.000555,0:00:00.001212,0:00:00.000077,0:00:00.000068,0:00:00.003700,0:00:00.000075,0:00:00.000345,0:00:00.000315,0:00:00.001724,0:00:00.000150,0:00:00.003283,0:00:00.000235,0:00:00.000438,0:00:00.004963,0:00:00.001517,0:00:00.000021,0:00:00.000085,0:00:00.000121,0:00:00.004465,0:00:00.004484,0:00:00.004479,0:00:00.004499,0:00:00.004766,0:00:00.004800,0:00:00.004326,0:00:00.004424,0:00:00.004328,0:00:00.004521,0:00:00.004519,0:00:00.006834,0:00:00.004465,0:00:00.004370,0:00:00.004258,0:00:00.004316,0:00:00.004426,0:00:00.004266,0:00:00.004261,0:00:00.004472,0:00:00.004287,0:00:00.004302,0:00:00.004350,0:00:00.004316,0:00:00.004190,0:00:00.004304,0:00:00.004232,0:00:00.004281,0:00:00.004290,0:00:00.004338,0:00:00.004218,,0:00:00.186858
graph_name , nodes_count , edges_count, degree, degree cent., max neighbor degree, min neighbor degree, avg neighbor degree, std neighbor degree, eigenvector cent., closeness cent., harmonic cent., betweenness cent., coloring largest first, coloring smallest last, coloring independent set, coloring random sequential,coloring connected sequential dfs, coloring connected sequential bfs, edges within egonet, node clique number, number of cliques, clustering coef., square clustering coef., page rank, hubs value, triangles, core number, random,0,1,2,3,4,5,6,7,8,9,10,11,12,13,14,15,16,17,18,19,20,21,22,23,24,25,26,27,28,29,30, Total Time 
109,35,34,0:00:00.000002,0:00:00.000039,0:00:00.000084,0:00:00.000084,0:00:00.000084,0:00:00.000084,0:00:00.000532,0:00:00.000393,0:00:00.000562,0:00:00.001340,0:00:00.000082,0:00:00.000068,0:00:00.003686,0:00:00.000079,0:00:00.000342,0:00:00.000319,0:00:00.002081,0:00:00.000154,0:00:00.003532,0:00:00.000253,0:00:00.000577,0:00:00.004855,0:00:00.001532,0:00:00.000022,0:00:00.000089,0:00:00.000126,0:00:00.004344,0:00:00.004440,0:00:00.004331,0:00:00.004308,0:00:00.004924,0:00:00.004393,0:00:00.004496,0:00:00.004231,0:00:00.004277,0:00:00.004510,0:00:00.004684,0:00:00.009183,0:00:00.004375,0:00:00.004261,0:00:00.004365,0:00:00.004257,0:00:00.004422,0:00:00.004376,0:00:00.004462,0:00:00.004433,0:00:00.004508,0:00:00.004208,0:00:00.004388,0:00:00.004261,0:00:00.004338,0:00:00.004283,0:00:00.004292,0:00:00.004245,0:00:00.004244,0:00:00.004229,0:00:00.004330,,0:00:00.189783
graph_name , nodes_count , edges_count, degree, degree cent., max neighbor degree, min neighbor degree, avg neighbor degree, std neighbor degree, eigenvector cent., closeness cent., harmonic cent., betweenness cent., coloring largest first, coloring smallest last, coloring independent set, coloring random sequential,coloring connected sequential dfs, coloring connected sequential bfs, edges within egonet, node clique number, number of cliques, clustering coef., square clustering coef., page rank, hubs value, triangles, core number, random,0,1,2,3,4,5,6,7,8,9,10,11,12,13,14,15,16,17,18,19,20,21,22,23,24,25,26,27,28,29,30, Total Time 
110,36,34,0:00:00.000003,0:00:00.000039,0:00:00.000088,0:00:00.000088,0:00:00.000088,0:00:00.000088,0:00:00.000537,0:00:00.000439,0:00:00.000615,0:00:00.001505,0:00:00.000083,0:00:00.000071,0:00:00.004140,0:00:00.000079,0:00:00.000361,0:00:00.000342,0:00:00.001971,0:00:00.000157,0:00:00.003668,0:00:00.000255,0:00:00.000568,0:00:00.005015,0:00:00.001557,0:00:00.000024,0:00:00.000089,0:00:00.000131,0:00:00.004407,0:00:00.004510,0:00:00.004403,0:00:00.004420,0:00:00.004900,0:00:00.004335,0:00:00.004352,0:00:00.004302,0:00:00.004314,0:00:00.004648,0:00:00.004603,0:00:00.009330,0:00:00.004454,0:00:00.004341,0:00:00.004428,0:00:00.004349,0:00:00.004293,0:00:00.004178,0:00:00.004338,0:00:00.004472,0:00:00.004332,0:00:00.004335,0:00:00.004384,0:00:00.004319,0:00:00.004422,0:00:00.004211,0:00:00.004210,0:00:00.004191,0:00:00.004222,0:00:00.004296,0:00:00.004197,,0:00:00.191196
graph_name , nodes_count , edges_count, degree, degree cent., max neighbor degree, min neighbor degree, avg neighbor degree, std neighbor degree, eigenvector cent., closeness cent., harmonic cent., betweenness cent., coloring largest first, coloring smallest last, coloring independent set, coloring random sequential,coloring connected sequential dfs, coloring connected sequential bfs, edges within egonet, node clique number, number of cliques, clustering coef., square clustering coef., page rank, hubs value, triangles, core number, random,0,1,2,3,4,5,6,7,8,9,10,11,12,13,14,15,16,17,18,19,20,21,22,23,24,25,26,27,28,29,30, Total Time 
111,37,34,0:00:00.000002,0:00:00.000038,0:00:00.000084,0:00:00.000084,0:00:00.000084,0:00:00.000084,0:00:00.000530,0:00:00.000441,0:00:00.000627,0:00:00.001515,0:00:00.000083,0:00:00.000072,0:00:00.004196,0:00:00.000081,0:00:00.000356,0:00:00.000333,0:00:00.002212,0:00:00.000159,0:00:00.003739,0:00:00.000252,0:00:00.000570,0:00:00.004836,0:00:00.001542,0:00:00.000024,0:00:00.000094,0:00:00.000141,0:00:00.004472,0:00:00.004541,0:00:00.004283,0:00:00.004293,0:00:00.004944,0:00:00.004416,0:00:00.004340,0:00:00.004342,0:00:00.004318,0:00:00.004484,0:00:00.004701,0:00:00.010036,0:00:00.004487,0:00:00.004338,0:00:00.004338,0:00:00.004387,0:00:00.004537,0:00:00.004279,0:00:00.004358,0:00:00.004329,0:00:00.004265,0:00:00.004253,0:00:00.004178,0:00:00.004247,0:00:00.004337,0:00:00.004299,0:00:00.004323,0:00:00.004175,0:00:00.004313,0:00:00.004238,0:00:00.004280,,0:00:00.191886
graph_name , nodes_count , edges_count, degree, degree cent., max neighbor degree, min neighbor degree, avg neighbor degree, std neighbor degree, eigenvector cent., closeness cent., harmonic cent., betweenness cent., coloring largest first, coloring smallest last, coloring independent set, coloring random sequential,coloring connected sequential dfs, coloring connected sequential bfs, edges within egonet, node clique number, number of cliques, clustering coef., square clustering coef., page rank, hubs value, triangles, core number, random,0,1,2,3,4,5,6,7,8,9,10,11,12,13,14,15,16,17,18,19,20,21,22,23,24,25,26,27,28,29,30, Total Time 
112,38,35,0:00:00.000002,0:00:00.000039,0:00:00.000092,0:00:00.000092,0:00:00.000092,0:00:00.000092,0:00:00.000510,0:00:00.000470,0:00:00.000675,0:00:00.001667,0:00:00.000088,0:00:00.000074,0:00:00.004608,0:00:00.000083,0:00:00.000382,0:00:00.000359,0:00:00.002102,0:00:00.000169,0:00:00.004223,0:00:00.000266,0:00:00.000715,0:00:00.005003,0:00:00.001564,0:00:00.000025,0:00:00.000093,0:00:00.000147,0:00:00.004363,0:00:00.004406,0:00:00.004284,0:00:00.004355,0:00:00.005030,0:00:00.004330,0:00:00.004329,0:00:00.004247,0:00:00.004478,0:00:00.004457,0:00:00.004544,0:00:00.010005,0:00:00.004301,0:00:00.004432,0:00:00.004478,0:00:00.004330,0:00:00.004416,0:00:00.004383,0:00:00.004315,0:00:00.004387,0:00:00.004330,0:00:00.004277,0:00:00.004394,0:00:00.004173,0:00:00.004332,0:00:00.004259,0:00:00.004280,0:00:00.004302,0:00:00.004147,0:00:00.004348,0:00:00.004337,,0:00:00.194159
graph_name , nodes_count , edges_count, degree, degree cent., max neighbor degree, min neighbor degree, avg neighbor degree, std neighbor degree, eigenvector cent., closeness cent., harmonic cent., betweenness cent., coloring largest first, coloring smallest last, coloring independent set, coloring random sequential,coloring connected sequential dfs, coloring connected sequential bfs, edges within egonet, node clique number, number of cliques, clustering coef., square clustering coef., page rank, hubs value, triangles, core number, random,0,1,2,3,4,5,6,7,8,9,10,11,12,13,14,15,16,17,18,19,20,21,22,23,24,25,26,27,28,29,30, Total Time 
113,36,33,0:00:00.000002,0:00:00.000040,0:00:00.000084,0:00:00.000084,0:00:00.000084,0:00:00.000084,0:00:00.000524,0:00:00.000376,0:00:00.000542,0:00:00.001271,0:00:00.000081,0:00:00.000069,0:00:00.003795,0:00:00.000081,0:00:00.000378,0:00:00.000349,0:00:00.001811,0:00:00.000159,0:00:00.003683,0:00:00.000250,0:00:00.000557,0:00:00.004946,0:00:00.001670,0:00:00.000020,0:00:00.000086,0:00:00.000116,0:00:00.004452,0:00:00.004585,0:00:00.004433,0:00:00.004411,0:00:00.005029,0:00:00.004337,0:00:00.004504,0:00:00.004204,0:00:00.004719,0:00:00.004537,0:00:00.004650,0:00:00.009192,0:00:00.004566,0:00:00.004325,0:00:00.004416,0:00:00.004375,0:00:00.004498,0:00:00.004356,0:00:00.004357,0:00:00.004312,0:00:00.004525,0:00:00.004248,0:00:00.004439,0:00:00.004290,0:00:00.004435,0:00:00.004302,0:00:00.004444,0:00:00.004319,0:00:00.004332,0:00:00.004317,0:00:00.004505,,0:00:00.191904
graph_name , nodes_count , edges_count, degree, degree cent., max neighbor degree, min neighbor degree, avg neighbor degree, std neighbor degree, eigenvector cent., closeness cent., harmonic cent., betweenness cent., coloring largest first, coloring smallest last, coloring independent set, coloring random sequential,coloring connected sequential dfs, coloring connected sequential bfs, edges within egonet, node clique number, number of cliques, clustering coef., square clustering coef., page rank, hubs value, triangles, core number, random,0,1,2,3,4,5,6,7,8,9,10,11,12,13,14,15,16,17,18,19,20,21,22,23,24,25,26,27,28,29,30, Total Time 
114,35,31,0:00:00.000002,0:00:00.000040,0:00:00.000084,0:00:00.000084,0:00:00.000084,0:00:00.000084,0:00:00.000647,0:00:00.000415,0:00:00.000579,0:00:00.001385,0:00:00.000083,0:00:00.000069,0:00:00.004046,0:00:00.000083,0:00:00.000365,0:00:00.000340,0:00:00.001839,0:00:00.000159,0:00:00.003593,0:00:00.000244,0:00:00.000441,0:00:00.005098,0:00:00.001605,0:00:00.000020,0:00:00.000088,0:00:00.000126,0:00:00.004293,0:00:00.004531,0:00:00.004337,0:00:00.004513,0:00:00.004742,0:00:00.004505,0:00:00.004384,0:00:00.004435,0:00:00.004325,0:00:00.004561,0:00:00.004400,0:00:00.006987,0:00:00.004417,0:00:00.004382,0:00:00.004349,0:00:00.004333,0:00:00.004279,0:00:00.004435,0:00:00.004366,0:00:00.004291,0:00:00.004414,0:00:00.004430,0:00:00.004304,0:00:00.004351,0:00:00.004222,0:00:00.004298,0:00:00.004543,0:00:00.004269,0:00:00.004243,0:00:00.004346,0:00:00.004314,,0:00:00.189188
graph_name , nodes_count , edges_count, degree, degree cent., max neighbor degree, min neighbor degree, avg neighbor degree, std neighbor degree, eigenvector cent., closeness cent., harmonic cent., betweenness cent., coloring largest first, coloring smallest last, coloring independent set, coloring random sequential,coloring connected sequential dfs, coloring connected sequential bfs, edges within egonet, node clique number, number of cliques, clustering coef., square clustering coef., page rank, hubs value, triangles, core number, random,0,1,2,3,4,5,6,7,8,9,10,11,12,13,14,15,16,17,18,19,20,21,22,23,24,25,26,27,28,29,30, Total Time 
115,37,35,0:00:00.000003,0:00:00.000030,0:00:00.000085,0:00:00.000085,0:00:00.000085,0:00:00.000085,0:00:00.000546,0:00:00.000463,0:00:00.000650,0:00:00.001530,0:00:00.000083,0:00:00.000073,0:00:00.004155,0:00:00.000087,0:00:00.000368,0:00:00.000353,0:00:00.002229,0:00:00.000167,0:00:00.004182,0:00:00.000261,0:00:00.000616,0:00:00.005031,0:00:00.001579,0:00:00.000025,0:00:00.000090,0:00:00.000140,0:00:00.005332,0:00:00.008341,0:00:00.004906,0:00:00.004623,0:00:00.005245,0:00:00.004337,0:00:00.004307,0:00:00.004585,0:00:00.004461,0:00:00.004589,0:00:00.004678,0:00:00.010072,0:00:00.004425,0:00:00.004248,0:00:00.004287,0:00:00.004269,0:00:00.004363,0:00:00.004325,0:00:00.004459,0:00:00.004443,0:00:00.004240,0:00:00.004362,0:00:00.004271,0:00:00.004351,0:00:00.004377,0:00:00.004268,0:00:00.004265,0:00:00.004267,0:00:00.004269,0:00:00.004426,0:00:00.004422,,0:00:00.199787
graph_name , nodes_count , edges_count, degree, degree cent., max neighbor degree, min neighbor degree, avg neighbor degree, std neighbor degree, eigenvector cent., closeness cent., harmonic cent., betweenness cent., coloring largest first, coloring smallest last, coloring independent set, coloring random sequential,coloring connected sequential dfs, coloring connected sequential bfs, edges within egonet, node clique number, number of cliques, clustering coef., square clustering coef., page rank, hubs value, triangles, core number, random,0,1,2,3,4,5,6,7,8,9,10,11,12,13,14,15,16,17,18,19,20,21,22,23,24,25,26,27,28,29,30, Total Time 
116,39,39,0:00:00.000002,0:00:00.000043,0:00:00.000091,0:00:00.000091,0:00:00.000091,0:00:00.000091,0:00:00.000580,0:00:00.000491,0:00:00.000700,0:00:00.001760,0:00:00.000089,0:00:00.000075,0:00:00.004764,0:00:00.000086,0:00:00.000370,0:00:00.000342,0:00:00.002324,0:00:00.000176,0:00:00.004406,0:00:00.000274,0:00:00.000831,0:00:00.004810,0:00:00.001606,0:00:00.000025,0:00:00.000100,0:00:00.000147,0:00:00.004574,0:00:00.004577,0:00:00.004481,0:00:00.004666,0:00:00.005596,0:00:00.004394,0:00:00.004436,0:00:00.004377,0:00:00.004640,0:00:00.004823,0:00:00.004895,0:00:00.016558,0:00:00.004444,0:00:00.004451,0:00:00.004401,0:00:00.004358,0:00:00.004577,0:00:00.004322,0:00:00.004563,0:00:00.004290,0:00:00.004427,0:00:00.004389,0:00:00.004382,0:00:00.004410,0:00:00.004398,0:00:00.004429,0:00:00.004382,0:00:00.004248,0:00:00.004412,0:00:00.004243,0:00:00.004484,,0:00:00.204968
graph_name , nodes_count , edges_count, degree, degree cent., max neighbor degree, min neighbor degree, avg neighbor degree, std neighbor degree, eigenvector cent., closeness cent., harmonic cent., betweenness cent., coloring largest first, coloring smallest last, coloring independent set, coloring random sequential,coloring connected sequential dfs, coloring connected sequential bfs, edges within egonet, node clique number, number of cliques, clustering coef., square clustering coef., page rank, hubs value, triangles, core number, random,0,1,2,3,4,5,6,7,8,9,10,11,12,13,14,15,16,17,18,19,20,21,22,23,24,25,26,27,28,29,30, Total Time 
117,38,36,0:00:00.000002,0:00:00.000041,0:00:00.000089,0:00:00.000089,0:00:00.000089,0:00:00.000089,0:00:00.000556,0:00:00.000482,0:00:00.000701,0:00:00.001657,0:00:00.000086,0:00:00.000073,0:00:00.004447,0:00:00.000084,0:00:00.000381,0:00:00.000518,0:00:00.002174,0:00:00.000165,0:00:00.004217,0:00:00.000267,0:00:00.000687,0:00:00.004975,0:00:00.001571,0:00:00.000026,0:00:00.000098,0:00:00.000143,0:00:00.004592,0:00:00.004587,0:00:00.004300,0:00:00.004480,0:00:00.005234,0:00:00.004446,0:00:00.004401,0:00:00.004415,0:00:00.004436,0:00:00.004662,0:00:00.004771,0:00:00.014476,0:00:00.004381,0:00:00.004453,0:00:00.004367,0:00:00.004272,0:00:00.004364,0:00:00.004386,0:00:00.004362,0:00:00.004552,0:00:00.004306,0:00:00.004310,0:00:00.004317,0:00:00.004410,0:00:00.004392,0:00:00.004331,0:00:00.004206,0:00:00.004177,0:00:00.004277,0:00:00.004266,0:00:00.004280,,0:00:00.200084
graph_name , nodes_count , edges_count, degree, degree cent., max neighbor degree, min neighbor degree, avg neighbor degree, std neighbor degree, eigenvector cent., closeness cent., harmonic cent., betweenness cent., coloring largest first, coloring smallest last, coloring independent set, coloring random sequential,coloring connected sequential dfs, coloring connected sequential bfs, edges within egonet, node clique number, number of cliques, clustering coef., square clustering coef., page rank, hubs value, triangles, core number, random,0,1,2,3,4,5,6,7,8,9,10,11,12,13,14,15,16,17,18,19,20,21,22,23,24,25,26,27,28,29,30, Total Time 
118,39,37,0:00:00.000002,0:00:00.000029,0:00:00.000094,0:00:00.000094,0:00:00.000094,0:00:00.000094,0:00:00.000610,0:00:00.000507,0:00:00.000750,0:00:00.001778,0:00:00.000085,0:00:00.000076,0:00:00.004860,0:00:00.000084,0:00:00.000392,0:00:00.000367,0:00:00.002364,0:00:00.000167,0:00:00.004382,0:00:00.000278,0:00:00.000747,0:00:00.005010,0:00:00.001497,0:00:00.000026,0:00:00.000091,0:00:00.000151,0:00:00.004520,0:00:00.004527,0:00:00.004376,0:00:00.004614,0:00:00.005667,0:00:00.004303,0:00:00.004490,0:00:00.004362,0:00:00.004488,0:00:00.004564,0:00:00.005035,0:00:00.017347,0:00:00.004584,0:00:00.004351,0:00:00.004589,0:00:00.004306,0:00:00.004473,0:00:00.004374,0:00:00.004299,0:00:00.004414,0:00:00.004187,0:00:00.004358,0:00:00.004372,0:00:00.004243,0:00:00.004238,0:00:00.004351,0:00:00.004213,0:00:00.004346,0:00:00.004267,0:00:00.004309,0:00:00.004279,,0:00:00.204670
graph_name , nodes_count , edges_count, degree, degree cent., max neighbor degree, min neighbor degree, avg neighbor degree, std neighbor degree, eigenvector cent., closeness cent., harmonic cent., betweenness cent., coloring largest first, coloring smallest last, coloring independent set, coloring random sequential,coloring connected sequential dfs, coloring connected sequential bfs, edges within egonet, node clique number, number of cliques, clustering coef., square clustering coef., page rank, hubs value, triangles, core number, random,0,1,2,3,4,5,6,7,8,9,10,11,12,13,14,15,16,17,18,19,20,21,22,23,24,25,26,27,28,29,30, Total Time 
119,37,38,0:00:00.000002,0:00:00.000042,0:00:00.000089,0:00:00.000089,0:00:00.000089,0:00:00.000089,0:00:00.000561,0:00:00.000450,0:00:00.000651,0:00:00.001556,0:00:00.000086,0:00:00.000072,0:00:00.004290,0:00:00.000083,0:00:00.000366,0:00:00.000343,0:00:00.002124,0:00:00.000169,0:00:00.004019,0:00:00.000275,0:00:00.000803,0:00:00.004886,0:00:00.001570,0:00:00.000024,0:00:00.000096,0:00:00.000136,0:00:00.004502,0:00:00.004604,0:00:00.004660,0:00:00.004735,0:00:00.005485,0:00:00.004431,0:00:00.004521,0:00:00.004408,0:00:00.004280,0:00:00.004878,0:00:00.004935,0:00:00.014229,0:00:00.004406,0:00:00.004305,0:00:00.004442,0:00:00.004270,0:00:00.004487,0:00:00.004265,0:00:00.004339,0:00:00.004203,0:00:00.004476,0:00:00.004235,0:00:00.004326,0:00:00.004243,0:00:00.004305,0:00:00.004278,0:00:00.004373,0:00:00.004239,0:00:00.004264,0:00:00.004339,0:00:00.004415,,0:00:00.199536
graph_name , nodes_count , edges_count, degree, degree cent., max neighbor degree, min neighbor degree, avg neighbor degree, std neighbor degree, eigenvector cent., closeness cent., harmonic cent., betweenness cent., coloring largest first, coloring smallest last, coloring independent set, coloring random sequential,coloring connected sequential dfs, coloring connected sequential bfs, edges within egonet, node clique number, number of cliques, clustering coef., square clustering coef., page rank, hubs value, triangles, core number, random,0,1,2,3,4,5,6,7,8,9,10,11,12,13,14,15,16,17,18,19,20,21,22,23,24,25,26,27,28,29,30, Total Time 
120,38,36,0:00:00.000002,0:00:00.000030,0:00:00.000086,0:00:00.000086,0:00:00.000086,0:00:00.000086,0:00:00.000558,0:00:00.000408,0:00:00.000578,0:00:00.001363,0:00:00.000083,0:00:00.000073,0:00:00.004275,0:00:00.000083,0:00:00.000382,0:00:00.000354,0:00:00.001900,0:00:00.000165,0:00:00.004154,0:00:00.000257,0:00:00.000661,0:00:00.005251,0:00:00.001457,0:00:00.000023,0:00:00.000086,0:00:00.000122,0:00:00.004454,0:00:00.004378,0:00:00.004354,0:00:00.004742,0:00:00.005046,0:00:00.004833,0:00:00.004413,0:00:00.004477,0:00:00.004389,0:00:00.004690,0:00:00.004804,0:00:00.011365,0:00:00.004379,0:00:00.004333,0:00:00.004459,0:00:00.004184,0:00:00.004447,0:00:00.004219,0:00:00.004291,0:00:00.004254,0:00:00.004423,0:00:00.004238,0:00:00.004466,0:00:00.004349,0:00:00.004366,0:00:00.004271,0:00:00.004459,0:00:00.004199,0:00:00.004314,0:00:00.004259,0:00:00.004379,,0:00:00.195303
graph_name , nodes_count , edges_count, degree, degree cent., max neighbor degree, min neighbor degree, avg neighbor degree, std neighbor degree, eigenvector cent., closeness cent., harmonic cent., betweenness cent., coloring largest first, coloring smallest last, coloring independent set, coloring random sequential,coloring connected sequential dfs, coloring connected sequential bfs, edges within egonet, node clique number, number of cliques, clustering coef., square clustering coef., page rank, hubs value, triangles, core number, random,0,1,2,3,4,5,6,7,8,9,10,11,12,13,14,15,16,17,18,19,20,21,22,23,24,25,26,27,28,29,30, Total Time 
121,40,38,0:00:00.000003,0:00:00.000043,0:00:00.000093,0:00:00.000093,0:00:00.000093,0:00:00.000093,0:00:00.000596,0:00:00.000479,0:00:00.000685,0:00:00.001670,0:00:00.000088,0:00:00.000077,0:00:00.004852,0:00:00.000088,0:00:00.000385,0:00:00.000370,0:00:00.002324,0:00:00.000173,0:00:00.004566,0:00:00.000277,0:00:00.000779,0:00:00.004824,0:00:00.001534,0:00:00.000023,0:00:00.000104,0:00:00.000145,0:00:00.004465,0:00:00.004592,0:00:00.004346,0:00:00.004601,0:00:00.005488,0:00:00.004470,0:00:00.004382,0:00:00.004418,0:00:00.004306,0:00:00.004689,0:00:00.004734,0:00:00.018054,0:00:00.004391,0:00:00.004416,0:00:00.004302,0:00:00.004456,0:00:00.004452,0:00:00.004349,0:00:00.004489,0:00:00.004393,0:00:00.004350,0:00:00.004483,0:00:00.004267,0:00:00.004394,0:00:00.004351,0:00:00.004457,0:00:00.004445,0:00:00.004375,0:00:00.004351,0:00:00.004342,0:00:00.004411,,0:00:00.205297
graph_name , nodes_count , edges_count, degree, degree cent., max neighbor degree, min neighbor degree, avg neighbor degree, std neighbor degree, eigenvector cent., closeness cent., harmonic cent., betweenness cent., coloring largest first, coloring smallest last, coloring independent set, coloring random sequential,coloring connected sequential dfs, coloring connected sequential bfs, edges within egonet, node clique number, number of cliques, clustering coef., square clustering coef., page rank, hubs value, triangles, core number, random,0,1,2,3,4,5,6,7,8,9,10,11,12,13,14,15,16,17,18,19,20,21,22,23,24,25,26,27,28,29,30, Total Time 
122,39,38,0:00:00.000002,0:00:00.000042,0:00:00.000090,0:00:00.000090,0:00:00.000090,0:00:00.000090,0:00:00.000582,0:00:00.000511,0:00:00.000710,0:00:00.001764,0:00:00.000087,0:00:00.000075,0:00:00.004696,0:00:00.000089,0:00:00.000368,0:00:00.000361,0:00:00.002221,0:00:00.000165,0:00:00.004201,0:00:00.000283,0:00:00.000804,0:00:00.004934,0:00:00.001544,0:00:00.000027,0:00:00.000096,0:00:00.000148,0:00:00.004605,0:00:00.004443,0:00:00.004573,0:00:00.004511,0:00:00.005702,0:00:00.004461,0:00:00.004680,0:00:00.004282,0:00:00.004586,0:00:00.004734,0:00:00.004975,0:00:00.015706,0:00:00.004444,0:00:00.004405,0:00:00.004406,0:00:00.004533,0:00:00.004427,0:00:00.004304,0:00:00.004374,0:00:00.004372,0:00:00.004300,0:00:00.004290,0:00:00.004366,0:00:00.004320,0:00:00.004387,0:00:00.004266,0:00:00.004548,0:00:00.004352,0:00:00.004330,0:00:00.004354,0:00:00.004443,,0:00:00.203595
graph_name , nodes_count , edges_count, degree, degree cent., max neighbor degree, min neighbor degree, avg neighbor degree, std neighbor degree, eigenvector cent., closeness cent., harmonic cent., betweenness cent., coloring largest first, coloring smallest last, coloring independent set, coloring random sequential,coloring connected sequential dfs, coloring connected sequential bfs, edges within egonet, node clique number, number of cliques, clustering coef., square clustering coef., page rank, hubs value, triangles, core number, random,0,1,2,3,4,5,6,7,8,9,10,11,12,13,14,15,16,17,18,19,20,21,22,23,24,25,26,27,28,29,30, Total Time 
123,37,35,0:00:00.000003,0:00:00.000037,0:00:00.000086,0:00:00.000086,0:00:00.000086,0:00:00.000086,0:00:00.000545,0:00:00.000452,0:00:00.000631,0:00:00.001518,0:00:00.000166,0:00:00.000073,0:00:00.004249,0:00:00.000082,0:00:00.000364,0:00:00.000347,0:00:00.002183,0:00:00.000166,0:00:00.004017,0:00:00.000261,0:00:00.000606,0:00:00.004947,0:00:00.001542,0:00:00.000024,0:00:00.000092,0:00:00.000137,0:00:00.004468,0:00:00.004394,0:00:00.004383,0:00:00.004578,0:00:00.005004,0:00:00.004565,0:00:00.004356,0:00:00.004454,0:00:00.004169,0:00:00.004703,0:00:00.004544,0:00:00.010144,0:00:00.004346,0:00:00.004389,0:00:00.004253,0:00:00.004321,0:00:00.004319,0:00:00.004223,0:00:00.004355,0:00:00.004327,0:00:00.004232,0:00:00.004276,0:00:00.004322,0:00:00.004278,0:00:00.004222,0:00:00.004224,0:00:00.004242,0:00:00.004274,0:00:00.004298,0:00:00.004595,0:00:00.004281,,0:00:00.192944
graph_name , nodes_count , edges_count, degree, degree cent., max neighbor degree, min neighbor degree, avg neighbor degree, std neighbor degree, eigenvector cent., closeness cent., harmonic cent., betweenness cent., coloring largest first, coloring smallest last, coloring independent set, coloring random sequential,coloring connected sequential dfs, coloring connected sequential bfs, edges within egonet, node clique number, number of cliques, clustering coef., square clustering coef., page rank, hubs value, triangles, core number, random,0,1,2,3,4,5,6,7,8,9,10,11,12,13,14,15,16,17,18,19,20,21,22,23,24,25,26,27,28,29,30, Total Time 
124,35,34,0:00:00.000002,0:00:00.000027,0:00:00.000082,0:00:00.000082,0:00:00.000082,0:00:00.000082,0:00:00.000511,0:00:00.000416,0:00:00.000568,0:00:00.001353,0:00:00.000080,0:00:00.000068,0:00:00.003819,0:00:00.000081,0:00:00.000359,0:00:00.000331,0:00:00.001940,0:00:00.000158,0:00:00.003770,0:00:00.000248,0:00:00.000580,0:00:00.005097,0:00:00.001474,0:00:00.000021,0:00:00.000088,0:00:00.000125,0:00:00.004533,0:00:00.004420,0:00:00.003880,0:00:00.004348,0:00:00.004867,0:00:00.004360,0:00:00.004355,0:00:00.004440,0:00:00.004376,0:00:00.004628,0:00:00.004765,0:00:00.008878,0:00:00.004647,0:00:00.004320,0:00:00.004512,0:00:00.004288,0:00:00.004364,0:00:00.004387,0:00:00.004342,0:00:00.004434,0:00:00.004429,0:00:00.004383,0:00:00.004351,0:00:00.004155,0:00:00.004211,0:00:00.004364,0:00:00.004296,0:00:00.004161,0:00:00.004250,0:00:00.004301,0:00:00.004345,,0:00:00.190247
graph_name , nodes_count , edges_count, degree, degree cent., max neighbor degree, min neighbor degree, avg neighbor degree, std neighbor degree, eigenvector cent., closeness cent., harmonic cent., betweenness cent., coloring largest first, coloring smallest last, coloring independent set, coloring random sequential,coloring connected sequential dfs, coloring connected sequential bfs, edges within egonet, node clique number, number of cliques, clustering coef., square clustering coef., page rank, hubs value, triangles, core number, random,0,1,2,3,4,5,6,7,8,9,10,11,12,13,14,15,16,17,18,19,20,21,22,23,24,25,26,27,28,29,30, Total Time 
125,36,32,0:00:00.000002,0:00:00.000042,0:00:00.000085,0:00:00.000085,0:00:00.000085,0:00:00.000085,0:00:00.000746,0:00:00.000423,0:00:00.000589,0:00:00.001423,0:00:00.000085,0:00:00.000072,0:00:00.004083,0:00:00.000082,0:00:00.000361,0:00:00.000333,0:00:00.002014,0:00:00.000161,0:00:00.003587,0:00:00.000249,0:00:00.000484,0:00:00.004881,0:00:00.001623,0:00:00.000023,0:00:00.000094,0:00:00.000132,0:00:00.004407,0:00:00.004557,0:00:00.004366,0:00:00.004541,0:00:00.004872,0:00:00.004339,0:00:00.004287,0:00:00.004519,0:00:00.004343,0:00:00.004309,0:00:00.003888,0:00:00.007607,0:00:00.004363,0:00:00.004405,0:00:00.004412,0:00:00.004456,0:00:00.004444,0:00:00.004322,0:00:00.004376,0:00:00.004353,0:00:00.004334,0:00:00.004217,0:00:00.004194,0:00:00.004244,0:00:00.004325,0:00:00.005104,0:00:00.004176,0:00:00.004237,0:00:00.004276,0:00:00.004264,0:00:00.004395,,0:00:00.189370
graph_name , nodes_count , edges_count, degree, degree cent., max neighbor degree, min neighbor degree, avg neighbor degree, std neighbor degree, eigenvector cent., closeness cent., harmonic cent., betweenness cent., coloring largest first, coloring smallest last, coloring independent set, coloring random sequential,coloring connected sequential dfs, coloring connected sequential bfs, edges within egonet, node clique number, number of cliques, clustering coef., square clustering coef., page rank, hubs value, triangles, core number, random,0,1,2,3,4,5,6,7,8,9,10,11,12,13,14,15,16,17,18,19,20,21,22,23,24,25,26,27,28,29,30, Total Time 
126,38,34,0:00:00.000003,0:00:00.000030,0:00:00.000086,0:00:00.000086,0:00:00.000086,0:00:00.000086,0:00:00.000585,0:00:00.000405,0:00:00.000569,0:00:00.001342,0:00:00.000084,0:00:00.000073,0:00:00.004438,0:00:00.000085,0:00:00.000411,0:00:00.000364,0:00:00.001865,0:00:00.000157,0:00:00.003923,0:00:00.000254,0:00:00.000568,0:00:00.005002,0:00:00.001475,0:00:00.000021,0:00:00.000086,0:00:00.000125,0:00:00.004453,0:00:00.004535,0:00:00.004405,0:00:00.004448,0:00:00.005090,0:00:00.004383,0:00:00.004378,0:00:00.004284,0:00:00.004311,0:00:00.004520,0:00:00.004574,0:00:00.010051,0:00:00.004340,0:00:00.004405,0:00:00.004355,0:00:00.004301,0:00:00.004433,0:00:00.004307,0:00:00.004422,0:00:00.004379,0:00:00.004485,0:00:00.004391,0:00:00.004400,0:00:00.004600,0:00:00.005345,0:00:00.004334,0:00:00.004319,0:00:00.004319,0:00:00.004327,0:00:00.004356,0:00:00.004445,,0:00:00.194307
graph_name , nodes_count , edges_count, degree, degree cent., max neighbor degree, min neighbor degree, avg neighbor degree, std neighbor degree, eigenvector cent., closeness cent., harmonic cent., betweenness cent., coloring largest first, coloring smallest last, coloring independent set, coloring random sequential,coloring connected sequential dfs, coloring connected sequential bfs, edges within egonet, node clique number, number of cliques, clustering coef., square clustering coef., page rank, hubs value, triangles, core number, random,0,1,2,3,4,5,6,7,8,9,10,11,12,13,14,15,16,17,18,19,20,21,22,23,24,25,26,27,28,29,30, Total Time 
127,37,35,0:00:00.000002,0:00:00.000031,0:00:00.000087,0:00:00.000087,0:00:00.000087,0:00:00.000087,0:00:00.000593,0:00:00.000472,0:00:00.000654,0:00:00.001565,0:00:00.000082,0:00:00.000072,0:00:00.004357,0:00:00.000081,0:00:00.000368,0:00:00.000357,0:00:00.002196,0:00:00.000165,0:00:00.004172,0:00:00.000272,0:00:00.000615,0:00:00.005057,0:00:00.001512,0:00:00.000023,0:00:00.000092,0:00:00.000145,0:00:00.004429,0:00:00.004566,0:00:00.004440,0:00:00.004538,0:00:00.005067,0:00:00.004452,0:00:00.004410,0:00:00.004576,0:00:00.004359,0:00:00.004787,0:00:00.004623,0:00:00.010627,0:00:00.004343,0:00:00.004494,0:00:00.004429,0:00:00.004454,0:00:00.004413,0:00:00.004310,0:00:00.004493,0:00:00.004396,0:00:00.004338,0:00:00.004360,0:00:00.004318,0:00:00.004393,0:00:00.004401,0:00:00.004353,0:00:00.004378,0:00:00.004328,0:00:00.004378,0:00:00.004252,0:00:00.004382,,0:00:00.196144
graph_name , nodes_count , edges_count, degree, degree cent., max neighbor degree, min neighbor degree, avg neighbor degree, std neighbor degree, eigenvector cent., closeness cent., harmonic cent., betweenness cent., coloring largest first, coloring smallest last, coloring independent set, coloring random sequential,coloring connected sequential dfs, coloring connected sequential bfs, edges within egonet, node clique number, number of cliques, clustering coef., square clustering coef., page rank, hubs value, triangles, core number, random,0,1,2,3,4,5,6,7,8,9,10,11,12,13,14,15,16,17,18,19,20,21,22,23,24,25,26,27,28,29,30, Total Time 
128,37,35,0:00:00.000002,0:00:00.000035,0:00:00.000069,0:00:00.000069,0:00:00.000069,0:00:00.000069,0:00:00.000422,0:00:00.000346,0:00:00.000599,0:00:00.001171,0:00:00.000068,0:00:00.000057,0:00:00.003664,0:00:00.000069,0:00:00.000294,0:00:00.000270,0:00:00.001606,0:00:00.000128,0:00:00.002988,0:00:00.000209,0:00:00.000481,0:00:00.003902,0:00:00.001258,0:00:00.000016,0:00:00.000071,0:00:00.000108,0:00:00.004440,0:00:00.004543,0:00:00.004499,0:00:00.004364,0:00:00.004946,0:00:00.004396,0:00:00.004311,0:00:00.004291,0:00:00.004245,0:00:00.004501,0:00:00.004589,0:00:00.010134,0:00:00.004297,0:00:00.004372,0:00:00.004210,0:00:00.004304,0:00:00.004218,0:00:00.004272,0:00:00.004331,0:00:00.004327,0:00:00.004209,0:00:00.004260,0:00:00.004275,0:00:00.004129,0:00:00.004253,0:00:00.004217,0:00:00.004320,0:00:00.004197,0:00:00.004177,0:00:00.004051,0:00:00.004182,,0:00:00.181039
graph_name , nodes_count , edges_count, degree, degree cent., max neighbor degree, min neighbor degree, avg neighbor degree, std neighbor degree, eigenvector cent., closeness cent., harmonic cent., betweenness cent., coloring largest first, coloring smallest last, coloring independent set, coloring random sequential,coloring connected sequential dfs, coloring connected sequential bfs, edges within egonet, node clique number, number of cliques, clustering coef., square clustering coef., page rank, hubs value, triangles, core number, random,0,1,2,3,4,5,6,7,8,9,10,11,12,13,14,15,16,17,18,19,20,21,22,23,24,25,26,27,28,29,30, Total Time 
129,38,37,0:00:00.000002,0:00:00.000041,0:00:00.000089,0:00:00.000089,0:00:00.000089,0:00:00.000089,0:00:00.000562,0:00:00.000486,0:00:00.000672,0:00:00.001653,0:00:00.000097,0:00:00.000076,0:00:00.004516,0:00:00.000084,0:00:00.000367,0:00:00.000351,0:00:00.002285,0:00:00.000170,0:00:00.004137,0:00:00.000266,0:00:00.000722,0:00:00.004822,0:00:00.001621,0:00:00.000026,0:00:00.000094,0:00:00.000143,0:00:00.004479,0:00:00.004457,0:00:00.004261,0:00:00.004411,0:00:00.005158,0:00:00.004303,0:00:00.004539,0:00:00.004211,0:00:00.004394,0:00:00.004572,0:00:00.004588,0:00:00.013045,0:00:00.004328,0:00:00.004201,0:00:00.004260,0:00:00.004241,0:00:00.004365,0:00:00.004269,0:00:00.004343,0:00:00.004330,0:00:00.004379,0:00:00.004431,0:00:00.004357,0:00:00.004244,0:00:00.004330,0:00:00.004305,0:00:00.004313,0:00:00.004296,0:00:00.004373,0:00:00.004268,0:00:00.004314,,0:00:00.196725
graph_name , nodes_count , edges_count, degree, degree cent., max neighbor degree, min neighbor degree, avg neighbor degree, std neighbor degree, eigenvector cent., closeness cent., harmonic cent., betweenness cent., coloring largest first, coloring smallest last, coloring independent set, coloring random sequential,coloring connected sequential dfs, coloring connected sequential bfs, edges within egonet, node clique number, number of cliques, clustering coef., square clustering coef., page rank, hubs value, triangles, core number, random,0,1,2,3,4,5,6,7,8,9,10,11,12,13,14,15,16,17,18,19,20,21,22,23,24,25,26,27,28,29,30, Total Time 
130,41,38,0:00:00.000003,0:00:00.000043,0:00:00.000094,0:00:00.000094,0:00:00.000094,0:00:00.000094,0:00:00.000607,0:00:00.000499,0:00:00.000724,0:00:00.001880,0:00:00.000094,0:00:00.000079,0:00:00.005198,0:00:00.000092,0:00:00.000409,0:00:00.000384,0:00:00.002320,0:00:00.000183,0:00:00.004945,0:00:00.000286,0:00:00.000757,0:00:00.005107,0:00:00.001567,0:00:00.000026,0:00:00.000098,0:00:00.000146,0:00:00.004485,0:00:00.004714,0:00:00.004425,0:00:00.004517,0:00:00.005428,0:00:00.004324,0:00:00.004423,0:00:00.004404,0:00:00.004336,0:00:00.004616,0:00:00.004623,0:00:00.013788,0:00:00.004377,0:00:00.004449,0:00:00.004422,0:00:00.004242,0:00:00.004357,0:00:00.004504,0:00:00.004393,0:00:00.004431,0:00:00.004490,0:00:00.004410,0:00:00.004382,0:00:00.004396,0:00:00.004378,0:00:00.004374,0:00:00.004383,0:00:00.004415,0:00:00.004353,0:00:00.004390,0:00:00.004341,,0:00:00.202711
graph_name , nodes_count , edges_count, degree, degree cent., max neighbor degree, min neighbor degree, avg neighbor degree, std neighbor degree, eigenvector cent., closeness cent., harmonic cent., betweenness cent., coloring largest first, coloring smallest last, coloring independent set, coloring random sequential,coloring connected sequential dfs, coloring connected sequential bfs, edges within egonet, node clique number, number of cliques, clustering coef., square clustering coef., page rank, hubs value, triangles, core number, random,0,1,2,3,4,5,6,7,8,9,10,11,12,13,14,15,16,17,18,19,20,21,22,23,24,25,26,27,28,29,30, Total Time 
131,38,35,0:00:00.000002,0:00:00.000053,0:00:00.000088,0:00:00.000088,0:00:00.000088,0:00:00.000088,0:00:00.000556,0:00:00.000426,0:00:00.000600,0:00:00.001429,0:00:00.000085,0:00:00.000073,0:00:00.004301,0:00:00.000084,0:00:00.000396,0:00:00.000390,0:00:00.001980,0:00:00.000171,0:00:00.004238,0:00:00.000263,0:00:00.000600,0:00:00.004965,0:00:00.001560,0:00:00.000024,0:00:00.000089,0:00:00.000137,0:00:00.004505,0:00:00.004469,0:00:00.004362,0:00:00.004450,0:00:00.005300,0:00:00.004433,0:00:00.004766,0:00:00.004382,0:00:00.004580,0:00:00.004585,0:00:00.004650,0:00:00.010025,0:00:00.004404,0:00:00.004357,0:00:00.004331,0:00:00.004315,0:00:00.004552,0:00:00.004347,0:00:00.004501,0:00:00.004507,0:00:00.004474,0:00:00.004287,0:00:00.004396,0:00:00.004334,0:00:00.004388,0:00:00.004291,0:00:00.004482,0:00:00.004162,0:00:00.004410,0:00:00.004316,0:00:00.004419,,0:00:00.195479
graph_name , nodes_count , edges_count, degree, degree cent., max neighbor degree, min neighbor degree, avg neighbor degree, std neighbor degree, eigenvector cent., closeness cent., harmonic cent., betweenness cent., coloring largest first, coloring smallest last, coloring independent set, coloring random sequential,coloring connected sequential dfs, coloring connected sequential bfs, edges within egonet, node clique number, number of cliques, clustering coef., square clustering coef., page rank, hubs value, triangles, core number, random,0,1,2,3,4,5,6,7,8,9,10,11,12,13,14,15,16,17,18,19,20,21,22,23,24,25,26,27,28,29,30, Total Time 
132,36,34,0:00:00.000002,0:00:00.000040,0:00:00.000086,0:00:00.000086,0:00:00.000086,0:00:00.000086,0:00:00.000538,0:00:00.000389,0:00:00.000561,0:00:00.001304,0:00:00.000085,0:00:00.000069,0:00:00.004165,0:00:00.000081,0:00:00.000379,0:00:00.000352,0:00:00.001953,0:00:00.000171,0:00:00.003975,0:00:00.000256,0:00:00.000584,0:00:00.005100,0:00:00.001557,0:00:00.000021,0:00:00.000088,0:00:00.000119,0:00:00.004482,0:00:00.004525,0:00:00.004353,0:00:00.004584,0:00:00.004953,0:00:00.004498,0:00:00.004415,0:00:00.004452,0:00:00.004413,0:00:00.004682,0:00:00.004720,0:00:00.008986,0:00:00.004408,0:00:00.004537,0:00:00.004272,0:00:00.004484,0:00:00.004507,0:00:00.004459,0:00:00.004432,0:00:00.004480,0:00:00.004351,0:00:00.004358,0:00:00.004418,0:00:00.004386,0:00:00.004514,0:00:00.004426,0:00:00.004329,0:00:00.004311,0:00:00.004378,0:00:00.004476,0:00:00.004366,,0:00:00.193700
graph_name , nodes_count , edges_count, degree, degree cent., max neighbor degree, min neighbor degree, avg neighbor degree, std neighbor degree, eigenvector cent., closeness cent., harmonic cent., betweenness cent., coloring largest first, coloring smallest last, coloring independent set, coloring random sequential,coloring connected sequential dfs, coloring connected sequential bfs, edges within egonet, node clique number, number of cliques, clustering coef., square clustering coef., page rank, hubs value, triangles, core number, random,0,1,2,3,4,5,6,7,8,9,10,11,12,13,14,15,16,17,18,19,20,21,22,23,24,25,26,27,28,29,30, Total Time 
133,35,33,0:00:00.000002,0:00:00.000039,0:00:00.000082,0:00:00.000082,0:00:00.000082,0:00:00.000082,0:00:00.000522,0:00:00.000405,0:00:00.000555,0:00:00.001349,0:00:00.000080,0:00:00.000069,0:00:00.003716,0:00:00.000078,0:00:00.000348,0:00:00.000329,0:00:00.001885,0:00:00.000168,0:00:00.003412,0:00:00.000254,0:00:00.000537,0:00:00.004906,0:00:00.001697,0:00:00.000023,0:00:00.000089,0:00:00.000125,0:00:00.004549,0:00:00.004604,0:00:00.004485,0:00:00.004595,0:00:00.005252,0:00:00.004622,0:00:00.004355,0:00:00.004567,0:00:00.004315,0:00:00.004638,0:00:00.004904,0:00:00.008146,0:00:00.004426,0:00:00.004461,0:00:00.004652,0:00:00.004405,0:00:00.004312,0:00:00.004386,0:00:00.004502,0:00:00.004307,0:00:00.004512,0:00:00.004251,0:00:00.004509,0:00:00.004320,0:00:00.004471,0:00:00.004324,0:00:00.004323,0:00:00.004344,0:00:00.004345,0:00:00.004379,0:00:00.004494,,0:00:00.191918
graph_name , nodes_count , edges_count, degree, degree cent., max neighbor degree, min neighbor degree, avg neighbor degree, std neighbor degree, eigenvector cent., closeness cent., harmonic cent., betweenness cent., coloring largest first, coloring smallest last, coloring independent set, coloring random sequential,coloring connected sequential dfs, coloring connected sequential bfs, edges within egonet, node clique number, number of cliques, clustering coef., square clustering coef., page rank, hubs value, triangles, core number, random,0,1,2,3,4,5,6,7,8,9,10,11,12,13,14,15,16,17,18,19,20,21,22,23,24,25,26,27,28,29,30, Total Time 
134,37,36,0:00:00.000002,0:00:00.000040,0:00:00.000089,0:00:00.000089,0:00:00.000089,0:00:00.000089,0:00:00.000547,0:00:00.000449,0:00:00.000643,0:00:00.001588,0:00:00.000085,0:00:00.000075,0:00:00.004468,0:00:00.000085,0:00:00.000365,0:00:00.000351,0:00:00.002252,0:00:00.000172,0:00:00.004278,0:00:00.000264,0:00:00.000673,0:00:00.005270,0:00:00.001608,0:00:00.000025,0:00:00.000093,0:00:00.000140,0:00:00.004440,0:00:00.004545,0:00:00.004498,0:00:00.004580,0:00:00.005429,0:00:00.004549,0:00:00.004476,0:00:00.004522,0:00:00.004413,0:00:00.004939,0:00:00.004861,0:00:00.011146,0:00:00.004572,0:00:00.004449,0:00:00.004445,0:00:00.004418,0:00:00.004504,0:00:00.004371,0:00:00.004433,0:00:00.004461,0:00:00.004424,0:00:00.004447,0:00:00.004342,0:00:00.004493,0:00:00.004423,0:00:00.004512,0:00:00.004441,0:00:00.004389,0:00:00.004310,0:00:00.004339,0:00:00.004414,,0:00:00.199677
graph_name , nodes_count , edges_count, degree, degree cent., max neighbor degree, min neighbor degree, avg neighbor degree, std neighbor degree, eigenvector cent., closeness cent., harmonic cent., betweenness cent., coloring largest first, coloring smallest last, coloring independent set, coloring random sequential,coloring connected sequential dfs, coloring connected sequential bfs, edges within egonet, node clique number, number of cliques, clustering coef., square clustering coef., page rank, hubs value, triangles, core number, random,0,1,2,3,4,5,6,7,8,9,10,11,12,13,14,15,16,17,18,19,20,21,22,23,24,25,26,27,28,29,30, Total Time 
135,38,37,0:00:00.000002,0:00:00.000042,0:00:00.000091,0:00:00.000091,0:00:00.000091,0:00:00.000091,0:00:00.000553,0:00:00.000473,0:00:00.000670,0:00:00.001631,0:00:00.000088,0:00:00.000074,0:00:00.004363,0:00:00.000084,0:00:00.000366,0:00:00.000506,0:00:00.002190,0:00:00.000169,0:00:00.004139,0:00:00.000266,0:00:00.000783,0:00:00.004837,0:00:00.001570,0:00:00.000026,0:00:00.000095,0:00:00.000139,0:00:00.004522,0:00:00.004660,0:00:00.004480,0:00:00.004575,0:00:00.005329,0:00:00.004487,0:00:00.004530,0:00:00.004415,0:00:00.004335,0:00:00.005065,0:00:00.004819,0:00:00.013204,0:00:00.004492,0:00:00.004419,0:00:00.004518,0:00:00.004456,0:00:00.004545,0:00:00.004387,0:00:00.004507,0:00:00.004389,0:00:00.004282,0:00:00.004460,0:00:00.004406,0:00:00.004356,0:00:00.004487,0:00:00.004325,0:00:00.004342,0:00:00.004359,0:00:00.004380,0:00:00.004362,0:00:00.004273,,0:00:00.200432
graph_name , nodes_count , edges_count, degree, degree cent., max neighbor degree, min neighbor degree, avg neighbor degree, std neighbor degree, eigenvector cent., closeness cent., harmonic cent., betweenness cent., coloring largest first, coloring smallest last, coloring independent set, coloring random sequential,coloring connected sequential dfs, coloring connected sequential bfs, edges within egonet, node clique number, number of cliques, clustering coef., square clustering coef., page rank, hubs value, triangles, core number, random,0,1,2,3,4,5,6,7,8,9,10,11,12,13,14,15,16,17,18,19,20,21,22,23,24,25,26,27,28,29,30, Total Time 
136,42,41,0:00:00.000002,0:00:00.000044,0:00:00.000095,0:00:00.000095,0:00:00.000095,0:00:00.000095,0:00:00.000659,0:00:00.000497,0:00:00.000723,0:00:00.001869,0:00:00.000092,0:00:00.000080,0:00:00.005554,0:00:00.000092,0:00:00.000415,0:00:00.000386,0:00:00.002391,0:00:00.000178,0:00:00.004867,0:00:00.000296,0:00:00.000934,0:00:00.004864,0:00:00.001563,0:00:00.000027,0:00:00.000098,0:00:00.000144,0:00:00.004613,0:00:00.004604,0:00:00.004565,0:00:00.004524,0:00:00.006042,0:00:00.004446,0:00:00.004367,0:00:00.004727,0:00:00.004330,0:00:00.004962,0:00:00.005000,0:00:00.023630,0:00:00.004463,0:00:00.004447,0:00:00.004375,0:00:00.004366,0:00:00.004549,0:00:00.004479,0:00:00.004392,0:00:00.004468,0:00:00.004339,0:00:00.004463,0:00:00.004389,0:00:00.004313,0:00:00.004780,0:00:00.004499,0:00:00.004296,0:00:00.004368,0:00:00.004391,0:00:00.004268,0:00:00.004366,,0:00:00.215129
graph_name , nodes_count , edges_count, degree, degree cent., max neighbor degree, min neighbor degree, avg neighbor degree, std neighbor degree, eigenvector cent., closeness cent., harmonic cent., betweenness cent., coloring largest first, coloring smallest last, coloring independent set, coloring random sequential,coloring connected sequential dfs, coloring connected sequential bfs, edges within egonet, node clique number, number of cliques, clustering coef., square clustering coef., page rank, hubs value, triangles, core number, random,0,1,2,3,4,5,6,7,8,9,10,11,12,13,14,15,16,17,18,19,20,21,22,23,24,25,26,27,28,29,30, Total Time 
137,38,35,0:00:00.000002,0:00:00.000042,0:00:00.000090,0:00:00.000090,0:00:00.000090,0:00:00.000090,0:00:00.000549,0:00:00.000469,0:00:00.000680,0:00:00.001594,0:00:00.000085,0:00:00.000073,0:00:00.004555,0:00:00.000082,0:00:00.000372,0:00:00.000350,0:00:00.002270,0:00:00.000170,0:00:00.004153,0:00:00.000261,0:00:00.000698,0:00:00.004946,0:00:00.001564,0:00:00.000026,0:00:00.000092,0:00:00.000143,0:00:00.004530,0:00:00.004673,0:00:00.004553,0:00:00.004616,0:00:00.005496,0:00:00.004444,0:00:00.004506,0:00:00.004494,0:00:00.004406,0:00:00.004531,0:00:00.004897,0:00:00.009979,0:00:00.004461,0:00:00.004380,0:00:00.004461,0:00:00.004506,0:00:00.004467,0:00:00.004382,0:00:00.004381,0:00:00.004341,0:00:00.004681,0:00:00.004333,0:00:00.004448,0:00:00.004342,0:00:00.004394,0:00:00.004328,0:00:00.004298,0:00:00.004299,0:00:00.004268,0:00:00.004385,0:00:00.004309,,0:00:00.197460
graph_name , nodes_count , edges_count, degree, degree cent., max neighbor degree, min neighbor degree, avg neighbor degree, std neighbor degree, eigenvector cent., closeness cent., harmonic cent., betweenness cent., coloring largest first, coloring smallest last, coloring independent set, coloring random sequential,coloring connected sequential dfs, coloring connected sequential bfs, edges within egonet, node clique number, number of cliques, clustering coef., square clustering coef., page rank, hubs value, triangles, core number, random,0,1,2,3,4,5,6,7,8,9,10,11,12,13,14,15,16,17,18,19,20,21,22,23,24,25,26,27,28,29,30, Total Time 
138,38,36,0:00:00.000002,0:00:00.000041,0:00:00.000086,0:00:00.000086,0:00:00.000086,0:00:00.000086,0:00:00.000564,0:00:00.000489,0:00:00.000674,0:00:00.001611,0:00:00.000086,0:00:00.000072,0:00:00.004347,0:00:00.000083,0:00:00.000364,0:00:00.000570,0:00:00.002157,0:00:00.000173,0:00:00.004321,0:00:00.000267,0:00:00.000652,0:00:00.004861,0:00:00.001538,0:00:00.000025,0:00:00.000090,0:00:00.000146,0:00:00.004441,0:00:00.004536,0:00:00.004405,0:00:00.004409,0:00:00.005131,0:00:00.004280,0:00:00.004421,0:00:00.004383,0:00:00.004384,0:00:00.004492,0:00:00.004771,0:00:00.011014,0:00:00.004368,0:00:00.004518,0:00:00.004293,0:00:00.004468,0:00:00.004310,0:00:00.004397,0:00:00.004353,0:00:00.004256,0:00:00.004347,0:00:00.004364,0:00:00.004413,0:00:00.004572,0:00:00.004355,0:00:00.004457,0:00:00.004285,0:00:00.004341,0:00:00.004336,0:00:00.004328,0:00:00.004493,,0:00:00.196364
graph_name , nodes_count , edges_count, degree, degree cent., max neighbor degree, min neighbor degree, avg neighbor degree, std neighbor degree, eigenvector cent., closeness cent., harmonic cent., betweenness cent., coloring largest first, coloring smallest last, coloring independent set, coloring random sequential,coloring connected sequential dfs, coloring connected sequential bfs, edges within egonet, node clique number, number of cliques, clustering coef., square clustering coef., page rank, hubs value, triangles, core number, random,0,1,2,3,4,5,6,7,8,9,10,11,12,13,14,15,16,17,18,19,20,21,22,23,24,25,26,27,28,29,30, Total Time 
139,36,33,0:00:00.000002,0:00:00.000041,0:00:00.000087,0:00:00.000087,0:00:00.000087,0:00:00.000087,0:00:00.000591,0:00:00.000427,0:00:00.000604,0:00:00.001390,0:00:00.000083,0:00:00.000069,0:00:00.004006,0:00:00.000081,0:00:00.000356,0:00:00.000338,0:00:00.002061,0:00:00.000211,0:00:00.003590,0:00:00.000247,0:00:00.000544,0:00:00.004900,0:00:00.001540,0:00:00.000024,0:00:00.000091,0:00:00.000130,0:00:00.004468,0:00:00.004566,0:00:00.004390,0:00:00.004486,0:00:00.004873,0:00:00.004358,0:00:00.004162,0:00:00.004147,0:00:00.004195,0:00:00.004464,0:00:00.004594,0:00:00.008534,0:00:00.004310,0:00:00.004344,0:00:00.004321,0:00:00.004300,0:00:00.004427,0:00:00.004282,0:00:00.004573,0:00:00.004345,0:00:00.004486,0:00:00.004307,0:00:00.004407,0:00:00.004304,0:00:00.004410,0:00:00.004276,0:00:00.004418,0:00:00.004221,0:00:00.004341,0:00:00.004406,0:00:00.004342,,0:00:00.190325
graph_name , nodes_count , edges_count, degree, degree cent., max neighbor degree, min neighbor degree, avg neighbor degree, std neighbor degree, eigenvector cent., closeness cent., harmonic cent., betweenness cent., coloring largest first, coloring smallest last, coloring independent set, coloring random sequential,coloring connected sequential dfs, coloring connected sequential bfs, edges within egonet, node clique number, number of cliques, clustering coef., square clustering coef., page rank, hubs value, triangles, core number, random,0,1,2,3,4,5,6,7,8,9,10,11,12,13,14,15,16,17,18,19,20,21,22,23,24,25,26,27,28,29,30, Total Time 
140,37,35,0:00:00.000002,0:00:00.000040,0:00:00.000085,0:00:00.000085,0:00:00.000085,0:00:00.000085,0:00:00.000548,0:00:00.000441,0:00:00.000636,0:00:00.001566,0:00:00.000085,0:00:00.000072,0:00:00.004325,0:00:00.000083,0:00:00.000358,0:00:00.000333,0:00:00.002042,0:00:00.000164,0:00:00.003911,0:00:00.000257,0:00:00.000622,0:00:00.004895,0:00:00.001557,0:00:00.000024,0:00:00.000093,0:00:00.000140,0:00:00.004488,0:00:00.004513,0:00:00.004451,0:00:00.004629,0:00:00.005122,0:00:00.004389,0:00:00.004374,0:00:00.004507,0:00:00.004359,0:00:00.004603,0:00:00.004689,0:00:00.009971,0:00:00.004414,0:00:00.004321,0:00:00.004460,0:00:00.004452,0:00:00.004489,0:00:00.004457,0:00:00.004216,0:00:00.004417,0:00:00.004440,0:00:00.004414,0:00:00.004363,0:00:00.004404,0:00:00.004355,0:00:00.004409,0:00:00.004347,0:00:00.004336,0:00:00.004216,0:00:00.004405,0:00:00.004343,,0:00:00.194644
graph_name , nodes_count , edges_count, degree, degree cent., max neighbor degree, min neighbor degree, avg neighbor degree, std neighbor degree, eigenvector cent., closeness cent., harmonic cent., betweenness cent., coloring largest first, coloring smallest last, coloring independent set, coloring random sequential,coloring connected sequential dfs, coloring connected sequential bfs, edges within egonet, node clique number, number of cliques, clustering coef., square clustering coef., page rank, hubs value, triangles, core number, random,0,1,2,3,4,5,6,7,8,9,10,11,12,13,14,15,16,17,18,19,20,21,22,23,24,25,26,27,28,29,30, Total Time 
141,36,33,0:00:00.000002,0:00:00.000029,0:00:00.000083,0:00:00.000083,0:00:00.000083,0:00:00.000083,0:00:00.000529,0:00:00.000422,0:00:00.000598,0:00:00.001394,0:00:00.000081,0:00:00.000070,0:00:00.003966,0:00:00.000079,0:00:00.000351,0:00:00.000331,0:00:00.002047,0:00:00.000153,0:00:00.003551,0:00:00.000242,0:00:00.000521,0:00:00.004993,0:00:00.001457,0:00:00.000023,0:00:00.000088,0:00:00.000131,0:00:00.004515,0:00:00.004507,0:00:00.004509,0:00:00.004552,0:00:00.005040,0:00:00.004456,0:00:00.004503,0:00:00.004447,0:00:00.004420,0:00:00.004772,0:00:00.004656,0:00:00.008156,0:00:00.004320,0:00:00.004378,0:00:00.004331,0:00:00.004393,0:00:00.004441,0:00:00.004376,0:00:00.004295,0:00:00.004482,0:00:00.004302,0:00:00.004376,0:00:00.004350,0:00:00.004351,0:00:00.004349,0:00:00.004177,0:00:00.004219,0:00:00.004282,0:00:00.004165,0:00:00.004294,0:00:00.004269,,0:00:00.190531
graph_name , nodes_count , edges_count, degree, degree cent., max neighbor degree, min neighbor degree, avg neighbor degree, std neighbor degree, eigenvector cent., closeness cent., harmonic cent., betweenness cent., coloring largest first, coloring smallest last, coloring independent set, coloring random sequential,coloring connected sequential dfs, coloring connected sequential bfs, edges within egonet, node clique number, number of cliques, clustering coef., square clustering coef., page rank, hubs value, triangles, core number, random,0,1,2,3,4,5,6,7,8,9,10,11,12,13,14,15,16,17,18,19,20,21,22,23,24,25,26,27,28,29,30, Total Time 
142,36,33,0:00:00.000002,0:00:00.000041,0:00:00.000085,0:00:00.000085,0:00:00.000085,0:00:00.000085,0:00:00.000534,0:00:00.000413,0:00:00.000582,0:00:00.001392,0:00:00.000083,0:00:00.000069,0:00:00.004040,0:00:00.000083,0:00:00.000351,0:00:00.000321,0:00:00.001938,0:00:00.000158,0:00:00.003689,0:00:00.000253,0:00:00.000515,0:00:00.004808,0:00:00.001564,0:00:00.000023,0:00:00.000092,0:00:00.000127,0:00:00.004517,0:00:00.004481,0:00:00.004475,0:00:00.004403,0:00:00.004913,0:00:00.004379,0:00:00.004524,0:00:00.004392,0:00:00.004466,0:00:00.004612,0:00:00.004648,0:00:00.007599,0:00:00.004448,0:00:00.004371,0:00:00.004353,0:00:00.004298,0:00:00.004374,0:00:00.004339,0:00:00.004327,0:00:00.004318,0:00:00.004389,0:00:00.004523,0:00:00.004362,0:00:00.004248,0:00:00.004324,0:00:00.004172,0:00:00.004397,0:00:00.004187,0:00:00.004316,0:00:00.004244,0:00:00.004410,,0:00:00.189579
graph_name , nodes_count , edges_count, degree, degree cent., max neighbor degree, min neighbor degree, avg neighbor degree, std neighbor degree, eigenvector cent., closeness cent., harmonic cent., betweenness cent., coloring largest first, coloring smallest last, coloring independent set, coloring random sequential,coloring connected sequential dfs, coloring connected sequential bfs, edges within egonet, node clique number, number of cliques, clustering coef., square clustering coef., page rank, hubs value, triangles, core number, random,0,1,2,3,4,5,6,7,8,9,10,11,12,13,14,15,16,17,18,19,20,21,22,23,24,25,26,27,28,29,30, Total Time 
143,38,35,0:00:00.000003,0:00:00.000031,0:00:00.000093,0:00:00.000093,0:00:00.000093,0:00:00.000093,0:00:00.000498,0:00:00.000475,0:00:00.000678,0:00:00.001660,0:00:00.000084,0:00:00.000073,0:00:00.004367,0:00:00.000081,0:00:00.000370,0:00:00.000355,0:00:00.002535,0:00:00.000168,0:00:00.004296,0:00:00.000261,0:00:00.000599,0:00:00.005111,0:00:00.001508,0:00:00.000025,0:00:00.000096,0:00:00.000145,0:00:00.004439,0:00:00.004892,0:00:00.004354,0:00:00.004403,0:00:00.005018,0:00:00.004475,0:00:00.004290,0:00:00.004685,0:00:00.004493,0:00:00.004602,0:00:00.004601,0:00:00.010170,0:00:00.004384,0:00:00.004437,0:00:00.004349,0:00:00.004418,0:00:00.004443,0:00:00.004544,0:00:00.004531,0:00:00.004494,0:00:00.004504,0:00:00.004478,0:00:00.004395,0:00:00.004354,0:00:00.004443,0:00:00.004437,0:00:00.004347,0:00:00.004363,0:00:00.004349,0:00:00.004345,0:00:00.004300,,0:00:00.197609
graph_name , nodes_count , edges_count, degree, degree cent., max neighbor degree, min neighbor degree, avg neighbor degree, std neighbor degree, eigenvector cent., closeness cent., harmonic cent., betweenness cent., coloring largest first, coloring smallest last, coloring independent set, coloring random sequential,coloring connected sequential dfs, coloring connected sequential bfs, edges within egonet, node clique number, number of cliques, clustering coef., square clustering coef., page rank, hubs value, triangles, core number, random,0,1,2,3,4,5,6,7,8,9,10,11,12,13,14,15,16,17,18,19,20,21,22,23,24,25,26,27,28,29,30, Total Time 
144,37,34,0:00:00.000002,0:00:00.000031,0:00:00.000084,0:00:00.000084,0:00:00.000084,0:00:00.000084,0:00:00.000533,0:00:00.000396,0:00:00.000555,0:00:00.001286,0:00:00.000082,0:00:00.000069,0:00:00.004094,0:00:00.000081,0:00:00.000370,0:00:00.000351,0:00:00.001806,0:00:00.000154,0:00:00.003792,0:00:00.000253,0:00:00.000570,0:00:00.004988,0:00:00.001479,0:00:00.000021,0:00:00.000084,0:00:00.000123,0:00:00.004484,0:00:00.004830,0:00:00.004494,0:00:00.004672,0:00:00.005057,0:00:00.004478,0:00:00.004440,0:00:00.004364,0:00:00.004411,0:00:00.004651,0:00:00.004601,0:00:00.009157,0:00:00.004383,0:00:00.004469,0:00:00.004373,0:00:00.004440,0:00:00.004567,0:00:00.004339,0:00:00.004431,0:00:00.004373,0:00:00.004465,0:00:00.004343,0:00:00.004354,0:00:00.004386,0:00:00.004504,0:00:00.004399,0:00:00.004401,0:00:00.004388,0:00:00.004427,0:00:00.004346,0:00:00.004415,,0:00:00.193138
graph_name , nodes_count , edges_count, degree, degree cent., max neighbor degree, min neighbor degree, avg neighbor degree, std neighbor degree, eigenvector cent., closeness cent., harmonic cent., betweenness cent., coloring largest first, coloring smallest last, coloring independent set, coloring random sequential,coloring connected sequential dfs, coloring connected sequential bfs, edges within egonet, node clique number, number of cliques, clustering coef., square clustering coef., page rank, hubs value, triangles, core number, random,0,1,2,3,4,5,6,7,8,9,10,11,12,13,14,15,16,17,18,19,20,21,22,23,24,25,26,27,28,29,30, Total Time 
145,36,32,0:00:00.000003,0:00:00.000041,0:00:00.000084,0:00:00.000084,0:00:00.000084,0:00:00.000084,0:00:00.000518,0:00:00.000366,0:00:00.000511,0:00:00.001164,0:00:00.000082,0:00:00.000069,0:00:00.003968,0:00:00.000081,0:00:00.000359,0:00:00.000369,0:00:00.001815,0:00:00.000162,0:00:00.003686,0:00:00.000256,0:00:00.000482,0:00:00.005012,0:00:00.001554,0:00:00.000019,0:00:00.000084,0:00:00.000117,0:00:00.004395,0:00:00.004490,0:00:00.004450,0:00:00.004441,0:00:00.004865,0:00:00.004611,0:00:00.004274,0:00:00.004415,0:00:00.004272,0:00:00.004576,0:00:00.004517,0:00:00.007709,0:00:00.004362,0:00:00.004286,0:00:00.004248,0:00:00.004289,0:00:00.004369,0:00:00.004401,0:00:00.004380,0:00:00.004342,0:00:00.004404,0:00:00.004401,0:00:00.004478,0:00:00.004415,0:00:00.004472,0:00:00.004377,0:00:00.004377,0:00:00.004390,0:00:00.004183,0:00:00.004298,0:00:00.004409,,0:00:00.189187
graph_name , nodes_count , edges_count, degree, degree cent., max neighbor degree, min neighbor degree, avg neighbor degree, std neighbor degree, eigenvector cent., closeness cent., harmonic cent., betweenness cent., coloring largest first, coloring smallest last, coloring independent set, coloring random sequential,coloring connected sequential dfs, coloring connected sequential bfs, edges within egonet, node clique number, number of cliques, clustering coef., square clustering coef., page rank, hubs value, triangles, core number, random,0,1,2,3,4,5,6,7,8,9,10,11,12,13,14,15,16,17,18,19,20,21,22,23,24,25,26,27,28,29,30, Total Time 
146,37,33,0:00:00.000002,0:00:00.000042,0:00:00.000086,0:00:00.000086,0:00:00.000086,0:00:00.000086,0:00:00.000534,0:00:00.000408,0:00:00.000572,0:00:00.001349,0:00:00.000082,0:00:00.000070,0:00:00.004112,0:00:00.000082,0:00:00.000378,0:00:00.000514,0:00:00.001827,0:00:00.000158,0:00:00.003734,0:00:00.000251,0:00:00.000517,0:00:00.004815,0:00:00.001566,0:00:00.000020,0:00:00.000085,0:00:00.000126,0:00:00.004460,0:00:00.004523,0:00:00.004332,0:00:00.004405,0:00:00.005187,0:00:00.004320,0:00:00.004831,0:00:00.004382,0:00:00.004530,0:00:00.004563,0:00:00.004656,0:00:00.008115,0:00:00.004379,0:00:00.004333,0:00:00.004455,0:00:00.004409,0:00:00.004422,0:00:00.004293,0:00:00.004239,0:00:00.004184,0:00:00.004222,0:00:00.004279,0:00:00.004282,0:00:00.004307,0:00:00.004328,0:00:00.004168,0:00:00.004206,0:00:00.004200,0:00:00.004337,0:00:00.004494,0:00:00.004493,,0:00:00.190300
graph_name , nodes_count , edges_count, degree, degree cent., max neighbor degree, min neighbor degree, avg neighbor degree, std neighbor degree, eigenvector cent., closeness cent., harmonic cent., betweenness cent., coloring largest first, coloring smallest last, coloring independent set, coloring random sequential,coloring connected sequential dfs, coloring connected sequential bfs, edges within egonet, node clique number, number of cliques, clustering coef., square clustering coef., page rank, hubs value, triangles, core number, random,0,1,2,3,4,5,6,7,8,9,10,11,12,13,14,15,16,17,18,19,20,21,22,23,24,25,26,27,28,29,30, Total Time 
147,40,37,0:00:00.000003,0:00:00.000043,0:00:00.000095,0:00:00.000095,0:00:00.000095,0:00:00.000095,0:00:00.000592,0:00:00.000476,0:00:00.000689,0:00:00.001750,0:00:00.000091,0:00:00.000078,0:00:00.004945,0:00:00.000090,0:00:00.000410,0:00:00.000394,0:00:00.002346,0:00:00.000175,0:00:00.004678,0:00:00.000281,0:00:00.000759,0:00:00.005111,0:00:00.001590,0:00:00.000025,0:00:00.000098,0:00:00.000147,0:00:00.004411,0:00:00.004531,0:00:00.004420,0:00:00.004484,0:00:00.005326,0:00:00.004384,0:00:00.004282,0:00:00.004378,0:00:00.004512,0:00:00.004717,0:00:00.004707,0:00:00.015733,0:00:00.004396,0:00:00.004296,0:00:00.004411,0:00:00.004311,0:00:00.004438,0:00:00.004315,0:00:00.004441,0:00:00.004486,0:00:00.004404,0:00:00.004445,0:00:00.004407,0:00:00.004344,0:00:00.004442,0:00:00.004374,0:00:00.004489,0:00:00.004311,0:00:00.004344,0:00:00.004365,0:00:00.004319,,0:00:00.203848
graph_name , nodes_count , edges_count, degree, degree cent., max neighbor degree, min neighbor degree, avg neighbor degree, std neighbor degree, eigenvector cent., closeness cent., harmonic cent., betweenness cent., coloring largest first, coloring smallest last, coloring independent set, coloring random sequential,coloring connected sequential dfs, coloring connected sequential bfs, edges within egonet, node clique number, number of cliques, clustering coef., square clustering coef., page rank, hubs value, triangles, core number, random,0,1,2,3,4,5,6,7,8,9,10,11,12,13,14,15,16,17,18,19,20,21,22,23,24,25,26,27,28,29,30, Total Time 
148,34,33,0:00:00.000003,0:00:00.000039,0:00:00.000082,0:00:00.000082,0:00:00.000082,0:00:00.000082,0:00:00.000510,0:00:00.000382,0:00:00.000534,0:00:00.001263,0:00:00.000080,0:00:00.000068,0:00:00.003770,0:00:00.000077,0:00:00.000343,0:00:00.000318,0:00:00.001842,0:00:00.000157,0:00:00.003466,0:00:00.000243,0:00:00.000544,0:00:00.004872,0:00:00.001526,0:00:00.000021,0:00:00.000089,0:00:00.000117,0:00:00.004498,0:00:00.004524,0:00:00.004813,0:00:00.004465,0:00:00.005193,0:00:00.004532,0:00:00.004460,0:00:00.004380,0:00:00.004415,0:00:00.004510,0:00:00.004651,0:00:00.008146,0:00:00.004413,0:00:00.004497,0:00:00.004440,0:00:00.004386,0:00:00.004397,0:00:00.004266,0:00:00.004394,0:00:00.004254,0:00:00.004322,0:00:00.004268,0:00:00.004332,0:00:00.004327,0:00:00.004471,0:00:00.004372,0:00:00.004371,0:00:00.004164,0:00:00.004319,0:00:00.004208,0:00:00.004441,,0:00:00.190072
graph_name , nodes_count , edges_count, degree, degree cent., max neighbor degree, min neighbor degree, avg neighbor degree, std neighbor degree, eigenvector cent., closeness cent., harmonic cent., betweenness cent., coloring largest first, coloring smallest last, coloring independent set, coloring random sequential,coloring connected sequential dfs, coloring connected sequential bfs, edges within egonet, node clique number, number of cliques, clustering coef., square clustering coef., page rank, hubs value, triangles, core number, random,0,1,2,3,4,5,6,7,8,9,10,11,12,13,14,15,16,17,18,19,20,21,22,23,24,25,26,27,28,29,30, Total Time 
149,34,34,0:00:00.000002,0:00:00.000029,0:00:00.000080,0:00:00.000080,0:00:00.000080,0:00:00.000080,0:00:00.000517,0:00:00.000387,0:00:00.000533,0:00:00.001261,0:00:00.000076,0:00:00.000066,0:00:00.003634,0:00:00.000075,0:00:00.000337,0:00:00.000312,0:00:00.001977,0:00:00.000157,0:00:00.003480,0:00:00.000243,0:00:00.000548,0:00:00.004857,0:00:00.001473,0:00:00.000021,0:00:00.000088,0:00:00.000124,0:00:00.004444,0:00:00.004570,0:00:00.004488,0:00:00.004589,0:00:00.005066,0:00:00.004429,0:00:00.004553,0:00:00.004477,0:00:00.004371,0:00:00.004682,0:00:00.004753,0:00:00.008197,0:00:00.004329,0:00:00.004306,0:00:00.004325,0:00:00.004397,0:00:00.004442,0:00:00.004310,0:00:00.004231,0:00:00.004245,0:00:00.004319,0:00:00.004392,0:00:00.004314,0:00:00.004324,0:00:00.004391,0:00:00.004205,0:00:00.004313,0:00:00.004235,0:00:00.004327,0:00:00.004317,0:00:00.004423,,0:00:00.189518
graph_name , nodes_count , edges_count, degree, degree cent., max neighbor degree, min neighbor degree, avg neighbor degree, std neighbor degree, eigenvector cent., closeness cent., harmonic cent., betweenness cent., coloring largest first, coloring smallest last, coloring independent set, coloring random sequential,coloring connected sequential dfs, coloring connected sequential bfs, edges within egonet, node clique number, number of cliques, clustering coef., square clustering coef., page rank, hubs value, triangles, core number, random,0,1,2,3,4,5,6,7,8,9,10,11,12,13,14,15,16,17,18,19,20,21,22,23,24,25,26,27,28,29,30, Total Time 
150,38,39,0:00:00.000003,0:00:00.000042,0:00:00.000088,0:00:00.000088,0:00:00.000088,0:00:00.000088,0:00:00.000560,0:00:00.000476,0:00:00.000680,0:00:00.001663,0:00:00.000087,0:00:00.000074,0:00:00.004370,0:00:00.000086,0:00:00.000369,0:00:00.000507,0:00:00.002191,0:00:00.000171,0:00:00.004213,0:00:00.000273,0:00:00.000810,0:00:00.004898,0:00:00.001580,0:00:00.000025,0:00:00.000098,0:00:00.000143,0:00:00.004513,0:00:00.004666,0:00:00.004525,0:00:00.004678,0:00:00.005502,0:00:00.004628,0:00:00.004442,0:00:00.004507,0:00:00.004411,0:00:00.005007,0:00:00.005141,0:00:00.015670,0:00:00.004476,0:00:00.004430,0:00:00.004484,0:00:00.004428,0:00:00.004619,0:00:00.004433,0:00:00.004416,0:00:00.004544,0:00:00.004549,0:00:00.004315,0:00:00.004357,0:00:00.004386,0:00:00.004282,0:00:00.004380,0:00:00.004357,0:00:00.004379,0:00:00.004407,0:00:00.004336,0:00:00.004423,,0:00:00.204320
graph_name , nodes_count , edges_count, degree, degree cent., max neighbor degree, min neighbor degree, avg neighbor degree, std neighbor degree, eigenvector cent., closeness cent., harmonic cent., betweenness cent., coloring largest first, coloring smallest last, coloring independent set, coloring random sequential,coloring connected sequential dfs, coloring connected sequential bfs, edges within egonet, node clique number, number of cliques, clustering coef., square clustering coef., page rank, hubs value, triangles, core number, random,0,1,2,3,4,5,6,7,8,9,10,11,12,13,14,15,16,17,18,19,20,21,22,23,24,25,26,27,28,29,30, Total Time 
151,38,35,0:00:00.000002,0:00:00.000040,0:00:00.000088,0:00:00.000088,0:00:00.000088,0:00:00.000088,0:00:00.000554,0:00:00.000425,0:00:00.000596,0:00:00.001437,0:00:00.000087,0:00:00.000073,0:00:00.004411,0:00:00.000082,0:00:00.000381,0:00:00.000351,0:00:00.002372,0:00:00.000167,0:00:00.004111,0:00:00.000259,0:00:00.000608,0:00:00.004939,0:00:00.001585,0:00:00.000024,0:00:00.000089,0:00:00.000132,0:00:00.004476,0:00:00.004536,0:00:00.004566,0:00:00.004543,0:00:00.005232,0:00:00.004441,0:00:00.004587,0:00:00.004348,0:00:00.004425,0:00:00.004655,0:00:00.004719,0:00:00.009966,0:00:00.004458,0:00:00.004421,0:00:00.004347,0:00:00.004358,0:00:00.004373,0:00:00.004357,0:00:00.004400,0:00:00.004381,0:00:00.004498,0:00:00.004394,0:00:00.004444,0:00:00.004402,0:00:00.004314,0:00:00.004308,0:00:00.004499,0:00:00.004222,0:00:00.004368,0:00:00.004277,0:00:00.004319,,0:00:00.195299
graph_name , nodes_count , edges_count, degree, degree cent., max neighbor degree, min neighbor degree, avg neighbor degree, std neighbor degree, eigenvector cent., closeness cent., harmonic cent., betweenness cent., coloring largest first, coloring smallest last, coloring independent set, coloring random sequential,coloring connected sequential dfs, coloring connected sequential bfs, edges within egonet, node clique number, number of cliques, clustering coef., square clustering coef., page rank, hubs value, triangles, core number, random,0,1,2,3,4,5,6,7,8,9,10,11,12,13,14,15,16,17,18,19,20,21,22,23,24,25,26,27,28,29,30, Total Time 
152,39,38,0:00:00.000002,0:00:00.000043,0:00:00.000091,0:00:00.000091,0:00:00.000091,0:00:00.000091,0:00:00.000574,0:00:00.000509,0:00:00.000718,0:00:00.001777,0:00:00.000088,0:00:00.000074,0:00:00.004704,0:00:00.000086,0:00:00.000373,0:00:00.000358,0:00:00.002345,0:00:00.000173,0:00:00.004416,0:00:00.000279,0:00:00.000733,0:00:00.004881,0:00:00.001538,0:00:00.000024,0:00:00.000099,0:00:00.000152,0:00:00.004426,0:00:00.004604,0:00:00.004270,0:00:00.004698,0:00:00.005077,0:00:00.004706,0:00:00.004298,0:00:00.004370,0:00:00.004348,0:00:00.004759,0:00:00.004886,0:00:00.013063,0:00:00.004462,0:00:00.004405,0:00:00.004251,0:00:00.004343,0:00:00.004358,0:00:00.004285,0:00:00.004303,0:00:00.004314,0:00:00.004208,0:00:00.004352,0:00:00.004313,0:00:00.004326,0:00:00.004272,0:00:00.004319,0:00:00.004177,0:00:00.004255,0:00:00.004198,0:00:00.004281,0:00:00.004213,,0:00:00.198527
graph_name , nodes_count , edges_count, degree, degree cent., max neighbor degree, min neighbor degree, avg neighbor degree, std neighbor degree, eigenvector cent., closeness cent., harmonic cent., betweenness cent., coloring largest first, coloring smallest last, coloring independent set, coloring random sequential,coloring connected sequential dfs, coloring connected sequential bfs, edges within egonet, node clique number, number of cliques, clustering coef., square clustering coef., page rank, hubs value, triangles, core number, random,0,1,2,3,4,5,6,7,8,9,10,11,12,13,14,15,16,17,18,19,20,21,22,23,24,25,26,27,28,29,30, Total Time 
153,35,34,0:00:00.000002,0:00:00.000041,0:00:00.000083,0:00:00.000083,0:00:00.000083,0:00:00.000083,0:00:00.000525,0:00:00.000409,0:00:00.000570,0:00:00.001320,0:00:00.000082,0:00:00.000068,0:00:00.003746,0:00:00.000081,0:00:00.000352,0:00:00.000325,0:00:00.001913,0:00:00.000158,0:00:00.003488,0:00:00.000248,0:00:00.000538,0:00:00.004790,0:00:00.001733,0:00:00.000021,0:00:00.000089,0:00:00.000128,0:00:00.004287,0:00:00.004647,0:00:00.004430,0:00:00.004369,0:00:00.004945,0:00:00.004376,0:00:00.004465,0:00:00.004368,0:00:00.004467,0:00:00.004584,0:00:00.004720,0:00:00.008074,0:00:00.004433,0:00:00.004220,0:00:00.004362,0:00:00.004232,0:00:00.004376,0:00:00.004140,0:00:00.004258,0:00:00.004384,0:00:00.004332,0:00:00.004132,0:00:00.004482,0:00:00.004360,0:00:00.004385,0:00:00.004303,0:00:00.004450,0:00:00.004342,0:00:00.004329,0:00:00.004168,0:00:00.004313,,0:00:00.189242
graph_name , nodes_count , edges_count, degree, degree cent., max neighbor degree, min neighbor degree, avg neighbor degree, std neighbor degree, eigenvector cent., closeness cent., harmonic cent., betweenness cent., coloring largest first, coloring smallest last, coloring independent set, coloring random sequential,coloring connected sequential dfs, coloring connected sequential bfs, edges within egonet, node clique number, number of cliques, clustering coef., square clustering coef., page rank, hubs value, triangles, core number, random,0,1,2,3,4,5,6,7,8,9,10,11,12,13,14,15,16,17,18,19,20,21,22,23,24,25,26,27,28,29,30, Total Time 
154,35,31,0:00:00.000003,0:00:00.000030,0:00:00.000080,0:00:00.000080,0:00:00.000080,0:00:00.000080,0:00:00.000496,0:00:00.000389,0:00:00.000551,0:00:00.001307,0:00:00.000078,0:00:00.000067,0:00:00.003814,0:00:00.000076,0:00:00.000344,0:00:00.000329,0:00:00.001804,0:00:00.000157,0:00:00.003571,0:00:00.000241,0:00:00.000414,0:00:00.004814,0:00:00.001440,0:00:00.000022,0:00:00.000085,0:00:00.000123,0:00:00.004386,0:00:00.004424,0:00:00.004459,0:00:00.004609,0:00:00.004623,0:00:00.004659,0:00:00.004301,0:00:00.004542,0:00:00.004290,0:00:00.004451,0:00:00.004406,0:00:00.006132,0:00:00.004318,0:00:00.004281,0:00:00.004269,0:00:00.004204,0:00:00.004378,0:00:00.004250,0:00:00.004193,0:00:00.004215,0:00:00.004283,0:00:00.004324,0:00:00.004205,0:00:00.004285,0:00:00.004395,0:00:00.004189,0:00:00.004210,0:00:00.004097,0:00:00.004362,0:00:00.004276,0:00:00.004191,,0:00:00.185142
graph_name , nodes_count , edges_count, degree, degree cent., max neighbor degree, min neighbor degree, avg neighbor degree, std neighbor degree, eigenvector cent., closeness cent., harmonic cent., betweenness cent., coloring largest first, coloring smallest last, coloring independent set, coloring random sequential,coloring connected sequential dfs, coloring connected sequential bfs, edges within egonet, node clique number, number of cliques, clustering coef., square clustering coef., page rank, hubs value, triangles, core number, random,0,1,2,3,4,5,6,7,8,9,10,11,12,13,14,15,16,17,18,19,20,21,22,23,24,25,26,27,28,29,30, Total Time 
155,36,32,0:00:00.000003,0:00:00.000040,0:00:00.000085,0:00:00.000085,0:00:00.000085,0:00:00.000085,0:00:00.000530,0:00:00.000387,0:00:00.000535,0:00:00.001238,0:00:00.000081,0:00:00.000069,0:00:00.003988,0:00:00.000081,0:00:00.000388,0:00:00.000347,0:00:00.001921,0:00:00.000166,0:00:00.003866,0:00:00.000253,0:00:00.000490,0:00:00.004931,0:00:00.001533,0:00:00.000020,0:00:00.000085,0:00:00.000122,0:00:00.004548,0:00:00.004664,0:00:00.004460,0:00:00.004357,0:00:00.005025,0:00:00.004460,0:00:00.004274,0:00:00.004363,0:00:00.004282,0:00:00.004488,0:00:00.004559,0:00:00.007372,0:00:00.004142,0:00:00.004341,0:00:00.004244,0:00:00.004363,0:00:00.004300,0:00:00.004406,0:00:00.004214,0:00:00.004329,0:00:00.004258,0:00:00.004302,0:00:00.004247,0:00:00.004256,0:00:00.004297,0:00:00.004209,0:00:00.004252,0:00:00.004079,0:00:00.004268,0:00:00.004164,0:00:00.004158,,0:00:00.187774
graph_name , nodes_count , edges_count, degree, degree cent., max neighbor degree, min neighbor degree, avg neighbor degree, std neighbor degree, eigenvector cent., closeness cent., harmonic cent., betweenness cent., coloring largest first, coloring smallest last, coloring independent set, coloring random sequential,coloring connected sequential dfs, coloring connected sequential bfs, edges within egonet, node clique number, number of cliques, clustering coef., square clustering coef., page rank, hubs value, triangles, core number, random,0,1,2,3,4,5,6,7,8,9,10,11,12,13,14,15,16,17,18,19,20,21,22,23,24,25,26,27,28,29,30, Total Time 
156,35,32,0:00:00.000002,0:00:00.000039,0:00:00.000082,0:00:00.000082,0:00:00.000082,0:00:00.000082,0:00:00.000515,0:00:00.000397,0:00:00.000563,0:00:00.001304,0:00:00.000081,0:00:00.000069,0:00:00.003910,0:00:00.000079,0:00:00.000340,0:00:00.000344,0:00:00.001903,0:00:00.000154,0:00:00.003426,0:00:00.000257,0:00:00.000495,0:00:00.004887,0:00:00.001543,0:00:00.000022,0:00:00.000089,0:00:00.000131,0:00:00.004340,0:00:00.005124,0:00:00.004389,0:00:00.004360,0:00:00.004987,0:00:00.004437,0:00:00.004417,0:00:00.004253,0:00:00.004456,0:00:00.004467,0:00:00.004668,0:00:00.007423,0:00:00.004418,0:00:00.004281,0:00:00.004457,0:00:00.004397,0:00:00.004342,0:00:00.004357,0:00:00.004368,0:00:00.004245,0:00:00.004451,0:00:00.004192,0:00:00.004290,0:00:00.004347,0:00:00.004253,0:00:00.004115,0:00:00.004150,0:00:00.003987,0:00:00.004260,0:00:00.004150,0:00:00.004255,,0:00:00.187922
graph_name , nodes_count , edges_count, degree, degree cent., max neighbor degree, min neighbor degree, avg neighbor degree, std neighbor degree, eigenvector cent., closeness cent., harmonic cent., betweenness cent., coloring largest first, coloring smallest last, coloring independent set, coloring random sequential,coloring connected sequential dfs, coloring connected sequential bfs, edges within egonet, node clique number, number of cliques, clustering coef., square clustering coef., page rank, hubs value, triangles, core number, random,0,1,2,3,4,5,6,7,8,9,10,11,12,13,14,15,16,17,18,19,20,21,22,23,24,25,26,27,28,29,30, Total Time 
157,37,36,0:00:00.000003,0:00:00.000041,0:00:00.000088,0:00:00.000088,0:00:00.000088,0:00:00.000088,0:00:00.000550,0:00:00.000467,0:00:00.000685,0:00:00.001621,0:00:00.000086,0:00:00.000075,0:00:00.004394,0:00:00.000084,0:00:00.000374,0:00:00.000348,0:00:00.002423,0:00:00.000169,0:00:00.004081,0:00:00.000263,0:00:00.000789,0:00:00.004993,0:00:00.001559,0:00:00.000026,0:00:00.000098,0:00:00.000145,0:00:00.004254,0:00:00.004722,0:00:00.004239,0:00:00.004415,0:00:00.005135,0:00:00.004449,0:00:00.004306,0:00:00.004555,0:00:00.004278,0:00:00.004572,0:00:00.004597,0:00:00.012534,0:00:00.004464,0:00:00.004435,0:00:00.004372,0:00:00.004406,0:00:00.004433,0:00:00.004357,0:00:00.004210,0:00:00.004147,0:00:00.004256,0:00:00.004294,0:00:00.004416,0:00:00.004386,0:00:00.004306,0:00:00.004213,0:00:00.004286,0:00:00.004507,0:00:00.004292,0:00:00.004389,0:00:00.004449,,0:00:00.197529
graph_name , nodes_count , edges_count, degree, degree cent., max neighbor degree, min neighbor degree, avg neighbor degree, std neighbor degree, eigenvector cent., closeness cent., harmonic cent., betweenness cent., coloring largest first, coloring smallest last, coloring independent set, coloring random sequential,coloring connected sequential dfs, coloring connected sequential bfs, edges within egonet, node clique number, number of cliques, clustering coef., square clustering coef., page rank, hubs value, triangles, core number, random,0,1,2,3,4,5,6,7,8,9,10,11,12,13,14,15,16,17,18,19,20,21,22,23,24,25,26,27,28,29,30, Total Time 
158,40,38,0:00:00.000003,0:00:00.000030,0:00:00.000168,0:00:00.000168,0:00:00.000168,0:00:00.000168,0:00:00.000577,0:00:00.000513,0:00:00.000742,0:00:00.001850,0:00:00.000090,0:00:00.000079,0:00:00.004880,0:00:00.000087,0:00:00.000371,0:00:00.000353,0:00:00.002406,0:00:00.000168,0:00:00.004519,0:00:00.000277,0:00:00.000764,0:00:00.004850,0:00:00.001466,0:00:00.000028,0:00:00.000098,0:00:00.000155,0:00:00.004445,0:00:00.004578,0:00:00.004367,0:00:00.004587,0:00:00.005626,0:00:00.004349,0:00:00.004705,0:00:00.004380,0:00:00.004407,0:00:00.004668,0:00:00.004803,0:00:00.015546,0:00:00.004379,0:00:00.004371,0:00:00.004375,0:00:00.004493,0:00:00.004545,0:00:00.004260,0:00:00.004307,0:00:00.004426,0:00:00.004358,0:00:00.004478,0:00:00.004308,0:00:00.004313,0:00:00.004195,0:00:00.004376,0:00:00.004250,0:00:00.004164,0:00:00.004300,0:00:00.004275,0:00:00.004268,,0:00:00.202730
graph_name , nodes_count , edges_count, degree, degree cent., max neighbor degree, min neighbor degree, avg neighbor degree, std neighbor degree, eigenvector cent., closeness cent., harmonic cent., betweenness cent., coloring largest first, coloring smallest last, coloring independent set, coloring random sequential,coloring connected sequential dfs, coloring connected sequential bfs, edges within egonet, node clique number, number of cliques, clustering coef., square clustering coef., page rank, hubs value, triangles, core number, random,0,1,2,3,4,5,6,7,8,9,10,11,12,13,14,15,16,17,18,19,20,21,22,23,24,25,26,27,28,29,30, Total Time 
159,35,32,0:00:00.000002,0:00:00.000028,0:00:00.000081,0:00:00.000081,0:00:00.000081,0:00:00.000081,0:00:00.000499,0:00:00.000397,0:00:00.000613,0:00:00.001300,0:00:00.000077,0:00:00.000066,0:00:00.003574,0:00:00.000076,0:00:00.000336,0:00:00.000312,0:00:00.001843,0:00:00.000152,0:00:00.003570,0:00:00.000235,0:00:00.000472,0:00:00.004964,0:00:00.001843,0:00:00.000022,0:00:00.000086,0:00:00.000124,0:00:00.004398,0:00:00.004399,0:00:00.004618,0:00:00.004333,0:00:00.004876,0:00:00.004420,0:00:00.004409,0:00:00.004436,0:00:00.004548,0:00:00.004600,0:00:00.004530,0:00:00.007777,0:00:00.004581,0:00:00.004489,0:00:00.004391,0:00:00.004501,0:00:00.004382,0:00:00.004470,0:00:00.004258,0:00:00.004450,0:00:00.004390,0:00:00.004431,0:00:00.004349,0:00:00.004266,0:00:00.004342,0:00:00.004174,0:00:00.004281,0:00:00.004297,0:00:00.004365,0:00:00.004240,0:00:00.004264,,0:00:00.189425
graph_name , nodes_count , edges_count, degree, degree cent., max neighbor degree, min neighbor degree, avg neighbor degree, std neighbor degree, eigenvector cent., closeness cent., harmonic cent., betweenness cent., coloring largest first, coloring smallest last, coloring independent set, coloring random sequential,coloring connected sequential dfs, coloring connected sequential bfs, edges within egonet, node clique number, number of cliques, clustering coef., square clustering coef., page rank, hubs value, triangles, core number, random,0,1,2,3,4,5,6,7,8,9,10,11,12,13,14,15,16,17,18,19,20,21,22,23,24,25,26,27,28,29,30, Total Time 
160,35,31,0:00:00.000003,0:00:00.000039,0:00:00.000082,0:00:00.000082,0:00:00.000082,0:00:00.000082,0:00:00.000706,0:00:00.000390,0:00:00.000552,0:00:00.001294,0:00:00.000081,0:00:00.000065,0:00:00.003786,0:00:00.000078,0:00:00.000337,0:00:00.000317,0:00:00.001834,0:00:00.000158,0:00:00.003550,0:00:00.000236,0:00:00.000477,0:00:00.004842,0:00:00.001534,0:00:00.000022,0:00:00.000089,0:00:00.000127,0:00:00.004590,0:00:00.004320,0:00:00.004157,0:00:00.004448,0:00:00.004031,0:00:00.004254,0:00:00.004175,0:00:00.004173,0:00:00.004155,0:00:00.004234,0:00:00.004332,0:00:00.007378,0:00:00.003641,0:00:00.004178,0:00:00.004175,0:00:00.004179,0:00:00.004188,0:00:00.004096,0:00:00.004128,0:00:00.004142,0:00:00.004176,0:00:00.004266,0:00:00.004211,0:00:00.004164,0:00:00.004241,0:00:00.004185,0:00:00.004116,0:00:00.004096,0:00:00.004154,0:00:00.004201,0:00:00.004559,,0:00:00.182644
graph_name , nodes_count , edges_count, degree, degree cent., max neighbor degree, min neighbor degree, avg neighbor degree, std neighbor degree, eigenvector cent., closeness cent., harmonic cent., betweenness cent., coloring largest first, coloring smallest last, coloring independent set, coloring random sequential,coloring connected sequential dfs, coloring connected sequential bfs, edges within egonet, node clique number, number of cliques, clustering coef., square clustering coef., page rank, hubs value, triangles, core number, random,0,1,2,3,4,5,6,7,8,9,10,11,12,13,14,15,16,17,18,19,20,21,22,23,24,25,26,27,28,29,30, Total Time 
161,37,37,0:00:00.000002,0:00:00.000034,0:00:00.000068,0:00:00.000068,0:00:00.000068,0:00:00.000068,0:00:00.000426,0:00:00.000413,0:00:00.000499,0:00:00.001232,0:00:00.000067,0:00:00.000057,0:00:00.003294,0:00:00.000067,0:00:00.000292,0:00:00.000273,0:00:00.001812,0:00:00.000128,0:00:00.003059,0:00:00.000210,0:00:00.000572,0:00:00.003933,0:00:00.001227,0:00:00.000021,0:00:00.000074,0:00:00.000110,0:00:00.004241,0:00:00.004436,0:00:00.004239,0:00:00.004670,0:00:00.005152,0:00:00.004670,0:00:00.004228,0:00:00.004614,0:00:00.004184,0:00:00.005013,0:00:00.004782,0:00:00.013225,0:00:00.004279,0:00:00.004305,0:00:00.004330,0:00:00.004122,0:00:00.004410,0:00:00.004395,0:00:00.004161,0:00:00.004187,0:00:00.004208,0:00:00.004209,0:00:00.004233,0:00:00.004333,0:00:00.004237,0:00:00.004323,0:00:00.004228,0:00:00.004259,0:00:00.004224,0:00:00.004216,0:00:00.004168,,0:00:00.185483
graph_name , nodes_count , edges_count, degree, degree cent., max neighbor degree, min neighbor degree, avg neighbor degree, std neighbor degree, eigenvector cent., closeness cent., harmonic cent., betweenness cent., coloring largest first, coloring smallest last, coloring independent set, coloring random sequential,coloring connected sequential dfs, coloring connected sequential bfs, edges within egonet, node clique number, number of cliques, clustering coef., square clustering coef., page rank, hubs value, triangles, core number, random,0,1,2,3,4,5,6,7,8,9,10,11,12,13,14,15,16,17,18,19,20,21,22,23,24,25,26,27,28,29,30, Total Time 
162,40,40,0:00:00.000002,0:00:00.000043,0:00:00.000091,0:00:00.000091,0:00:00.000091,0:00:00.000091,0:00:00.000644,0:00:00.000475,0:00:00.000710,0:00:00.001683,0:00:00.000090,0:00:00.000079,0:00:00.004924,0:00:00.000089,0:00:00.000401,0:00:00.000399,0:00:00.002290,0:00:00.000174,0:00:00.004466,0:00:00.000287,0:00:00.000902,0:00:00.004844,0:00:00.001588,0:00:00.000025,0:00:00.000096,0:00:00.000141,0:00:00.004412,0:00:00.004420,0:00:00.004633,0:00:00.004420,0:00:00.005782,0:00:00.004347,0:00:00.004382,0:00:00.004200,0:00:00.004262,0:00:00.004727,0:00:00.005039,0:00:00.022002,0:00:00.004376,0:00:00.004366,0:00:00.004239,0:00:00.004355,0:00:00.004311,0:00:00.004163,0:00:00.004230,0:00:00.004295,0:00:00.004304,0:00:00.004211,0:00:00.004412,0:00:00.004353,0:00:00.004275,0:00:00.004345,0:00:00.004312,0:00:00.004133,0:00:00.004272,0:00:00.004258,0:00:00.004418,,0:00:00.207480
graph_name , nodes_count , edges_count, degree, degree cent., max neighbor degree, min neighbor degree, avg neighbor degree, std neighbor degree, eigenvector cent., closeness cent., harmonic cent., betweenness cent., coloring largest first, coloring smallest last, coloring independent set, coloring random sequential,coloring connected sequential dfs, coloring connected sequential bfs, edges within egonet, node clique number, number of cliques, clustering coef., square clustering coef., page rank, hubs value, triangles, core number, random,0,1,2,3,4,5,6,7,8,9,10,11,12,13,14,15,16,17,18,19,20,21,22,23,24,25,26,27,28,29,30, Total Time 
163,36,35,0:00:00.000002,0:00:00.000033,0:00:00.000066,0:00:00.000066,0:00:00.000066,0:00:00.000066,0:00:00.000417,0:00:00.000331,0:00:00.000468,0:00:00.001132,0:00:00.000065,0:00:00.000054,0:00:00.003074,0:00:00.000062,0:00:00.000282,0:00:00.000377,0:00:00.001562,0:00:00.000125,0:00:00.002876,0:00:00.000200,0:00:00.000459,0:00:00.003941,0:00:00.001226,0:00:00.000012,0:00:00.000072,0:00:00.000100,0:00:00.004402,0:00:00.004400,0:00:00.004148,0:00:00.004407,0:00:00.004849,0:00:00.004292,0:00:00.004083,0:00:00.004098,0:00:00.004092,0:00:00.004488,0:00:00.004496,0:00:00.009136,0:00:00.004289,0:00:00.004293,0:00:00.004183,0:00:00.004281,0:00:00.004270,0:00:00.004161,0:00:00.004147,0:00:00.004150,0:00:00.004201,0:00:00.004234,0:00:00.004210,0:00:00.004167,0:00:00.004217,0:00:00.004182,0:00:00.004173,0:00:00.004148,0:00:00.004176,0:00:00.004279,0:00:00.004289,,0:00:00.176752
graph_name , nodes_count , edges_count, degree, degree cent., max neighbor degree, min neighbor degree, avg neighbor degree, std neighbor degree, eigenvector cent., closeness cent., harmonic cent., betweenness cent., coloring largest first, coloring smallest last, coloring independent set, coloring random sequential,coloring connected sequential dfs, coloring connected sequential bfs, edges within egonet, node clique number, number of cliques, clustering coef., square clustering coef., page rank, hubs value, triangles, core number, random,0,1,2,3,4,5,6,7,8,9,10,11,12,13,14,15,16,17,18,19,20,21,22,23,24,25,26,27,28,29,30, Total Time 
164,38,38,0:00:00.000002,0:00:00.000041,0:00:00.000090,0:00:00.000090,0:00:00.000090,0:00:00.000090,0:00:00.000560,0:00:00.000433,0:00:00.000597,0:00:00.001563,0:00:00.000086,0:00:00.000073,0:00:00.004448,0:00:00.000082,0:00:00.000388,0:00:00.000365,0:00:00.002202,0:00:00.000164,0:00:00.004090,0:00:00.000271,0:00:00.000796,0:00:00.004926,0:00:00.001620,0:00:00.000022,0:00:00.000091,0:00:00.000134,0:00:00.004368,0:00:00.004364,0:00:00.004363,0:00:00.004464,0:00:00.005485,0:00:00.004436,0:00:00.004260,0:00:00.003728,0:00:00.004182,0:00:00.004624,0:00:00.004801,0:00:00.017510,0:00:00.004317,0:00:00.004336,0:00:00.004241,0:00:00.004232,0:00:00.004568,0:00:00.004143,0:00:00.004296,0:00:00.004261,0:00:00.004611,0:00:00.004211,0:00:00.004433,0:00:00.004191,0:00:00.004439,0:00:00.004234,0:00:00.004352,0:00:00.004142,0:00:00.004245,0:00:00.004161,0:00:00.004457,,0:00:00.200357
graph_name , nodes_count , edges_count, degree, degree cent., max neighbor degree, min neighbor degree, avg neighbor degree, std neighbor degree, eigenvector cent., closeness cent., harmonic cent., betweenness cent., coloring largest first, coloring smallest last, coloring independent set, coloring random sequential,coloring connected sequential dfs, coloring connected sequential bfs, edges within egonet, node clique number, number of cliques, clustering coef., square clustering coef., page rank, hubs value, triangles, core number, random,0,1,2,3,4,5,6,7,8,9,10,11,12,13,14,15,16,17,18,19,20,21,22,23,24,25,26,27,28,29,30, Total Time 
165,39,37,0:00:00.000002,0:00:00.000039,0:00:00.000088,0:00:00.000088,0:00:00.000088,0:00:00.000088,0:00:00.000560,0:00:00.000435,0:00:00.000631,0:00:00.001565,0:00:00.000085,0:00:00.000073,0:00:00.004599,0:00:00.000084,0:00:00.000378,0:00:00.000363,0:00:00.001986,0:00:00.000165,0:00:00.004231,0:00:00.000260,0:00:00.000691,0:00:00.004668,0:00:00.001570,0:00:00.000023,0:00:00.000090,0:00:00.000134,0:00:00.004390,0:00:00.004586,0:00:00.004254,0:00:00.004430,0:00:00.005194,0:00:00.004299,0:00:00.004230,0:00:00.004310,0:00:00.004223,0:00:00.004531,0:00:00.004616,0:00:00.013028,0:00:00.004287,0:00:00.004469,0:00:00.004267,0:00:00.004398,0:00:00.004253,0:00:00.004325,0:00:00.004190,0:00:00.004378,0:00:00.004216,0:00:00.004270,0:00:00.004228,0:00:00.004231,0:00:00.004288,0:00:00.004164,0:00:00.004147,0:00:00.004406,0:00:00.004067,0:00:00.004281,0:00:00.004269,,0:00:00.193883
graph_name , nodes_count , edges_count, degree, degree cent., max neighbor degree, min neighbor degree, avg neighbor degree, std neighbor degree, eigenvector cent., closeness cent., harmonic cent., betweenness cent., coloring largest first, coloring smallest last, coloring independent set, coloring random sequential,coloring connected sequential dfs, coloring connected sequential bfs, edges within egonet, node clique number, number of cliques, clustering coef., square clustering coef., page rank, hubs value, triangles, core number, random,0,1,2,3,4,5,6,7,8,9,10,11,12,13,14,15,16,17,18,19,20,21,22,23,24,25,26,27,28,29,30, Total Time 
166,34,33,0:00:00.000002,0:00:00.000026,0:00:00.000076,0:00:00.000076,0:00:00.000076,0:00:00.000076,0:00:00.000481,0:00:00.000360,0:00:00.000552,0:00:00.001188,0:00:00.000075,0:00:00.000064,0:00:00.003412,0:00:00.000072,0:00:00.000324,0:00:00.000304,0:00:00.001856,0:00:00.000145,0:00:00.003174,0:00:00.000235,0:00:00.000513,0:00:00.004776,0:00:00.001389,0:00:00.000029,0:00:00.000084,0:00:00.000116,0:00:00.004459,0:00:00.004364,0:00:00.004334,0:00:00.004298,0:00:00.004883,0:00:00.004376,0:00:00.004357,0:00:00.004283,0:00:00.004245,0:00:00.004305,0:00:00.004598,0:00:00.008028,0:00:00.004390,0:00:00.004204,0:00:00.004300,0:00:00.004384,0:00:00.004474,0:00:00.004444,0:00:00.004344,0:00:00.004394,0:00:00.004402,0:00:00.004319,0:00:00.004322,0:00:00.004439,0:00:00.004227,0:00:00.004450,0:00:00.004356,0:00:00.004216,0:00:00.004330,0:00:00.004239,0:00:00.004146,,0:00:00.185693
graph_name , nodes_count , edges_count, degree, degree cent., max neighbor degree, min neighbor degree, avg neighbor degree, std neighbor degree, eigenvector cent., closeness cent., harmonic cent., betweenness cent., coloring largest first, coloring smallest last, coloring independent set, coloring random sequential,coloring connected sequential dfs, coloring connected sequential bfs, edges within egonet, node clique number, number of cliques, clustering coef., square clustering coef., page rank, hubs value, triangles, core number, random,0,1,2,3,4,5,6,7,8,9,10,11,12,13,14,15,16,17,18,19,20,21,22,23,24,25,26,27,28,29,30, Total Time 
167,35,32,0:00:00.000003,0:00:00.000040,0:00:00.000090,0:00:00.000090,0:00:00.000090,0:00:00.000090,0:00:00.000526,0:00:00.000359,0:00:00.000497,0:00:00.001176,0:00:00.000080,0:00:00.000068,0:00:00.004092,0:00:00.000078,0:00:00.000374,0:00:00.000342,0:00:00.001698,0:00:00.000162,0:00:00.003597,0:00:00.000248,0:00:00.000523,0:00:00.004832,0:00:00.001551,0:00:00.000018,0:00:00.000082,0:00:00.000118,0:00:00.004503,0:00:00.004277,0:00:00.004549,0:00:00.004215,0:00:00.004961,0:00:00.004418,0:00:00.004436,0:00:00.004203,0:00:00.004393,0:00:00.004409,0:00:00.004577,0:00:00.007128,0:00:00.004430,0:00:00.004327,0:00:00.004510,0:00:00.004301,0:00:00.004420,0:00:00.004257,0:00:00.004371,0:00:00.004327,0:00:00.004409,0:00:00.004349,0:00:00.004465,0:00:00.004293,0:00:00.004394,0:00:00.004139,0:00:00.004186,0:00:00.004174,0:00:00.004330,0:00:00.004142,0:00:00.004310,,0:00:00.187153
graph_name , nodes_count , edges_count, degree, degree cent., max neighbor degree, min neighbor degree, avg neighbor degree, std neighbor degree, eigenvector cent., closeness cent., harmonic cent., betweenness cent., coloring largest first, coloring smallest last, coloring independent set, coloring random sequential,coloring connected sequential dfs, coloring connected sequential bfs, edges within egonet, node clique number, number of cliques, clustering coef., square clustering coef., page rank, hubs value, triangles, core number, random,0,1,2,3,4,5,6,7,8,9,10,11,12,13,14,15,16,17,18,19,20,21,22,23,24,25,26,27,28,29,30, Total Time 
168,36,34,0:00:00.000002,0:00:00.000038,0:00:00.000084,0:00:00.000084,0:00:00.000084,0:00:00.000084,0:00:00.000516,0:00:00.000414,0:00:00.000573,0:00:00.001366,0:00:00.000080,0:00:00.000068,0:00:00.004061,0:00:00.000079,0:00:00.000342,0:00:00.000318,0:00:00.001987,0:00:00.000149,0:00:00.003570,0:00:00.000248,0:00:00.000633,0:00:00.004600,0:00:00.001488,0:00:00.000024,0:00:00.000086,0:00:00.000122,0:00:00.004291,0:00:00.005401,0:00:00.004329,0:00:00.004706,0:00:00.004992,0:00:00.004365,0:00:00.004358,0:00:00.004455,0:00:00.004210,0:00:00.004660,0:00:00.004595,0:00:00.011808,0:00:00.004326,0:00:00.004380,0:00:00.004376,0:00:00.004468,0:00:00.004365,0:00:00.004496,0:00:00.004161,0:00:00.004324,0:00:00.004288,0:00:00.004297,0:00:00.004212,0:00:00.004312,0:00:00.004261,0:00:00.004416,0:00:00.004273,0:00:00.004235,0:00:00.004212,0:00:00.004100,0:00:00.004208,,0:00:00.192461
graph_name , nodes_count , edges_count, degree, degree cent., max neighbor degree, min neighbor degree, avg neighbor degree, std neighbor degree, eigenvector cent., closeness cent., harmonic cent., betweenness cent., coloring largest first, coloring smallest last, coloring independent set, coloring random sequential,coloring connected sequential dfs, coloring connected sequential bfs, edges within egonet, node clique number, number of cliques, clustering coef., square clustering coef., page rank, hubs value, triangles, core number, random,0,1,2,3,4,5,6,7,8,9,10,11,12,13,14,15,16,17,18,19,20,21,22,23,24,25,26,27,28,29,30, Total Time 
169,37,34,0:00:00.000002,0:00:00.000038,0:00:00.000085,0:00:00.000085,0:00:00.000085,0:00:00.000085,0:00:00.000491,0:00:00.000436,0:00:00.000626,0:00:00.001515,0:00:00.000084,0:00:00.000070,0:00:00.004189,0:00:00.000083,0:00:00.000517,0:00:00.000340,0:00:00.002035,0:00:00.000164,0:00:00.004007,0:00:00.000255,0:00:00.000606,0:00:00.004914,0:00:00.001630,0:00:00.000023,0:00:00.000090,0:00:00.000137,0:00:00.004551,0:00:00.004598,0:00:00.004391,0:00:00.004418,0:00:00.005073,0:00:00.004272,0:00:00.004243,0:00:00.004229,0:00:00.004322,0:00:00.004421,0:00:00.004728,0:00:00.009817,0:00:00.004385,0:00:00.004271,0:00:00.004287,0:00:00.004283,0:00:00.004462,0:00:00.004087,0:00:00.004345,0:00:00.004183,0:00:00.004343,0:00:00.004179,0:00:00.004361,0:00:00.004249,0:00:00.004400,0:00:00.004490,0:00:00.004339,0:00:00.004142,0:00:00.004236,0:00:00.004134,0:00:00.004238,,0:00:00.191990
graph_name , nodes_count , edges_count, degree, degree cent., max neighbor degree, min neighbor degree, avg neighbor degree, std neighbor degree, eigenvector cent., closeness cent., harmonic cent., betweenness cent., coloring largest first, coloring smallest last, coloring independent set, coloring random sequential,coloring connected sequential dfs, coloring connected sequential bfs, edges within egonet, node clique number, number of cliques, clustering coef., square clustering coef., page rank, hubs value, triangles, core number, random,0,1,2,3,4,5,6,7,8,9,10,11,12,13,14,15,16,17,18,19,20,21,22,23,24,25,26,27,28,29,30, Total Time 
170,35,34,0:00:00.000003,0:00:00.000037,0:00:00.000081,0:00:00.000081,0:00:00.000081,0:00:00.000081,0:00:00.000504,0:00:00.000410,0:00:00.000565,0:00:00.001368,0:00:00.000080,0:00:00.000067,0:00:00.003984,0:00:00.000078,0:00:00.000353,0:00:00.000322,0:00:00.001977,0:00:00.000163,0:00:00.003644,0:00:00.000246,0:00:00.000570,0:00:00.004751,0:00:00.001487,0:00:00.000022,0:00:00.000085,0:00:00.000123,0:00:00.004223,0:00:00.004605,0:00:00.004197,0:00:00.004406,0:00:00.004889,0:00:00.004458,0:00:00.004383,0:00:00.004405,0:00:00.004183,0:00:00.004483,0:00:00.004698,0:00:00.008695,0:00:00.004253,0:00:00.004415,0:00:00.004270,0:00:00.004337,0:00:00.004340,0:00:00.004385,0:00:00.004276,0:00:00.004264,0:00:00.004260,0:00:00.004406,0:00:00.004274,0:00:00.004353,0:00:00.004295,0:00:00.004385,0:00:00.004320,0:00:00.004375,0:00:00.004310,0:00:00.004212,0:00:00.004310,,0:00:00.188211
graph_name , nodes_count , edges_count, degree, degree cent., max neighbor degree, min neighbor degree, avg neighbor degree, std neighbor degree, eigenvector cent., closeness cent., harmonic cent., betweenness cent., coloring largest first, coloring smallest last, coloring independent set, coloring random sequential,coloring connected sequential dfs, coloring connected sequential bfs, edges within egonet, node clique number, number of cliques, clustering coef., square clustering coef., page rank, hubs value, triangles, core number, random,0,1,2,3,4,5,6,7,8,9,10,11,12,13,14,15,16,17,18,19,20,21,22,23,24,25,26,27,28,29,30, Total Time 
171,37,33,0:00:00.000002,0:00:00.000032,0:00:00.000066,0:00:00.000066,0:00:00.000066,0:00:00.000066,0:00:00.000412,0:00:00.000331,0:00:00.000434,0:00:00.001006,0:00:00.000064,0:00:00.000054,0:00:00.003115,0:00:00.000063,0:00:00.000404,0:00:00.000266,0:00:00.001398,0:00:00.000125,0:00:00.003004,0:00:00.000192,0:00:00.000393,0:00:00.003672,0:00:00.001171,0:00:00.000019,0:00:00.000066,0:00:00.000091,0:00:00.004404,0:00:00.003347,0:00:00.003683,0:00:00.003544,0:00:00.003801,0:00:00.003240,0:00:00.003316,0:00:00.002937,0:00:00.003284,0:00:00.003492,0:00:00.003449,0:00:00.006300,0:00:00.002569,0:00:00.003057,0:00:00.003543,0:00:00.003319,0:00:00.003487,0:00:00.003158,0:00:00.003294,0:00:00.003377,0:00:00.002516,0:00:00.002913,0:00:00.003333,0:00:00.003134,0:00:00.003398,0:00:00.003426,0:00:00.003365,0:00:00.003208,0:00:00.002487,0:00:00.003342,0:00:00.003614,,0:00:00.143198
graph_name , nodes_count , edges_count, degree, degree cent., max neighbor degree, min neighbor degree, avg neighbor degree, std neighbor degree, eigenvector cent., closeness cent., harmonic cent., betweenness cent., coloring largest first, coloring smallest last, coloring independent set, coloring random sequential,coloring connected sequential dfs, coloring connected sequential bfs, edges within egonet, node clique number, number of cliques, clustering coef., square clustering coef., page rank, hubs value, triangles, core number, random,0,1,2,3,4,5,6,7,8,9,10,11,12,13,14,15,16,17,18,19,20,21,22,23,24,25,26,27,28,29,30, Total Time 
172,33,29,0:00:00.000001,0:00:00.000027,0:00:00.000038,0:00:00.000038,0:00:00.000038,0:00:00.000038,0:00:00.000441,0:00:00.000211,0:00:00.000232,0:00:00.000524,0:00:00.000037,0:00:00.000029,0:00:00.001670,0:00:00.000037,0:00:00.000162,0:00:00.000150,0:00:00.000834,0:00:00.000079,0:00:00.001455,0:00:00.000107,0:00:00.000175,0:00:00.002321,0:00:00.000742,0:00:00.000010,0:00:00.000041,0:00:00.000057,0:00:00.003453,0:00:00.003619,0:00:00.003083,0:00:00.003493,0:00:00.003239,0:00:00.003467,0:00:00.003451,0:00:00.003432,0:00:00.003132,0:00:00.003414,0:00:00.003227,0:00:00.004844,0:00:00.003193,0:00:00.003487,0:00:00.003456,0:00:00.003443,0:00:00.002973,0:00:00.002635,0:00:00.003011,0:00:00.003517,0:00:00.003146,0:00:00.003451,0:00:00.003148,0:00:00.003423,0:00:00.003373,0:00:00.002547,0:00:00.003353,0:00:00.003483,0:00:00.003127,0:00:00.003432,0:00:00.003157,,0:00:00.126061
graph_name , nodes_count , edges_count, degree, degree cent., max neighbor degree, min neighbor degree, avg neighbor degree, std neighbor degree, eigenvector cent., closeness cent., harmonic cent., betweenness cent., coloring largest first, coloring smallest last, coloring independent set, coloring random sequential,coloring connected sequential dfs, coloring connected sequential bfs, edges within egonet, node clique number, number of cliques, clustering coef., square clustering coef., page rank, hubs value, triangles, core number, random,0,1,2,3,4,5,6,7,8,9,10,11,12,13,14,15,16,17,18,19,20,21,22,23,24,25,26,27,28,29,30, Total Time 
173,37,34,0:00:00.000002,0:00:00.000033,0:00:00.000066,0:00:00.000066,0:00:00.000066,0:00:00.000066,0:00:00.000539,0:00:00.000340,0:00:00.000496,0:00:00.001133,0:00:00.000066,0:00:00.000054,0:00:00.003131,0:00:00.000063,0:00:00.000272,0:00:00.000249,0:00:00.001523,0:00:00.000122,0:00:00.002901,0:00:00.000199,0:00:00.000434,0:00:00.003637,0:00:00.001184,0:00:00.000018,0:00:00.000068,0:00:00.000103,0:00:00.003492,0:00:00.003261,0:00:00.003416,0:00:00.003534,0:00:00.003888,0:00:00.003093,0:00:00.003442,0:00:00.003077,0:00:00.003518,0:00:00.003478,0:00:00.003545,0:00:00.007025,0:00:00.003399,0:00:00.003108,0:00:00.003442,0:00:00.003116,0:00:00.003458,0:00:00.002837,0:00:00.003440,0:00:00.003448,0:00:00.003481,0:00:00.003105,0:00:00.003352,0:00:00.003113,0:00:00.003415,0:00:00.003115,0:00:00.003428,0:00:00.003475,0:00:00.003381,0:00:00.003066,0:00:00.003464,,0:00:00.145374
graph_name , nodes_count , edges_count, degree, degree cent., max neighbor degree, min neighbor degree, avg neighbor degree, std neighbor degree, eigenvector cent., closeness cent., harmonic cent., betweenness cent., coloring largest first, coloring smallest last, coloring independent set, coloring random sequential,coloring connected sequential dfs, coloring connected sequential bfs, edges within egonet, node clique number, number of cliques, clustering coef., square clustering coef., page rank, hubs value, triangles, core number, random,0,1,2,3,4,5,6,7,8,9,10,11,12,13,14,15,16,17,18,19,20,21,22,23,24,25,26,27,28,29,30, Total Time 
174,38,34,0:00:00.000001,0:00:00.000029,0:00:00.000042,0:00:00.000042,0:00:00.000042,0:00:00.000042,0:00:00.000454,0:00:00.000300,0:00:00.000415,0:00:00.000743,0:00:00.000040,0:00:00.000034,0:00:00.002126,0:00:00.000039,0:00:00.000174,0:00:00.000166,0:00:00.001012,0:00:00.000078,0:00:00.001898,0:00:00.000122,0:00:00.000264,0:00:00.002275,0:00:00.000758,0:00:00.000012,0:00:00.000045,0:00:00.000070,0:00:00.003452,0:00:00.003574,0:00:00.003009,0:00:00.003411,0:00:00.003565,0:00:00.003356,0:00:00.003084,0:00:00.003425,0:00:00.002946,0:00:00.002679,0:00:00.003274,0:00:00.007875,0:00:00.003268,0:00:00.003390,0:00:00.003239,0:00:00.003444,0:00:00.003050,0:00:00.003392,0:00:00.003225,0:00:00.003411,0:00:00.003024,0:00:00.003412,0:00:00.003194,0:00:00.003404,0:00:00.003363,0:00:00.003440,0:00:00.003015,0:00:00.003438,0:00:00.003187,0:00:00.003390,0:00:00.003431,,0:00:00.131296
graph_name , nodes_count , edges_count, degree, degree cent., max neighbor degree, min neighbor degree, avg neighbor degree, std neighbor degree, eigenvector cent., closeness cent., harmonic cent., betweenness cent., coloring largest first, coloring smallest last, coloring independent set, coloring random sequential,coloring connected sequential dfs, coloring connected sequential bfs, edges within egonet, node clique number, number of cliques, clustering coef., square clustering coef., page rank, hubs value, triangles, core number, random,0,1,2,3,4,5,6,7,8,9,10,11,12,13,14,15,16,17,18,19,20,21,22,23,24,25,26,27,28,29,30, Total Time 
175,37,34,0:00:00.000002,0:00:00.000033,0:00:00.000067,0:00:00.000067,0:00:00.000067,0:00:00.000067,0:00:00.000372,0:00:00.000303,0:00:00.000451,0:00:00.001047,0:00:00.000064,0:00:00.000056,0:00:00.003143,0:00:00.000063,0:00:00.000285,0:00:00.000608,0:00:00.001425,0:00:00.000129,0:00:00.003096,0:00:00.000199,0:00:00.000431,0:00:00.003658,0:00:00.001182,0:00:00.000016,0:00:00.000067,0:00:00.000095,0:00:00.003463,0:00:00.003257,0:00:00.003479,0:00:00.003190,0:00:00.003893,0:00:00.003186,0:00:00.003507,0:00:00.003144,0:00:00.003482,0:00:00.003377,0:00:00.003628,0:00:00.006595,0:00:00.003515,0:00:00.003229,0:00:00.002681,0:00:00.003193,0:00:00.003482,0:00:00.003182,0:00:00.003480,0:00:00.003058,0:00:00.003450,0:00:00.003930,0:00:00.002596,0:00:00.003354,0:00:00.003362,0:00:00.003235,0:00:00.003473,0:00:00.003132,0:00:00.003378,0:00:00.003464,0:00:00.003463,,0:00:00.145063
graph_name , nodes_count , edges_count, degree, degree cent., max neighbor degree, min neighbor degree, avg neighbor degree, std neighbor degree, eigenvector cent., closeness cent., harmonic cent., betweenness cent., coloring largest first, coloring smallest last, coloring independent set, coloring random sequential,coloring connected sequential dfs, coloring connected sequential bfs, edges within egonet, node clique number, number of cliques, clustering coef., square clustering coef., page rank, hubs value, triangles, core number, random,0,1,2,3,4,5,6,7,8,9,10,11,12,13,14,15,16,17,18,19,20,21,22,23,24,25,26,27,28,29,30, Total Time 
176,38,37,0:00:00.000001,0:00:00.000032,0:00:00.000043,0:00:00.000043,0:00:00.000043,0:00:00.000043,0:00:00.000352,0:00:00.000294,0:00:00.000402,0:00:00.000777,0:00:00.000042,0:00:00.000034,0:00:00.002174,0:00:00.000041,0:00:00.000177,0:00:00.000172,0:00:00.001069,0:00:00.000084,0:00:00.002002,0:00:00.000131,0:00:00.000330,0:00:00.002339,0:00:00.000773,0:00:00.000014,0:00:00.000046,0:00:00.000069,0:00:00.003470,0:00:00.003541,0:00:00.003110,0:00:00.003521,0:00:00.003459,0:00:00.003529,0:00:00.003274,0:00:00.003404,0:00:00.003102,0:00:00.003692,0:00:00.003440,0:00:00.009670,0:00:00.003546,0:00:00.003567,0:00:00.003227,0:00:00.004195,0:00:00.003333,0:00:00.004104,0:00:00.003270,0:00:00.004111,0:00:00.003649,0:00:00.004140,0:00:00.003318,0:00:00.004199,0:00:00.003256,0:00:00.004132,0:00:00.003267,0:00:00.004207,0:00:00.003403,0:00:00.004147,0:00:00.003356,,0:00:00.142995
graph_name , nodes_count , edges_count, degree, degree cent., max neighbor degree, min neighbor degree, avg neighbor degree, std neighbor degree, eigenvector cent., closeness cent., harmonic cent., betweenness cent., coloring largest first, coloring smallest last, coloring independent set, coloring random sequential,coloring connected sequential dfs, coloring connected sequential bfs, edges within egonet, node clique number, number of cliques, clustering coef., square clustering coef., page rank, hubs value, triangles, core number, random,0,1,2,3,4,5,6,7,8,9,10,11,12,13,14,15,16,17,18,19,20,21,22,23,24,25,26,27,28,29,30, Total Time 
177,39,38,0:00:00.000001,0:00:00.000021,0:00:00.000042,0:00:00.000042,0:00:00.000042,0:00:00.000042,0:00:00.000354,0:00:00.000305,0:00:00.000438,0:00:00.000812,0:00:00.000040,0:00:00.000035,0:00:00.002231,0:00:00.000041,0:00:00.000178,0:00:00.000169,0:00:00.001074,0:00:00.000081,0:00:00.002104,0:00:00.000127,0:00:00.000359,0:00:00.002304,0:00:00.000757,0:00:00.000009,0:00:00.000045,0:00:00.000067,0:00:00.004273,0:00:00.003419,0:00:00.004454,0:00:00.003302,0:00:00.005252,0:00:00.003311,0:00:00.004362,0:00:00.003513,0:00:00.004256,0:00:00.003383,0:00:00.004631,0:00:00.011847,0:00:00.004308,0:00:00.003588,0:00:00.004241,0:00:00.003278,0:00:00.003083,0:00:00.004185,0:00:00.003269,0:00:00.004110,0:00:00.003184,0:00:00.004088,0:00:00.003465,0:00:00.004172,0:00:00.003522,0:00:00.004133,0:00:00.003654,0:00:00.004242,0:00:00.003626,0:00:00.004137,0:00:00.003582,,0:00:00.153345
graph_name , nodes_count , edges_count, degree, degree cent., max neighbor degree, min neighbor degree, avg neighbor degree, std neighbor degree, eigenvector cent., closeness cent., harmonic cent., betweenness cent., coloring largest first, coloring smallest last, coloring independent set, coloring random sequential,coloring connected sequential dfs, coloring connected sequential bfs, edges within egonet, node clique number, number of cliques, clustering coef., square clustering coef., page rank, hubs value, triangles, core number, random,0,1,2,3,4,5,6,7,8,9,10,11,12,13,14,15,16,17,18,19,20,21,22,23,24,25,26,27,28,29,30, Total Time 
178,36,32,0:00:00.000002,0:00:00.000041,0:00:00.000085,0:00:00.000085,0:00:00.000085,0:00:00.000085,0:00:00.000525,0:00:00.000385,0:00:00.000534,0:00:00.001264,0:00:00.000082,0:00:00.000067,0:00:00.003852,0:00:00.000082,0:00:00.000371,0:00:00.000362,0:00:00.001911,0:00:00.000166,0:00:00.003799,0:00:00.000252,0:00:00.000481,0:00:00.004930,0:00:00.001584,0:00:00.000019,0:00:00.000085,0:00:00.000121,0:00:00.004280,0:00:00.003821,0:00:00.004274,0:00:00.003732,0:00:00.004752,0:00:00.003570,0:00:00.004209,0:00:00.003535,0:00:00.004211,0:00:00.003650,0:00:00.004296,0:00:00.005853,0:00:00.004166,0:00:00.003363,0:00:00.004273,0:00:00.003226,0:00:00.004377,0:00:00.003290,0:00:00.004228,0:00:00.003223,0:00:00.004319,0:00:00.003516,0:00:00.004319,0:00:00.003188,0:00:00.004117,0:00:00.003272,0:00:00.004118,0:00:00.003752,0:00:00.004167,0:00:00.003242,0:00:00.004219,,0:00:00.171769
graph_name , nodes_count , edges_count, degree, degree cent., max neighbor degree, min neighbor degree, avg neighbor degree, std neighbor degree, eigenvector cent., closeness cent., harmonic cent., betweenness cent., coloring largest first, coloring smallest last, coloring independent set, coloring random sequential,coloring connected sequential dfs, coloring connected sequential bfs, edges within egonet, node clique number, number of cliques, clustering coef., square clustering coef., page rank, hubs value, triangles, core number, random,0,1,2,3,4,5,6,7,8,9,10,11,12,13,14,15,16,17,18,19,20,21,22,23,24,25,26,27,28,29,30, Total Time 
179,43,44,0:00:00.000001,0:00:00.000034,0:00:00.000046,0:00:00.000046,0:00:00.000046,0:00:00.000046,0:00:00.000427,0:00:00.000371,0:00:00.000537,0:00:00.001040,0:00:00.000046,0:00:00.000039,0:00:00.002621,0:00:00.000044,0:00:00.000197,0:00:00.000181,0:00:00.001275,0:00:00.000091,0:00:00.002441,0:00:00.000147,0:00:00.000523,0:00:00.002253,0:00:00.000845,0:00:00.000011,0:00:00.000050,0:00:00.000080,0:00:00.003742,0:00:00.004672,0:00:00.003314,0:00:00.004384,0:00:00.004663,0:00:00.004251,0:00:00.003282,0:00:00.004195,0:00:00.003219,0:00:00.004822,0:00:00.004128,0:00:00.028529,0:00:00.003581,0:00:00.004293,0:00:00.003214,0:00:00.004213,0:00:00.003401,0:00:00.004270,0:00:00.003275,0:00:00.004232,0:00:00.003460,0:00:00.004215,0:00:00.003230,0:00:00.004221,0:00:00.003065,0:00:00.004256,0:00:00.003223,0:00:00.004119,0:00:00.003426,0:00:00.004251,0:00:00.003207,,0:00:00.172065
graph_name , nodes_count , edges_count, degree, degree cent., max neighbor degree, min neighbor degree, avg neighbor degree, std neighbor degree, eigenvector cent., closeness cent., harmonic cent., betweenness cent., coloring largest first, coloring smallest last, coloring independent set, coloring random sequential,coloring connected sequential dfs, coloring connected sequential bfs, edges within egonet, node clique number, number of cliques, clustering coef., square clustering coef., page rank, hubs value, triangles, core number, random,0,1,2,3,4,5,6,7,8,9,10,11,12,13,14,15,16,17,18,19,20,21,22,23,24,25,26,27,28,29,30, Total Time 
180,37,36,0:00:00.000002,0:00:00.000066,0:00:00.000087,0:00:00.000087,0:00:00.000087,0:00:00.000087,0:00:00.000543,0:00:00.000442,0:00:00.000636,0:00:00.001505,0:00:00.000084,0:00:00.000071,0:00:00.004116,0:00:00.000083,0:00:00.000544,0:00:00.000345,0:00:00.002046,0:00:00.000167,0:00:00.004004,0:00:00.000261,0:00:00.000660,0:00:00.004914,0:00:00.001531,0:00:00.000024,0:00:00.000092,0:00:00.000142,0:00:00.004270,0:00:00.003779,0:00:00.004221,0:00:00.003811,0:00:00.005057,0:00:00.003567,0:00:00.004215,0:00:00.003192,0:00:00.004163,0:00:00.003844,0:00:00.004536,0:00:00.008663,0:00:00.004216,0:00:00.003285,0:00:00.004024,0:00:00.003188,0:00:00.004282,0:00:00.003475,0:00:00.004171,0:00:00.003179,0:00:00.004258,0:00:00.003533,0:00:00.004183,0:00:00.003627,0:00:00.004100,0:00:00.003255,0:00:00.004329,0:00:00.003511,0:00:00.004187,0:00:00.003558,0:00:00.004308,,0:00:00.176835
graph_name , nodes_count , edges_count, degree, degree cent., max neighbor degree, min neighbor degree, avg neighbor degree, std neighbor degree, eigenvector cent., closeness cent., harmonic cent., betweenness cent., coloring largest first, coloring smallest last, coloring independent set, coloring random sequential,coloring connected sequential dfs, coloring connected sequential bfs, edges within egonet, node clique number, number of cliques, clustering coef., square clustering coef., page rank, hubs value, triangles, core number, random,0,1,2,3,4,5,6,7,8,9,10,11,12,13,14,15,16,17,18,19,20,21,22,23,24,25,26,27,28,29,30, Total Time 
181,36,33,0:00:00.000001,0:00:00.000030,0:00:00.000041,0:00:00.000041,0:00:00.000041,0:00:00.000041,0:00:00.000337,0:00:00.000245,0:00:00.000339,0:00:00.000600,0:00:00.000039,0:00:00.000032,0:00:00.001929,0:00:00.000039,0:00:00.000183,0:00:00.000170,0:00:00.000905,0:00:00.000081,0:00:00.001828,0:00:00.000118,0:00:00.000242,0:00:00.002359,0:00:00.000773,0:00:00.000011,0:00:00.000040,0:00:00.000058,0:00:00.003570,0:00:00.004247,0:00:00.003223,0:00:00.004571,0:00:00.003583,0:00:00.004472,0:00:00.003180,0:00:00.004535,0:00:00.003477,0:00:00.004314,0:00:00.003708,0:00:00.007937,0:00:00.003585,0:00:00.004214,0:00:00.003589,0:00:00.004274,0:00:00.003285,0:00:00.004250,0:00:00.003642,0:00:00.004181,0:00:00.003698,0:00:00.004156,0:00:00.003215,0:00:00.004080,0:00:00.003695,0:00:00.004195,0:00:00.003474,0:00:00.004098,0:00:00.003418,0:00:00.004125,0:00:00.003341,,0:00:00.147780
graph_name , nodes_count , edges_count, degree, degree cent., max neighbor degree, min neighbor degree, avg neighbor degree, std neighbor degree, eigenvector cent., closeness cent., harmonic cent., betweenness cent., coloring largest first, coloring smallest last, coloring independent set, coloring random sequential,coloring connected sequential dfs, coloring connected sequential bfs, edges within egonet, node clique number, number of cliques, clustering coef., square clustering coef., page rank, hubs value, triangles, core number, random,0,1,2,3,4,5,6,7,8,9,10,11,12,13,14,15,16,17,18,19,20,21,22,23,24,25,26,27,28,29,30, Total Time 
182,43,41,0:00:00.000003,0:00:00.000030,0:00:00.000096,0:00:00.000096,0:00:00.000096,0:00:00.000096,0:00:00.000648,0:00:00.000522,0:00:00.000755,0:00:00.001979,0:00:00.000092,0:00:00.000080,0:00:00.005409,0:00:00.000089,0:00:00.000397,0:00:00.000377,0:00:00.002295,0:00:00.000174,0:00:00.005112,0:00:00.000291,0:00:00.000944,0:00:00.004863,0:00:00.001467,0:00:00.000026,0:00:00.000096,0:00:00.000152,0:00:00.004356,0:00:00.033642,0:00:00.003667,0:00:00.004370,0:00:00.005972,0:00:00.004408,0:00:00.004383,0:00:00.004415,0:00:00.004272,0:00:00.004695,0:00:00.004784,0:00:00.027008,0:00:00.004374,0:00:00.004472,0:00:00.004136,0:00:00.004350,0:00:00.004321,0:00:00.004303,0:00:00.004266,0:00:00.004274,0:00:00.004333,0:00:00.004288,0:00:00.004319,0:00:00.004192,0:00:00.004265,0:00:00.004326,0:00:00.004276,0:00:00.004311,0:00:00.004354,0:00:00.004456,0:00:00.004221,,0:00:00.268310
graph_name , nodes_count , edges_count, degree, degree cent., max neighbor degree, min neighbor degree, avg neighbor degree, std neighbor degree, eigenvector cent., closeness cent., harmonic cent., betweenness cent., coloring largest first, coloring smallest last, coloring independent set, coloring random sequential,coloring connected sequential dfs, coloring connected sequential bfs, edges within egonet, node clique number, number of cliques, clustering coef., square clustering coef., page rank, hubs value, triangles, core number, random,0,1,2,3,4,5,6,7,8,9,10,11,12,13,14,15,16,17,18,19,20,21,22,23,24,25,26,27,28,29,30, Total Time 
183,39,38,0:00:00.000003,0:00:00.000041,0:00:00.000092,0:00:00.000092,0:00:00.000092,0:00:00.000092,0:00:00.000567,0:00:00.000489,0:00:00.000704,0:00:00.001738,0:00:00.000090,0:00:00.000074,0:00:00.004460,0:00:00.000085,0:00:00.000376,0:00:00.000495,0:00:00.002269,0:00:00.000173,0:00:00.004385,0:00:00.000280,0:00:00.000767,0:00:00.004870,0:00:00.001614,0:00:00.000027,0:00:00.000098,0:00:00.000144,0:00:00.004403,0:00:00.004682,0:00:00.004502,0:00:00.004419,0:00:00.005388,0:00:00.004417,0:00:00.004425,0:00:00.004370,0:00:00.004451,0:00:00.004718,0:00:00.004915,0:00:00.014087,0:00:00.004450,0:00:00.004408,0:00:00.004413,0:00:00.004594,0:00:00.004496,0:00:00.004429,0:00:00.004472,0:00:00.004306,0:00:00.004491,0:00:00.004300,0:00:00.004421,0:00:00.004368,0:00:00.004491,0:00:00.004464,0:00:00.004396,0:00:00.004314,0:00:00.004330,0:00:00.004277,0:00:00.004470,,0:00:00.201860
graph_name , nodes_count , edges_count, degree, degree cent., max neighbor degree, min neighbor degree, avg neighbor degree, std neighbor degree, eigenvector cent., closeness cent., harmonic cent., betweenness cent., coloring largest first, coloring smallest last, coloring independent set, coloring random sequential,coloring connected sequential dfs, coloring connected sequential bfs, edges within egonet, node clique number, number of cliques, clustering coef., square clustering coef., page rank, hubs value, triangles, core number, random,0,1,2,3,4,5,6,7,8,9,10,11,12,13,14,15,16,17,18,19,20,21,22,23,24,25,26,27,28,29,30, Total Time 
184,36,35,0:00:00.000002,0:00:00.000039,0:00:00.000082,0:00:00.000082,0:00:00.000082,0:00:00.000082,0:00:00.000516,0:00:00.000415,0:00:00.000579,0:00:00.001388,0:00:00.000081,0:00:00.000068,0:00:00.003973,0:00:00.000076,0:00:00.000355,0:00:00.000342,0:00:00.002017,0:00:00.000164,0:00:00.003755,0:00:00.000248,0:00:00.000596,0:00:00.004746,0:00:00.001471,0:00:00.000023,0:00:00.000087,0:00:00.000121,0:00:00.004492,0:00:00.004592,0:00:00.004481,0:00:00.004643,0:00:00.005048,0:00:00.004565,0:00:00.004310,0:00:00.004803,0:00:00.004265,0:00:00.004774,0:00:00.004545,0:00:00.009984,0:00:00.004370,0:00:00.004343,0:00:00.004320,0:00:00.004424,0:00:00.004349,0:00:00.004367,0:00:00.004282,0:00:00.004316,0:00:00.004278,0:00:00.004353,0:00:00.004154,0:00:00.004246,0:00:00.004375,0:00:00.004270,0:00:00.004289,0:00:00.004200,0:00:00.004275,0:00:00.004271,0:00:00.004415,,0:00:00.191543
graph_name , nodes_count , edges_count, degree, degree cent., max neighbor degree, min neighbor degree, avg neighbor degree, std neighbor degree, eigenvector cent., closeness cent., harmonic cent., betweenness cent., coloring largest first, coloring smallest last, coloring independent set, coloring random sequential,coloring connected sequential dfs, coloring connected sequential bfs, edges within egonet, node clique number, number of cliques, clustering coef., square clustering coef., page rank, hubs value, triangles, core number, random,0,1,2,3,4,5,6,7,8,9,10,11,12,13,14,15,16,17,18,19,20,21,22,23,24,25,26,27,28,29,30, Total Time 
185,38,36,0:00:00.000002,0:00:00.000041,0:00:00.000089,0:00:00.000089,0:00:00.000089,0:00:00.000089,0:00:00.000563,0:00:00.000426,0:00:00.000611,0:00:00.001445,0:00:00.000084,0:00:00.000073,0:00:00.004574,0:00:00.000082,0:00:00.000388,0:00:00.000368,0:00:00.002088,0:00:00.000170,0:00:00.004196,0:00:00.000268,0:00:00.000661,0:00:00.004895,0:00:00.001568,0:00:00.000022,0:00:00.000093,0:00:00.000132,0:00:00.004601,0:00:00.004525,0:00:00.004549,0:00:00.004456,0:00:00.005223,0:00:00.004410,0:00:00.004303,0:00:00.004210,0:00:00.004306,0:00:00.004465,0:00:00.004653,0:00:00.011148,0:00:00.004540,0:00:00.004236,0:00:00.004499,0:00:00.004292,0:00:00.004630,0:00:00.004237,0:00:00.004449,0:00:00.004298,0:00:00.004347,0:00:00.004406,0:00:00.004344,0:00:00.004279,0:00:00.004296,0:00:00.004208,0:00:00.004260,0:00:00.004088,0:00:00.004317,0:00:00.004153,0:00:00.004334,,0:00:00.194652
graph_name , nodes_count , edges_count, degree, degree cent., max neighbor degree, min neighbor degree, avg neighbor degree, std neighbor degree, eigenvector cent., closeness cent., harmonic cent., betweenness cent., coloring largest first, coloring smallest last, coloring independent set, coloring random sequential,coloring connected sequential dfs, coloring connected sequential bfs, edges within egonet, node clique number, number of cliques, clustering coef., square clustering coef., page rank, hubs value, triangles, core number, random,0,1,2,3,4,5,6,7,8,9,10,11,12,13,14,15,16,17,18,19,20,21,22,23,24,25,26,27,28,29,30, Total Time 
186,37,35,0:00:00.000002,0:00:00.000039,0:00:00.000084,0:00:00.000084,0:00:00.000084,0:00:00.000084,0:00:00.000538,0:00:00.000428,0:00:00.000618,0:00:00.001573,0:00:00.000083,0:00:00.000071,0:00:00.004173,0:00:00.000079,0:00:00.000357,0:00:00.000342,0:00:00.002077,0:00:00.000158,0:00:00.003847,0:00:00.000256,0:00:00.000593,0:00:00.004924,0:00:00.001509,0:00:00.000025,0:00:00.000089,0:00:00.000130,0:00:00.004411,0:00:00.004391,0:00:00.004272,0:00:00.004438,0:00:00.005060,0:00:00.004487,0:00:00.004261,0:00:00.004322,0:00:00.004430,0:00:00.004506,0:00:00.004565,0:00:00.009963,0:00:00.004269,0:00:00.004404,0:00:00.004159,0:00:00.004327,0:00:00.004337,0:00:00.004348,0:00:00.004226,0:00:00.004267,0:00:00.004333,0:00:00.004380,0:00:00.004205,0:00:00.004381,0:00:00.004274,0:00:00.004347,0:00:00.004355,0:00:00.004301,0:00:00.004099,0:00:00.004270,0:00:00.004386,,0:00:00.190795
graph_name , nodes_count , edges_count, degree, degree cent., max neighbor degree, min neighbor degree, avg neighbor degree, std neighbor degree, eigenvector cent., closeness cent., harmonic cent., betweenness cent., coloring largest first, coloring smallest last, coloring independent set, coloring random sequential,coloring connected sequential dfs, coloring connected sequential bfs, edges within egonet, node clique number, number of cliques, clustering coef., square clustering coef., page rank, hubs value, triangles, core number, random,0,1,2,3,4,5,6,7,8,9,10,11,12,13,14,15,16,17,18,19,20,21,22,23,24,25,26,27,28,29,30, Total Time 
187,38,38,0:00:00.000003,0:00:00.000041,0:00:00.000087,0:00:00.000087,0:00:00.000087,0:00:00.000087,0:00:00.000558,0:00:00.000466,0:00:00.000675,0:00:00.001639,0:00:00.000084,0:00:00.000071,0:00:00.004529,0:00:00.000082,0:00:00.000364,0:00:00.000343,0:00:00.002351,0:00:00.000161,0:00:00.003970,0:00:00.000270,0:00:00.000782,0:00:00.004856,0:00:00.001559,0:00:00.000026,0:00:00.000095,0:00:00.000141,0:00:00.005136,0:00:00.004611,0:00:00.004811,0:00:00.004460,0:00:00.005492,0:00:00.004380,0:00:00.004432,0:00:00.004320,0:00:00.004320,0:00:00.004671,0:00:00.005119,0:00:00.015418,0:00:00.004556,0:00:00.004571,0:00:00.004423,0:00:00.004408,0:00:00.004459,0:00:00.004451,0:00:00.004398,0:00:00.004301,0:00:00.004493,0:00:00.004237,0:00:00.004418,0:00:00.004333,0:00:00.004436,0:00:00.004295,0:00:00.004452,0:00:00.004280,0:00:00.004391,0:00:00.004291,0:00:00.004526,,0:00:00.203150
graph_name , nodes_count , edges_count, degree, degree cent., max neighbor degree, min neighbor degree, avg neighbor degree, std neighbor degree, eigenvector cent., closeness cent., harmonic cent., betweenness cent., coloring largest first, coloring smallest last, coloring independent set, coloring random sequential,coloring connected sequential dfs, coloring connected sequential bfs, edges within egonet, node clique number, number of cliques, clustering coef., square clustering coef., page rank, hubs value, triangles, core number, random,0,1,2,3,4,5,6,7,8,9,10,11,12,13,14,15,16,17,18,19,20,21,22,23,24,25,26,27,28,29,30, Total Time 
188,34,33,0:00:00.000003,0:00:00.000037,0:00:00.000080,0:00:00.000080,0:00:00.000080,0:00:00.000080,0:00:00.000494,0:00:00.000373,0:00:00.000612,0:00:00.001232,0:00:00.000078,0:00:00.000065,0:00:00.003531,0:00:00.000075,0:00:00.000338,0:00:00.000314,0:00:00.001792,0:00:00.000153,0:00:00.003328,0:00:00.000244,0:00:00.000507,0:00:00.005033,0:00:00.001511,0:00:00.000020,0:00:00.000087,0:00:00.000110,0:00:00.004374,0:00:00.004658,0:00:00.004271,0:00:00.004658,0:00:00.004837,0:00:00.004615,0:00:00.004421,0:00:00.004461,0:00:00.004320,0:00:00.004646,0:00:00.004678,0:00:00.007614,0:00:00.004373,0:00:00.004466,0:00:00.004455,0:00:00.004452,0:00:00.004420,0:00:00.004342,0:00:00.004294,0:00:00.004364,0:00:00.004338,0:00:00.004445,0:00:00.004214,0:00:00.004233,0:00:00.004267,0:00:00.004296,0:00:00.004305,0:00:00.004365,0:00:00.004335,0:00:00.004376,0:00:00.004364,,0:00:00.188039
graph_name , nodes_count , edges_count, degree, degree cent., max neighbor degree, min neighbor degree, avg neighbor degree, std neighbor degree, eigenvector cent., closeness cent., harmonic cent., betweenness cent., coloring largest first, coloring smallest last, coloring independent set, coloring random sequential,coloring connected sequential dfs, coloring connected sequential bfs, edges within egonet, node clique number, number of cliques, clustering coef., square clustering coef., page rank, hubs value, triangles, core number, random,0,1,2,3,4,5,6,7,8,9,10,11,12,13,14,15,16,17,18,19,20,21,22,23,24,25,26,27,28,29,30, Total Time 
189,38,35,0:00:00.000002,0:00:00.000027,0:00:00.000088,0:00:00.000088,0:00:00.000088,0:00:00.000088,0:00:00.000496,0:00:00.000463,0:00:00.000665,0:00:00.001616,0:00:00.000084,0:00:00.000073,0:00:00.004576,0:00:00.000084,0:00:00.000491,0:00:00.000354,0:00:00.002211,0:00:00.000168,0:00:00.004311,0:00:00.000254,0:00:00.000587,0:00:00.004825,0:00:00.001489,0:00:00.000026,0:00:00.000092,0:00:00.000134,0:00:00.004474,0:00:00.004516,0:00:00.004751,0:00:00.004262,0:00:00.005073,0:00:00.004312,0:00:00.004334,0:00:00.004123,0:00:00.004236,0:00:00.004374,0:00:00.004585,0:00:00.009816,0:00:00.004710,0:00:00.004130,0:00:00.004293,0:00:00.004253,0:00:00.097464,0:00:00.004420,0:00:00.004403,0:00:00.004353,0:00:00.004115,0:00:00.004555,0:00:00.004189,0:00:00.004186,0:00:00.004163,0:00:00.004152,0:00:00.004111,0:00:00.004309,0:00:00.004041,0:00:00.004286,0:00:00.004292,,0:00:00.284474
graph_name , nodes_count , edges_count, degree, degree cent., max neighbor degree, min neighbor degree, avg neighbor degree, std neighbor degree, eigenvector cent., closeness cent., harmonic cent., betweenness cent., coloring largest first, coloring smallest last, coloring independent set, coloring random sequential,coloring connected sequential dfs, coloring connected sequential bfs, edges within egonet, node clique number, number of cliques, clustering coef., square clustering coef., page rank, hubs value, triangles, core number, random,0,1,2,3,4,5,6,7,8,9,10,11,12,13,14,15,16,17,18,19,20,21,22,23,24,25,26,27,28,29,30, Total Time 
190,38,36,0:00:00.000003,0:00:00.000028,0:00:00.000088,0:00:00.000088,0:00:00.000088,0:00:00.000088,0:00:00.000542,0:00:00.000463,0:00:00.000672,0:00:00.001674,0:00:00.000084,0:00:00.000072,0:00:00.004297,0:00:00.000081,0:00:00.000367,0:00:00.000730,0:00:00.002051,0:00:00.000168,0:00:00.004416,0:00:00.000268,0:00:00.000643,0:00:00.004781,0:00:00.001442,0:00:00.000026,0:00:00.000092,0:00:00.000135,0:00:00.061965,0:00:00.004438,0:00:00.004393,0:00:00.004419,0:00:00.005465,0:00:00.004325,0:00:00.004278,0:00:00.004224,0:00:00.004547,0:00:00.004546,0:00:00.004846,0:00:00.011143,0:00:00.004462,0:00:00.004296,0:00:00.004238,0:00:00.004457,0:00:00.004304,0:00:00.004458,0:00:00.004319,0:00:00.004542,0:00:00.004167,0:00:00.004413,0:00:00.004178,0:00:00.004322,0:00:00.004153,0:00:00.004212,0:00:00.004154,0:00:00.004306,0:00:00.004036,0:00:00.004292,0:00:00.004216,,0:00:00.272526
graph_name , nodes_count , edges_count, degree, degree cent., max neighbor degree, min neighbor degree, avg neighbor degree, std neighbor degree, eigenvector cent., closeness cent., harmonic cent., betweenness cent., coloring largest first, coloring smallest last, coloring independent set, coloring random sequential,coloring connected sequential dfs, coloring connected sequential bfs, edges within egonet, node clique number, number of cliques, clustering coef., square clustering coef., page rank, hubs value, triangles, core number, random,0,1,2,3,4,5,6,7,8,9,10,11,12,13,14,15,16,17,18,19,20,21,22,23,24,25,26,27,28,29,30, Total Time 
191,37,35,0:00:00.000002,0:00:00.000028,0:00:00.000083,0:00:00.000083,0:00:00.000083,0:00:00.000083,0:00:00.000527,0:00:00.000435,0:00:00.000692,0:00:00.001463,0:00:00.000081,0:00:00.000070,0:00:00.004101,0:00:00.000078,0:00:00.000356,0:00:00.000341,0:00:00.002072,0:00:00.000152,0:00:00.003730,0:00:00.000248,0:00:00.000605,0:00:00.004675,0:00:00.001418,0:00:00.000025,0:00:00.000087,0:00:00.000129,0:00:00.004447,0:00:00.004295,0:00:00.004575,0:00:00.004376,0:00:00.005112,0:00:00.003999,0:00:00.004528,0:00:00.004327,0:00:00.004418,0:00:00.004487,0:00:00.004656,0:00:00.008742,0:00:00.004464,0:00:00.004299,0:00:00.004434,0:00:00.004301,0:00:00.004237,0:00:00.004413,0:00:00.003750,0:00:00.004346,0:00:00.004183,0:00:00.004246,0:00:00.004235,0:00:00.004314,0:00:00.003698,0:00:00.004324,0:00:00.004187,0:00:00.004271,0:00:00.004217,0:00:00.004243,0:00:00.004203,,0:00:00.187702
graph_name , nodes_count , edges_count, degree, degree cent., max neighbor degree, min neighbor degree, avg neighbor degree, std neighbor degree, eigenvector cent., closeness cent., harmonic cent., betweenness cent., coloring largest first, coloring smallest last, coloring independent set, coloring random sequential,coloring connected sequential dfs, coloring connected sequential bfs, edges within egonet, node clique number, number of cliques, clustering coef., square clustering coef., page rank, hubs value, triangles, core number, random,0,1,2,3,4,5,6,7,8,9,10,11,12,13,14,15,16,17,18,19,20,21,22,23,24,25,26,27,28,29,30, Total Time 
192,37,33,0:00:00.000002,0:00:00.000041,0:00:00.000087,0:00:00.000087,0:00:00.000087,0:00:00.000087,0:00:00.000628,0:00:00.000450,0:00:00.000636,0:00:00.001514,0:00:00.000088,0:00:00.000120,0:00:00.004378,0:00:00.000084,0:00:00.000363,0:00:00.000343,0:00:00.002002,0:00:00.000162,0:00:00.003906,0:00:00.000255,0:00:00.000523,0:00:00.005140,0:00:00.001667,0:00:00.000025,0:00:00.000095,0:00:00.000140,0:00:00.004859,0:00:00.004378,0:00:00.004302,0:00:00.004228,0:00:00.004689,0:00:00.004252,0:00:00.004276,0:00:00.004334,0:00:00.004337,0:00:00.004333,0:00:00.004604,0:00:00.007974,0:00:00.004385,0:00:00.004283,0:00:00.004342,0:00:00.004167,0:00:00.004259,0:00:00.004201,0:00:00.004226,0:00:00.004115,0:00:00.004084,0:00:00.004102,0:00:00.004180,0:00:00.004115,0:00:00.004280,0:00:00.004063,0:00:00.004168,0:00:00.004049,0:00:00.004329,0:00:00.004206,0:00:00.004306,,0:00:00.188320
graph_name , nodes_count , edges_count, degree, degree cent., max neighbor degree, min neighbor degree, avg neighbor degree, std neighbor degree, eigenvector cent., closeness cent., harmonic cent., betweenness cent., coloring largest first, coloring smallest last, coloring independent set, coloring random sequential,coloring connected sequential dfs, coloring connected sequential bfs, edges within egonet, node clique number, number of cliques, clustering coef., square clustering coef., page rank, hubs value, triangles, core number, random,0,1,2,3,4,5,6,7,8,9,10,11,12,13,14,15,16,17,18,19,20,21,22,23,24,25,26,27,28,29,30, Total Time 
193,40,37,0:00:00.000001,0:00:00.000030,0:00:00.000044,0:00:00.000044,0:00:00.000044,0:00:00.000044,0:00:00.000390,0:00:00.000271,0:00:00.000306,0:00:00.000753,0:00:00.000042,0:00:00.000035,0:00:00.002331,0:00:00.000044,0:00:00.000195,0:00:00.000182,0:00:00.001049,0:00:00.000086,0:00:00.002216,0:00:00.000132,0:00:00.000332,0:00:00.002344,0:00:00.000775,0:00:00.000009,0:00:00.000044,0:00:00.000064,0:00:00.004371,0:00:00.003768,0:00:00.004079,0:00:00.004156,0:00:00.004172,0:00:00.003675,0:00:00.003459,0:00:00.003686,0:00:00.003659,0:00:00.003754,0:00:00.003861,0:00:00.012728,0:00:00.003724,0:00:00.004227,0:00:00.003538,0:00:00.004214,0:00:00.003646,0:00:00.004164,0:00:00.003469,0:00:00.004174,0:00:00.003549,0:00:00.003975,0:00:00.003594,0:00:00.003526,0:00:00.003642,0:00:00.003542,0:00:00.003579,0:00:00.004042,0:00:00.003561,0:00:00.003976,0:00:00.003589,,0:00:00.152969
graph_name , nodes_count , edges_count, degree, degree cent., max neighbor degree, min neighbor degree, avg neighbor degree, std neighbor degree, eigenvector cent., closeness cent., harmonic cent., betweenness cent., coloring largest first, coloring smallest last, coloring independent set, coloring random sequential,coloring connected sequential dfs, coloring connected sequential bfs, edges within egonet, node clique number, number of cliques, clustering coef., square clustering coef., page rank, hubs value, triangles, core number, random,0,1,2,3,4,5,6,7,8,9,10,11,12,13,14,15,16,17,18,19,20,21,22,23,24,25,26,27,28,29,30, Total Time 
194,37,35,0:00:00.000003,0:00:00.000039,0:00:00.000085,0:00:00.000085,0:00:00.000085,0:00:00.000085,0:00:00.000547,0:00:00.000395,0:00:00.000559,0:00:00.001344,0:00:00.000083,0:00:00.000071,0:00:00.004144,0:00:00.000082,0:00:00.000366,0:00:00.000333,0:00:00.001829,0:00:00.000162,0:00:00.003886,0:00:00.000286,0:00:00.000608,0:00:00.004762,0:00:00.001507,0:00:00.000023,0:00:00.000086,0:00:00.000121,0:00:00.004228,0:00:00.003761,0:00:00.004213,0:00:00.003673,0:00:00.004832,0:00:00.003542,0:00:00.004242,0:00:00.003478,0:00:00.003622,0:00:00.003753,0:00:00.003800,0:00:00.008243,0:00:00.004142,0:00:00.003543,0:00:00.004150,0:00:00.003550,0:00:00.004202,0:00:00.003455,0:00:00.004022,0:00:00.003331,0:00:00.004113,0:00:00.003531,0:00:00.004138,0:00:00.003423,0:00:00.004160,0:00:00.003327,0:00:00.004058,0:00:00.003330,0:00:00.003383,0:00:00.003306,0:00:00.003955,,0:00:00.171110
graph_name , nodes_count , edges_count, degree, degree cent., max neighbor degree, min neighbor degree, avg neighbor degree, std neighbor degree, eigenvector cent., closeness cent., harmonic cent., betweenness cent., coloring largest first, coloring smallest last, coloring independent set, coloring random sequential,coloring connected sequential dfs, coloring connected sequential bfs, edges within egonet, node clique number, number of cliques, clustering coef., square clustering coef., page rank, hubs value, triangles, core number, random,0,1,2,3,4,5,6,7,8,9,10,11,12,13,14,15,16,17,18,19,20,21,22,23,24,25,26,27,28,29,30, Total Time 
195,36,35,0:00:00.000001,0:00:00.000028,0:00:00.000040,0:00:00.000040,0:00:00.000040,0:00:00.000040,0:00:00.000328,0:00:00.000235,0:00:00.000290,0:00:00.000583,0:00:00.000038,0:00:00.000032,0:00:00.001793,0:00:00.000038,0:00:00.000172,0:00:00.000167,0:00:00.000938,0:00:00.000078,0:00:00.001719,0:00:00.000119,0:00:00.000297,0:00:00.002276,0:00:00.000761,0:00:00.000013,0:00:00.000041,0:00:00.000060,0:00:00.003607,0:00:00.004269,0:00:00.003527,0:00:00.003629,0:00:00.004210,0:00:00.003610,0:00:00.003558,0:00:00.004088,0:00:00.003496,0:00:00.004416,0:00:00.003805,0:00:00.008423,0:00:00.003488,0:00:00.004177,0:00:00.003435,0:00:00.004040,0:00:00.003495,0:00:00.004086,0:00:00.003500,0:00:00.003585,0:00:00.003522,0:00:00.003466,0:00:00.003313,0:00:00.004008,0:00:00.003357,0:00:00.003482,0:00:00.003480,0:00:00.004175,0:00:00.003483,0:00:00.003975,0:00:00.003517,,0:00:00.144146
graph_name , nodes_count , edges_count, degree, degree cent., max neighbor degree, min neighbor degree, avg neighbor degree, std neighbor degree, eigenvector cent., closeness cent., harmonic cent., betweenness cent., coloring largest first, coloring smallest last, coloring independent set, coloring random sequential,coloring connected sequential dfs, coloring connected sequential bfs, edges within egonet, node clique number, number of cliques, clustering coef., square clustering coef., page rank, hubs value, triangles, core number, random,0,1,2,3,4,5,6,7,8,9,10,11,12,13,14,15,16,17,18,19,20,21,22,23,24,25,26,27,28,29,30, Total Time 
196,36,34,0:00:00.000002,0:00:00.000037,0:00:00.000083,0:00:00.000083,0:00:00.000083,0:00:00.000083,0:00:00.000521,0:00:00.000429,0:00:00.000604,0:00:00.001440,0:00:00.000083,0:00:00.000070,0:00:00.004057,0:00:00.000080,0:00:00.000351,0:00:00.000327,0:00:00.001944,0:00:00.000161,0:00:00.003822,0:00:00.000251,0:00:00.000560,0:00:00.004896,0:00:00.001523,0:00:00.000023,0:00:00.000090,0:00:00.000131,0:00:00.004204,0:00:00.003689,0:00:00.004061,0:00:00.003585,0:00:00.004762,0:00:00.003595,0:00:00.004166,0:00:00.003534,0:00:00.004235,0:00:00.003734,0:00:00.004510,0:00:00.006976,0:00:00.004284,0:00:00.003632,0:00:00.004226,0:00:00.003576,0:00:00.004347,0:00:00.003564,0:00:00.004207,0:00:00.003539,0:00:00.004227,0:00:00.002873,0:00:00.004192,0:00:00.003534,0:00:00.004252,0:00:00.003503,0:00:00.004193,0:00:00.003482,0:00:00.004109,0:00:00.003394,0:00:00.004144,,0:00:00.174145
graph_name , nodes_count , edges_count, degree, degree cent., max neighbor degree, min neighbor degree, avg neighbor degree, std neighbor degree, eigenvector cent., closeness cent., harmonic cent., betweenness cent., coloring largest first, coloring smallest last, coloring independent set, coloring random sequential,coloring connected sequential dfs, coloring connected sequential bfs, edges within egonet, node clique number, number of cliques, clustering coef., square clustering coef., page rank, hubs value, triangles, core number, random,0,1,2,3,4,5,6,7,8,9,10,11,12,13,14,15,16,17,18,19,20,21,22,23,24,25,26,27,28,29,30, Total Time 
197,38,37,0:00:00.000001,0:00:00.000030,0:00:00.000042,0:00:00.000042,0:00:00.000042,0:00:00.000042,0:00:00.000342,0:00:00.000301,0:00:00.000431,0:00:00.000817,0:00:00.000039,0:00:00.000033,0:00:00.002008,0:00:00.000040,0:00:00.000172,0:00:00.000163,0:00:00.001168,0:00:00.000081,0:00:00.001894,0:00:00.000125,0:00:00.000360,0:00:00.002239,0:00:00.000755,0:00:00.000014,0:00:00.000046,0:00:00.000071,0:00:00.003633,0:00:00.003544,0:00:00.003532,0:00:00.004356,0:00:00.004334,0:00:00.004008,0:00:00.003604,0:00:00.003577,0:00:00.003645,0:00:00.003824,0:00:00.003902,0:00:00.015419,0:00:00.003589,0:00:00.004234,0:00:00.003580,0:00:00.004130,0:00:00.003605,0:00:00.004039,0:00:00.003556,0:00:00.004100,0:00:00.003531,0:00:00.004130,0:00:00.003575,0:00:00.004159,0:00:00.003535,0:00:00.004115,0:00:00.003528,0:00:00.004115,0:00:00.003340,0:00:00.004036,0:00:00.003510,,0:00:00.155080
graph_name , nodes_count , edges_count, degree, degree cent., max neighbor degree, min neighbor degree, avg neighbor degree, std neighbor degree, eigenvector cent., closeness cent., harmonic cent., betweenness cent., coloring largest first, coloring smallest last, coloring independent set, coloring random sequential,coloring connected sequential dfs, coloring connected sequential bfs, edges within egonet, node clique number, number of cliques, clustering coef., square clustering coef., page rank, hubs value, triangles, core number, random,0,1,2,3,4,5,6,7,8,9,10,11,12,13,14,15,16,17,18,19,20,21,22,23,24,25,26,27,28,29,30, Total Time 
198,37,35,0:00:00.000002,0:00:00.000037,0:00:00.000084,0:00:00.000084,0:00:00.000084,0:00:00.000084,0:00:00.000488,0:00:00.000451,0:00:00.000617,0:00:00.001498,0:00:00.000083,0:00:00.000072,0:00:00.004446,0:00:00.000079,0:00:00.000341,0:00:00.000317,0:00:00.002049,0:00:00.000157,0:00:00.003787,0:00:00.000254,0:00:00.000622,0:00:00.004693,0:00:00.001505,0:00:00.000025,0:00:00.000088,0:00:00.000127,0:00:00.004262,0:00:00.003527,0:00:00.004097,0:00:00.003592,0:00:00.004710,0:00:00.003532,0:00:00.004165,0:00:00.003646,0:00:00.004086,0:00:00.003622,0:00:00.004436,0:00:00.007881,0:00:00.004140,0:00:00.003466,0:00:00.004089,0:00:00.003542,0:00:00.004183,0:00:00.004820,0:00:00.003117,0:00:00.003646,0:00:00.004105,0:00:00.003998,0:00:00.004000,0:00:00.004103,0:00:00.003542,0:00:00.003529,0:00:00.004158,0:00:00.004005,0:00:00.004008,0:00:00.002704,0:00:00.004222,,0:00:00.174225
graph_name , nodes_count , edges_count, degree, degree cent., max neighbor degree, min neighbor degree, avg neighbor degree, std neighbor degree, eigenvector cent., closeness cent., harmonic cent., betweenness cent., coloring largest first, coloring smallest last, coloring independent set, coloring random sequential,coloring connected sequential dfs, coloring connected sequential bfs, edges within egonet, node clique number, number of cliques, clustering coef., square clustering coef., page rank, hubs value, triangles, core number, random,0,1,2,3,4,5,6,7,8,9,10,11,12,13,14,15,16,17,18,19,20,21,22,23,24,25,26,27,28,29,30, Total Time 
199,34,34,0:00:00.000002,0:00:00.000028,0:00:00.000077,0:00:00.000077,0:00:00.000077,0:00:00.000077,0:00:00.000449,0:00:00.000372,0:00:00.000514,0:00:00.001220,0:00:00.000076,0:00:00.000065,0:00:00.003403,0:00:00.000074,0:00:00.000332,0:00:00.000312,0:00:00.001780,0:00:00.000151,0:00:00.003329,0:00:00.000245,0:00:00.000547,0:00:00.004869,0:00:00.001411,0:00:00.000022,0:00:00.000085,0:00:00.000116,0:00:00.004290,0:00:00.004226,0:00:00.004168,0:00:00.003742,0:00:00.004727,0:00:00.003686,0:00:00.004241,0:00:00.003795,0:00:00.004112,0:00:00.003872,0:00:00.004574,0:00:00.006465,0:00:00.004292,0:00:00.003609,0:00:00.003619,0:00:00.003462,0:00:00.004212,0:00:00.003554,0:00:00.004086,0:00:00.003469,0:00:00.003658,0:00:00.003506,0:00:00.004156,0:00:00.003545,0:00:00.004228,0:00:00.003581,0:00:00.004257,0:00:00.003538,0:00:00.003645,0:00:00.003475,0:00:00.003724,,0:00:00.170225
graph_name , nodes_count , edges_count, degree, degree cent., max neighbor degree, min neighbor degree, avg neighbor degree, std neighbor degree, eigenvector cent., closeness cent., harmonic cent., betweenness cent., coloring largest first, coloring smallest last, coloring independent set, coloring random sequential,coloring connected sequential dfs, coloring connected sequential bfs, edges within egonet, node clique number, number of cliques, clustering coef., square clustering coef., page rank, hubs value, triangles, core number, random,0,1,2,3,4,5,6,7,8,9,10,11,12,13,14,15,16,17,18,19,20,21,22,23,24,25,26,27,28,29,30, Total Time 
200,39,38,0:00:00.000002,0:00:00.000028,0:00:00.000088,0:00:00.000088,0:00:00.000088,0:00:00.000088,0:00:00.000558,0:00:00.000480,0:00:00.000701,0:00:00.001724,0:00:00.000084,0:00:00.000074,0:00:00.004624,0:00:00.000082,0:00:00.000367,0:00:00.000344,0:00:00.002217,0:00:00.000166,0:00:00.004429,0:00:00.000266,0:00:00.000738,0:00:00.004618,0:00:00.001421,0:00:00.000026,0:00:00.000095,0:00:00.000139,0:00:00.003705,0:00:00.004296,0:00:00.003629,0:00:00.004361,0:00:00.004345,0:00:00.002706,0:00:00.004032,0:00:00.003678,0:00:00.004159,0:00:00.003720,0:00:00.004699,0:00:00.010328,0:00:00.003737,0:00:00.003568,0:00:00.004244,0:00:00.003670,0:00:00.003629,0:00:00.003598,0:00:00.004234,0:00:00.003589,0:00:00.004103,0:00:00.003592,0:00:00.004190,0:00:00.003505,0:00:00.004109,0:00:00.003397,0:00:00.004017,0:00:00.003541,0:00:00.004152,0:00:00.003493,0:00:00.004217,,0:00:00.177544
graph_name , nodes_count , edges_count, degree, degree cent., max neighbor degree, min neighbor degree, avg neighbor degree, std neighbor degree, eigenvector cent., closeness cent., harmonic cent., betweenness cent., coloring largest first, coloring smallest last, coloring independent set, coloring random sequential,coloring connected sequential dfs, coloring connected sequential bfs, edges within egonet, node clique number, number of cliques, clustering coef., square clustering coef., page rank, hubs value, triangles, core number, random,0,1,2,3,4,5,6,7,8,9,10,11,12,13,14,15,16,17,18,19,20,21,22,23,24,25,26,27,28,29,30, Total Time 
201,38,38,0:00:00.000001,0:00:00.000029,0:00:00.000040,0:00:00.000040,0:00:00.000040,0:00:00.000040,0:00:00.000348,0:00:00.000291,0:00:00.000360,0:00:00.000735,0:00:00.000041,0:00:00.000034,0:00:00.002019,0:00:00.000045,0:00:00.000254,0:00:00.000163,0:00:00.001037,0:00:00.000081,0:00:00.001938,0:00:00.000128,0:00:00.000339,0:00:00.002253,0:00:00.000770,0:00:00.000014,0:00:00.000047,0:00:00.000071,0:00:00.003585,0:00:00.003558,0:00:00.003554,0:00:00.002673,0:00:00.004105,0:00:00.003588,0:00:00.003592,0:00:00.003418,0:00:00.003554,0:00:00.003760,0:00:00.003885,0:00:00.009636,0:00:00.003526,0:00:00.003446,0:00:00.003512,0:00:00.003576,0:00:00.003518,0:00:00.003395,0:00:00.003480,0:00:00.003413,0:00:00.003466,0:00:00.003452,0:00:00.003473,0:00:00.003456,0:00:00.003521,0:00:00.003514,0:00:00.003356,0:00:00.003508,0:00:00.003342,0:00:00.003518,0:00:00.003532,,0:00:00.139955
graph_name , nodes_count , edges_count, degree, degree cent., max neighbor degree, min neighbor degree, avg neighbor degree, std neighbor degree, eigenvector cent., closeness cent., harmonic cent., betweenness cent., coloring largest first, coloring smallest last, coloring independent set, coloring random sequential,coloring connected sequential dfs, coloring connected sequential bfs, edges within egonet, node clique number, number of cliques, clustering coef., square clustering coef., page rank, hubs value, triangles, core number, random,0,1,2,3,4,5,6,7,8,9,10,11,12,13,14,15,16,17,18,19,20,21,22,23,24,25,26,27,28,29,30, Total Time 
202,35,34,0:00:00.000001,0:00:00.000028,0:00:00.000037,0:00:00.000037,0:00:00.000037,0:00:00.000037,0:00:00.000290,0:00:00.000250,0:00:00.000332,0:00:00.000578,0:00:00.000036,0:00:00.000029,0:00:00.001717,0:00:00.000035,0:00:00.000158,0:00:00.000146,0:00:00.000894,0:00:00.000072,0:00:00.001539,0:00:00.000114,0:00:00.000242,0:00:00.002146,0:00:00.000727,0:00:00.000012,0:00:00.000040,0:00:00.000056,0:00:00.003525,0:00:00.003576,0:00:00.003524,0:00:00.003582,0:00:00.003870,0:00:00.003343,0:00:00.003514,0:00:00.003464,0:00:00.003472,0:00:00.003564,0:00:00.003780,0:00:00.006352,0:00:00.003483,0:00:00.003422,0:00:00.003496,0:00:00.003402,0:00:00.003562,0:00:00.003428,0:00:00.003518,0:00:00.003433,0:00:00.003577,0:00:00.003443,0:00:00.003558,0:00:00.003392,0:00:00.003345,0:00:00.003451,0:00:00.003559,0:00:00.003271,0:00:00.003479,0:00:00.003397,0:00:00.003554,,0:00:00.133598
graph_name , nodes_count , edges_count, degree, degree cent., max neighbor degree, min neighbor degree, avg neighbor degree, std neighbor degree, eigenvector cent., closeness cent., harmonic cent., betweenness cent., coloring largest first, coloring smallest last, coloring independent set, coloring random sequential,coloring connected sequential dfs, coloring connected sequential bfs, edges within egonet, node clique number, number of cliques, clustering coef., square clustering coef., page rank, hubs value, triangles, core number, random,0,1,2,3,4,5,6,7,8,9,10,11,12,13,14,15,16,17,18,19,20,21,22,23,24,25,26,27,28,29,30, Total Time 
203,36,36,0:00:00.000001,0:00:00.000029,0:00:00.000039,0:00:00.000039,0:00:00.000039,0:00:00.000039,0:00:00.000329,0:00:00.000263,0:00:00.000373,0:00:00.000674,0:00:00.000040,0:00:00.000032,0:00:00.001931,0:00:00.000038,0:00:00.000172,0:00:00.000160,0:00:00.001015,0:00:00.000076,0:00:00.001749,0:00:00.000121,0:00:00.000297,0:00:00.002374,0:00:00.000785,0:00:00.000008,0:00:00.000046,0:00:00.000060,0:00:00.003446,0:00:00.003479,0:00:00.003507,0:00:00.003467,0:00:00.003930,0:00:00.003460,0:00:00.003332,0:00:00.002530,0:00:00.003234,0:00:00.003466,0:00:00.003816,0:00:00.007738,0:00:00.003466,0:00:00.003548,0:00:00.003381,0:00:00.002689,0:00:00.003432,0:00:00.004102,0:00:00.003389,0:00:00.004142,0:00:00.003585,0:00:00.004058,0:00:00.003538,0:00:00.004130,0:00:00.003432,0:00:00.004128,0:00:00.003446,0:00:00.003966,0:00:00.003403,0:00:00.004064,0:00:00.003625,,0:00:00.139017
graph_name , nodes_count , edges_count, degree, degree cent., max neighbor degree, min neighbor degree, avg neighbor degree, std neighbor degree, eigenvector cent., closeness cent., harmonic cent., betweenness cent., coloring largest first, coloring smallest last, coloring independent set, coloring random sequential,coloring connected sequential dfs, coloring connected sequential bfs, edges within egonet, node clique number, number of cliques, clustering coef., square clustering coef., page rank, hubs value, triangles, core number, random,0,1,2,3,4,5,6,7,8,9,10,11,12,13,14,15,16,17,18,19,20,21,22,23,24,25,26,27,28,29,30, Total Time 
204,36,36,0:00:00.000002,0:00:00.000038,0:00:00.000085,0:00:00.000085,0:00:00.000085,0:00:00.000085,0:00:00.000537,0:00:00.000417,0:00:00.000600,0:00:00.001471,0:00:00.000082,0:00:00.000072,0:00:00.004107,0:00:00.000079,0:00:00.000357,0:00:00.000332,0:00:00.002139,0:00:00.000160,0:00:00.003690,0:00:00.000259,0:00:00.000642,0:00:00.004956,0:00:00.001662,0:00:00.000022,0:00:00.000091,0:00:00.000135,0:00:00.004222,0:00:00.003679,0:00:00.003531,0:00:00.003641,0:00:00.004883,0:00:00.003614,0:00:00.003653,0:00:00.003494,0:00:00.003565,0:00:00.003727,0:00:00.004644,0:00:00.008278,0:00:00.004219,0:00:00.003527,0:00:00.004153,0:00:00.003496,0:00:00.004341,0:00:00.003570,0:00:00.004028,0:00:00.003473,0:00:00.004085,0:00:00.003461,0:00:00.004157,0:00:00.003480,0:00:00.004091,0:00:00.003446,0:00:00.004296,0:00:00.003548,0:00:00.004175,0:00:00.003504,0:00:00.004305,,0:00:00.174916
graph_name , nodes_count , edges_count, degree, degree cent., max neighbor degree, min neighbor degree, avg neighbor degree, std neighbor degree, eigenvector cent., closeness cent., harmonic cent., betweenness cent., coloring largest first, coloring smallest last, coloring independent set, coloring random sequential,coloring connected sequential dfs, coloring connected sequential bfs, edges within egonet, node clique number, number of cliques, clustering coef., square clustering coef., page rank, hubs value, triangles, core number, random,0,1,2,3,4,5,6,7,8,9,10,11,12,13,14,15,16,17,18,19,20,21,22,23,24,25,26,27,28,29,30, Total Time 
205,38,38,0:00:00.000001,0:00:00.000031,0:00:00.000041,0:00:00.000041,0:00:00.000041,0:00:00.000041,0:00:00.000349,0:00:00.000288,0:00:00.000303,0:00:00.000754,0:00:00.000041,0:00:00.000034,0:00:00.002201,0:00:00.000040,0:00:00.000173,0:00:00.000162,0:00:00.001026,0:00:00.000082,0:00:00.001989,0:00:00.000127,0:00:00.000346,0:00:00.002245,0:00:00.000766,0:00:00.000011,0:00:00.000045,0:00:00.000066,0:00:00.003712,0:00:00.004328,0:00:00.003645,0:00:00.004368,0:00:00.004331,0:00:00.004683,0:00:00.003638,0:00:00.004272,0:00:00.003629,0:00:00.004552,0:00:00.004006,0:00:00.013025,0:00:00.003640,0:00:00.004257,0:00:00.003680,0:00:00.004114,0:00:00.003727,0:00:00.004087,0:00:00.003506,0:00:00.004176,0:00:00.003512,0:00:00.004213,0:00:00.003488,0:00:00.004179,0:00:00.003511,0:00:00.004038,0:00:00.003447,0:00:00.004191,0:00:00.003547,0:00:00.004083,0:00:00.003601,,0:00:00.156370
graph_name , nodes_count , edges_count, degree, degree cent., max neighbor degree, min neighbor degree, avg neighbor degree, std neighbor degree, eigenvector cent., closeness cent., harmonic cent., betweenness cent., coloring largest first, coloring smallest last, coloring independent set, coloring random sequential,coloring connected sequential dfs, coloring connected sequential bfs, edges within egonet, node clique number, number of cliques, clustering coef., square clustering coef., page rank, hubs value, triangles, core number, random,0,1,2,3,4,5,6,7,8,9,10,11,12,13,14,15,16,17,18,19,20,21,22,23,24,25,26,27,28,29,30, Total Time 
206,35,35,0:00:00.000002,0:00:00.000032,0:00:00.000066,0:00:00.000066,0:00:00.000066,0:00:00.000066,0:00:00.000415,0:00:00.000320,0:00:00.000445,0:00:00.001081,0:00:00.000065,0:00:00.000054,0:00:00.003280,0:00:00.000067,0:00:00.000272,0:00:00.000250,0:00:00.001620,0:00:00.000128,0:00:00.002804,0:00:00.000199,0:00:00.000479,0:00:00.003844,0:00:00.001216,0:00:00.000019,0:00:00.000071,0:00:00.000100,0:00:00.004290,0:00:00.003696,0:00:00.004150,0:00:00.003627,0:00:00.004673,0:00:00.003560,0:00:00.004171,0:00:00.003495,0:00:00.004134,0:00:00.003749,0:00:00.004576,0:00:00.007244,0:00:00.004110,0:00:00.003665,0:00:00.004182,0:00:00.003567,0:00:00.004348,0:00:00.003675,0:00:00.004305,0:00:00.003566,0:00:00.004365,0:00:00.003532,0:00:00.004164,0:00:00.003471,0:00:00.004234,0:00:00.003513,0:00:00.004159,0:00:00.003397,0:00:00.004083,0:00:00.003350,0:00:00.004047,,0:00:00.164334
graph_name , nodes_count , edges_count, degree, degree cent., max neighbor degree, min neighbor degree, avg neighbor degree, std neighbor degree, eigenvector cent., closeness cent., harmonic cent., betweenness cent., coloring largest first, coloring smallest last, coloring independent set, coloring random sequential,coloring connected sequential dfs, coloring connected sequential bfs, edges within egonet, node clique number, number of cliques, clustering coef., square clustering coef., page rank, hubs value, triangles, core number, random,0,1,2,3,4,5,6,7,8,9,10,11,12,13,14,15,16,17,18,19,20,21,22,23,24,25,26,27,28,29,30, Total Time 
207,38,35,0:00:00.000001,0:00:00.000033,0:00:00.000068,0:00:00.000068,0:00:00.000068,0:00:00.000068,0:00:00.000384,0:00:00.000379,0:00:00.000518,0:00:00.001252,0:00:00.000067,0:00:00.000057,0:00:00.003504,0:00:00.000065,0:00:00.000285,0:00:00.000271,0:00:00.001576,0:00:00.000215,0:00:00.003311,0:00:00.000200,0:00:00.000460,0:00:00.003952,0:00:00.001180,0:00:00.000023,0:00:00.000071,0:00:00.000106,0:00:00.003557,0:00:00.004206,0:00:00.003486,0:00:00.004190,0:00:00.004010,0:00:00.004017,0:00:00.003447,0:00:00.004002,0:00:00.003378,0:00:00.004244,0:00:00.003558,0:00:00.009599,0:00:00.003456,0:00:00.004239,0:00:00.003514,0:00:00.004114,0:00:00.003593,0:00:00.003521,0:00:00.003664,0:00:00.004136,0:00:00.003506,0:00:00.004175,0:00:00.003590,0:00:00.004192,0:00:00.003525,0:00:00.003465,0:00:00.003396,0:00:00.004142,0:00:00.003558,0:00:00.004143,0:00:00.003523,,0:00:00.163079
graph_name , nodes_count , edges_count, degree, degree cent., max neighbor degree, min neighbor degree, avg neighbor degree, std neighbor degree, eigenvector cent., closeness cent., harmonic cent., betweenness cent., coloring largest first, coloring smallest last, coloring independent set, coloring random sequential,coloring connected sequential dfs, coloring connected sequential bfs, edges within egonet, node clique number, number of cliques, clustering coef., square clustering coef., page rank, hubs value, triangles, core number, random,0,1,2,3,4,5,6,7,8,9,10,11,12,13,14,15,16,17,18,19,20,21,22,23,24,25,26,27,28,29,30, Total Time 
208,37,36,0:00:00.000002,0:00:00.000038,0:00:00.000087,0:00:00.000087,0:00:00.000087,0:00:00.000087,0:00:00.000541,0:00:00.000461,0:00:00.000611,0:00:00.001489,0:00:00.000081,0:00:00.000070,0:00:00.004083,0:00:00.000078,0:00:00.000352,0:00:00.000321,0:00:00.002098,0:00:00.000162,0:00:00.003976,0:00:00.000259,0:00:00.000678,0:00:00.004665,0:00:00.001508,0:00:00.000024,0:00:00.000090,0:00:00.000132,0:00:00.004305,0:00:00.003711,0:00:00.004280,0:00:00.003716,0:00:00.005022,0:00:00.003641,0:00:00.004174,0:00:00.003549,0:00:00.004171,0:00:00.003709,0:00:00.004093,0:00:00.008914,0:00:00.004015,0:00:00.003243,0:00:00.004176,0:00:00.003566,0:00:00.004209,0:00:00.003602,0:00:00.004187,0:00:00.003547,0:00:00.004194,0:00:00.003493,0:00:00.004155,0:00:00.003501,0:00:00.004213,0:00:00.003522,0:00:00.004237,0:00:00.003244,0:00:00.004104,0:00:00.003398,0:00:00.003910,,0:00:00.175267
graph_name , nodes_count , edges_count, degree, degree cent., max neighbor degree, min neighbor degree, avg neighbor degree, std neighbor degree, eigenvector cent., closeness cent., harmonic cent., betweenness cent., coloring largest first, coloring smallest last, coloring independent set, coloring random sequential,coloring connected sequential dfs, coloring connected sequential bfs, edges within egonet, node clique number, number of cliques, clustering coef., square clustering coef., page rank, hubs value, triangles, core number, random,0,1,2,3,4,5,6,7,8,9,10,11,12,13,14,15,16,17,18,19,20,21,22,23,24,25,26,27,28,29,30, Total Time 
209,37,37,0:00:00.000002,0:00:00.000031,0:00:00.000067,0:00:00.000067,0:00:00.000067,0:00:00.000067,0:00:00.000427,0:00:00.000359,0:00:00.000501,0:00:00.001205,0:00:00.000066,0:00:00.000055,0:00:00.003395,0:00:00.000065,0:00:00.000287,0:00:00.000278,0:00:00.001603,0:00:00.000132,0:00:00.003233,0:00:00.000205,0:00:00.000540,0:00:00.003879,0:00:00.001190,0:00:00.000018,0:00:00.000072,0:00:00.000102,0:00:00.003610,0:00:00.004289,0:00:00.003343,0:00:00.004343,0:00:00.004184,0:00:00.004054,0:00:00.003305,0:00:00.004226,0:00:00.003219,0:00:00.003563,0:00:00.003510,0:00:00.010834,0:00:00.003521,0:00:00.004062,0:00:00.003164,0:00:00.003963,0:00:00.003685,0:00:00.003761,0:00:00.003348,0:00:00.004006,0:00:00.003573,0:00:00.003594,0:00:00.003347,0:00:00.004301,0:00:00.003187,0:00:00.003716,0:00:00.003260,0:00:00.003884,0:00:00.003363,0:00:00.004125,0:00:00.003522,,0:00:00.161872
graph_name , nodes_count , edges_count, degree, degree cent., max neighbor degree, min neighbor degree, avg neighbor degree, std neighbor degree, eigenvector cent., closeness cent., harmonic cent., betweenness cent., coloring largest first, coloring smallest last, coloring independent set, coloring random sequential,coloring connected sequential dfs, coloring connected sequential bfs, edges within egonet, node clique number, number of cliques, clustering coef., square clustering coef., page rank, hubs value, triangles, core number, random,0,1,2,3,4,5,6,7,8,9,10,11,12,13,14,15,16,17,18,19,20,21,22,23,24,25,26,27,28,29,30, Total Time 
210,39,36,0:00:00.000002,0:00:00.000041,0:00:00.000090,0:00:00.000090,0:00:00.000090,0:00:00.000090,0:00:00.000559,0:00:00.000438,0:00:00.000629,0:00:00.001542,0:00:00.000085,0:00:00.000074,0:00:00.004499,0:00:00.000086,0:00:00.000387,0:00:00.000363,0:00:00.002013,0:00:00.000169,0:00:00.004313,0:00:00.000266,0:00:00.000650,0:00:00.004865,0:00:00.001660,0:00:00.000024,0:00:00.000091,0:00:00.000144,0:00:00.004244,0:00:00.003666,0:00:00.004094,0:00:00.003541,0:00:00.004623,0:00:00.003545,0:00:00.004123,0:00:00.003596,0:00:00.004173,0:00:00.003680,0:00:00.004205,0:00:00.009010,0:00:00.004110,0:00:00.003550,0:00:00.004151,0:00:00.003373,0:00:00.004102,0:00:00.003208,0:00:00.004007,0:00:00.003488,0:00:00.004175,0:00:00.003437,0:00:00.004024,0:00:00.003178,0:00:00.003849,0:00:00.003361,0:00:00.003877,0:00:00.003299,0:00:00.004066,0:00:00.003447,0:00:00.003943,,0:00:00.174971
graph_name , nodes_count , edges_count, degree, degree cent., max neighbor degree, min neighbor degree, avg neighbor degree, std neighbor degree, eigenvector cent., closeness cent., harmonic cent., betweenness cent., coloring largest first, coloring smallest last, coloring independent set, coloring random sequential,coloring connected sequential dfs, coloring connected sequential bfs, edges within egonet, node clique number, number of cliques, clustering coef., square clustering coef., page rank, hubs value, triangles, core number, random,0,1,2,3,4,5,6,7,8,9,10,11,12,13,14,15,16,17,18,19,20,21,22,23,24,25,26,27,28,29,30, Total Time 
211,37,36,0:00:00.000001,0:00:00.000030,0:00:00.000042,0:00:00.000042,0:00:00.000042,0:00:00.000042,0:00:00.000346,0:00:00.000280,0:00:00.000389,0:00:00.000709,0:00:00.000040,0:00:00.000032,0:00:00.001981,0:00:00.000038,0:00:00.000169,0:00:00.000170,0:00:00.001028,0:00:00.000079,0:00:00.001808,0:00:00.000122,0:00:00.000308,0:00:00.002287,0:00:00.000762,0:00:00.000006,0:00:00.000044,0:00:00.000057,0:00:00.003438,0:00:00.004148,0:00:00.003495,0:00:00.004307,0:00:00.004171,0:00:00.004127,0:00:00.003446,0:00:00.004224,0:00:00.003396,0:00:00.004296,0:00:00.003652,0:00:00.012094,0:00:00.003501,0:00:00.004080,0:00:00.003461,0:00:00.004059,0:00:00.003692,0:00:00.004052,0:00:00.003345,0:00:00.003964,0:00:00.003465,0:00:00.004165,0:00:00.003259,0:00:00.003927,0:00:00.003569,0:00:00.004191,0:00:00.003493,0:00:00.003854,0:00:00.003514,0:00:00.004212,0:00:00.003282,,0:00:00.150579
graph_name , nodes_count , edges_count, degree, degree cent., max neighbor degree, min neighbor degree, avg neighbor degree, std neighbor degree, eigenvector cent., closeness cent., harmonic cent., betweenness cent., coloring largest first, coloring smallest last, coloring independent set, coloring random sequential,coloring connected sequential dfs, coloring connected sequential bfs, edges within egonet, node clique number, number of cliques, clustering coef., square clustering coef., page rank, hubs value, triangles, core number, random,0,1,2,3,4,5,6,7,8,9,10,11,12,13,14,15,16,17,18,19,20,21,22,23,24,25,26,27,28,29,30, Total Time 
212,38,38,0:00:00.000003,0:00:00.000040,0:00:00.000088,0:00:00.000088,0:00:00.000088,0:00:00.000088,0:00:00.000564,0:00:00.000471,0:00:00.000664,0:00:00.001657,0:00:00.000085,0:00:00.000074,0:00:00.004392,0:00:00.000083,0:00:00.000529,0:00:00.000356,0:00:00.002198,0:00:00.000165,0:00:00.004068,0:00:00.000271,0:00:00.000793,0:00:00.004756,0:00:00.001531,0:00:00.000023,0:00:00.000096,0:00:00.000143,0:00:00.004188,0:00:00.003590,0:00:00.004114,0:00:00.003695,0:00:00.005154,0:00:00.003520,0:00:00.004051,0:00:00.003551,0:00:00.004143,0:00:00.003602,0:00:00.004650,0:00:00.010840,0:00:00.004237,0:00:00.003503,0:00:00.004246,0:00:00.003537,0:00:00.004233,0:00:00.003532,0:00:00.004199,0:00:00.003528,0:00:00.004160,0:00:00.003446,0:00:00.003873,0:00:00.003094,0:00:00.003912,0:00:00.003287,0:00:00.004141,0:00:00.003294,0:00:00.003969,0:00:00.003479,0:00:00.006517,,0:00:00.180972
graph_name , nodes_count , edges_count, degree, degree cent., max neighbor degree, min neighbor degree, avg neighbor degree, std neighbor degree, eigenvector cent., closeness cent., harmonic cent., betweenness cent., coloring largest first, coloring smallest last, coloring independent set, coloring random sequential,coloring connected sequential dfs, coloring connected sequential bfs, edges within egonet, node clique number, number of cliques, clustering coef., square clustering coef., page rank, hubs value, triangles, core number, random,0,1,2,3,4,5,6,7,8,9,10,11,12,13,14,15,16,17,18,19,20,21,22,23,24,25,26,27,28,29,30, Total Time 
213,37,39,0:00:00.000002,0:00:00.000033,0:00:00.000066,0:00:00.000066,0:00:00.000066,0:00:00.000066,0:00:00.000431,0:00:00.000343,0:00:00.000487,0:00:00.001199,0:00:00.000065,0:00:00.000056,0:00:00.003317,0:00:00.000065,0:00:00.000280,0:00:00.000262,0:00:00.001914,0:00:00.000129,0:00:00.003040,0:00:00.000211,0:00:00.000617,0:00:00.003636,0:00:00.001173,0:00:00.000016,0:00:00.000072,0:00:00.000104,0:00:00.003442,0:00:00.004125,0:00:00.003532,0:00:00.004151,0:00:00.004187,0:00:00.004031,0:00:00.003424,0:00:00.004072,0:00:00.003494,0:00:00.004756,0:00:00.003915,0:00:00.015311,0:00:00.003589,0:00:00.003971,0:00:00.003245,0:00:00.004131,0:00:00.003739,0:00:00.004074,0:00:00.002757,0:00:00.004102,0:00:00.003610,0:00:00.004176,0:00:00.003404,0:00:00.004250,0:00:00.003502,0:00:00.004168,0:00:00.003559,0:00:00.004050,0:00:00.003378,0:00:00.004226,0:00:00.003633,,0:00:00.169715
graph_name , nodes_count , edges_count, degree, degree cent., max neighbor degree, min neighbor degree, avg neighbor degree, std neighbor degree, eigenvector cent., closeness cent., harmonic cent., betweenness cent., coloring largest first, coloring smallest last, coloring independent set, coloring random sequential,coloring connected sequential dfs, coloring connected sequential bfs, edges within egonet, node clique number, number of cliques, clustering coef., square clustering coef., page rank, hubs value, triangles, core number, random,0,1,2,3,4,5,6,7,8,9,10,11,12,13,14,15,16,17,18,19,20,21,22,23,24,25,26,27,28,29,30, Total Time 
214,38,39,0:00:00.000002,0:00:00.000040,0:00:00.000087,0:00:00.000087,0:00:00.000087,0:00:00.000087,0:00:00.000560,0:00:00.000468,0:00:00.000671,0:00:00.001624,0:00:00.000087,0:00:00.000073,0:00:00.004509,0:00:00.000084,0:00:00.000362,0:00:00.000337,0:00:00.002310,0:00:00.000173,0:00:00.004296,0:00:00.000272,0:00:00.000784,0:00:00.004908,0:00:00.001565,0:00:00.000026,0:00:00.000098,0:00:00.000143,0:00:00.004372,0:00:00.003630,0:00:00.004335,0:00:00.003711,0:00:00.005334,0:00:00.003586,0:00:00.004279,0:00:00.003515,0:00:00.004350,0:00:00.003968,0:00:00.004931,0:00:00.011301,0:00:00.004320,0:00:00.003733,0:00:00.004322,0:00:00.003649,0:00:00.004356,0:00:00.003625,0:00:00.004243,0:00:00.003721,0:00:00.004396,0:00:00.003632,0:00:00.004217,0:00:00.003643,0:00:00.004163,0:00:00.003559,0:00:00.004223,0:00:00.003608,0:00:00.004288,0:00:00.003411,0:00:00.004516,,0:00:00.185191
graph_name , nodes_count , edges_count, degree, degree cent., max neighbor degree, min neighbor degree, avg neighbor degree, std neighbor degree, eigenvector cent., closeness cent., harmonic cent., betweenness cent., coloring largest first, coloring smallest last, coloring independent set, coloring random sequential,coloring connected sequential dfs, coloring connected sequential bfs, edges within egonet, node clique number, number of cliques, clustering coef., square clustering coef., page rank, hubs value, triangles, core number, random,0,1,2,3,4,5,6,7,8,9,10,11,12,13,14,15,16,17,18,19,20,21,22,23,24,25,26,27,28,29,30, Total Time 
215,37,36,0:00:00.000002,0:00:00.000034,0:00:00.000067,0:00:00.000067,0:00:00.000067,0:00:00.000067,0:00:00.000429,0:00:00.000343,0:00:00.000481,0:00:00.001182,0:00:00.000066,0:00:00.000056,0:00:00.003198,0:00:00.000062,0:00:00.000281,0:00:00.000263,0:00:00.001585,0:00:00.000129,0:00:00.003109,0:00:00.000202,0:00:00.000516,0:00:00.003714,0:00:00.001179,0:00:00.000021,0:00:00.000071,0:00:00.000099,0:00:00.003700,0:00:00.004363,0:00:00.003667,0:00:00.004418,0:00:00.004371,0:00:00.004449,0:00:00.003583,0:00:00.004284,0:00:00.003589,0:00:00.004413,0:00:00.003848,0:00:00.011011,0:00:00.003745,0:00:00.004365,0:00:00.003611,0:00:00.004293,0:00:00.003653,0:00:00.004221,0:00:00.003575,0:00:00.004290,0:00:00.003616,0:00:00.004204,0:00:00.003557,0:00:00.004300,0:00:00.003641,0:00:00.004301,0:00:00.003655,0:00:00.004272,0:00:00.003585,0:00:00.004184,0:00:00.003690,,0:00:00.169754
graph_name , nodes_count , edges_count, degree, degree cent., max neighbor degree, min neighbor degree, avg neighbor degree, std neighbor degree, eigenvector cent., closeness cent., harmonic cent., betweenness cent., coloring largest first, coloring smallest last, coloring independent set, coloring random sequential,coloring connected sequential dfs, coloring connected sequential bfs, edges within egonet, node clique number, number of cliques, clustering coef., square clustering coef., page rank, hubs value, triangles, core number, random,0,1,2,3,4,5,6,7,8,9,10,11,12,13,14,15,16,17,18,19,20,21,22,23,24,25,26,27,28,29,30, Total Time 
216,35,34,0:00:00.000003,0:00:00.000028,0:00:00.000082,0:00:00.000082,0:00:00.000082,0:00:00.000082,0:00:00.000511,0:00:00.000394,0:00:00.000570,0:00:00.001350,0:00:00.000079,0:00:00.000067,0:00:00.003818,0:00:00.000077,0:00:00.000364,0:00:00.000319,0:00:00.001996,0:00:00.000155,0:00:00.003669,0:00:00.000245,0:00:00.000546,0:00:00.004910,0:00:00.001467,0:00:00.000023,0:00:00.000096,0:00:00.000139,0:00:00.004308,0:00:00.003738,0:00:00.004251,0:00:00.003720,0:00:00.004639,0:00:00.003598,0:00:00.004293,0:00:00.003561,0:00:00.004291,0:00:00.003877,0:00:00.004637,0:00:00.008178,0:00:00.003664,0:00:00.004311,0:00:00.003600,0:00:00.004118,0:00:00.004179,0:00:00.004297,0:00:00.004414,0:00:00.004368,0:00:00.004293,0:00:00.004363,0:00:00.004396,0:00:00.004476,0:00:00.004339,0:00:00.004379,0:00:00.004389,0:00:00.004331,0:00:00.004395,0:00:00.004323,0:00:00.004482,,0:00:00.183616
graph_name , nodes_count , edges_count, degree, degree cent., max neighbor degree, min neighbor degree, avg neighbor degree, std neighbor degree, eigenvector cent., closeness cent., harmonic cent., betweenness cent., coloring largest first, coloring smallest last, coloring independent set, coloring random sequential,coloring connected sequential dfs, coloring connected sequential bfs, edges within egonet, node clique number, number of cliques, clustering coef., square clustering coef., page rank, hubs value, triangles, core number, random,0,1,2,3,4,5,6,7,8,9,10,11,12,13,14,15,16,17,18,19,20,21,22,23,24,25,26,27,28,29,30, Total Time 
217,41,41,0:00:00.000002,0:00:00.000024,0:00:00.000075,0:00:00.000075,0:00:00.000075,0:00:00.000075,0:00:00.000477,0:00:00.000435,0:00:00.000660,0:00:00.001564,0:00:00.000071,0:00:00.000063,0:00:00.003982,0:00:00.000071,0:00:00.000426,0:00:00.000296,0:00:00.002005,0:00:00.000139,0:00:00.003907,0:00:00.000232,0:00:00.000712,0:00:00.003883,0:00:00.001172,0:00:00.000026,0:00:00.000078,0:00:00.000123,0:00:00.004471,0:00:00.004427,0:00:00.004286,0:00:00.004493,0:00:00.005579,0:00:00.004415,0:00:00.004233,0:00:00.004335,0:00:00.004230,0:00:00.004850,0:00:00.004894,0:00:00.019783,0:00:00.004273,0:00:00.004431,0:00:00.004251,0:00:00.004429,0:00:00.004230,0:00:00.004337,0:00:00.004209,0:00:00.004287,0:00:00.004293,0:00:00.004297,0:00:00.004328,0:00:00.004218,0:00:00.004225,0:00:00.004351,0:00:00.004255,0:00:00.004385,0:00:00.004186,0:00:00.004306,0:00:00.004366,,0:00:00.195458
graph_name , nodes_count , edges_count, degree, degree cent., max neighbor degree, min neighbor degree, avg neighbor degree, std neighbor degree, eigenvector cent., closeness cent., harmonic cent., betweenness cent., coloring largest first, coloring smallest last, coloring independent set, coloring random sequential,coloring connected sequential dfs, coloring connected sequential bfs, edges within egonet, node clique number, number of cliques, clustering coef., square clustering coef., page rank, hubs value, triangles, core number, random,0,1,2,3,4,5,6,7,8,9,10,11,12,13,14,15,16,17,18,19,20,21,22,23,24,25,26,27,28,29,30, Total Time 
218,39,37,0:00:00.000002,0:00:00.000043,0:00:00.000091,0:00:00.000091,0:00:00.000091,0:00:00.000091,0:00:00.000575,0:00:00.000499,0:00:00.000700,0:00:00.001757,0:00:00.000091,0:00:00.000075,0:00:00.004641,0:00:00.000085,0:00:00.000370,0:00:00.000354,0:00:00.002398,0:00:00.000173,0:00:00.004358,0:00:00.000273,0:00:00.000697,0:00:00.004797,0:00:00.001592,0:00:00.000027,0:00:00.000099,0:00:00.000155,0:00:00.004480,0:00:00.004362,0:00:00.004393,0:00:00.004290,0:00:00.005225,0:00:00.004346,0:00:00.004393,0:00:00.004198,0:00:00.004720,0:00:00.004406,0:00:00.004737,0:00:00.012095,0:00:00.004406,0:00:00.004247,0:00:00.004313,0:00:00.004209,0:00:00.004478,0:00:00.004249,0:00:00.004250,0:00:00.004192,0:00:00.004231,0:00:00.004155,0:00:00.004323,0:00:00.004292,0:00:00.004458,0:00:00.004116,0:00:00.004367,0:00:00.004170,0:00:00.004260,0:00:00.004219,0:00:00.004224,,0:00:00.195965
graph_name , nodes_count , edges_count, degree, degree cent., max neighbor degree, min neighbor degree, avg neighbor degree, std neighbor degree, eigenvector cent., closeness cent., harmonic cent., betweenness cent., coloring largest first, coloring smallest last, coloring independent set, coloring random sequential,coloring connected sequential dfs, coloring connected sequential bfs, edges within egonet, node clique number, number of cliques, clustering coef., square clustering coef., page rank, hubs value, triangles, core number, random,0,1,2,3,4,5,6,7,8,9,10,11,12,13,14,15,16,17,18,19,20,21,22,23,24,25,26,27,28,29,30, Total Time 
219,39,38,0:00:00.000002,0:00:00.000034,0:00:00.000071,0:00:00.000071,0:00:00.000071,0:00:00.000071,0:00:00.000514,0:00:00.000392,0:00:00.000562,0:00:00.001395,0:00:00.000070,0:00:00.000059,0:00:00.003629,0:00:00.000067,0:00:00.000290,0:00:00.000273,0:00:00.001823,0:00:00.000136,0:00:00.003495,0:00:00.000218,0:00:00.000572,0:00:00.003847,0:00:00.001226,0:00:00.000013,0:00:00.000077,0:00:00.000117,0:00:00.004324,0:00:00.003692,0:00:00.004473,0:00:00.004654,0:00:00.005148,0:00:00.004324,0:00:00.004256,0:00:00.004231,0:00:00.004217,0:00:00.004519,0:00:00.004565,0:00:00.012978,0:00:00.004390,0:00:00.004264,0:00:00.004219,0:00:00.004289,0:00:00.004316,0:00:00.004147,0:00:00.004214,0:00:00.004154,0:00:00.004144,0:00:00.004220,0:00:00.004039,0:00:00.004248,0:00:00.004229,0:00:00.004168,0:00:00.004157,0:00:00.004215,0:00:00.004108,0:00:00.004022,0:00:00.004154,,0:00:00.183483
graph_name , nodes_count , edges_count, degree, degree cent., max neighbor degree, min neighbor degree, avg neighbor degree, std neighbor degree, eigenvector cent., closeness cent., harmonic cent., betweenness cent., coloring largest first, coloring smallest last, coloring independent set, coloring random sequential,coloring connected sequential dfs, coloring connected sequential bfs, edges within egonet, node clique number, number of cliques, clustering coef., square clustering coef., page rank, hubs value, triangles, core number, random,0,1,2,3,4,5,6,7,8,9,10,11,12,13,14,15,16,17,18,19,20,21,22,23,24,25,26,27,28,29,30, Total Time 
220,35,32,0:00:00.000002,0:00:00.000039,0:00:00.000080,0:00:00.000080,0:00:00.000080,0:00:00.000080,0:00:00.000505,0:00:00.000344,0:00:00.000492,0:00:00.001146,0:00:00.000078,0:00:00.000064,0:00:00.003638,0:00:00.000075,0:00:00.000355,0:00:00.000497,0:00:00.001680,0:00:00.000150,0:00:00.003454,0:00:00.000239,0:00:00.000488,0:00:00.004777,0:00:00.001482,0:00:00.000022,0:00:00.000081,0:00:00.000112,0:00:00.004257,0:00:00.004235,0:00:00.004237,0:00:00.004179,0:00:00.003932,0:00:00.004134,0:00:00.004227,0:00:00.004163,0:00:00.004124,0:00:00.004367,0:00:00.003689,0:00:00.007206,0:00:00.004224,0:00:00.004240,0:00:00.004171,0:00:00.004128,0:00:00.004266,0:00:00.004100,0:00:00.003633,0:00:00.004098,0:00:00.004213,0:00:00.004352,0:00:00.004243,0:00:00.004230,0:00:00.003614,0:00:00.004228,0:00:00.004160,0:00:00.004158,0:00:00.004097,0:00:00.004267,0:00:00.003643,,0:00:00.177705
graph_name , nodes_count , edges_count, degree, degree cent., max neighbor degree, min neighbor degree, avg neighbor degree, std neighbor degree, eigenvector cent., closeness cent., harmonic cent., betweenness cent., coloring largest first, coloring smallest last, coloring independent set, coloring random sequential,coloring connected sequential dfs, coloring connected sequential bfs, edges within egonet, node clique number, number of cliques, clustering coef., square clustering coef., page rank, hubs value, triangles, core number, random,0,1,2,3,4,5,6,7,8,9,10,11,12,13,14,15,16,17,18,19,20,21,22,23,24,25,26,27,28,29,30, Total Time 
221,42,41,0:00:00.000002,0:00:00.000032,0:00:00.000096,0:00:00.000096,0:00:00.000096,0:00:00.000096,0:00:00.000614,0:00:00.000559,0:00:00.000824,0:00:00.002143,0:00:00.000092,0:00:00.000088,0:00:00.005739,0:00:00.000093,0:00:00.000393,0:00:00.000365,0:00:00.002612,0:00:00.000182,0:00:00.005086,0:00:00.000308,0:00:00.000896,0:00:00.004758,0:00:00.001484,0:00:00.000029,0:00:00.000101,0:00:00.000162,0:00:00.004347,0:00:00.004513,0:00:00.004347,0:00:00.004548,0:00:00.005715,0:00:00.004070,0:00:00.004288,0:00:00.004242,0:00:00.004307,0:00:00.004568,0:00:00.004774,0:00:00.019388,0:00:00.004627,0:00:00.004220,0:00:00.004357,0:00:00.004270,0:00:00.004453,0:00:00.004309,0:00:00.008325,0:00:00.004964,0:00:00.004334,0:00:00.004347,0:00:00.004361,0:00:00.004190,0:00:00.004317,0:00:00.004309,0:00:00.004320,0:00:00.004217,0:00:00.004347,0:00:00.004059,0:00:00.004247,,0:00:00.211943
graph_name , nodes_count , edges_count, degree, degree cent., max neighbor degree, min neighbor degree, avg neighbor degree, std neighbor degree, eigenvector cent., closeness cent., harmonic cent., betweenness cent., coloring largest first, coloring smallest last, coloring independent set, coloring random sequential,coloring connected sequential dfs, coloring connected sequential bfs, edges within egonet, node clique number, number of cliques, clustering coef., square clustering coef., page rank, hubs value, triangles, core number, random,0,1,2,3,4,5,6,7,8,9,10,11,12,13,14,15,16,17,18,19,20,21,22,23,24,25,26,27,28,29,30, Total Time 
222,37,35,0:00:00.000002,0:00:00.000038,0:00:00.000084,0:00:00.000084,0:00:00.000084,0:00:00.000084,0:00:00.000530,0:00:00.000444,0:00:00.000627,0:00:00.001507,0:00:00.000084,0:00:00.000070,0:00:00.004277,0:00:00.000084,0:00:00.000354,0:00:00.000338,0:00:00.001986,0:00:00.000158,0:00:00.003788,0:00:00.000253,0:00:00.000596,0:00:00.004732,0:00:00.001539,0:00:00.000024,0:00:00.000091,0:00:00.000131,0:00:00.004454,0:00:00.004492,0:00:00.004279,0:00:00.004498,0:00:00.005236,0:00:00.004519,0:00:00.004166,0:00:00.004412,0:00:00.004234,0:00:00.004720,0:00:00.004557,0:00:00.010731,0:00:00.004260,0:00:00.004394,0:00:00.004295,0:00:00.004360,0:00:00.004418,0:00:00.004464,0:00:00.004189,0:00:00.004208,0:00:00.004277,0:00:00.004308,0:00:00.004192,0:00:00.004391,0:00:00.004219,0:00:00.004165,0:00:00.004173,0:00:00.004176,0:00:00.004227,0:00:00.004237,0:00:00.004113,,0:00:00.190946
graph_name , nodes_count , edges_count, degree, degree cent., max neighbor degree, min neighbor degree, avg neighbor degree, std neighbor degree, eigenvector cent., closeness cent., harmonic cent., betweenness cent., coloring largest first, coloring smallest last, coloring independent set, coloring random sequential,coloring connected sequential dfs, coloring connected sequential bfs, edges within egonet, node clique number, number of cliques, clustering coef., square clustering coef., page rank, hubs value, triangles, core number, random,0,1,2,3,4,5,6,7,8,9,10,11,12,13,14,15,16,17,18,19,20,21,22,23,24,25,26,27,28,29,30, Total Time 
223,35,35,0:00:00.000002,0:00:00.000026,0:00:00.000081,0:00:00.000081,0:00:00.000081,0:00:00.000081,0:00:00.000567,0:00:00.000395,0:00:00.000550,0:00:00.001292,0:00:00.000077,0:00:00.000066,0:00:00.003674,0:00:00.000076,0:00:00.000338,0:00:00.000314,0:00:00.001958,0:00:00.000153,0:00:00.003561,0:00:00.000246,0:00:00.000615,0:00:00.004692,0:00:00.001425,0:00:00.000022,0:00:00.000084,0:00:00.000123,0:00:00.004524,0:00:00.004651,0:00:00.004420,0:00:00.004389,0:00:00.005170,0:00:00.004310,0:00:00.004274,0:00:00.004257,0:00:00.004332,0:00:00.004567,0:00:00.004828,0:00:00.009804,0:00:00.004378,0:00:00.004351,0:00:00.004166,0:00:00.004206,0:00:00.004456,0:00:00.004346,0:00:00.004221,0:00:00.004339,0:00:00.004196,0:00:00.004242,0:00:00.003980,0:00:00.004313,0:00:00.004171,0:00:00.004315,0:00:00.004165,0:00:00.004242,0:00:00.004269,0:00:00.004082,0:00:00.004191,,0:00:00.188168
graph_name , nodes_count , edges_count, degree, degree cent., max neighbor degree, min neighbor degree, avg neighbor degree, std neighbor degree, eigenvector cent., closeness cent., harmonic cent., betweenness cent., coloring largest first, coloring smallest last, coloring independent set, coloring random sequential,coloring connected sequential dfs, coloring connected sequential bfs, edges within egonet, node clique number, number of cliques, clustering coef., square clustering coef., page rank, hubs value, triangles, core number, random,0,1,2,3,4,5,6,7,8,9,10,11,12,13,14,15,16,17,18,19,20,21,22,23,24,25,26,27,28,29,30, Total Time 
224,37,34,0:00:00.000002,0:00:00.000041,0:00:00.000087,0:00:00.000087,0:00:00.000087,0:00:00.000087,0:00:00.000507,0:00:00.000415,0:00:00.000576,0:00:00.001358,0:00:00.000095,0:00:00.000074,0:00:00.004343,0:00:00.000082,0:00:00.000386,0:00:00.000353,0:00:00.001860,0:00:00.000167,0:00:00.004048,0:00:00.000257,0:00:00.000567,0:00:00.004991,0:00:00.001649,0:00:00.000022,0:00:00.000089,0:00:00.000125,0:00:00.004505,0:00:00.004529,0:00:00.004451,0:00:00.004449,0:00:00.004951,0:00:00.004326,0:00:00.004373,0:00:00.004260,0:00:00.004313,0:00:00.004396,0:00:00.004705,0:00:00.009051,0:00:00.004468,0:00:00.004352,0:00:00.004355,0:00:00.004346,0:00:00.004423,0:00:00.004429,0:00:00.004393,0:00:00.004245,0:00:00.004516,0:00:00.004336,0:00:00.004462,0:00:00.004354,0:00:00.004339,0:00:00.004362,0:00:00.004420,0:00:00.004344,0:00:00.004314,0:00:00.004237,0:00:00.004376,,0:00:00.192338
graph_name , nodes_count , edges_count, degree, degree cent., max neighbor degree, min neighbor degree, avg neighbor degree, std neighbor degree, eigenvector cent., closeness cent., harmonic cent., betweenness cent., coloring largest first, coloring smallest last, coloring independent set, coloring random sequential,coloring connected sequential dfs, coloring connected sequential bfs, edges within egonet, node clique number, number of cliques, clustering coef., square clustering coef., page rank, hubs value, triangles, core number, random,0,1,2,3,4,5,6,7,8,9,10,11,12,13,14,15,16,17,18,19,20,21,22,23,24,25,26,27,28,29,30, Total Time 
225,38,39,0:00:00.000002,0:00:00.000042,0:00:00.000088,0:00:00.000088,0:00:00.000088,0:00:00.000088,0:00:00.000582,0:00:00.000476,0:00:00.000670,0:00:00.001667,0:00:00.000087,0:00:00.000073,0:00:00.004503,0:00:00.000085,0:00:00.000393,0:00:00.000348,0:00:00.002334,0:00:00.000166,0:00:00.004080,0:00:00.000283,0:00:00.000851,0:00:00.004873,0:00:00.001569,0:00:00.000035,0:00:00.000098,0:00:00.000137,0:00:00.004502,0:00:00.004642,0:00:00.004482,0:00:00.004655,0:00:00.005741,0:00:00.004463,0:00:00.004438,0:00:00.004360,0:00:00.004715,0:00:00.004738,0:00:00.005047,0:00:00.021000,0:00:00.004454,0:00:00.004399,0:00:00.004426,0:00:00.004425,0:00:00.004420,0:00:00.004332,0:00:00.004323,0:00:00.004304,0:00:00.004392,0:00:00.004322,0:00:00.004285,0:00:00.004418,0:00:00.004223,0:00:00.004350,0:00:00.004386,0:00:00.004177,0:00:00.004252,0:00:00.004391,0:00:00.004392,,0:00:00.207988
graph_name , nodes_count , edges_count, degree, degree cent., max neighbor degree, min neighbor degree, avg neighbor degree, std neighbor degree, eigenvector cent., closeness cent., harmonic cent., betweenness cent., coloring largest first, coloring smallest last, coloring independent set, coloring random sequential,coloring connected sequential dfs, coloring connected sequential bfs, edges within egonet, node clique number, number of cliques, clustering coef., square clustering coef., page rank, hubs value, triangles, core number, random,0,1,2,3,4,5,6,7,8,9,10,11,12,13,14,15,16,17,18,19,20,21,22,23,24,25,26,27,28,29,30, Total Time 
226,33,32,0:00:00.000002,0:00:00.000038,0:00:00.000079,0:00:00.000079,0:00:00.000079,0:00:00.000079,0:00:00.000452,0:00:00.000361,0:00:00.000499,0:00:00.001159,0:00:00.000079,0:00:00.000064,0:00:00.003536,0:00:00.000074,0:00:00.000338,0:00:00.000310,0:00:00.001740,0:00:00.000154,0:00:00.003179,0:00:00.000240,0:00:00.000470,0:00:00.004913,0:00:00.001610,0:00:00.000021,0:00:00.000085,0:00:00.000117,0:00:00.004387,0:00:00.004274,0:00:00.004495,0:00:00.004419,0:00:00.004884,0:00:00.004399,0:00:00.004709,0:00:00.004714,0:00:00.004375,0:00:00.004729,0:00:00.004631,0:00:00.006830,0:00:00.004416,0:00:00.004310,0:00:00.004332,0:00:00.004354,0:00:00.004361,0:00:00.004460,0:00:00.004261,0:00:00.004356,0:00:00.004349,0:00:00.004273,0:00:00.004267,0:00:00.004296,0:00:00.004219,0:00:00.004207,0:00:00.004195,0:00:00.004368,0:00:00.004363,0:00:00.004251,0:00:00.004326,,0:00:00.186561
graph_name , nodes_count , edges_count, degree, degree cent., max neighbor degree, min neighbor degree, avg neighbor degree, std neighbor degree, eigenvector cent., closeness cent., harmonic cent., betweenness cent., coloring largest first, coloring smallest last, coloring independent set, coloring random sequential,coloring connected sequential dfs, coloring connected sequential bfs, edges within egonet, node clique number, number of cliques, clustering coef., square clustering coef., page rank, hubs value, triangles, core number, random,0,1,2,3,4,5,6,7,8,9,10,11,12,13,14,15,16,17,18,19,20,21,22,23,24,25,26,27,28,29,30, Total Time 
227,38,34,0:00:00.000002,0:00:00.000043,0:00:00.000087,0:00:00.000087,0:00:00.000087,0:00:00.000087,0:00:00.000511,0:00:00.000439,0:00:00.000604,0:00:00.001421,0:00:00.000085,0:00:00.000073,0:00:00.004481,0:00:00.000084,0:00:00.000385,0:00:00.000355,0:00:00.002072,0:00:00.000169,0:00:00.004204,0:00:00.000260,0:00:00.000549,0:00:00.004863,0:00:00.001531,0:00:00.000023,0:00:00.000086,0:00:00.000131,0:00:00.004955,0:00:00.004566,0:00:00.004545,0:00:00.004476,0:00:00.005263,0:00:00.004684,0:00:00.004793,0:00:00.004371,0:00:00.004386,0:00:00.004584,0:00:00.005005,0:00:00.009296,0:00:00.004538,0:00:00.004436,0:00:00.004771,0:00:00.004696,0:00:00.004689,0:00:00.004651,0:00:00.004377,0:00:00.004426,0:00:00.004373,0:00:00.004660,0:00:00.004377,0:00:00.004608,0:00:00.004325,0:00:00.004352,0:00:00.004162,0:00:00.004238,0:00:00.004403,0:00:00.004208,0:00:00.004300,,0:00:00.196392
graph_name , nodes_count , edges_count, degree, degree cent., max neighbor degree, min neighbor degree, avg neighbor degree, std neighbor degree, eigenvector cent., closeness cent., harmonic cent., betweenness cent., coloring largest first, coloring smallest last, coloring independent set, coloring random sequential,coloring connected sequential dfs, coloring connected sequential bfs, edges within egonet, node clique number, number of cliques, clustering coef., square clustering coef., page rank, hubs value, triangles, core number, random,0,1,2,3,4,5,6,7,8,9,10,11,12,13,14,15,16,17,18,19,20,21,22,23,24,25,26,27,28,29,30, Total Time 
228,40,37,0:00:00.000001,0:00:00.000030,0:00:00.000042,0:00:00.000042,0:00:00.000042,0:00:00.000042,0:00:00.000402,0:00:00.000293,0:00:00.000419,0:00:00.000760,0:00:00.000041,0:00:00.000034,0:00:00.002310,0:00:00.000042,0:00:00.000186,0:00:00.000175,0:00:00.001175,0:00:00.000083,0:00:00.002128,0:00:00.000126,0:00:00.000323,0:00:00.002259,0:00:00.000762,0:00:00.000014,0:00:00.000042,0:00:00.000068,0:00:00.004361,0:00:00.003655,0:00:00.004092,0:00:00.003483,0:00:00.004209,0:00:00.003399,0:00:00.003299,0:00:00.003408,0:00:00.003478,0:00:00.003606,0:00:00.003597,0:00:00.011513,0:00:00.003489,0:00:00.003403,0:00:00.003401,0:00:00.003361,0:00:00.003484,0:00:00.003384,0:00:00.003307,0:00:00.002653,0:00:00.003368,0:00:00.003557,0:00:00.003390,0:00:00.003447,0:00:00.003444,0:00:00.003527,0:00:00.003359,0:00:00.003472,0:00:00.003451,0:00:00.003453,0:00:00.003345,,0:00:00.141605
graph_name , nodes_count , edges_count, degree, degree cent., max neighbor degree, min neighbor degree, avg neighbor degree, std neighbor degree, eigenvector cent., closeness cent., harmonic cent., betweenness cent., coloring largest first, coloring smallest last, coloring independent set, coloring random sequential,coloring connected sequential dfs, coloring connected sequential bfs, edges within egonet, node clique number, number of cliques, clustering coef., square clustering coef., page rank, hubs value, triangles, core number, random,0,1,2,3,4,5,6,7,8,9,10,11,12,13,14,15,16,17,18,19,20,21,22,23,24,25,26,27,28,29,30, Total Time 
229,38,35,0:00:00.000001,0:00:00.000030,0:00:00.000042,0:00:00.000042,0:00:00.000042,0:00:00.000042,0:00:00.000339,0:00:00.000262,0:00:00.000376,0:00:00.000725,0:00:00.000039,0:00:00.000032,0:00:00.001975,0:00:00.000039,0:00:00.000181,0:00:00.000172,0:00:00.000928,0:00:00.000081,0:00:00.001941,0:00:00.000122,0:00:00.000278,0:00:00.002266,0:00:00.000764,0:00:00.000011,0:00:00.000043,0:00:00.000066,0:00:00.003534,0:00:00.003642,0:00:00.003455,0:00:00.003560,0:00:00.004033,0:00:00.003537,0:00:00.003493,0:00:00.003556,0:00:00.003421,0:00:00.003590,0:00:00.003525,0:00:00.007744,0:00:00.003537,0:00:00.003445,0:00:00.003421,0:00:00.003561,0:00:00.003428,0:00:00.004134,0:00:00.003393,0:00:00.003418,0:00:00.003348,0:00:00.003370,0:00:00.003300,0:00:00.003392,0:00:00.003343,0:00:00.003383,0:00:00.003351,0:00:00.003216,0:00:00.003276,0:00:00.003374,0:00:00.003334,,0:00:00.136311
graph_name , nodes_count , edges_count, degree, degree cent., max neighbor degree, min neighbor degree, avg neighbor degree, std neighbor degree, eigenvector cent., closeness cent., harmonic cent., betweenness cent., coloring largest first, coloring smallest last, coloring independent set, coloring random sequential,coloring connected sequential dfs, coloring connected sequential bfs, edges within egonet, node clique number, number of cliques, clustering coef., square clustering coef., page rank, hubs value, triangles, core number, random,0,1,2,3,4,5,6,7,8,9,10,11,12,13,14,15,16,17,18,19,20,21,22,23,24,25,26,27,28,29,30, Total Time 
230,36,36,0:00:00.000002,0:00:00.000022,0:00:00.000063,0:00:00.000063,0:00:00.000063,0:00:00.000063,0:00:00.000404,0:00:00.000318,0:00:00.000451,0:00:00.001096,0:00:00.000062,0:00:00.000053,0:00:00.003103,0:00:00.000059,0:00:00.000266,0:00:00.000253,0:00:00.001618,0:00:00.000123,0:00:00.002975,0:00:00.000197,0:00:00.000516,0:00:00.003629,0:00:00.001098,0:00:00.000016,0:00:00.000070,0:00:00.000098,0:00:00.003433,0:00:00.003534,0:00:00.003489,0:00:00.002778,0:00:00.004004,0:00:00.003478,0:00:00.003494,0:00:00.003501,0:00:00.003421,0:00:00.003720,0:00:00.003792,0:00:00.008872,0:00:00.003465,0:00:00.003536,0:00:00.003465,0:00:00.003550,0:00:00.003473,0:00:00.003554,0:00:00.003477,0:00:00.003489,0:00:00.002751,0:00:00.003341,0:00:00.003347,0:00:00.003541,0:00:00.003231,0:00:00.003316,0:00:00.003402,0:00:00.002585,0:00:00.003401,0:00:00.003376,0:00:00.003402,,0:00:00.149057
graph_name , nodes_count , edges_count, degree, degree cent., max neighbor degree, min neighbor degree, avg neighbor degree, std neighbor degree, eigenvector cent., closeness cent., harmonic cent., betweenness cent., coloring largest first, coloring smallest last, coloring independent set, coloring random sequential,coloring connected sequential dfs, coloring connected sequential bfs, edges within egonet, node clique number, number of cliques, clustering coef., square clustering coef., page rank, hubs value, triangles, core number, random,0,1,2,3,4,5,6,7,8,9,10,11,12,13,14,15,16,17,18,19,20,21,22,23,24,25,26,27,28,29,30, Total Time 
231,37,38,0:00:00.000001,0:00:00.000029,0:00:00.000040,0:00:00.000040,0:00:00.000040,0:00:00.000040,0:00:00.000343,0:00:00.000272,0:00:00.000392,0:00:00.000689,0:00:00.000039,0:00:00.000032,0:00:00.001945,0:00:00.000038,0:00:00.000168,0:00:00.000231,0:00:00.000997,0:00:00.000077,0:00:00.001823,0:00:00.000124,0:00:00.000341,0:00:00.002270,0:00:00.000756,0:00:00.000012,0:00:00.000044,0:00:00.000061,0:00:00.003775,0:00:00.003907,0:00:00.003512,0:00:00.003823,0:00:00.003045,0:00:00.002639,0:00:00.003517,0:00:00.003748,0:00:00.003442,0:00:00.003689,0:00:00.003806,0:00:00.010291,0:00:00.002995,0:00:00.003395,0:00:00.003597,0:00:00.003508,0:00:00.003550,0:00:00.003496,0:00:00.003403,0:00:00.003453,0:00:00.003485,0:00:00.003495,0:00:00.003318,0:00:00.003365,0:00:00.003346,0:00:00.003490,0:00:00.003336,0:00:00.003320,0:00:00.003333,0:00:00.003410,0:00:00.003568,,0:00:00.138354
graph_name , nodes_count , edges_count, degree, degree cent., max neighbor degree, min neighbor degree, avg neighbor degree, std neighbor degree, eigenvector cent., closeness cent., harmonic cent., betweenness cent., coloring largest first, coloring smallest last, coloring independent set, coloring random sequential,coloring connected sequential dfs, coloring connected sequential bfs, edges within egonet, node clique number, number of cliques, clustering coef., square clustering coef., page rank, hubs value, triangles, core number, random,0,1,2,3,4,5,6,7,8,9,10,11,12,13,14,15,16,17,18,19,20,21,22,23,24,25,26,27,28,29,30, Total Time 
232,36,33,0:00:00.000001,0:00:00.000031,0:00:00.000065,0:00:00.000065,0:00:00.000065,0:00:00.000065,0:00:00.000537,0:00:00.000320,0:00:00.000452,0:00:00.001062,0:00:00.000062,0:00:00.000052,0:00:00.003114,0:00:00.000061,0:00:00.000265,0:00:00.000258,0:00:00.001610,0:00:00.000120,0:00:00.002801,0:00:00.000188,0:00:00.000378,0:00:00.003610,0:00:00.001158,0:00:00.000019,0:00:00.000067,0:00:00.000095,0:00:00.003510,0:00:00.003542,0:00:00.003409,0:00:00.003519,0:00:00.003792,0:00:00.003486,0:00:00.003341,0:00:00.003405,0:00:00.003421,0:00:00.003556,0:00:00.002607,0:00:00.005765,0:00:00.003525,0:00:00.003354,0:00:00.003362,0:00:00.003397,0:00:00.003376,0:00:00.003450,0:00:00.003369,0:00:00.003317,0:00:00.003660,0:00:00.003359,0:00:00.003529,0:00:00.003323,0:00:00.003449,0:00:00.003483,0:00:00.002600,0:00:00.003271,0:00:00.003337,0:00:00.003361,0:00:00.003465,,0:00:00.144946
graph_name , nodes_count , edges_count, degree, degree cent., max neighbor degree, min neighbor degree, avg neighbor degree, std neighbor degree, eigenvector cent., closeness cent., harmonic cent., betweenness cent., coloring largest first, coloring smallest last, coloring independent set, coloring random sequential,coloring connected sequential dfs, coloring connected sequential bfs, edges within egonet, node clique number, number of cliques, clustering coef., square clustering coef., page rank, hubs value, triangles, core number, random,0,1,2,3,4,5,6,7,8,9,10,11,12,13,14,15,16,17,18,19,20,21,22,23,24,25,26,27,28,29,30, Total Time 
233,38,37,0:00:00.000001,0:00:00.000028,0:00:00.000043,0:00:00.000043,0:00:00.000043,0:00:00.000043,0:00:00.000355,0:00:00.000272,0:00:00.000367,0:00:00.000685,0:00:00.000040,0:00:00.000032,0:00:00.002081,0:00:00.000040,0:00:00.000182,0:00:00.000171,0:00:00.000929,0:00:00.000078,0:00:00.001935,0:00:00.000123,0:00:00.000328,0:00:00.002313,0:00:00.000748,0:00:00.000009,0:00:00.000043,0:00:00.000059,0:00:00.003597,0:00:00.003545,0:00:00.003538,0:00:00.003554,0:00:00.004231,0:00:00.003546,0:00:00.003374,0:00:00.003473,0:00:00.003497,0:00:00.003726,0:00:00.003727,0:00:00.010051,0:00:00.003521,0:00:00.003530,0:00:00.003487,0:00:00.003445,0:00:00.003478,0:00:00.003349,0:00:00.003407,0:00:00.003358,0:00:00.003461,0:00:00.003413,0:00:00.003398,0:00:00.003410,0:00:00.003442,0:00:00.003389,0:00:00.003496,0:00:00.003438,0:00:00.003334,0:00:00.003431,0:00:00.003480,,0:00:00.139482
graph_name , nodes_count , edges_count, degree, degree cent., max neighbor degree, min neighbor degree, avg neighbor degree, std neighbor degree, eigenvector cent., closeness cent., harmonic cent., betweenness cent., coloring largest first, coloring smallest last, coloring independent set, coloring random sequential,coloring connected sequential dfs, coloring connected sequential bfs, edges within egonet, node clique number, number of cliques, clustering coef., square clustering coef., page rank, hubs value, triangles, core number, random,0,1,2,3,4,5,6,7,8,9,10,11,12,13,14,15,16,17,18,19,20,21,22,23,24,25,26,27,28,29,30, Total Time 
234,36,35,0:00:00.000002,0:00:00.000039,0:00:00.000085,0:00:00.000085,0:00:00.000085,0:00:00.000085,0:00:00.000538,0:00:00.000425,0:00:00.000608,0:00:00.001444,0:00:00.000084,0:00:00.000069,0:00:00.004028,0:00:00.000081,0:00:00.000358,0:00:00.000329,0:00:00.002140,0:00:00.000167,0:00:00.003926,0:00:00.000256,0:00:00.000582,0:00:00.004921,0:00:00.001514,0:00:00.000023,0:00:00.000089,0:00:00.000131,0:00:00.003466,0:00:00.003598,0:00:00.003455,0:00:00.003532,0:00:00.003837,0:00:00.003506,0:00:00.003459,0:00:00.003456,0:00:00.004220,0:00:00.003670,0:00:00.004481,0:00:00.007047,0:00:00.004319,0:00:00.003555,0:00:00.004144,0:00:00.003607,0:00:00.004280,0:00:00.003514,0:00:00.004158,0:00:00.003560,0:00:00.004195,0:00:00.003517,0:00:00.004214,0:00:00.003544,0:00:00.004136,0:00:00.003633,0:00:00.004181,0:00:00.003570,0:00:00.004323,0:00:00.003483,0:00:00.004337,,0:00:00.172146
graph_name , nodes_count , edges_count, degree, degree cent., max neighbor degree, min neighbor degree, avg neighbor degree, std neighbor degree, eigenvector cent., closeness cent., harmonic cent., betweenness cent., coloring largest first, coloring smallest last, coloring independent set, coloring random sequential,coloring connected sequential dfs, coloring connected sequential bfs, edges within egonet, node clique number, number of cliques, clustering coef., square clustering coef., page rank, hubs value, triangles, core number, random,0,1,2,3,4,5,6,7,8,9,10,11,12,13,14,15,16,17,18,19,20,21,22,23,24,25,26,27,28,29,30, Total Time 
235,39,36,0:00:00.000001,0:00:00.000030,0:00:00.000042,0:00:00.000042,0:00:00.000042,0:00:00.000042,0:00:00.000355,0:00:00.000299,0:00:00.000432,0:00:00.000772,0:00:00.000041,0:00:00.000033,0:00:00.002143,0:00:00.000040,0:00:00.000178,0:00:00.000166,0:00:00.000984,0:00:00.000078,0:00:00.001919,0:00:00.000124,0:00:00.000280,0:00:00.002236,0:00:00.000750,0:00:00.000011,0:00:00.000045,0:00:00.000068,0:00:00.003677,0:00:00.004672,0:00:00.003659,0:00:00.004455,0:00:00.004109,0:00:00.004635,0:00:00.003662,0:00:00.004554,0:00:00.003595,0:00:00.004518,0:00:00.003776,0:00:00.009966,0:00:00.003688,0:00:00.004308,0:00:00.003655,0:00:00.004210,0:00:00.003620,0:00:00.004151,0:00:00.003663,0:00:00.004215,0:00:00.003651,0:00:00.004207,0:00:00.003653,0:00:00.004236,0:00:00.003616,0:00:00.004207,0:00:00.003594,0:00:00.004205,0:00:00.003641,0:00:00.004195,0:00:00.003511,,0:00:00.154412
graph_name , nodes_count , edges_count, degree, degree cent., max neighbor degree, min neighbor degree, avg neighbor degree, std neighbor degree, eigenvector cent., closeness cent., harmonic cent., betweenness cent., coloring largest first, coloring smallest last, coloring independent set, coloring random sequential,coloring connected sequential dfs, coloring connected sequential bfs, edges within egonet, node clique number, number of cliques, clustering coef., square clustering coef., page rank, hubs value, triangles, core number, random,0,1,2,3,4,5,6,7,8,9,10,11,12,13,14,15,16,17,18,19,20,21,22,23,24,25,26,27,28,29,30, Total Time 
236,38,35,0:00:00.000002,0:00:00.000040,0:00:00.000097,0:00:00.000097,0:00:00.000097,0:00:00.000097,0:00:00.000511,0:00:00.000466,0:00:00.000670,0:00:00.001595,0:00:00.000086,0:00:00.000073,0:00:00.004306,0:00:00.000084,0:00:00.000365,0:00:00.000340,0:00:00.002487,0:00:00.000162,0:00:00.004004,0:00:00.000262,0:00:00.000625,0:00:00.004860,0:00:00.001546,0:00:00.000024,0:00:00.000093,0:00:00.000142,0:00:00.004282,0:00:00.003697,0:00:00.004193,0:00:00.003709,0:00:00.004927,0:00:00.003611,0:00:00.004167,0:00:00.003529,0:00:00.004148,0:00:00.003679,0:00:00.004520,0:00:00.007774,0:00:00.004236,0:00:00.003589,0:00:00.004215,0:00:00.003452,0:00:00.004216,0:00:00.003529,0:00:00.004225,0:00:00.003628,0:00:00.004177,0:00:00.003592,0:00:00.004110,0:00:00.003526,0:00:00.004241,0:00:00.003589,0:00:00.004211,0:00:00.003553,0:00:00.004100,0:00:00.003474,0:00:00.004105,,0:00:00.177190
graph_name , nodes_count , edges_count, degree, degree cent., max neighbor degree, min neighbor degree, avg neighbor degree, std neighbor degree, eigenvector cent., closeness cent., harmonic cent., betweenness cent., coloring largest first, coloring smallest last, coloring independent set, coloring random sequential,coloring connected sequential dfs, coloring connected sequential bfs, edges within egonet, node clique number, number of cliques, clustering coef., square clustering coef., page rank, hubs value, triangles, core number, random,0,1,2,3,4,5,6,7,8,9,10,11,12,13,14,15,16,17,18,19,20,21,22,23,24,25,26,27,28,29,30, Total Time 
237,37,32,0:00:00.000001,0:00:00.000028,0:00:00.000040,0:00:00.000040,0:00:00.000040,0:00:00.000040,0:00:00.000325,0:00:00.000221,0:00:00.000250,0:00:00.000590,0:00:00.000039,0:00:00.000032,0:00:00.001925,0:00:00.000038,0:00:00.000169,0:00:00.000161,0:00:00.000827,0:00:00.000077,0:00:00.001810,0:00:00.000116,0:00:00.000217,0:00:00.002263,0:00:00.000741,0:00:00.000011,0:00:00.000040,0:00:00.000060,0:00:00.003439,0:00:00.002690,0:00:00.003204,0:00:00.003375,0:00:00.003849,0:00:00.003487,0:00:00.003486,0:00:00.003466,0:00:00.003436,0:00:00.003519,0:00:00.003586,0:00:00.005745,0:00:00.002732,0:00:00.003432,0:00:00.003485,0:00:00.003498,0:00:00.003419,0:00:00.003421,0:00:00.003476,0:00:00.002574,0:00:00.003405,0:00:00.003474,0:00:00.003536,0:00:00.003393,0:00:00.003531,0:00:00.003413,0:00:00.003428,0:00:00.003312,0:00:00.003353,0:00:00.003436,0:00:00.003442,,0:00:00.130473
graph_name , nodes_count , edges_count, degree, degree cent., max neighbor degree, min neighbor degree, avg neighbor degree, std neighbor degree, eigenvector cent., closeness cent., harmonic cent., betweenness cent., coloring largest first, coloring smallest last, coloring independent set, coloring random sequential,coloring connected sequential dfs, coloring connected sequential bfs, edges within egonet, node clique number, number of cliques, clustering coef., square clustering coef., page rank, hubs value, triangles, core number, random,0,1,2,3,4,5,6,7,8,9,10,11,12,13,14,15,16,17,18,19,20,21,22,23,24,25,26,27,28,29,30, Total Time 
238,42,43,0:00:00.000002,0:00:00.000046,0:00:00.000099,0:00:00.000099,0:00:00.000099,0:00:00.000099,0:00:00.000681,0:00:00.000533,0:00:00.000755,0:00:00.001933,0:00:00.000092,0:00:00.000081,0:00:00.005245,0:00:00.000093,0:00:00.000405,0:00:00.000387,0:00:00.002394,0:00:00.000208,0:00:00.005114,0:00:00.000318,0:00:00.001093,0:00:00.004997,0:00:00.001754,0:00:00.000026,0:00:00.000101,0:00:00.000152,0:00:00.003400,0:00:00.003671,0:00:00.003535,0:00:00.003552,0:00:00.005051,0:00:00.003519,0:00:00.003553,0:00:00.003528,0:00:00.003585,0:00:00.004042,0:00:00.004118,0:00:00.024990,0:00:00.003635,0:00:00.004267,0:00:00.004762,0:00:00.004345,0:00:00.004928,0:00:00.004368,0:00:00.004435,0:00:00.004358,0:00:00.004590,0:00:00.004278,0:00:00.004381,0:00:00.004184,0:00:00.004370,0:00:00.004288,0:00:00.004424,0:00:00.004294,0:00:00.004332,0:00:00.004268,0:00:00.004344,,0:00:00.205190
graph_name , nodes_count , edges_count, degree, degree cent., max neighbor degree, min neighbor degree, avg neighbor degree, std neighbor degree, eigenvector cent., closeness cent., harmonic cent., betweenness cent., coloring largest first, coloring smallest last, coloring independent set, coloring random sequential,coloring connected sequential dfs, coloring connected sequential bfs, edges within egonet, node clique number, number of cliques, clustering coef., square clustering coef., page rank, hubs value, triangles, core number, random,0,1,2,3,4,5,6,7,8,9,10,11,12,13,14,15,16,17,18,19,20,21,22,23,24,25,26,27,28,29,30, Total Time 
239,39,39,0:00:00.000002,0:00:00.000046,0:00:00.000089,0:00:00.000089,0:00:00.000089,0:00:00.000089,0:00:00.000566,0:00:00.000482,0:00:00.000690,0:00:00.001706,0:00:00.000085,0:00:00.000073,0:00:00.004632,0:00:00.000082,0:00:00.000369,0:00:00.000355,0:00:00.002321,0:00:00.000165,0:00:00.004208,0:00:00.000275,0:00:00.000831,0:00:00.004680,0:00:00.001621,0:00:00.000027,0:00:00.000095,0:00:00.000149,0:00:00.006080,0:00:00.004655,0:00:00.004499,0:00:00.004901,0:00:00.005821,0:00:00.004553,0:00:00.004209,0:00:00.004418,0:00:00.004328,0:00:00.004755,0:00:00.005085,0:00:00.022471,0:00:00.004481,0:00:00.004446,0:00:00.004270,0:00:00.004439,0:00:00.004385,0:00:00.004416,0:00:00.004340,0:00:00.004411,0:00:00.004314,0:00:00.004381,0:00:00.004204,0:00:00.004311,0:00:00.004322,0:00:00.004251,0:00:00.004296,0:00:00.004153,0:00:00.004173,0:00:00.004222,0:00:00.004425,,0:00:00.209998
graph_name , nodes_count , edges_count, degree, degree cent., max neighbor degree, min neighbor degree, avg neighbor degree, std neighbor degree, eigenvector cent., closeness cent., harmonic cent., betweenness cent., coloring largest first, coloring smallest last, coloring independent set, coloring random sequential,coloring connected sequential dfs, coloring connected sequential bfs, edges within egonet, node clique number, number of cliques, clustering coef., square clustering coef., page rank, hubs value, triangles, core number, random,0,1,2,3,4,5,6,7,8,9,10,11,12,13,14,15,16,17,18,19,20,21,22,23,24,25,26,27,28,29,30, Total Time 
240,39,39,0:00:00.000002,0:00:00.000044,0:00:00.000091,0:00:00.000091,0:00:00.000091,0:00:00.000091,0:00:00.000600,0:00:00.000504,0:00:00.000716,0:00:00.001768,0:00:00.000089,0:00:00.000076,0:00:00.004830,0:00:00.000087,0:00:00.000375,0:00:00.000354,0:00:00.002308,0:00:00.000170,0:00:00.004297,0:00:00.000279,0:00:00.000831,0:00:00.004740,0:00:00.001609,0:00:00.000027,0:00:00.000098,0:00:00.000148,0:00:00.004451,0:00:00.004428,0:00:00.004470,0:00:00.004463,0:00:00.005610,0:00:00.004407,0:00:00.004462,0:00:00.004251,0:00:00.004434,0:00:00.004733,0:00:00.004934,0:00:00.018215,0:00:00.004493,0:00:00.004365,0:00:00.004450,0:00:00.004326,0:00:00.004508,0:00:00.004314,0:00:00.004394,0:00:00.004314,0:00:00.004444,0:00:00.004296,0:00:00.004370,0:00:00.004251,0:00:00.004385,0:00:00.004356,0:00:00.004367,0:00:00.004146,0:00:00.004430,0:00:00.004125,0:00:00.004343,,0:00:00.204693
graph_name , nodes_count , edges_count, degree, degree cent., max neighbor degree, min neighbor degree, avg neighbor degree, std neighbor degree, eigenvector cent., closeness cent., harmonic cent., betweenness cent., coloring largest first, coloring smallest last, coloring independent set, coloring random sequential,coloring connected sequential dfs, coloring connected sequential bfs, edges within egonet, node clique number, number of cliques, clustering coef., square clustering coef., page rank, hubs value, triangles, core number, random,0,1,2,3,4,5,6,7,8,9,10,11,12,13,14,15,16,17,18,19,20,21,22,23,24,25,26,27,28,29,30, Total Time 
241,37,36,0:00:00.000003,0:00:00.000038,0:00:00.000085,0:00:00.000085,0:00:00.000085,0:00:00.000085,0:00:00.000533,0:00:00.000433,0:00:00.000627,0:00:00.001494,0:00:00.000081,0:00:00.000070,0:00:00.003980,0:00:00.000078,0:00:00.000347,0:00:00.000322,0:00:00.001976,0:00:00.000161,0:00:00.003933,0:00:00.000255,0:00:00.000615,0:00:00.004680,0:00:00.001488,0:00:00.000024,0:00:00.000089,0:00:00.000135,0:00:00.004438,0:00:00.004605,0:00:00.004390,0:00:00.004425,0:00:00.004427,0:00:00.004473,0:00:00.004440,0:00:00.004430,0:00:00.004351,0:00:00.004666,0:00:00.004075,0:00:00.010671,0:00:00.004330,0:00:00.004351,0:00:00.004270,0:00:00.004381,0:00:00.004415,0:00:00.004376,0:00:00.004230,0:00:00.004398,0:00:00.004365,0:00:00.004415,0:00:00.004344,0:00:00.004336,0:00:00.004260,0:00:00.004288,0:00:00.004281,0:00:00.004230,0:00:00.004311,0:00:00.004446,0:00:00.004212,,0:00:00.192254
graph_name , nodes_count , edges_count, degree, degree cent., max neighbor degree, min neighbor degree, avg neighbor degree, std neighbor degree, eigenvector cent., closeness cent., harmonic cent., betweenness cent., coloring largest first, coloring smallest last, coloring independent set, coloring random sequential,coloring connected sequential dfs, coloring connected sequential bfs, edges within egonet, node clique number, number of cliques, clustering coef., square clustering coef., page rank, hubs value, triangles, core number, random,0,1,2,3,4,5,6,7,8,9,10,11,12,13,14,15,16,17,18,19,20,21,22,23,24,25,26,27,28,29,30, Total Time 
242,39,39,0:00:00.000003,0:00:00.000029,0:00:00.000090,0:00:00.000090,0:00:00.000090,0:00:00.000090,0:00:00.000573,0:00:00.000515,0:00:00.000724,0:00:00.001886,0:00:00.000089,0:00:00.000076,0:00:00.004729,0:00:00.000085,0:00:00.000378,0:00:00.000363,0:00:00.002398,0:00:00.000173,0:00:00.004541,0:00:00.000277,0:00:00.000820,0:00:00.004939,0:00:00.001488,0:00:00.000027,0:00:00.000099,0:00:00.000152,0:00:00.004549,0:00:00.004657,0:00:00.004453,0:00:00.004566,0:00:00.005581,0:00:00.004463,0:00:00.004455,0:00:00.004319,0:00:00.004337,0:00:00.004857,0:00:00.004901,0:00:00.017827,0:00:00.004423,0:00:00.004381,0:00:00.004381,0:00:00.004424,0:00:00.004390,0:00:00.004297,0:00:00.004364,0:00:00.004304,0:00:00.004359,0:00:00.004359,0:00:00.004366,0:00:00.004233,0:00:00.004341,0:00:00.004374,0:00:00.004271,0:00:00.004332,0:00:00.004356,0:00:00.004276,0:00:00.004473,,0:00:00.205470
graph_name , nodes_count , edges_count, degree, degree cent., max neighbor degree, min neighbor degree, avg neighbor degree, std neighbor degree, eigenvector cent., closeness cent., harmonic cent., betweenness cent., coloring largest first, coloring smallest last, coloring independent set, coloring random sequential,coloring connected sequential dfs, coloring connected sequential bfs, edges within egonet, node clique number, number of cliques, clustering coef., square clustering coef., page rank, hubs value, triangles, core number, random,0,1,2,3,4,5,6,7,8,9,10,11,12,13,14,15,16,17,18,19,20,21,22,23,24,25,26,27,28,29,30, Total Time 
243,38,36,0:00:00.000002,0:00:00.000043,0:00:00.000098,0:00:00.000098,0:00:00.000098,0:00:00.000098,0:00:00.000558,0:00:00.000466,0:00:00.000665,0:00:00.001677,0:00:00.000089,0:00:00.000073,0:00:00.004508,0:00:00.000085,0:00:00.000374,0:00:00.000350,0:00:00.002087,0:00:00.000171,0:00:00.004234,0:00:00.000268,0:00:00.000676,0:00:00.004830,0:00:00.001582,0:00:00.000024,0:00:00.000096,0:00:00.000141,0:00:00.004486,0:00:00.004573,0:00:00.004411,0:00:00.004428,0:00:00.005199,0:00:00.004356,0:00:00.004200,0:00:00.004316,0:00:00.004368,0:00:00.004504,0:00:00.004770,0:00:00.011280,0:00:00.004383,0:00:00.004384,0:00:00.004315,0:00:00.004332,0:00:00.004329,0:00:00.004309,0:00:00.004354,0:00:00.004297,0:00:00.004256,0:00:00.004286,0:00:00.004278,0:00:00.004217,0:00:00.004265,0:00:00.004315,0:00:00.004272,0:00:00.004187,0:00:00.004264,0:00:00.004265,0:00:00.004290,,0:00:00.194530
graph_name , nodes_count , edges_count, degree, degree cent., max neighbor degree, min neighbor degree, avg neighbor degree, std neighbor degree, eigenvector cent., closeness cent., harmonic cent., betweenness cent., coloring largest first, coloring smallest last, coloring independent set, coloring random sequential,coloring connected sequential dfs, coloring connected sequential bfs, edges within egonet, node clique number, number of cliques, clustering coef., square clustering coef., page rank, hubs value, triangles, core number, random,0,1,2,3,4,5,6,7,8,9,10,11,12,13,14,15,16,17,18,19,20,21,22,23,24,25,26,27,28,29,30, Total Time 
244,38,38,0:00:00.000003,0:00:00.000040,0:00:00.000090,0:00:00.000090,0:00:00.000090,0:00:00.000090,0:00:00.000668,0:00:00.000487,0:00:00.000684,0:00:00.001741,0:00:00.000088,0:00:00.000073,0:00:00.004933,0:00:00.000085,0:00:00.000386,0:00:00.000361,0:00:00.002341,0:00:00.000173,0:00:00.004393,0:00:00.000276,0:00:00.000750,0:00:00.004938,0:00:00.001590,0:00:00.000022,0:00:00.000097,0:00:00.000146,0:00:00.004358,0:00:00.004482,0:00:00.004386,0:00:00.004460,0:00:00.005237,0:00:00.004414,0:00:00.004381,0:00:00.004373,0:00:00.004354,0:00:00.004980,0:00:00.004942,0:00:00.013246,0:00:00.004456,0:00:00.004458,0:00:00.004279,0:00:00.004326,0:00:00.004443,0:00:00.004355,0:00:00.004383,0:00:00.004358,0:00:00.004350,0:00:00.004378,0:00:00.004311,0:00:00.004338,0:00:00.004309,0:00:00.004232,0:00:00.004204,0:00:00.004271,0:00:00.004256,0:00:00.004109,0:00:00.004342,,0:00:00.199628
graph_name , nodes_count , edges_count, degree, degree cent., max neighbor degree, min neighbor degree, avg neighbor degree, std neighbor degree, eigenvector cent., closeness cent., harmonic cent., betweenness cent., coloring largest first, coloring smallest last, coloring independent set, coloring random sequential,coloring connected sequential dfs, coloring connected sequential bfs, edges within egonet, node clique number, number of cliques, clustering coef., square clustering coef., page rank, hubs value, triangles, core number, random,0,1,2,3,4,5,6,7,8,9,10,11,12,13,14,15,16,17,18,19,20,21,22,23,24,25,26,27,28,29,30, Total Time 
245,38,38,0:00:00.000002,0:00:00.000040,0:00:00.000089,0:00:00.000089,0:00:00.000089,0:00:00.000089,0:00:00.000562,0:00:00.000465,0:00:00.000692,0:00:00.001637,0:00:00.000087,0:00:00.000073,0:00:00.004536,0:00:00.000084,0:00:00.000363,0:00:00.000339,0:00:00.002265,0:00:00.000165,0:00:00.003965,0:00:00.000275,0:00:00.000758,0:00:00.004831,0:00:00.001537,0:00:00.000026,0:00:00.000094,0:00:00.000142,0:00:00.004448,0:00:00.004550,0:00:00.004488,0:00:00.004548,0:00:00.005716,0:00:00.004338,0:00:00.004410,0:00:00.004292,0:00:00.004330,0:00:00.004574,0:00:00.005007,0:00:00.014795,0:00:00.004479,0:00:00.004323,0:00:00.004473,0:00:00.004333,0:00:00.004498,0:00:00.004309,0:00:00.004307,0:00:00.004393,0:00:00.004326,0:00:00.004248,0:00:00.004418,0:00:00.004331,0:00:00.004440,0:00:00.004447,0:00:00.004385,0:00:00.004396,0:00:00.004386,0:00:00.004335,0:00:00.004444,,0:00:00.200835
graph_name , nodes_count , edges_count, degree, degree cent., max neighbor degree, min neighbor degree, avg neighbor degree, std neighbor degree, eigenvector cent., closeness cent., harmonic cent., betweenness cent., coloring largest first, coloring smallest last, coloring independent set, coloring random sequential,coloring connected sequential dfs, coloring connected sequential bfs, edges within egonet, node clique number, number of cliques, clustering coef., square clustering coef., page rank, hubs value, triangles, core number, random,0,1,2,3,4,5,6,7,8,9,10,11,12,13,14,15,16,17,18,19,20,21,22,23,24,25,26,27,28,29,30, Total Time 
246,41,37,0:00:00.000002,0:00:00.000043,0:00:00.000093,0:00:00.000093,0:00:00.000093,0:00:00.000093,0:00:00.000597,0:00:00.000503,0:00:00.000718,0:00:00.001804,0:00:00.000091,0:00:00.000077,0:00:00.004924,0:00:00.000089,0:00:00.000394,0:00:00.000537,0:00:00.002266,0:00:00.000174,0:00:00.004761,0:00:00.000277,0:00:00.000732,0:00:00.004885,0:00:00.001525,0:00:00.000025,0:00:00.000094,0:00:00.000145,0:00:00.004437,0:00:00.004522,0:00:00.004394,0:00:00.004510,0:00:00.005340,0:00:00.004544,0:00:00.004308,0:00:00.004306,0:00:00.004297,0:00:00.004491,0:00:00.004482,0:00:00.014634,0:00:00.004342,0:00:00.004442,0:00:00.004228,0:00:00.004285,0:00:00.004387,0:00:00.004302,0:00:00.004376,0:00:00.004298,0:00:00.004287,0:00:00.004359,0:00:00.004220,0:00:00.004146,0:00:00.004186,0:00:00.004277,0:00:00.004245,0:00:00.004349,0:00:00.004289,0:00:00.004371,0:00:00.004306,,0:00:00.199899
graph_name , nodes_count , edges_count, degree, degree cent., max neighbor degree, min neighbor degree, avg neighbor degree, std neighbor degree, eigenvector cent., closeness cent., harmonic cent., betweenness cent., coloring largest first, coloring smallest last, coloring independent set, coloring random sequential,coloring connected sequential dfs, coloring connected sequential bfs, edges within egonet, node clique number, number of cliques, clustering coef., square clustering coef., page rank, hubs value, triangles, core number, random,0,1,2,3,4,5,6,7,8,9,10,11,12,13,14,15,16,17,18,19,20,21,22,23,24,25,26,27,28,29,30, Total Time 
247,36,36,0:00:00.000002,0:00:00.000038,0:00:00.000084,0:00:00.000084,0:00:00.000084,0:00:00.000084,0:00:00.000531,0:00:00.000416,0:00:00.000590,0:00:00.001402,0:00:00.000082,0:00:00.000069,0:00:00.003961,0:00:00.000078,0:00:00.000365,0:00:00.000320,0:00:00.002067,0:00:00.000163,0:00:00.003786,0:00:00.000260,0:00:00.000665,0:00:00.004627,0:00:00.001504,0:00:00.000022,0:00:00.000158,0:00:00.000125,0:00:00.004424,0:00:00.003673,0:00:00.004049,0:00:00.003647,0:00:00.004495,0:00:00.003627,0:00:00.004156,0:00:00.003494,0:00:00.004203,0:00:00.003773,0:00:00.004842,0:00:00.008983,0:00:00.004264,0:00:00.003582,0:00:00.004382,0:00:00.002739,0:00:00.004280,0:00:00.003640,0:00:00.004269,0:00:00.003591,0:00:00.004195,0:00:00.003571,0:00:00.004120,0:00:00.003468,0:00:00.004068,0:00:00.003455,0:00:00.004148,0:00:00.003507,0:00:00.004131,0:00:00.003409,0:00:00.003683,,0:00:00.175251
graph_name , nodes_count , edges_count, degree, degree cent., max neighbor degree, min neighbor degree, avg neighbor degree, std neighbor degree, eigenvector cent., closeness cent., harmonic cent., betweenness cent., coloring largest first, coloring smallest last, coloring independent set, coloring random sequential,coloring connected sequential dfs, coloring connected sequential bfs, edges within egonet, node clique number, number of cliques, clustering coef., square clustering coef., page rank, hubs value, triangles, core number, random,0,1,2,3,4,5,6,7,8,9,10,11,12,13,14,15,16,17,18,19,20,21,22,23,24,25,26,27,28,29,30, Total Time 
248,36,35,0:00:00.000002,0:00:00.000039,0:00:00.000085,0:00:00.000085,0:00:00.000085,0:00:00.000085,0:00:00.000538,0:00:00.000426,0:00:00.000605,0:00:00.001505,0:00:00.000084,0:00:00.000071,0:00:00.004064,0:00:00.000081,0:00:00.000355,0:00:00.000336,0:00:00.001986,0:00:00.000161,0:00:00.003752,0:00:00.000253,0:00:00.000601,0:00:00.004886,0:00:00.001569,0:00:00.000022,0:00:00.000091,0:00:00.000126,0:00:00.003738,0:00:00.004228,0:00:00.003674,0:00:00.004338,0:00:00.004118,0:00:00.004309,0:00:00.003514,0:00:00.004239,0:00:00.003509,0:00:00.004323,0:00:00.003864,0:00:00.009769,0:00:00.004404,0:00:00.004299,0:00:00.004107,0:00:00.004053,0:00:00.004287,0:00:00.004246,0:00:00.004216,0:00:00.004366,0:00:00.004454,0:00:00.004344,0:00:00.004317,0:00:00.004370,0:00:00.004290,0:00:00.004312,0:00:00.004444,0:00:00.004312,0:00:00.004290,0:00:00.004317,0:00:00.004385,,0:00:00.185863
graph_name , nodes_count , edges_count, degree, degree cent., max neighbor degree, min neighbor degree, avg neighbor degree, std neighbor degree, eigenvector cent., closeness cent., harmonic cent., betweenness cent., coloring largest first, coloring smallest last, coloring independent set, coloring random sequential,coloring connected sequential dfs, coloring connected sequential bfs, edges within egonet, node clique number, number of cliques, clustering coef., square clustering coef., page rank, hubs value, triangles, core number, random,0,1,2,3,4,5,6,7,8,9,10,11,12,13,14,15,16,17,18,19,20,21,22,23,24,25,26,27,28,29,30, Total Time 
249,36,35,0:00:00.000002,0:00:00.000024,0:00:00.000067,0:00:00.000067,0:00:00.000067,0:00:00.000067,0:00:00.000420,0:00:00.000337,0:00:00.000476,0:00:00.001148,0:00:00.000064,0:00:00.000056,0:00:00.003262,0:00:00.000064,0:00:00.000285,0:00:00.000266,0:00:00.001660,0:00:00.000128,0:00:00.003031,0:00:00.000201,0:00:00.000467,0:00:00.003908,0:00:00.001198,0:00:00.000018,0:00:00.000070,0:00:00.000103,0:00:00.004375,0:00:00.004376,0:00:00.004335,0:00:00.004422,0:00:00.004938,0:00:00.004298,0:00:00.004392,0:00:00.004310,0:00:00.004339,0:00:00.004487,0:00:00.004636,0:00:00.009917,0:00:00.004333,0:00:00.004390,0:00:00.004126,0:00:00.004376,0:00:00.004283,0:00:00.004353,0:00:00.004292,0:00:00.004282,0:00:00.004331,0:00:00.004244,0:00:00.004280,0:00:00.004298,0:00:00.004213,0:00:00.004351,0:00:00.004202,0:00:00.004251,0:00:00.004402,0:00:00.004246,0:00:00.004216,,0:00:00.180768
graph_name , nodes_count , edges_count, degree, degree cent., max neighbor degree, min neighbor degree, avg neighbor degree, std neighbor degree, eigenvector cent., closeness cent., harmonic cent., betweenness cent., coloring largest first, coloring smallest last, coloring independent set, coloring random sequential,coloring connected sequential dfs, coloring connected sequential bfs, edges within egonet, node clique number, number of cliques, clustering coef., square clustering coef., page rank, hubs value, triangles, core number, random,0,1,2,3,4,5,6,7,8,9,10,11,12,13,14,15,16,17,18,19,20,21,22,23,24,25,26,27,28,29,30, Total Time 
250,36,34,0:00:00.000002,0:00:00.000040,0:00:00.000086,0:00:00.000086,0:00:00.000086,0:00:00.000086,0:00:00.000532,0:00:00.000422,0:00:00.000601,0:00:00.001422,0:00:00.000084,0:00:00.000070,0:00:00.003916,0:00:00.000082,0:00:00.000350,0:00:00.000322,0:00:00.001941,0:00:00.000164,0:00:00.003795,0:00:00.000251,0:00:00.000539,0:00:00.004870,0:00:00.001598,0:00:00.000023,0:00:00.000088,0:00:00.000130,0:00:00.004449,0:00:00.004470,0:00:00.004567,0:00:00.004351,0:00:00.004788,0:00:00.004209,0:00:00.004320,0:00:00.004294,0:00:00.004296,0:00:00.004463,0:00:00.004354,0:00:00.007944,0:00:00.004284,0:00:00.004208,0:00:00.004288,0:00:00.004368,0:00:00.004245,0:00:00.004255,0:00:00.004289,0:00:00.004073,0:00:00.004293,0:00:00.004123,0:00:00.004371,0:00:00.004318,0:00:00.004258,0:00:00.004326,0:00:00.004263,0:00:00.004247,0:00:00.004246,0:00:00.004168,0:00:00.004380,,0:00:00.187465
graph_name , nodes_count , edges_count, degree, degree cent., max neighbor degree, min neighbor degree, avg neighbor degree, std neighbor degree, eigenvector cent., closeness cent., harmonic cent., betweenness cent., coloring largest first, coloring smallest last, coloring independent set, coloring random sequential,coloring connected sequential dfs, coloring connected sequential bfs, edges within egonet, node clique number, number of cliques, clustering coef., square clustering coef., page rank, hubs value, triangles, core number, random,0,1,2,3,4,5,6,7,8,9,10,11,12,13,14,15,16,17,18,19,20,21,22,23,24,25,26,27,28,29,30, Total Time 
251,35,34,0:00:00.000002,0:00:00.000033,0:00:00.000067,0:00:00.000067,0:00:00.000067,0:00:00.000067,0:00:00.000412,0:00:00.000318,0:00:00.000454,0:00:00.001100,0:00:00.000063,0:00:00.000053,0:00:00.003211,0:00:00.000062,0:00:00.000289,0:00:00.000264,0:00:00.001846,0:00:00.000127,0:00:00.002873,0:00:00.000197,0:00:00.000431,0:00:00.003962,0:00:00.001245,0:00:00.000015,0:00:00.000071,0:00:00.000104,0:00:00.004370,0:00:00.004648,0:00:00.004279,0:00:00.004359,0:00:00.004629,0:00:00.004277,0:00:00.004435,0:00:00.004042,0:00:00.004207,0:00:00.004587,0:00:00.004524,0:00:00.008032,0:00:00.004244,0:00:00.004204,0:00:00.004233,0:00:00.004347,0:00:00.004244,0:00:00.004134,0:00:00.004115,0:00:00.004135,0:00:00.004202,0:00:00.004176,0:00:00.004151,0:00:00.004185,0:00:00.004165,0:00:00.004111,0:00:00.004206,0:00:00.004226,0:00:00.004329,0:00:00.004136,0:00:00.004271,,0:00:00.176542
graph_name , nodes_count , edges_count, degree, degree cent., max neighbor degree, min neighbor degree, avg neighbor degree, std neighbor degree, eigenvector cent., closeness cent., harmonic cent., betweenness cent., coloring largest first, coloring smallest last, coloring independent set, coloring random sequential,coloring connected sequential dfs, coloring connected sequential bfs, edges within egonet, node clique number, number of cliques, clustering coef., square clustering coef., page rank, hubs value, triangles, core number, random,0,1,2,3,4,5,6,7,8,9,10,11,12,13,14,15,16,17,18,19,20,21,22,23,24,25,26,27,28,29,30, Total Time 
252,34,32,0:00:00.000002,0:00:00.000037,0:00:00.000081,0:00:00.000081,0:00:00.000081,0:00:00.000081,0:00:00.000503,0:00:00.000376,0:00:00.000532,0:00:00.001248,0:00:00.000080,0:00:00.000068,0:00:00.003525,0:00:00.000077,0:00:00.000575,0:00:00.000318,0:00:00.001790,0:00:00.000151,0:00:00.003305,0:00:00.000247,0:00:00.000502,0:00:00.004885,0:00:00.001535,0:00:00.000022,0:00:00.000085,0:00:00.000120,0:00:00.004445,0:00:00.004369,0:00:00.004332,0:00:00.004268,0:00:00.004679,0:00:00.004232,0:00:00.004229,0:00:00.004179,0:00:00.004272,0:00:00.004348,0:00:00.004447,0:00:00.007361,0:00:00.004278,0:00:00.004176,0:00:00.004324,0:00:00.004122,0:00:00.004280,0:00:00.004192,0:00:00.004348,0:00:00.004256,0:00:00.004345,0:00:00.004152,0:00:00.004312,0:00:00.004223,0:00:00.004764,0:00:00.004195,0:00:00.004291,0:00:00.004084,0:00:00.004115,0:00:00.004168,0:00:00.004150,,0:00:00.184576
graph_name , nodes_count , edges_count, degree, degree cent., max neighbor degree, min neighbor degree, avg neighbor degree, std neighbor degree, eigenvector cent., closeness cent., harmonic cent., betweenness cent., coloring largest first, coloring smallest last, coloring independent set, coloring random sequential,coloring connected sequential dfs, coloring connected sequential bfs, edges within egonet, node clique number, number of cliques, clustering coef., square clustering coef., page rank, hubs value, triangles, core number, random,0,1,2,3,4,5,6,7,8,9,10,11,12,13,14,15,16,17,18,19,20,21,22,23,24,25,26,27,28,29,30, Total Time 
253,36,33,0:00:00.000002,0:00:00.000034,0:00:00.000068,0:00:00.000068,0:00:00.000068,0:00:00.000068,0:00:00.000450,0:00:00.000348,0:00:00.000489,0:00:00.001145,0:00:00.000065,0:00:00.000055,0:00:00.003312,0:00:00.000063,0:00:00.000293,0:00:00.000279,0:00:00.001631,0:00:00.000130,0:00:00.003000,0:00:00.000199,0:00:00.000415,0:00:00.003942,0:00:00.001222,0:00:00.000017,0:00:00.000072,0:00:00.000104,0:00:00.004306,0:00:00.004344,0:00:00.004139,0:00:00.004357,0:00:00.004759,0:00:00.004205,0:00:00.004327,0:00:00.004174,0:00:00.004207,0:00:00.004441,0:00:00.004433,0:00:00.008614,0:00:00.004227,0:00:00.004265,0:00:00.004208,0:00:00.004198,0:00:00.004248,0:00:00.004281,0:00:00.004250,0:00:00.004334,0:00:00.004225,0:00:00.004254,0:00:00.004151,0:00:00.004274,0:00:00.004205,0:00:00.004205,0:00:00.004191,0:00:00.004234,0:00:00.004098,0:00:00.004134,0:00:00.004080,,0:00:00.176840
graph_name , nodes_count , edges_count, degree, degree cent., max neighbor degree, min neighbor degree, avg neighbor degree, std neighbor degree, eigenvector cent., closeness cent., harmonic cent., betweenness cent., coloring largest first, coloring smallest last, coloring independent set, coloring random sequential,coloring connected sequential dfs, coloring connected sequential bfs, edges within egonet, node clique number, number of cliques, clustering coef., square clustering coef., page rank, hubs value, triangles, core number, random,0,1,2,3,4,5,6,7,8,9,10,11,12,13,14,15,16,17,18,19,20,21,22,23,24,25,26,27,28,29,30, Total Time 
254,37,34,0:00:00.000002,0:00:00.000039,0:00:00.000087,0:00:00.000087,0:00:00.000087,0:00:00.000087,0:00:00.000583,0:00:00.000457,0:00:00.000631,0:00:00.001504,0:00:00.000085,0:00:00.000072,0:00:00.004116,0:00:00.000082,0:00:00.000356,0:00:00.000547,0:00:00.001999,0:00:00.000160,0:00:00.003821,0:00:00.000257,0:00:00.000555,0:00:00.004906,0:00:00.001533,0:00:00.000025,0:00:00.000101,0:00:00.000135,0:00:00.004474,0:00:00.004433,0:00:00.004279,0:00:00.004280,0:00:00.004742,0:00:00.004204,0:00:00.004377,0:00:00.004150,0:00:00.004224,0:00:00.004477,0:00:00.004343,0:00:00.007999,0:00:00.004263,0:00:00.004213,0:00:00.004293,0:00:00.004141,0:00:00.004417,0:00:00.004271,0:00:00.004242,0:00:00.004347,0:00:00.004273,0:00:00.004216,0:00:00.004274,0:00:00.004207,0:00:00.004203,0:00:00.004220,0:00:00.004204,0:00:00.004179,0:00:00.004286,0:00:00.004178,0:00:00.004267,,0:00:00.187707
graph_name , nodes_count , edges_count, degree, degree cent., max neighbor degree, min neighbor degree, avg neighbor degree, std neighbor degree, eigenvector cent., closeness cent., harmonic cent., betweenness cent., coloring largest first, coloring smallest last, coloring independent set, coloring random sequential,coloring connected sequential dfs, coloring connected sequential bfs, edges within egonet, node clique number, number of cliques, clustering coef., square clustering coef., page rank, hubs value, triangles, core number, random,0,1,2,3,4,5,6,7,8,9,10,11,12,13,14,15,16,17,18,19,20,21,22,23,24,25,26,27,28,29,30, Total Time 
255,36,34,0:00:00.000002,0:00:00.000026,0:00:00.000065,0:00:00.000065,0:00:00.000065,0:00:00.000065,0:00:00.000300,0:00:00.000216,0:00:00.000356,0:00:00.000749,0:00:00.000063,0:00:00.000053,0:00:00.003125,0:00:00.000061,0:00:00.000289,0:00:00.000267,0:00:00.001539,0:00:00.000126,0:00:00.002901,0:00:00.000203,0:00:00.000450,0:00:00.003685,0:00:00.001157,0:00:00.000019,0:00:00.000065,0:00:00.000097,0:00:00.004253,0:00:00.002795,0:00:00.003439,0:00:00.003566,0:00:00.003995,0:00:00.003471,0:00:00.002694,0:00:00.003435,0:00:00.003473,0:00:00.003770,0:00:00.002871,0:00:00.006994,0:00:00.002947,0:00:00.003463,0:00:00.003484,0:00:00.003491,0:00:00.003593,0:00:00.003455,0:00:00.003409,0:00:00.003469,0:00:00.003411,0:00:00.003380,0:00:00.003655,0:00:00.003229,0:00:00.003305,0:00:00.003438,0:00:00.003445,0:00:00.002679,0:00:00.003267,0:00:00.003517,0:00:00.002664,,0:00:00.145469
graph_name , nodes_count , edges_count, degree, degree cent., max neighbor degree, min neighbor degree, avg neighbor degree, std neighbor degree, eigenvector cent., closeness cent., harmonic cent., betweenness cent., coloring largest first, coloring smallest last, coloring independent set, coloring random sequential,coloring connected sequential dfs, coloring connected sequential bfs, edges within egonet, node clique number, number of cliques, clustering coef., square clustering coef., page rank, hubs value, triangles, core number, random,0,1,2,3,4,5,6,7,8,9,10,11,12,13,14,15,16,17,18,19,20,21,22,23,24,25,26,27,28,29,30, Total Time 
256,38,36,0:00:00.000003,0:00:00.000040,0:00:00.000088,0:00:00.000088,0:00:00.000088,0:00:00.000088,0:00:00.000555,0:00:00.000473,0:00:00.000656,0:00:00.001626,0:00:00.000088,0:00:00.000073,0:00:00.004339,0:00:00.000084,0:00:00.000525,0:00:00.000340,0:00:00.002121,0:00:00.000170,0:00:00.004182,0:00:00.000265,0:00:00.000652,0:00:00.004844,0:00:00.001594,0:00:00.000026,0:00:00.000093,0:00:00.000144,0:00:00.003633,0:00:00.003658,0:00:00.003514,0:00:00.003534,0:00:00.004110,0:00:00.003477,0:00:00.003952,0:00:00.003427,0:00:00.003489,0:00:00.002852,0:00:00.003651,0:00:00.005726,0:00:00.003535,0:00:00.002687,0:00:00.003602,0:00:00.003442,0:00:00.004153,0:00:00.003521,0:00:00.004011,0:00:00.003548,0:00:00.004195,0:00:00.003581,0:00:00.004134,0:00:00.003610,0:00:00.004101,0:00:00.003484,0:00:00.004254,0:00:00.003558,0:00:00.004253,0:00:00.003491,0:00:00.004205,,0:00:00.167593
graph_name , nodes_count , edges_count, degree, degree cent., max neighbor degree, min neighbor degree, avg neighbor degree, std neighbor degree, eigenvector cent., closeness cent., harmonic cent., betweenness cent., coloring largest first, coloring smallest last, coloring independent set, coloring random sequential,coloring connected sequential dfs, coloring connected sequential bfs, edges within egonet, node clique number, number of cliques, clustering coef., square clustering coef., page rank, hubs value, triangles, core number, random,0,1,2,3,4,5,6,7,8,9,10,11,12,13,14,15,16,17,18,19,20,21,22,23,24,25,26,27,28,29,30, Total Time 
257,38,36,0:00:00.000001,0:00:00.000029,0:00:00.000041,0:00:00.000041,0:00:00.000041,0:00:00.000041,0:00:00.000342,0:00:00.000294,0:00:00.000415,0:00:00.000744,0:00:00.000039,0:00:00.000032,0:00:00.002075,0:00:00.000039,0:00:00.000174,0:00:00.000167,0:00:00.001030,0:00:00.000081,0:00:00.001973,0:00:00.000122,0:00:00.000293,0:00:00.002250,0:00:00.000738,0:00:00.000011,0:00:00.000043,0:00:00.000066,0:00:00.004343,0:00:00.003555,0:00:00.004107,0:00:00.002723,0:00:00.004029,0:00:00.003508,0:00:00.003374,0:00:00.003494,0:00:00.003425,0:00:00.003507,0:00:00.003615,0:00:00.005794,0:00:00.003325,0:00:00.003536,0:00:00.003441,0:00:00.003503,0:00:00.003501,0:00:00.003510,0:00:00.003432,0:00:00.003484,0:00:00.003481,0:00:00.003633,0:00:00.003475,0:00:00.003524,0:00:00.003438,0:00:00.003378,0:00:00.003370,0:00:00.003356,0:00:00.003356,0:00:00.003392,0:00:00.003427,,0:00:00.135754
graph_name , nodes_count , edges_count, degree, degree cent., max neighbor degree, min neighbor degree, avg neighbor degree, std neighbor degree, eigenvector cent., closeness cent., harmonic cent., betweenness cent., coloring largest first, coloring smallest last, coloring independent set, coloring random sequential,coloring connected sequential dfs, coloring connected sequential bfs, edges within egonet, node clique number, number of cliques, clustering coef., square clustering coef., page rank, hubs value, triangles, core number, random,0,1,2,3,4,5,6,7,8,9,10,11,12,13,14,15,16,17,18,19,20,21,22,23,24,25,26,27,28,29,30, Total Time 
258,40,39,0:00:00.000001,0:00:00.000041,0:00:00.000072,0:00:00.000072,0:00:00.000072,0:00:00.000072,0:00:00.000457,0:00:00.000395,0:00:00.000578,0:00:00.001432,0:00:00.000070,0:00:00.000058,0:00:00.003766,0:00:00.000067,0:00:00.000288,0:00:00.000278,0:00:00.001804,0:00:00.000132,0:00:00.003458,0:00:00.000217,0:00:00.000616,0:00:00.003675,0:00:00.001197,0:00:00.000022,0:00:00.000075,0:00:00.000114,0:00:00.003452,0:00:00.003571,0:00:00.002545,0:00:00.003452,0:00:00.004339,0:00:00.003566,0:00:00.003326,0:00:00.003604,0:00:00.003312,0:00:00.003693,0:00:00.003669,0:00:00.012907,0:00:00.003484,0:00:00.003452,0:00:00.003511,0:00:00.003391,0:00:00.003609,0:00:00.003437,0:00:00.003484,0:00:00.003439,0:00:00.003472,0:00:00.003408,0:00:00.003389,0:00:00.003330,0:00:00.003214,0:00:00.003382,0:00:00.003355,0:00:00.003367,0:00:00.003408,0:00:00.003312,0:00:00.003261,,0:00:00.156612
graph_name , nodes_count , edges_count, degree, degree cent., max neighbor degree, min neighbor degree, avg neighbor degree, std neighbor degree, eigenvector cent., closeness cent., harmonic cent., betweenness cent., coloring largest first, coloring smallest last, coloring independent set, coloring random sequential,coloring connected sequential dfs, coloring connected sequential bfs, edges within egonet, node clique number, number of cliques, clustering coef., square clustering coef., page rank, hubs value, triangles, core number, random,0,1,2,3,4,5,6,7,8,9,10,11,12,13,14,15,16,17,18,19,20,21,22,23,24,25,26,27,28,29,30, Total Time 
259,37,33,0:00:00.000001,0:00:00.000028,0:00:00.000040,0:00:00.000040,0:00:00.000040,0:00:00.000040,0:00:00.000326,0:00:00.000247,0:00:00.000354,0:00:00.000620,0:00:00.000037,0:00:00.000030,0:00:00.001906,0:00:00.000037,0:00:00.000180,0:00:00.000168,0:00:00.000845,0:00:00.000078,0:00:00.001842,0:00:00.000120,0:00:00.000233,0:00:00.002274,0:00:00.000738,0:00:00.000012,0:00:00.000041,0:00:00.000061,0:00:00.003373,0:00:00.003476,0:00:00.003483,0:00:00.003599,0:00:00.003764,0:00:00.002629,0:00:00.003468,0:00:00.003443,0:00:00.003465,0:00:00.003644,0:00:00.003597,0:00:00.006357,0:00:00.003527,0:00:00.003327,0:00:00.003482,0:00:00.003484,0:00:00.003458,0:00:00.003349,0:00:00.003460,0:00:00.003474,0:00:00.003408,0:00:00.003384,0:00:00.003398,0:00:00.003341,0:00:00.003402,0:00:00.003378,0:00:00.003515,0:00:00.003343,0:00:00.003364,0:00:00.003382,0:00:00.003375,,0:00:00.132985
graph_name , nodes_count , edges_count, degree, degree cent., max neighbor degree, min neighbor degree, avg neighbor degree, std neighbor degree, eigenvector cent., closeness cent., harmonic cent., betweenness cent., coloring largest first, coloring smallest last, coloring independent set, coloring random sequential,coloring connected sequential dfs, coloring connected sequential bfs, edges within egonet, node clique number, number of cliques, clustering coef., square clustering coef., page rank, hubs value, triangles, core number, random,0,1,2,3,4,5,6,7,8,9,10,11,12,13,14,15,16,17,18,19,20,21,22,23,24,25,26,27,28,29,30, Total Time 
260,37,35,0:00:00.000002,0:00:00.000033,0:00:00.000066,0:00:00.000066,0:00:00.000066,0:00:00.000066,0:00:00.000417,0:00:00.000339,0:00:00.000475,0:00:00.001151,0:00:00.000065,0:00:00.000055,0:00:00.003276,0:00:00.000061,0:00:00.000271,0:00:00.000256,0:00:00.001575,0:00:00.000123,0:00:00.002932,0:00:00.000197,0:00:00.000469,0:00:00.003567,0:00:00.001200,0:00:00.000018,0:00:00.000105,0:00:00.000098,0:00:00.003546,0:00:00.003630,0:00:00.003485,0:00:00.003548,0:00:00.002907,0:00:00.003334,0:00:00.003538,0:00:00.003376,0:00:00.003312,0:00:00.003564,0:00:00.003615,0:00:00.007639,0:00:00.003493,0:00:00.003466,0:00:00.003422,0:00:00.003545,0:00:00.003523,0:00:00.003408,0:00:00.003399,0:00:00.003407,0:00:00.003386,0:00:00.003496,0:00:00.003399,0:00:00.003531,0:00:00.003427,0:00:00.003513,0:00:00.003368,0:00:00.003436,0:00:00.003406,0:00:00.003432,0:00:00.003489,,0:00:00.149216
graph_name , nodes_count , edges_count, degree, degree cent., max neighbor degree, min neighbor degree, avg neighbor degree, std neighbor degree, eigenvector cent., closeness cent., harmonic cent., betweenness cent., coloring largest first, coloring smallest last, coloring independent set, coloring random sequential,coloring connected sequential dfs, coloring connected sequential bfs, edges within egonet, node clique number, number of cliques, clustering coef., square clustering coef., page rank, hubs value, triangles, core number, random,0,1,2,3,4,5,6,7,8,9,10,11,12,13,14,15,16,17,18,19,20,21,22,23,24,25,26,27,28,29,30, Total Time 
261,40,40,0:00:00.000002,0:00:00.000024,0:00:00.000070,0:00:00.000070,0:00:00.000070,0:00:00.000070,0:00:00.000453,0:00:00.000366,0:00:00.000524,0:00:00.001285,0:00:00.000068,0:00:00.000058,0:00:00.003585,0:00:00.000073,0:00:00.000304,0:00:00.000394,0:00:00.001670,0:00:00.000131,0:00:00.003454,0:00:00.000220,0:00:00.000677,0:00:00.003726,0:00:00.001114,0:00:00.000016,0:00:00.000071,0:00:00.000105,0:00:00.003516,0:00:00.003477,0:00:00.003365,0:00:00.003494,0:00:00.004550,0:00:00.003535,0:00:00.003566,0:00:00.003429,0:00:00.003543,0:00:00.003888,0:00:00.003947,0:00:00.009742,0:00:00.003474,0:00:00.003579,0:00:00.003727,0:00:00.003593,0:00:00.003644,0:00:00.003429,0:00:00.003462,0:00:00.003510,0:00:00.002704,0:00:00.003430,0:00:00.003407,0:00:00.003394,0:00:00.003336,0:00:00.003434,0:00:00.003360,0:00:00.003431,0:00:00.002542,0:00:00.003233,0:00:00.003432,,0:00:00.154509
graph_name , nodes_count , edges_count, degree, degree cent., max neighbor degree, min neighbor degree, avg neighbor degree, std neighbor degree, eigenvector cent., closeness cent., harmonic cent., betweenness cent., coloring largest first, coloring smallest last, coloring independent set, coloring random sequential,coloring connected sequential dfs, coloring connected sequential bfs, edges within egonet, node clique number, number of cliques, clustering coef., square clustering coef., page rank, hubs value, triangles, core number, random,0,1,2,3,4,5,6,7,8,9,10,11,12,13,14,15,16,17,18,19,20,21,22,23,24,25,26,27,28,29,30, Total Time 
262,37,35,0:00:00.000001,0:00:00.000027,0:00:00.000041,0:00:00.000041,0:00:00.000041,0:00:00.000041,0:00:00.000337,0:00:00.000283,0:00:00.000396,0:00:00.000777,0:00:00.000039,0:00:00.000032,0:00:00.001949,0:00:00.000038,0:00:00.000166,0:00:00.000156,0:00:00.000975,0:00:00.000079,0:00:00.001821,0:00:00.000119,0:00:00.000282,0:00:00.002190,0:00:00.000744,0:00:00.000004,0:00:00.000043,0:00:00.000059,0:00:00.003554,0:00:00.003522,0:00:00.003417,0:00:00.003488,0:00:00.004024,0:00:00.002590,0:00:00.003319,0:00:00.003361,0:00:00.003493,0:00:00.003576,0:00:00.003718,0:00:00.007653,0:00:00.003518,0:00:00.003521,0:00:00.003406,0:00:00.003508,0:00:00.003416,0:00:00.003381,0:00:00.003387,0:00:00.003341,0:00:00.003448,0:00:00.003332,0:00:00.003371,0:00:00.003374,0:00:00.003428,0:00:00.003388,0:00:00.003350,0:00:00.002559,0:00:00.003205,0:00:00.003372,0:00:00.003446,,0:00:00.133589
graph_name , nodes_count , edges_count, degree, degree cent., max neighbor degree, min neighbor degree, avg neighbor degree, std neighbor degree, eigenvector cent., closeness cent., harmonic cent., betweenness cent., coloring largest first, coloring smallest last, coloring independent set, coloring random sequential,coloring connected sequential dfs, coloring connected sequential bfs, edges within egonet, node clique number, number of cliques, clustering coef., square clustering coef., page rank, hubs value, triangles, core number, random,0,1,2,3,4,5,6,7,8,9,10,11,12,13,14,15,16,17,18,19,20,21,22,23,24,25,26,27,28,29,30, Total Time 
263,38,36,0:00:00.000001,0:00:00.000022,0:00:00.000068,0:00:00.000068,0:00:00.000068,0:00:00.000068,0:00:00.000424,0:00:00.000327,0:00:00.000462,0:00:00.001096,0:00:00.000064,0:00:00.000065,0:00:00.003368,0:00:00.000063,0:00:00.000287,0:00:00.000297,0:00:00.001484,0:00:00.000126,0:00:00.003154,0:00:00.000195,0:00:00.000549,0:00:00.003634,0:00:00.001097,0:00:00.000019,0:00:00.000066,0:00:00.000101,0:00:00.003536,0:00:00.003534,0:00:00.003475,0:00:00.003562,0:00:00.003999,0:00:00.003569,0:00:00.003409,0:00:00.003387,0:00:00.003302,0:00:00.003722,0:00:00.003589,0:00:00.008555,0:00:00.002607,0:00:00.003525,0:00:00.003537,0:00:00.003600,0:00:00.003522,0:00:00.003404,0:00:00.003423,0:00:00.004306,0:00:00.003620,0:00:00.004252,0:00:00.003548,0:00:00.004238,0:00:00.003581,0:00:00.004118,0:00:00.003492,0:00:00.004307,0:00:00.003589,0:00:00.004208,0:00:00.003627,,0:00:00.156383
graph_name , nodes_count , edges_count, degree, degree cent., max neighbor degree, min neighbor degree, avg neighbor degree, std neighbor degree, eigenvector cent., closeness cent., harmonic cent., betweenness cent., coloring largest first, coloring smallest last, coloring independent set, coloring random sequential,coloring connected sequential dfs, coloring connected sequential bfs, edges within egonet, node clique number, number of cliques, clustering coef., square clustering coef., page rank, hubs value, triangles, core number, random,0,1,2,3,4,5,6,7,8,9,10,11,12,13,14,15,16,17,18,19,20,21,22,23,24,25,26,27,28,29,30, Total Time 
264,38,38,0:00:00.000002,0:00:00.000042,0:00:00.000088,0:00:00.000088,0:00:00.000088,0:00:00.000088,0:00:00.000560,0:00:00.000482,0:00:00.000665,0:00:00.001628,0:00:00.000086,0:00:00.000073,0:00:00.004345,0:00:00.000084,0:00:00.000368,0:00:00.000342,0:00:00.002304,0:00:00.000187,0:00:00.004288,0:00:00.000269,0:00:00.000726,0:00:00.004864,0:00:00.001575,0:00:00.000025,0:00:00.000097,0:00:00.000145,0:00:00.004458,0:00:00.003711,0:00:00.004381,0:00:00.003722,0:00:00.005242,0:00:00.003651,0:00:00.004259,0:00:00.003553,0:00:00.004303,0:00:00.003939,0:00:00.004765,0:00:00.009920,0:00:00.004364,0:00:00.003614,0:00:00.004239,0:00:00.003480,0:00:00.004472,0:00:00.003566,0:00:00.004464,0:00:00.003562,0:00:00.004274,0:00:00.003481,0:00:00.004314,0:00:00.003639,0:00:00.004190,0:00:00.003509,0:00:00.004223,0:00:00.003520,0:00:00.004226,0:00:00.003517,0:00:00.004357,,0:00:00.183328
graph_name , nodes_count , edges_count, degree, degree cent., max neighbor degree, min neighbor degree, avg neighbor degree, std neighbor degree, eigenvector cent., closeness cent., harmonic cent., betweenness cent., coloring largest first, coloring smallest last, coloring independent set, coloring random sequential,coloring connected sequential dfs, coloring connected sequential bfs, edges within egonet, node clique number, number of cliques, clustering coef., square clustering coef., page rank, hubs value, triangles, core number, random,0,1,2,3,4,5,6,7,8,9,10,11,12,13,14,15,16,17,18,19,20,21,22,23,24,25,26,27,28,29,30, Total Time 
265,41,39,0:00:00.000001,0:00:00.000031,0:00:00.000045,0:00:00.000045,0:00:00.000045,0:00:00.000045,0:00:00.000372,0:00:00.000336,0:00:00.000484,0:00:00.000877,0:00:00.000042,0:00:00.000036,0:00:00.002390,0:00:00.000042,0:00:00.000180,0:00:00.000166,0:00:00.001153,0:00:00.000085,0:00:00.002264,0:00:00.000132,0:00:00.000370,0:00:00.002277,0:00:00.000764,0:00:00.000013,0:00:00.000045,0:00:00.000073,0:00:00.003664,0:00:00.003664,0:00:00.003523,0:00:00.003604,0:00:00.004381,0:00:00.003562,0:00:00.003598,0:00:00.004156,0:00:00.003533,0:00:00.003779,0:00:00.003829,0:00:00.016305,0:00:00.003654,0:00:00.004222,0:00:00.003571,0:00:00.004278,0:00:00.003627,0:00:00.003579,0:00:00.003540,0:00:00.004158,0:00:00.003517,0:00:00.003503,0:00:00.003424,0:00:00.004065,0:00:00.003420,0:00:00.003542,0:00:00.003380,0:00:00.004035,0:00:00.003515,0:00:00.003445,0:00:00.003546,,0:00:00.154010
graph_name , nodes_count , edges_count, degree, degree cent., max neighbor degree, min neighbor degree, avg neighbor degree, std neighbor degree, eigenvector cent., closeness cent., harmonic cent., betweenness cent., coloring largest first, coloring smallest last, coloring independent set, coloring random sequential,coloring connected sequential dfs, coloring connected sequential bfs, edges within egonet, node clique number, number of cliques, clustering coef., square clustering coef., page rank, hubs value, triangles, core number, random,0,1,2,3,4,5,6,7,8,9,10,11,12,13,14,15,16,17,18,19,20,21,22,23,24,25,26,27,28,29,30, Total Time 
266,37,34,0:00:00.000003,0:00:00.000038,0:00:00.000085,0:00:00.000085,0:00:00.000085,0:00:00.000085,0:00:00.000483,0:00:00.000435,0:00:00.000614,0:00:00.001466,0:00:00.000082,0:00:00.000069,0:00:00.004161,0:00:00.000082,0:00:00.000344,0:00:00.000315,0:00:00.001894,0:00:00.000157,0:00:00.003784,0:00:00.000247,0:00:00.000532,0:00:00.004642,0:00:00.001483,0:00:00.000022,0:00:00.000089,0:00:00.000127,0:00:00.003612,0:00:00.003666,0:00:00.003605,0:00:00.003611,0:00:00.004601,0:00:00.003551,0:00:00.003650,0:00:00.003470,0:00:00.004129,0:00:00.003655,0:00:00.003780,0:00:00.006382,0:00:00.004149,0:00:00.003580,0:00:00.004146,0:00:00.003624,0:00:00.004156,0:00:00.003511,0:00:00.004060,0:00:00.003453,0:00:00.003938,0:00:00.003417,0:00:00.003977,0:00:00.003377,0:00:00.004005,0:00:00.003383,0:00:00.004146,0:00:00.003577,0:00:00.003993,0:00:00.003530,0:00:00.003975,,0:00:00.168092
graph_name , nodes_count , edges_count, degree, degree cent., max neighbor degree, min neighbor degree, avg neighbor degree, std neighbor degree, eigenvector cent., closeness cent., harmonic cent., betweenness cent., coloring largest first, coloring smallest last, coloring independent set, coloring random sequential,coloring connected sequential dfs, coloring connected sequential bfs, edges within egonet, node clique number, number of cliques, clustering coef., square clustering coef., page rank, hubs value, triangles, core number, random,0,1,2,3,4,5,6,7,8,9,10,11,12,13,14,15,16,17,18,19,20,21,22,23,24,25,26,27,28,29,30, Total Time 
267,37,33,0:00:00.000002,0:00:00.000029,0:00:00.000039,0:00:00.000039,0:00:00.000039,0:00:00.000039,0:00:00.000332,0:00:00.000189,0:00:00.000252,0:00:00.000594,0:00:00.000039,0:00:00.000032,0:00:00.002090,0:00:00.000037,0:00:00.000178,0:00:00.000171,0:00:00.000954,0:00:00.000076,0:00:00.001714,0:00:00.000118,0:00:00.000234,0:00:00.002231,0:00:00.000753,0:00:00.000008,0:00:00.000040,0:00:00.000057,0:00:00.003646,0:00:00.004089,0:00:00.003544,0:00:00.004203,0:00:00.003850,0:00:00.003559,0:00:00.003571,0:00:00.003995,0:00:00.003444,0:00:00.003735,0:00:00.003667,0:00:00.007882,0:00:00.003585,0:00:00.004161,0:00:00.003533,0:00:00.003636,0:00:00.003568,0:00:00.003533,0:00:00.003435,0:00:00.004076,0:00:00.003454,0:00:00.004129,0:00:00.003537,0:00:00.003992,0:00:00.003564,0:00:00.003944,0:00:00.003280,0:00:00.003399,0:00:00.003351,0:00:00.003981,0:00:00.003415,,0:00:00.142479
graph_name , nodes_count , edges_count, degree, degree cent., max neighbor degree, min neighbor degree, avg neighbor degree, std neighbor degree, eigenvector cent., closeness cent., harmonic cent., betweenness cent., coloring largest first, coloring smallest last, coloring independent set, coloring random sequential,coloring connected sequential dfs, coloring connected sequential bfs, edges within egonet, node clique number, number of cliques, clustering coef., square clustering coef., page rank, hubs value, triangles, core number, random,0,1,2,3,4,5,6,7,8,9,10,11,12,13,14,15,16,17,18,19,20,21,22,23,24,25,26,27,28,29,30, Total Time 
268,39,38,0:00:00.000002,0:00:00.000039,0:00:00.000090,0:00:00.000090,0:00:00.000090,0:00:00.000090,0:00:00.000573,0:00:00.000483,0:00:00.000693,0:00:00.001710,0:00:00.000088,0:00:00.000093,0:00:00.004796,0:00:00.000088,0:00:00.000376,0:00:00.000355,0:00:00.002237,0:00:00.000170,0:00:00.004401,0:00:00.000283,0:00:00.000770,0:00:00.004828,0:00:00.001584,0:00:00.000025,0:00:00.000099,0:00:00.000144,0:00:00.003627,0:00:00.003666,0:00:00.004185,0:00:00.003576,0:00:00.005176,0:00:00.003577,0:00:00.004285,0:00:00.003471,0:00:00.003943,0:00:00.003756,0:00:00.004565,0:00:00.011170,0:00:00.004212,0:00:00.003578,0:00:00.004176,0:00:00.003534,0:00:00.003546,0:00:00.003458,0:00:00.004070,0:00:00.003818,0:00:00.004095,0:00:00.003485,0:00:00.004146,0:00:00.003530,0:00:00.004222,0:00:00.003538,0:00:00.004162,0:00:00.003570,0:00:00.004222,0:00:00.003467,0:00:00.004141,,0:00:00.181079
graph_name , nodes_count , edges_count, degree, degree cent., max neighbor degree, min neighbor degree, avg neighbor degree, std neighbor degree, eigenvector cent., closeness cent., harmonic cent., betweenness cent., coloring largest first, coloring smallest last, coloring independent set, coloring random sequential,coloring connected sequential dfs, coloring connected sequential bfs, edges within egonet, node clique number, number of cliques, clustering coef., square clustering coef., page rank, hubs value, triangles, core number, random,0,1,2,3,4,5,6,7,8,9,10,11,12,13,14,15,16,17,18,19,20,21,22,23,24,25,26,27,28,29,30, Total Time 
269,40,41,0:00:00.000002,0:00:00.000030,0:00:00.000094,0:00:00.000094,0:00:00.000094,0:00:00.000094,0:00:00.000638,0:00:00.000524,0:00:00.000746,0:00:00.001896,0:00:00.000090,0:00:00.000076,0:00:00.004708,0:00:00.000087,0:00:00.000373,0:00:00.000360,0:00:00.002374,0:00:00.000176,0:00:00.004743,0:00:00.000307,0:00:00.000924,0:00:00.005005,0:00:00.001496,0:00:00.000027,0:00:00.000102,0:00:00.000152,0:00:00.003698,0:00:00.004346,0:00:00.003660,0:00:00.004427,0:00:00.004719,0:00:00.004457,0:00:00.003602,0:00:00.004335,0:00:00.003566,0:00:00.004992,0:00:00.004346,0:00:00.022680,0:00:00.003693,0:00:00.004266,0:00:00.003681,0:00:00.004259,0:00:00.003740,0:00:00.004245,0:00:00.003521,0:00:00.004069,0:00:00.003617,0:00:00.004269,0:00:00.004284,0:00:00.003582,0:00:00.004116,0:00:00.003445,0:00:00.004068,0:00:00.003634,0:00:00.004089,0:00:00.003399,0:00:00.004236,,0:00:00.197590
graph_name , nodes_count , edges_count, degree, degree cent., max neighbor degree, min neighbor degree, avg neighbor degree, std neighbor degree, eigenvector cent., closeness cent., harmonic cent., betweenness cent., coloring largest first, coloring smallest last, coloring independent set, coloring random sequential,coloring connected sequential dfs, coloring connected sequential bfs, edges within egonet, node clique number, number of cliques, clustering coef., square clustering coef., page rank, hubs value, triangles, core number, random,0,1,2,3,4,5,6,7,8,9,10,11,12,13,14,15,16,17,18,19,20,21,22,23,24,25,26,27,28,29,30, Total Time 
270,37,37,0:00:00.000002,0:00:00.000031,0:00:00.000086,0:00:00.000086,0:00:00.000086,0:00:00.000086,0:00:00.000533,0:00:00.000445,0:00:00.000654,0:00:00.001517,0:00:00.000083,0:00:00.000072,0:00:00.004214,0:00:00.000081,0:00:00.000353,0:00:00.000334,0:00:00.002204,0:00:00.000166,0:00:00.004168,0:00:00.000260,0:00:00.000683,0:00:00.004802,0:00:00.001477,0:00:00.000024,0:00:00.000090,0:00:00.000136,0:00:00.004036,0:00:00.004361,0:00:00.003682,0:00:00.004919,0:00:00.004152,0:00:00.004269,0:00:00.003530,0:00:00.004241,0:00:00.003608,0:00:00.004517,0:00:00.003852,0:00:00.010854,0:00:00.003743,0:00:00.004244,0:00:00.003625,0:00:00.004246,0:00:00.003704,0:00:00.004447,0:00:00.003746,0:00:00.004235,0:00:00.003791,0:00:00.004263,0:00:00.003626,0:00:00.003305,0:00:00.004369,0:00:00.003604,0:00:00.004350,0:00:00.003630,0:00:00.004156,0:00:00.003483,0:00:00.004255,,0:00:00.182444
graph_name , nodes_count , edges_count, degree, degree cent., max neighbor degree, min neighbor degree, avg neighbor degree, std neighbor degree, eigenvector cent., closeness cent., harmonic cent., betweenness cent., coloring largest first, coloring smallest last, coloring independent set, coloring random sequential,coloring connected sequential dfs, coloring connected sequential bfs, edges within egonet, node clique number, number of cliques, clustering coef., square clustering coef., page rank, hubs value, triangles, core number, random,0,1,2,3,4,5,6,7,8,9,10,11,12,13,14,15,16,17,18,19,20,21,22,23,24,25,26,27,28,29,30, Total Time 
271,37,37,0:00:00.000003,0:00:00.000031,0:00:00.000088,0:00:00.000088,0:00:00.000088,0:00:00.000088,0:00:00.000587,0:00:00.000461,0:00:00.000655,0:00:00.001593,0:00:00.000086,0:00:00.000074,0:00:00.004355,0:00:00.000085,0:00:00.000368,0:00:00.000373,0:00:00.002129,0:00:00.000170,0:00:00.004170,0:00:00.000262,0:00:00.000735,0:00:00.005041,0:00:00.001518,0:00:00.000023,0:00:00.000095,0:00:00.000139,0:00:00.003707,0:00:00.004435,0:00:00.003784,0:00:00.004585,0:00:00.004305,0:00:00.004290,0:00:00.004343,0:00:00.003601,0:00:00.004322,0:00:00.003844,0:00:00.004731,0:00:00.010383,0:00:00.004363,0:00:00.003575,0:00:00.004316,0:00:00.003582,0:00:00.004360,0:00:00.003628,0:00:00.004182,0:00:00.003532,0:00:00.004247,0:00:00.002749,0:00:00.004087,0:00:00.003630,0:00:00.004256,0:00:00.003543,0:00:00.004239,0:00:00.003528,0:00:00.004109,0:00:00.002642,0:00:00.004132,,0:00:00.181203
graph_name , nodes_count , edges_count, degree, degree cent., max neighbor degree, min neighbor degree, avg neighbor degree, std neighbor degree, eigenvector cent., closeness cent., harmonic cent., betweenness cent., coloring largest first, coloring smallest last, coloring independent set, coloring random sequential,coloring connected sequential dfs, coloring connected sequential bfs, edges within egonet, node clique number, number of cliques, clustering coef., square clustering coef., page rank, hubs value, triangles, core number, random,0,1,2,3,4,5,6,7,8,9,10,11,12,13,14,15,16,17,18,19,20,21,22,23,24,25,26,27,28,29,30, Total Time 
272,37,36,0:00:00.000001,0:00:00.000030,0:00:00.000039,0:00:00.000039,0:00:00.000039,0:00:00.000039,0:00:00.000355,0:00:00.000202,0:00:00.000274,0:00:00.000678,0:00:00.000039,0:00:00.000031,0:00:00.001912,0:00:00.000038,0:00:00.000165,0:00:00.000148,0:00:00.000974,0:00:00.000076,0:00:00.001681,0:00:00.000120,0:00:00.000282,0:00:00.002224,0:00:00.000769,0:00:00.000012,0:00:00.000043,0:00:00.000064,0:00:00.003669,0:00:00.003711,0:00:00.003700,0:00:00.003639,0:00:00.004079,0:00:00.003594,0:00:00.003557,0:00:00.004213,0:00:00.003585,0:00:00.004301,0:00:00.003708,0:00:00.010046,0:00:00.003560,0:00:00.004110,0:00:00.003558,0:00:00.004082,0:00:00.003482,0:00:00.003475,0:00:00.003526,0:00:00.004020,0:00:00.003309,0:00:00.003887,0:00:00.003374,0:00:00.003388,0:00:00.003396,0:00:00.003427,0:00:00.003351,0:00:00.003946,0:00:00.003489,0:00:00.003959,0:00:00.003592,,0:00:00.144401
graph_name , nodes_count , edges_count, degree, degree cent., max neighbor degree, min neighbor degree, avg neighbor degree, std neighbor degree, eigenvector cent., closeness cent., harmonic cent., betweenness cent., coloring largest first, coloring smallest last, coloring independent set, coloring random sequential,coloring connected sequential dfs, coloring connected sequential bfs, edges within egonet, node clique number, number of cliques, clustering coef., square clustering coef., page rank, hubs value, triangles, core number, random,0,1,2,3,4,5,6,7,8,9,10,11,12,13,14,15,16,17,18,19,20,21,22,23,24,25,26,27,28,29,30, Total Time 
273,37,35,0:00:00.000003,0:00:00.000040,0:00:00.000085,0:00:00.000085,0:00:00.000085,0:00:00.000085,0:00:00.000569,0:00:00.000445,0:00:00.000633,0:00:00.001516,0:00:00.000084,0:00:00.000072,0:00:00.004317,0:00:00.000084,0:00:00.000365,0:00:00.000339,0:00:00.002053,0:00:00.000175,0:00:00.003947,0:00:00.000270,0:00:00.000619,0:00:00.004927,0:00:00.001549,0:00:00.000025,0:00:00.000093,0:00:00.000139,0:00:00.004088,0:00:00.003568,0:00:00.003555,0:00:00.003613,0:00:00.004732,0:00:00.003600,0:00:00.004207,0:00:00.003503,0:00:00.004155,0:00:00.003660,0:00:00.004274,0:00:00.007821,0:00:00.004090,0:00:00.003533,0:00:00.004058,0:00:00.003589,0:00:00.004194,0:00:00.003546,0:00:00.004066,0:00:00.003586,0:00:00.004142,0:00:00.003432,0:00:00.004121,0:00:00.003575,0:00:00.004015,0:00:00.003431,0:00:00.004175,0:00:00.003434,0:00:00.004087,0:00:00.003489,0:00:00.004153,,0:00:00.174446
graph_name , nodes_count , edges_count, degree, degree cent., max neighbor degree, min neighbor degree, avg neighbor degree, std neighbor degree, eigenvector cent., closeness cent., harmonic cent., betweenness cent., coloring largest first, coloring smallest last, coloring independent set, coloring random sequential,coloring connected sequential dfs, coloring connected sequential bfs, edges within egonet, node clique number, number of cliques, clustering coef., square clustering coef., page rank, hubs value, triangles, core number, random,0,1,2,3,4,5,6,7,8,9,10,11,12,13,14,15,16,17,18,19,20,21,22,23,24,25,26,27,28,29,30, Total Time 
274,37,36,0:00:00.000001,0:00:00.000031,0:00:00.000039,0:00:00.000039,0:00:00.000039,0:00:00.000039,0:00:00.000335,0:00:00.000275,0:00:00.000373,0:00:00.000679,0:00:00.000039,0:00:00.000032,0:00:00.001828,0:00:00.000037,0:00:00.000160,0:00:00.000151,0:00:00.001138,0:00:00.000079,0:00:00.001807,0:00:00.000117,0:00:00.000295,0:00:00.002234,0:00:00.000735,0:00:00.000013,0:00:00.000044,0:00:00.000060,0:00:00.003651,0:00:00.004566,0:00:00.003544,0:00:00.004355,0:00:00.004128,0:00:00.004225,0:00:00.003481,0:00:00.004199,0:00:00.003501,0:00:00.005361,0:00:00.003811,0:00:00.010997,0:00:00.003684,0:00:00.004232,0:00:00.003587,0:00:00.004155,0:00:00.003607,0:00:00.004161,0:00:00.003517,0:00:00.004150,0:00:00.003653,0:00:00.004156,0:00:00.003606,0:00:00.004078,0:00:00.003655,0:00:00.004131,0:00:00.003568,0:00:00.004246,0:00:00.003632,0:00:00.004166,0:00:00.003690,,0:00:00.153511
graph_name , nodes_count , edges_count, degree, degree cent., max neighbor degree, min neighbor degree, avg neighbor degree, std neighbor degree, eigenvector cent., closeness cent., harmonic cent., betweenness cent., coloring largest first, coloring smallest last, coloring independent set, coloring random sequential,coloring connected sequential dfs, coloring connected sequential bfs, edges within egonet, node clique number, number of cliques, clustering coef., square clustering coef., page rank, hubs value, triangles, core number, random,0,1,2,3,4,5,6,7,8,9,10,11,12,13,14,15,16,17,18,19,20,21,22,23,24,25,26,27,28,29,30, Total Time 
275,35,36,0:00:00.000002,0:00:00.000040,0:00:00.000083,0:00:00.000083,0:00:00.000083,0:00:00.000083,0:00:00.000528,0:00:00.000408,0:00:00.000570,0:00:00.001395,0:00:00.000082,0:00:00.000070,0:00:00.003918,0:00:00.000079,0:00:00.000354,0:00:00.000333,0:00:00.001937,0:00:00.000160,0:00:00.003638,0:00:00.000259,0:00:00.000676,0:00:00.004974,0:00:00.001571,0:00:00.000021,0:00:00.000091,0:00:00.000127,0:00:00.004369,0:00:00.003774,0:00:00.004257,0:00:00.003639,0:00:00.005143,0:00:00.003613,0:00:00.004291,0:00:00.003641,0:00:00.004023,0:00:00.003815,0:00:00.004572,0:00:00.008902,0:00:00.004230,0:00:00.003573,0:00:00.004240,0:00:00.003509,0:00:00.004335,0:00:00.003630,0:00:00.004103,0:00:00.003603,0:00:00.004182,0:00:00.003484,0:00:00.004195,0:00:00.003543,0:00:00.004022,0:00:00.003490,0:00:00.004074,0:00:00.004512,0:00:00.005274,0:00:00.006560,0:00:00.004528,,0:00:00.182677
graph_name , nodes_count , edges_count, degree, degree cent., max neighbor degree, min neighbor degree, avg neighbor degree, std neighbor degree, eigenvector cent., closeness cent., harmonic cent., betweenness cent., coloring largest first, coloring smallest last, coloring independent set, coloring random sequential,coloring connected sequential dfs, coloring connected sequential bfs, edges within egonet, node clique number, number of cliques, clustering coef., square clustering coef., page rank, hubs value, triangles, core number, random,0,1,2,3,4,5,6,7,8,9,10,11,12,13,14,15,16,17,18,19,20,21,22,23,24,25,26,27,28,29,30, Total Time 
276,39,39,0:00:00.000001,0:00:00.000031,0:00:00.000043,0:00:00.000043,0:00:00.000043,0:00:00.000043,0:00:00.000354,0:00:00.000217,0:00:00.000311,0:00:00.000772,0:00:00.000040,0:00:00.000032,0:00:00.002041,0:00:00.000039,0:00:00.000169,0:00:00.000159,0:00:00.001076,0:00:00.000083,0:00:00.001982,0:00:00.000127,0:00:00.000370,0:00:00.002188,0:00:00.000741,0:00:00.000008,0:00:00.000046,0:00:00.000066,0:00:00.003716,0:00:00.004413,0:00:00.003795,0:00:00.004449,0:00:00.004514,0:00:00.004279,0:00:00.003569,0:00:00.004261,0:00:00.003568,0:00:00.004798,0:00:00.004153,0:00:00.016769,0:00:00.003588,0:00:00.004163,0:00:00.003515,0:00:00.004222,0:00:00.003692,0:00:00.004261,0:00:00.003577,0:00:00.004176,0:00:00.003603,0:00:00.004149,0:00:00.003657,0:00:00.004106,0:00:00.003588,0:00:00.004161,0:00:00.003488,0:00:00.003961,0:00:00.003453,0:00:00.004071,0:00:00.003586,,0:00:00.159918
graph_name , nodes_count , edges_count, degree, degree cent., max neighbor degree, min neighbor degree, avg neighbor degree, std neighbor degree, eigenvector cent., closeness cent., harmonic cent., betweenness cent., coloring largest first, coloring smallest last, coloring independent set, coloring random sequential,coloring connected sequential dfs, coloring connected sequential bfs, edges within egonet, node clique number, number of cliques, clustering coef., square clustering coef., page rank, hubs value, triangles, core number, random,0,1,2,3,4,5,6,7,8,9,10,11,12,13,14,15,16,17,18,19,20,21,22,23,24,25,26,27,28,29,30, Total Time 
277,37,38,0:00:00.000002,0:00:00.000039,0:00:00.000088,0:00:00.000088,0:00:00.000088,0:00:00.000088,0:00:00.000558,0:00:00.000449,0:00:00.000633,0:00:00.001543,0:00:00.000085,0:00:00.000071,0:00:00.004337,0:00:00.000081,0:00:00.000365,0:00:00.000337,0:00:00.002231,0:00:00.000163,0:00:00.003819,0:00:00.000269,0:00:00.000738,0:00:00.005046,0:00:00.001550,0:00:00.000021,0:00:00.000097,0:00:00.000146,0:00:00.004271,0:00:00.003695,0:00:00.004093,0:00:00.003757,0:00:00.005082,0:00:00.003686,0:00:00.004211,0:00:00.003571,0:00:00.004197,0:00:00.003833,0:00:00.004862,0:00:00.009748,0:00:00.004397,0:00:00.003590,0:00:00.004230,0:00:00.003766,0:00:00.004499,0:00:00.003553,0:00:00.004226,0:00:00.003647,0:00:00.004331,0:00:00.003668,0:00:00.004083,0:00:00.003613,0:00:00.004069,0:00:00.003498,0:00:00.004161,0:00:00.003463,0:00:00.004037,0:00:00.003416,0:00:00.004173,,0:00:00.180756
graph_name , nodes_count , edges_count, degree, degree cent., max neighbor degree, min neighbor degree, avg neighbor degree, std neighbor degree, eigenvector cent., closeness cent., harmonic cent., betweenness cent., coloring largest first, coloring smallest last, coloring independent set, coloring random sequential,coloring connected sequential dfs, coloring connected sequential bfs, edges within egonet, node clique number, number of cliques, clustering coef., square clustering coef., page rank, hubs value, triangles, core number, random,0,1,2,3,4,5,6,7,8,9,10,11,12,13,14,15,16,17,18,19,20,21,22,23,24,25,26,27,28,29,30, Total Time 
278,37,36,0:00:00.000001,0:00:00.000031,0:00:00.000040,0:00:00.000040,0:00:00.000040,0:00:00.000040,0:00:00.000338,0:00:00.000271,0:00:00.000298,0:00:00.000680,0:00:00.000039,0:00:00.000031,0:00:00.001822,0:00:00.000038,0:00:00.000167,0:00:00.000232,0:00:00.000923,0:00:00.000076,0:00:00.001790,0:00:00.000118,0:00:00.000283,0:00:00.002197,0:00:00.000730,0:00:00.000006,0:00:00.000042,0:00:00.000058,0:00:00.003538,0:00:00.004553,0:00:00.003505,0:00:00.004331,0:00:00.004127,0:00:00.004265,0:00:00.003418,0:00:00.004289,0:00:00.003379,0:00:00.004478,0:00:00.003741,0:00:00.010551,0:00:00.003558,0:00:00.004227,0:00:00.003514,0:00:00.004235,0:00:00.003563,0:00:00.004171,0:00:00.003507,0:00:00.004238,0:00:00.003526,0:00:00.004161,0:00:00.003469,0:00:00.004072,0:00:00.003506,0:00:00.004184,0:00:00.003428,0:00:00.004149,0:00:00.003469,0:00:00.004062,0:00:00.003574,,0:00:00.150416
graph_name , nodes_count , edges_count, degree, degree cent., max neighbor degree, min neighbor degree, avg neighbor degree, std neighbor degree, eigenvector cent., closeness cent., harmonic cent., betweenness cent., coloring largest first, coloring smallest last, coloring independent set, coloring random sequential,coloring connected sequential dfs, coloring connected sequential bfs, edges within egonet, node clique number, number of cliques, clustering coef., square clustering coef., page rank, hubs value, triangles, core number, random,0,1,2,3,4,5,6,7,8,9,10,11,12,13,14,15,16,17,18,19,20,21,22,23,24,25,26,27,28,29,30, Total Time 
279,38,39,0:00:00.000002,0:00:00.000039,0:00:00.000088,0:00:00.000088,0:00:00.000088,0:00:00.000088,0:00:00.000566,0:00:00.000484,0:00:00.000675,0:00:00.001670,0:00:00.000089,0:00:00.000074,0:00:00.004539,0:00:00.000084,0:00:00.000368,0:00:00.000346,0:00:00.002350,0:00:00.000175,0:00:00.004350,0:00:00.000277,0:00:00.000786,0:00:00.004848,0:00:00.001647,0:00:00.000024,0:00:00.000097,0:00:00.000141,0:00:00.004322,0:00:00.003641,0:00:00.004194,0:00:00.003571,0:00:00.005286,0:00:00.003521,0:00:00.004279,0:00:00.003507,0:00:00.004188,0:00:00.003851,0:00:00.004812,0:00:00.011097,0:00:00.004132,0:00:00.003555,0:00:00.004231,0:00:00.003549,0:00:00.004483,0:00:00.003508,0:00:00.004251,0:00:00.003514,0:00:00.004232,0:00:00.003537,0:00:00.004114,0:00:00.003501,0:00:00.004071,0:00:00.003569,0:00:00.004197,0:00:00.003512,0:00:00.004107,0:00:00.003518,0:00:00.004236,,0:00:00.182698
graph_name , nodes_count , edges_count, degree, degree cent., max neighbor degree, min neighbor degree, avg neighbor degree, std neighbor degree, eigenvector cent., closeness cent., harmonic cent., betweenness cent., coloring largest first, coloring smallest last, coloring independent set, coloring random sequential,coloring connected sequential dfs, coloring connected sequential bfs, edges within egonet, node clique number, number of cliques, clustering coef., square clustering coef., page rank, hubs value, triangles, core number, random,0,1,2,3,4,5,6,7,8,9,10,11,12,13,14,15,16,17,18,19,20,21,22,23,24,25,26,27,28,29,30, Total Time 
280,36,33,0:00:00.000001,0:00:00.000030,0:00:00.000038,0:00:00.000038,0:00:00.000038,0:00:00.000038,0:00:00.000329,0:00:00.000264,0:00:00.000369,0:00:00.000693,0:00:00.000038,0:00:00.000031,0:00:00.001798,0:00:00.000037,0:00:00.000157,0:00:00.000147,0:00:00.000846,0:00:00.000072,0:00:00.001565,0:00:00.000117,0:00:00.000226,0:00:00.002154,0:00:00.000726,0:00:00.000009,0:00:00.000041,0:00:00.000060,0:00:00.004307,0:00:00.004401,0:00:00.003519,0:00:00.004402,0:00:00.003989,0:00:00.004324,0:00:00.003572,0:00:00.004221,0:00:00.003537,0:00:00.004523,0:00:00.003600,0:00:00.008084,0:00:00.003538,0:00:00.004167,0:00:00.003598,0:00:00.004147,0:00:00.003445,0:00:00.004089,0:00:00.003473,0:00:00.004193,0:00:00.003568,0:00:00.004134,0:00:00.003488,0:00:00.004041,0:00:00.003509,0:00:00.004076,0:00:00.003476,0:00:00.004122,0:00:00.003416,0:00:00.004071,0:00:00.003516,,0:00:00.147628
graph_name , nodes_count , edges_count, degree, degree cent., max neighbor degree, min neighbor degree, avg neighbor degree, std neighbor degree, eigenvector cent., closeness cent., harmonic cent., betweenness cent., coloring largest first, coloring smallest last, coloring independent set, coloring random sequential,coloring connected sequential dfs, coloring connected sequential bfs, edges within egonet, node clique number, number of cliques, clustering coef., square clustering coef., page rank, hubs value, triangles, core number, random,0,1,2,3,4,5,6,7,8,9,10,11,12,13,14,15,16,17,18,19,20,21,22,23,24,25,26,27,28,29,30, Total Time 
281,35,33,0:00:00.000003,0:00:00.000038,0:00:00.000082,0:00:00.000082,0:00:00.000082,0:00:00.000082,0:00:00.000475,0:00:00.000482,0:00:00.000569,0:00:00.001365,0:00:00.000081,0:00:00.000068,0:00:00.003878,0:00:00.000079,0:00:00.000349,0:00:00.000326,0:00:00.001987,0:00:00.000166,0:00:00.003750,0:00:00.000247,0:00:00.000512,0:00:00.004893,0:00:00.001548,0:00:00.000024,0:00:00.000087,0:00:00.000132,0:00:00.004379,0:00:00.003542,0:00:00.004108,0:00:00.003641,0:00:00.004584,0:00:00.003535,0:00:00.004079,0:00:00.003384,0:00:00.004095,0:00:00.003524,0:00:00.004340,0:00:00.005698,0:00:00.004201,0:00:00.003572,0:00:00.004161,0:00:00.003540,0:00:00.004264,0:00:00.003495,0:00:00.004212,0:00:00.003524,0:00:00.004257,0:00:00.003517,0:00:00.004148,0:00:00.003470,0:00:00.004065,0:00:00.003420,0:00:00.003982,0:00:00.003562,0:00:00.004125,0:00:00.003496,0:00:00.004336,,0:00:00.171734
graph_name , nodes_count , edges_count, degree, degree cent., max neighbor degree, min neighbor degree, avg neighbor degree, std neighbor degree, eigenvector cent., closeness cent., harmonic cent., betweenness cent., coloring largest first, coloring smallest last, coloring independent set, coloring random sequential,coloring connected sequential dfs, coloring connected sequential bfs, edges within egonet, node clique number, number of cliques, clustering coef., square clustering coef., page rank, hubs value, triangles, core number, random,0,1,2,3,4,5,6,7,8,9,10,11,12,13,14,15,16,17,18,19,20,21,22,23,24,25,26,27,28,29,30, Total Time 
282,40,38,0:00:00.000001,0:00:00.000033,0:00:00.000042,0:00:00.000042,0:00:00.000042,0:00:00.000042,0:00:00.000358,0:00:00.000289,0:00:00.000330,0:00:00.000819,0:00:00.000042,0:00:00.000034,0:00:00.002415,0:00:00.000040,0:00:00.000172,0:00:00.000164,0:00:00.001021,0:00:00.000079,0:00:00.002018,0:00:00.000123,0:00:00.000337,0:00:00.002175,0:00:00.000735,0:00:00.000008,0:00:00.000047,0:00:00.000066,0:00:00.003807,0:00:00.004342,0:00:00.003841,0:00:00.004344,0:00:00.004343,0:00:00.004332,0:00:00.003421,0:00:00.004124,0:00:00.003510,0:00:00.004270,0:00:00.003736,0:00:00.015645,0:00:00.003628,0:00:00.004098,0:00:00.003510,0:00:00.004158,0:00:00.003778,0:00:00.004085,0:00:00.003558,0:00:00.003861,0:00:00.003567,0:00:00.004196,0:00:00.003564,0:00:00.004137,0:00:00.003580,0:00:00.004078,0:00:00.003525,0:00:00.004068,0:00:00.003413,0:00:00.004076,0:00:00.003573,,0:00:00.157133
graph_name , nodes_count , edges_count, degree, degree cent., max neighbor degree, min neighbor degree, avg neighbor degree, std neighbor degree, eigenvector cent., closeness cent., harmonic cent., betweenness cent., coloring largest first, coloring smallest last, coloring independent set, coloring random sequential,coloring connected sequential dfs, coloring connected sequential bfs, edges within egonet, node clique number, number of cliques, clustering coef., square clustering coef., page rank, hubs value, triangles, core number, random,0,1,2,3,4,5,6,7,8,9,10,11,12,13,14,15,16,17,18,19,20,21,22,23,24,25,26,27,28,29,30, Total Time 
283,41,41,0:00:00.000002,0:00:00.000043,0:00:00.000098,0:00:00.000098,0:00:00.000098,0:00:00.000098,0:00:00.000612,0:00:00.000554,0:00:00.000800,0:00:00.002047,0:00:00.000093,0:00:00.000080,0:00:00.005151,0:00:00.000090,0:00:00.000397,0:00:00.000390,0:00:00.002501,0:00:00.000201,0:00:00.004976,0:00:00.000297,0:00:00.000936,0:00:00.005188,0:00:00.001644,0:00:00.000028,0:00:00.000106,0:00:00.000159,0:00:00.004371,0:00:00.003697,0:00:00.004177,0:00:00.003631,0:00:00.005583,0:00:00.003495,0:00:00.004338,0:00:00.003540,0:00:00.004299,0:00:00.004000,0:00:00.004940,0:00:00.015559,0:00:00.004207,0:00:00.003630,0:00:00.004177,0:00:00.003515,0:00:00.004462,0:00:00.003493,0:00:00.004166,0:00:00.003490,0:00:00.004296,0:00:00.003519,0:00:00.004133,0:00:00.003431,0:00:00.004220,0:00:00.003527,0:00:00.004240,0:00:00.003433,0:00:00.004137,0:00:00.003545,0:00:00.004182,,0:00:00.191334
graph_name , nodes_count , edges_count, degree, degree cent., max neighbor degree, min neighbor degree, avg neighbor degree, std neighbor degree, eigenvector cent., closeness cent., harmonic cent., betweenness cent., coloring largest first, coloring smallest last, coloring independent set, coloring random sequential,coloring connected sequential dfs, coloring connected sequential bfs, edges within egonet, node clique number, number of cliques, clustering coef., square clustering coef., page rank, hubs value, triangles, core number, random,0,1,2,3,4,5,6,7,8,9,10,11,12,13,14,15,16,17,18,19,20,21,22,23,24,25,26,27,28,29,30, Total Time 
284,35,32,0:00:00.000001,0:00:00.000031,0:00:00.000038,0:00:00.000038,0:00:00.000038,0:00:00.000038,0:00:00.000318,0:00:00.000210,0:00:00.000247,0:00:00.000579,0:00:00.000038,0:00:00.000030,0:00:00.001771,0:00:00.000035,0:00:00.000158,0:00:00.000146,0:00:00.000890,0:00:00.000075,0:00:00.001596,0:00:00.000110,0:00:00.000217,0:00:00.002188,0:00:00.000728,0:00:00.000008,0:00:00.000040,0:00:00.000056,0:00:00.003635,0:00:00.004591,0:00:00.003872,0:00:00.004421,0:00:00.003944,0:00:00.004154,0:00:00.003475,0:00:00.004136,0:00:00.003476,0:00:00.004289,0:00:00.003646,0:00:00.007058,0:00:00.003706,0:00:00.004124,0:00:00.003607,0:00:00.004072,0:00:00.003587,0:00:00.004320,0:00:00.003546,0:00:00.004115,0:00:00.003653,0:00:00.004185,0:00:00.003700,0:00:00.004226,0:00:00.003533,0:00:00.004216,0:00:00.003552,0:00:00.004221,0:00:00.003435,0:00:00.004059,0:00:00.003525,,0:00:00.146988
graph_name , nodes_count , edges_count, degree, degree cent., max neighbor degree, min neighbor degree, avg neighbor degree, std neighbor degree, eigenvector cent., closeness cent., harmonic cent., betweenness cent., coloring largest first, coloring smallest last, coloring independent set, coloring random sequential,coloring connected sequential dfs, coloring connected sequential bfs, edges within egonet, node clique number, number of cliques, clustering coef., square clustering coef., page rank, hubs value, triangles, core number, random,0,1,2,3,4,5,6,7,8,9,10,11,12,13,14,15,16,17,18,19,20,21,22,23,24,25,26,27,28,29,30, Total Time 
285,34,33,0:00:00.000003,0:00:00.000039,0:00:00.000081,0:00:00.000081,0:00:00.000081,0:00:00.000081,0:00:00.000504,0:00:00.000402,0:00:00.000601,0:00:00.001313,0:00:00.000081,0:00:00.000067,0:00:00.003549,0:00:00.000078,0:00:00.000348,0:00:00.000488,0:00:00.001940,0:00:00.000155,0:00:00.003463,0:00:00.000242,0:00:00.000562,0:00:00.004865,0:00:00.001683,0:00:00.000023,0:00:00.000090,0:00:00.000126,0:00:00.004239,0:00:00.003612,0:00:00.004241,0:00:00.003647,0:00:00.004790,0:00:00.003503,0:00:00.004183,0:00:00.003488,0:00:00.004067,0:00:00.003637,0:00:00.004523,0:00:00.006968,0:00:00.004125,0:00:00.003535,0:00:00.004109,0:00:00.003501,0:00:00.004301,0:00:00.003489,0:00:00.004177,0:00:00.004481,0:00:00.004346,0:00:00.004398,0:00:00.004300,0:00:00.004260,0:00:00.004270,0:00:00.004353,0:00:00.004282,0:00:00.004292,0:00:00.004293,0:00:00.004214,0:00:00.004341,,0:00:00.178949
graph_name , nodes_count , edges_count, degree, degree cent., max neighbor degree, min neighbor degree, avg neighbor degree, std neighbor degree, eigenvector cent., closeness cent., harmonic cent., betweenness cent., coloring largest first, coloring smallest last, coloring independent set, coloring random sequential,coloring connected sequential dfs, coloring connected sequential bfs, edges within egonet, node clique number, number of cliques, clustering coef., square clustering coef., page rank, hubs value, triangles, core number, random,0,1,2,3,4,5,6,7,8,9,10,11,12,13,14,15,16,17,18,19,20,21,22,23,24,25,26,27,28,29,30, Total Time 
286,34,32,0:00:00.000002,0:00:00.000036,0:00:00.000082,0:00:00.000082,0:00:00.000082,0:00:00.000082,0:00:00.000504,0:00:00.000381,0:00:00.000531,0:00:00.001239,0:00:00.000078,0:00:00.000066,0:00:00.003737,0:00:00.000077,0:00:00.000349,0:00:00.000315,0:00:00.002007,0:00:00.000153,0:00:00.003279,0:00:00.000238,0:00:00.000465,0:00:00.004862,0:00:00.001554,0:00:00.000022,0:00:00.000085,0:00:00.000128,0:00:00.004383,0:00:00.004484,0:00:00.004369,0:00:00.004580,0:00:00.004717,0:00:00.004361,0:00:00.004287,0:00:00.004271,0:00:00.004321,0:00:00.004508,0:00:00.004534,0:00:00.006606,0:00:00.004365,0:00:00.004381,0:00:00.004471,0:00:00.004355,0:00:00.004277,0:00:00.005987,0:00:00.004315,0:00:00.004394,0:00:00.004249,0:00:00.004280,0:00:00.004395,0:00:00.004211,0:00:00.004222,0:00:00.004344,0:00:00.004280,0:00:00.004343,0:00:00.004229,0:00:00.004231,0:00:00.004245,,0:00:00.188111
graph_name , nodes_count , edges_count, degree, degree cent., max neighbor degree, min neighbor degree, avg neighbor degree, std neighbor degree, eigenvector cent., closeness cent., harmonic cent., betweenness cent., coloring largest first, coloring smallest last, coloring independent set, coloring random sequential,coloring connected sequential dfs, coloring connected sequential bfs, edges within egonet, node clique number, number of cliques, clustering coef., square clustering coef., page rank, hubs value, triangles, core number, random,0,1,2,3,4,5,6,7,8,9,10,11,12,13,14,15,16,17,18,19,20,21,22,23,24,25,26,27,28,29,30, Total Time 
287,38,40,0:00:00.000002,0:00:00.000042,0:00:00.000090,0:00:00.000090,0:00:00.000090,0:00:00.000090,0:00:00.000593,0:00:00.000484,0:00:00.000674,0:00:00.001704,0:00:00.000088,0:00:00.000074,0:00:00.004382,0:00:00.000085,0:00:00.000382,0:00:00.000507,0:00:00.002245,0:00:00.000173,0:00:00.004356,0:00:00.000277,0:00:00.000860,0:00:00.004825,0:00:00.001554,0:00:00.000026,0:00:00.000096,0:00:00.000142,0:00:00.004469,0:00:00.004743,0:00:00.004384,0:00:00.004449,0:00:00.005523,0:00:00.004448,0:00:00.004438,0:00:00.004366,0:00:00.004291,0:00:00.004915,0:00:00.005048,0:00:00.016595,0:00:00.004406,0:00:00.004376,0:00:00.004284,0:00:00.004319,0:00:00.004679,0:00:00.004508,0:00:00.004436,0:00:00.004325,0:00:00.004473,0:00:00.004246,0:00:00.004363,0:00:00.004471,0:00:00.004310,0:00:00.004274,0:00:00.004368,0:00:00.004205,0:00:00.004440,0:00:00.004268,0:00:00.004458,,0:00:00.203979
graph_name , nodes_count , edges_count, degree, degree cent., max neighbor degree, min neighbor degree, avg neighbor degree, std neighbor degree, eigenvector cent., closeness cent., harmonic cent., betweenness cent., coloring largest first, coloring smallest last, coloring independent set, coloring random sequential,coloring connected sequential dfs, coloring connected sequential bfs, edges within egonet, node clique number, number of cliques, clustering coef., square clustering coef., page rank, hubs value, triangles, core number, random,0,1,2,3,4,5,6,7,8,9,10,11,12,13,14,15,16,17,18,19,20,21,22,23,24,25,26,27,28,29,30, Total Time 
288,36,33,0:00:00.000002,0:00:00.000031,0:00:00.000086,0:00:00.000086,0:00:00.000086,0:00:00.000086,0:00:00.000547,0:00:00.000406,0:00:00.000575,0:00:00.001400,0:00:00.000080,0:00:00.000070,0:00:00.003961,0:00:00.000078,0:00:00.000340,0:00:00.000323,0:00:00.002050,0:00:00.000154,0:00:00.003498,0:00:00.000244,0:00:00.000569,0:00:00.004881,0:00:00.001458,0:00:00.000023,0:00:00.000087,0:00:00.000134,0:00:00.004355,0:00:00.004455,0:00:00.004299,0:00:00.004672,0:00:00.005034,0:00:00.004541,0:00:00.004356,0:00:00.004302,0:00:00.004259,0:00:00.004506,0:00:00.004607,0:00:00.011233,0:00:00.004433,0:00:00.004460,0:00:00.004268,0:00:00.004251,0:00:00.004379,0:00:00.004209,0:00:00.004188,0:00:00.004281,0:00:00.004369,0:00:00.004354,0:00:00.004352,0:00:00.004399,0:00:00.004322,0:00:00.004398,0:00:00.004467,0:00:00.004252,0:00:00.004256,0:00:00.004202,0:00:00.004327,,0:00:00.192437
graph_name , nodes_count , edges_count, degree, degree cent., max neighbor degree, min neighbor degree, avg neighbor degree, std neighbor degree, eigenvector cent., closeness cent., harmonic cent., betweenness cent., coloring largest first, coloring smallest last, coloring independent set, coloring random sequential,coloring connected sequential dfs, coloring connected sequential bfs, edges within egonet, node clique number, number of cliques, clustering coef., square clustering coef., page rank, hubs value, triangles, core number, random,0,1,2,3,4,5,6,7,8,9,10,11,12,13,14,15,16,17,18,19,20,21,22,23,24,25,26,27,28,29,30, Total Time 
289,38,35,0:00:00.000003,0:00:00.000043,0:00:00.000088,0:00:00.000088,0:00:00.000088,0:00:00.000088,0:00:00.000551,0:00:00.000425,0:00:00.000696,0:00:00.001436,0:00:00.000085,0:00:00.000073,0:00:00.004465,0:00:00.000083,0:00:00.000383,0:00:00.000363,0:00:00.001952,0:00:00.000166,0:00:00.004184,0:00:00.000257,0:00:00.000608,0:00:00.004891,0:00:00.001527,0:00:00.000024,0:00:00.000090,0:00:00.000128,0:00:00.004321,0:00:00.004494,0:00:00.004439,0:00:00.004434,0:00:00.005024,0:00:00.004383,0:00:00.004378,0:00:00.004432,0:00:00.004241,0:00:00.004602,0:00:00.004501,0:00:00.009800,0:00:00.004395,0:00:00.004351,0:00:00.004382,0:00:00.004397,0:00:00.004407,0:00:00.004363,0:00:00.004237,0:00:00.004364,0:00:00.004351,0:00:00.004331,0:00:00.004258,0:00:00.004240,0:00:00.004385,0:00:00.004263,0:00:00.004263,0:00:00.004254,0:00:00.004265,0:00:00.004223,0:00:00.004163,,0:00:00.192277
graph_name , nodes_count , edges_count, degree, degree cent., max neighbor degree, min neighbor degree, avg neighbor degree, std neighbor degree, eigenvector cent., closeness cent., harmonic cent., betweenness cent., coloring largest first, coloring smallest last, coloring independent set, coloring random sequential,coloring connected sequential dfs, coloring connected sequential bfs, edges within egonet, node clique number, number of cliques, clustering coef., square clustering coef., page rank, hubs value, triangles, core number, random,0,1,2,3,4,5,6,7,8,9,10,11,12,13,14,15,16,17,18,19,20,21,22,23,24,25,26,27,28,29,30, Total Time 
290,39,37,0:00:00.000002,0:00:00.000043,0:00:00.000091,0:00:00.000091,0:00:00.000091,0:00:00.000091,0:00:00.000587,0:00:00.000495,0:00:00.000716,0:00:00.001744,0:00:00.000087,0:00:00.000074,0:00:00.004985,0:00:00.000085,0:00:00.000382,0:00:00.000352,0:00:00.002342,0:00:00.000179,0:00:00.004461,0:00:00.000270,0:00:00.000676,0:00:00.004844,0:00:00.001570,0:00:00.000027,0:00:00.000095,0:00:00.000149,0:00:00.004543,0:00:00.004484,0:00:00.004447,0:00:00.004399,0:00:00.005213,0:00:00.004498,0:00:00.004405,0:00:00.004397,0:00:00.004300,0:00:00.004650,0:00:00.004692,0:00:00.011452,0:00:00.004408,0:00:00.004352,0:00:00.004208,0:00:00.004318,0:00:00.004319,0:00:00.004244,0:00:00.004358,0:00:00.004208,0:00:00.004229,0:00:00.004297,0:00:00.004337,0:00:00.004235,0:00:00.004405,0:00:00.004271,0:00:00.004354,0:00:00.004319,0:00:00.004466,0:00:00.004294,0:00:00.004373,,0:00:00.197091
graph_name , nodes_count , edges_count, degree, degree cent., max neighbor degree, min neighbor degree, avg neighbor degree, std neighbor degree, eigenvector cent., closeness cent., harmonic cent., betweenness cent., coloring largest first, coloring smallest last, coloring independent set, coloring random sequential,coloring connected sequential dfs, coloring connected sequential bfs, edges within egonet, node clique number, number of cliques, clustering coef., square clustering coef., page rank, hubs value, triangles, core number, random,0,1,2,3,4,5,6,7,8,9,10,11,12,13,14,15,16,17,18,19,20,21,22,23,24,25,26,27,28,29,30, Total Time 
291,36,34,0:00:00.000002,0:00:00.000033,0:00:00.000068,0:00:00.000068,0:00:00.000068,0:00:00.000068,0:00:00.000423,0:00:00.000338,0:00:00.000487,0:00:00.001141,0:00:00.000066,0:00:00.000054,0:00:00.003269,0:00:00.000063,0:00:00.000287,0:00:00.000269,0:00:00.001546,0:00:00.000133,0:00:00.003058,0:00:00.000200,0:00:00.000447,0:00:00.003921,0:00:00.001247,0:00:00.000020,0:00:00.000071,0:00:00.000104,0:00:00.004323,0:00:00.004098,0:00:00.004066,0:00:00.002781,0:00:00.004659,0:00:00.003682,0:00:00.004009,0:00:00.003461,0:00:00.004074,0:00:00.002691,0:00:00.004372,0:00:00.007106,0:00:00.004028,0:00:00.003456,0:00:00.004191,0:00:00.003555,0:00:00.004118,0:00:00.003486,0:00:00.003996,0:00:00.003554,0:00:00.004190,0:00:00.003628,0:00:00.004054,0:00:00.003469,0:00:00.004062,0:00:00.003392,0:00:00.004033,0:00:00.003363,0:00:00.004065,0:00:00.003474,0:00:00.003991,,0:00:00.161580
graph_name , nodes_count , edges_count, degree, degree cent., max neighbor degree, min neighbor degree, avg neighbor degree, std neighbor degree, eigenvector cent., closeness cent., harmonic cent., betweenness cent., coloring largest first, coloring smallest last, coloring independent set, coloring random sequential,coloring connected sequential dfs, coloring connected sequential bfs, edges within egonet, node clique number, number of cliques, clustering coef., square clustering coef., page rank, hubs value, triangles, core number, random,0,1,2,3,4,5,6,7,8,9,10,11,12,13,14,15,16,17,18,19,20,21,22,23,24,25,26,27,28,29,30, Total Time 
292,39,37,0:00:00.000003,0:00:00.000042,0:00:00.000090,0:00:00.000090,0:00:00.000090,0:00:00.000090,0:00:00.000566,0:00:00.000453,0:00:00.000665,0:00:00.001565,0:00:00.000087,0:00:00.000074,0:00:00.004502,0:00:00.000083,0:00:00.000395,0:00:00.000367,0:00:00.002062,0:00:00.000175,0:00:00.004585,0:00:00.000275,0:00:00.000704,0:00:00.004971,0:00:00.001534,0:00:00.000023,0:00:00.000093,0:00:00.000148,0:00:00.003534,0:00:00.004191,0:00:00.003626,0:00:00.004229,0:00:00.004287,0:00:00.004084,0:00:00.002819,0:00:00.003994,0:00:00.003674,0:00:00.004370,0:00:00.003768,0:00:00.012860,0:00:00.003595,0:00:00.004087,0:00:00.003568,0:00:00.004074,0:00:00.003633,0:00:00.003998,0:00:00.003434,0:00:00.004056,0:00:00.003435,0:00:00.004081,0:00:00.003484,0:00:00.003979,0:00:00.004198,0:00:00.004103,0:00:00.004216,0:00:00.004081,0:00:00.004227,0:00:00.004184,0:00:00.004144,,0:00:00.182554
graph_name , nodes_count , edges_count, degree, degree cent., max neighbor degree, min neighbor degree, avg neighbor degree, std neighbor degree, eigenvector cent., closeness cent., harmonic cent., betweenness cent., coloring largest first, coloring smallest last, coloring independent set, coloring random sequential,coloring connected sequential dfs, coloring connected sequential bfs, edges within egonet, node clique number, number of cliques, clustering coef., square clustering coef., page rank, hubs value, triangles, core number, random,0,1,2,3,4,5,6,7,8,9,10,11,12,13,14,15,16,17,18,19,20,21,22,23,24,25,26,27,28,29,30, Total Time 
293,36,35,0:00:00.000002,0:00:00.000023,0:00:00.000067,0:00:00.000067,0:00:00.000067,0:00:00.000067,0:00:00.000417,0:00:00.000343,0:00:00.000483,0:00:00.001129,0:00:00.000065,0:00:00.000055,0:00:00.003229,0:00:00.000064,0:00:00.000281,0:00:00.000267,0:00:00.001647,0:00:00.000125,0:00:00.003090,0:00:00.000199,0:00:00.000454,0:00:00.003980,0:00:00.001195,0:00:00.000015,0:00:00.000068,0:00:00.000106,0:00:00.004236,0:00:00.003616,0:00:00.003482,0:00:00.004273,0:00:00.003919,0:00:00.003717,0:00:00.003519,0:00:00.004175,0:00:00.003492,0:00:00.003584,0:00:00.003625,0:00:00.008854,0:00:00.003593,0:00:00.004094,0:00:00.003541,0:00:00.003485,0:00:00.003598,0:00:00.004057,0:00:00.003507,0:00:00.004147,0:00:00.003477,0:00:00.003992,0:00:00.003630,0:00:00.003440,0:00:00.004110,0:00:00.003408,0:00:00.003948,0:00:00.003556,0:00:00.004007,0:00:00.003491,0:00:00.004098,,0:00:00.162278
graph_name , nodes_count , edges_count, degree, degree cent., max neighbor degree, min neighbor degree, avg neighbor degree, std neighbor degree, eigenvector cent., closeness cent., harmonic cent., betweenness cent., coloring largest first, coloring smallest last, coloring independent set, coloring random sequential,coloring connected sequential dfs, coloring connected sequential bfs, edges within egonet, node clique number, number of cliques, clustering coef., square clustering coef., page rank, hubs value, triangles, core number, random,0,1,2,3,4,5,6,7,8,9,10,11,12,13,14,15,16,17,18,19,20,21,22,23,24,25,26,27,28,29,30, Total Time 
294,38,33,0:00:00.000002,0:00:00.000032,0:00:00.000067,0:00:00.000067,0:00:00.000067,0:00:00.000067,0:00:00.000486,0:00:00.000321,0:00:00.000468,0:00:00.001065,0:00:00.000065,0:00:00.000055,0:00:00.003286,0:00:00.000063,0:00:00.000292,0:00:00.000394,0:00:00.001413,0:00:00.000120,0:00:00.003075,0:00:00.000192,0:00:00.000389,0:00:00.003624,0:00:00.001164,0:00:00.000018,0:00:00.000068,0:00:00.000093,0:00:00.003585,0:00:00.003667,0:00:00.003646,0:00:00.004102,0:00:00.003873,0:00:00.004127,0:00:00.003469,0:00:00.004009,0:00:00.003424,0:00:00.003605,0:00:00.003645,0:00:00.008000,0:00:00.003683,0:00:00.004116,0:00:00.003547,0:00:00.004165,0:00:00.003523,0:00:00.004189,0:00:00.003530,0:00:00.004171,0:00:00.003592,0:00:00.004040,0:00:00.003547,0:00:00.003984,0:00:00.003550,0:00:00.003940,0:00:00.003449,0:00:00.004074,0:00:00.003391,0:00:00.003986,0:00:00.003371,,0:00:00.159205
graph_name , nodes_count , edges_count, degree, degree cent., max neighbor degree, min neighbor degree, avg neighbor degree, std neighbor degree, eigenvector cent., closeness cent., harmonic cent., betweenness cent., coloring largest first, coloring smallest last, coloring independent set, coloring random sequential,coloring connected sequential dfs, coloring connected sequential bfs, edges within egonet, node clique number, number of cliques, clustering coef., square clustering coef., page rank, hubs value, triangles, core number, random,0,1,2,3,4,5,6,7,8,9,10,11,12,13,14,15,16,17,18,19,20,21,22,23,24,25,26,27,28,29,30, Total Time 
295,36,33,0:00:00.000002,0:00:00.000037,0:00:00.000082,0:00:00.000082,0:00:00.000082,0:00:00.000082,0:00:00.000469,0:00:00.000400,0:00:00.000602,0:00:00.001391,0:00:00.000079,0:00:00.000068,0:00:00.003969,0:00:00.000078,0:00:00.000341,0:00:00.000317,0:00:00.002000,0:00:00.000154,0:00:00.003631,0:00:00.000240,0:00:00.000511,0:00:00.004660,0:00:00.001496,0:00:00.000024,0:00:00.000088,0:00:00.000136,0:00:00.004251,0:00:00.003598,0:00:00.004237,0:00:00.003587,0:00:00.003946,0:00:00.003431,0:00:00.003605,0:00:00.003566,0:00:00.004179,0:00:00.003687,0:00:00.004389,0:00:00.006414,0:00:00.004305,0:00:00.003541,0:00:00.004271,0:00:00.003534,0:00:00.004172,0:00:00.003446,0:00:00.003607,0:00:00.003552,0:00:00.004083,0:00:00.003498,0:00:00.004192,0:00:00.003406,0:00:00.004065,0:00:00.003495,0:00:00.004149,0:00:00.003403,0:00:00.004074,0:00:00.003526,0:00:00.004222,,0:00:00.169648
graph_name , nodes_count , edges_count, degree, degree cent., max neighbor degree, min neighbor degree, avg neighbor degree, std neighbor degree, eigenvector cent., closeness cent., harmonic cent., betweenness cent., coloring largest first, coloring smallest last, coloring independent set, coloring random sequential,coloring connected sequential dfs, coloring connected sequential bfs, edges within egonet, node clique number, number of cliques, clustering coef., square clustering coef., page rank, hubs value, triangles, core number, random,0,1,2,3,4,5,6,7,8,9,10,11,12,13,14,15,16,17,18,19,20,21,22,23,24,25,26,27,28,29,30, Total Time 
296,38,37,0:00:00.000001,0:00:00.000032,0:00:00.000067,0:00:00.000067,0:00:00.000067,0:00:00.000067,0:00:00.000429,0:00:00.000360,0:00:00.000508,0:00:00.001256,0:00:00.000067,0:00:00.000056,0:00:00.003320,0:00:00.000063,0:00:00.000405,0:00:00.000266,0:00:00.001601,0:00:00.000131,0:00:00.003343,0:00:00.000205,0:00:00.000515,0:00:00.003612,0:00:00.001168,0:00:00.000022,0:00:00.000072,0:00:00.000102,0:00:00.003655,0:00:00.004372,0:00:00.003551,0:00:00.003571,0:00:00.004049,0:00:00.003466,0:00:00.003367,0:00:00.003465,0:00:00.003293,0:00:00.003727,0:00:00.003702,0:00:00.005703,0:00:00.003480,0:00:00.003571,0:00:00.003452,0:00:00.003525,0:00:00.003550,0:00:00.003558,0:00:00.003545,0:00:00.003537,0:00:00.003554,0:00:00.003543,0:00:00.003420,0:00:00.003388,0:00:00.003419,0:00:00.003428,0:00:00.003480,0:00:00.003414,0:00:00.003547,0:00:00.003408,0:00:00.003536,,0:00:00.151637
graph_name , nodes_count , edges_count, degree, degree cent., max neighbor degree, min neighbor degree, avg neighbor degree, std neighbor degree, eigenvector cent., closeness cent., harmonic cent., betweenness cent., coloring largest first, coloring smallest last, coloring independent set, coloring random sequential,coloring connected sequential dfs, coloring connected sequential bfs, edges within egonet, node clique number, number of cliques, clustering coef., square clustering coef., page rank, hubs value, triangles, core number, random,0,1,2,3,4,5,6,7,8,9,10,11,12,13,14,15,16,17,18,19,20,21,22,23,24,25,26,27,28,29,30, Total Time 
297,35,33,0:00:00.000002,0:00:00.000031,0:00:00.000064,0:00:00.000064,0:00:00.000064,0:00:00.000064,0:00:00.000392,0:00:00.000274,0:00:00.000406,0:00:00.000916,0:00:00.000062,0:00:00.000052,0:00:00.002920,0:00:00.000060,0:00:00.000283,0:00:00.000259,0:00:00.001609,0:00:00.000122,0:00:00.002679,0:00:00.000186,0:00:00.000413,0:00:00.003618,0:00:00.001157,0:00:00.000013,0:00:00.000064,0:00:00.000089,0:00:00.003585,0:00:00.003653,0:00:00.003546,0:00:00.003531,0:00:00.003990,0:00:00.003594,0:00:00.003352,0:00:00.003453,0:00:00.003476,0:00:00.003565,0:00:00.003700,0:00:00.006866,0:00:00.003643,0:00:00.003462,0:00:00.003419,0:00:00.003367,0:00:00.003541,0:00:00.003442,0:00:00.003567,0:00:00.003391,0:00:00.003558,0:00:00.003540,0:00:00.003540,0:00:00.003448,0:00:00.003480,0:00:00.003399,0:00:00.003495,0:00:00.003412,0:00:00.003367,0:00:00.003408,0:00:00.003503,,0:00:00.149281
graph_name , nodes_count , edges_count, degree, degree cent., max neighbor degree, min neighbor degree, avg neighbor degree, std neighbor degree, eigenvector cent., closeness cent., harmonic cent., betweenness cent., coloring largest first, coloring smallest last, coloring independent set, coloring random sequential,coloring connected sequential dfs, coloring connected sequential bfs, edges within egonet, node clique number, number of cliques, clustering coef., square clustering coef., page rank, hubs value, triangles, core number, random,0,1,2,3,4,5,6,7,8,9,10,11,12,13,14,15,16,17,18,19,20,21,22,23,24,25,26,27,28,29,30, Total Time 
298,39,37,0:00:00.000001,0:00:00.000024,0:00:00.000069,0:00:00.000069,0:00:00.000069,0:00:00.000069,0:00:00.000432,0:00:00.000400,0:00:00.000546,0:00:00.001317,0:00:00.000066,0:00:00.000058,0:00:00.003586,0:00:00.000067,0:00:00.000288,0:00:00.000276,0:00:00.001654,0:00:00.000130,0:00:00.003435,0:00:00.000209,0:00:00.000551,0:00:00.003721,0:00:00.001176,0:00:00.000017,0:00:00.000071,0:00:00.000110,0:00:00.003592,0:00:00.003606,0:00:00.003427,0:00:00.003607,0:00:00.005293,0:00:00.002756,0:00:00.003466,0:00:00.003528,0:00:00.003374,0:00:00.003704,0:00:00.003791,0:00:00.010150,0:00:00.003513,0:00:00.003667,0:00:00.003491,0:00:00.003480,0:00:00.003479,0:00:00.003568,0:00:00.003413,0:00:00.003489,0:00:00.003550,0:00:00.003606,0:00:00.003343,0:00:00.002697,0:00:00.002880,0:00:00.003323,0:00:00.003510,0:00:00.003454,0:00:00.003496,0:00:00.003232,0:00:00.003481,,0:00:00.155268
graph_name , nodes_count , edges_count, degree, degree cent., max neighbor degree, min neighbor degree, avg neighbor degree, std neighbor degree, eigenvector cent., closeness cent., harmonic cent., betweenness cent., coloring largest first, coloring smallest last, coloring independent set, coloring random sequential,coloring connected sequential dfs, coloring connected sequential bfs, edges within egonet, node clique number, number of cliques, clustering coef., square clustering coef., page rank, hubs value, triangles, core number, random,0,1,2,3,4,5,6,7,8,9,10,11,12,13,14,15,16,17,18,19,20,21,22,23,24,25,26,27,28,29,30, Total Time 
299,38,38,0:00:00.000002,0:00:00.000030,0:00:00.000068,0:00:00.000068,0:00:00.000068,0:00:00.000068,0:00:00.000432,0:00:00.000358,0:00:00.000574,0:00:00.001240,0:00:00.000066,0:00:00.000056,0:00:00.003448,0:00:00.000063,0:00:00.000280,0:00:00.000260,0:00:00.001726,0:00:00.000130,0:00:00.003134,0:00:00.000209,0:00:00.000555,0:00:00.003616,0:00:00.001169,0:00:00.000020,0:00:00.000074,0:00:00.000105,0:00:00.002700,0:00:00.003595,0:00:00.003458,0:00:00.002769,0:00:00.004161,0:00:00.002712,0:00:00.003408,0:00:00.003529,0:00:00.002756,0:00:00.003635,0:00:00.003765,0:00:00.009811,0:00:00.003532,0:00:00.003589,0:00:00.003595,0:00:00.003583,0:00:00.002648,0:00:00.003331,0:00:00.003453,0:00:00.003560,0:00:00.003444,0:00:00.003438,0:00:00.003502,0:00:00.003408,0:00:00.003359,0:00:00.003476,0:00:00.003490,0:00:00.003436,0:00:00.003376,0:00:00.003387,0:00:00.003466,,0:00:00.150937
graph_name , nodes_count , edges_count, degree, degree cent., max neighbor degree, min neighbor degree, avg neighbor degree, std neighbor degree, eigenvector cent., closeness cent., harmonic cent., betweenness cent., coloring largest first, coloring smallest last, coloring independent set, coloring random sequential,coloring connected sequential dfs, coloring connected sequential bfs, edges within egonet, node clique number, number of cliques, clustering coef., square clustering coef., page rank, hubs value, triangles, core number, random,0,1,2,3,4,5,6,7,8,9,10,11,12,13,14,15,16,17,18,19,20,21,22,23,24,25,26,27,28,29,30, Total Time 
300,38,36,0:00:00.000002,0:00:00.000033,0:00:00.000067,0:00:00.000067,0:00:00.000067,0:00:00.000067,0:00:00.000396,0:00:00.000354,0:00:00.000514,0:00:00.001251,0:00:00.000066,0:00:00.000056,0:00:00.003372,0:00:00.000066,0:00:00.000278,0:00:00.000269,0:00:00.001658,0:00:00.000130,0:00:00.003259,0:00:00.000202,0:00:00.000480,0:00:00.003569,0:00:00.001181,0:00:00.000019,0:00:00.000071,0:00:00.000107,0:00:00.003559,0:00:00.003573,0:00:00.002642,0:00:00.003397,0:00:00.002922,0:00:00.003325,0:00:00.002974,0:00:00.003410,0:00:00.003399,0:00:00.003556,0:00:00.003800,0:00:00.007734,0:00:00.002689,0:00:00.003356,0:00:00.003657,0:00:00.003507,0:00:00.002739,0:00:00.003346,0:00:00.003383,0:00:00.003519,0:00:00.003410,0:00:00.003445,0:00:00.003512,0:00:00.003360,0:00:00.003424,0:00:00.003383,0:00:00.003423,0:00:00.003439,0:00:00.002588,0:00:00.003426,0:00:00.003500,,0:00:00.146456
graph_name , nodes_count , edges_count, degree, degree cent., max neighbor degree, min neighbor degree, avg neighbor degree, std neighbor degree, eigenvector cent., closeness cent., harmonic cent., betweenness cent., coloring largest first, coloring smallest last, coloring independent set, coloring random sequential,coloring connected sequential dfs, coloring connected sequential bfs, edges within egonet, node clique number, number of cliques, clustering coef., square clustering coef., page rank, hubs value, triangles, core number, random,0,1,2,3,4,5,6,7,8,9,10,11,12,13,14,15,16,17,18,19,20,21,22,23,24,25,26,27,28,29,30, Total Time 
301,34,33,0:00:00.000002,0:00:00.000029,0:00:00.000079,0:00:00.000079,0:00:00.000079,0:00:00.000079,0:00:00.000463,0:00:00.000380,0:00:00.000525,0:00:00.001249,0:00:00.000078,0:00:00.000066,0:00:00.003408,0:00:00.000076,0:00:00.000341,0:00:00.000310,0:00:00.001836,0:00:00.000149,0:00:00.003339,0:00:00.000238,0:00:00.000511,0:00:00.005033,0:00:00.001464,0:00:00.000021,0:00:00.000087,0:00:00.000122,0:00:00.003521,0:00:00.003611,0:00:00.003494,0:00:00.003538,0:00:00.003676,0:00:00.003619,0:00:00.003498,0:00:00.003559,0:00:00.003500,0:00:00.003661,0:00:00.004430,0:00:00.006025,0:00:00.003523,0:00:00.003526,0:00:00.003547,0:00:00.003596,0:00:00.003517,0:00:00.003563,0:00:00.003505,0:00:00.003443,0:00:00.003431,0:00:00.003442,0:00:00.003566,0:00:00.003551,0:00:00.003458,0:00:00.003476,0:00:00.003447,0:00:00.004287,0:00:00.003593,0:00:00.004218,0:00:00.004499,,0:00:00.163433
graph_name , nodes_count , edges_count, degree, degree cent., max neighbor degree, min neighbor degree, avg neighbor degree, std neighbor degree, eigenvector cent., closeness cent., harmonic cent., betweenness cent., coloring largest first, coloring smallest last, coloring independent set, coloring random sequential,coloring connected sequential dfs, coloring connected sequential bfs, edges within egonet, node clique number, number of cliques, clustering coef., square clustering coef., page rank, hubs value, triangles, core number, random,0,1,2,3,4,5,6,7,8,9,10,11,12,13,14,15,16,17,18,19,20,21,22,23,24,25,26,27,28,29,30, Total Time 
302,38,37,0:00:00.000002,0:00:00.000037,0:00:00.000087,0:00:00.000087,0:00:00.000087,0:00:00.000087,0:00:00.000548,0:00:00.000465,0:00:00.000661,0:00:00.001711,0:00:00.000085,0:00:00.000073,0:00:00.004385,0:00:00.000083,0:00:00.000356,0:00:00.000336,0:00:00.002187,0:00:00.000165,0:00:00.004136,0:00:00.000260,0:00:00.000711,0:00:00.004712,0:00:00.001473,0:00:00.000026,0:00:00.000095,0:00:00.000141,0:00:00.004461,0:00:00.003201,0:00:00.004155,0:00:00.002915,0:00:00.005048,0:00:00.003615,0:00:00.004176,0:00:00.003579,0:00:00.004141,0:00:00.003788,0:00:00.004618,0:00:00.010293,0:00:00.004168,0:00:00.003599,0:00:00.004055,0:00:00.003585,0:00:00.004137,0:00:00.002698,0:00:00.003968,0:00:00.003616,0:00:00.004182,0:00:00.003505,0:00:00.003524,0:00:00.002825,0:00:00.004106,0:00:00.003743,0:00:00.004026,0:00:00.003599,0:00:00.003985,0:00:00.003529,0:00:00.004165,,0:00:00.175841
graph_name , nodes_count , edges_count, degree, degree cent., max neighbor degree, min neighbor degree, avg neighbor degree, std neighbor degree, eigenvector cent., closeness cent., harmonic cent., betweenness cent., coloring largest first, coloring smallest last, coloring independent set, coloring random sequential,coloring connected sequential dfs, coloring connected sequential bfs, edges within egonet, node clique number, number of cliques, clustering coef., square clustering coef., page rank, hubs value, triangles, core number, random,0,1,2,3,4,5,6,7,8,9,10,11,12,13,14,15,16,17,18,19,20,21,22,23,24,25,26,27,28,29,30, Total Time 
303,39,38,0:00:00.000002,0:00:00.000041,0:00:00.000089,0:00:00.000089,0:00:00.000089,0:00:00.000089,0:00:00.000573,0:00:00.000455,0:00:00.000647,0:00:00.001570,0:00:00.000087,0:00:00.000075,0:00:00.004512,0:00:00.000084,0:00:00.000557,0:00:00.000373,0:00:00.002089,0:00:00.000169,0:00:00.004398,0:00:00.000287,0:00:00.000762,0:00:00.004910,0:00:00.001555,0:00:00.000025,0:00:00.000094,0:00:00.000136,0:00:00.003780,0:00:00.003755,0:00:00.003556,0:00:00.003763,0:00:00.004519,0:00:00.003739,0:00:00.002827,0:00:00.004132,0:00:00.003574,0:00:00.004548,0:00:00.003937,0:00:00.013795,0:00:00.003763,0:00:00.003536,0:00:00.003535,0:00:00.003765,0:00:00.003638,0:00:00.004014,0:00:00.003503,0:00:00.004180,0:00:00.004430,0:00:00.004131,0:00:00.004276,0:00:00.004220,0:00:00.004379,0:00:00.004381,0:00:00.004344,0:00:00.004190,0:00:00.004109,0:00:00.004194,0:00:00.004467,,0:00:00.185891
graph_name , nodes_count , edges_count, degree, degree cent., max neighbor degree, min neighbor degree, avg neighbor degree, std neighbor degree, eigenvector cent., closeness cent., harmonic cent., betweenness cent., coloring largest first, coloring smallest last, coloring independent set, coloring random sequential,coloring connected sequential dfs, coloring connected sequential bfs, edges within egonet, node clique number, number of cliques, clustering coef., square clustering coef., page rank, hubs value, triangles, core number, random,0,1,2,3,4,5,6,7,8,9,10,11,12,13,14,15,16,17,18,19,20,21,22,23,24,25,26,27,28,29,30, Total Time 
304,37,34,0:00:00.000002,0:00:00.000033,0:00:00.000068,0:00:00.000068,0:00:00.000068,0:00:00.000068,0:00:00.000600,0:00:00.000352,0:00:00.000489,0:00:00.001181,0:00:00.000067,0:00:00.000056,0:00:00.003388,0:00:00.000065,0:00:00.000281,0:00:00.000260,0:00:00.001679,0:00:00.000126,0:00:00.002987,0:00:00.000208,0:00:00.000440,0:00:00.003870,0:00:00.001206,0:00:00.000017,0:00:00.000073,0:00:00.000107,0:00:00.004238,0:00:00.003778,0:00:00.004371,0:00:00.003741,0:00:00.004900,0:00:00.004267,0:00:00.004158,0:00:00.004149,0:00:00.004212,0:00:00.004340,0:00:00.004360,0:00:00.008896,0:00:00.004135,0:00:00.004147,0:00:00.004162,0:00:00.004202,0:00:00.004186,0:00:00.004184,0:00:00.004262,0:00:00.004327,0:00:00.004192,0:00:00.004162,0:00:00.004335,0:00:00.004114,0:00:00.004298,0:00:00.003990,0:00:00.004108,0:00:00.004080,0:00:00.004124,0:00:00.004067,0:00:00.004181,,0:00:00.175144
graph_name , nodes_count , edges_count, degree, degree cent., max neighbor degree, min neighbor degree, avg neighbor degree, std neighbor degree, eigenvector cent., closeness cent., harmonic cent., betweenness cent., coloring largest first, coloring smallest last, coloring independent set, coloring random sequential,coloring connected sequential dfs, coloring connected sequential bfs, edges within egonet, node clique number, number of cliques, clustering coef., square clustering coef., page rank, hubs value, triangles, core number, random,0,1,2,3,4,5,6,7,8,9,10,11,12,13,14,15,16,17,18,19,20,21,22,23,24,25,26,27,28,29,30, Total Time 
305,39,38,0:00:00.000002,0:00:00.000041,0:00:00.000089,0:00:00.000089,0:00:00.000089,0:00:00.000089,0:00:00.000556,0:00:00.000481,0:00:00.000687,0:00:00.001714,0:00:00.000087,0:00:00.000072,0:00:00.004869,0:00:00.000084,0:00:00.000366,0:00:00.000343,0:00:00.002158,0:00:00.000167,0:00:00.004299,0:00:00.000282,0:00:00.000817,0:00:00.004709,0:00:00.001511,0:00:00.000026,0:00:00.000095,0:00:00.000139,0:00:00.004349,0:00:00.004402,0:00:00.004188,0:00:00.004262,0:00:00.004524,0:00:00.004311,0:00:00.004234,0:00:00.004130,0:00:00.004102,0:00:00.004493,0:00:00.003985,0:00:00.016168,0:00:00.004200,0:00:00.004168,0:00:00.003566,0:00:00.004127,0:00:00.003596,0:00:00.004140,0:00:00.004145,0:00:00.004083,0:00:00.004249,0:00:00.004218,0:00:00.003584,0:00:00.004151,0:00:00.004203,0:00:00.004199,0:00:00.004229,0:00:00.003956,0:00:00.004113,0:00:00.004098,0:00:00.003554,,0:00:00.191324
graph_name , nodes_count , edges_count, degree, degree cent., max neighbor degree, min neighbor degree, avg neighbor degree, std neighbor degree, eigenvector cent., closeness cent., harmonic cent., betweenness cent., coloring largest first, coloring smallest last, coloring independent set, coloring random sequential,coloring connected sequential dfs, coloring connected sequential bfs, edges within egonet, node clique number, number of cliques, clustering coef., square clustering coef., page rank, hubs value, triangles, core number, random,0,1,2,3,4,5,6,7,8,9,10,11,12,13,14,15,16,17,18,19,20,21,22,23,24,25,26,27,28,29,30, Total Time 
306,36,34,0:00:00.000002,0:00:00.000033,0:00:00.000068,0:00:00.000068,0:00:00.000068,0:00:00.000068,0:00:00.000418,0:00:00.000334,0:00:00.000473,0:00:00.001128,0:00:00.000065,0:00:00.000056,0:00:00.003088,0:00:00.000065,0:00:00.000283,0:00:00.000266,0:00:00.001638,0:00:00.000132,0:00:00.003015,0:00:00.000206,0:00:00.000453,0:00:00.003897,0:00:00.001226,0:00:00.000020,0:00:00.000076,0:00:00.000107,0:00:00.004463,0:00:00.004194,0:00:00.004181,0:00:00.004201,0:00:00.004748,0:00:00.004209,0:00:00.004176,0:00:00.004109,0:00:00.004230,0:00:00.004333,0:00:00.004535,0:00:00.008879,0:00:00.004118,0:00:00.004223,0:00:00.004129,0:00:00.004197,0:00:00.004184,0:00:00.004117,0:00:00.004151,0:00:00.004070,0:00:00.004133,0:00:00.004089,0:00:00.004093,0:00:00.004227,0:00:00.004009,0:00:00.004061,0:00:00.004028,0:00:00.004072,0:00:00.004028,0:00:00.004133,0:00:00.004131,,0:00:00.174467
graph_name , nodes_count , edges_count, degree, degree cent., max neighbor degree, min neighbor degree, avg neighbor degree, std neighbor degree, eigenvector cent., closeness cent., harmonic cent., betweenness cent., coloring largest first, coloring smallest last, coloring independent set, coloring random sequential,coloring connected sequential dfs, coloring connected sequential bfs, edges within egonet, node clique number, number of cliques, clustering coef., square clustering coef., page rank, hubs value, triangles, core number, random,0,1,2,3,4,5,6,7,8,9,10,11,12,13,14,15,16,17,18,19,20,21,22,23,24,25,26,27,28,29,30, Total Time 
307,36,34,0:00:00.000002,0:00:00.000038,0:00:00.000085,0:00:00.000085,0:00:00.000085,0:00:00.000085,0:00:00.000534,0:00:00.000421,0:00:00.000594,0:00:00.001428,0:00:00.000163,0:00:00.000076,0:00:00.004149,0:00:00.000081,0:00:00.000356,0:00:00.000334,0:00:00.001944,0:00:00.000155,0:00:00.003592,0:00:00.000252,0:00:00.000566,0:00:00.004966,0:00:00.001530,0:00:00.000023,0:00:00.000090,0:00:00.000133,0:00:00.004341,0:00:00.004291,0:00:00.003756,0:00:00.004244,0:00:00.004845,0:00:00.004251,0:00:00.004314,0:00:00.004087,0:00:00.004061,0:00:00.004297,0:00:00.004420,0:00:00.008937,0:00:00.004271,0:00:00.004160,0:00:00.004206,0:00:00.004214,0:00:00.004262,0:00:00.004180,0:00:00.004224,0:00:00.004226,0:00:00.004190,0:00:00.004265,0:00:00.004553,0:00:00.004163,0:00:00.004324,0:00:00.004152,0:00:00.004212,0:00:00.004247,0:00:00.004170,0:00:00.004164,0:00:00.004304,,0:00:00.186510
graph_name , nodes_count , edges_count, degree, degree cent., max neighbor degree, min neighbor degree, avg neighbor degree, std neighbor degree, eigenvector cent., closeness cent., harmonic cent., betweenness cent., coloring largest first, coloring smallest last, coloring independent set, coloring random sequential,coloring connected sequential dfs, coloring connected sequential bfs, edges within egonet, node clique number, number of cliques, clustering coef., square clustering coef., page rank, hubs value, triangles, core number, random,0,1,2,3,4,5,6,7,8,9,10,11,12,13,14,15,16,17,18,19,20,21,22,23,24,25,26,27,28,29,30, Total Time 
308,38,37,0:00:00.000002,0:00:00.000037,0:00:00.000072,0:00:00.000072,0:00:00.000072,0:00:00.000072,0:00:00.000445,0:00:00.000377,0:00:00.000536,0:00:00.001384,0:00:00.000070,0:00:00.000058,0:00:00.003482,0:00:00.000066,0:00:00.000304,0:00:00.000284,0:00:00.001882,0:00:00.000139,0:00:00.003403,0:00:00.000213,0:00:00.000575,0:00:00.003880,0:00:00.001234,0:00:00.000020,0:00:00.000079,0:00:00.000117,0:00:00.004301,0:00:00.004394,0:00:00.004236,0:00:00.004359,0:00:00.005186,0:00:00.004355,0:00:00.007602,0:00:00.004127,0:00:00.004284,0:00:00.004494,0:00:00.004667,0:00:00.014663,0:00:00.004251,0:00:00.004248,0:00:00.004130,0:00:00.004233,0:00:00.004261,0:00:00.004227,0:00:00.004139,0:00:00.004275,0:00:00.004296,0:00:00.004327,0:00:00.004251,0:00:00.004274,0:00:00.004201,0:00:00.004190,0:00:00.004230,0:00:00.004184,0:00:00.004224,0:00:00.004234,0:00:00.004162,,0:00:00.188950
graph_name , nodes_count , edges_count, degree, degree cent., max neighbor degree, min neighbor degree, avg neighbor degree, std neighbor degree, eigenvector cent., closeness cent., harmonic cent., betweenness cent., coloring largest first, coloring smallest last, coloring independent set, coloring random sequential,coloring connected sequential dfs, coloring connected sequential bfs, edges within egonet, node clique number, number of cliques, clustering coef., square clustering coef., page rank, hubs value, triangles, core number, random,0,1,2,3,4,5,6,7,8,9,10,11,12,13,14,15,16,17,18,19,20,21,22,23,24,25,26,27,28,29,30, Total Time 
309,38,36,0:00:00.000002,0:00:00.000041,0:00:00.000088,0:00:00.000088,0:00:00.000088,0:00:00.000088,0:00:00.000562,0:00:00.000432,0:00:00.000599,0:00:00.001439,0:00:00.000098,0:00:00.000078,0:00:00.004460,0:00:00.000084,0:00:00.000390,0:00:00.000364,0:00:00.002098,0:00:00.000168,0:00:00.004121,0:00:00.000266,0:00:00.000655,0:00:00.004944,0:00:00.001550,0:00:00.000022,0:00:00.000090,0:00:00.000139,0:00:00.004336,0:00:00.004375,0:00:00.004701,0:00:00.004337,0:00:00.005164,0:00:00.004196,0:00:00.004641,0:00:00.004284,0:00:00.004268,0:00:00.004452,0:00:00.004661,0:00:00.011157,0:00:00.004381,0:00:00.004272,0:00:00.004205,0:00:00.004230,0:00:00.004302,0:00:00.004120,0:00:00.004247,0:00:00.004146,0:00:00.004235,0:00:00.004110,0:00:00.004180,0:00:00.004009,0:00:00.004124,0:00:00.004122,0:00:00.004268,0:00:00.004167,0:00:00.004237,0:00:00.004103,0:00:00.004461,,0:00:00.191938
graph_name , nodes_count , edges_count, degree, degree cent., max neighbor degree, min neighbor degree, avg neighbor degree, std neighbor degree, eigenvector cent., closeness cent., harmonic cent., betweenness cent., coloring largest first, coloring smallest last, coloring independent set, coloring random sequential,coloring connected sequential dfs, coloring connected sequential bfs, edges within egonet, node clique number, number of cliques, clustering coef., square clustering coef., page rank, hubs value, triangles, core number, random,0,1,2,3,4,5,6,7,8,9,10,11,12,13,14,15,16,17,18,19,20,21,22,23,24,25,26,27,28,29,30, Total Time 
310,37,35,0:00:00.000001,0:00:00.000034,0:00:00.000069,0:00:00.000069,0:00:00.000069,0:00:00.000069,0:00:00.000473,0:00:00.000367,0:00:00.000534,0:00:00.001272,0:00:00.000065,0:00:00.000056,0:00:00.003263,0:00:00.000064,0:00:00.000287,0:00:00.000267,0:00:00.001668,0:00:00.000132,0:00:00.003170,0:00:00.000203,0:00:00.000507,0:00:00.003795,0:00:00.001221,0:00:00.000016,0:00:00.000075,0:00:00.000112,0:00:00.004295,0:00:00.004425,0:00:00.004232,0:00:00.004360,0:00:00.005027,0:00:00.004285,0:00:00.004163,0:00:00.004234,0:00:00.004108,0:00:00.004402,0:00:00.004422,0:00:00.011302,0:00:00.004349,0:00:00.004307,0:00:00.004187,0:00:00.004193,0:00:00.004321,0:00:00.004235,0:00:00.004166,0:00:00.004239,0:00:00.004207,0:00:00.004156,0:00:00.004085,0:00:00.004195,0:00:00.004168,0:00:00.004132,0:00:00.004127,0:00:00.004170,0:00:00.004118,0:00:00.004177,0:00:00.004112,,0:00:00.179684
graph_name , nodes_count , edges_count, degree, degree cent., max neighbor degree, min neighbor degree, avg neighbor degree, std neighbor degree, eigenvector cent., closeness cent., harmonic cent., betweenness cent., coloring largest first, coloring smallest last, coloring independent set, coloring random sequential,coloring connected sequential dfs, coloring connected sequential bfs, edges within egonet, node clique number, number of cliques, clustering coef., square clustering coef., page rank, hubs value, triangles, core number, random,0,1,2,3,4,5,6,7,8,9,10,11,12,13,14,15,16,17,18,19,20,21,22,23,24,25,26,27,28,29,30, Total Time 
311,40,39,0:00:00.000003,0:00:00.000041,0:00:00.000103,0:00:00.000103,0:00:00.000103,0:00:00.000103,0:00:00.000584,0:00:00.000485,0:00:00.000687,0:00:00.001695,0:00:00.000105,0:00:00.000086,0:00:00.004912,0:00:00.000090,0:00:00.000407,0:00:00.000388,0:00:00.002313,0:00:00.000176,0:00:00.004672,0:00:00.000285,0:00:00.000848,0:00:00.004999,0:00:00.001548,0:00:00.000027,0:00:00.000098,0:00:00.000142,0:00:00.004498,0:00:00.004504,0:00:00.004394,0:00:00.004317,0:00:00.005717,0:00:00.004231,0:00:00.004358,0:00:00.004326,0:00:00.004235,0:00:00.004763,0:00:00.004826,0:00:00.021257,0:00:00.004422,0:00:00.004344,0:00:00.004184,0:00:00.004128,0:00:00.004302,0:00:00.004176,0:00:00.004281,0:00:00.004247,0:00:00.004336,0:00:00.004260,0:00:00.004230,0:00:00.004147,0:00:00.004311,0:00:00.004233,0:00:00.004318,0:00:00.004131,0:00:00.004207,0:00:00.004110,0:00:00.004356,,0:00:00.205945
graph_name , nodes_count , edges_count, degree, degree cent., max neighbor degree, min neighbor degree, avg neighbor degree, std neighbor degree, eigenvector cent., closeness cent., harmonic cent., betweenness cent., coloring largest first, coloring smallest last, coloring independent set, coloring random sequential,coloring connected sequential dfs, coloring connected sequential bfs, edges within egonet, node clique number, number of cliques, clustering coef., square clustering coef., page rank, hubs value, triangles, core number, random,0,1,2,3,4,5,6,7,8,9,10,11,12,13,14,15,16,17,18,19,20,21,22,23,24,25,26,27,28,29,30, Total Time 
312,39,37,0:00:00.000002,0:00:00.000037,0:00:00.000072,0:00:00.000072,0:00:00.000072,0:00:00.000072,0:00:00.000484,0:00:00.000397,0:00:00.000558,0:00:00.001394,0:00:00.000071,0:00:00.000060,0:00:00.003696,0:00:00.000068,0:00:00.000289,0:00:00.000274,0:00:00.001705,0:00:00.000134,0:00:00.003529,0:00:00.000215,0:00:00.000562,0:00:00.003831,0:00:00.001229,0:00:00.000022,0:00:00.000077,0:00:00.000121,0:00:00.004261,0:00:00.004468,0:00:00.004320,0:00:00.004366,0:00:00.005156,0:00:00.004360,0:00:00.004290,0:00:00.004259,0:00:00.004170,0:00:00.004404,0:00:00.004469,0:00:00.013048,0:00:00.004347,0:00:00.004292,0:00:00.004307,0:00:00.004284,0:00:00.004254,0:00:00.004275,0:00:00.004244,0:00:00.004129,0:00:00.004171,0:00:00.004127,0:00:00.004167,0:00:00.004103,0:00:00.004248,0:00:00.004064,0:00:00.004089,0:00:00.004189,0:00:00.004079,0:00:00.004297,0:00:00.004236,,0:00:00.183477
graph_name , nodes_count , edges_count, degree, degree cent., max neighbor degree, min neighbor degree, avg neighbor degree, std neighbor degree, eigenvector cent., closeness cent., harmonic cent., betweenness cent., coloring largest first, coloring smallest last, coloring independent set, coloring random sequential,coloring connected sequential dfs, coloring connected sequential bfs, edges within egonet, node clique number, number of cliques, clustering coef., square clustering coef., page rank, hubs value, triangles, core number, random,0,1,2,3,4,5,6,7,8,9,10,11,12,13,14,15,16,17,18,19,20,21,22,23,24,25,26,27,28,29,30, Total Time 
313,37,37,0:00:00.000002,0:00:00.000039,0:00:00.000087,0:00:00.000087,0:00:00.000087,0:00:00.000087,0:00:00.000553,0:00:00.000454,0:00:00.000631,0:00:00.001596,0:00:00.000085,0:00:00.000074,0:00:00.004137,0:00:00.000080,0:00:00.000363,0:00:00.000348,0:00:00.002200,0:00:00.000167,0:00:00.003994,0:00:00.000348,0:00:00.000723,0:00:00.004929,0:00:00.001535,0:00:00.000023,0:00:00.000097,0:00:00.000146,0:00:00.004369,0:00:00.004327,0:00:00.004387,0:00:00.004243,0:00:00.005122,0:00:00.004216,0:00:00.004390,0:00:00.004131,0:00:00.004185,0:00:00.004517,0:00:00.004721,0:00:00.012906,0:00:00.004432,0:00:00.004220,0:00:00.004170,0:00:00.004167,0:00:00.004203,0:00:00.004212,0:00:00.004187,0:00:00.004215,0:00:00.004229,0:00:00.004251,0:00:00.004193,0:00:00.004144,0:00:00.004153,0:00:00.004096,0:00:00.004081,0:00:00.004071,0:00:00.004097,0:00:00.004160,0:00:00.004170,,0:00:00.192805
graph_name , nodes_count , edges_count, degree, degree cent., max neighbor degree, min neighbor degree, avg neighbor degree, std neighbor degree, eigenvector cent., closeness cent., harmonic cent., betweenness cent., coloring largest first, coloring smallest last, coloring independent set, coloring random sequential,coloring connected sequential dfs, coloring connected sequential bfs, edges within egonet, node clique number, number of cliques, clustering coef., square clustering coef., page rank, hubs value, triangles, core number, random,0,1,2,3,4,5,6,7,8,9,10,11,12,13,14,15,16,17,18,19,20,21,22,23,24,25,26,27,28,29,30, Total Time 
314,39,38,0:00:00.000002,0:00:00.000036,0:00:00.000072,0:00:00.000072,0:00:00.000072,0:00:00.000072,0:00:00.000455,0:00:00.000359,0:00:00.000534,0:00:00.001261,0:00:00.000070,0:00:00.000058,0:00:00.003681,0:00:00.000067,0:00:00.000311,0:00:00.000293,0:00:00.001712,0:00:00.000134,0:00:00.003388,0:00:00.000214,0:00:00.000642,0:00:00.003866,0:00:00.001223,0:00:00.000016,0:00:00.000075,0:00:00.000108,0:00:00.004236,0:00:00.004473,0:00:00.004289,0:00:00.004378,0:00:00.005234,0:00:00.004314,0:00:00.004202,0:00:00.004191,0:00:00.004095,0:00:00.004540,0:00:00.004585,0:00:00.015404,0:00:00.004199,0:00:00.004198,0:00:00.004108,0:00:00.004259,0:00:00.004387,0:00:00.004197,0:00:00.004191,0:00:00.004168,0:00:00.004218,0:00:00.004197,0:00:00.004112,0:00:00.004128,0:00:00.004109,0:00:00.004166,0:00:00.004086,0:00:00.004180,0:00:00.004165,0:00:00.004130,0:00:00.004542,,0:00:00.185389
graph_name , nodes_count , edges_count, degree, degree cent., max neighbor degree, min neighbor degree, avg neighbor degree, std neighbor degree, eigenvector cent., closeness cent., harmonic cent., betweenness cent., coloring largest first, coloring smallest last, coloring independent set, coloring random sequential,coloring connected sequential dfs, coloring connected sequential bfs, edges within egonet, node clique number, number of cliques, clustering coef., square clustering coef., page rank, hubs value, triangles, core number, random,0,1,2,3,4,5,6,7,8,9,10,11,12,13,14,15,16,17,18,19,20,21,22,23,24,25,26,27,28,29,30, Total Time 
315,37,33,0:00:00.000002,0:00:00.000039,0:00:00.000086,0:00:00.000086,0:00:00.000086,0:00:00.000086,0:00:00.000539,0:00:00.000413,0:00:00.000572,0:00:00.001367,0:00:00.000084,0:00:00.000071,0:00:00.004101,0:00:00.000082,0:00:00.000377,0:00:00.000346,0:00:00.001864,0:00:00.000166,0:00:00.004017,0:00:00.000254,0:00:00.000528,0:00:00.005006,0:00:00.001523,0:00:00.000023,0:00:00.000087,0:00:00.000135,0:00:00.004298,0:00:00.004310,0:00:00.004193,0:00:00.004310,0:00:00.004651,0:00:00.004217,0:00:00.004078,0:00:00.004095,0:00:00.004229,0:00:00.004347,0:00:00.004499,0:00:00.007843,0:00:00.004355,0:00:00.004214,0:00:00.004278,0:00:00.004141,0:00:00.004313,0:00:00.004292,0:00:00.004127,0:00:00.004214,0:00:00.004026,0:00:00.004148,0:00:00.004133,0:00:00.004281,0:00:00.004161,0:00:00.004233,0:00:00.004072,0:00:00.004106,0:00:00.004011,0:00:00.004146,0:00:00.004200,,0:00:00.184702
graph_name , nodes_count , edges_count, degree, degree cent., max neighbor degree, min neighbor degree, avg neighbor degree, std neighbor degree, eigenvector cent., closeness cent., harmonic cent., betweenness cent., coloring largest first, coloring smallest last, coloring independent set, coloring random sequential,coloring connected sequential dfs, coloring connected sequential bfs, edges within egonet, node clique number, number of cliques, clustering coef., square clustering coef., page rank, hubs value, triangles, core number, random,0,1,2,3,4,5,6,7,8,9,10,11,12,13,14,15,16,17,18,19,20,21,22,23,24,25,26,27,28,29,30, Total Time 
316,39,37,0:00:00.000002,0:00:00.000034,0:00:00.000073,0:00:00.000073,0:00:00.000073,0:00:00.000073,0:00:00.000456,0:00:00.000358,0:00:00.000513,0:00:00.001405,0:00:00.000071,0:00:00.000059,0:00:00.003781,0:00:00.000070,0:00:00.000323,0:00:00.000295,0:00:00.001708,0:00:00.000140,0:00:00.003575,0:00:00.000217,0:00:00.000557,0:00:00.003922,0:00:00.001233,0:00:00.000021,0:00:00.000072,0:00:00.000101,0:00:00.004297,0:00:00.004762,0:00:00.004139,0:00:00.004327,0:00:00.005031,0:00:00.004337,0:00:00.004226,0:00:00.004185,0:00:00.004264,0:00:00.004494,0:00:00.004544,0:00:00.012216,0:00:00.004228,0:00:00.004172,0:00:00.004157,0:00:00.004235,0:00:00.004217,0:00:00.004313,0:00:00.004273,0:00:00.004342,0:00:00.004208,0:00:00.004333,0:00:00.004212,0:00:00.004116,0:00:00.004203,0:00:00.004077,0:00:00.004223,0:00:00.004094,0:00:00.004187,0:00:00.004155,0:00:00.004247,,0:00:00.183028
graph_name , nodes_count , edges_count, degree, degree cent., max neighbor degree, min neighbor degree, avg neighbor degree, std neighbor degree, eigenvector cent., closeness cent., harmonic cent., betweenness cent., coloring largest first, coloring smallest last, coloring independent set, coloring random sequential,coloring connected sequential dfs, coloring connected sequential bfs, edges within egonet, node clique number, number of cliques, clustering coef., square clustering coef., page rank, hubs value, triangles, core number, random,0,1,2,3,4,5,6,7,8,9,10,11,12,13,14,15,16,17,18,19,20,21,22,23,24,25,26,27,28,29,30, Total Time 
317,39,38,0:00:00.000002,0:00:00.000041,0:00:00.000090,0:00:00.000090,0:00:00.000090,0:00:00.000090,0:00:00.000561,0:00:00.000471,0:00:00.000673,0:00:00.001683,0:00:00.000089,0:00:00.000074,0:00:00.004486,0:00:00.000088,0:00:00.000552,0:00:00.000375,0:00:00.002186,0:00:00.000164,0:00:00.004258,0:00:00.000279,0:00:00.000839,0:00:00.004881,0:00:00.001548,0:00:00.000023,0:00:00.000095,0:00:00.000146,0:00:00.004320,0:00:00.004517,0:00:00.004223,0:00:00.003853,0:00:00.005646,0:00:00.004258,0:00:00.004370,0:00:00.004311,0:00:00.004229,0:00:00.004604,0:00:00.004932,0:00:00.018336,0:00:00.004403,0:00:00.004331,0:00:00.004399,0:00:00.004236,0:00:00.004383,0:00:00.004274,0:00:00.004171,0:00:00.004256,0:00:00.004281,0:00:00.004184,0:00:00.004427,0:00:00.004131,0:00:00.004294,0:00:00.004253,0:00:00.004351,0:00:00.004149,0:00:00.004224,0:00:00.004199,0:00:00.004291,,0:00:00.201588
graph_name , nodes_count , edges_count, degree, degree cent., max neighbor degree, min neighbor degree, avg neighbor degree, std neighbor degree, eigenvector cent., closeness cent., harmonic cent., betweenness cent., coloring largest first, coloring smallest last, coloring independent set, coloring random sequential,coloring connected sequential dfs, coloring connected sequential bfs, edges within egonet, node clique number, number of cliques, clustering coef., square clustering coef., page rank, hubs value, triangles, core number, random,0,1,2,3,4,5,6,7,8,9,10,11,12,13,14,15,16,17,18,19,20,21,22,23,24,25,26,27,28,29,30, Total Time 
318,38,37,0:00:00.000002,0:00:00.000028,0:00:00.000089,0:00:00.000089,0:00:00.000089,0:00:00.000089,0:00:00.000548,0:00:00.000475,0:00:00.000682,0:00:00.001709,0:00:00.000085,0:00:00.000074,0:00:00.004429,0:00:00.000085,0:00:00.000371,0:00:00.000347,0:00:00.002316,0:00:00.000170,0:00:00.004306,0:00:00.000268,0:00:00.000692,0:00:00.004870,0:00:00.001498,0:00:00.000026,0:00:00.000091,0:00:00.000139,0:00:00.004355,0:00:00.004356,0:00:00.004426,0:00:00.004676,0:00:00.005113,0:00:00.004425,0:00:00.004346,0:00:00.004431,0:00:00.004361,0:00:00.004643,0:00:00.004125,0:00:00.012271,0:00:00.004345,0:00:00.004211,0:00:00.003807,0:00:00.004209,0:00:00.004344,0:00:00.004177,0:00:00.004170,0:00:00.004166,0:00:00.004187,0:00:00.004098,0:00:00.003597,0:00:00.004176,0:00:00.004190,0:00:00.004257,0:00:00.003641,0:00:00.004203,0:00:00.003543,0:00:00.004139,0:00:00.003528,,0:00:00.190283
graph_name , nodes_count , edges_count, degree, degree cent., max neighbor degree, min neighbor degree, avg neighbor degree, std neighbor degree, eigenvector cent., closeness cent., harmonic cent., betweenness cent., coloring largest first, coloring smallest last, coloring independent set, coloring random sequential,coloring connected sequential dfs, coloring connected sequential bfs, edges within egonet, node clique number, number of cliques, clustering coef., square clustering coef., page rank, hubs value, triangles, core number, random,0,1,2,3,4,5,6,7,8,9,10,11,12,13,14,15,16,17,18,19,20,21,22,23,24,25,26,27,28,29,30, Total Time 
319,34,32,0:00:00.000002,0:00:00.000037,0:00:00.000079,0:00:00.000079,0:00:00.000079,0:00:00.000079,0:00:00.000487,0:00:00.000419,0:00:00.000520,0:00:00.001201,0:00:00.000076,0:00:00.000064,0:00:00.003540,0:00:00.000076,0:00:00.000327,0:00:00.000310,0:00:00.001731,0:00:00.000147,0:00:00.003238,0:00:00.000235,0:00:00.000456,0:00:00.004816,0:00:00.001482,0:00:00.000020,0:00:00.000084,0:00:00.000117,0:00:00.004389,0:00:00.004299,0:00:00.004374,0:00:00.004462,0:00:00.004715,0:00:00.004224,0:00:00.004239,0:00:00.004209,0:00:00.004292,0:00:00.004559,0:00:00.004362,0:00:00.006541,0:00:00.004274,0:00:00.004262,0:00:00.004058,0:00:00.004290,0:00:00.004200,0:00:00.004191,0:00:00.004137,0:00:00.003708,0:00:00.004200,0:00:00.004346,0:00:00.004255,0:00:00.004256,0:00:00.004241,0:00:00.004170,0:00:00.004193,0:00:00.004259,0:00:00.004269,0:00:00.004222,0:00:00.004223,,0:00:00.181130
graph_name , nodes_count , edges_count, degree, degree cent., max neighbor degree, min neighbor degree, avg neighbor degree, std neighbor degree, eigenvector cent., closeness cent., harmonic cent., betweenness cent., coloring largest first, coloring smallest last, coloring independent set, coloring random sequential,coloring connected sequential dfs, coloring connected sequential bfs, edges within egonet, node clique number, number of cliques, clustering coef., square clustering coef., page rank, hubs value, triangles, core number, random,0,1,2,3,4,5,6,7,8,9,10,11,12,13,14,15,16,17,18,19,20,21,22,23,24,25,26,27,28,29,30, Total Time 
320,35,33,0:00:00.000002,0:00:00.000038,0:00:00.000083,0:00:00.000083,0:00:00.000083,0:00:00.000083,0:00:00.000512,0:00:00.000361,0:00:00.000499,0:00:00.001203,0:00:00.000091,0:00:00.000069,0:00:00.003835,0:00:00.000083,0:00:00.000367,0:00:00.000334,0:00:00.002265,0:00:00.000156,0:00:00.003479,0:00:00.000242,0:00:00.000519,0:00:00.005025,0:00:00.001538,0:00:00.000021,0:00:00.000086,0:00:00.000119,0:00:00.004429,0:00:00.004399,0:00:00.004387,0:00:00.004338,0:00:00.004948,0:00:00.004727,0:00:00.004357,0:00:00.004379,0:00:00.004299,0:00:00.004510,0:00:00.004581,0:00:00.007936,0:00:00.004403,0:00:00.004332,0:00:00.004316,0:00:00.004208,0:00:00.004363,0:00:00.004187,0:00:00.004300,0:00:00.004232,0:00:00.004478,0:00:00.004283,0:00:00.004273,0:00:00.004253,0:00:00.004299,0:00:00.004210,0:00:00.004508,0:00:00.004267,0:00:00.004222,0:00:00.004259,0:00:00.004315,,0:00:00.188551
graph_name , nodes_count , edges_count, degree, degree cent., max neighbor degree, min neighbor degree, avg neighbor degree, std neighbor degree, eigenvector cent., closeness cent., harmonic cent., betweenness cent., coloring largest first, coloring smallest last, coloring independent set, coloring random sequential,coloring connected sequential dfs, coloring connected sequential bfs, edges within egonet, node clique number, number of cliques, clustering coef., square clustering coef., page rank, hubs value, triangles, core number, random,0,1,2,3,4,5,6,7,8,9,10,11,12,13,14,15,16,17,18,19,20,21,22,23,24,25,26,27,28,29,30, Total Time 
321,37,36,0:00:00.000002,0:00:00.000030,0:00:00.000085,0:00:00.000085,0:00:00.000085,0:00:00.000085,0:00:00.000540,0:00:00.000434,0:00:00.000627,0:00:00.001550,0:00:00.000086,0:00:00.000073,0:00:00.004079,0:00:00.000081,0:00:00.000504,0:00:00.000335,0:00:00.002045,0:00:00.000163,0:00:00.004045,0:00:00.000258,0:00:00.000669,0:00:00.004850,0:00:00.001496,0:00:00.000024,0:00:00.000090,0:00:00.000141,0:00:00.004433,0:00:00.004470,0:00:00.004358,0:00:00.004450,0:00:00.004959,0:00:00.004275,0:00:00.004359,0:00:00.004369,0:00:00.004292,0:00:00.004665,0:00:00.004511,0:00:00.011275,0:00:00.004360,0:00:00.004450,0:00:00.004145,0:00:00.004352,0:00:00.004450,0:00:00.004268,0:00:00.004249,0:00:00.004333,0:00:00.004343,0:00:00.004281,0:00:00.004125,0:00:00.004336,0:00:00.004162,0:00:00.004297,0:00:00.004475,0:00:00.004115,0:00:00.004177,0:00:00.004152,0:00:00.004332,,0:00:00.193020
graph_name , nodes_count , edges_count, degree, degree cent., max neighbor degree, min neighbor degree, avg neighbor degree, std neighbor degree, eigenvector cent., closeness cent., harmonic cent., betweenness cent., coloring largest first, coloring smallest last, coloring independent set, coloring random sequential,coloring connected sequential dfs, coloring connected sequential bfs, edges within egonet, node clique number, number of cliques, clustering coef., square clustering coef., page rank, hubs value, triangles, core number, random,0,1,2,3,4,5,6,7,8,9,10,11,12,13,14,15,16,17,18,19,20,21,22,23,24,25,26,27,28,29,30, Total Time 
322,37,37,0:00:00.000002,0:00:00.000034,0:00:00.000069,0:00:00.000069,0:00:00.000069,0:00:00.000069,0:00:00.000430,0:00:00.000354,0:00:00.000500,0:00:00.001208,0:00:00.000066,0:00:00.000056,0:00:00.003391,0:00:00.000066,0:00:00.000293,0:00:00.000276,0:00:00.001753,0:00:00.000137,0:00:00.003257,0:00:00.000213,0:00:00.000536,0:00:00.003940,0:00:00.001254,0:00:00.000019,0:00:00.000074,0:00:00.000111,0:00:00.004515,0:00:00.004450,0:00:00.004458,0:00:00.004463,0:00:00.004949,0:00:00.004366,0:00:00.004180,0:00:00.004204,0:00:00.004239,0:00:00.004596,0:00:00.004625,0:00:00.010944,0:00:00.004383,0:00:00.004307,0:00:00.004204,0:00:00.004285,0:00:00.004262,0:00:00.004157,0:00:00.004113,0:00:00.004252,0:00:00.004185,0:00:00.004219,0:00:00.004124,0:00:00.004159,0:00:00.004188,0:00:00.004186,0:00:00.004139,0:00:00.004206,0:00:00.004172,0:00:00.004309,0:00:00.004314,,0:00:00.181190
graph_name , nodes_count , edges_count, degree, degree cent., max neighbor degree, min neighbor degree, avg neighbor degree, std neighbor degree, eigenvector cent., closeness cent., harmonic cent., betweenness cent., coloring largest first, coloring smallest last, coloring independent set, coloring random sequential,coloring connected sequential dfs, coloring connected sequential bfs, edges within egonet, node clique number, number of cliques, clustering coef., square clustering coef., page rank, hubs value, triangles, core number, random,0,1,2,3,4,5,6,7,8,9,10,11,12,13,14,15,16,17,18,19,20,21,22,23,24,25,26,27,28,29,30, Total Time 
323,37,36,0:00:00.000003,0:00:00.000041,0:00:00.000087,0:00:00.000087,0:00:00.000087,0:00:00.000087,0:00:00.000547,0:00:00.000451,0:00:00.000653,0:00:00.001552,0:00:00.000085,0:00:00.000071,0:00:00.004232,0:00:00.000085,0:00:00.000358,0:00:00.000332,0:00:00.002079,0:00:00.000169,0:00:00.004105,0:00:00.000265,0:00:00.000639,0:00:00.004881,0:00:00.001563,0:00:00.000024,0:00:00.000094,0:00:00.000141,0:00:00.004422,0:00:00.004539,0:00:00.004295,0:00:00.004318,0:00:00.004984,0:00:00.004299,0:00:00.004277,0:00:00.004265,0:00:00.004191,0:00:00.004579,0:00:00.004656,0:00:00.009671,0:00:00.004467,0:00:00.004272,0:00:00.004195,0:00:00.004242,0:00:00.004271,0:00:00.004136,0:00:00.004242,0:00:00.004256,0:00:00.004374,0:00:00.004053,0:00:00.004330,0:00:00.004187,0:00:00.004321,0:00:00.004102,0:00:00.004245,0:00:00.004112,0:00:00.004184,0:00:00.004263,0:00:00.004800,,0:00:00.190757
graph_name , nodes_count , edges_count, degree, degree cent., max neighbor degree, min neighbor degree, avg neighbor degree, std neighbor degree, eigenvector cent., closeness cent., harmonic cent., betweenness cent., coloring largest first, coloring smallest last, coloring independent set, coloring random sequential,coloring connected sequential dfs, coloring connected sequential bfs, edges within egonet, node clique number, number of cliques, clustering coef., square clustering coef., page rank, hubs value, triangles, core number, random,0,1,2,3,4,5,6,7,8,9,10,11,12,13,14,15,16,17,18,19,20,21,22,23,24,25,26,27,28,29,30, Total Time 
324,40,39,0:00:00.000003,0:00:00.000040,0:00:00.000092,0:00:00.000092,0:00:00.000092,0:00:00.000092,0:00:00.000576,0:00:00.000509,0:00:00.000732,0:00:00.001923,0:00:00.000087,0:00:00.000075,0:00:00.004729,0:00:00.000085,0:00:00.000372,0:00:00.000347,0:00:00.002226,0:00:00.000171,0:00:00.004438,0:00:00.000274,0:00:00.000811,0:00:00.004744,0:00:00.001489,0:00:00.000027,0:00:00.000098,0:00:00.000142,0:00:00.004411,0:00:00.004572,0:00:00.004300,0:00:00.004550,0:00:00.005510,0:00:00.004369,0:00:00.004124,0:00:00.004339,0:00:00.004219,0:00:00.004610,0:00:00.004731,0:00:00.018603,0:00:00.004342,0:00:00.004358,0:00:00.004223,0:00:00.004288,0:00:00.004225,0:00:00.004286,0:00:00.004121,0:00:00.004241,0:00:00.004149,0:00:00.004214,0:00:00.004174,0:00:00.004176,0:00:00.004202,0:00:00.004307,0:00:00.004204,0:00:00.004168,0:00:00.004212,0:00:00.004300,0:00:00.004146,,0:00:00.201141
graph_name , nodes_count , edges_count, degree, degree cent., max neighbor degree, min neighbor degree, avg neighbor degree, std neighbor degree, eigenvector cent., closeness cent., harmonic cent., betweenness cent., coloring largest first, coloring smallest last, coloring independent set, coloring random sequential,coloring connected sequential dfs, coloring connected sequential bfs, edges within egonet, node clique number, number of cliques, clustering coef., square clustering coef., page rank, hubs value, triangles, core number, random,0,1,2,3,4,5,6,7,8,9,10,11,12,13,14,15,16,17,18,19,20,21,22,23,24,25,26,27,28,29,30, Total Time 
325,38,36,0:00:00.000003,0:00:00.000027,0:00:00.000086,0:00:00.000086,0:00:00.000086,0:00:00.000086,0:00:00.000546,0:00:00.000475,0:00:00.000657,0:00:00.001614,0:00:00.000082,0:00:00.000072,0:00:00.004383,0:00:00.000080,0:00:00.000360,0:00:00.000339,0:00:00.002167,0:00:00.000162,0:00:00.004195,0:00:00.000332,0:00:00.000642,0:00:00.004752,0:00:00.001422,0:00:00.000024,0:00:00.000089,0:00:00.000137,0:00:00.004459,0:00:00.004500,0:00:00.004358,0:00:00.004335,0:00:00.005327,0:00:00.004294,0:00:00.004377,0:00:00.004210,0:00:00.004313,0:00:00.004520,0:00:00.004629,0:00:00.011127,0:00:00.004430,0:00:00.003786,0:00:00.004259,0:00:00.004215,0:00:00.004471,0:00:00.004181,0:00:00.004346,0:00:00.004285,0:00:00.004262,0:00:00.004211,0:00:00.004338,0:00:00.004253,0:00:00.004272,0:00:00.004314,0:00:00.004344,0:00:00.003678,0:00:00.004295,0:00:00.004447,0:00:00.004253,,0:00:00.191712
graph_name , nodes_count , edges_count, degree, degree cent., max neighbor degree, min neighbor degree, avg neighbor degree, std neighbor degree, eigenvector cent., closeness cent., harmonic cent., betweenness cent., coloring largest first, coloring smallest last, coloring independent set, coloring random sequential,coloring connected sequential dfs, coloring connected sequential bfs, edges within egonet, node clique number, number of cliques, clustering coef., square clustering coef., page rank, hubs value, triangles, core number, random,0,1,2,3,4,5,6,7,8,9,10,11,12,13,14,15,16,17,18,19,20,21,22,23,24,25,26,27,28,29,30, Total Time 
326,43,43,0:00:00.000002,0:00:00.000047,0:00:00.000099,0:00:00.000099,0:00:00.000099,0:00:00.000099,0:00:00.000694,0:00:00.000543,0:00:00.000785,0:00:00.002022,0:00:00.000095,0:00:00.000082,0:00:00.005520,0:00:00.000094,0:00:00.000413,0:00:00.000395,0:00:00.002526,0:00:00.000183,0:00:00.005165,0:00:00.000316,0:00:00.001105,0:00:00.004962,0:00:00.001614,0:00:00.000029,0:00:00.000104,0:00:00.000158,0:00:00.004557,0:00:00.004547,0:00:00.004370,0:00:00.004635,0:00:00.006450,0:00:00.004436,0:00:00.004348,0:00:00.004221,0:00:00.004265,0:00:00.004859,0:00:00.005142,0:00:00.032252,0:00:00.004651,0:00:00.004276,0:00:00.004310,0:00:00.004220,0:00:00.004543,0:00:00.004224,0:00:00.004332,0:00:00.004356,0:00:00.004426,0:00:00.004334,0:00:00.004399,0:00:00.004242,0:00:00.004339,0:00:00.004193,0:00:00.004412,0:00:00.004200,0:00:00.004343,0:00:00.004159,0:00:00.004402,,0:00:00.222906
graph_name , nodes_count , edges_count, degree, degree cent., max neighbor degree, min neighbor degree, avg neighbor degree, std neighbor degree, eigenvector cent., closeness cent., harmonic cent., betweenness cent., coloring largest first, coloring smallest last, coloring independent set, coloring random sequential,coloring connected sequential dfs, coloring connected sequential bfs, edges within egonet, node clique number, number of cliques, clustering coef., square clustering coef., page rank, hubs value, triangles, core number, random,0,1,2,3,4,5,6,7,8,9,10,11,12,13,14,15,16,17,18,19,20,21,22,23,24,25,26,27,28,29,30, Total Time 
327,37,36,0:00:00.000002,0:00:00.000038,0:00:00.000084,0:00:00.000084,0:00:00.000084,0:00:00.000084,0:00:00.000538,0:00:00.000422,0:00:00.000612,0:00:00.001500,0:00:00.000083,0:00:00.000071,0:00:00.004001,0:00:00.000079,0:00:00.000355,0:00:00.000333,0:00:00.002034,0:00:00.000165,0:00:00.003710,0:00:00.000261,0:00:00.000666,0:00:00.004690,0:00:00.001464,0:00:00.000025,0:00:00.000088,0:00:00.000131,0:00:00.004426,0:00:00.004486,0:00:00.004536,0:00:00.004503,0:00:00.005068,0:00:00.004565,0:00:00.004251,0:00:00.004388,0:00:00.004224,0:00:00.004583,0:00:00.004704,0:00:00.011379,0:00:00.004280,0:00:00.004437,0:00:00.004249,0:00:00.004371,0:00:00.004240,0:00:00.004307,0:00:00.004385,0:00:00.004391,0:00:00.004302,0:00:00.004351,0:00:00.004269,0:00:00.004321,0:00:00.004276,0:00:00.004323,0:00:00.004236,0:00:00.004377,0:00:00.004174,0:00:00.004233,0:00:00.004277,,0:00:00.192134
graph_name , nodes_count , edges_count, degree, degree cent., max neighbor degree, min neighbor degree, avg neighbor degree, std neighbor degree, eigenvector cent., closeness cent., harmonic cent., betweenness cent., coloring largest first, coloring smallest last, coloring independent set, coloring random sequential,coloring connected sequential dfs, coloring connected sequential bfs, edges within egonet, node clique number, number of cliques, clustering coef., square clustering coef., page rank, hubs value, triangles, core number, random,0,1,2,3,4,5,6,7,8,9,10,11,12,13,14,15,16,17,18,19,20,21,22,23,24,25,26,27,28,29,30, Total Time 
328,35,34,0:00:00.000003,0:00:00.000036,0:00:00.000082,0:00:00.000082,0:00:00.000082,0:00:00.000082,0:00:00.000505,0:00:00.000416,0:00:00.000554,0:00:00.001329,0:00:00.000080,0:00:00.000065,0:00:00.003943,0:00:00.000078,0:00:00.000337,0:00:00.000312,0:00:00.001920,0:00:00.000155,0:00:00.003414,0:00:00.000245,0:00:00.000537,0:00:00.004803,0:00:00.001533,0:00:00.000022,0:00:00.000084,0:00:00.000117,0:00:00.004444,0:00:00.004279,0:00:00.003721,0:00:00.004166,0:00:00.004760,0:00:00.004107,0:00:00.004209,0:00:00.004114,0:00:00.004290,0:00:00.004396,0:00:00.003965,0:00:00.007918,0:00:00.004470,0:00:00.004293,0:00:00.004149,0:00:00.004225,0:00:00.004282,0:00:00.004279,0:00:00.004193,0:00:00.004236,0:00:00.004242,0:00:00.004205,0:00:00.004301,0:00:00.004089,0:00:00.004186,0:00:00.003991,0:00:00.004042,0:00:00.004055,0:00:00.004261,0:00:00.004069,0:00:00.004227,,0:00:00.182349
graph_name , nodes_count , edges_count, degree, degree cent., max neighbor degree, min neighbor degree, avg neighbor degree, std neighbor degree, eigenvector cent., closeness cent., harmonic cent., betweenness cent., coloring largest first, coloring smallest last, coloring independent set, coloring random sequential,coloring connected sequential dfs, coloring connected sequential bfs, edges within egonet, node clique number, number of cliques, clustering coef., square clustering coef., page rank, hubs value, triangles, core number, random,0,1,2,3,4,5,6,7,8,9,10,11,12,13,14,15,16,17,18,19,20,21,22,23,24,25,26,27,28,29,30, Total Time 
329,39,39,0:00:00.000002,0:00:00.000039,0:00:00.000088,0:00:00.000088,0:00:00.000088,0:00:00.000088,0:00:00.000571,0:00:00.000447,0:00:00.000634,0:00:00.001590,0:00:00.000087,0:00:00.000073,0:00:00.004461,0:00:00.000083,0:00:00.000385,0:00:00.000514,0:00:00.002055,0:00:00.000167,0:00:00.004334,0:00:00.000278,0:00:00.000848,0:00:00.004681,0:00:00.001479,0:00:00.000024,0:00:00.000091,0:00:00.000132,0:00:00.004333,0:00:00.004466,0:00:00.004188,0:00:00.003770,0:00:00.005426,0:00:00.004397,0:00:00.004159,0:00:00.004303,0:00:00.004133,0:00:00.004757,0:00:00.004808,0:00:00.018312,0:00:00.004339,0:00:00.004294,0:00:00.004122,0:00:00.004255,0:00:00.004428,0:00:00.004206,0:00:00.004293,0:00:00.004058,0:00:00.004120,0:00:00.004117,0:00:00.004199,0:00:00.004108,0:00:00.004125,0:00:00.004084,0:00:00.004181,0:00:00.003997,0:00:00.004101,0:00:00.004049,0:00:00.004340,,0:00:00.197291
graph_name , nodes_count , edges_count, degree, degree cent., max neighbor degree, min neighbor degree, avg neighbor degree, std neighbor degree, eigenvector cent., closeness cent., harmonic cent., betweenness cent., coloring largest first, coloring smallest last, coloring independent set, coloring random sequential,coloring connected sequential dfs, coloring connected sequential bfs, edges within egonet, node clique number, number of cliques, clustering coef., square clustering coef., page rank, hubs value, triangles, core number, random,0,1,2,3,4,5,6,7,8,9,10,11,12,13,14,15,16,17,18,19,20,21,22,23,24,25,26,27,28,29,30, Total Time 
330,39,37,0:00:00.000002,0:00:00.000041,0:00:00.000089,0:00:00.000089,0:00:00.000089,0:00:00.000089,0:00:00.000560,0:00:00.000438,0:00:00.000626,0:00:00.001523,0:00:00.000087,0:00:00.000084,0:00:00.004637,0:00:00.000085,0:00:00.000387,0:00:00.000351,0:00:00.002111,0:00:00.000173,0:00:00.004277,0:00:00.000269,0:00:00.000722,0:00:00.004628,0:00:00.001532,0:00:00.000025,0:00:00.000088,0:00:00.000133,0:00:00.004355,0:00:00.004389,0:00:00.004259,0:00:00.004331,0:00:00.005212,0:00:00.004129,0:00:00.003610,0:00:00.004202,0:00:00.004223,0:00:00.004662,0:00:00.004646,0:00:00.014590,0:00:00.004301,0:00:00.004321,0:00:00.004304,0:00:00.004198,0:00:00.004400,0:00:00.003843,0:00:00.004247,0:00:00.004338,0:00:00.004364,0:00:00.004238,0:00:00.004209,0:00:00.004221,0:00:00.004206,0:00:00.004263,0:00:00.004370,0:00:00.004220,0:00:00.004239,0:00:00.004290,0:00:00.004329,,0:00:00.194129
graph_name , nodes_count , edges_count, degree, degree cent., max neighbor degree, min neighbor degree, avg neighbor degree, std neighbor degree, eigenvector cent., closeness cent., harmonic cent., betweenness cent., coloring largest first, coloring smallest last, coloring independent set, coloring random sequential,coloring connected sequential dfs, coloring connected sequential bfs, edges within egonet, node clique number, number of cliques, clustering coef., square clustering coef., page rank, hubs value, triangles, core number, random,0,1,2,3,4,5,6,7,8,9,10,11,12,13,14,15,16,17,18,19,20,21,22,23,24,25,26,27,28,29,30, Total Time 
331,37,34,0:00:00.000002,0:00:00.000030,0:00:00.000085,0:00:00.000085,0:00:00.000085,0:00:00.000085,0:00:00.000485,0:00:00.000433,0:00:00.000631,0:00:00.001523,0:00:00.000084,0:00:00.000071,0:00:00.004276,0:00:00.000081,0:00:00.000364,0:00:00.000331,0:00:00.002024,0:00:00.000164,0:00:00.003981,0:00:00.000248,0:00:00.000560,0:00:00.005020,0:00:00.001475,0:00:00.000023,0:00:00.000089,0:00:00.000141,0:00:00.004386,0:00:00.004367,0:00:00.004308,0:00:00.004325,0:00:00.004912,0:00:00.004296,0:00:00.004311,0:00:00.003744,0:00:00.004243,0:00:00.004362,0:00:00.005178,0:00:00.008736,0:00:00.004323,0:00:00.004345,0:00:00.004265,0:00:00.004248,0:00:00.004299,0:00:00.004309,0:00:00.004209,0:00:00.004219,0:00:00.004301,0:00:00.004248,0:00:00.004200,0:00:00.004092,0:00:00.003568,0:00:00.004028,0:00:00.004166,0:00:00.004108,0:00:00.004090,0:00:00.004070,0:00:00.004515,,0:00:00.187960
graph_name , nodes_count , edges_count, degree, degree cent., max neighbor degree, min neighbor degree, avg neighbor degree, std neighbor degree, eigenvector cent., closeness cent., harmonic cent., betweenness cent., coloring largest first, coloring smallest last, coloring independent set, coloring random sequential,coloring connected sequential dfs, coloring connected sequential bfs, edges within egonet, node clique number, number of cliques, clustering coef., square clustering coef., page rank, hubs value, triangles, core number, random,0,1,2,3,4,5,6,7,8,9,10,11,12,13,14,15,16,17,18,19,20,21,22,23,24,25,26,27,28,29,30, Total Time 
332,39,37,0:00:00.000002,0:00:00.000040,0:00:00.000090,0:00:00.000090,0:00:00.000090,0:00:00.000090,0:00:00.000565,0:00:00.000452,0:00:00.000651,0:00:00.001668,0:00:00.000089,0:00:00.000075,0:00:00.004498,0:00:00.000088,0:00:00.000394,0:00:00.000363,0:00:00.002221,0:00:00.000173,0:00:00.004366,0:00:00.000272,0:00:00.000735,0:00:00.004997,0:00:00.001535,0:00:00.000022,0:00:00.000093,0:00:00.000140,0:00:00.004500,0:00:00.004592,0:00:00.004451,0:00:00.003947,0:00:00.005317,0:00:00.004320,0:00:00.004422,0:00:00.004362,0:00:00.004160,0:00:00.004575,0:00:00.004524,0:00:00.013113,0:00:00.004289,0:00:00.004366,0:00:00.004178,0:00:00.004284,0:00:00.004320,0:00:00.004160,0:00:00.004173,0:00:00.004357,0:00:00.004309,0:00:00.004108,0:00:00.004150,0:00:00.004218,0:00:00.004283,0:00:00.004199,0:00:00.004111,0:00:00.004174,0:00:00.004151,0:00:00.003833,0:00:00.004271,,0:00:00.194829
graph_name , nodes_count , edges_count, degree, degree cent., max neighbor degree, min neighbor degree, avg neighbor degree, std neighbor degree, eigenvector cent., closeness cent., harmonic cent., betweenness cent., coloring largest first, coloring smallest last, coloring independent set, coloring random sequential,coloring connected sequential dfs, coloring connected sequential bfs, edges within egonet, node clique number, number of cliques, clustering coef., square clustering coef., page rank, hubs value, triangles, core number, random,0,1,2,3,4,5,6,7,8,9,10,11,12,13,14,15,16,17,18,19,20,21,22,23,24,25,26,27,28,29,30, Total Time 
333,39,38,0:00:00.000002,0:00:00.000045,0:00:00.000092,0:00:00.000092,0:00:00.000092,0:00:00.000092,0:00:00.000585,0:00:00.000447,0:00:00.000639,0:00:00.001613,0:00:00.000091,0:00:00.000076,0:00:00.004697,0:00:00.000095,0:00:00.000393,0:00:00.000362,0:00:00.002204,0:00:00.000171,0:00:00.004258,0:00:00.000278,0:00:00.000793,0:00:00.004963,0:00:00.001634,0:00:00.000023,0:00:00.000095,0:00:00.000144,0:00:00.004399,0:00:00.005255,0:00:00.006385,0:00:00.004283,0:00:00.006960,0:00:00.004487,0:00:00.004314,0:00:00.004387,0:00:00.004268,0:00:00.004563,0:00:00.004830,0:00:00.017793,0:00:00.004282,0:00:00.004285,0:00:00.004234,0:00:00.004220,0:00:00.004345,0:00:00.004317,0:00:00.004291,0:00:00.004185,0:00:00.004214,0:00:00.004263,0:00:00.004356,0:00:00.004118,0:00:00.004320,0:00:00.004279,0:00:00.004377,0:00:00.004053,0:00:00.004356,0:00:00.004169,0:00:00.004436,,0:00:00.205875
graph_name , nodes_count , edges_count, degree, degree cent., max neighbor degree, min neighbor degree, avg neighbor degree, std neighbor degree, eigenvector cent., closeness cent., harmonic cent., betweenness cent., coloring largest first, coloring smallest last, coloring independent set, coloring random sequential,coloring connected sequential dfs, coloring connected sequential bfs, edges within egonet, node clique number, number of cliques, clustering coef., square clustering coef., page rank, hubs value, triangles, core number, random,0,1,2,3,4,5,6,7,8,9,10,11,12,13,14,15,16,17,18,19,20,21,22,23,24,25,26,27,28,29,30, Total Time 
334,36,32,0:00:00.000002,0:00:00.000030,0:00:00.000085,0:00:00.000085,0:00:00.000085,0:00:00.000085,0:00:00.000520,0:00:00.000391,0:00:00.000544,0:00:00.001315,0:00:00.000082,0:00:00.000070,0:00:00.003949,0:00:00.000080,0:00:00.000383,0:00:00.000361,0:00:00.001783,0:00:00.000167,0:00:00.003968,0:00:00.000249,0:00:00.000473,0:00:00.005056,0:00:00.001523,0:00:00.000021,0:00:00.000085,0:00:00.000125,0:00:00.004336,0:00:00.004437,0:00:00.004283,0:00:00.004424,0:00:00.004665,0:00:00.004451,0:00:00.004187,0:00:00.004355,0:00:00.004235,0:00:00.004484,0:00:00.004343,0:00:00.007352,0:00:00.004272,0:00:00.004281,0:00:00.004286,0:00:00.004294,0:00:00.004327,0:00:00.004363,0:00:00.004266,0:00:00.004340,0:00:00.004281,0:00:00.004252,0:00:00.004230,0:00:00.004154,0:00:00.004399,0:00:00.004458,0:00:00.004262,0:00:00.004252,0:00:00.004326,0:00:00.004134,0:00:00.004250,,0:00:00.187098
graph_name , nodes_count , edges_count, degree, degree cent., max neighbor degree, min neighbor degree, avg neighbor degree, std neighbor degree, eigenvector cent., closeness cent., harmonic cent., betweenness cent., coloring largest first, coloring smallest last, coloring independent set, coloring random sequential,coloring connected sequential dfs, coloring connected sequential bfs, edges within egonet, node clique number, number of cliques, clustering coef., square clustering coef., page rank, hubs value, triangles, core number, random,0,1,2,3,4,5,6,7,8,9,10,11,12,13,14,15,16,17,18,19,20,21,22,23,24,25,26,27,28,29,30, Total Time 
335,36,36,0:00:00.000003,0:00:00.000039,0:00:00.000085,0:00:00.000085,0:00:00.000085,0:00:00.000085,0:00:00.000554,0:00:00.000428,0:00:00.000596,0:00:00.001466,0:00:00.000084,0:00:00.000072,0:00:00.004122,0:00:00.000082,0:00:00.000356,0:00:00.000339,0:00:00.002497,0:00:00.000171,0:00:00.003740,0:00:00.000265,0:00:00.000666,0:00:00.004888,0:00:00.001524,0:00:00.000022,0:00:00.000094,0:00:00.000134,0:00:00.004685,0:00:00.004630,0:00:00.004682,0:00:00.004525,0:00:00.005159,0:00:00.004393,0:00:00.004362,0:00:00.004406,0:00:00.004422,0:00:00.004618,0:00:00.004782,0:00:00.011362,0:00:00.004358,0:00:00.004377,0:00:00.004133,0:00:00.004424,0:00:00.004380,0:00:00.004320,0:00:00.004228,0:00:00.004310,0:00:00.004258,0:00:00.004457,0:00:00.004199,0:00:00.004210,0:00:00.004313,0:00:00.004336,0:00:00.004362,0:00:00.004211,0:00:00.004244,0:00:00.004288,0:00:00.004260,,0:00:00.194536
graph_name , nodes_count , edges_count, degree, degree cent., max neighbor degree, min neighbor degree, avg neighbor degree, std neighbor degree, eigenvector cent., closeness cent., harmonic cent., betweenness cent., coloring largest first, coloring smallest last, coloring independent set, coloring random sequential,coloring connected sequential dfs, coloring connected sequential bfs, edges within egonet, node clique number, number of cliques, clustering coef., square clustering coef., page rank, hubs value, triangles, core number, random,0,1,2,3,4,5,6,7,8,9,10,11,12,13,14,15,16,17,18,19,20,21,22,23,24,25,26,27,28,29,30, Total Time 
336,38,40,0:00:00.000003,0:00:00.000044,0:00:00.000090,0:00:00.000090,0:00:00.000090,0:00:00.000090,0:00:00.000634,0:00:00.000447,0:00:00.000621,0:00:00.001562,0:00:00.000088,0:00:00.000073,0:00:00.004328,0:00:00.000084,0:00:00.000402,0:00:00.000515,0:00:00.002139,0:00:00.000170,0:00:00.004090,0:00:00.000280,0:00:00.000901,0:00:00.004927,0:00:00.001579,0:00:00.000022,0:00:00.000094,0:00:00.000134,0:00:00.004419,0:00:00.004465,0:00:00.004527,0:00:00.004580,0:00:00.005899,0:00:00.004460,0:00:00.004431,0:00:00.004314,0:00:00.004609,0:00:00.005066,0:00:00.005262,0:00:00.022345,0:00:00.004566,0:00:00.004377,0:00:00.004374,0:00:00.004298,0:00:00.004672,0:00:00.004356,0:00:00.004427,0:00:00.004390,0:00:00.004476,0:00:00.004378,0:00:00.004305,0:00:00.004298,0:00:00.004254,0:00:00.004248,0:00:00.004258,0:00:00.004319,0:00:00.004271,0:00:00.004213,0:00:00.004453,,0:00:00.209401
graph_name , nodes_count , edges_count, degree, degree cent., max neighbor degree, min neighbor degree, avg neighbor degree, std neighbor degree, eigenvector cent., closeness cent., harmonic cent., betweenness cent., coloring largest first, coloring smallest last, coloring independent set, coloring random sequential,coloring connected sequential dfs, coloring connected sequential bfs, edges within egonet, node clique number, number of cliques, clustering coef., square clustering coef., page rank, hubs value, triangles, core number, random,0,1,2,3,4,5,6,7,8,9,10,11,12,13,14,15,16,17,18,19,20,21,22,23,24,25,26,27,28,29,30, Total Time 
337,37,35,0:00:00.000002,0:00:00.000040,0:00:00.000095,0:00:00.000095,0:00:00.000095,0:00:00.000095,0:00:00.000543,0:00:00.000410,0:00:00.000592,0:00:00.001374,0:00:00.000083,0:00:00.000070,0:00:00.004436,0:00:00.000083,0:00:00.000396,0:00:00.000376,0:00:00.002048,0:00:00.000167,0:00:00.004001,0:00:00.000260,0:00:00.000611,0:00:00.005037,0:00:00.001542,0:00:00.000021,0:00:00.000088,0:00:00.000126,0:00:00.004402,0:00:00.004537,0:00:00.004363,0:00:00.004511,0:00:00.005000,0:00:00.004389,0:00:00.004364,0:00:00.004446,0:00:00.004225,0:00:00.004646,0:00:00.004621,0:00:00.010009,0:00:00.004400,0:00:00.004460,0:00:00.004122,0:00:00.004706,0:00:00.004360,0:00:00.004352,0:00:00.004324,0:00:00.004254,0:00:00.004394,0:00:00.004378,0:00:00.004308,0:00:00.004477,0:00:00.004317,0:00:00.004284,0:00:00.004265,0:00:00.004160,0:00:00.004206,0:00:00.004289,0:00:00.004586,,0:00:00.193414
graph_name , nodes_count , edges_count, degree, degree cent., max neighbor degree, min neighbor degree, avg neighbor degree, std neighbor degree, eigenvector cent., closeness cent., harmonic cent., betweenness cent., coloring largest first, coloring smallest last, coloring independent set, coloring random sequential,coloring connected sequential dfs, coloring connected sequential bfs, edges within egonet, node clique number, number of cliques, clustering coef., square clustering coef., page rank, hubs value, triangles, core number, random,0,1,2,3,4,5,6,7,8,9,10,11,12,13,14,15,16,17,18,19,20,21,22,23,24,25,26,27,28,29,30, Total Time 
338,38,34,0:00:00.000002,0:00:00.000041,0:00:00.000088,0:00:00.000088,0:00:00.000088,0:00:00.000088,0:00:00.000543,0:00:00.000431,0:00:00.000618,0:00:00.001423,0:00:00.000087,0:00:00.000073,0:00:00.004410,0:00:00.000086,0:00:00.000380,0:00:00.000356,0:00:00.001913,0:00:00.000167,0:00:00.004186,0:00:00.000254,0:00:00.000640,0:00:00.004799,0:00:00.001537,0:00:00.000023,0:00:00.000088,0:00:00.000130,0:00:00.004564,0:00:00.004427,0:00:00.004765,0:00:00.004378,0:00:00.005065,0:00:00.004293,0:00:00.004660,0:00:00.004338,0:00:00.004265,0:00:00.004477,0:00:00.004460,0:00:00.009207,0:00:00.004329,0:00:00.004246,0:00:00.004284,0:00:00.004272,0:00:00.004364,0:00:00.004248,0:00:00.004212,0:00:00.004408,0:00:00.004320,0:00:00.004244,0:00:00.004475,0:00:00.004227,0:00:00.004342,0:00:00.004415,0:00:00.004310,0:00:00.004283,0:00:00.004376,0:00:00.004216,0:00:00.004285,,0:00:00.192017
graph_name , nodes_count , edges_count, degree, degree cent., max neighbor degree, min neighbor degree, avg neighbor degree, std neighbor degree, eigenvector cent., closeness cent., harmonic cent., betweenness cent., coloring largest first, coloring smallest last, coloring independent set, coloring random sequential,coloring connected sequential dfs, coloring connected sequential bfs, edges within egonet, node clique number, number of cliques, clustering coef., square clustering coef., page rank, hubs value, triangles, core number, random,0,1,2,3,4,5,6,7,8,9,10,11,12,13,14,15,16,17,18,19,20,21,22,23,24,25,26,27,28,29,30, Total Time 
339,38,36,0:00:00.000002,0:00:00.000043,0:00:00.000091,0:00:00.000091,0:00:00.000091,0:00:00.000091,0:00:00.000555,0:00:00.000434,0:00:00.000606,0:00:00.001532,0:00:00.000087,0:00:00.000074,0:00:00.004547,0:00:00.000084,0:00:00.000401,0:00:00.000376,0:00:00.002139,0:00:00.000173,0:00:00.004349,0:00:00.000269,0:00:00.000674,0:00:00.005116,0:00:00.001534,0:00:00.000024,0:00:00.000092,0:00:00.000133,0:00:00.004543,0:00:00.004362,0:00:00.004310,0:00:00.004456,0:00:00.005147,0:00:00.004479,0:00:00.004395,0:00:00.004376,0:00:00.004220,0:00:00.004617,0:00:00.004738,0:00:00.012422,0:00:00.004389,0:00:00.004362,0:00:00.004337,0:00:00.004354,0:00:00.004343,0:00:00.004359,0:00:00.004245,0:00:00.004221,0:00:00.004362,0:00:00.004268,0:00:00.004250,0:00:00.004272,0:00:00.004281,0:00:00.004413,0:00:00.004347,0:00:00.004351,0:00:00.004226,0:00:00.004201,0:00:00.004324,,0:00:00.196072
graph_name , nodes_count , edges_count, degree, degree cent., max neighbor degree, min neighbor degree, avg neighbor degree, std neighbor degree, eigenvector cent., closeness cent., harmonic cent., betweenness cent., coloring largest first, coloring smallest last, coloring independent set, coloring random sequential,coloring connected sequential dfs, coloring connected sequential bfs, edges within egonet, node clique number, number of cliques, clustering coef., square clustering coef., page rank, hubs value, triangles, core number, random,0,1,2,3,4,5,6,7,8,9,10,11,12,13,14,15,16,17,18,19,20,21,22,23,24,25,26,27,28,29,30, Total Time 
340,39,37,0:00:00.000002,0:00:00.000042,0:00:00.000092,0:00:00.000092,0:00:00.000092,0:00:00.000092,0:00:00.000585,0:00:00.000485,0:00:00.000689,0:00:00.001718,0:00:00.000089,0:00:00.000075,0:00:00.004725,0:00:00.000167,0:00:00.000377,0:00:00.000348,0:00:00.002205,0:00:00.000163,0:00:00.004168,0:00:00.000271,0:00:00.000716,0:00:00.004908,0:00:00.001576,0:00:00.000026,0:00:00.000096,0:00:00.000146,0:00:00.004541,0:00:00.004762,0:00:00.004494,0:00:00.004500,0:00:00.005443,0:00:00.004348,0:00:00.004499,0:00:00.004369,0:00:00.004518,0:00:00.004619,0:00:00.004734,0:00:00.012503,0:00:00.004386,0:00:00.004351,0:00:00.004358,0:00:00.004217,0:00:00.004397,0:00:00.004391,0:00:00.004420,0:00:00.004336,0:00:00.004435,0:00:00.004301,0:00:00.004248,0:00:00.004244,0:00:00.004320,0:00:00.004247,0:00:00.004197,0:00:00.004207,0:00:00.004356,0:00:00.004123,0:00:00.004320,,0:00:00.197939
graph_name , nodes_count , edges_count, degree, degree cent., max neighbor degree, min neighbor degree, avg neighbor degree, std neighbor degree, eigenvector cent., closeness cent., harmonic cent., betweenness cent., coloring largest first, coloring smallest last, coloring independent set, coloring random sequential,coloring connected sequential dfs, coloring connected sequential bfs, edges within egonet, node clique number, number of cliques, clustering coef., square clustering coef., page rank, hubs value, triangles, core number, random,0,1,2,3,4,5,6,7,8,9,10,11,12,13,14,15,16,17,18,19,20,21,22,23,24,25,26,27,28,29,30, Total Time 
341,38,37,0:00:00.000002,0:00:00.000041,0:00:00.000091,0:00:00.000091,0:00:00.000091,0:00:00.000091,0:00:00.000553,0:00:00.000480,0:00:00.000667,0:00:00.001680,0:00:00.000088,0:00:00.000073,0:00:00.004458,0:00:00.000087,0:00:00.000384,0:00:00.000354,0:00:00.002321,0:00:00.000170,0:00:00.004369,0:00:00.000272,0:00:00.000702,0:00:00.004972,0:00:00.001590,0:00:00.000026,0:00:00.000096,0:00:00.000144,0:00:00.004336,0:00:00.004645,0:00:00.004410,0:00:00.004652,0:00:00.005134,0:00:00.004349,0:00:00.004414,0:00:00.004271,0:00:00.004418,0:00:00.004710,0:00:00.004729,0:00:00.012542,0:00:00.004427,0:00:00.004380,0:00:00.004384,0:00:00.004370,0:00:00.004493,0:00:00.004236,0:00:00.004308,0:00:00.004381,0:00:00.004376,0:00:00.004313,0:00:00.004252,0:00:00.004219,0:00:00.004219,0:00:00.004242,0:00:00.004269,0:00:00.004094,0:00:00.004124,0:00:00.004239,0:00:00.004253,,0:00:00.197203
graph_name , nodes_count , edges_count, degree, degree cent., max neighbor degree, min neighbor degree, avg neighbor degree, std neighbor degree, eigenvector cent., closeness cent., harmonic cent., betweenness cent., coloring largest first, coloring smallest last, coloring independent set, coloring random sequential,coloring connected sequential dfs, coloring connected sequential bfs, edges within egonet, node clique number, number of cliques, clustering coef., square clustering coef., page rank, hubs value, triangles, core number, random,0,1,2,3,4,5,6,7,8,9,10,11,12,13,14,15,16,17,18,19,20,21,22,23,24,25,26,27,28,29,30, Total Time 
342,34,32,0:00:00.000002,0:00:00.000038,0:00:00.000087,0:00:00.000087,0:00:00.000087,0:00:00.000087,0:00:00.000455,0:00:00.000368,0:00:00.000517,0:00:00.001230,0:00:00.000076,0:00:00.000065,0:00:00.003639,0:00:00.000076,0:00:00.000341,0:00:00.000323,0:00:00.001793,0:00:00.000156,0:00:00.003487,0:00:00.000244,0:00:00.000513,0:00:00.004811,0:00:00.001504,0:00:00.000020,0:00:00.000084,0:00:00.000124,0:00:00.004448,0:00:00.004347,0:00:00.004310,0:00:00.004346,0:00:00.004611,0:00:00.004253,0:00:00.004270,0:00:00.004121,0:00:00.004198,0:00:00.004363,0:00:00.004504,0:00:00.007126,0:00:00.004293,0:00:00.004202,0:00:00.004195,0:00:00.004159,0:00:00.004309,0:00:00.004174,0:00:00.004193,0:00:00.004153,0:00:00.004248,0:00:00.004133,0:00:00.004147,0:00:00.004088,0:00:00.004215,0:00:00.004205,0:00:00.004153,0:00:00.004135,0:00:00.004230,0:00:00.004175,0:00:00.004338,,0:00:00.183142
graph_name , nodes_count , edges_count, degree, degree cent., max neighbor degree, min neighbor degree, avg neighbor degree, std neighbor degree, eigenvector cent., closeness cent., harmonic cent., betweenness cent., coloring largest first, coloring smallest last, coloring independent set, coloring random sequential,coloring connected sequential dfs, coloring connected sequential bfs, edges within egonet, node clique number, number of cliques, clustering coef., square clustering coef., page rank, hubs value, triangles, core number, random,0,1,2,3,4,5,6,7,8,9,10,11,12,13,14,15,16,17,18,19,20,21,22,23,24,25,26,27,28,29,30, Total Time 
343,35,33,0:00:00.000002,0:00:00.000039,0:00:00.000084,0:00:00.000084,0:00:00.000084,0:00:00.000084,0:00:00.000516,0:00:00.000407,0:00:00.000591,0:00:00.001378,0:00:00.000081,0:00:00.000068,0:00:00.003881,0:00:00.000079,0:00:00.000377,0:00:00.000351,0:00:00.002332,0:00:00.000168,0:00:00.003829,0:00:00.000250,0:00:00.000561,0:00:00.005183,0:00:00.001563,0:00:00.000025,0:00:00.000091,0:00:00.000129,0:00:00.004216,0:00:00.004362,0:00:00.004245,0:00:00.004363,0:00:00.004839,0:00:00.004391,0:00:00.004170,0:00:00.004253,0:00:00.004231,0:00:00.004430,0:00:00.004659,0:00:00.008914,0:00:00.004452,0:00:00.004410,0:00:00.004256,0:00:00.004415,0:00:00.004321,0:00:00.004294,0:00:00.004304,0:00:00.004369,0:00:00.004413,0:00:00.004352,0:00:00.004303,0:00:00.004418,0:00:00.004372,0:00:00.004262,0:00:00.004248,0:00:00.004218,0:00:00.004193,0:00:00.004253,0:00:00.004308,,0:00:00.190826
graph_name , nodes_count , edges_count, degree, degree cent., max neighbor degree, min neighbor degree, avg neighbor degree, std neighbor degree, eigenvector cent., closeness cent., harmonic cent., betweenness cent., coloring largest first, coloring smallest last, coloring independent set, coloring random sequential,coloring connected sequential dfs, coloring connected sequential bfs, edges within egonet, node clique number, number of cliques, clustering coef., square clustering coef., page rank, hubs value, triangles, core number, random,0,1,2,3,4,5,6,7,8,9,10,11,12,13,14,15,16,17,18,19,20,21,22,23,24,25,26,27,28,29,30, Total Time 
344,36,32,0:00:00.000003,0:00:00.000042,0:00:00.000083,0:00:00.000083,0:00:00.000083,0:00:00.000083,0:00:00.000527,0:00:00.000375,0:00:00.000542,0:00:00.001222,0:00:00.000081,0:00:00.000068,0:00:00.004053,0:00:00.000083,0:00:00.000365,0:00:00.000346,0:00:00.001811,0:00:00.000161,0:00:00.003757,0:00:00.000246,0:00:00.000477,0:00:00.004896,0:00:00.001571,0:00:00.000020,0:00:00.000084,0:00:00.000125,0:00:00.004357,0:00:00.004538,0:00:00.004414,0:00:00.004356,0:00:00.004945,0:00:00.004530,0:00:00.004429,0:00:00.004528,0:00:00.004454,0:00:00.004536,0:00:00.004511,0:00:00.007445,0:00:00.004274,0:00:00.004408,0:00:00.004337,0:00:00.004354,0:00:00.004256,0:00:00.004269,0:00:00.004285,0:00:00.004257,0:00:00.004472,0:00:00.004363,0:00:00.004286,0:00:00.004264,0:00:00.004207,0:00:00.004258,0:00:00.004201,0:00:00.004304,0:00:00.004148,0:00:00.004249,0:00:00.004234,,0:00:00.188128
graph_name , nodes_count , edges_count, degree, degree cent., max neighbor degree, min neighbor degree, avg neighbor degree, std neighbor degree, eigenvector cent., closeness cent., harmonic cent., betweenness cent., coloring largest first, coloring smallest last, coloring independent set, coloring random sequential,coloring connected sequential dfs, coloring connected sequential bfs, edges within egonet, node clique number, number of cliques, clustering coef., square clustering coef., page rank, hubs value, triangles, core number, random,0,1,2,3,4,5,6,7,8,9,10,11,12,13,14,15,16,17,18,19,20,21,22,23,24,25,26,27,28,29,30, Total Time 
345,36,34,0:00:00.000003,0:00:00.000039,0:00:00.000085,0:00:00.000085,0:00:00.000085,0:00:00.000085,0:00:00.000525,0:00:00.000429,0:00:00.000593,0:00:00.001460,0:00:00.000084,0:00:00.000070,0:00:00.004052,0:00:00.000081,0:00:00.000362,0:00:00.000334,0:00:00.002052,0:00:00.000158,0:00:00.003648,0:00:00.000248,0:00:00.000568,0:00:00.004940,0:00:00.001553,0:00:00.000021,0:00:00.000091,0:00:00.000140,0:00:00.004478,0:00:00.004532,0:00:00.004371,0:00:00.004532,0:00:00.004909,0:00:00.004417,0:00:00.004471,0:00:00.004383,0:00:00.004179,0:00:00.004652,0:00:00.004583,0:00:00.009286,0:00:00.004378,0:00:00.004544,0:00:00.004316,0:00:00.004329,0:00:00.004349,0:00:00.004302,0:00:00.004314,0:00:00.004332,0:00:00.004362,0:00:00.004372,0:00:00.004379,0:00:00.004172,0:00:00.004258,0:00:00.004216,0:00:00.004458,0:00:00.004175,0:00:00.004183,0:00:00.004231,0:00:00.004642,,0:00:00.191599
graph_name , nodes_count , edges_count, degree, degree cent., max neighbor degree, min neighbor degree, avg neighbor degree, std neighbor degree, eigenvector cent., closeness cent., harmonic cent., betweenness cent., coloring largest first, coloring smallest last, coloring independent set, coloring random sequential,coloring connected sequential dfs, coloring connected sequential bfs, edges within egonet, node clique number, number of cliques, clustering coef., square clustering coef., page rank, hubs value, triangles, core number, random,0,1,2,3,4,5,6,7,8,9,10,11,12,13,14,15,16,17,18,19,20,21,22,23,24,25,26,27,28,29,30, Total Time 
346,39,36,0:00:00.000002,0:00:00.000043,0:00:00.000091,0:00:00.000091,0:00:00.000091,0:00:00.000091,0:00:00.000517,0:00:00.000446,0:00:00.000637,0:00:00.001523,0:00:00.000088,0:00:00.000074,0:00:00.004688,0:00:00.000087,0:00:00.000393,0:00:00.000357,0:00:00.002044,0:00:00.000173,0:00:00.004459,0:00:00.000270,0:00:00.000648,0:00:00.004862,0:00:00.001625,0:00:00.000023,0:00:00.000091,0:00:00.000138,0:00:00.004446,0:00:00.004563,0:00:00.004529,0:00:00.004527,0:00:00.005175,0:00:00.004386,0:00:00.004626,0:00:00.004355,0:00:00.004475,0:00:00.004559,0:00:00.004797,0:00:00.011085,0:00:00.004619,0:00:00.004398,0:00:00.004382,0:00:00.004246,0:00:00.004379,0:00:00.004330,0:00:00.004368,0:00:00.004374,0:00:00.004287,0:00:00.004325,0:00:00.004330,0:00:00.004355,0:00:00.004254,0:00:00.004276,0:00:00.004363,0:00:00.004127,0:00:00.004273,0:00:00.004198,0:00:00.004475,,0:00:00.196113
graph_name , nodes_count , edges_count, degree, degree cent., max neighbor degree, min neighbor degree, avg neighbor degree, std neighbor degree, eigenvector cent., closeness cent., harmonic cent., betweenness cent., coloring largest first, coloring smallest last, coloring independent set, coloring random sequential,coloring connected sequential dfs, coloring connected sequential bfs, edges within egonet, node clique number, number of cliques, clustering coef., square clustering coef., page rank, hubs value, triangles, core number, random,0,1,2,3,4,5,6,7,8,9,10,11,12,13,14,15,16,17,18,19,20,21,22,23,24,25,26,27,28,29,30, Total Time 
347,42,41,0:00:00.000002,0:00:00.000036,0:00:00.000077,0:00:00.000077,0:00:00.000077,0:00:00.000077,0:00:00.000489,0:00:00.000455,0:00:00.000660,0:00:00.001673,0:00:00.000074,0:00:00.000064,0:00:00.004294,0:00:00.000071,0:00:00.000316,0:00:00.000301,0:00:00.002052,0:00:00.000147,0:00:00.004173,0:00:00.000236,0:00:00.000719,0:00:00.003883,0:00:00.001238,0:00:00.000024,0:00:00.000083,0:00:00.000124,0:00:00.004371,0:00:00.004386,0:00:00.004089,0:00:00.003579,0:00:00.005529,0:00:00.003549,0:00:00.004122,0:00:00.003447,0:00:00.003969,0:00:00.003731,0:00:00.004564,0:00:00.016280,0:00:00.004026,0:00:00.003490,0:00:00.003941,0:00:00.002590,0:00:00.004150,0:00:00.003520,0:00:00.004058,0:00:00.003589,0:00:00.004062,0:00:00.003466,0:00:00.004033,0:00:00.003474,0:00:00.004016,0:00:00.003412,0:00:00.004103,0:00:00.003466,0:00:00.004084,0:00:00.003411,0:00:00.004033,,0:00:00.177372
graph_name , nodes_count , edges_count, degree, degree cent., max neighbor degree, min neighbor degree, avg neighbor degree, std neighbor degree, eigenvector cent., closeness cent., harmonic cent., betweenness cent., coloring largest first, coloring smallest last, coloring independent set, coloring random sequential,coloring connected sequential dfs, coloring connected sequential bfs, edges within egonet, node clique number, number of cliques, clustering coef., square clustering coef., page rank, hubs value, triangles, core number, random,0,1,2,3,4,5,6,7,8,9,10,11,12,13,14,15,16,17,18,19,20,21,22,23,24,25,26,27,28,29,30, Total Time 
348,34,33,0:00:00.000001,0:00:00.000031,0:00:00.000063,0:00:00.000063,0:00:00.000063,0:00:00.000063,0:00:00.000394,0:00:00.000291,0:00:00.000405,0:00:00.000944,0:00:00.000060,0:00:00.000050,0:00:00.002817,0:00:00.000059,0:00:00.000261,0:00:00.000248,0:00:00.001492,0:00:00.000120,0:00:00.002594,0:00:00.000184,0:00:00.000400,0:00:00.003670,0:00:00.001180,0:00:00.000018,0:00:00.000067,0:00:00.000092,0:00:00.003741,0:00:00.004257,0:00:00.003676,0:00:00.004165,0:00:00.004329,0:00:00.004038,0:00:00.003557,0:00:00.004085,0:00:00.003422,0:00:00.004252,0:00:00.003515,0:00:00.007734,0:00:00.003461,0:00:00.003986,0:00:00.003505,0:00:00.003963,0:00:00.003404,0:00:00.003994,0:00:00.003493,0:00:00.003894,0:00:00.003418,0:00:00.003902,0:00:00.002604,0:00:00.003765,0:00:00.003429,0:00:00.003952,0:00:00.003387,0:00:00.004050,0:00:00.003408,0:00:00.004061,0:00:00.003245,,0:00:00.166839
graph_name , nodes_count , edges_count, degree, degree cent., max neighbor degree, min neighbor degree, avg neighbor degree, std neighbor degree, eigenvector cent., closeness cent., harmonic cent., betweenness cent., coloring largest first, coloring smallest last, coloring independent set, coloring random sequential,coloring connected sequential dfs, coloring connected sequential bfs, edges within egonet, node clique number, number of cliques, clustering coef., square clustering coef., page rank, hubs value, triangles, core number, random,0,1,2,3,4,5,6,7,8,9,10,11,12,13,14,15,16,17,18,19,20,21,22,23,24,25,26,27,28,29,30, Total Time 
349,40,37,0:00:00.000002,0:00:00.000041,0:00:00.000090,0:00:00.000090,0:00:00.000090,0:00:00.000090,0:00:00.000674,0:00:00.000460,0:00:00.000653,0:00:00.001585,0:00:00.000089,0:00:00.000076,0:00:00.004613,0:00:00.000085,0:00:00.000398,0:00:00.000510,0:00:00.002045,0:00:00.000165,0:00:00.004466,0:00:00.000268,0:00:00.000706,0:00:00.004679,0:00:00.001501,0:00:00.000023,0:00:00.000091,0:00:00.000130,0:00:00.004188,0:00:00.003759,0:00:00.004192,0:00:00.003717,0:00:00.005170,0:00:00.003704,0:00:00.004048,0:00:00.003413,0:00:00.004105,0:00:00.003792,0:00:00.004536,0:00:00.011529,0:00:00.004318,0:00:00.003647,0:00:00.004195,0:00:00.003661,0:00:00.004097,0:00:00.003638,0:00:00.003962,0:00:00.003539,0:00:00.004227,0:00:00.003724,0:00:00.004251,0:00:00.003487,0:00:00.004222,0:00:00.003549,0:00:00.004036,0:00:00.003520,0:00:00.003973,0:00:00.004309,0:00:00.004234,,0:00:00.182151
graph_name , nodes_count , edges_count, degree, degree cent., max neighbor degree, min neighbor degree, avg neighbor degree, std neighbor degree, eigenvector cent., closeness cent., harmonic cent., betweenness cent., coloring largest first, coloring smallest last, coloring independent set, coloring random sequential,coloring connected sequential dfs, coloring connected sequential bfs, edges within egonet, node clique number, number of cliques, clustering coef., square clustering coef., page rank, hubs value, triangles, core number, random,0,1,2,3,4,5,6,7,8,9,10,11,12,13,14,15,16,17,18,19,20,21,22,23,24,25,26,27,28,29,30, Total Time 
350,37,37,0:00:00.000002,0:00:00.000040,0:00:00.000086,0:00:00.000086,0:00:00.000086,0:00:00.000086,0:00:00.000559,0:00:00.000443,0:00:00.000629,0:00:00.001552,0:00:00.000085,0:00:00.000071,0:00:00.004262,0:00:00.000083,0:00:00.000365,0:00:00.000351,0:00:00.002199,0:00:00.000169,0:00:00.003975,0:00:00.000263,0:00:00.000704,0:00:00.004897,0:00:00.001547,0:00:00.000022,0:00:00.000094,0:00:00.000144,0:00:00.004433,0:00:00.004529,0:00:00.004317,0:00:00.004327,0:00:00.005314,0:00:00.004177,0:00:00.004360,0:00:00.004357,0:00:00.004325,0:00:00.004736,0:00:00.004770,0:00:00.012436,0:00:00.004402,0:00:00.004395,0:00:00.004380,0:00:00.004338,0:00:00.004466,0:00:00.004267,0:00:00.004264,0:00:00.004401,0:00:00.004354,0:00:00.004428,0:00:00.004381,0:00:00.004253,0:00:00.004439,0:00:00.004245,0:00:00.004236,0:00:00.004236,0:00:00.004242,0:00:00.004210,0:00:00.004323,,0:00:00.195799
graph_name , nodes_count , edges_count, degree, degree cent., max neighbor degree, min neighbor degree, avg neighbor degree, std neighbor degree, eigenvector cent., closeness cent., harmonic cent., betweenness cent., coloring largest first, coloring smallest last, coloring independent set, coloring random sequential,coloring connected sequential dfs, coloring connected sequential bfs, edges within egonet, node clique number, number of cliques, clustering coef., square clustering coef., page rank, hubs value, triangles, core number, random,0,1,2,3,4,5,6,7,8,9,10,11,12,13,14,15,16,17,18,19,20,21,22,23,24,25,26,27,28,29,30, Total Time 
351,41,42,0:00:00.000002,0:00:00.000032,0:00:00.000095,0:00:00.000095,0:00:00.000095,0:00:00.000095,0:00:00.000672,0:00:00.000538,0:00:00.000782,0:00:00.001955,0:00:00.000091,0:00:00.000079,0:00:00.005338,0:00:00.000088,0:00:00.000376,0:00:00.000352,0:00:00.002537,0:00:00.000175,0:00:00.004808,0:00:00.000296,0:00:00.001025,0:00:00.004853,0:00:00.001510,0:00:00.000029,0:00:00.000101,0:00:00.000161,0:00:00.004237,0:00:00.004391,0:00:00.004306,0:00:00.004436,0:00:00.005993,0:00:00.004370,0:00:00.004250,0:00:00.004278,0:00:00.004129,0:00:00.004969,0:00:00.005001,0:00:00.024924,0:00:00.004405,0:00:00.004422,0:00:00.004392,0:00:00.004225,0:00:00.004549,0:00:00.004229,0:00:00.004357,0:00:00.004172,0:00:00.004333,0:00:00.004222,0:00:00.004331,0:00:00.004084,0:00:00.004254,0:00:00.004222,0:00:00.004221,0:00:00.004090,0:00:00.004194,0:00:00.004100,0:00:00.004214,,0:00:00.211834
graph_name , nodes_count , edges_count, degree, degree cent., max neighbor degree, min neighbor degree, avg neighbor degree, std neighbor degree, eigenvector cent., closeness cent., harmonic cent., betweenness cent., coloring largest first, coloring smallest last, coloring independent set, coloring random sequential,coloring connected sequential dfs, coloring connected sequential bfs, edges within egonet, node clique number, number of cliques, clustering coef., square clustering coef., page rank, hubs value, triangles, core number, random,0,1,2,3,4,5,6,7,8,9,10,11,12,13,14,15,16,17,18,19,20,21,22,23,24,25,26,27,28,29,30, Total Time 
352,37,34,0:00:00.000001,0:00:00.000036,0:00:00.000068,0:00:00.000068,0:00:00.000068,0:00:00.000068,0:00:00.000389,0:00:00.000354,0:00:00.000508,0:00:00.001221,0:00:00.000068,0:00:00.000056,0:00:00.003243,0:00:00.000065,0:00:00.000293,0:00:00.000397,0:00:00.001587,0:00:00.000132,0:00:00.003195,0:00:00.000203,0:00:00.000446,0:00:00.003793,0:00:00.001219,0:00:00.000019,0:00:00.000072,0:00:00.000104,0:00:00.004298,0:00:00.004750,0:00:00.004328,0:00:00.004518,0:00:00.004970,0:00:00.004376,0:00:00.004178,0:00:00.004432,0:00:00.004223,0:00:00.004452,0:00:00.004454,0:00:00.008877,0:00:00.004279,0:00:00.004400,0:00:00.004314,0:00:00.004396,0:00:00.004215,0:00:00.004279,0:00:00.004164,0:00:00.004156,0:00:00.004090,0:00:00.004200,0:00:00.004304,0:00:00.004287,0:00:00.004197,0:00:00.004223,0:00:00.004291,0:00:00.004190,0:00:00.004131,0:00:00.004163,0:00:00.004153,,0:00:00.178883
graph_name , nodes_count , edges_count, degree, degree cent., max neighbor degree, min neighbor degree, avg neighbor degree, std neighbor degree, eigenvector cent., closeness cent., harmonic cent., betweenness cent., coloring largest first, coloring smallest last, coloring independent set, coloring random sequential,coloring connected sequential dfs, coloring connected sequential bfs, edges within egonet, node clique number, number of cliques, clustering coef., square clustering coef., page rank, hubs value, triangles, core number, random,0,1,2,3,4,5,6,7,8,9,10,11,12,13,14,15,16,17,18,19,20,21,22,23,24,25,26,27,28,29,30, Total Time 
353,40,37,0:00:00.000002,0:00:00.000028,0:00:00.000090,0:00:00.000090,0:00:00.000090,0:00:00.000090,0:00:00.000564,0:00:00.000466,0:00:00.000665,0:00:00.001589,0:00:00.000085,0:00:00.000085,0:00:00.004750,0:00:00.000083,0:00:00.000380,0:00:00.000366,0:00:00.002127,0:00:00.000163,0:00:00.004385,0:00:00.000269,0:00:00.000716,0:00:00.004661,0:00:00.001429,0:00:00.000026,0:00:00.000087,0:00:00.000134,0:00:00.004129,0:00:00.004454,0:00:00.004189,0:00:00.004424,0:00:00.005286,0:00:00.004365,0:00:00.004229,0:00:00.004317,0:00:00.004358,0:00:00.004443,0:00:00.004672,0:00:00.014646,0:00:00.004268,0:00:00.004281,0:00:00.004209,0:00:00.004359,0:00:00.004151,0:00:00.004145,0:00:00.004182,0:00:00.004325,0:00:00.004289,0:00:00.004410,0:00:00.004349,0:00:00.004423,0:00:00.004213,0:00:00.004455,0:00:00.004142,0:00:00.004345,0:00:00.004363,0:00:00.004270,0:00:00.004170,,0:00:00.217088
graph_name , nodes_count , edges_count, degree, degree cent., max neighbor degree, min neighbor degree, avg neighbor degree, std neighbor degree, eigenvector cent., closeness cent., harmonic cent., betweenness cent., coloring largest first, coloring smallest last, coloring independent set, coloring random sequential,coloring connected sequential dfs, coloring connected sequential bfs, edges within egonet, node clique number, number of cliques, clustering coef., square clustering coef., page rank, hubs value, triangles, core number, random,0,1,2,3,4,5,6,7,8,9,10,11,12,13,14,15,16,17,18,19,20,21,22,23,24,25,26,27,28,29,30, Total Time 
354,40,38,0:00:00.000002,0:00:00.000028,0:00:00.000090,0:00:00.000090,0:00:00.000090,0:00:00.000090,0:00:00.000566,0:00:00.000479,0:00:00.000685,0:00:00.001655,0:00:00.000086,0:00:00.000075,0:00:00.004812,0:00:00.000083,0:00:00.000393,0:00:00.000380,0:00:00.002154,0:00:00.000165,0:00:00.004521,0:00:00.000269,0:00:00.000747,0:00:00.004870,0:00:00.001432,0:00:00.000023,0:00:00.000092,0:00:00.000134,0:00:00.004482,0:00:00.004396,0:00:00.004382,0:00:00.004428,0:00:00.005444,0:00:00.004375,0:00:00.004574,0:00:00.004306,0:00:00.004359,0:00:00.004641,0:00:00.004676,0:00:00.015338,0:00:00.004390,0:00:00.004286,0:00:00.004388,0:00:00.004134,0:00:00.004322,0:00:00.004179,0:00:00.004350,0:00:00.004198,0:00:00.004290,0:00:00.004510,0:00:00.004284,0:00:00.004329,0:00:00.004356,0:00:00.004429,0:00:00.004256,0:00:00.004247,0:00:00.004182,0:00:00.004216,0:00:00.004259,,0:00:00.198511
graph_name , nodes_count , edges_count, degree, degree cent., max neighbor degree, min neighbor degree, avg neighbor degree, std neighbor degree, eigenvector cent., closeness cent., harmonic cent., betweenness cent., coloring largest first, coloring smallest last, coloring independent set, coloring random sequential,coloring connected sequential dfs, coloring connected sequential bfs, edges within egonet, node clique number, number of cliques, clustering coef., square clustering coef., page rank, hubs value, triangles, core number, random,0,1,2,3,4,5,6,7,8,9,10,11,12,13,14,15,16,17,18,19,20,21,22,23,24,25,26,27,28,29,30, Total Time 
355,35,35,0:00:00.000002,0:00:00.000022,0:00:00.000063,0:00:00.000063,0:00:00.000063,0:00:00.000063,0:00:00.000397,0:00:00.000325,0:00:00.000448,0:00:00.001055,0:00:00.000061,0:00:00.000053,0:00:00.002861,0:00:00.000060,0:00:00.000275,0:00:00.000249,0:00:00.001505,0:00:00.000128,0:00:00.002930,0:00:00.000195,0:00:00.000461,0:00:00.003847,0:00:00.001253,0:00:00.000014,0:00:00.000068,0:00:00.000102,0:00:00.004447,0:00:00.004597,0:00:00.004433,0:00:00.004409,0:00:00.004974,0:00:00.004271,0:00:00.004326,0:00:00.004232,0:00:00.004252,0:00:00.004622,0:00:00.004807,0:00:00.008824,0:00:00.004271,0:00:00.004485,0:00:00.004301,0:00:00.004413,0:00:00.004361,0:00:00.004264,0:00:00.004290,0:00:00.004271,0:00:00.004172,0:00:00.004207,0:00:00.004125,0:00:00.004231,0:00:00.004231,0:00:00.004201,0:00:00.004275,0:00:00.004218,0:00:00.004167,0:00:00.004154,0:00:00.004321,,0:00:00.178370
graph_name , nodes_count , edges_count, degree, degree cent., max neighbor degree, min neighbor degree, avg neighbor degree, std neighbor degree, eigenvector cent., closeness cent., harmonic cent., betweenness cent., coloring largest first, coloring smallest last, coloring independent set, coloring random sequential,coloring connected sequential dfs, coloring connected sequential bfs, edges within egonet, node clique number, number of cliques, clustering coef., square clustering coef., page rank, hubs value, triangles, core number, random,0,1,2,3,4,5,6,7,8,9,10,11,12,13,14,15,16,17,18,19,20,21,22,23,24,25,26,27,28,29,30, Total Time 
356,35,35,0:00:00.000003,0:00:00.000040,0:00:00.000082,0:00:00.000082,0:00:00.000082,0:00:00.000082,0:00:00.000521,0:00:00.000416,0:00:00.000560,0:00:00.001359,0:00:00.000082,0:00:00.000070,0:00:00.003763,0:00:00.000081,0:00:00.000360,0:00:00.000327,0:00:00.002014,0:00:00.000164,0:00:00.003701,0:00:00.000255,0:00:00.000617,0:00:00.004841,0:00:00.001583,0:00:00.000023,0:00:00.000096,0:00:00.000128,0:00:00.004260,0:00:00.004317,0:00:00.004227,0:00:00.004269,0:00:00.004751,0:00:00.004203,0:00:00.004213,0:00:00.004178,0:00:00.004079,0:00:00.004446,0:00:00.004605,0:00:00.008618,0:00:00.004258,0:00:00.004173,0:00:00.004305,0:00:00.004244,0:00:00.004193,0:00:00.004176,0:00:00.004199,0:00:00.004156,0:00:00.004264,0:00:00.004128,0:00:00.004272,0:00:00.004104,0:00:00.004189,0:00:00.004170,0:00:00.004289,0:00:00.004137,0:00:00.004249,0:00:00.004162,0:00:00.004251,,0:00:00.185640
graph_name , nodes_count , edges_count, degree, degree cent., max neighbor degree, min neighbor degree, avg neighbor degree, std neighbor degree, eigenvector cent., closeness cent., harmonic cent., betweenness cent., coloring largest first, coloring smallest last, coloring independent set, coloring random sequential,coloring connected sequential dfs, coloring connected sequential bfs, edges within egonet, node clique number, number of cliques, clustering coef., square clustering coef., page rank, hubs value, triangles, core number, random,0,1,2,3,4,5,6,7,8,9,10,11,12,13,14,15,16,17,18,19,20,21,22,23,24,25,26,27,28,29,30, Total Time 
357,41,41,0:00:00.000001,0:00:00.000036,0:00:00.000074,0:00:00.000074,0:00:00.000074,0:00:00.000074,0:00:00.000490,0:00:00.000425,0:00:00.000618,0:00:00.001553,0:00:00.000072,0:00:00.000061,0:00:00.004049,0:00:00.000072,0:00:00.000308,0:00:00.000400,0:00:00.001890,0:00:00.000149,0:00:00.003785,0:00:00.000238,0:00:00.000709,0:00:00.003785,0:00:00.001224,0:00:00.000022,0:00:00.000080,0:00:00.000123,0:00:00.004367,0:00:00.004446,0:00:00.004228,0:00:00.004372,0:00:00.005605,0:00:00.004320,0:00:00.004335,0:00:00.004272,0:00:00.004196,0:00:00.004624,0:00:00.004777,0:00:00.019508,0:00:00.004356,0:00:00.004401,0:00:00.004191,0:00:00.004313,0:00:00.004350,0:00:00.004157,0:00:00.004090,0:00:00.004128,0:00:00.004193,0:00:00.004228,0:00:00.004124,0:00:00.004113,0:00:00.004148,0:00:00.004031,0:00:00.004144,0:00:00.004279,0:00:00.004159,0:00:00.004295,0:00:00.004259,,0:00:00.192460
graph_name , nodes_count , edges_count, degree, degree cent., max neighbor degree, min neighbor degree, avg neighbor degree, std neighbor degree, eigenvector cent., closeness cent., harmonic cent., betweenness cent., coloring largest first, coloring smallest last, coloring independent set, coloring random sequential,coloring connected sequential dfs, coloring connected sequential bfs, edges within egonet, node clique number, number of cliques, clustering coef., square clustering coef., page rank, hubs value, triangles, core number, random,0,1,2,3,4,5,6,7,8,9,10,11,12,13,14,15,16,17,18,19,20,21,22,23,24,25,26,27,28,29,30, Total Time 
358,34,33,0:00:00.000002,0:00:00.000036,0:00:00.000080,0:00:00.000080,0:00:00.000080,0:00:00.000080,0:00:00.000511,0:00:00.000380,0:00:00.000527,0:00:00.001257,0:00:00.000080,0:00:00.000065,0:00:00.003585,0:00:00.000076,0:00:00.000341,0:00:00.000305,0:00:00.002307,0:00:00.000152,0:00:00.003270,0:00:00.000245,0:00:00.000516,0:00:00.004969,0:00:00.001564,0:00:00.000021,0:00:00.000086,0:00:00.000126,0:00:00.004390,0:00:00.004333,0:00:00.004527,0:00:00.004304,0:00:00.004827,0:00:00.004223,0:00:00.004604,0:00:00.004159,0:00:00.004716,0:00:00.004417,0:00:00.004527,0:00:00.007218,0:00:00.004244,0:00:00.004149,0:00:00.004378,0:00:00.004305,0:00:00.004398,0:00:00.004238,0:00:00.004247,0:00:00.004217,0:00:00.004259,0:00:00.004205,0:00:00.004258,0:00:00.004137,0:00:00.004171,0:00:00.004261,0:00:00.004125,0:00:00.004014,0:00:00.004095,0:00:00.004103,0:00:00.004258,,0:00:00.185429
graph_name , nodes_count , edges_count, degree, degree cent., max neighbor degree, min neighbor degree, avg neighbor degree, std neighbor degree, eigenvector cent., closeness cent., harmonic cent., betweenness cent., coloring largest first, coloring smallest last, coloring independent set, coloring random sequential,coloring connected sequential dfs, coloring connected sequential bfs, edges within egonet, node clique number, number of cliques, clustering coef., square clustering coef., page rank, hubs value, triangles, core number, random,0,1,2,3,4,5,6,7,8,9,10,11,12,13,14,15,16,17,18,19,20,21,22,23,24,25,26,27,28,29,30, Total Time 
359,34,31,0:00:00.000002,0:00:00.000032,0:00:00.000064,0:00:00.000064,0:00:00.000064,0:00:00.000064,0:00:00.000521,0:00:00.000313,0:00:00.000433,0:00:00.000976,0:00:00.000064,0:00:00.000052,0:00:00.002918,0:00:00.000062,0:00:00.000280,0:00:00.000260,0:00:00.001474,0:00:00.000121,0:00:00.002651,0:00:00.000193,0:00:00.000341,0:00:00.003914,0:00:00.001203,0:00:00.000018,0:00:00.000065,0:00:00.000096,0:00:00.004383,0:00:00.003712,0:00:00.004223,0:00:00.004301,0:00:00.004615,0:00:00.004164,0:00:00.004279,0:00:00.004108,0:00:00.004049,0:00:00.003539,0:00:00.004286,0:00:00.006679,0:00:00.004181,0:00:00.004235,0:00:00.004150,0:00:00.004202,0:00:00.004111,0:00:00.004119,0:00:00.004062,0:00:00.004058,0:00:00.004089,0:00:00.004129,0:00:00.004053,0:00:00.004021,0:00:00.004031,0:00:00.004021,0:00:00.003996,0:00:00.004042,0:00:00.004148,0:00:00.004037,0:00:00.004150,,0:00:00.168775
graph_name , nodes_count , edges_count, degree, degree cent., max neighbor degree, min neighbor degree, avg neighbor degree, std neighbor degree, eigenvector cent., closeness cent., harmonic cent., betweenness cent., coloring largest first, coloring smallest last, coloring independent set, coloring random sequential,coloring connected sequential dfs, coloring connected sequential bfs, edges within egonet, node clique number, number of cliques, clustering coef., square clustering coef., page rank, hubs value, triangles, core number, random,0,1,2,3,4,5,6,7,8,9,10,11,12,13,14,15,16,17,18,19,20,21,22,23,24,25,26,27,28,29,30, Total Time 
360,37,34,0:00:00.000002,0:00:00.000038,0:00:00.000086,0:00:00.000086,0:00:00.000086,0:00:00.000086,0:00:00.000475,0:00:00.000443,0:00:00.000626,0:00:00.001477,0:00:00.000082,0:00:00.000070,0:00:00.004189,0:00:00.000078,0:00:00.000354,0:00:00.000325,0:00:00.002026,0:00:00.000164,0:00:00.003926,0:00:00.000253,0:00:00.000559,0:00:00.004744,0:00:00.001491,0:00:00.000025,0:00:00.000087,0:00:00.000132,0:00:00.004243,0:00:00.004386,0:00:00.004427,0:00:00.004188,0:00:00.004819,0:00:00.004206,0:00:00.004246,0:00:00.004102,0:00:00.004125,0:00:00.004394,0:00:00.004413,0:00:00.008796,0:00:00.004212,0:00:00.004161,0:00:00.004221,0:00:00.004021,0:00:00.004201,0:00:00.004137,0:00:00.004034,0:00:00.004073,0:00:00.004017,0:00:00.004075,0:00:00.004053,0:00:00.004011,0:00:00.004119,0:00:00.004023,0:00:00.004123,0:00:00.003970,0:00:00.003515,0:00:00.004021,0:00:00.004234,,0:00:00.182721
graph_name , nodes_count , edges_count, degree, degree cent., max neighbor degree, min neighbor degree, avg neighbor degree, std neighbor degree, eigenvector cent., closeness cent., harmonic cent., betweenness cent., coloring largest first, coloring smallest last, coloring independent set, coloring random sequential,coloring connected sequential dfs, coloring connected sequential bfs, edges within egonet, node clique number, number of cliques, clustering coef., square clustering coef., page rank, hubs value, triangles, core number, random,0,1,2,3,4,5,6,7,8,9,10,11,12,13,14,15,16,17,18,19,20,21,22,23,24,25,26,27,28,29,30, Total Time 
361,38,34,0:00:00.000002,0:00:00.000038,0:00:00.000088,0:00:00.000088,0:00:00.000088,0:00:00.000088,0:00:00.000488,0:00:00.000452,0:00:00.000678,0:00:00.001542,0:00:00.000092,0:00:00.000072,0:00:00.004233,0:00:00.000080,0:00:00.000505,0:00:00.000342,0:00:00.001978,0:00:00.000163,0:00:00.004134,0:00:00.000252,0:00:00.000583,0:00:00.004682,0:00:00.001505,0:00:00.000026,0:00:00.000091,0:00:00.000143,0:00:00.004256,0:00:00.004375,0:00:00.004162,0:00:00.004639,0:00:00.004839,0:00:00.004204,0:00:00.004463,0:00:00.003576,0:00:00.004083,0:00:00.004382,0:00:00.004557,0:00:00.007406,0:00:00.004243,0:00:00.004242,0:00:00.004346,0:00:00.004067,0:00:00.004338,0:00:00.003901,0:00:00.004232,0:00:00.004166,0:00:00.004172,0:00:00.004146,0:00:00.004097,0:00:00.003999,0:00:00.004215,0:00:00.004178,0:00:00.004025,0:00:00.004037,0:00:00.004096,0:00:00.004298,0:00:00.004146,,0:00:00.183876
graph_name , nodes_count , edges_count, degree, degree cent., max neighbor degree, min neighbor degree, avg neighbor degree, std neighbor degree, eigenvector cent., closeness cent., harmonic cent., betweenness cent., coloring largest first, coloring smallest last, coloring independent set, coloring random sequential,coloring connected sequential dfs, coloring connected sequential bfs, edges within egonet, node clique number, number of cliques, clustering coef., square clustering coef., page rank, hubs value, triangles, core number, random,0,1,2,3,4,5,6,7,8,9,10,11,12,13,14,15,16,17,18,19,20,21,22,23,24,25,26,27,28,29,30, Total Time 
362,40,40,0:00:00.000002,0:00:00.000040,0:00:00.000093,0:00:00.000093,0:00:00.000093,0:00:00.000093,0:00:00.000576,0:00:00.000530,0:00:00.000735,0:00:00.001842,0:00:00.000086,0:00:00.000075,0:00:00.004910,0:00:00.000086,0:00:00.000389,0:00:00.000358,0:00:00.002378,0:00:00.000170,0:00:00.004572,0:00:00.000285,0:00:00.000858,0:00:00.004773,0:00:00.001641,0:00:00.000026,0:00:00.000096,0:00:00.000147,0:00:00.004430,0:00:00.004377,0:00:00.004168,0:00:00.004335,0:00:00.005614,0:00:00.004237,0:00:00.004245,0:00:00.004169,0:00:00.003777,0:00:00.004705,0:00:00.005046,0:00:00.021500,0:00:00.004273,0:00:00.004221,0:00:00.004420,0:00:00.004281,0:00:00.003816,0:00:00.004258,0:00:00.004269,0:00:00.004230,0:00:00.004303,0:00:00.004210,0:00:00.004247,0:00:00.004197,0:00:00.004174,0:00:00.004171,0:00:00.004254,0:00:00.004195,0:00:00.004152,0:00:00.004105,0:00:00.003622,,0:00:00.203156
graph_name , nodes_count , edges_count, degree, degree cent., max neighbor degree, min neighbor degree, avg neighbor degree, std neighbor degree, eigenvector cent., closeness cent., harmonic cent., betweenness cent., coloring largest first, coloring smallest last, coloring independent set, coloring random sequential,coloring connected sequential dfs, coloring connected sequential bfs, edges within egonet, node clique number, number of cliques, clustering coef., square clustering coef., page rank, hubs value, triangles, core number, random,0,1,2,3,4,5,6,7,8,9,10,11,12,13,14,15,16,17,18,19,20,21,22,23,24,25,26,27,28,29,30, Total Time 
363,39,37,0:00:00.000003,0:00:00.000041,0:00:00.000089,0:00:00.000089,0:00:00.000089,0:00:00.000089,0:00:00.000564,0:00:00.000483,0:00:00.000691,0:00:00.001728,0:00:00.000088,0:00:00.000076,0:00:00.004609,0:00:00.000083,0:00:00.000365,0:00:00.000350,0:00:00.002245,0:00:00.000169,0:00:00.004298,0:00:00.000268,0:00:00.000701,0:00:00.004824,0:00:00.001506,0:00:00.000024,0:00:00.000096,0:00:00.000142,0:00:00.004461,0:00:00.004337,0:00:00.004172,0:00:00.003849,0:00:00.005235,0:00:00.004316,0:00:00.004193,0:00:00.004186,0:00:00.004201,0:00:00.004587,0:00:00.004620,0:00:00.014091,0:00:00.004243,0:00:00.004981,0:00:00.004198,0:00:00.004329,0:00:00.004242,0:00:00.004313,0:00:00.004229,0:00:00.004311,0:00:00.004190,0:00:00.004158,0:00:00.004198,0:00:00.004279,0:00:00.004151,0:00:00.004173,0:00:00.004186,0:00:00.004356,0:00:00.004198,0:00:00.004286,0:00:00.004273,,0:00:00.195085
graph_name , nodes_count , edges_count, degree, degree cent., max neighbor degree, min neighbor degree, avg neighbor degree, std neighbor degree, eigenvector cent., closeness cent., harmonic cent., betweenness cent., coloring largest first, coloring smallest last, coloring independent set, coloring random sequential,coloring connected sequential dfs, coloring connected sequential bfs, edges within egonet, node clique number, number of cliques, clustering coef., square clustering coef., page rank, hubs value, triangles, core number, random,0,1,2,3,4,5,6,7,8,9,10,11,12,13,14,15,16,17,18,19,20,21,22,23,24,25,26,27,28,29,30, Total Time 
364,35,33,0:00:00.000003,0:00:00.000039,0:00:00.000090,0:00:00.000090,0:00:00.000090,0:00:00.000090,0:00:00.000531,0:00:00.000399,0:00:00.000565,0:00:00.001342,0:00:00.000081,0:00:00.000068,0:00:00.003565,0:00:00.000079,0:00:00.000342,0:00:00.000470,0:00:00.001857,0:00:00.000162,0:00:00.003651,0:00:00.000250,0:00:00.000499,0:00:00.004844,0:00:00.001543,0:00:00.000030,0:00:00.000087,0:00:00.000127,0:00:00.004493,0:00:00.004506,0:00:00.004273,0:00:00.004346,0:00:00.004904,0:00:00.004302,0:00:00.004328,0:00:00.004232,0:00:00.004320,0:00:00.004288,0:00:00.004474,0:00:00.007196,0:00:00.004336,0:00:00.004204,0:00:00.004327,0:00:00.004278,0:00:00.004353,0:00:00.004176,0:00:00.004250,0:00:00.004231,0:00:00.004256,0:00:00.004148,0:00:00.004226,0:00:00.004333,0:00:00.004274,0:00:00.004173,0:00:00.004334,0:00:00.004217,0:00:00.004238,0:00:00.004148,0:00:00.004287,,0:00:00.185928
graph_name , nodes_count , edges_count, degree, degree cent., max neighbor degree, min neighbor degree, avg neighbor degree, std neighbor degree, eigenvector cent., closeness cent., harmonic cent., betweenness cent., coloring largest first, coloring smallest last, coloring independent set, coloring random sequential,coloring connected sequential dfs, coloring connected sequential bfs, edges within egonet, node clique number, number of cliques, clustering coef., square clustering coef., page rank, hubs value, triangles, core number, random,0,1,2,3,4,5,6,7,8,9,10,11,12,13,14,15,16,17,18,19,20,21,22,23,24,25,26,27,28,29,30, Total Time 
365,35,33,0:00:00.000002,0:00:00.000035,0:00:00.000065,0:00:00.000065,0:00:00.000065,0:00:00.000065,0:00:00.000404,0:00:00.000320,0:00:00.000440,0:00:00.001041,0:00:00.000064,0:00:00.000054,0:00:00.003004,0:00:00.000063,0:00:00.000270,0:00:00.000249,0:00:00.001549,0:00:00.000121,0:00:00.002679,0:00:00.000192,0:00:00.000420,0:00:00.003787,0:00:00.001206,0:00:00.000017,0:00:00.000069,0:00:00.000103,0:00:00.004369,0:00:00.004441,0:00:00.004376,0:00:00.004481,0:00:00.004757,0:00:00.004489,0:00:00.004263,0:00:00.004463,0:00:00.004315,0:00:00.004502,0:00:00.004533,0:00:00.008513,0:00:00.004335,0:00:00.004378,0:00:00.004293,0:00:00.004370,0:00:00.004267,0:00:00.004357,0:00:00.004292,0:00:00.004250,0:00:00.004212,0:00:00.004317,0:00:00.004215,0:00:00.004306,0:00:00.004158,0:00:00.004309,0:00:00.004219,0:00:00.004174,0:00:00.004150,0:00:00.004391,0:00:00.004369,,0:00:00.177849
graph_name , nodes_count , edges_count, degree, degree cent., max neighbor degree, min neighbor degree, avg neighbor degree, std neighbor degree, eigenvector cent., closeness cent., harmonic cent., betweenness cent., coloring largest first, coloring smallest last, coloring independent set, coloring random sequential,coloring connected sequential dfs, coloring connected sequential bfs, edges within egonet, node clique number, number of cliques, clustering coef., square clustering coef., page rank, hubs value, triangles, core number, random,0,1,2,3,4,5,6,7,8,9,10,11,12,13,14,15,16,17,18,19,20,21,22,23,24,25,26,27,28,29,30, Total Time 
366,34,31,0:00:00.000002,0:00:00.000039,0:00:00.000081,0:00:00.000081,0:00:00.000081,0:00:00.000081,0:00:00.000506,0:00:00.000398,0:00:00.000558,0:00:00.001299,0:00:00.000080,0:00:00.000065,0:00:00.003492,0:00:00.000075,0:00:00.000341,0:00:00.000318,0:00:00.001817,0:00:00.000161,0:00:00.003483,0:00:00.000235,0:00:00.000474,0:00:00.004829,0:00:00.001533,0:00:00.000021,0:00:00.000085,0:00:00.000124,0:00:00.004391,0:00:00.004612,0:00:00.004361,0:00:00.004429,0:00:00.004683,0:00:00.004323,0:00:00.004210,0:00:00.004438,0:00:00.004258,0:00:00.004383,0:00:00.004520,0:00:00.007108,0:00:00.004371,0:00:00.004216,0:00:00.004270,0:00:00.004289,0:00:00.004327,0:00:00.004175,0:00:00.004299,0:00:00.004252,0:00:00.004194,0:00:00.004161,0:00:00.004280,0:00:00.004225,0:00:00.004216,0:00:00.004462,0:00:00.004287,0:00:00.004090,0:00:00.004181,0:00:00.004219,0:00:00.004214,,0:00:00.185371
graph_name , nodes_count , edges_count, degree, degree cent., max neighbor degree, min neighbor degree, avg neighbor degree, std neighbor degree, eigenvector cent., closeness cent., harmonic cent., betweenness cent., coloring largest first, coloring smallest last, coloring independent set, coloring random sequential,coloring connected sequential dfs, coloring connected sequential bfs, edges within egonet, node clique number, number of cliques, clustering coef., square clustering coef., page rank, hubs value, triangles, core number, random,0,1,2,3,4,5,6,7,8,9,10,11,12,13,14,15,16,17,18,19,20,21,22,23,24,25,26,27,28,29,30, Total Time 
367,39,37,0:00:00.000002,0:00:00.000040,0:00:00.000090,0:00:00.000090,0:00:00.000090,0:00:00.000090,0:00:00.000568,0:00:00.000444,0:00:00.000639,0:00:00.001559,0:00:00.000087,0:00:00.000073,0:00:00.004599,0:00:00.000084,0:00:00.000379,0:00:00.000360,0:00:00.002099,0:00:00.000168,0:00:00.004317,0:00:00.000339,0:00:00.000717,0:00:00.004672,0:00:00.001484,0:00:00.000022,0:00:00.000090,0:00:00.000134,0:00:00.004494,0:00:00.004380,0:00:00.004346,0:00:00.004426,0:00:00.005375,0:00:00.004336,0:00:00.004300,0:00:00.004314,0:00:00.004196,0:00:00.004769,0:00:00.004636,0:00:00.014693,0:00:00.004300,0:00:00.004379,0:00:00.004356,0:00:00.004192,0:00:00.003692,0:00:00.004330,0:00:00.004355,0:00:00.004342,0:00:00.004393,0:00:00.004392,0:00:00.004269,0:00:00.004343,0:00:00.004281,0:00:00.004249,0:00:00.004297,0:00:00.004248,0:00:00.004239,0:00:00.004217,0:00:00.004200,,0:00:00.196082
graph_name , nodes_count , edges_count, degree, degree cent., max neighbor degree, min neighbor degree, avg neighbor degree, std neighbor degree, eigenvector cent., closeness cent., harmonic cent., betweenness cent., coloring largest first, coloring smallest last, coloring independent set, coloring random sequential,coloring connected sequential dfs, coloring connected sequential bfs, edges within egonet, node clique number, number of cliques, clustering coef., square clustering coef., page rank, hubs value, triangles, core number, random,0,1,2,3,4,5,6,7,8,9,10,11,12,13,14,15,16,17,18,19,20,21,22,23,24,25,26,27,28,29,30, Total Time 
368,36,33,0:00:00.000002,0:00:00.000040,0:00:00.000085,0:00:00.000085,0:00:00.000085,0:00:00.000085,0:00:00.000475,0:00:00.000372,0:00:00.000532,0:00:00.001252,0:00:00.000081,0:00:00.000068,0:00:00.003854,0:00:00.000079,0:00:00.000371,0:00:00.000498,0:00:00.001784,0:00:00.000155,0:00:00.003607,0:00:00.000251,0:00:00.000532,0:00:00.004957,0:00:00.001543,0:00:00.000021,0:00:00.000084,0:00:00.000115,0:00:00.004511,0:00:00.004552,0:00:00.004411,0:00:00.004467,0:00:00.005089,0:00:00.004330,0:00:00.004353,0:00:00.004167,0:00:00.004280,0:00:00.004399,0:00:00.004559,0:00:00.007908,0:00:00.004481,0:00:00.004312,0:00:00.004280,0:00:00.004197,0:00:00.004375,0:00:00.004165,0:00:00.004389,0:00:00.004228,0:00:00.004467,0:00:00.004264,0:00:00.004406,0:00:00.004232,0:00:00.004444,0:00:00.004158,0:00:00.004412,0:00:00.004112,0:00:00.004159,0:00:00.004176,0:00:00.004439,,0:00:00.187812
graph_name , nodes_count , edges_count, degree, degree cent., max neighbor degree, min neighbor degree, avg neighbor degree, std neighbor degree, eigenvector cent., closeness cent., harmonic cent., betweenness cent., coloring largest first, coloring smallest last, coloring independent set, coloring random sequential,coloring connected sequential dfs, coloring connected sequential bfs, edges within egonet, node clique number, number of cliques, clustering coef., square clustering coef., page rank, hubs value, triangles, core number, random,0,1,2,3,4,5,6,7,8,9,10,11,12,13,14,15,16,17,18,19,20,21,22,23,24,25,26,27,28,29,30, Total Time 
369,38,38,0:00:00.000002,0:00:00.000040,0:00:00.000087,0:00:00.000087,0:00:00.000087,0:00:00.000087,0:00:00.000557,0:00:00.000467,0:00:00.000685,0:00:00.001650,0:00:00.000085,0:00:00.000072,0:00:00.004361,0:00:00.000081,0:00:00.000359,0:00:00.000336,0:00:00.002211,0:00:00.000167,0:00:00.004232,0:00:00.000270,0:00:00.000735,0:00:00.004688,0:00:00.001487,0:00:00.000023,0:00:00.000095,0:00:00.000137,0:00:00.004390,0:00:00.004503,0:00:00.004261,0:00:00.004356,0:00:00.005241,0:00:00.004369,0:00:00.004304,0:00:00.004516,0:00:00.004255,0:00:00.004777,0:00:00.004804,0:00:00.013078,0:00:00.004228,0:00:00.004438,0:00:00.004311,0:00:00.004448,0:00:00.004381,0:00:00.004408,0:00:00.004220,0:00:00.004447,0:00:00.004343,0:00:00.004400,0:00:00.004256,0:00:00.004285,0:00:00.004187,0:00:00.004339,0:00:00.004229,0:00:00.004353,0:00:00.004194,0:00:00.004305,0:00:00.004253,,0:00:00.195915
graph_name , nodes_count , edges_count, degree, degree cent., max neighbor degree, min neighbor degree, avg neighbor degree, std neighbor degree, eigenvector cent., closeness cent., harmonic cent., betweenness cent., coloring largest first, coloring smallest last, coloring independent set, coloring random sequential,coloring connected sequential dfs, coloring connected sequential bfs, edges within egonet, node clique number, number of cliques, clustering coef., square clustering coef., page rank, hubs value, triangles, core number, random,0,1,2,3,4,5,6,7,8,9,10,11,12,13,14,15,16,17,18,19,20,21,22,23,24,25,26,27,28,29,30, Total Time 
370,36,35,0:00:00.000003,0:00:00.000040,0:00:00.000084,0:00:00.000084,0:00:00.000084,0:00:00.000084,0:00:00.000537,0:00:00.000443,0:00:00.000667,0:00:00.001525,0:00:00.000084,0:00:00.000070,0:00:00.004086,0:00:00.000082,0:00:00.000357,0:00:00.000332,0:00:00.002067,0:00:00.000160,0:00:00.003792,0:00:00.000254,0:00:00.000661,0:00:00.004919,0:00:00.001548,0:00:00.000025,0:00:00.000095,0:00:00.000136,0:00:00.004462,0:00:00.004439,0:00:00.004353,0:00:00.004247,0:00:00.005431,0:00:00.004167,0:00:00.004323,0:00:00.004303,0:00:00.004257,0:00:00.004475,0:00:00.004656,0:00:00.011084,0:00:00.004377,0:00:00.004321,0:00:00.004407,0:00:00.004240,0:00:00.004391,0:00:00.004211,0:00:00.004306,0:00:00.004305,0:00:00.004367,0:00:00.004119,0:00:00.004373,0:00:00.004177,0:00:00.004279,0:00:00.004169,0:00:00.004323,0:00:00.004115,0:00:00.004287,0:00:00.004137,0:00:00.004201,,0:00:00.192347
graph_name , nodes_count , edges_count, degree, degree cent., max neighbor degree, min neighbor degree, avg neighbor degree, std neighbor degree, eigenvector cent., closeness cent., harmonic cent., betweenness cent., coloring largest first, coloring smallest last, coloring independent set, coloring random sequential,coloring connected sequential dfs, coloring connected sequential bfs, edges within egonet, node clique number, number of cliques, clustering coef., square clustering coef., page rank, hubs value, triangles, core number, random,0,1,2,3,4,5,6,7,8,9,10,11,12,13,14,15,16,17,18,19,20,21,22,23,24,25,26,27,28,29,30, Total Time 
371,41,39,0:00:00.000002,0:00:00.000034,0:00:00.000093,0:00:00.000093,0:00:00.000093,0:00:00.000093,0:00:00.000613,0:00:00.000535,0:00:00.000769,0:00:00.001943,0:00:00.000089,0:00:00.000079,0:00:00.004957,0:00:00.000091,0:00:00.000377,0:00:00.000352,0:00:00.002471,0:00:00.000176,0:00:00.004768,0:00:00.000289,0:00:00.000831,0:00:00.004760,0:00:00.001496,0:00:00.000027,0:00:00.000099,0:00:00.000160,0:00:00.004361,0:00:00.004554,0:00:00.004347,0:00:00.004432,0:00:00.005555,0:00:00.007434,0:00:00.004352,0:00:00.004366,0:00:00.004432,0:00:00.004646,0:00:00.004739,0:00:00.018669,0:00:00.004447,0:00:00.004335,0:00:00.004088,0:00:00.004375,0:00:00.004360,0:00:00.004234,0:00:00.004233,0:00:00.004303,0:00:00.004332,0:00:00.004164,0:00:00.004342,0:00:00.004252,0:00:00.004264,0:00:00.004284,0:00:00.004398,0:00:00.004256,0:00:00.004282,0:00:00.004183,0:00:00.004355,,0:00:00.207780
graph_name , nodes_count , edges_count, degree, degree cent., max neighbor degree, min neighbor degree, avg neighbor degree, std neighbor degree, eigenvector cent., closeness cent., harmonic cent., betweenness cent., coloring largest first, coloring smallest last, coloring independent set, coloring random sequential,coloring connected sequential dfs, coloring connected sequential bfs, edges within egonet, node clique number, number of cliques, clustering coef., square clustering coef., page rank, hubs value, triangles, core number, random,0,1,2,3,4,5,6,7,8,9,10,11,12,13,14,15,16,17,18,19,20,21,22,23,24,25,26,27,28,29,30, Total Time 
372,40,36,0:00:00.000002,0:00:00.000043,0:00:00.000092,0:00:00.000092,0:00:00.000092,0:00:00.000092,0:00:00.000602,0:00:00.000455,0:00:00.000676,0:00:00.001611,0:00:00.000090,0:00:00.000077,0:00:00.004865,0:00:00.000088,0:00:00.000396,0:00:00.000371,0:00:00.002177,0:00:00.000166,0:00:00.004357,0:00:00.000350,0:00:00.000667,0:00:00.004867,0:00:00.001547,0:00:00.000024,0:00:00.000091,0:00:00.000143,0:00:00.004566,0:00:00.004482,0:00:00.004561,0:00:00.004472,0:00:00.005299,0:00:00.004424,0:00:00.004408,0:00:00.004368,0:00:00.004181,0:00:00.004477,0:00:00.004417,0:00:00.012327,0:00:00.004470,0:00:00.004347,0:00:00.004390,0:00:00.004235,0:00:00.004337,0:00:00.004283,0:00:00.004377,0:00:00.004235,0:00:00.004280,0:00:00.004332,0:00:00.004330,0:00:00.004351,0:00:00.004331,0:00:00.004352,0:00:00.004301,0:00:00.004224,0:00:00.004314,0:00:00.004228,0:00:00.004372,,0:00:00.196733
graph_name , nodes_count , edges_count, degree, degree cent., max neighbor degree, min neighbor degree, avg neighbor degree, std neighbor degree, eigenvector cent., closeness cent., harmonic cent., betweenness cent., coloring largest first, coloring smallest last, coloring independent set, coloring random sequential,coloring connected sequential dfs, coloring connected sequential bfs, edges within egonet, node clique number, number of cliques, clustering coef., square clustering coef., page rank, hubs value, triangles, core number, random,0,1,2,3,4,5,6,7,8,9,10,11,12,13,14,15,16,17,18,19,20,21,22,23,24,25,26,27,28,29,30, Total Time 
373,38,34,0:00:00.000003,0:00:00.000042,0:00:00.000089,0:00:00.000089,0:00:00.000089,0:00:00.000089,0:00:00.000778,0:00:00.000467,0:00:00.000675,0:00:00.001720,0:00:00.000086,0:00:00.000071,0:00:00.004342,0:00:00.000082,0:00:00.000366,0:00:00.000501,0:00:00.002066,0:00:00.000159,0:00:00.003998,0:00:00.000253,0:00:00.000563,0:00:00.004821,0:00:00.001549,0:00:00.000025,0:00:00.000094,0:00:00.000143,0:00:00.004553,0:00:00.004489,0:00:00.004763,0:00:00.004480,0:00:00.004812,0:00:00.004365,0:00:00.004206,0:00:00.004283,0:00:00.004251,0:00:00.004417,0:00:00.004511,0:00:00.009132,0:00:00.004406,0:00:00.004290,0:00:00.004298,0:00:00.004293,0:00:00.004150,0:00:00.004177,0:00:00.004325,0:00:00.004102,0:00:00.004179,0:00:00.004080,0:00:00.004166,0:00:00.004177,0:00:00.004381,0:00:00.004116,0:00:00.004286,0:00:00.004283,0:00:00.004228,0:00:00.004265,0:00:00.004299,,0:00:00.190688
graph_name , nodes_count , edges_count, degree, degree cent., max neighbor degree, min neighbor degree, avg neighbor degree, std neighbor degree, eigenvector cent., closeness cent., harmonic cent., betweenness cent., coloring largest first, coloring smallest last, coloring independent set, coloring random sequential,coloring connected sequential dfs, coloring connected sequential bfs, edges within egonet, node clique number, number of cliques, clustering coef., square clustering coef., page rank, hubs value, triangles, core number, random,0,1,2,3,4,5,6,7,8,9,10,11,12,13,14,15,16,17,18,19,20,21,22,23,24,25,26,27,28,29,30, Total Time 
374,39,39,0:00:00.000002,0:00:00.000041,0:00:00.000093,0:00:00.000093,0:00:00.000093,0:00:00.000093,0:00:00.000575,0:00:00.000477,0:00:00.000677,0:00:00.001644,0:00:00.000089,0:00:00.000077,0:00:00.005030,0:00:00.000106,0:00:00.000409,0:00:00.000386,0:00:00.002240,0:00:00.000178,0:00:00.004571,0:00:00.000286,0:00:00.000844,0:00:00.004986,0:00:00.001673,0:00:00.000025,0:00:00.000096,0:00:00.000140,0:00:00.006057,0:00:00.004823,0:00:00.004381,0:00:00.004576,0:00:00.005603,0:00:00.004416,0:00:00.004299,0:00:00.004407,0:00:00.004353,0:00:00.004809,0:00:00.005002,0:00:00.018580,0:00:00.004403,0:00:00.004311,0:00:00.004339,0:00:00.004301,0:00:00.004495,0:00:00.004419,0:00:00.004277,0:00:00.004363,0:00:00.004436,0:00:00.004340,0:00:00.004382,0:00:00.004300,0:00:00.004207,0:00:00.004279,0:00:00.004281,0:00:00.004273,0:00:00.004230,0:00:00.004224,0:00:00.004366,,0:00:00.207174
graph_name , nodes_count , edges_count, degree, degree cent., max neighbor degree, min neighbor degree, avg neighbor degree, std neighbor degree, eigenvector cent., closeness cent., harmonic cent., betweenness cent., coloring largest first, coloring smallest last, coloring independent set, coloring random sequential,coloring connected sequential dfs, coloring connected sequential bfs, edges within egonet, node clique number, number of cliques, clustering coef., square clustering coef., page rank, hubs value, triangles, core number, random,0,1,2,3,4,5,6,7,8,9,10,11,12,13,14,15,16,17,18,19,20,21,22,23,24,25,26,27,28,29,30, Total Time 
375,39,39,0:00:00.000002,0:00:00.000029,0:00:00.000091,0:00:00.000091,0:00:00.000091,0:00:00.000091,0:00:00.000565,0:00:00.000447,0:00:00.000628,0:00:00.001645,0:00:00.000085,0:00:00.000074,0:00:00.004579,0:00:00.000084,0:00:00.000390,0:00:00.000366,0:00:00.002142,0:00:00.000165,0:00:00.004316,0:00:00.000272,0:00:00.000824,0:00:00.004971,0:00:00.001512,0:00:00.000024,0:00:00.000092,0:00:00.000137,0:00:00.004538,0:00:00.004585,0:00:00.004587,0:00:00.004401,0:00:00.005476,0:00:00.004461,0:00:00.004391,0:00:00.004369,0:00:00.004322,0:00:00.004791,0:00:00.004844,0:00:00.016690,0:00:00.004394,0:00:00.004440,0:00:00.004360,0:00:00.004481,0:00:00.004614,0:00:00.004393,0:00:00.004381,0:00:00.004467,0:00:00.004438,0:00:00.004335,0:00:00.004370,0:00:00.004187,0:00:00.004387,0:00:00.004370,0:00:00.004395,0:00:00.004324,0:00:00.004360,0:00:00.004248,0:00:00.004402,,0:00:00.203445
graph_name , nodes_count , edges_count, degree, degree cent., max neighbor degree, min neighbor degree, avg neighbor degree, std neighbor degree, eigenvector cent., closeness cent., harmonic cent., betweenness cent., coloring largest first, coloring smallest last, coloring independent set, coloring random sequential,coloring connected sequential dfs, coloring connected sequential bfs, edges within egonet, node clique number, number of cliques, clustering coef., square clustering coef., page rank, hubs value, triangles, core number, random,0,1,2,3,4,5,6,7,8,9,10,11,12,13,14,15,16,17,18,19,20,21,22,23,24,25,26,27,28,29,30, Total Time 
376,39,35,0:00:00.000002,0:00:00.000046,0:00:00.000090,0:00:00.000090,0:00:00.000090,0:00:00.000090,0:00:00.000524,0:00:00.000441,0:00:00.000640,0:00:00.001552,0:00:00.000087,0:00:00.000075,0:00:00.004465,0:00:00.000086,0:00:00.000387,0:00:00.000361,0:00:00.002009,0:00:00.000174,0:00:00.004428,0:00:00.000271,0:00:00.000592,0:00:00.004827,0:00:00.001701,0:00:00.000024,0:00:00.000091,0:00:00.000134,0:00:00.004520,0:00:00.004587,0:00:00.004437,0:00:00.004450,0:00:00.005066,0:00:00.004434,0:00:00.004295,0:00:00.004496,0:00:00.004144,0:00:00.004501,0:00:00.004479,0:00:00.010005,0:00:00.004272,0:00:00.004290,0:00:00.004374,0:00:00.004368,0:00:00.004466,0:00:00.004417,0:00:00.004365,0:00:00.004311,0:00:00.004292,0:00:00.004291,0:00:00.004482,0:00:00.004260,0:00:00.004349,0:00:00.004341,0:00:00.004330,0:00:00.004264,0:00:00.004324,0:00:00.004185,0:00:00.004324,,0:00:00.193852
graph_name , nodes_count , edges_count, degree, degree cent., max neighbor degree, min neighbor degree, avg neighbor degree, std neighbor degree, eigenvector cent., closeness cent., harmonic cent., betweenness cent., coloring largest first, coloring smallest last, coloring independent set, coloring random sequential,coloring connected sequential dfs, coloring connected sequential bfs, edges within egonet, node clique number, number of cliques, clustering coef., square clustering coef., page rank, hubs value, triangles, core number, random,0,1,2,3,4,5,6,7,8,9,10,11,12,13,14,15,16,17,18,19,20,21,22,23,24,25,26,27,28,29,30, Total Time 
377,37,36,0:00:00.000002,0:00:00.000030,0:00:00.000085,0:00:00.000085,0:00:00.000085,0:00:00.000085,0:00:00.000529,0:00:00.000443,0:00:00.000644,0:00:00.001530,0:00:00.000081,0:00:00.000072,0:00:00.004194,0:00:00.000081,0:00:00.000349,0:00:00.000332,0:00:00.002184,0:00:00.000165,0:00:00.004052,0:00:00.000254,0:00:00.000671,0:00:00.004858,0:00:00.001477,0:00:00.000025,0:00:00.000091,0:00:00.000139,0:00:00.004713,0:00:00.004483,0:00:00.004350,0:00:00.004429,0:00:00.005002,0:00:00.004608,0:00:00.004426,0:00:00.004132,0:00:00.004317,0:00:00.004351,0:00:00.004789,0:00:00.010727,0:00:00.004407,0:00:00.004167,0:00:00.004398,0:00:00.004246,0:00:00.004412,0:00:00.004161,0:00:00.004204,0:00:00.004267,0:00:00.004251,0:00:00.004051,0:00:00.004174,0:00:00.004072,0:00:00.004216,0:00:00.004053,0:00:00.004192,0:00:00.004000,0:00:00.004110,0:00:00.003931,0:00:00.004303,,0:00:00.191325
graph_name , nodes_count , edges_count, degree, degree cent., max neighbor degree, min neighbor degree, avg neighbor degree, std neighbor degree, eigenvector cent., closeness cent., harmonic cent., betweenness cent., coloring largest first, coloring smallest last, coloring independent set, coloring random sequential,coloring connected sequential dfs, coloring connected sequential bfs, edges within egonet, node clique number, number of cliques, clustering coef., square clustering coef., page rank, hubs value, triangles, core number, random,0,1,2,3,4,5,6,7,8,9,10,11,12,13,14,15,16,17,18,19,20,21,22,23,24,25,26,27,28,29,30, Total Time 
378,37,35,0:00:00.000002,0:00:00.000035,0:00:00.000069,0:00:00.000069,0:00:00.000069,0:00:00.000069,0:00:00.000517,0:00:00.000351,0:00:00.000499,0:00:00.001234,0:00:00.000068,0:00:00.000057,0:00:00.003263,0:00:00.000065,0:00:00.000284,0:00:00.000394,0:00:00.001598,0:00:00.000130,0:00:00.003153,0:00:00.000203,0:00:00.000479,0:00:00.003834,0:00:00.001230,0:00:00.000019,0:00:00.000072,0:00:00.000106,0:00:00.004303,0:00:00.004509,0:00:00.004094,0:00:00.004321,0:00:00.004849,0:00:00.004397,0:00:00.004305,0:00:00.004233,0:00:00.004200,0:00:00.004354,0:00:00.004480,0:00:00.009889,0:00:00.004251,0:00:00.004355,0:00:00.004184,0:00:00.004251,0:00:00.004281,0:00:00.004274,0:00:00.004168,0:00:00.004307,0:00:00.004173,0:00:00.004191,0:00:00.004036,0:00:00.004198,0:00:00.004100,0:00:00.004109,0:00:00.004070,0:00:00.004112,0:00:00.004052,0:00:00.004213,0:00:00.004125,,0:00:00.178159
graph_name , nodes_count , edges_count, degree, degree cent., max neighbor degree, min neighbor degree, avg neighbor degree, std neighbor degree, eigenvector cent., closeness cent., harmonic cent., betweenness cent., coloring largest first, coloring smallest last, coloring independent set, coloring random sequential,coloring connected sequential dfs, coloring connected sequential bfs, edges within egonet, node clique number, number of cliques, clustering coef., square clustering coef., page rank, hubs value, triangles, core number, random,0,1,2,3,4,5,6,7,8,9,10,11,12,13,14,15,16,17,18,19,20,21,22,23,24,25,26,27,28,29,30, Total Time 
379,41,39,0:00:00.000002,0:00:00.000042,0:00:00.000095,0:00:00.000095,0:00:00.000095,0:00:00.000095,0:00:00.000598,0:00:00.000493,0:00:00.000705,0:00:00.001797,0:00:00.000093,0:00:00.000079,0:00:00.005081,0:00:00.000091,0:00:00.000395,0:00:00.000383,0:00:00.002362,0:00:00.000182,0:00:00.004798,0:00:00.000297,0:00:00.000839,0:00:00.004980,0:00:00.001540,0:00:00.000025,0:00:00.000097,0:00:00.000157,0:00:00.004366,0:00:00.004532,0:00:00.004316,0:00:00.004220,0:00:00.005648,0:00:00.004177,0:00:00.004271,0:00:00.004259,0:00:00.004376,0:00:00.004509,0:00:00.004678,0:00:00.018223,0:00:00.004466,0:00:00.004356,0:00:00.004716,0:00:00.004132,0:00:00.004631,0:00:00.004149,0:00:00.004267,0:00:00.004103,0:00:00.004466,0:00:00.004127,0:00:00.004267,0:00:00.004119,0:00:00.004761,0:00:00.004160,0:00:00.004359,0:00:00.004088,0:00:00.004241,0:00:00.004069,0:00:00.004450,,0:00:00.203783
graph_name , nodes_count , edges_count, degree, degree cent., max neighbor degree, min neighbor degree, avg neighbor degree, std neighbor degree, eigenvector cent., closeness cent., harmonic cent., betweenness cent., coloring largest first, coloring smallest last, coloring independent set, coloring random sequential,coloring connected sequential dfs, coloring connected sequential bfs, edges within egonet, node clique number, number of cliques, clustering coef., square clustering coef., page rank, hubs value, triangles, core number, random,0,1,2,3,4,5,6,7,8,9,10,11,12,13,14,15,16,17,18,19,20,21,22,23,24,25,26,27,28,29,30, Total Time 
380,38,35,0:00:00.000002,0:00:00.000029,0:00:00.000088,0:00:00.000088,0:00:00.000088,0:00:00.000088,0:00:00.000506,0:00:00.000471,0:00:00.000680,0:00:00.001657,0:00:00.000085,0:00:00.000073,0:00:00.004508,0:00:00.000085,0:00:00.000368,0:00:00.000350,0:00:00.002207,0:00:00.000170,0:00:00.004431,0:00:00.000269,0:00:00.000594,0:00:00.004962,0:00:00.001558,0:00:00.000025,0:00:00.000094,0:00:00.000142,0:00:00.004216,0:00:00.004491,0:00:00.004190,0:00:00.004449,0:00:00.004925,0:00:00.004535,0:00:00.004191,0:00:00.004757,0:00:00.004097,0:00:00.004505,0:00:00.004427,0:00:00.009581,0:00:00.004226,0:00:00.004353,0:00:00.004332,0:00:00.004412,0:00:00.004237,0:00:00.004269,0:00:00.004370,0:00:00.004262,0:00:00.004293,0:00:00.004453,0:00:00.004206,0:00:00.004328,0:00:00.003866,0:00:00.004413,0:00:00.004218,0:00:00.004209,0:00:00.004237,0:00:00.004243,0:00:00.004402,,0:00:00.192257
graph_name , nodes_count , edges_count, degree, degree cent., max neighbor degree, min neighbor degree, avg neighbor degree, std neighbor degree, eigenvector cent., closeness cent., harmonic cent., betweenness cent., coloring largest first, coloring smallest last, coloring independent set, coloring random sequential,coloring connected sequential dfs, coloring connected sequential bfs, edges within egonet, node clique number, number of cliques, clustering coef., square clustering coef., page rank, hubs value, triangles, core number, random,0,1,2,3,4,5,6,7,8,9,10,11,12,13,14,15,16,17,18,19,20,21,22,23,24,25,26,27,28,29,30, Total Time 
381,37,35,0:00:00.000003,0:00:00.000038,0:00:00.000085,0:00:00.000085,0:00:00.000085,0:00:00.000085,0:00:00.000526,0:00:00.000433,0:00:00.000618,0:00:00.001480,0:00:00.000081,0:00:00.000069,0:00:00.004018,0:00:00.000089,0:00:00.000361,0:00:00.000343,0:00:00.001949,0:00:00.000160,0:00:00.003872,0:00:00.000252,0:00:00.000606,0:00:00.004785,0:00:00.001489,0:00:00.000024,0:00:00.000087,0:00:00.000133,0:00:00.004522,0:00:00.004545,0:00:00.004351,0:00:00.004519,0:00:00.005011,0:00:00.004446,0:00:00.003684,0:00:00.004443,0:00:00.004195,0:00:00.004538,0:00:00.004518,0:00:00.010517,0:00:00.003761,0:00:00.004488,0:00:00.003763,0:00:00.004287,0:00:00.004334,0:00:00.004295,0:00:00.004263,0:00:00.004177,0:00:00.004451,0:00:00.004378,0:00:00.004198,0:00:00.004360,0:00:00.004158,0:00:00.004345,0:00:00.004161,0:00:00.004350,0:00:00.004166,0:00:00.004239,0:00:00.004216,,0:00:00.189644
graph_name , nodes_count , edges_count, degree, degree cent., max neighbor degree, min neighbor degree, avg neighbor degree, std neighbor degree, eigenvector cent., closeness cent., harmonic cent., betweenness cent., coloring largest first, coloring smallest last, coloring independent set, coloring random sequential,coloring connected sequential dfs, coloring connected sequential bfs, edges within egonet, node clique number, number of cliques, clustering coef., square clustering coef., page rank, hubs value, triangles, core number, random,0,1,2,3,4,5,6,7,8,9,10,11,12,13,14,15,16,17,18,19,20,21,22,23,24,25,26,27,28,29,30, Total Time 
382,36,31,0:00:00.000002,0:00:00.000040,0:00:00.000085,0:00:00.000085,0:00:00.000085,0:00:00.000085,0:00:00.000665,0:00:00.000387,0:00:00.000546,0:00:00.001218,0:00:00.000082,0:00:00.000069,0:00:00.003950,0:00:00.000082,0:00:00.000367,0:00:00.000341,0:00:00.001851,0:00:00.000158,0:00:00.003567,0:00:00.000243,0:00:00.000436,0:00:00.004959,0:00:00.001534,0:00:00.000021,0:00:00.000084,0:00:00.000134,0:00:00.004495,0:00:00.004343,0:00:00.004752,0:00:00.004284,0:00:00.004860,0:00:00.004244,0:00:00.004442,0:00:00.004321,0:00:00.004267,0:00:00.004449,0:00:00.004412,0:00:00.006611,0:00:00.004486,0:00:00.004299,0:00:00.004290,0:00:00.004204,0:00:00.004369,0:00:00.004259,0:00:00.004356,0:00:00.004231,0:00:00.004393,0:00:00.004203,0:00:00.004260,0:00:00.004134,0:00:00.004381,0:00:00.004090,0:00:00.004308,0:00:00.004118,0:00:00.004359,0:00:00.004129,0:00:00.004369,,0:00:00.185962
graph_name , nodes_count , edges_count, degree, degree cent., max neighbor degree, min neighbor degree, avg neighbor degree, std neighbor degree, eigenvector cent., closeness cent., harmonic cent., betweenness cent., coloring largest first, coloring smallest last, coloring independent set, coloring random sequential,coloring connected sequential dfs, coloring connected sequential bfs, edges within egonet, node clique number, number of cliques, clustering coef., square clustering coef., page rank, hubs value, triangles, core number, random,0,1,2,3,4,5,6,7,8,9,10,11,12,13,14,15,16,17,18,19,20,21,22,23,24,25,26,27,28,29,30, Total Time 
383,38,35,0:00:00.000001,0:00:00.000023,0:00:00.000066,0:00:00.000066,0:00:00.000066,0:00:00.000066,0:00:00.000445,0:00:00.000353,0:00:00.000509,0:00:00.001201,0:00:00.000063,0:00:00.000056,0:00:00.003245,0:00:00.000063,0:00:00.000271,0:00:00.000255,0:00:00.001566,0:00:00.000127,0:00:00.003225,0:00:00.000199,0:00:00.000463,0:00:00.003569,0:00:00.001135,0:00:00.000016,0:00:00.000069,0:00:00.000105,0:00:00.004329,0:00:00.002820,0:00:00.004151,0:00:00.003653,0:00:00.004058,0:00:00.004217,0:00:00.003540,0:00:00.004100,0:00:00.003531,0:00:00.004152,0:00:00.003698,0:00:00.010298,0:00:00.003525,0:00:00.004141,0:00:00.003550,0:00:00.004113,0:00:00.003591,0:00:00.004075,0:00:00.003437,0:00:00.004123,0:00:00.003612,0:00:00.004047,0:00:00.003599,0:00:00.003956,0:00:00.003475,0:00:00.004007,0:00:00.003522,0:00:00.004059,0:00:00.002735,0:00:00.003950,0:00:00.003600,,0:00:00.162837
graph_name , nodes_count , edges_count, degree, degree cent., max neighbor degree, min neighbor degree, avg neighbor degree, std neighbor degree, eigenvector cent., closeness cent., harmonic cent., betweenness cent., coloring largest first, coloring smallest last, coloring independent set, coloring random sequential,coloring connected sequential dfs, coloring connected sequential bfs, edges within egonet, node clique number, number of cliques, clustering coef., square clustering coef., page rank, hubs value, triangles, core number, random,0,1,2,3,4,5,6,7,8,9,10,11,12,13,14,15,16,17,18,19,20,21,22,23,24,25,26,27,28,29,30, Total Time 
384,39,38,0:00:00.000001,0:00:00.000035,0:00:00.000072,0:00:00.000072,0:00:00.000072,0:00:00.000072,0:00:00.000446,0:00:00.000445,0:00:00.000562,0:00:00.001355,0:00:00.000070,0:00:00.000059,0:00:00.003708,0:00:00.000067,0:00:00.000294,0:00:00.000289,0:00:00.001828,0:00:00.000136,0:00:00.003462,0:00:00.000217,0:00:00.000589,0:00:00.003810,0:00:00.001243,0:00:00.000023,0:00:00.000077,0:00:00.000119,0:00:00.004119,0:00:00.003677,0:00:00.004007,0:00:00.003636,0:00:00.005087,0:00:00.003611,0:00:00.004298,0:00:00.003607,0:00:00.004012,0:00:00.003846,0:00:00.004381,0:00:00.011565,0:00:00.004132,0:00:00.003532,0:00:00.004089,0:00:00.004294,0:00:00.004262,0:00:00.004398,0:00:00.004238,0:00:00.004301,0:00:00.004304,0:00:00.004175,0:00:00.004296,0:00:00.004129,0:00:00.004271,0:00:00.004191,0:00:00.004214,0:00:00.004179,0:00:00.004122,0:00:00.004261,0:00:00.004245,,0:00:00.177403
graph_name , nodes_count , edges_count, degree, degree cent., max neighbor degree, min neighbor degree, avg neighbor degree, std neighbor degree, eigenvector cent., closeness cent., harmonic cent., betweenness cent., coloring largest first, coloring smallest last, coloring independent set, coloring random sequential,coloring connected sequential dfs, coloring connected sequential bfs, edges within egonet, node clique number, number of cliques, clustering coef., square clustering coef., page rank, hubs value, triangles, core number, random,0,1,2,3,4,5,6,7,8,9,10,11,12,13,14,15,16,17,18,19,20,21,22,23,24,25,26,27,28,29,30, Total Time 
385,37,36,0:00:00.000002,0:00:00.000041,0:00:00.000088,0:00:00.000088,0:00:00.000088,0:00:00.000088,0:00:00.000558,0:00:00.000449,0:00:00.000647,0:00:00.001528,0:00:00.000086,0:00:00.000071,0:00:00.004333,0:00:00.000082,0:00:00.000359,0:00:00.000336,0:00:00.002101,0:00:00.000165,0:00:00.004004,0:00:00.000260,0:00:00.000649,0:00:00.004862,0:00:00.001584,0:00:00.000025,0:00:00.000093,0:00:00.000135,0:00:00.004500,0:00:00.004412,0:00:00.004424,0:00:00.004382,0:00:00.005141,0:00:00.004276,0:00:00.004254,0:00:00.004177,0:00:00.004267,0:00:00.004469,0:00:00.004515,0:00:00.010799,0:00:00.004310,0:00:00.004280,0:00:00.004292,0:00:00.004160,0:00:00.004437,0:00:00.004267,0:00:00.004372,0:00:00.004073,0:00:00.004294,0:00:00.004135,0:00:00.004374,0:00:00.004317,0:00:00.004277,0:00:00.003728,0:00:00.004194,0:00:00.004233,0:00:00.004224,0:00:00.003702,0:00:00.004261,,0:00:00.190685
graph_name , nodes_count , edges_count, degree, degree cent., max neighbor degree, min neighbor degree, avg neighbor degree, std neighbor degree, eigenvector cent., closeness cent., harmonic cent., betweenness cent., coloring largest first, coloring smallest last, coloring independent set, coloring random sequential,coloring connected sequential dfs, coloring connected sequential bfs, edges within egonet, node clique number, number of cliques, clustering coef., square clustering coef., page rank, hubs value, triangles, core number, random,0,1,2,3,4,5,6,7,8,9,10,11,12,13,14,15,16,17,18,19,20,21,22,23,24,25,26,27,28,29,30, Total Time 
386,40,40,0:00:00.000001,0:00:00.000030,0:00:00.000043,0:00:00.000043,0:00:00.000043,0:00:00.000043,0:00:00.000363,0:00:00.000283,0:00:00.000338,0:00:00.000868,0:00:00.000041,0:00:00.000035,0:00:00.002268,0:00:00.000041,0:00:00.000183,0:00:00.000177,0:00:00.001141,0:00:00.000083,0:00:00.002107,0:00:00.000132,0:00:00.000395,0:00:00.002274,0:00:00.000754,0:00:00.000011,0:00:00.000048,0:00:00.000066,0:00:00.003831,0:00:00.004484,0:00:00.003679,0:00:00.004394,0:00:00.004655,0:00:00.004310,0:00:00.003587,0:00:00.004231,0:00:00.003547,0:00:00.004647,0:00:00.004022,0:00:00.019724,0:00:00.003634,0:00:00.004301,0:00:00.003611,0:00:00.004265,0:00:00.003723,0:00:00.004144,0:00:00.003631,0:00:00.004366,0:00:00.003589,0:00:00.004094,0:00:00.003594,0:00:00.004152,0:00:00.003617,0:00:00.004128,0:00:00.003519,0:00:00.004287,0:00:00.003522,0:00:00.004188,0:00:00.003621,,0:00:00.164881
graph_name , nodes_count , edges_count, degree, degree cent., max neighbor degree, min neighbor degree, avg neighbor degree, std neighbor degree, eigenvector cent., closeness cent., harmonic cent., betweenness cent., coloring largest first, coloring smallest last, coloring independent set, coloring random sequential,coloring connected sequential dfs, coloring connected sequential bfs, edges within egonet, node clique number, number of cliques, clustering coef., square clustering coef., page rank, hubs value, triangles, core number, random,0,1,2,3,4,5,6,7,8,9,10,11,12,13,14,15,16,17,18,19,20,21,22,23,24,25,26,27,28,29,30, Total Time 
387,41,40,0:00:00.000002,0:00:00.000042,0:00:00.000095,0:00:00.000095,0:00:00.000095,0:00:00.000095,0:00:00.000613,0:00:00.000497,0:00:00.000706,0:00:00.001805,0:00:00.000092,0:00:00.000077,0:00:00.005072,0:00:00.000088,0:00:00.000402,0:00:00.000377,0:00:00.002355,0:00:00.000179,0:00:00.004728,0:00:00.000290,0:00:00.000973,0:00:00.004874,0:00:00.001578,0:00:00.000023,0:00:00.000099,0:00:00.000150,0:00:00.004349,0:00:00.003801,0:00:00.004354,0:00:00.003695,0:00:00.005841,0:00:00.003910,0:00:00.004269,0:00:00.003633,0:00:00.004146,0:00:00.003836,0:00:00.004847,0:00:00.017646,0:00:00.004354,0:00:00.003643,0:00:00.004183,0:00:00.003582,0:00:00.004408,0:00:00.003519,0:00:00.004506,0:00:00.004178,0:00:00.004929,0:00:00.003489,0:00:00.004141,0:00:00.003572,0:00:00.004109,0:00:00.003633,0:00:00.004109,0:00:00.003517,0:00:00.004057,0:00:00.003499,0:00:00.004237,,0:00:00.193847
graph_name , nodes_count , edges_count, degree, degree cent., max neighbor degree, min neighbor degree, avg neighbor degree, std neighbor degree, eigenvector cent., closeness cent., harmonic cent., betweenness cent., coloring largest first, coloring smallest last, coloring independent set, coloring random sequential,coloring connected sequential dfs, coloring connected sequential bfs, edges within egonet, node clique number, number of cliques, clustering coef., square clustering coef., page rank, hubs value, triangles, core number, random,0,1,2,3,4,5,6,7,8,9,10,11,12,13,14,15,16,17,18,19,20,21,22,23,24,25,26,27,28,29,30, Total Time 
388,34,32,0:00:00.000002,0:00:00.000027,0:00:00.000081,0:00:00.000081,0:00:00.000081,0:00:00.000081,0:00:00.000484,0:00:00.000365,0:00:00.000519,0:00:00.001224,0:00:00.000075,0:00:00.000064,0:00:00.003436,0:00:00.000075,0:00:00.000327,0:00:00.000442,0:00:00.001718,0:00:00.000150,0:00:00.003440,0:00:00.000235,0:00:00.000485,0:00:00.004741,0:00:00.001430,0:00:00.000021,0:00:00.000081,0:00:00.000116,0:00:00.003833,0:00:00.004293,0:00:00.003712,0:00:00.004656,0:00:00.003896,0:00:00.004266,0:00:00.003541,0:00:00.004292,0:00:00.003543,0:00:00.004369,0:00:00.003925,0:00:00.005800,0:00:00.004184,0:00:00.003486,0:00:00.004146,0:00:00.003479,0:00:00.004204,0:00:00.003497,0:00:00.004112,0:00:00.003454,0:00:00.004071,0:00:00.003510,0:00:00.004021,0:00:00.004055,0:00:00.004176,0:00:00.004140,0:00:00.004122,0:00:00.004141,0:00:00.004160,0:00:00.004095,0:00:00.004160,,0:00:00.172430
graph_name , nodes_count , edges_count, degree, degree cent., max neighbor degree, min neighbor degree, avg neighbor degree, std neighbor degree, eigenvector cent., closeness cent., harmonic cent., betweenness cent., coloring largest first, coloring smallest last, coloring independent set, coloring random sequential,coloring connected sequential dfs, coloring connected sequential bfs, edges within egonet, node clique number, number of cliques, clustering coef., square clustering coef., page rank, hubs value, triangles, core number, random,0,1,2,3,4,5,6,7,8,9,10,11,12,13,14,15,16,17,18,19,20,21,22,23,24,25,26,27,28,29,30, Total Time 
389,37,35,0:00:00.000002,0:00:00.000037,0:00:00.000086,0:00:00.000086,0:00:00.000086,0:00:00.000086,0:00:00.000525,0:00:00.000432,0:00:00.000627,0:00:00.001533,0:00:00.000082,0:00:00.000068,0:00:00.004497,0:00:00.000078,0:00:00.000354,0:00:00.000337,0:00:00.002040,0:00:00.000159,0:00:00.003915,0:00:00.000256,0:00:00.000623,0:00:00.004710,0:00:00.001467,0:00:00.000022,0:00:00.000090,0:00:00.000129,0:00:00.004395,0:00:00.004349,0:00:00.004263,0:00:00.004374,0:00:00.005000,0:00:00.004311,0:00:00.004119,0:00:00.004130,0:00:00.004092,0:00:00.004405,0:00:00.004397,0:00:00.011749,0:00:00.004219,0:00:00.004172,0:00:00.004251,0:00:00.004268,0:00:00.004195,0:00:00.004175,0:00:00.004223,0:00:00.004161,0:00:00.004150,0:00:00.004252,0:00:00.004347,0:00:00.004084,0:00:00.004132,0:00:00.004131,0:00:00.004065,0:00:00.003987,0:00:00.004117,0:00:00.004061,0:00:00.004195,,0:00:00.188347
graph_name , nodes_count , edges_count, degree, degree cent., max neighbor degree, min neighbor degree, avg neighbor degree, std neighbor degree, eigenvector cent., closeness cent., harmonic cent., betweenness cent., coloring largest first, coloring smallest last, coloring independent set, coloring random sequential,coloring connected sequential dfs, coloring connected sequential bfs, edges within egonet, node clique number, number of cliques, clustering coef., square clustering coef., page rank, hubs value, triangles, core number, random,0,1,2,3,4,5,6,7,8,9,10,11,12,13,14,15,16,17,18,19,20,21,22,23,24,25,26,27,28,29,30, Total Time 
390,36,33,0:00:00.000002,0:00:00.000036,0:00:00.000082,0:00:00.000082,0:00:00.000082,0:00:00.000082,0:00:00.000517,0:00:00.000419,0:00:00.000594,0:00:00.001381,0:00:00.000080,0:00:00.000068,0:00:00.003832,0:00:00.000078,0:00:00.000491,0:00:00.000326,0:00:00.001824,0:00:00.000153,0:00:00.003541,0:00:00.000246,0:00:00.000513,0:00:00.004645,0:00:00.001472,0:00:00.000023,0:00:00.000086,0:00:00.000121,0:00:00.004188,0:00:00.004256,0:00:00.004233,0:00:00.004280,0:00:00.004755,0:00:00.004189,0:00:00.004284,0:00:00.004108,0:00:00.004160,0:00:00.004268,0:00:00.004204,0:00:00.007726,0:00:00.004199,0:00:00.004044,0:00:00.004128,0:00:00.004049,0:00:00.004159,0:00:00.004030,0:00:00.003598,0:00:00.004042,0:00:00.004237,0:00:00.004143,0:00:00.004285,0:00:00.004285,0:00:00.004278,0:00:00.004180,0:00:00.004316,0:00:00.004130,0:00:00.004240,0:00:00.004145,0:00:00.004093,,0:00:00.181372
graph_name , nodes_count , edges_count, degree, degree cent., max neighbor degree, min neighbor degree, avg neighbor degree, std neighbor degree, eigenvector cent., closeness cent., harmonic cent., betweenness cent., coloring largest first, coloring smallest last, coloring independent set, coloring random sequential,coloring connected sequential dfs, coloring connected sequential bfs, edges within egonet, node clique number, number of cliques, clustering coef., square clustering coef., page rank, hubs value, triangles, core number, random,0,1,2,3,4,5,6,7,8,9,10,11,12,13,14,15,16,17,18,19,20,21,22,23,24,25,26,27,28,29,30, Total Time 
391,37,33,0:00:00.000003,0:00:00.000037,0:00:00.000085,0:00:00.000085,0:00:00.000085,0:00:00.000085,0:00:00.000524,0:00:00.000393,0:00:00.000558,0:00:00.001329,0:00:00.000080,0:00:00.000071,0:00:00.004327,0:00:00.000088,0:00:00.000381,0:00:00.000347,0:00:00.001923,0:00:00.000162,0:00:00.003928,0:00:00.000245,0:00:00.000504,0:00:00.005025,0:00:00.001485,0:00:00.000023,0:00:00.000083,0:00:00.000119,0:00:00.004369,0:00:00.004320,0:00:00.004236,0:00:00.004402,0:00:00.004664,0:00:00.004377,0:00:00.004217,0:00:00.004257,0:00:00.004271,0:00:00.004391,0:00:00.004315,0:00:00.007998,0:00:00.004225,0:00:00.004237,0:00:00.004161,0:00:00.004228,0:00:00.004097,0:00:00.003644,0:00:00.004185,0:00:00.004247,0:00:00.004162,0:00:00.004191,0:00:00.004123,0:00:00.004150,0:00:00.004167,0:00:00.004218,0:00:00.004160,0:00:00.004157,0:00:00.004147,0:00:00.004134,0:00:00.004167,,0:00:00.183842
graph_name , nodes_count , edges_count, degree, degree cent., max neighbor degree, min neighbor degree, avg neighbor degree, std neighbor degree, eigenvector cent., closeness cent., harmonic cent., betweenness cent., coloring largest first, coloring smallest last, coloring independent set, coloring random sequential,coloring connected sequential dfs, coloring connected sequential bfs, edges within egonet, node clique number, number of cliques, clustering coef., square clustering coef., page rank, hubs value, triangles, core number, random,0,1,2,3,4,5,6,7,8,9,10,11,12,13,14,15,16,17,18,19,20,21,22,23,24,25,26,27,28,29,30, Total Time 
392,38,35,0:00:00.000002,0:00:00.000039,0:00:00.000088,0:00:00.000088,0:00:00.000088,0:00:00.000088,0:00:00.000571,0:00:00.000423,0:00:00.000595,0:00:00.001473,0:00:00.000086,0:00:00.000073,0:00:00.004269,0:00:00.000083,0:00:00.000550,0:00:00.000361,0:00:00.001947,0:00:00.000167,0:00:00.004175,0:00:00.000263,0:00:00.000617,0:00:00.004822,0:00:00.001533,0:00:00.000023,0:00:00.000089,0:00:00.000133,0:00:00.004566,0:00:00.004379,0:00:00.004350,0:00:00.004261,0:00:00.004934,0:00:00.004295,0:00:00.004194,0:00:00.004162,0:00:00.004091,0:00:00.004406,0:00:00.004492,0:00:00.009711,0:00:00.004324,0:00:00.004079,0:00:00.004182,0:00:00.004306,0:00:00.004436,0:00:00.004289,0:00:00.004310,0:00:00.004280,0:00:00.004261,0:00:00.004137,0:00:00.004252,0:00:00.004125,0:00:00.004258,0:00:00.004261,0:00:00.004162,0:00:00.004064,0:00:00.004185,0:00:00.004207,0:00:00.004365,,0:00:00.189287
graph_name , nodes_count , edges_count, degree, degree cent., max neighbor degree, min neighbor degree, avg neighbor degree, std neighbor degree, eigenvector cent., closeness cent., harmonic cent., betweenness cent., coloring largest first, coloring smallest last, coloring independent set, coloring random sequential,coloring connected sequential dfs, coloring connected sequential bfs, edges within egonet, node clique number, number of cliques, clustering coef., square clustering coef., page rank, hubs value, triangles, core number, random,0,1,2,3,4,5,6,7,8,9,10,11,12,13,14,15,16,17,18,19,20,21,22,23,24,25,26,27,28,29,30, Total Time 
393,38,35,0:00:00.000002,0:00:00.000041,0:00:00.000090,0:00:00.000090,0:00:00.000090,0:00:00.000090,0:00:00.000778,0:00:00.000462,0:00:00.000759,0:00:00.001661,0:00:00.000085,0:00:00.000071,0:00:00.004503,0:00:00.000082,0:00:00.000364,0:00:00.000350,0:00:00.002198,0:00:00.000169,0:00:00.004319,0:00:00.000264,0:00:00.000601,0:00:00.004839,0:00:00.001510,0:00:00.000022,0:00:00.000093,0:00:00.000140,0:00:00.004359,0:00:00.004502,0:00:00.004233,0:00:00.004367,0:00:00.004890,0:00:00.004390,0:00:00.004213,0:00:00.004269,0:00:00.004076,0:00:00.004502,0:00:00.004359,0:00:00.010512,0:00:00.004255,0:00:00.004256,0:00:00.004169,0:00:00.004303,0:00:00.004199,0:00:00.004189,0:00:00.004133,0:00:00.004287,0:00:00.004229,0:00:00.004240,0:00:00.004209,0:00:00.004222,0:00:00.004166,0:00:00.004158,0:00:00.004151,0:00:00.004148,0:00:00.004169,0:00:00.004578,0:00:00.004169,,0:00:00.190610
graph_name , nodes_count , edges_count, degree, degree cent., max neighbor degree, min neighbor degree, avg neighbor degree, std neighbor degree, eigenvector cent., closeness cent., harmonic cent., betweenness cent., coloring largest first, coloring smallest last, coloring independent set, coloring random sequential,coloring connected sequential dfs, coloring connected sequential bfs, edges within egonet, node clique number, number of cliques, clustering coef., square clustering coef., page rank, hubs value, triangles, core number, random,0,1,2,3,4,5,6,7,8,9,10,11,12,13,14,15,16,17,18,19,20,21,22,23,24,25,26,27,28,29,30, Total Time 
394,40,39,0:00:00.000002,0:00:00.000042,0:00:00.000094,0:00:00.000094,0:00:00.000094,0:00:00.000094,0:00:00.000583,0:00:00.000536,0:00:00.000742,0:00:00.001867,0:00:00.000088,0:00:00.000076,0:00:00.004876,0:00:00.000087,0:00:00.000376,0:00:00.000355,0:00:00.002324,0:00:00.000172,0:00:00.004466,0:00:00.000283,0:00:00.000892,0:00:00.004825,0:00:00.001538,0:00:00.000025,0:00:00.000099,0:00:00.000149,0:00:00.004573,0:00:00.004450,0:00:00.004376,0:00:00.004334,0:00:00.005823,0:00:00.004326,0:00:00.004623,0:00:00.004143,0:00:00.004206,0:00:00.004469,0:00:00.004790,0:00:00.021213,0:00:00.004315,0:00:00.004185,0:00:00.004317,0:00:00.004140,0:00:00.004316,0:00:00.004177,0:00:00.004136,0:00:00.004102,0:00:00.004314,0:00:00.004068,0:00:00.004243,0:00:00.004067,0:00:00.004242,0:00:00.004146,0:00:00.004208,0:00:00.004111,0:00:00.004159,0:00:00.004042,0:00:00.004132,,0:00:00.204870
graph_name , nodes_count , edges_count, degree, degree cent., max neighbor degree, min neighbor degree, avg neighbor degree, std neighbor degree, eigenvector cent., closeness cent., harmonic cent., betweenness cent., coloring largest first, coloring smallest last, coloring independent set, coloring random sequential,coloring connected sequential dfs, coloring connected sequential bfs, edges within egonet, node clique number, number of cliques, clustering coef., square clustering coef., page rank, hubs value, triangles, core number, random,0,1,2,3,4,5,6,7,8,9,10,11,12,13,14,15,16,17,18,19,20,21,22,23,24,25,26,27,28,29,30, Total Time 
395,39,38,0:00:00.000002,0:00:00.000031,0:00:00.000090,0:00:00.000090,0:00:00.000090,0:00:00.000090,0:00:00.000561,0:00:00.000490,0:00:00.000705,0:00:00.001772,0:00:00.000086,0:00:00.000074,0:00:00.004514,0:00:00.000084,0:00:00.000366,0:00:00.000482,0:00:00.002205,0:00:00.000172,0:00:00.004470,0:00:00.000271,0:00:00.000729,0:00:00.004815,0:00:00.001463,0:00:00.000025,0:00:00.000094,0:00:00.000158,0:00:00.004292,0:00:00.004731,0:00:00.004278,0:00:00.004255,0:00:00.005096,0:00:00.004279,0:00:00.004332,0:00:00.004141,0:00:00.004207,0:00:00.004417,0:00:00.004621,0:00:00.012871,0:00:00.004384,0:00:00.004222,0:00:00.004310,0:00:00.004288,0:00:00.004251,0:00:00.004168,0:00:00.004146,0:00:00.004154,0:00:00.004294,0:00:00.004174,0:00:00.004206,0:00:00.004113,0:00:00.004179,0:00:00.004239,0:00:00.004404,0:00:00.004280,0:00:00.004249,0:00:00.004222,0:00:00.004217,,0:00:00.194872
graph_name , nodes_count , edges_count, degree, degree cent., max neighbor degree, min neighbor degree, avg neighbor degree, std neighbor degree, eigenvector cent., closeness cent., harmonic cent., betweenness cent., coloring largest first, coloring smallest last, coloring independent set, coloring random sequential,coloring connected sequential dfs, coloring connected sequential bfs, edges within egonet, node clique number, number of cliques, clustering coef., square clustering coef., page rank, hubs value, triangles, core number, random,0,1,2,3,4,5,6,7,8,9,10,11,12,13,14,15,16,17,18,19,20,21,22,23,24,25,26,27,28,29,30, Total Time 
396,38,37,0:00:00.000001,0:00:00.000031,0:00:00.000041,0:00:00.000041,0:00:00.000041,0:00:00.000041,0:00:00.000343,0:00:00.000294,0:00:00.000338,0:00:00.000740,0:00:00.000039,0:00:00.000032,0:00:00.002066,0:00:00.000038,0:00:00.000168,0:00:00.000160,0:00:00.001201,0:00:00.000081,0:00:00.001886,0:00:00.000123,0:00:00.000324,0:00:00.002195,0:00:00.000756,0:00:00.000009,0:00:00.000044,0:00:00.000069,0:00:00.004349,0:00:00.004391,0:00:00.003659,0:00:00.004316,0:00:00.004255,0:00:00.004215,0:00:00.003489,0:00:00.004186,0:00:00.003484,0:00:00.004411,0:00:00.003836,0:00:00.012999,0:00:00.003578,0:00:00.004184,0:00:00.003541,0:00:00.004266,0:00:00.003613,0:00:00.004198,0:00:00.003545,0:00:00.004292,0:00:00.003605,0:00:00.004185,0:00:00.003564,0:00:00.004025,0:00:00.003531,0:00:00.004019,0:00:00.003583,0:00:00.004009,0:00:00.003400,0:00:00.004058,0:00:00.003608,,0:00:00.155264
graph_name , nodes_count , edges_count, degree, degree cent., max neighbor degree, min neighbor degree, avg neighbor degree, std neighbor degree, eigenvector cent., closeness cent., harmonic cent., betweenness cent., coloring largest first, coloring smallest last, coloring independent set, coloring random sequential,coloring connected sequential dfs, coloring connected sequential bfs, edges within egonet, node clique number, number of cliques, clustering coef., square clustering coef., page rank, hubs value, triangles, core number, random,0,1,2,3,4,5,6,7,8,9,10,11,12,13,14,15,16,17,18,19,20,21,22,23,24,25,26,27,28,29,30, Total Time 
397,37,33,0:00:00.000003,0:00:00.000038,0:00:00.000085,0:00:00.000085,0:00:00.000085,0:00:00.000085,0:00:00.000630,0:00:00.000438,0:00:00.000628,0:00:00.001481,0:00:00.000083,0:00:00.000071,0:00:00.004257,0:00:00.000082,0:00:00.000359,0:00:00.000360,0:00:00.001959,0:00:00.000159,0:00:00.003723,0:00:00.000265,0:00:00.000522,0:00:00.004846,0:00:00.001509,0:00:00.000024,0:00:00.000092,0:00:00.000139,0:00:00.004266,0:00:00.003638,0:00:00.004191,0:00:00.003612,0:00:00.004719,0:00:00.003469,0:00:00.004168,0:00:00.003581,0:00:00.004080,0:00:00.003661,0:00:00.004258,0:00:00.006481,0:00:00.003998,0:00:00.003478,0:00:00.004234,0:00:00.003505,0:00:00.004007,0:00:00.003486,0:00:00.004033,0:00:00.003554,0:00:00.004008,0:00:00.003422,0:00:00.004015,0:00:00.003490,0:00:00.004166,0:00:00.003508,0:00:00.004180,0:00:00.003451,0:00:00.004077,0:00:00.003477,0:00:00.004151,,0:00:00.172518
graph_name , nodes_count , edges_count, degree, degree cent., max neighbor degree, min neighbor degree, avg neighbor degree, std neighbor degree, eigenvector cent., closeness cent., harmonic cent., betweenness cent., coloring largest first, coloring smallest last, coloring independent set, coloring random sequential,coloring connected sequential dfs, coloring connected sequential bfs, edges within egonet, node clique number, number of cliques, clustering coef., square clustering coef., page rank, hubs value, triangles, core number, random,0,1,2,3,4,5,6,7,8,9,10,11,12,13,14,15,16,17,18,19,20,21,22,23,24,25,26,27,28,29,30, Total Time 
398,40,37,0:00:00.000001,0:00:00.000032,0:00:00.000044,0:00:00.000044,0:00:00.000044,0:00:00.000044,0:00:00.000447,0:00:00.000320,0:00:00.000456,0:00:00.000835,0:00:00.000042,0:00:00.000035,0:00:00.002176,0:00:00.000040,0:00:00.000175,0:00:00.000169,0:00:00.001035,0:00:00.000080,0:00:00.002061,0:00:00.000127,0:00:00.000324,0:00:00.002235,0:00:00.000813,0:00:00.000018,0:00:00.000047,0:00:00.000071,0:00:00.003670,0:00:00.004343,0:00:00.003555,0:00:00.004283,0:00:00.004305,0:00:00.004223,0:00:00.003600,0:00:00.004194,0:00:00.003494,0:00:00.004400,0:00:00.003760,0:00:00.014706,0:00:00.003627,0:00:00.004213,0:00:00.003603,0:00:00.004146,0:00:00.003772,0:00:00.004161,0:00:00.003593,0:00:00.003987,0:00:00.003478,0:00:00.004098,0:00:00.003610,0:00:00.003939,0:00:00.003511,0:00:00.004069,0:00:00.003543,0:00:00.004152,0:00:00.003531,0:00:00.004206,0:00:00.003511,,0:00:00.157004
graph_name , nodes_count , edges_count, degree, degree cent., max neighbor degree, min neighbor degree, avg neighbor degree, std neighbor degree, eigenvector cent., closeness cent., harmonic cent., betweenness cent., coloring largest first, coloring smallest last, coloring independent set, coloring random sequential,coloring connected sequential dfs, coloring connected sequential bfs, edges within egonet, node clique number, number of cliques, clustering coef., square clustering coef., page rank, hubs value, triangles, core number, random,0,1,2,3,4,5,6,7,8,9,10,11,12,13,14,15,16,17,18,19,20,21,22,23,24,25,26,27,28,29,30, Total Time 
399,35,32,0:00:00.000002,0:00:00.000039,0:00:00.000081,0:00:00.000081,0:00:00.000081,0:00:00.000081,0:00:00.000502,0:00:00.000395,0:00:00.000573,0:00:00.001310,0:00:00.000080,0:00:00.000066,0:00:00.003750,0:00:00.000077,0:00:00.000351,0:00:00.000324,0:00:00.001954,0:00:00.000154,0:00:00.003455,0:00:00.000242,0:00:00.000481,0:00:00.004920,0:00:00.001588,0:00:00.000022,0:00:00.000086,0:00:00.000127,0:00:00.004222,0:00:00.003720,0:00:00.004317,0:00:00.003478,0:00:00.004654,0:00:00.003551,0:00:00.004095,0:00:00.003550,0:00:00.004111,0:00:00.003732,0:00:00.004447,0:00:00.006023,0:00:00.004205,0:00:00.003508,0:00:00.004116,0:00:00.003503,0:00:00.004219,0:00:00.003484,0:00:00.004212,0:00:00.003564,0:00:00.004235,0:00:00.003544,0:00:00.004172,0:00:00.003559,0:00:00.004198,0:00:00.003533,0:00:00.004212,0:00:00.003457,0:00:00.004164,0:00:00.003517,0:00:00.004139,,0:00:00.172231
graph_name , nodes_count , edges_count, degree, degree cent., max neighbor degree, min neighbor degree, avg neighbor degree, std neighbor degree, eigenvector cent., closeness cent., harmonic cent., betweenness cent., coloring largest first, coloring smallest last, coloring independent set, coloring random sequential,coloring connected sequential dfs, coloring connected sequential bfs, edges within egonet, node clique number, number of cliques, clustering coef., square clustering coef., page rank, hubs value, triangles, core number, random,0,1,2,3,4,5,6,7,8,9,10,11,12,13,14,15,16,17,18,19,20,21,22,23,24,25,26,27,28,29,30, Total Time 
400,36,33,0:00:00.000001,0:00:00.000027,0:00:00.000039,0:00:00.000039,0:00:00.000039,0:00:00.000039,0:00:00.000319,0:00:00.000258,0:00:00.000279,0:00:00.000621,0:00:00.000037,0:00:00.000030,0:00:00.001700,0:00:00.000036,0:00:00.000163,0:00:00.000151,0:00:00.000864,0:00:00.000074,0:00:00.001691,0:00:00.000116,0:00:00.000240,0:00:00.002204,0:00:00.000730,0:00:00.000010,0:00:00.000040,0:00:00.000058,0:00:00.003799,0:00:00.003558,0:00:00.003866,0:00:00.004527,0:00:00.003796,0:00:00.002702,0:00:00.003361,0:00:00.003427,0:00:00.003529,0:00:00.003463,0:00:00.003739,0:00:00.006623,0:00:00.003873,0:00:00.003401,0:00:00.003389,0:00:00.003468,0:00:00.003523,0:00:00.003453,0:00:00.003340,0:00:00.003403,0:00:00.003405,0:00:00.003334,0:00:00.003458,0:00:00.003339,0:00:00.003300,0:00:00.003233,0:00:00.003450,0:00:00.003331,0:00:00.003415,0:00:00.003246,0:00:00.003431,,0:00:00.134598
graph_name , nodes_count , edges_count, degree, degree cent., max neighbor degree, min neighbor degree, avg neighbor degree, std neighbor degree, eigenvector cent., closeness cent., harmonic cent., betweenness cent., coloring largest first, coloring smallest last, coloring independent set, coloring random sequential,coloring connected sequential dfs, coloring connected sequential bfs, edges within egonet, node clique number, number of cliques, clustering coef., square clustering coef., page rank, hubs value, triangles, core number, random,0,1,2,3,4,5,6,7,8,9,10,11,12,13,14,15,16,17,18,19,20,21,22,23,24,25,26,27,28,29,30, Total Time 
401,36,34,0:00:00.000002,0:00:00.000038,0:00:00.000083,0:00:00.000083,0:00:00.000083,0:00:00.000083,0:00:00.000542,0:00:00.000421,0:00:00.000605,0:00:00.001405,0:00:00.000081,0:00:00.000069,0:00:00.004028,0:00:00.000079,0:00:00.000344,0:00:00.000318,0:00:00.002053,0:00:00.000157,0:00:00.003617,0:00:00.000249,0:00:00.000573,0:00:00.004872,0:00:00.001537,0:00:00.000021,0:00:00.000089,0:00:00.000136,0:00:00.003517,0:00:00.003599,0:00:00.003467,0:00:00.003476,0:00:00.003808,0:00:00.003505,0:00:00.003534,0:00:00.003452,0:00:00.003452,0:00:00.003597,0:00:00.003705,0:00:00.007403,0:00:00.003494,0:00:00.003422,0:00:00.003396,0:00:00.003354,0:00:00.003517,0:00:00.003427,0:00:00.004056,0:00:00.003626,0:00:00.004194,0:00:00.003510,0:00:00.004060,0:00:00.003470,0:00:00.004210,0:00:00.003458,0:00:00.004286,0:00:00.003489,0:00:00.004145,0:00:00.003541,0:00:00.004233,,0:00:00.166939
graph_name , nodes_count , edges_count, degree, degree cent., max neighbor degree, min neighbor degree, avg neighbor degree, std neighbor degree, eigenvector cent., closeness cent., harmonic cent., betweenness cent., coloring largest first, coloring smallest last, coloring independent set, coloring random sequential,coloring connected sequential dfs, coloring connected sequential bfs, edges within egonet, node clique number, number of cliques, clustering coef., square clustering coef., page rank, hubs value, triangles, core number, random,0,1,2,3,4,5,6,7,8,9,10,11,12,13,14,15,16,17,18,19,20,21,22,23,24,25,26,27,28,29,30, Total Time 
402,38,34,0:00:00.000002,0:00:00.000027,0:00:00.000067,0:00:00.000067,0:00:00.000067,0:00:00.000067,0:00:00.000307,0:00:00.000298,0:00:00.000327,0:00:00.000799,0:00:00.000064,0:00:00.000054,0:00:00.003171,0:00:00.000062,0:00:00.000281,0:00:00.000380,0:00:00.001391,0:00:00.000122,0:00:00.003012,0:00:00.000195,0:00:00.000429,0:00:00.003669,0:00:00.001154,0:00:00.000018,0:00:00.000065,0:00:00.000092,0:00:00.003619,0:00:00.004003,0:00:00.003559,0:00:00.004226,0:00:00.003972,0:00:00.003962,0:00:00.003553,0:00:00.004031,0:00:00.002689,0:00:00.003566,0:00:00.003778,0:00:00.008977,0:00:00.003584,0:00:00.004167,0:00:00.003520,0:00:00.004179,0:00:00.003561,0:00:00.004211,0:00:00.003578,0:00:00.004109,0:00:00.002694,0:00:00.004014,0:00:00.002697,0:00:00.004148,0:00:00.002738,0:00:00.004083,0:00:00.003464,0:00:00.004055,0:00:00.002603,0:00:00.003865,0:00:00.002630,,0:00:00.155458
graph_name , nodes_count , edges_count, degree, degree cent., max neighbor degree, min neighbor degree, avg neighbor degree, std neighbor degree, eigenvector cent., closeness cent., harmonic cent., betweenness cent., coloring largest first, coloring smallest last, coloring independent set, coloring random sequential,coloring connected sequential dfs, coloring connected sequential bfs, edges within egonet, node clique number, number of cliques, clustering coef., square clustering coef., page rank, hubs value, triangles, core number, random,0,1,2,3,4,5,6,7,8,9,10,11,12,13,14,15,16,17,18,19,20,21,22,23,24,25,26,27,28,29,30, Total Time 
403,35,32,0:00:00.000002,0:00:00.000037,0:00:00.000083,0:00:00.000083,0:00:00.000083,0:00:00.000083,0:00:00.000505,0:00:00.000411,0:00:00.000581,0:00:00.001313,0:00:00.000079,0:00:00.000066,0:00:00.003884,0:00:00.000075,0:00:00.000343,0:00:00.000326,0:00:00.001956,0:00:00.000161,0:00:00.003638,0:00:00.000243,0:00:00.000476,0:00:00.004933,0:00:00.001571,0:00:00.000023,0:00:00.000087,0:00:00.000127,0:00:00.004223,0:00:00.003861,0:00:00.003623,0:00:00.002803,0:00:00.004462,0:00:00.003609,0:00:00.004116,0:00:00.002792,0:00:00.004006,0:00:00.003685,0:00:00.004289,0:00:00.004030,0:00:00.004073,0:00:00.003538,0:00:00.004230,0:00:00.003504,0:00:00.004509,0:00:00.003535,0:00:00.004131,0:00:00.002653,0:00:00.004016,0:00:00.003634,0:00:00.004178,0:00:00.002735,0:00:00.004194,0:00:00.003571,0:00:00.004234,0:00:00.003508,0:00:00.004164,0:00:00.003440,0:00:00.004068,,0:00:00.166730
graph_name , nodes_count , edges_count, degree, degree cent., max neighbor degree, min neighbor degree, avg neighbor degree, std neighbor degree, eigenvector cent., closeness cent., harmonic cent., betweenness cent., coloring largest first, coloring smallest last, coloring independent set, coloring random sequential,coloring connected sequential dfs, coloring connected sequential bfs, edges within egonet, node clique number, number of cliques, clustering coef., square clustering coef., page rank, hubs value, triangles, core number, random,0,1,2,3,4,5,6,7,8,9,10,11,12,13,14,15,16,17,18,19,20,21,22,23,24,25,26,27,28,29,30, Total Time 
404,37,35,0:00:00.000002,0:00:00.000033,0:00:00.000067,0:00:00.000067,0:00:00.000067,0:00:00.000067,0:00:00.000415,0:00:00.000338,0:00:00.000483,0:00:00.001244,0:00:00.000064,0:00:00.000054,0:00:00.003207,0:00:00.000063,0:00:00.000289,0:00:00.000604,0:00:00.001528,0:00:00.000124,0:00:00.003122,0:00:00.000203,0:00:00.000468,0:00:00.003749,0:00:00.001189,0:00:00.000018,0:00:00.000068,0:00:00.000098,0:00:00.002847,0:00:00.004219,0:00:00.003792,0:00:00.004396,0:00:00.004111,0:00:00.004116,0:00:00.003509,0:00:00.004276,0:00:00.003502,0:00:00.004319,0:00:00.003694,0:00:00.009802,0:00:00.003175,0:00:00.004236,0:00:00.002744,0:00:00.004117,0:00:00.003534,0:00:00.004119,0:00:00.003512,0:00:00.004153,0:00:00.003509,0:00:00.004271,0:00:00.003560,0:00:00.004203,0:00:00.002763,0:00:00.004070,0:00:00.002780,0:00:00.004055,0:00:00.002746,0:00:00.004085,0:00:00.003544,,0:00:00.161097
graph_name , nodes_count , edges_count, degree, degree cent., max neighbor degree, min neighbor degree, avg neighbor degree, std neighbor degree, eigenvector cent., closeness cent., harmonic cent., betweenness cent., coloring largest first, coloring smallest last, coloring independent set, coloring random sequential,coloring connected sequential dfs, coloring connected sequential bfs, edges within egonet, node clique number, number of cliques, clustering coef., square clustering coef., page rank, hubs value, triangles, core number, random,0,1,2,3,4,5,6,7,8,9,10,11,12,13,14,15,16,17,18,19,20,21,22,23,24,25,26,27,28,29,30, Total Time 
405,39,36,0:00:00.000002,0:00:00.000042,0:00:00.000091,0:00:00.000091,0:00:00.000091,0:00:00.000091,0:00:00.000567,0:00:00.000443,0:00:00.000643,0:00:00.001563,0:00:00.000087,0:00:00.000074,0:00:00.004685,0:00:00.000085,0:00:00.000392,0:00:00.000364,0:00:00.002217,0:00:00.000174,0:00:00.004377,0:00:00.000268,0:00:00.000694,0:00:00.004959,0:00:00.001590,0:00:00.000024,0:00:00.000093,0:00:00.000140,0:00:00.004412,0:00:00.002795,0:00:00.004218,0:00:00.003735,0:00:00.005224,0:00:00.003633,0:00:00.004310,0:00:00.003566,0:00:00.004123,0:00:00.003797,0:00:00.004633,0:00:00.011272,0:00:00.004314,0:00:00.003625,0:00:00.004230,0:00:00.003575,0:00:00.004363,0:00:00.003492,0:00:00.004220,0:00:00.003600,0:00:00.004198,0:00:00.003366,0:00:00.004354,0:00:00.003522,0:00:00.004267,0:00:00.003521,0:00:00.004246,0:00:00.004162,0:00:00.004338,0:00:00.004228,0:00:00.004249,,0:00:00.183950
graph_name , nodes_count , edges_count, degree, degree cent., max neighbor degree, min neighbor degree, avg neighbor degree, std neighbor degree, eigenvector cent., closeness cent., harmonic cent., betweenness cent., coloring largest first, coloring smallest last, coloring independent set, coloring random sequential,coloring connected sequential dfs, coloring connected sequential bfs, edges within egonet, node clique number, number of cliques, clustering coef., square clustering coef., page rank, hubs value, triangles, core number, random,0,1,2,3,4,5,6,7,8,9,10,11,12,13,14,15,16,17,18,19,20,21,22,23,24,25,26,27,28,29,30, Total Time 
406,38,34,0:00:00.000003,0:00:00.000039,0:00:00.000092,0:00:00.000092,0:00:00.000092,0:00:00.000092,0:00:00.000553,0:00:00.000443,0:00:00.000635,0:00:00.001492,0:00:00.000087,0:00:00.000075,0:00:00.004625,0:00:00.000084,0:00:00.000395,0:00:00.000372,0:00:00.001952,0:00:00.000171,0:00:00.004372,0:00:00.000262,0:00:00.000561,0:00:00.004994,0:00:00.001545,0:00:00.000024,0:00:00.000089,0:00:00.000136,0:00:00.004402,0:00:00.004446,0:00:00.004341,0:00:00.004374,0:00:00.004936,0:00:00.004328,0:00:00.004333,0:00:00.004376,0:00:00.004248,0:00:00.004487,0:00:00.004497,0:00:00.009344,0:00:00.004503,0:00:00.004383,0:00:00.004331,0:00:00.004293,0:00:00.004414,0:00:00.004281,0:00:00.004357,0:00:00.004362,0:00:00.004377,0:00:00.004310,0:00:00.004276,0:00:00.004363,0:00:00.004331,0:00:00.004193,0:00:00.004182,0:00:00.004173,0:00:00.004246,0:00:00.004289,0:00:00.004258,,0:00:00.191727
graph_name , nodes_count , edges_count, degree, degree cent., max neighbor degree, min neighbor degree, avg neighbor degree, std neighbor degree, eigenvector cent., closeness cent., harmonic cent., betweenness cent., coloring largest first, coloring smallest last, coloring independent set, coloring random sequential,coloring connected sequential dfs, coloring connected sequential bfs, edges within egonet, node clique number, number of cliques, clustering coef., square clustering coef., page rank, hubs value, triangles, core number, random,0,1,2,3,4,5,6,7,8,9,10,11,12,13,14,15,16,17,18,19,20,21,22,23,24,25,26,27,28,29,30, Total Time 
407,40,37,0:00:00.000002,0:00:00.000043,0:00:00.000093,0:00:00.000093,0:00:00.000093,0:00:00.000093,0:00:00.000581,0:00:00.000511,0:00:00.000724,0:00:00.001807,0:00:00.000089,0:00:00.000085,0:00:00.004697,0:00:00.000087,0:00:00.000374,0:00:00.000358,0:00:00.002349,0:00:00.000176,0:00:00.004718,0:00:00.000272,0:00:00.000660,0:00:00.004836,0:00:00.001561,0:00:00.000028,0:00:00.000097,0:00:00.000155,0:00:00.004621,0:00:00.004525,0:00:00.004342,0:00:00.004457,0:00:00.005539,0:00:00.004385,0:00:00.004364,0:00:00.004301,0:00:00.004321,0:00:00.004470,0:00:00.004574,0:00:00.011308,0:00:00.004388,0:00:00.004314,0:00:00.004342,0:00:00.004305,0:00:00.004317,0:00:00.004454,0:00:00.004245,0:00:00.004265,0:00:00.004300,0:00:00.004402,0:00:00.004341,0:00:00.004268,0:00:00.004277,0:00:00.004139,0:00:00.004172,0:00:00.004235,0:00:00.004138,0:00:00.004173,0:00:00.004247,,0:00:00.196320
graph_name , nodes_count , edges_count, degree, degree cent., max neighbor degree, min neighbor degree, avg neighbor degree, std neighbor degree, eigenvector cent., closeness cent., harmonic cent., betweenness cent., coloring largest first, coloring smallest last, coloring independent set, coloring random sequential,coloring connected sequential dfs, coloring connected sequential bfs, edges within egonet, node clique number, number of cliques, clustering coef., square clustering coef., page rank, hubs value, triangles, core number, random,0,1,2,3,4,5,6,7,8,9,10,11,12,13,14,15,16,17,18,19,20,21,22,23,24,25,26,27,28,29,30, Total Time 
408,39,35,0:00:00.000002,0:00:00.000029,0:00:00.000087,0:00:00.000087,0:00:00.000087,0:00:00.000087,0:00:00.000553,0:00:00.000427,0:00:00.000606,0:00:00.001467,0:00:00.000083,0:00:00.000073,0:00:00.004429,0:00:00.000083,0:00:00.000376,0:00:00.000360,0:00:00.002052,0:00:00.000158,0:00:00.004158,0:00:00.000259,0:00:00.000599,0:00:00.004855,0:00:00.001487,0:00:00.000024,0:00:00.000087,0:00:00.000132,0:00:00.004348,0:00:00.004460,0:00:00.004358,0:00:00.004383,0:00:00.005038,0:00:00.004369,0:00:00.004278,0:00:00.004340,0:00:00.004287,0:00:00.004561,0:00:00.004517,0:00:00.010000,0:00:00.004330,0:00:00.004240,0:00:00.004274,0:00:00.004374,0:00:00.004303,0:00:00.004086,0:00:00.004094,0:00:00.004194,0:00:00.004138,0:00:00.004122,0:00:00.004264,0:00:00.004136,0:00:00.004280,0:00:00.004351,0:00:00.004179,0:00:00.004216,0:00:00.004264,0:00:00.004301,0:00:00.004272,,0:00:00.190494
graph_name , nodes_count , edges_count, degree, degree cent., max neighbor degree, min neighbor degree, avg neighbor degree, std neighbor degree, eigenvector cent., closeness cent., harmonic cent., betweenness cent., coloring largest first, coloring smallest last, coloring independent set, coloring random sequential,coloring connected sequential dfs, coloring connected sequential bfs, edges within egonet, node clique number, number of cliques, clustering coef., square clustering coef., page rank, hubs value, triangles, core number, random,0,1,2,3,4,5,6,7,8,9,10,11,12,13,14,15,16,17,18,19,20,21,22,23,24,25,26,27,28,29,30, Total Time 
409,37,34,0:00:00.000002,0:00:00.000040,0:00:00.000085,0:00:00.000085,0:00:00.000085,0:00:00.000085,0:00:00.000628,0:00:00.000469,0:00:00.000639,0:00:00.001540,0:00:00.000083,0:00:00.000071,0:00:00.004035,0:00:00.000081,0:00:00.000362,0:00:00.000332,0:00:00.001995,0:00:00.000165,0:00:00.004136,0:00:00.000254,0:00:00.000529,0:00:00.004888,0:00:00.001520,0:00:00.000025,0:00:00.000091,0:00:00.000137,0:00:00.004505,0:00:00.004799,0:00:00.004681,0:00:00.004499,0:00:00.004774,0:00:00.004366,0:00:00.004286,0:00:00.004265,0:00:00.004296,0:00:00.004358,0:00:00.004411,0:00:00.008005,0:00:00.004238,0:00:00.004214,0:00:00.004256,0:00:00.004400,0:00:00.004274,0:00:00.004368,0:00:00.004349,0:00:00.004421,0:00:00.004365,0:00:00.004257,0:00:00.004339,0:00:00.004222,0:00:00.004309,0:00:00.004322,0:00:00.004232,0:00:00.004154,0:00:00.004288,0:00:00.004230,0:00:00.004232,,0:00:00.189939
graph_name , nodes_count , edges_count, degree, degree cent., max neighbor degree, min neighbor degree, avg neighbor degree, std neighbor degree, eigenvector cent., closeness cent., harmonic cent., betweenness cent., coloring largest first, coloring smallest last, coloring independent set, coloring random sequential,coloring connected sequential dfs, coloring connected sequential bfs, edges within egonet, node clique number, number of cliques, clustering coef., square clustering coef., page rank, hubs value, triangles, core number, random,0,1,2,3,4,5,6,7,8,9,10,11,12,13,14,15,16,17,18,19,20,21,22,23,24,25,26,27,28,29,30, Total Time 
410,37,37,0:00:00.000002,0:00:00.000039,0:00:00.000089,0:00:00.000089,0:00:00.000089,0:00:00.000089,0:00:00.000544,0:00:00.000452,0:00:00.000660,0:00:00.001579,0:00:00.000085,0:00:00.000072,0:00:00.004280,0:00:00.000083,0:00:00.000355,0:00:00.000331,0:00:00.002169,0:00:00.000163,0:00:00.003936,0:00:00.000266,0:00:00.000721,0:00:00.004862,0:00:00.001538,0:00:00.000023,0:00:00.000094,0:00:00.000143,0:00:00.004672,0:00:00.004487,0:00:00.004569,0:00:00.004331,0:00:00.005232,0:00:00.004380,0:00:00.004422,0:00:00.004281,0:00:00.004256,0:00:00.004609,0:00:00.004712,0:00:00.011415,0:00:00.004356,0:00:00.004311,0:00:00.004377,0:00:00.004304,0:00:00.004367,0:00:00.004288,0:00:00.004377,0:00:00.004266,0:00:00.004442,0:00:00.004335,0:00:00.004277,0:00:00.004386,0:00:00.004378,0:00:00.004368,0:00:00.004356,0:00:00.004264,0:00:00.004290,0:00:00.004226,0:00:00.004527,,0:00:00.195194
graph_name , nodes_count , edges_count, degree, degree cent., max neighbor degree, min neighbor degree, avg neighbor degree, std neighbor degree, eigenvector cent., closeness cent., harmonic cent., betweenness cent., coloring largest first, coloring smallest last, coloring independent set, coloring random sequential,coloring connected sequential dfs, coloring connected sequential bfs, edges within egonet, node clique number, number of cliques, clustering coef., square clustering coef., page rank, hubs value, triangles, core number, random,0,1,2,3,4,5,6,7,8,9,10,11,12,13,14,15,16,17,18,19,20,21,22,23,24,25,26,27,28,29,30, Total Time 
411,38,37,0:00:00.000002,0:00:00.000040,0:00:00.000088,0:00:00.000088,0:00:00.000088,0:00:00.000088,0:00:00.000556,0:00:00.000474,0:00:00.000679,0:00:00.001786,0:00:00.000088,0:00:00.000074,0:00:00.004314,0:00:00.000084,0:00:00.000537,0:00:00.000363,0:00:00.002144,0:00:00.000172,0:00:00.004504,0:00:00.000270,0:00:00.000671,0:00:00.004986,0:00:00.001534,0:00:00.000026,0:00:00.000095,0:00:00.000153,0:00:00.004434,0:00:00.004704,0:00:00.004352,0:00:00.004547,0:00:00.005237,0:00:00.004462,0:00:00.004259,0:00:00.004321,0:00:00.004169,0:00:00.004582,0:00:00.004688,0:00:00.011043,0:00:00.004372,0:00:00.004322,0:00:00.004187,0:00:00.004347,0:00:00.004404,0:00:00.004304,0:00:00.004456,0:00:00.004495,0:00:00.004439,0:00:00.004374,0:00:00.004302,0:00:00.004311,0:00:00.004290,0:00:00.004402,0:00:00.004272,0:00:00.004362,0:00:00.004302,0:00:00.004179,0:00:00.004337,,0:00:00.196070
graph_name , nodes_count , edges_count, degree, degree cent., max neighbor degree, min neighbor degree, avg neighbor degree, std neighbor degree, eigenvector cent., closeness cent., harmonic cent., betweenness cent., coloring largest first, coloring smallest last, coloring independent set, coloring random sequential,coloring connected sequential dfs, coloring connected sequential bfs, edges within egonet, node clique number, number of cliques, clustering coef., square clustering coef., page rank, hubs value, triangles, core number, random,0,1,2,3,4,5,6,7,8,9,10,11,12,13,14,15,16,17,18,19,20,21,22,23,24,25,26,27,28,29,30, Total Time 
412,35,36,0:00:00.000002,0:00:00.000038,0:00:00.000083,0:00:00.000083,0:00:00.000083,0:00:00.000083,0:00:00.000535,0:00:00.000407,0:00:00.000579,0:00:00.001411,0:00:00.000081,0:00:00.000067,0:00:00.004138,0:00:00.000080,0:00:00.000353,0:00:00.000327,0:00:00.002027,0:00:00.000164,0:00:00.003683,0:00:00.000255,0:00:00.000635,0:00:00.004792,0:00:00.001541,0:00:00.000023,0:00:00.000087,0:00:00.000129,0:00:00.004450,0:00:00.004620,0:00:00.004492,0:00:00.004619,0:00:00.005189,0:00:00.004366,0:00:00.004340,0:00:00.004317,0:00:00.004306,0:00:00.004671,0:00:00.004832,0:00:00.010021,0:00:00.004386,0:00:00.004233,0:00:00.004305,0:00:00.004380,0:00:00.004469,0:00:00.004285,0:00:00.004360,0:00:00.004362,0:00:00.004352,0:00:00.004351,0:00:00.004206,0:00:00.004170,0:00:00.004183,0:00:00.004239,0:00:00.004262,0:00:00.004250,0:00:00.004379,0:00:00.004311,0:00:00.004419,,0:00:00.192103
graph_name , nodes_count , edges_count, degree, degree cent., max neighbor degree, min neighbor degree, avg neighbor degree, std neighbor degree, eigenvector cent., closeness cent., harmonic cent., betweenness cent., coloring largest first, coloring smallest last, coloring independent set, coloring random sequential,coloring connected sequential dfs, coloring connected sequential bfs, edges within egonet, node clique number, number of cliques, clustering coef., square clustering coef., page rank, hubs value, triangles, core number, random,0,1,2,3,4,5,6,7,8,9,10,11,12,13,14,15,16,17,18,19,20,21,22,23,24,25,26,27,28,29,30, Total Time 
413,36,34,0:00:00.000003,0:00:00.000039,0:00:00.000086,0:00:00.000086,0:00:00.000086,0:00:00.000086,0:00:00.000528,0:00:00.000388,0:00:00.000564,0:00:00.001235,0:00:00.000083,0:00:00.000069,0:00:00.004015,0:00:00.000081,0:00:00.000369,0:00:00.000347,0:00:00.001821,0:00:00.000160,0:00:00.003839,0:00:00.000249,0:00:00.000565,0:00:00.004913,0:00:00.001531,0:00:00.000021,0:00:00.000084,0:00:00.000121,0:00:00.004533,0:00:00.004381,0:00:00.004421,0:00:00.004496,0:00:00.004978,0:00:00.004292,0:00:00.004439,0:00:00.004389,0:00:00.004413,0:00:00.004521,0:00:00.004523,0:00:00.009150,0:00:00.004304,0:00:00.004341,0:00:00.004382,0:00:00.004382,0:00:00.004387,0:00:00.004214,0:00:00.004265,0:00:00.004395,0:00:00.004373,0:00:00.004271,0:00:00.004341,0:00:00.004193,0:00:00.004328,0:00:00.004290,0:00:00.004270,0:00:00.004259,0:00:00.004204,0:00:00.004234,0:00:00.004261,,0:00:00.190085
graph_name , nodes_count , edges_count, degree, degree cent., max neighbor degree, min neighbor degree, avg neighbor degree, std neighbor degree, eigenvector cent., closeness cent., harmonic cent., betweenness cent., coloring largest first, coloring smallest last, coloring independent set, coloring random sequential,coloring connected sequential dfs, coloring connected sequential bfs, edges within egonet, node clique number, number of cliques, clustering coef., square clustering coef., page rank, hubs value, triangles, core number, random,0,1,2,3,4,5,6,7,8,9,10,11,12,13,14,15,16,17,18,19,20,21,22,23,24,25,26,27,28,29,30, Total Time 
414,35,34,0:00:00.000002,0:00:00.000040,0:00:00.000084,0:00:00.000084,0:00:00.000084,0:00:00.000084,0:00:00.000518,0:00:00.000444,0:00:00.000604,0:00:00.001436,0:00:00.000081,0:00:00.000067,0:00:00.003932,0:00:00.000078,0:00:00.000351,0:00:00.000326,0:00:00.002134,0:00:00.000162,0:00:00.003719,0:00:00.000251,0:00:00.000584,0:00:00.004866,0:00:00.001564,0:00:00.000024,0:00:00.000091,0:00:00.000132,0:00:00.004508,0:00:00.004559,0:00:00.004483,0:00:00.004400,0:00:00.005123,0:00:00.004389,0:00:00.004450,0:00:00.004342,0:00:00.004390,0:00:00.004595,0:00:00.004646,0:00:00.008894,0:00:00.004459,0:00:00.004343,0:00:00.004319,0:00:00.004300,0:00:00.004409,0:00:00.004283,0:00:00.004250,0:00:00.004304,0:00:00.004348,0:00:00.004299,0:00:00.004206,0:00:00.004220,0:00:00.004309,0:00:00.004312,0:00:00.004299,0:00:00.004655,0:00:00.004351,0:00:00.004378,0:00:00.004384,,0:00:00.191465
graph_name , nodes_count , edges_count, degree, degree cent., max neighbor degree, min neighbor degree, avg neighbor degree, std neighbor degree, eigenvector cent., closeness cent., harmonic cent., betweenness cent., coloring largest first, coloring smallest last, coloring independent set, coloring random sequential,coloring connected sequential dfs, coloring connected sequential bfs, edges within egonet, node clique number, number of cliques, clustering coef., square clustering coef., page rank, hubs value, triangles, core number, random,0,1,2,3,4,5,6,7,8,9,10,11,12,13,14,15,16,17,18,19,20,21,22,23,24,25,26,27,28,29,30, Total Time 
415,34,32,0:00:00.000002,0:00:00.000035,0:00:00.000079,0:00:00.000079,0:00:00.000079,0:00:00.000079,0:00:00.000488,0:00:00.000379,0:00:00.000517,0:00:00.001231,0:00:00.000078,0:00:00.000065,0:00:00.003446,0:00:00.000075,0:00:00.000345,0:00:00.000466,0:00:00.001805,0:00:00.000147,0:00:00.003230,0:00:00.000233,0:00:00.000483,0:00:00.004649,0:00:00.001463,0:00:00.000021,0:00:00.000086,0:00:00.000115,0:00:00.004319,0:00:00.004459,0:00:00.004242,0:00:00.004365,0:00:00.004860,0:00:00.004406,0:00:00.004279,0:00:00.004288,0:00:00.004364,0:00:00.004726,0:00:00.004546,0:00:00.007615,0:00:00.004298,0:00:00.004367,0:00:00.004265,0:00:00.004377,0:00:00.004137,0:00:00.004440,0:00:00.004086,0:00:00.004150,0:00:00.004215,0:00:00.004203,0:00:00.004214,0:00:00.004263,0:00:00.004159,0:00:00.004248,0:00:00.004184,0:00:00.004261,0:00:00.004125,0:00:00.004219,0:00:00.004139,,0:00:00.183678
graph_name , nodes_count , edges_count, degree, degree cent., max neighbor degree, min neighbor degree, avg neighbor degree, std neighbor degree, eigenvector cent., closeness cent., harmonic cent., betweenness cent., coloring largest first, coloring smallest last, coloring independent set, coloring random sequential,coloring connected sequential dfs, coloring connected sequential bfs, edges within egonet, node clique number, number of cliques, clustering coef., square clustering coef., page rank, hubs value, triangles, core number, random,0,1,2,3,4,5,6,7,8,9,10,11,12,13,14,15,16,17,18,19,20,21,22,23,24,25,26,27,28,29,30, Total Time 
416,39,40,0:00:00.000002,0:00:00.000042,0:00:00.000092,0:00:00.000092,0:00:00.000092,0:00:00.000092,0:00:00.000585,0:00:00.000506,0:00:00.000721,0:00:00.001771,0:00:00.000087,0:00:00.000076,0:00:00.004725,0:00:00.000086,0:00:00.000375,0:00:00.000352,0:00:00.002380,0:00:00.000197,0:00:00.004454,0:00:00.000282,0:00:00.000835,0:00:00.004855,0:00:00.001548,0:00:00.000023,0:00:00.000098,0:00:00.000145,0:00:00.004510,0:00:00.004514,0:00:00.004384,0:00:00.004501,0:00:00.005749,0:00:00.004331,0:00:00.004392,0:00:00.004341,0:00:00.004292,0:00:00.004820,0:00:00.005096,0:00:00.016251,0:00:00.004562,0:00:00.004363,0:00:00.004260,0:00:00.004276,0:00:00.004661,0:00:00.004372,0:00:00.004419,0:00:00.004333,0:00:00.004545,0:00:00.004196,0:00:00.004478,0:00:00.004235,0:00:00.004382,0:00:00.004257,0:00:00.004366,0:00:00.004196,0:00:00.004333,0:00:00.004296,0:00:00.004228,,0:00:00.203535
graph_name , nodes_count , edges_count, degree, degree cent., max neighbor degree, min neighbor degree, avg neighbor degree, std neighbor degree, eigenvector cent., closeness cent., harmonic cent., betweenness cent., coloring largest first, coloring smallest last, coloring independent set, coloring random sequential,coloring connected sequential dfs, coloring connected sequential bfs, edges within egonet, node clique number, number of cliques, clustering coef., square clustering coef., page rank, hubs value, triangles, core number, random,0,1,2,3,4,5,6,7,8,9,10,11,12,13,14,15,16,17,18,19,20,21,22,23,24,25,26,27,28,29,30, Total Time 
417,35,35,0:00:00.000001,0:00:00.000027,0:00:00.000038,0:00:00.000038,0:00:00.000038,0:00:00.000038,0:00:00.000322,0:00:00.000189,0:00:00.000248,0:00:00.000625,0:00:00.000037,0:00:00.000030,0:00:00.001773,0:00:00.000036,0:00:00.000160,0:00:00.000148,0:00:00.000892,0:00:00.000072,0:00:00.001569,0:00:00.000115,0:00:00.000282,0:00:00.002234,0:00:00.000742,0:00:00.000011,0:00:00.000042,0:00:00.000059,0:00:00.004335,0:00:00.003998,0:00:00.004239,0:00:00.003737,0:00:00.004167,0:00:00.004221,0:00:00.003603,0:00:00.004195,0:00:00.003526,0:00:00.004538,0:00:00.003882,0:00:00.009667,0:00:00.003638,0:00:00.004210,0:00:00.003621,0:00:00.004223,0:00:00.003654,0:00:00.004095,0:00:00.003695,0:00:00.004063,0:00:00.003647,0:00:00.004134,0:00:00.003533,0:00:00.003577,0:00:00.003371,0:00:00.003649,0:00:00.003452,0:00:00.004137,0:00:00.003491,0:00:00.004175,0:00:00.003522,,0:00:00.149462
