graph_name , nodes_count , edges_count, degree, degree cent., max neighbor degree, min neighbor degree, avg neighbor degree, std neighbor degree, eigenvector cent., closeness cent., harmonic cent., betweenness cent., coloring largest first, coloring smallest last, coloring independent set, coloring random sequential,coloring connected sequential dfs, coloring connected sequential bfs, edges within egonet, node clique number, number of cliques, clustering coef., square clustering coef., page rank, hubs value, triangles, core number, random,0,1,2,3,4,5,6,7,8,9,10,11,12,13,14,15,16,17,18,19,20,21,22,23,24,25,26,27,28,29,30, Total Time 
0,34,31,0:00:00.000002,0:00:00.000035,0:00:00.000079,0:00:00.000079,0:00:00.000079,0:00:00.000079,0:00:00.000481,0:00:00.000342,0:00:00.000471,0:00:00.001062,0:00:00.000077,0:00:00.000064,0:00:00.003379,0:00:00.000075,0:00:00.000342,0:00:00.000320,0:00:00.001728,0:00:00.000146,0:00:00.003178,0:00:00.000231,0:00:00.000448,0:00:00.004721,0:00:00.001465,0:00:00.000019,0:00:00.000079,0:00:00.000111,0:00:00.004317,0:00:00.003540,0:00:00.004100,0:00:00.003557,0:00:00.004310,0:00:00.003496,0:00:00.004004,0:00:00.003260,0:00:00.003843,0:00:00.003494,0:00:00.003683,0:00:00.005653,0:00:00.004004,0:00:00.003473,0:00:00.004101,0:00:00.003457,0:00:00.003462,0:00:00.003532,0:00:00.003958,0:00:00.003463,0:00:00.004102,0:00:00.003422,0:00:00.003973,0:00:00.003539,0:00:00.003449,0:00:00.003332,0:00:00.004038,0:00:00.003294,0:00:00.003904,0:00:00.003471,0:00:00.004047,,0:00:00.163195
graph_name , nodes_count , edges_count, degree, degree cent., max neighbor degree, min neighbor degree, avg neighbor degree, std neighbor degree, eigenvector cent., closeness cent., harmonic cent., betweenness cent., coloring largest first, coloring smallest last, coloring independent set, coloring random sequential,coloring connected sequential dfs, coloring connected sequential bfs, edges within egonet, node clique number, number of cliques, clustering coef., square clustering coef., page rank, hubs value, triangles, core number, random,0,1,2,3,4,5,6,7,8,9,10,11,12,13,14,15,16,17,18,19,20,21,22,23,24,25,26,27,28,29,30, Total Time 
1,38,34,0:00:00.000002,0:00:00.000039,0:00:00.000089,0:00:00.000089,0:00:00.000089,0:00:00.000089,0:00:00.000547,0:00:00.000420,0:00:00.000596,0:00:00.001462,0:00:00.000086,0:00:00.000071,0:00:00.004490,0:00:00.000083,0:00:00.000390,0:00:00.000359,0:00:00.001913,0:00:00.000163,0:00:00.004041,0:00:00.000262,0:00:00.000565,0:00:00.004817,0:00:00.001614,0:00:00.000024,0:00:00.000089,0:00:00.000132,0:00:00.015860,0:00:00.007954,0:00:00.004606,0:00:00.008721,0:00:00.005202,0:00:00.004472,0:00:00.009320,0:00:00.004539,0:00:00.004519,0:00:00.005091,0:00:00.004707,0:00:00.009492,0:00:00.004604,0:00:00.004697,0:00:00.004514,0:00:00.004624,0:00:00.004602,0:00:00.004451,0:00:00.004661,0:00:00.004473,0:00:00.068346,0:00:00.004695,0:00:00.005045,0:00:00.004740,0:00:00.004849,0:00:00.004934,0:00:00.004679,0:00:00.005122,0:00:00.004701,0:00:00.004631,0:00:00.004731,,0:00:00.298178
graph_name , nodes_count , edges_count, degree, degree cent., max neighbor degree, min neighbor degree, avg neighbor degree, std neighbor degree, eigenvector cent., closeness cent., harmonic cent., betweenness cent., coloring largest first, coloring smallest last, coloring independent set, coloring random sequential,coloring connected sequential dfs, coloring connected sequential bfs, edges within egonet, node clique number, number of cliques, clustering coef., square clustering coef., page rank, hubs value, triangles, core number, random,0,1,2,3,4,5,6,7,8,9,10,11,12,13,14,15,16,17,18,19,20,21,22,23,24,25,26,27,28,29,30, Total Time 
2,40,38,0:00:00.000010,0:00:00.000043,0:00:00.000093,0:00:00.000093,0:00:00.000093,0:00:00.000093,0:00:00.000580,0:00:00.000470,0:00:00.000671,0:00:00.001687,0:00:00.000091,0:00:00.000077,0:00:00.004710,0:00:00.000088,0:00:00.000401,0:00:00.000385,0:00:00.002303,0:00:00.000172,0:00:00.004463,0:00:00.000283,0:00:00.000801,0:00:00.004862,0:00:00.001573,0:00:00.000025,0:00:00.000095,0:00:00.000143,0:00:00.004491,0:00:00.004623,0:00:00.004429,0:00:00.004444,0:00:00.005461,0:00:00.004895,0:00:00.004414,0:00:00.004447,0:00:00.004340,0:00:00.005120,0:00:00.004809,0:00:00.018040,0:00:00.004551,0:00:00.004456,0:00:00.004345,0:00:00.004332,0:00:00.004543,0:00:00.004275,0:00:00.004395,0:00:00.004427,0:00:00.004511,0:00:00.004396,0:00:00.004486,0:00:00.004409,0:00:00.004397,0:00:00.004425,0:00:00.004468,0:00:00.004309,0:00:00.004347,0:00:00.004130,0:00:00.004405,,0:00:00.206290
graph_name , nodes_count , edges_count, degree, degree cent., max neighbor degree, min neighbor degree, avg neighbor degree, std neighbor degree, eigenvector cent., closeness cent., harmonic cent., betweenness cent., coloring largest first, coloring smallest last, coloring independent set, coloring random sequential,coloring connected sequential dfs, coloring connected sequential bfs, edges within egonet, node clique number, number of cliques, clustering coef., square clustering coef., page rank, hubs value, triangles, core number, random,0,1,2,3,4,5,6,7,8,9,10,11,12,13,14,15,16,17,18,19,20,21,22,23,24,25,26,27,28,29,30, Total Time 
3,39,38,0:00:00.000002,0:00:00.000040,0:00:00.000091,0:00:00.000091,0:00:00.000091,0:00:00.000091,0:00:00.000570,0:00:00.000490,0:00:00.000692,0:00:00.001715,0:00:00.000087,0:00:00.000075,0:00:00.005250,0:00:00.000087,0:00:00.000386,0:00:00.000352,0:00:00.002318,0:00:00.000172,0:00:00.004322,0:00:00.000272,0:00:00.000823,0:00:00.004903,0:00:00.001541,0:00:00.000026,0:00:00.000096,0:00:00.000150,0:00:00.004527,0:00:00.004509,0:00:00.004489,0:00:00.004584,0:00:00.005712,0:00:00.004524,0:00:00.004462,0:00:00.004484,0:00:00.004288,0:00:00.004756,0:00:00.004930,0:00:00.016851,0:00:00.004342,0:00:00.004359,0:00:00.004396,0:00:00.004377,0:00:00.004467,0:00:00.004407,0:00:00.004334,0:00:00.004362,0:00:00.004466,0:00:00.004273,0:00:00.004429,0:00:00.004303,0:00:00.004322,0:00:00.004357,0:00:00.004468,0:00:00.004414,0:00:00.004284,0:00:00.004287,0:00:00.004477,,0:00:00.204921
graph_name , nodes_count , edges_count, degree, degree cent., max neighbor degree, min neighbor degree, avg neighbor degree, std neighbor degree, eigenvector cent., closeness cent., harmonic cent., betweenness cent., coloring largest first, coloring smallest last, coloring independent set, coloring random sequential,coloring connected sequential dfs, coloring connected sequential bfs, edges within egonet, node clique number, number of cliques, clustering coef., square clustering coef., page rank, hubs value, triangles, core number, random,0,1,2,3,4,5,6,7,8,9,10,11,12,13,14,15,16,17,18,19,20,21,22,23,24,25,26,27,28,29,30, Total Time 
4,37,36,0:00:00.000001,0:00:00.000029,0:00:00.000042,0:00:00.000042,0:00:00.000042,0:00:00.000042,0:00:00.000337,0:00:00.000274,0:00:00.000390,0:00:00.000680,0:00:00.000039,0:00:00.000032,0:00:00.001936,0:00:00.000038,0:00:00.000165,0:00:00.000233,0:00:00.000951,0:00:00.000077,0:00:00.001819,0:00:00.000122,0:00:00.000305,0:00:00.002217,0:00:00.000783,0:00:00.000012,0:00:00.000045,0:00:00.000063,0:00:00.004414,0:00:00.003792,0:00:00.002751,0:00:00.004323,0:00:00.004122,0:00:00.003575,0:00:00.003483,0:00:00.003584,0:00:00.003489,0:00:00.003601,0:00:00.003820,0:00:00.008736,0:00:00.003503,0:00:00.003517,0:00:00.003474,0:00:00.003452,0:00:00.003403,0:00:00.003320,0:00:00.003410,0:00:00.003354,0:00:00.003452,0:00:00.003329,0:00:00.003261,0:00:00.003358,0:00:00.003408,0:00:00.002567,0:00:00.003272,0:00:00.003320,0:00:00.003423,0:00:00.003344,0:00:00.003499,,0:00:00.137745
graph_name , nodes_count , edges_count, degree, degree cent., max neighbor degree, min neighbor degree, avg neighbor degree, std neighbor degree, eigenvector cent., closeness cent., harmonic cent., betweenness cent., coloring largest first, coloring smallest last, coloring independent set, coloring random sequential,coloring connected sequential dfs, coloring connected sequential bfs, edges within egonet, node clique number, number of cliques, clustering coef., square clustering coef., page rank, hubs value, triangles, core number, random,0,1,2,3,4,5,6,7,8,9,10,11,12,13,14,15,16,17,18,19,20,21,22,23,24,25,26,27,28,29,30, Total Time 
5,33,31,0:00:00.000001,0:00:00.000029,0:00:00.000059,0:00:00.000059,0:00:00.000059,0:00:00.000059,0:00:00.000376,0:00:00.000272,0:00:00.000383,0:00:00.000865,0:00:00.000059,0:00:00.000049,0:00:00.002624,0:00:00.000058,0:00:00.000251,0:00:00.000240,0:00:00.001372,0:00:00.000113,0:00:00.002357,0:00:00.000180,0:00:00.000376,0:00:00.003588,0:00:00.001161,0:00:00.000015,0:00:00.000062,0:00:00.000097,0:00:00.003490,0:00:00.002813,0:00:00.003329,0:00:00.003576,0:00:00.003735,0:00:00.003496,0:00:00.003371,0:00:00.003515,0:00:00.003416,0:00:00.002760,0:00:00.003486,0:00:00.006395,0:00:00.003465,0:00:00.003569,0:00:00.003420,0:00:00.003405,0:00:00.003409,0:00:00.003524,0:00:00.003372,0:00:00.003469,0:00:00.003344,0:00:00.003514,0:00:00.003352,0:00:00.003574,0:00:00.003414,0:00:00.003305,0:00:00.003468,0:00:00.003464,0:00:00.003321,0:00:00.003385,0:00:00.003461,,0:00:00.143994
graph_name , nodes_count , edges_count, degree, degree cent., max neighbor degree, min neighbor degree, avg neighbor degree, std neighbor degree, eigenvector cent., closeness cent., harmonic cent., betweenness cent., coloring largest first, coloring smallest last, coloring independent set, coloring random sequential,coloring connected sequential dfs, coloring connected sequential bfs, edges within egonet, node clique number, number of cliques, clustering coef., square clustering coef., page rank, hubs value, triangles, core number, random,0,1,2,3,4,5,6,7,8,9,10,11,12,13,14,15,16,17,18,19,20,21,22,23,24,25,26,27,28,29,30, Total Time 
6,36,32,0:00:00.000002,0:00:00.000031,0:00:00.000064,0:00:00.000064,0:00:00.000064,0:00:00.000064,0:00:00.000463,0:00:00.000314,0:00:00.000450,0:00:00.001061,0:00:00.000063,0:00:00.000054,0:00:00.002982,0:00:00.000061,0:00:00.000268,0:00:00.000255,0:00:00.001410,0:00:00.000117,0:00:00.002693,0:00:00.000188,0:00:00.000394,0:00:00.003635,0:00:00.001155,0:00:00.000015,0:00:00.000067,0:00:00.000102,0:00:00.003630,0:00:00.003594,0:00:00.003530,0:00:00.003461,0:00:00.003917,0:00:00.003464,0:00:00.003560,0:00:00.003435,0:00:00.003633,0:00:00.003503,0:00:00.003685,0:00:00.006335,0:00:00.003404,0:00:00.003424,0:00:00.003570,0:00:00.003400,0:00:00.003474,0:00:00.003436,0:00:00.003479,0:00:00.003377,0:00:00.003507,0:00:00.003433,0:00:00.003588,0:00:00.003228,0:00:00.003416,0:00:00.003303,0:00:00.003487,0:00:00.003444,0:00:00.003491,0:00:00.003609,0:00:00.003253,,0:00:00.148700
graph_name , nodes_count , edges_count, degree, degree cent., max neighbor degree, min neighbor degree, avg neighbor degree, std neighbor degree, eigenvector cent., closeness cent., harmonic cent., betweenness cent., coloring largest first, coloring smallest last, coloring independent set, coloring random sequential,coloring connected sequential dfs, coloring connected sequential bfs, edges within egonet, node clique number, number of cliques, clustering coef., square clustering coef., page rank, hubs value, triangles, core number, random,0,1,2,3,4,5,6,7,8,9,10,11,12,13,14,15,16,17,18,19,20,21,22,23,24,25,26,27,28,29,30, Total Time 
7,38,36,0:00:00.000002,0:00:00.000034,0:00:00.000087,0:00:00.000087,0:00:00.000087,0:00:00.000087,0:00:00.000569,0:00:00.000464,0:00:00.000664,0:00:00.001653,0:00:00.000088,0:00:00.000074,0:00:00.004458,0:00:00.000098,0:00:00.000374,0:00:00.000334,0:00:00.002199,0:00:00.000170,0:00:00.004215,0:00:00.000260,0:00:00.000653,0:00:00.004808,0:00:00.001504,0:00:00.000026,0:00:00.000093,0:00:00.000143,0:00:00.003559,0:00:00.003622,0:00:00.003462,0:00:00.003665,0:00:00.004024,0:00:00.003582,0:00:00.003430,0:00:00.003398,0:00:00.003394,0:00:00.004345,0:00:00.004629,0:00:00.008971,0:00:00.004411,0:00:00.003834,0:00:00.004306,0:00:00.003667,0:00:00.003512,0:00:00.004142,0:00:00.003578,0:00:00.004262,0:00:00.003502,0:00:00.004333,0:00:00.003571,0:00:00.004404,0:00:00.003656,0:00:00.004368,0:00:00.003549,0:00:00.004255,0:00:00.003527,0:00:00.004156,0:00:00.004425,,0:00:00.177327
graph_name , nodes_count , edges_count, degree, degree cent., max neighbor degree, min neighbor degree, avg neighbor degree, std neighbor degree, eigenvector cent., closeness cent., harmonic cent., betweenness cent., coloring largest first, coloring smallest last, coloring independent set, coloring random sequential,coloring connected sequential dfs, coloring connected sequential bfs, edges within egonet, node clique number, number of cliques, clustering coef., square clustering coef., page rank, hubs value, triangles, core number, random,0,1,2,3,4,5,6,7,8,9,10,11,12,13,14,15,16,17,18,19,20,21,22,23,24,25,26,27,28,29,30, Total Time 
8,39,36,0:00:00.000001,0:00:00.000034,0:00:00.000069,0:00:00.000069,0:00:00.000069,0:00:00.000069,0:00:00.000486,0:00:00.000386,0:00:00.000556,0:00:00.001347,0:00:00.000068,0:00:00.000056,0:00:00.003570,0:00:00.000065,0:00:00.000408,0:00:00.000274,0:00:00.001614,0:00:00.000131,0:00:00.003293,0:00:00.000208,0:00:00.000504,0:00:00.003703,0:00:00.001214,0:00:00.000020,0:00:00.000074,0:00:00.000106,0:00:00.003699,0:00:00.004484,0:00:00.003705,0:00:00.004471,0:00:00.004269,0:00:00.004451,0:00:00.003719,0:00:00.004274,0:00:00.003519,0:00:00.004587,0:00:00.003749,0:00:00.012344,0:00:00.003624,0:00:00.004425,0:00:00.003681,0:00:00.004322,0:00:00.003618,0:00:00.004342,0:00:00.003578,0:00:00.004315,0:00:00.003600,0:00:00.004367,0:00:00.003573,0:00:00.004252,0:00:00.003632,0:00:00.004182,0:00:00.003564,0:00:00.004113,0:00:00.003477,0:00:00.004209,0:00:00.003488,,0:00:00.171864
graph_name , nodes_count , edges_count, degree, degree cent., max neighbor degree, min neighbor degree, avg neighbor degree, std neighbor degree, eigenvector cent., closeness cent., harmonic cent., betweenness cent., coloring largest first, coloring smallest last, coloring independent set, coloring random sequential,coloring connected sequential dfs, coloring connected sequential bfs, edges within egonet, node clique number, number of cliques, clustering coef., square clustering coef., page rank, hubs value, triangles, core number, random,0,1,2,3,4,5,6,7,8,9,10,11,12,13,14,15,16,17,18,19,20,21,22,23,24,25,26,27,28,29,30, Total Time 
9,37,33,0:00:00.000002,0:00:00.000022,0:00:00.000065,0:00:00.000065,0:00:00.000065,0:00:00.000065,0:00:00.000430,0:00:00.000312,0:00:00.000508,0:00:00.001000,0:00:00.000062,0:00:00.000054,0:00:00.003178,0:00:00.000061,0:00:00.000287,0:00:00.000269,0:00:00.001468,0:00:00.000117,0:00:00.002860,0:00:00.000199,0:00:00.000402,0:00:00.003734,0:00:00.001110,0:00:00.000023,0:00:00.000064,0:00:00.000092,0:00:00.004258,0:00:00.003725,0:00:00.004351,0:00:00.003653,0:00:00.004869,0:00:00.004409,0:00:00.003606,0:00:00.004268,0:00:00.003561,0:00:00.004430,0:00:00.003699,0:00:00.008640,0:00:00.003592,0:00:00.004233,0:00:00.003631,0:00:00.004213,0:00:00.003603,0:00:00.004284,0:00:00.003585,0:00:00.004254,0:00:00.003569,0:00:00.004160,0:00:00.003426,0:00:00.004105,0:00:00.003598,0:00:00.004305,0:00:00.003550,0:00:00.004190,0:00:00.003563,0:00:00.004157,0:00:00.003420,,0:00:00.164833
graph_name , nodes_count , edges_count, degree, degree cent., max neighbor degree, min neighbor degree, avg neighbor degree, std neighbor degree, eigenvector cent., closeness cent., harmonic cent., betweenness cent., coloring largest first, coloring smallest last, coloring independent set, coloring random sequential,coloring connected sequential dfs, coloring connected sequential bfs, edges within egonet, node clique number, number of cliques, clustering coef., square clustering coef., page rank, hubs value, triangles, core number, random,0,1,2,3,4,5,6,7,8,9,10,11,12,13,14,15,16,17,18,19,20,21,22,23,24,25,26,27,28,29,30, Total Time 
10,38,36,0:00:00.000002,0:00:00.000039,0:00:00.000088,0:00:00.000088,0:00:00.000088,0:00:00.000088,0:00:00.000555,0:00:00.000475,0:00:00.000672,0:00:00.001639,0:00:00.000086,0:00:00.000074,0:00:00.004460,0:00:00.000085,0:00:00.000367,0:00:00.000334,0:00:00.002067,0:00:00.000167,0:00:00.004199,0:00:00.000260,0:00:00.000646,0:00:00.004870,0:00:00.001591,0:00:00.000024,0:00:00.000092,0:00:00.000146,0:00:00.004445,0:00:00.003725,0:00:00.004314,0:00:00.003552,0:00:00.005125,0:00:00.003675,0:00:00.004348,0:00:00.003664,0:00:00.004222,0:00:00.004555,0:00:00.004641,0:00:00.011193,0:00:00.004433,0:00:00.004371,0:00:00.004398,0:00:00.004368,0:00:00.004432,0:00:00.004145,0:00:00.004507,0:00:00.004332,0:00:00.004202,0:00:00.004367,0:00:00.004320,0:00:00.004297,0:00:00.004377,0:00:00.004206,0:00:00.004211,0:00:00.004124,0:00:00.004357,0:00:00.004229,0:00:00.004329,,0:00:00.191368
graph_name , nodes_count , edges_count, degree, degree cent., max neighbor degree, min neighbor degree, avg neighbor degree, std neighbor degree, eigenvector cent., closeness cent., harmonic cent., betweenness cent., coloring largest first, coloring smallest last, coloring independent set, coloring random sequential,coloring connected sequential dfs, coloring connected sequential bfs, edges within egonet, node clique number, number of cliques, clustering coef., square clustering coef., page rank, hubs value, triangles, core number, random,0,1,2,3,4,5,6,7,8,9,10,11,12,13,14,15,16,17,18,19,20,21,22,23,24,25,26,27,28,29,30, Total Time 
11,35,33,0:00:00.000002,0:00:00.000038,0:00:00.000081,0:00:00.000081,0:00:00.000081,0:00:00.000081,0:00:00.000505,0:00:00.000405,0:00:00.000555,0:00:00.001310,0:00:00.000078,0:00:00.000066,0:00:00.003981,0:00:00.000076,0:00:00.000341,0:00:00.000317,0:00:00.001914,0:00:00.000150,0:00:00.003514,0:00:00.000246,0:00:00.000525,0:00:00.004727,0:00:00.001470,0:00:00.000022,0:00:00.000085,0:00:00.000122,0:00:00.004402,0:00:00.004564,0:00:00.004276,0:00:00.004388,0:00:00.004810,0:00:00.003759,0:00:00.004262,0:00:00.004314,0:00:00.004161,0:00:00.004722,0:00:00.004527,0:00:00.008561,0:00:00.004243,0:00:00.004404,0:00:00.004260,0:00:00.004336,0:00:00.004337,0:00:00.004260,0:00:00.004210,0:00:00.004275,0:00:00.004272,0:00:00.004396,0:00:00.004197,0:00:00.004237,0:00:00.004199,0:00:00.004221,0:00:00.004175,0:00:00.004079,0:00:00.004219,0:00:00.004076,0:00:00.004142,,0:00:00.185292
graph_name , nodes_count , edges_count, degree, degree cent., max neighbor degree, min neighbor degree, avg neighbor degree, std neighbor degree, eigenvector cent., closeness cent., harmonic cent., betweenness cent., coloring largest first, coloring smallest last, coloring independent set, coloring random sequential,coloring connected sequential dfs, coloring connected sequential bfs, edges within egonet, node clique number, number of cliques, clustering coef., square clustering coef., page rank, hubs value, triangles, core number, random,0,1,2,3,4,5,6,7,8,9,10,11,12,13,14,15,16,17,18,19,20,21,22,23,24,25,26,27,28,29,30, Total Time 
12,39,35,0:00:00.000002,0:00:00.000032,0:00:00.000091,0:00:00.000091,0:00:00.000091,0:00:00.000091,0:00:00.000556,0:00:00.000452,0:00:00.000648,0:00:00.001588,0:00:00.000085,0:00:00.000074,0:00:00.004629,0:00:00.000085,0:00:00.000392,0:00:00.000374,0:00:00.002009,0:00:00.000161,0:00:00.004235,0:00:00.000267,0:00:00.000681,0:00:00.005060,0:00:00.001482,0:00:00.000025,0:00:00.000089,0:00:00.000134,0:00:00.004320,0:00:00.004288,0:00:00.004306,0:00:00.004251,0:00:00.004956,0:00:00.004228,0:00:00.004243,0:00:00.004363,0:00:00.004279,0:00:00.004509,0:00:00.004833,0:00:00.010107,0:00:00.004246,0:00:00.004279,0:00:00.004299,0:00:00.004325,0:00:00.004354,0:00:00.004262,0:00:00.004312,0:00:00.004369,0:00:00.004228,0:00:00.004318,0:00:00.004362,0:00:00.004273,0:00:00.004340,0:00:00.004294,0:00:00.004196,0:00:00.004227,0:00:00.004262,0:00:00.004219,0:00:00.004273,,0:00:00.192363
graph_name , nodes_count , edges_count, degree, degree cent., max neighbor degree, min neighbor degree, avg neighbor degree, std neighbor degree, eigenvector cent., closeness cent., harmonic cent., betweenness cent., coloring largest first, coloring smallest last, coloring independent set, coloring random sequential,coloring connected sequential dfs, coloring connected sequential bfs, edges within egonet, node clique number, number of cliques, clustering coef., square clustering coef., page rank, hubs value, triangles, core number, random,0,1,2,3,4,5,6,7,8,9,10,11,12,13,14,15,16,17,18,19,20,21,22,23,24,25,26,27,28,29,30, Total Time 
13,38,35,0:00:00.000002,0:00:00.000039,0:00:00.000087,0:00:00.000087,0:00:00.000087,0:00:00.000087,0:00:00.000538,0:00:00.000427,0:00:00.000598,0:00:00.001467,0:00:00.000085,0:00:00.000073,0:00:00.004414,0:00:00.000084,0:00:00.000380,0:00:00.000359,0:00:00.001972,0:00:00.000168,0:00:00.004089,0:00:00.000257,0:00:00.000605,0:00:00.004677,0:00:00.001512,0:00:00.000023,0:00:00.000088,0:00:00.000129,0:00:00.004333,0:00:00.004332,0:00:00.003734,0:00:00.004463,0:00:00.005018,0:00:00.004271,0:00:00.004378,0:00:00.004264,0:00:00.003702,0:00:00.004513,0:00:00.004575,0:00:00.010687,0:00:00.004309,0:00:00.004295,0:00:00.004329,0:00:00.004409,0:00:00.004258,0:00:00.004287,0:00:00.004379,0:00:00.004284,0:00:00.004360,0:00:00.004323,0:00:00.004226,0:00:00.004123,0:00:00.004327,0:00:00.004134,0:00:00.004114,0:00:00.004176,0:00:00.004236,0:00:00.004311,0:00:00.004399,,0:00:00.189302
graph_name , nodes_count , edges_count, degree, degree cent., max neighbor degree, min neighbor degree, avg neighbor degree, std neighbor degree, eigenvector cent., closeness cent., harmonic cent., betweenness cent., coloring largest first, coloring smallest last, coloring independent set, coloring random sequential,coloring connected sequential dfs, coloring connected sequential bfs, edges within egonet, node clique number, number of cliques, clustering coef., square clustering coef., page rank, hubs value, triangles, core number, random,0,1,2,3,4,5,6,7,8,9,10,11,12,13,14,15,16,17,18,19,20,21,22,23,24,25,26,27,28,29,30, Total Time 
14,33,30,0:00:00.000002,0:00:00.000037,0:00:00.000082,0:00:00.000082,0:00:00.000082,0:00:00.000082,0:00:00.000530,0:00:00.000408,0:00:00.000507,0:00:00.001189,0:00:00.000079,0:00:00.000064,0:00:00.003679,0:00:00.000076,0:00:00.000351,0:00:00.000331,0:00:00.001697,0:00:00.000153,0:00:00.003337,0:00:00.000234,0:00:00.000416,0:00:00.005176,0:00:00.001558,0:00:00.000021,0:00:00.000084,0:00:00.000124,0:00:00.004408,0:00:00.004320,0:00:00.004319,0:00:00.004348,0:00:00.004491,0:00:00.003845,0:00:00.004355,0:00:00.004385,0:00:00.004253,0:00:00.004484,0:00:00.004274,0:00:00.006412,0:00:00.004391,0:00:00.004228,0:00:00.004331,0:00:00.004234,0:00:00.004212,0:00:00.004249,0:00:00.004309,0:00:00.004351,0:00:00.004314,0:00:00.004367,0:00:00.004339,0:00:00.004219,0:00:00.004344,0:00:00.004342,0:00:00.004224,0:00:00.004330,0:00:00.004150,0:00:00.004216,0:00:00.004147,,0:00:00.184013
graph_name , nodes_count , edges_count, degree, degree cent., max neighbor degree, min neighbor degree, avg neighbor degree, std neighbor degree, eigenvector cent., closeness cent., harmonic cent., betweenness cent., coloring largest first, coloring smallest last, coloring independent set, coloring random sequential,coloring connected sequential dfs, coloring connected sequential bfs, edges within egonet, node clique number, number of cliques, clustering coef., square clustering coef., page rank, hubs value, triangles, core number, random,0,1,2,3,4,5,6,7,8,9,10,11,12,13,14,15,16,17,18,19,20,21,22,23,24,25,26,27,28,29,30, Total Time 
15,39,37,0:00:00.000002,0:00:00.000042,0:00:00.000089,0:00:00.000089,0:00:00.000089,0:00:00.000089,0:00:00.000552,0:00:00.000478,0:00:00.000684,0:00:00.001673,0:00:00.000103,0:00:00.000076,0:00:00.004608,0:00:00.000083,0:00:00.000364,0:00:00.000339,0:00:00.002223,0:00:00.000168,0:00:00.004250,0:00:00.000263,0:00:00.000743,0:00:00.004682,0:00:00.001554,0:00:00.000026,0:00:00.000093,0:00:00.000140,0:00:00.004390,0:00:00.004472,0:00:00.004264,0:00:00.004341,0:00:00.004619,0:00:00.004261,0:00:00.004423,0:00:00.004233,0:00:00.004353,0:00:00.004647,0:00:00.004109,0:00:00.013819,0:00:00.004703,0:00:00.004280,0:00:00.004289,0:00:00.004423,0:00:00.004893,0:00:00.004329,0:00:00.004337,0:00:00.004464,0:00:00.003782,0:00:00.004331,0:00:00.004275,0:00:00.004466,0:00:00.004290,0:00:00.004251,0:00:00.004305,0:00:00.004178,0:00:00.004227,0:00:00.004126,0:00:00.004241,,0:00:00.195642
graph_name , nodes_count , edges_count, degree, degree cent., max neighbor degree, min neighbor degree, avg neighbor degree, std neighbor degree, eigenvector cent., closeness cent., harmonic cent., betweenness cent., coloring largest first, coloring smallest last, coloring independent set, coloring random sequential,coloring connected sequential dfs, coloring connected sequential bfs, edges within egonet, node clique number, number of cliques, clustering coef., square clustering coef., page rank, hubs value, triangles, core number, random,0,1,2,3,4,5,6,7,8,9,10,11,12,13,14,15,16,17,18,19,20,21,22,23,24,25,26,27,28,29,30, Total Time 
16,35,33,0:00:00.000002,0:00:00.000039,0:00:00.000082,0:00:00.000082,0:00:00.000082,0:00:00.000082,0:00:00.000514,0:00:00.000426,0:00:00.000583,0:00:00.001356,0:00:00.000082,0:00:00.000070,0:00:00.004043,0:00:00.000080,0:00:00.000355,0:00:00.000336,0:00:00.001888,0:00:00.000160,0:00:00.003755,0:00:00.000249,0:00:00.000563,0:00:00.005023,0:00:00.001540,0:00:00.000022,0:00:00.000088,0:00:00.000128,0:00:00.004410,0:00:00.004283,0:00:00.004301,0:00:00.004370,0:00:00.004769,0:00:00.003922,0:00:00.004323,0:00:00.004322,0:00:00.004321,0:00:00.004506,0:00:00.004687,0:00:00.007380,0:00:00.004336,0:00:00.004234,0:00:00.004328,0:00:00.004369,0:00:00.004332,0:00:00.003774,0:00:00.004196,0:00:00.003721,0:00:00.004205,0:00:00.004219,0:00:00.004321,0:00:00.004268,0:00:00.004231,0:00:00.004304,0:00:00.004346,0:00:00.003647,0:00:00.004266,0:00:00.004102,0:00:00.004211,,0:00:00.185589
graph_name , nodes_count , edges_count, degree, degree cent., max neighbor degree, min neighbor degree, avg neighbor degree, std neighbor degree, eigenvector cent., closeness cent., harmonic cent., betweenness cent., coloring largest first, coloring smallest last, coloring independent set, coloring random sequential,coloring connected sequential dfs, coloring connected sequential bfs, edges within egonet, node clique number, number of cliques, clustering coef., square clustering coef., page rank, hubs value, triangles, core number, random,0,1,2,3,4,5,6,7,8,9,10,11,12,13,14,15,16,17,18,19,20,21,22,23,24,25,26,27,28,29,30, Total Time 
17,38,36,0:00:00.000002,0:00:00.000053,0:00:00.000086,0:00:00.000086,0:00:00.000086,0:00:00.000086,0:00:00.000560,0:00:00.000430,0:00:00.000595,0:00:00.001412,0:00:00.000084,0:00:00.000071,0:00:00.004341,0:00:00.000084,0:00:00.000383,0:00:00.000368,0:00:00.002016,0:00:00.000171,0:00:00.004022,0:00:00.000261,0:00:00.000684,0:00:00.004737,0:00:00.001504,0:00:00.000022,0:00:00.000088,0:00:00.000122,0:00:00.004406,0:00:00.004356,0:00:00.004359,0:00:00.004387,0:00:00.005218,0:00:00.004345,0:00:00.004286,0:00:00.004311,0:00:00.004286,0:00:00.004658,0:00:00.004631,0:00:00.012372,0:00:00.004413,0:00:00.004321,0:00:00.004289,0:00:00.004106,0:00:00.003884,0:00:00.004336,0:00:00.003758,0:00:00.004272,0:00:00.004222,0:00:00.004269,0:00:00.004349,0:00:00.004229,0:00:00.004264,0:00:00.004238,0:00:00.004214,0:00:00.004266,0:00:00.004239,0:00:00.004263,0:00:00.004457,,0:00:00.191729
graph_name , nodes_count , edges_count, degree, degree cent., max neighbor degree, min neighbor degree, avg neighbor degree, std neighbor degree, eigenvector cent., closeness cent., harmonic cent., betweenness cent., coloring largest first, coloring smallest last, coloring independent set, coloring random sequential,coloring connected sequential dfs, coloring connected sequential bfs, edges within egonet, node clique number, number of cliques, clustering coef., square clustering coef., page rank, hubs value, triangles, core number, random,0,1,2,3,4,5,6,7,8,9,10,11,12,13,14,15,16,17,18,19,20,21,22,23,24,25,26,27,28,29,30, Total Time 
18,40,38,0:00:00.000002,0:00:00.000032,0:00:00.000090,0:00:00.000090,0:00:00.000090,0:00:00.000090,0:00:00.000568,0:00:00.000469,0:00:00.000674,0:00:00.001612,0:00:00.000085,0:00:00.000074,0:00:00.004738,0:00:00.000084,0:00:00.000381,0:00:00.000359,0:00:00.002037,0:00:00.000169,0:00:00.004541,0:00:00.000268,0:00:00.000729,0:00:00.004643,0:00:00.001425,0:00:00.000026,0:00:00.000105,0:00:00.000133,0:00:00.004401,0:00:00.004423,0:00:00.004382,0:00:00.004590,0:00:00.005362,0:00:00.004439,0:00:00.004224,0:00:00.004348,0:00:00.004357,0:00:00.004580,0:00:00.004697,0:00:00.014239,0:00:00.004302,0:00:00.004263,0:00:00.004365,0:00:00.004269,0:00:00.004434,0:00:00.004266,0:00:00.004322,0:00:00.004382,0:00:00.004441,0:00:00.004367,0:00:00.004316,0:00:00.004398,0:00:00.004284,0:00:00.004183,0:00:00.003793,0:00:00.004189,0:00:00.004297,0:00:00.004207,0:00:00.003715,,0:00:00.195725
graph_name , nodes_count , edges_count, degree, degree cent., max neighbor degree, min neighbor degree, avg neighbor degree, std neighbor degree, eigenvector cent., closeness cent., harmonic cent., betweenness cent., coloring largest first, coloring smallest last, coloring independent set, coloring random sequential,coloring connected sequential dfs, coloring connected sequential bfs, edges within egonet, node clique number, number of cliques, clustering coef., square clustering coef., page rank, hubs value, triangles, core number, random,0,1,2,3,4,5,6,7,8,9,10,11,12,13,14,15,16,17,18,19,20,21,22,23,24,25,26,27,28,29,30, Total Time 
19,36,33,0:00:00.000002,0:00:00.000037,0:00:00.000083,0:00:00.000083,0:00:00.000083,0:00:00.000083,0:00:00.000530,0:00:00.000392,0:00:00.000554,0:00:00.001258,0:00:00.000082,0:00:00.000068,0:00:00.004235,0:00:00.000079,0:00:00.000371,0:00:00.000350,0:00:00.002009,0:00:00.000159,0:00:00.003764,0:00:00.000249,0:00:00.000567,0:00:00.005016,0:00:00.001551,0:00:00.000020,0:00:00.000084,0:00:00.000128,0:00:00.004573,0:00:00.004348,0:00:00.004548,0:00:00.004454,0:00:00.005091,0:00:00.004463,0:00:00.004380,0:00:00.004301,0:00:00.004304,0:00:00.004486,0:00:00.004638,0:00:00.008998,0:00:00.004414,0:00:00.004403,0:00:00.004270,0:00:00.004356,0:00:00.004400,0:00:00.004169,0:00:00.004341,0:00:00.004269,0:00:00.004301,0:00:00.004158,0:00:00.004287,0:00:00.004279,0:00:00.004268,0:00:00.004209,0:00:00.004350,0:00:00.004154,0:00:00.004221,0:00:00.004085,0:00:00.004323,,0:00:00.189889
graph_name , nodes_count , edges_count, degree, degree cent., max neighbor degree, min neighbor degree, avg neighbor degree, std neighbor degree, eigenvector cent., closeness cent., harmonic cent., betweenness cent., coloring largest first, coloring smallest last, coloring independent set, coloring random sequential,coloring connected sequential dfs, coloring connected sequential bfs, edges within egonet, node clique number, number of cliques, clustering coef., square clustering coef., page rank, hubs value, triangles, core number, random,0,1,2,3,4,5,6,7,8,9,10,11,12,13,14,15,16,17,18,19,20,21,22,23,24,25,26,27,28,29,30, Total Time 
20,39,37,0:00:00.000002,0:00:00.000039,0:00:00.000087,0:00:00.000087,0:00:00.000087,0:00:00.000087,0:00:00.000551,0:00:00.000474,0:00:00.000686,0:00:00.001703,0:00:00.000086,0:00:00.000072,0:00:00.004604,0:00:00.000084,0:00:00.000363,0:00:00.000338,0:00:00.002114,0:00:00.000166,0:00:00.004290,0:00:00.000265,0:00:00.000755,0:00:00.004631,0:00:00.001500,0:00:00.000026,0:00:00.000091,0:00:00.000141,0:00:00.004512,0:00:00.004521,0:00:00.004404,0:00:00.004422,0:00:00.005494,0:00:00.004289,0:00:00.004340,0:00:00.004328,0:00:00.003844,0:00:00.004710,0:00:00.004783,0:00:00.014307,0:00:00.004653,0:00:00.004378,0:00:00.004306,0:00:00.004226,0:00:00.004349,0:00:00.004425,0:00:00.004285,0:00:00.004338,0:00:00.004390,0:00:00.004298,0:00:00.004374,0:00:00.004322,0:00:00.004272,0:00:00.004243,0:00:00.004300,0:00:00.004213,0:00:00.004182,0:00:00.004176,0:00:00.004369,,0:00:00.197192
graph_name , nodes_count , edges_count, degree, degree cent., max neighbor degree, min neighbor degree, avg neighbor degree, std neighbor degree, eigenvector cent., closeness cent., harmonic cent., betweenness cent., coloring largest first, coloring smallest last, coloring independent set, coloring random sequential,coloring connected sequential dfs, coloring connected sequential bfs, edges within egonet, node clique number, number of cliques, clustering coef., square clustering coef., page rank, hubs value, triangles, core number, random,0,1,2,3,4,5,6,7,8,9,10,11,12,13,14,15,16,17,18,19,20,21,22,23,24,25,26,27,28,29,30, Total Time 
21,39,38,0:00:00.000002,0:00:00.000040,0:00:00.000091,0:00:00.000091,0:00:00.000091,0:00:00.000091,0:00:00.000574,0:00:00.000505,0:00:00.000714,0:00:00.001779,0:00:00.000090,0:00:00.000075,0:00:00.004699,0:00:00.000086,0:00:00.000388,0:00:00.000358,0:00:00.002376,0:00:00.000174,0:00:00.004516,0:00:00.000286,0:00:00.000812,0:00:00.004936,0:00:00.001549,0:00:00.000025,0:00:00.000098,0:00:00.000142,0:00:00.004371,0:00:00.004406,0:00:00.004392,0:00:00.004364,0:00:00.005638,0:00:00.004315,0:00:00.004420,0:00:00.004308,0:00:00.004249,0:00:00.004183,0:00:00.004816,0:00:00.015505,0:00:00.004419,0:00:00.004381,0:00:00.004254,0:00:00.004350,0:00:00.004482,0:00:00.004343,0:00:00.004478,0:00:00.004306,0:00:00.004325,0:00:00.004380,0:00:00.004352,0:00:00.004272,0:00:00.004354,0:00:00.004231,0:00:00.004350,0:00:00.004260,0:00:00.004343,0:00:00.004220,0:00:00.004359,,0:00:00.201028
graph_name , nodes_count , edges_count, degree, degree cent., max neighbor degree, min neighbor degree, avg neighbor degree, std neighbor degree, eigenvector cent., closeness cent., harmonic cent., betweenness cent., coloring largest first, coloring smallest last, coloring independent set, coloring random sequential,coloring connected sequential dfs, coloring connected sequential bfs, edges within egonet, node clique number, number of cliques, clustering coef., square clustering coef., page rank, hubs value, triangles, core number, random,0,1,2,3,4,5,6,7,8,9,10,11,12,13,14,15,16,17,18,19,20,21,22,23,24,25,26,27,28,29,30, Total Time 
22,36,35,0:00:00.000003,0:00:00.000037,0:00:00.000082,0:00:00.000082,0:00:00.000082,0:00:00.000082,0:00:00.000513,0:00:00.000437,0:00:00.000593,0:00:00.001412,0:00:00.000081,0:00:00.000069,0:00:00.003932,0:00:00.000078,0:00:00.000343,0:00:00.000318,0:00:00.001982,0:00:00.000157,0:00:00.003567,0:00:00.000249,0:00:00.000610,0:00:00.004714,0:00:00.001512,0:00:00.000023,0:00:00.000089,0:00:00.000123,0:00:00.004412,0:00:00.004487,0:00:00.004322,0:00:00.004490,0:00:00.004937,0:00:00.004322,0:00:00.004337,0:00:00.004290,0:00:00.004495,0:00:00.004495,0:00:00.004047,0:00:00.009945,0:00:00.004437,0:00:00.004326,0:00:00.004400,0:00:00.004325,0:00:00.004503,0:00:00.004307,0:00:00.004517,0:00:00.004366,0:00:00.004337,0:00:00.004391,0:00:00.004304,0:00:00.004320,0:00:00.004336,0:00:00.004242,0:00:00.004289,0:00:00.004241,0:00:00.004231,0:00:00.004136,0:00:00.004319,,0:00:00.189768
graph_name , nodes_count , edges_count, degree, degree cent., max neighbor degree, min neighbor degree, avg neighbor degree, std neighbor degree, eigenvector cent., closeness cent., harmonic cent., betweenness cent., coloring largest first, coloring smallest last, coloring independent set, coloring random sequential,coloring connected sequential dfs, coloring connected sequential bfs, edges within egonet, node clique number, number of cliques, clustering coef., square clustering coef., page rank, hubs value, triangles, core number, random,0,1,2,3,4,5,6,7,8,9,10,11,12,13,14,15,16,17,18,19,20,21,22,23,24,25,26,27,28,29,30, Total Time 
23,35,33,0:00:00.000002,0:00:00.000037,0:00:00.000085,0:00:00.000085,0:00:00.000085,0:00:00.000085,0:00:00.000509,0:00:00.000421,0:00:00.000632,0:00:00.001397,0:00:00.000082,0:00:00.000068,0:00:00.003850,0:00:00.000078,0:00:00.000363,0:00:00.000346,0:00:00.001879,0:00:00.000161,0:00:00.003654,0:00:00.000250,0:00:00.000527,0:00:00.005035,0:00:00.001799,0:00:00.000023,0:00:00.000089,0:00:00.000124,0:00:00.004359,0:00:00.004234,0:00:00.004328,0:00:00.004371,0:00:00.004910,0:00:00.004482,0:00:00.004314,0:00:00.004459,0:00:00.004252,0:00:00.003882,0:00:00.004624,0:00:00.008260,0:00:00.004440,0:00:00.004374,0:00:00.004420,0:00:00.004336,0:00:00.004422,0:00:00.004260,0:00:00.004312,0:00:00.004271,0:00:00.004352,0:00:00.004340,0:00:00.004354,0:00:00.004319,0:00:00.004248,0:00:00.004239,0:00:00.004395,0:00:00.004222,0:00:00.004304,0:00:00.004200,0:00:00.004380,,0:00:00.189024
graph_name , nodes_count , edges_count, degree, degree cent., max neighbor degree, min neighbor degree, avg neighbor degree, std neighbor degree, eigenvector cent., closeness cent., harmonic cent., betweenness cent., coloring largest first, coloring smallest last, coloring independent set, coloring random sequential,coloring connected sequential dfs, coloring connected sequential bfs, edges within egonet, node clique number, number of cliques, clustering coef., square clustering coef., page rank, hubs value, triangles, core number, random,0,1,2,3,4,5,6,7,8,9,10,11,12,13,14,15,16,17,18,19,20,21,22,23,24,25,26,27,28,29,30, Total Time 
24,37,34,0:00:00.000003,0:00:00.000039,0:00:00.000083,0:00:00.000083,0:00:00.000083,0:00:00.000083,0:00:00.000527,0:00:00.000429,0:00:00.000624,0:00:00.001509,0:00:00.000083,0:00:00.000070,0:00:00.004213,0:00:00.000080,0:00:00.000349,0:00:00.000326,0:00:00.002052,0:00:00.000160,0:00:00.003808,0:00:00.000249,0:00:00.000581,0:00:00.004766,0:00:00.001542,0:00:00.000020,0:00:00.000088,0:00:00.000132,0:00:00.004425,0:00:00.004480,0:00:00.004218,0:00:00.004617,0:00:00.005001,0:00:00.004418,0:00:00.004412,0:00:00.004335,0:00:00.004277,0:00:00.004544,0:00:00.004473,0:00:00.009996,0:00:00.004281,0:00:00.004344,0:00:00.004294,0:00:00.004273,0:00:00.003831,0:00:00.004280,0:00:00.004352,0:00:00.004348,0:00:00.004312,0:00:00.004273,0:00:00.004355,0:00:00.004304,0:00:00.004336,0:00:00.004343,0:00:00.004357,0:00:00.004205,0:00:00.004290,0:00:00.004328,0:00:00.004303,,0:00:00.190083
graph_name , nodes_count , edges_count, degree, degree cent., max neighbor degree, min neighbor degree, avg neighbor degree, std neighbor degree, eigenvector cent., closeness cent., harmonic cent., betweenness cent., coloring largest first, coloring smallest last, coloring independent set, coloring random sequential,coloring connected sequential dfs, coloring connected sequential bfs, edges within egonet, node clique number, number of cliques, clustering coef., square clustering coef., page rank, hubs value, triangles, core number, random,0,1,2,3,4,5,6,7,8,9,10,11,12,13,14,15,16,17,18,19,20,21,22,23,24,25,26,27,28,29,30, Total Time 
25,37,36,0:00:00.000002,0:00:00.000040,0:00:00.000087,0:00:00.000087,0:00:00.000087,0:00:00.000087,0:00:00.000535,0:00:00.000441,0:00:00.000633,0:00:00.001531,0:00:00.000084,0:00:00.000073,0:00:00.004105,0:00:00.000081,0:00:00.000353,0:00:00.000332,0:00:00.002086,0:00:00.000165,0:00:00.003969,0:00:00.000259,0:00:00.000657,0:00:00.004887,0:00:00.001549,0:00:00.000026,0:00:00.000090,0:00:00.000144,0:00:00.004425,0:00:00.004418,0:00:00.004487,0:00:00.004453,0:00:00.005195,0:00:00.004552,0:00:00.004352,0:00:00.004518,0:00:00.004246,0:00:00.003949,0:00:00.004620,0:00:00.010944,0:00:00.004431,0:00:00.003831,0:00:00.004318,0:00:00.003709,0:00:00.004360,0:00:00.003815,0:00:00.004206,0:00:00.004338,0:00:00.004325,0:00:00.003789,0:00:00.004345,0:00:00.003667,0:00:00.004160,0:00:00.003667,0:00:00.004243,0:00:00.003608,0:00:00.004325,0:00:00.003638,0:00:00.004426,,0:00:00.188479
graph_name , nodes_count , edges_count, degree, degree cent., max neighbor degree, min neighbor degree, avg neighbor degree, std neighbor degree, eigenvector cent., closeness cent., harmonic cent., betweenness cent., coloring largest first, coloring smallest last, coloring independent set, coloring random sequential,coloring connected sequential dfs, coloring connected sequential bfs, edges within egonet, node clique number, number of cliques, clustering coef., square clustering coef., page rank, hubs value, triangles, core number, random,0,1,2,3,4,5,6,7,8,9,10,11,12,13,14,15,16,17,18,19,20,21,22,23,24,25,26,27,28,29,30, Total Time 
26,38,36,0:00:00.000002,0:00:00.000040,0:00:00.000088,0:00:00.000088,0:00:00.000088,0:00:00.000088,0:00:00.000547,0:00:00.000462,0:00:00.000649,0:00:00.001633,0:00:00.000087,0:00:00.000072,0:00:00.004439,0:00:00.000081,0:00:00.000353,0:00:00.000327,0:00:00.002389,0:00:00.000165,0:00:00.004106,0:00:00.000264,0:00:00.000641,0:00:00.004782,0:00:00.001502,0:00:00.000023,0:00:00.000094,0:00:00.000137,0:00:00.003849,0:00:00.004477,0:00:00.004372,0:00:00.004454,0:00:00.005148,0:00:00.004366,0:00:00.004265,0:00:00.004331,0:00:00.004268,0:00:00.004491,0:00:00.004580,0:00:00.011435,0:00:00.003786,0:00:00.004412,0:00:00.004338,0:00:00.004287,0:00:00.004225,0:00:00.004373,0:00:00.004165,0:00:00.004402,0:00:00.004313,0:00:00.004385,0:00:00.004334,0:00:00.004329,0:00:00.004401,0:00:00.004284,0:00:00.004271,0:00:00.004164,0:00:00.004093,0:00:00.004179,0:00:00.004245,,0:00:00.192053
graph_name , nodes_count , edges_count, degree, degree cent., max neighbor degree, min neighbor degree, avg neighbor degree, std neighbor degree, eigenvector cent., closeness cent., harmonic cent., betweenness cent., coloring largest first, coloring smallest last, coloring independent set, coloring random sequential,coloring connected sequential dfs, coloring connected sequential bfs, edges within egonet, node clique number, number of cliques, clustering coef., square clustering coef., page rank, hubs value, triangles, core number, random,0,1,2,3,4,5,6,7,8,9,10,11,12,13,14,15,16,17,18,19,20,21,22,23,24,25,26,27,28,29,30, Total Time 
27,36,34,0:00:00.000004,0:00:00.000038,0:00:00.000083,0:00:00.000083,0:00:00.000083,0:00:00.000083,0:00:00.000525,0:00:00.000415,0:00:00.000589,0:00:00.001378,0:00:00.000081,0:00:00.000068,0:00:00.003945,0:00:00.000079,0:00:00.000504,0:00:00.000342,0:00:00.001964,0:00:00.000160,0:00:00.003931,0:00:00.000249,0:00:00.000569,0:00:00.004874,0:00:00.001525,0:00:00.000024,0:00:00.000095,0:00:00.000127,0:00:00.004513,0:00:00.004399,0:00:00.004415,0:00:00.004509,0:00:00.004926,0:00:00.004631,0:00:00.004352,0:00:00.004264,0:00:00.004331,0:00:00.004492,0:00:00.004698,0:00:00.009102,0:00:00.004368,0:00:00.004356,0:00:00.004331,0:00:00.004281,0:00:00.004379,0:00:00.004198,0:00:00.004282,0:00:00.004366,0:00:00.004265,0:00:00.004203,0:00:00.004248,0:00:00.004214,0:00:00.004298,0:00:00.004280,0:00:00.004281,0:00:00.003712,0:00:00.004241,0:00:00.004245,0:00:00.004328,,0:00:00.189710
graph_name , nodes_count , edges_count, degree, degree cent., max neighbor degree, min neighbor degree, avg neighbor degree, std neighbor degree, eigenvector cent., closeness cent., harmonic cent., betweenness cent., coloring largest first, coloring smallest last, coloring independent set, coloring random sequential,coloring connected sequential dfs, coloring connected sequential bfs, edges within egonet, node clique number, number of cliques, clustering coef., square clustering coef., page rank, hubs value, triangles, core number, random,0,1,2,3,4,5,6,7,8,9,10,11,12,13,14,15,16,17,18,19,20,21,22,23,24,25,26,27,28,29,30, Total Time 
28,36,35,0:00:00.000003,0:00:00.000027,0:00:00.000084,0:00:00.000084,0:00:00.000084,0:00:00.000084,0:00:00.000541,0:00:00.000424,0:00:00.000596,0:00:00.001428,0:00:00.000080,0:00:00.000069,0:00:00.004073,0:00:00.000079,0:00:00.000369,0:00:00.000343,0:00:00.002184,0:00:00.000156,0:00:00.003816,0:00:00.000366,0:00:00.000632,0:00:00.004976,0:00:00.001465,0:00:00.000024,0:00:00.000087,0:00:00.000140,0:00:00.004424,0:00:00.004447,0:00:00.004478,0:00:00.004392,0:00:00.004947,0:00:00.004272,0:00:00.004184,0:00:00.004279,0:00:00.004570,0:00:00.004599,0:00:00.004547,0:00:00.010074,0:00:00.004263,0:00:00.004324,0:00:00.004225,0:00:00.004147,0:00:00.004392,0:00:00.004352,0:00:00.004336,0:00:00.004346,0:00:00.004434,0:00:00.004327,0:00:00.004284,0:00:00.004346,0:00:00.004393,0:00:00.004277,0:00:00.004349,0:00:00.004277,0:00:00.004329,0:00:00.004273,0:00:00.004283,,0:00:00.192166
graph_name , nodes_count , edges_count, degree, degree cent., max neighbor degree, min neighbor degree, avg neighbor degree, std neighbor degree, eigenvector cent., closeness cent., harmonic cent., betweenness cent., coloring largest first, coloring smallest last, coloring independent set, coloring random sequential,coloring connected sequential dfs, coloring connected sequential bfs, edges within egonet, node clique number, number of cliques, clustering coef., square clustering coef., page rank, hubs value, triangles, core number, random,0,1,2,3,4,5,6,7,8,9,10,11,12,13,14,15,16,17,18,19,20,21,22,23,24,25,26,27,28,29,30, Total Time 
29,38,36,0:00:00.000002,0:00:00.000031,0:00:00.000096,0:00:00.000096,0:00:00.000096,0:00:00.000096,0:00:00.000544,0:00:00.000458,0:00:00.000657,0:00:00.001595,0:00:00.000085,0:00:00.000074,0:00:00.004419,0:00:00.000084,0:00:00.000367,0:00:00.000345,0:00:00.002187,0:00:00.000163,0:00:00.004210,0:00:00.000270,0:00:00.000655,0:00:00.004832,0:00:00.001453,0:00:00.000026,0:00:00.000090,0:00:00.000142,0:00:00.004472,0:00:00.046810,0:00:00.004296,0:00:00.004341,0:00:00.005065,0:00:00.004234,0:00:00.004305,0:00:00.004325,0:00:00.004180,0:00:00.004412,0:00:00.004639,0:00:00.011320,0:00:00.004354,0:00:00.004264,0:00:00.004398,0:00:00.004306,0:00:00.004430,0:00:00.004279,0:00:00.004392,0:00:00.004260,0:00:00.004317,0:00:00.004313,0:00:00.004376,0:00:00.004357,0:00:00.004391,0:00:00.004456,0:00:00.004405,0:00:00.004238,0:00:00.004200,0:00:00.004275,0:00:00.004286,,0:00:00.250766
graph_name , nodes_count , edges_count, degree, degree cent., max neighbor degree, min neighbor degree, avg neighbor degree, std neighbor degree, eigenvector cent., closeness cent., harmonic cent., betweenness cent., coloring largest first, coloring smallest last, coloring independent set, coloring random sequential,coloring connected sequential dfs, coloring connected sequential bfs, edges within egonet, node clique number, number of cliques, clustering coef., square clustering coef., page rank, hubs value, triangles, core number, random,0,1,2,3,4,5,6,7,8,9,10,11,12,13,14,15,16,17,18,19,20,21,22,23,24,25,26,27,28,29,30, Total Time 
30,35,34,0:00:00.000003,0:00:00.000042,0:00:00.000083,0:00:00.000083,0:00:00.000083,0:00:00.000083,0:00:00.000516,0:00:00.000408,0:00:00.000559,0:00:00.001339,0:00:00.000081,0:00:00.000068,0:00:00.003888,0:00:00.000079,0:00:00.000358,0:00:00.000327,0:00:00.002103,0:00:00.000165,0:00:00.003742,0:00:00.000253,0:00:00.000583,0:00:00.004854,0:00:00.001663,0:00:00.000023,0:00:00.000089,0:00:00.000128,0:00:00.004423,0:00:00.004407,0:00:00.004460,0:00:00.004339,0:00:00.005015,0:00:00.004406,0:00:00.004471,0:00:00.004252,0:00:00.004412,0:00:00.004862,0:00:00.004781,0:00:00.008957,0:00:00.004454,0:00:00.004292,0:00:00.004442,0:00:00.004331,0:00:00.004331,0:00:00.004458,0:00:00.004280,0:00:00.004241,0:00:00.004339,0:00:00.004260,0:00:00.004262,0:00:00.004224,0:00:00.004286,0:00:00.004212,0:00:00.004243,0:00:00.004235,0:00:00.004325,0:00:00.004254,0:00:00.004280,,0:00:00.190686
graph_name , nodes_count , edges_count, degree, degree cent., max neighbor degree, min neighbor degree, avg neighbor degree, std neighbor degree, eigenvector cent., closeness cent., harmonic cent., betweenness cent., coloring largest first, coloring smallest last, coloring independent set, coloring random sequential,coloring connected sequential dfs, coloring connected sequential bfs, edges within egonet, node clique number, number of cliques, clustering coef., square clustering coef., page rank, hubs value, triangles, core number, random,0,1,2,3,4,5,6,7,8,9,10,11,12,13,14,15,16,17,18,19,20,21,22,23,24,25,26,27,28,29,30, Total Time 
31,37,34,0:00:00.000003,0:00:00.000042,0:00:00.000085,0:00:00.000085,0:00:00.000085,0:00:00.000085,0:00:00.000536,0:00:00.000438,0:00:00.000625,0:00:00.001516,0:00:00.000085,0:00:00.000071,0:00:00.004322,0:00:00.000086,0:00:00.000355,0:00:00.000329,0:00:00.001988,0:00:00.000160,0:00:00.003819,0:00:00.000257,0:00:00.000578,0:00:00.004881,0:00:00.001546,0:00:00.000023,0:00:00.000091,0:00:00.000136,0:00:00.004412,0:00:00.004393,0:00:00.004293,0:00:00.004396,0:00:00.004819,0:00:00.004423,0:00:00.004234,0:00:00.004462,0:00:00.004229,0:00:00.004409,0:00:00.004622,0:00:00.009320,0:00:00.004415,0:00:00.004335,0:00:00.004345,0:00:00.004376,0:00:00.004238,0:00:00.004322,0:00:00.004364,0:00:00.004317,0:00:00.004259,0:00:00.004437,0:00:00.004224,0:00:00.004156,0:00:00.004173,0:00:00.004258,0:00:00.004330,0:00:00.004379,0:00:00.004421,0:00:00.004237,0:00:00.004514,,0:00:00.191129
graph_name , nodes_count , edges_count, degree, degree cent., max neighbor degree, min neighbor degree, avg neighbor degree, std neighbor degree, eigenvector cent., closeness cent., harmonic cent., betweenness cent., coloring largest first, coloring smallest last, coloring independent set, coloring random sequential,coloring connected sequential dfs, coloring connected sequential bfs, edges within egonet, node clique number, number of cliques, clustering coef., square clustering coef., page rank, hubs value, triangles, core number, random,0,1,2,3,4,5,6,7,8,9,10,11,12,13,14,15,16,17,18,19,20,21,22,23,24,25,26,27,28,29,30, Total Time 
32,35,33,0:00:00.000003,0:00:00.000029,0:00:00.000083,0:00:00.000083,0:00:00.000083,0:00:00.000083,0:00:00.000508,0:00:00.000407,0:00:00.000586,0:00:00.001357,0:00:00.000079,0:00:00.000068,0:00:00.003806,0:00:00.000079,0:00:00.000347,0:00:00.000330,0:00:00.001983,0:00:00.000152,0:00:00.003658,0:00:00.000244,0:00:00.000531,0:00:00.004910,0:00:00.001476,0:00:00.000022,0:00:00.000086,0:00:00.000125,0:00:00.004395,0:00:00.004454,0:00:00.004227,0:00:00.004339,0:00:00.004820,0:00:00.004291,0:00:00.004452,0:00:00.004337,0:00:00.004388,0:00:00.004324,0:00:00.004566,0:00:00.008626,0:00:00.004281,0:00:00.004426,0:00:00.004257,0:00:00.004201,0:00:00.004269,0:00:00.004363,0:00:00.004261,0:00:00.004298,0:00:00.004337,0:00:00.004273,0:00:00.004300,0:00:00.004208,0:00:00.004227,0:00:00.004273,0:00:00.004209,0:00:00.004267,0:00:00.004306,0:00:00.004393,0:00:00.004387,,0:00:00.188370
graph_name , nodes_count , edges_count, degree, degree cent., max neighbor degree, min neighbor degree, avg neighbor degree, std neighbor degree, eigenvector cent., closeness cent., harmonic cent., betweenness cent., coloring largest first, coloring smallest last, coloring independent set, coloring random sequential,coloring connected sequential dfs, coloring connected sequential bfs, edges within egonet, node clique number, number of cliques, clustering coef., square clustering coef., page rank, hubs value, triangles, core number, random,0,1,2,3,4,5,6,7,8,9,10,11,12,13,14,15,16,17,18,19,20,21,22,23,24,25,26,27,28,29,30, Total Time 
33,37,36,0:00:00.000003,0:00:00.000042,0:00:00.000087,0:00:00.000087,0:00:00.000087,0:00:00.000087,0:00:00.000550,0:00:00.000451,0:00:00.000641,0:00:00.001567,0:00:00.000087,0:00:00.000071,0:00:00.004214,0:00:00.000084,0:00:00.000518,0:00:00.000335,0:00:00.002073,0:00:00.000165,0:00:00.003988,0:00:00.000266,0:00:00.000674,0:00:00.004944,0:00:00.001597,0:00:00.000024,0:00:00.000092,0:00:00.000140,0:00:00.004552,0:00:00.004488,0:00:00.004485,0:00:00.004556,0:00:00.005436,0:00:00.004489,0:00:00.004472,0:00:00.004377,0:00:00.004544,0:00:00.004701,0:00:00.004854,0:00:00.011541,0:00:00.004609,0:00:00.004481,0:00:00.004404,0:00:00.004395,0:00:00.004853,0:00:00.006665,0:00:00.004470,0:00:00.004437,0:00:00.004502,0:00:00.004420,0:00:00.004434,0:00:00.004339,0:00:00.004258,0:00:00.004368,0:00:00.004359,0:00:00.004214,0:00:00.004332,0:00:00.004200,0:00:00.004349,,0:00:00.200250
graph_name , nodes_count , edges_count, degree, degree cent., max neighbor degree, min neighbor degree, avg neighbor degree, std neighbor degree, eigenvector cent., closeness cent., harmonic cent., betweenness cent., coloring largest first, coloring smallest last, coloring independent set, coloring random sequential,coloring connected sequential dfs, coloring connected sequential bfs, edges within egonet, node clique number, number of cliques, clustering coef., square clustering coef., page rank, hubs value, triangles, core number, random,0,1,2,3,4,5,6,7,8,9,10,11,12,13,14,15,16,17,18,19,20,21,22,23,24,25,26,27,28,29,30, Total Time 
34,33,30,0:00:00.000003,0:00:00.000037,0:00:00.000079,0:00:00.000079,0:00:00.000079,0:00:00.000079,0:00:00.000521,0:00:00.000351,0:00:00.000488,0:00:00.001157,0:00:00.000077,0:00:00.000064,0:00:00.003465,0:00:00.000074,0:00:00.000338,0:00:00.000320,0:00:00.002042,0:00:00.000148,0:00:00.003064,0:00:00.000228,0:00:00.000423,0:00:00.004958,0:00:00.001529,0:00:00.000021,0:00:00.000084,0:00:00.000118,0:00:00.004456,0:00:00.004483,0:00:00.004423,0:00:00.004712,0:00:00.004685,0:00:00.004634,0:00:00.004445,0:00:00.004432,0:00:00.004514,0:00:00.004542,0:00:00.004528,0:00:00.007003,0:00:00.004329,0:00:00.004393,0:00:00.004320,0:00:00.004318,0:00:00.004281,0:00:00.004416,0:00:00.004316,0:00:00.004395,0:00:00.004282,0:00:00.004405,0:00:00.004494,0:00:00.004370,0:00:00.004270,0:00:00.004381,0:00:00.004321,0:00:00.004253,0:00:00.004304,0:00:00.004131,0:00:00.004280,,0:00:00.186988
graph_name , nodes_count , edges_count, degree, degree cent., max neighbor degree, min neighbor degree, avg neighbor degree, std neighbor degree, eigenvector cent., closeness cent., harmonic cent., betweenness cent., coloring largest first, coloring smallest last, coloring independent set, coloring random sequential,coloring connected sequential dfs, coloring connected sequential bfs, edges within egonet, node clique number, number of cliques, clustering coef., square clustering coef., page rank, hubs value, triangles, core number, random,0,1,2,3,4,5,6,7,8,9,10,11,12,13,14,15,16,17,18,19,20,21,22,23,24,25,26,27,28,29,30, Total Time 
35,39,38,0:00:00.000002,0:00:00.000034,0:00:00.000090,0:00:00.000090,0:00:00.000090,0:00:00.000090,0:00:00.000560,0:00:00.000488,0:00:00.000689,0:00:00.001732,0:00:00.000086,0:00:00.000076,0:00:00.004593,0:00:00.000086,0:00:00.000522,0:00:00.000362,0:00:00.002183,0:00:00.000169,0:00:00.004350,0:00:00.000274,0:00:00.000762,0:00:00.004813,0:00:00.001476,0:00:00.000026,0:00:00.000094,0:00:00.000150,0:00:00.004549,0:00:00.004551,0:00:00.004346,0:00:00.004567,0:00:00.005443,0:00:00.004465,0:00:00.004362,0:00:00.004303,0:00:00.004329,0:00:00.004685,0:00:00.004810,0:00:00.014334,0:00:00.004461,0:00:00.004441,0:00:00.004422,0:00:00.004320,0:00:00.004417,0:00:00.004352,0:00:00.004478,0:00:00.004451,0:00:00.004456,0:00:00.004284,0:00:00.004328,0:00:00.004475,0:00:00.004462,0:00:00.004469,0:00:00.004453,0:00:00.004227,0:00:00.004380,0:00:00.004332,0:00:00.004363,,0:00:00.200942
graph_name , nodes_count , edges_count, degree, degree cent., max neighbor degree, min neighbor degree, avg neighbor degree, std neighbor degree, eigenvector cent., closeness cent., harmonic cent., betweenness cent., coloring largest first, coloring smallest last, coloring independent set, coloring random sequential,coloring connected sequential dfs, coloring connected sequential bfs, edges within egonet, node clique number, number of cliques, clustering coef., square clustering coef., page rank, hubs value, triangles, core number, random,0,1,2,3,4,5,6,7,8,9,10,11,12,13,14,15,16,17,18,19,20,21,22,23,24,25,26,27,28,29,30, Total Time 
36,37,36,0:00:00.000002,0:00:00.000031,0:00:00.000085,0:00:00.000085,0:00:00.000085,0:00:00.000085,0:00:00.000540,0:00:00.000446,0:00:00.000688,0:00:00.001540,0:00:00.000083,0:00:00.000072,0:00:00.004285,0:00:00.000082,0:00:00.000365,0:00:00.000354,0:00:00.002282,0:00:00.000157,0:00:00.003924,0:00:00.000266,0:00:00.000694,0:00:00.005096,0:00:00.001475,0:00:00.000025,0:00:00.000090,0:00:00.000139,0:00:00.004622,0:00:00.004436,0:00:00.004428,0:00:00.004382,0:00:00.005510,0:00:00.004460,0:00:00.004449,0:00:00.004387,0:00:00.004409,0:00:00.004570,0:00:00.004755,0:00:00.012293,0:00:00.004379,0:00:00.004480,0:00:00.004456,0:00:00.004306,0:00:00.004461,0:00:00.004278,0:00:00.004381,0:00:00.004353,0:00:00.004265,0:00:00.004414,0:00:00.004397,0:00:00.004393,0:00:00.004453,0:00:00.004347,0:00:00.004324,0:00:00.004264,0:00:00.004133,0:00:00.004246,0:00:00.004376,,0:00:00.197123
graph_name , nodes_count , edges_count, degree, degree cent., max neighbor degree, min neighbor degree, avg neighbor degree, std neighbor degree, eigenvector cent., closeness cent., harmonic cent., betweenness cent., coloring largest first, coloring smallest last, coloring independent set, coloring random sequential,coloring connected sequential dfs, coloring connected sequential bfs, edges within egonet, node clique number, number of cliques, clustering coef., square clustering coef., page rank, hubs value, triangles, core number, random,0,1,2,3,4,5,6,7,8,9,10,11,12,13,14,15,16,17,18,19,20,21,22,23,24,25,26,27,28,29,30, Total Time 
37,34,32,0:00:00.000002,0:00:00.000038,0:00:00.000082,0:00:00.000082,0:00:00.000082,0:00:00.000082,0:00:00.000490,0:00:00.000374,0:00:00.000530,0:00:00.001240,0:00:00.000078,0:00:00.000064,0:00:00.003606,0:00:00.000076,0:00:00.000334,0:00:00.000317,0:00:00.001714,0:00:00.000154,0:00:00.003380,0:00:00.000238,0:00:00.000472,0:00:00.004697,0:00:00.001510,0:00:00.000021,0:00:00.000158,0:00:00.000115,0:00:00.004593,0:00:00.004445,0:00:00.004505,0:00:00.004434,0:00:00.004874,0:00:00.004404,0:00:00.004972,0:00:00.004356,0:00:00.004294,0:00:00.004651,0:00:00.004708,0:00:00.007319,0:00:00.004438,0:00:00.004416,0:00:00.004277,0:00:00.004271,0:00:00.004467,0:00:00.004260,0:00:00.004282,0:00:00.004258,0:00:00.004309,0:00:00.004284,0:00:00.004420,0:00:00.004208,0:00:00.004237,0:00:00.004330,0:00:00.004343,0:00:00.004259,0:00:00.004167,0:00:00.004161,0:00:00.004295,,0:00:00.186367
graph_name , nodes_count , edges_count, degree, degree cent., max neighbor degree, min neighbor degree, avg neighbor degree, std neighbor degree, eigenvector cent., closeness cent., harmonic cent., betweenness cent., coloring largest first, coloring smallest last, coloring independent set, coloring random sequential,coloring connected sequential dfs, coloring connected sequential bfs, edges within egonet, node clique number, number of cliques, clustering coef., square clustering coef., page rank, hubs value, triangles, core number, random,0,1,2,3,4,5,6,7,8,9,10,11,12,13,14,15,16,17,18,19,20,21,22,23,24,25,26,27,28,29,30, Total Time 
38,35,33,0:00:00.000002,0:00:00.000036,0:00:00.000090,0:00:00.000090,0:00:00.000090,0:00:00.000090,0:00:00.000524,0:00:00.000405,0:00:00.000562,0:00:00.001346,0:00:00.000080,0:00:00.000067,0:00:00.003882,0:00:00.000077,0:00:00.000348,0:00:00.000327,0:00:00.002027,0:00:00.000160,0:00:00.003711,0:00:00.000246,0:00:00.000523,0:00:00.004958,0:00:00.001529,0:00:00.000025,0:00:00.000090,0:00:00.000126,0:00:00.004479,0:00:00.004420,0:00:00.004466,0:00:00.004439,0:00:00.004858,0:00:00.004381,0:00:00.004221,0:00:00.004130,0:00:00.004325,0:00:00.003864,0:00:00.004520,0:00:00.008014,0:00:00.004405,0:00:00.004373,0:00:00.004268,0:00:00.004317,0:00:00.004398,0:00:00.004232,0:00:00.004422,0:00:00.004305,0:00:00.004414,0:00:00.004354,0:00:00.004358,0:00:00.004258,0:00:00.004380,0:00:00.004376,0:00:00.004295,0:00:00.004398,0:00:00.004213,0:00:00.004164,0:00:00.004336,,0:00:00.188277
graph_name , nodes_count , edges_count, degree, degree cent., max neighbor degree, min neighbor degree, avg neighbor degree, std neighbor degree, eigenvector cent., closeness cent., harmonic cent., betweenness cent., coloring largest first, coloring smallest last, coloring independent set, coloring random sequential,coloring connected sequential dfs, coloring connected sequential bfs, edges within egonet, node clique number, number of cliques, clustering coef., square clustering coef., page rank, hubs value, triangles, core number, random,0,1,2,3,4,5,6,7,8,9,10,11,12,13,14,15,16,17,18,19,20,21,22,23,24,25,26,27,28,29,30, Total Time 
39,37,35,0:00:00.000002,0:00:00.000043,0:00:00.000087,0:00:00.000087,0:00:00.000087,0:00:00.000087,0:00:00.000537,0:00:00.000448,0:00:00.000635,0:00:00.001545,0:00:00.000086,0:00:00.000071,0:00:00.004126,0:00:00.000082,0:00:00.000524,0:00:00.000344,0:00:00.002034,0:00:00.000168,0:00:00.004005,0:00:00.000260,0:00:00.000656,0:00:00.004953,0:00:00.001575,0:00:00.000025,0:00:00.000092,0:00:00.000154,0:00:00.004491,0:00:00.004491,0:00:00.004483,0:00:00.004534,0:00:00.005182,0:00:00.004297,0:00:00.004304,0:00:00.004330,0:00:00.004242,0:00:00.004622,0:00:00.004566,0:00:00.010925,0:00:00.004293,0:00:00.004361,0:00:00.004371,0:00:00.004342,0:00:00.004508,0:00:00.004293,0:00:00.004177,0:00:00.004346,0:00:00.004440,0:00:00.004354,0:00:00.004423,0:00:00.004305,0:00:00.004375,0:00:00.004324,0:00:00.004322,0:00:00.004369,0:00:00.004351,0:00:00.004232,0:00:00.004485,,0:00:00.194694
graph_name , nodes_count , edges_count, degree, degree cent., max neighbor degree, min neighbor degree, avg neighbor degree, std neighbor degree, eigenvector cent., closeness cent., harmonic cent., betweenness cent., coloring largest first, coloring smallest last, coloring independent set, coloring random sequential,coloring connected sequential dfs, coloring connected sequential bfs, edges within egonet, node clique number, number of cliques, clustering coef., square clustering coef., page rank, hubs value, triangles, core number, random,0,1,2,3,4,5,6,7,8,9,10,11,12,13,14,15,16,17,18,19,20,21,22,23,24,25,26,27,28,29,30, Total Time 
40,37,36,0:00:00.000002,0:00:00.000041,0:00:00.000090,0:00:00.000090,0:00:00.000090,0:00:00.000090,0:00:00.000546,0:00:00.000455,0:00:00.000635,0:00:00.001588,0:00:00.000088,0:00:00.000073,0:00:00.004384,0:00:00.000083,0:00:00.000378,0:00:00.000355,0:00:00.002206,0:00:00.000175,0:00:00.004358,0:00:00.000267,0:00:00.000667,0:00:00.005121,0:00:00.001571,0:00:00.000025,0:00:00.000091,0:00:00.000139,0:00:00.004390,0:00:00.004551,0:00:00.004231,0:00:00.004696,0:00:00.005030,0:00:00.004763,0:00:00.004324,0:00:00.004397,0:00:00.004188,0:00:00.004576,0:00:00.004794,0:00:00.011108,0:00:00.004482,0:00:00.004431,0:00:00.004410,0:00:00.004302,0:00:00.004397,0:00:00.004429,0:00:00.004306,0:00:00.004389,0:00:00.004278,0:00:00.004448,0:00:00.004472,0:00:00.004440,0:00:00.004456,0:00:00.004449,0:00:00.004466,0:00:00.004515,0:00:00.004342,0:00:00.004469,0:00:00.004333,,0:00:00.197663
graph_name , nodes_count , edges_count, degree, degree cent., max neighbor degree, min neighbor degree, avg neighbor degree, std neighbor degree, eigenvector cent., closeness cent., harmonic cent., betweenness cent., coloring largest first, coloring smallest last, coloring independent set, coloring random sequential,coloring connected sequential dfs, coloring connected sequential bfs, edges within egonet, node clique number, number of cliques, clustering coef., square clustering coef., page rank, hubs value, triangles, core number, random,0,1,2,3,4,5,6,7,8,9,10,11,12,13,14,15,16,17,18,19,20,21,22,23,24,25,26,27,28,29,30, Total Time 
41,36,36,0:00:00.000002,0:00:00.000040,0:00:00.000086,0:00:00.000086,0:00:00.000086,0:00:00.000086,0:00:00.000534,0:00:00.000429,0:00:00.000625,0:00:00.001462,0:00:00.000085,0:00:00.000071,0:00:00.004174,0:00:00.000081,0:00:00.000352,0:00:00.000338,0:00:00.002017,0:00:00.000157,0:00:00.003684,0:00:00.000259,0:00:00.000666,0:00:00.004971,0:00:00.001537,0:00:00.000023,0:00:00.000090,0:00:00.000130,0:00:00.004531,0:00:00.004622,0:00:00.004607,0:00:00.004380,0:00:00.005282,0:00:00.004333,0:00:00.004570,0:00:00.004331,0:00:00.004321,0:00:00.004661,0:00:00.004767,0:00:00.011421,0:00:00.004392,0:00:00.004368,0:00:00.004339,0:00:00.004279,0:00:00.004586,0:00:00.004227,0:00:00.004503,0:00:00.004349,0:00:00.004342,0:00:00.004339,0:00:00.004353,0:00:00.004272,0:00:00.004391,0:00:00.004250,0:00:00.004321,0:00:00.004240,0:00:00.004237,0:00:00.004191,0:00:00.004332,,0:00:00.195079
graph_name , nodes_count , edges_count, degree, degree cent., max neighbor degree, min neighbor degree, avg neighbor degree, std neighbor degree, eigenvector cent., closeness cent., harmonic cent., betweenness cent., coloring largest first, coloring smallest last, coloring independent set, coloring random sequential,coloring connected sequential dfs, coloring connected sequential bfs, edges within egonet, node clique number, number of cliques, clustering coef., square clustering coef., page rank, hubs value, triangles, core number, random,0,1,2,3,4,5,6,7,8,9,10,11,12,13,14,15,16,17,18,19,20,21,22,23,24,25,26,27,28,29,30, Total Time 
42,36,35,0:00:00.000002,0:00:00.000040,0:00:00.000086,0:00:00.000086,0:00:00.000086,0:00:00.000086,0:00:00.000543,0:00:00.000443,0:00:00.000617,0:00:00.001562,0:00:00.000085,0:00:00.000071,0:00:00.004167,0:00:00.000086,0:00:00.000369,0:00:00.000350,0:00:00.002490,0:00:00.000170,0:00:00.004203,0:00:00.000261,0:00:00.000612,0:00:00.005116,0:00:00.001561,0:00:00.000022,0:00:00.000089,0:00:00.000143,0:00:00.004676,0:00:00.004383,0:00:00.004265,0:00:00.004400,0:00:00.004987,0:00:00.004368,0:00:00.004416,0:00:00.004448,0:00:00.004510,0:00:00.004528,0:00:00.004709,0:00:00.010040,0:00:00.004469,0:00:00.004470,0:00:00.004277,0:00:00.004476,0:00:00.004451,0:00:00.004494,0:00:00.004342,0:00:00.004427,0:00:00.004486,0:00:00.004249,0:00:00.004427,0:00:00.004373,0:00:00.004378,0:00:00.004425,0:00:00.004284,0:00:00.004560,0:00:00.004263,0:00:00.004397,0:00:00.004480,,0:00:00.195537
graph_name , nodes_count , edges_count, degree, degree cent., max neighbor degree, min neighbor degree, avg neighbor degree, std neighbor degree, eigenvector cent., closeness cent., harmonic cent., betweenness cent., coloring largest first, coloring smallest last, coloring independent set, coloring random sequential,coloring connected sequential dfs, coloring connected sequential bfs, edges within egonet, node clique number, number of cliques, clustering coef., square clustering coef., page rank, hubs value, triangles, core number, random,0,1,2,3,4,5,6,7,8,9,10,11,12,13,14,15,16,17,18,19,20,21,22,23,24,25,26,27,28,29,30, Total Time 
43,33,32,0:00:00.000003,0:00:00.000040,0:00:00.000079,0:00:00.000079,0:00:00.000079,0:00:00.000079,0:00:00.000497,0:00:00.000350,0:00:00.000492,0:00:00.001160,0:00:00.000078,0:00:00.000064,0:00:00.003328,0:00:00.000076,0:00:00.000499,0:00:00.000318,0:00:00.001735,0:00:00.000148,0:00:00.003139,0:00:00.000240,0:00:00.000504,0:00:00.004864,0:00:00.001551,0:00:00.000019,0:00:00.000083,0:00:00.000118,0:00:00.004861,0:00:00.004535,0:00:00.004487,0:00:00.004470,0:00:00.004987,0:00:00.004484,0:00:00.004531,0:00:00.004360,0:00:00.004471,0:00:00.004631,0:00:00.004676,0:00:00.007520,0:00:00.004705,0:00:00.004418,0:00:00.004502,0:00:00.004379,0:00:00.004565,0:00:00.004459,0:00:00.004401,0:00:00.004343,0:00:00.004471,0:00:00.004348,0:00:00.004478,0:00:00.004443,0:00:00.004479,0:00:00.004476,0:00:00.004355,0:00:00.004234,0:00:00.004440,0:00:00.004392,0:00:00.004571,,0:00:00.190286
graph_name , nodes_count , edges_count, degree, degree cent., max neighbor degree, min neighbor degree, avg neighbor degree, std neighbor degree, eigenvector cent., closeness cent., harmonic cent., betweenness cent., coloring largest first, coloring smallest last, coloring independent set, coloring random sequential,coloring connected sequential dfs, coloring connected sequential bfs, edges within egonet, node clique number, number of cliques, clustering coef., square clustering coef., page rank, hubs value, triangles, core number, random,0,1,2,3,4,5,6,7,8,9,10,11,12,13,14,15,16,17,18,19,20,21,22,23,24,25,26,27,28,29,30, Total Time 
44,34,32,0:00:00.000002,0:00:00.000039,0:00:00.000085,0:00:00.000085,0:00:00.000085,0:00:00.000085,0:00:00.000506,0:00:00.000403,0:00:00.000545,0:00:00.001271,0:00:00.000081,0:00:00.000069,0:00:00.003835,0:00:00.000077,0:00:00.000359,0:00:00.000341,0:00:00.001957,0:00:00.000164,0:00:00.003747,0:00:00.000242,0:00:00.000480,0:00:00.005090,0:00:00.001587,0:00:00.000021,0:00:00.000083,0:00:00.000131,0:00:00.004784,0:00:00.004342,0:00:00.004382,0:00:00.004397,0:00:00.004872,0:00:00.004538,0:00:00.004334,0:00:00.004381,0:00:00.004291,0:00:00.004493,0:00:00.004588,0:00:00.007398,0:00:00.004399,0:00:00.004428,0:00:00.004376,0:00:00.004438,0:00:00.004395,0:00:00.004356,0:00:00.004305,0:00:00.004558,0:00:00.004300,0:00:00.004304,0:00:00.004455,0:00:00.004343,0:00:00.004381,0:00:00.004408,0:00:00.004271,0:00:00.004245,0:00:00.004278,0:00:00.004172,0:00:00.004307,,0:00:00.189560
graph_name , nodes_count , edges_count, degree, degree cent., max neighbor degree, min neighbor degree, avg neighbor degree, std neighbor degree, eigenvector cent., closeness cent., harmonic cent., betweenness cent., coloring largest first, coloring smallest last, coloring independent set, coloring random sequential,coloring connected sequential dfs, coloring connected sequential bfs, edges within egonet, node clique number, number of cliques, clustering coef., square clustering coef., page rank, hubs value, triangles, core number, random,0,1,2,3,4,5,6,7,8,9,10,11,12,13,14,15,16,17,18,19,20,21,22,23,24,25,26,27,28,29,30, Total Time 
45,40,39,0:00:00.000003,0:00:00.000043,0:00:00.000093,0:00:00.000093,0:00:00.000093,0:00:00.000093,0:00:00.000582,0:00:00.000533,0:00:00.000749,0:00:00.001852,0:00:00.000089,0:00:00.000076,0:00:00.004781,0:00:00.000086,0:00:00.000383,0:00:00.000521,0:00:00.002295,0:00:00.000174,0:00:00.004597,0:00:00.000282,0:00:00.000819,0:00:00.004848,0:00:00.001562,0:00:00.000028,0:00:00.000100,0:00:00.000159,0:00:00.004604,0:00:00.004603,0:00:00.004407,0:00:00.004531,0:00:00.005629,0:00:00.004369,0:00:00.004437,0:00:00.004363,0:00:00.004454,0:00:00.004729,0:00:00.004956,0:00:00.015727,0:00:00.004590,0:00:00.004454,0:00:00.004613,0:00:00.004385,0:00:00.004515,0:00:00.004448,0:00:00.004431,0:00:00.004308,0:00:00.004509,0:00:00.004332,0:00:00.004420,0:00:00.004421,0:00:00.004362,0:00:00.004351,0:00:00.004364,0:00:00.004262,0:00:00.004351,0:00:00.004405,0:00:00.004468,,0:00:00.204738
graph_name , nodes_count , edges_count, degree, degree cent., max neighbor degree, min neighbor degree, avg neighbor degree, std neighbor degree, eigenvector cent., closeness cent., harmonic cent., betweenness cent., coloring largest first, coloring smallest last, coloring independent set, coloring random sequential,coloring connected sequential dfs, coloring connected sequential bfs, edges within egonet, node clique number, number of cliques, clustering coef., square clustering coef., page rank, hubs value, triangles, core number, random,0,1,2,3,4,5,6,7,8,9,10,11,12,13,14,15,16,17,18,19,20,21,22,23,24,25,26,27,28,29,30, Total Time 
46,41,40,0:00:00.000002,0:00:00.000042,0:00:00.000096,0:00:00.000096,0:00:00.000096,0:00:00.000096,0:00:00.000593,0:00:00.000550,0:00:00.000784,0:00:00.001903,0:00:00.000091,0:00:00.000078,0:00:00.005075,0:00:00.000088,0:00:00.000387,0:00:00.000483,0:00:00.002423,0:00:00.000172,0:00:00.004567,0:00:00.000292,0:00:00.000885,0:00:00.004861,0:00:00.001741,0:00:00.000028,0:00:00.000099,0:00:00.000154,0:00:00.005009,0:00:00.004516,0:00:00.004403,0:00:00.004672,0:00:00.006082,0:00:00.004688,0:00:00.004511,0:00:00.004307,0:00:00.004338,0:00:00.004681,0:00:00.004978,0:00:00.019827,0:00:00.004441,0:00:00.004534,0:00:00.004503,0:00:00.004363,0:00:00.004606,0:00:00.004480,0:00:00.004470,0:00:00.004405,0:00:00.004384,0:00:00.004407,0:00:00.004302,0:00:00.004452,0:00:00.004336,0:00:00.004443,0:00:00.004416,0:00:00.004335,0:00:00.004348,0:00:00.004144,0:00:00.004277,,0:00:00.210631
graph_name , nodes_count , edges_count, degree, degree cent., max neighbor degree, min neighbor degree, avg neighbor degree, std neighbor degree, eigenvector cent., closeness cent., harmonic cent., betweenness cent., coloring largest first, coloring smallest last, coloring independent set, coloring random sequential,coloring connected sequential dfs, coloring connected sequential bfs, edges within egonet, node clique number, number of cliques, clustering coef., square clustering coef., page rank, hubs value, triangles, core number, random,0,1,2,3,4,5,6,7,8,9,10,11,12,13,14,15,16,17,18,19,20,21,22,23,24,25,26,27,28,29,30, Total Time 
47,39,39,0:00:00.000003,0:00:00.000043,0:00:00.000092,0:00:00.000092,0:00:00.000092,0:00:00.000092,0:00:00.000582,0:00:00.000510,0:00:00.000722,0:00:00.001757,0:00:00.000088,0:00:00.000075,0:00:00.004737,0:00:00.000085,0:00:00.000376,0:00:00.000355,0:00:00.002379,0:00:00.000168,0:00:00.004222,0:00:00.000278,0:00:00.000839,0:00:00.004813,0:00:00.001567,0:00:00.000026,0:00:00.000100,0:00:00.000149,0:00:00.004489,0:00:00.004582,0:00:00.004350,0:00:00.004516,0:00:00.005614,0:00:00.004417,0:00:00.004460,0:00:00.004401,0:00:00.004312,0:00:00.004883,0:00:00.005142,0:00:00.016608,0:00:00.004418,0:00:00.004520,0:00:00.004456,0:00:00.004518,0:00:00.004478,0:00:00.004479,0:00:00.004533,0:00:00.004384,0:00:00.004505,0:00:00.004559,0:00:00.004356,0:00:00.004349,0:00:00.004454,0:00:00.004377,0:00:00.004429,0:00:00.004390,0:00:00.004493,0:00:00.004281,0:00:00.004446,,0:00:00.205545
graph_name , nodes_count , edges_count, degree, degree cent., max neighbor degree, min neighbor degree, avg neighbor degree, std neighbor degree, eigenvector cent., closeness cent., harmonic cent., betweenness cent., coloring largest first, coloring smallest last, coloring independent set, coloring random sequential,coloring connected sequential dfs, coloring connected sequential bfs, edges within egonet, node clique number, number of cliques, clustering coef., square clustering coef., page rank, hubs value, triangles, core number, random,0,1,2,3,4,5,6,7,8,9,10,11,12,13,14,15,16,17,18,19,20,21,22,23,24,25,26,27,28,29,30, Total Time 
48,39,36,0:00:00.000002,0:00:00.000040,0:00:00.000091,0:00:00.000091,0:00:00.000091,0:00:00.000091,0:00:00.000799,0:00:00.000595,0:00:00.000728,0:00:00.001721,0:00:00.000089,0:00:00.000076,0:00:00.004746,0:00:00.000088,0:00:00.000396,0:00:00.000367,0:00:00.002170,0:00:00.000172,0:00:00.004511,0:00:00.000272,0:00:00.000652,0:00:00.005076,0:00:00.001595,0:00:00.000025,0:00:00.000096,0:00:00.000153,0:00:00.004478,0:00:00.004417,0:00:00.004470,0:00:00.004472,0:00:00.005137,0:00:00.004417,0:00:00.004421,0:00:00.004613,0:00:00.004400,0:00:00.004551,0:00:00.004655,0:00:00.011377,0:00:00.004405,0:00:00.004463,0:00:00.004259,0:00:00.004339,0:00:00.004391,0:00:00.004319,0:00:00.004358,0:00:00.004239,0:00:00.004326,0:00:00.004350,0:00:00.004352,0:00:00.004409,0:00:00.004314,0:00:00.004284,0:00:00.004277,0:00:00.004293,0:00:00.004245,0:00:00.004252,0:00:00.004425,,0:00:00.197744
graph_name , nodes_count , edges_count, degree, degree cent., max neighbor degree, min neighbor degree, avg neighbor degree, std neighbor degree, eigenvector cent., closeness cent., harmonic cent., betweenness cent., coloring largest first, coloring smallest last, coloring independent set, coloring random sequential,coloring connected sequential dfs, coloring connected sequential bfs, edges within egonet, node clique number, number of cliques, clustering coef., square clustering coef., page rank, hubs value, triangles, core number, random,0,1,2,3,4,5,6,7,8,9,10,11,12,13,14,15,16,17,18,19,20,21,22,23,24,25,26,27,28,29,30, Total Time 
49,35,32,0:00:00.000002,0:00:00.000039,0:00:00.000080,0:00:00.000080,0:00:00.000080,0:00:00.000080,0:00:00.000499,0:00:00.000393,0:00:00.000551,0:00:00.001287,0:00:00.000080,0:00:00.000076,0:00:00.003596,0:00:00.000074,0:00:00.000355,0:00:00.000315,0:00:00.001864,0:00:00.000158,0:00:00.003577,0:00:00.000241,0:00:00.000476,0:00:00.004659,0:00:00.001500,0:00:00.000022,0:00:00.000084,0:00:00.000120,0:00:00.004471,0:00:00.004578,0:00:00.003788,0:00:00.004487,0:00:00.004725,0:00:00.004285,0:00:00.004258,0:00:00.004314,0:00:00.004411,0:00:00.004405,0:00:00.004521,0:00:00.007324,0:00:00.004286,0:00:00.004236,0:00:00.004210,0:00:00.004233,0:00:00.004316,0:00:00.004363,0:00:00.004267,0:00:00.004186,0:00:00.004280,0:00:00.004145,0:00:00.004085,0:00:00.004147,0:00:00.004090,0:00:00.004232,0:00:00.004211,0:00:00.004246,0:00:00.004168,0:00:00.004325,0:00:00.004384,,0:00:00.183844
graph_name , nodes_count , edges_count, degree, degree cent., max neighbor degree, min neighbor degree, avg neighbor degree, std neighbor degree, eigenvector cent., closeness cent., harmonic cent., betweenness cent., coloring largest first, coloring smallest last, coloring independent set, coloring random sequential,coloring connected sequential dfs, coloring connected sequential bfs, edges within egonet, node clique number, number of cliques, clustering coef., square clustering coef., page rank, hubs value, triangles, core number, random,0,1,2,3,4,5,6,7,8,9,10,11,12,13,14,15,16,17,18,19,20,21,22,23,24,25,26,27,28,29,30, Total Time 
50,35,33,0:00:00.000002,0:00:00.000039,0:00:00.000081,0:00:00.000081,0:00:00.000081,0:00:00.000081,0:00:00.000600,0:00:00.000419,0:00:00.000583,0:00:00.001351,0:00:00.000080,0:00:00.000067,0:00:00.004210,0:00:00.000078,0:00:00.000359,0:00:00.000340,0:00:00.001884,0:00:00.000155,0:00:00.003571,0:00:00.000250,0:00:00.000532,0:00:00.005062,0:00:00.001564,0:00:00.000023,0:00:00.000086,0:00:00.000128,0:00:00.004381,0:00:00.004325,0:00:00.004414,0:00:00.004325,0:00:00.004916,0:00:00.004219,0:00:00.004334,0:00:00.004288,0:00:00.004263,0:00:00.004422,0:00:00.004488,0:00:00.007938,0:00:00.004365,0:00:00.004358,0:00:00.004359,0:00:00.004302,0:00:00.004427,0:00:00.004295,0:00:00.004437,0:00:00.004481,0:00:00.004379,0:00:00.004249,0:00:00.004320,0:00:00.004271,0:00:00.004302,0:00:00.004164,0:00:00.004306,0:00:00.004414,0:00:00.004252,0:00:00.004210,0:00:00.004253,,0:00:00.188645
graph_name , nodes_count , edges_count, degree, degree cent., max neighbor degree, min neighbor degree, avg neighbor degree, std neighbor degree, eigenvector cent., closeness cent., harmonic cent., betweenness cent., coloring largest first, coloring smallest last, coloring independent set, coloring random sequential,coloring connected sequential dfs, coloring connected sequential bfs, edges within egonet, node clique number, number of cliques, clustering coef., square clustering coef., page rank, hubs value, triangles, core number, random,0,1,2,3,4,5,6,7,8,9,10,11,12,13,14,15,16,17,18,19,20,21,22,23,24,25,26,27,28,29,30, Total Time 
51,35,32,0:00:00.000002,0:00:00.000037,0:00:00.000082,0:00:00.000082,0:00:00.000082,0:00:00.000082,0:00:00.000499,0:00:00.000361,0:00:00.000506,0:00:00.001166,0:00:00.000080,0:00:00.000067,0:00:00.003846,0:00:00.000077,0:00:00.000362,0:00:00.000397,0:00:00.001835,0:00:00.000154,0:00:00.003381,0:00:00.000270,0:00:00.000514,0:00:00.004917,0:00:00.001538,0:00:00.000021,0:00:00.000084,0:00:00.000116,0:00:00.004537,0:00:00.004386,0:00:00.004356,0:00:00.004379,0:00:00.005186,0:00:00.004414,0:00:00.004353,0:00:00.004284,0:00:00.004379,0:00:00.004477,0:00:00.004543,0:00:00.008082,0:00:00.004315,0:00:00.004407,0:00:00.004374,0:00:00.004270,0:00:00.004497,0:00:00.004200,0:00:00.004281,0:00:00.004300,0:00:00.004444,0:00:00.004197,0:00:00.004299,0:00:00.004308,0:00:00.004199,0:00:00.004199,0:00:00.004309,0:00:00.004164,0:00:00.004253,0:00:00.004358,0:00:00.004316,,0:00:00.188042
graph_name , nodes_count , edges_count, degree, degree cent., max neighbor degree, min neighbor degree, avg neighbor degree, std neighbor degree, eigenvector cent., closeness cent., harmonic cent., betweenness cent., coloring largest first, coloring smallest last, coloring independent set, coloring random sequential,coloring connected sequential dfs, coloring connected sequential bfs, edges within egonet, node clique number, number of cliques, clustering coef., square clustering coef., page rank, hubs value, triangles, core number, random,0,1,2,3,4,5,6,7,8,9,10,11,12,13,14,15,16,17,18,19,20,21,22,23,24,25,26,27,28,29,30, Total Time 
52,36,33,0:00:00.000002,0:00:00.000039,0:00:00.000087,0:00:00.000087,0:00:00.000087,0:00:00.000087,0:00:00.000527,0:00:00.000447,0:00:00.000621,0:00:00.001465,0:00:00.000081,0:00:00.000071,0:00:00.003949,0:00:00.000080,0:00:00.000523,0:00:00.000351,0:00:00.001950,0:00:00.000164,0:00:00.003883,0:00:00.000259,0:00:00.000519,0:00:00.005094,0:00:00.001540,0:00:00.000023,0:00:00.000099,0:00:00.000132,0:00:00.004427,0:00:00.004454,0:00:00.004306,0:00:00.004270,0:00:00.004877,0:00:00.004309,0:00:00.004366,0:00:00.004236,0:00:00.004277,0:00:00.004641,0:00:00.004397,0:00:00.008140,0:00:00.004285,0:00:00.004296,0:00:00.004309,0:00:00.004328,0:00:00.004299,0:00:00.004172,0:00:00.004207,0:00:00.004382,0:00:00.004317,0:00:00.004398,0:00:00.004215,0:00:00.004199,0:00:00.004276,0:00:00.004212,0:00:00.004240,0:00:00.004250,0:00:00.004235,0:00:00.004214,0:00:00.004299,,0:00:00.188602
graph_name , nodes_count , edges_count, degree, degree cent., max neighbor degree, min neighbor degree, avg neighbor degree, std neighbor degree, eigenvector cent., closeness cent., harmonic cent., betweenness cent., coloring largest first, coloring smallest last, coloring independent set, coloring random sequential,coloring connected sequential dfs, coloring connected sequential bfs, edges within egonet, node clique number, number of cliques, clustering coef., square clustering coef., page rank, hubs value, triangles, core number, random,0,1,2,3,4,5,6,7,8,9,10,11,12,13,14,15,16,17,18,19,20,21,22,23,24,25,26,27,28,29,30, Total Time 
53,36,32,0:00:00.000003,0:00:00.000042,0:00:00.000085,0:00:00.000085,0:00:00.000085,0:00:00.000085,0:00:00.000510,0:00:00.000421,0:00:00.000601,0:00:00.001386,0:00:00.000081,0:00:00.000069,0:00:00.004050,0:00:00.000080,0:00:00.000361,0:00:00.000342,0:00:00.002009,0:00:00.000162,0:00:00.003817,0:00:00.000250,0:00:00.000470,0:00:00.004987,0:00:00.001525,0:00:00.000020,0:00:00.000091,0:00:00.000133,0:00:00.004412,0:00:00.004466,0:00:00.004500,0:00:00.004427,0:00:00.004978,0:00:00.004376,0:00:00.004378,0:00:00.004345,0:00:00.004286,0:00:00.004414,0:00:00.004563,0:00:00.007366,0:00:00.004328,0:00:00.004384,0:00:00.004437,0:00:00.004443,0:00:00.004365,0:00:00.004290,0:00:00.004351,0:00:00.004471,0:00:00.004532,0:00:00.004365,0:00:00.004611,0:00:00.004163,0:00:00.004294,0:00:00.004361,0:00:00.004299,0:00:00.004238,0:00:00.004320,0:00:00.004276,0:00:00.004369,,0:00:00.189659
graph_name , nodes_count , edges_count, degree, degree cent., max neighbor degree, min neighbor degree, avg neighbor degree, std neighbor degree, eigenvector cent., closeness cent., harmonic cent., betweenness cent., coloring largest first, coloring smallest last, coloring independent set, coloring random sequential,coloring connected sequential dfs, coloring connected sequential bfs, edges within egonet, node clique number, number of cliques, clustering coef., square clustering coef., page rank, hubs value, triangles, core number, random,0,1,2,3,4,5,6,7,8,9,10,11,12,13,14,15,16,17,18,19,20,21,22,23,24,25,26,27,28,29,30, Total Time 
54,36,31,0:00:00.000003,0:00:00.000038,0:00:00.000081,0:00:00.000081,0:00:00.000081,0:00:00.000081,0:00:00.000719,0:00:00.000377,0:00:00.000526,0:00:00.001217,0:00:00.000080,0:00:00.000067,0:00:00.003857,0:00:00.000077,0:00:00.000517,0:00:00.000342,0:00:00.001673,0:00:00.000150,0:00:00.003514,0:00:00.000235,0:00:00.000427,0:00:00.004720,0:00:00.001463,0:00:00.000020,0:00:00.000081,0:00:00.000112,0:00:00.004453,0:00:00.004341,0:00:00.004240,0:00:00.004430,0:00:00.004568,0:00:00.004374,0:00:00.004078,0:00:00.004263,0:00:00.003969,0:00:00.004226,0:00:00.004263,0:00:00.005950,0:00:00.004105,0:00:00.004155,0:00:00.004065,0:00:00.004162,0:00:00.004071,0:00:00.004205,0:00:00.004255,0:00:00.004083,0:00:00.004090,0:00:00.004004,0:00:00.003978,0:00:00.005243,0:00:00.004143,0:00:00.004187,0:00:00.004175,0:00:00.004145,0:00:00.004107,0:00:00.004195,0:00:00.004254,,0:00:00.180391
graph_name , nodes_count , edges_count, degree, degree cent., max neighbor degree, min neighbor degree, avg neighbor degree, std neighbor degree, eigenvector cent., closeness cent., harmonic cent., betweenness cent., coloring largest first, coloring smallest last, coloring independent set, coloring random sequential,coloring connected sequential dfs, coloring connected sequential bfs, edges within egonet, node clique number, number of cliques, clustering coef., square clustering coef., page rank, hubs value, triangles, core number, random,0,1,2,3,4,5,6,7,8,9,10,11,12,13,14,15,16,17,18,19,20,21,22,23,24,25,26,27,28,29,30, Total Time 
55,38,35,0:00:00.000002,0:00:00.000039,0:00:00.000089,0:00:00.000089,0:00:00.000089,0:00:00.000089,0:00:00.000540,0:00:00.000465,0:00:00.000677,0:00:00.001569,0:00:00.000083,0:00:00.000072,0:00:00.004405,0:00:00.000080,0:00:00.000354,0:00:00.000333,0:00:00.002106,0:00:00.000162,0:00:00.004046,0:00:00.000259,0:00:00.000639,0:00:00.004625,0:00:00.001475,0:00:00.000025,0:00:00.000091,0:00:00.000136,0:00:00.004454,0:00:00.004304,0:00:00.004282,0:00:00.004465,0:00:00.005037,0:00:00.004226,0:00:00.004260,0:00:00.004320,0:00:00.004253,0:00:00.004481,0:00:00.004463,0:00:00.009813,0:00:00.004254,0:00:00.004277,0:00:00.004296,0:00:00.004332,0:00:00.004376,0:00:00.004266,0:00:00.004287,0:00:00.004279,0:00:00.004411,0:00:00.004217,0:00:00.004314,0:00:00.004269,0:00:00.004308,0:00:00.004397,0:00:00.004367,0:00:00.004238,0:00:00.004257,0:00:00.004156,0:00:00.004326,,0:00:00.239869
graph_name , nodes_count , edges_count, degree, degree cent., max neighbor degree, min neighbor degree, avg neighbor degree, std neighbor degree, eigenvector cent., closeness cent., harmonic cent., betweenness cent., coloring largest first, coloring smallest last, coloring independent set, coloring random sequential,coloring connected sequential dfs, coloring connected sequential bfs, edges within egonet, node clique number, number of cliques, clustering coef., square clustering coef., page rank, hubs value, triangles, core number, random,0,1,2,3,4,5,6,7,8,9,10,11,12,13,14,15,16,17,18,19,20,21,22,23,24,25,26,27,28,29,30, Total Time 
56,37,34,0:00:00.000002,0:00:00.000029,0:00:00.000083,0:00:00.000083,0:00:00.000083,0:00:00.000083,0:00:00.000522,0:00:00.000392,0:00:00.000532,0:00:00.001240,0:00:00.000080,0:00:00.000069,0:00:00.003983,0:00:00.000079,0:00:00.000500,0:00:00.000357,0:00:00.001723,0:00:00.000159,0:00:00.003936,0:00:00.000249,0:00:00.000558,0:00:00.004694,0:00:00.001417,0:00:00.000019,0:00:00.000081,0:00:00.000118,0:00:00.004390,0:00:00.004477,0:00:00.004361,0:00:00.004587,0:00:00.004979,0:00:00.004255,0:00:00.004303,0:00:00.004366,0:00:00.004187,0:00:00.004389,0:00:00.004572,0:00:00.008752,0:00:00.004184,0:00:00.004284,0:00:00.004269,0:00:00.004279,0:00:00.004300,0:00:00.004157,0:00:00.004107,0:00:00.004125,0:00:00.004300,0:00:00.004118,0:00:00.004026,0:00:00.004257,0:00:00.004301,0:00:00.004371,0:00:00.004218,0:00:00.004164,0:00:00.004204,0:00:00.004270,0:00:00.004294,,0:00:00.185899
graph_name , nodes_count , edges_count, degree, degree cent., max neighbor degree, min neighbor degree, avg neighbor degree, std neighbor degree, eigenvector cent., closeness cent., harmonic cent., betweenness cent., coloring largest first, coloring smallest last, coloring independent set, coloring random sequential,coloring connected sequential dfs, coloring connected sequential bfs, edges within egonet, node clique number, number of cliques, clustering coef., square clustering coef., page rank, hubs value, triangles, core number, random,0,1,2,3,4,5,6,7,8,9,10,11,12,13,14,15,16,17,18,19,20,21,22,23,24,25,26,27,28,29,30, Total Time 
57,36,33,0:00:00.000002,0:00:00.000038,0:00:00.000084,0:00:00.000084,0:00:00.000084,0:00:00.000084,0:00:00.000566,0:00:00.000436,0:00:00.000596,0:00:00.001396,0:00:00.000083,0:00:00.000069,0:00:00.004119,0:00:00.000081,0:00:00.000372,0:00:00.000333,0:00:00.002043,0:00:00.000158,0:00:00.003631,0:00:00.000248,0:00:00.000522,0:00:00.004986,0:00:00.001561,0:00:00.000022,0:00:00.000090,0:00:00.000133,0:00:00.004447,0:00:00.004327,0:00:00.004406,0:00:00.004398,0:00:00.004823,0:00:00.004381,0:00:00.004360,0:00:00.004279,0:00:00.004238,0:00:00.004332,0:00:00.004463,0:00:00.008505,0:00:00.004260,0:00:00.003884,0:00:00.004338,0:00:00.004333,0:00:00.004274,0:00:00.004379,0:00:00.004328,0:00:00.004360,0:00:00.004321,0:00:00.003776,0:00:00.004301,0:00:00.004242,0:00:00.004232,0:00:00.004177,0:00:00.004166,0:00:00.004152,0:00:00.004238,0:00:00.004153,0:00:00.004220,,0:00:00.187800
graph_name , nodes_count , edges_count, degree, degree cent., max neighbor degree, min neighbor degree, avg neighbor degree, std neighbor degree, eigenvector cent., closeness cent., harmonic cent., betweenness cent., coloring largest first, coloring smallest last, coloring independent set, coloring random sequential,coloring connected sequential dfs, coloring connected sequential bfs, edges within egonet, node clique number, number of cliques, clustering coef., square clustering coef., page rank, hubs value, triangles, core number, random,0,1,2,3,4,5,6,7,8,9,10,11,12,13,14,15,16,17,18,19,20,21,22,23,24,25,26,27,28,29,30, Total Time 
58,35,32,0:00:00.000002,0:00:00.000031,0:00:00.000061,0:00:00.000061,0:00:00.000061,0:00:00.000061,0:00:00.000362,0:00:00.000300,0:00:00.000426,0:00:00.000997,0:00:00.000061,0:00:00.000058,0:00:00.002867,0:00:00.000059,0:00:00.000266,0:00:00.000550,0:00:00.001355,0:00:00.000122,0:00:00.002772,0:00:00.000188,0:00:00.000375,0:00:00.003629,0:00:00.001202,0:00:00.000018,0:00:00.000065,0:00:00.000092,0:00:00.004260,0:00:00.004262,0:00:00.003102,0:00:00.003475,0:00:00.003772,0:00:00.003458,0:00:00.003575,0:00:00.003399,0:00:00.003531,0:00:00.003502,0:00:00.003639,0:00:00.005736,0:00:00.003567,0:00:00.003670,0:00:00.003473,0:00:00.003588,0:00:00.003399,0:00:00.003582,0:00:00.003255,0:00:00.003545,0:00:00.003311,0:00:00.003420,0:00:00.003372,0:00:00.003457,0:00:00.003342,0:00:00.003521,0:00:00.003481,0:00:00.002635,0:00:00.003250,0:00:00.003391,0:00:00.003412,,0:00:00.147964
graph_name , nodes_count , edges_count, degree, degree cent., max neighbor degree, min neighbor degree, avg neighbor degree, std neighbor degree, eigenvector cent., closeness cent., harmonic cent., betweenness cent., coloring largest first, coloring smallest last, coloring independent set, coloring random sequential,coloring connected sequential dfs, coloring connected sequential bfs, edges within egonet, node clique number, number of cliques, clustering coef., square clustering coef., page rank, hubs value, triangles, core number, random,0,1,2,3,4,5,6,7,8,9,10,11,12,13,14,15,16,17,18,19,20,21,22,23,24,25,26,27,28,29,30, Total Time 
59,34,30,0:00:00.000002,0:00:00.000030,0:00:00.000062,0:00:00.000062,0:00:00.000062,0:00:00.000062,0:00:00.000414,0:00:00.000244,0:00:00.000346,0:00:00.000777,0:00:00.000061,0:00:00.000051,0:00:00.002771,0:00:00.000059,0:00:00.000276,0:00:00.000256,0:00:00.001512,0:00:00.000113,0:00:00.002458,0:00:00.000178,0:00:00.000311,0:00:00.003667,0:00:00.001220,0:00:00.000018,0:00:00.000074,0:00:00.000101,0:00:00.003592,0:00:00.003628,0:00:00.003503,0:00:00.003600,0:00:00.003737,0:00:00.003399,0:00:00.003494,0:00:00.003462,0:00:00.003476,0:00:00.003533,0:00:00.003471,0:00:00.004959,0:00:00.003442,0:00:00.003396,0:00:00.003427,0:00:00.003502,0:00:00.003603,0:00:00.003402,0:00:00.003481,0:00:00.003457,0:00:00.003426,0:00:00.003516,0:00:00.003441,0:00:00.003420,0:00:00.003471,0:00:00.003448,0:00:00.003312,0:00:00.004225,0:00:00.003508,0:00:00.004159,0:00:00.003549,,0:00:00.154161
graph_name , nodes_count , edges_count, degree, degree cent., max neighbor degree, min neighbor degree, avg neighbor degree, std neighbor degree, eigenvector cent., closeness cent., harmonic cent., betweenness cent., coloring largest first, coloring smallest last, coloring independent set, coloring random sequential,coloring connected sequential dfs, coloring connected sequential bfs, edges within egonet, node clique number, number of cliques, clustering coef., square clustering coef., page rank, hubs value, triangles, core number, random,0,1,2,3,4,5,6,7,8,9,10,11,12,13,14,15,16,17,18,19,20,21,22,23,24,25,26,27,28,29,30, Total Time 
60,34,30,0:00:00.000002,0:00:00.000028,0:00:00.000076,0:00:00.000076,0:00:00.000076,0:00:00.000076,0:00:00.000510,0:00:00.000377,0:00:00.000516,0:00:00.001151,0:00:00.000074,0:00:00.000063,0:00:00.003395,0:00:00.000073,0:00:00.000329,0:00:00.000308,0:00:00.001790,0:00:00.000139,0:00:00.003100,0:00:00.000222,0:00:00.000423,0:00:00.004621,0:00:00.001403,0:00:00.000021,0:00:00.000081,0:00:00.000116,0:00:00.004358,0:00:00.004281,0:00:00.004245,0:00:00.004280,0:00:00.004552,0:00:00.004184,0:00:00.003712,0:00:00.004209,0:00:00.004141,0:00:00.004194,0:00:00.004237,0:00:00.007713,0:00:00.003587,0:00:00.004180,0:00:00.004127,0:00:00.004157,0:00:00.004112,0:00:00.004191,0:00:00.003600,0:00:00.004166,0:00:00.004169,0:00:00.004078,0:00:00.004118,0:00:00.004084,0:00:00.003597,0:00:00.003982,0:00:00.003475,0:00:00.004211,0:00:00.004081,0:00:00.004332,0:00:00.004199,,0:00:00.176774
graph_name , nodes_count , edges_count, degree, degree cent., max neighbor degree, min neighbor degree, avg neighbor degree, std neighbor degree, eigenvector cent., closeness cent., harmonic cent., betweenness cent., coloring largest first, coloring smallest last, coloring independent set, coloring random sequential,coloring connected sequential dfs, coloring connected sequential bfs, edges within egonet, node clique number, number of cliques, clustering coef., square clustering coef., page rank, hubs value, triangles, core number, random,0,1,2,3,4,5,6,7,8,9,10,11,12,13,14,15,16,17,18,19,20,21,22,23,24,25,26,27,28,29,30, Total Time 
61,32,31,0:00:00.000002,0:00:00.000037,0:00:00.000077,0:00:00.000077,0:00:00.000077,0:00:00.000077,0:00:00.000472,0:00:00.000328,0:00:00.000459,0:00:00.001083,0:00:00.000076,0:00:00.000062,0:00:00.003214,0:00:00.000082,0:00:00.000327,0:00:00.000302,0:00:00.001604,0:00:00.000143,0:00:00.002872,0:00:00.000226,0:00:00.000461,0:00:00.004681,0:00:00.001493,0:00:00.000018,0:00:00.000079,0:00:00.000107,0:00:00.004336,0:00:00.004233,0:00:00.003614,0:00:00.003697,0:00:00.004608,0:00:00.003580,0:00:00.004153,0:00:00.003446,0:00:00.003724,0:00:00.003621,0:00:00.004365,0:00:00.005654,0:00:00.004139,0:00:00.003406,0:00:00.004173,0:00:00.003567,0:00:00.004122,0:00:00.003396,0:00:00.004013,0:00:00.003444,0:00:00.004098,0:00:00.003416,0:00:00.004049,0:00:00.003418,0:00:00.003576,0:00:00.003086,0:00:00.004137,0:00:00.002991,0:00:00.004089,0:00:00.003040,0:00:00.004231,,0:00:00.164890
graph_name , nodes_count , edges_count, degree, degree cent., max neighbor degree, min neighbor degree, avg neighbor degree, std neighbor degree, eigenvector cent., closeness cent., harmonic cent., betweenness cent., coloring largest first, coloring smallest last, coloring independent set, coloring random sequential,coloring connected sequential dfs, coloring connected sequential bfs, edges within egonet, node clique number, number of cliques, clustering coef., square clustering coef., page rank, hubs value, triangles, core number, random,0,1,2,3,4,5,6,7,8,9,10,11,12,13,14,15,16,17,18,19,20,21,22,23,24,25,26,27,28,29,30, Total Time 
62,33,30,0:00:00.000001,0:00:00.000028,0:00:00.000061,0:00:00.000061,0:00:00.000061,0:00:00.000061,0:00:00.000273,0:00:00.000171,0:00:00.000234,0:00:00.000571,0:00:00.000058,0:00:00.000048,0:00:00.002644,0:00:00.000055,0:00:00.000264,0:00:00.000250,0:00:00.001108,0:00:00.000112,0:00:00.002363,0:00:00.000174,0:00:00.000311,0:00:00.003638,0:00:00.001105,0:00:00.000011,0:00:00.000059,0:00:00.000075,0:00:00.002745,0:00:00.003929,0:00:00.003054,0:00:00.004084,0:00:00.003908,0:00:00.004335,0:00:00.002763,0:00:00.004154,0:00:00.003075,0:00:00.004366,0:00:00.003684,0:00:00.006402,0:00:00.002762,0:00:00.004130,0:00:00.002785,0:00:00.004231,0:00:00.003631,0:00:00.004220,0:00:00.002761,0:00:00.004170,0:00:00.003150,0:00:00.004182,0:00:00.002782,0:00:00.004149,0:00:00.003640,0:00:00.004288,0:00:00.003645,0:00:00.004127,0:00:00.002810,0:00:00.004033,0:00:00.002731,,0:00:00.149353
graph_name , nodes_count , edges_count, degree, degree cent., max neighbor degree, min neighbor degree, avg neighbor degree, std neighbor degree, eigenvector cent., closeness cent., harmonic cent., betweenness cent., coloring largest first, coloring smallest last, coloring independent set, coloring random sequential,coloring connected sequential dfs, coloring connected sequential bfs, edges within egonet, node clique number, number of cliques, clustering coef., square clustering coef., page rank, hubs value, triangles, core number, random,0,1,2,3,4,5,6,7,8,9,10,11,12,13,14,15,16,17,18,19,20,21,22,23,24,25,26,27,28,29,30, Total Time 
63,34,31,0:00:00.000002,0:00:00.000039,0:00:00.000081,0:00:00.000081,0:00:00.000081,0:00:00.000081,0:00:00.000541,0:00:00.000384,0:00:00.000535,0:00:00.001221,0:00:00.000079,0:00:00.000065,0:00:00.003511,0:00:00.000077,0:00:00.000350,0:00:00.000316,0:00:00.001918,0:00:00.000151,0:00:00.003263,0:00:00.000237,0:00:00.000448,0:00:00.004848,0:00:00.001580,0:00:00.000022,0:00:00.000087,0:00:00.000128,0:00:00.004303,0:00:00.002854,0:00:00.004076,0:00:00.003101,0:00:00.004494,0:00:00.003297,0:00:00.004233,0:00:00.003109,0:00:00.004207,0:00:00.003048,0:00:00.004319,0:00:00.004443,0:00:00.004095,0:00:00.003075,0:00:00.004177,0:00:00.003593,0:00:00.004343,0:00:00.002945,0:00:00.004165,0:00:00.002869,0:00:00.004282,0:00:00.003066,0:00:00.004140,0:00:00.003103,0:00:00.004139,0:00:00.003033,0:00:00.004137,0:00:00.002888,0:00:00.004057,0:00:00.002929,0:00:00.004220,,0:00:00.162908
graph_name , nodes_count , edges_count, degree, degree cent., max neighbor degree, min neighbor degree, avg neighbor degree, std neighbor degree, eigenvector cent., closeness cent., harmonic cent., betweenness cent., coloring largest first, coloring smallest last, coloring independent set, coloring random sequential,coloring connected sequential dfs, coloring connected sequential bfs, edges within egonet, node clique number, number of cliques, clustering coef., square clustering coef., page rank, hubs value, triangles, core number, random,0,1,2,3,4,5,6,7,8,9,10,11,12,13,14,15,16,17,18,19,20,21,22,23,24,25,26,27,28,29,30, Total Time 
64,33,29,0:00:00.000002,0:00:00.000036,0:00:00.000061,0:00:00.000061,0:00:00.000061,0:00:00.000061,0:00:00.000400,0:00:00.000232,0:00:00.000311,0:00:00.000724,0:00:00.000061,0:00:00.000048,0:00:00.002623,0:00:00.000059,0:00:00.000270,0:00:00.000249,0:00:00.001118,0:00:00.000115,0:00:00.002354,0:00:00.000178,0:00:00.000285,0:00:00.003733,0:00:00.001265,0:00:00.000015,0:00:00.000060,0:00:00.000076,0:00:00.003620,0:00:00.002630,0:00:00.004018,0:00:00.003712,0:00:00.004630,0:00:00.003563,0:00:00.004237,0:00:00.003574,0:00:00.004309,0:00:00.002836,0:00:00.004252,0:00:00.004840,0:00:00.004293,0:00:00.003554,0:00:00.004278,0:00:00.003609,0:00:00.004301,0:00:00.003472,0:00:00.004232,0:00:00.003586,0:00:00.004245,0:00:00.004504,0:00:00.003548,0:00:00.004253,0:00:00.003790,0:00:00.004550,0:00:00.003645,0:00:00.004169,0:00:00.046965,0:00:00.004784,0:00:00.003678,,0:00:00.316654
graph_name , nodes_count , edges_count, degree, degree cent., max neighbor degree, min neighbor degree, avg neighbor degree, std neighbor degree, eigenvector cent., closeness cent., harmonic cent., betweenness cent., coloring largest first, coloring smallest last, coloring independent set, coloring random sequential,coloring connected sequential dfs, coloring connected sequential bfs, edges within egonet, node clique number, number of cliques, clustering coef., square clustering coef., page rank, hubs value, triangles, core number, random,0,1,2,3,4,5,6,7,8,9,10,11,12,13,14,15,16,17,18,19,20,21,22,23,24,25,26,27,28,29,30, Total Time 
65,34,31,0:00:00.000003,0:00:00.000039,0:00:00.000081,0:00:00.000081,0:00:00.000081,0:00:00.000081,0:00:00.000505,0:00:00.000389,0:00:00.000548,0:00:00.001232,0:00:00.000082,0:00:00.000067,0:00:00.003708,0:00:00.000079,0:00:00.000343,0:00:00.000323,0:00:00.001762,0:00:00.000155,0:00:00.003278,0:00:00.000237,0:00:00.000441,0:00:00.004999,0:00:00.001668,0:00:00.000022,0:00:00.000089,0:00:00.000118,0:00:00.004552,0:00:00.003730,0:00:00.004307,0:00:00.003727,0:00:00.004621,0:00:00.003805,0:00:00.004240,0:00:00.003889,0:00:00.004190,0:00:00.003897,0:00:00.004450,0:00:00.005744,0:00:00.004306,0:00:00.003594,0:00:00.004325,0:00:00.003619,0:00:00.004362,0:00:00.003645,0:00:00.004156,0:00:00.003421,0:00:00.004195,0:00:00.003610,0:00:00.004194,0:00:00.003668,0:00:00.004103,0:00:00.003438,0:00:00.004079,0:00:00.003697,0:00:00.004142,0:00:00.003547,0:00:00.004259,,0:00:00.174016
graph_name , nodes_count , edges_count, degree, degree cent., max neighbor degree, min neighbor degree, avg neighbor degree, std neighbor degree, eigenvector cent., closeness cent., harmonic cent., betweenness cent., coloring largest first, coloring smallest last, coloring independent set, coloring random sequential,coloring connected sequential dfs, coloring connected sequential bfs, edges within egonet, node clique number, number of cliques, clustering coef., square clustering coef., page rank, hubs value, triangles, core number, random,0,1,2,3,4,5,6,7,8,9,10,11,12,13,14,15,16,17,18,19,20,21,22,23,24,25,26,27,28,29,30, Total Time 
66,35,32,0:00:00.000002,0:00:00.000028,0:00:00.000079,0:00:00.000079,0:00:00.000079,0:00:00.000079,0:00:00.000501,0:00:00.000413,0:00:00.000582,0:00:00.001469,0:00:00.000078,0:00:00.000067,0:00:00.003523,0:00:00.000076,0:00:00.000357,0:00:00.000322,0:00:00.002037,0:00:00.000153,0:00:00.003589,0:00:00.000238,0:00:00.000507,0:00:00.004920,0:00:00.001460,0:00:00.000024,0:00:00.000087,0:00:00.000133,0:00:00.003732,0:00:00.004276,0:00:00.004441,0:00:00.003730,0:00:00.004851,0:00:00.003722,0:00:00.004256,0:00:00.003712,0:00:00.004135,0:00:00.003710,0:00:00.004323,0:00:00.006540,0:00:00.004247,0:00:00.003656,0:00:00.004197,0:00:00.003675,0:00:00.004205,0:00:00.003648,0:00:00.004235,0:00:00.003559,0:00:00.004130,0:00:00.003676,0:00:00.004047,0:00:00.003543,0:00:00.004059,0:00:00.003583,0:00:00.004196,0:00:00.003664,0:00:00.004184,0:00:00.003479,0:00:00.004129,,0:00:00.175169
graph_name , nodes_count , edges_count, degree, degree cent., max neighbor degree, min neighbor degree, avg neighbor degree, std neighbor degree, eigenvector cent., closeness cent., harmonic cent., betweenness cent., coloring largest first, coloring smallest last, coloring independent set, coloring random sequential,coloring connected sequential dfs, coloring connected sequential bfs, edges within egonet, node clique number, number of cliques, clustering coef., square clustering coef., page rank, hubs value, triangles, core number, random,0,1,2,3,4,5,6,7,8,9,10,11,12,13,14,15,16,17,18,19,20,21,22,23,24,25,26,27,28,29,30, Total Time 
67,36,33,0:00:00.000002,0:00:00.000040,0:00:00.000085,0:00:00.000085,0:00:00.000085,0:00:00.000085,0:00:00.000522,0:00:00.000436,0:00:00.000586,0:00:00.001412,0:00:00.000082,0:00:00.000068,0:00:00.004324,0:00:00.000080,0:00:00.000353,0:00:00.000334,0:00:00.001914,0:00:00.000163,0:00:00.003829,0:00:00.000249,0:00:00.000571,0:00:00.004955,0:00:00.001526,0:00:00.000024,0:00:00.000090,0:00:00.000134,0:00:00.004540,0:00:00.004448,0:00:00.004660,0:00:00.004451,0:00:00.004987,0:00:00.004349,0:00:00.004590,0:00:00.004253,0:00:00.004359,0:00:00.004507,0:00:00.004672,0:00:00.008111,0:00:00.004416,0:00:00.004309,0:00:00.004701,0:00:00.004321,0:00:00.004473,0:00:00.004221,0:00:00.004313,0:00:00.004281,0:00:00.004304,0:00:00.004249,0:00:00.004250,0:00:00.004404,0:00:00.004387,0:00:00.004252,0:00:00.004421,0:00:00.004190,0:00:00.004353,0:00:00.004257,0:00:00.004349,,0:00:00.190959
graph_name , nodes_count , edges_count, degree, degree cent., max neighbor degree, min neighbor degree, avg neighbor degree, std neighbor degree, eigenvector cent., closeness cent., harmonic cent., betweenness cent., coloring largest first, coloring smallest last, coloring independent set, coloring random sequential,coloring connected sequential dfs, coloring connected sequential bfs, edges within egonet, node clique number, number of cliques, clustering coef., square clustering coef., page rank, hubs value, triangles, core number, random,0,1,2,3,4,5,6,7,8,9,10,11,12,13,14,15,16,17,18,19,20,21,22,23,24,25,26,27,28,29,30, Total Time 
68,37,36,0:00:00.000002,0:00:00.000041,0:00:00.000086,0:00:00.000086,0:00:00.000086,0:00:00.000086,0:00:00.000541,0:00:00.000451,0:00:00.000628,0:00:00.001514,0:00:00.000084,0:00:00.000083,0:00:00.004180,0:00:00.000083,0:00:00.000362,0:00:00.000338,0:00:00.002260,0:00:00.000168,0:00:00.004144,0:00:00.000262,0:00:00.000659,0:00:00.004912,0:00:00.001567,0:00:00.000025,0:00:00.000089,0:00:00.000139,0:00:00.004470,0:00:00.004534,0:00:00.004385,0:00:00.004487,0:00:00.005104,0:00:00.004520,0:00:00.004277,0:00:00.004691,0:00:00.004280,0:00:00.004584,0:00:00.004618,0:00:00.011008,0:00:00.004270,0:00:00.004436,0:00:00.004402,0:00:00.004437,0:00:00.004531,0:00:00.004310,0:00:00.004273,0:00:00.004424,0:00:00.004215,0:00:00.004279,0:00:00.004286,0:00:00.004098,0:00:00.004245,0:00:00.004189,0:00:00.004143,0:00:00.004303,0:00:00.004189,0:00:00.004367,0:00:00.004348,,0:00:00.194254
graph_name , nodes_count , edges_count, degree, degree cent., max neighbor degree, min neighbor degree, avg neighbor degree, std neighbor degree, eigenvector cent., closeness cent., harmonic cent., betweenness cent., coloring largest first, coloring smallest last, coloring independent set, coloring random sequential,coloring connected sequential dfs, coloring connected sequential bfs, edges within egonet, node clique number, number of cliques, clustering coef., square clustering coef., page rank, hubs value, triangles, core number, random,0,1,2,3,4,5,6,7,8,9,10,11,12,13,14,15,16,17,18,19,20,21,22,23,24,25,26,27,28,29,30, Total Time 
69,38,35,0:00:00.000002,0:00:00.000042,0:00:00.000089,0:00:00.000089,0:00:00.000089,0:00:00.000089,0:00:00.000553,0:00:00.000478,0:00:00.000665,0:00:00.001605,0:00:00.000086,0:00:00.000072,0:00:00.004506,0:00:00.000084,0:00:00.000361,0:00:00.000353,0:00:00.002100,0:00:00.000168,0:00:00.004227,0:00:00.000262,0:00:00.000637,0:00:00.004836,0:00:00.001536,0:00:00.000027,0:00:00.000094,0:00:00.000138,0:00:00.004902,0:00:00.004428,0:00:00.004415,0:00:00.004421,0:00:00.005087,0:00:00.004331,0:00:00.004338,0:00:00.004309,0:00:00.004391,0:00:00.004485,0:00:00.004520,0:00:00.009934,0:00:00.004401,0:00:00.004202,0:00:00.004410,0:00:00.004267,0:00:00.004323,0:00:00.004326,0:00:00.004276,0:00:00.004296,0:00:00.004339,0:00:00.004258,0:00:00.004356,0:00:00.004436,0:00:00.004308,0:00:00.004303,0:00:00.004367,0:00:00.004251,0:00:00.004249,0:00:00.004255,0:00:00.004462,,0:00:00.193648
graph_name , nodes_count , edges_count, degree, degree cent., max neighbor degree, min neighbor degree, avg neighbor degree, std neighbor degree, eigenvector cent., closeness cent., harmonic cent., betweenness cent., coloring largest first, coloring smallest last, coloring independent set, coloring random sequential,coloring connected sequential dfs, coloring connected sequential bfs, edges within egonet, node clique number, number of cliques, clustering coef., square clustering coef., page rank, hubs value, triangles, core number, random,0,1,2,3,4,5,6,7,8,9,10,11,12,13,14,15,16,17,18,19,20,21,22,23,24,25,26,27,28,29,30, Total Time 
70,34,31,0:00:00.000002,0:00:00.000038,0:00:00.000083,0:00:00.000083,0:00:00.000083,0:00:00.000083,0:00:00.000494,0:00:00.000393,0:00:00.000561,0:00:00.001258,0:00:00.000080,0:00:00.000067,0:00:00.003616,0:00:00.000078,0:00:00.000359,0:00:00.000339,0:00:00.001910,0:00:00.000154,0:00:00.003439,0:00:00.000242,0:00:00.000443,0:00:00.005015,0:00:00.001545,0:00:00.000021,0:00:00.000087,0:00:00.000128,0:00:00.004327,0:00:00.004356,0:00:00.004204,0:00:00.004568,0:00:00.004737,0:00:00.004451,0:00:00.004356,0:00:00.004376,0:00:00.004363,0:00:00.004425,0:00:00.004450,0:00:00.006872,0:00:00.004500,0:00:00.004475,0:00:00.004329,0:00:00.004277,0:00:00.004365,0:00:00.004413,0:00:00.004262,0:00:00.004418,0:00:00.004196,0:00:00.004313,0:00:00.004282,0:00:00.004374,0:00:00.004275,0:00:00.004396,0:00:00.004285,0:00:00.004293,0:00:00.004220,0:00:00.004402,0:00:00.004302,,0:00:00.187198
graph_name , nodes_count , edges_count, degree, degree cent., max neighbor degree, min neighbor degree, avg neighbor degree, std neighbor degree, eigenvector cent., closeness cent., harmonic cent., betweenness cent., coloring largest first, coloring smallest last, coloring independent set, coloring random sequential,coloring connected sequential dfs, coloring connected sequential bfs, edges within egonet, node clique number, number of cliques, clustering coef., square clustering coef., page rank, hubs value, triangles, core number, random,0,1,2,3,4,5,6,7,8,9,10,11,12,13,14,15,16,17,18,19,20,21,22,23,24,25,26,27,28,29,30, Total Time 
71,39,37,0:00:00.000003,0:00:00.000039,0:00:00.000092,0:00:00.000092,0:00:00.000092,0:00:00.000092,0:00:00.000570,0:00:00.000491,0:00:00.000707,0:00:00.001726,0:00:00.000090,0:00:00.000076,0:00:00.004807,0:00:00.000088,0:00:00.000370,0:00:00.000348,0:00:00.002285,0:00:00.000167,0:00:00.004174,0:00:00.000273,0:00:00.000718,0:00:00.004841,0:00:00.001574,0:00:00.000028,0:00:00.000096,0:00:00.000150,0:00:00.004604,0:00:00.004435,0:00:00.004531,0:00:00.004403,0:00:00.005544,0:00:00.004343,0:00:00.004389,0:00:00.004377,0:00:00.004386,0:00:00.004753,0:00:00.004756,0:00:00.013046,0:00:00.004536,0:00:00.004459,0:00:00.004383,0:00:00.004410,0:00:00.004515,0:00:00.004377,0:00:00.004398,0:00:00.004312,0:00:00.004439,0:00:00.004347,0:00:00.004425,0:00:00.004444,0:00:00.004289,0:00:00.004325,0:00:00.004310,0:00:00.004167,0:00:00.004349,0:00:00.004230,0:00:00.004271,,0:00:00.199547
graph_name , nodes_count , edges_count, degree, degree cent., max neighbor degree, min neighbor degree, avg neighbor degree, std neighbor degree, eigenvector cent., closeness cent., harmonic cent., betweenness cent., coloring largest first, coloring smallest last, coloring independent set, coloring random sequential,coloring connected sequential dfs, coloring connected sequential bfs, edges within egonet, node clique number, number of cliques, clustering coef., square clustering coef., page rank, hubs value, triangles, core number, random,0,1,2,3,4,5,6,7,8,9,10,11,12,13,14,15,16,17,18,19,20,21,22,23,24,25,26,27,28,29,30, Total Time 
72,36,35,0:00:00.000002,0:00:00.000041,0:00:00.000086,0:00:00.000086,0:00:00.000086,0:00:00.000086,0:00:00.000526,0:00:00.000448,0:00:00.000637,0:00:00.001473,0:00:00.000084,0:00:00.000071,0:00:00.003986,0:00:00.000081,0:00:00.000372,0:00:00.000345,0:00:00.002010,0:00:00.000168,0:00:00.003932,0:00:00.000258,0:00:00.000623,0:00:00.005125,0:00:00.001675,0:00:00.000024,0:00:00.000092,0:00:00.000135,0:00:00.004289,0:00:00.004570,0:00:00.004210,0:00:00.004380,0:00:00.004987,0:00:00.004399,0:00:00.004283,0:00:00.004326,0:00:00.004310,0:00:00.004646,0:00:00.004649,0:00:00.009966,0:00:00.004277,0:00:00.004421,0:00:00.004197,0:00:00.004448,0:00:00.004361,0:00:00.004434,0:00:00.004405,0:00:00.004477,0:00:00.004378,0:00:00.004389,0:00:00.004370,0:00:00.004472,0:00:00.004203,0:00:00.004371,0:00:00.004474,0:00:00.004370,0:00:00.004329,0:00:00.004319,0:00:00.004308,,0:00:00.193020
graph_name , nodes_count , edges_count, degree, degree cent., max neighbor degree, min neighbor degree, avg neighbor degree, std neighbor degree, eigenvector cent., closeness cent., harmonic cent., betweenness cent., coloring largest first, coloring smallest last, coloring independent set, coloring random sequential,coloring connected sequential dfs, coloring connected sequential bfs, edges within egonet, node clique number, number of cliques, clustering coef., square clustering coef., page rank, hubs value, triangles, core number, random,0,1,2,3,4,5,6,7,8,9,10,11,12,13,14,15,16,17,18,19,20,21,22,23,24,25,26,27,28,29,30, Total Time 
73,36,34,0:00:00.000002,0:00:00.000037,0:00:00.000084,0:00:00.000084,0:00:00.000084,0:00:00.000084,0:00:00.000519,0:00:00.000428,0:00:00.000601,0:00:00.001452,0:00:00.000083,0:00:00.000069,0:00:00.004127,0:00:00.000080,0:00:00.000350,0:00:00.000332,0:00:00.002064,0:00:00.000158,0:00:00.003622,0:00:00.000252,0:00:00.000569,0:00:00.005006,0:00:00.001547,0:00:00.000024,0:00:00.000090,0:00:00.000137,0:00:00.004510,0:00:00.004505,0:00:00.004537,0:00:00.004879,0:00:00.005573,0:00:00.004332,0:00:00.004643,0:00:00.004443,0:00:00.004360,0:00:00.004503,0:00:00.004758,0:00:00.009177,0:00:00.004480,0:00:00.004337,0:00:00.004782,0:00:00.004324,0:00:00.004474,0:00:00.004367,0:00:00.004432,0:00:00.004252,0:00:00.004371,0:00:00.004348,0:00:00.004241,0:00:00.004275,0:00:00.004472,0:00:00.004259,0:00:00.004397,0:00:00.004316,0:00:00.004260,0:00:00.004278,0:00:00.004414,,0:00:00.193617
graph_name , nodes_count , edges_count, degree, degree cent., max neighbor degree, min neighbor degree, avg neighbor degree, std neighbor degree, eigenvector cent., closeness cent., harmonic cent., betweenness cent., coloring largest first, coloring smallest last, coloring independent set, coloring random sequential,coloring connected sequential dfs, coloring connected sequential bfs, edges within egonet, node clique number, number of cliques, clustering coef., square clustering coef., page rank, hubs value, triangles, core number, random,0,1,2,3,4,5,6,7,8,9,10,11,12,13,14,15,16,17,18,19,20,21,22,23,24,25,26,27,28,29,30, Total Time 
74,37,34,0:00:00.000002,0:00:00.000041,0:00:00.000087,0:00:00.000087,0:00:00.000087,0:00:00.000087,0:00:00.000541,0:00:00.000420,0:00:00.000610,0:00:00.001436,0:00:00.000084,0:00:00.000089,0:00:00.004350,0:00:00.000083,0:00:00.000393,0:00:00.000371,0:00:00.001955,0:00:00.000166,0:00:00.004027,0:00:00.000260,0:00:00.000595,0:00:00.005258,0:00:00.001605,0:00:00.000023,0:00:00.000088,0:00:00.000128,0:00:00.004367,0:00:00.004560,0:00:00.004289,0:00:00.004561,0:00:00.005210,0:00:00.004362,0:00:00.004315,0:00:00.004384,0:00:00.004319,0:00:00.004643,0:00:00.004571,0:00:00.010010,0:00:00.004305,0:00:00.004376,0:00:00.004419,0:00:00.004214,0:00:00.004330,0:00:00.004343,0:00:00.004233,0:00:00.003781,0:00:00.004350,0:00:00.004264,0:00:00.004347,0:00:00.004154,0:00:00.004277,0:00:00.004248,0:00:00.004329,0:00:00.004226,0:00:00.004183,0:00:00.004262,0:00:00.004286,,0:00:00.192461
graph_name , nodes_count , edges_count, degree, degree cent., max neighbor degree, min neighbor degree, avg neighbor degree, std neighbor degree, eigenvector cent., closeness cent., harmonic cent., betweenness cent., coloring largest first, coloring smallest last, coloring independent set, coloring random sequential,coloring connected sequential dfs, coloring connected sequential bfs, edges within egonet, node clique number, number of cliques, clustering coef., square clustering coef., page rank, hubs value, triangles, core number, random,0,1,2,3,4,5,6,7,8,9,10,11,12,13,14,15,16,17,18,19,20,21,22,23,24,25,26,27,28,29,30, Total Time 
75,35,33,0:00:00.000003,0:00:00.000041,0:00:00.000083,0:00:00.000083,0:00:00.000083,0:00:00.000083,0:00:00.000511,0:00:00.000420,0:00:00.000572,0:00:00.001336,0:00:00.000081,0:00:00.000069,0:00:00.004080,0:00:00.000079,0:00:00.000361,0:00:00.000356,0:00:00.001848,0:00:00.000161,0:00:00.003513,0:00:00.000248,0:00:00.000547,0:00:00.004881,0:00:00.001539,0:00:00.000020,0:00:00.000087,0:00:00.000124,0:00:00.004398,0:00:00.004334,0:00:00.004382,0:00:00.004298,0:00:00.004669,0:00:00.004377,0:00:00.004271,0:00:00.004344,0:00:00.004484,0:00:00.004533,0:00:00.004610,0:00:00.008171,0:00:00.004553,0:00:00.004367,0:00:00.004433,0:00:00.004286,0:00:00.004416,0:00:00.004372,0:00:00.004279,0:00:00.004352,0:00:00.004344,0:00:00.004253,0:00:00.004411,0:00:00.004176,0:00:00.004222,0:00:00.004213,0:00:00.004329,0:00:00.004286,0:00:00.004314,0:00:00.004338,0:00:00.004318,,0:00:00.188956
graph_name , nodes_count , edges_count, degree, degree cent., max neighbor degree, min neighbor degree, avg neighbor degree, std neighbor degree, eigenvector cent., closeness cent., harmonic cent., betweenness cent., coloring largest first, coloring smallest last, coloring independent set, coloring random sequential,coloring connected sequential dfs, coloring connected sequential bfs, edges within egonet, node clique number, number of cliques, clustering coef., square clustering coef., page rank, hubs value, triangles, core number, random,0,1,2,3,4,5,6,7,8,9,10,11,12,13,14,15,16,17,18,19,20,21,22,23,24,25,26,27,28,29,30, Total Time 
76,36,32,0:00:00.000002,0:00:00.000041,0:00:00.000088,0:00:00.000088,0:00:00.000088,0:00:00.000088,0:00:00.000731,0:00:00.000437,0:00:00.000641,0:00:00.001482,0:00:00.000084,0:00:00.000070,0:00:00.004002,0:00:00.000081,0:00:00.000373,0:00:00.000349,0:00:00.001952,0:00:00.000167,0:00:00.003920,0:00:00.000257,0:00:00.000481,0:00:00.005121,0:00:00.001707,0:00:00.000023,0:00:00.000092,0:00:00.000130,0:00:00.004383,0:00:00.004873,0:00:00.004159,0:00:00.004456,0:00:00.004843,0:00:00.004355,0:00:00.004292,0:00:00.004406,0:00:00.004281,0:00:00.004473,0:00:00.004413,0:00:00.007792,0:00:00.004397,0:00:00.004435,0:00:00.004336,0:00:00.004360,0:00:00.004355,0:00:00.004415,0:00:00.004222,0:00:00.004308,0:00:00.004341,0:00:00.004326,0:00:00.004345,0:00:00.004374,0:00:00.004239,0:00:00.004295,0:00:00.004213,0:00:00.004310,0:00:00.004341,0:00:00.004377,0:00:00.004295,,0:00:00.190255
graph_name , nodes_count , edges_count, degree, degree cent., max neighbor degree, min neighbor degree, avg neighbor degree, std neighbor degree, eigenvector cent., closeness cent., harmonic cent., betweenness cent., coloring largest first, coloring smallest last, coloring independent set, coloring random sequential,coloring connected sequential dfs, coloring connected sequential bfs, edges within egonet, node clique number, number of cliques, clustering coef., square clustering coef., page rank, hubs value, triangles, core number, random,0,1,2,3,4,5,6,7,8,9,10,11,12,13,14,15,16,17,18,19,20,21,22,23,24,25,26,27,28,29,30, Total Time 
77,35,33,0:00:00.000002,0:00:00.000039,0:00:00.000084,0:00:00.000084,0:00:00.000084,0:00:00.000084,0:00:00.000513,0:00:00.000414,0:00:00.000592,0:00:00.001397,0:00:00.000081,0:00:00.000068,0:00:00.003910,0:00:00.000079,0:00:00.000344,0:00:00.000332,0:00:00.002075,0:00:00.000160,0:00:00.003652,0:00:00.000247,0:00:00.000571,0:00:00.004870,0:00:00.001560,0:00:00.000023,0:00:00.000090,0:00:00.000133,0:00:00.004576,0:00:00.004400,0:00:00.004567,0:00:00.004449,0:00:00.005032,0:00:00.004499,0:00:00.004419,0:00:00.004358,0:00:00.004448,0:00:00.004445,0:00:00.004698,0:00:00.009226,0:00:00.004543,0:00:00.004277,0:00:00.004514,0:00:00.004391,0:00:00.004392,0:00:00.004385,0:00:00.004347,0:00:00.004295,0:00:00.004364,0:00:00.004238,0:00:00.004375,0:00:00.004332,0:00:00.004324,0:00:00.004408,0:00:00.004419,0:00:00.004281,0:00:00.004412,0:00:00.004331,0:00:00.004472,,0:00:00.192237
graph_name , nodes_count , edges_count, degree, degree cent., max neighbor degree, min neighbor degree, avg neighbor degree, std neighbor degree, eigenvector cent., closeness cent., harmonic cent., betweenness cent., coloring largest first, coloring smallest last, coloring independent set, coloring random sequential,coloring connected sequential dfs, coloring connected sequential bfs, edges within egonet, node clique number, number of cliques, clustering coef., square clustering coef., page rank, hubs value, triangles, core number, random,0,1,2,3,4,5,6,7,8,9,10,11,12,13,14,15,16,17,18,19,20,21,22,23,24,25,26,27,28,29,30, Total Time 
78,34,32,0:00:00.000002,0:00:00.000037,0:00:00.000082,0:00:00.000082,0:00:00.000082,0:00:00.000082,0:00:00.000543,0:00:00.000390,0:00:00.000547,0:00:00.001293,0:00:00.000081,0:00:00.000067,0:00:00.003584,0:00:00.000079,0:00:00.000354,0:00:00.000335,0:00:00.002034,0:00:00.000154,0:00:00.003351,0:00:00.000242,0:00:00.000501,0:00:00.005051,0:00:00.001574,0:00:00.000021,0:00:00.000084,0:00:00.000137,0:00:00.004478,0:00:00.004511,0:00:00.004428,0:00:00.004755,0:00:00.004806,0:00:00.004831,0:00:00.004376,0:00:00.004504,0:00:00.004278,0:00:00.004473,0:00:00.004511,0:00:00.008216,0:00:00.004294,0:00:00.004362,0:00:00.004278,0:00:00.004420,0:00:00.004429,0:00:00.004449,0:00:00.004400,0:00:00.004334,0:00:00.004306,0:00:00.004475,0:00:00.004246,0:00:00.004279,0:00:00.004394,0:00:00.004425,0:00:00.004212,0:00:00.004402,0:00:00.004376,0:00:00.004438,0:00:00.004349,,0:00:00.190306
graph_name , nodes_count , edges_count, degree, degree cent., max neighbor degree, min neighbor degree, avg neighbor degree, std neighbor degree, eigenvector cent., closeness cent., harmonic cent., betweenness cent., coloring largest first, coloring smallest last, coloring independent set, coloring random sequential,coloring connected sequential dfs, coloring connected sequential bfs, edges within egonet, node clique number, number of cliques, clustering coef., square clustering coef., page rank, hubs value, triangles, core number, random,0,1,2,3,4,5,6,7,8,9,10,11,12,13,14,15,16,17,18,19,20,21,22,23,24,25,26,27,28,29,30, Total Time 
79,35,32,0:00:00.000003,0:00:00.000029,0:00:00.000080,0:00:00.000080,0:00:00.000080,0:00:00.000080,0:00:00.000511,0:00:00.000396,0:00:00.000577,0:00:00.001289,0:00:00.000079,0:00:00.000067,0:00:00.003782,0:00:00.000078,0:00:00.000337,0:00:00.000321,0:00:00.001792,0:00:00.000153,0:00:00.003802,0:00:00.000236,0:00:00.000470,0:00:00.004931,0:00:00.001485,0:00:00.000022,0:00:00.000084,0:00:00.000120,0:00:00.004534,0:00:00.004472,0:00:00.004470,0:00:00.004395,0:00:00.004927,0:00:00.004327,0:00:00.004500,0:00:00.004202,0:00:00.004428,0:00:00.004463,0:00:00.004584,0:00:00.007243,0:00:00.003850,0:00:00.004576,0:00:00.004231,0:00:00.004400,0:00:00.004232,0:00:00.004501,0:00:00.004228,0:00:00.004427,0:00:00.004384,0:00:00.004242,0:00:00.004293,0:00:00.004301,0:00:00.004231,0:00:00.005174,0:00:00.004312,0:00:00.004402,0:00:00.004286,0:00:00.004368,0:00:00.004211,,0:00:00.187762
graph_name , nodes_count , edges_count, degree, degree cent., max neighbor degree, min neighbor degree, avg neighbor degree, std neighbor degree, eigenvector cent., closeness cent., harmonic cent., betweenness cent., coloring largest first, coloring smallest last, coloring independent set, coloring random sequential,coloring connected sequential dfs, coloring connected sequential bfs, edges within egonet, node clique number, number of cliques, clustering coef., square clustering coef., page rank, hubs value, triangles, core number, random,0,1,2,3,4,5,6,7,8,9,10,11,12,13,14,15,16,17,18,19,20,21,22,23,24,25,26,27,28,29,30, Total Time 
80,35,33,0:00:00.000002,0:00:00.000028,0:00:00.000078,0:00:00.000078,0:00:00.000078,0:00:00.000078,0:00:00.000498,0:00:00.000350,0:00:00.000481,0:00:00.001092,0:00:00.000076,0:00:00.000065,0:00:00.003723,0:00:00.000076,0:00:00.000377,0:00:00.000344,0:00:00.001794,0:00:00.000145,0:00:00.003321,0:00:00.000323,0:00:00.000525,0:00:00.004944,0:00:00.001391,0:00:00.000020,0:00:00.000081,0:00:00.000111,0:00:00.004426,0:00:00.004408,0:00:00.004202,0:00:00.004527,0:00:00.004705,0:00:00.004558,0:00:00.004123,0:00:00.004562,0:00:00.004178,0:00:00.004660,0:00:00.004471,0:00:00.008124,0:00:00.004125,0:00:00.004371,0:00:00.004280,0:00:00.004428,0:00:00.004508,0:00:00.004395,0:00:00.004234,0:00:00.004357,0:00:00.004146,0:00:00.004176,0:00:00.004028,0:00:00.004315,0:00:00.004108,0:00:00.004297,0:00:00.004317,0:00:00.004355,0:00:00.004022,0:00:00.004329,0:00:00.004215,,0:00:00.186165
graph_name , nodes_count , edges_count, degree, degree cent., max neighbor degree, min neighbor degree, avg neighbor degree, std neighbor degree, eigenvector cent., closeness cent., harmonic cent., betweenness cent., coloring largest first, coloring smallest last, coloring independent set, coloring random sequential,coloring connected sequential dfs, coloring connected sequential bfs, edges within egonet, node clique number, number of cliques, clustering coef., square clustering coef., page rank, hubs value, triangles, core number, random,0,1,2,3,4,5,6,7,8,9,10,11,12,13,14,15,16,17,18,19,20,21,22,23,24,25,26,27,28,29,30, Total Time 
81,37,36,0:00:00.000002,0:00:00.000044,0:00:00.000086,0:00:00.000086,0:00:00.000086,0:00:00.000086,0:00:00.000552,0:00:00.000459,0:00:00.000627,0:00:00.001526,0:00:00.000089,0:00:00.000076,0:00:00.004248,0:00:00.000085,0:00:00.000361,0:00:00.000328,0:00:00.002065,0:00:00.000171,0:00:00.004078,0:00:00.000303,0:00:00.000661,0:00:00.004847,0:00:00.001606,0:00:00.000024,0:00:00.000091,0:00:00.000140,0:00:00.004629,0:00:00.004818,0:00:00.004461,0:00:00.004494,0:00:00.005236,0:00:00.004407,0:00:00.004494,0:00:00.004336,0:00:00.004495,0:00:00.004618,0:00:00.004928,0:00:00.011092,0:00:00.004575,0:00:00.004323,0:00:00.004478,0:00:00.004398,0:00:00.004621,0:00:00.004315,0:00:00.004304,0:00:00.004474,0:00:00.004342,0:00:00.004381,0:00:00.004358,0:00:00.004398,0:00:00.004406,0:00:00.004320,0:00:00.004327,0:00:00.004301,0:00:00.004382,0:00:00.004339,0:00:00.004337,,0:00:00.196733
graph_name , nodes_count , edges_count, degree, degree cent., max neighbor degree, min neighbor degree, avg neighbor degree, std neighbor degree, eigenvector cent., closeness cent., harmonic cent., betweenness cent., coloring largest first, coloring smallest last, coloring independent set, coloring random sequential,coloring connected sequential dfs, coloring connected sequential bfs, edges within egonet, node clique number, number of cliques, clustering coef., square clustering coef., page rank, hubs value, triangles, core number, random,0,1,2,3,4,5,6,7,8,9,10,11,12,13,14,15,16,17,18,19,20,21,22,23,24,25,26,27,28,29,30, Total Time 
82,42,41,0:00:00.000003,0:00:00.000046,0:00:00.000096,0:00:00.000096,0:00:00.000096,0:00:00.000096,0:00:00.000675,0:00:00.000662,0:00:00.000845,0:00:00.002091,0:00:00.000094,0:00:00.000081,0:00:00.005387,0:00:00.000091,0:00:00.000395,0:00:00.000378,0:00:00.002636,0:00:00.000181,0:00:00.004990,0:00:00.000302,0:00:00.000990,0:00:00.004898,0:00:00.001557,0:00:00.000029,0:00:00.000104,0:00:00.000177,0:00:00.004397,0:00:00.057292,0:00:00.004606,0:00:00.004480,0:00:00.006124,0:00:00.004911,0:00:00.004473,0:00:00.004474,0:00:00.004441,0:00:00.004721,0:00:00.004891,0:00:00.023554,0:00:00.004406,0:00:00.004592,0:00:00.004461,0:00:00.004488,0:00:00.004542,0:00:00.004502,0:00:00.004429,0:00:00.004339,0:00:00.004306,0:00:00.004455,0:00:00.004359,0:00:00.004398,0:00:00.004332,0:00:00.004326,0:00:00.004266,0:00:00.004326,0:00:00.004245,0:00:00.004330,0:00:00.004531,,0:00:00.296838
graph_name , nodes_count , edges_count, degree, degree cent., max neighbor degree, min neighbor degree, avg neighbor degree, std neighbor degree, eigenvector cent., closeness cent., harmonic cent., betweenness cent., coloring largest first, coloring smallest last, coloring independent set, coloring random sequential,coloring connected sequential dfs, coloring connected sequential bfs, edges within egonet, node clique number, number of cliques, clustering coef., square clustering coef., page rank, hubs value, triangles, core number, random,0,1,2,3,4,5,6,7,8,9,10,11,12,13,14,15,16,17,18,19,20,21,22,23,24,25,26,27,28,29,30, Total Time 
83,36,33,0:00:00.000002,0:00:00.000042,0:00:00.000084,0:00:00.000084,0:00:00.000084,0:00:00.000084,0:00:00.000532,0:00:00.000431,0:00:00.000612,0:00:00.001435,0:00:00.000081,0:00:00.000069,0:00:00.004269,0:00:00.000079,0:00:00.000350,0:00:00.000345,0:00:00.002041,0:00:00.000160,0:00:00.003610,0:00:00.000252,0:00:00.000516,0:00:00.004842,0:00:00.001531,0:00:00.000024,0:00:00.000089,0:00:00.000131,0:00:00.004542,0:00:00.004462,0:00:00.004429,0:00:00.004419,0:00:00.005032,0:00:00.004309,0:00:00.004485,0:00:00.004291,0:00:00.004553,0:00:00.004498,0:00:00.004701,0:00:00.008039,0:00:00.004394,0:00:00.004376,0:00:00.004348,0:00:00.004357,0:00:00.004341,0:00:00.004225,0:00:00.004303,0:00:00.004276,0:00:00.004361,0:00:00.004400,0:00:00.004465,0:00:00.004314,0:00:00.004456,0:00:00.004315,0:00:00.004454,0:00:00.004247,0:00:00.004260,0:00:00.004274,0:00:00.004409,,0:00:00.190519
graph_name , nodes_count , edges_count, degree, degree cent., max neighbor degree, min neighbor degree, avg neighbor degree, std neighbor degree, eigenvector cent., closeness cent., harmonic cent., betweenness cent., coloring largest first, coloring smallest last, coloring independent set, coloring random sequential,coloring connected sequential dfs, coloring connected sequential bfs, edges within egonet, node clique number, number of cliques, clustering coef., square clustering coef., page rank, hubs value, triangles, core number, random,0,1,2,3,4,5,6,7,8,9,10,11,12,13,14,15,16,17,18,19,20,21,22,23,24,25,26,27,28,29,30, Total Time 
84,37,33,0:00:00.000002,0:00:00.000041,0:00:00.000088,0:00:00.000088,0:00:00.000088,0:00:00.000088,0:00:00.000535,0:00:00.000393,0:00:00.000544,0:00:00.001288,0:00:00.000086,0:00:00.000073,0:00:00.004249,0:00:00.000085,0:00:00.000393,0:00:00.000371,0:00:00.001792,0:00:00.000161,0:00:00.003874,0:00:00.000259,0:00:00.000527,0:00:00.005168,0:00:00.001546,0:00:00.000022,0:00:00.000085,0:00:00.000121,0:00:00.004384,0:00:00.004524,0:00:00.006278,0:00:00.005078,0:00:00.004967,0:00:00.004478,0:00:00.004392,0:00:00.004378,0:00:00.004315,0:00:00.004426,0:00:00.004632,0:00:00.008085,0:00:00.004364,0:00:00.004423,0:00:00.004233,0:00:00.004437,0:00:00.004310,0:00:00.004416,0:00:00.004398,0:00:00.004422,0:00:00.004180,0:00:00.004542,0:00:00.004230,0:00:00.004314,0:00:00.004340,0:00:00.004301,0:00:00.004309,0:00:00.004386,0:00:00.004250,0:00:00.004353,0:00:00.004378,,0:00:00.192988
graph_name , nodes_count , edges_count, degree, degree cent., max neighbor degree, min neighbor degree, avg neighbor degree, std neighbor degree, eigenvector cent., closeness cent., harmonic cent., betweenness cent., coloring largest first, coloring smallest last, coloring independent set, coloring random sequential,coloring connected sequential dfs, coloring connected sequential bfs, edges within egonet, node clique number, number of cliques, clustering coef., square clustering coef., page rank, hubs value, triangles, core number, random,0,1,2,3,4,5,6,7,8,9,10,11,12,13,14,15,16,17,18,19,20,21,22,23,24,25,26,27,28,29,30, Total Time 
85,37,33,0:00:00.000002,0:00:00.000043,0:00:00.000085,0:00:00.000085,0:00:00.000085,0:00:00.000085,0:00:00.000621,0:00:00.000453,0:00:00.000629,0:00:00.001466,0:00:00.000085,0:00:00.000071,0:00:00.004179,0:00:00.000083,0:00:00.000358,0:00:00.000334,0:00:00.002056,0:00:00.000162,0:00:00.003797,0:00:00.000254,0:00:00.000520,0:00:00.004934,0:00:00.001532,0:00:00.000023,0:00:00.000092,0:00:00.000138,0:00:00.004443,0:00:00.004553,0:00:00.004316,0:00:00.004420,0:00:00.004879,0:00:00.004233,0:00:00.004690,0:00:00.004236,0:00:00.004250,0:00:00.004474,0:00:00.004545,0:00:00.008134,0:00:00.004529,0:00:00.004294,0:00:00.004359,0:00:00.004334,0:00:00.004285,0:00:00.004314,0:00:00.004374,0:00:00.004294,0:00:00.004414,0:00:00.004355,0:00:00.004451,0:00:00.004261,0:00:00.004354,0:00:00.004325,0:00:00.004455,0:00:00.004224,0:00:00.004348,0:00:00.004201,0:00:00.004406,,0:00:00.190456
graph_name , nodes_count , edges_count, degree, degree cent., max neighbor degree, min neighbor degree, avg neighbor degree, std neighbor degree, eigenvector cent., closeness cent., harmonic cent., betweenness cent., coloring largest first, coloring smallest last, coloring independent set, coloring random sequential,coloring connected sequential dfs, coloring connected sequential bfs, edges within egonet, node clique number, number of cliques, clustering coef., square clustering coef., page rank, hubs value, triangles, core number, random,0,1,2,3,4,5,6,7,8,9,10,11,12,13,14,15,16,17,18,19,20,21,22,23,24,25,26,27,28,29,30, Total Time 
86,41,40,0:00:00.000002,0:00:00.000043,0:00:00.000096,0:00:00.000096,0:00:00.000096,0:00:00.000096,0:00:00.000605,0:00:00.000524,0:00:00.000758,0:00:00.001829,0:00:00.000094,0:00:00.000080,0:00:00.005126,0:00:00.000090,0:00:00.000547,0:00:00.000559,0:00:00.002315,0:00:00.000180,0:00:00.005050,0:00:00.000302,0:00:00.000879,0:00:00.005091,0:00:00.001593,0:00:00.000026,0:00:00.000098,0:00:00.000145,0:00:00.004467,0:00:00.004728,0:00:00.004360,0:00:00.004620,0:00:00.005699,0:00:00.004601,0:00:00.006953,0:00:00.004384,0:00:00.004517,0:00:00.005091,0:00:00.004943,0:00:00.019793,0:00:00.004157,0:00:00.004540,0:00:00.004312,0:00:00.004464,0:00:00.004548,0:00:00.004372,0:00:00.004294,0:00:00.004265,0:00:00.004383,0:00:00.004385,0:00:00.004237,0:00:00.004336,0:00:00.004329,0:00:00.004278,0:00:00.004216,0:00:00.004369,0:00:00.004248,0:00:00.004264,0:00:00.004335,,0:00:00.212272
graph_name , nodes_count , edges_count, degree, degree cent., max neighbor degree, min neighbor degree, avg neighbor degree, std neighbor degree, eigenvector cent., closeness cent., harmonic cent., betweenness cent., coloring largest first, coloring smallest last, coloring independent set, coloring random sequential,coloring connected sequential dfs, coloring connected sequential bfs, edges within egonet, node clique number, number of cliques, clustering coef., square clustering coef., page rank, hubs value, triangles, core number, random,0,1,2,3,4,5,6,7,8,9,10,11,12,13,14,15,16,17,18,19,20,21,22,23,24,25,26,27,28,29,30, Total Time 
87,37,37,0:00:00.000002,0:00:00.000043,0:00:00.000087,0:00:00.000087,0:00:00.000087,0:00:00.000087,0:00:00.000552,0:00:00.000416,0:00:00.000573,0:00:00.001409,0:00:00.000086,0:00:00.000072,0:00:00.004248,0:00:00.000083,0:00:00.000378,0:00:00.000355,0:00:00.002097,0:00:00.000170,0:00:00.003990,0:00:00.000269,0:00:00.000708,0:00:00.004944,0:00:00.001623,0:00:00.000023,0:00:00.000090,0:00:00.000129,0:00:00.004593,0:00:00.004436,0:00:00.004510,0:00:00.004644,0:00:00.005329,0:00:00.004320,0:00:00.004833,0:00:00.004299,0:00:00.004795,0:00:00.004770,0:00:00.004783,0:00:00.012493,0:00:00.004439,0:00:00.004329,0:00:00.004317,0:00:00.004352,0:00:00.004875,0:00:00.004373,0:00:00.004420,0:00:00.004354,0:00:00.004446,0:00:00.004328,0:00:00.004326,0:00:00.004277,0:00:00.004391,0:00:00.004217,0:00:00.004440,0:00:00.004124,0:00:00.004446,0:00:00.004154,0:00:00.004442,,0:00:00.197919
graph_name , nodes_count , edges_count, degree, degree cent., max neighbor degree, min neighbor degree, avg neighbor degree, std neighbor degree, eigenvector cent., closeness cent., harmonic cent., betweenness cent., coloring largest first, coloring smallest last, coloring independent set, coloring random sequential,coloring connected sequential dfs, coloring connected sequential bfs, edges within egonet, node clique number, number of cliques, clustering coef., square clustering coef., page rank, hubs value, triangles, core number, random,0,1,2,3,4,5,6,7,8,9,10,11,12,13,14,15,16,17,18,19,20,21,22,23,24,25,26,27,28,29,30, Total Time 
88,37,33,0:00:00.000002,0:00:00.000041,0:00:00.000088,0:00:00.000088,0:00:00.000088,0:00:00.000088,0:00:00.000567,0:00:00.000431,0:00:00.000605,0:00:00.001436,0:00:00.000086,0:00:00.000073,0:00:00.004445,0:00:00.000084,0:00:00.000491,0:00:00.000386,0:00:00.001868,0:00:00.000163,0:00:00.004013,0:00:00.000254,0:00:00.000521,0:00:00.005215,0:00:00.001553,0:00:00.000022,0:00:00.000089,0:00:00.000128,0:00:00.004383,0:00:00.004434,0:00:00.004280,0:00:00.004585,0:00:00.004731,0:00:00.004550,0:00:00.004341,0:00:00.004358,0:00:00.004261,0:00:00.004635,0:00:00.004486,0:00:00.008298,0:00:00.004392,0:00:00.004265,0:00:00.004248,0:00:00.004333,0:00:00.004363,0:00:00.004357,0:00:00.004191,0:00:00.004419,0:00:00.004283,0:00:00.004429,0:00:00.004268,0:00:00.004329,0:00:00.004198,0:00:00.004312,0:00:00.004266,0:00:00.004281,0:00:00.004203,0:00:00.004382,0:00:00.004327,,0:00:00.190360
graph_name , nodes_count , edges_count, degree, degree cent., max neighbor degree, min neighbor degree, avg neighbor degree, std neighbor degree, eigenvector cent., closeness cent., harmonic cent., betweenness cent., coloring largest first, coloring smallest last, coloring independent set, coloring random sequential,coloring connected sequential dfs, coloring connected sequential bfs, edges within egonet, node clique number, number of cliques, clustering coef., square clustering coef., page rank, hubs value, triangles, core number, random,0,1,2,3,4,5,6,7,8,9,10,11,12,13,14,15,16,17,18,19,20,21,22,23,24,25,26,27,28,29,30, Total Time 
89,40,39,0:00:00.000002,0:00:00.000041,0:00:00.000093,0:00:00.000093,0:00:00.000093,0:00:00.000093,0:00:00.000592,0:00:00.000476,0:00:00.000681,0:00:00.001713,0:00:00.000093,0:00:00.000077,0:00:00.004944,0:00:00.000089,0:00:00.000401,0:00:00.000374,0:00:00.002328,0:00:00.000174,0:00:00.004491,0:00:00.000284,0:00:00.000840,0:00:00.004891,0:00:00.001587,0:00:00.000019,0:00:00.000094,0:00:00.000145,0:00:00.004513,0:00:00.004568,0:00:00.004482,0:00:00.004535,0:00:00.005663,0:00:00.004363,0:00:00.004421,0:00:00.004275,0:00:00.004319,0:00:00.004745,0:00:00.004871,0:00:00.018698,0:00:00.004495,0:00:00.004258,0:00:00.004413,0:00:00.004338,0:00:00.004990,0:00:00.004427,0:00:00.004420,0:00:00.004260,0:00:00.004406,0:00:00.004381,0:00:00.004482,0:00:00.004357,0:00:00.004463,0:00:00.004367,0:00:00.004618,0:00:00.004326,0:00:00.004610,0:00:00.004393,0:00:00.004673,,0:00:00.207996
graph_name , nodes_count , edges_count, degree, degree cent., max neighbor degree, min neighbor degree, avg neighbor degree, std neighbor degree, eigenvector cent., closeness cent., harmonic cent., betweenness cent., coloring largest first, coloring smallest last, coloring independent set, coloring random sequential,coloring connected sequential dfs, coloring connected sequential bfs, edges within egonet, node clique number, number of cliques, clustering coef., square clustering coef., page rank, hubs value, triangles, core number, random,0,1,2,3,4,5,6,7,8,9,10,11,12,13,14,15,16,17,18,19,20,21,22,23,24,25,26,27,28,29,30, Total Time 
90,39,37,0:00:00.000003,0:00:00.000041,0:00:00.000091,0:00:00.000091,0:00:00.000091,0:00:00.000091,0:00:00.000581,0:00:00.000515,0:00:00.000727,0:00:00.001823,0:00:00.000091,0:00:00.000078,0:00:00.004904,0:00:00.000089,0:00:00.000391,0:00:00.000364,0:00:00.002625,0:00:00.000170,0:00:00.004579,0:00:00.000291,0:00:00.000713,0:00:00.005079,0:00:00.001579,0:00:00.000026,0:00:00.000110,0:00:00.000149,0:00:00.004395,0:00:00.004481,0:00:00.004324,0:00:00.004617,0:00:00.005111,0:00:00.004759,0:00:00.004302,0:00:00.004619,0:00:00.004351,0:00:00.004632,0:00:00.004565,0:00:00.012547,0:00:00.004371,0:00:00.004500,0:00:00.004293,0:00:00.004538,0:00:00.004476,0:00:00.004450,0:00:00.004268,0:00:00.004408,0:00:00.004402,0:00:00.004463,0:00:00.004352,0:00:00.004348,0:00:00.004247,0:00:00.004453,0:00:00.004396,0:00:00.004335,0:00:00.004278,0:00:00.004396,0:00:00.004385,,0:00:00.200265
graph_name , nodes_count , edges_count, degree, degree cent., max neighbor degree, min neighbor degree, avg neighbor degree, std neighbor degree, eigenvector cent., closeness cent., harmonic cent., betweenness cent., coloring largest first, coloring smallest last, coloring independent set, coloring random sequential,coloring connected sequential dfs, coloring connected sequential bfs, edges within egonet, node clique number, number of cliques, clustering coef., square clustering coef., page rank, hubs value, triangles, core number, random,0,1,2,3,4,5,6,7,8,9,10,11,12,13,14,15,16,17,18,19,20,21,22,23,24,25,26,27,28,29,30, Total Time 
91,36,33,0:00:00.000002,0:00:00.000042,0:00:00.000085,0:00:00.000085,0:00:00.000085,0:00:00.000085,0:00:00.000585,0:00:00.000420,0:00:00.000593,0:00:00.001389,0:00:00.000082,0:00:00.000069,0:00:00.003930,0:00:00.000081,0:00:00.000359,0:00:00.000339,0:00:00.001960,0:00:00.000156,0:00:00.003559,0:00:00.000255,0:00:00.000536,0:00:00.004897,0:00:00.001544,0:00:00.000021,0:00:00.000091,0:00:00.000128,0:00:00.004598,0:00:00.004417,0:00:00.004469,0:00:00.004343,0:00:00.004950,0:00:00.004336,0:00:00.004367,0:00:00.004298,0:00:00.004351,0:00:00.004459,0:00:00.004647,0:00:00.008549,0:00:00.004470,0:00:00.004317,0:00:00.004339,0:00:00.004470,0:00:00.004285,0:00:00.004356,0:00:00.004294,0:00:00.004204,0:00:00.004305,0:00:00.004291,0:00:00.004435,0:00:00.004227,0:00:00.004439,0:00:00.004204,0:00:00.004285,0:00:00.004264,0:00:00.004211,0:00:00.004321,0:00:00.004332,,0:00:00.190041
graph_name , nodes_count , edges_count, degree, degree cent., max neighbor degree, min neighbor degree, avg neighbor degree, std neighbor degree, eigenvector cent., closeness cent., harmonic cent., betweenness cent., coloring largest first, coloring smallest last, coloring independent set, coloring random sequential,coloring connected sequential dfs, coloring connected sequential bfs, edges within egonet, node clique number, number of cliques, clustering coef., square clustering coef., page rank, hubs value, triangles, core number, random,0,1,2,3,4,5,6,7,8,9,10,11,12,13,14,15,16,17,18,19,20,21,22,23,24,25,26,27,28,29,30, Total Time 
92,36,33,0:00:00.000003,0:00:00.000041,0:00:00.000085,0:00:00.000085,0:00:00.000085,0:00:00.000085,0:00:00.000536,0:00:00.000435,0:00:00.000693,0:00:00.001475,0:00:00.000084,0:00:00.000071,0:00:00.004235,0:00:00.000081,0:00:00.000368,0:00:00.000356,0:00:00.002102,0:00:00.000164,0:00:00.003867,0:00:00.000262,0:00:00.000525,0:00:00.005102,0:00:00.001553,0:00:00.000025,0:00:00.000092,0:00:00.000140,0:00:00.004516,0:00:00.004486,0:00:00.004245,0:00:00.004443,0:00:00.004849,0:00:00.004445,0:00:00.004347,0:00:00.004588,0:00:00.004315,0:00:00.004565,0:00:00.004554,0:00:00.008114,0:00:00.004413,0:00:00.004365,0:00:00.004428,0:00:00.004441,0:00:00.004362,0:00:00.004562,0:00:00.004351,0:00:00.004463,0:00:00.004234,0:00:00.004454,0:00:00.004281,0:00:00.004393,0:00:00.004413,0:00:00.004427,0:00:00.004241,0:00:00.004350,0:00:00.004325,0:00:00.004286,0:00:00.004295,,0:00:00.192086
graph_name , nodes_count , edges_count, degree, degree cent., max neighbor degree, min neighbor degree, avg neighbor degree, std neighbor degree, eigenvector cent., closeness cent., harmonic cent., betweenness cent., coloring largest first, coloring smallest last, coloring independent set, coloring random sequential,coloring connected sequential dfs, coloring connected sequential bfs, edges within egonet, node clique number, number of cliques, clustering coef., square clustering coef., page rank, hubs value, triangles, core number, random,0,1,2,3,4,5,6,7,8,9,10,11,12,13,14,15,16,17,18,19,20,21,22,23,24,25,26,27,28,29,30, Total Time 
93,39,37,0:00:00.000003,0:00:00.000043,0:00:00.000090,0:00:00.000090,0:00:00.000090,0:00:00.000090,0:00:00.000569,0:00:00.000496,0:00:00.000721,0:00:00.001706,0:00:00.000099,0:00:00.000078,0:00:00.004535,0:00:00.000086,0:00:00.000371,0:00:00.000513,0:00:00.002193,0:00:00.000173,0:00:00.004476,0:00:00.000274,0:00:00.000699,0:00:00.004836,0:00:00.001571,0:00:00.000025,0:00:00.000096,0:00:00.000146,0:00:00.004531,0:00:00.004509,0:00:00.004446,0:00:00.004556,0:00:00.005344,0:00:00.004391,0:00:00.004436,0:00:00.004582,0:00:00.004264,0:00:00.004491,0:00:00.004740,0:00:00.012408,0:00:00.004435,0:00:00.004384,0:00:00.004436,0:00:00.004252,0:00:00.004472,0:00:00.004184,0:00:00.004352,0:00:00.004383,0:00:00.004464,0:00:00.004430,0:00:00.004413,0:00:00.004270,0:00:00.004408,0:00:00.004243,0:00:00.004490,0:00:00.004336,0:00:00.004366,0:00:00.004462,0:00:00.004560,,0:00:00.199255
graph_name , nodes_count , edges_count, degree, degree cent., max neighbor degree, min neighbor degree, avg neighbor degree, std neighbor degree, eigenvector cent., closeness cent., harmonic cent., betweenness cent., coloring largest first, coloring smallest last, coloring independent set, coloring random sequential,coloring connected sequential dfs, coloring connected sequential bfs, edges within egonet, node clique number, number of cliques, clustering coef., square clustering coef., page rank, hubs value, triangles, core number, random,0,1,2,3,4,5,6,7,8,9,10,11,12,13,14,15,16,17,18,19,20,21,22,23,24,25,26,27,28,29,30, Total Time 
94,34,32,0:00:00.000002,0:00:00.000030,0:00:00.000079,0:00:00.000079,0:00:00.000079,0:00:00.000079,0:00:00.000454,0:00:00.000383,0:00:00.000540,0:00:00.001261,0:00:00.000078,0:00:00.000066,0:00:00.003521,0:00:00.000077,0:00:00.000340,0:00:00.000315,0:00:00.001912,0:00:00.000154,0:00:00.003485,0:00:00.000238,0:00:00.000494,0:00:00.004939,0:00:00.001475,0:00:00.000021,0:00:00.000085,0:00:00.000124,0:00:00.004399,0:00:00.004443,0:00:00.004267,0:00:00.004552,0:00:00.004735,0:00:00.004410,0:00:00.004436,0:00:00.004344,0:00:00.004279,0:00:00.004544,0:00:00.004563,0:00:00.007459,0:00:00.004290,0:00:00.004504,0:00:00.004336,0:00:00.004447,0:00:00.004392,0:00:00.004351,0:00:00.004441,0:00:00.004291,0:00:00.004185,0:00:00.004385,0:00:00.004292,0:00:00.004237,0:00:00.004304,0:00:00.004393,0:00:00.004278,0:00:00.004264,0:00:00.004186,0:00:00.004290,0:00:00.004288,,0:00:00.187264
graph_name , nodes_count , edges_count, degree, degree cent., max neighbor degree, min neighbor degree, avg neighbor degree, std neighbor degree, eigenvector cent., closeness cent., harmonic cent., betweenness cent., coloring largest first, coloring smallest last, coloring independent set, coloring random sequential,coloring connected sequential dfs, coloring connected sequential bfs, edges within egonet, node clique number, number of cliques, clustering coef., square clustering coef., page rank, hubs value, triangles, core number, random,0,1,2,3,4,5,6,7,8,9,10,11,12,13,14,15,16,17,18,19,20,21,22,23,24,25,26,27,28,29,30, Total Time 
95,35,33,0:00:00.000003,0:00:00.000039,0:00:00.000081,0:00:00.000081,0:00:00.000081,0:00:00.000081,0:00:00.000513,0:00:00.000408,0:00:00.000554,0:00:00.001336,0:00:00.000081,0:00:00.000067,0:00:00.003681,0:00:00.000080,0:00:00.000514,0:00:00.000330,0:00:00.001849,0:00:00.000152,0:00:00.003428,0:00:00.000247,0:00:00.000528,0:00:00.004955,0:00:00.001547,0:00:00.000021,0:00:00.000087,0:00:00.000126,0:00:00.004398,0:00:00.004592,0:00:00.004416,0:00:00.004708,0:00:00.004915,0:00:00.004453,0:00:00.004454,0:00:00.004330,0:00:00.004383,0:00:00.004688,0:00:00.004610,0:00:00.008063,0:00:00.004407,0:00:00.004354,0:00:00.004336,0:00:00.004312,0:00:00.004380,0:00:00.004396,0:00:00.004367,0:00:00.004363,0:00:00.004336,0:00:00.004303,0:00:00.004291,0:00:00.004208,0:00:00.004222,0:00:00.004370,0:00:00.004285,0:00:00.004300,0:00:00.004303,0:00:00.004436,0:00:00.004326,,0:00:00.189559
graph_name , nodes_count , edges_count, degree, degree cent., max neighbor degree, min neighbor degree, avg neighbor degree, std neighbor degree, eigenvector cent., closeness cent., harmonic cent., betweenness cent., coloring largest first, coloring smallest last, coloring independent set, coloring random sequential,coloring connected sequential dfs, coloring connected sequential bfs, edges within egonet, node clique number, number of cliques, clustering coef., square clustering coef., page rank, hubs value, triangles, core number, random,0,1,2,3,4,5,6,7,8,9,10,11,12,13,14,15,16,17,18,19,20,21,22,23,24,25,26,27,28,29,30, Total Time 
96,38,37,0:00:00.000002,0:00:00.000042,0:00:00.000090,0:00:00.000090,0:00:00.000090,0:00:00.000090,0:00:00.000558,0:00:00.000453,0:00:00.000615,0:00:00.001501,0:00:00.000086,0:00:00.000075,0:00:00.004546,0:00:00.000084,0:00:00.000389,0:00:00.000372,0:00:00.002131,0:00:00.000167,0:00:00.004064,0:00:00.000273,0:00:00.000730,0:00:00.004899,0:00:00.001537,0:00:00.000020,0:00:00.000092,0:00:00.000130,0:00:00.004436,0:00:00.004503,0:00:00.004384,0:00:00.004400,0:00:00.005522,0:00:00.004380,0:00:00.004391,0:00:00.004306,0:00:00.004490,0:00:00.004727,0:00:00.004872,0:00:00.014855,0:00:00.004395,0:00:00.004332,0:00:00.004398,0:00:00.004270,0:00:00.004529,0:00:00.004369,0:00:00.004394,0:00:00.004320,0:00:00.004327,0:00:00.004368,0:00:00.004414,0:00:00.004425,0:00:00.004432,0:00:00.004275,0:00:00.004399,0:00:00.004197,0:00:00.004247,0:00:00.004286,0:00:00.004319,,0:00:00.199846
graph_name , nodes_count , edges_count, degree, degree cent., max neighbor degree, min neighbor degree, avg neighbor degree, std neighbor degree, eigenvector cent., closeness cent., harmonic cent., betweenness cent., coloring largest first, coloring smallest last, coloring independent set, coloring random sequential,coloring connected sequential dfs, coloring connected sequential bfs, edges within egonet, node clique number, number of cliques, clustering coef., square clustering coef., page rank, hubs value, triangles, core number, random,0,1,2,3,4,5,6,7,8,9,10,11,12,13,14,15,16,17,18,19,20,21,22,23,24,25,26,27,28,29,30, Total Time 
97,38,36,0:00:00.000003,0:00:00.000042,0:00:00.000088,0:00:00.000088,0:00:00.000088,0:00:00.000088,0:00:00.000566,0:00:00.000494,0:00:00.000674,0:00:00.001650,0:00:00.000087,0:00:00.000074,0:00:00.004603,0:00:00.000085,0:00:00.000378,0:00:00.000362,0:00:00.002137,0:00:00.000173,0:00:00.004415,0:00:00.000264,0:00:00.000650,0:00:00.004986,0:00:00.001558,0:00:00.000024,0:00:00.000095,0:00:00.000154,0:00:00.004442,0:00:00.004481,0:00:00.004267,0:00:00.004487,0:00:00.005146,0:00:00.004755,0:00:00.004429,0:00:00.004302,0:00:00.004317,0:00:00.004664,0:00:00.004593,0:00:00.011093,0:00:00.004369,0:00:00.004421,0:00:00.004432,0:00:00.004364,0:00:00.004459,0:00:00.004335,0:00:00.004407,0:00:00.004514,0:00:00.004324,0:00:00.004431,0:00:00.004344,0:00:00.004433,0:00:00.004387,0:00:00.004277,0:00:00.004359,0:00:00.004326,0:00:00.004175,0:00:00.004313,0:00:00.004400,,0:00:00.196748
graph_name , nodes_count , edges_count, degree, degree cent., max neighbor degree, min neighbor degree, avg neighbor degree, std neighbor degree, eigenvector cent., closeness cent., harmonic cent., betweenness cent., coloring largest first, coloring smallest last, coloring independent set, coloring random sequential,coloring connected sequential dfs, coloring connected sequential bfs, edges within egonet, node clique number, number of cliques, clustering coef., square clustering coef., page rank, hubs value, triangles, core number, random,0,1,2,3,4,5,6,7,8,9,10,11,12,13,14,15,16,17,18,19,20,21,22,23,24,25,26,27,28,29,30, Total Time 
98,39,37,0:00:00.000003,0:00:00.000042,0:00:00.000091,0:00:00.000091,0:00:00.000091,0:00:00.000091,0:00:00.000588,0:00:00.000517,0:00:00.000716,0:00:00.001735,0:00:00.000088,0:00:00.000074,0:00:00.004688,0:00:00.000086,0:00:00.000369,0:00:00.000351,0:00:00.002611,0:00:00.000172,0:00:00.004268,0:00:00.000273,0:00:00.000735,0:00:00.004808,0:00:00.001562,0:00:00.000063,0:00:00.000098,0:00:00.000148,0:00:00.004580,0:00:00.004470,0:00:00.004459,0:00:00.004422,0:00:00.005617,0:00:00.004306,0:00:00.004821,0:00:00.004321,0:00:00.004394,0:00:00.004557,0:00:00.004806,0:00:00.017272,0:00:00.004686,0:00:00.004317,0:00:00.004539,0:00:00.004468,0:00:00.004498,0:00:00.004383,0:00:00.004425,0:00:00.004327,0:00:00.004515,0:00:00.004381,0:00:00.004471,0:00:00.004295,0:00:00.004410,0:00:00.004310,0:00:00.004280,0:00:00.004317,0:00:00.004354,0:00:00.004232,0:00:00.004496,,0:00:00.205113
graph_name , nodes_count , edges_count, degree, degree cent., max neighbor degree, min neighbor degree, avg neighbor degree, std neighbor degree, eigenvector cent., closeness cent., harmonic cent., betweenness cent., coloring largest first, coloring smallest last, coloring independent set, coloring random sequential,coloring connected sequential dfs, coloring connected sequential bfs, edges within egonet, node clique number, number of cliques, clustering coef., square clustering coef., page rank, hubs value, triangles, core number, random,0,1,2,3,4,5,6,7,8,9,10,11,12,13,14,15,16,17,18,19,20,21,22,23,24,25,26,27,28,29,30, Total Time 
99,40,40,0:00:00.000002,0:00:00.000033,0:00:00.000092,0:00:00.000092,0:00:00.000092,0:00:00.000092,0:00:00.000579,0:00:00.000468,0:00:00.000665,0:00:00.001675,0:00:00.000090,0:00:00.000078,0:00:00.004819,0:00:00.000087,0:00:00.000398,0:00:00.000375,0:00:00.002305,0:00:00.000170,0:00:00.004529,0:00:00.000286,0:00:00.000876,0:00:00.004909,0:00:00.001466,0:00:00.000024,0:00:00.000094,0:00:00.000139,0:00:00.004383,0:00:00.004493,0:00:00.004238,0:00:00.004484,0:00:00.005612,0:00:00.004551,0:00:00.004386,0:00:00.004395,0:00:00.004403,0:00:00.004872,0:00:00.004987,0:00:00.019691,0:00:00.004361,0:00:00.004250,0:00:00.004251,0:00:00.004399,0:00:00.004493,0:00:00.004339,0:00:00.004360,0:00:00.004341,0:00:00.004294,0:00:00.004217,0:00:00.004323,0:00:00.004231,0:00:00.004406,0:00:00.004294,0:00:00.004379,0:00:00.004242,0:00:00.004292,0:00:00.004384,0:00:00.004475,,0:00:00.206363
graph_name , nodes_count , edges_count, degree, degree cent., max neighbor degree, min neighbor degree, avg neighbor degree, std neighbor degree, eigenvector cent., closeness cent., harmonic cent., betweenness cent., coloring largest first, coloring smallest last, coloring independent set, coloring random sequential,coloring connected sequential dfs, coloring connected sequential bfs, edges within egonet, node clique number, number of cliques, clustering coef., square clustering coef., page rank, hubs value, triangles, core number, random,0,1,2,3,4,5,6,7,8,9,10,11,12,13,14,15,16,17,18,19,20,21,22,23,24,25,26,27,28,29,30, Total Time 
100,35,32,0:00:00.000002,0:00:00.000041,0:00:00.000084,0:00:00.000084,0:00:00.000084,0:00:00.000084,0:00:00.000557,0:00:00.000408,0:00:00.000567,0:00:00.001361,0:00:00.000080,0:00:00.000069,0:00:00.003706,0:00:00.000078,0:00:00.000351,0:00:00.000335,0:00:00.001837,0:00:00.000154,0:00:00.003431,0:00:00.000245,0:00:00.000487,0:00:00.004947,0:00:00.001547,0:00:00.000021,0:00:00.000089,0:00:00.000126,0:00:00.004481,0:00:00.004386,0:00:00.004405,0:00:00.004396,0:00:00.004780,0:00:00.004480,0:00:00.004312,0:00:00.004274,0:00:00.004177,0:00:00.004423,0:00:00.004448,0:00:00.007569,0:00:00.004383,0:00:00.004429,0:00:00.004265,0:00:00.004296,0:00:00.004339,0:00:00.004351,0:00:00.004276,0:00:00.004268,0:00:00.004281,0:00:00.004294,0:00:00.004238,0:00:00.004334,0:00:00.004307,0:00:00.004372,0:00:00.004295,0:00:00.004237,0:00:00.004297,0:00:00.004274,0:00:00.004333,,0:00:00.187498
graph_name , nodes_count , edges_count, degree, degree cent., max neighbor degree, min neighbor degree, avg neighbor degree, std neighbor degree, eigenvector cent., closeness cent., harmonic cent., betweenness cent., coloring largest first, coloring smallest last, coloring independent set, coloring random sequential,coloring connected sequential dfs, coloring connected sequential bfs, edges within egonet, node clique number, number of cliques, clustering coef., square clustering coef., page rank, hubs value, triangles, core number, random,0,1,2,3,4,5,6,7,8,9,10,11,12,13,14,15,16,17,18,19,20,21,22,23,24,25,26,27,28,29,30, Total Time 
101,41,43,0:00:00.000002,0:00:00.000042,0:00:00.000097,0:00:00.000097,0:00:00.000097,0:00:00.000097,0:00:00.000664,0:00:00.000550,0:00:00.000793,0:00:00.002056,0:00:00.000093,0:00:00.000081,0:00:00.005293,0:00:00.000089,0:00:00.000393,0:00:00.000378,0:00:00.002581,0:00:00.000182,0:00:00.004825,0:00:00.000314,0:00:00.001093,0:00:00.004896,0:00:00.001546,0:00:00.000025,0:00:00.000108,0:00:00.000162,0:00:00.004444,0:00:00.004590,0:00:00.004398,0:00:00.004555,0:00:00.006452,0:00:00.004508,0:00:00.004511,0:00:00.004327,0:00:00.004262,0:00:00.005112,0:00:00.005330,0:00:00.032801,0:00:00.004577,0:00:00.004413,0:00:00.004516,0:00:00.004444,0:00:00.004654,0:00:00.004358,0:00:00.004636,0:00:00.004468,0:00:00.004589,0:00:00.004467,0:00:00.004376,0:00:00.004371,0:00:00.004317,0:00:00.004265,0:00:00.004427,0:00:00.004230,0:00:00.004338,0:00:00.004223,0:00:00.004399,,0:00:00.225323
graph_name , nodes_count , edges_count, degree, degree cent., max neighbor degree, min neighbor degree, avg neighbor degree, std neighbor degree, eigenvector cent., closeness cent., harmonic cent., betweenness cent., coloring largest first, coloring smallest last, coloring independent set, coloring random sequential,coloring connected sequential dfs, coloring connected sequential bfs, edges within egonet, node clique number, number of cliques, clustering coef., square clustering coef., page rank, hubs value, triangles, core number, random,0,1,2,3,4,5,6,7,8,9,10,11,12,13,14,15,16,17,18,19,20,21,22,23,24,25,26,27,28,29,30, Total Time 
102,39,38,0:00:00.000002,0:00:00.000042,0:00:00.000091,0:00:00.000091,0:00:00.000091,0:00:00.000091,0:00:00.000583,0:00:00.000509,0:00:00.000739,0:00:00.001804,0:00:00.000090,0:00:00.000077,0:00:00.004943,0:00:00.000089,0:00:00.000389,0:00:00.000371,0:00:00.002324,0:00:00.000176,0:00:00.004534,0:00:00.000277,0:00:00.000772,0:00:00.005014,0:00:00.001580,0:00:00.000024,0:00:00.000096,0:00:00.000148,0:00:00.004489,0:00:00.004568,0:00:00.004328,0:00:00.004734,0:00:00.005455,0:00:00.004530,0:00:00.004349,0:00:00.004550,0:00:00.004269,0:00:00.004572,0:00:00.004743,0:00:00.014284,0:00:00.004415,0:00:00.004417,0:00:00.004285,0:00:00.004319,0:00:00.004468,0:00:00.004489,0:00:00.004377,0:00:00.004503,0:00:00.004321,0:00:00.004440,0:00:00.004317,0:00:00.004256,0:00:00.004370,0:00:00.004298,0:00:00.004319,0:00:00.004286,0:00:00.004398,0:00:00.004192,0:00:00.004316,,0:00:00.201850
graph_name , nodes_count , edges_count, degree, degree cent., max neighbor degree, min neighbor degree, avg neighbor degree, std neighbor degree, eigenvector cent., closeness cent., harmonic cent., betweenness cent., coloring largest first, coloring smallest last, coloring independent set, coloring random sequential,coloring connected sequential dfs, coloring connected sequential bfs, edges within egonet, node clique number, number of cliques, clustering coef., square clustering coef., page rank, hubs value, triangles, core number, random,0,1,2,3,4,5,6,7,8,9,10,11,12,13,14,15,16,17,18,19,20,21,22,23,24,25,26,27,28,29,30, Total Time 
103,36,33,0:00:00.000003,0:00:00.000042,0:00:00.000085,0:00:00.000085,0:00:00.000085,0:00:00.000085,0:00:00.000524,0:00:00.000420,0:00:00.000605,0:00:00.001406,0:00:00.000082,0:00:00.000070,0:00:00.003967,0:00:00.000081,0:00:00.000359,0:00:00.000332,0:00:00.002074,0:00:00.000163,0:00:00.003780,0:00:00.000251,0:00:00.000540,0:00:00.004909,0:00:00.001550,0:00:00.000023,0:00:00.000090,0:00:00.000132,0:00:00.004467,0:00:00.004536,0:00:00.004383,0:00:00.004401,0:00:00.005010,0:00:00.004293,0:00:00.004217,0:00:00.004446,0:00:00.004225,0:00:00.004395,0:00:00.004567,0:00:00.008019,0:00:00.004243,0:00:00.004287,0:00:00.004339,0:00:00.004281,0:00:00.004346,0:00:00.004355,0:00:00.004352,0:00:00.004303,0:00:00.004276,0:00:00.004186,0:00:00.004377,0:00:00.004369,0:00:00.004538,0:00:00.004435,0:00:00.004380,0:00:00.004304,0:00:00.004412,0:00:00.004262,0:00:00.004314,,0:00:00.189778
graph_name , nodes_count , edges_count, degree, degree cent., max neighbor degree, min neighbor degree, avg neighbor degree, std neighbor degree, eigenvector cent., closeness cent., harmonic cent., betweenness cent., coloring largest first, coloring smallest last, coloring independent set, coloring random sequential,coloring connected sequential dfs, coloring connected sequential bfs, edges within egonet, node clique number, number of cliques, clustering coef., square clustering coef., page rank, hubs value, triangles, core number, random,0,1,2,3,4,5,6,7,8,9,10,11,12,13,14,15,16,17,18,19,20,21,22,23,24,25,26,27,28,29,30, Total Time 
104,34,31,0:00:00.000002,0:00:00.000038,0:00:00.000083,0:00:00.000083,0:00:00.000083,0:00:00.000083,0:00:00.000543,0:00:00.000403,0:00:00.000572,0:00:00.001297,0:00:00.000081,0:00:00.000068,0:00:00.003802,0:00:00.000078,0:00:00.000365,0:00:00.000340,0:00:00.001822,0:00:00.000160,0:00:00.003578,0:00:00.000237,0:00:00.000478,0:00:00.005117,0:00:00.001550,0:00:00.000021,0:00:00.000086,0:00:00.000127,0:00:00.004449,0:00:00.004455,0:00:00.004358,0:00:00.004358,0:00:00.004819,0:00:00.004431,0:00:00.004388,0:00:00.004334,0:00:00.004432,0:00:00.004579,0:00:00.004487,0:00:00.007340,0:00:00.004390,0:00:00.004341,0:00:00.004342,0:00:00.004383,0:00:00.004352,0:00:00.004345,0:00:00.004346,0:00:00.004412,0:00:00.004398,0:00:00.004433,0:00:00.004338,0:00:00.004286,0:00:00.004321,0:00:00.004244,0:00:00.004388,0:00:00.004307,0:00:00.004228,0:00:00.004378,0:00:00.004324,,0:00:00.188577
graph_name , nodes_count , edges_count, degree, degree cent., max neighbor degree, min neighbor degree, avg neighbor degree, std neighbor degree, eigenvector cent., closeness cent., harmonic cent., betweenness cent., coloring largest first, coloring smallest last, coloring independent set, coloring random sequential,coloring connected sequential dfs, coloring connected sequential bfs, edges within egonet, node clique number, number of cliques, clustering coef., square clustering coef., page rank, hubs value, triangles, core number, random,0,1,2,3,4,5,6,7,8,9,10,11,12,13,14,15,16,17,18,19,20,21,22,23,24,25,26,27,28,29,30, Total Time 
105,39,35,0:00:00.000002,0:00:00.000044,0:00:00.000099,0:00:00.000099,0:00:00.000099,0:00:00.000099,0:00:00.000530,0:00:00.000461,0:00:00.000637,0:00:00.001520,0:00:00.000087,0:00:00.000075,0:00:00.004674,0:00:00.000086,0:00:00.000396,0:00:00.000362,0:00:00.002128,0:00:00.000173,0:00:00.004372,0:00:00.000264,0:00:00.000601,0:00:00.004913,0:00:00.001575,0:00:00.000024,0:00:00.000092,0:00:00.000135,0:00:00.004558,0:00:00.004516,0:00:00.004359,0:00:00.004393,0:00:00.005188,0:00:00.004281,0:00:00.004376,0:00:00.004430,0:00:00.004372,0:00:00.004529,0:00:00.004644,0:00:00.010157,0:00:00.004448,0:00:00.004363,0:00:00.004459,0:00:00.004370,0:00:00.004360,0:00:00.004311,0:00:00.004462,0:00:00.004316,0:00:00.004444,0:00:00.004251,0:00:00.004440,0:00:00.004331,0:00:00.004342,0:00:00.004362,0:00:00.004325,0:00:00.004349,0:00:00.004381,0:00:00.004361,0:00:00.004399,,0:00:00.195265
graph_name , nodes_count , edges_count, degree, degree cent., max neighbor degree, min neighbor degree, avg neighbor degree, std neighbor degree, eigenvector cent., closeness cent., harmonic cent., betweenness cent., coloring largest first, coloring smallest last, coloring independent set, coloring random sequential,coloring connected sequential dfs, coloring connected sequential bfs, edges within egonet, node clique number, number of cliques, clustering coef., square clustering coef., page rank, hubs value, triangles, core number, random,0,1,2,3,4,5,6,7,8,9,10,11,12,13,14,15,16,17,18,19,20,21,22,23,24,25,26,27,28,29,30, Total Time 
106,35,32,0:00:00.000002,0:00:00.000040,0:00:00.000083,0:00:00.000083,0:00:00.000083,0:00:00.000083,0:00:00.000517,0:00:00.000366,0:00:00.000516,0:00:00.001214,0:00:00.000082,0:00:00.000067,0:00:00.004209,0:00:00.000080,0:00:00.000474,0:00:00.000350,0:00:00.001695,0:00:00.000160,0:00:00.003626,0:00:00.000245,0:00:00.000474,0:00:00.004969,0:00:00.001534,0:00:00.000020,0:00:00.000091,0:00:00.000113,0:00:00.004457,0:00:00.004524,0:00:00.004280,0:00:00.004624,0:00:00.004855,0:00:00.004595,0:00:00.004438,0:00:00.004287,0:00:00.004316,0:00:00.004657,0:00:00.004447,0:00:00.007408,0:00:00.004366,0:00:00.004396,0:00:00.004411,0:00:00.004402,0:00:00.004393,0:00:00.004421,0:00:00.004426,0:00:00.004403,0:00:00.004403,0:00:00.004399,0:00:00.004231,0:00:00.004482,0:00:00.004234,0:00:00.004272,0:00:00.004244,0:00:00.004283,0:00:00.004290,0:00:00.004230,0:00:00.004259,,0:00:00.189106
graph_name , nodes_count , edges_count, degree, degree cent., max neighbor degree, min neighbor degree, avg neighbor degree, std neighbor degree, eigenvector cent., closeness cent., harmonic cent., betweenness cent., coloring largest first, coloring smallest last, coloring independent set, coloring random sequential,coloring connected sequential dfs, coloring connected sequential bfs, edges within egonet, node clique number, number of cliques, clustering coef., square clustering coef., page rank, hubs value, triangles, core number, random,0,1,2,3,4,5,6,7,8,9,10,11,12,13,14,15,16,17,18,19,20,21,22,23,24,25,26,27,28,29,30, Total Time 
107,38,35,0:00:00.000002,0:00:00.000043,0:00:00.000088,0:00:00.000088,0:00:00.000088,0:00:00.000088,0:00:00.000594,0:00:00.000418,0:00:00.000599,0:00:00.001434,0:00:00.000087,0:00:00.000073,0:00:00.004462,0:00:00.000084,0:00:00.000387,0:00:00.000364,0:00:00.002089,0:00:00.000167,0:00:00.004150,0:00:00.000267,0:00:00.000601,0:00:00.004874,0:00:00.001641,0:00:00.000022,0:00:00.000089,0:00:00.000138,0:00:00.004466,0:00:00.004664,0:00:00.004470,0:00:00.004449,0:00:00.005139,0:00:00.004376,0:00:00.004356,0:00:00.004347,0:00:00.004309,0:00:00.004489,0:00:00.004784,0:00:00.010518,0:00:00.004415,0:00:00.004304,0:00:00.004501,0:00:00.004361,0:00:00.004546,0:00:00.004463,0:00:00.004600,0:00:00.004315,0:00:00.004428,0:00:00.004301,0:00:00.004417,0:00:00.004271,0:00:00.004390,0:00:00.004145,0:00:00.004389,0:00:00.004505,0:00:00.004311,0:00:00.023238,0:00:00.004571,,0:00:00.214323
graph_name , nodes_count , edges_count, degree, degree cent., max neighbor degree, min neighbor degree, avg neighbor degree, std neighbor degree, eigenvector cent., closeness cent., harmonic cent., betweenness cent., coloring largest first, coloring smallest last, coloring independent set, coloring random sequential,coloring connected sequential dfs, coloring connected sequential bfs, edges within egonet, node clique number, number of cliques, clustering coef., square clustering coef., page rank, hubs value, triangles, core number, random,0,1,2,3,4,5,6,7,8,9,10,11,12,13,14,15,16,17,18,19,20,21,22,23,24,25,26,27,28,29,30, Total Time 
108,35,34,0:00:00.000002,0:00:00.000039,0:00:00.000092,0:00:00.000092,0:00:00.000092,0:00:00.000092,0:00:00.000518,0:00:00.000425,0:00:00.000573,0:00:00.001380,0:00:00.000081,0:00:00.000068,0:00:00.003849,0:00:00.000077,0:00:00.000526,0:00:00.000344,0:00:00.001953,0:00:00.000164,0:00:00.003801,0:00:00.000250,0:00:00.000570,0:00:00.005153,0:00:00.001568,0:00:00.000023,0:00:00.000092,0:00:00.000119,0:00:00.004471,0:00:00.004568,0:00:00.004379,0:00:00.004464,0:00:00.004916,0:00:00.004706,0:00:00.004463,0:00:00.004482,0:00:00.004364,0:00:00.004676,0:00:00.004700,0:00:00.008896,0:00:00.004413,0:00:00.004564,0:00:00.004314,0:00:00.004575,0:00:00.004343,0:00:00.004485,0:00:00.004338,0:00:00.004420,0:00:00.004405,0:00:00.004425,0:00:00.004423,0:00:00.004425,0:00:00.004352,0:00:00.004382,0:00:00.004297,0:00:00.004317,0:00:00.004240,0:00:00.004225,0:00:00.004269,,0:00:00.192669
graph_name , nodes_count , edges_count, degree, degree cent., max neighbor degree, min neighbor degree, avg neighbor degree, std neighbor degree, eigenvector cent., closeness cent., harmonic cent., betweenness cent., coloring largest first, coloring smallest last, coloring independent set, coloring random sequential,coloring connected sequential dfs, coloring connected sequential bfs, edges within egonet, node clique number, number of cliques, clustering coef., square clustering coef., page rank, hubs value, triangles, core number, random,0,1,2,3,4,5,6,7,8,9,10,11,12,13,14,15,16,17,18,19,20,21,22,23,24,25,26,27,28,29,30, Total Time 
109,36,32,0:00:00.000002,0:00:00.000040,0:00:00.000087,0:00:00.000087,0:00:00.000087,0:00:00.000087,0:00:00.000535,0:00:00.000361,0:00:00.000519,0:00:00.001168,0:00:00.000083,0:00:00.000068,0:00:00.004053,0:00:00.000078,0:00:00.000372,0:00:00.000381,0:00:00.001819,0:00:00.000160,0:00:00.003545,0:00:00.000255,0:00:00.000477,0:00:00.004862,0:00:00.001536,0:00:00.000021,0:00:00.000082,0:00:00.000115,0:00:00.004552,0:00:00.004469,0:00:00.004722,0:00:00.004542,0:00:00.004936,0:00:00.004376,0:00:00.004464,0:00:00.004202,0:00:00.004190,0:00:00.004391,0:00:00.004525,0:00:00.007476,0:00:00.004412,0:00:00.004243,0:00:00.004391,0:00:00.004339,0:00:00.004341,0:00:00.004092,0:00:00.004442,0:00:00.004259,0:00:00.004371,0:00:00.004341,0:00:00.004303,0:00:00.004192,0:00:00.004425,0:00:00.004240,0:00:00.004377,0:00:00.004263,0:00:00.004267,0:00:00.004147,0:00:00.004221,,0:00:00.187635
graph_name , nodes_count , edges_count, degree, degree cent., max neighbor degree, min neighbor degree, avg neighbor degree, std neighbor degree, eigenvector cent., closeness cent., harmonic cent., betweenness cent., coloring largest first, coloring smallest last, coloring independent set, coloring random sequential,coloring connected sequential dfs, coloring connected sequential bfs, edges within egonet, node clique number, number of cliques, clustering coef., square clustering coef., page rank, hubs value, triangles, core number, random,0,1,2,3,4,5,6,7,8,9,10,11,12,13,14,15,16,17,18,19,20,21,22,23,24,25,26,27,28,29,30, Total Time 
110,41,37,0:00:00.000004,0:00:00.000044,0:00:00.000095,0:00:00.000095,0:00:00.000095,0:00:00.000095,0:00:00.000852,0:00:00.000508,0:00:00.000731,0:00:00.001744,0:00:00.000091,0:00:00.000077,0:00:00.005097,0:00:00.000089,0:00:00.000583,0:00:00.000399,0:00:00.002284,0:00:00.000177,0:00:00.005023,0:00:00.000282,0:00:00.000714,0:00:00.005113,0:00:00.001565,0:00:00.000027,0:00:00.000097,0:00:00.000149,0:00:00.004517,0:00:00.004447,0:00:00.004439,0:00:00.004539,0:00:00.005338,0:00:00.004425,0:00:00.004420,0:00:00.004440,0:00:00.004366,0:00:00.004615,0:00:00.004457,0:00:00.013391,0:00:00.004380,0:00:00.004536,0:00:00.004110,0:00:00.004345,0:00:00.004478,0:00:00.004400,0:00:00.004351,0:00:00.004380,0:00:00.004436,0:00:00.004481,0:00:00.004331,0:00:00.004330,0:00:00.004309,0:00:00.004283,0:00:00.004310,0:00:00.004424,0:00:00.004215,0:00:00.004247,0:00:00.004390,,0:00:00.201358
graph_name , nodes_count , edges_count, degree, degree cent., max neighbor degree, min neighbor degree, avg neighbor degree, std neighbor degree, eigenvector cent., closeness cent., harmonic cent., betweenness cent., coloring largest first, coloring smallest last, coloring independent set, coloring random sequential,coloring connected sequential dfs, coloring connected sequential bfs, edges within egonet, node clique number, number of cliques, clustering coef., square clustering coef., page rank, hubs value, triangles, core number, random,0,1,2,3,4,5,6,7,8,9,10,11,12,13,14,15,16,17,18,19,20,21,22,23,24,25,26,27,28,29,30, Total Time 
111,39,37,0:00:00.000002,0:00:00.000043,0:00:00.000089,0:00:00.000089,0:00:00.000089,0:00:00.000089,0:00:00.000568,0:00:00.000468,0:00:00.000622,0:00:00.001538,0:00:00.000088,0:00:00.000075,0:00:00.004685,0:00:00.000088,0:00:00.000384,0:00:00.000376,0:00:00.002183,0:00:00.000167,0:00:00.004162,0:00:00.000274,0:00:00.000709,0:00:00.004967,0:00:00.001584,0:00:00.000023,0:00:00.000093,0:00:00.000138,0:00:00.004570,0:00:00.004599,0:00:00.004483,0:00:00.004519,0:00:00.005291,0:00:00.004447,0:00:00.004430,0:00:00.004406,0:00:00.004431,0:00:00.004815,0:00:00.004734,0:00:00.013805,0:00:00.004320,0:00:00.004410,0:00:00.004521,0:00:00.004364,0:00:00.004730,0:00:00.004329,0:00:00.004589,0:00:00.004404,0:00:00.004542,0:00:00.004285,0:00:00.004408,0:00:00.004360,0:00:00.004339,0:00:00.004428,0:00:00.004498,0:00:00.004116,0:00:00.004282,0:00:00.004304,0:00:00.004345,,0:00:00.200527
graph_name , nodes_count , edges_count, degree, degree cent., max neighbor degree, min neighbor degree, avg neighbor degree, std neighbor degree, eigenvector cent., closeness cent., harmonic cent., betweenness cent., coloring largest first, coloring smallest last, coloring independent set, coloring random sequential,coloring connected sequential dfs, coloring connected sequential bfs, edges within egonet, node clique number, number of cliques, clustering coef., square clustering coef., page rank, hubs value, triangles, core number, random,0,1,2,3,4,5,6,7,8,9,10,11,12,13,14,15,16,17,18,19,20,21,22,23,24,25,26,27,28,29,30, Total Time 
112,39,36,0:00:00.000002,0:00:00.000042,0:00:00.000090,0:00:00.000090,0:00:00.000090,0:00:00.000090,0:00:00.000576,0:00:00.000475,0:00:00.000666,0:00:00.001640,0:00:00.000090,0:00:00.000075,0:00:00.004873,0:00:00.000085,0:00:00.000404,0:00:00.000384,0:00:00.002145,0:00:00.000175,0:00:00.004611,0:00:00.000269,0:00:00.000663,0:00:00.005067,0:00:00.001559,0:00:00.000024,0:00:00.000090,0:00:00.000136,0:00:00.004486,0:00:00.004618,0:00:00.004369,0:00:00.004729,0:00:00.005168,0:00:00.004526,0:00:00.004435,0:00:00.004398,0:00:00.004425,0:00:00.004605,0:00:00.004691,0:00:00.011649,0:00:00.004414,0:00:00.004450,0:00:00.004256,0:00:00.004452,0:00:00.004450,0:00:00.004340,0:00:00.004395,0:00:00.004268,0:00:00.004432,0:00:00.004491,0:00:00.004327,0:00:00.004381,0:00:00.004390,0:00:00.004194,0:00:00.004426,0:00:00.004338,0:00:00.004300,0:00:00.004340,0:00:00.004320,,0:00:00.198536
graph_name , nodes_count , edges_count, degree, degree cent., max neighbor degree, min neighbor degree, avg neighbor degree, std neighbor degree, eigenvector cent., closeness cent., harmonic cent., betweenness cent., coloring largest first, coloring smallest last, coloring independent set, coloring random sequential,coloring connected sequential dfs, coloring connected sequential bfs, edges within egonet, node clique number, number of cliques, clustering coef., square clustering coef., page rank, hubs value, triangles, core number, random,0,1,2,3,4,5,6,7,8,9,10,11,12,13,14,15,16,17,18,19,20,21,22,23,24,25,26,27,28,29,30, Total Time 
113,37,34,0:00:00.000002,0:00:00.000040,0:00:00.000086,0:00:00.000086,0:00:00.000086,0:00:00.000086,0:00:00.000536,0:00:00.000455,0:00:00.000626,0:00:00.001497,0:00:00.000086,0:00:00.000070,0:00:00.004160,0:00:00.000083,0:00:00.000371,0:00:00.000355,0:00:00.002011,0:00:00.000170,0:00:00.003981,0:00:00.000257,0:00:00.000557,0:00:00.004961,0:00:00.001557,0:00:00.000024,0:00:00.000098,0:00:00.000138,0:00:00.004598,0:00:00.004475,0:00:00.004490,0:00:00.004458,0:00:00.005084,0:00:00.004414,0:00:00.004542,0:00:00.004379,0:00:00.004307,0:00:00.004658,0:00:00.004596,0:00:00.009047,0:00:00.004342,0:00:00.004251,0:00:00.004340,0:00:00.004246,0:00:00.004391,0:00:00.004237,0:00:00.004458,0:00:00.004254,0:00:00.004392,0:00:00.004429,0:00:00.004319,0:00:00.004469,0:00:00.004366,0:00:00.004292,0:00:00.004343,0:00:00.004174,0:00:00.004244,0:00:00.004196,0:00:00.004322,,0:00:00.192338
graph_name , nodes_count , edges_count, degree, degree cent., max neighbor degree, min neighbor degree, avg neighbor degree, std neighbor degree, eigenvector cent., closeness cent., harmonic cent., betweenness cent., coloring largest first, coloring smallest last, coloring independent set, coloring random sequential,coloring connected sequential dfs, coloring connected sequential bfs, edges within egonet, node clique number, number of cliques, clustering coef., square clustering coef., page rank, hubs value, triangles, core number, random,0,1,2,3,4,5,6,7,8,9,10,11,12,13,14,15,16,17,18,19,20,21,22,23,24,25,26,27,28,29,30, Total Time 
114,40,38,0:00:00.000003,0:00:00.000042,0:00:00.000094,0:00:00.000094,0:00:00.000094,0:00:00.000094,0:00:00.000584,0:00:00.000565,0:00:00.000788,0:00:00.001943,0:00:00.000092,0:00:00.000077,0:00:00.005362,0:00:00.000089,0:00:00.000394,0:00:00.000370,0:00:00.002419,0:00:00.000181,0:00:00.004912,0:00:00.000290,0:00:00.000751,0:00:00.005134,0:00:00.001558,0:00:00.000028,0:00:00.000099,0:00:00.000152,0:00:00.004370,0:00:00.004558,0:00:00.004316,0:00:00.004611,0:00:00.005392,0:00:00.004622,0:00:00.004210,0:00:00.004438,0:00:00.004254,0:00:00.004710,0:00:00.004669,0:00:00.014414,0:00:00.004527,0:00:00.004495,0:00:00.004403,0:00:00.004481,0:00:00.004273,0:00:00.004379,0:00:00.004428,0:00:00.004440,0:00:00.004395,0:00:00.004547,0:00:00.004271,0:00:00.004452,0:00:00.004362,0:00:00.004296,0:00:00.004268,0:00:00.004333,0:00:00.004355,0:00:00.004275,0:00:00.004273,,0:00:00.203541
graph_name , nodes_count , edges_count, degree, degree cent., max neighbor degree, min neighbor degree, avg neighbor degree, std neighbor degree, eigenvector cent., closeness cent., harmonic cent., betweenness cent., coloring largest first, coloring smallest last, coloring independent set, coloring random sequential,coloring connected sequential dfs, coloring connected sequential bfs, edges within egonet, node clique number, number of cliques, clustering coef., square clustering coef., page rank, hubs value, triangles, core number, random,0,1,2,3,4,5,6,7,8,9,10,11,12,13,14,15,16,17,18,19,20,21,22,23,24,25,26,27,28,29,30, Total Time 
115,38,36,0:00:00.000003,0:00:00.000044,0:00:00.000089,0:00:00.000089,0:00:00.000089,0:00:00.000089,0:00:00.000565,0:00:00.000478,0:00:00.000699,0:00:00.001636,0:00:00.000087,0:00:00.000073,0:00:00.004505,0:00:00.000085,0:00:00.000372,0:00:00.000351,0:00:00.002131,0:00:00.000172,0:00:00.004248,0:00:00.000271,0:00:00.000654,0:00:00.004826,0:00:00.001558,0:00:00.000026,0:00:00.000094,0:00:00.000142,0:00:00.004261,0:00:00.004314,0:00:00.004530,0:00:00.004428,0:00:00.005287,0:00:00.004213,0:00:00.004241,0:00:00.004352,0:00:00.004426,0:00:00.004462,0:00:00.004668,0:00:00.011149,0:00:00.004363,0:00:00.004403,0:00:00.004408,0:00:00.004421,0:00:00.004445,0:00:00.004259,0:00:00.004536,0:00:00.004286,0:00:00.004486,0:00:00.004384,0:00:00.004342,0:00:00.004396,0:00:00.004522,0:00:00.004409,0:00:00.004355,0:00:00.004362,0:00:00.004374,0:00:00.004232,0:00:00.004498,,0:00:00.195998
graph_name , nodes_count , edges_count, degree, degree cent., max neighbor degree, min neighbor degree, avg neighbor degree, std neighbor degree, eigenvector cent., closeness cent., harmonic cent., betweenness cent., coloring largest first, coloring smallest last, coloring independent set, coloring random sequential,coloring connected sequential dfs, coloring connected sequential bfs, edges within egonet, node clique number, number of cliques, clustering coef., square clustering coef., page rank, hubs value, triangles, core number, random,0,1,2,3,4,5,6,7,8,9,10,11,12,13,14,15,16,17,18,19,20,21,22,23,24,25,26,27,28,29,30, Total Time 
116,39,37,0:00:00.000003,0:00:00.000042,0:00:00.000092,0:00:00.000092,0:00:00.000092,0:00:00.000092,0:00:00.000583,0:00:00.000471,0:00:00.000660,0:00:00.001610,0:00:00.000096,0:00:00.000076,0:00:00.004814,0:00:00.000086,0:00:00.000415,0:00:00.000387,0:00:00.002217,0:00:00.000173,0:00:00.004417,0:00:00.000286,0:00:00.000743,0:00:00.005161,0:00:00.001586,0:00:00.000023,0:00:00.000093,0:00:00.000135,0:00:00.004446,0:00:00.004589,0:00:00.004522,0:00:00.004550,0:00:00.005406,0:00:00.004682,0:00:00.004436,0:00:00.004421,0:00:00.004436,0:00:00.004754,0:00:00.004735,0:00:00.014981,0:00:00.004516,0:00:00.004453,0:00:00.004406,0:00:00.004431,0:00:00.004399,0:00:00.004382,0:00:00.004446,0:00:00.004382,0:00:00.004464,0:00:00.004443,0:00:00.004460,0:00:00.004490,0:00:00.004410,0:00:00.004347,0:00:00.004252,0:00:00.004401,0:00:00.004258,0:00:00.004218,0:00:00.004298,,0:00:00.202852
graph_name , nodes_count , edges_count, degree, degree cent., max neighbor degree, min neighbor degree, avg neighbor degree, std neighbor degree, eigenvector cent., closeness cent., harmonic cent., betweenness cent., coloring largest first, coloring smallest last, coloring independent set, coloring random sequential,coloring connected sequential dfs, coloring connected sequential bfs, edges within egonet, node clique number, number of cliques, clustering coef., square clustering coef., page rank, hubs value, triangles, core number, random,0,1,2,3,4,5,6,7,8,9,10,11,12,13,14,15,16,17,18,19,20,21,22,23,24,25,26,27,28,29,30, Total Time 
117,36,35,0:00:00.000003,0:00:00.000029,0:00:00.000085,0:00:00.000085,0:00:00.000085,0:00:00.000085,0:00:00.000542,0:00:00.000395,0:00:00.000560,0:00:00.001342,0:00:00.000081,0:00:00.000070,0:00:00.004170,0:00:00.000082,0:00:00.000390,0:00:00.000374,0:00:00.001965,0:00:00.000164,0:00:00.004093,0:00:00.000262,0:00:00.000615,0:00:00.005131,0:00:00.001508,0:00:00.000020,0:00:00.000087,0:00:00.000121,0:00:00.004592,0:00:00.004592,0:00:00.004445,0:00:00.004548,0:00:00.005088,0:00:00.004469,0:00:00.004505,0:00:00.004323,0:00:00.004397,0:00:00.004693,0:00:00.005066,0:00:00.009987,0:00:00.004641,0:00:00.004364,0:00:00.004478,0:00:00.004339,0:00:00.004591,0:00:00.004468,0:00:00.004515,0:00:00.004305,0:00:00.004443,0:00:00.004306,0:00:00.004361,0:00:00.004362,0:00:00.004193,0:00:00.004279,0:00:00.004377,0:00:00.004421,0:00:00.004335,0:00:00.004383,0:00:00.004421,,0:00:00.195435
graph_name , nodes_count , edges_count, degree, degree cent., max neighbor degree, min neighbor degree, avg neighbor degree, std neighbor degree, eigenvector cent., closeness cent., harmonic cent., betweenness cent., coloring largest first, coloring smallest last, coloring independent set, coloring random sequential,coloring connected sequential dfs, coloring connected sequential bfs, edges within egonet, node clique number, number of cliques, clustering coef., square clustering coef., page rank, hubs value, triangles, core number, random,0,1,2,3,4,5,6,7,8,9,10,11,12,13,14,15,16,17,18,19,20,21,22,23,24,25,26,27,28,29,30, Total Time 
118,41,38,0:00:00.000002,0:00:00.000045,0:00:00.000094,0:00:00.000094,0:00:00.000094,0:00:00.000094,0:00:00.000709,0:00:00.000504,0:00:00.000712,0:00:00.001746,0:00:00.000092,0:00:00.000077,0:00:00.005018,0:00:00.000092,0:00:00.000397,0:00:00.000386,0:00:00.002226,0:00:00.000176,0:00:00.004698,0:00:00.000287,0:00:00.000778,0:00:00.005017,0:00:00.001732,0:00:00.000027,0:00:00.000096,0:00:00.000150,0:00:00.005026,0:00:00.004719,0:00:00.004492,0:00:00.004457,0:00:00.005760,0:00:00.004411,0:00:00.004385,0:00:00.004407,0:00:00.004375,0:00:00.004600,0:00:00.004820,0:00:00.017845,0:00:00.004292,0:00:00.004446,0:00:00.004552,0:00:00.004388,0:00:00.004568,0:00:00.004461,0:00:00.004382,0:00:00.004414,0:00:00.004614,0:00:00.004398,0:00:00.004567,0:00:00.004389,0:00:00.004557,0:00:00.004359,0:00:00.004413,0:00:00.004305,0:00:00.004385,0:00:00.004335,0:00:00.004339,,0:00:00.207814
graph_name , nodes_count , edges_count, degree, degree cent., max neighbor degree, min neighbor degree, avg neighbor degree, std neighbor degree, eigenvector cent., closeness cent., harmonic cent., betweenness cent., coloring largest first, coloring smallest last, coloring independent set, coloring random sequential,coloring connected sequential dfs, coloring connected sequential bfs, edges within egonet, node clique number, number of cliques, clustering coef., square clustering coef., page rank, hubs value, triangles, core number, random,0,1,2,3,4,5,6,7,8,9,10,11,12,13,14,15,16,17,18,19,20,21,22,23,24,25,26,27,28,29,30, Total Time 
119,36,34,0:00:00.000002,0:00:00.000039,0:00:00.000085,0:00:00.000085,0:00:00.000085,0:00:00.000085,0:00:00.000537,0:00:00.000462,0:00:00.000628,0:00:00.001478,0:00:00.000084,0:00:00.000069,0:00:00.004142,0:00:00.000081,0:00:00.000383,0:00:00.000355,0:00:00.002110,0:00:00.000168,0:00:00.004036,0:00:00.000250,0:00:00.000562,0:00:00.005352,0:00:00.001581,0:00:00.000020,0:00:00.000090,0:00:00.000133,0:00:00.004563,0:00:00.004457,0:00:00.004606,0:00:00.004795,0:00:00.004927,0:00:00.004492,0:00:00.004340,0:00:00.004399,0:00:00.004271,0:00:00.004722,0:00:00.004660,0:00:00.009031,0:00:00.004338,0:00:00.004478,0:00:00.004273,0:00:00.004443,0:00:00.004506,0:00:00.004371,0:00:00.004452,0:00:00.004332,0:00:00.004428,0:00:00.004373,0:00:00.004381,0:00:00.004448,0:00:00.004395,0:00:00.004322,0:00:00.004280,0:00:00.004293,0:00:00.004310,0:00:00.004380,0:00:00.004413,,0:00:00.194468
graph_name , nodes_count , edges_count, degree, degree cent., max neighbor degree, min neighbor degree, avg neighbor degree, std neighbor degree, eigenvector cent., closeness cent., harmonic cent., betweenness cent., coloring largest first, coloring smallest last, coloring independent set, coloring random sequential,coloring connected sequential dfs, coloring connected sequential bfs, edges within egonet, node clique number, number of cliques, clustering coef., square clustering coef., page rank, hubs value, triangles, core number, random,0,1,2,3,4,5,6,7,8,9,10,11,12,13,14,15,16,17,18,19,20,21,22,23,24,25,26,27,28,29,30, Total Time 
120,41,38,0:00:00.000002,0:00:00.000043,0:00:00.000093,0:00:00.000093,0:00:00.000093,0:00:00.000093,0:00:00.000590,0:00:00.000500,0:00:00.000712,0:00:00.001745,0:00:00.000090,0:00:00.000076,0:00:00.004979,0:00:00.000087,0:00:00.000562,0:00:00.000380,0:00:00.002236,0:00:00.000176,0:00:00.004828,0:00:00.000283,0:00:00.000740,0:00:00.004940,0:00:00.001575,0:00:00.000027,0:00:00.000098,0:00:00.000150,0:00:00.004656,0:00:00.004582,0:00:00.004413,0:00:00.004400,0:00:00.005631,0:00:00.004482,0:00:00.004536,0:00:00.004389,0:00:00.004496,0:00:00.004543,0:00:00.004735,0:00:00.014226,0:00:00.004641,0:00:00.004419,0:00:00.004531,0:00:00.004269,0:00:00.004527,0:00:00.004352,0:00:00.004485,0:00:00.004437,0:00:00.004409,0:00:00.004311,0:00:00.004363,0:00:00.004249,0:00:00.004397,0:00:00.004305,0:00:00.004361,0:00:00.004326,0:00:00.004400,0:00:00.004487,0:00:00.004416,,0:00:00.202861
graph_name , nodes_count , edges_count, degree, degree cent., max neighbor degree, min neighbor degree, avg neighbor degree, std neighbor degree, eigenvector cent., closeness cent., harmonic cent., betweenness cent., coloring largest first, coloring smallest last, coloring independent set, coloring random sequential,coloring connected sequential dfs, coloring connected sequential bfs, edges within egonet, node clique number, number of cliques, clustering coef., square clustering coef., page rank, hubs value, triangles, core number, random,0,1,2,3,4,5,6,7,8,9,10,11,12,13,14,15,16,17,18,19,20,21,22,23,24,25,26,27,28,29,30, Total Time 
121,40,39,0:00:00.000002,0:00:00.000043,0:00:00.000094,0:00:00.000094,0:00:00.000094,0:00:00.000094,0:00:00.000608,0:00:00.000546,0:00:00.000765,0:00:00.001977,0:00:00.000095,0:00:00.000081,0:00:00.005153,0:00:00.000092,0:00:00.000399,0:00:00.000379,0:00:00.002769,0:00:00.000180,0:00:00.004789,0:00:00.000289,0:00:00.000836,0:00:00.005090,0:00:00.001581,0:00:00.000028,0:00:00.000100,0:00:00.000156,0:00:00.004554,0:00:00.004554,0:00:00.004368,0:00:00.004508,0:00:00.005679,0:00:00.004607,0:00:00.004384,0:00:00.004463,0:00:00.004248,0:00:00.004845,0:00:00.004927,0:00:00.018615,0:00:00.004413,0:00:00.004498,0:00:00.004399,0:00:00.004385,0:00:00.004495,0:00:00.004421,0:00:00.004452,0:00:00.004491,0:00:00.004436,0:00:00.004409,0:00:00.004454,0:00:00.004297,0:00:00.004323,0:00:00.004415,0:00:00.004258,0:00:00.004464,0:00:00.004395,0:00:00.004438,0:00:00.004421,,0:00:00.209633
graph_name , nodes_count , edges_count, degree, degree cent., max neighbor degree, min neighbor degree, avg neighbor degree, std neighbor degree, eigenvector cent., closeness cent., harmonic cent., betweenness cent., coloring largest first, coloring smallest last, coloring independent set, coloring random sequential,coloring connected sequential dfs, coloring connected sequential bfs, edges within egonet, node clique number, number of cliques, clustering coef., square clustering coef., page rank, hubs value, triangles, core number, random,0,1,2,3,4,5,6,7,8,9,10,11,12,13,14,15,16,17,18,19,20,21,22,23,24,25,26,27,28,29,30, Total Time 
122,39,37,0:00:00.000003,0:00:00.000043,0:00:00.000091,0:00:00.000091,0:00:00.000091,0:00:00.000091,0:00:00.000568,0:00:00.000450,0:00:00.000631,0:00:00.001536,0:00:00.000090,0:00:00.000075,0:00:00.004629,0:00:00.000085,0:00:00.000408,0:00:00.000379,0:00:00.002190,0:00:00.000176,0:00:00.004464,0:00:00.000273,0:00:00.000715,0:00:00.004822,0:00:00.001574,0:00:00.000023,0:00:00.000091,0:00:00.000137,0:00:00.004583,0:00:00.004528,0:00:00.004495,0:00:00.004481,0:00:00.005430,0:00:00.004507,0:00:00.004411,0:00:00.004533,0:00:00.004381,0:00:00.004813,0:00:00.004935,0:00:00.012379,0:00:00.004621,0:00:00.004546,0:00:00.004481,0:00:00.004481,0:00:00.004510,0:00:00.004433,0:00:00.004392,0:00:00.004461,0:00:00.004551,0:00:00.004396,0:00:00.004419,0:00:00.004190,0:00:00.004450,0:00:00.004388,0:00:00.004334,0:00:00.004342,0:00:00.004422,0:00:00.004272,0:00:00.004426,,0:00:00.200119
graph_name , nodes_count , edges_count, degree, degree cent., max neighbor degree, min neighbor degree, avg neighbor degree, std neighbor degree, eigenvector cent., closeness cent., harmonic cent., betweenness cent., coloring largest first, coloring smallest last, coloring independent set, coloring random sequential,coloring connected sequential dfs, coloring connected sequential bfs, edges within egonet, node clique number, number of cliques, clustering coef., square clustering coef., page rank, hubs value, triangles, core number, random,0,1,2,3,4,5,6,7,8,9,10,11,12,13,14,15,16,17,18,19,20,21,22,23,24,25,26,27,28,29,30, Total Time 
123,35,32,0:00:00.000002,0:00:00.000039,0:00:00.000084,0:00:00.000084,0:00:00.000084,0:00:00.000084,0:00:00.000515,0:00:00.000422,0:00:00.000620,0:00:00.001398,0:00:00.000084,0:00:00.000068,0:00:00.003792,0:00:00.000080,0:00:00.000357,0:00:00.000500,0:00:00.001877,0:00:00.000160,0:00:00.003757,0:00:00.000252,0:00:00.000513,0:00:00.005147,0:00:00.001622,0:00:00.000023,0:00:00.000089,0:00:00.000132,0:00:00.004474,0:00:00.004513,0:00:00.004416,0:00:00.004523,0:00:00.004924,0:00:00.004448,0:00:00.004474,0:00:00.004385,0:00:00.004310,0:00:00.004509,0:00:00.004538,0:00:00.008210,0:00:00.004414,0:00:00.004566,0:00:00.004393,0:00:00.004445,0:00:00.004346,0:00:00.004441,0:00:00.004353,0:00:00.004450,0:00:00.004379,0:00:00.004395,0:00:00.004369,0:00:00.004356,0:00:00.004392,0:00:00.004353,0:00:00.004235,0:00:00.004318,0:00:00.004240,0:00:00.004352,0:00:00.004332,,0:00:00.191502
graph_name , nodes_count , edges_count, degree, degree cent., max neighbor degree, min neighbor degree, avg neighbor degree, std neighbor degree, eigenvector cent., closeness cent., harmonic cent., betweenness cent., coloring largest first, coloring smallest last, coloring independent set, coloring random sequential,coloring connected sequential dfs, coloring connected sequential bfs, edges within egonet, node clique number, number of cliques, clustering coef., square clustering coef., page rank, hubs value, triangles, core number, random,0,1,2,3,4,5,6,7,8,9,10,11,12,13,14,15,16,17,18,19,20,21,22,23,24,25,26,27,28,29,30, Total Time 
124,37,33,0:00:00.000002,0:00:00.000042,0:00:00.000087,0:00:00.000087,0:00:00.000087,0:00:00.000087,0:00:00.000614,0:00:00.000447,0:00:00.000634,0:00:00.001465,0:00:00.000083,0:00:00.000070,0:00:00.004283,0:00:00.000084,0:00:00.000360,0:00:00.000331,0:00:00.002124,0:00:00.000159,0:00:00.003780,0:00:00.000255,0:00:00.000514,0:00:00.004996,0:00:00.001578,0:00:00.000024,0:00:00.000091,0:00:00.000141,0:00:00.004547,0:00:00.004513,0:00:00.004475,0:00:00.004343,0:00:00.004993,0:00:00.004329,0:00:00.004489,0:00:00.004380,0:00:00.004387,0:00:00.004476,0:00:00.004551,0:00:00.007976,0:00:00.004589,0:00:00.004396,0:00:00.004372,0:00:00.004288,0:00:00.004753,0:00:00.004329,0:00:00.004515,0:00:00.004282,0:00:00.004459,0:00:00.004464,0:00:00.004443,0:00:00.004419,0:00:00.004309,0:00:00.004383,0:00:00.004346,0:00:00.004310,0:00:00.004418,0:00:00.004226,0:00:00.004249,,0:00:00.192329
graph_name , nodes_count , edges_count, degree, degree cent., max neighbor degree, min neighbor degree, avg neighbor degree, std neighbor degree, eigenvector cent., closeness cent., harmonic cent., betweenness cent., coloring largest first, coloring smallest last, coloring independent set, coloring random sequential,coloring connected sequential dfs, coloring connected sequential bfs, edges within egonet, node clique number, number of cliques, clustering coef., square clustering coef., page rank, hubs value, triangles, core number, random,0,1,2,3,4,5,6,7,8,9,10,11,12,13,14,15,16,17,18,19,20,21,22,23,24,25,26,27,28,29,30, Total Time 
125,36,34,0:00:00.000002,0:00:00.000040,0:00:00.000087,0:00:00.000087,0:00:00.000087,0:00:00.000087,0:00:00.000530,0:00:00.000443,0:00:00.000627,0:00:00.001475,0:00:00.000085,0:00:00.000072,0:00:00.004025,0:00:00.000081,0:00:00.000536,0:00:00.000346,0:00:00.001974,0:00:00.000159,0:00:00.003827,0:00:00.000258,0:00:00.000571,0:00:00.005185,0:00:00.001613,0:00:00.000024,0:00:00.000091,0:00:00.000132,0:00:00.004488,0:00:00.004574,0:00:00.004485,0:00:00.004513,0:00:00.005014,0:00:00.004503,0:00:00.004532,0:00:00.004486,0:00:00.004473,0:00:00.004863,0:00:00.004746,0:00:00.009303,0:00:00.004502,0:00:00.004468,0:00:00.004436,0:00:00.004362,0:00:00.004454,0:00:00.004376,0:00:00.004423,0:00:00.004422,0:00:00.004434,0:00:00.004397,0:00:00.004296,0:00:00.004435,0:00:00.004442,0:00:00.004340,0:00:00.004426,0:00:00.004450,0:00:00.004319,0:00:00.004339,0:00:00.004396,,0:00:00.195194
graph_name , nodes_count , edges_count, degree, degree cent., max neighbor degree, min neighbor degree, avg neighbor degree, std neighbor degree, eigenvector cent., closeness cent., harmonic cent., betweenness cent., coloring largest first, coloring smallest last, coloring independent set, coloring random sequential,coloring connected sequential dfs, coloring connected sequential bfs, edges within egonet, node clique number, number of cliques, clustering coef., square clustering coef., page rank, hubs value, triangles, core number, random,0,1,2,3,4,5,6,7,8,9,10,11,12,13,14,15,16,17,18,19,20,21,22,23,24,25,26,27,28,29,30, Total Time 
126,38,36,0:00:00.000002,0:00:00.000043,0:00:00.000088,0:00:00.000088,0:00:00.000088,0:00:00.000088,0:00:00.000555,0:00:00.000494,0:00:00.000695,0:00:00.001607,0:00:00.000086,0:00:00.000073,0:00:00.004512,0:00:00.000082,0:00:00.000369,0:00:00.000354,0:00:00.002287,0:00:00.000169,0:00:00.004135,0:00:00.000275,0:00:00.000669,0:00:00.004823,0:00:00.001544,0:00:00.000026,0:00:00.000094,0:00:00.000147,0:00:00.004611,0:00:00.004705,0:00:00.004458,0:00:00.004351,0:00:00.005306,0:00:00.004366,0:00:00.004378,0:00:00.004417,0:00:00.004473,0:00:00.004593,0:00:00.004899,0:00:00.011526,0:00:00.004411,0:00:00.004520,0:00:00.004421,0:00:00.004372,0:00:00.004403,0:00:00.004434,0:00:00.004384,0:00:00.004397,0:00:00.004431,0:00:00.004367,0:00:00.004529,0:00:00.004434,0:00:00.004445,0:00:00.004353,0:00:00.004353,0:00:00.004380,0:00:00.004192,0:00:00.004149,0:00:00.004341,,0:00:00.197568
graph_name , nodes_count , edges_count, degree, degree cent., max neighbor degree, min neighbor degree, avg neighbor degree, std neighbor degree, eigenvector cent., closeness cent., harmonic cent., betweenness cent., coloring largest first, coloring smallest last, coloring independent set, coloring random sequential,coloring connected sequential dfs, coloring connected sequential bfs, edges within egonet, node clique number, number of cliques, clustering coef., square clustering coef., page rank, hubs value, triangles, core number, random,0,1,2,3,4,5,6,7,8,9,10,11,12,13,14,15,16,17,18,19,20,21,22,23,24,25,26,27,28,29,30, Total Time 
127,44,43,0:00:00.000002,0:00:00.000045,0:00:00.000100,0:00:00.000100,0:00:00.000100,0:00:00.000100,0:00:00.000703,0:00:00.000631,0:00:00.000909,0:00:00.002379,0:00:00.000098,0:00:00.000083,0:00:00.005859,0:00:00.000096,0:00:00.000410,0:00:00.000393,0:00:00.002713,0:00:00.000188,0:00:00.005424,0:00:00.000317,0:00:00.001087,0:00:00.004961,0:00:00.001574,0:00:00.000032,0:00:00.000106,0:00:00.000174,0:00:00.004509,0:00:00.004625,0:00:00.004379,0:00:00.004668,0:00:00.006373,0:00:00.004699,0:00:00.004353,0:00:00.004390,0:00:00.004322,0:00:00.004868,0:00:00.004991,0:00:00.032582,0:00:00.004575,0:00:00.004539,0:00:00.004546,0:00:00.004626,0:00:00.004487,0:00:00.004373,0:00:00.004403,0:00:00.004502,0:00:00.004450,0:00:00.004471,0:00:00.004419,0:00:00.004398,0:00:00.004484,0:00:00.004277,0:00:00.004368,0:00:00.004267,0:00:00.004208,0:00:00.004339,0:00:00.004345,,0:00:00.227225
graph_name , nodes_count , edges_count, degree, degree cent., max neighbor degree, min neighbor degree, avg neighbor degree, std neighbor degree, eigenvector cent., closeness cent., harmonic cent., betweenness cent., coloring largest first, coloring smallest last, coloring independent set, coloring random sequential,coloring connected sequential dfs, coloring connected sequential bfs, edges within egonet, node clique number, number of cliques, clustering coef., square clustering coef., page rank, hubs value, triangles, core number, random,0,1,2,3,4,5,6,7,8,9,10,11,12,13,14,15,16,17,18,19,20,21,22,23,24,25,26,27,28,29,30, Total Time 
128,37,35,0:00:00.000002,0:00:00.000042,0:00:00.000085,0:00:00.000085,0:00:00.000085,0:00:00.000085,0:00:00.000547,0:00:00.000416,0:00:00.000580,0:00:00.001422,0:00:00.000084,0:00:00.000096,0:00:00.004124,0:00:00.000080,0:00:00.000550,0:00:00.000367,0:00:00.001911,0:00:00.000168,0:00:00.004065,0:00:00.000261,0:00:00.000617,0:00:00.005035,0:00:00.001661,0:00:00.000023,0:00:00.000090,0:00:00.000129,0:00:00.004584,0:00:00.004522,0:00:00.004541,0:00:00.004464,0:00:00.005223,0:00:00.004409,0:00:00.004411,0:00:00.004381,0:00:00.004394,0:00:00.004693,0:00:00.004873,0:00:00.009922,0:00:00.004462,0:00:00.004373,0:00:00.004446,0:00:00.004302,0:00:00.004481,0:00:00.004364,0:00:00.004350,0:00:00.004361,0:00:00.004318,0:00:00.004406,0:00:00.004358,0:00:00.004235,0:00:00.004435,0:00:00.004316,0:00:00.004457,0:00:00.004348,0:00:00.004251,0:00:00.004309,0:00:00.004489,,0:00:00.194561
graph_name , nodes_count , edges_count, degree, degree cent., max neighbor degree, min neighbor degree, avg neighbor degree, std neighbor degree, eigenvector cent., closeness cent., harmonic cent., betweenness cent., coloring largest first, coloring smallest last, coloring independent set, coloring random sequential,coloring connected sequential dfs, coloring connected sequential bfs, edges within egonet, node clique number, number of cliques, clustering coef., square clustering coef., page rank, hubs value, triangles, core number, random,0,1,2,3,4,5,6,7,8,9,10,11,12,13,14,15,16,17,18,19,20,21,22,23,24,25,26,27,28,29,30, Total Time 
129,37,34,0:00:00.000002,0:00:00.000032,0:00:00.000084,0:00:00.000084,0:00:00.000084,0:00:00.000084,0:00:00.000541,0:00:00.000448,0:00:00.000630,0:00:00.001505,0:00:00.000083,0:00:00.000072,0:00:00.004394,0:00:00.000081,0:00:00.000352,0:00:00.000336,0:00:00.002145,0:00:00.000155,0:00:00.003797,0:00:00.000253,0:00:00.000567,0:00:00.004897,0:00:00.001477,0:00:00.000023,0:00:00.000090,0:00:00.000136,0:00:00.004451,0:00:00.004913,0:00:00.004443,0:00:00.004627,0:00:00.005064,0:00:00.004491,0:00:00.004251,0:00:00.004475,0:00:00.004379,0:00:00.004939,0:00:00.004558,0:00:00.009579,0:00:00.004449,0:00:00.004660,0:00:00.004417,0:00:00.004448,0:00:00.004530,0:00:00.004544,0:00:00.004386,0:00:00.004328,0:00:00.004481,0:00:00.004330,0:00:00.004494,0:00:00.004386,0:00:00.004393,0:00:00.004370,0:00:00.004349,0:00:00.004341,0:00:00.004331,0:00:00.004383,0:00:00.004363,,0:00:00.195064
graph_name , nodes_count , edges_count, degree, degree cent., max neighbor degree, min neighbor degree, avg neighbor degree, std neighbor degree, eigenvector cent., closeness cent., harmonic cent., betweenness cent., coloring largest first, coloring smallest last, coloring independent set, coloring random sequential,coloring connected sequential dfs, coloring connected sequential bfs, edges within egonet, node clique number, number of cliques, clustering coef., square clustering coef., page rank, hubs value, triangles, core number, random,0,1,2,3,4,5,6,7,8,9,10,11,12,13,14,15,16,17,18,19,20,21,22,23,24,25,26,27,28,29,30, Total Time 
130,35,32,0:00:00.000002,0:00:00.000039,0:00:00.000083,0:00:00.000083,0:00:00.000083,0:00:00.000083,0:00:00.000508,0:00:00.000406,0:00:00.000563,0:00:00.001319,0:00:00.000090,0:00:00.000068,0:00:00.003746,0:00:00.000080,0:00:00.000515,0:00:00.000328,0:00:00.001844,0:00:00.000158,0:00:00.003648,0:00:00.000244,0:00:00.000504,0:00:00.004979,0:00:00.001551,0:00:00.000021,0:00:00.000086,0:00:00.000126,0:00:00.004482,0:00:00.004549,0:00:00.004359,0:00:00.004442,0:00:00.004829,0:00:00.004444,0:00:00.004427,0:00:00.004436,0:00:00.004316,0:00:00.004553,0:00:00.004505,0:00:00.007475,0:00:00.004496,0:00:00.004429,0:00:00.004402,0:00:00.004536,0:00:00.004362,0:00:00.004445,0:00:00.004453,0:00:00.004324,0:00:00.004305,0:00:00.004328,0:00:00.004333,0:00:00.004330,0:00:00.004293,0:00:00.004372,0:00:00.004330,0:00:00.004304,0:00:00.004215,0:00:00.004341,0:00:00.004350,,0:00:00.189449
graph_name , nodes_count , edges_count, degree, degree cent., max neighbor degree, min neighbor degree, avg neighbor degree, std neighbor degree, eigenvector cent., closeness cent., harmonic cent., betweenness cent., coloring largest first, coloring smallest last, coloring independent set, coloring random sequential,coloring connected sequential dfs, coloring connected sequential bfs, edges within egonet, node clique number, number of cliques, clustering coef., square clustering coef., page rank, hubs value, triangles, core number, random,0,1,2,3,4,5,6,7,8,9,10,11,12,13,14,15,16,17,18,19,20,21,22,23,24,25,26,27,28,29,30, Total Time 
131,35,33,0:00:00.000003,0:00:00.000039,0:00:00.000083,0:00:00.000083,0:00:00.000083,0:00:00.000083,0:00:00.000512,0:00:00.000378,0:00:00.000540,0:00:00.001270,0:00:00.000082,0:00:00.000068,0:00:00.003840,0:00:00.000079,0:00:00.000367,0:00:00.000347,0:00:00.001976,0:00:00.000170,0:00:00.003594,0:00:00.000258,0:00:00.000562,0:00:00.004929,0:00:00.001529,0:00:00.000022,0:00:00.000086,0:00:00.000121,0:00:00.004518,0:00:00.004584,0:00:00.004425,0:00:00.004515,0:00:00.005113,0:00:00.004475,0:00:00.004536,0:00:00.004405,0:00:00.004425,0:00:00.004443,0:00:00.004711,0:00:00.008867,0:00:00.004457,0:00:00.004489,0:00:00.004321,0:00:00.004367,0:00:00.004570,0:00:00.004302,0:00:00.004615,0:00:00.004329,0:00:00.004504,0:00:00.004326,0:00:00.004392,0:00:00.004317,0:00:00.004369,0:00:00.004347,0:00:00.004362,0:00:00.004282,0:00:00.004367,0:00:00.004287,0:00:00.004429,,0:00:00.192038
graph_name , nodes_count , edges_count, degree, degree cent., max neighbor degree, min neighbor degree, avg neighbor degree, std neighbor degree, eigenvector cent., closeness cent., harmonic cent., betweenness cent., coloring largest first, coloring smallest last, coloring independent set, coloring random sequential,coloring connected sequential dfs, coloring connected sequential bfs, edges within egonet, node clique number, number of cliques, clustering coef., square clustering coef., page rank, hubs value, triangles, core number, random,0,1,2,3,4,5,6,7,8,9,10,11,12,13,14,15,16,17,18,19,20,21,22,23,24,25,26,27,28,29,30, Total Time 
132,40,39,0:00:00.000003,0:00:00.000043,0:00:00.000096,0:00:00.000096,0:00:00.000096,0:00:00.000096,0:00:00.000600,0:00:00.000539,0:00:00.000787,0:00:00.001938,0:00:00.000091,0:00:00.000080,0:00:00.004865,0:00:00.000090,0:00:00.000561,0:00:00.000385,0:00:00.002341,0:00:00.000177,0:00:00.004755,0:00:00.000374,0:00:00.000828,0:00:00.004976,0:00:00.001580,0:00:00.000026,0:00:00.000101,0:00:00.000150,0:00:00.004440,0:00:00.004649,0:00:00.004393,0:00:00.004834,0:00:00.005587,0:00:00.004385,0:00:00.004396,0:00:00.004700,0:00:00.004333,0:00:00.007896,0:00:00.004969,0:00:00.016752,0:00:00.004366,0:00:00.004495,0:00:00.004460,0:00:00.004398,0:00:00.004523,0:00:00.004439,0:00:00.004444,0:00:00.004388,0:00:00.004314,0:00:00.004379,0:00:00.004367,0:00:00.004292,0:00:00.004356,0:00:00.004385,0:00:00.004356,0:00:00.004286,0:00:00.004288,0:00:00.004344,0:00:00.004383,,0:00:00.209482
graph_name , nodes_count , edges_count, degree, degree cent., max neighbor degree, min neighbor degree, avg neighbor degree, std neighbor degree, eigenvector cent., closeness cent., harmonic cent., betweenness cent., coloring largest first, coloring smallest last, coloring independent set, coloring random sequential,coloring connected sequential dfs, coloring connected sequential bfs, edges within egonet, node clique number, number of cliques, clustering coef., square clustering coef., page rank, hubs value, triangles, core number, random,0,1,2,3,4,5,6,7,8,9,10,11,12,13,14,15,16,17,18,19,20,21,22,23,24,25,26,27,28,29,30, Total Time 
133,36,32,0:00:00.000002,0:00:00.000030,0:00:00.000082,0:00:00.000082,0:00:00.000082,0:00:00.000082,0:00:00.000726,0:00:00.000436,0:00:00.000587,0:00:00.001371,0:00:00.000080,0:00:00.000069,0:00:00.003914,0:00:00.000078,0:00:00.000345,0:00:00.000325,0:00:00.002015,0:00:00.000152,0:00:00.003587,0:00:00.000241,0:00:00.000475,0:00:00.004873,0:00:00.001515,0:00:00.000023,0:00:00.000088,0:00:00.000130,0:00:00.004494,0:00:00.004514,0:00:00.004418,0:00:00.004455,0:00:00.004955,0:00:00.048627,0:00:00.004364,0:00:00.004319,0:00:00.004466,0:00:00.004466,0:00:00.004464,0:00:00.007650,0:00:00.004391,0:00:00.004393,0:00:00.004365,0:00:00.004374,0:00:00.004245,0:00:00.004295,0:00:00.004197,0:00:00.004339,0:00:00.004265,0:00:00.004507,0:00:00.004360,0:00:00.004313,0:00:00.004247,0:00:00.004197,0:00:00.004276,0:00:00.004362,0:00:00.004338,0:00:00.004246,0:00:00.004281,,0:00:00.232897
graph_name , nodes_count , edges_count, degree, degree cent., max neighbor degree, min neighbor degree, avg neighbor degree, std neighbor degree, eigenvector cent., closeness cent., harmonic cent., betweenness cent., coloring largest first, coloring smallest last, coloring independent set, coloring random sequential,coloring connected sequential dfs, coloring connected sequential bfs, edges within egonet, node clique number, number of cliques, clustering coef., square clustering coef., page rank, hubs value, triangles, core number, random,0,1,2,3,4,5,6,7,8,9,10,11,12,13,14,15,16,17,18,19,20,21,22,23,24,25,26,27,28,29,30, Total Time 
134,40,36,0:00:00.000002,0:00:00.000045,0:00:00.000093,0:00:00.000093,0:00:00.000093,0:00:00.000093,0:00:00.000579,0:00:00.000473,0:00:00.000674,0:00:00.001648,0:00:00.000090,0:00:00.000076,0:00:00.004884,0:00:00.000086,0:00:00.000397,0:00:00.000371,0:00:00.002079,0:00:00.000173,0:00:00.004685,0:00:00.000267,0:00:00.000646,0:00:00.004845,0:00:00.001583,0:00:00.000026,0:00:00.000093,0:00:00.000142,0:00:00.004470,0:00:00.004495,0:00:00.004452,0:00:00.004417,0:00:00.005390,0:00:00.004464,0:00:00.004446,0:00:00.004280,0:00:00.004382,0:00:00.004563,0:00:00.004571,0:00:00.011365,0:00:00.004447,0:00:00.004505,0:00:00.003865,0:00:00.004394,0:00:00.004468,0:00:00.004435,0:00:00.004475,0:00:00.004343,0:00:00.004384,0:00:00.004323,0:00:00.004259,0:00:00.004152,0:00:00.004488,0:00:00.004141,0:00:00.004281,0:00:00.004368,0:00:00.004304,0:00:00.004443,0:00:00.004371,,0:00:00.196830
graph_name , nodes_count , edges_count, degree, degree cent., max neighbor degree, min neighbor degree, avg neighbor degree, std neighbor degree, eigenvector cent., closeness cent., harmonic cent., betweenness cent., coloring largest first, coloring smallest last, coloring independent set, coloring random sequential,coloring connected sequential dfs, coloring connected sequential bfs, edges within egonet, node clique number, number of cliques, clustering coef., square clustering coef., page rank, hubs value, triangles, core number, random,0,1,2,3,4,5,6,7,8,9,10,11,12,13,14,15,16,17,18,19,20,21,22,23,24,25,26,27,28,29,30, Total Time 
135,39,38,0:00:00.000003,0:00:00.000042,0:00:00.000090,0:00:00.000090,0:00:00.000090,0:00:00.000090,0:00:00.000629,0:00:00.000505,0:00:00.000710,0:00:00.001699,0:00:00.000087,0:00:00.000074,0:00:00.004594,0:00:00.000083,0:00:00.000375,0:00:00.000350,0:00:00.002211,0:00:00.000172,0:00:00.004519,0:00:00.000272,0:00:00.000756,0:00:00.004873,0:00:00.001694,0:00:00.000025,0:00:00.000097,0:00:00.000148,0:00:00.004483,0:00:00.004867,0:00:00.004613,0:00:00.004629,0:00:00.005487,0:00:00.004514,0:00:00.004440,0:00:00.004351,0:00:00.004397,0:00:00.004830,0:00:00.004884,0:00:00.014394,0:00:00.004407,0:00:00.004538,0:00:00.004239,0:00:00.004461,0:00:00.004361,0:00:00.004323,0:00:00.004405,0:00:00.004544,0:00:00.004533,0:00:00.004520,0:00:00.004430,0:00:00.004461,0:00:00.004344,0:00:00.004417,0:00:00.004352,0:00:00.004420,0:00:00.004288,0:00:00.004276,0:00:00.004529,,0:00:00.203540
graph_name , nodes_count , edges_count, degree, degree cent., max neighbor degree, min neighbor degree, avg neighbor degree, std neighbor degree, eigenvector cent., closeness cent., harmonic cent., betweenness cent., coloring largest first, coloring smallest last, coloring independent set, coloring random sequential,coloring connected sequential dfs, coloring connected sequential bfs, edges within egonet, node clique number, number of cliques, clustering coef., square clustering coef., page rank, hubs value, triangles, core number, random,0,1,2,3,4,5,6,7,8,9,10,11,12,13,14,15,16,17,18,19,20,21,22,23,24,25,26,27,28,29,30, Total Time 
136,37,34,0:00:00.000005,0:00:00.000043,0:00:00.000088,0:00:00.000088,0:00:00.000088,0:00:00.000088,0:00:00.000543,0:00:00.000455,0:00:00.000647,0:00:00.001494,0:00:00.000085,0:00:00.000070,0:00:00.004239,0:00:00.000081,0:00:00.000357,0:00:00.000342,0:00:00.002378,0:00:00.000166,0:00:00.003939,0:00:00.000268,0:00:00.000560,0:00:00.004893,0:00:00.001553,0:00:00.000022,0:00:00.000092,0:00:00.000143,0:00:00.004428,0:00:00.004512,0:00:00.004369,0:00:00.004450,0:00:00.005405,0:00:00.004429,0:00:00.004407,0:00:00.004392,0:00:00.004287,0:00:00.004573,0:00:00.004611,0:00:00.009286,0:00:00.004365,0:00:00.004370,0:00:00.004439,0:00:00.004273,0:00:00.004518,0:00:00.004188,0:00:00.004184,0:00:00.004409,0:00:00.004521,0:00:00.004349,0:00:00.004396,0:00:00.004265,0:00:00.004350,0:00:00.004340,0:00:00.004259,0:00:00.004218,0:00:00.004392,0:00:00.004258,0:00:00.004453,,0:00:00.193022
graph_name , nodes_count , edges_count, degree, degree cent., max neighbor degree, min neighbor degree, avg neighbor degree, std neighbor degree, eigenvector cent., closeness cent., harmonic cent., betweenness cent., coloring largest first, coloring smallest last, coloring independent set, coloring random sequential,coloring connected sequential dfs, coloring connected sequential bfs, edges within egonet, node clique number, number of cliques, clustering coef., square clustering coef., page rank, hubs value, triangles, core number, random,0,1,2,3,4,5,6,7,8,9,10,11,12,13,14,15,16,17,18,19,20,21,22,23,24,25,26,27,28,29,30, Total Time 
137,37,36,0:00:00.000002,0:00:00.000040,0:00:00.000088,0:00:00.000088,0:00:00.000088,0:00:00.000088,0:00:00.000544,0:00:00.000454,0:00:00.000640,0:00:00.001616,0:00:00.000085,0:00:00.000072,0:00:00.004152,0:00:00.000081,0:00:00.000522,0:00:00.000349,0:00:00.002067,0:00:00.000164,0:00:00.003943,0:00:00.000268,0:00:00.000682,0:00:00.004895,0:00:00.001665,0:00:00.000025,0:00:00.000092,0:00:00.000139,0:00:00.004440,0:00:00.004591,0:00:00.004594,0:00:00.004626,0:00:00.005141,0:00:00.004415,0:00:00.004371,0:00:00.004355,0:00:00.004431,0:00:00.004648,0:00:00.004795,0:00:00.012502,0:00:00.004437,0:00:00.004425,0:00:00.004417,0:00:00.004381,0:00:00.004496,0:00:00.004398,0:00:00.004505,0:00:00.004374,0:00:00.004443,0:00:00.004354,0:00:00.004377,0:00:00.004305,0:00:00.004291,0:00:00.004353,0:00:00.004286,0:00:00.004353,0:00:00.004337,0:00:00.004320,0:00:00.004288,,0:00:00.197802
graph_name , nodes_count , edges_count, degree, degree cent., max neighbor degree, min neighbor degree, avg neighbor degree, std neighbor degree, eigenvector cent., closeness cent., harmonic cent., betweenness cent., coloring largest first, coloring smallest last, coloring independent set, coloring random sequential,coloring connected sequential dfs, coloring connected sequential bfs, edges within egonet, node clique number, number of cliques, clustering coef., square clustering coef., page rank, hubs value, triangles, core number, random,0,1,2,3,4,5,6,7,8,9,10,11,12,13,14,15,16,17,18,19,20,21,22,23,24,25,26,27,28,29,30, Total Time 
138,40,36,0:00:00.000003,0:00:00.000041,0:00:00.000091,0:00:00.000091,0:00:00.000091,0:00:00.000091,0:00:00.000805,0:00:00.000526,0:00:00.000739,0:00:00.001788,0:00:00.000090,0:00:00.000078,0:00:00.004940,0:00:00.000086,0:00:00.000380,0:00:00.000359,0:00:00.002361,0:00:00.000172,0:00:00.004552,0:00:00.000272,0:00:00.000649,0:00:00.004909,0:00:00.001545,0:00:00.000025,0:00:00.000098,0:00:00.000151,0:00:00.004510,0:00:00.004505,0:00:00.004447,0:00:00.004489,0:00:00.005187,0:00:00.004403,0:00:00.004530,0:00:00.004296,0:00:00.004406,0:00:00.004550,0:00:00.004568,0:00:00.011469,0:00:00.004641,0:00:00.004431,0:00:00.004394,0:00:00.004347,0:00:00.004406,0:00:00.004326,0:00:00.004435,0:00:00.004325,0:00:00.004491,0:00:00.004383,0:00:00.004418,0:00:00.004311,0:00:00.004527,0:00:00.004340,0:00:00.004369,0:00:00.004283,0:00:00.004347,0:00:00.004304,0:00:00.004423,,0:00:00.199189
graph_name , nodes_count , edges_count, degree, degree cent., max neighbor degree, min neighbor degree, avg neighbor degree, std neighbor degree, eigenvector cent., closeness cent., harmonic cent., betweenness cent., coloring largest first, coloring smallest last, coloring independent set, coloring random sequential,coloring connected sequential dfs, coloring connected sequential bfs, edges within egonet, node clique number, number of cliques, clustering coef., square clustering coef., page rank, hubs value, triangles, core number, random,0,1,2,3,4,5,6,7,8,9,10,11,12,13,14,15,16,17,18,19,20,21,22,23,24,25,26,27,28,29,30, Total Time 
139,37,34,0:00:00.000002,0:00:00.000042,0:00:00.000087,0:00:00.000087,0:00:00.000087,0:00:00.000087,0:00:00.000551,0:00:00.000420,0:00:00.000577,0:00:00.001350,0:00:00.000084,0:00:00.000070,0:00:00.004297,0:00:00.000083,0:00:00.000380,0:00:00.000358,0:00:00.001943,0:00:00.000265,0:00:00.003950,0:00:00.000254,0:00:00.000581,0:00:00.004935,0:00:00.001539,0:00:00.000022,0:00:00.000097,0:00:00.000129,0:00:00.004403,0:00:00.004494,0:00:00.004364,0:00:00.004881,0:00:00.005069,0:00:00.004733,0:00:00.004409,0:00:00.004498,0:00:00.004382,0:00:00.004739,0:00:00.004620,0:00:00.010222,0:00:00.004363,0:00:00.004496,0:00:00.004289,0:00:00.004311,0:00:00.004515,0:00:00.004230,0:00:00.004437,0:00:00.004436,0:00:00.004252,0:00:00.004473,0:00:00.004250,0:00:00.004394,0:00:00.004269,0:00:00.004448,0:00:00.004306,0:00:00.004235,0:00:00.004291,0:00:00.004263,0:00:00.004394,,0:00:00.194068
graph_name , nodes_count , edges_count, degree, degree cent., max neighbor degree, min neighbor degree, avg neighbor degree, std neighbor degree, eigenvector cent., closeness cent., harmonic cent., betweenness cent., coloring largest first, coloring smallest last, coloring independent set, coloring random sequential,coloring connected sequential dfs, coloring connected sequential bfs, edges within egonet, node clique number, number of cliques, clustering coef., square clustering coef., page rank, hubs value, triangles, core number, random,0,1,2,3,4,5,6,7,8,9,10,11,12,13,14,15,16,17,18,19,20,21,22,23,24,25,26,27,28,29,30, Total Time 
140,38,37,0:00:00.000002,0:00:00.000043,0:00:00.000089,0:00:00.000089,0:00:00.000089,0:00:00.000089,0:00:00.000554,0:00:00.000463,0:00:00.000675,0:00:00.001614,0:00:00.000087,0:00:00.000073,0:00:00.004411,0:00:00.000085,0:00:00.000374,0:00:00.000352,0:00:00.002307,0:00:00.000168,0:00:00.004197,0:00:00.000278,0:00:00.000723,0:00:00.004803,0:00:00.001546,0:00:00.000025,0:00:00.000098,0:00:00.000144,0:00:00.004471,0:00:00.004448,0:00:00.004620,0:00:00.004435,0:00:00.005380,0:00:00.004688,0:00:00.004436,0:00:00.004338,0:00:00.004591,0:00:00.004661,0:00:00.004840,0:00:00.013159,0:00:00.004710,0:00:00.004508,0:00:00.004503,0:00:00.004487,0:00:00.004439,0:00:00.004481,0:00:00.004407,0:00:00.004390,0:00:00.004445,0:00:00.004270,0:00:00.004596,0:00:00.004276,0:00:00.004449,0:00:00.004410,0:00:00.004708,0:00:00.004193,0:00:00.004104,0:00:00.004208,0:00:00.004524,,0:00:00.200407
graph_name , nodes_count , edges_count, degree, degree cent., max neighbor degree, min neighbor degree, avg neighbor degree, std neighbor degree, eigenvector cent., closeness cent., harmonic cent., betweenness cent., coloring largest first, coloring smallest last, coloring independent set, coloring random sequential,coloring connected sequential dfs, coloring connected sequential bfs, edges within egonet, node clique number, number of cliques, clustering coef., square clustering coef., page rank, hubs value, triangles, core number, random,0,1,2,3,4,5,6,7,8,9,10,11,12,13,14,15,16,17,18,19,20,21,22,23,24,25,26,27,28,29,30, Total Time 
141,40,37,0:00:00.000002,0:00:00.000042,0:00:00.000093,0:00:00.000093,0:00:00.000093,0:00:00.000093,0:00:00.000632,0:00:00.000534,0:00:00.000776,0:00:00.001821,0:00:00.000090,0:00:00.000078,0:00:00.005031,0:00:00.000088,0:00:00.000393,0:00:00.000383,0:00:00.002486,0:00:00.000175,0:00:00.004578,0:00:00.000276,0:00:00.000718,0:00:00.004968,0:00:00.001563,0:00:00.000027,0:00:00.000096,0:00:00.000159,0:00:00.004863,0:00:00.004523,0:00:00.004469,0:00:00.004510,0:00:00.005295,0:00:00.004510,0:00:00.004335,0:00:00.004417,0:00:00.004283,0:00:00.004598,0:00:00.004596,0:00:00.014957,0:00:00.004478,0:00:00.004481,0:00:00.004446,0:00:00.004345,0:00:00.004430,0:00:00.004324,0:00:00.004203,0:00:00.004341,0:00:00.004392,0:00:00.004314,0:00:00.004406,0:00:00.004419,0:00:00.004383,0:00:00.004367,0:00:00.004351,0:00:00.004254,0:00:00.004305,0:00:00.004370,0:00:00.004322,,0:00:00.202700
graph_name , nodes_count , edges_count, degree, degree cent., max neighbor degree, min neighbor degree, avg neighbor degree, std neighbor degree, eigenvector cent., closeness cent., harmonic cent., betweenness cent., coloring largest first, coloring smallest last, coloring independent set, coloring random sequential,coloring connected sequential dfs, coloring connected sequential bfs, edges within egonet, node clique number, number of cliques, clustering coef., square clustering coef., page rank, hubs value, triangles, core number, random,0,1,2,3,4,5,6,7,8,9,10,11,12,13,14,15,16,17,18,19,20,21,22,23,24,25,26,27,28,29,30, Total Time 
142,37,34,0:00:00.000002,0:00:00.000038,0:00:00.000083,0:00:00.000083,0:00:00.000083,0:00:00.000083,0:00:00.000574,0:00:00.000436,0:00:00.000626,0:00:00.001460,0:00:00.000082,0:00:00.000069,0:00:00.003974,0:00:00.000079,0:00:00.000508,0:00:00.000327,0:00:00.001940,0:00:00.000157,0:00:00.003847,0:00:00.000248,0:00:00.000568,0:00:00.004702,0:00:00.001490,0:00:00.000021,0:00:00.000088,0:00:00.000132,0:00:00.004404,0:00:00.003719,0:00:00.003637,0:00:00.003654,0:00:00.004793,0:00:00.003693,0:00:00.004280,0:00:00.003639,0:00:00.004284,0:00:00.003768,0:00:00.004634,0:00:00.007931,0:00:00.004373,0:00:00.003578,0:00:00.004223,0:00:00.003602,0:00:00.004185,0:00:00.003448,0:00:00.003644,0:00:00.003528,0:00:00.004114,0:00:00.003483,0:00:00.004015,0:00:00.003438,0:00:00.004123,0:00:00.003434,0:00:00.004079,0:00:00.003515,0:00:00.004040,0:00:00.003443,0:00:00.004173,,0:00:00.173968
graph_name , nodes_count , edges_count, degree, degree cent., max neighbor degree, min neighbor degree, avg neighbor degree, std neighbor degree, eigenvector cent., closeness cent., harmonic cent., betweenness cent., coloring largest first, coloring smallest last, coloring independent set, coloring random sequential,coloring connected sequential dfs, coloring connected sequential bfs, edges within egonet, node clique number, number of cliques, clustering coef., square clustering coef., page rank, hubs value, triangles, core number, random,0,1,2,3,4,5,6,7,8,9,10,11,12,13,14,15,16,17,18,19,20,21,22,23,24,25,26,27,28,29,30, Total Time 
143,40,39,0:00:00.000001,0:00:00.000031,0:00:00.000044,0:00:00.000044,0:00:00.000044,0:00:00.000044,0:00:00.000363,0:00:00.000332,0:00:00.000465,0:00:00.000882,0:00:00.000043,0:00:00.000037,0:00:00.002365,0:00:00.000043,0:00:00.000189,0:00:00.000182,0:00:00.001141,0:00:00.000087,0:00:00.002214,0:00:00.000139,0:00:00.000394,0:00:00.002346,0:00:00.000783,0:00:00.000013,0:00:00.000048,0:00:00.000078,0:00:00.003611,0:00:00.004339,0:00:00.003491,0:00:00.004101,0:00:00.004475,0:00:00.003790,0:00:00.003580,0:00:00.004037,0:00:00.003577,0:00:00.004565,0:00:00.003990,0:00:00.018601,0:00:00.003542,0:00:00.004288,0:00:00.003551,0:00:00.004323,0:00:00.003731,0:00:00.004321,0:00:00.003582,0:00:00.004263,0:00:00.003704,0:00:00.004170,0:00:00.003621,0:00:00.004205,0:00:00.003556,0:00:00.004032,0:00:00.003456,0:00:00.004171,0:00:00.003564,0:00:00.004223,0:00:00.003634,,0:00:00.162685
graph_name , nodes_count , edges_count, degree, degree cent., max neighbor degree, min neighbor degree, avg neighbor degree, std neighbor degree, eigenvector cent., closeness cent., harmonic cent., betweenness cent., coloring largest first, coloring smallest last, coloring independent set, coloring random sequential,coloring connected sequential dfs, coloring connected sequential bfs, edges within egonet, node clique number, number of cliques, clustering coef., square clustering coef., page rank, hubs value, triangles, core number, random,0,1,2,3,4,5,6,7,8,9,10,11,12,13,14,15,16,17,18,19,20,21,22,23,24,25,26,27,28,29,30, Total Time 
144,38,34,0:00:00.000002,0:00:00.000040,0:00:00.000085,0:00:00.000085,0:00:00.000085,0:00:00.000085,0:00:00.000777,0:00:00.000473,0:00:00.000662,0:00:00.001564,0:00:00.000086,0:00:00.000073,0:00:00.004728,0:00:00.000084,0:00:00.000376,0:00:00.000340,0:00:00.002150,0:00:00.000166,0:00:00.004120,0:00:00.000255,0:00:00.000596,0:00:00.004843,0:00:00.001535,0:00:00.000026,0:00:00.000092,0:00:00.000146,0:00:00.004203,0:00:00.003751,0:00:00.004245,0:00:00.003666,0:00:00.004996,0:00:00.003500,0:00:00.004283,0:00:00.003535,0:00:00.004198,0:00:00.003580,0:00:00.004302,0:00:00.008284,0:00:00.004217,0:00:00.003478,0:00:00.004177,0:00:00.003481,0:00:00.004093,0:00:00.003472,0:00:00.004190,0:00:00.003451,0:00:00.004260,0:00:00.003499,0:00:00.004187,0:00:00.003492,0:00:00.004135,0:00:00.003407,0:00:00.004135,0:00:00.003383,0:00:00.003929,0:00:00.003407,0:00:00.004106,,0:00:00.176740
graph_name , nodes_count , edges_count, degree, degree cent., max neighbor degree, min neighbor degree, avg neighbor degree, std neighbor degree, eigenvector cent., closeness cent., harmonic cent., betweenness cent., coloring largest first, coloring smallest last, coloring independent set, coloring random sequential,coloring connected sequential dfs, coloring connected sequential bfs, edges within egonet, node clique number, number of cliques, clustering coef., square clustering coef., page rank, hubs value, triangles, core number, random,0,1,2,3,4,5,6,7,8,9,10,11,12,13,14,15,16,17,18,19,20,21,22,23,24,25,26,27,28,29,30, Total Time 
145,40,36,0:00:00.000002,0:00:00.000032,0:00:00.000090,0:00:00.000090,0:00:00.000090,0:00:00.000090,0:00:00.000557,0:00:00.000456,0:00:00.000630,0:00:00.001539,0:00:00.000086,0:00:00.000075,0:00:00.004624,0:00:00.000084,0:00:00.000385,0:00:00.000516,0:00:00.002011,0:00:00.000168,0:00:00.004602,0:00:00.000267,0:00:00.000647,0:00:00.004927,0:00:00.001503,0:00:00.000024,0:00:00.000088,0:00:00.000134,0:00:00.004380,0:00:00.003733,0:00:00.004505,0:00:00.003682,0:00:00.005185,0:00:00.003626,0:00:00.004400,0:00:00.003556,0:00:00.004302,0:00:00.003751,0:00:00.004559,0:00:00.009003,0:00:00.004319,0:00:00.003551,0:00:00.004217,0:00:00.003572,0:00:00.004233,0:00:00.003560,0:00:00.004232,0:00:00.003470,0:00:00.004278,0:00:00.003517,0:00:00.004236,0:00:00.003581,0:00:00.004193,0:00:00.003587,0:00:00.004105,0:00:00.003444,0:00:00.004224,0:00:00.003524,0:00:00.004079,,0:00:00.180887
graph_name , nodes_count , edges_count, degree, degree cent., max neighbor degree, min neighbor degree, avg neighbor degree, std neighbor degree, eigenvector cent., closeness cent., harmonic cent., betweenness cent., coloring largest first, coloring smallest last, coloring independent set, coloring random sequential,coloring connected sequential dfs, coloring connected sequential bfs, edges within egonet, node clique number, number of cliques, clustering coef., square clustering coef., page rank, hubs value, triangles, core number, random,0,1,2,3,4,5,6,7,8,9,10,11,12,13,14,15,16,17,18,19,20,21,22,23,24,25,26,27,28,29,30, Total Time 
146,41,38,0:00:00.000001,0:00:00.000027,0:00:00.000073,0:00:00.000073,0:00:00.000073,0:00:00.000073,0:00:00.000468,0:00:00.000437,0:00:00.000628,0:00:00.001471,0:00:00.000070,0:00:00.000061,0:00:00.003840,0:00:00.000067,0:00:00.000299,0:00:00.000282,0:00:00.001902,0:00:00.000136,0:00:00.003802,0:00:00.000219,0:00:00.000590,0:00:00.003806,0:00:00.001170,0:00:00.000022,0:00:00.000077,0:00:00.000120,0:00:00.003752,0:00:00.004182,0:00:00.003606,0:00:00.003734,0:00:00.004256,0:00:00.004184,0:00:00.003650,0:00:00.004197,0:00:00.003489,0:00:00.003736,0:00:00.004447,0:00:00.014144,0:00:00.004239,0:00:00.003616,0:00:00.004185,0:00:00.004295,0:00:00.004229,0:00:00.004158,0:00:00.004209,0:00:00.004258,0:00:00.004241,0:00:00.003617,0:00:00.004169,0:00:00.004136,0:00:00.004144,0:00:00.003677,0:00:00.004084,0:00:00.004111,0:00:00.004018,0:00:00.004072,0:00:00.004160,,0:00:00.178027
graph_name , nodes_count , edges_count, degree, degree cent., max neighbor degree, min neighbor degree, avg neighbor degree, std neighbor degree, eigenvector cent., closeness cent., harmonic cent., betweenness cent., coloring largest first, coloring smallest last, coloring independent set, coloring random sequential,coloring connected sequential dfs, coloring connected sequential bfs, edges within egonet, node clique number, number of cliques, clustering coef., square clustering coef., page rank, hubs value, triangles, core number, random,0,1,2,3,4,5,6,7,8,9,10,11,12,13,14,15,16,17,18,19,20,21,22,23,24,25,26,27,28,29,30, Total Time 
147,36,33,0:00:00.000002,0:00:00.000033,0:00:00.000066,0:00:00.000066,0:00:00.000066,0:00:00.000066,0:00:00.000412,0:00:00.000339,0:00:00.000470,0:00:00.001122,0:00:00.000065,0:00:00.000055,0:00:00.003108,0:00:00.000064,0:00:00.000326,0:00:00.000265,0:00:00.001578,0:00:00.000132,0:00:00.003025,0:00:00.000204,0:00:00.000412,0:00:00.003904,0:00:00.001259,0:00:00.000018,0:00:00.000071,0:00:00.000102,0:00:00.003682,0:00:00.003721,0:00:00.004309,0:00:00.004366,0:00:00.004748,0:00:00.004285,0:00:00.004165,0:00:00.004184,0:00:00.004237,0:00:00.004445,0:00:00.004390,0:00:00.007925,0:00:00.004269,0:00:00.004266,0:00:00.004230,0:00:00.004268,0:00:00.003783,0:00:00.004122,0:00:00.004255,0:00:00.004318,0:00:00.004271,0:00:00.004183,0:00:00.004153,0:00:00.004159,0:00:00.004344,0:00:00.004163,0:00:00.004236,0:00:00.004210,0:00:00.004246,0:00:00.004170,0:00:00.004175,,0:00:00.174114
graph_name , nodes_count , edges_count, degree, degree cent., max neighbor degree, min neighbor degree, avg neighbor degree, std neighbor degree, eigenvector cent., closeness cent., harmonic cent., betweenness cent., coloring largest first, coloring smallest last, coloring independent set, coloring random sequential,coloring connected sequential dfs, coloring connected sequential bfs, edges within egonet, node clique number, number of cliques, clustering coef., square clustering coef., page rank, hubs value, triangles, core number, random,0,1,2,3,4,5,6,7,8,9,10,11,12,13,14,15,16,17,18,19,20,21,22,23,24,25,26,27,28,29,30, Total Time 
148,38,35,0:00:00.000002,0:00:00.000041,0:00:00.000087,0:00:00.000087,0:00:00.000087,0:00:00.000087,0:00:00.000543,0:00:00.000475,0:00:00.000660,0:00:00.001600,0:00:00.000082,0:00:00.000071,0:00:00.004087,0:00:00.000081,0:00:00.000357,0:00:00.000331,0:00:00.002122,0:00:00.000164,0:00:00.004126,0:00:00.000255,0:00:00.000590,0:00:00.004665,0:00:00.001518,0:00:00.000024,0:00:00.000093,0:00:00.000130,0:00:00.004320,0:00:00.004492,0:00:00.004200,0:00:00.004448,0:00:00.004187,0:00:00.004224,0:00:00.004364,0:00:00.004341,0:00:00.004412,0:00:00.004389,0:00:00.003955,0:00:00.009805,0:00:00.004543,0:00:00.004215,0:00:00.004183,0:00:00.004382,0:00:00.004226,0:00:00.004207,0:00:00.004084,0:00:00.004353,0:00:00.004284,0:00:00.004260,0:00:00.004025,0:00:00.004140,0:00:00.003633,0:00:00.004035,0:00:00.004132,0:00:00.004045,0:00:00.004176,0:00:00.004353,0:00:00.004340,,0:00:00.186799
graph_name , nodes_count , edges_count, degree, degree cent., max neighbor degree, min neighbor degree, avg neighbor degree, std neighbor degree, eigenvector cent., closeness cent., harmonic cent., betweenness cent., coloring largest first, coloring smallest last, coloring independent set, coloring random sequential,coloring connected sequential dfs, coloring connected sequential bfs, edges within egonet, node clique number, number of cliques, clustering coef., square clustering coef., page rank, hubs value, triangles, core number, random,0,1,2,3,4,5,6,7,8,9,10,11,12,13,14,15,16,17,18,19,20,21,22,23,24,25,26,27,28,29,30, Total Time 
149,40,40,0:00:00.000001,0:00:00.000035,0:00:00.000074,0:00:00.000074,0:00:00.000074,0:00:00.000074,0:00:00.000466,0:00:00.000388,0:00:00.000546,0:00:00.001396,0:00:00.000072,0:00:00.000061,0:00:00.003983,0:00:00.000070,0:00:00.000326,0:00:00.000340,0:00:00.001847,0:00:00.000145,0:00:00.003849,0:00:00.000233,0:00:00.000686,0:00:00.003992,0:00:00.001240,0:00:00.000017,0:00:00.000078,0:00:00.000113,0:00:00.004261,0:00:00.004380,0:00:00.004470,0:00:00.004358,0:00:00.005551,0:00:00.004565,0:00:00.004286,0:00:00.004263,0:00:00.004159,0:00:00.004839,0:00:00.004905,0:00:00.017709,0:00:00.004307,0:00:00.004242,0:00:00.004244,0:00:00.004368,0:00:00.004539,0:00:00.004376,0:00:00.004162,0:00:00.004267,0:00:00.004340,0:00:00.004188,0:00:00.004173,0:00:00.004111,0:00:00.004167,0:00:00.004252,0:00:00.004181,0:00:00.004162,0:00:00.004049,0:00:00.004117,0:00:00.004121,,0:00:00.191269
graph_name , nodes_count , edges_count, degree, degree cent., max neighbor degree, min neighbor degree, avg neighbor degree, std neighbor degree, eigenvector cent., closeness cent., harmonic cent., betweenness cent., coloring largest first, coloring smallest last, coloring independent set, coloring random sequential,coloring connected sequential dfs, coloring connected sequential bfs, edges within egonet, node clique number, number of cliques, clustering coef., square clustering coef., page rank, hubs value, triangles, core number, random,0,1,2,3,4,5,6,7,8,9,10,11,12,13,14,15,16,17,18,19,20,21,22,23,24,25,26,27,28,29,30, Total Time 
150,39,38,0:00:00.000003,0:00:00.000041,0:00:00.000089,0:00:00.000089,0:00:00.000089,0:00:00.000089,0:00:00.000578,0:00:00.000458,0:00:00.000669,0:00:00.001573,0:00:00.000087,0:00:00.000075,0:00:00.004516,0:00:00.000084,0:00:00.000543,0:00:00.000368,0:00:00.002040,0:00:00.000169,0:00:00.004453,0:00:00.000271,0:00:00.000771,0:00:00.004835,0:00:00.001520,0:00:00.000025,0:00:00.000094,0:00:00.000142,0:00:00.004422,0:00:00.004339,0:00:00.004208,0:00:00.004383,0:00:00.005368,0:00:00.004207,0:00:00.004200,0:00:00.004221,0:00:00.004174,0:00:00.004553,0:00:00.004712,0:00:00.015081,0:00:00.004120,0:00:00.004264,0:00:00.003766,0:00:00.004210,0:00:00.004336,0:00:00.005037,0:00:00.004123,0:00:00.004056,0:00:00.004203,0:00:00.004223,0:00:00.004238,0:00:00.004165,0:00:00.004074,0:00:00.004019,0:00:00.004070,0:00:00.004034,0:00:00.004071,0:00:00.004114,0:00:00.004220,,0:00:00.194435
graph_name , nodes_count , edges_count, degree, degree cent., max neighbor degree, min neighbor degree, avg neighbor degree, std neighbor degree, eigenvector cent., closeness cent., harmonic cent., betweenness cent., coloring largest first, coloring smallest last, coloring independent set, coloring random sequential,coloring connected sequential dfs, coloring connected sequential bfs, edges within egonet, node clique number, number of cliques, clustering coef., square clustering coef., page rank, hubs value, triangles, core number, random,0,1,2,3,4,5,6,7,8,9,10,11,12,13,14,15,16,17,18,19,20,21,22,23,24,25,26,27,28,29,30, Total Time 
151,35,32,0:00:00.000001,0:00:00.000033,0:00:00.000066,0:00:00.000066,0:00:00.000066,0:00:00.000066,0:00:00.000403,0:00:00.000334,0:00:00.000454,0:00:00.001086,0:00:00.000065,0:00:00.000053,0:00:00.003119,0:00:00.000064,0:00:00.000291,0:00:00.000282,0:00:00.001891,0:00:00.000139,0:00:00.003020,0:00:00.000192,0:00:00.000374,0:00:00.003999,0:00:00.001246,0:00:00.000014,0:00:00.000070,0:00:00.000099,0:00:00.003696,0:00:00.004365,0:00:00.004141,0:00:00.004540,0:00:00.004536,0:00:00.004405,0:00:00.003657,0:00:00.004328,0:00:00.004042,0:00:00.004384,0:00:00.004302,0:00:00.007075,0:00:00.003686,0:00:00.004357,0:00:00.004306,0:00:00.004285,0:00:00.003781,0:00:00.004333,0:00:00.003774,0:00:00.004045,0:00:00.004101,0:00:00.004311,0:00:00.004257,0:00:00.004103,0:00:00.004079,0:00:00.007363,0:00:00.004957,0:00:00.004061,0:00:00.004213,0:00:00.003963,0:00:00.004164,,0:00:00.176027
graph_name , nodes_count , edges_count, degree, degree cent., max neighbor degree, min neighbor degree, avg neighbor degree, std neighbor degree, eigenvector cent., closeness cent., harmonic cent., betweenness cent., coloring largest first, coloring smallest last, coloring independent set, coloring random sequential,coloring connected sequential dfs, coloring connected sequential bfs, edges within egonet, node clique number, number of cliques, clustering coef., square clustering coef., page rank, hubs value, triangles, core number, random,0,1,2,3,4,5,6,7,8,9,10,11,12,13,14,15,16,17,18,19,20,21,22,23,24,25,26,27,28,29,30, Total Time 
152,41,40,0:00:00.000003,0:00:00.000043,0:00:00.000095,0:00:00.000095,0:00:00.000095,0:00:00.000095,0:00:00.000610,0:00:00.000555,0:00:00.000785,0:00:00.001962,0:00:00.000092,0:00:00.000078,0:00:00.005297,0:00:00.000092,0:00:00.000387,0:00:00.000384,0:00:00.002422,0:00:00.000183,0:00:00.004748,0:00:00.000292,0:00:00.000883,0:00:00.004836,0:00:00.001670,0:00:00.000029,0:00:00.000102,0:00:00.000155,0:00:00.004323,0:00:00.004340,0:00:00.004521,0:00:00.004353,0:00:00.005706,0:00:00.004342,0:00:00.004264,0:00:00.004104,0:00:00.004108,0:00:00.004704,0:00:00.004968,0:00:00.019406,0:00:00.004514,0:00:00.004275,0:00:00.004361,0:00:00.004377,0:00:00.004406,0:00:00.004360,0:00:00.004470,0:00:00.004346,0:00:00.004556,0:00:00.004183,0:00:00.004390,0:00:00.004226,0:00:00.004284,0:00:00.004132,0:00:00.004299,0:00:00.004274,0:00:00.004318,0:00:00.004226,0:00:00.004284,,0:00:00.206426
graph_name , nodes_count , edges_count, degree, degree cent., max neighbor degree, min neighbor degree, avg neighbor degree, std neighbor degree, eigenvector cent., closeness cent., harmonic cent., betweenness cent., coloring largest first, coloring smallest last, coloring independent set, coloring random sequential,coloring connected sequential dfs, coloring connected sequential bfs, edges within egonet, node clique number, number of cliques, clustering coef., square clustering coef., page rank, hubs value, triangles, core number, random,0,1,2,3,4,5,6,7,8,9,10,11,12,13,14,15,16,17,18,19,20,21,22,23,24,25,26,27,28,29,30, Total Time 
153,33,30,0:00:00.000002,0:00:00.000038,0:00:00.000081,0:00:00.000081,0:00:00.000081,0:00:00.000081,0:00:00.000530,0:00:00.000389,0:00:00.000505,0:00:00.001191,0:00:00.000077,0:00:00.000065,0:00:00.003526,0:00:00.000075,0:00:00.000352,0:00:00.000343,0:00:00.001869,0:00:00.000150,0:00:00.003242,0:00:00.000235,0:00:00.000422,0:00:00.005165,0:00:00.001575,0:00:00.000020,0:00:00.000086,0:00:00.000119,0:00:00.004383,0:00:00.004670,0:00:00.004261,0:00:00.004321,0:00:00.004490,0:00:00.003758,0:00:00.004238,0:00:00.004287,0:00:00.004200,0:00:00.004496,0:00:00.004364,0:00:00.006805,0:00:00.004360,0:00:00.004449,0:00:00.004208,0:00:00.004304,0:00:00.004328,0:00:00.004171,0:00:00.004181,0:00:00.004245,0:00:00.004119,0:00:00.004215,0:00:00.004138,0:00:00.004190,0:00:00.004227,0:00:00.004194,0:00:00.004102,0:00:00.004145,0:00:00.004072,0:00:00.004119,0:00:00.004101,,0:00:00.182593
graph_name , nodes_count , edges_count, degree, degree cent., max neighbor degree, min neighbor degree, avg neighbor degree, std neighbor degree, eigenvector cent., closeness cent., harmonic cent., betweenness cent., coloring largest first, coloring smallest last, coloring independent set, coloring random sequential,coloring connected sequential dfs, coloring connected sequential bfs, edges within egonet, node clique number, number of cliques, clustering coef., square clustering coef., page rank, hubs value, triangles, core number, random,0,1,2,3,4,5,6,7,8,9,10,11,12,13,14,15,16,17,18,19,20,21,22,23,24,25,26,27,28,29,30, Total Time 
154,37,33,0:00:00.000003,0:00:00.000037,0:00:00.000086,0:00:00.000086,0:00:00.000086,0:00:00.000086,0:00:00.000531,0:00:00.000408,0:00:00.000576,0:00:00.001364,0:00:00.000082,0:00:00.000070,0:00:00.004253,0:00:00.000083,0:00:00.000371,0:00:00.000356,0:00:00.001800,0:00:00.000162,0:00:00.004062,0:00:00.000247,0:00:00.000505,0:00:00.004734,0:00:00.001512,0:00:00.000022,0:00:00.000086,0:00:00.000120,0:00:00.004294,0:00:00.003726,0:00:00.003661,0:00:00.003468,0:00:00.004357,0:00:00.003505,0:00:00.004176,0:00:00.004105,0:00:00.004047,0:00:00.003655,0:00:00.004411,0:00:00.006480,0:00:00.004266,0:00:00.003573,0:00:00.004165,0:00:00.003613,0:00:00.004034,0:00:00.003397,0:00:00.003682,0:00:00.003350,0:00:00.004109,0:00:00.003440,0:00:00.004031,0:00:00.003412,0:00:00.004741,0:00:00.003521,0:00:00.003549,0:00:00.003501,0:00:00.004064,0:00:00.003533,0:00:00.004119,,0:00:00.167684
graph_name , nodes_count , edges_count, degree, degree cent., max neighbor degree, min neighbor degree, avg neighbor degree, std neighbor degree, eigenvector cent., closeness cent., harmonic cent., betweenness cent., coloring largest first, coloring smallest last, coloring independent set, coloring random sequential,coloring connected sequential dfs, coloring connected sequential bfs, edges within egonet, node clique number, number of cliques, clustering coef., square clustering coef., page rank, hubs value, triangles, core number, random,0,1,2,3,4,5,6,7,8,9,10,11,12,13,14,15,16,17,18,19,20,21,22,23,24,25,26,27,28,29,30, Total Time 
155,38,35,0:00:00.000001,0:00:00.000028,0:00:00.000042,0:00:00.000042,0:00:00.000042,0:00:00.000042,0:00:00.000344,0:00:00.000325,0:00:00.000337,0:00:00.000671,0:00:00.000040,0:00:00.000034,0:00:00.002141,0:00:00.000041,0:00:00.000189,0:00:00.000179,0:00:00.000981,0:00:00.000083,0:00:00.001990,0:00:00.000125,0:00:00.000288,0:00:00.002394,0:00:00.000766,0:00:00.000007,0:00:00.000043,0:00:00.000060,0:00:00.002624,0:00:00.003468,0:00:00.003408,0:00:00.003478,0:00:00.003915,0:00:00.002612,0:00:00.003322,0:00:00.003406,0:00:00.003403,0:00:00.003720,0:00:00.003669,0:00:00.008134,0:00:00.003491,0:00:00.003556,0:00:00.003445,0:00:00.003489,0:00:00.003480,0:00:00.003523,0:00:00.002584,0:00:00.003424,0:00:00.003344,0:00:00.003492,0:00:00.003320,0:00:00.003356,0:00:00.003446,0:00:00.003398,0:00:00.003423,0:00:00.002531,0:00:00.003250,0:00:00.003346,0:00:00.003393,,0:00:00.133297
graph_name , nodes_count , edges_count, degree, degree cent., max neighbor degree, min neighbor degree, avg neighbor degree, std neighbor degree, eigenvector cent., closeness cent., harmonic cent., betweenness cent., coloring largest first, coloring smallest last, coloring independent set, coloring random sequential,coloring connected sequential dfs, coloring connected sequential bfs, edges within egonet, node clique number, number of cliques, clustering coef., square clustering coef., page rank, hubs value, triangles, core number, random,0,1,2,3,4,5,6,7,8,9,10,11,12,13,14,15,16,17,18,19,20,21,22,23,24,25,26,27,28,29,30, Total Time 
156,37,35,0:00:00.000002,0:00:00.000038,0:00:00.000085,0:00:00.000085,0:00:00.000085,0:00:00.000085,0:00:00.000530,0:00:00.000409,0:00:00.000562,0:00:00.001337,0:00:00.000082,0:00:00.000070,0:00:00.004170,0:00:00.000082,0:00:00.000367,0:00:00.000349,0:00:00.001839,0:00:00.000160,0:00:00.003920,0:00:00.000251,0:00:00.000607,0:00:00.004725,0:00:00.001486,0:00:00.000022,0:00:00.000085,0:00:00.000130,0:00:00.003173,0:00:00.003739,0:00:00.004084,0:00:00.003588,0:00:00.004804,0:00:00.003611,0:00:00.004105,0:00:00.003557,0:00:00.004011,0:00:00.003744,0:00:00.004421,0:00:00.007982,0:00:00.004176,0:00:00.003471,0:00:00.003986,0:00:00.003415,0:00:00.003990,0:00:00.003417,0:00:00.003513,0:00:00.003653,0:00:00.004150,0:00:00.003488,0:00:00.004221,0:00:00.003624,0:00:00.004241,0:00:00.003507,0:00:00.003970,0:00:00.003357,0:00:00.004068,0:00:00.003477,0:00:00.004102,,0:00:00.171077
graph_name , nodes_count , edges_count, degree, degree cent., max neighbor degree, min neighbor degree, avg neighbor degree, std neighbor degree, eigenvector cent., closeness cent., harmonic cent., betweenness cent., coloring largest first, coloring smallest last, coloring independent set, coloring random sequential,coloring connected sequential dfs, coloring connected sequential bfs, edges within egonet, node clique number, number of cliques, clustering coef., square clustering coef., page rank, hubs value, triangles, core number, random,0,1,2,3,4,5,6,7,8,9,10,11,12,13,14,15,16,17,18,19,20,21,22,23,24,25,26,27,28,29,30, Total Time 
157,40,36,0:00:00.000001,0:00:00.000030,0:00:00.000044,0:00:00.000044,0:00:00.000044,0:00:00.000044,0:00:00.000358,0:00:00.000355,0:00:00.000314,0:00:00.000726,0:00:00.000042,0:00:00.000036,0:00:00.002391,0:00:00.000043,0:00:00.000196,0:00:00.000204,0:00:00.001041,0:00:00.000090,0:00:00.002232,0:00:00.000130,0:00:00.000301,0:00:00.002421,0:00:00.000788,0:00:00.000015,0:00:00.000046,0:00:00.000069,0:00:00.002952,0:00:00.003600,0:00:00.003583,0:00:00.003690,0:00:00.004112,0:00:00.004054,0:00:00.003692,0:00:00.004160,0:00:00.003702,0:00:00.003799,0:00:00.003852,0:00:00.011023,0:00:00.003610,0:00:00.003615,0:00:00.003482,0:00:00.004045,0:00:00.003535,0:00:00.004102,0:00:00.003489,0:00:00.004151,0:00:00.003546,0:00:00.004053,0:00:00.003539,0:00:00.004169,0:00:00.003505,0:00:00.004040,0:00:00.003490,0:00:00.003824,0:00:00.003420,0:00:00.003815,0:00:00.003500,,0:00:00.149186
graph_name , nodes_count , edges_count, degree, degree cent., max neighbor degree, min neighbor degree, avg neighbor degree, std neighbor degree, eigenvector cent., closeness cent., harmonic cent., betweenness cent., coloring largest first, coloring smallest last, coloring independent set, coloring random sequential,coloring connected sequential dfs, coloring connected sequential bfs, edges within egonet, node clique number, number of cliques, clustering coef., square clustering coef., page rank, hubs value, triangles, core number, random,0,1,2,3,4,5,6,7,8,9,10,11,12,13,14,15,16,17,18,19,20,21,22,23,24,25,26,27,28,29,30, Total Time 
158,41,38,0:00:00.000002,0:00:00.000025,0:00:00.000071,0:00:00.000071,0:00:00.000071,0:00:00.000071,0:00:00.000495,0:00:00.000386,0:00:00.000550,0:00:00.001322,0:00:00.000069,0:00:00.000059,0:00:00.003890,0:00:00.000067,0:00:00.000301,0:00:00.000287,0:00:00.001677,0:00:00.000130,0:00:00.003593,0:00:00.000214,0:00:00.000591,0:00:00.003725,0:00:00.001134,0:00:00.000017,0:00:00.000072,0:00:00.000113,0:00:00.004135,0:00:00.002889,0:00:00.004093,0:00:00.003641,0:00:00.005359,0:00:00.003574,0:00:00.004288,0:00:00.003505,0:00:00.004154,0:00:00.003730,0:00:00.004478,0:00:00.013852,0:00:00.004238,0:00:00.003516,0:00:00.003657,0:00:00.003612,0:00:00.004021,0:00:00.003574,0:00:00.004071,0:00:00.003500,0:00:00.004082,0:00:00.004174,0:00:00.003457,0:00:00.004115,0:00:00.003649,0:00:00.004229,0:00:00.003521,0:00:00.004161,0:00:00.003566,0:00:00.004060,0:00:00.003530,,0:00:00.171040
graph_name , nodes_count , edges_count, degree, degree cent., max neighbor degree, min neighbor degree, avg neighbor degree, std neighbor degree, eigenvector cent., closeness cent., harmonic cent., betweenness cent., coloring largest first, coloring smallest last, coloring independent set, coloring random sequential,coloring connected sequential dfs, coloring connected sequential bfs, edges within egonet, node clique number, number of cliques, clustering coef., square clustering coef., page rank, hubs value, triangles, core number, random,0,1,2,3,4,5,6,7,8,9,10,11,12,13,14,15,16,17,18,19,20,21,22,23,24,25,26,27,28,29,30, Total Time 
159,37,36,0:00:00.000002,0:00:00.000039,0:00:00.000086,0:00:00.000086,0:00:00.000086,0:00:00.000086,0:00:00.000537,0:00:00.000454,0:00:00.000627,0:00:00.001532,0:00:00.000083,0:00:00.000070,0:00:00.004048,0:00:00.000081,0:00:00.000349,0:00:00.000331,0:00:00.001975,0:00:00.000164,0:00:00.004016,0:00:00.000258,0:00:00.000647,0:00:00.004757,0:00:00.001541,0:00:00.000021,0:00:00.000091,0:00:00.000126,0:00:00.004231,0:00:00.003708,0:00:00.004227,0:00:00.003768,0:00:00.005001,0:00:00.003618,0:00:00.004385,0:00:00.003678,0:00:00.004117,0:00:00.003814,0:00:00.004546,0:00:00.010461,0:00:00.004293,0:00:00.004273,0:00:00.004244,0:00:00.004299,0:00:00.004230,0:00:00.004309,0:00:00.004546,0:00:00.004398,0:00:00.004386,0:00:00.004281,0:00:00.004433,0:00:00.004278,0:00:00.004318,0:00:00.004431,0:00:00.004287,0:00:00.004283,0:00:00.004282,0:00:00.004210,0:00:00.004266,,0:00:00.187692
graph_name , nodes_count , edges_count, degree, degree cent., max neighbor degree, min neighbor degree, avg neighbor degree, std neighbor degree, eigenvector cent., closeness cent., harmonic cent., betweenness cent., coloring largest first, coloring smallest last, coloring independent set, coloring random sequential,coloring connected sequential dfs, coloring connected sequential bfs, edges within egonet, node clique number, number of cliques, clustering coef., square clustering coef., page rank, hubs value, triangles, core number, random,0,1,2,3,4,5,6,7,8,9,10,11,12,13,14,15,16,17,18,19,20,21,22,23,24,25,26,27,28,29,30, Total Time 
160,34,31,0:00:00.000002,0:00:00.000039,0:00:00.000082,0:00:00.000082,0:00:00.000082,0:00:00.000082,0:00:00.000496,0:00:00.000373,0:00:00.000525,0:00:00.001209,0:00:00.000080,0:00:00.000067,0:00:00.003750,0:00:00.000077,0:00:00.000340,0:00:00.000325,0:00:00.001901,0:00:00.000149,0:00:00.003212,0:00:00.000232,0:00:00.000476,0:00:00.004873,0:00:00.001524,0:00:00.000020,0:00:00.000087,0:00:00.000126,0:00:00.004473,0:00:00.004420,0:00:00.004573,0:00:00.004406,0:00:00.004870,0:00:00.006419,0:00:00.004633,0:00:00.004334,0:00:00.004292,0:00:00.004473,0:00:00.004740,0:00:00.006275,0:00:00.004374,0:00:00.004235,0:00:00.004356,0:00:00.004318,0:00:00.004592,0:00:00.004245,0:00:00.004357,0:00:00.004158,0:00:00.004343,0:00:00.003800,0:00:00.004421,0:00:00.004410,0:00:00.004409,0:00:00.004329,0:00:00.004261,0:00:00.004250,0:00:00.004348,0:00:00.004161,0:00:00.004327,,0:00:00.188071
graph_name , nodes_count , edges_count, degree, degree cent., max neighbor degree, min neighbor degree, avg neighbor degree, std neighbor degree, eigenvector cent., closeness cent., harmonic cent., betweenness cent., coloring largest first, coloring smallest last, coloring independent set, coloring random sequential,coloring connected sequential dfs, coloring connected sequential bfs, edges within egonet, node clique number, number of cliques, clustering coef., square clustering coef., page rank, hubs value, triangles, core number, random,0,1,2,3,4,5,6,7,8,9,10,11,12,13,14,15,16,17,18,19,20,21,22,23,24,25,26,27,28,29,30, Total Time 
161,39,37,0:00:00.000002,0:00:00.000031,0:00:00.000088,0:00:00.000088,0:00:00.000088,0:00:00.000088,0:00:00.000568,0:00:00.000452,0:00:00.000638,0:00:00.001520,0:00:00.000083,0:00:00.000073,0:00:00.004596,0:00:00.000082,0:00:00.000387,0:00:00.000498,0:00:00.002048,0:00:00.000166,0:00:00.004316,0:00:00.000266,0:00:00.000727,0:00:00.004879,0:00:00.001488,0:00:00.000024,0:00:00.000090,0:00:00.000135,0:00:00.004418,0:00:00.050669,0:00:00.003622,0:00:00.003816,0:00:00.005392,0:00:00.004409,0:00:00.004361,0:00:00.004402,0:00:00.004248,0:00:00.004603,0:00:00.004718,0:00:00.014582,0:00:00.004229,0:00:00.004615,0:00:00.004365,0:00:00.003802,0:00:00.004359,0:00:00.004305,0:00:00.004372,0:00:00.004260,0:00:00.004428,0:00:00.004328,0:00:00.004310,0:00:00.004222,0:00:00.004247,0:00:00.004258,0:00:00.004208,0:00:00.004211,0:00:00.004320,0:00:00.004321,0:00:00.004306,,0:00:00.243842
graph_name , nodes_count , edges_count, degree, degree cent., max neighbor degree, min neighbor degree, avg neighbor degree, std neighbor degree, eigenvector cent., closeness cent., harmonic cent., betweenness cent., coloring largest first, coloring smallest last, coloring independent set, coloring random sequential,coloring connected sequential dfs, coloring connected sequential bfs, edges within egonet, node clique number, number of cliques, clustering coef., square clustering coef., page rank, hubs value, triangles, core number, random,0,1,2,3,4,5,6,7,8,9,10,11,12,13,14,15,16,17,18,19,20,21,22,23,24,25,26,27,28,29,30, Total Time 
162,36,36,0:00:00.000002,0:00:00.000041,0:00:00.000087,0:00:00.000087,0:00:00.000087,0:00:00.000087,0:00:00.000545,0:00:00.000444,0:00:00.000603,0:00:00.001444,0:00:00.000085,0:00:00.000070,0:00:00.004059,0:00:00.000083,0:00:00.000368,0:00:00.000342,0:00:00.002104,0:00:00.000168,0:00:00.003831,0:00:00.000261,0:00:00.000681,0:00:00.004858,0:00:00.001557,0:00:00.000023,0:00:00.000092,0:00:00.000140,0:00:00.004564,0:00:00.004561,0:00:00.004363,0:00:00.004503,0:00:00.005173,0:00:00.004408,0:00:00.004403,0:00:00.004350,0:00:00.004226,0:00:00.004657,0:00:00.004587,0:00:00.010946,0:00:00.004188,0:00:00.004358,0:00:00.004164,0:00:00.004302,0:00:00.004409,0:00:00.004336,0:00:00.004393,0:00:00.004320,0:00:00.004417,0:00:00.004365,0:00:00.004219,0:00:00.004246,0:00:00.004239,0:00:00.004192,0:00:00.004241,0:00:00.004195,0:00:00.004322,0:00:00.004207,0:00:00.004321,,0:00:00.192885
graph_name , nodes_count , edges_count, degree, degree cent., max neighbor degree, min neighbor degree, avg neighbor degree, std neighbor degree, eigenvector cent., closeness cent., harmonic cent., betweenness cent., coloring largest first, coloring smallest last, coloring independent set, coloring random sequential,coloring connected sequential dfs, coloring connected sequential bfs, edges within egonet, node clique number, number of cliques, clustering coef., square clustering coef., page rank, hubs value, triangles, core number, random,0,1,2,3,4,5,6,7,8,9,10,11,12,13,14,15,16,17,18,19,20,21,22,23,24,25,26,27,28,29,30, Total Time 
163,38,37,0:00:00.000002,0:00:00.000042,0:00:00.000090,0:00:00.000090,0:00:00.000090,0:00:00.000090,0:00:00.000586,0:00:00.000489,0:00:00.000698,0:00:00.001672,0:00:00.000088,0:00:00.000075,0:00:00.004711,0:00:00.000088,0:00:00.000388,0:00:00.000365,0:00:00.002157,0:00:00.000170,0:00:00.004363,0:00:00.000269,0:00:00.000708,0:00:00.004947,0:00:00.001577,0:00:00.000026,0:00:00.000096,0:00:00.000139,0:00:00.004440,0:00:00.004578,0:00:00.004324,0:00:00.004819,0:00:00.005223,0:00:00.004470,0:00:00.004383,0:00:00.004221,0:00:00.004475,0:00:00.004569,0:00:00.004841,0:00:00.012561,0:00:00.004451,0:00:00.004363,0:00:00.004384,0:00:00.004407,0:00:00.004433,0:00:00.004400,0:00:00.004363,0:00:00.004434,0:00:00.004490,0:00:00.004329,0:00:00.004254,0:00:00.004253,0:00:00.004271,0:00:00.004264,0:00:00.004213,0:00:00.004303,0:00:00.004297,0:00:00.004412,0:00:00.004292,,0:00:00.197826
graph_name , nodes_count , edges_count, degree, degree cent., max neighbor degree, min neighbor degree, avg neighbor degree, std neighbor degree, eigenvector cent., closeness cent., harmonic cent., betweenness cent., coloring largest first, coloring smallest last, coloring independent set, coloring random sequential,coloring connected sequential dfs, coloring connected sequential bfs, edges within egonet, node clique number, number of cliques, clustering coef., square clustering coef., page rank, hubs value, triangles, core number, random,0,1,2,3,4,5,6,7,8,9,10,11,12,13,14,15,16,17,18,19,20,21,22,23,24,25,26,27,28,29,30, Total Time 
164,37,36,0:00:00.000001,0:00:00.000018,0:00:00.000040,0:00:00.000040,0:00:00.000040,0:00:00.000040,0:00:00.000333,0:00:00.000275,0:00:00.000379,0:00:00.000693,0:00:00.000038,0:00:00.000032,0:00:00.001848,0:00:00.000037,0:00:00.000164,0:00:00.000153,0:00:00.000992,0:00:00.000074,0:00:00.001756,0:00:00.000120,0:00:00.000320,0:00:00.002265,0:00:00.000679,0:00:00.000012,0:00:00.000042,0:00:00.000063,0:00:00.004445,0:00:00.003769,0:00:00.002704,0:00:00.003493,0:00:00.004457,0:00:00.003628,0:00:00.003850,0:00:00.003584,0:00:00.003507,0:00:00.003784,0:00:00.003818,0:00:00.009713,0:00:00.003462,0:00:00.003527,0:00:00.003416,0:00:00.002660,0:00:00.003453,0:00:00.003531,0:00:00.003551,0:00:00.003494,0:00:00.003530,0:00:00.003483,0:00:00.003537,0:00:00.003388,0:00:00.003526,0:00:00.003466,0:00:00.003434,0:00:00.003473,0:00:00.003391,0:00:00.003358,0:00:00.003435,,0:00:00.140046
graph_name , nodes_count , edges_count, degree, degree cent., max neighbor degree, min neighbor degree, avg neighbor degree, std neighbor degree, eigenvector cent., closeness cent., harmonic cent., betweenness cent., coloring largest first, coloring smallest last, coloring independent set, coloring random sequential,coloring connected sequential dfs, coloring connected sequential bfs, edges within egonet, node clique number, number of cliques, clustering coef., square clustering coef., page rank, hubs value, triangles, core number, random,0,1,2,3,4,5,6,7,8,9,10,11,12,13,14,15,16,17,18,19,20,21,22,23,24,25,26,27,28,29,30, Total Time 
165,40,36,0:00:00.000002,0:00:00.000034,0:00:00.000072,0:00:00.000072,0:00:00.000072,0:00:00.000072,0:00:00.000517,0:00:00.000362,0:00:00.000512,0:00:00.001250,0:00:00.000068,0:00:00.000059,0:00:00.003721,0:00:00.000067,0:00:00.000298,0:00:00.000280,0:00:00.001639,0:00:00.000134,0:00:00.003441,0:00:00.000206,0:00:00.000526,0:00:00.003621,0:00:00.001216,0:00:00.000017,0:00:00.000071,0:00:00.000111,0:00:00.003497,0:00:00.003604,0:00:00.003405,0:00:00.003586,0:00:00.004169,0:00:00.003526,0:00:00.003495,0:00:00.003519,0:00:00.003430,0:00:00.003633,0:00:00.003590,0:00:00.010946,0:00:00.003625,0:00:00.003459,0:00:00.003452,0:00:00.003342,0:00:00.002634,0:00:00.003320,0:00:00.003461,0:00:00.003381,0:00:00.003498,0:00:00.003452,0:00:00.003497,0:00:00.003390,0:00:00.003467,0:00:00.003415,0:00:00.003422,0:00:00.003385,0:00:00.003349,0:00:00.003431,0:00:00.003421,,0:00:00.154536
graph_name , nodes_count , edges_count, degree, degree cent., max neighbor degree, min neighbor degree, avg neighbor degree, std neighbor degree, eigenvector cent., closeness cent., harmonic cent., betweenness cent., coloring largest first, coloring smallest last, coloring independent set, coloring random sequential,coloring connected sequential dfs, coloring connected sequential bfs, edges within egonet, node clique number, number of cliques, clustering coef., square clustering coef., page rank, hubs value, triangles, core number, random,0,1,2,3,4,5,6,7,8,9,10,11,12,13,14,15,16,17,18,19,20,21,22,23,24,25,26,27,28,29,30, Total Time 
166,39,36,0:00:00.000001,0:00:00.000029,0:00:00.000042,0:00:00.000042,0:00:00.000042,0:00:00.000042,0:00:00.000344,0:00:00.000311,0:00:00.000326,0:00:00.000781,0:00:00.000041,0:00:00.000034,0:00:00.002096,0:00:00.000040,0:00:00.000178,0:00:00.000236,0:00:00.001011,0:00:00.000085,0:00:00.002097,0:00:00.000126,0:00:00.000305,0:00:00.002304,0:00:00.000754,0:00:00.000011,0:00:00.000044,0:00:00.000066,0:00:00.003536,0:00:00.003636,0:00:00.003542,0:00:00.003449,0:00:00.004008,0:00:00.003474,0:00:00.003446,0:00:00.003379,0:00:00.003306,0:00:00.003558,0:00:00.003662,0:00:00.008809,0:00:00.003414,0:00:00.003434,0:00:00.003449,0:00:00.003449,0:00:00.003396,0:00:00.003379,0:00:00.003417,0:00:00.003524,0:00:00.003486,0:00:00.003422,0:00:00.003488,0:00:00.003438,0:00:00.003465,0:00:00.003386,0:00:00.003342,0:00:00.003410,0:00:00.003389,0:00:00.003475,0:00:00.003485,,0:00:00.138285
graph_name , nodes_count , edges_count, degree, degree cent., max neighbor degree, min neighbor degree, avg neighbor degree, std neighbor degree, eigenvector cent., closeness cent., harmonic cent., betweenness cent., coloring largest first, coloring smallest last, coloring independent set, coloring random sequential,coloring connected sequential dfs, coloring connected sequential bfs, edges within egonet, node clique number, number of cliques, clustering coef., square clustering coef., page rank, hubs value, triangles, core number, random,0,1,2,3,4,5,6,7,8,9,10,11,12,13,14,15,16,17,18,19,20,21,22,23,24,25,26,27,28,29,30, Total Time 
167,40,36,0:00:00.000002,0:00:00.000035,0:00:00.000071,0:00:00.000071,0:00:00.000071,0:00:00.000071,0:00:00.000452,0:00:00.000367,0:00:00.000504,0:00:00.001208,0:00:00.000071,0:00:00.000061,0:00:00.003974,0:00:00.000070,0:00:00.000324,0:00:00.000287,0:00:00.001670,0:00:00.000137,0:00:00.003554,0:00:00.000212,0:00:00.000514,0:00:00.003847,0:00:00.001219,0:00:00.000020,0:00:00.000073,0:00:00.000107,0:00:00.003525,0:00:00.003534,0:00:00.003536,0:00:00.003531,0:00:00.004100,0:00:00.003487,0:00:00.003468,0:00:00.003491,0:00:00.003459,0:00:00.003629,0:00:00.003730,0:00:00.008895,0:00:00.004334,0:00:00.003484,0:00:00.004043,0:00:00.003540,0:00:00.004021,0:00:00.003558,0:00:00.004045,0:00:00.003501,0:00:00.004160,0:00:00.003514,0:00:00.004077,0:00:00.003507,0:00:00.003555,0:00:00.003474,0:00:00.004186,0:00:00.003544,0:00:00.004092,0:00:00.003520,0:00:00.003975,,0:00:00.162008
graph_name , nodes_count , edges_count, degree, degree cent., max neighbor degree, min neighbor degree, avg neighbor degree, std neighbor degree, eigenvector cent., closeness cent., harmonic cent., betweenness cent., coloring largest first, coloring smallest last, coloring independent set, coloring random sequential,coloring connected sequential dfs, coloring connected sequential bfs, edges within egonet, node clique number, number of cliques, clustering coef., square clustering coef., page rank, hubs value, triangles, core number, random,0,1,2,3,4,5,6,7,8,9,10,11,12,13,14,15,16,17,18,19,20,21,22,23,24,25,26,27,28,29,30, Total Time 
168,38,37,0:00:00.000001,0:00:00.000031,0:00:00.000042,0:00:00.000042,0:00:00.000042,0:00:00.000042,0:00:00.000343,0:00:00.000278,0:00:00.000301,0:00:00.000731,0:00:00.000040,0:00:00.000033,0:00:00.002092,0:00:00.000081,0:00:00.000174,0:00:00.000159,0:00:00.001055,0:00:00.000082,0:00:00.001944,0:00:00.000125,0:00:00.000327,0:00:00.002224,0:00:00.000751,0:00:00.000013,0:00:00.000045,0:00:00.000067,0:00:00.003640,0:00:00.004189,0:00:00.003496,0:00:00.004205,0:00:00.004230,0:00:00.004070,0:00:00.003571,0:00:00.004075,0:00:00.003482,0:00:00.004419,0:00:00.003735,0:00:00.011998,0:00:00.003447,0:00:00.004156,0:00:00.003457,0:00:00.004055,0:00:00.003516,0:00:00.004111,0:00:00.003481,0:00:00.003962,0:00:00.003403,0:00:00.003534,0:00:00.003334,0:00:00.003603,0:00:00.003482,0:00:00.004054,0:00:00.003535,0:00:00.003986,0:00:00.003461,0:00:00.004000,0:00:00.003444,,0:00:00.149960
graph_name , nodes_count , edges_count, degree, degree cent., max neighbor degree, min neighbor degree, avg neighbor degree, std neighbor degree, eigenvector cent., closeness cent., harmonic cent., betweenness cent., coloring largest first, coloring smallest last, coloring independent set, coloring random sequential,coloring connected sequential dfs, coloring connected sequential bfs, edges within egonet, node clique number, number of cliques, clustering coef., square clustering coef., page rank, hubs value, triangles, core number, random,0,1,2,3,4,5,6,7,8,9,10,11,12,13,14,15,16,17,18,19,20,21,22,23,24,25,26,27,28,29,30, Total Time 
169,38,36,0:00:00.000002,0:00:00.000038,0:00:00.000088,0:00:00.000088,0:00:00.000088,0:00:00.000088,0:00:00.000586,0:00:00.000435,0:00:00.000610,0:00:00.001427,0:00:00.000083,0:00:00.000072,0:00:00.004184,0:00:00.000081,0:00:00.000377,0:00:00.000518,0:00:00.001941,0:00:00.000169,0:00:00.004091,0:00:00.000264,0:00:00.000697,0:00:00.004753,0:00:00.001498,0:00:00.000021,0:00:00.000119,0:00:00.000127,0:00:00.003610,0:00:00.003634,0:00:00.004115,0:00:00.003608,0:00:00.005150,0:00:00.003677,0:00:00.004249,0:00:00.003599,0:00:00.004010,0:00:00.003862,0:00:00.004583,0:00:00.010357,0:00:00.004226,0:00:00.003502,0:00:00.004163,0:00:00.003473,0:00:00.004240,0:00:00.003510,0:00:00.004019,0:00:00.003549,0:00:00.004096,0:00:00.003556,0:00:00.004187,0:00:00.003460,0:00:00.004002,0:00:00.003422,0:00:00.004047,0:00:00.003449,0:00:00.003872,0:00:00.003453,0:00:00.004167,,0:00:00.176415
graph_name , nodes_count , edges_count, degree, degree cent., max neighbor degree, min neighbor degree, avg neighbor degree, std neighbor degree, eigenvector cent., closeness cent., harmonic cent., betweenness cent., coloring largest first, coloring smallest last, coloring independent set, coloring random sequential,coloring connected sequential dfs, coloring connected sequential bfs, edges within egonet, node clique number, number of cliques, clustering coef., square clustering coef., page rank, hubs value, triangles, core number, random,0,1,2,3,4,5,6,7,8,9,10,11,12,13,14,15,16,17,18,19,20,21,22,23,24,25,26,27,28,29,30, Total Time 
170,38,34,0:00:00.000002,0:00:00.000033,0:00:00.000068,0:00:00.000068,0:00:00.000068,0:00:00.000068,0:00:00.000424,0:00:00.000342,0:00:00.000462,0:00:00.001085,0:00:00.000065,0:00:00.000056,0:00:00.003527,0:00:00.000065,0:00:00.000296,0:00:00.000277,0:00:00.001525,0:00:00.000123,0:00:00.002996,0:00:00.000195,0:00:00.000428,0:00:00.003659,0:00:00.001156,0:00:00.000015,0:00:00.000069,0:00:00.000097,0:00:00.003653,0:00:00.004201,0:00:00.003658,0:00:00.004251,0:00:00.004140,0:00:00.004206,0:00:00.003607,0:00:00.003589,0:00:00.003521,0:00:00.003664,0:00:00.002782,0:00:00.008916,0:00:00.003685,0:00:00.004278,0:00:00.003584,0:00:00.004318,0:00:00.003582,0:00:00.004305,0:00:00.003636,0:00:00.004296,0:00:00.003691,0:00:00.004198,0:00:00.003580,0:00:00.003508,0:00:00.003528,0:00:00.003520,0:00:00.002737,0:00:00.004118,0:00:00.003502,0:00:00.004079,0:00:00.003451,,0:00:00.160607
graph_name , nodes_count , edges_count, degree, degree cent., max neighbor degree, min neighbor degree, avg neighbor degree, std neighbor degree, eigenvector cent., closeness cent., harmonic cent., betweenness cent., coloring largest first, coloring smallest last, coloring independent set, coloring random sequential,coloring connected sequential dfs, coloring connected sequential bfs, edges within egonet, node clique number, number of cliques, clustering coef., square clustering coef., page rank, hubs value, triangles, core number, random,0,1,2,3,4,5,6,7,8,9,10,11,12,13,14,15,16,17,18,19,20,21,22,23,24,25,26,27,28,29,30, Total Time 
171,39,36,0:00:00.000002,0:00:00.000041,0:00:00.000095,0:00:00.000095,0:00:00.000095,0:00:00.000095,0:00:00.000574,0:00:00.000444,0:00:00.000634,0:00:00.001563,0:00:00.000087,0:00:00.000077,0:00:00.004668,0:00:00.000087,0:00:00.000387,0:00:00.000372,0:00:00.002025,0:00:00.000164,0:00:00.004158,0:00:00.000271,0:00:00.000677,0:00:00.004919,0:00:00.001551,0:00:00.000021,0:00:00.000090,0:00:00.000132,0:00:00.004290,0:00:00.003717,0:00:00.004179,0:00:00.003645,0:00:00.004976,0:00:00.003472,0:00:00.004115,0:00:00.003480,0:00:00.004048,0:00:00.003740,0:00:00.003843,0:00:00.009794,0:00:00.004292,0:00:00.003626,0:00:00.004199,0:00:00.003573,0:00:00.004321,0:00:00.003658,0:00:00.004232,0:00:00.003577,0:00:00.004102,0:00:00.003494,0:00:00.004077,0:00:00.003572,0:00:00.004250,0:00:00.003464,0:00:00.004280,0:00:00.003571,0:00:00.004083,0:00:00.003487,0:00:00.004226,,0:00:00.179335
graph_name , nodes_count , edges_count, degree, degree cent., max neighbor degree, min neighbor degree, avg neighbor degree, std neighbor degree, eigenvector cent., closeness cent., harmonic cent., betweenness cent., coloring largest first, coloring smallest last, coloring independent set, coloring random sequential,coloring connected sequential dfs, coloring connected sequential bfs, edges within egonet, node clique number, number of cliques, clustering coef., square clustering coef., page rank, hubs value, triangles, core number, random,0,1,2,3,4,5,6,7,8,9,10,11,12,13,14,15,16,17,18,19,20,21,22,23,24,25,26,27,28,29,30, Total Time 
172,40,37,0:00:00.000002,0:00:00.000032,0:00:00.000098,0:00:00.000098,0:00:00.000098,0:00:00.000098,0:00:00.000576,0:00:00.000539,0:00:00.000731,0:00:00.001767,0:00:00.000088,0:00:00.000075,0:00:00.004867,0:00:00.000100,0:00:00.000379,0:00:00.000352,0:00:00.002347,0:00:00.000164,0:00:00.004379,0:00:00.000269,0:00:00.000692,0:00:00.004794,0:00:00.001501,0:00:00.000025,0:00:00.000097,0:00:00.000152,0:00:00.003706,0:00:00.004400,0:00:00.003989,0:00:00.004323,0:00:00.004495,0:00:00.004293,0:00:00.003593,0:00:00.004311,0:00:00.003561,0:00:00.005650,0:00:00.003887,0:00:00.012321,0:00:00.003708,0:00:00.004376,0:00:00.003684,0:00:00.004371,0:00:00.003781,0:00:00.004256,0:00:00.003592,0:00:00.004233,0:00:00.003568,0:00:00.004313,0:00:00.003669,0:00:00.004213,0:00:00.003608,0:00:00.004159,0:00:00.003528,0:00:00.004327,0:00:00.003548,0:00:00.003440,0:00:00.004259,,0:00:00.186471
graph_name , nodes_count , edges_count, degree, degree cent., max neighbor degree, min neighbor degree, avg neighbor degree, std neighbor degree, eigenvector cent., closeness cent., harmonic cent., betweenness cent., coloring largest first, coloring smallest last, coloring independent set, coloring random sequential,coloring connected sequential dfs, coloring connected sequential bfs, edges within egonet, node clique number, number of cliques, clustering coef., square clustering coef., page rank, hubs value, triangles, core number, random,0,1,2,3,4,5,6,7,8,9,10,11,12,13,14,15,16,17,18,19,20,21,22,23,24,25,26,27,28,29,30, Total Time 
173,38,35,0:00:00.000001,0:00:00.000029,0:00:00.000041,0:00:00.000041,0:00:00.000041,0:00:00.000041,0:00:00.000369,0:00:00.000295,0:00:00.000414,0:00:00.000755,0:00:00.000041,0:00:00.000033,0:00:00.002154,0:00:00.000041,0:00:00.000172,0:00:00.000163,0:00:00.001014,0:00:00.000081,0:00:00.001913,0:00:00.000121,0:00:00.000281,0:00:00.002233,0:00:00.000780,0:00:00.000014,0:00:00.000045,0:00:00.000068,0:00:00.003715,0:00:00.003527,0:00:00.003467,0:00:00.002604,0:00:00.003992,0:00:00.003565,0:00:00.002736,0:00:00.003380,0:00:00.003417,0:00:00.003615,0:00:00.003694,0:00:00.008187,0:00:00.003530,0:00:00.003402,0:00:00.003362,0:00:00.003523,0:00:00.003456,0:00:00.003430,0:00:00.003474,0:00:00.003402,0:00:00.003434,0:00:00.003472,0:00:00.003456,0:00:00.003482,0:00:00.003447,0:00:00.003486,0:00:00.003409,0:00:00.003371,0:00:00.003431,0:00:00.003398,0:00:00.003516,,0:00:00.136623
graph_name , nodes_count , edges_count, degree, degree cent., max neighbor degree, min neighbor degree, avg neighbor degree, std neighbor degree, eigenvector cent., closeness cent., harmonic cent., betweenness cent., coloring largest first, coloring smallest last, coloring independent set, coloring random sequential,coloring connected sequential dfs, coloring connected sequential bfs, edges within egonet, node clique number, number of cliques, clustering coef., square clustering coef., page rank, hubs value, triangles, core number, random,0,1,2,3,4,5,6,7,8,9,10,11,12,13,14,15,16,17,18,19,20,21,22,23,24,25,26,27,28,29,30, Total Time 
174,33,30,0:00:00.000002,0:00:00.000029,0:00:00.000059,0:00:00.000059,0:00:00.000059,0:00:00.000059,0:00:00.000531,0:00:00.000265,0:00:00.000374,0:00:00.000876,0:00:00.000058,0:00:00.000048,0:00:00.002545,0:00:00.000056,0:00:00.000251,0:00:00.000241,0:00:00.001596,0:00:00.000113,0:00:00.002343,0:00:00.000175,0:00:00.000309,0:00:00.003646,0:00:00.001166,0:00:00.000017,0:00:00.000062,0:00:00.000088,0:00:00.003430,0:00:00.003489,0:00:00.002700,0:00:00.003442,0:00:00.003725,0:00:00.003422,0:00:00.003286,0:00:00.003426,0:00:00.003328,0:00:00.003428,0:00:00.003595,0:00:00.004917,0:00:00.003373,0:00:00.003446,0:00:00.003476,0:00:00.003392,0:00:00.003320,0:00:00.003290,0:00:00.003484,0:00:00.003365,0:00:00.003470,0:00:00.003372,0:00:00.003320,0:00:00.003452,0:00:00.003446,0:00:00.003388,0:00:00.003296,0:00:00.003374,0:00:00.003353,0:00:00.003425,0:00:00.003410,,0:00:00.142578
graph_name , nodes_count , edges_count, degree, degree cent., max neighbor degree, min neighbor degree, avg neighbor degree, std neighbor degree, eigenvector cent., closeness cent., harmonic cent., betweenness cent., coloring largest first, coloring smallest last, coloring independent set, coloring random sequential,coloring connected sequential dfs, coloring connected sequential bfs, edges within egonet, node clique number, number of cliques, clustering coef., square clustering coef., page rank, hubs value, triangles, core number, random,0,1,2,3,4,5,6,7,8,9,10,11,12,13,14,15,16,17,18,19,20,21,22,23,24,25,26,27,28,29,30, Total Time 
175,32,30,0:00:00.000001,0:00:00.000028,0:00:00.000037,0:00:00.000037,0:00:00.000037,0:00:00.000037,0:00:00.000292,0:00:00.000206,0:00:00.000287,0:00:00.000579,0:00:00.000036,0:00:00.000029,0:00:00.001590,0:00:00.000036,0:00:00.000158,0:00:00.000170,0:00:00.000759,0:00:00.000070,0:00:00.001353,0:00:00.000107,0:00:00.000213,0:00:00.002346,0:00:00.000766,0:00:00.000014,0:00:00.000039,0:00:00.000055,0:00:00.003014,0:00:00.003489,0:00:00.003462,0:00:00.003503,0:00:00.003787,0:00:00.003435,0:00:00.003498,0:00:00.004101,0:00:00.003625,0:00:00.004432,0:00:00.003698,0:00:00.006965,0:00:00.003560,0:00:00.004275,0:00:00.003582,0:00:00.004278,0:00:00.003660,0:00:00.004220,0:00:00.003633,0:00:00.004077,0:00:00.003543,0:00:00.004230,0:00:00.003545,0:00:00.004248,0:00:00.003574,0:00:00.004268,0:00:00.003608,0:00:00.004245,0:00:00.003575,0:00:00.004036,0:00:00.003536,,0:00:00.143496
graph_name , nodes_count , edges_count, degree, degree cent., max neighbor degree, min neighbor degree, avg neighbor degree, std neighbor degree, eigenvector cent., closeness cent., harmonic cent., betweenness cent., coloring largest first, coloring smallest last, coloring independent set, coloring random sequential,coloring connected sequential dfs, coloring connected sequential bfs, edges within egonet, node clique number, number of cliques, clustering coef., square clustering coef., page rank, hubs value, triangles, core number, random,0,1,2,3,4,5,6,7,8,9,10,11,12,13,14,15,16,17,18,19,20,21,22,23,24,25,26,27,28,29,30, Total Time 
176,39,38,0:00:00.000002,0:00:00.000034,0:00:00.000072,0:00:00.000072,0:00:00.000072,0:00:00.000072,0:00:00.000448,0:00:00.000394,0:00:00.000560,0:00:00.001360,0:00:00.000070,0:00:00.000058,0:00:00.003732,0:00:00.000065,0:00:00.000294,0:00:00.000281,0:00:00.001832,0:00:00.000130,0:00:00.003319,0:00:00.000221,0:00:00.000613,0:00:00.003801,0:00:00.001238,0:00:00.000021,0:00:00.000078,0:00:00.000112,0:00:00.004196,0:00:00.003751,0:00:00.004077,0:00:00.003646,0:00:00.005287,0:00:00.003540,0:00:00.004240,0:00:00.003557,0:00:00.004214,0:00:00.003810,0:00:00.004805,0:00:00.012166,0:00:00.004389,0:00:00.003621,0:00:00.004233,0:00:00.003685,0:00:00.004404,0:00:00.003214,0:00:00.004283,0:00:00.003561,0:00:00.004217,0:00:00.003492,0:00:00.004238,0:00:00.003531,0:00:00.004248,0:00:00.002826,0:00:00.004194,0:00:00.003519,0:00:00.004115,0:00:00.003486,0:00:00.004017,,0:00:00.172439
graph_name , nodes_count , edges_count, degree, degree cent., max neighbor degree, min neighbor degree, avg neighbor degree, std neighbor degree, eigenvector cent., closeness cent., harmonic cent., betweenness cent., coloring largest first, coloring smallest last, coloring independent set, coloring random sequential,coloring connected sequential dfs, coloring connected sequential bfs, edges within egonet, node clique number, number of cliques, clustering coef., square clustering coef., page rank, hubs value, triangles, core number, random,0,1,2,3,4,5,6,7,8,9,10,11,12,13,14,15,16,17,18,19,20,21,22,23,24,25,26,27,28,29,30, Total Time 
177,40,37,0:00:00.000002,0:00:00.000035,0:00:00.000071,0:00:00.000071,0:00:00.000071,0:00:00.000071,0:00:00.000454,0:00:00.000377,0:00:00.000529,0:00:00.001301,0:00:00.000069,0:00:00.000060,0:00:00.003947,0:00:00.000068,0:00:00.000308,0:00:00.000330,0:00:00.001663,0:00:00.000137,0:00:00.003629,0:00:00.000217,0:00:00.000555,0:00:00.003843,0:00:00.001212,0:00:00.000020,0:00:00.000070,0:00:00.000103,0:00:00.003586,0:00:00.003788,0:00:00.003658,0:00:00.004239,0:00:00.004232,0:00:00.004224,0:00:00.003501,0:00:00.004232,0:00:00.003608,0:00:00.004344,0:00:00.003825,0:00:00.012302,0:00:00.003639,0:00:00.004051,0:00:00.003708,0:00:00.004084,0:00:00.003551,0:00:00.004271,0:00:00.003527,0:00:00.004208,0:00:00.003510,0:00:00.004111,0:00:00.003608,0:00:00.004165,0:00:00.003534,0:00:00.004014,0:00:00.003572,0:00:00.004185,0:00:00.003637,0:00:00.004095,0:00:00.003527,,0:00:00.169533
graph_name , nodes_count , edges_count, degree, degree cent., max neighbor degree, min neighbor degree, avg neighbor degree, std neighbor degree, eigenvector cent., closeness cent., harmonic cent., betweenness cent., coloring largest first, coloring smallest last, coloring independent set, coloring random sequential,coloring connected sequential dfs, coloring connected sequential bfs, edges within egonet, node clique number, number of cliques, clustering coef., square clustering coef., page rank, hubs value, triangles, core number, random,0,1,2,3,4,5,6,7,8,9,10,11,12,13,14,15,16,17,18,19,20,21,22,23,24,25,26,27,28,29,30, Total Time 
178,38,37,0:00:00.000002,0:00:00.000041,0:00:00.000092,0:00:00.000092,0:00:00.000092,0:00:00.000092,0:00:00.000560,0:00:00.000447,0:00:00.000612,0:00:00.001468,0:00:00.000087,0:00:00.000075,0:00:00.004312,0:00:00.000082,0:00:00.000390,0:00:00.000370,0:00:00.002161,0:00:00.000168,0:00:00.004245,0:00:00.000266,0:00:00.000741,0:00:00.004948,0:00:00.001551,0:00:00.000022,0:00:00.000094,0:00:00.000132,0:00:00.004406,0:00:00.003757,0:00:00.004584,0:00:00.003789,0:00:00.005560,0:00:00.003715,0:00:00.004362,0:00:00.003625,0:00:00.004297,0:00:00.003963,0:00:00.004730,0:00:00.010450,0:00:00.004764,0:00:00.003696,0:00:00.004381,0:00:00.003616,0:00:00.004454,0:00:00.003566,0:00:00.004334,0:00:00.003634,0:00:00.004368,0:00:00.003462,0:00:00.004265,0:00:00.003634,0:00:00.004348,0:00:00.003671,0:00:00.004371,0:00:00.003552,0:00:00.004218,0:00:00.003602,0:00:00.004336,,0:00:00.193087
graph_name , nodes_count , edges_count, degree, degree cent., max neighbor degree, min neighbor degree, avg neighbor degree, std neighbor degree, eigenvector cent., closeness cent., harmonic cent., betweenness cent., coloring largest first, coloring smallest last, coloring independent set, coloring random sequential,coloring connected sequential dfs, coloring connected sequential bfs, edges within egonet, node clique number, number of cliques, clustering coef., square clustering coef., page rank, hubs value, triangles, core number, random,0,1,2,3,4,5,6,7,8,9,10,11,12,13,14,15,16,17,18,19,20,21,22,23,24,25,26,27,28,29,30, Total Time 
179,39,37,0:00:00.000002,0:00:00.000035,0:00:00.000070,0:00:00.000070,0:00:00.000070,0:00:00.000070,0:00:00.000436,0:00:00.000388,0:00:00.000556,0:00:00.001343,0:00:00.000068,0:00:00.000059,0:00:00.003731,0:00:00.000066,0:00:00.000299,0:00:00.000284,0:00:00.001754,0:00:00.000142,0:00:00.003496,0:00:00.000213,0:00:00.000558,0:00:00.003865,0:00:00.001206,0:00:00.000022,0:00:00.000075,0:00:00.000110,0:00:00.005491,0:00:00.005157,0:00:00.003641,0:00:00.004384,0:00:00.004320,0:00:00.004273,0:00:00.003641,0:00:00.004093,0:00:00.003549,0:00:00.004501,0:00:00.003905,0:00:00.012403,0:00:00.003670,0:00:00.004386,0:00:00.003633,0:00:00.004313,0:00:00.003699,0:00:00.004376,0:00:00.003620,0:00:00.004264,0:00:00.003598,0:00:00.004142,0:00:00.003530,0:00:00.004297,0:00:00.003510,0:00:00.004199,0:00:00.003635,0:00:00.004137,0:00:00.003414,0:00:00.004063,0:00:00.003482,,0:00:00.174441
graph_name , nodes_count , edges_count, degree, degree cent., max neighbor degree, min neighbor degree, avg neighbor degree, std neighbor degree, eigenvector cent., closeness cent., harmonic cent., betweenness cent., coloring largest first, coloring smallest last, coloring independent set, coloring random sequential,coloring connected sequential dfs, coloring connected sequential bfs, edges within egonet, node clique number, number of cliques, clustering coef., square clustering coef., page rank, hubs value, triangles, core number, random,0,1,2,3,4,5,6,7,8,9,10,11,12,13,14,15,16,17,18,19,20,21,22,23,24,25,26,27,28,29,30, Total Time 
180,37,36,0:00:00.000002,0:00:00.000040,0:00:00.000089,0:00:00.000089,0:00:00.000089,0:00:00.000089,0:00:00.000548,0:00:00.000467,0:00:00.000675,0:00:00.001597,0:00:00.000088,0:00:00.000073,0:00:00.004236,0:00:00.000084,0:00:00.000372,0:00:00.000351,0:00:00.002106,0:00:00.000165,0:00:00.004074,0:00:00.000265,0:00:00.000689,0:00:00.005096,0:00:00.001562,0:00:00.000025,0:00:00.000094,0:00:00.000141,0:00:00.004397,0:00:00.003729,0:00:00.004264,0:00:00.003747,0:00:00.004984,0:00:00.003730,0:00:00.004250,0:00:00.003635,0:00:00.004178,0:00:00.003847,0:00:00.004624,0:00:00.008998,0:00:00.004198,0:00:00.003575,0:00:00.004394,0:00:00.003509,0:00:00.004294,0:00:00.003541,0:00:00.004198,0:00:00.003549,0:00:00.004387,0:00:00.003558,0:00:00.004311,0:00:00.003627,0:00:00.004320,0:00:00.003567,0:00:00.004204,0:00:00.003420,0:00:00.004035,0:00:00.003453,0:00:00.004218,,0:00:00.180661
graph_name , nodes_count , edges_count, degree, degree cent., max neighbor degree, min neighbor degree, avg neighbor degree, std neighbor degree, eigenvector cent., closeness cent., harmonic cent., betweenness cent., coloring largest first, coloring smallest last, coloring independent set, coloring random sequential,coloring connected sequential dfs, coloring connected sequential bfs, edges within egonet, node clique number, number of cliques, clustering coef., square clustering coef., page rank, hubs value, triangles, core number, random,0,1,2,3,4,5,6,7,8,9,10,11,12,13,14,15,16,17,18,19,20,21,22,23,24,25,26,27,28,29,30, Total Time 
181,37,34,0:00:00.000002,0:00:00.000033,0:00:00.000067,0:00:00.000067,0:00:00.000067,0:00:00.000067,0:00:00.000417,0:00:00.000302,0:00:00.000430,0:00:00.001040,0:00:00.000064,0:00:00.000054,0:00:00.003261,0:00:00.000063,0:00:00.000289,0:00:00.000267,0:00:00.001461,0:00:00.000126,0:00:00.002977,0:00:00.000196,0:00:00.000429,0:00:00.003642,0:00:00.001171,0:00:00.000017,0:00:00.000064,0:00:00.000094,0:00:00.003635,0:00:00.004167,0:00:00.003683,0:00:00.004340,0:00:00.004153,0:00:00.004333,0:00:00.003632,0:00:00.004244,0:00:00.003578,0:00:00.004485,0:00:00.003722,0:00:00.009077,0:00:00.003582,0:00:00.004277,0:00:00.003630,0:00:00.004221,0:00:00.003686,0:00:00.004317,0:00:00.003633,0:00:00.004154,0:00:00.003602,0:00:00.004291,0:00:00.003534,0:00:00.003950,0:00:00.003626,0:00:00.004168,0:00:00.003581,0:00:00.004183,0:00:00.003511,0:00:00.004152,0:00:00.003764,,0:00:00.164977
graph_name , nodes_count , edges_count, degree, degree cent., max neighbor degree, min neighbor degree, avg neighbor degree, std neighbor degree, eigenvector cent., closeness cent., harmonic cent., betweenness cent., coloring largest first, coloring smallest last, coloring independent set, coloring random sequential,coloring connected sequential dfs, coloring connected sequential bfs, edges within egonet, node clique number, number of cliques, clustering coef., square clustering coef., page rank, hubs value, triangles, core number, random,0,1,2,3,4,5,6,7,8,9,10,11,12,13,14,15,16,17,18,19,20,21,22,23,24,25,26,27,28,29,30, Total Time 
182,41,39,0:00:00.000002,0:00:00.000043,0:00:00.000095,0:00:00.000095,0:00:00.000095,0:00:00.000095,0:00:00.000597,0:00:00.000495,0:00:00.000713,0:00:00.001800,0:00:00.000089,0:00:00.000077,0:00:00.004932,0:00:00.000089,0:00:00.000868,0:00:00.000389,0:00:00.002226,0:00:00.000178,0:00:00.004777,0:00:00.000293,0:00:00.000824,0:00:00.004906,0:00:00.001560,0:00:00.000027,0:00:00.000094,0:00:00.000148,0:00:00.004320,0:00:00.003851,0:00:00.004215,0:00:00.003672,0:00:00.005626,0:00:00.003690,0:00:00.004484,0:00:00.003693,0:00:00.004195,0:00:00.003896,0:00:00.004609,0:00:00.014430,0:00:00.004414,0:00:00.003685,0:00:00.004377,0:00:00.003689,0:00:00.004421,0:00:00.003646,0:00:00.004341,0:00:00.003684,0:00:00.004416,0:00:00.003631,0:00:00.004361,0:00:00.003531,0:00:00.004310,0:00:00.003745,0:00:00.004354,0:00:00.003682,0:00:00.004406,0:00:00.003667,0:00:00.004389,,0:00:00.191596
graph_name , nodes_count , edges_count, degree, degree cent., max neighbor degree, min neighbor degree, avg neighbor degree, std neighbor degree, eigenvector cent., closeness cent., harmonic cent., betweenness cent., coloring largest first, coloring smallest last, coloring independent set, coloring random sequential,coloring connected sequential dfs, coloring connected sequential bfs, edges within egonet, node clique number, number of cliques, clustering coef., square clustering coef., page rank, hubs value, triangles, core number, random,0,1,2,3,4,5,6,7,8,9,10,11,12,13,14,15,16,17,18,19,20,21,22,23,24,25,26,27,28,29,30, Total Time 
183,39,35,0:00:00.000002,0:00:00.000040,0:00:00.000088,0:00:00.000088,0:00:00.000088,0:00:00.000088,0:00:00.000504,0:00:00.000522,0:00:00.000639,0:00:00.001485,0:00:00.000086,0:00:00.000073,0:00:00.004635,0:00:00.000083,0:00:00.000385,0:00:00.000369,0:00:00.002158,0:00:00.000167,0:00:00.004048,0:00:00.000262,0:00:00.000594,0:00:00.004735,0:00:00.001483,0:00:00.000022,0:00:00.000088,0:00:00.000130,0:00:00.004447,0:00:00.004585,0:00:00.003795,0:00:00.004623,0:00:00.004970,0:00:00.004454,0:00:00.004338,0:00:00.004382,0:00:00.004308,0:00:00.004592,0:00:00.004526,0:00:00.010039,0:00:00.003831,0:00:00.004363,0:00:00.004363,0:00:00.004206,0:00:00.004403,0:00:00.004440,0:00:00.003724,0:00:00.004503,0:00:00.004250,0:00:00.004461,0:00:00.003773,0:00:00.004438,0:00:00.003766,0:00:00.004375,0:00:00.004299,0:00:00.004279,0:00:00.004296,0:00:00.004315,0:00:00.004250,,0:00:00.190094
graph_name , nodes_count , edges_count, degree, degree cent., max neighbor degree, min neighbor degree, avg neighbor degree, std neighbor degree, eigenvector cent., closeness cent., harmonic cent., betweenness cent., coloring largest first, coloring smallest last, coloring independent set, coloring random sequential,coloring connected sequential dfs, coloring connected sequential bfs, edges within egonet, node clique number, number of cliques, clustering coef., square clustering coef., page rank, hubs value, triangles, core number, random,0,1,2,3,4,5,6,7,8,9,10,11,12,13,14,15,16,17,18,19,20,21,22,23,24,25,26,27,28,29,30, Total Time 
184,38,39,0:00:00.000002,0:00:00.000039,0:00:00.000088,0:00:00.000088,0:00:00.000088,0:00:00.000088,0:00:00.000605,0:00:00.000472,0:00:00.000666,0:00:00.001656,0:00:00.000086,0:00:00.000071,0:00:00.004500,0:00:00.000083,0:00:00.000361,0:00:00.000348,0:00:00.002222,0:00:00.000165,0:00:00.004075,0:00:00.000271,0:00:00.000854,0:00:00.004674,0:00:00.001516,0:00:00.000023,0:00:00.000095,0:00:00.000138,0:00:00.004497,0:00:00.003628,0:00:00.003688,0:00:00.003712,0:00:00.005591,0:00:00.003719,0:00:00.004268,0:00:00.003664,0:00:00.004279,0:00:00.005681,0:00:00.004881,0:00:00.016953,0:00:00.004512,0:00:00.003676,0:00:00.004192,0:00:00.003626,0:00:00.004321,0:00:00.003600,0:00:00.004076,0:00:00.003541,0:00:00.004109,0:00:00.003758,0:00:00.004161,0:00:00.003626,0:00:00.004107,0:00:00.003542,0:00:00.004162,0:00:00.003660,0:00:00.004014,0:00:00.003609,0:00:00.004202,,0:00:00.189998
graph_name , nodes_count , edges_count, degree, degree cent., max neighbor degree, min neighbor degree, avg neighbor degree, std neighbor degree, eigenvector cent., closeness cent., harmonic cent., betweenness cent., coloring largest first, coloring smallest last, coloring independent set, coloring random sequential,coloring connected sequential dfs, coloring connected sequential bfs, edges within egonet, node clique number, number of cliques, clustering coef., square clustering coef., page rank, hubs value, triangles, core number, random,0,1,2,3,4,5,6,7,8,9,10,11,12,13,14,15,16,17,18,19,20,21,22,23,24,25,26,27,28,29,30, Total Time 
185,40,38,0:00:00.000001,0:00:00.000031,0:00:00.000045,0:00:00.000045,0:00:00.000045,0:00:00.000045,0:00:00.000362,0:00:00.000299,0:00:00.000421,0:00:00.000772,0:00:00.000042,0:00:00.000035,0:00:00.002315,0:00:00.000043,0:00:00.000192,0:00:00.000254,0:00:00.001041,0:00:00.000084,0:00:00.002222,0:00:00.000132,0:00:00.000350,0:00:00.002423,0:00:00.000788,0:00:00.000009,0:00:00.000046,0:00:00.000065,0:00:00.003639,0:00:00.004359,0:00:00.003868,0:00:00.003746,0:00:00.004449,0:00:00.004364,0:00:00.003646,0:00:00.004247,0:00:00.003603,0:00:00.004720,0:00:00.003915,0:00:00.014006,0:00:00.003661,0:00:00.004252,0:00:00.003645,0:00:00.004093,0:00:00.003704,0:00:00.004122,0:00:00.003659,0:00:00.004235,0:00:00.003719,0:00:00.004295,0:00:00.003561,0:00:00.004362,0:00:00.003760,0:00:00.004224,0:00:00.003704,0:00:00.004212,0:00:00.003545,0:00:00.004291,0:00:00.003558,,0:00:00.159441
graph_name , nodes_count , edges_count, degree, degree cent., max neighbor degree, min neighbor degree, avg neighbor degree, std neighbor degree, eigenvector cent., closeness cent., harmonic cent., betweenness cent., coloring largest first, coloring smallest last, coloring independent set, coloring random sequential,coloring connected sequential dfs, coloring connected sequential bfs, edges within egonet, node clique number, number of cliques, clustering coef., square clustering coef., page rank, hubs value, triangles, core number, random,0,1,2,3,4,5,6,7,8,9,10,11,12,13,14,15,16,17,18,19,20,21,22,23,24,25,26,27,28,29,30, Total Time 
186,39,38,0:00:00.000001,0:00:00.000025,0:00:00.000069,0:00:00.000069,0:00:00.000069,0:00:00.000069,0:00:00.000432,0:00:00.000405,0:00:00.000548,0:00:00.001337,0:00:00.000065,0:00:00.000058,0:00:00.003591,0:00:00.000063,0:00:00.000277,0:00:00.000272,0:00:00.001740,0:00:00.000131,0:00:00.003276,0:00:00.000220,0:00:00.000595,0:00:00.003530,0:00:00.001121,0:00:00.000017,0:00:00.000073,0:00:00.000109,0:00:00.004257,0:00:00.003698,0:00:00.004238,0:00:00.003799,0:00:00.005435,0:00:00.003765,0:00:00.004239,0:00:00.003723,0:00:00.004187,0:00:00.003992,0:00:00.004743,0:00:00.014317,0:00:00.004317,0:00:00.003680,0:00:00.004275,0:00:00.003738,0:00:00.004368,0:00:00.003673,0:00:00.004316,0:00:00.003681,0:00:00.004284,0:00:00.003512,0:00:00.004386,0:00:00.003550,0:00:00.004359,0:00:00.003589,0:00:00.004216,0:00:00.004233,0:00:00.003642,0:00:00.004341,0:00:00.003668,,0:00:00.175842
graph_name , nodes_count , edges_count, degree, degree cent., max neighbor degree, min neighbor degree, avg neighbor degree, std neighbor degree, eigenvector cent., closeness cent., harmonic cent., betweenness cent., coloring largest first, coloring smallest last, coloring independent set, coloring random sequential,coloring connected sequential dfs, coloring connected sequential bfs, edges within egonet, node clique number, number of cliques, clustering coef., square clustering coef., page rank, hubs value, triangles, core number, random,0,1,2,3,4,5,6,7,8,9,10,11,12,13,14,15,16,17,18,19,20,21,22,23,24,25,26,27,28,29,30, Total Time 
187,38,36,0:00:00.000002,0:00:00.000041,0:00:00.000089,0:00:00.000089,0:00:00.000089,0:00:00.000089,0:00:00.000513,0:00:00.000475,0:00:00.000672,0:00:00.001623,0:00:00.000087,0:00:00.000072,0:00:00.004517,0:00:00.000084,0:00:00.000370,0:00:00.000342,0:00:00.002199,0:00:00.000177,0:00:00.004263,0:00:00.000263,0:00:00.000652,0:00:00.004866,0:00:00.001659,0:00:00.000024,0:00:00.000092,0:00:00.000143,0:00:00.004376,0:00:00.003770,0:00:00.004253,0:00:00.003898,0:00:00.005166,0:00:00.003673,0:00:00.004493,0:00:00.003650,0:00:00.004293,0:00:00.003785,0:00:00.004530,0:00:00.008746,0:00:00.004336,0:00:00.003642,0:00:00.004307,0:00:00.003551,0:00:00.004444,0:00:00.003941,0:00:00.004300,0:00:00.003622,0:00:00.004234,0:00:00.003532,0:00:00.004256,0:00:00.003589,0:00:00.004297,0:00:00.003535,0:00:00.004260,0:00:00.003676,0:00:00.004114,0:00:00.003491,0:00:00.004224,,0:00:00.182153
graph_name , nodes_count , edges_count, degree, degree cent., max neighbor degree, min neighbor degree, avg neighbor degree, std neighbor degree, eigenvector cent., closeness cent., harmonic cent., betweenness cent., coloring largest first, coloring smallest last, coloring independent set, coloring random sequential,coloring connected sequential dfs, coloring connected sequential bfs, edges within egonet, node clique number, number of cliques, clustering coef., square clustering coef., page rank, hubs value, triangles, core number, random,0,1,2,3,4,5,6,7,8,9,10,11,12,13,14,15,16,17,18,19,20,21,22,23,24,25,26,27,28,29,30, Total Time 
188,38,35,0:00:00.000002,0:00:00.000041,0:00:00.000096,0:00:00.000096,0:00:00.000096,0:00:00.000096,0:00:00.000550,0:00:00.000429,0:00:00.000612,0:00:00.001475,0:00:00.000085,0:00:00.000072,0:00:00.004351,0:00:00.000082,0:00:00.000385,0:00:00.000353,0:00:00.002033,0:00:00.000168,0:00:00.004190,0:00:00.000259,0:00:00.000613,0:00:00.004866,0:00:00.001546,0:00:00.000023,0:00:00.000089,0:00:00.000136,0:00:00.003911,0:00:00.004546,0:00:00.004336,0:00:00.004553,0:00:00.005058,0:00:00.004433,0:00:00.004411,0:00:00.004363,0:00:00.004365,0:00:00.004599,0:00:00.004684,0:00:00.010514,0:00:00.004468,0:00:00.004722,0:00:00.004370,0:00:00.004711,0:00:00.004458,0:00:00.004515,0:00:00.004262,0:00:00.004478,0:00:00.004348,0:00:00.004396,0:00:00.004314,0:00:00.004330,0:00:00.004337,0:00:00.004438,0:00:00.004272,0:00:00.004419,0:00:00.004404,0:00:00.004232,0:00:00.004442,,0:00:00.195062
graph_name , nodes_count , edges_count, degree, degree cent., max neighbor degree, min neighbor degree, avg neighbor degree, std neighbor degree, eigenvector cent., closeness cent., harmonic cent., betweenness cent., coloring largest first, coloring smallest last, coloring independent set, coloring random sequential,coloring connected sequential dfs, coloring connected sequential bfs, edges within egonet, node clique number, number of cliques, clustering coef., square clustering coef., page rank, hubs value, triangles, core number, random,0,1,2,3,4,5,6,7,8,9,10,11,12,13,14,15,16,17,18,19,20,21,22,23,24,25,26,27,28,29,30, Total Time 
189,39,36,0:00:00.000002,0:00:00.000029,0:00:00.000089,0:00:00.000089,0:00:00.000089,0:00:00.000089,0:00:00.000556,0:00:00.000467,0:00:00.000661,0:00:00.001604,0:00:00.000087,0:00:00.000074,0:00:00.004628,0:00:00.000083,0:00:00.000389,0:00:00.000371,0:00:00.002501,0:00:00.000165,0:00:00.004339,0:00:00.000266,0:00:00.000710,0:00:00.004914,0:00:00.001494,0:00:00.000026,0:00:00.000091,0:00:00.000146,0:00:00.004507,0:00:00.004617,0:00:00.004484,0:00:00.004474,0:00:00.005378,0:00:00.004372,0:00:00.004413,0:00:00.004457,0:00:00.004718,0:00:00.004611,0:00:00.005108,0:00:00.013052,0:00:00.004648,0:00:00.004279,0:00:00.004522,0:00:00.004432,0:00:00.004561,0:00:00.004401,0:00:00.004389,0:00:00.004307,0:00:00.004437,0:00:00.004518,0:00:00.004360,0:00:00.004337,0:00:00.004403,0:00:00.004265,0:00:00.004490,0:00:00.004303,0:00:00.004301,0:00:00.004416,0:00:00.004322,,0:00:00.200711
graph_name , nodes_count , edges_count, degree, degree cent., max neighbor degree, min neighbor degree, avg neighbor degree, std neighbor degree, eigenvector cent., closeness cent., harmonic cent., betweenness cent., coloring largest first, coloring smallest last, coloring independent set, coloring random sequential,coloring connected sequential dfs, coloring connected sequential bfs, edges within egonet, node clique number, number of cliques, clustering coef., square clustering coef., page rank, hubs value, triangles, core number, random,0,1,2,3,4,5,6,7,8,9,10,11,12,13,14,15,16,17,18,19,20,21,22,23,24,25,26,27,28,29,30, Total Time 
190,37,34,0:00:00.000002,0:00:00.000030,0:00:00.000085,0:00:00.000085,0:00:00.000085,0:00:00.000085,0:00:00.000497,0:00:00.000494,0:00:00.000634,0:00:00.001485,0:00:00.000083,0:00:00.000073,0:00:00.004134,0:00:00.000079,0:00:00.000500,0:00:00.000352,0:00:00.001975,0:00:00.000162,0:00:00.004049,0:00:00.000257,0:00:00.000566,0:00:00.004911,0:00:00.001456,0:00:00.000023,0:00:00.000088,0:00:00.000135,0:00:00.004512,0:00:00.004505,0:00:00.004390,0:00:00.004536,0:00:00.005160,0:00:00.004412,0:00:00.004840,0:00:00.047042,0:00:00.004419,0:00:00.004636,0:00:00.004621,0:00:00.008993,0:00:00.004454,0:00:00.004467,0:00:00.004382,0:00:00.004474,0:00:00.004384,0:00:00.004433,0:00:00.004428,0:00:00.004526,0:00:00.004411,0:00:00.004550,0:00:00.004371,0:00:00.004357,0:00:00.004427,0:00:00.004288,0:00:00.004339,0:00:00.004386,0:00:00.004306,0:00:00.004389,0:00:00.004384,,0:00:00.236841
graph_name , nodes_count , edges_count, degree, degree cent., max neighbor degree, min neighbor degree, avg neighbor degree, std neighbor degree, eigenvector cent., closeness cent., harmonic cent., betweenness cent., coloring largest first, coloring smallest last, coloring independent set, coloring random sequential,coloring connected sequential dfs, coloring connected sequential bfs, edges within egonet, node clique number, number of cliques, clustering coef., square clustering coef., page rank, hubs value, triangles, core number, random,0,1,2,3,4,5,6,7,8,9,10,11,12,13,14,15,16,17,18,19,20,21,22,23,24,25,26,27,28,29,30, Total Time 
191,41,38,0:00:00.000002,0:00:00.000047,0:00:00.000093,0:00:00.000093,0:00:00.000093,0:00:00.000093,0:00:00.000594,0:00:00.000490,0:00:00.000697,0:00:00.001709,0:00:00.000092,0:00:00.000077,0:00:00.005102,0:00:00.000091,0:00:00.000407,0:00:00.000384,0:00:00.002319,0:00:00.000171,0:00:00.004476,0:00:00.000291,0:00:00.000764,0:00:00.004861,0:00:00.001600,0:00:00.000024,0:00:00.000093,0:00:00.000154,0:00:00.004619,0:00:00.004544,0:00:00.004432,0:00:00.004465,0:00:00.005713,0:00:00.004399,0:00:00.004727,0:00:00.004396,0:00:00.004539,0:00:00.004645,0:00:00.004826,0:00:00.015730,0:00:00.004437,0:00:00.004429,0:00:00.004311,0:00:00.004267,0:00:00.004561,0:00:00.004299,0:00:00.004354,0:00:00.004354,0:00:00.004350,0:00:00.004400,0:00:00.004420,0:00:00.004392,0:00:00.004483,0:00:00.004404,0:00:00.004432,0:00:00.004263,0:00:00.004451,0:00:00.004210,0:00:00.004416,,0:00:00.204009
graph_name , nodes_count , edges_count, degree, degree cent., max neighbor degree, min neighbor degree, avg neighbor degree, std neighbor degree, eigenvector cent., closeness cent., harmonic cent., betweenness cent., coloring largest first, coloring smallest last, coloring independent set, coloring random sequential,coloring connected sequential dfs, coloring connected sequential bfs, edges within egonet, node clique number, number of cliques, clustering coef., square clustering coef., page rank, hubs value, triangles, core number, random,0,1,2,3,4,5,6,7,8,9,10,11,12,13,14,15,16,17,18,19,20,21,22,23,24,25,26,27,28,29,30, Total Time 
192,40,36,0:00:00.000003,0:00:00.000042,0:00:00.000093,0:00:00.000093,0:00:00.000093,0:00:00.000093,0:00:00.000759,0:00:00.000473,0:00:00.000674,0:00:00.001604,0:00:00.000088,0:00:00.000077,0:00:00.004887,0:00:00.000089,0:00:00.000393,0:00:00.000374,0:00:00.002175,0:00:00.000169,0:00:00.004448,0:00:00.000266,0:00:00.000719,0:00:00.004923,0:00:00.001533,0:00:00.000024,0:00:00.000092,0:00:00.000149,0:00:00.004288,0:00:00.004687,0:00:00.004380,0:00:00.004414,0:00:00.005181,0:00:00.004693,0:00:00.004374,0:00:00.004476,0:00:00.004367,0:00:00.004396,0:00:00.004598,0:00:00.012395,0:00:00.004360,0:00:00.004371,0:00:00.004503,0:00:00.004496,0:00:00.004401,0:00:00.004439,0:00:00.004330,0:00:00.004397,0:00:00.004388,0:00:00.004472,0:00:00.004373,0:00:00.004315,0:00:00.004432,0:00:00.004390,0:00:00.004342,0:00:00.004298,0:00:00.004363,0:00:00.004381,0:00:00.004481,,0:00:00.198890
graph_name , nodes_count , edges_count, degree, degree cent., max neighbor degree, min neighbor degree, avg neighbor degree, std neighbor degree, eigenvector cent., closeness cent., harmonic cent., betweenness cent., coloring largest first, coloring smallest last, coloring independent set, coloring random sequential,coloring connected sequential dfs, coloring connected sequential bfs, edges within egonet, node clique number, number of cliques, clustering coef., square clustering coef., page rank, hubs value, triangles, core number, random,0,1,2,3,4,5,6,7,8,9,10,11,12,13,14,15,16,17,18,19,20,21,22,23,24,25,26,27,28,29,30, Total Time 
193,39,38,0:00:00.000002,0:00:00.000043,0:00:00.000091,0:00:00.000091,0:00:00.000091,0:00:00.000091,0:00:00.000576,0:00:00.000513,0:00:00.000720,0:00:00.001756,0:00:00.000088,0:00:00.000076,0:00:00.004553,0:00:00.000085,0:00:00.000369,0:00:00.000504,0:00:00.002221,0:00:00.000171,0:00:00.004331,0:00:00.000273,0:00:00.000768,0:00:00.004781,0:00:00.001555,0:00:00.000025,0:00:00.000098,0:00:00.000148,0:00:00.004479,0:00:00.004559,0:00:00.004618,0:00:00.004506,0:00:00.005519,0:00:00.004384,0:00:00.004463,0:00:00.004299,0:00:00.004339,0:00:00.004717,0:00:00.004888,0:00:00.015728,0:00:00.004513,0:00:00.004484,0:00:00.004478,0:00:00.004419,0:00:00.004585,0:00:00.004408,0:00:00.004544,0:00:00.004424,0:00:00.004514,0:00:00.004378,0:00:00.004413,0:00:00.004231,0:00:00.004450,0:00:00.004313,0:00:00.004314,0:00:00.004345,0:00:00.004436,0:00:00.004393,0:00:00.004546,,0:00:00.203807
graph_name , nodes_count , edges_count, degree, degree cent., max neighbor degree, min neighbor degree, avg neighbor degree, std neighbor degree, eigenvector cent., closeness cent., harmonic cent., betweenness cent., coloring largest first, coloring smallest last, coloring independent set, coloring random sequential,coloring connected sequential dfs, coloring connected sequential bfs, edges within egonet, node clique number, number of cliques, clustering coef., square clustering coef., page rank, hubs value, triangles, core number, random,0,1,2,3,4,5,6,7,8,9,10,11,12,13,14,15,16,17,18,19,20,21,22,23,24,25,26,27,28,29,30, Total Time 
194,41,38,0:00:00.000002,0:00:00.000036,0:00:00.000076,0:00:00.000076,0:00:00.000076,0:00:00.000076,0:00:00.000475,0:00:00.000391,0:00:00.000562,0:00:00.001386,0:00:00.000073,0:00:00.000062,0:00:00.004144,0:00:00.000071,0:00:00.000320,0:00:00.000296,0:00:00.001838,0:00:00.000142,0:00:00.003779,0:00:00.000223,0:00:00.000601,0:00:00.003953,0:00:00.001262,0:00:00.000022,0:00:00.000078,0:00:00.000119,0:00:00.004421,0:00:00.002890,0:00:00.004082,0:00:00.003712,0:00:00.005160,0:00:00.003918,0:00:00.004133,0:00:00.003642,0:00:00.004102,0:00:00.003785,0:00:00.004514,0:00:00.012215,0:00:00.004340,0:00:00.003710,0:00:00.004152,0:00:00.003062,0:00:00.004310,0:00:00.004290,0:00:00.004296,0:00:00.004346,0:00:00.004258,0:00:00.004251,0:00:00.004215,0:00:00.004241,0:00:00.004205,0:00:00.004391,0:00:00.004201,0:00:00.004185,0:00:00.004253,0:00:00.004282,0:00:00.004379,,0:00:00.179220
graph_name , nodes_count , edges_count, degree, degree cent., max neighbor degree, min neighbor degree, avg neighbor degree, std neighbor degree, eigenvector cent., closeness cent., harmonic cent., betweenness cent., coloring largest first, coloring smallest last, coloring independent set, coloring random sequential,coloring connected sequential dfs, coloring connected sequential bfs, edges within egonet, node clique number, number of cliques, clustering coef., square clustering coef., page rank, hubs value, triangles, core number, random,0,1,2,3,4,5,6,7,8,9,10,11,12,13,14,15,16,17,18,19,20,21,22,23,24,25,26,27,28,29,30, Total Time 
195,37,36,0:00:00.000002,0:00:00.000041,0:00:00.000087,0:00:00.000087,0:00:00.000087,0:00:00.000087,0:00:00.000547,0:00:00.000405,0:00:00.000591,0:00:00.001374,0:00:00.000085,0:00:00.000071,0:00:00.004248,0:00:00.000084,0:00:00.000380,0:00:00.000376,0:00:00.002048,0:00:00.000169,0:00:00.003961,0:00:00.000259,0:00:00.000671,0:00:00.005047,0:00:00.001564,0:00:00.000023,0:00:00.000090,0:00:00.000126,0:00:00.004549,0:00:00.004364,0:00:00.004325,0:00:00.004389,0:00:00.005133,0:00:00.004350,0:00:00.004440,0:00:00.004202,0:00:00.004325,0:00:00.004673,0:00:00.004774,0:00:00.011083,0:00:00.004356,0:00:00.004316,0:00:00.004327,0:00:00.004304,0:00:00.004497,0:00:00.004356,0:00:00.004357,0:00:00.004340,0:00:00.004357,0:00:00.004344,0:00:00.004378,0:00:00.004224,0:00:00.004342,0:00:00.004285,0:00:00.004289,0:00:00.004110,0:00:00.004299,0:00:00.004111,0:00:00.004457,,0:00:00.193569
graph_name , nodes_count , edges_count, degree, degree cent., max neighbor degree, min neighbor degree, avg neighbor degree, std neighbor degree, eigenvector cent., closeness cent., harmonic cent., betweenness cent., coloring largest first, coloring smallest last, coloring independent set, coloring random sequential,coloring connected sequential dfs, coloring connected sequential bfs, edges within egonet, node clique number, number of cliques, clustering coef., square clustering coef., page rank, hubs value, triangles, core number, random,0,1,2,3,4,5,6,7,8,9,10,11,12,13,14,15,16,17,18,19,20,21,22,23,24,25,26,27,28,29,30, Total Time 
196,36,33,0:00:00.000003,0:00:00.000039,0:00:00.000084,0:00:00.000084,0:00:00.000084,0:00:00.000084,0:00:00.000528,0:00:00.000438,0:00:00.000611,0:00:00.001469,0:00:00.000084,0:00:00.000070,0:00:00.004043,0:00:00.000080,0:00:00.000358,0:00:00.000338,0:00:00.001968,0:00:00.000165,0:00:00.003906,0:00:00.000250,0:00:00.000537,0:00:00.005036,0:00:00.001786,0:00:00.000023,0:00:00.000091,0:00:00.000132,0:00:00.004306,0:00:00.004373,0:00:00.004328,0:00:00.004455,0:00:00.004830,0:00:00.004700,0:00:00.004342,0:00:00.004361,0:00:00.004258,0:00:00.004515,0:00:00.004488,0:00:00.008277,0:00:00.004373,0:00:00.004316,0:00:00.004340,0:00:00.004359,0:00:00.004211,0:00:00.004428,0:00:00.004144,0:00:00.004209,0:00:00.004138,0:00:00.004157,0:00:00.004214,0:00:00.004258,0:00:00.004421,0:00:00.004439,0:00:00.004351,0:00:00.004205,0:00:00.004388,0:00:00.004348,0:00:00.004429,,0:00:00.189882
graph_name , nodes_count , edges_count, degree, degree cent., max neighbor degree, min neighbor degree, avg neighbor degree, std neighbor degree, eigenvector cent., closeness cent., harmonic cent., betweenness cent., coloring largest first, coloring smallest last, coloring independent set, coloring random sequential,coloring connected sequential dfs, coloring connected sequential bfs, edges within egonet, node clique number, number of cliques, clustering coef., square clustering coef., page rank, hubs value, triangles, core number, random,0,1,2,3,4,5,6,7,8,9,10,11,12,13,14,15,16,17,18,19,20,21,22,23,24,25,26,27,28,29,30, Total Time 
197,38,37,0:00:00.000003,0:00:00.000030,0:00:00.000088,0:00:00.000088,0:00:00.000088,0:00:00.000088,0:00:00.000554,0:00:00.000479,0:00:00.000678,0:00:00.001671,0:00:00.000086,0:00:00.000073,0:00:00.004908,0:00:00.000083,0:00:00.000377,0:00:00.000356,0:00:00.002293,0:00:00.000167,0:00:00.004376,0:00:00.000268,0:00:00.000726,0:00:00.005060,0:00:00.001478,0:00:00.000027,0:00:00.000093,0:00:00.000146,0:00:00.004615,0:00:00.004505,0:00:00.004461,0:00:00.004457,0:00:00.005411,0:00:00.004465,0:00:00.004472,0:00:00.004296,0:00:00.004791,0:00:00.004538,0:00:00.005113,0:00:00.012479,0:00:00.004485,0:00:00.004398,0:00:00.004492,0:00:00.004465,0:00:00.004517,0:00:00.004425,0:00:00.004603,0:00:00.004427,0:00:00.004434,0:00:00.004419,0:00:00.004366,0:00:00.004358,0:00:00.004384,0:00:00.004311,0:00:00.004373,0:00:00.004445,0:00:00.004361,0:00:00.004369,0:00:00.004318,,0:00:00.200687
graph_name , nodes_count , edges_count, degree, degree cent., max neighbor degree, min neighbor degree, avg neighbor degree, std neighbor degree, eigenvector cent., closeness cent., harmonic cent., betweenness cent., coloring largest first, coloring smallest last, coloring independent set, coloring random sequential,coloring connected sequential dfs, coloring connected sequential bfs, edges within egonet, node clique number, number of cliques, clustering coef., square clustering coef., page rank, hubs value, triangles, core number, random,0,1,2,3,4,5,6,7,8,9,10,11,12,13,14,15,16,17,18,19,20,21,22,23,24,25,26,27,28,29,30, Total Time 
198,41,37,0:00:00.000002,0:00:00.000044,0:00:00.000095,0:00:00.000095,0:00:00.000095,0:00:00.000095,0:00:00.000680,0:00:00.000488,0:00:00.000694,0:00:00.001695,0:00:00.000103,0:00:00.000082,0:00:00.005098,0:00:00.000092,0:00:00.000401,0:00:00.000378,0:00:00.002164,0:00:00.000173,0:00:00.004683,0:00:00.000281,0:00:00.000725,0:00:00.004913,0:00:00.001595,0:00:00.000027,0:00:00.000095,0:00:00.000149,0:00:00.004475,0:00:00.004535,0:00:00.004498,0:00:00.004704,0:00:00.005475,0:00:00.004371,0:00:00.004492,0:00:00.004293,0:00:00.004387,0:00:00.004560,0:00:00.004708,0:00:00.019814,0:00:00.004591,0:00:00.004409,0:00:00.004453,0:00:00.004448,0:00:00.004552,0:00:00.004299,0:00:00.004467,0:00:00.004446,0:00:00.004493,0:00:00.004401,0:00:00.004419,0:00:00.004288,0:00:00.004476,0:00:00.004241,0:00:00.004355,0:00:00.004241,0:00:00.004403,0:00:00.004297,0:00:00.004460,,0:00:00.207944
graph_name , nodes_count , edges_count, degree, degree cent., max neighbor degree, min neighbor degree, avg neighbor degree, std neighbor degree, eigenvector cent., closeness cent., harmonic cent., betweenness cent., coloring largest first, coloring smallest last, coloring independent set, coloring random sequential,coloring connected sequential dfs, coloring connected sequential bfs, edges within egonet, node clique number, number of cliques, clustering coef., square clustering coef., page rank, hubs value, triangles, core number, random,0,1,2,3,4,5,6,7,8,9,10,11,12,13,14,15,16,17,18,19,20,21,22,23,24,25,26,27,28,29,30, Total Time 
199,36,34,0:00:00.000002,0:00:00.000040,0:00:00.000086,0:00:00.000086,0:00:00.000086,0:00:00.000086,0:00:00.000537,0:00:00.000400,0:00:00.000578,0:00:00.001320,0:00:00.000086,0:00:00.000071,0:00:00.004244,0:00:00.000085,0:00:00.000395,0:00:00.000367,0:00:00.001977,0:00:00.000162,0:00:00.003880,0:00:00.000257,0:00:00.000579,0:00:00.005168,0:00:00.001571,0:00:00.000021,0:00:00.000087,0:00:00.000122,0:00:00.004472,0:00:00.004740,0:00:00.004462,0:00:00.004513,0:00:00.005059,0:00:00.004542,0:00:00.004368,0:00:00.004606,0:00:00.004333,0:00:00.004978,0:00:00.004697,0:00:00.009339,0:00:00.004423,0:00:00.004479,0:00:00.004428,0:00:00.004416,0:00:00.004432,0:00:00.004411,0:00:00.004574,0:00:00.004502,0:00:00.004552,0:00:00.004441,0:00:00.004378,0:00:00.004486,0:00:00.004512,0:00:00.004322,0:00:00.004424,0:00:00.004416,0:00:00.004278,0:00:00.004380,0:00:00.004317,,0:00:00.195454
graph_name , nodes_count , edges_count, degree, degree cent., max neighbor degree, min neighbor degree, avg neighbor degree, std neighbor degree, eigenvector cent., closeness cent., harmonic cent., betweenness cent., coloring largest first, coloring smallest last, coloring independent set, coloring random sequential,coloring connected sequential dfs, coloring connected sequential bfs, edges within egonet, node clique number, number of cliques, clustering coef., square clustering coef., page rank, hubs value, triangles, core number, random,0,1,2,3,4,5,6,7,8,9,10,11,12,13,14,15,16,17,18,19,20,21,22,23,24,25,26,27,28,29,30, Total Time 
200,39,35,0:00:00.000002,0:00:00.000043,0:00:00.000091,0:00:00.000091,0:00:00.000091,0:00:00.000091,0:00:00.000557,0:00:00.000460,0:00:00.000642,0:00:00.001526,0:00:00.000087,0:00:00.000074,0:00:00.004660,0:00:00.000090,0:00:00.000387,0:00:00.000369,0:00:00.001985,0:00:00.000168,0:00:00.004259,0:00:00.000268,0:00:00.000608,0:00:00.004842,0:00:00.001553,0:00:00.000025,0:00:00.000091,0:00:00.000137,0:00:00.004474,0:00:00.004457,0:00:00.004456,0:00:00.004482,0:00:00.005345,0:00:00.004385,0:00:00.004710,0:00:00.004475,0:00:00.004390,0:00:00.004582,0:00:00.004650,0:00:00.010647,0:00:00.004433,0:00:00.004498,0:00:00.004476,0:00:00.004278,0:00:00.004371,0:00:00.004278,0:00:00.004385,0:00:00.004360,0:00:00.004453,0:00:00.004332,0:00:00.004438,0:00:00.004399,0:00:00.004543,0:00:00.004412,0:00:00.004499,0:00:00.004376,0:00:00.004357,0:00:00.004323,0:00:00.004467,,0:00:00.196450
graph_name , nodes_count , edges_count, degree, degree cent., max neighbor degree, min neighbor degree, avg neighbor degree, std neighbor degree, eigenvector cent., closeness cent., harmonic cent., betweenness cent., coloring largest first, coloring smallest last, coloring independent set, coloring random sequential,coloring connected sequential dfs, coloring connected sequential bfs, edges within egonet, node clique number, number of cliques, clustering coef., square clustering coef., page rank, hubs value, triangles, core number, random,0,1,2,3,4,5,6,7,8,9,10,11,12,13,14,15,16,17,18,19,20,21,22,23,24,25,26,27,28,29,30, Total Time 
201,36,33,0:00:00.000003,0:00:00.000039,0:00:00.000086,0:00:00.000086,0:00:00.000086,0:00:00.000086,0:00:00.000541,0:00:00.000436,0:00:00.000621,0:00:00.001458,0:00:00.000084,0:00:00.000071,0:00:00.004318,0:00:00.000085,0:00:00.000379,0:00:00.000344,0:00:00.002089,0:00:00.000164,0:00:00.003868,0:00:00.000252,0:00:00.000532,0:00:00.005141,0:00:00.001579,0:00:00.000021,0:00:00.000089,0:00:00.000137,0:00:00.004402,0:00:00.004734,0:00:00.004396,0:00:00.004443,0:00:00.004897,0:00:00.004472,0:00:00.004395,0:00:00.004525,0:00:00.004365,0:00:00.004741,0:00:00.004575,0:00:00.008264,0:00:00.004399,0:00:00.004561,0:00:00.004307,0:00:00.004473,0:00:00.004398,0:00:00.004393,0:00:00.004368,0:00:00.004460,0:00:00.004481,0:00:00.004430,0:00:00.004323,0:00:00.004379,0:00:00.004323,0:00:00.004451,0:00:00.004330,0:00:00.004331,0:00:00.004353,0:00:00.004407,0:00:00.004439,,0:00:00.193105
graph_name , nodes_count , edges_count, degree, degree cent., max neighbor degree, min neighbor degree, avg neighbor degree, std neighbor degree, eigenvector cent., closeness cent., harmonic cent., betweenness cent., coloring largest first, coloring smallest last, coloring independent set, coloring random sequential,coloring connected sequential dfs, coloring connected sequential bfs, edges within egonet, node clique number, number of cliques, clustering coef., square clustering coef., page rank, hubs value, triangles, core number, random,0,1,2,3,4,5,6,7,8,9,10,11,12,13,14,15,16,17,18,19,20,21,22,23,24,25,26,27,28,29,30, Total Time 
202,40,37,0:00:00.000003,0:00:00.000043,0:00:00.000093,0:00:00.000093,0:00:00.000093,0:00:00.000093,0:00:00.000602,0:00:00.000480,0:00:00.000680,0:00:00.001632,0:00:00.000090,0:00:00.000077,0:00:00.004904,0:00:00.000091,0:00:00.000406,0:00:00.000362,0:00:00.002111,0:00:00.000174,0:00:00.004593,0:00:00.000275,0:00:00.000702,0:00:00.004962,0:00:00.001568,0:00:00.000025,0:00:00.000095,0:00:00.000143,0:00:00.004640,0:00:00.004490,0:00:00.004508,0:00:00.004508,0:00:00.005428,0:00:00.004367,0:00:00.004614,0:00:00.004424,0:00:00.004471,0:00:00.004742,0:00:00.004789,0:00:00.012566,0:00:00.004536,0:00:00.004549,0:00:00.004387,0:00:00.004437,0:00:00.004499,0:00:00.004412,0:00:00.004454,0:00:00.004322,0:00:00.004440,0:00:00.004266,0:00:00.004324,0:00:00.004574,0:00:00.004420,0:00:00.004471,0:00:00.004465,0:00:00.004269,0:00:00.004423,0:00:00.004211,0:00:00.004351,,0:00:00.200460
graph_name , nodes_count , edges_count, degree, degree cent., max neighbor degree, min neighbor degree, avg neighbor degree, std neighbor degree, eigenvector cent., closeness cent., harmonic cent., betweenness cent., coloring largest first, coloring smallest last, coloring independent set, coloring random sequential,coloring connected sequential dfs, coloring connected sequential bfs, edges within egonet, node clique number, number of cliques, clustering coef., square clustering coef., page rank, hubs value, triangles, core number, random,0,1,2,3,4,5,6,7,8,9,10,11,12,13,14,15,16,17,18,19,20,21,22,23,24,25,26,27,28,29,30, Total Time 
203,34,31,0:00:00.000002,0:00:00.000040,0:00:00.000081,0:00:00.000081,0:00:00.000081,0:00:00.000081,0:00:00.000513,0:00:00.000359,0:00:00.000492,0:00:00.001103,0:00:00.000078,0:00:00.000065,0:00:00.003674,0:00:00.000076,0:00:00.000373,0:00:00.000351,0:00:00.001813,0:00:00.000155,0:00:00.003408,0:00:00.000238,0:00:00.000440,0:00:00.005202,0:00:00.001566,0:00:00.000019,0:00:00.000085,0:00:00.000113,0:00:00.004442,0:00:00.004417,0:00:00.004346,0:00:00.004640,0:00:00.004711,0:00:00.004605,0:00:00.004346,0:00:00.004235,0:00:00.004231,0:00:00.004516,0:00:00.004380,0:00:00.006841,0:00:00.004420,0:00:00.004312,0:00:00.004380,0:00:00.004331,0:00:00.004343,0:00:00.008336,0:00:00.004388,0:00:00.005777,0:00:00.004293,0:00:00.004206,0:00:00.004227,0:00:00.004261,0:00:00.004320,0:00:00.004289,0:00:00.004411,0:00:00.004152,0:00:00.004179,0:00:00.004151,0:00:00.004276,,0:00:00.191787
