graph_id, nodes count, edges count, diameter, avg. path length, std path length, avg. degree, std. degree, skewness degree, kurtosis degree,avg. eigenvector_cent., std. eigenvector_cent., skewness eigenvector_cent., kurtosis eigenvector_cent.,avg. closeness cent., std. closeness cent., skewness closeness cent., kurtosis closeness cent.,avg. harmonic cent., std. harmonic cent., skewness harmonic cent., kurtosis harmonic cent.,avg. betweenness cent. , std. betweenness cent. , skewness betweenness cent. , kurtosis betweenness cent. ,avg. coloring LF, std. coloring LF, skewness coloring LF, kurtosis coloring LF,avg. edges within egonet, std. edges within egonet, skewness edges within egonet, kurtosis edges within egonet,avg. node clique number, std. node clique number, skewness node clique number, kurtosis node clique number,avg. number of cliques, std. number of cliques, skewness number of cliques, kurtosis number of cliques,avg. clustering coefficient, std. clustering coefficient, skewness clustering coefficient, kurtosis clustering coefficient,avg. square clustering coefficient, std. square clustering coefficient, skewness square clustering coefficient, kurtosis square clustering coefficient,avg. pagerank, std. pagerank, skewness pagerank, kurtosis pagerank,avg. hubs, std. hubs, skewness hubs, kurtosis hubs,avg. core number, std. core number, skewness core number, kurtosis core number,random,c. g_0,c. g_1,c. g_2,c. g_3,c. g_4,c. g_5,c. g_6,c. g_7,c. g_8,c. g_9,c. g_10,c. g_11,c. g_12,c. g_13,c. g_14,c. g_15,c. g_16,c. g_17,c. g_18,c. g_19,c. g_20,c. g_21,c. g_22,c. g_23,c. g_24,c. g_25,c. g_26,c. g_27,c. g_28,c. g_29,c. g_30,b. g_0,b. g_1,b. g_2,b. g_3,b. g_4,b. g_5,b. g_6,b. g_7,b. g_8,b. g_9,b. g_10,b. g_11,b. g_12,b. g_13,b. g_14,b. g_15,b. g_16,b. g_17,b. g_18,b. g_19,b. g_20,b. g_21,b. g_22,b. g_23,b. g_24,b. g_25,b. g_26,b. g_27,b. g_28,b. g_29,b. g_30,avg. atomic_num, std. atomic_num, skewness atomic_num, kurtosis atomic_num,avg. degree_feature, std. degree_feature, skewness degree_feature, kurtosis degree_feature,avg. formal_charge, std. formal_charge, skewness formal_charge, kurtosis formal_charge,avg. hybridization, std. hybridization, skewness hybridization, kurtosis hybridization,avg. is_aromatic, std. is_aromatic, skewness is_aromatic, kurtosis is_aromatic,avg. mass, std. mass, skewness mass, kurtosis mass,avg. num_hs, std. num_hs, skewness num_hs, kurtosis num_hs,mol_wt, tpsa, logp, num_chiral_centers, num_rotatable_bonds,f_0,f_1,f_2,f_3,f_4,f_5,f_6,f_7,f_8,f_9,f_10,f_11,f_12,f_13,f_14,f_15,f_16,f_17,f_18,f_19,f_20,f_21,f_22,f_23,f_24,f_25,f_26,f_27,f_28,f_29,f_30,f_31,f_32,f_33,f_34,f_35,f_36,f_37,f_38,f_39,f_40,f_41,f_42,f_43,f_44,f_45,f_46,f_47,f_48,f_49,f_50,f_51,f_52,f_53,f_54,f_55,f_56,f_57,f_58,f_59,f_60,f_61,f_62,f_63,f_64,f_65,f_66,f_67,f_68,f_69,f_70,f_71,f_72,f_73,f_74,f_75,f_76,f_77,f_78,f_79,f_80,f_81,f_82,f_83,f_84,f_85,f_86,f_87,f_88,f_89,f_90,f_91,f_92,f_93,f_94,f_95,f_96,f_97,f_98,f_99,f_100,f_101,f_102,f_103,f_104,f_105,f_106,f_107,f_108,f_109,f_110,f_111,f_112,f_113,f_114,f_115,f_116,f_117,f_118,f_119,f_120,f_121,f_122,f_123,f_124,f_125,f_126,f_127,f_128,f_129,f_130,f_131,f_132,f_133,f_134,f_135,f_136,f_137,f_138,f_139,f_140,f_141,f_142,f_143,f_144,f_145,f_146,f_147,f_148,f_149,f_150,f_151,f_152,f_153,f_154,f_155,f_156,f_157,f_158,f_159,f_160,f_161,f_162,f_163,f_164,f_165,f_166,  Target
CHEMBL204_0,38,36,-1,-1,-1,2.1666666666666665,3.023059524536176,2.9171249454343036,6.9248251586737,0.10708474711610784,0.12185502209085781,1.728475633148721,3.562378937517691,0.17525529155534025,0.09794903902421082,-0.16133728553655335,-1.2131473816995026,7.385964912280702,4.292163616800825,-0.04714131496469182,-0.9931035713217424,0.018294610399873557,0.05310492881834678,3.5065006683396156,11.378142198823125,0.8157894736842105,0.3876557858593746,-1.6292261599251139,0.6543778801843323,2.1666666666666665,3.023059524536176,2.9171249454343036,6.9248251586737,2.0,0.0,0,0,1.894736842105263,2.510917987763487,3.5502524541102556,11.6942528593623,0.0,0.0,0,0,0.020813852627934958,0.049772702970991595,2.0991384913874964,2.6422069486545547,0.041666666666666664,0.052828383802782465,2.9371632750186762,7.030831620876048,0.041666666666666664,0.024709826600458718,1.5712675978256632,2.3753513332501575,1.25,0.4330127018922193,1.1547005383792515,-0.6666666666666665,-0.4702097273849603,72.0,304.0,0.0,224.0,2772.0,48.0,0.0,0.0,0.0,992.0,1156.0,25200.0,0.0,0.0,0.0,0.0,246.0,0.0,0.0,0.0,48.0,0.0,0.0,0.0,0.0,0.0,0.0,0.0,0.0,0.0,0.0,1,1,0,1,1,1,0,0,0,1,1,1,0,0,0,0,1,0,0,0,1,0,0,0,0,0,0,0,0,0,0,6.851851851851852,1.9945054841238907,3.593537764677168,13.481376456599278,2.1481481481481484,0.8478165290562664,0.07819984781947012,-0.9448750072839567,0.0,0.0,0,0,3.1481481481481484,0.5237828008789241,0.15980613254815873,0.26939999999999964,0.4444444444444444,0.4969039949999533,0.22360679774997907,-1.9500000000000002,13.75125925925926,4.0408852678094505,3.499277392089517,12.776145541961268,0.5555555555555556,0.7856742013183862,1.4198704166225877,1.4951999999999996,386.40400000000005,74.76,1.8089,0,5,0,0,0,0,0,0,0,0,0,0,0,0,0,0,0,0,0,1,0,0,0,0,0,0,0,0,0,0,0,0,0,0,1,1,0,0,0,0,0,0,0,0,1,0,0,0,0,0,0,0,0,1,0,0,0,1,0,0,1,1,1,1,0,0,1,0,0,1,0,0,0,0,1,1,0,1,0,0,0,0,0,1,0,1,0,1,1,1,1,0,0,0,1,1,1,1,1,1,0,0,1,1,1,0,0,1,1,1,0,0,1,0,1,0,0,1,0,1,0,0,0,1,1,0,1,1,0,1,0,0,1,0,0,0,1,1,1,1,1,0,1,0,1,1,1,1,1,0,1,0,1,0,1,1,1,1,1,0,1,1,1,1,1,1,1,1,0,0
CHEMBL204_1,37,34,-1,-1,-1,2.0869565217391304,2.976911785847598,2.921710353859891,7.037117314994941,0.10928252309500434,0.1228183910211206,1.8374281083409993,4.556344009753258,0.17285209994317383,0.09643838252496029,-0.12940555604446027,-1.1642065365590413,7.081081081081081,4.107484493128821,-0.020217201200875293,-0.9419000334289178,0.01788931788931789,0.05487735244715813,3.56576074421108,11.900047703433188,0.8108108108108109,0.3916588309780929,-1.5871507864874157,0.5190476190476199,2.0869565217391304,2.976911785847598,2.921710353859891,7.037117314994941,2.0,0.0,0,0,1.837837837837838,2.4551491782001653,3.562424114640686,11.935124292493668,0.0,0.0,0,0,0.011300056036898142,0.029703487472074307,2.4186097836113936,4.229621225077082,0.043478260869565216,0.0568208607367316,2.9474025467803453,7.172778211483788,0.04347826086956524,0.023398531261124067,1.8128687263565082,3.622813327522522,1.2173913043478262,0.4124709991523974,1.3703203194062967,-0.12222222222222534,2.044481305010647,68.0,280.0,0.0,168.0,2502.0,24.0,0.0,0.0,0.0,644.0,858.0,22320.0,0.0,0.0,0.0,0.0,118.0,0.0,0.0,0.0,12.0,0.0,0.0,0.0,0.0,0.0,0.0,0.0,0.0,0.0,0.0,1,1,0,1,1,1,0,0,0,1,1,1,0,0,0,0,1,0,0,0,1,0,0,0,0,0,0,0,0,0,0,6.392857142857143,0.724040533311189,1.5057142147265328,0.5858951817713569,2.142857142857143,0.6925256939166184,-0.1975061960921091,-0.9203259393390675,0.0,0.0,0,0,3.142857142857143,0.5150787536377127,0.19201160638565673,0.3786982248520725,0.42857142857142855,0.4948716593053935,0.2886751345948128,-1.916666666666667,12.794571428571432,1.4439166336385076,1.5050200495694435,0.5835665281046531,0.75,0.6879057244377936,0.3702789089889441,-0.8793164827340689,379.4160000000001,117.66000000000001,2.35747,2,7,0,0,0,0,0,0,0,0,0,0,0,0,0,0,0,0,0,1,0,0,0,0,0,0,0,0,0,0,0,0,0,0,0,0,0,0,0,0,1,0,0,0,0,1,0,0,0,0,0,0,0,0,0,0,1,0,0,1,0,0,0,0,0,0,0,0,0,0,0,0,0,0,1,0,0,0,0,1,1,0,0,0,0,1,1,0,1,0,0,1,0,0,0,0,0,1,1,0,0,0,0,0,0,0,0,0,0,0,0,1,0,0,0,1,0,0,0,0,1,1,0,0,0,1,0,1,1,1,0,1,0,1,1,1,0,1,0,1,1,1,1,0,1,1,0,1,1,1,0,0,0,1,1,1,1,0,1,1,1,1,0,1,1,1,1,1,0,1
CHEMBL204_2,36,32,-1,-1,-1,2.0,2.6457513110645907,2.945177711760212,7.495361781076067,0.10718118327081896,0.12763217357094916,2.026446669405148,5.872681331378466,0.1627340282501441,0.0892649541517784,-0.07435140720012397,-1.086287035924786,6.523148148148148,3.7525511441102624,0.045640226734724926,-0.8743462804738216,0.019140989729225025,0.05531879971230132,3.247598188512924,9.880690367176035,0.8055555555555556,0.3957724124659724,-1.544097293955913,0.3842364532019724,2.0,2.6457513110645907,2.945177711760212,7.495361781076067,2.0,0.0,0,0,1.7777777777777777,2.187224409447725,3.5339792759165287,12.218037877211238,0.0,0.0,0,0,0.004641682123299771,0.01383594617569376,2.928472666266565,7.322425684853563,0.04545454545454546,0.05481027638462514,2.9676404245383465,7.61524273392885,0.045454545454545456,0.06005492107434975,-1.7362006626775626,3.175256073654512,1.1818181818181819,0.38569460791993493,1.6499158227686117,0.7222222222222232,1.5712348968156296,64.0,222.0,0.0,112.0,1722.0,8.0,0.0,0.0,0.0,344.0,494.0,13680.0,0.0,0.0,0.0,0.0,34.0,0.0,0.0,0.0,0.0,0.0,0.0,0.0,0.0,0.0,0.0,0.0,0.0,0.0,0.0,1,1,0,1,1,1,0,0,0,1,1,1,0,0,0,0,1,0,0,0,0,0,0,0,0,0,0,0,0,0,0,6.071428571428571,0.25753937681885636,3.328201177351378,9.076923076923094,2.142857142857143,0.3499271061118826,2.0412414523193143,2.166666666666668,0.0,0.0,0,0,3.4285714285714284,0.49487165930539356,0.28867513459481386,-1.916666666666667,0.42857142857142855,0.49487165930539345,0.28867513459481287,-1.9166666666666665,12.153571428571427,0.5140485961304375,3.3282011773513798,9.0769230769231,1.2142857142857142,0.6738557951469003,-0.2858421249455349,-0.8284307536927162,187.28599999999997,3.24,2.4910000000000005,0,3,0,0,0,0,0,0,0,0,0,0,0,0,0,0,0,0,0,0,0,0,0,0,0,0,0,0,0,0,0,0,0,0,0,0,0,0,0,0,0,0,0,0,0,0,0,0,0,0,0,0,0,0,0,0,0,0,0,0,0,0,0,0,0,0,0,0,0,0,0,0,0,0,0,0,0,1,0,0,0,0,0,0,0,0,0,1,1,0,0,0,0,0,0,0,0,0,0,0,1,1,1,0,0,0,0,0,0,0,0,0,0,1,0,0,0,0,0,0,1,0,0,1,1,0,0,0,0,0,1,1,0,0,0,0,0,0,0,1,1,0,0,0,0,0,0,1,0,1,1,0,0,0,0,1,0,1,0,0,1,0,0,1,1,1,0,1,0,0
CHEMBL204_3,39,37,-1,-1,-1,2.16,3.2333264604737946,3.4842935668821227,11.24020472976981,0.1048830378883275,0.12099823967455602,2.367159472747046,8.649039071313359,0.1810324791791406,0.10219754136767861,-0.15332850110529875,-1.1109365674282106,7.817948717948719,4.541275384407807,-0.0679916655556416,-0.8385450234619478,0.018018018018018018,0.058589154527582114,4.269807670611114,18.284157776813295,0.8205128205128205,0.3837597319768145,-1.6703827619526517,0.7901785714285703,2.16,3.2333264604737946,3.4842935668821227,11.24020472976981,2.0,0.0,0,0,1.8974358974358974,2.6870522577044254,4.193088421509789,17.7608255405503,0.0,0.0,0,0,0.041493404873686565,0.1595293965879943,5.557338891921021,30.42472352285943,0.04000000000000001,0.05488846176449742,3.485302574505284,11.18364110846568,0.039999999999999994,0.03127466392267209,-1.312815684547464,1.3124967365781348,1.32,0.46647615158762407,0.7717436331412894,-1.4044117647058831,-1.2998334659301947,74.0,348.0,0.0,202.0,3924.0,32.0,0.0,0.0,0.0,776.0,1218.0,46824.0,0.0,0.0,0.0,0.0,154.0,0.0,0.0,0.0,12.0,0.0,0.0,0.0,0.0,0.0,0.0,0.0,0.0,0.0,0.0,1,1,0,1,1,1,0,0,0,1,1,1,0,0,0,0,1,0,0,0,1,0,0,0,0,0,0,0,0,0,0,6.352941176470588,0.6362737544936452,1.5906146652441415,1.220249835634454,2.176470588235294,0.6169463812765597,-0.13001762580621626,-0.5066115702479332,0.0,0.0,0,0,3.0,0.0,0,0,0.6764705882352942,0.467822756487849,-0.7544335361543182,-1.430830039525691,12.715117647058824,1.2690889683897588,1.589294177222297,1.2148784595134128,0.5882352941176471,0.5486693560640479,0.1811500489898342,-0.9599682917162107,452.47400000000016,128.87,4.100800000000001,0,7,0,0,0,0,0,0,0,0,0,0,0,0,0,0,0,0,0,0,0,0,0,0,0,0,0,0,0,0,0,0,0,0,0,0,1,0,0,0,0,0,0,0,0,0,0,0,0,0,0,0,0,0,1,1,0,0,0,0,0,0,0,0,1,0,0,1,0,0,0,1,0,0,0,0,0,0,0,0,0,1,1,0,0,1,0,0,0,0,0,0,0,0,1,0,1,1,1,0,1,1,0,0,0,0,0,0,0,0,0,0,1,0,0,0,0,0,0,1,0,0,1,1,0,0,1,1,0,0,0,0,0,1,0,1,0,1,1,1,0,0,0,0,1,0,0,1,1,0,0,0,0,1,0,0,1,0,1,0,1,1,0,1,1,1,1,1,0,0
CHEMBL204_4,40,38,-1,-1,-1,2.1538461538461537,3.1827939793195696,3.087613481332102,7.916156023451832,0.10529867727300143,0.11794994092646377,1.8326478143455553,4.196830217901469,0.18062823931191319,0.10035766940313769,-0.22808969699015802,-1.176553690457643,8.020833333333334,4.619920258450836,-0.1155005690365928,-0.9595084620199215,0.018623481781376516,0.05613315266450241,3.6399849335094183,12.326463323994233,0.825,0.3799671038392666,-1.7106744068953987,0.9264069264069255,2.1538461538461537,3.1827939793195696,3.087613481332102,7.916156023451832,2.0,0.0,0,0,1.9,2.6627053911388696,3.7226314397889997,12.89249842345344,0.0,0.0,0,0,0.017913627766288628,0.044101705617794466,2.1810289497569286,2.9989416410419283,0.038461538461538464,0.051716953092867245,3.1056330996010053,8.01439320265742,0.03846153846153844,0.16770640188601202,-2.8425698417673373,7.0382660728460795,1.2307692307692308,0.42132504423474315,1.278019300845387,-0.3666666666666676,-1.4350306100895074,76.0,352.0,0.0,244.0,3570.0,48.0,0.0,0.0,0.0,1180.0,1380.0,36024.0,0.0,0.0,0.0,0.0,270.0,0.0,0.0,0.0,48.0,0.0,0.0,0.0,0.0,0.0,0.0,0.0,0.0,0.0,0.0,1,1,0,1,1,1,0,0,0,1,1,1,0,0,0,0,1,0,0,0,1,0,0,0,0,0,0,0,0,0,0,7.631578947368421,6.458047010601249,3.992147383210133,13.979643479080863,2.1052631578947367,0.6402907926629705,-0.09663994524031078,-0.5942293644996344,0.0,0.0,0,0,3.3157894736842106,0.46482951928041294,0.7925939239012165,-1.3717948717948718,0.47368421052631576,0.49930699897395464,0.10540925533894631,-1.988888888888889,15.794421052631582,15.12310233181354,3.996161743252854,14.000407661453234,1.0,0.7947194142390263,0.0,-1.4166666666666665,319.24600000000004,19.03,4.146900000000003,0,7,0,0,0,0,0,0,0,0,0,0,0,0,0,0,0,0,0,0,0,0,0,0,0,0,0,0,0,0,0,0,0,0,0,0,1,0,0,0,0,0,0,0,0,0,0,0,1,0,0,0,0,0,0,0,0,0,0,0,0,0,0,0,0,0,0,1,0,0,0,0,0,0,0,0,0,0,0,0,0,0,0,0,0,1,0,1,1,1,0,0,1,1,0,0,0,0,1,0,0,1,1,1,0,0,0,1,0,1,0,0,0,1,0,0,0,0,0,0,1,0,0,1,1,0,0,1,0,0,0,1,0,0,0,0,1,0,0,1,1,0,0,0,1,0,0,0,0,1,1,0,0,1,0,1,0,1,1,0,1,0,0,1,1,1,0,1,0,0
CHEMBL204_5,37,33,-1,-1,-1,2.0,2.670287397005928,2.7949855294657535,6.129535990481855,0.11012969048987206,0.12205932287061078,1.6724726283115994,3.298350716662193,0.16370910553385715,0.08900971318903579,-0.1304554439931276,-1.0942978613094028,6.774774774774775,3.867933587144289,-0.011049196868551709,-0.9289234521980454,0.01969111969111969,0.05716633944728719,3.1126563853296054,8.486872356840344,0.8108108108108109,0.3916588309780929,-1.5871507864874157,0.5190476190476199,2.0,2.670287397005928,2.7949855294657535,6.129535990481855,2.0,0.0,0,0,1.7837837837837838,2.219509747853817,3.358302324559387,10.24395482157859,0.0,0.0,0,0,0.004165969683211062,0.012487925309780466,2.934290799415175,7.474247833303828,0.0434782608695652,0.05291201414197966,2.810860184471194,6.198027613390659,0.04347826086956524,0.0308371855085567,-0.6128521724533443,1.0096208640145887,1.173913043478261,0.3790346907426672,1.720618004029213,0.9605263157894743,2.088631705086376,66.0,234.0,0.0,118.0,1776.0,8.0,0.0,0.0,0.0,398.0,526.0,13080.0,0.0,0.0,0.0,0.0,36.0,0.0,0.0,0.0,0.0,0.0,0.0,0.0,0.0,0.0,0.0,0.0,0.0,0.0,0.0,1,1,0,1,1,1,0,0,0,1,1,1,0,0,0,0,1,0,0,0,0,0,0,0,0,0,0,0,0,0,0,7.1,2.211334438749598,3.202685430504895,10.162946792628007,2.0,0.7745966692414834,0.6454972243679028,0.3333333333333335,0.0,0.0,0,0,3.2,0.6,-0.11111111111111195,-0.44444444444444464,0.3,0.45825756949558394,0.8728715609439694,-1.2380952380952381,14.210400000000003,4.4327456547832735,3.2116189330630793,10.209597478683614,0.7,0.8426149773176358,1.1132346258550792,0.5859948422931964,298.32,104.73,-0.12759999999999966,0,6,0,0,0,0,0,0,0,0,0,0,0,0,0,0,0,0,0,1,0,0,0,0,0,0,1,0,0,0,0,0,0,0,1,1,0,0,0,0,0,0,0,0,0,0,0,0,0,0,0,0,0,1,0,1,1,1,0,0,1,1,1,1,0,0,1,0,0,1,1,1,0,1,1,1,0,0,0,0,0,1,0,1,1,0,0,0,0,0,1,0,1,0,1,0,1,1,0,1,0,0,1,0,1,0,1,0,1,0,0,1,1,1,1,1,0,0,1,1,0,0,0,0,0,0,1,0,1,1,0,0,1,1,1,0,0,0,1,0,1,1,1,0,1,1,0,0,1,0,1,0,0,1,1,1,1,1,1,1,1,1,1,1,1,1,1,1,0,0
CHEMBL204_6,37,36,-1,-1,-1,2.16,3.1455365202139998,2.9909071795886555,7.543341097252187,0.11256320243902292,0.11981883192427879,1.8171328804594145,4.298150530339016,0.20150995555602003,0.10355862583289097,-0.29092850465703524,-1.0386336930736937,8.18918918918919,4.356299529283091,-0.15959973868348984,-0.8021965788772096,0.020677820677820678,0.06260696510149841,3.559980422737724,11.799556780841055,0.8108108108108109,0.3916588309780929,-1.5871507864874157,0.5190476190476199,2.16,3.1455365202139998,2.9909071795886555,7.543341097252187,2.0,0.0,0,0,1.945945945945946,2.6807214231302576,3.51737716199961,11.632538628113307,0.0,0.0,0,0,0.018645918645918642,0.04531941852150506,2.2296182878808892,3.329971715311274,0.04,0.05324642225869456,3.015845123270655,7.689410709614647,0.039999999999999994,0.19948329361608355,3.113518430942001,8.356712311545728,1.24,0.4270831300812524,1.2175615550562027,-0.5175438596491229,0.24701613200449596,72.0,334.0,0.0,276.0,3258.0,48.0,0.0,0.0,0.0,1040.0,1614.0,32088.0,0.0,0.0,0.0,0.0,264.0,0.0,0.0,0.0,48.0,0.0,0.0,0.0,0.0,0.0,0.0,0.0,0.0,0.0,0.0,1,1,0,1,1,1,0,0,0,1,1,1,0,0,0,0,1,0,0,0,1,0,0,0,0,0,0,0,0,0,0,7.0,2.5105836578433913,3.274598645804886,9.652644230769232,2.1818181818181817,0.7158188976374373,-0.28267770203268144,-1.026534859521332,0.0,0.0,0,0,3.1818181818181817,0.385694607919935,1.6499158227686126,0.7222222222222259,0.5151515151515151,0.4997703788627467,-0.060633906259083194,-1.9963235294117645,14.054454545454545,5.203509381590228,3.328491344997026,10.03643974326915,0.6363636363636364,0.7310507928372617,1.1499540077997552,1.3495057923264984,484.96500000000015,100.50999999999999,2.3114999999999997,2,5,0,0,0,0,0,0,0,0,0,0,0,0,0,0,0,0,0,0,0,0,0,0,0,0,0,0,0,0,0,0,0,0,0,0,0,0,1,0,0,0,0,0,0,0,0,0,0,0,0,0,0,0,0,0,1,0,0,0,0,0,0,0,1,0,0,1,0,0,0,0,0,0,0,0,0,1,0,0,0,1,1,1,0,1,0,1,1,1,1,0,1,1,1,0,0,0,1,0,1,0,1,0,0,1,1,0,0,1,0,0,1,1,0,1,0,0,1,1,0,0,1,1,1,0,0,1,0,1,0,1,0,1,0,1,1,1,1,1,1,0,1,0,1,1,1,1,1,0,1,0,1,1,0,1,1,0,1,0,1,1,1,1,1,1,1,1,0,1
CHEMBL204_7,35,32,-1,-1,-1,2.0952380952380953,2.7758269793885093,2.626598684222,5.193735989144322,0.1123734916999867,0.12626807567465975,1.5658574849501328,2.6294442960092184,0.16607627125097268,0.09236215181681241,-0.06285593405490672,-1.1878748891612556,6.438095238095238,3.7410391804497136,0.04640812396339019,-0.9851690819209766,0.01751973516679399,0.051163366617627194,3.3229146616107688,9.918702621101534,0.8,0.4,-1.5000000000000002,0.2500000000000009,2.0952380952380953,2.7758269793885093,2.626598684222,5.193735989144322,2.0,0.0,0,0,1.8285714285714285,2.2738980286938895,3.244746135581083,9.449765944568286,0.0,0.0,0,0,0.013223995576936754,0.0335883028560646,2.3110336904747615,3.724414987187015,0.04761904761904763,0.057718810825611505,2.647604243017476,5.275355683221385,0.04761904761904761,0.08127326742061362,2.746372131715947,5.746237853746491,1.2380952380952381,0.4259177099999599,1.2298373876248838,-0.48750000000000027,-1.1459569096254356,64.0,234.0,0.0,152.0,1776.0,24.0,0.0,0.0,0.0,536.0,686.0,13080.0,0.0,0.0,0.0,0.0,106.0,0.0,0.0,0.0,12.0,0.0,0.0,0.0,0.0,0.0,0.0,0.0,0.0,0.0,0.0,1,1,0,1,1,1,0,0,0,1,1,1,0,0,0,0,1,0,0,0,1,0,0,0,0,0,0,0,0,0,0,7.0,1.874873733122184,3.3933319631731327,13.264565992865638,2.0606060606060606,0.8855538906789369,0.4052622425132362,-0.6753204372315982,0.0,0.0,0,0,3.4545454545454546,0.4979295977319692,0.18257418583505505,-1.9666666666666663,0.18181818181818182,0.385694607919935,1.6499158227686108,0.7222222222222223,14.100242424242424,3.8619177841499313,3.159987792764295,11.487138451838847,0.8181818181818182,0.9030099651970508,0.6122031584722516,-0.9288714390065742,492.5240000000002,148.69,0.3062700000000034,1,8,0,0,0,0,0,0,0,0,0,0,0,0,0,0,0,0,0,0,0,0,0,0,0,0,0,1,0,0,0,0,0,0,1,1,0,0,0,0,0,0,0,0,1,1,0,0,0,0,0,0,0,1,0,0,0,1,0,0,1,1,1,1,0,0,1,0,0,1,0,1,0,0,0,1,0,1,0,1,1,1,0,1,1,0,1,1,1,0,1,0,1,1,1,0,1,1,0,0,1,0,1,0,1,0,1,0,1,1,1,0,1,1,1,0,0,0,1,1,1,1,1,1,1,0,1,0,0,0,1,1,1,1,0,0,1,0,1,1,1,0,1,0,1,0,0,1,1,1,1,0,0,1,0,1,1,1,1,0,1,1,1,1,1,1,1,1,0,1
CHEMBL204_8,36,33,-1,-1,-1,2.0,2.614064523559687,2.8550996224007053,6.526472337894111,0.11385050243311509,0.1217203387832331,1.6471858555651009,3.2013225186045107,0.17404159232357047,0.08510439750423374,-0.20793888074409625,-0.9628142287268684,7.187962962962962,3.7293166452586948,-0.08387288406305482,-0.791670051590478,0.026143790849673203,0.06989757538009982,3.054744371014118,8.501223150537408,0.8055555555555556,0.3957724124659724,-1.544097293955913,0.3842364532019724,2.0,2.614064523559687,2.8550996224007053,6.526472337894111,2.0,0.0,0,0,1.8333333333333333,2.2422706745122856,3.2836353554653797,9.77351118708219,0.0,0.0,0,0,0.005342058850830781,0.01557410225673051,2.695948437877345,5.51444978662829,0.041666666666666664,0.04930664223320859,2.8552834864282257,6.553485300737885,0.04166666666666666,0.17711086334705442,2.998078855633996,7.268196929745564,1.1666666666666667,0.3726779962499649,1.7888543819998313,1.1999999999999993,-1.108257432875686,66.0,236.0,0.0,116.0,1776.0,8.0,0.0,0.0,0.0,382.0,488.0,13080.0,0.0,0.0,0.0,0.0,34.0,0.0,0.0,0.0,0.0,0.0,0.0,0.0,0.0,0.0,0.0,0.0,0.0,0.0,0.0,1,1,0,1,1,1,0,0,0,1,1,1,0,0,0,0,1,0,0,0,0,0,0,0,0,0,0,0,0,0,0,6.8,1.8511257835886428,4.077443029045009,17.382640161092517,2.066666666666667,0.813770374382247,0.24851867656013746,-0.689428404125942,0.0,0.0,0,0,3.4,0.48989794855663565,0.4082482904638634,-1.8333333333333333,0.2,0.4,1.5,0.2499999999999991,13.610466666666671,3.71041327198048,4.087708952361825,17.452307998029333,1.0,0.9660917830792959,0.44361357386294203,-1.0102040816326532,438.55400000000026,148.69,-0.40410999999999553,1,8,0,0,0,0,0,0,0,0,0,0,0,0,0,0,0,0,0,0,0,0,0,0,0,0,0,1,0,0,0,0,0,0,1,1,0,0,0,0,0,0,0,0,0,1,0,0,0,0,0,0,0,1,0,0,0,1,0,0,1,1,1,1,0,0,1,0,0,1,0,1,0,0,0,1,0,1,0,1,1,1,0,1,1,0,1,1,1,0,1,0,1,1,1,0,1,1,0,0,1,0,1,0,1,0,1,0,1,0,1,0,1,1,1,0,0,0,1,1,1,1,1,1,1,0,1,0,0,0,1,1,1,1,0,0,0,0,1,1,1,0,1,0,1,0,0,1,1,1,1,1,0,1,0,1,1,1,1,0,1,1,1,1,1,1,1,1,0,1
CHEMBL204_9,36,33,-1,-1,-1,2.0,2.614064523559687,2.8550996224007053,6.526472337894111,0.1143106012487376,0.12128835154263531,1.6793140267417526,3.379292108978584,0.18073116983658233,0.08951474406076163,-0.21695848854141836,-0.9326294262982886,7.303703703703704,3.806494432259923,-0.0870447204489266,-0.7776009548390532,0.024369747899159664,0.06715332108909933,3.0684756880832245,8.355716733026004,0.8055555555555556,0.3957724124659724,-1.544097293955913,0.3842364532019724,2.0,2.614064523559687,2.8550996224007053,6.526472337894111,2.0,0.0,0,0,1.8333333333333333,2.242270674512285,3.283635355465382,9.7735111870822,0.0,0.0,0,0,0.004036087369420702,0.012126868745605066,3.0467764267425985,8.423273743143149,0.041666666666666664,0.04932038658569274,2.86331801956077,6.556710596801301,0.041666666666666664,0.07597287009951981,3.039274378901132,7.65300489591303,1.1666666666666667,0.3726779962499649,1.7888543819998313,1.1999999999999993,-0.5070255967495534,66.0,236.0,0.0,138.0,1776.0,8.0,0.0,0.0,0.0,404.0,616.0,13080.0,0.0,0.0,0.0,0.0,36.0,0.0,0.0,0.0,0.0,0.0,0.0,0.0,0.0,0.0,0.0,0.0,0.0,0.0,0.0,1,1,0,1,1,1,0,0,0,1,1,1,0,0,0,0,1,0,0,0,0,0,0,0,0,0,0,0,0,0,0,6.7272727272727275,1.7799000188592016,4.28420386800263,19.372396219281665,2.121212121212121,0.7690046994211832,0.18956258063111311,-0.49639288607692755,0.0,0.0,0,0,3.3333333333333335,0.4714045207910317,0.7071067811865466,-1.500000000000001,0.30303030303030304,0.459568208730397,0.8571946154145232,-1.2652173913043474,13.465060606060606,3.56749705943175,4.294987692092512,19.450195227409306,0.9090909090909091,0.8656276883082242,0.4563780494451584,-0.8776492214532872,474.5870000000003,148.69,0.44067000000000345,1,8,0,0,0,0,0,0,0,0,0,0,0,0,0,0,0,0,0,0,0,0,0,0,0,0,0,1,0,0,0,0,0,0,1,1,0,0,0,0,0,0,0,0,0,1,0,0,0,0,0,0,0,1,0,0,0,1,0,0,1,1,1,1,0,0,1,0,0,1,0,1,0,0,0,1,0,1,0,1,1,1,0,1,1,0,1,1,1,0,1,0,1,1,1,0,1,1,0,0,1,0,1,1,1,0,1,1,1,0,1,0,1,1,1,0,0,0,1,1,1,1,1,1,1,0,1,1,0,0,1,1,1,1,0,0,0,0,1,1,1,0,1,0,1,0,0,1,1,1,1,0,0,1,0,1,1,1,1,0,1,1,1,1,1,1,1,1,0,1
CHEMBL204_10,37,36,-1,-1,-1,2.260869565217391,3.053399976709468,2.7762639645030824,6.019239762966114,0.11053336618673366,0.12169388639720762,1.6032785247288264,2.86538608064233,0.17663738143488436,0.09937041094572027,-0.14827959785843106,-1.244303413997876,7.2342342342342345,4.216986146687056,-0.053333182069889386,-1.0371327973496551,0.017202917202917202,0.05161081668920127,3.60544595561218,11.71496419256744,0.8108108108108109,0.3916588309780929,-1.5871507864874157,0.5190476190476199,2.260869565217391,3.053399976709468,2.7762639645030824,6.019239762966114,2.0,0.0,0,0,1.945945945945946,2.5249666408922518,3.4254415021764997,10.66098042184996,0.0,0.0,0,0,0.037862822812485104,0.09272951289565518,3.517812252076043,13.963407614775125,0.043478260869565216,0.053972736280809404,2.8110753287133137,6.15425441806776,0.04347826086956521,0.021787459459443048,0.31667104896249126,0.26897100103783966,1.3478260869565217,0.47628048478710105,0.6390096504226936,-1.5916666666666672,-0.20355890049539907,72.0,304.0,0.0,248.0,2706.0,56.0,0.0,0.0,0.0,1028.0,1256.0,23880.0,0.0,0.0,0.0,0.0,268.0,0.0,0.0,0.0,48.0,0.0,0.0,0.0,0.0,0.0,0.0,0.0,0.0,0.0,36.0,1,1,0,1,1,1,0,0,0,1,1,1,0,0,0,0,1,0,0,0,1,0,0,0,0,0,0,0,0,0,1,6.75,1.1989578808281798,1.1422963552691923,-0.49527410207939493,2.125,0.9270248108869579,0.4560042706115019,-0.6472727272727274,0.0,0.0,0,0,3.53125,0.4990224819584785,-0.1252448582170299,-1.9843137254901961,0.375,0.4841229182759271,0.5163977794943223,-1.7333333333333334,13.695062499999999,2.7496090965069477,1.2239531039832652,-0.2783563698211582,0.6875,0.8454843286542927,0.9525047851972037,-0.10624384126130959,460.4180000000001,43.78,4.329900000000004,0,4,0,0,0,0,0,0,0,0,0,0,0,0,0,0,0,0,0,0,0,0,0,0,0,0,0,0,0,0,0,0,0,0,0,0,0,0,0,0,0,0,0,0,1,0,0,0,0,0,0,0,0,0,0,0,0,0,0,0,0,0,0,0,1,0,0,0,1,0,0,0,0,0,0,0,0,1,0,0,0,1,0,0,0,0,0,1,1,0,0,0,0,0,1,0,0,0,0,0,1,0,1,0,0,0,0,0,1,1,1,0,1,1,1,0,0,0,1,1,1,0,1,1,1,0,0,1,0,0,1,1,0,0,0,0,1,0,0,1,1,1,0,0,1,0,0,1,0,1,1,0,0,0,1,1,1,1,1,1,1,1,1,1,1,1,1,1,0,0
CHEMBL204_11,35,34,-1,-1,-1,2.1739130434782608,2.8076320506022503,2.7567514395470334,6.169473284681613,0.11579341410439399,0.12313940807668725,1.6056917717816843,3.0688968436064874,0.18799004705589578,0.09591984495372684,-0.166312319547643,-1.0245876259820925,7.332380952380952,3.896410523287605,-0.07086488787275656,-0.8516943266370722,0.02215431627196333,0.06243107052679245,3.417397614646075,10.917503306510994,0.8,0.4,-1.5,0.24999999999999956,2.1739130434782608,2.8076320506022503,2.7567514395470334,6.169473284681613,2.0,0.0,0,0,1.9428571428571428,2.389774133294455,3.2454092795607106,9.749694508109018,0.0,0.0,0,0,0.04239184375835997,0.16778297411463777,5.304610303729851,27.323035370490153,0.0434782608695652,0.05132482411625186,2.8078266364327007,6.393685659558692,0.043478260869565216,0.02893035596379272,0.08051035862811316,0.16753952424520646,1.2608695652173914,0.43910891036356847,1.0891622972743424,-0.8137254901960773,0.19021256194812836,68.0,264.0,0.0,230.0,2112.0,40.0,0.0,0.0,0.0,684.0,1104.0,17040.0,0.0,0.0,0.0,0.0,160.0,0.0,0.0,0.0,24.0,0.0,0.0,0.0,0.0,0.0,0.0,0.0,0.0,0.0,24.0,1,1,0,1,1,1,0,0,0,1,1,1,0,0,0,0,1,0,0,0,1,0,0,0,0,0,0,0,0,0,1,7.472222222222222,3.337381800746001,2.342827097385018,3.746134132811598,2.1666666666666665,0.7264831572567788,-0.26563927079749206,-1.0803324099722988,0.0,0.0,0,0,3.2777777777777777,0.4479032082388083,0.9922778767136684,-1.0153846153846147,0.4722222222222222,0.4992277987669841,0.11128297681493152,-1.987616099071207,15.075722222222222,7.024447232547165,2.3695844766365224,3.877583273721509,0.6388888888888888,0.8216777476527245,1.0528207287475235,0.15309061224489762,565.9100000000001,81.75,5.877000000000005,0,6,0,0,0,0,0,0,0,0,0,0,0,0,0,0,0,0,0,0,0,0,0,0,0,0,0,0,0,0,0,0,0,0,0,0,0,0,1,0,0,0,0,0,0,0,0,0,0,0,0,0,0,0,0,1,0,0,0,0,0,0,0,0,0,0,0,0,0,0,0,0,0,0,0,0,0,1,0,0,0,1,1,1,0,1,0,1,1,1,1,0,0,0,1,0,0,0,1,1,1,0,1,0,0,1,0,0,0,1,1,0,1,1,0,0,0,0,1,1,1,0,1,1,1,0,0,1,0,0,1,1,0,1,0,1,1,1,1,1,1,0,0,0,1,0,1,1,1,1,1,0,1,1,0,1,1,1,1,0,1,1,1,1,1,1,1,1,0,1
CHEMBL204_12,41,39,-1,-1,-1,2.0689655172413794,3.1615255427454056,3.4002591495450005,10.017254168914723,0.10605213391295681,0.1146437472998301,2.0915547452543017,6.204727547304907,0.19252992887675802,0.09611660667507668,-0.34518070150481994,-0.9198318852262122,8.969570267131243,4.660865801124603,-0.2304415589634972,-0.6825277061098358,0.02482801751094434,0.07228097857986875,3.7494075326876035,13.493726013983952,0.8292682926829268,0.3762743565985735,-1.7501500535908439,1.0630252100840334,2.0689655172413794,3.1615255427454056,3.4002591495450005,10.017254168914723,2.0,0.0,0,0,1.9024390243902438,2.7391014909983333,3.8976622409160826,14.304075408224325,0.0,0.0,0,0,0.009527904158771075,0.025908014541850974,2.4173616362295185,4.007296283049607,0.03448275862068966,0.04756841190679695,3.3988641245470483,10.023177486076673,0.03448275862068965,0.02892299634910663,-1.1779462001883099,1.7073793845905785,1.1724137931034482,0.377739694831149,1.7344547654330282,1.00833333333334,-0.4259278633106812,78.0,378.0,0.0,202.0,4110.0,24.0,0.0,0.0,0.0,952.0,1168.0,44760.0,0.0,0.0,0.0,0.0,138.0,0.0,0.0,0.0,12.0,0.0,0.0,0.0,0.0,0.0,0.0,0.0,0.0,0.0,0.0,1,1,0,1,1,1,0,0,0,1,1,1,0,0,0,0,1,0,0,0,1,0,0,0,0,0,0,0,0,0,0,6.482758620689655,0.8558395617924729,1.538781741206259,1.0302011300387965,2.206896551724138,0.7133848574336966,-0.3245795174669667,-1.0049786007511574,0.0,0.0,0,0,3.206896551724138,0.40508069394726653,1.4471361022898732,0.09420289855072861,0.5172413793103449,0.49970264642032547,-0.06900655593423559,-1.9952380952380953,13.008482758620692,1.815000800240912,1.7532193754577348,2.181534704616362,0.6896551724137931,0.7923534684880039,1.027157077897683,0.5522124655647391,397.4060000000001,103.45000000000002,4.496000000000002,0,7,0,0,0,0,0,0,0,0,0,0,0,0,0,0,0,0,0,0,0,0,0,0,1,0,0,0,0,0,0,0,0,0,0,0,0,0,0,0,0,0,0,0,1,0,0,0,0,0,0,0,0,0,0,1,1,0,0,0,0,0,0,0,0,0,0,1,0,0,0,0,0,0,0,0,0,0,0,0,0,0,1,0,0,1,0,0,0,1,0,0,0,0,1,0,0,1,1,1,0,0,0,1,0,0,0,1,0,1,0,1,1,0,0,1,0,0,0,1,0,0,0,1,0,1,0,1,1,1,0,1,0,1,0,1,1,1,1,1,0,1,1,0,1,1,1,1,1,1,0,0,1,1,1,1,1,1,1,1,1,1,1,1,1,1,1,1,0,0
CHEMBL204_13,40,40,-1,-1,-1,2.2142857142857144,3.341910732939881,3.3727087355898466,9.978243307571539,0.10852414388893838,0.11498917424337388,2.0914704846732697,6.351073255090197,0.20192718505527693,0.10287360969520692,-0.3346279631007666,-0.9805550245182135,9.058333333333334,4.7580647910211935,-0.24327084907724314,-0.7254517971726604,0.02240215924426451,0.06842404708010316,3.9449886337074997,14.676969758963796,0.825,0.3799671038392666,-1.7106744068953987,0.9264069264069255,2.2142857142857144,3.341910732939881,3.3727087355898466,9.978243307571539,2.0,0.0,0,0,2.0,2.8809720581775866,3.9143414812806223,14.609232109159525,0.0,0.0,0,0,0.04654646981893858,0.15909002215317264,5.379982048534766,29.26751908945031,0.03571428571428572,0.0490693731915732,3.3736790058032367,9.929814533610811,0.03571428571428574,0.15062268437152077,3.5780181399051196,11.687441272385387,1.3214285714285714,0.46702488680792925,0.7647191129018732,-1.415204678362573,1.6331099127264965,80.0,412.0,0.0,294.0,4740.0,56.0,0.0,0.0,0.0,1376.0,1810.0,55680.0,0.0,0.0,0.0,0.0,316.0,0.0,0.0,0.0,48.0,0.0,0.0,0.0,0.0,0.0,0.0,0.0,0.0,0.0,0.0,1,1,0,1,1,1,0,0,0,1,1,1,0,0,0,0,1,0,0,0,1,0,0,0,0,0,0,0,0,0,0,7.0,2.388698882852583,3.1203632659306084,8.894037623551919,2.176470588235294,0.7463869141440895,0.1262934688258939,-0.4253693916129788,0.0,0.0,0,0,3.088235294117647,0.2836367870880281,2.9034647452451887,6.4301075268817165,0.6764705882352942,0.467822756487849,-0.7544335361543182,-1.430830039525691,14.041558823529412,4.8162876672390125,3.0707501920322207,8.599541419186448,0.5294117647058824,0.6523845003770246,1.480057717393127,3.3983739837398366,495.5570000000001,105.23,5.204900000000003,0,7,0,0,0,0,0,0,0,0,0,0,0,0,0,0,0,0,0,0,0,0,0,0,0,0,0,0,0,0,0,0,0,0,1,1,0,0,1,0,0,0,0,0,1,0,0,0,0,1,0,0,0,1,0,0,0,1,0,0,1,1,1,1,1,0,1,1,0,1,0,1,0,0,0,1,0,0,0,1,0,0,0,1,0,1,0,0,0,1,1,0,0,0,1,0,1,0,1,1,0,0,0,0,1,0,0,0,1,1,0,0,1,0,1,0,0,0,0,1,0,0,1,1,0,0,1,1,0,0,0,0,1,1,0,1,1,1,1,1,0,0,1,0,1,0,0,1,1,0,1,0,0,1,1,0,1,0,1,0,1,1,1,1,1,1,1,1,0,0
CHEMBL204_14,41,38,-1,-1,-1,2.0,3.017192117824463,3.314339826398084,9.193181818181817,0.11253959544518523,0.10828242405613697,1.903727116137264,5.03784952520672,0.18837419776555617,0.09024383678071449,-0.49229620905638805,-0.7869851372683607,8.811382113821137,4.454844868815136,-0.30536766397071624,-0.5701287436914773,0.02514071294559099,0.08278993855967917,3.360574310372732,9.61340906678209,0.8292682926829268,0.3762743565985735,-1.7501500535908439,1.0630252100840334,2.0,3.017192117824463,3.314339826398084,9.193181818181817,2.0,0.0,0,0,1.853658536585366,2.6185173202737206,3.7786470846407845,13.075370822664432,0.0,0.0,0,0,0.029152148664343784,0.15459320787605957,6.036903931121788,34.93854673089303,0.03448275862068967,0.047711571989044466,3.3313289492827702,9.289332401337857,0.03448275862068965,0.05737837071347506,3.378198694133352,9.610114540802561,1.1379310344827587,0.3448275862068966,2.0999999999999983,2.4099999999999966,-0.5705078051728544,76.0,346.0,0.0,124.0,3492.0,8.0,0.0,0.0,0.0,338.0,660.0,34440.0,0.0,0.0,0.0,0.0,22.0,0.0,0.0,0.0,0.0,0.0,0.0,0.0,0.0,0.0,0.0,0.0,0.0,0.0,0.0,1,1,0,1,1,1,0,0,0,1,1,1,0,0,0,0,1,0,0,0,0,0,0,0,0,0,0,0,0,0,0,6.911764705882353,1.8687467813676557,3.454263003416721,13.640489701129056,2.0588235294117645,0.9055767246082737,0.35931899199459894,-0.8445227794691013,0.0,0.0,0,0,3.2941176470588234,0.5703152773430975,-0.09875309804605392,-0.5706201901312804,0.35294117647058826,0.47788461203740945,0.6154574548966633,-1.621212121212122,13.921382352941176,3.8507646988060613,3.2191267795175573,11.817440561312294,0.6764705882352942,0.8650259511678083,1.2197915075889476,0.7500604764609586,496.51100000000014,133.35999999999999,2.4062800000000015,2,9,0,0,0,0,0,0,0,0,0,0,0,0,0,0,0,0,0,0,0,0,0,0,0,0,0,0,0,0,0,0,0,0,1,1,0,0,0,0,0,0,0,1,1,0,0,0,0,0,0,0,0,1,0,1,0,1,0,0,1,0,1,1,1,0,0,0,0,1,0,0,0,0,0,1,0,0,0,0,0,1,1,1,0,0,1,0,0,0,1,0,0,1,1,1,1,1,0,1,0,0,1,0,1,0,1,0,1,1,0,0,1,1,1,0,0,0,1,1,0,0,0,0,1,0,1,1,0,0,0,0,1,1,1,0,1,0,1,0,0,0,1,0,1,0,0,1,1,0,1,1,0,1,0,1,1,1,1,0,1,1,1,1,1,1,1,1,0,0
CHEMBL204_15,36,32,-1,-1,-1,1.9166666666666667,2.6127359010984805,2.950502714163021,6.916185530415852,0.11612868644185731,0.1195487597721807,1.6937474779576627,3.848475585519143,0.17485983871663144,0.08407793262421241,-0.2859149304391199,-0.8976071457784389,7.171296296296297,3.6801176073009585,-0.10684321084046844,-0.6990603606836197,0.02558356676003735,0.07671297925116521,3.055771665657129,7.688246143944722,0.8055555555555556,0.3957724124659724,-1.544097293955913,0.3842364532019724,1.9166666666666667,2.6127359010984805,2.950502714163021,6.916185530415852,2.0,0.0,0,0,1.7777777777777777,2.237447840622474,3.3740466192376912,10.213891604494926,0.0,0.0,0,0,0.0,0.0,0,0,0.041666666666666664,0.05166231131518957,2.956981582116324,6.972678697986209,0.041666666666666664,0.11477698677563647,3.211777311513344,8.824126299799872,1.0,0.0,0,0,-0.4122377606498996,64.0,230.0,0.0,74.0,1770.0,0.0,0.0,0.0,0.0,186.0,306.0,13080.0,0.0,0.0,0.0,0.0,0.0,0.0,0.0,0.0,0.0,0.0,0.0,0.0,0.0,0.0,0.0,0.0,0.0,0.0,0.0,1,1,0,1,1,0,0,0,0,1,1,1,0,0,0,0,0,0,0,0,0,0,0,0,0,0,0,0,0,0,0,6.242424242424242,0.49422746758485114,1.9247043175561922,2.895952286731874,2.242424242424242,0.7397912494384062,0.029552829347583735,-0.4571415701995405,0.0,0.0,0,0,3.3636363636363638,0.4810456929208347,0.56694670951384,-1.6785714285714295,0.45454545454545453,0.49792959773196915,0.1825741858350553,-1.9666666666666666,12.494757575757575,0.9860471139491546,1.9229349405310965,2.885105518898609,0.9696969696969697,0.9369469596206247,0.502320752287635,-0.8572722816477301,444.5830000000002,100.03,3.1073700000000004,1,5,0,0,0,0,0,0,0,0,0,0,0,0,0,0,0,0,0,0,0,0,0,0,0,0,0,0,0,0,0,0,0,0,0,0,0,0,0,0,1,0,0,0,0,1,0,0,0,0,0,0,0,0,0,0,0,0,0,0,0,0,0,0,0,0,0,1,1,0,0,0,0,0,0,0,1,1,0,1,1,1,0,0,1,1,1,1,1,0,0,0,0,1,1,0,0,0,1,0,1,0,1,1,0,0,1,1,0,0,1,0,1,1,1,0,0,0,0,1,1,1,1,1,1,0,0,1,0,0,1,1,0,1,0,0,0,0,0,1,1,0,0,0,1,0,1,1,0,1,1,1,0,1,0,1,1,1,1,0,1,0,1,1,1,1,1,1,0,1
CHEMBL204_16,39,37,-1,-1,-1,2.16,3.0942527369301946,2.9690589288100533,7.1302820221124374,0.10907884391026904,0.11722982322013799,1.7447483330579314,3.80729354488661,0.17762340691040251,0.09822586731409655,-0.21475495331696343,-1.1501808789541423,7.71794871794872,4.428427953554206,-0.11622539428547868,-0.9622639398239259,0.018382755224860492,0.057157276306307805,3.6110621559018066,11.922047338934545,0.8205128205128205,0.3837597319768145,-1.6703827619526517,0.7901785714285703,2.16,3.0942527369301946,2.9690589288100533,7.1302820221124374,2.0,0.0,0,0,1.8974358974358974,2.5799510211497982,3.5983457158822647,11.887885673983966,0.0,0.0,0,0,0.025258345990053305,0.08244720107033914,4.924814781624226,25.235027389147874,0.04,0.05272149657212614,2.9961799089842973,7.219413354569541,0.039999999999999994,0.057296180425212596,3.035270291977866,7.638137403879567,1.28,0.448998886412873,0.9799578870122222,-1.0396825396825407,0.6239457865888567,74.0,326.0,0.0,214.0,3102.0,32.0,0.0,0.0,0.0,862.0,1148.0,29160.0,0.0,0.0,0.0,0.0,154.0,0.0,0.0,0.0,12.0,0.0,0.0,0.0,0.0,0.0,0.0,0.0,0.0,0.0,24.0,1,1,0,1,1,1,0,0,0,1,1,1,0,0,0,0,1,0,0,0,1,0,0,0,0,0,0,0,0,0,1,6.588235294117647,1.7676446119196139,4.503021694901309,20.762508140086762,2.235294117647059,0.6885117594540956,0.19643989940202886,-0.05647610421439664,0.0,0.0,0,0,3.1470588235294117,0.3541645464350675,1.9930915164897607,1.97241379310345,0.7647058823529411,0.4241825029957635,-1.2480754415067645,-0.44230769230769384,13.21720588235294,3.586813347112479,4.378222364485007,19.653504628767575,0.6470588235294118,0.7624400821656308,1.4879251603487431,2.6011904761904745,471.5610000000002,72.70000000000002,5.812900000000004,1,6,0,0,0,0,0,0,0,0,0,0,0,0,0,0,0,0,0,0,0,0,0,0,0,0,0,0,0,0,0,0,0,0,0,0,0,0,1,0,0,0,0,0,1,0,0,0,0,1,0,0,0,0,1,0,0,0,0,0,0,0,0,0,1,0,0,1,1,0,0,0,0,0,0,0,1,1,0,1,0,1,1,1,0,1,0,0,0,1,1,0,0,0,1,0,1,0,1,1,0,0,0,1,0,0,0,1,1,1,0,0,1,0,1,0,0,0,0,1,0,0,1,1,1,0,1,1,0,0,0,0,1,0,0,1,1,1,0,1,0,0,0,0,1,0,0,1,0,0,1,1,0,1,0,0,1,0,1,0,1,0,1,1,1,1,1,1,0,0
CHEMBL204_17,38,38,-1,-1,-1,2.230769230769231,3.1660177888087198,3.0677672155141336,7.846330335972924,0.1118185111260337,0.11752621002670546,1.7825044763759754,4.0557791959662195,0.1992668084314392,0.10174588679223776,-0.3070707311166048,-1.0418799451043375,8.438596491228072,4.462345882907458,-0.20003832128696253,-0.8200281872069195,0.02177177177177178,0.06404466467450332,3.6502213618742547,12.150453426412998,0.8157894736842105,0.3876557858593746,-1.6292261599251139,0.6543778801843323,2.230769230769231,3.1660177888087198,3.0677672155141336,7.846330335972924,2.0,0.0,0,0,2.0,2.7144835701531846,3.5918434383634104,11.949897959183675,0.0,0.0,0,0,0.0339748046455108,0.08893528997300247,3.916610666616767,17.05497594979996,0.03846153846153846,0.04978642569632676,3.089184610815132,7.921227621035126,0.03846153846153847,0.021388119989795385,1.640366728685018,2.659441474163656,1.3076923076923077,0.46153846153846145,0.8333333333333339,-1.3055555555555545,0.9670090696423729,76.0,356.0,0.0,294.0,3570.0,56.0,0.0,0.0,0.0,1222.0,1646.0,36024.0,0.0,0.0,0.0,0.0,296.0,0.0,0.0,0.0,48.0,0.0,0.0,0.0,0.0,0.0,0.0,0.0,0.0,0.0,36.0,1,1,0,1,1,1,0,0,0,1,1,1,0,0,0,0,1,0,0,0,1,0,0,0,0,0,0,0,0,0,1,6.9411764705882355,2.6002395418000406,3.376958845324984,10.189412265106663,2.176470588235294,0.8214258849275848,-0.01762744305327767,-0.9382248520710066,0.0,0.0,0,0,3.235294117647059,0.42418250299576343,1.248075441506765,-0.44230769230769207,0.6176470588235294,0.4859621071134796,-0.484182026135042,-1.7655677655677655,13.976529411764707,5.5287668459947055,3.419301922438866,10.407684304684127,0.6470588235294118,0.903664205631601,1.4704175517770592,1.357835392128698,497.37800000000027,92.43,6.628200000000006,0,5,0,0,0,0,0,0,0,0,0,0,0,0,0,0,0,0,0,0,0,0,0,0,0,0,0,0,0,0,0,0,0,0,0,0,0,0,0,0,0,0,0,0,0,0,0,0,0,0,0,0,0,0,0,0,1,0,0,1,0,0,0,0,1,0,0,1,1,0,0,0,0,0,1,0,1,0,0,0,0,0,1,0,1,1,0,0,0,1,0,0,0,0,1,0,0,1,1,1,1,0,0,1,0,1,1,1,0,1,0,1,1,1,1,0,0,0,0,1,0,0,1,1,0,0,0,1,0,0,0,0,0,1,1,1,1,1,1,1,0,1,1,1,1,0,1,1,1,0,0,1,1,1,1,1,1,1,1,1,1,1,1,1,1,1,1,1,0,0
CHEMBL204_18,41,37,-1,-1,-1,2.0,3.2317865716108862,3.5485279897882314,11.441149841557266,0.10072722681330697,0.11934935978437268,2.548300542692767,9.84769342193875,0.17908973084974794,0.09832496173347689,-0.24225289368905248,-1.043908471056716,8.204065040650407,4.670752828498807,-0.12578107067184569,-0.7768633206068563,0.019480925578486557,0.06457454107362155,3.929064667483839,15.255659447175773,0.8292682926829268,0.3762743565985735,-1.7501500535908439,1.0630252100840334,2.0,3.2317865716108862,3.5485279897882314,11.441149841557266,2.0,0.0,0,0,1.8048780487804879,2.7069874552145374,4.21275778658029,17.54523668806818,0.0,0.0,0,0,0.004109934728735802,0.013126867599630415,3.123837908473618,8.41491908026441,0.03703703703703703,0.05464782876123178,3.550162850975074,11.435105619204172,0.037037037037037035,0.01960977960451237,0.22945917553556494,-0.12863753845597303,1.1481481481481481,0.3552467795046459,1.9808869335422108,1.9239130434782625,-0.5534861853001998,74.0,360.0,0.0,126.0,4140.0,8.0,0.0,0.0,0.0,540.0,774.0,48840.0,0.0,0.0,0.0,0.0,44.0,0.0,0.0,0.0,0.0,0.0,0.0,0.0,0.0,0.0,0.0,0.0,0.0,0.0,0.0,1,1,0,1,1,1,0,0,0,1,1,1,0,0,0,0,1,0,0,0,0,0,0,0,0,0,0,0,0,0,0,7.115384615384615,2.7780308891914385,2.9483967993641373,7.207328234110564,2.1538461538461537,0.8177035240565116,0.13236691864866587,-0.7323987782911741,0.0,0.0,0,0,3.230769230769231,0.4213250442347432,1.2780193008453868,-0.3666666666666685,0.6153846153846154,0.4865042554105199,-0.47434164902525705,-1.775,14.297846153846155,5.763090628448939,2.988488340468065,7.477129078798519,0.7307692307692307,0.9828409491677415,1.2879738928290454,0.5521787767143733,390.8960000000001,79.78,4.251700000000003,0,4,0,0,0,0,0,0,0,0,0,0,0,0,0,0,0,0,0,0,0,0,0,0,0,0,0,0,0,0,0,0,0,0,0,0,0,0,1,0,1,0,0,0,0,0,0,0,0,0,0,0,0,0,1,0,0,0,0,0,0,0,0,0,1,0,0,1,1,0,0,0,0,0,0,0,1,1,0,1,0,1,1,1,1,1,0,0,0,1,1,0,0,0,1,0,1,1,1,1,1,0,1,0,0,1,0,0,0,1,0,0,1,0,1,1,0,0,0,1,0,0,1,1,1,0,1,1,0,1,0,0,0,1,0,1,1,1,1,1,0,0,0,1,1,1,1,0,0,0,1,1,1,1,0,1,1,1,1,0,1,1,1,1,1,1,1,1,0,1
CHEMBL204_19,39,36,-1,-1,-1,2.0,3.0061665018819292,3.1492643899888466,8.185299650631553,0.11207668840366444,0.11436713495359385,1.8507221524749082,4.431056228699451,0.191716271445781,0.09475258228363843,-0.36210129874510455,-0.8727205530351094,8.394871794871795,4.341852496713996,-0.21688764029885083,-0.6816270258718484,0.02359849728270781,0.07268499676834965,3.363064047142732,10.207801062251018,0.8205128205128205,0.3837597319768145,-1.6703827619526517,0.7901785714285703,2.0,3.0061665018819292,3.1492643899888466,8.185299650631553,2.0,0.0,0,0,1.8461538461538463,2.5873306860344427,3.6249694159661443,12.004535196605056,0.0,0.0,0,0,0.0030642053897867853,0.009541968624576293,3.1586912821391104,9.236989790345111,0.037037037037037035,0.050787666449803835,3.1607878588215037,8.248568110900392,0.03703703703703704,0.2288819521604636,-2.954133312709176,7.562918133901441,1.1481481481481481,0.3552467795046459,1.9808869335422108,1.9239130434782625,0.04868070379709141,72.0,322.0,0.0,160.0,3102.0,8.0,0.0,0.0,0.0,534.0,882.0,29160.0,0.0,0.0,0.0,0.0,44.0,0.0,0.0,0.0,0.0,0.0,0.0,0.0,0.0,0.0,0.0,0.0,0.0,0.0,0.0,1,1,0,1,1,1,0,0,0,1,1,1,0,0,0,0,1,0,0,0,0,0,0,0,0,0,0,0,0,0,0,7.08,2.8272955275315663,2.945142929156446,7.040957185283862,2.16,0.7838367176906171,0.2097056648281165,-0.4559733072916683,0.0,0.0,0,0,3.24,0.4270831300812524,1.217561555056201,-0.5175438596491251,0.64,0.48,-0.5833333333333335,-1.659722222222222,14.229800000000001,5.866971525412409,2.9796620429090046,7.281898424935678,0.76,0.9911609354691094,1.2335746557579024,0.40921919595963985,374.89700000000016,59.81,4.958400000000004,0,4,0,0,0,0,0,0,0,0,0,0,0,0,0,0,0,0,0,0,0,0,0,0,0,0,0,0,0,0,0,0,0,0,0,0,0,0,1,0,1,0,0,0,0,0,0,0,0,0,0,0,0,0,1,0,0,0,0,0,0,0,0,0,1,0,0,1,1,0,0,0,0,0,0,0,1,1,0,1,0,1,1,1,1,1,0,0,0,1,1,0,0,0,1,0,1,1,1,1,1,0,1,0,0,1,0,0,0,1,0,0,1,0,1,0,0,0,0,1,0,0,1,1,1,0,1,1,0,0,0,0,0,0,0,1,1,1,0,1,0,0,0,1,1,0,1,0,0,0,1,1,1,1,0,1,1,1,1,0,1,0,1,1,1,1,1,1,0,1
CHEMBL204_20,36,33,-1,-1,-1,2.0,2.753785273643051,2.9809118696940358,7.226301171356118,0.11402889713637647,0.12155323276507064,1.8206142227052233,4.50897439028754,0.1804572411093871,0.08937542634743402,-0.22030116030707564,-0.9542433011694795,7.357407407407408,3.8415299735551867,-0.09059660430457256,-0.7538957297784483,0.02446311858076564,0.06946970093645974,3.2869384107265356,9.847761835895428,0.8055555555555556,0.3957724124659724,-1.544097293955913,0.3842364532019724,2.0,2.753785273643051,2.9809118696940358,7.226301171356118,2.0,0.0,0,0,1.8333333333333333,2.351122663277647,3.444663945945029,10.85896820787354,0.0,0.0,0,0,0.004860408232118758,0.014088579093278231,2.688724011004983,5.597123769165284,0.041666666666666664,0.05201493055481407,2.984247945119951,7.246853847857011,0.041666666666666664,0.07354870248972771,-2.292551704985807,5.01501158453466,1.1666666666666667,0.3726779962499649,1.7888543819998313,1.1999999999999993,-1.471165665922802,66.0,254.0,0.0,120.0,2100.0,8.0,0.0,0.0,0.0,400.0,546.0,17040.0,0.0,0.0,0.0,0.0,36.0,0.0,0.0,0.0,0.0,0.0,0.0,0.0,0.0,0.0,0.0,0.0,0.0,0.0,0.0,1,1,0,1,1,1,0,0,0,1,1,1,0,0,0,0,1,0,0,0,0,0,0,0,0,0,0,0,0,0,0,6.346153846153846,0.7307692307692307,2.3163726490742103,4.836043308446073,2.1538461538461537,0.7692307692307692,0.23700000000000057,-0.35539999999999816,0.0,0.0,0,0,3.230769230769231,0.42132504423474315,1.278019300845387,-0.3666666666666676,0.6538461538461539,0.47574295680203776,-0.6467616667635546,-1.581699346405229,12.740192307692308,1.603285329451105,2.6134696934796877,6.675668048185852,0.8076923076923077,0.9615384615384617,1.170432,0.43941375999999943,352.4130000000001,59.81,4.382600000000004,0,4,0,0,0,0,0,0,0,0,0,0,0,0,0,0,0,0,0,0,0,0,0,0,0,0,0,0,0,0,0,0,0,0,0,0,0,0,0,0,1,0,0,0,1,0,0,0,0,0,0,0,0,0,1,0,0,0,0,0,0,0,0,0,1,0,0,1,1,0,0,0,0,0,0,0,1,1,0,1,0,1,1,0,1,1,0,0,0,1,0,0,0,0,1,0,1,1,1,1,1,0,1,0,0,0,0,0,0,1,0,0,1,0,1,0,0,0,0,1,0,0,1,1,1,0,1,1,0,0,0,0,0,0,0,1,1,1,0,1,0,0,0,1,1,0,1,1,0,0,1,1,1,1,0,1,1,1,1,0,1,0,1,1,1,1,1,1,0,1
CHEMBL204_21,37,34,-1,-1,-1,2.0,2.8284271247461903,3.022881489572491,7.362500000000001,0.11390202729522718,0.11854684814479194,1.747589238057266,3.8852669346192137,0.18281694042774044,0.09037823930166088,-0.2637083170984516,-0.9345658191127475,7.664864864864866,3.9889200593640326,-0.13210278890008786,-0.742468690369686,0.024538824538824538,0.07102257906196753,3.3224945970060333,10.010091879049893,0.8108108108108109,0.3916588309780929,-1.5871507864874157,0.5190476190476199,2.0,2.8284271247461903,3.022881489572491,7.362500000000001,2.0,0.0,0,0,1.837837837837838,2.421899115375119,3.488731386016442,11.002581322531167,0.0,0.0,0,0,0.004479263746505126,0.01317579927807326,2.73987418596189,5.900443342391258,0.04000000000000001,0.05131856509410448,3.02474817475907,7.371402458720398,0.040000000000000036,0.5427474697206098,3.04154214028461,7.712066194175307,1.16,0.36660605559646714,1.8548520670059365,1.4404761904761942,0.40944700321440525,68.0,274.0,0.0,126.0,2370.0,8.0,0.0,0.0,0.0,444.0,600.0,19920.0,0.0,0.0,0.0,0.0,38.0,0.0,0.0,0.0,0.0,0.0,0.0,0.0,0.0,0.0,0.0,0.0,0.0,0.0,0.0,1,1,0,1,1,1,0,0,0,1,1,1,0,0,0,0,1,0,0,0,0,0,0,0,0,0,0,0,0,0,0,6.24,0.5122499389946279,2.062636391772686,3.388013087447943,2.16,0.7310266752998826,0.3568109511821733,0.03956757144393652,0.0,0.0,0,0,3.2,0.39999999999999997,1.4999999999999996,0.24999999999999778,0.68,0.46647615158762407,-0.7717436331412901,-1.4044117647058822,12.489880000000001,1.0219012993435328,2.0608912057176663,3.377657323194925,0.88,0.9516301802696255,1.0765235467096366,0.3249946934035881,334.4230000000001,59.81,4.243500000000003,0,4,0,0,0,0,0,0,0,0,0,0,0,0,0,0,0,0,0,0,0,0,0,0,0,0,0,0,0,0,0,0,0,0,0,0,0,0,0,0,1,0,0,0,0,0,0,0,0,0,0,0,0,0,1,0,0,0,0,0,0,0,0,0,1,0,0,1,1,0,0,0,0,0,0,0,1,1,0,1,0,1,1,0,1,1,0,0,0,0,0,0,0,0,1,0,1,1,1,1,1,0,1,0,0,0,0,0,0,0,0,0,1,0,1,0,0,0,0,1,0,0,1,1,1,0,1,1,0,0,0,0,0,0,0,1,0,1,0,1,0,0,0,1,1,0,1,1,0,0,1,1,1,1,0,1,1,1,1,0,1,0,1,1,1,1,1,1,0,1
CHEMBL204_22,39,34,-1,-1,-1,1.92,2.841408101628487,3.0626405435413595,7.515815024957073,0.10940544036496046,0.11692508396223082,1.8587770056555042,4.9147266811148445,0.16457399857326085,0.08732116326469735,-0.2635297450088907,-1.0626382818061635,7.277777777777779,4.084058601791605,-0.09969792328142374,-0.8381039998134878,0.020862968231389285,0.06855963249298391,3.2724032681712845,9.07290747319039,0.8205128205128205,0.3837597319768145,-1.6703827619526517,0.7901785714285703,1.92,2.841408101628487,3.0626405435413595,7.515815024957073,2.0,0.0,0,0,1.7435897435897436,2.3720374096365595,3.6376894441720635,12.007475570104619,0.0,0.0,0,0,0.0,0.0,0,0,0.04000000000000001,0.05408877149694253,3.0614243822622473,7.495005713324932,0.04,0.014544440704621214,0.21808452255110639,0.4295870358023075,1.0,0.0,0,0,0.6526038436393712,68.0,270.0,0.0,64.0,2370.0,0.0,0.0,0.0,0.0,222.0,310.0,19920.0,0.0,0.0,0.0,0.0,0.0,0.0,0.0,0.0,0.0,0.0,0.0,0.0,0.0,0.0,0.0,0.0,0.0,0.0,0.0,1,1,0,1,1,0,0,0,0,1,1,1,0,0,0,0,0,0,0,0,0,0,0,0,0,0,0,0,0,0,0,6.384615384615385,0.7378202343558031,2.124807208462037,4.10326086956521,2.1538461538461537,0.7692307692307692,0.23700000000000057,-0.35539999999999816,0.0,0.0,0,0,3.230769230769231,0.42132504423474315,1.278019300845387,-0.3666666666666676,0.6538461538461539,0.47574295680203776,-0.6467616667635546,-1.581699346405229,12.81696153846154,1.6142808468066718,2.439784488420695,5.950031754663465,0.7692307692307693,0.9730085108210398,1.225876699199648,0.4827343749999988,353.4010000000001,72.7,3.7776000000000023,0,4,0,0,0,0,0,0,0,0,0,0,0,0,0,0,0,0,0,0,0,0,0,0,0,0,0,1,0,0,0,0,0,0,0,0,0,0,0,0,1,0,0,0,1,0,0,0,0,0,0,0,0,0,1,0,0,0,0,0,0,0,0,0,1,0,0,1,1,0,0,0,0,0,0,0,1,1,0,1,0,1,1,0,1,1,0,0,0,1,0,0,0,0,1,0,1,1,1,1,1,0,1,0,0,0,0,0,1,1,0,0,1,0,1,0,0,0,0,1,0,0,1,1,1,0,1,1,0,0,0,0,0,0,0,1,1,1,0,1,0,0,0,1,1,0,1,1,0,0,1,1,1,1,0,1,1,1,1,0,1,0,1,1,1,1,1,1,0,1
CHEMBL204_23,38,37,-1,-1,-1,2.1538461538461537,3.0721116227255165,2.927179177152894,7.054457405096262,0.11321364577665288,0.11618287259162934,1.7118282609818474,3.4697109954949497,0.19876832440771056,0.10069407546264804,-0.3145372137948939,-0.9494943357039531,8.36842105263158,4.3969533402704934,-0.1979028169335151,-0.7753382445861337,0.0216927453769559,0.06597383179271593,3.4282230262848685,10.705799873573378,0.8157894736842105,0.3876557858593746,-1.6292261599251139,0.6543778801843323,2.1538461538461537,3.0721116227255165,2.927179177152894,7.054457405096262,2.0,0.0,0,0,1.9473684210526316,2.635260582551589,3.4218661067551523,10.785880905622204,0.0,0.0,0,0,0.027236237912358952,0.10817542614899764,5.43598704215171,29.1387736854562,0.03846153846153847,0.05051202763898866,2.9782599555932143,7.287394675796564,0.038461538461538464,0.02783986391207399,-0.2403585547269622,0.9422285981915364,1.2307692307692308,0.42132504423474315,1.278019300845387,-0.3666666666666676,1.0377276207203627,74.0,334.0,0.0,286.0,3126.0,40.0,0.0,0.0,0.0,900.0,1644.0,29184.0,0.0,0.0,0.0,0.0,192.0,0.0,0.0,0.0,24.0,0.0,0.0,0.0,0.0,0.0,0.0,0.0,0.0,0.0,24.0,1,1,0,1,1,1,0,0,0,1,1,1,0,0,0,0,1,0,0,0,1,0,0,0,0,0,0,0,0,0,1,7.153846153846154,2.796870609645822,2.8585089083320363,6.784241315935832,2.1538461538461537,0.8177035240565116,0.13236691864866587,-0.7323987782911741,0.0,0.0,0,0,3.5,0.5,0.0,-2.0,0.38461538461538464,0.4865042554105199,0.474341649025257,-1.775,14.41319230769231,5.82565662208153,2.853066463549383,6.82194708205499,0.9230769230769231,1.071414482860317,0.7161077509924342,-0.898926559676906,398.93500000000006,58.95,4.502500000000003,0,4,0,0,0,0,0,0,0,0,0,0,0,0,0,0,0,0,0,0,0,0,0,0,0,0,0,0,0,0,0,0,0,0,0,0,0,0,1,0,1,0,0,0,1,0,0,0,0,0,0,0,0,0,1,0,0,0,0,0,0,0,0,0,1,0,0,1,1,0,0,0,0,0,0,0,1,1,0,1,0,1,1,1,1,1,0,0,1,1,1,0,0,1,1,0,1,1,1,1,1,0,1,0,0,1,1,0,0,1,0,0,1,1,1,0,0,0,0,1,1,0,1,1,1,0,1,1,0,0,1,1,0,1,0,1,1,1,0,1,1,0,0,1,1,0,1,0,0,1,1,1,1,1,0,1,1,1,1,0,1,0,1,1,1,1,1,1,0,1
CHEMBL204_24,39,37,-1,-1,-1,2.074074074074074,3.017552674380545,3.05087481039082,7.7204998819418815,0.11348126743271071,0.11297357028478491,1.8141145055970214,4.307878004579472,0.1962384516046868,0.09733785838024551,-0.38559590022824586,-0.8612213952891237,8.52991452991453,4.410493475706271,-0.24644675035679517,-0.693020305664585,0.02257723310354889,0.07049360488778643,3.316497329115809,9.779198466135632,0.8205128205128205,0.3837597319768145,-1.6703827619526517,0.7901785714285703,2.074074074074074,3.017552674380545,3.05087481039082,7.7204998819418815,2.0,0.0,0,0,1.8974358974358974,2.5997521755151944,3.527301115945038,11.449968356826002,0.0,0.0,0,0,0.014062338801713302,0.054291630790783314,5.260019716429736,27.740203495614082,0.037037037037037035,0.04959425873541772,3.082389161313099,7.841590887518857,0.037037037037037035,0.06973718924913896,3.2095388624200845,8.923488628853022,1.2222222222222223,0.41573970964154905,1.336306209562121,-0.21428571428571663,-1.9767746100435495,74.0,330.0,0.0,216.0,3120.0,16.0,0.0,0.0,0.0,608.0,1244.0,29184.0,0.0,0.0,0.0,0.0,72.0,0.0,0.0,0.0,0.0,0.0,0.0,0.0,0.0,0.0,0.0,0.0,0.0,0.0,12.0,1,1,0,1,1,1,0,0,0,1,1,1,0,0,0,0,1,0,0,0,0,0,0,0,0,0,0,0,0,0,1,7.08,2.8272955275315668,2.9451429291564457,7.040957185283856,2.16,0.7838367176906171,0.2097056648281165,-0.4559733072916683,0.0,0.0,0,0,3.48,0.4995998398718719,0.08006407690254361,-1.9935897435897438,0.4,0.48989794855663565,0.4082482904638628,-1.8333333333333335,14.229800000000001,5.866971525412409,2.9796620429090033,7.281898424935678,1.0,1.0583005244258363,0.6074429030505436,-0.9591836734693882,380.94500000000005,58.95,4.363400000000003,0,4,0,0,0,0,0,0,0,0,0,0,0,0,0,0,0,0,0,0,0,0,0,0,0,0,0,0,0,0,0,0,0,0,0,0,0,0,1,0,1,0,0,0,0,0,0,0,0,0,0,0,0,0,1,0,0,0,0,0,0,0,0,0,1,0,0,1,1,0,0,0,0,0,0,0,1,1,0,1,0,1,1,1,1,1,0,0,1,1,1,0,0,1,1,0,1,1,1,1,1,0,1,0,0,1,1,0,0,1,0,0,1,1,1,0,0,0,0,1,1,0,1,1,1,0,1,1,0,0,1,1,0,1,0,1,1,1,0,1,1,0,0,1,1,0,1,0,0,1,1,1,1,1,0,1,1,1,1,0,1,0,1,1,1,1,1,1,0,1
CHEMBL204_25,39,37,-1,-1,-1,2.074074074074074,2.9929042741980623,3.11981365172675,8.071420396849037,0.1127836596911499,0.11367001252615626,1.8506470087831948,4.6055262479484655,0.19314724578029302,0.09514060743280639,-0.40831189993603834,-0.9145282791036431,8.46837606837607,4.364156965991799,-0.2620304020549357,-0.7187908087379964,0.02323376007586534,0.06848035844156085,3.499760675508451,11.329130290572792,0.8205128205128205,0.3837597319768145,-1.6703827619526517,0.7901785714285703,2.074074074074074,2.9929042741980623,3.11981365172675,8.071420396849037,2.0,0.0,0,0,1.8974358974358974,2.5799510211497982,3.5983457158822647,11.887885673983966,0.0,0.0,0,0,0.003677838119327481,0.011361150848388938,2.9811358171074636,7.422850371792029,0.037037037037037035,0.04905045483578851,3.138205194866161,8.151684067782,0.037037037037037035,0.024298363166957812,2.640493236729013,6.603913210619982,1.2592592592592593,0.43822813208145306,1.098700531147071,-0.7928571428571431,-0.20652473437564323,74.0,326.0,0.0,168.0,3102.0,8.0,0.0,0.0,0.0,586.0,884.0,29160.0,0.0,0.0,0.0,0.0,42.0,0.0,0.0,0.0,0.0,0.0,0.0,0.0,0.0,0.0,0.0,0.0,0.0,0.0,24.0,1,1,0,1,1,1,0,0,0,1,1,1,0,0,0,0,1,0,0,0,0,0,0,0,0,0,0,0,0,0,1,7.1923076923076925,2.801362728404637,2.8046546228186555,6.566795929009052,2.1538461538461537,0.8177035240565116,0.13236691864866587,-0.7323987782911741,0.0,0.0,0,0,3.5,0.5,0.0,-2.0,0.38461538461538464,0.4865042554105199,0.474341649025257,-1.775,14.489807692307693,5.832905095030533,2.8038218057314026,6.625076491021428,0.8846153846153846,1.0858149394994696,0.7706578580025486,-0.8864389515891626,399.919,56.150000000000006,4.929500000000004,0,4,0,0,0,0,0,0,0,0,0,0,0,0,0,0,0,0,0,0,0,0,0,0,0,0,0,0,0,0,0,0,0,0,0,0,0,0,1,0,1,0,0,0,1,0,0,0,0,0,0,0,0,0,1,0,0,0,0,1,0,0,0,0,1,0,0,1,1,0,0,0,0,0,0,0,1,1,0,1,0,1,1,1,1,1,0,0,1,1,1,0,0,0,1,0,1,1,1,1,1,0,1,0,0,1,0,0,0,1,0,1,1,0,1,0,0,0,0,1,1,0,1,1,1,0,1,1,0,0,1,1,0,0,1,1,1,1,0,1,1,0,0,1,1,0,1,0,0,1,1,1,1,1,0,1,1,1,1,1,1,1,1,1,1,1,1,1,0,1
CHEMBL204_26,40,37,-1,-1,-1,2.0,2.951996902824546,3.2070538779006266,8.59957000806235,0.10938031518186317,0.11417507018047449,1.8600770817799974,4.482682554827333,0.1847838761917202,0.09032657646737588,-0.35925834533188394,-0.8773325693433303,8.459166666666665,4.3489956535324845,-0.22167605056484418,-0.6817468227787886,0.02584345479082321,0.07515657572990274,3.342262415275721,10.385062363527835,0.825,0.3799671038392666,-1.7106744068953987,0.9264069264069255,2.0,2.951996902824546,3.2070538779006266,8.59957000806235,2.0,0.0,0,0,1.85,2.554897258208243,3.666151781083407,12.364457240608154,0.0,0.0,0,0,0.003941079143303612,0.012188251785314208,2.898086900783658,6.664851500899626,0.03571428571428572,0.04785161510902453,3.2073158231469874,8.623347719933447,0.03571428571428571,0.08642959343351955,3.3784278893023965,9.638612698810366,1.1428571428571428,0.34992710611188255,2.0412414523193156,2.1666666666666714,-0.9056664089554122,74.0,324.0,0.0,140.0,3102.0,8.0,0.0,0.0,0.0,554.0,728.0,29160.0,0.0,0.0,0.0,0.0,42.0,0.0,0.0,0.0,0.0,0.0,0.0,0.0,0.0,0.0,0.0,0.0,0.0,0.0,0.0,1,1,0,1,1,1,0,0,0,1,1,1,0,0,0,0,1,0,0,0,0,0,0,0,0,0,0,0,0,0,0,7.12,2.8329489935401235,2.8865553645615667,6.797266450707019,2.16,0.7838367176906171,0.2097056648281165,-0.4559733072916683,0.0,0.0,0,0,3.48,0.4995998398718719,0.08006407690254361,-1.9935897435897438,0.4,0.48989794855663565,0.4082482904638628,-1.8333333333333335,14.309479999999999,5.876922930377767,2.9249678886446073,7.053030940298111,0.96,1.076289923765897,0.6569529339551956,-0.9730624828301946,381.9290000000001,56.150000000000006,4.790400000000004,0,4,0,0,0,0,0,0,0,0,0,0,0,0,0,0,0,0,0,0,0,0,0,0,0,0,0,0,0,0,0,0,0,0,0,0,0,0,1,0,1,0,0,0,0,0,0,0,0,0,0,0,0,0,1,0,0,0,0,1,0,0,0,0,1,0,0,1,1,0,0,0,0,0,0,0,1,1,0,1,0,1,1,1,1,1,0,0,1,1,1,0,0,0,1,0,1,1,1,1,1,0,1,0,0,1,0,0,0,1,0,1,1,0,1,0,0,0,0,1,1,0,1,1,1,0,1,1,0,0,1,1,0,0,1,1,1,1,0,1,1,0,0,1,1,0,1,0,0,1,1,1,1,1,0,1,1,1,1,1,1,1,1,1,1,1,1,1,0,1
CHEMBL204_27,33,30,-1,-1,-1,2.0,2.5634797778466227,2.6458600353577624,5.700378071833649,0.11750624636643554,0.12843407790730957,1.769156384713703,4.221478516126514,0.181562616983903,0.0910709456934103,-0.1240730146418392,-0.9586701087322198,6.616161616161616,3.4819725360141747,0.01126475113229178,-0.771666145644403,0.02174975562072336,0.06219379072153328,3.0119578374653937,8.018856816350322,0.7878787878787878,0.40881022918884974,-1.4083737016560922,-0.016483516483517313,2.0,2.5634797778466227,2.6458600353577624,5.700378071833649,2.0,0.0,0,0,1.8181818181818181,2.16661368869327,3.0947767451128083,8.970479567546121,0.0,0.0,0,0,0.004399335232668566,0.01313884749137875,3.230614510118765,10.019387990367902,0.047619047619047616,0.055815709405123766,2.668614143380456,5.8087383153730645,0.047619047619047616,0.2279917271794212,-2.3564159831100646,5.168296703808897,1.1904761904761905,0.39267672624930106,1.576481562736164,0.4852941176470571,-1.0362956325410944,60.0,204.0,0.0,136.0,1410.0,8.0,0.0,0.0,0.0,284.0,630.0,9744.0,0.0,0.0,0.0,0.0,34.0,0.0,0.0,0.0,0.0,0.0,0.0,0.0,0.0,0.0,0.0,0.0,0.0,0.0,0.0,1,1,0,1,1,1,0,0,0,1,1,1,0,0,0,0,1,0,0,0,0,0,0,0,0,0,0,0,0,0,0,6.346153846153846,0.6165853669954383,1.584457011754938,1.2974306953928165,2.076923076923077,0.8736782070461959,0.19656578373781305,-1.0034252749233823,0.0,0.0,0,0,3.423076923076923,0.4940474068717357,0.3113995776646103,-1.9030303030303024,0.23076923076923078,0.42132504423474315,1.2780193008453875,-0.36666666666666714,12.701615384615385,1.229879264772425,1.582998220217315,1.291243262272042,1.1153846153846154,1.0124958908529373,0.4347933104751553,-0.970633983620997,359.474,125.3,0.9512700000000025,2,5,0,0,0,0,0,0,0,0,0,0,0,0,0,0,0,0,0,0,0,0,0,0,0,0,0,0,0,0,0,0,0,0,0,0,0,0,0,0,1,0,0,0,0,1,0,0,0,0,0,0,0,0,0,0,0,0,0,0,0,0,0,0,0,0,0,0,1,0,0,0,0,0,0,0,1,1,0,1,1,1,0,0,1,1,1,1,0,0,0,0,1,1,1,0,0,1,1,0,0,0,1,0,0,0,0,0,0,0,0,0,1,1,1,0,0,0,0,1,1,1,0,1,1,0,0,0,0,0,1,1,0,1,0,0,0,0,1,1,1,0,0,1,1,0,0,0,0,1,1,1,1,1,0,1,1,1,1,0,1,1,1,1,1,1,1,1,0,1
CHEMBL204_28,34,32,-1,-1,-1,2.090909090909091,2.609581835346786,2.616934274977964,5.443547341879546,0.11827623926255194,0.124187342075551,1.6445269443533794,3.4957147443698267,0.18396087843263412,0.09209464507383033,-0.18337882421934248,-0.9732607098899364,6.946078431372548,3.646607472598058,-0.05940753903289598,-0.8238767505117792,0.022003119429590018,0.06244115145735915,3.01768805727132,7.8681438101596495,0.7941176470588235,0.40434491426080943,-1.454785934906616,0.11640211640211628,2.090909090909091,2.609581835346786,2.616934274977964,5.443547341879546,2.0,0.0,0,0,1.8823529411764706,2.2197602663662597,3.068727359742429,8.638298313028658,0.0,0.0,0,0,0.017718977361515592,0.05891060356304183,4.59390770878776,21.358007597736023,0.04545454545454544,0.05209175424764207,2.6489730335747885,5.523121373691033,0.045454545454545456,0.03180339620306804,0.0374376086010557,0.1699223619296335,1.2727272727272727,0.44536177141512334,1.0206207261596572,-0.9583333333333344,-2.0178138205812437,64.0,224.0,0.0,172.0,1578.0,16.0,0.0,0.0,0.0,386.0,788.0,11088.0,0.0,0.0,0.0,0.0,58.0,0.0,0.0,0.0,0.0,0.0,0.0,0.0,0.0,0.0,0.0,0.0,0.0,0.0,12.0,1,1,0,1,1,1,0,0,0,1,1,1,0,0,0,0,1,0,0,0,0,0,0,0,0,0,0,0,0,0,1,6.75,2.222048604328897,4.075951357532,15.883672488383272,2.0833333333333335,0.8620067027323832,0.22948697964261514,-0.8809503013363611,0.0,0.0,0,0,3.5,0.5,0.0,-2.0,0.25,0.4330127018922193,1.1547005383792515,-0.6666666666666665,13.569583333333332,4.721349259098387,4.133398828379628,16.24500052177877,1.0833333333333333,1.0374916331657278,0.5047326621619576,-0.9712382934443293,351.87799999999993,75.43,2.3206000000000007,2,4,0,0,0,0,0,0,0,0,0,0,0,0,0,0,0,0,0,0,0,0,0,0,0,0,0,0,0,0,0,0,0,0,0,0,0,0,0,0,0,0,0,0,0,0,0,0,0,0,0,0,0,0,0,0,0,0,0,0,0,0,0,0,0,0,0,0,1,0,0,0,0,0,0,0,1,1,0,0,0,1,0,0,1,1,1,1,0,1,0,0,1,1,1,0,0,1,1,0,0,0,1,0,0,1,0,0,0,1,0,0,1,1,1,0,0,0,0,1,1,0,0,1,1,0,0,0,0,0,1,1,0,1,0,0,1,0,1,1,1,0,0,1,1,0,0,0,0,1,1,1,1,1,0,1,1,1,1,0,1,1,1,1,1,1,1,1,0,1
CHEMBL204_29,35,32,-1,-1,-1,2.0,2.570738347668606,2.717834785325197,5.955505540166206,0.1153067277592267,0.12359525518760074,1.7230739918261102,3.723427972169267,0.18250723434157315,0.09098402162728528,-0.19222066649395741,-0.9305117152456077,7.095238095238095,3.712278150986909,-0.059355069164766176,-0.7836741203158435,0.0231729055258467,0.06492917282794272,2.942691956340608,7.347278400888584,0.8,0.4,-1.5,0.24999999999999956,2.0,2.570738347668606,2.717834785325197,5.955505540166206,2.0,0.0,0,0,1.8285714285714285,2.1972153062549005,3.1434982018845226,9.082652673896815,0.0,0.0,0,0,0.0038451360693160636,0.011903964030071417,3.395346829860382,11.312639496310961,0.0434782608695652,0.05086310067912492,2.7390368232743576,6.062151353593078,0.04347826086956523,0.12462573649106011,-2.1244153727624826,4.225857995991871,1.173913043478261,0.3790346907426672,1.720618004029213,0.9605263157894743,1.4356266163296274,64.0,222.0,0.0,150.0,1578.0,8.0,0.0,0.0,0.0,360.0,698.0,11088.0,0.0,0.0,0.0,0.0,36.0,0.0,0.0,0.0,0.0,0.0,0.0,0.0,0.0,0.0,0.0,0.0,0.0,0.0,0.0,1,1,0,1,1,1,0,0,0,1,1,1,0,0,0,0,1,0,0,0,0,0,0,0,0,0,0,0,0,0,0,6.8,2.1908902300206643,4.021196443017096,15.81583333333333,2.08,0.8908422980528035,0.182502161736884,-1.0816207075962536,0.0,0.0,0,0,3.52,0.4995998398718719,-0.08006407690254361,-1.9935897435897438,0.24,0.4270831300812524,1.2175615550562024,-0.5175438596491229,13.66676,4.650390583854221,4.095494853962333,16.286933340201212,1.04,1.0384603988597734,0.5630339182328854,-0.9287437593005126,367.877,95.66,1.4227999999999998,2,5,0,0,0,0,0,0,0,0,1,0,0,1,0,0,0,0,0,0,0,0,0,0,0,0,0,0,0,0,0,0,0,0,0,0,0,0,0,0,0,0,0,0,0,0,0,0,0,0,0,0,0,0,0,0,0,0,0,0,0,0,0,0,0,0,0,0,1,0,0,0,0,0,1,0,1,1,0,0,0,1,0,0,1,0,1,1,0,1,0,0,1,1,1,0,0,1,0,0,0,0,1,0,0,1,0,0,0,1,0,0,1,1,1,0,0,0,0,1,1,0,0,1,1,0,0,0,0,0,1,1,0,1,0,0,1,0,1,1,1,1,0,1,1,0,1,0,1,1,1,1,1,1,1,1,1,1,1,1,1,1,1,1,1,1,1,1,0,1
CHEMBL204_30,36,33,-1,-1,-1,2.0,2.533114025595111,2.7223819482361344,6.105751391465677,0.11312885091924506,0.12239134310672885,1.75525735693232,3.8458451156984177,0.18211278988169954,0.09034330911097091,-0.21636946026296866,-0.8946018746807147,7.300925925925927,3.8001927835366325,-0.08978212574650088,-0.7807009240021028,0.023996265172735762,0.06616441116816288,2.856519376022202,6.804593621261832,0.8055555555555556,0.3957724124659724,-1.544097293955913,0.3842364532019724,2.0,2.533114025595111,2.7223819482361344,6.105751391465677,2.0,0.0,0,0,1.8333333333333333,2.179449471770337,3.1277458921846173,9.110290345747408,0.0,0.0,0,0,0.00371310478086923,0.011725078784997268,3.478607958531076,11.926813360762955,0.041666666666666664,0.04794815701978542,2.736172657547765,6.179761085106636,0.041666666666666664,0.08242547602829287,3.121224345211223,8.64632405207326,1.1666666666666667,0.3726779962499649,1.7888543819998315,1.1999999999999993,-0.663367744370236,66.0,226.0,0.0,156.0,1584.0,8.0,0.0,0.0,0.0,396.0,710.0,11088.0,0.0,0.0,0.0,0.0,36.0,0.0,0.0,0.0,0.0,0.0,0.0,0.0,0.0,0.0,0.0,0.0,0.0,0.0,0.0,1,1,0,1,1,1,0,0,0,1,1,1,0,0,0,0,1,0,0,0,0,0,0,0,0,0,0,0,0,0,0,6.777777777777778,2.114033065604494,4.173926338710526,17.272778608711576,2.074074074074074,0.8574694002066835,0.21016500502949542,-0.9250946758743601,0.0,0.0,0,0,3.5555555555555554,0.49690399499995325,-0.2236067977499778,-1.95,0.2222222222222222,0.4157397096415491,1.3363062095621214,-0.21428571428571663,13.61803703703704,4.486384847360763,4.2541276996173245,17.80109832710515,1.0740740740740742,1.0156525333927473,0.4878330500228783,-0.9466670439112734,396.91900000000015,107.69,0.6223000000000013,2,5,0,0,0,0,0,0,0,0,0,0,0,0,0,0,0,0,0,0,0,0,0,0,0,0,0,0,0,0,0,0,0,0,0,0,0,0,0,0,0,0,0,0,0,0,0,0,0,0,0,0,0,0,0,1,0,0,0,0,0,0,0,0,0,0,0,0,1,0,0,0,0,0,1,0,1,1,0,0,0,1,1,0,1,0,1,1,1,1,0,0,1,1,1,0,0,1,0,1,1,0,1,0,0,1,1,0,0,1,0,0,1,1,1,0,0,0,0,1,1,0,1,1,1,0,0,0,0,0,1,1,0,1,0,0,1,0,1,1,1,1,0,1,1,0,1,1,1,1,1,1,1,1,1,1,1,1,1,1,1,1,1,1,1,1,1,1,0,1
CHEMBL204_31,35,32,-1,-1,-1,2.0,2.5366873297069255,2.8127767468919744,6.429327976625274,0.11567299283931146,0.1232525346555809,1.864417403053259,5.207674220958319,0.17749547713441752,0.08557084143674999,-0.3163683709066039,-0.9933265716034358,7.026666666666666,3.609280805992787,-0.1316471880454252,-0.7877751760814204,0.024089635854341734,0.06645672381226209,3.011338617037177,7.7800603902315455,0.8,0.4,-1.5,0.24999999999999956,2.0,2.5366873297069255,2.8127767468919744,6.429327976625274,2.0,0.0,0,0,1.8285714285714285,2.1710525990300424,3.2360214431233185,9.648908506042579,0.0,0.0,0,0,0.0,0.0,0,0,0.043478260869565216,0.05070386854827899,2.83972181342102,6.541728673331672,0.04347826086956523,0.10130246181973117,3.4865051280881403,11.30675309210629,1.2608695652173914,0.4391089103635686,1.0891622972743418,-0.8137254901960795,-0.04668278048529425,64.0,218.0,0.0,94.0,1560.0,0.0,0.0,0.0,0.0,206.0,366.0,11064.0,0.0,0.0,0.0,0.0,0.0,0.0,0.0,0.0,0.0,0.0,0.0,0.0,0.0,0.0,0.0,0.0,0.0,0.0,12.0,1,1,0,1,1,0,0,0,0,1,1,1,0,0,0,0,0,0,0,0,0,0,0,0,0,0,0,0,0,0,1,6.72,2.182109071517737,4.1713490991293165,16.721252547259805,2.08,0.844748483277715,0.24588739559301245,-0.7905145890727745,0.0,0.0,0,0,3.52,0.4995998398718719,-0.08006407690254361,-1.9935897435897438,0.24,0.4270831300812524,1.2175615550562024,-0.5175438596491229,13.50724,4.636029967806508,4.230023714174103,17.100202695012452,1.12,1.0322790320451152,0.41332493775580165,-1.0541757974190404,365.905,75.43,2.710700000000001,2,5,0,0,0,0,0,0,0,0,0,0,0,0,0,0,0,0,0,0,0,0,0,0,0,0,0,0,0,0,0,0,0,0,0,0,0,0,0,0,0,0,0,0,0,0,0,0,0,0,0,0,0,0,0,0,0,0,0,0,0,0,0,0,0,0,0,0,1,0,0,0,0,0,0,0,1,1,0,0,0,1,0,0,1,1,1,1,0,1,0,0,1,1,1,0,0,1,1,0,0,0,1,0,0,1,1,0,0,1,0,0,1,1,1,0,0,1,0,1,1,0,0,1,1,0,0,0,0,0,1,1,0,1,0,0,1,0,1,1,1,0,0,1,1,0,0,0,0,1,1,1,1,1,0,1,1,1,1,0,1,1,1,1,1,1,1,1,0,1
CHEMBL204_32,36,33,-1,-1,-1,2.090909090909091,2.8589427624575245,2.7095303317548796,5.58957429602269,0.11151417006939596,0.1238643114521354,1.5902788336204599,2.725227512031158,0.16882959593446017,0.09385265013312266,-0.10071318460825048,-1.1825462600813497,6.74074074074074,3.9091623231310195,0.007944320892968143,-0.9828231133608174,0.017833800186741366,0.05307074059895125,3.374317792109847,10.226824988879303,0.8055555555555556,0.3957724124659724,-1.5440972939559128,0.3842364532019724,2.090909090909091,2.8589427624575245,2.7095303317548796,5.58957429602269,2.0,0.0,0,0,1.8333333333333333,2.3511226632776476,3.329248111561761,9.942627711421421,0.0,0.0,0,0,0.012139332314770912,0.03131588279132236,2.3564036739149086,3.9446640944307347,0.04545454545454544,0.05687729356589585,2.72820018183027,5.659832933826767,0.04545454545454546,0.05417506943624592,-1.737381915113542,2.835024143646293,1.2272727272727273,0.41907020260422223,1.301582746911936,-0.3058823529411776,-1.6988139549599968,66.0,254.0,0.0,160.0,2046.0,24.0,0.0,0.0,0.0,596.0,760.0,15960.0,0.0,0.0,0.0,0.0,112.0,0.0,0.0,0.0,12.0,0.0,0.0,0.0,0.0,0.0,0.0,0.0,0.0,0.0,0.0,1,1,0,1,1,1,0,0,0,1,1,1,0,0,0,0,1,0,0,0,1,0,0,0,0,0,0,0,0,0,0,6.67741935483871,1.9738140052617232,4.605638670412612,21.153502013477965,2.129032258064516,0.9415819044726724,0.2045915584273761,-1.0911029557627445,0.0,0.0,0,0,3.3548387096774195,0.47846441852230076,0.6067798762169174,-1.6318181818181816,0.3870967741935484,0.4870860925981129,0.46358632497276514,-1.785087719298246,13.410806451612908,4.190990901533024,4.6823311718618115,21.7008826322573,0.9354838709677419,1.1052801096136653,0.8442392439517793,-0.7050997042682301,444.96700000000027,125.89,2.929970000000001,1,5,0,0,0,0,0,0,0,0,0,0,0,0,0,0,0,0,0,0,0,0,0,0,0,0,0,0,0,0,0,0,0,0,0,0,0,0,0,0,1,0,0,0,0,1,0,0,0,0,0,0,0,0,0,0,0,0,0,0,0,0,0,0,0,0,0,1,1,0,0,0,0,0,0,0,1,0,0,1,1,1,0,0,1,1,1,1,0,1,0,0,1,0,1,0,0,1,1,0,1,0,1,1,0,1,0,1,0,1,0,0,1,1,1,1,0,1,0,1,0,1,1,1,1,0,0,1,0,1,1,0,0,1,0,1,1,1,1,1,0,0,0,1,1,1,1,1,0,0,1,1,1,1,0,1,1,1,1,0,1,1,1,1,1,1,1,1,0,1
CHEMBL204_33,38,37,-1,-1,-1,2.25,3.1655699855370965,2.970171863280297,7.3578260813188034,0.10887436247078341,0.12025873219963974,1.7962446335882072,4.309470860832739,0.1805061427638476,0.10168659293994854,-0.1753890312672953,-1.2181234980859477,7.578947368421052,4.411489325982021,-0.07997430437818975,-0.9948516048626823,0.017267267267267267,0.05338612762653575,3.7934552757298245,13.425986311516205,0.8157894736842105,0.3876557858593746,-1.6292261599251143,0.6543778801843323,2.25,3.1655699855370965,2.970171863280297,7.3578260813188034,2.0,0.0,0,0,1.9473684210526316,2.6252555607031427,3.635214108156898,12.472739244838232,0.0,0.0,0,0,0.035599667197146814,0.0905884531266304,3.7101240409192013,15.446725890634358,0.041666666666666664,0.05386977403784552,2.9988244490697427,7.461795262058654,0.041666666666666664,0.03995658358206981,-1.5222027273051928,2.4478705427627228,1.3333333333333333,0.4714045207910317,0.707106781186548,-1.4999999999999993,-1.7919572647715516,74.0,332.0,0.0,262.0,3240.0,56.0,0.0,0.0,0.0,1106.0,1434.0,32064.0,0.0,0.0,0.0,0.0,284.0,0.0,0.0,0.0,48.0,0.0,0.0,0.0,0.0,0.0,0.0,0.0,0.0,0.0,36.0,1,1,0,1,1,1,0,0,0,1,1,1,0,0,0,0,1,0,0,0,1,0,0,0,0,0,0,0,0,0,1,6.5,0.7071067811865476,1.0606601717798212,-0.25,2.1666666666666665,0.7993052538854533,0.18131688178876118,-0.5557655954631375,0.0,0.0,0,0,3.1666666666666665,0.3726779962499649,1.7888543819998328,1.2000000000000028,0.6666666666666666,0.4714045207910317,-0.7071067811865475,-1.5000000000000002,13.0085,1.4103246966567669,1.0593311911317573,-0.2537587676824038,0.6666666666666666,0.9860132971832694,1.4874714883221896,1.0457142857142872,328.33200000000005,107.69000000000001,1.0965999999999998,0,3,0,0,0,0,0,0,0,0,0,0,0,0,0,0,0,0,0,0,0,0,0,0,0,0,0,0,0,0,0,0,0,0,0,0,0,0,0,0,1,0,0,0,0,0,0,0,0,0,0,0,0,0,1,0,0,0,0,0,0,0,0,0,1,0,0,1,1,0,0,1,1,0,0,0,1,1,0,1,0,1,1,0,0,1,0,0,0,0,0,0,0,0,1,0,1,1,1,1,1,0,0,0,0,0,0,0,0,0,0,0,1,0,1,1,0,0,0,1,0,0,1,1,1,1,1,1,1,1,0,0,1,0,0,1,0,1,1,1,0,0,0,1,1,1,1,0,1,0,1,1,1,1,1,0,1,0,1,1,1,1,1,1,1,1,1,1,0,0
CHEMBL204_34,37,34,-1,-1,-1,2.0,2.6981475126464085,2.932414879098862,6.918790001207581,0.11794152485543757,0.11452870269849934,1.6603537128323387,3.6478421803850685,0.18280727260743335,0.08825469895553299,-0.3936889493107663,-0.939708665740135,7.646846846846847,3.9142149463479625,-0.20685256170393454,-0.7404843420726737,0.024195624195624196,0.07006895670296852,3.1216983578984263,8.356257372919332,0.8108108108108109,0.3916588309780929,-1.5871507864874157,0.5190476190476199,2.0,2.6981475126464085,2.932414879098862,6.918790001207581,2.0,0.0,0,0,1.837837837837838,2.3192905895053983,3.368666917190401,10.272340357733688,0.0,0.0,0,0,0.0,0.0,0,0,0.04,0.049623547385654866,2.9547867404429216,7.010327320771763,0.039999999999999994,0.11675536297964355,-2.5437471329740866,5.3005812946191675,1.24,0.4270831300812525,1.217561555056202,-0.5175438596491233,-2.561301591117645,68.0,256.0,0.0,106.0,2046.0,0.0,0.0,0.0,0.0,250.0,472.0,15960.0,0.0,0.0,0.0,0.0,0.0,0.0,0.0,0.0,0.0,0.0,0.0,0.0,0.0,0.0,0.0,0.0,0.0,0.0,12.0,1,1,0,1,1,0,0,0,0,1,1,1,0,0,0,0,0,0,0,0,0,0,0,0,0,0,0,0,0,0,1,6.8,2.039607805437114,4.184439460304139,17.918269230769234,2.066666666666667,0.7717224601860151,0.3204049309805482,-0.33615504566718846,0.0,0.0,0,0,3.3333333333333335,0.4714045207910318,0.707106781186546,-1.500000000000002,0.4,0.4898979485566357,0.4082482904638626,-1.8333333333333344,13.690366666666671,4.356794482822842,4.1865161941761535,17.845220478177175,0.8666666666666667,0.9213516640723501,0.7781268268432642,-0.362819001672102,436.91900000000004,125.15,2.3371699999999995,0,10,0,0,0,0,0,0,0,0,0,0,0,0,0,0,0,0,0,0,0,0,0,0,0,0,1,1,0,0,0,0,0,0,0,0,0,0,0,0,0,0,0,0,1,1,0,0,0,0,0,0,0,0,0,1,0,0,0,0,0,0,0,0,0,0,0,1,1,0,0,1,0,1,0,0,1,0,0,1,1,0,1,0,1,0,1,0,0,1,0,0,1,1,1,0,1,1,0,0,1,0,1,0,1,1,1,0,1,1,0,1,1,1,1,0,0,1,0,1,1,1,0,1,0,0,1,1,1,0,1,1,0,1,1,1,1,1,0,1,1,0,0,0,1,0,1,1,0,1,0,1,1,1,0,1,1,1,1,1,1,1,1,1,1,1,1,1,0,1
CHEMBL204_35,37,33,-1,-1,-1,2.0,2.73030134866931,2.73354977383132,5.732599643069602,0.10938417381861146,0.12272786784201391,1.6609438067188358,3.2521700631183705,0.1573560787626574,0.08698755131163961,-0.03753589101323738,-1.1655163166144429,6.495495495495495,3.765754989423781,0.08251774464410103,-0.9675364850395547,0.017202917202917202,0.05265843525778976,3.25478546322894,9.430552441632754,0.8108108108108109,0.3916588309780929,-1.5871507864874157,0.5190476190476199,2.0,2.73030134866931,2.73354977383132,5.732599643069602,2.0,0.0,0,0,1.7837837837837838,2.219509747853817,3.358302324559387,10.24395482157859,0.0,0.0,0,0,0.004203429180130019,0.012554189891361653,2.907039953995716,7.285875569568402,0.04545454545454546,0.056845145249617854,2.7506466486967223,5.8014514887029485,0.04545454545454546,0.1334333593835632,-2.427154667477726,4.832411033973636,1.1818181818181819,0.38569460791993493,1.6499158227686117,0.7222222222222232,-0.8553131531595177,66.0,234.0,0.0,114.0,1776.0,8.0,0.0,0.0,0.0,360.0,524.0,13080.0,0.0,0.0,0.0,0.0,36.0,0.0,0.0,0.0,0.0,0.0,0.0,0.0,0.0,0.0,0.0,0.0,0.0,0.0,0.0,1,1,0,1,1,1,0,0,0,1,1,1,0,0,0,0,1,0,0,0,0,0,0,0,0,0,0,0,0,0,0,6.676470588235294,1.7442441180214987,4.492407922131082,21.055973548681735,2.0588235294117645,0.7252251768198796,-0.08964868009857846,-1.0966066481994468,0.0,0.0,0,0,3.323529411764706,0.467822756487849,0.7544335361543164,-1.4308300395256925,0.3235294117647059,0.467822756487849,0.7544335361543181,-1.430830039525691,13.36370588235294,3.4963427575397543,4.502178066258771,21.128362303431228,0.9705882352941176,0.8906472899839247,0.5570320191725968,-0.5491735532275968,487.6300000000003,178.57999999999998,0.5750000000000028,3,13,0,0,0,0,0,0,0,0,0,0,0,0,0,0,0,0,0,0,0,0,0,0,0,0,0,1,0,0,0,0,0,0,0,0,0,0,1,0,0,0,0,0,0,1,0,0,0,1,0,0,0,0,0,0,1,0,0,0,0,0,0,0,0,0,0,1,0,0,0,0,0,0,0,0,1,0,0,1,1,1,1,1,0,1,1,0,0,0,1,0,1,1,1,0,0,1,1,0,0,0,1,0,0,0,1,0,1,0,0,0,1,1,0,0,0,0,0,1,1,1,1,1,0,0,0,1,0,0,0,0,0,1,0,0,0,0,1,1,0,0,0,0,1,0,0,0,1,1,0,1,0,1,1,1,1,1,1,0,1,1,1,1,1,1,1,1,0,1
CHEMBL204_36,34,31,-1,-1,-1,2.0,2.593698657761292,2.7509499277351317,6.019357195032869,0.11675304301921932,0.12562042688844308,1.681652026325835,3.6223061399082557,0.17853132047866394,0.08855270673650144,-0.16151525943687833,-0.9792298972167135,6.806862745098039,3.564146346215251,-0.02574249374625392,-0.7930491993850346,0.02334001782531195,0.06499198114728993,3.042038675073411,8.124274393123432,0.7941176470588235,0.40434491426080943,-1.4547859349066157,0.11640211640211628,2.0,2.593698657761292,2.7509499277351317,6.019357195032869,2.0,0.0,0,0,1.8235294117647058,2.2025464972763595,3.19718874359626,9.32126206499376,0.0,0.0,0,0,0.004533405327059176,0.013069292186005863,2.889169713598992,7.513901512837336,0.04545454545454545,0.05366104117096274,2.7707195470611086,6.129021066011514,0.04545454545454542,0.12987754332738774,3.016996275454463,7.761008400391656,1.1818181818181819,0.38569460791993493,1.6499158227686117,0.7222222222222232,0.4058433951864936,62.0,216.0,0.0,124.0,1560.0,8.0,0.0,0.0,0.0,326.0,530.0,11064.0,0.0,0.0,0.0,0.0,34.0,0.0,0.0,0.0,0.0,0.0,0.0,0.0,0.0,0.0,0.0,0.0,0.0,0.0,0.0,1,1,0,1,1,1,0,0,0,1,1,1,0,0,0,0,1,0,0,0,0,0,0,0,0,0,0,0,0,0,0,6.193548387096774,0.46968450898583997,2.429726956639546,5.2042541829832665,2.2580645161290325,0.7169713151900924,-0.4262412037886989,-0.9830598764116756,0.0,0.0,0,0,3.4193548387096775,0.49345350131543086,0.3268602252303061,-1.8931623931623942,0.3870967741935484,0.4870860925981129,0.46358632497276514,-1.7850877192982457,12.397193548387103,0.9369941446215935,2.4278908858814057,5.19164537782293,1.032258064516129,0.8224225021923846,0.6361403989620732,0.06396686390532658,416.5690000000002,73.42,3.789170000000002,5,5,0,0,0,0,0,0,0,0,0,0,0,0,0,0,0,0,0,0,0,0,0,0,0,0,0,0,0,0,0,0,0,0,0,0,0,0,0,0,1,0,0,0,0,1,0,0,0,0,0,0,0,0,0,0,0,0,0,0,0,0,0,0,1,0,0,0,0,0,0,0,0,0,0,0,1,1,0,1,1,0,1,0,0,1,1,1,0,0,0,0,0,0,1,0,0,0,1,1,0,0,1,1,0,0,0,1,0,0,1,0,1,1,0,0,0,0,0,1,1,1,1,1,1,0,0,1,0,1,0,1,0,1,0,0,0,0,0,1,1,0,0,0,1,1,0,1,0,1,1,1,1,1,0,1,1,1,1,0,1,0,1,1,1,1,1,1,0,1
CHEMBL204_37,37,34,-1,-1,-1,2.0,2.6832815729997477,2.9814239699997196,7.138888888888889,0.11771019948324009,0.114766440933937,1.6664116794843886,3.66731538757713,0.18217443640649442,0.08795657972539463,-0.383625790030207,-0.9301460511217265,7.626126126126127,3.904202979996958,-0.19972132866987258,-0.7299329527611529,0.02436722436722437,0.07149643205380589,3.174880468713094,8.587324025154468,0.8108108108108109,0.3916588309780929,-1.5871507864874157,0.5190476190476199,2.0,2.6832815729997477,2.9814239699997196,7.138888888888889,2.0,0.0,0,0,1.837837837837838,2.3076080222850335,3.417949327233295,10.540953106741854,0.0,0.0,0,0,0.0,0.0,0,0,0.04000000000000001,0.049135693006716566,2.9961302635182814,7.19745749489881,0.04,0.06395554926677549,3.038179888709534,7.365961580084198,1.24,0.4270831300812524,1.2175615550562024,-0.5175438596491229,-1.0954760276237894,68.0,254.0,0.0,104.0,2040.0,0.0,0.0,0.0,0.0,250.0,450.0,15960.0,0.0,0.0,0.0,0.0,0.0,0.0,0.0,0.0,0.0,0.0,0.0,0.0,0.0,0.0,0.0,0.0,0.0,0.0,12.0,1,1,0,1,1,0,0,0,0,1,1,1,0,0,0,0,0,0,0,0,0,0,0,0,0,0,0,0,0,0,1,6.454545454545454,0.8560270843530626,1.880438262776254,2.4650065012154476,2.121212121212121,0.7690046994211832,-0.21024435992527515,-1.2841229119246953,0.0,0.0,0,0,3.484848484848485,0.4997703788627467,0.06063390625908321,-1.9963235294117647,0.30303030303030304,0.459568208730397,0.8571946154145235,-1.2652173913043472,12.978575757575758,1.894729628594252,2.116188389606991,3.627709800751161,1.0,0.9534625892455924,0.6292853089020909,-0.5799999999999996,461.55700000000013,100.35000000000001,3.0821000000000005,3,9,0,0,0,0,0,0,0,0,0,0,0,0,0,0,0,0,0,0,0,0,0,0,0,0,0,0,0,0,0,0,0,0,0,0,0,0,0,0,1,0,0,0,1,0,0,0,0,0,0,0,0,0,0,0,0,0,0,0,0,0,0,0,0,0,0,1,0,0,0,0,0,0,0,0,1,1,0,1,0,1,0,0,1,1,1,1,0,0,0,0,1,1,1,0,0,1,1,0,1,0,1,1,0,0,1,1,0,1,1,0,1,1,0,0,0,1,0,1,1,0,1,1,1,0,0,1,0,0,1,1,0,1,0,1,1,1,1,1,1,0,0,1,1,0,0,1,0,1,1,1,1,1,0,1,1,1,1,0,1,1,1,1,1,1,1,1,0,1
CHEMBL204_38,36,33,-1,-1,-1,2.0,2.6457513110645907,2.983219590537115,7.561224489795919,0.11164306683861848,0.12374814505537267,1.917467588622284,5.162442651246929,0.18085531195388654,0.0896659847482155,-0.2185809816125923,-0.9447599053969462,7.316666666666666,3.8216629920351894,-0.07940217227415787,-0.7571753494499429,0.024369747899159664,0.06718486081111491,3.0745820498717653,8.411821651542944,0.8055555555555556,0.3957724124659724,-1.544097293955913,0.3842364532019724,2.0,2.6457513110645907,2.983219590537115,7.561224489795919,2.0,0.0,0,0,1.8333333333333333,2.266911751455907,3.4257027256479033,11.133791088385685,0.0,0.0,0,0,0.004019573492019728,0.011994647205753885,3.0199843200632155,8.362169988171269,0.04166666666666666,0.049987080302106995,3.0058256662107983,7.7086399033418385,0.041666666666666685,0.144869565982671,-2.6472271170348973,6.870414531702497,1.1666666666666667,0.3726779962499649,1.7888543819998315,1.1999999999999993,1.2805505910741888,66.0,240.0,0.0,134.0,1890.0,8.0,0.0,0.0,0.0,396.0,594.0,15024.0,0.0,0.0,0.0,0.0,36.0,0.0,0.0,0.0,0.0,0.0,0.0,0.0,0.0,0.0,0.0,0.0,0.0,0.0,0.0,1,1,0,1,1,1,0,0,0,1,1,1,0,0,0,0,1,0,0,0,0,0,0,0,0,0,0,0,0,0,0,6.15625,0.4408354993645589,2.9046318319788798,7.833994091058306,2.1875,0.6817945071647321,-0.2542105075792519,-0.8658993008968294,0.0,0.0,0,0,3.1875,0.3903123748998999,1.6012815380508714,0.5641025641025643,0.625,0.4841229182759271,-0.5163977794943223,-1.7333333333333334,12.32275,0.8793849768446129,2.902780478833923,7.819821160038497,0.90625,0.8425917976695477,0.8053237036688004,0.1979115620902543,423.5600000000002,70.18,5.965570000000006,0,7,0,0,0,0,0,0,0,0,0,0,0,0,0,0,0,0,0,0,0,0,0,0,0,0,0,0,0,0,0,0,0,0,0,0,0,0,0,0,1,0,0,0,0,1,0,0,0,0,0,0,0,0,0,0,0,0,0,0,0,0,0,0,0,0,0,0,0,0,0,0,0,0,0,0,1,0,0,1,1,0,0,0,0,0,1,1,1,0,0,0,0,0,1,0,0,0,0,0,0,0,1,1,0,0,0,1,0,0,0,0,1,1,0,0,0,1,1,1,1,1,0,0,1,0,0,1,0,0,0,1,0,1,0,0,0,0,0,0,1,0,0,0,1,0,0,1,0,1,1,1,0,1,0,1,1,1,1,0,1,0,1,1,1,1,1,1,0,1
CHEMBL204_39,39,37,-1,-1,-1,2.074074074074074,3.005253744459377,3.2528389412625196,9.078705381727346,0.11038024968926403,0.11600528487772165,2.1376542923664554,6.824679391807301,0.19382868997405384,0.09601622455423803,-0.3840771748128441,-0.9023773085692763,8.481196581196583,4.38514420929171,-0.24455693816769128,-0.6864680412499151,0.023160812634496847,0.06922142060331529,3.6544213233617673,12.671677922987197,0.8205128205128205,0.3837597319768145,-1.6703827619526517,0.7901785714285703,2.074074074074074,3.005253744459377,3.2528389412625196,9.078705381727346,2.0,0.0,0,0,1.8974358974358974,2.589870522403376,3.7440483536107267,13.203236573768212,0.0,0.0,0,0,0.003717940837616294,0.011509928023052405,2.971974737320611,7.277996652721592,0.037037037037037035,0.04906311479821857,3.2677005429593864,9.151485698155334,0.037037037037037035,0.11861463332019333,3.7367560299944844,13.129708460146393,1.2592592592592593,0.438228132081453,1.0987005311470714,-0.7928571428571423,-0.06562461880088596,74.0,328.0,0.0,168.0,3234.0,8.0,0.0,0.0,0.0,578.0,894.0,32064.0,0.0,0.0,0.0,0.0,42.0,0.0,0.0,0.0,0.0,0.0,0.0,0.0,0.0,0.0,0.0,0.0,0.0,0.0,24.0,1,1,0,1,1,1,0,0,0,1,1,1,0,0,0,0,1,0,0,0,0,0,0,0,0,0,0,0,0,0,1,6.7,1.7204650534085255,4.062972792649265,18.556873173849517,2.15,0.792148975887743,-0.27309845488614065,-1.3588038285106592,0.0,0.0,0,0,3.2,0.39999999999999997,1.4999999999999993,0.24999999999999778,0.575,0.49434299833212975,-0.3034330424545039,-1.9079283887468033,13.460149999999999,3.519341859993144,3.876768112873867,16.88827470751714,0.7,0.9273618495495702,1.3805102708951824,1.0544889129259065,566.6300000000002,121.76,7.278370000000004,0,10,0,0,0,0,0,0,0,0,0,0,0,0,0,0,0,0,0,0,0,0,0,0,0,0,0,0,0,0,0,0,0,0,0,0,0,0,1,0,1,0,0,0,1,1,0,0,0,0,0,0,0,0,0,0,0,0,0,0,0,0,0,0,1,0,0,1,0,0,0,0,0,0,0,0,1,0,0,1,1,0,1,0,0,1,1,1,0,1,1,1,0,0,1,0,0,0,1,1,1,0,0,0,0,0,0,0,0,1,0,0,1,0,0,1,0,0,0,1,0,1,1,1,1,1,0,1,1,1,0,0,0,1,0,1,1,1,0,1,0,1,1,1,1,1,1,1,1,0,1,1,1,1,1,0,1,0,1,1,1,1,1,1,1,1,1,1,0,1
CHEMBL204_40,38,37,-1,-1,-1,2.1538461538461537,3.0721116227255165,3.0863622646255715,8.162512553925382,0.11212858036420868,0.11723041814815562,1.9269752143032324,5.2292856935232575,0.19916542714844107,0.1008108644218926,-0.329598147043916,-0.9630171603849398,8.381578947368423,4.402560707336017,-0.20275307394394315,-0.75568894435207,0.021613718982140033,0.06535746227465628,3.546776703366203,11.763393541037559,0.8157894736842105,0.3876557858593746,-1.6292261599251139,0.6543778801843323,2.1538461538461537,3.0721116227255165,3.0863622646255715,8.162512553925382,2.0,0.0,0,0,1.9473684210526316,2.635260582551589,3.5944208696763775,12.240208469337299,0.0,0.0,0,0,0.023741216462381073,0.08225051168398213,5.122294125281824,26.61177582179367,0.03846153846153847,0.050335942778432265,3.10965861901474,8.225624096002257,0.03846153846153847,0.040005296228902865,3.26703549001276,10.16596610406311,1.2692307692307692,0.4435600997950306,1.0405319634289447,-0.917293233082705,-2.338216637029241,74.0,334.0,0.0,262.0,3246.0,32.0,0.0,0.0,0.0,866.0,1480.0,32064.0,0.0,0.0,0.0,0.0,160.0,0.0,0.0,0.0,12.0,0.0,0.0,0.0,0.0,0.0,0.0,0.0,0.0,0.0,24.0,1,1,0,1,1,1,0,0,0,1,1,1,0,0,0,0,1,0,0,0,1,0,0,0,0,0,0,0,0,0,1,7.157894736842105,2.7675403842389277,2.852866084454233,6.714947696110967,2.210526315789474,0.7999307449247718,-0.08801172023487885,-0.8854781582054305,0.0,0.0,0,0,3.3947368421052633,0.4887940952896503,0.4307055216465316,-1.8144927536231894,0.39473684210526316,0.48879409528965023,0.4307055216465325,-1.814492753623188,14.365894736842105,5.681966351580993,2.890207404413393,6.970473525720504,0.7894736842105263,0.9775881905793005,0.9377208259326133,-0.34046628859483397,576.144,102.91999999999999,2.977500000000001,1,5,0,0,0,0,0,0,0,0,0,0,0,0,0,0,0,0,0,0,0,0,0,0,0,0,0,0,0,0,0,0,0,0,1,1,0,0,1,0,0,0,0,0,0,0,0,0,0,1,0,0,0,1,0,0,0,1,0,0,1,1,1,1,0,0,1,1,0,1,0,0,0,0,0,1,1,1,0,0,0,1,1,1,0,1,0,1,1,1,1,0,1,1,1,1,1,1,1,1,1,0,1,1,1,1,0,1,1,1,0,0,1,1,1,0,0,1,1,1,1,0,1,1,1,0,1,1,0,0,1,1,1,0,0,0,1,0,1,1,1,0,1,1,1,0,1,1,1,1,1,1,1,1,0,1,1,0,1,0,1,1,1,1,1,1,1,1,0,1
CHEMBL204_41,34,33,-1,-1,-1,2.1818181818181817,2.724240738867581,2.7896269218487943,6.475062127668025,0.1168274976108715,0.12555118680388558,1.7265677144271585,4.073225540636058,0.18609361214641965,0.09482632986499133,-0.1461383133498085,-1.0435855132136942,7.041176470588235,3.7383812059170154,-0.046805658905269644,-0.8416610458730474,0.021780303030303032,0.060566445525418025,3.4594387734914447,11.366762547902885,0.7941176470588235,0.40434491426080943,-1.4547859349066157,0.11640211640211495,2.1818181818181817,2.724240738867581,2.7896269218487943,6.475062127668025,2.0,0.0,0,0,1.9411764705882353,2.312894500157353,3.2806912956509056,10.18321453854122,0.0,0.0,0,0,0.04825388999750362,0.17003407914128282,5.14642598206944,25.87814079630273,0.04545454545454544,0.05178416258899511,2.7869634113648623,6.359271772711876,0.04545454545454544,0.5174777557916831,-2.6025831221785167,6.031796191315662,1.3636363636363635,0.48104569292083466,0.5669467095138415,-1.6785714285714282,-0.32959175492166887,66.0,244.0,0.0,200.0,1890.0,32.0,0.0,0.0,0.0,580.0,922.0,15024.0,0.0,0.0,0.0,0.0,126.0,0.0,0.0,0.0,12.0,0.0,0.0,0.0,0.0,0.0,0.0,0.0,0.0,0.0,0.0,1,1,0,1,1,1,0,0,0,1,1,1,0,0,0,0,1,0,0,0,1,0,0,0,0,0,0,0,0,0,0,6.3478260869565215,0.69836427844387,1.7012163894849113,1.2001983053903063,2.1739130434782608,0.7010658911563957,-0.2547482625793736,-0.9604142011834336,0.0,0.0,0,0,3.130434782608696,0.33678116053977536,2.194690562850869,2.8166666666666647,0.6521739130434783,0.47628048478710105,-0.6390096504226936,-1.5916666666666672,12.704739130434785,1.3927008860606174,1.7005734213750174,1.1977962237677353,0.6956521739130435,0.8564224175474873,1.4570740843979368,1.7727973217132549,308.33700000000005,61.19,3.290000000000002,0,3,0,0,0,0,0,0,0,0,0,0,0,0,0,0,0,0,0,0,0,0,0,0,0,0,0,0,0,0,0,0,0,0,0,0,0,0,0,0,0,0,0,0,0,0,0,0,0,0,0,0,0,0,1,0,0,0,0,0,0,0,0,0,0,0,0,1,0,0,0,0,0,0,0,0,1,1,0,0,0,0,1,0,0,1,0,0,0,0,0,0,0,0,1,0,1,1,1,1,0,0,0,1,0,0,0,1,0,0,0,0,1,0,0,0,0,0,0,1,0,0,1,1,1,1,1,1,1,0,0,0,0,0,0,0,0,0,1,1,0,0,0,0,1,0,0,1,1,0,1,1,0,0,1,0,1,0,1,1,1,1,1,1,1,1,1,1,0,1
CHEMBL204_42,38,38,-1,-1,-1,2.230769230769231,3.214243448580951,3.1546571599562205,8.726123136634348,0.11131999828109315,0.11799850616165285,1.9515858715170715,5.454267116206488,0.20230815175585795,0.1040090992898683,-0.299901733826185,-1.0208238214131489,8.512280701754387,4.514777044048116,-0.1951165738070662,-0.7811565442166559,0.021218587008060695,0.06370638793206113,3.8646405084449342,14.396089106650496,0.8157894736842105,0.3876557858593746,-1.6292261599251143,0.6543778801843323,2.230769230769231,3.214243448580951,3.1546571599562205,8.726123136634348,2.0,0.0,0,0,2.0,2.752988806446741,3.692956049388626,13.141203703703706,0.0,0.0,0,0,0.028858704093455135,0.06765838276796016,2.846357502794204,8.643969479185458,0.03846153846153847,0.05079152156928775,3.1845913015287866,8.865277727566594,0.03846153846153846,0.02785868294872849,2.6996135054768655,7.826652231856009,1.3076923076923077,0.46153846153846145,0.8333333333333339,-1.3055555555555547,1.2302821444678256,76.0,364.0,0.0,304.0,3792.0,56.0,0.0,0.0,0.0,1204.0,1804.0,40800.0,0.0,0.0,0.0,0.0,300.0,0.0,0.0,0.0,48.0,0.0,0.0,0.0,0.0,0.0,0.0,0.0,0.0,0.0,36.0,1,1,0,1,1,1,0,0,0,1,1,1,0,0,0,0,1,0,0,0,1,0,0,0,0,0,0,0,0,0,1,6.2272727272727275,0.5162643950727521,2.2277455490285534,4.034252749233817,2.1818181818181817,0.7767276132106846,-0.3270738907946656,-1.2771626946894359,0.0,0.0,0,0,3.1363636363636362,0.3431742925123068,2.1192517713040706,2.4912280701754437,0.6818181818181818,0.46577048936179993,-0.7807200583588263,-1.3904761904761906,12.464454545454545,1.029839560640956,2.22608282460595,4.024298609330502,0.8636363636363636,0.8684078715701272,1.0996204488826735,0.8190504785137906,293.37,85.89,3.947970000000002,0,3,0,0,0,0,0,0,0,0,0,0,0,0,0,0,0,0,0,0,0,0,0,0,0,0,0,0,0,0,0,0,0,0,0,0,0,0,0,0,1,0,0,0,0,1,0,0,0,0,0,0,0,0,0,1,0,0,0,0,0,0,0,0,1,0,0,1,0,0,0,0,0,0,0,0,1,0,0,1,1,0,0,0,0,1,1,0,0,0,0,0,0,0,0,0,0,0,1,1,0,0,0,1,0,0,0,1,0,0,0,0,0,0,0,1,0,0,0,0,0,1,0,1,0,0,0,1,0,1,0,0,0,1,0,0,0,0,0,1,0,1,0,0,1,1,1,1,0,0,0,1,1,1,1,0,0,0,1,1,1,0,1,1,1,1,1,1,0,1
CHEMBL204_43,38,37,-1,-1,-1,2.1538461538461537,3.0595664309771293,3.125722945630268,8.34571850511683,0.11157200782029542,0.11776025027415721,1.9191960933405754,5.2023298560716835,0.1949132774580458,0.09839724808727159,-0.3076744178622466,-0.9812257837981289,8.29122807017544,4.354700587330194,-0.19112830278551207,-0.7692520983543312,0.022562035719930457,0.06655073282258017,3.555643169589946,11.657633724716217,0.8157894736842105,0.3876557858593746,-1.6292261599251143,0.6543778801843323,2.1538461538461537,3.0595664309771293,3.125722945630268,8.34571850511683,2.0,0.0,0,0,1.9473684210526316,2.6252555607031427,3.6352141081568976,12.47273924483823,0.0,0.0,0,0,0.025354460310309995,0.08310552991638256,4.925938719256259,25.042595965950486,0.038461538461538464,0.04990631499546847,3.1467299036532825,8.416404995486992,0.03846153846153846,0.036677369734540465,3.1320425859463925,9.61182219225046,1.2692307692307692,0.4435600997950306,1.0405319634289447,-0.9172932330827055,0.3096907163626596,74.0,332.0,0.0,236.0,3240.0,32.0,0.0,0.0,0.0,860.0,1278.0,32064.0,0.0,0.0,0.0,0.0,156.0,0.0,0.0,0.0,12.0,0.0,0.0,0.0,0.0,0.0,0.0,0.0,0.0,0.0,24.0,1,1,0,1,1,1,0,0,0,1,1,1,0,0,0,0,1,0,0,0,1,0,0,0,0,0,0,0,0,0,1,8.0,3.9157800414902435,1.732121984326497,1.1143667296786388,2.111111111111111,0.8748897637790901,-0.2171292493874226,-1.6592091571279917,0.0,0.3333333333333333,0.0,6.0,3.4444444444444446,0.49690399499995325,0.2236067977499778,-1.95,0.5555555555555556,0.4969039949999533,-0.22360679774997907,-1.95,16.173222222222222,8.210211633187566,1.7529364437810133,1.2034843820893233,0.6666666666666666,1.1055415967851334,1.4253263561857918,0.3966942148760344,303.21400000000006,48.84,3.7974000000000023,1,2,0,0,0,0,0,0,0,0,0,0,0,0,0,0,0,0,0,0,0,0,0,0,0,0,0,0,0,0,0,0,0,0,0,0,0,0,0,0,0,0,1,0,0,0,0,0,0,1,0,1,0,1,0,0,0,0,0,0,0,1,0,1,0,0,1,1,0,1,0,0,0,0,0,0,1,0,0,0,0,1,0,1,0,0,0,0,0,1,1,0,0,0,0,1,0,1,0,1,1,0,0,1,1,1,0,1,0,1,0,0,0,0,0,0,0,0,0,0,0,0,1,1,0,0,1,1,0,0,0,0,0,0,0,0,1,0,0,1,0,0,0,1,1,0,1,1,0,0,1,1,1,0,0,0,0,0,1,0,0,0,1,1,1,1,1,1,0,0
CHEMBL204_44,38,35,-1,-1,-1,2.0,2.9742484506432625,3.245248025919264,9.215576559546312,0.10927295197413633,0.11989666984759131,2.228043493083045,7.440577839038749,0.19190745187262212,0.09610368286716889,-0.2979727672683418,-0.889171297678673,8.136842105263161,4.249523808710835,-0.16116417044291137,-0.6601371778526404,0.023115220483641535,0.07109368602031671,3.509288219063772,11.754182564903182,0.8157894736842105,0.3876557858593746,-1.6292261599251139,0.6543778801843323,2.0,2.9742484506432625,3.245248025919264,9.215576559546312,2.0,0.0,0,0,1.8421052631578947,2.5497813713240682,3.7387864936430577,13.433045730627484,0.0,0.0,0,0,0.0033932695571402462,0.010556391749459592,3.140758885771703,8.79767256370603,0.03846153846153847,0.05213000532794025,3.250885204967439,9.228665295606064,0.03846153846153846,0.019500095790330838,-0.06185119761346191,-0.9131180178434106,1.1538461538461537,0.36080121229411,1.9188064472004944,1.6818181818181834,1.601007890467341,70.0,306.0,0.0,158.0,2970.0,8.0,0.0,0.0,0.0,474.0,884.0,29184.0,0.0,0.0,0.0,0.0,42.0,0.0,0.0,0.0,0.0,0.0,0.0,0.0,0.0,0.0,0.0,0.0,0.0,0.0,0.0,1,1,0,1,1,1,0,0,0,1,1,1,0,0,0,0,1,0,0,0,0,0,0,0,0,0,0,0,0,0,0,6.621621621621622,0.9959743660912584,1.4681160444726244,0.8161822918135226,2.2162162162162162,0.809909408852524,-0.10769210752131775,-0.9307865536381263,0.0,0.0,0,0,3.2162162162162162,0.4116634111277789,1.3787175450270865,-0.09913793103448354,0.6756756756756757,0.46812183988348033,-0.7505553499465135,-1.4366666666666659,13.359540540540541,2.2522199090290314,1.6485754078786836,1.433380539893709,0.5135135135135135,0.7925880161413611,1.746936430720356,2.721914548404542,513.4550000000002,116.79,5.315000000000003,0,5,0,0,0,0,0,0,0,0,0,0,0,0,0,0,0,0,0,0,0,0,0,0,0,0,0,0,0,0,0,0,0,0,0,0,0,0,0,0,1,0,0,0,1,0,0,0,0,0,0,0,0,0,1,0,0,0,0,1,0,0,0,0,1,0,0,1,0,0,0,0,0,1,0,0,1,1,0,1,0,1,1,0,0,1,1,1,0,1,0,0,0,0,1,0,1,1,1,1,0,0,0,1,1,0,0,1,1,1,0,0,1,0,1,0,0,0,0,1,0,0,1,1,1,0,1,1,0,0,0,0,1,1,0,1,1,1,0,1,0,0,0,0,1,0,1,1,0,0,1,1,1,1,1,0,1,0,1,0,1,1,1,1,1,1,1,1,0,1
CHEMBL204_45,39,36,-1,-1,-1,2.0,2.8803291992923823,3.16184096574108,8.420758928571429,0.10994651271514566,0.1164164506536939,1.9619263917911156,5.319804949817806,0.18911276232149912,0.09353593470425353,-0.33155887769572656,-0.8686127646673016,8.273504273504276,4.282906324035826,-0.19161521394590722,-0.6881497647651749,0.024255024255024252,0.07141037097160521,3.311021462242555,10.054205467246677,0.8205128205128205,0.3837597319768145,-1.6703827619526517,0.7901785714285703,2.0,2.8803291992923823,3.16184096574108,8.420758928571429,2.0,0.0,0,0,1.8461538461538463,2.4862541233902355,3.619429635103633,12.175582338181925,0.0,0.0,0,0,0.0032205288258112916,0.010125690346097322,3.202129218208591,9.39408384401798,0.03703703703703704,0.04841643384548696,3.1677354275905993,8.438738845880911,0.03703703703703704,0.07298558664207853,3.524137306974916,11.30927736859866,1.1481481481481481,0.3552467795046459,1.9808869335422101,1.9239130434782599,1.9927401744186242,72.0,302.0,0.0,160.0,2772.0,8.0,0.0,0.0,0.0,530.0,844.0,25200.0,0.0,0.0,0.0,0.0,42.0,0.0,0.0,0.0,0.0,0.0,0.0,0.0,0.0,0.0,0.0,0.0,0.0,0.0,0.0,1,1,0,1,1,1,0,0,0,1,1,1,0,0,0,0,1,0,0,0,0,0,0,0,0,0,0,0,0,0,0,6.666666666666667,1.830417261289718,4.662332346794565,23.14551228654724,2.1538461538461537,0.7692307692307693,-0.2699999999999996,-1.268,0.0,0.0,0,0,3.2051282051282053,0.4037952755903492,1.4605014605021904,0.13306451612903203,0.5384615384615384,0.49851851526214314,-0.1543033499620917,-1.9761904761904763,13.405076923076926,3.9032120000276396,4.687251344522984,23.239499522991476,0.717948717948718,0.845765256536956,1.0799299958534143,0.5170442257785468,551.0220000000003,137.32999999999998,5.427370000000004,0,10,0,0,0,0,0,0,0,0,0,0,0,0,0,0,0,0,0,0,0,0,0,0,0,0,0,0,0,0,0,0,0,0,0,0,0,0,0,0,1,0,0,0,1,1,0,0,0,0,0,0,0,0,0,0,0,0,0,0,0,0,0,0,0,0,0,1,0,0,0,0,0,0,0,0,1,1,0,1,1,1,0,0,1,1,1,1,0,1,0,0,1,0,1,0,0,0,1,1,0,0,1,1,0,1,1,1,0,1,1,0,1,1,0,0,0,0,0,1,1,1,1,1,1,1,0,1,0,0,0,0,0,1,1,1,1,1,1,1,1,1,0,0,1,0,1,1,1,1,1,1,1,1,0,1,1,1,1,1,1,1,1,1,1,1,1,1,0,1
CHEMBL204_46,38,35,-1,-1,-1,2.0833333333333335,2.9142847416742854,2.988119520759097,7.487619749299503,0.1086048500245314,0.12050218265588904,1.9749694646857234,5.724235028899731,0.17127198106575617,0.09386737517564687,-0.18542279048773821,-1.1068039608814173,7.271929824561403,4.160947136301878,-0.07147053325228246,-0.912562913136441,0.018847795163584636,0.05855729505874556,3.433839904799365,10.844449883221188,0.8157894736842105,0.3876557858593746,-1.6292261599251139,0.6543778801843323,2.0833333333333335,2.9142847416742854,2.988119520759097,7.487619749299503,2.0,0.0,0,0,1.8421052631578947,2.4227682708387164,3.6043461408111894,12.309842341956124,0.0,0.0,0,0,0.020076110007460124,0.08107270290081378,5.461963475871082,29.3292427046401,0.04166666666666668,0.05362164892832334,3.005130235063752,7.488743209393956,0.041666666666666664,0.022498969683903032,0.06591185119432087,-0.41643236422831853,1.25,0.4330127018922193,1.1547005383792515,-0.6666666666666665,-0.1882983614460758,70.0,282.0,0.0,156.0,2502.0,16.0,0.0,0.0,0.0,500.0,788.0,22320.0,0.0,0.0,0.0,0.0,64.0,0.0,0.0,0.0,0.0,0.0,0.0,0.0,0.0,0.0,0.0,0.0,0.0,0.0,12.0,1,1,0,1,1,1,0,0,0,1,1,1,0,0,0,0,1,0,0,0,0,0,0,0,0,0,0,0,0,0,1,6.6571428571428575,1.722835820763581,4.560696586833208,21.75660610615516,2.2285714285714286,0.831030832699942,0.14971457333401844,-0.6290847207551589,0.0,0.0,0,0,3.4571428571428573,0.4981598792617913,0.1720618004029203,-1.970394736842106,0.45714285714285713,0.49815987926179134,0.17206180040292154,-1.9703947368421055,13.325057142857144,3.453394040177676,4.570618005032257,21.83145451205732,0.9428571428571428,1.1197667395580244,0.7230061276916164,-0.9780782063802094,499.6410000000005,98.37999999999998,2.886700000000001,0,4,0,0,0,0,0,0,0,0,0,0,0,0,0,0,0,0,0,0,0,1,0,0,0,0,0,0,0,0,0,0,0,0,1,1,0,0,0,0,1,0,0,0,0,0,0,0,0,0,0,0,0,1,1,0,0,1,0,1,1,1,1,1,1,0,1,1,1,1,0,0,0,0,0,1,1,1,0,1,0,1,1,1,0,1,0,1,1,0,1,0,0,0,0,0,1,1,1,1,1,0,1,1,1,0,0,1,1,0,1,1,0,1,1,1,0,0,1,1,1,0,1,1,1,0,1,1,0,0,1,1,1,0,1,0,0,0,1,1,1,0,0,1,1,0,1,1,1,1,1,1,1,0,1,1,0,0,1,1,1,1,1,1,1,1,1,1,0,0
CHEMBL204_47,39,37,-1,-1,-1,2.074074074074074,3.0175526743805454,3.2126280182440907,8.88390747584302,0.10874319090601717,0.11754124413414704,1.9887406187825358,5.495396072811365,0.1942464247298008,0.09773245002021934,-0.31281950623948845,-0.9355541832926741,8.455555555555557,4.427223045390556,-0.18575261205089139,-0.7254189265244908,0.023306707517233835,0.06765657422530336,3.559049875996385,12.111765220618267,0.8205128205128205,0.3837597319768145,-1.6703827619526517,0.7901785714285703,2.074074074074074,3.0175526743805454,3.2126280182440907,8.88390747584302,2.0,0.0,0,0,1.8974358974358974,2.599752175515195,3.702415083566863,12.959477206316528,0.0,0.0,0,0,0.009318528953872572,0.025600399279845313,2.6134564765907253,5.325371345170419,0.037037037037037035,0.048817231260548294,3.2247875212757733,8.956081065257324,0.037037037037037035,0.045066812519727606,3.3787088815195894,10.832628230386938,1.1851851851851851,0.38844772154450063,1.6208864017175073,0.6272727272727261,-0.419006871591196,74.0,330.0,0.0,214.0,3240.0,24.0,0.0,0.0,0.0,830.0,1188.0,32064.0,0.0,0.0,0.0,0.0,130.0,0.0,0.0,0.0,12.0,0.0,0.0,0.0,0.0,0.0,0.0,0.0,0.0,0.0,0.0,1,1,0,1,1,1,0,0,0,1,1,1,0,0,0,0,1,0,0,0,1,0,0,0,0,0,0,0,0,0,0,6.384615384615385,0.8355984993230934,2.0814348140277343,3.054438379775924,2.2564102564102564,0.6291202126351435,-0.2606549594573093,-0.6530557057869113,0.0,0.0,0,0,3.5384615384615383,0.49851851526214314,-0.15430334996209122,-1.9761904761904765,0.3076923076923077,0.46153846153846156,0.8333333333333334,-1.3055555555555562,12.829615384615387,1.8339092561420032,2.298110015301219,4.294382196029336,1.0,0.9058216273156766,0.20699439530455896,-1.3242187499999998,539.6670000000001,45.25000000000001,4.959100000000005,4,6,0,0,0,0,0,0,0,0,0,0,0,0,0,0,0,0,0,0,0,0,0,0,0,0,0,0,0,0,1,0,0,0,0,0,0,0,0,0,0,0,0,0,1,0,0,0,0,0,0,0,0,0,0,0,0,0,0,1,0,0,0,0,1,0,0,0,0,0,0,0,0,0,1,0,0,1,0,0,0,1,1,0,0,1,0,1,1,1,0,0,0,0,1,0,0,0,1,1,1,0,1,1,0,0,0,1,0,1,1,1,1,1,0,1,0,1,0,1,1,0,1,1,1,1,0,1,0,0,1,1,0,0,0,1,1,1,0,1,1,0,0,0,1,0,1,1,1,1,1,0,1,0,1,1,1,1,1,1,1,1,1,1,1,1,1,1,0,0
CHEMBL204_48,37,34,-1,-1,-1,2.0,2.6832815729997477,2.9814239699997196,7.138888888888889,0.11323020124609333,0.11918870983778716,1.6673007438341543,3.2704949694363386,0.17622389306727876,0.086435583837708,-0.23927100196198822,-0.9637174180742418,7.478893178893179,3.883750093520462,-0.10742167989887481,-0.7676007579609441,0.02634062634062634,0.07092842626523778,3.208109563886274,9.431764697120528,0.8108108108108109,0.3916588309780929,-1.5871507864874157,0.5190476190476199,2.0,2.6832815729997477,2.9814239699997196,7.138888888888889,2.0,0.0,0,0,1.837837837837838,2.3076080222850335,3.4179493272332944,10.540953106741854,0.0,0.0,0,0,0.004708883111786923,0.01385042200862991,2.7409609191726414,5.9133499829405185,0.04000000000000001,0.04839105901565302,2.9742544107576054,7.109758662576288,0.04,0.01940574786171368,0.10853549986974106,1.2578349928362336,1.16,0.36660605559646714,1.8548520670059365,1.4404761904761942,0.7579794890846417,68.0,254.0,0.0,122.0,2040.0,8.0,0.0,0.0,0.0,424.0,540.0,15960.0,0.0,0.0,0.0,0.0,36.0,0.0,0.0,0.0,0.0,0.0,0.0,0.0,0.0,0.0,0.0,0.0,0.0,0.0,0.0,1,1,0,1,1,1,0,0,0,1,1,1,0,0,0,0,1,0,0,0,0,0,0,0,0,0,0,0,0,0,0,6.589743589743589,1.644227645321169,4.824972569956552,24.564387802994744,2.1538461538461537,0.7351421121452026,0.13747929104532314,-0.3948798550801853,0.0,0.0,0,0,3.3076923076923075,0.46153846153846156,0.8333333333333348,-1.3055555555555551,0.38461538461538464,0.4865042554105199,0.474341649025257,-1.7750000000000004,13.190282051282056,3.2957087090345305,4.835470499926261,24.64902024563461,0.8974358974358975,0.8710403975109245,0.4324774479518219,-1.0088682571959793,549.7010000000002,169.79000000000002,1.9685000000000006,3,11,0,0,0,0,0,0,0,0,0,0,0,0,0,0,0,0,0,0,0,0,0,0,0,0,0,1,0,0,0,0,0,0,0,0,0,0,1,0,0,0,0,0,0,1,0,0,0,1,0,0,0,0,0,0,0,0,0,0,0,0,0,0,0,0,0,1,1,0,0,0,0,0,0,0,0,1,0,1,1,1,1,1,0,1,1,1,0,0,1,0,1,1,1,0,0,1,1,0,0,0,1,1,0,0,1,1,1,0,1,0,1,1,1,0,0,1,0,1,1,1,1,1,1,0,0,1,0,0,1,1,0,1,0,0,0,0,1,1,1,0,0,0,1,0,0,1,1,1,1,0,1,1,1,1,1,1,1,0,1,1,1,1,1,1,1,1,0,1
CHEMBL204_49,40,38,-1,-1,-1,2.0714285714285716,3.1159563015981773,3.361765527816333,10.003181082280394,0.10679326457256169,0.11659845042681674,2.1387815028904997,6.643868420767641,0.19611603684118312,0.0982242278402943,-0.3543826096654825,-0.9198727537255769,8.780000000000001,4.580300814963528,-0.21689297402911809,-0.6922767616116174,0.023414304993252363,0.06892185457219958,3.5591761940714934,11.945008052213034,0.825,0.3799671038392666,-1.7106744068953987,0.9264069264069255,2.0714285714285716,3.1159563015981773,3.361765527816333,10.003181082280394,2.0,0.0,0,0,1.9,2.690724809414742,3.8639489137060057,14.370591175483046,0.0,0.0,0,0,0.008597960232594917,0.023762506626452982,2.6241008956231684,5.453258433198284,0.03571428571428572,0.048778278921222856,3.38807015884728,10.201689826775512,0.03571428571428572,0.06750408344944192,3.7684911863548343,13.369550007749709,1.1785714285714286,0.3829930462415574,1.6785086548325636,0.8173913043478258,0.7403181332817148,76.0,358.0,0.0,216.0,3786.0,24.0,0.0,0.0,0.0,892.0,1228.0,40800.0,0.0,0.0,0.0,0.0,136.0,0.0,0.0,0.0,12.0,0.0,0.0,0.0,0.0,0.0,0.0,0.0,0.0,0.0,0.0,1,1,0,1,1,1,0,0,0,1,1,1,0,0,0,0,1,0,0,0,1,0,0,0,0,0,0,0,0,0,0,6.96969696969697,2.6109889973985476,3.4039413736535677,10.214065896486701,2.121212121212121,0.8441447440717649,0.07003792861773589,-1.015935540440005,0.0,0.0,0,0,3.242424242424242,0.552147489645109,0.038351367948206136,-0.348708085353461,0.45454545454545453,0.49792959773196915,0.1825741858350553,-1.9666666666666663,14.036333333333333,5.557964346482235,3.436506862294107,10.37489574873862,0.7272727272727273,0.9300611668619881,1.2439176635132931,0.649133839100978,487.39100000000025,136.69,3.3833800000000016,2,7,0,0,0,0,0,0,0,0,0,0,0,0,0,0,0,0,0,0,0,0,0,0,0,0,0,0,0,0,0,0,0,0,0,0,0,0,0,0,1,0,0,1,0,0,0,0,0,0,0,0,0,0,0,0,1,0,0,0,0,0,0,0,0,0,0,1,1,0,0,0,0,0,0,0,1,0,0,1,0,1,0,0,0,1,1,0,0,1,0,0,1,0,1,0,0,1,1,0,0,0,0,1,0,1,1,1,0,1,0,0,1,1,1,0,0,0,0,1,0,0,1,1,0,0,0,1,0,0,0,0,0,1,0,0,1,0,1,1,0,0,0,1,1,0,1,1,0,0,0,1,1,1,0,0,1,1,1,0,1,1,1,1,1,1,1,1,0,0
CHEMBL204_50,36,33,-1,-1,-1,2.0,2.614064523559687,2.8550996224007053,6.526472337894111,0.11399937758938054,0.12158091826849977,1.67794763616046,3.383287198770269,0.1778525401033558,0.08787444742120373,-0.20928292418243183,-0.9637433465546046,7.259259259259259,3.7840846954273304,-0.07855871498539319,-0.7773827500850476,0.025210084033613446,0.06825083879549547,3.122785491496796,9.00931776714456,0.8055555555555556,0.3957724124659724,-1.544097293955913,0.3842364532019724,2.0,2.614064523559687,2.8550996224007053,6.526472337894111,2.0,0.0,0,0,1.8333333333333333,2.242270674512285,3.283635355465382,9.7735111870822,0.0,0.0,0,0,0.004074587407920741,0.012197393423899474,3.016418835522424,8.200425911328463,0.041666666666666664,0.049284424711593805,2.8529703205041366,6.50458520660262,0.041666666666666664,0.08943978894145671,-2.123957749497606,4.0856285623638815,1.1666666666666667,0.3726779962499649,1.7888543819998315,1.1999999999999993,-0.6639489556673742,66.0,236.0,0.0,136.0,1776.0,8.0,0.0,0.0,0.0,386.0,614.0,13080.0,0.0,0.0,0.0,0.0,36.0,0.0,0.0,0.0,0.0,0.0,0.0,0.0,0.0,0.0,0.0,0.0,0.0,0.0,0.0,1,1,0,1,1,1,0,0,0,1,1,1,0,0,0,0,1,0,0,0,0,0,0,0,0,0,0,0,0,0,0,7.0,2.5105836578433913,3.274598645804886,9.652644230769232,2.121212121212121,0.7690046994211832,0.18956258063111314,-0.49639288607692755,0.0,0.0,0,0,3.393939393939394,0.4886216817150636,0.43412157106222904,-1.8115384615384618,0.36363636363636365,0.48104569292083466,0.5669467095138406,-1.6785714285714286,14.054454545454545,5.203509381590228,3.328491344997026,10.036439743269154,0.8787878787878788,0.8441447440717648,0.5344902425689011,-0.6687147943458394,493.0290000000003,121.60000000000001,1.914,2,9,0,0,0,0,0,0,0,0,0,0,0,0,0,0,0,0,0,0,0,0,0,0,0,0,0,0,0,0,0,0,0,0,1,1,0,0,0,0,0,0,0,0,0,0,0,0,0,0,0,0,0,1,0,0,0,1,0,0,1,0,1,1,0,0,0,0,0,1,0,1,0,0,0,1,0,1,0,0,0,1,0,0,1,1,1,1,0,1,1,0,1,1,1,0,1,1,1,0,0,0,1,0,1,1,1,0,1,1,1,0,1,1,1,0,0,0,0,1,1,0,0,1,1,0,1,1,0,0,1,1,1,1,1,0,1,0,1,1,1,0,1,0,1,0,1,1,1,1,1,0,1,1,0,1,1,1,1,0,1,1,1,1,1,1,1,1,0,1
CHEMBL204_51,37,34,-1,-1,-1,2.0,2.7129319932501073,2.992911446948591,7.423558601134214,0.11217454302474823,0.12018277299270451,1.8265112115423463,4.4178660284787625,0.183167591268142,0.09062169176236094,-0.2615610438674066,-0.9233682806453536,7.6189189189189195,3.9649689041458163,-0.12238397004405181,-0.7509309376384006,0.02445302445302445,0.0687442701665356,3.110995835089888,8.550841581573074,0.8108108108108109,0.3916588309780929,-1.5871507864874157,0.5190476190476199,2.0,2.7129319932501073,2.992911446948591,7.423558601134214,2.0,0.0,0,0,1.837837837837838,2.3309146043178743,3.435839327803108,10.933689893276396,0.0,0.0,0,0,0.0036984662546280006,0.011212620764567967,3.0802328825952965,8.767221071617847,0.04,0.04922121731058735,3.009625137039174,7.52722635919438,0.04,0.03616918743553473,-0.99022378368533,1.184344190230095,1.16,0.3666060555964672,1.854852067005936,1.4404761904761934,-1.5893768465688054,68.0,258.0,0.0,142.0,2106.0,8.0,0.0,0.0,0.0,442.0,660.0,17040.0,0.0,0.0,0.0,0.0,38.0,0.0,0.0,0.0,0.0,0.0,0.0,0.0,0.0,0.0,0.0,0.0,0.0,0.0,0.0,1,1,0,1,1,1,0,0,0,1,1,1,0,0,0,0,1,0,0,0,0,0,0,0,0,0,0,0,0,0,0,7.071428571428571,2.6849923041732144,3.0789322184075747,8.062918937437178,2.142857142857143,0.7423074889580903,0.288675134594813,-0.15226337448559812,0.0,0.0,0,0,3.4285714285714284,0.4948716593053935,0.2886751345948138,-1.9166666666666665,0.42857142857142855,0.4948716593053935,0.28867513459481287,-1.9166666666666665,14.205785714285716,5.569754119714948,3.1212641046588923,8.357288936572605,0.9285714285714286,0.8835226340609271,0.7608960785453582,-0.09714212482378581,423.97000000000014,96.00999999999999,3.575400000000001,1,7,0,0,0,0,0,0,0,0,0,0,0,0,0,0,0,0,0,0,0,0,0,0,0,0,0,0,0,0,0,0,0,0,1,1,0,0,0,0,1,0,0,0,0,0,0,0,0,0,0,0,0,1,0,1,0,1,0,0,1,0,1,1,0,0,0,1,0,1,0,1,0,0,0,1,0,0,0,1,0,0,1,0,0,0,0,0,0,1,1,0,1,0,0,1,1,0,0,0,1,0,0,0,1,1,1,0,1,1,1,0,0,1,1,0,0,0,0,1,1,0,1,1,0,0,1,1,0,0,1,1,1,1,0,1,1,1,1,1,0,0,0,0,1,0,0,1,0,1,1,1,0,1,0,0,0,0,1,0,1,1,1,1,1,1,1,1,0,0
CHEMBL204_52,39,36,-1,-1,-1,2.08,2.965400478856102,3.051363668536683,7.6430603757873925,0.10862120190036663,0.11765398479756402,1.9379266473370802,5.433269896403482,0.17014261397515545,0.09254406202516324,-0.2065008986834096,-1.0887901625448801,7.494017094017095,4.2577940718971075,-0.10315958550011695,-0.898474769204137,0.01984170405223037,0.06191314440648235,3.5446070801512772,11.638664180143287,0.8205128205128205,0.3837597319768145,-1.6703827619526517,0.7901785714285703,2.08,2.965400478856102,3.051363668536683,7.6430603757873925,2.0,0.0,0,0,1.8461538461538463,2.4759195291432428,3.6633826194582353,12.428988834394243,0.0,0.0,0,0,0.034820887223633225,0.15817851042554418,5.818072747844078,32.54727322771617,0.04000000000000001,0.05237333594313609,3.048970295714454,7.527131408834681,0.04000000000000001,0.26124736156192846,-3.032817283601067,8.435400541338451,1.28,0.448998886412873,0.9799578870122222,-1.0396825396825407,-0.34171230023853844,72.0,300.0,0.0,140.0,2766.0,16.0,0.0,0.0,0.0,528.0,708.0,25200.0,0.0,0.0,0.0,0.0,62.0,0.0,0.0,0.0,0.0,0.0,0.0,0.0,0.0,0.0,0.0,0.0,0.0,0.0,0.0,1,1,0,1,1,1,0,0,0,1,1,1,0,0,0,0,1,0,0,0,0,0,0,0,0,0,0,0,0,0,0,7.0,2.0380986614602725,3.325539585469127,11.738683127572013,2.230769230769231,0.6965680875490321,-0.34745528935744435,-0.9229625223081501,0.0,0.0,0,0,3.269230769230769,0.4435600997950306,1.0405319634289447,-0.9172932330827055,0.5384615384615384,0.4985185152621431,-0.1543033499620917,-1.976190476190476,14.087076923076925,4.167020194548516,3.150632603689579,10.5228134905719,0.5384615384615384,0.7457969011409737,1.537256559583585,2.3390674513354455,380.3760000000001,78.27,3.430600000000002,2,5,0,0,0,0,0,0,0,0,0,0,0,0,0,0,0,0,0,0,0,0,0,0,0,1,0,0,0,0,0,0,0,0,1,1,0,0,1,0,0,0,0,0,1,0,0,0,0,0,0,0,0,0,1,0,0,0,0,1,0,0,0,0,1,0,0,1,0,1,0,0,0,0,1,0,0,1,0,0,0,0,1,0,1,1,0,0,0,0,1,0,0,1,0,0,1,1,1,1,0,0,1,1,0,0,0,1,1,1,0,0,1,0,0,1,0,0,1,1,0,0,1,1,1,1,1,1,1,1,0,0,1,0,1,0,1,0,0,1,0,0,0,0,1,1,0,0,1,0,1,0,0,1,1,1,1,0,1,1,1,1,1,1,1,1,1,1,0,0
CHEMBL204_53,39,37,-1,-1,-1,2.074074074074074,2.9929042741980623,3.11981365172675,8.071420396849037,0.11286242909922467,0.11359180313230412,1.8104891175352391,4.274641233234157,0.19241375222037652,0.09521890457497226,-0.3638863946045291,-0.8755810866274012,8.435897435897438,4.3608781664526015,-0.23297996135992377,-0.6976398862768871,0.02345260239997082,0.07142278638683114,3.4283821346650716,10.785757050336628,0.8205128205128205,0.3837597319768145,-1.6703827619526517,0.7901785714285703,2.074074074074074,2.9929042741980623,3.11981365172675,8.071420396849037,2.0,0.0,0,0,1.8974358974358974,2.5799510211497982,3.598345715882266,11.88788567398397,0.0,0.0,0,0,0.01919839847684436,0.08015476108262803,5.54356802459986,30.215819479673605,0.03703703703703703,0.048985660728347626,3.154452213857523,8.260868658742599,0.037037037037037056,0.4496899858364037,-2.916916650232888,7.2808291507328615,1.2222222222222223,0.41573970964154905,1.336306209562121,-0.21428571428571663,1.4218784681175134,74.0,326.0,0.0,190.0,3102.0,16.0,0.0,0.0,0.0,604.0,1016.0,29160.0,0.0,0.0,0.0,0.0,66.0,0.0,0.0,0.0,0.0,0.0,0.0,0.0,0.0,0.0,0.0,0.0,0.0,0.0,12.0,1,1,0,1,1,1,0,0,0,1,1,1,0,0,0,0,1,0,0,0,0,0,0,0,0,0,0,0,0,0,1,6.774193548387097,2.090063703603234,3.8620393570118274,15.626639401098696,2.129032258064516,0.7927874662867425,0.15480843363047428,-0.6472961712205603,0.0,0.0,0,0,3.3225806451612905,0.46746376600611095,0.7590721152765884,-1.4238095238095252,0.5806451612903226,0.4934535013154308,-0.3268602252303069,-1.8931623931623935,13.700774193548389,4.5128440550433915,3.7325737659953426,14.61323395327138,0.7096774193548387,0.6812487768368669,1.0497990361069551,2.0101047678417014,446.9000000000001,55.120000000000005,5.857600000000003,3,6,0,0,0,0,0,0,0,0,0,0,0,0,0,0,0,0,0,0,0,0,0,0,0,0,0,0,0,0,0,0,0,0,0,0,0,0,0,0,0,0,0,0,1,0,0,0,0,0,0,0,0,0,0,0,1,0,0,0,0,0,0,0,1,0,0,0,0,0,0,0,0,0,0,0,0,0,0,0,0,1,0,0,0,0,1,0,0,1,0,0,0,0,1,0,0,1,0,0,0,0,0,0,0,1,0,0,1,1,0,0,1,0,1,0,0,0,0,1,0,0,0,0,0,0,0,1,0,0,0,0,0,1,0,0,1,0,0,0,0,0,0,0,1,0,0,1,0,0,0,0,0,1,0,0,1,0,1,0,1,0,1,1,1,1,1,1,0,0
CHEMBL204_54,37,34,-1,-1,-1,2.0,2.6076809620810595,2.991163456504745,7.74567474048443,0.10714228511014738,0.12468984629232212,2.2596810177356876,7.536216207078548,0.1758251841713342,0.085421425418311,-0.2643968438862192,-0.8849909294879335,7.4450450450450445,3.827557075490725,-0.12803347560967387,-0.6838284267077555,0.026254826254826256,0.07592241076664485,3.1940565688946174,9.185529991263547,0.8108108108108109,0.3916588309780929,-1.5871507864874157,0.5190476190476199,2.0,2.6076809620810595,2.991163456504745,7.74567474048443,2.0,0.0,0,0,1.837837837837838,2.248284793847073,3.4130272522864127,11.18831668281599,0.0,0.0,0,0,0.00936727425099518,0.03519777393607231,4.547310040707021,20.803291013661518,0.04,0.04770667025667645,2.967551076967245,7.414741167346129,0.039999999999999994,0.05664684099035263,3.938803462875329,15.496871090529787,1.16,0.36660605559646714,1.8548520670059365,1.4404761904761942,0.9327234122868242,68.0,244.0,0.0,116.0,1896.0,8.0,0.0,0.0,0.0,270.0,528.0,15024.0,0.0,0.0,0.0,0.0,24.0,0.0,0.0,0.0,0.0,0.0,0.0,0.0,0.0,0.0,0.0,0.0,0.0,0.0,0.0,1,1,0,1,1,1,0,0,0,1,1,1,0,0,0,0,1,0,0,0,0,0,0,0,0,0,0,0,0,0,0,6.676470588235294,1.7610255741085532,4.375652655293106,20.1620022992128,2.176470588235294,0.8214258849275848,0.3007682470965624,-0.4366074950690333,0.0,0.0,0,0,3.1470588235294117,0.3541645464350675,1.9930915164897607,1.9724137931034509,0.5294117647058824,0.4991341984846218,-0.11785113019775796,-1.986111111111111,13.363588235294117,3.5296098944388197,4.38640249728455,20.241781550712602,0.6764705882352942,0.7561741254224965,1.0217569205198,0.7652779335394717,477.5460000000002,160.72,2.80687,1,6,0,0,0,0,0,0,0,0,0,0,0,0,0,0,0,0,0,0,0,0,0,0,0,0,1,0,0,0,0,0,0,0,1,1,0,0,0,0,1,0,0,0,0,1,0,0,0,0,0,0,0,1,0,0,0,1,0,1,1,1,1,1,1,0,1,0,1,1,0,1,0,1,1,1,0,0,0,1,1,0,1,1,0,1,1,0,0,0,1,0,1,0,1,0,1,1,1,1,0,0,0,0,1,0,0,0,1,0,0,0,1,1,1,0,0,1,0,1,0,1,1,1,0,0,1,1,0,0,0,0,1,1,1,1,0,1,1,1,0,0,1,0,1,0,1,1,1,0,1,0,1,1,1,0,1,0,1,1,1,1,1,1,1,1,1,1,0,1
CHEMBL204_55,39,37,-1,-1,-1,2.074074074074074,2.9929042741980627,3.119813651726749,8.071420396849033,0.10984650920493959,0.11651081519118626,1.8089327095357617,4.018591351111627,0.1930244973239326,0.09671620751745327,-0.32065100438874594,-0.9392308318423899,8.423076923076925,4.399364780916027,-0.19356479067278512,-0.7497417539737703,0.023525549841339317,0.06764332988769207,3.4427500187145887,10.97561451751909,0.8205128205128205,0.3837597319768145,-1.6703827619526517,0.7901785714285703,2.074074074074074,2.9929042741980627,3.119813651726749,8.071420396849033,2.0,0.0,0,0,1.8974358974358974,2.5799510211497982,3.5983457158822656,11.887885673983966,0.0,0.0,0,0,0.00922453235898567,0.025235506084373308,2.599860853304226,5.305491149440144,0.037037037037037035,0.0484017254652478,3.1279058777778417,8.10636786170967,0.037037037037037035,0.017072241386701454,0.41745834267841475,1.3170579504476692,1.1851851851851851,0.38844772154450063,1.6208864017175073,0.6272727272727261,-0.30372958500156005,74.0,326.0,0.0,212.0,3102.0,24.0,0.0,0.0,0.0,842.0,1148.0,29160.0,0.0,0.0,0.0,0.0,130.0,0.0,0.0,0.0,12.0,0.0,0.0,0.0,0.0,0.0,0.0,0.0,0.0,0.0,0.0,1,1,0,1,1,1,0,0,0,1,1,1,0,0,0,0,1,0,0,0,1,0,0,0,0,0,0,0,0,0,0,6.483870967741935,1.8116285267224477,4.697291327649873,21.594857553231343,2.2580645161290325,0.6704712803492427,0.286670446160126,0.11747685185185208,0.0,0.0,0,0,3.4193548387096775,0.49345350131543086,0.3268602252303061,-1.893162393162394,0.3870967741935484,0.4870860925981129,0.46358632497276525,-1.7850877192982457,12.979645161290327,3.632065808239136,4.703089710968008,21.63946583049192,1.0,0.8798826901281197,0.5682575707077441,-0.4166666666666665,433.6170000000002,29.54,6.222100000000006,3,7,0,0,0,0,0,0,0,0,0,0,0,1,0,0,0,0,0,0,0,0,0,0,0,0,0,0,0,0,0,0,0,0,0,0,0,0,1,0,0,0,0,0,0,0,0,0,0,1,0,0,1,0,0,0,0,0,0,0,0,0,0,0,1,0,0,0,1,0,0,0,0,0,0,0,1,1,1,0,0,0,0,1,0,1,0,1,0,0,1,0,0,0,1,0,0,0,1,0,0,1,1,0,0,0,0,1,0,0,1,1,1,1,1,1,0,0,1,1,1,0,1,1,1,0,0,1,1,1,1,1,0,0,1,0,0,0,0,1,1,0,0,0,0,1,0,1,0,1,1,1,1,0,1,1,1,1,1,1,1,1,1,1,1,1,1,1,0,0
CHEMBL204_56,38,35,-1,-1,-1,2.0833333333333335,2.8710721961587025,2.9270175626966006,6.820983286360452,0.10736381099615432,0.12160921660000226,1.7049763304945742,3.4181600330280055,0.16510573784029242,0.0907826145703706,-0.1219504128690425,-1.1612765155262417,7.121052631578948,4.098246458934063,-0.027600612929451568,-0.9617138974195121,0.020507349454717872,0.0575942229272516,3.5263322790982796,11.769295381256946,0.8157894736842105,0.3876557858593746,-1.6292261599251139,0.6543778801843323,2.0833333333333335,2.8710721961587025,2.9270175626966006,6.820983286360452,2.0,0.0,0,0,1.8421052631578947,2.3899605346826793,3.529588027168483,11.352408978316245,0.0,0.0,0,0,0.013159771486911545,0.03416669968832879,2.2595583096046292,3.2161755138139725,0.04166666666666665,0.051940637450843735,2.923892577600091,6.797700323935073,0.041666666666666664,0.03752261867293516,2.56619615069867,5.7140777454204805,1.2083333333333333,0.40611643103370687,1.4363696929192162,0.0631578947368423,-1.7668498928564556,70.0,276.0,0.0,150.0,2370.0,24.0,0.0,0.0,0.0,676.0,710.0,19920.0,0.0,0.0,0.0,0.0,114.0,0.0,0.0,0.0,12.0,0.0,0.0,0.0,0.0,0.0,0.0,0.0,0.0,0.0,0.0,1,1,0,1,1,1,0,0,0,1,1,1,0,0,0,0,1,0,0,0,1,0,0,0,0,0,0,0,0,0,0,6.548387096774194,1.0422899626711943,1.6660998397552143,1.1312150438190827,2.193548387096774,0.8583312706871014,0.2302712195957825,-0.6626448338600013,0.0,0.0,0,0,3.6129032258064515,0.4870860925981129,-0.46358632497276453,-1.7850877192982462,0.1935483870967742,0.39507899077148034,1.5513435037626786,0.40666666666666496,13.234354838709681,2.387699386011661,1.7684574760266034,1.4911223732400263,0.9354838709677419,0.9481895778515526,0.582840585980527,-0.7939654063785988,439.4970000000002,44.370000000000005,5.422800000000006,2,4,0,0,0,0,0,0,0,0,0,0,0,1,0,0,0,0,0,0,0,0,0,0,0,0,0,0,0,0,0,0,0,0,0,0,0,0,0,1,0,0,0,0,1,1,0,0,0,0,0,0,1,0,0,0,0,0,0,0,0,0,0,0,0,0,0,0,1,0,0,0,0,0,0,0,1,1,1,1,0,0,1,0,0,0,0,1,1,1,0,0,1,1,0,0,0,0,0,0,1,1,1,0,0,0,1,1,1,1,1,0,1,1,1,0,0,0,1,1,1,0,0,1,1,0,0,0,0,0,1,1,0,1,0,1,1,1,0,1,1,0,0,0,1,0,0,1,0,1,1,1,0,1,0,1,1,1,1,0,1,0,1,1,1,1,1,1,0,0
CHEMBL204_57,37,35,-1,-1,-1,2.08,2.8131121556027585,2.9907775357484363,7.243668498064581,0.11545617554130752,0.11703374964685109,1.724090366059331,3.8704992018187383,0.18754415626553383,0.09278534470017669,-0.3246351129810027,-0.9687137176355525,7.8045045045045045,4.051349548347146,-0.18715800835018073,-0.7792889052304885,0.023337623337623337,0.06637130540320839,3.4350150330713514,10.834998811004999,0.8108108108108109,0.3916588309780929,-1.5871507864874157,0.5190476190476199,2.08,2.8131121556027585,2.9907775357484363,7.243668498064581,2.0,0.0,0,0,1.8918918918918919,2.4137420066774173,3.4593039131670142,10.879159230449623,0.0,0.0,0,0,0.004263204664166974,0.01279508109287984,2.880330919590146,6.808254879874884,0.04000000000000001,0.04940128219995949,3.004267905057089,7.292393840992149,0.04,0.0750362648676508,-2.3336420407873586,4.838696710530475,1.28,0.448998886412873,0.9799578870122222,-1.0396825396825402,-0.9329937162205407,70.0,278.0,0.0,152.0,2370.0,8.0,0.0,0.0,0.0,494.0,710.0,19920.0,0.0,0.0,0.0,0.0,38.0,0.0,0.0,0.0,0.0,0.0,0.0,0.0,0.0,0.0,0.0,0.0,0.0,0.0,24.0,1,1,0,1,1,1,0,0,0,1,1,1,0,0,0,0,1,0,0,0,0,0,0,0,0,0,0,0,0,0,1,6.323529411764706,0.7162232742285836,1.8348403200767218,1.4721895981504307,2.235294117647059,0.7299808027053445,0.05808204480962135,-0.39450160229381037,0.0,0.0,0,0,3.2941176470588234,0.45564509955381377,0.9036961141150647,-1.1833333333333322,0.5294117647058824,0.4991341984846218,-0.11785113019775792,-1.9861111111111114,12.656176470588237,1.4282048063419102,1.8346128664729946,1.4713301044671416,0.8529411764705882,0.9117647058823528,0.7596925245879629,-0.41102043158736956,459.54200000000026,91.01,5.012000000000004,1,6,0,0,0,0,0,0,0,0,0,0,0,0,0,0,0,0,0,0,0,0,0,0,0,0,0,0,0,0,0,0,0,0,0,0,0,0,0,0,0,0,0,0,0,0,0,0,0,0,0,0,0,0,0,0,0,0,0,1,0,0,0,0,1,0,0,0,1,0,0,0,0,0,0,0,1,0,0,0,0,0,0,0,0,1,1,0,0,0,0,1,1,0,0,0,0,0,1,1,1,0,0,1,0,0,1,1,0,0,0,1,0,1,1,1,0,1,0,0,1,0,1,0,0,1,0,1,1,1,1,0,0,1,1,1,0,0,0,1,1,1,1,0,0,1,1,1,1,1,0,1,1,1,1,1,1,1,1,1,1,1,1,1,1,1,1,1,0,1
CHEMBL204_58,38,36,-1,-1,-1,2.076923076923077,2.9078551032978153,3.1148355483400763,8.081340188566243,0.10971532574661626,0.11949199458540345,1.8223669530248139,4.290133637583641,0.18433949274038078,0.09247509231511791,-0.24358273254192253,-1.0044375568763066,7.9794486215538845,4.190609918301276,-0.13448234473551,-0.7829077283976589,0.025169906748854116,0.06868908442363524,3.5165181363590063,11.69822220782038,0.8157894736842105,0.3876557858593746,-1.6292261599251139,0.6543778801843323,2.076923076923077,2.9078551032978153,3.1148355483400763,8.081340188566243,2.0,0.0,0,0,1.894736842105263,2.50041547794099,3.5941138809008435,11.941258122958759,0.0,0.0,0,0,0.011782835467045994,0.03066922343467521,2.283983801118403,3.3790537205861106,0.03846153846153847,0.04845877056142473,3.1101712435437943,8.065340866560508,0.03846153846153846,0.03007324596724179,2.3859541997908584,5.913675631104031,1.1923076923076923,0.39411349099844606,1.5614401167176535,0.4380952380952392,1.5173941848960666,72.0,302.0,0.0,178.0,2766.0,24.0,0.0,0.0,0.0,744.0,888.0,25200.0,0.0,0.0,0.0,0.0,120.0,0.0,0.0,0.0,12.0,0.0,0.0,0.0,0.0,0.0,0.0,0.0,0.0,0.0,0.0,1,1,0,1,1,1,0,0,0,1,1,1,0,0,0,0,1,0,0,0,1,0,0,0,0,0,0,0,0,0,0,6.769230769230769,2.171629878998939,4.037953845952799,16.004275758057595,2.230769230769231,0.7994080650317895,0.013364589564574397,-0.6970164609053491,0.0,0.0,0,0,3.3076923076923075,0.46153846153846156,0.8333333333333348,-1.3055555555555542,0.46153846153846156,0.49851851526214314,0.15430334996209163,-1.9761904761904763,13.641807692307692,4.6452534253896935,4.013849249407378,15.775830981944974,0.6923076923076923,0.8213137116947161,1.0376384912523509,0.3979686057248397,372.8310000000002,80.37,3.7386000000000017,3,3,0,0,0,0,0,0,0,0,0,0,0,0,0,0,0,0,0,0,0,1,0,0,1,0,0,0,0,0,0,0,0,0,0,0,0,0,0,0,1,0,0,0,1,0,0,0,0,0,0,0,0,0,0,0,0,0,0,0,0,0,0,0,1,0,0,1,1,0,0,0,0,0,0,0,0,0,0,1,1,1,0,0,0,0,1,0,0,1,0,0,1,1,1,0,0,1,0,0,1,0,0,0,0,1,0,1,0,1,1,0,1,1,1,0,0,1,0,1,0,1,1,1,0,0,0,1,0,0,0,1,0,1,0,1,1,1,0,1,0,0,0,0,1,0,1,1,0,0,0,0,1,1,0,0,1,0,1,0,1,0,1,1,1,1,1,1,0,0
CHEMBL204_59,38,35,-1,-1,-1,2.0,2.8010986855435576,3.1920247996736277,8.717993079584776,0.10858940948299435,0.12051609694069416,2.0429696942764815,6.0836619213870105,0.17940229662313584,0.08821699901121745,-0.27722668544044454,-0.9537880195690263,7.81892230576441,4.064799596468286,-0.13184483583306378,-0.7158676408496145,0.026197249881460407,0.07231589841396643,3.3076905023576617,10.171957870345684,0.8157894736842105,0.3876557858593746,-1.6292261599251139,0.6543778801843323,2.0,2.8010986855435576,3.1920247996736277,8.717993079584776,2.0,0.0,0,0,1.8421052631578947,2.4118819447136,3.6515958272404596,12.586342857142858,0.0,0.0,0,0,0.0043956043956043965,0.01314034128706398,2.7890342813545725,6.137080010770278,0.038461538461538464,0.04866993977618038,3.1961846967828818,8.78051013505207,0.03846153846153845,0.03183833244841955,-0.8137044034640224,0.35555210948521543,1.1538461538461537,0.36080121229411,1.9188064472004944,1.6818181818181834,0.4880811129597635,70.0,280.0,0.0,128.0,2496.0,8.0,0.0,0.0,0.0,454.0,612.0,22320.0,0.0,0.0,0.0,0.0,38.0,0.0,0.0,0.0,0.0,0.0,0.0,0.0,0.0,0.0,0.0,0.0,0.0,0.0,0.0,1,1,0,1,1,1,0,0,0,1,1,1,0,0,0,0,1,0,0,0,0,0,0,0,0,0,0,0,0,0,0,6.8,2.1931712199461306,3.6679720084454845,12.501713771984045,2.2,0.714142842854285,0.09884330004903528,-0.31949250288350717,0.0,0.0,0,0,3.325,0.4683748498798799,0.7472647177570721,-1.4415954415954426,0.375,0.4841229182759271,0.5163977794943223,-1.7333333333333334,13.6123,4.397545714372963,3.672480633913811,12.527289274012297,0.85,0.8231038816577164,0.5527632173221846,-0.618809656731254,578.7640000000001,141.26999999999998,3.539970000000002,4,10,0,0,0,0,0,0,0,0,0,0,0,0,0,0,0,0,0,0,0,0,0,0,0,0,0,1,0,0,0,0,0,0,0,0,0,0,1,0,0,0,0,0,0,1,0,0,0,1,0,0,0,0,0,0,0,0,0,0,0,0,0,0,0,0,0,1,0,0,0,0,0,0,0,0,0,0,0,1,1,1,1,1,1,1,1,1,0,0,1,0,1,1,1,0,0,1,1,0,1,0,1,1,0,0,1,1,1,0,1,0,1,1,1,0,0,1,1,1,1,1,1,1,1,0,0,1,0,1,1,1,0,1,1,0,0,0,1,1,1,0,0,0,1,1,0,1,1,1,1,0,0,1,1,1,1,1,1,0,1,1,1,1,1,1,1,1,0,1
CHEMBL204_60,37,33,-1,-1,-1,2.0,2.7136021011998723,2.784326984495891,5.947873799725652,0.10894947733940379,0.12311392453535776,1.6572911976158442,3.251024643176451,0.15363533410850708,0.08426098008305949,-0.023115082126788356,-1.1659409249051564,6.417117117117116,3.7098956350442287,0.0908154555477093,-0.967174263151974,0.01806091806091806,0.05359677504058166,3.325332113928246,9.967998256763432,0.8108108108108109,0.3916588309780929,-1.5871507864874157,0.5190476190476199,2.0,2.7136021011998723,2.784326984495891,5.947873799725652,2.0,0.0,0,0,1.7837837837837838,2.2072991339562607,3.4110845652125947,10.536538012852656,0.0,0.0,0,0,0.005464979149189675,0.015868693177307484,2.6163559121554942,4.993719101790592,0.04545454545454546,0.05624138168358044,2.7948346221151943,5.99954094448038,0.045454545454545435,0.033153410020705903,2.418941548000781,4.971993341852649,1.1818181818181819,0.38569460791993493,1.6499158227686117,0.7222222222222232,1.0712359692634432,66.0,232.0,0.0,94.0,1770.0,8.0,0.0,0.0,0.0,360.0,396.0,13080.0,0.0,0.0,0.0,0.0,34.0,0.0,0.0,0.0,0.0,0.0,0.0,0.0,0.0,0.0,0.0,0.0,0.0,0.0,0.0,1,1,0,1,1,1,0,0,0,1,1,1,0,0,0,0,1,0,0,0,0,0,0,0,0,0,0,0,0,0,0,6.696969696969697,1.7835077538863227,4.307071664391719,19.48373204561333,2.121212121212121,0.7690046994211832,0.18956258063111323,-0.4963928860769271,0.0,0.0,0,0,3.242424242424242,0.42854956435548336,1.2020815280171324,-0.5549999999999975,0.36363636363636365,0.48104569292083466,0.5669467095138406,-1.6785714285714284,13.404575757575758,3.5747092700628,4.317664304867991,19.560882777692893,0.8181818181818182,0.8331955809010617,0.6650449988144528,-0.4438775510204085,469.56700000000023,145.45,1.5603700000000007,0,9,0,0,0,0,0,0,0,0,0,0,0,0,0,0,0,0,0,0,0,0,0,0,0,0,0,0,0,0,0,0,0,0,1,1,0,0,0,0,1,0,0,0,0,1,0,0,0,1,0,0,1,1,1,0,0,1,0,0,1,0,1,1,0,0,0,0,0,1,0,1,1,0,0,1,0,1,1,1,1,0,0,0,1,0,1,0,0,0,1,0,1,1,1,0,1,1,0,0,1,1,1,0,1,0,1,0,1,0,0,0,1,1,1,0,0,1,1,1,1,1,0,1,1,0,1,1,0,1,1,1,1,1,1,1,0,0,1,1,1,0,1,0,1,1,0,1,1,1,1,0,1,1,0,1,1,1,1,0,1,1,1,1,1,1,1,1,0,1
CHEMBL204_61,34,34,-1,-1,-1,2.272727272727273,2.847356320611967,2.6653151818518874,5.682555714539559,0.11716527876409029,0.12523602579934964,1.5477915870509207,2.7540301966792544,0.1933086783999563,0.0995700302869281,-0.19692574535387425,-1.1355674523352928,7.230392156862745,3.873777417482828,-0.0728051898890243,-0.9195460196274272,0.02022058823529412,0.05603932307419145,3.3812446896680832,10.440326511193085,0.7941176470588235,0.40434491426080943,-1.4547859349066157,0.11640211640211495,2.272727272727273,2.847356320611967,2.6653151818518874,5.682555714539559,2.0,0.0,0,0,2.0,2.413198999619531,3.1769724203745344,9.3168044077135,0.0,0.0,0,0,0.03985866195163227,0.09545732558180663,3.4556314874769365,13.18310834977428,0.04545454545454544,0.05208307798320964,2.6956593195342493,5.774611571685691,0.04545454545454546,0.13655242698505454,-2.093092599683683,3.6313912984545107,1.3636363636363635,0.4810456929208346,0.5669467095138417,-1.6785714285714275,0.34808103808909324,68.0,266.0,0.0,268.0,2112.0,56.0,0.0,0.0,0.0,866.0,1284.0,17040.0,0.0,0.0,0.0,0.0,250.0,0.0,0.0,0.0,48.0,0.0,0.0,0.0,0.0,0.0,0.0,0.0,0.0,0.0,36.0,1,1,0,1,1,1,0,0,0,1,1,1,0,0,0,0,1,0,0,0,1,0,0,0,0,0,0,0,0,0,1,6.305555555555555,0.6155144390600094,1.8428591308046471,2.05830405548343,2.1666666666666665,0.6871842709362768,-0.22826882356360695,-0.8927335640138412,0.0,0.0,0,0,3.1944444444444446,0.39577241246597245,1.5440972939559106,0.38423645320196753,0.5,0.5,0.0,-2.0,12.620555555555557,1.2276493447154395,1.8416335012513843,2.052772796493323,0.8611111111111112,0.7871459619613752,0.5917868250222739,-0.23762385450575385,485.58800000000025,147.3,5.147840000000003,0,8,0,0,0,0,0,0,0,0,0,0,0,0,0,0,0,0,0,0,0,0,0,0,0,0,0,0,0,0,0,0,0,0,0,0,0,0,0,0,1,0,0,0,0,1,0,0,0,0,0,0,0,0,0,0,0,0,0,0,0,0,0,0,0,0,0,0,0,0,0,0,0,0,0,0,0,0,0,1,1,0,0,0,0,0,1,0,0,0,0,1,1,0,1,0,0,0,0,0,0,0,0,0,0,0,1,0,0,0,0,0,1,1,0,1,0,1,1,1,1,1,0,0,0,0,0,1,1,1,1,1,0,1,0,1,0,0,0,0,0,0,0,0,1,1,0,1,1,1,0,0,0,1,1,0,1,0,1,1,1,1,1,1,1,1,1,1,0,1
CHEMBL204_62,37,34,-1,-1,-1,2.0,2.6981475126464085,2.932414879098862,6.918790001207581,0.1130045016810574,0.1194027203494247,1.6738645828759366,3.3177007629914907,0.1772935865019236,0.08700356518052783,-0.24062372901376444,-0.940785802083751,7.507207207207207,3.8922451979273984,-0.11802156599022215,-0.7650165341957598,0.025997425997425994,0.07127979295633291,3.1650432905355537,9.297676954702048,0.8108108108108109,0.3916588309780929,-1.5871507864874157,0.5190476190476199,2.0,2.6981475126464085,2.932414879098862,6.918790001207581,2.0,0.0,0,0,1.837837837837838,2.3192905895053983,3.368666917190401,10.27234035773369,0.0,0.0,0,0,0.004960426013057592,0.014756854507042972,2.7739250104618933,5.945764413635027,0.04000000000000001,0.04886509085608684,2.9261082966793093,6.891249853943309,0.04,0.017370079796432975,0.056541226999057934,1.9448186654486745,1.16,0.36660605559646714,1.8548520670059365,1.4404761904761942,-0.6019629716765901,68.0,256.0,0.0,124.0,2046.0,8.0,0.0,0.0,0.0,424.0,562.0,15960.0,0.0,0.0,0.0,0.0,36.0,0.0,0.0,0.0,0.0,0.0,0.0,0.0,0.0,0.0,0.0,0.0,0.0,0.0,0.0,1,1,0,1,1,1,0,0,0,1,1,1,0,0,0,0,1,0,0,0,0,0,0,0,0,0,0,0,0,0,0,6.676470588235294,1.7610255741085532,4.375652655293104,20.16200229921279,2.176470588235294,0.7848037684780197,0.044213947946385855,-0.70963262214367,0.0,0.0,0,0,3.1470588235294117,0.3541645464350675,1.9930915164897607,1.9724137931034509,0.5294117647058824,0.4991341984846218,-0.11785113019775795,-1.9861111111111112,13.363588235294118,3.5296098944388197,4.386402497284548,20.241781550712595,0.6764705882352942,0.7162232742285835,1.0470556174350847,1.3143958890825793,477.5460000000002,160.72,2.662770000000001,2,6,0,0,0,0,0,0,0,0,0,0,0,0,0,0,0,0,0,0,0,0,0,0,0,0,1,0,0,0,0,0,0,0,1,1,0,0,0,0,1,0,0,0,0,1,0,0,0,0,0,0,0,1,0,0,0,1,0,1,1,1,1,1,1,0,1,0,0,1,0,1,0,1,0,1,0,0,0,1,1,0,1,1,0,1,1,0,0,0,1,1,0,0,1,0,1,0,1,1,0,0,0,0,1,0,0,0,1,0,0,0,1,0,1,0,0,0,0,1,0,1,1,1,0,0,1,1,0,0,0,0,1,1,0,1,0,1,1,1,0,0,1,0,1,0,1,1,1,0,1,0,1,1,1,0,1,0,1,1,1,1,1,1,1,1,1,1,0,1
CHEMBL204_63,41,38,-1,-1,-1,2.074074074074074,3.1141960014189496,3.1685258558173235,8.233649562167773,0.1049013149488911,0.11569770103348029,1.8228393030168804,4.071231966960232,0.17293158556614305,0.09439074683879727,-0.22984948240423883,-1.1211282646670229,8.054471544715446,4.58084562847893,-0.13063203945726456,-0.9184744503995694,0.020856785490931833,0.06193809228912038,3.6725623872932793,12.6788541340757,0.8292682926829268,0.3762743565985735,-1.7501500535908439,1.0630252100840334,2.074074074074074,3.1141960014189496,3.1685258558173235,8.233649562167773,2.0,0.0,0,0,1.853658536585366,2.6185173202737206,3.7786470846407836,13.075370822664432,0.0,0.0,0,0,0.010495195861049519,0.0283644319963424,2.3679857833464344,3.6939631886526962,0.03703703703703704,0.05043606433906486,3.168666134882019,8.23413397520917,0.03703703703703704,0.20189867138034018,3.216844740531014,8.431477596759745,1.1851851851851851,0.38844772154450063,1.620886401717507,0.6272727272727261,-0.3308375684120631,76.0,346.0,0.0,170.0,3492.0,24.0,0.0,0.0,0.0,882.0,924.0,34440.0,0.0,0.0,0.0,0.0,132.0,0.0,0.0,0.0,12.0,0.0,0.0,0.0,0.0,0.0,0.0,0.0,0.0,0.0,0.0,1,1,0,1,1,1,0,0,0,1,1,1,0,0,0,0,1,0,0,0,1,0,0,0,0,0,0,0,0,0,0,6.84375,2.6705497444346546,3.4162489274999546,10.0846757447982,2.1875,0.6817945071647321,-0.2542105075792519,-0.8658993008968294,0.0,0.0,0,0,3.125,0.33071891388307384,2.267786838055363,3.1428571428571432,0.65625,0.47495887979908324,-0.657951694959769,-1.567099567099567,13.787749999999999,5.68393606469144,3.4390851200516286,10.202321828316265,0.65625,0.6896273903348097,1.142814260965591,2.0091411609443055,462.3760000000001,53.089999999999996,7.941600000000005,0,6,0,0,0,0,0,0,0,0,0,0,0,0,0,0,0,0,0,0,0,0,0,0,0,0,0,0,0,0,0,0,0,0,0,0,0,0,0,0,0,0,0,0,0,0,0,0,0,0,0,0,1,0,0,0,0,0,0,0,0,0,0,0,0,0,0,1,0,0,0,0,0,0,0,0,0,0,1,0,0,0,0,0,0,1,0,0,0,1,0,0,0,1,0,0,0,0,1,0,0,1,0,1,0,1,0,1,0,1,0,0,0,0,0,0,1,0,0,0,0,0,0,1,0,1,0,1,0,0,0,0,0,1,0,0,1,0,0,1,0,1,0,0,0,0,1,1,0,0,0,0,1,1,0,0,1,1,1,1,0,1,1,1,1,1,1,1,0,0
CHEMBL204_64,37,35,-1,-1,-1,2.08,2.8272955275315668,2.945142929156445,7.040957185283855,0.11194173427407816,0.12039964765205374,1.6914392460369305,3.309450680339392,0.18749926125976712,0.09420202160843309,-0.25134168206039936,-0.9985235095354921,7.77027027027027,4.085663308656103,-0.12498442651842952,-0.8130975511961469,0.023595023595023596,0.06483956772742924,3.2606879350517177,9.614432184748088,0.8108108108108109,0.3916588309780929,-1.5871507864874157,0.5190476190476199,2.08,2.8272955275315668,2.945142929156445,7.040957185283855,2.0,0.0,0,0,1.8918918918918919,2.4249133033684274,3.412943457037198,10.626835353574327,0.0,0.0,0,0,0.010679618441888673,0.028301670746516717,2.501198976473008,4.817404343501004,0.04,0.04916531005089296,2.95759857353902,7.10784431967862,0.04,0.019237156900011692,0.43812475069131523,1.06871857198138,1.2,0.4,1.5000000000000004,0.2500000000000009,0.7132772133355574,70.0,280.0,0.0,192.0,2376.0,24.0,0.0,0.0,0.0,706.0,934.0,19920.0,0.0,0.0,0.0,0.0,118.0,0.0,0.0,0.0,12.0,0.0,0.0,0.0,0.0,0.0,0.0,0.0,0.0,0.0,0.0,1,1,0,1,1,1,0,0,0,1,1,1,0,0,0,0,1,0,0,0,1,0,0,0,0,0,0,0,0,0,0,6.161290322580645,0.5141089500164269,3.0636641320171023,7.793260586521159,2.193548387096774,0.6435463659116131,-0.2032726375092896,-0.6733794601146434,0.0,0.0,0,0,3.096774193548387,0.29565004483586066,2.727723627949906,5.44047619047619,0.6774193548387096,0.4674637660061109,-0.7590721152765897,-1.4238095238095225,12.332677419354845,1.025238552479429,3.063034333604181,7.789150282810489,0.8064516129032258,0.7795513531351338,1.1687098909766656,1.6303832801651321,407.5130000000001,53.089999999999996,6.9432200000000055,0,6,0,0,0,0,0,0,0,0,0,0,0,0,0,0,0,0,0,0,0,0,0,0,0,0,0,0,0,0,0,0,0,0,0,0,0,0,0,0,0,0,0,0,0,0,0,0,0,0,0,0,1,0,0,0,0,0,0,0,0,0,0,0,0,0,0,1,0,0,0,0,0,0,0,0,0,0,1,0,0,0,0,0,0,1,0,0,0,0,0,0,0,1,0,0,0,0,1,0,0,1,0,1,0,0,0,1,0,0,0,0,0,0,0,0,1,0,0,0,0,0,0,1,0,1,0,1,0,0,0,0,0,1,0,0,0,0,0,1,0,1,0,0,0,0,0,1,0,0,0,1,0,1,0,0,1,1,1,1,0,1,1,1,1,1,1,1,0,0
CHEMBL204_65,37,34,-1,-1,-1,2.0,2.6832815729997477,2.9814239699997196,7.138888888888889,0.11771019948324009,0.114766440933937,1.6664116794843886,3.66731538757713,0.18217443640649442,0.08795657972539463,-0.383625790030207,-0.9301460511217265,7.626126126126127,3.9042029799969584,-0.19972132866987266,-0.7299329527611542,0.024367224367224365,0.07149643205380589,3.174880468713094,8.587324025154468,0.8108108108108109,0.3916588309780929,-1.5871507864874157,0.5190476190476199,2.0,2.6832815729997477,2.9814239699997196,7.138888888888889,2.0,0.0,0,0,1.837837837837838,2.3076080222850335,3.4179493272332944,10.540953106741854,0.0,0.0,0,0,0.0,0.0,0,0,0.04000000000000001,0.049135693006716566,2.9961302635182814,7.19745749489881,0.04000000000000001,0.20080544620713386,-2.6895237737867803,5.890127141815656,1.24,0.4270831300812524,1.2175615550562027,-0.5175438596491229,-1.6122961243499365,68.0,254.0,0.0,104.0,2040.0,0.0,0.0,0.0,0.0,250.0,450.0,15960.0,0.0,0.0,0.0,0.0,0.0,0.0,0.0,0.0,0.0,0.0,0.0,0.0,0.0,0.0,0.0,0.0,0.0,0.0,12.0,1,1,0,1,1,0,0,0,0,1,1,1,0,0,0,0,0,0,0,0,0,0,0,0,0,0,0,0,0,0,1,6.304347826086956,0.5465132647815883,1.61931153538554,1.6709661913155038,2.1739130434782608,0.5635426694267706,0.016532501781653258,-0.15221088435374464,0.0,0.0,0,0,3.130434782608696,0.33678116053977536,2.194690562850869,2.8166666666666647,0.7391304347826086,0.4391089103635685,-1.0891622972743422,-0.8137254901960782,12.61830434782609,1.0903010527525279,1.6175890064558573,1.6621973138041186,0.7391304347826086,0.7922116155777651,1.023584785927956,0.7766366671505338,307.357,72.7,3.0024000000000015,0,5,0,0,0,0,0,0,0,0,0,0,0,0,0,0,0,0,0,0,0,0,0,0,0,0,0,1,0,0,0,0,0,0,0,0,0,0,0,0,1,0,0,0,0,0,0,0,0,0,0,0,0,0,1,0,0,0,0,0,0,0,0,0,1,0,0,1,0,0,0,0,0,0,0,0,0,1,0,1,0,1,1,0,1,1,0,0,0,0,0,0,0,1,1,0,1,1,1,1,1,0,1,0,0,0,0,0,1,0,0,0,1,1,0,0,1,0,0,1,0,0,1,1,1,0,1,1,0,0,0,0,0,0,1,1,0,1,0,1,0,0,0,0,1,0,1,1,0,0,1,0,1,1,0,1,1,1,1,0,1,0,1,1,1,1,1,1,0,1
CHEMBL204_66,35,32,-1,-1,-1,2.0,2.670287397005928,2.7949855294657535,6.129535990481855,0.1168041654736341,0.12218107668307915,1.6280286272831839,3.12420388413603,0.18115796323500521,0.08991132498517751,-0.20374054583160053,-0.9633526595282946,7.112380952380954,3.7184638893157382,-0.06847355696138155,-0.7864632480938094,0.023478482302011716,0.06678936418360078,3.0989136453622907,8.444683069154118,0.8,0.4,-1.5000000000000002,0.2500000000000009,2.0,2.670287397005928,2.7949855294657535,6.129535990481855,2.0,0.0,0,0,1.8285714285714285,2.2738980286938895,3.2447461355810834,9.449765944568286,0.0,0.0,0,0,0.0041610505649914515,0.012208036173598941,2.9506526391820045,7.8822612147073645,0.04347826086956521,0.052855790734991796,2.809630611253748,6.203446358694844,0.043478260869565105,1.4196922618373549,2.7346935514363637,6.059643580805037,1.173913043478261,0.3790346907426672,1.720618004029213,0.9605263157894743,0.13268033663344406,64.0,234.0,0.0,132.0,1776.0,8.0,0.0,0.0,0.0,366.0,596.0,13080.0,0.0,0.0,0.0,0.0,36.0,0.0,0.0,0.0,0.0,0.0,0.0,0.0,0.0,0.0,0.0,0.0,0.0,0.0,0.0,1,1,0,1,1,1,0,0,0,1,1,1,0,0,0,0,1,0,0,0,0,0,0,0,0,0,0,0,0,0,0,6.485714285714286,0.8741176309016203,1.712035192536432,1.7686691869384141,2.1142857142857143,0.8542809364414888,0.05454453526443888,-1.0983814542888461,0.0,0.0,0,0,3.5142857142857142,0.4997958767010257,-0.0571661950475026,-1.9967320261437906,0.2857142857142857,0.45175395145262565,0.9486832980505139,-1.1000000000000003,13.037228571428573,1.9154169420888023,1.9477669859519438,2.9176839225710243,1.0,0.9856107606091623,0.7161877499236128,-0.5173010380622838,491.5830000000002,120.58000000000001,2.4430000000000005,5,9,0,0,0,0,0,0,0,0,0,0,0,0,0,0,0,0,0,0,0,0,0,0,0,0,0,0,0,0,0,0,0,0,0,0,0,0,0,0,1,0,0,0,1,0,0,0,0,0,0,0,0,0,0,0,0,0,0,0,0,0,0,0,0,0,0,1,1,0,0,0,0,0,0,0,0,1,0,1,0,1,0,0,1,1,1,1,0,0,0,0,1,1,1,0,0,1,1,1,1,0,1,1,0,0,1,1,0,1,0,0,1,1,1,0,1,1,0,1,0,0,1,1,1,0,0,1,0,1,1,1,0,1,1,1,1,1,1,1,1,1,0,1,1,1,0,1,1,0,1,1,1,1,1,1,1,1,1,1,1,1,1,1,1,1,1,1,0,1
CHEMBL204_67,38,34,-1,-1,-1,1.9230769230769231,2.6591363103759393,3.1387314522109033,8.21681693247667,0.10846889480031323,0.12062457599711095,2.1124949045429418,6.636299342225012,0.17504401063567784,0.0841366393029902,-0.3278183985183373,-0.8975122181785924,7.640852130325814,3.9113001730289327,-0.1477929775462608,-0.6604840614904295,0.027066540224434964,0.07920330482786733,3.1314272756812715,8.427154789715868,0.8157894736842105,0.3876557858593746,-1.6292261599251139,0.6543778801843323,1.9230769230769231,2.6591363103759393,3.1387314522109033,8.21681693247667,2.0,0.0,0,0,1.7894736842105263,2.295967801177604,3.559042396824454,11.708035739680325,0.0,0.0,0,0,0.0,0.0,0,0,0.03846153846153846,0.048133839318222155,3.1232785715113662,8.119254409793907,0.03846153846153847,0.06451835000323623,3.9160230184535556,14.831191822452563,1.0,0.0,0,0,0.8829065083009796,68.0,254.0,0.0,82.0,2100.0,0.0,0.0,0.0,0.0,224.0,364.0,17040.0,0.0,0.0,0.0,0.0,0.0,0.0,0.0,0.0,0.0,0.0,0.0,0.0,0.0,0.0,0.0,0.0,0.0,0.0,0.0,1,1,0,1,1,0,0,0,0,1,1,1,0,0,0,0,0,0,0,0,0,0,0,0,0,0,0,0,0,0,0,6.314285714285714,0.6220440302022069,1.797724855751826,1.8840196549698263,2.1714285714285713,0.6963461489687965,-0.24576853249408792,-0.9380165289256195,0.0,0.0,0,0,3.5142857142857142,0.4997958767010257,-0.0571661950475026,-1.9967320261437904,0.2857142857142857,0.45175395145262565,0.9486832980505139,-1.1000000000000003,12.637971428571431,1.2406709126393627,1.7965048680197269,1.8786401431500828,1.1142857142857143,0.8870956969291443,0.26621576759138077,-0.837920318176339,481.6410000000002,120.58000000000001,2.732000000000001,4,8,0,0,0,0,0,0,0,0,0,0,0,0,0,0,0,0,0,0,0,0,0,0,0,0,0,0,0,0,0,0,0,0,0,0,0,0,0,0,1,0,0,0,0,0,0,0,0,0,0,0,0,0,0,0,0,0,0,0,0,0,0,0,0,0,0,1,0,0,0,0,0,0,0,0,0,1,0,1,0,1,0,0,1,1,1,1,0,0,0,0,1,1,1,0,0,1,1,1,1,0,1,1,0,0,1,1,0,0,0,0,1,1,0,0,1,1,0,1,1,0,1,1,1,0,0,1,0,1,1,1,0,1,1,1,0,1,1,1,1,1,0,0,1,1,0,1,1,1,1,1,1,1,1,1,1,1,1,1,1,1,1,1,1,1,1,1,0,1
CHEMBL204_68,35,32,-1,-1,-1,2.0,2.5194892512087685,2.8707710139500175,6.68727716269469,0.11302808014763774,0.1256824636517273,1.9783720881137388,5.847000436569456,0.1727598332099332,0.08309000165593684,-0.2446449189795156,-0.919871019880854,6.910476190476192,3.549131540796643,-0.08375876697653961,-0.7239269073944397,0.025413801884390116,0.0745596114665516,3.0274231021575213,7.539738004950511,0.8,0.4,-1.5,0.24999999999999956,2.0,2.5194892512087685,2.8707710139500175,6.68727716269469,2.0,0.0,0,0,1.8285714285714285,2.1578522958284805,3.292848114530796,9.958170271003935,0.0,0.0,0,0,0.03527093596059113,0.1671310604900348,5.490106680219319,28.722425468978727,0.04347826086956521,0.04996422482906253,2.853384445107721,6.4721925075407185,0.04347826086956523,0.024027806622069128,-0.006933349411897383,-1.4368046657520643,1.173913043478261,0.37903469074266727,1.7206180040292132,0.960526315789473,0.08077806466883154,64.0,216.0,0.0,96.0,1554.0,8.0,0.0,0.0,0.0,202.0,382.0,11064.0,0.0,0.0,0.0,0.0,18.0,0.0,0.0,0.0,0.0,0.0,0.0,0.0,0.0,0.0,0.0,0.0,0.0,0.0,0.0,1,1,0,1,1,1,0,0,0,1,1,1,0,0,0,0,1,0,0,0,0,0,0,0,0,0,0,0,0,0,0,6.684210526315789,1.6874967938822525,4.445181039756867,21.508561825311507,2.0526315789473686,0.7929746933325982,0.22280051252827182,-0.6896310815269078,0.0,0.0,0,0,3.3157894736842106,0.46482951928041294,0.7925939239012165,-1.3717948717948718,0.3157894736842105,0.46482951928041294,0.7925939239012172,-1.3717948717948711,13.378684210526318,3.381788176201765,4.458032068471415,21.608002981812167,0.9473684210526315,0.8567800313736688,0.6029364524094747,-0.33503737985048154,544.6780000000002,197.32999999999998,0.8714700000000042,3,15,0,0,0,0,0,0,0,0,0,0,0,0,0,0,0,0,0,0,0,0,0,0,0,0,0,0,0,0,0,0,0,0,1,1,0,0,0,0,1,0,0,0,0,1,0,0,0,0,0,0,0,1,0,0,1,1,0,0,1,0,1,1,0,0,0,0,0,1,0,1,0,0,0,1,0,0,0,1,1,1,0,0,1,0,1,0,0,0,1,0,1,1,1,0,1,1,0,0,0,0,1,0,1,0,1,0,1,0,0,0,1,1,1,0,1,1,0,1,1,1,0,0,0,0,1,1,0,0,1,0,1,1,1,0,0,0,1,0,1,0,1,0,1,0,0,1,1,1,1,1,0,1,0,1,1,1,1,0,1,1,1,1,1,1,1,1,0,1
CHEMBL204_69,35,32,-1,-1,-1,2.0,2.5366873297069255,2.8127767468919744,6.429327976625274,0.11567299283931146,0.1232525346555809,1.8644174030532594,5.207674220958319,0.17749547713441752,0.08557084143675,-0.31636837090660364,-0.9933265716034381,7.026666666666666,3.6092808059927863,-0.13164718804542527,-0.78777517608142,0.024089635854341734,0.06645672381226209,3.011338617037177,7.7800603902315455,0.8,0.4,-1.5,0.24999999999999956,2.0,2.5366873297069255,2.8127767468919744,6.429327976625274,2.0,0.0,0,0,1.8285714285714285,2.171052599030042,3.23602144312332,9.64890850604258,0.0,0.0,0,0,0.0,0.0,0,0,0.043478260869565216,0.05070386854827899,2.83972181342102,6.541728673331672,0.043478260869565216,0.48939803134931253,3.210105915099634,9.675957029277226,1.2608695652173914,0.4391089103635686,1.0891622972743418,-0.8137254901960795,1.7022006602183886,64.0,218.0,0.0,94.0,1560.0,0.0,0.0,0.0,0.0,206.0,366.0,11064.0,0.0,0.0,0.0,0.0,0.0,0.0,0.0,0.0,0.0,0.0,0.0,0.0,0.0,0.0,0.0,0.0,0.0,0.0,12.0,1,1,0,1,1,0,0,0,0,1,1,1,0,0,0,0,0,0,0,0,0,0,0,0,0,0,0,0,0,0,1,6.891891891891892,2.2754124518755883,3.437011173793513,10.899824330315061,2.054054054054054,0.7692026740950112,0.26391354299676884,-0.47893004115226345,0.0,0.0,0,0,3.3783783783783785,0.48498266067368534,0.5015503913178169,-1.7484472049689437,0.32432432432432434,0.46812183988348033,0.7505553499465135,-1.436666666666666,13.795972972972976,4.562290122452944,3.442011452534223,10.926623803107686,1.0,0.9004503377814963,0.6663332499583073,-0.28666666666666707,547.7470000000002,154.24,2.3590700000000018,3,15,0,0,0,0,0,0,0,0,0,0,0,0,0,0,0,0,0,0,0,0,0,0,0,0,0,0,0,0,0,0,0,0,1,1,0,0,0,0,1,0,0,0,0,1,0,0,0,0,0,0,0,1,0,0,1,1,0,0,1,0,1,1,0,0,0,0,0,1,0,1,0,0,0,1,0,0,0,1,1,1,0,0,1,0,1,0,1,0,1,0,1,1,1,1,1,1,0,0,0,0,1,0,1,0,1,0,1,0,0,0,1,1,1,0,1,1,1,1,1,1,0,0,0,0,1,1,0,0,1,0,1,1,1,0,0,0,1,0,1,0,1,1,1,0,0,1,1,1,1,1,0,1,0,1,1,1,1,0,1,1,1,1,1,1,1,1,0,1
CHEMBL204_70,40,38,-1,-1,-1,2.1538461538461537,3.1827939793195696,3.0876134813321015,7.91615602345183,0.10529867727300143,0.11794994092646376,1.8326478143455556,4.1968302179014705,0.18062823931191319,0.10035766940313769,-0.22808969699015805,-1.176553690457643,8.020833333333332,4.619920258450836,-0.1155005690365917,-0.9595084620199219,0.01862348178137652,0.05613315266450241,3.639984933509418,12.326463323994238,0.825,0.3799671038392666,-1.7106744068953987,0.9264069264069255,2.1538461538461537,3.1827939793195696,3.0876134813321015,7.91615602345183,2.0,0.0,0,0,1.9,2.662705391138869,3.722631439789001,12.892498423453448,0.0,0.0,0,0,0.017913627766288628,0.04410170561779447,2.181028949756928,2.9989416410419256,0.038461538461538464,0.05171695309286724,3.105633099601005,8.014393202657422,0.038461538461538464,1.5652263006088845,3.083996212303206,8.036378696607514,1.2307692307692308,0.42132504423474315,1.278019300845387,-0.3666666666666676,-1.1555279310159425,76.0,352.0,0.0,244.0,3570.0,48.0,0.0,0.0,0.0,1180.0,1380.0,36024.0,0.0,0.0,0.0,0.0,270.0,0.0,0.0,0.0,48.0,0.0,0.0,0.0,0.0,0.0,0.0,0.0,0.0,0.0,0.0,1,1,0,1,1,1,0,0,0,1,1,1,0,0,0,0,1,0,0,0,1,0,0,0,0,0,0,0,0,0,0,7.611111111111111,5.218970618904428,4.269690034701006,18.55278339124781,2.1666666666666665,0.7264831572567788,-0.2656392707974921,-1.0803324099722988,0.0,0.0,0,0,3.3055555555555554,0.4606423319938055,0.8442317648177394,-1.2872727272727256,0.5833333333333334,0.4930066485916347,-0.338061701891407,-1.8857142857142852,15.548527777777773,11.970410975229509,4.497561341504948,20.524987104395365,0.7777777777777778,0.9162456945817025,0.8863250414930698,-0.28935986159169635,587.9710000000003,81.22,6.172920000000007,1,9,0,0,0,0,0,0,0,0,0,0,0,0,0,0,0,0,0,0,0,0,0,0,0,0,0,0,0,0,0,0,0,0,0,0,0,0,1,0,1,0,0,0,0,0,0,0,1,1,0,0,0,0,0,0,0,0,0,0,0,0,0,0,0,0,0,1,0,0,0,0,0,0,0,0,0,1,0,1,0,1,1,1,1,1,1,1,0,1,1,0,1,0,1,0,0,0,1,1,1,0,1,1,0,1,1,1,0,1,1,0,1,1,0,1,1,0,0,1,1,0,1,1,1,0,0,1,0,1,1,1,0,0,0,0,1,0,1,1,1,0,0,0,1,1,1,1,0,1,1,1,1,1,0,1,1,1,1,0,1,1,1,1,1,1,1,1,0,0
CHEMBL204_71,36,32,-1,-1,-1,2.0,2.593698657761292,2.7509499277351317,6.019357195032869,0.11021755182591488,0.12501947467206678,1.744007852131436,3.862474510835958,0.16117820318872808,0.08775592046805404,-0.08754034840657646,-1.0938305792288225,6.481481481481481,3.7100813145762963,0.030083022730386086,-0.9228334512074357,0.01942110177404295,0.05536688533775197,3.082619741261894,8.401499160223004,0.8055555555555556,0.3957724124659724,-1.544097293955913,0.3842364532019724,2.0,2.593698657761292,2.7509499277351317,6.019357195032869,2.0,0.0,0,0,1.7777777777777777,2.1487866228681907,3.3126794257434926,10.126340472990368,0.0,0.0,0,0,0.004550321553584628,0.01346259454525194,2.8918185661107505,7.185250557620536,0.04545454545454545,0.053704707476234737,2.769178912533363,6.102094911859119,0.04545454545454546,0.08069760544662469,-2.04606029927638,3.9137118838678493,1.1818181818181819,0.38569460791993493,1.6499158227686117,0.7222222222222232,-1.2373281693702156,64.0,216.0,0.0,112.0,1560.0,8.0,0.0,0.0,0.0,356.0,476.0,11064.0,0.0,0.0,0.0,0.0,34.0,0.0,0.0,0.0,0.0,0.0,0.0,0.0,0.0,0.0,0.0,0.0,0.0,0.0,0.0,1,1,0,1,1,1,0,0,0,1,1,1,0,0,0,0,1,0,0,0,0,0,0,0,0,0,0,0,0,0,0,7.333333333333333,3.287180487219337,2.237926882543309,3.061260499203682,2.0833333333333335,0.8122328620674136,0.31319339168915183,-0.5112465373961217,0.0,0.0,0,0,3.5416666666666665,0.49826086429589156,-0.16724840200141727,-1.9720279720279719,0.25,0.4330127018922193,1.1547005383792515,-0.6666666666666665,14.684333333333333,6.592850841799943,2.2382039626721495,3.0620470098903008,1.1666666666666667,1.1785113019775793,0.43840620433565913,-1.3380000000000005,380.64800000000014,15.6,6.3006000000000055,0,4,0,0,0,0,0,0,0,0,0,0,0,0,0,0,0,0,0,0,0,0,0,0,0,0,0,0,0,0,0,0,0,0,0,0,0,0,1,0,0,0,0,0,0,0,0,0,0,1,0,0,0,0,0,0,0,0,0,0,0,0,0,0,0,0,0,0,1,0,0,0,0,0,0,1,1,1,0,1,1,0,0,1,0,0,0,1,0,0,1,0,0,0,0,1,0,0,0,0,1,0,1,0,0,0,0,0,1,0,1,0,0,0,1,0,1,0,1,0,0,1,1,1,1,0,0,0,0,0,1,0,0,0,0,1,0,1,0,1,1,0,0,1,1,0,1,1,0,0,1,1,1,0,0,1,0,1,1,0,1,0,1,1,1,1,0,1,0,0
CHEMBL204_72,38,34,-1,-1,-1,1.9230769230769231,2.659136310375939,3.138731452210904,8.216816932476675,0.10840771972920485,0.12067955823915825,2.098651610628938,6.551234798014615,0.17436867493235073,0.08349425066566443,-0.34289452647462937,-0.9092556479194234,7.632080200501253,3.9041921361632443,-0.15018676693638935,-0.6651464075700853,0.0272245930140667,0.07948571471219769,3.0934946466975135,8.073752575117663,0.8157894736842105,0.3876557858593746,-1.6292261599251139,0.6543778801843323,1.9230769230769231,2.659136310375939,3.138731452210904,8.216816932476675,2.0,0.0,0,0,1.7894736842105263,2.295967801177604,3.5590423968244544,11.70803573968033,0.0,0.0,0,0,0.0,0.0,0,0,0.03846153846153847,0.048181679854864864,3.1344964544753777,8.215790671216965,0.03846153846153847,0.021034872373866934,-0.06413757755607008,-1.169045616932734,1.0,0.0,0,0,1.8837601640564547,68.0,254.0,0.0,82.0,2100.0,0.0,0.0,0.0,0.0,220.0,364.0,17040.0,0.0,0.0,0.0,0.0,0.0,0.0,0.0,0.0,0.0,0.0,0.0,0.0,0.0,0.0,0.0,0.0,0.0,0.0,0.0,1,1,0,1,1,0,0,0,0,1,1,1,0,0,0,0,0,0,0,0,0,0,0,0,0,0,0,0,0,0,0,6.161290322580645,0.44698085356616185,2.8439011306567124,7.451497395833339,2.193548387096774,0.5913000896717213,-0.08085752182851405,-0.3819090136054428,0.0,0.0,0,0,3.4838709677419355,0.4997397866074087,0.06454972243679011,-1.995833333333334,0.3870967741935484,0.4870860925981129,0.46358632497276514,-1.7850877192982457,12.332806451612909,0.8916431160559642,2.842068820852188,7.437745753263071,1.1935483870967742,0.8951249629362329,0.15079587037948497,-0.9008163265306139,419.6130000000003,35.58,5.862400000000006,1,7,0,0,0,0,0,0,0,0,0,0,0,0,0,0,0,0,0,0,0,0,0,0,0,0,0,0,0,0,0,0,0,0,0,0,0,0,0,1,0,0,0,0,0,0,0,0,0,0,0,0,0,0,0,0,0,0,0,0,0,0,0,0,0,0,0,0,0,0,0,0,0,0,0,0,0,1,0,1,0,0,1,0,0,0,0,1,1,0,0,0,1,1,0,0,0,0,1,0,1,0,1,1,0,0,0,1,1,0,1,0,1,1,0,0,1,1,1,1,1,0,0,1,1,0,0,1,0,0,1,1,0,0,0,1,0,1,0,1,1,0,0,0,1,0,1,1,0,1,1,1,0,1,0,1,1,1,1,0,1,0,1,1,1,1,1,1,0,0
CHEMBL204_73,36,32,-1,-1,-1,2.0,2.5761140573281374,2.8076694398502196,6.266091199099266,0.10899188111976608,0.126089442967096,1.7298954900501726,3.8275392301044073,0.1539632688787398,0.0825311197664031,-0.08099271415947737,-1.1307104878148349,6.351851851851851,3.6209625829929317,0.04184849523116991,-0.9251080098792448,0.02128851540616247,0.05745541202808622,3.1233640226523796,8.848692042106595,0.8055555555555556,0.3957724124659724,-1.5440972939559132,0.3842364532019724,2.0,2.5761140573281374,2.8076694398502196,6.266091199099266,2.0,0.0,0,0,1.7777777777777777,2.1358203096378983,3.3695777106910336,10.444548003098218,0.0,0.0,0,0,0.005937691628901751,0.01692437012447752,2.5432828390909004,4.5924513025694695,0.045454545454545456,0.05310575084546871,2.8194509282274804,6.363698073656607,0.04545454545454543,0.031599588029584104,-0.5696596485039895,0.17692032932755453,1.1818181818181819,0.38569460791993493,1.6499158227686117,0.7222222222222232,-0.4616689840491405,64.0,214.0,0.0,90.0,1554.0,8.0,0.0,0.0,0.0,336.0,348.0,11064.0,0.0,0.0,0.0,0.0,32.0,0.0,0.0,0.0,0.0,0.0,0.0,0.0,0.0,0.0,0.0,0.0,0.0,0.0,0.0,1,1,0,1,1,1,0,0,0,1,1,1,0,0,0,0,1,0,0,0,0,0,0,0,0,0,0,0,0,0,0,6.378378378378378,0.7109700777278867,1.5616624400184405,0.7811904841458159,2.108108108108108,0.6486486486486487,-0.10850694444444348,-0.6523437499999996,0.0,0.0,0,0,3.324324324324324,0.4681218398834804,0.7505553499465148,-1.436666666666666,0.32432432432432434,0.46812183988348033,0.7505553499465135,-1.4366666666666659,12.765702702702704,1.4178635024621793,1.560930176577856,0.778629233602127,0.972972972972973,0.8215504947876034,0.6348806615001407,-0.015868330803395114,508.6190000000002,128.79000000000002,1.9045000000000012,3,4,0,0,0,0,0,0,0,0,0,0,0,0,0,0,0,0,0,0,0,0,0,0,0,0,0,0,0,0,0,0,0,0,0,0,0,0,0,0,0,0,0,0,0,0,0,0,0,0,0,0,0,0,0,0,1,0,0,1,0,0,0,0,0,0,0,0,0,0,0,0,0,0,0,0,0,0,0,0,0,1,0,0,1,0,0,0,0,0,0,0,1,1,1,0,0,1,0,0,0,1,1,0,0,0,1,1,0,0,0,1,1,1,0,1,1,1,0,1,1,0,1,1,0,0,0,1,0,1,1,1,0,1,1,0,0,0,1,1,1,1,1,0,1,1,1,1,1,1,0,1,1,1,1,1,1,1,1,1,1,1,1,1,1,1,1,1,0,0
CHEMBL204_74,37,33,-1,-1,-1,2.0,2.6865202966565924,2.9733450430916224,7.3648570184351865,0.10656725195421284,0.12518165935133768,1.9316366851315787,5.254078103002076,0.15716509184725203,0.08455143586969814,-0.11805492746490662,-1.1350113802038877,6.663963963963963,3.8035140885929195,0.012038299269791684,-0.9034156451746997,0.021407121407121407,0.059221306690310574,3.213191139085568,9.46723265506457,0.8108108108108109,0.3916588309780929,-1.5871507864874157,0.5190476190476199,2.0,2.6865202966565924,2.9733450430916224,7.3648570184351865,2.0,0.0,0,0,1.7837837837837838,2.2316535517127583,3.554968969259947,11.952950668691352,0.0,0.0,0,0,0.005465092421614161,0.01579059305068694,2.5796965200032296,4.766506098125949,0.043478260869565195,0.05304718579754026,2.9906769719639534,7.50752990205952,0.04347826086956523,0.20164132099815432,-2.947998301749107,8.130009463650744,1.173913043478261,0.3790346907426672,1.7206180040292134,0.9605263157894743,0.5875558479743819,66.0,236.0,0.0,94.0,1884.0,8.0,0.0,0.0,0.0,368.0,388.0,15024.0,0.0,0.0,0.0,0.0,34.0,0.0,0.0,0.0,0.0,0.0,0.0,0.0,0.0,0.0,0.0,0.0,0.0,0.0,0.0,1,1,0,1,1,1,0,0,0,1,1,1,0,0,0,0,1,0,0,0,0,0,0,0,0,0,0,0,0,0,0,6.666666666666667,1.9626135258506323,3.9978089128643806,15.985207100591715,2.074074074074074,0.6040557937148182,-0.03365351261834735,-0.2921307026965918,0.0,0.0,0,0,3.3703703703703702,0.4829038818668629,0.53687549219316,-1.7117647058823522,0.4444444444444444,0.4969039949999533,0.22360679774997902,-1.95,13.344629629629631,3.9338906210495157,4.006328147567923,16.0430824337172,1.037037037037037,0.9222147850362024,0.49333212975172847,-0.6823204994797081,388.52900000000005,55.760000000000005,5.578420000000006,1,12,0,0,0,0,0,0,0,0,0,0,0,0,0,0,0,0,0,0,0,0,0,0,0,0,0,0,0,0,0,0,0,0,0,0,0,0,0,0,0,0,0,0,0,0,0,0,0,0,0,0,0,0,0,0,0,0,0,0,0,1,0,0,0,0,1,0,0,0,0,0,0,0,0,0,0,0,0,0,0,0,0,1,0,0,0,0,0,0,1,1,1,1,0,0,0,0,0,0,0,0,0,0,0,0,0,0,0,0,1,1,0,0,0,1,1,1,1,0,1,0,0,0,0,1,0,1,1,1,0,0,0,0,1,0,0,0,0,0,1,1,1,0,0,1,1,1,1,1,0,1,1,0,1,1,1,1,0,1,0,1,1,0,1,1,1,1,0,0
CHEMBL204_75,40,36,-1,-1,-1,2.0,2.922064602034243,3.0522661657479677,7.562697832968103,0.10792656637552897,0.1155502326712869,1.7650945448665816,3.8148324956879147,0.17198492207654686,0.09304933188674509,-0.24578026953228646,-1.0658165212720596,7.7041666666666675,4.357104272207504,-0.11956930855004966,-0.8908395128390945,0.02010796221322537,0.06185218172533411,3.305748290917441,9.756446766812752,0.825,0.3799671038392666,-1.7106744068953987,0.9264069264069255,2.0,2.922064602034243,3.0522661657479677,7.562697832968103,2.0,0.0,0,0,1.8,2.4515301344262523,3.6320825139932196,12.066879659801607,0.0,0.0,0,0,0.003308531746031746,0.010340056291020564,3.0775330639142355,8.386327710439293,0.03846153846153846,0.051291348109773774,3.065214842875731,7.621081415886394,0.03846153846153846,0.1203275192166254,3.1060233958475694,7.783093714572743,1.1538461538461537,0.36080121229411,1.9188064472004944,1.6818181818181834,0.683702322342942,72.0,298.0,0.0,136.0,2706.0,8.0,0.0,0.0,0.0,528.0,706.0,23880.0,0.0,0.0,0.0,0.0,42.0,0.0,0.0,0.0,0.0,0.0,0.0,0.0,0.0,0.0,0.0,0.0,0.0,0.0,0.0,1,1,0,1,1,1,0,0,0,1,1,1,0,0,0,0,1,0,0,0,0,0,0,0,0,0,0,0,0,0,0,6.578947368421052,1.6643566632465157,4.793506968389636,24.069856,2.1052631578947367,0.5520046569316588,0.04680634529023883,0.14595041322313973,0.0,0.0,0,0,3.3684210526315788,0.48237638894271995,0.5455447255899821,-1.702380952380951,0.4473684210526316,0.4972222007287154,0.21170244960998497,-1.955182072829133,13.168789473684212,3.3360927284056086,4.8036101158252755,24.150801509153755,1.0,0.9733285267845752,0.34246744460938755,-1.2407407407407405,538.7180000000004,118.99000000000001,5.7724000000000055,0,17,0,0,0,0,0,0,0,0,0,0,0,0,0,0,0,0,0,0,0,0,0,0,0,0,0,0,0,0,0,0,0,0,0,0,0,0,1,0,1,0,0,0,0,0,0,0,0,1,0,0,0,0,1,0,0,0,0,0,0,0,0,0,0,0,0,1,0,0,0,0,0,0,0,0,0,0,0,1,0,1,1,1,0,1,0,0,0,0,1,0,1,1,1,0,1,0,1,1,1,0,0,0,0,0,1,0,1,0,1,1,1,1,0,1,1,1,1,1,1,0,1,1,0,0,1,1,1,1,0,1,1,1,1,1,0,1,1,1,0,0,0,0,1,1,0,1,1,1,0,1,0,1,1,1,1,1,1,1,1,1,1,1,1,1,1,1,0,0
CHEMBL204_76,39,36,-1,-1,-1,2.08,2.965400478856102,2.9593269382069507,7.032254899156511,0.1072988552160795,0.11886118504517974,1.7237795552716046,3.439378043813141,0.17343856745585298,0.09542862901446846,-0.19670032482724434,-1.140897355187279,7.5427350427350435,4.324854945234466,-0.08252587405540636,-0.9524778814661738,0.019258124521282418,0.056983678367625926,3.405503739967985,10.545476657562997,0.8205128205128205,0.3837597319768145,-1.6703827619526517,0.7901785714285703,2.08,2.965400478856102,2.9593269382069507,7.032254899156511,2.0,0.0,0,0,1.8461538461538463,2.4759195291432428,3.5620201769348743,11.585009168020752,0.0,0.0,0,0,0.010046051509466145,0.02719258230933324,2.510588205349274,4.720258161935161,0.039999999999999994,0.05192601860329084,2.9730968999261744,7.090543269599577,0.04000000000000001,0.01606264513558004,0.668249991335566,1.8422647619541461,1.2,0.4,1.5000000000000004,0.2500000000000009,-0.08541568647553868,72.0,300.0,0.0,180.0,2706.0,24.0,0.0,0.0,0.0,766.0,926.0,23880.0,0.0,0.0,0.0,0.0,124.0,0.0,0.0,0.0,12.0,0.0,0.0,0.0,0.0,0.0,0.0,0.0,0.0,0.0,0.0,1,1,0,1,1,1,0,0,0,1,1,1,0,0,0,0,1,0,0,0,1,0,0,0,0,0,0,0,0,0,0,6.193548387096774,0.5339659792660274,2.678862567139288,5.80193404017262,2.2580645161290325,0.7169713151900925,0.09890981780224832,-0.27423003163467685,0.0,0.0,0,0,3.5483870967741935,0.4976531813077907,-0.19446111706564914,-1.9621848739495789,0.3225806451612903,0.46746376600611095,0.7590721152765899,-1.4238095238095236,12.397064516129037,1.0649231362686467,2.6778578173647962,5.795863665904125,1.1612903225806452,0.9536609999415795,0.12005344987456339,-1.1866716587508968,420.5970000000003,51.1,5.452700000000005,0,7,0,0,0,0,0,0,0,0,0,0,0,0,0,0,0,0,0,0,0,0,0,0,0,0,0,0,0,0,0,0,0,0,0,0,0,0,0,0,0,0,0,0,0,0,0,0,0,0,0,0,0,0,0,0,0,0,0,0,0,0,0,0,0,0,0,1,1,0,0,0,0,0,0,0,0,1,0,0,0,0,1,0,0,0,0,1,0,0,0,1,0,1,1,0,0,0,0,1,1,0,1,1,0,0,1,1,0,0,1,0,1,1,1,1,1,1,1,1,1,0,0,1,1,0,0,1,0,1,1,1,0,0,0,1,0,0,1,1,0,0,0,0,1,1,1,1,0,1,1,1,1,1,1,1,1,1,1,0,1,1,1,1,1,1,1,1,0,0
CHEMBL204_77,39,37,-1,-1,-1,2.074074074074074,2.9929042741980623,3.11981365172675,8.071420396849037,0.11255911802103824,0.11389236406077287,1.8237051673548321,4.39921832664367,0.192045110131543,0.09491548458297283,-0.36806267598440484,-0.8805465478942915,8.429059829059831,4.356759031496779,-0.2334337673823953,-0.7031618328370222,0.023525549841339317,0.07143219042672862,3.3899229277035707,10.4011597405882,0.8205128205128205,0.3837597319768145,-1.6703827619526517,0.7901785714285703,2.074074074074074,2.9929042741980623,3.11981365172675,8.071420396849037,2.0,0.0,0,0,1.8974358974358974,2.5799510211497982,3.5983457158822656,11.887885673983966,0.0,0.0,0,0,0.018948723448217887,0.079956558826185,5.58856796594482,30.60997619625943,0.03703703703703703,0.048927893623777884,3.1409583388409668,8.143091656271395,0.03703703703703704,0.12371582728112722,3.1959952311043818,8.746730298235251,1.2222222222222223,0.41573970964154905,1.3363062095621212,-0.21428571428571663,0.0162058332071035,74.0,326.0,0.0,190.0,3102.0,16.0,0.0,0.0,0.0,606.0,1016.0,29160.0,0.0,0.0,0.0,0.0,68.0,0.0,0.0,0.0,0.0,0.0,0.0,0.0,0.0,0.0,0.0,0.0,0.0,0.0,12.0,1,1,0,1,1,1,0,0,0,1,1,1,0,0,0,0,1,0,0,0,0,0,0,0,0,0,0,0,0,0,1,7.027027027027027,2.44381720117996,3.1574576318680645,9.457108545942303,2.108108108108108,0.8631740228470981,0.042546415070785826,-1.168235294117648,0.0,0.0,0,0,3.324324324324324,0.4681218398834804,0.7505553499465147,-1.436666666666666,0.4864864864864865,0.4998173515920792,0.05407380704358735,-1.9970760233918132,14.157162162162164,5.1003156474313585,3.135863168896898,9.393073879325058,0.7567567567567568,0.9974401128241045,1.1546404737133775,0.14153518730552905,552.0390000000002,83.91,6.749340000000006,1,10,0,0,0,0,0,0,0,0,0,0,0,0,0,0,0,0,0,0,0,0,0,0,0,0,0,0,0,0,0,0,0,0,1,1,0,0,0,0,0,0,0,0,1,0,0,0,0,0,0,0,0,1,0,0,0,1,0,0,1,1,1,1,1,0,1,0,0,1,0,0,0,0,1,1,0,0,0,0,0,0,0,1,0,0,0,0,0,1,1,0,0,0,0,0,1,0,0,0,0,0,1,0,1,1,0,0,1,1,0,0,0,1,1,1,1,1,1,1,1,0,0,0,1,1,1,1,1,1,0,0,1,0,0,1,1,1,1,0,0,1,1,1,0,1,1,1,1,1,1,1,1,0,1,1,1,1,1,1,1,1,1,1,1,1,1,1,0,0
CHEMBL204_78,37,33,-1,-1,-1,2.0,2.7136021011998723,2.784326984495891,5.947873799725652,0.10894947733940379,0.12311392453535776,1.6572911976158442,3.251024643176451,0.15363533410850708,0.08426098008305949,-0.023115082126788356,-1.1659409249051564,6.417117117117117,3.7098956350442287,0.09081545554770855,-0.967174263151974,0.01806091806091806,0.05359677504058166,3.325332113928246,9.967998256763432,0.8108108108108109,0.3916588309780929,-1.5871507864874157,0.5190476190476199,2.0,2.7136021011998723,2.784326984495891,5.947873799725652,2.0,0.0,0,0,1.7837837837837838,2.2072991339562607,3.4110845652125947,10.536538012852656,0.0,0.0,0,0,0.005464979149189675,0.015868693177307484,2.6163559121554942,4.993719101790592,0.04545454545454546,0.05624138168358044,2.7948346221151943,5.99954094448038,0.04545454545454544,0.07896257739274341,-2.310209108153213,4.517311380516765,1.1818181818181819,0.38569460791993493,1.6499158227686117,0.7222222222222232,0.10496736598455768,66.0,232.0,0.0,94.0,1770.0,8.0,0.0,0.0,0.0,360.0,396.0,13080.0,0.0,0.0,0.0,0.0,34.0,0.0,0.0,0.0,0.0,0.0,0.0,0.0,0.0,0.0,0.0,0.0,0.0,0.0,0.0,1,1,0,1,1,1,0,0,0,1,1,1,0,0,0,0,1,0,0,0,0,0,0,0,0,0,0,0,0,0,0,6.708333333333333,2.1885909977781495,4.309212764927153,17.381703899367334,2.1666666666666665,0.6871842709362768,-0.228268823563607,-0.8927335640138407,0.0,0.0,0,0,3.2916666666666665,0.45452967144315476,0.9166984970282122,-1.1596638655462177,0.625,0.4841229182759271,-0.5163977794943223,-1.7333333333333334,13.48675,4.659950583160728,4.3421303411009555,17.57966967838873,0.875,1.0532687216470449,0.8925935288387573,-0.5280698274151954,344.85,67.14,4.350140000000002,0,6,0,0,0,0,0,0,0,0,0,0,0,0,0,0,0,0,0,0,0,0,0,0,0,0,0,1,0,0,0,0,0,0,0,0,0,0,0,0,1,0,0,0,0,0,0,0,0,0,0,0,0,0,1,0,0,0,0,0,0,0,0,0,0,0,0,1,0,0,0,0,0,0,0,0,0,0,0,1,0,1,1,0,1,1,0,0,0,1,0,0,1,0,0,0,1,0,1,0,1,0,1,1,0,1,1,1,1,1,0,0,0,1,0,0,1,1,1,0,1,0,1,1,1,0,1,1,0,0,0,0,0,1,0,1,1,1,0,1,0,0,0,1,1,0,1,1,0,1,1,1,1,1,0,1,0,1,1,0,1,0,1,1,1,1,0,1,0,1
CHEMBL204_79,34,32,-1,-1,-1,2.090909090909091,2.538952735230716,2.6975496447470033,5.582110453648925,0.11469222303389977,0.12750473983905283,1.5164930267218777,2.2837627090057087,0.17230399512395161,0.0857187294338041,-0.10265256891198471,-1.083803865693729,6.704481792717086,3.532963909877563,0.0008597081807660946,-0.8894136761419391,0.025345365418894834,0.06232549489499945,3.146973955120725,9.054492462279642,0.7941176470588235,0.40434491426080943,-1.4547859349066157,0.11640211640211628,2.090909090909091,2.538952735230716,2.6975496447470033,5.582110453648925,2.0,0.0,0,0,1.8823529411764706,2.1661120752378786,3.137991380042265,8.747245934163473,0.0,0.0,0,0,0.016377005347593586,0.03995766556750702,2.095612515537882,2.5548307199541744,0.045454545454545456,0.0493696526443269,2.688745423400268,5.548930074412981,0.04545454545454544,0.02554554772555148,0.223462598861581,0.08638438286467887,1.2272727272727273,0.41907020260422223,1.301582746911936,-0.3058823529411776,-0.19495231049892442,64.0,216.0,0.0,146.0,1500.0,24.0,0.0,0.0,0.0,504.0,576.0,10200.0,0.0,0.0,0.0,0.0,96.0,0.0,0.0,0.0,12.0,0.0,0.0,0.0,0.0,0.0,0.0,0.0,0.0,0.0,0.0,1,1,0,1,1,1,0,0,0,1,1,1,0,0,0,0,1,0,0,0,1,0,0,0,0,0,0,0,0,0,0,7.478260869565218,5.881951504149322,4.441998893030314,17.84258337223211,2.1739130434782608,0.5635426694267706,0.016532501781653258,-0.15221088435374286,0.0,0.0,0,0,3.3043478260869565,0.4601306627938419,0.8504200642707607,-1.2767857142857149,0.6521739130434783,0.47628048478710105,-0.6390096504226936,-1.5916666666666677,15.39678260869566,13.77729461660529,4.451584539210143,17.898066728842814,0.8695652173913043,0.8497747950300897,0.6766565615204926,-0.3084756448562258,374.286,55.63,4.174500000000003,1,7,0,0,0,0,0,0,0,0,0,0,0,0,0,0,0,0,0,0,0,0,0,0,0,0,0,0,0,0,0,0,0,0,0,0,0,0,0,0,1,0,0,0,0,0,0,0,1,0,0,0,0,0,1,0,0,0,0,0,0,0,0,0,0,0,0,1,0,0,0,0,0,0,0,0,0,1,0,1,0,1,1,0,1,1,0,0,0,0,0,0,1,0,0,0,1,0,1,0,1,0,1,1,0,0,1,1,0,1,0,0,0,1,0,0,1,1,1,0,1,0,1,1,1,0,1,1,0,0,0,0,0,0,0,1,1,1,0,1,1,0,0,0,1,0,0,1,0,1,1,0,0,1,0,1,0,1,1,0,1,0,1,1,1,1,0,1,0,0
CHEMBL204_80,35,31,-1,-1,-1,2.0,2.5260547066428276,2.7474854322084217,6.2088438404989965,0.10960272121892553,0.12868050385678112,1.838093427572538,4.558254296715999,0.1589157297821501,0.08668714132425134,-0.04138501717800607,-1.0858316320136174,6.2,3.558145138326545,0.07500737264359165,-0.9005441354230728,0.019047619047619046,0.05344625511699382,3.0904762622474684,8.651680352113036,0.8,0.4,-1.5,0.24999999999999956,2.0,2.5260547066428276,2.7474854322084217,6.2088438404989965,2.0,0.0,0,0,1.7714285714285714,2.0851271189164504,3.3116128902199073,10.4202643307849,0.0,0.0,0,0,0.005015833919774807,0.014668807065946109,2.857967990357606,6.932501703442343,0.047619047619047616,0.05477224003780624,2.7694153054782142,6.315805068510885,0.04761904761904763,0.5702153960126116,-2.771562657978418,6.971723542828158,1.1904761904761905,0.39267672624930106,1.576481562736164,0.4852941176470571,-1.0973407755607085,62.0,200.0,0.0,106.0,1392.0,8.0,0.0,0.0,0.0,314.0,432.0,9720.0,0.0,0.0,0.0,0.0,32.0,0.0,0.0,0.0,0.0,0.0,0.0,0.0,0.0,0.0,0.0,0.0,0.0,0.0,0.0,1,1,0,1,1,1,0,0,0,1,1,1,0,0,0,0,1,0,0,0,0,0,0,0,0,0,0,0,0,0,0,6.4,0.7483314773547882,1.4890269192263632,0.43877551020407957,2.0,0.848528137423857,0.3928371006591931,-0.6851851851851851,0.0,0.0,0,0,3.52,0.4995998398718719,-0.08006407690254361,-1.9935897435897438,0.24,0.4270831300812524,1.2175615550562024,-0.5175438596491229,12.80876,1.4923013443671493,1.488528096703837,0.4371754491687154,1.28,1.2812493902437572,0.2658224057822507,-1.6361216556661307,352.4750000000001,60.03,2.952700000000001,0,10,0,0,0,0,0,0,0,0,0,0,0,0,0,0,0,0,0,0,0,0,0,0,0,0,0,0,0,0,0,0,0,0,0,0,0,0,0,0,0,0,0,0,0,0,0,0,0,0,0,0,0,0,0,0,0,0,0,0,0,0,0,0,0,0,0,0,1,0,0,0,0,0,1,0,1,0,0,0,0,1,0,0,1,0,0,1,1,0,0,1,0,0,1,1,0,0,0,0,0,0,1,0,0,0,0,0,0,0,0,1,1,1,1,1,1,1,1,1,1,0,0,0,1,0,0,0,1,1,0,0,0,0,1,0,0,0,0,0,1,0,1,1,1,1,1,0,1,1,1,1,1,1,1,1,1,1,1,1,1,1,1,1,1,1,1,1,0,0
CHEMBL204_81,39,35,-1,-1,-1,2.0,2.842534080710379,2.978098518536632,7.159543182040975,0.1085867461957237,0.11768578585220534,1.759741762316649,3.8509977616274256,0.1693593735558118,0.09188532693619607,-0.20740682105559605,-1.079090422254036,7.393162393162394,4.198381383174441,-0.08329044325214248,-0.9047557038741023,0.01998759893496736,0.06039150001264046,3.2496467331371024,9.397846530473203,0.8205128205128205,0.3837597319768145,-1.6703827619526517,0.7901785714285703,2.0,2.842534080710379,2.978098518536632,7.159543182040975,2.0,0.0,0,0,1.794871794871795,2.377021268682418,3.5546952341290194,11.57421303560851,0.0,0.0,0,0,0.0035638095531840518,0.010990820437877242,3.031398349224606,8.082837429909995,0.04000000000000001,0.051870318847882006,2.992092824050231,7.222660750407334,0.039999999999999994,0.07315560478242238,-2.362658092776975,5.090275598779421,1.16,0.36660605559646714,1.8548520670059365,1.4404761904761942,-0.3619171147905953,70.0,276.0,0.0,130.0,2376.0,8.0,0.0,0.0,0.0,482.0,644.0,19920.0,0.0,0.0,0.0,0.0,40.0,0.0,0.0,0.0,0.0,0.0,0.0,0.0,0.0,0.0,0.0,0.0,0.0,0.0,0.0,1,1,0,1,1,1,0,0,0,1,1,1,0,0,0,0,1,0,0,0,0,0,0,0,0,0,0,0,0,0,0,6.594594594594595,1.6839377830751583,4.726533257938527,23.354160644738485,2.108108108108108,0.5591394828534378,0.031170475581379992,0.06836841645558778,0.0,0.0,0,0,3.3513513513513513,0.47739247926096473,0.6227523687795277,-1.612179487179487,0.4594594594594595,0.4983537544482643,0.16269784336399207,-1.973529411764707,13.200081081081084,3.375367258323307,4.736500661560475,23.432732922454097,0.972972972972973,0.9722219323570243,0.4069344126500804,-1.1745913250790112,524.6910000000004,118.99000000000001,5.382300000000004,0,16,0,0,0,0,0,0,0,0,0,0,0,0,0,0,0,0,0,0,0,0,0,0,0,0,0,0,0,0,0,0,0,0,0,0,0,0,1,0,1,0,0,0,0,0,0,0,0,1,0,0,0,0,1,0,0,0,0,0,0,0,0,0,0,0,0,1,0,0,0,0,0,0,0,0,0,0,0,1,0,1,1,1,0,1,0,0,0,0,1,0,1,1,1,0,1,0,1,1,1,0,0,0,0,0,1,0,1,0,0,1,1,1,0,1,1,1,1,1,1,0,1,1,0,0,1,1,1,1,0,1,1,1,1,1,0,1,1,1,0,0,0,0,1,1,0,1,1,1,0,1,0,1,1,1,1,1,1,1,1,1,1,1,1,1,1,1,0,0
CHEMBL204_82,38,35,-1,-1,-1,2.0833333333333335,2.9142847416742854,2.988119520759098,7.487619749299503,0.10698789518801158,0.12194006624946233,1.8682548301145634,4.6847797680309595,0.17172704105144168,0.09506794506018357,-0.15428961106734954,-1.1504883224276794,7.2587719298245625,4.188442635182905,-0.039189176963985564,-0.9399936319925488,0.018926821558400503,0.05546466079844783,3.455649468820958,11.216420471495374,0.8157894736842105,0.3876557858593746,-1.6292261599251139,0.6543778801843323,2.0833333333333335,2.9142847416742854,2.988119520759098,7.487619749299503,2.0,0.0,0,0,1.8421052631578947,2.4227682708387164,3.6043461408111885,12.309842341956116,0.0,0.0,0,0,0.010940029499586286,0.029284963109024172,2.4822173636176847,4.554227573300999,0.041666666666666664,0.05308429843680267,3.01150781845837,7.622338360045873,0.04166666666666668,0.08036258279757545,-2.3406680082996414,5.235119965691219,1.2083333333333333,0.40611643103370687,1.4363696929192162,0.0631578947368423,-0.1020335224487719,70.0,282.0,0.0,172.0,2502.0,24.0,0.0,0.0,0.0,686.0,860.0,22320.0,0.0,0.0,0.0,0.0,118.0,0.0,0.0,0.0,12.0,0.0,0.0,0.0,0.0,0.0,0.0,0.0,0.0,0.0,0.0,1,1,0,1,1,1,0,0,0,1,1,1,0,0,0,0,1,0,0,0,1,0,0,0,0,0,0,0,0,0,0,6.794117647058823,1.8752162505053036,3.591198577316061,14.291217530625499,2.176470588235294,0.7463869141440894,0.12629346882589387,-0.4253693916129775,0.0,0.0,0,0,3.3529411764705883,0.47788461203740945,0.6154574548966633,-1.621212121212122,0.47058823529411764,0.4991341984846218,0.11785113019775799,-1.9861111111111112,13.686676470588237,3.8688415633607356,3.3412553905933926,12.333944222274729,0.6764705882352942,0.8303290713819472,0.9711888992544228,-0.007156699605955996,488.53100000000023,62.88,6.022800000000005,1,7,0,0,0,0,0,0,0,0,0,0,0,0,0,0,0,0,0,0,0,0,0,0,0,0,0,0,0,0,0,0,0,0,0,0,0,0,0,0,0,0,0,0,1,0,0,0,0,0,0,0,0,0,1,0,0,0,0,1,0,0,0,0,1,0,0,0,0,0,0,0,0,0,0,0,0,1,0,0,1,0,1,0,0,1,0,0,1,0,1,0,0,0,1,0,1,1,1,1,1,0,0,1,0,0,0,1,1,1,0,0,1,1,1,1,1,1,1,1,1,1,1,1,1,1,1,1,0,1,1,1,0,0,1,0,1,0,1,1,1,0,0,0,1,1,1,1,1,1,1,0,1,0,1,1,1,1,1,0,1,1,1,1,1,1,1,1,0,0
CHEMBL204_83,37,35,-1,-1,-1,2.08,2.8272955275315668,2.9451429291564457,7.040957185283855,0.11197436104216903,0.12036930462632496,1.7006724165921596,3.3818826512573743,0.18791288816879256,0.09454263123024427,-0.2477366478505023,-0.9928284412481188,7.777477477477477,4.090983303269628,-0.1239245405826923,-0.8081056633047519,0.02350922350922351,0.06484360287674076,3.3060836100628634,10.044190284583287,0.8108108108108109,0.3916588309780929,-1.5871507864874157,0.5190476190476199,2.08,2.8272955275315668,2.9451429291564457,7.040957185283855,2.0,0.0,0,0,1.8918918918918919,2.4249133033684274,3.4129434570371973,10.626835353574323,0.0,0.0,0,0,0.010727533842754327,0.028509279307477466,2.510331322777443,4.829755414391404,0.039999999999999994,0.0491475122355591,2.953856560514113,7.077538800833786,0.04,0.03740706010616238,2.6821337285074587,6.238406727702284,1.2,0.4,1.5000000000000004,0.2500000000000009,-2.0608341770513836,70.0,280.0,0.0,194.0,2376.0,24.0,0.0,0.0,0.0,706.0,954.0,19920.0,0.0,0.0,0.0,0.0,118.0,0.0,0.0,0.0,12.0,0.0,0.0,0.0,0.0,0.0,0.0,0.0,0.0,0.0,0.0,1,1,0,1,1,1,0,0,0,1,1,1,0,0,0,0,1,0,0,0,1,0,0,0,0,0,0,0,0,0,0,6.3,0.5859465277082315,1.8093701807636609,2.115750777641626,2.1333333333333333,0.6699917080747259,0.5034297071260443,0.6611116557200298,0.0,0.0,0,0,3.433333333333333,0.6155395104206463,-0.6028296922687549,-0.5743500657889093,0.2,0.40000000000000013,1.499999999999999,0.24999999999999734,12.609533333333339,1.168775762164079,1.8078870138495418,2.1086636882237375,1.1,0.9433981132056604,0.038112283326070986,-1.4424946345158434,411.55000000000035,88.47,2.29108,0,7,0,0,0,0,0,0,0,0,0,0,0,0,0,0,0,0,0,0,0,0,0,0,0,0,0,0,0,0,0,0,0,0,0,0,0,0,0,0,0,0,0,1,0,0,0,0,0,0,0,0,0,0,0,0,1,0,0,0,0,0,0,0,1,0,0,0,1,0,0,0,0,0,0,0,0,1,0,0,0,1,0,0,1,0,0,1,1,0,0,0,1,1,1,0,0,1,0,0,1,0,1,0,0,0,1,0,0,0,1,0,1,1,1,0,1,1,0,1,1,0,1,1,1,0,0,0,0,0,1,1,0,1,0,1,0,1,1,1,1,0,0,0,1,0,0,1,0,1,1,0,0,1,0,1,1,1,1,0,1,1,1,1,1,1,1,1,0,0
CHEMBL204_84,35,33,-1,-1,-1,2.0869565217391304,2.6525302682903726,2.75777112176617,6.00663712661922,0.11467055507207949,0.12418571725802346,1.590318356634033,2.741604050325657,0.18252712503986024,0.09188095301716175,-0.17205181743211195,-1.033151554048947,7.143809523809524,3.7729216621181956,-0.05174204196566865,-0.8560364220275525,0.023376623376623374,0.061588016759452864,3.160699944692967,9.101441752729556,0.8,0.4,-1.5,0.24999999999999956,2.0869565217391304,2.6525302682903726,2.75777112176617,6.00663712661922,2.0,0.0,0,0,1.8857142857142857,2.2649052780121615,3.2106667026264537,9.319814885571184,0.0,0.0,0,0,0.01264755927821602,0.032597906199652915,2.418282345390123,4.358044318935085,0.04347826086956523,0.04983441615719588,2.767143597678434,6.044970004668633,0.04347826086956521,0.020551539995768798,0.3411732811696163,0.688603238701484,1.2173913043478262,0.4124709991523974,1.3703203194062967,-0.12222222222222534,-1.4278846168115722,66.0,238.0,0.0,176.0,1776.0,24.0,0.0,0.0,0.0,582.0,778.0,13080.0,0.0,0.0,0.0,0.0,106.0,0.0,0.0,0.0,12.0,0.0,0.0,0.0,0.0,0.0,0.0,0.0,0.0,0.0,0.0,1,1,0,1,1,1,0,0,0,1,1,1,0,0,0,0,1,0,0,0,1,0,0,0,0,0,0,0,0,0,0,6.947368421052632,2.258869866723677,3.3531451475217384,10.604899433062071,2.1052631578947367,0.7877173445839877,0.45816212899272785,-0.07158801020408312,0.0,0.0,0,0,3.5789473684210527,0.49372797471825575,-0.31980107453341583,-1.8977272727272727,0.3157894736842105,0.464829519280413,0.7925939239012172,-1.3717948717948716,13.906368421052631,4.528666542564114,3.3595477123182897,10.639154040211638,1.0526315789473684,0.8869631340185641,0.34976628447473807,-0.8080737948819681,284.38100000000003,78.43,0.38149999999999984,1,5,0,0,0,0,0,0,0,0,0,0,0,0,0,0,0,0,0,0,0,0,0,0,0,0,0,0,0,0,0,0,0,0,1,1,0,0,0,0,0,0,0,0,0,0,0,0,0,0,0,0,0,1,0,0,1,1,0,0,1,1,1,1,0,0,1,0,0,1,0,1,0,0,0,1,0,0,0,0,0,0,0,1,1,0,0,0,0,0,1,0,1,1,0,0,1,1,0,0,1,0,1,1,1,0,1,1,1,0,0,1,0,1,1,0,1,1,0,1,1,0,0,1,0,0,1,0,0,0,0,1,1,1,0,0,0,0,1,1,1,1,0,0,1,0,1,1,1,1,1,0,0,1,0,1,0,1,1,1,1,1,1,1,1,1,1,1,0,0
CHEMBL204_85,35,33,-1,-1,-1,2.0869565217391304,2.6525302682903726,2.75777112176617,6.00663712661922,0.11393716723510182,0.12485892236387838,1.5937950373301897,2.7694481555204744,0.1797080779854321,0.09031791569906465,-0.15900362514623434,-1.0544379048801036,7.102857142857142,3.752274412313967,-0.04343798530397198,-0.8558676803402419,0.02419149477973007,0.06285857735534882,3.2356008302876216,9.872803398472334,0.8,0.4,-1.5,0.24999999999999956,2.0869565217391304,2.6525302682903726,2.75777112176617,6.00663712661922,2.0,0.0,0,0,1.8857142857142857,2.2649052780121615,3.2106667026264537,9.319814885571187,0.0,0.0,0,0,0.012731101467021366,0.032703845182955445,2.3995072618399775,4.2594320132736465,0.0434782608695652,0.04978786737475768,2.7561732128948555,5.993661330271992,0.04347826086956523,0.04399630075562072,2.6198812544717507,5.719502889582925,1.2173913043478262,0.4124709991523974,1.3703203194062967,-0.12222222222222534,0.87710500682538,66.0,238.0,0.0,174.0,1776.0,24.0,0.0,0.0,0.0,564.0,776.0,13080.0,0.0,0.0,0.0,0.0,106.0,0.0,0.0,0.0,12.0,0.0,0.0,0.0,0.0,0.0,0.0,0.0,0.0,0.0,0.0,1,1,0,1,1,1,0,0,0,1,1,1,0,0,0,0,1,0,0,0,1,0,0,0,0,0,0,0,0,0,0,6.37037037037037,0.617530814834558,1.4450336129026775,0.9236323171678507,2.1481481481481484,0.7046776885348314,-0.216623698947966,-0.9821586642654365,0.0,0.0,0,0,3.259259259259259,0.43822813208145306,1.0987005311470728,-0.7928571428571418,0.4444444444444444,0.4969039949999533,0.223606797749979,-1.9500000000000002,12.749962962962966,1.231809794164111,1.4434825237534117,0.9173070074555278,0.8888888888888888,0.8748897637790902,0.5489682909040492,-0.7320499479708644,368.44100000000014,125.89,1.1529699999999998,1,7,0,0,0,0,0,0,0,0,0,0,0,0,0,0,0,0,0,0,0,0,0,0,0,0,0,0,0,0,0,0,0,0,0,0,0,0,0,0,1,0,0,0,0,1,0,0,0,0,0,0,0,0,0,0,0,0,0,0,0,0,0,0,0,0,0,1,0,0,0,0,0,0,0,0,0,0,0,1,1,1,1,0,1,1,1,1,0,0,0,0,1,1,1,0,0,1,1,1,1,0,1,1,0,0,1,1,0,0,0,0,1,1,0,1,1,1,0,1,1,1,1,1,1,0,0,1,0,1,1,0,0,1,0,1,0,1,1,1,1,0,0,0,1,1,1,1,0,1,1,0,1,1,0,1,1,1,1,0,1,1,1,1,1,1,1,1,0,1
CHEMBL204_86,40,39,-1,-1,-1,2.230769230769231,3.3662086903140103,3.278809209658132,9.551009278132645,0.10605533417758653,0.11727005624830426,2.0881990812756603,6.482280732515157,0.1874137020016649,0.10531665426354982,-0.23349498851777056,-1.1678671112919652,8.266666666666667,4.779629809003111,-0.13786286225942132,-0.9238539095877734,0.017408906882591096,0.05656096489126059,4.073048986149804,16.020792950852726,0.825,0.3799671038392666,-1.7106744068953987,0.9264069264069255,2.230769230769231,3.3662086903140103,3.278809209658132,9.551009278132645,2.0,0.0,0,0,1.95,2.8102490992792797,3.9643587859736584,15.352881034214782,0.0,0.0,0,0,0.03199479737130339,0.08688140772459978,4.053226725452036,18.279121596673413,0.03846153846153846,0.05340178767785753,3.3138781883950004,9.733886352003308,0.038461538461538464,0.04681460166174768,3.5064890119807597,11.783906540814426,1.3076923076923077,0.46153846153846145,0.8333333333333339,-1.3055555555555547,0.32637539853941727,78.0,390.0,0.0,286.0,4416.0,56.0,0.0,0.0,0.0,1274.0,1762.0,51720.0,0.0,0.0,0.0,0.0,312.0,0.0,0.0,0.0,48.0,0.0,0.0,0.0,0.0,0.0,0.0,0.0,0.0,0.0,36.0,1,1,0,1,1,1,0,0,0,1,1,1,0,0,0,0,1,0,0,0,1,0,0,0,0,0,0,0,0,0,1,6.625,1.0231690964840563,1.323806217950412,0.22677656493651144,2.125,0.81967981553775,0.10639435139484046,-0.8512709572742021,0.0,0.0,0,0,3.1875,0.5266343608235224,0.17049539314897613,0.04324538781987686,0.5625,0.49607837082461076,-0.25197631533948484,-1.9365079365079365,13.351656250000001,2.267347274478689,1.5069433375786863,0.9225310406180776,0.5625,0.8637671850678283,1.5524653049677195,1.5717222663852413,445.3970000000001,97.10999999999999,4.305800000000003,0,6,0,0,0,0,0,0,0,0,0,0,0,0,0,0,0,0,0,0,0,0,0,0,0,0,0,0,0,0,0,0,0,0,0,0,0,0,0,1,0,0,0,1,1,0,0,0,0,0,0,0,0,0,0,0,0,0,0,0,0,0,0,0,1,0,0,1,0,0,0,0,0,0,0,0,0,1,0,1,0,0,1,0,0,0,0,1,0,0,0,1,0,0,1,0,0,1,0,1,1,0,0,0,0,0,0,0,1,1,0,1,1,0,1,1,1,1,0,1,1,0,1,1,1,0,0,1,1,1,0,0,0,0,1,1,1,1,1,1,0,0,1,0,1,1,1,1,1,1,1,1,1,1,1,1,1,1,1,1,1,1,1,1,1,1,1,1,0,0
CHEMBL204_87,39,38,-1,-1,-1,2.24,3.326018640957985,3.305486735716939,9.915997892702018,0.10668628337584227,0.11941131680236648,2.116492878389582,6.795056323340388,0.18634775790148003,0.10558346234240676,-0.1947682677527965,-1.1758490473998038,7.982905982905984,4.6508882942545196,-0.0984685385195137,-0.9172625862113812,0.016996753838859104,0.05519225854440472,4.175627303305514,17.152098151707094,0.8205128205128205,0.3837597319768145,-1.6703827619526517,0.7901785714285703,2.24,3.326018640957985,3.305486735716939,9.915997892702018,2.0,0.0,0,0,1.9487179487179487,2.7637647859834136,4.010399210475278,16.026758079343406,0.0,0.0,0,0,0.03385584923643513,0.08905620177323169,3.848562174209602,16.526949292048876,0.039999999999999994,0.05469828794409428,3.351736539900114,10.18554938175528,0.039999999999999994,0.039371795345934754,-1.7758312724858425,3.2838294076601793,1.32,0.46647615158762407,0.7717436331412894,-1.4044117647058831,0.5199157372799839,76.0,370.0,0.0,276.0,4146.0,56.0,0.0,0.0,0.0,1152.0,1670.0,48840.0,0.0,0.0,0.0,0.0,300.0,0.0,0.0,0.0,48.0,0.0,0.0,0.0,0.0,0.0,0.0,0.0,0.0,0.0,36.0,1,1,0,1,1,1,0,0,0,1,1,1,0,0,0,0,1,0,0,0,1,0,0,0,0,0,0,0,0,0,1,7.59375,5.243206169654212,4.572160186422829,20.53947047852956,2.0625,0.8267972847076845,0.21511578006696588,-0.825665306122449,0.0,0.0,0,0,3.5,0.5,0.0,-2.0,0.375,0.4841229182759271,0.5163977794943223,-1.7333333333333334,15.507406249999999,12.119276757142355,4.751209586418417,22.024929295627782,1.03125,1.1314916868894795,0.5858641873792696,-1.1437004609823236,529.5010000000002,104.38999999999999,3.731700000000002,0,12,0,0,0,0,0,0,0,0,0,0,0,0,0,0,0,0,0,0,0,0,0,0,0,0,0,0,0,0,0,0,0,0,1,1,0,0,0,0,1,0,0,0,0,0,0,0,1,0,0,0,0,1,0,0,0,1,0,0,1,1,1,1,1,0,1,1,0,1,0,1,0,0,0,1,1,0,0,1,0,1,1,1,1,0,0,1,1,1,1,0,0,1,1,0,1,0,0,1,1,0,1,0,1,0,1,0,1,1,1,1,1,1,1,1,1,1,1,1,1,0,1,1,1,0,1,1,1,1,0,1,1,1,1,0,1,0,1,1,1,0,1,1,1,1,1,1,1,1,1,1,1,1,1,1,1,1,1,1,1,1,1,1,1,1,1,1,0,0
CHEMBL204_88,34,31,-1,-1,-1,2.0,2.412090756622109,2.7206687733384136,5.744140625,0.11808194831523643,0.12437209569658376,1.6565534290713024,3.9014739462318992,0.16944246455947867,0.08095349992241671,-0.20861379298840446,-0.9269815267203203,6.5921568627450995,3.374970915619338,-0.053637117808186544,-0.7556872708788216,0.025456773618538323,0.07287967725195382,2.9421325710696857,6.973036557295934,0.7941176470588235,0.40434491426080943,-1.4547859349066157,0.11640211640211628,2.0,2.412090756622109,2.7206687733384136,5.744140625,2.0,0.0,0,0,1.8235294117647058,2.0646975029157932,3.1241108030420555,8.709101977567885,0.0,0.0,0,0,0.03707893413775767,0.16972519638890549,5.366669863976255,27.47597049699057,0.04545454545454545,0.05008090892998187,2.7242294647393583,5.686019651292183,0.045454545454545435,0.049359478937838576,3.1141615597566723,9.293629178401455,1.1818181818181819,0.385694607919935,1.649915822768611,0.7222222222222223,-2.1451973392135857,62.0,196.0,0.0,90.0,1284.0,8.0,0.0,0.0,0.0,182.0,328.0,8184.0,0.0,0.0,0.0,0.0,16.0,0.0,0.0,0.0,0.0,0.0,0.0,0.0,0.0,0.0,0.0,0.0,0.0,0.0,0.0,1,1,0,1,1,1,0,0,0,1,1,1,0,0,0,0,1,0,0,0,0,0,0,0,0,0,0,0,0,0,0,7.09375,2.415566380271923,3.0828420548694124,8.579410864655731,2.0,0.82915619758885,0.32892146681210577,-0.7520661157024793,0.0,0.0,0,0,3.46875,0.4990224819584785,0.1252448582170299,-1.9843137254901961,0.1875,0.3903123748998999,1.6012815380508714,0.5641025641025643,14.1995,4.843365436346921,3.0881753728503107,8.604704375934501,1.03125,0.9514585842273956,0.5907723978465093,-0.6055026654517652,487.6480000000002,174.47,-0.09642999999999552,3,14,0,0,0,0,0,0,0,0,0,0,0,0,0,0,0,0,0,0,0,0,0,0,0,0,0,0,0,0,0,0,0,0,1,1,0,0,0,0,1,0,0,0,0,1,0,0,0,0,0,0,0,1,0,1,1,1,0,0,1,0,1,1,0,0,0,0,0,1,0,1,0,0,0,1,0,0,0,1,1,1,0,0,1,0,1,0,1,0,1,1,1,1,1,1,1,1,0,1,0,0,1,0,1,0,1,0,1,0,0,0,1,1,1,0,1,1,1,1,1,1,0,0,0,0,1,0,0,0,1,0,1,1,1,0,0,0,1,0,1,1,1,1,1,0,0,0,1,1,1,1,0,1,1,1,1,1,1,1,1,1,1,1,1,1,1,1,0,1
CHEMBL204_89,39,39,-1,-1,-1,2.32,3.414322773259728,3.1931398480981557,8.993440995026239,0.10730121087022634,0.11885905849706559,1.9465471918221025,5.438268387901326,0.1894694089019658,0.10787876753962314,-0.20976714007759076,-1.2264224820120568,8.094017094017094,4.731696609972432,-0.11298431688876082,-0.9679950244018509,0.016486121749279645,0.05343295056471674,4.165233474762467,16.772452228009442,0.8205128205128205,0.3837597319768145,-1.6703827619526517,0.7901785714285703,2.32,3.414322773259728,3.1931398480981557,8.993440995026239,2.0,0.0,0,0,2.0,2.8374781146789574,3.899129374877209,14.833928354091444,0.0,0.0,0,0,0.04492245343309172,0.09947006150034456,2.8191030265374497,8.897897619695534,0.04000000000000001,0.054153536430958216,3.238152817999598,9.252841711030559,0.04,0.025567993503919365,2.5123335161378506,6.862473326727377,1.36,0.48,0.5833333333333327,-1.6597222222222228,0.9287734323689092,78.0,392.0,0.0,336.0,4416.0,88.0,0.0,0.0,0.0,1564.0,2062.0,51720.0,0.0,0.0,0.0,0.0,498.0,0.0,0.0,0.0,120.0,0.0,0.0,0.0,0.0,0.0,0.0,0.0,0.0,0.0,48.0,1,1,0,1,1,1,0,0,0,1,1,1,0,0,0,0,1,0,0,0,1,0,0,0,0,0,0,0,0,0,1,6.444444444444445,0.6849348892187752,1.2380055823137128,0.1703601108033217,2.2222222222222223,0.7114582486036499,-0.3504386852134579,-0.988697204045212,0.0,0.3333333333333333,0.0,6.0,3.1666666666666665,0.3726779962499649,1.7888543819998333,1.200000000000002,0.6666666666666666,0.4714045207910317,-0.7071067811865477,-1.4999999999999998,12.897666666666666,1.3661208666227977,1.2366921533666344,0.1660989197295768,0.6666666666666666,0.8819171036881969,1.1878883437432861,0.48979591836734926,244.254,87.60999999999999,2.9049000000000005,0,3,0,0,0,0,0,0,0,0,0,0,0,0,0,0,0,0,0,0,0,0,0,0,0,0,1,0,0,0,0,0,0,0,0,0,0,0,0,0,0,0,0,0,0,0,0,0,0,0,0,1,0,0,1,1,0,0,1,0,0,0,0,0,0,1,0,1,0,0,0,1,1,1,0,0,0,0,0,0,0,1,1,0,0,1,0,0,0,0,0,0,1,1,0,0,1,0,1,1,0,0,0,1,1,0,0,1,0,0,0,0,0,0,0,0,1,1,0,0,1,1,1,1,1,0,1,1,0,0,0,0,1,1,0,1,0,1,0,1,0,0,0,0,1,0,0,0,0,1,1,0,0,1,0,0,0,1,1,0,1,1,1,1,1,1,1,1,0,0
CHEMBL204_90,35,32,-1,-1,-1,2.0,2.502172968684897,2.7975683885990863,6.104166666666666,0.12002161836188763,0.11902201349843641,1.5494437992934917,3.053239951335298,0.17222376158117392,0.082538579995675,-0.2536784128632227,-0.920330343531921,6.896190476190476,3.531886688834516,-0.09375987223392462,-0.7411992026171821,0.02551566080977846,0.07472979347396448,3.0018363936721557,7.312115497864882,0.8,0.4,-1.5,0.24999999999999956,2.0,2.502172968684897,2.7975683885990863,6.104166666666666,2.0,0.0,0,0,1.8285714285714285,2.1445707434051657,3.2123831972605847,9.197168378659464,0.0,0.0,0,0,0.036019536019536016,0.1673969963750269,5.452576807145497,28.42479573232877,0.04347826086956521,0.04982610423807936,2.8234535263876266,6.227791333482944,0.04347826086956521,0.015222224089896813,0.16705154541781017,1.5808385907926725,1.173913043478261,0.37903469074266727,1.7206180040292127,0.9605263157894717,-0.15657381794908587,64.0,214.0,0.0,94.0,1500.0,8.0,0.0,0.0,0.0,200.0,360.0,10200.0,0.0,0.0,0.0,0.0,16.0,0.0,0.0,0.0,0.0,0.0,0.0,0.0,0.0,0.0,0.0,0.0,0.0,0.0,0.0,1,1,0,1,1,1,0,0,0,1,1,1,0,0,0,0,1,0,0,0,0,0,0,0,0,0,0,0,0,0,0,6.59375,1.8003363401042596,4.4746898909262685,20.33073829397715,2.125,0.739509972887452,0.2607904557447994,-0.21387755102040806,0.0,0.0,0,0,3.46875,0.4990224819584785,0.1252448582170299,-1.9843137254901961,0.375,0.4841229182759271,0.5163977794943223,-1.7333333333333334,13.19875,3.60885895228672,4.483168092346488,20.393923998427425,1.09375,0.9137619698258403,0.30551355373202366,-0.9025874628090693,457.6400000000003,92.49999999999999,3.3884000000000016,1,10,0,0,0,0,0,0,0,0,0,0,0,0,0,0,0,0,0,0,0,0,0,0,0,0,0,0,0,0,0,0,0,0,1,1,0,0,0,0,0,0,0,0,0,0,0,0,0,0,0,0,0,1,0,0,0,1,0,0,1,1,1,1,0,0,1,0,0,1,0,1,0,0,0,1,0,0,0,0,0,1,0,1,1,0,1,1,0,0,1,0,0,0,1,1,1,1,1,0,0,0,1,0,1,0,1,0,1,0,1,0,1,1,1,0,1,1,1,1,1,0,0,0,1,0,1,1,0,0,0,1,1,1,0,1,0,0,1,0,0,0,0,0,1,0,0,1,1,1,1,1,0,1,0,1,1,1,1,0,1,1,1,1,1,1,1,1,0,1
CHEMBL204_91,36,32,-1,-1,-1,1.9166666666666667,2.481878768639238,2.9734508188799342,7.25408601508194,0.110322941507313,0.12492648380128117,2.000826603125044,5.8276081927021455,0.16868713175505892,0.08044384192617887,-0.2622685898331186,-0.9394872611210054,7.006084656084656,3.589278780010519,-0.07668898707799914,-0.7036601441717782,0.027450980392156862,0.0766269013215058,2.9590274795618208,7.268350133273287,0.8055555555555556,0.3957724124659724,-1.5440972939559132,0.3842364532019724,1.9166666666666667,2.481878768639238,2.9734508188799342,7.25408601508194,2.0,0.0,0,0,1.7777777777777777,2.1358203096378983,3.369577710691034,10.444548003098218,0.0,0.0,0,0,0.0,0.0,0,0,0.041666666666666664,0.04881386741398804,2.9688425779674525,7.253947877753534,0.041666666666666664,0.04455859066324721,-1.1055891158620927,1.1631799147574737,1.0,0.0,0,0,-0.18501521432413148,64.0,214.0,0.0,74.0,1554.0,0.0,0.0,0.0,0.0,180.0,292.0,11064.0,0.0,0.0,0.0,0.0,0.0,0.0,0.0,0.0,0.0,0.0,0.0,0.0,0.0,0.0,0.0,0.0,0.0,0.0,0.0,1,1,0,1,1,0,0,0,0,1,1,1,0,0,0,0,0,0,0,0,0,0,0,0,0,0,0,0,0,0,0,6.7272727272727275,1.1354541815269816,1.1070398325563222,-0.4810157790927043,2.0,1.0,0.5454545454545454,-0.9090909090909092,0.0,0.0,0,0,3.5,0.5,0.0,-2.0,0.2727272727272727,0.4453617714151233,1.0206207261596578,-0.958333333333333,13.598318181818183,2.5470144445170537,1.2486395012884244,-0.03497856377395259,0.8181818181818182,1.0718023747774177,1.0306410807406265,-0.33859531080171656,317.30699999999996,57.61,2.664600000000001,0,5,0,0,0,0,0,0,0,0,0,0,0,0,0,0,0,0,0,0,0,0,0,0,0,0,0,0,0,0,0,0,0,0,0,0,0,0,0,0,0,0,0,0,1,0,0,0,0,0,0,0,0,0,0,0,0,0,0,0,0,0,0,0,0,0,0,0,1,0,0,0,0,0,0,0,1,0,0,0,0,0,0,0,0,0,0,1,1,0,0,0,0,1,1,0,0,1,0,0,0,0,1,0,0,0,1,0,1,1,1,0,1,0,1,0,1,1,1,1,0,0,0,0,1,0,0,0,0,0,0,0,0,0,1,0,1,0,1,0,1,1,0,1,0,0,0,0,1,0,1,1,0,0,1,1,1,1,1,1,1,1,1,1,1,1,1,1,0,0
CHEMBL204_92,38,36,-1,-1,-1,2.1666666666666665,3.023059524536176,2.917124945434303,6.924825158673698,0.10708474711610784,0.12185502209085781,1.728475633148721,3.562378937517689,0.17525529155534025,0.09794903902421082,-0.16133728553655335,-1.2131473816995026,7.385964912280702,4.292163616800825,-0.047141314964691775,-0.9931035713217429,0.018294610399873557,0.05310492881834678,3.506500668339615,11.378142198823125,0.8157894736842105,0.3876557858593746,-1.6292261599251139,0.6543778801843323,2.1666666666666665,3.023059524536176,2.917124945434303,6.924825158673698,2.0,0.0,0,0,1.894736842105263,2.510917987763487,3.5502524541102556,11.6942528593623,0.0,0.0,0,0,0.020813852627934958,0.049772702970991595,2.099138491387497,2.6422069486545547,0.041666666666666664,0.052828383802782465,2.9371632750186762,7.030831620876048,0.041666666666666664,0.044898411150630646,-1.5133548898161429,2.4085534888286224,1.25,0.4330127018922193,1.1547005383792515,-0.6666666666666665,0.8960004459757519,72.0,304.0,0.0,224.0,2772.0,48.0,0.0,0.0,0.0,992.0,1156.0,25200.0,0.0,0.0,0.0,0.0,246.0,0.0,0.0,0.0,48.0,0.0,0.0,0.0,0.0,0.0,0.0,0.0,0.0,0.0,0.0,1,1,0,1,1,1,0,0,0,1,1,1,0,0,0,0,1,0,0,0,1,0,0,0,0,0,0,0,0,0,0,6.142857142857143,0.3499271061118826,2.0412414523193108,2.1666666666666563,2.1904761904761907,0.6632565846278153,-0.2324111977381141,-0.7739929854394734,0.0,0.0,0,0,3.380952380952381,0.6529194857524805,-0.5803564555341759,-0.6596876414667285,0.42857142857142855,0.49487165930539345,0.28867513459481287,-1.9166666666666663,12.296142857142858,0.6984545037993178,2.041241452319309,2.1666666666666528,1.0952380952380953,0.9712418121129114,0.43253979324347064,-0.8728041789940835,281.4030000000001,42.82,4.017480000000003,2,4,0,0,0,0,0,0,0,0,0,0,0,0,0,0,0,0,0,0,0,0,0,0,0,0,0,0,0,0,0,0,0,0,0,0,0,0,0,0,0,0,0,1,0,0,0,0,0,0,0,0,0,0,0,0,0,0,0,0,0,0,0,0,1,0,0,1,0,0,0,0,0,0,0,0,0,0,0,0,0,0,0,0,0,1,0,1,1,0,0,0,0,1,0,0,0,0,1,0,0,0,1,1,0,0,0,1,0,0,1,0,0,1,0,0,1,0,1,0,1,0,0,1,1,0,0,1,0,0,1,1,0,0,0,1,0,0,0,1,1,0,0,0,1,0,0,0,0,1,1,1,0,1,0,1,0,1,1,0,1,0,1,1,1,1,0,1,0,0
CHEMBL204_93,37,34,-1,-1,-1,2.0869565217391304,2.796162641880613,2.774482793719823,5.994895740191328,0.10957017846952957,0.1225618334441129,1.615885837981366,2.8071544673270123,0.16782915965391126,0.09263399161011161,-0.12507563354978943,-1.1664739958853092,6.918918918918919,3.9929313709811995,-0.012069676997961527,-0.981191558029411,0.01891891891891892,0.05374462002768719,3.2591803794121788,9.531958676792252,0.8108108108108109,0.3916588309780929,-1.5871507864874157,0.5190476190476199,2.0869565217391304,2.796162641880613,2.774482793719823,5.994895740191328,2.0,0.0,0,0,1.837837837837838,2.3192905895053983,3.368666917190401,10.272340357733688,0.0,0.0,0,0,0.011740118496875254,0.030861467839791597,2.4215107168464747,4.269874402871565,0.043478260869565195,0.052971719957864226,2.7895619548908246,6.05530247449653,0.04347826086956523,0.09148611535573699,2.8736470385838744,6.376851582643583,1.2173913043478262,0.4124709991523974,1.3703203194062967,-0.12222222222222534,-1.6180662709836953,68.0,256.0,0.0,164.0,2046.0,24.0,0.0,0.0,0.0,636.0,762.0,15960.0,0.0,0.0,0.0,0.0,112.0,0.0,0.0,0.0,12.0,0.0,0.0,0.0,0.0,0.0,0.0,0.0,0.0,0.0,0.0,1,1,0,1,1,1,0,0,0,1,1,1,0,0,0,0,1,0,0,0,1,0,0,0,0,0,0,0,0,0,0,6.375,0.739509972887452,1.593719451773774,0.7265306122448978,2.125,0.649519052838329,-0.12830005981991682,-0.6666666666666665,0.0,0.0,0,0,3.21875,0.41339864235384227,1.360672102833218,-0.14857142857142858,0.5,0.5,0.0,-2.0,12.758875,1.4746886059012598,1.5933043276030856,0.725126981751619,0.8125,0.8816709987291178,0.9211893447997771,0.09600767657382381,434.49200000000013,88.85,3.943500000000003,0,9,0,0,0,0,0,0,0,0,0,0,0,0,0,0,0,0,0,0,0,0,0,0,0,0,0,0,0,0,0,0,0,0,0,0,0,0,0,0,0,0,0,0,0,0,0,0,0,0,0,0,0,0,0,0,0,0,0,1,0,0,0,0,0,0,0,0,0,0,0,0,0,0,1,0,0,0,0,0,0,0,0,0,0,0,0,1,1,0,0,1,0,0,1,0,0,1,0,0,1,1,1,1,0,0,0,1,0,0,1,1,1,1,0,1,1,0,1,1,1,0,0,0,1,1,0,1,1,1,0,1,0,0,1,1,0,1,1,1,1,0,1,0,1,1,0,1,1,1,1,1,0,1,1,1,1,1,1,1,1,1,1,1,1,1,1,1,0,0
CHEMBL204_94,38,35,-1,-1,-1,2.0869565217391304,2.9475567402918763,2.818098324468012,6.212329599810941,0.10746962705027088,0.12151571394416398,1.6882136160865977,3.3013541760435743,0.16465562553858462,0.09274889862797905,-0.06726244402830402,-1.2264625359597678,6.947368421052632,4.071385180171309,0.04040304153528559,-1.014948951475485,0.016674569306148256,0.0512691159313723,3.5122613415301904,11.249469504055808,0.8157894736842105,0.3876557858593746,-1.6292261599251139,0.6543778801843323,2.0869565217391304,2.9475567402918763,2.818098324468012,6.212329599810941,2.0,0.0,0,0,1.8421052631578947,2.400946258517272,3.483160936189357,11.093344719079129,0.0,0.0,0,0,0.010915213909943995,0.029046863454738246,2.4516792260850053,4.413321979165296,0.043478260869565195,0.05622081095809968,2.836721642584283,6.289102969758712,0.043478260869565216,0.10100991625376478,2.928751085482151,6.758269212392941,1.2173913043478262,0.4124709991523974,1.3703203194062967,-0.12222222222222534,0.11453363286117542,70.0,278.0,0.0,168.0,2376.0,24.0,0.0,0.0,0.0,656.0,842.0,19920.0,0.0,0.0,0.0,0.0,118.0,0.0,0.0,0.0,12.0,0.0,0.0,0.0,0.0,0.0,0.0,0.0,0.0,0.0,0.0,1,1,0,1,1,1,0,0,0,1,1,1,0,0,0,0,1,0,0,0,1,0,0,0,0,0,0,0,0,0,0,7.555555555555555,3.320345066107541,2.308640963800799,3.647996298195875,2.111111111111111,0.773799348732451,-0.1939227191318016,-1.3082155383143799,0.0,0.0,0,0,3.2222222222222223,0.41573970964154905,1.3363062095621212,-0.2142857142857162,0.4722222222222222,0.4992277987669841,0.11128297681493154,-1.9876160990712073,15.241944444444446,6.989193666512948,2.3389093266038072,3.7894720339010766,0.6111111111111112,0.921284663987611,1.4836550963004713,1.180482644628098,570.8860000000001,112.66000000000001,5.777800000000004,0,8,0,0,0,0,0,0,0,0,0,0,0,0,0,0,0,0,0,0,0,0,0,0,0,0,0,0,0,0,0,0,0,0,0,0,0,0,1,1,1,0,0,0,0,0,0,0,0,0,0,0,0,0,0,1,0,0,0,0,0,0,0,0,0,0,0,1,0,0,0,0,0,0,0,0,0,0,0,1,0,0,1,1,1,1,0,1,1,1,1,0,1,0,1,1,0,1,1,1,1,0,1,0,0,1,0,0,1,1,1,0,1,0,0,1,1,1,0,1,0,0,1,1,1,0,0,1,1,1,1,0,0,1,0,1,1,1,1,1,1,0,1,1,1,1,1,1,1,0,1,1,1,1,1,1,1,1,1,1,1,1,1,1,1,1,1,1,0,1
CHEMBL204_95,36,33,-1,-1,-1,2.0,2.6299556396765835,3.037295263357076,7.815502975758454,0.11065074249115134,0.1246362345545415,1.9419302112236696,5.369726806610144,0.17386373775099262,0.08537493385319404,-0.1998077370753047,-0.9913327530046234,7.18941798941799,3.750786658248577,-0.05909595016693015,-0.7550185709160582,0.026330532212885154,0.06942061513966588,3.172184772166429,9.306126186693778,0.8055555555555556,0.3957724124659724,-1.5440972939559132,0.3842364532019724,2.0,2.6299556396765835,3.037295263357076,7.815502975758454,2.0,0.0,0,0,1.8333333333333333,2.254624876411447,3.4795912721326165,11.441906297590254,0.0,0.0,0,0,0.005162204777241009,0.014981859661100425,2.6891848214633045,5.567734265883988,0.04166666666666666,0.04941464000560263,3.042557841844706,7.887614431299687,0.041666666666666664,0.04869725978616926,-1.457130482593309,2.2186814407576847,1.1666666666666667,0.3726779962499649,1.7888543819998313,1.1999999999999993,0.9866180814371166,66.0,238.0,0.0,116.0,1884.0,8.0,0.0,0.0,0.0,372.0,498.0,15024.0,0.0,0.0,0.0,0.0,34.0,0.0,0.0,0.0,0.0,0.0,0.0,0.0,0.0,0.0,0.0,0.0,0.0,0.0,0.0,1,1,0,1,1,1,0,0,0,1,1,1,0,0,0,0,1,0,0,0,0,0,0,0,0,0,0,0,0,0,0,7.65625,3.4965105373071594,2.143243737174212,2.8275228410544226,2.125,0.739509972887452,-0.20283702113484398,-1.1542857142857144,0.0,0.0,0,0,3.25,0.4330127018922193,1.1547005383792515,-0.6666666666666665,0.53125,0.4990224819584785,-0.1252448582170299,-1.9843137254901961,15.4588125,7.3613784605767805,2.168998354940612,2.9435399534243345,0.59375,0.8609360821222444,1.4717067629714544,1.4069583964754955,513.8340000000001,92.35000000000001,5.726000000000003,0,8,0,0,0,0,0,0,0,0,0,0,0,0,0,0,0,0,0,0,0,0,0,0,0,0,0,0,0,0,0,0,0,0,0,0,0,0,1,0,1,0,0,0,0,0,0,0,0,0,0,0,0,0,0,1,0,0,0,0,0,0,0,0,0,0,0,1,0,0,0,0,0,0,0,0,0,0,0,1,0,0,1,1,1,1,0,0,1,1,1,0,0,0,1,1,0,1,1,1,1,0,1,0,0,1,0,0,0,1,0,0,1,0,0,1,1,0,1,1,0,0,1,1,0,0,0,1,1,1,0,0,0,1,0,1,1,1,1,1,1,0,0,0,1,1,1,1,1,0,0,1,1,1,1,1,1,1,1,1,1,1,1,1,1,1,1,1,0,1
CHEMBL204_96,35,33,-1,-1,-1,2.0869565217391304,2.6688711744735314,2.939518142281289,7.250574735959537,0.11416755686918541,0.12464829533511435,1.9096414670827526,5.382088862670566,0.17868818084331722,0.08867144121070007,-0.18173115613748897,-0.9762183405992637,7.09904761904762,3.712909574130366,-0.06868182247856361,-0.7749436618622512,0.024191494779730073,0.0672823790418035,3.2899187307667663,9.951573008830009,0.8,0.4,-1.5,0.24999999999999956,2.0869565217391304,2.6688711744735314,2.939518142281289,7.250574735959537,2.0,0.0,0,0,1.8857142857142857,2.2774851866719583,3.4061131239833737,10.949488369991705,0.0,0.0,0,0,0.03954361718336873,0.16665878570920423,5.459692424028035,28.51895462095595,0.043478260869565195,0.05056354812906545,2.921820274470193,7.043582583247142,0.04347826086956521,0.12987433861468317,3.393961373408457,10.686165284474926,1.3043478260869565,0.4601306627938419,0.8504200642707608,-1.276785714285715,-0.07660521696621694,66.0,240.0,0.0,140.0,1884.0,16.0,0.0,0.0,0.0,400.0,608.0,15024.0,0.0,0.0,0.0,0.0,54.0,0.0,0.0,0.0,0.0,0.0,0.0,0.0,0.0,0.0,0.0,0.0,0.0,0.0,0.0,1,1,0,1,1,1,0,0,0,1,1,1,0,0,0,0,1,0,0,0,0,0,0,0,0,0,0,0,0,0,0,6.416666666666667,0.7592027982620247,1.4256129189022428,0.24996371026273678,2.1666666666666665,0.6454972243679028,-0.17213259316477336,-0.6666666666666674,0.0,0.0,0,0,3.1666666666666665,0.3726779962499649,1.7888543819998328,1.2000000000000037,0.5,0.5,0.0,-2.0,12.842000000000002,1.5139785335334188,1.4251159447232729,0.24843604656206653,0.75,0.7949493345141213,0.8086768740426228,-0.012317352976693119,489.5280000000003,124.17000000000002,3.2857700000000003,1,8,0,0,0,0,0,0,0,0,0,0,0,0,0,0,0,0,0,0,0,0,0,0,0,0,0,0,0,0,0,0,0,0,0,0,0,0,0,0,1,0,0,0,0,1,0,0,0,0,0,0,0,0,0,0,0,0,0,1,0,0,0,0,0,0,0,0,0,0,0,0,0,0,1,0,0,0,0,1,1,0,0,0,0,0,1,1,0,0,0,1,0,0,1,0,0,1,0,1,1,0,1,1,0,0,0,1,0,0,0,1,1,0,0,1,1,0,0,1,0,1,1,0,1,1,0,1,1,1,0,0,0,1,1,1,0,1,1,1,1,0,1,0,1,1,1,1,1,0,1,0,0,1,1,1,1,1,1,1,1,1,1,1,1,1,1,1,0,1
CHEMBL204_97,35,32,-1,-1,-1,2.0,2.5194892512087685,2.8707710139500175,6.68727716269469,0.11302808014763774,0.12568246365172728,1.9783720881137383,5.847000436569452,0.17275983320993324,0.08309000165593684,-0.24464491897951654,-0.919871019880854,6.910476190476191,3.549131540796643,-0.08375876697653867,-0.7239269073944397,0.025413801884390116,0.0745596114665516,3.0274231021575213,7.539738004950511,0.8,0.4,-1.5,0.24999999999999956,2.0,2.5194892512087685,2.8707710139500175,6.68727716269469,2.0,0.0,0,0,1.8285714285714285,2.1578522958284805,3.292848114530796,9.958170271003935,0.0,0.0,0,0,0.03527093596059114,0.1671310604900348,5.490106680219319,28.72242546897872,0.04347826086956521,0.04996422482906252,2.853384445107721,6.472192507540717,0.043478260869565216,0.09096173936196145,-2.186675983702804,5.151536117506335,1.173913043478261,0.37903469074266727,1.7206180040292132,0.960526315789473,-0.46250859202596967,64.0,216.0,0.0,96.0,1554.0,8.0,0.0,0.0,0.0,202.0,382.0,11064.0,0.0,0.0,0.0,0.0,18.0,0.0,0.0,0.0,0.0,0.0,0.0,0.0,0.0,0.0,0.0,0.0,0.0,0.0,0.0,1,1,0,1,1,1,0,0,0,1,1,1,0,0,0,0,1,0,0,0,0,0,0,0,0,0,0,0,0,0,0,6.676470588235294,1.621919491642616,4.004800476774927,17.486935157041,2.1176470588235294,0.6758308995927093,0.4253033639826707,0.4686639118457303,0.0,0.0,0,0,3.1470588235294117,0.35416454643506745,1.9930915164897614,1.9724137931034535,0.5294117647058824,0.4991341984846218,-0.11785113019775792,-1.9861111111111114,13.390029411764704,3.3885343047443195,4.130200071951216,18.398740089431076,0.7941176470588235,0.7186348072276834,0.8037376506145195,0.8404669915742873,482.4770000000002,135.76000000000002,4.957770000000004,1,10,0,0,0,0,0,0,0,0,0,0,0,0,0,0,0,0,0,0,0,0,0,0,0,1,0,1,0,0,0,1,0,0,0,0,0,0,0,0,0,0,0,0,0,1,0,0,0,0,1,0,0,0,0,0,0,0,0,0,0,0,0,0,0,0,0,0,0,0,0,0,0,0,0,0,0,0,0,1,1,0,0,0,0,0,1,0,0,0,0,0,1,0,0,0,0,1,0,0,0,0,0,0,1,0,1,0,1,0,0,1,1,1,1,1,1,0,0,1,0,1,0,0,0,1,1,1,1,1,0,0,1,1,0,1,0,1,1,0,0,0,1,0,1,1,0,1,1,0,1,0,0,1,1,1,1,1,1,1,1,1,1,1,1,1,1,1,0,1
CHEMBL204_98,38,37,-1,-1,-1,2.1538461538461537,3.0595664309771293,3.1257229456302693,8.345718505116837,0.10941005081377479,0.11977157531990393,1.8408178358554013,4.402868687444229,0.19496271277907773,0.09920270163607106,-0.28697551357481066,-1.0424163767618717,8.264912280701756,4.378282042910905,-0.15729818886781596,-0.8078286386542515,0.022720088509562194,0.06368402839054407,3.4976723110315358,11.354054214926656,0.8157894736842105,0.3876557858593746,-1.6292261599251143,0.6543778801843323,2.1538461538461537,3.0595664309771293,3.1257229456302693,8.345718505116837,2.0,0.0,0,0,1.9473684210526316,2.6252555607031427,3.635214108156898,12.472739244838232,0.0,0.0,0,0,0.019196649816631974,0.046063042443117694,2.135850221757171,2.876411260296126,0.038461538461538464,0.04939690993648256,3.1506897552548194,8.520623308185877,0.03846153846153847,0.7054162678032698,-3.019294912012422,8.060178043977254,1.2307692307692308,0.42132504423474315,1.278019300845387,-0.3666666666666676,-0.08990159804101641,74.0,332.0,0.0,254.0,3240.0,48.0,0.0,0.0,0.0,1084.0,1368.0,32064.0,0.0,0.0,0.0,0.0,258.0,0.0,0.0,0.0,48.0,0.0,0.0,0.0,0.0,0.0,0.0,0.0,0.0,0.0,0.0,1,1,0,1,1,1,0,0,0,1,1,1,0,0,0,0,1,0,0,0,1,0,0,0,0,0,0,0,0,0,0,6.735294117647059,1.7708227321753376,4.217656558067019,19.095179262782413,2.176470588235294,0.7848037684780196,0.04421394794638577,-0.7096326221436686,0.0,0.0,0,0,3.235294117647059,0.5455069703232768,0.07523216735123597,-0.2950243374797199,0.35294117647058826,0.4778846120374094,0.6154574548966635,-1.6212121212121215,13.480882352941178,3.5489231818771527,4.229663398056891,19.182564226858428,0.7352941176470589,0.9174396447342483,1.003863552564614,-0.06449364073562691,483.5500000000002,132.7,1.9048999999999996,2,5,0,0,0,0,0,0,0,0,0,0,0,0,0,0,0,0,0,0,0,0,0,0,0,0,0,0,0,0,0,0,0,0,1,1,0,0,0,1,1,0,0,1,0,0,0,0,0,0,0,0,0,1,0,0,0,1,0,0,1,1,1,1,1,0,1,1,0,1,0,1,0,0,0,1,0,1,0,1,0,0,1,1,0,1,0,1,1,0,1,1,1,0,0,0,1,0,1,1,1,0,1,1,1,0,0,1,1,0,0,1,1,0,1,0,1,0,0,1,0,0,1,1,1,1,1,1,1,0,1,1,1,0,0,1,0,1,1,1,1,0,1,0,1,0,1,1,1,0,1,1,1,1,0,1,1,1,1,1,1,1,1,1,1,1,1,1,0,0
CHEMBL204_99,40,37,-1,-1,-1,2.0,3.011881234615431,3.5136435805396458,11.182280364560732,0.10376246920589893,0.11930360423849264,2.424790642989296,8.879292007247944,0.18741649560201107,0.09298540326242428,-0.3227698143611698,-0.8985225968035948,8.527142857142858,4.428979237495678,-0.1829152428739805,-0.6211880611820364,0.025438596491228073,0.074332395425167,3.6359951989244164,12.980100911035688,0.825,0.3799671038392666,-1.7106744068953987,0.9264069264069255,2.0,3.011881234615431,3.5136435805396458,11.182280364560732,2.0,0.0,0,0,1.85,2.6033632093889625,4.007145278376214,15.7376887554985,0.0,0.0,0,0,0.00384402183182671,0.01184835979119592,2.888887090064137,6.66368098278725,0.03571428571428571,0.04862688213888556,3.5081214999202475,11.15695578129686,0.03571428571428571,0.13593110902830258,-3.4561312493870755,12.464797268933475,1.1428571428571428,0.3499271061118826,2.0412414523193156,2.1666666666666696,-1.0173748910658258,74.0,334.0,0.0,140.0,3510.0,8.0,0.0,0.0,0.0,536.0,762.0,37920.0,0.0,0.0,0.0,0.0,42.0,0.0,0.0,0.0,0.0,0.0,0.0,0.0,0.0,0.0,0.0,0.0,0.0,0.0,0.0,1,1,0,1,1,1,0,0,0,1,1,1,0,0,0,0,1,0,0,0,0,0,0,0,0,0,0,0,0,0,0,7.393939393939394,2.9226326233162387,2.55860776126621,5.124721630898877,2.121212121212121,0.8074492481499532,0.1218910392495841,-0.785070422535211,0.0,0.0,0,0,3.242424242424242,0.552147489645109,0.03835136794820615,-0.348708085353461,0.3333333333333333,0.4714045207910317,0.7071067811865478,-1.4999999999999996,14.843545454545456,6.001729756171608,2.596337092321155,5.35433521927054,0.6666666666666666,0.9428090415820634,1.141013215096475,0.03409090909091006,512.0130000000001,141.49,2.810200000000001,0,6,0,0,0,0,0,0,0,0,0,0,0,0,0,0,0,0,0,0,0,0,0,0,0,0,0,0,0,0,0,0,0,0,1,1,0,0,1,1,1,0,0,1,0,1,0,0,0,0,0,0,0,1,0,0,0,1,0,0,1,1,1,1,1,0,1,1,0,1,0,1,0,0,0,1,0,1,0,1,0,0,1,1,0,1,0,1,1,1,1,1,1,1,0,0,1,0,1,1,1,0,1,0,1,1,1,0,1,1,0,1,1,1,1,0,1,0,0,1,1,0,1,1,1,1,1,1,1,0,1,1,1,1,0,1,1,1,1,1,1,0,1,0,1,0,1,1,1,1,1,1,1,1,0,1,1,1,1,1,1,1,1,1,1,1,1,1,0,0
CHEMBL204_100,39,37,-1,-1,-1,2.074074074074074,2.9929042741980623,3.11981365172675,8.071420396849037,0.10982208100706368,0.11653384128356704,1.799731419619525,3.9448021005782783,0.19265585523509904,0.09641983465254128,-0.32378887474084667,-0.943359089637279,8.416239316239318,4.394483862908159,-0.1944809018849433,-0.7538772293744986,0.02359849728270781,0.06764796127607026,3.4050558123068684,10.606381474999074,0.8205128205128205,0.3837597319768145,-1.6703827619526517,0.7901785714285703,2.074074074074074,2.9929042741980623,3.11981365172675,8.071420396849037,2.0,0.0,0,0,1.8974358974358974,2.5799510211497982,3.5983457158822647,11.887885673983966,0.0,0.0,0,0,0.009187523736018718,0.025070046712809168,2.5912142542082317,5.291325836108914,0.03703703703703703,0.04841675175952065,3.1312112327982593,8.134664520265948,0.03703703703703703,0.15652695127723956,3.193856558992644,8.47715516780263,1.1851851851851851,0.38844772154450063,1.6208864017175073,0.6272727272727261,1.8570272337291447,74.0,326.0,0.0,210.0,3102.0,24.0,0.0,0.0,0.0,842.0,1126.0,29160.0,0.0,0.0,0.0,0.0,130.0,0.0,0.0,0.0,12.0,0.0,0.0,0.0,0.0,0.0,0.0,0.0,0.0,0.0,0.0,1,1,0,1,1,1,0,0,0,1,1,1,0,0,0,0,1,0,0,0,1,0,0,0,0,0,0,0,0,0,0,7.785714285714286,5.576462926937667,4.2426104894431695,17.433224855834023,2.142857142857143,0.7889543583705185,0.17810310696888906,-0.5614082235958069,0.0,0.0,0,0,3.1785714285714284,0.3829930462415574,1.678508654832566,0.8173913043478311,0.5714285714285714,0.49487165930539356,-0.2886751345948126,-1.9166666666666672,15.935607142857148,12.895181900171877,4.410120545919515,18.720215915051764,0.6428571428571429,0.8541614816500999,1.442078878795445,1.552838769621987,464.3410000000002,97.38999999999999,4.289100000000003,0,6,0,0,0,0,0,0,0,0,0,0,0,0,0,0,0,0,0,0,0,0,0,0,0,0,0,0,0,0,0,0,0,0,1,1,0,0,0,0,0,0,0,0,0,0,0,0,1,0,0,0,0,1,0,1,0,1,0,0,1,0,1,1,0,0,0,1,0,1,0,1,0,0,0,1,0,0,0,0,0,0,1,0,0,0,0,0,0,1,1,0,0,0,0,1,1,0,0,1,1,0,0,1,1,0,0,1,1,1,0,1,0,0,1,0,1,0,0,1,0,0,0,1,0,1,1,1,1,0,0,0,1,1,0,1,1,1,1,1,0,0,1,0,1,0,1,1,1,0,1,1,1,1,0,1,1,1,1,1,1,1,1,1,1,1,1,1,0,0
CHEMBL204_101,36,33,-1,-1,-1,2.0,2.598076211353316,2.9081346892514484,6.761316872427983,0.11353641970151138,0.12201335656041934,1.6670708015832925,3.3423429862846046,0.17332091302315825,0.08485699008544233,-0.20199955336639225,-0.9831660100364834,7.166269841269841,3.726442825777265,-0.07050164759389399,-0.7869089516158754,0.026423902894491133,0.06944418944001388,3.129232082469205,8.91143393641751,0.8055555555555556,0.3957724124659724,-1.5440972939559132,0.3842364532019724,2.0,2.598076211353316,2.9081346892514484,6.761316872427983,2.0,0.0,0,0,1.8333333333333333,2.229848026709942,3.336316419602216,10.057925782591054,0.0,0.0,0,0,0.005112650227592756,0.014813825341087284,2.69029074276204,5.624177266482972,0.04166666666666668,0.04876901674531309,2.903702515259795,6.75756342208221,0.041666666666666664,0.17258078160713594,3.0279613492096815,7.506138891895606,1.1666666666666667,0.3726779962499649,1.7888543819998313,1.1999999999999993,-0.16581676247726973,66.0,234.0,0.0,116.0,1770.0,8.0,0.0,0.0,0.0,382.0,486.0,13080.0,0.0,0.0,0.0,0.0,34.0,0.0,0.0,0.0,0.0,0.0,0.0,0.0,0.0,0.0,0.0,0.0,0.0,0.0,0.0,1,1,0,1,1,1,0,0,0,1,1,1,0,0,0,0,1,0,0,0,0,0,0,0,0,0,0,0,0,0,0,6.675,1.6490527584040482,4.540351270345072,22.63345014402413,2.1,0.7000000000000001,-0.13994169096209963,-0.9604331528529779,0.0,0.0,0,0,3.35,0.47696960070847283,0.6289709020331506,-1.6043956043956045,0.275,0.44651427748729383,1.0078065197205373,-0.9843260188087779,13.360199999999997,3.3046873619148904,4.5537061431721115,22.7392745666298,0.925,0.9051933495115836,0.5524945767065345,-0.735620266465586,571.7040000000002,179.60000000000002,1.0722700000000036,3,14,0,0,0,0,0,0,0,0,0,0,0,0,0,0,0,0,0,0,0,0,0,0,0,0,0,1,0,0,0,0,0,0,0,0,0,0,1,0,0,0,0,0,0,1,0,0,0,1,0,0,0,0,0,0,0,0,0,0,0,0,0,0,0,0,0,1,0,0,0,0,0,0,0,0,0,1,0,1,1,1,1,1,1,1,1,1,0,0,1,0,1,1,1,1,0,1,1,0,0,0,1,0,0,0,1,0,1,0,0,1,1,1,0,0,1,0,1,1,1,1,1,1,1,1,0,1,1,0,1,1,0,1,0,0,0,0,1,1,1,0,1,0,1,0,0,0,1,1,1,1,1,1,1,1,1,1,1,1,1,1,1,1,1,1,1,1,0,1
CHEMBL204_102,38,35,-1,-1,-1,2.0,2.7735009811261455,3.082746340521711,7.777000000000001,0.11175087815464906,0.1175905213244205,1.7638719041032196,3.937537676354796,0.17925640141200958,0.08806451105624659,-0.27432253927434014,-0.9421285509992199,7.801378446115288,4.045303540532606,-0.14094248694304337,-0.7379662614755405,0.02619724988146041,0.07227158236743891,3.299285687408435,10.08994897263857,0.8157894736842105,0.3876557858593746,-1.6292261599251139,0.6543778801843323,2.0,2.7735009811261455,3.082746340521711,7.777000000000001,2.0,0.0,0,0,1.8421052631578947,2.3899605346826793,3.529588027168483,11.352408978316245,0.0,0.0,0,0,0.004361388384754991,0.013021033807359405,2.790120758308128,6.186554560040721,0.038461538461538464,0.04813472211976777,3.074358486673121,7.734145655538185,0.038461538461538464,0.03322954720517866,-1.2001930847406614,1.6254309489928485,1.1538461538461537,0.36080121229411,1.9188064472004944,1.6818181818181834,-1.194227133702478,70.0,276.0,0.0,128.0,2370.0,8.0,0.0,0.0,0.0,466.0,600.0,19920.0,0.0,0.0,0.0,0.0,38.0,0.0,0.0,0.0,0.0,0.0,0.0,0.0,0.0,0.0,0.0,0.0,0.0,0.0,0.0,1,1,0,1,1,1,0,0,0,1,1,1,0,0,0,0,1,0,0,0,0,0,0,0,0,0,0,0,0,0,0,6.379310344827586,0.715049701838887,1.56044805294863,0.7589291508923717,2.206896551724138,0.7133848574336966,-0.3245795174669667,-1.0049786007511574,0.0,0.0,0,0,3.206896551724138,0.40508069394726653,1.4471361022898728,0.09420289855072594,0.5172413793103449,0.49970264642032547,-0.06900655593423559,-1.9952380952380953,12.767551724137935,1.425988818116601,1.559751301436466,0.7565096294328444,0.7241379310344828,0.9057879680388756,1.1275148173291991,0.3697668557025846,391.4270000000002,90.28999999999999,3.5584200000000017,0,5,0,0,0,0,0,0,0,0,0,0,0,0,0,0,0,0,0,0,0,0,0,0,1,0,0,0,0,0,0,0,0,0,0,0,0,0,0,0,0,0,0,0,0,0,0,0,0,0,0,0,0,0,1,0,0,0,0,0,0,0,0,0,0,0,0,1,0,0,0,0,0,0,0,0,0,1,0,0,0,0,1,0,0,1,0,0,0,0,0,0,1,1,1,0,1,1,1,1,0,0,0,1,0,0,0,1,0,0,0,1,1,0,0,0,1,0,0,1,0,0,1,1,1,1,1,1,1,0,0,0,0,0,0,1,0,1,1,1,0,0,1,0,1,0,0,1,1,1,1,1,0,1,0,1,1,1,1,1,1,1,1,1,1,1,1,1,0,1
CHEMBL204_103,40,38,-1,-1,-1,2.0714285714285716,3.0813792300175704,3.236082516007007,8.881546353918672,0.11100476300923856,0.11259637023129467,1.9837950246051885,5.534678398361143,0.19532732036250472,0.09653495065345691,-0.3963653044785991,-0.8430289004629801,8.775,4.5206778007039805,-0.2636954367807856,-0.6533581857967143,0.023346828609986506,0.0726276029447082,3.526821682939768,11.595201439941013,0.825,0.3799671038392666,-1.7106744068953987,0.9264069264069255,2.0714285714285716,3.0813792300175704,3.236082516007007,8.881546353918672,2.0,0.0,0,0,1.9,2.662705391138869,3.722631439789001,12.892498423453448,0.0,0.0,0,0,0.018582022730040632,0.07917248757433369,5.631318585571926,31.197720930017248,0.035714285714285705,0.04874328002105425,3.2768738039287686,9.137472017672424,0.03571428571428571,0.0958674062088014,3.474398488533803,10.868883092826431,1.2142857142857142,0.410325903324145,1.3926212476455828,-0.060606060606060996,0.5622214974714558,76.0,352.0,0.0,198.0,3570.0,16.0,0.0,0.0,0.0,650.0,1114.0,36024.0,0.0,0.0,0.0,0.0,68.0,0.0,0.0,0.0,0.0,0.0,0.0,0.0,0.0,0.0,0.0,0.0,0.0,0.0,12.0,1,1,0,1,1,1,0,0,0,1,1,1,0,0,0,0,1,0,0,0,0,0,0,0,0,0,0,0,0,0,1,6.5,0.7966275068156915,1.1411743899288143,-0.4573002754820936,2.1538461538461537,0.7692307692307692,-0.26999999999999963,-1.2679999999999998,0.0,0.2773500981126146,0.0,10.0,3.1153846153846154,0.31948553318915673,2.407717061715384,3.7971014492753614,0.5769230769230769,0.49404740687173565,-0.311399577664609,-1.9030303030303026,13.00823076923077,1.588620211855179,1.1405982153106287,-0.4587470602608743,0.5769230769230769,0.8846153846153847,1.5997369935070278,1.7131942781793956,353.3340000000001,104.33000000000001,3.118120000000002,0,4,0,0,0,0,0,0,0,0,0,0,0,0,0,0,0,0,0,0,0,0,0,0,0,0,1,0,0,0,0,0,0,0,0,0,0,0,0,0,0,0,0,0,0,0,0,0,0,0,0,1,0,0,1,0,0,0,1,0,0,0,0,0,0,1,0,1,0,0,0,0,1,1,0,0,0,1,0,0,0,0,1,0,0,1,0,0,0,0,0,0,0,0,1,0,1,1,1,1,0,0,0,1,1,0,0,1,0,0,0,1,1,0,0,0,1,0,0,1,0,1,1,1,1,1,1,1,1,0,0,0,1,0,0,1,0,1,1,1,0,0,1,0,1,0,0,1,1,0,1,1,0,0,0,1,1,1,1,1,1,1,1,1,1,1,1,1,0,1
CHEMBL204_104,38,35,-1,-1,-1,2.0,2.7735009811261455,3.082746340521711,7.777000000000001,0.11127535601463812,0.11804060579944403,1.7693519190480993,3.962837511334862,0.17891278502112842,0.08775740977987254,-0.27952233361578094,-0.9460552073273729,7.796992481203008,4.042022877847714,-0.14173646300349704,-0.7402432973645436,0.026276276276276277,0.07234444541769723,3.2720170742902366,9.832579549760773,0.8157894736842105,0.3876557858593746,-1.6292261599251139,0.6543778801843323,2.0,2.7735009811261455,3.082746340521711,7.777000000000001,2.0,0.0,0,0,1.8421052631578947,2.3899605346826793,3.529588027168483,11.352408978316245,0.0,0.0,0,0,0.004361388384754991,0.013021033807359405,2.790120758308128,6.186554560040721,0.03846153846153847,0.048154334973287374,3.078944919356286,7.7733356521704735,0.038461538461538464,0.02534748718818184,1.971585729836362,4.237388279370446,1.1538461538461537,0.36080121229411,1.9188064472004944,1.6818181818181834,-0.37375346682445465,70.0,276.0,0.0,128.0,2370.0,8.0,0.0,0.0,0.0,464.0,600.0,19920.0,0.0,0.0,0.0,0.0,38.0,0.0,0.0,0.0,0.0,0.0,0.0,0.0,0.0,0.0,0.0,0.0,0.0,0.0,0.0,1,1,0,1,1,1,0,0,0,1,1,1,0,0,0,0,1,0,0,0,0,0,0,0,0,0,0,0,0,0,0,6.285714285714286,0.5890150893739514,1.9260181988179397,2.477508650519038,2.2142857142857144,0.6738557951469003,-0.2858421249455357,-0.8284307536927158,0.0,0.0,0,0,3.392857142857143,0.4883855118277622,0.4387634544762789,-1.8074866310160425,0.42857142857142855,0.49487165930539345,0.28867513459481287,-1.9166666666666665,12.581000000000003,1.1748427250366025,1.924658094900707,2.4709112685257635,1.0,1.0,0.6428571428571429,-0.7142857142857144,380.4920000000002,57.7,4.199100000000003,0,4,0,0,0,0,0,0,0,0,0,0,0,0,0,0,0,0,0,0,0,1,0,0,0,0,0,0,0,0,0,0,0,0,0,0,0,0,0,0,1,0,0,0,0,0,0,0,0,0,0,0,0,0,0,0,0,0,0,0,0,0,0,0,0,0,0,1,0,0,0,0,0,0,0,0,0,1,0,1,0,1,1,0,0,0,0,1,0,0,0,0,1,0,1,1,0,0,0,1,1,0,0,1,0,0,1,1,0,0,1,1,1,1,0,0,1,0,0,1,1,0,1,1,1,0,0,1,1,1,1,1,0,0,1,1,0,1,0,1,0,0,0,1,1,1,1,1,0,1,1,1,1,1,1,1,1,1,1,1,1,1,1,1,1,1,1,1,0,0
CHEMBL204_105,36,31,-1,-1,-1,1.9090909090909092,2.4291616756158887,2.769694885585298,5.909740366734926,0.11097510492039003,0.12434751250300993,1.6447871221968569,3.452329697621588,0.14947907090616977,0.07800581362308226,-0.13311499174613825,-1.089810262118438,6.189814814814814,3.467951323974939,0.026870506919303396,-0.8746183520309185,0.022222222222222223,0.06362442949806703,2.9506674229729817,7.176493998039186,0.8055555555555556,0.3957724124659724,-1.5440972939559132,0.3842364532019724,1.9090909090909092,2.4291616756158887,2.769694885585298,5.909740366734926,2.0,0.0,0,0,1.7222222222222223,2.022252747022366,3.2831351819089827,9.66254524741901,0.0,0.0,0,0,0.0,0.0,0,0,0.04545454545454544,0.05262129521491448,2.774352642495394,5.958918633156204,0.04545454545454546,0.13330846674721844,-2.5545442398554714,5.655980627091429,1.0,0.0,0,0,-1.07625876647848,62.0,192.0,0.0,52.0,1284.0,0.0,0.0,0.0,0.0,162.0,184.0,8184.0,0.0,0.0,0.0,0.0,0.0,0.0,0.0,0.0,0.0,0.0,0.0,0.0,0.0,0.0,0.0,0.0,0.0,0.0,0.0,1,1,0,1,1,0,0,0,0,1,1,1,0,0,0,0,0,0,0,0,0,0,0,0,0,0,0,0,0,0,0,6.96,2.029384143034531,3.500229391113931,12.798460669090042,2.0,0.8,0.46875,-0.265625,0.0,0.0,0,0,3.52,0.4995998398718719,-0.08006407690254362,-1.993589743589744,0.24,0.4270831300812525,1.217561555056202,-0.5175438596491233,13.930040000000002,4.067275102375054,3.5112176077698356,12.864046741521838,1.04,1.0384603988597734,0.5630339182328854,-0.9287437593005126,374.45900000000006,105.17,1.254,0,11,0,0,0,0,0,0,0,0,0,0,0,0,0,0,0,0,0,0,0,0,0,0,0,0,1,0,0,0,0,0,0,0,1,1,0,0,0,0,0,0,0,0,0,0,0,0,0,0,0,0,0,1,0,0,0,1,0,0,1,1,1,1,0,0,1,0,0,1,1,1,0,1,1,1,1,0,0,0,0,1,0,1,0,0,0,0,1,0,1,0,1,1,1,0,1,1,0,1,0,0,1,0,1,0,1,0,1,0,1,1,1,1,1,1,1,1,1,1,1,0,0,0,1,0,1,0,1,1,0,1,1,1,1,0,0,0,1,0,1,1,1,1,1,1,0,0,1,1,1,1,0,1,1,1,1,1,1,1,1,1,1,1,1,1,1,1,0,0
CHEMBL204_106,36,33,-1,-1,-1,2.0952380952380953,2.7758269793885093,2.626598684221999,5.193735989144319,0.1092643879593943,0.12585337222989593,1.5920485595996636,2.7166003384897364,0.1589662138534319,0.08937076298490404,0.010008461694333051,-1.2317541786779684,6.342592592592592,3.7224179974311657,0.11922793279584433,-1.0182313181366074,0.016106442577030814,0.047627491424712454,3.3819315474624196,10.335120884177075,0.8055555555555556,0.3957724124659724,-1.544097293955913,0.3842364532019724,2.0952380952380953,2.7758269793885093,2.626598684221999,5.193735989144319,2.0,0.0,0,0,1.8333333333333333,2.242270674512285,3.283635355465382,9.7735111870822,0.0,0.0,0,0,0.012856662366466287,0.033189736345469234,2.3602066275471847,3.961815181835666,0.047619047619047616,0.05771881082561154,2.647604243017473,5.27535568322137,0.047619047619047616,0.1746722254816883,-2.3589179575333765,4.362907327313616,1.2380952380952381,0.4259177099999599,1.2298373876248838,-0.48750000000000027,-0.4171806539853068,66.0,236.0,0.0,152.0,1776.0,24.0,0.0,0.0,0.0,536.0,686.0,13080.0,0.0,0.0,0.0,0.0,106.0,0.0,0.0,0.0,12.0,0.0,0.0,0.0,0.0,0.0,0.0,0.0,0.0,0.0,0.0,1,1,0,1,1,1,0,0,0,1,1,1,0,0,0,0,1,0,0,0,1,0,0,0,0,0,0,0,0,0,0,6.310344827586207,0.6487892318009234,1.8647331985545053,1.9324427846404237,2.1379310344827585,0.6809799192459138,-0.1791769649455709,-0.8577909270216968,0.0,0.0,0,0,3.103448275862069,0.3045434781492361,2.6042371785325695,4.782051282051283,0.6206896551724138,0.48521542343000995,-0.4974683381630912,-1.7525252525252522,12.630034482758624,1.29390578143261,1.8638448988752263,1.9286654668715801,0.7931034482758621,0.7133848574336965,0.894457125378698,1.2537994584679906,389.45500000000015,108.42999999999999,4.274170000000001,1,8,0,0,0,0,0,0,0,0,0,0,0,0,0,0,0,0,0,0,0,0,0,0,0,0,0,0,0,0,0,0,0,0,0,0,0,0,0,0,1,0,0,0,0,1,0,0,0,0,0,0,0,0,0,0,1,0,0,0,0,0,0,0,1,0,0,0,0,0,0,0,0,0,0,0,0,0,0,1,1,0,0,0,0,0,1,0,0,0,0,0,0,0,0,0,0,1,0,0,0,0,0,0,0,0,0,0,0,0,0,1,0,0,0,1,1,0,0,0,0,1,0,0,0,1,0,1,1,1,0,0,0,1,0,1,0,1,0,0,0,1,0,0,1,1,0,1,1,0,0,0,0,1,1,1,1,1,1,1,1,1,1,1,1,1,1,1,0,1
CHEMBL204_107,35,32,-1,-1,-1,2.0,2.5366873297069255,2.8127767468919744,6.429327976625274,0.11423618390340591,0.12458540387467462,1.7548033363212365,3.992404412423621,0.1758768693725635,0.08709962994377693,-0.1601747169300238,-0.9690033789127193,6.964761904761905,3.639587826455801,-0.03550108835701236,-0.7783770338661302,0.025006366182836772,0.0665087695375105,3.125700365277233,9.23256325991421,0.8,0.4,-1.5,0.24999999999999956,2.0,2.5366873297069255,2.8127767468919744,6.429327976625274,2.0,0.0,0,0,1.8285714285714285,2.171052599030042,3.23602144312332,9.64890850604258,0.0,0.0,0,0,0.004471835556965261,0.013228162104859935,2.970063416047482,7.81687188206458,0.0434782608695652,0.04983843988596633,2.806589407359725,6.378152287308847,0.04347826086956523,0.04715596271772647,2.9971743843315224,8.394201790777284,1.173913043478261,0.3790346907426672,1.7206180040292134,0.9605263157894743,0.839117702471967,64.0,218.0,0.0,130.0,1560.0,8.0,0.0,0.0,0.0,346.0,564.0,11064.0,0.0,0.0,0.0,0.0,34.0,0.0,0.0,0.0,0.0,0.0,0.0,0.0,0.0,0.0,0.0,0.0,0.0,0.0,0.0,1,1,0,1,1,1,0,0,0,1,1,1,0,0,0,0,1,0,0,0,0,0,0,0,0,0,0,0,0,0,0,6.2631578947368425,0.5931277720834024,2.1128866806884443,3.087110174220342,2.1578947368421053,0.5860804592452655,-0.043452895651639414,-0.2713319458896999,0.0,0.0,0,0,3.1315789473684212,0.3380324362806614,2.1797970436522602,2.751515151515143,0.631578947368421,0.4823763889427199,-0.5455447255899813,-1.7023809523809514,12.535947368421056,1.1829584445112367,2.1117757251984783,3.0815893718788256,0.8421052631578947,0.7080854761617741,0.6800525448537617,0.655596593510579,508.62200000000024,109.46,5.417970000000004,1,12,0,0,0,0,0,0,0,0,0,0,0,0,0,0,0,0,0,0,0,0,0,0,0,0,0,0,0,0,0,0,0,0,0,0,0,0,0,0,1,0,0,0,0,1,0,0,0,0,0,0,0,0,0,0,1,0,0,0,0,0,0,0,0,0,0,0,0,0,0,0,0,0,1,0,0,0,0,1,1,1,0,0,1,0,1,0,0,0,0,0,0,1,1,0,0,1,0,0,0,0,1,0,0,0,0,0,0,0,0,1,1,0,0,1,1,0,0,1,0,1,0,0,0,0,0,1,1,1,0,0,0,1,0,1,0,1,0,0,1,0,0,0,1,1,1,1,1,0,0,0,1,1,1,1,1,1,1,1,1,1,1,1,1,1,1,1,0,1
CHEMBL204_108,34,31,-1,-1,-1,2.0,2.5366873297069255,2.8127767468919744,6.429327976625274,0.11757663553303932,0.12484990781980253,1.7368128195426722,3.926947526563721,0.1841593653179001,0.08959226050691865,-0.24562262803312648,-0.8516476732103455,7.081372549019608,3.6378294826540953,-0.11792748072359105,-0.676076467581411,0.02729500891265597,0.07156856154946209,3.068153251896737,8.843267838443515,0.7941176470588235,0.40434491426080943,-1.4547859349066157,0.11640211640211628,2.0,2.5366873297069255,2.8127767468919744,6.429327976625274,2.0,0.0,0,0,1.8235294117647058,2.2025464972763595,3.1971887435962594,9.321262064993757,0.0,0.0,0,0,0.004603360132170121,0.013398709413284022,2.913791533298355,7.463461123192854,0.0434782608695652,0.04983843988596633,2.806589407359725,6.378152287308847,0.04347826086956521,0.04757074624806903,3.005162737468025,8.423855375159528,1.173913043478261,0.3790346907426672,1.7206180040292134,0.9605263157894743,-1.0462785364525313,62.0,216.0,0.0,130.0,1560.0,8.0,0.0,0.0,0.0,346.0,564.0,11064.0,0.0,0.0,0.0,0.0,34.0,0.0,0.0,0.0,0.0,0.0,0.0,0.0,0.0,0.0,0.0,0.0,0.0,0.0,0.0,1,1,0,1,1,1,0,0,0,1,1,1,0,0,0,0,1,0,0,0,0,0,0,0,0,0,0,0,0,0,0,6.354838709677419,0.6978486339607722,1.6652858455052306,1.1079881656804744,2.129032258064516,0.6595176871051895,-0.14462855531651247,-0.7309013072045065,0.0,0.0,0,0,3.129032258064516,0.3352356401746214,2.2131760318935676,2.8981481481481532,0.5806451612903226,0.49345350131543086,-0.326860225230307,-1.8931623931623938,12.718741935483877,1.391689225777308,1.6645830199842522,1.1053888052964194,0.8064516129032258,0.7370103005674751,0.8059498292769179,0.7079975338001496,419.48100000000017,117.66,4.186170000000002,1,10,0,0,0,0,0,0,0,0,0,0,0,0,0,0,0,0,0,0,0,0,0,0,0,0,0,0,0,0,0,0,0,0,0,0,0,0,0,0,1,0,0,0,0,1,0,0,0,0,0,0,0,0,0,0,1,0,0,0,0,0,0,0,0,0,0,0,0,0,0,0,0,0,1,0,0,0,0,1,1,0,0,0,0,0,1,0,0,0,0,0,0,0,0,0,0,1,0,0,0,0,0,0,0,0,0,0,0,0,0,1,0,0,0,1,1,0,0,0,0,1,0,0,0,1,0,1,1,1,0,0,0,1,0,1,0,1,0,0,1,1,1,0,1,1,1,1,1,0,0,0,1,1,1,1,1,1,1,1,1,1,1,1,1,1,1,1,0,1
CHEMBL204_109,36,34,-1,-1,-1,2.0833333333333335,2.885548282196797,2.8823187023717596,6.626635624210055,0.11445737965578398,0.12114984944319784,1.6699429434296864,3.2685877021327103,0.18932183359930266,0.09587670439161852,-0.22512624242223866,-1.015643285827729,7.598148148148147,4.014123941171868,-0.10710757755937786,-0.8164543001305025,0.02250233426704015,0.06457056895489106,3.3976122012780237,10.584177974379541,0.8055555555555556,0.3957724124659724,-1.5440972939559128,0.3842364532019724,2.0833333333333335,2.885548282196797,2.8823187023717596,6.626635624210055,2.0,0.0,0,0,1.8888888888888888,2.458294098870843,3.370447886819748,10.276466678700093,0.0,0.0,0,0,0.011091658460079513,0.028932062640042056,2.444143226267765,4.4834361072725,0.04166666666666666,0.05246683504716233,2.893723865464007,6.670763680721665,0.04166666666666666,0.03916768672833809,2.7435703632373487,6.275366479514071,1.2083333333333333,0.40611643103370687,1.4363696929192162,0.06315789473684186,-1.2114458596372537,68.0,278.0,0.0,190.0,2376.0,24.0,0.0,0.0,0.0,664.0,952.0,19920.0,0.0,0.0,0.0,0.0,118.0,0.0,0.0,0.0,12.0,0.0,0.0,0.0,0.0,0.0,0.0,0.0,0.0,0.0,0.0,1,1,0,1,1,1,0,0,0,1,1,1,0,0,0,0,1,0,0,0,1,0,0,0,0,0,0,0,0,0,0,6.324324324324325,0.6598138170666866,1.7937880138881657,1.6617382099905367,2.1621621621621623,0.6783729944870883,-0.21134677314262187,-0.8468480725623588,0.0,0.0,0,0,3.189189189189189,0.3916588309780929,1.5871507864874161,0.5190476190476225,0.5945945945945946,0.4909703276914851,-0.38533731779422664,-1.8515151515151502,12.65791891891892,1.3158902931840972,1.7929067439504711,1.6581280881667553,0.8648648648648649,0.874941300337224,0.9916076818075514,0.4666722510343235,500.5990000000003,118.73000000000002,5.178100000000003,1,10,0,0,0,0,0,0,0,0,0,0,0,0,0,0,0,0,0,0,0,0,0,0,0,0,0,0,0,0,0,0,0,0,0,0,0,0,0,0,1,0,0,0,0,0,0,0,0,0,0,0,0,0,0,0,1,0,0,0,0,0,0,0,0,0,0,1,0,0,0,0,0,0,1,0,1,0,0,1,0,1,0,0,1,0,1,0,0,0,0,0,0,1,1,0,0,1,0,0,1,0,1,1,0,0,0,1,0,0,0,1,1,0,0,1,1,0,0,1,0,0,0,1,0,0,0,1,1,1,0,0,0,1,0,1,0,1,0,1,1,1,1,1,1,1,1,1,1,0,0,1,1,1,1,1,1,1,1,1,1,1,1,1,1,1,1,1,0,1
CHEMBL204_110,41,38,-1,-1,-1,2.076923076923077,3.280748940328634,3.454298123172201,10.793244963900387,0.10115204167953719,0.11898953049113267,2.362387282895539,8.485953677685929,0.1741650237808957,0.09904919983252317,-0.12806044078058423,-1.16576161534779,7.9300813008130095,4.6479097780661895,-0.03332365407989788,-0.897245184735632,0.017229518449030645,0.05677175288328876,4.195663187275953,17.52285597122077,0.8292682926829268,0.3762743565985735,-1.7501500535908439,1.0630252100840334,2.076923076923077,3.280748940328634,3.454298123172201,10.793244963900387,2.0,0.0,0,0,1.853658536585366,2.7010474536404154,4.187736098315199,17.421702007881386,0.0,0.0,0,0,0.010984362235966858,0.03054048363589006,2.6015116978439203,5.2688544434476885,0.038461538461538464,0.055500525199272364,3.477006191716652,10.953617228864063,0.038461538461538464,0.036013943688529365,-1.815314832296235,3.5984077130113628,1.1923076923076923,0.39411349099844606,1.5614401167176535,0.4380952380952392,-1.3046887927749502,76.0,364.0,0.0,174.0,4140.0,24.0,0.0,0.0,0.0,804.0,1056.0,48840.0,0.0,0.0,0.0,0.0,132.0,0.0,0.0,0.0,12.0,0.0,0.0,0.0,0.0,0.0,0.0,0.0,0.0,0.0,0.0,1,1,0,1,1,1,0,0,0,1,1,1,0,0,0,0,1,0,0,0,1,0,0,0,0,0,0,0,0,0,0,6.324324324324325,0.6995772489483667,2.2986278808796485,4.716564936511468,2.1621621621621623,0.7171080627795459,-0.2502244361783505,-1.0390544292355364,0.0,0.0,0,0,3.2162162162162162,0.4116634111277789,1.3787175450270868,-0.0991379310344831,0.6216216216216216,0.48498266067368534,-0.5015503913178174,-1.748447204968943,12.685135135135138,1.504332341123233,2.5962955038578643,6.76670847993957,0.8648648648648649,0.9346819711238151,1.0656274641030108,0.35873480162414406,501.60600000000017,109.03999999999999,6.195690000000004,1,10,0,0,0,0,0,0,0,0,0,0,0,0,0,0,0,0,0,0,0,0,0,0,0,0,0,0,0,0,0,0,0,0,0,0,0,0,0,0,1,0,0,0,1,1,0,0,0,0,0,0,0,0,0,0,1,0,0,0,0,0,0,0,1,0,0,1,0,0,0,0,0,0,0,0,1,0,0,1,1,1,0,0,0,1,1,0,0,1,0,1,0,0,0,0,0,0,1,0,0,0,0,0,0,0,0,0,0,1,0,1,0,0,0,1,1,0,0,0,0,1,1,1,0,0,0,1,1,1,0,0,0,1,0,1,1,1,0,1,0,0,0,1,1,1,1,1,0,0,0,1,1,1,1,1,0,1,1,1,1,1,1,1,1,1,1,1,0,1
CHEMBL204_111,34,30,-1,-1,-1,2.0,2.4279079146675357,2.4712634131437423,4.2946428571428585,0.11242125893720212,0.12951148692242287,1.4893643086416237,2.148270727208973,0.1447094670801629,0.07806989714545456,0.10444103433407823,-1.1259695879050897,5.543137254901961,3.175524550480373,0.2122766657838626,-0.9469314065244019,0.017156862745098037,0.047573421087243245,3.134263985951979,8.757526939289427,0.7941176470588235,0.40434491426080943,-1.4547859349066157,0.11640211640211628,2.0,2.4279079146675357,2.4712634131437423,4.2946428571428585,2.0,0.0,0,0,1.7647058823529411,1.9562693115665755,3.065431131933515,8.244029770216045,0.0,0.0,0,0,0.007161125319693094,0.019911653521661344,2.4924208417777223,4.378145333807929,0.05263157894736841,0.05813995019898194,2.4806272619599223,4.32538502578434,0.05263157894736842,0.08771948347651444,2.549525099487147,4.550758963975282,1.2105263157894737,0.40768245749551757,1.420093893609386,0.016666666666666163,-1.180697142123462,60.0,176.0,0.0,80.0,1068.0,8.0,0.0,0.0,0.0,256.0,280.0,6168.0,0.0,0.0,0.0,0.0,28.0,0.0,0.0,0.0,0.0,0.0,0.0,0.0,0.0,0.0,0.0,0.0,0.0,0.0,0.0,1,1,0,1,1,1,0,0,0,1,1,1,0,0,0,0,1,0,0,0,0,0,0,0,0,0,0,0,0,0,0,6.419354838709677,0.7523808896574582,1.4115531525286473,0.24785088667820343,2.129032258064516,0.7067387838776338,-0.1882796291424003,-0.9947916666666679,0.0,0.0,0,0,3.3225806451612905,0.46746376600611084,0.7590721152765891,-1.4238095238095225,0.3870967741935484,0.487086092598113,0.4635863249727651,-1.7850877192982468,12.847387096774197,1.5003969727917144,1.4109751589261288,0.24606635950250588,0.9354838709677419,0.8006241061929583,0.49369738088178367,-0.3675577669084138,427.50100000000015,137.89,3.2894700000000006,1,9,0,0,0,0,0,0,0,0,0,0,0,0,0,0,0,0,0,0,0,0,0,0,0,0,0,0,0,0,0,0,0,0,0,0,0,0,0,0,1,0,0,0,0,1,0,0,0,0,0,0,0,0,0,0,1,0,0,0,0,0,0,0,0,0,0,0,0,0,0,0,0,0,0,0,0,0,0,1,1,0,0,0,0,0,1,0,0,0,0,1,1,0,0,0,0,1,0,0,0,0,0,0,0,0,1,0,0,0,0,1,0,0,0,1,1,0,0,0,1,1,0,0,0,1,0,1,1,1,1,1,0,1,1,1,0,1,0,0,0,1,1,0,1,1,0,1,1,1,0,0,0,1,1,1,1,1,1,1,1,1,1,1,1,1,1,1,0,1
CHEMBL204_112,35,32,-1,-1,-1,2.1,2.7,2.57643651882335,5.056918830124131,0.1097807521220567,0.12852865452864637,1.6128659591402723,2.938847636689836,0.15649867960484545,0.08790702052071032,0.05280840022119087,-1.2218973744112465,6.057142857142857,3.555220364018902,0.16338056580595664,-0.998014606071806,0.01568627450980392,0.04565318569924974,3.374018871767567,10.437978379915359,0.8,0.4,-1.5,0.24999999999999956,2.1,2.7,2.57643651882335,5.056918830124131,2.0,0.0,0,0,1.8285714285714285,2.171052599030042,3.23602144312332,9.64890850604258,0.0,0.0,0,0,0.014095796752997564,0.035869482885676644,2.320109814971623,3.7593801491534142,0.05,0.05881555660931169,2.602877322369012,5.172121313408182,0.05,0.05061063757557459,2.6293910978903994,5.685989428691462,1.25,0.4330127018922193,1.1547005383792515,-0.6666666666666665,0.48758099379541936,64.0,218.0,0.0,144.0,1560.0,24.0,0.0,0.0,0.0,476.0,620.0,11064.0,0.0,0.0,0.0,0.0,100.0,0.0,0.0,0.0,12.0,0.0,0.0,0.0,0.0,0.0,0.0,0.0,0.0,0.0,0.0,1,1,0,1,1,1,0,0,0,1,1,1,0,0,0,0,1,0,0,0,1,0,0,0,0,0,0,0,0,0,0,6.304347826086956,0.6209937763950304,1.86154881759018,2.084486735870825,2.0869565217391304,0.6536215816683872,-0.09006556292156984,-0.6764429477641154,0.0,0.0,0,0,3.217391304347826,0.4124709991523973,1.370320319406297,-0.1222222222222249,0.5217391304347826,0.4995271866554807,-0.08703882797784883,-1.992424242424242,12.61813043478261,1.23855397117304,1.8603926157040132,2.0793057689447423,1.0,0.9325048082403138,0.6434283176858164,-0.46999999999999975,313.4010000000001,80.36,3.3801700000000015,0,8,0,0,0,0,0,0,0,0,0,0,0,0,0,0,0,0,0,0,0,0,0,0,0,0,0,0,0,0,0,0,0,0,0,0,0,0,0,0,1,0,0,0,0,1,0,0,0,0,0,0,0,0,0,0,0,0,0,0,0,0,0,0,0,0,0,0,0,0,0,0,0,0,1,0,0,0,0,1,1,0,0,0,1,0,1,0,0,0,0,0,0,0,0,0,0,0,0,0,0,0,1,0,0,0,0,0,0,0,0,1,0,0,0,1,1,0,0,0,0,1,0,0,0,0,0,1,1,1,0,0,0,1,0,1,0,1,0,0,1,0,0,0,1,1,1,1,0,0,0,1,1,1,1,1,0,1,1,1,1,1,1,1,1,1,1,1,0,1
CHEMBL204_113,36,33,-1,-1,-1,2.0,2.6457513110645907,2.767239891674699,6.091836734693878,0.11542505688490204,0.12022825799659123,1.6623152673241917,3.200031044234472,0.1847842704679895,0.09195526358024861,-0.23706151511140086,-0.9172527569803868,7.398148148148149,3.860417159416686,-0.10140656871258542,-0.7745615068988445,0.023342670401493928,0.06658868138128009,2.9757279194864568,7.463037379665508,0.8055555555555556,0.3957724124659724,-1.544097293955913,0.3842364532019724,2.0,2.6457513110645907,2.767239891674699,6.091836734693878,2.0,0.0,0,0,1.8333333333333333,2.266911751455907,3.196792659525723,9.248853177501822,0.0,0.0,0,0,0.003519921175288407,0.011057234721411851,3.4616323818301917,11.870755813398079,0.041666666666666685,0.050194090413181194,2.786161990062055,6.1833864284460915,0.041666666666666664,0.08683216996126364,2.954086918270993,7.183037739978705,1.1666666666666667,0.3726779962499649,1.7888543819998315,1.1999999999999993,-0.1996149878483201,66.0,240.0,0.0,158.0,1794.0,8.0,0.0,0.0,0.0,402.0,768.0,13104.0,0.0,0.0,0.0,0.0,38.0,0.0,0.0,0.0,0.0,0.0,0.0,0.0,0.0,0.0,0.0,0.0,0.0,0.0,0.0,1,1,0,1,1,1,0,0,0,1,1,1,0,0,0,0,1,0,0,0,0,0,0,0,0,0,0,0,0,0,0,6.605263157894737,1.678650361454428,4.640612115747191,22.88050410342939,2.1578947368421053,0.7443229275647868,0.11985459941111959,-0.45864999999999867,0.0,0.0,0,0,3.210526315789474,0.4076824574955177,1.4200938936093839,0.01666666666666039,0.47368421052631576,0.4993069989739547,0.10540925533894632,-1.9888888888888898,13.221210526315792,3.364382442415928,4.65196304841884,22.97074349561396,0.8157894736842105,0.7899121589370333,0.6589015257997977,-0.21369030094813857,533.6540000000003,154.24,3.508670000000002,1,5,0,0,0,0,0,0,0,0,0,0,0,0,0,0,0,0,0,0,0,0,0,0,0,0,0,0,0,0,0,0,0,0,0,0,0,0,0,0,1,0,0,0,0,1,0,0,0,0,0,0,0,1,0,0,1,1,0,0,1,1,1,1,0,0,1,0,0,1,0,0,0,0,0,1,0,0,0,1,1,1,0,1,1,0,1,0,0,0,1,0,1,1,1,0,0,1,0,0,0,0,1,0,1,0,1,1,0,0,0,0,1,1,1,0,1,0,0,1,1,1,1,1,0,0,1,1,0,1,1,0,1,1,1,1,0,1,1,1,1,0,1,0,1,1,1,1,1,1,1,0,1,1,0,1,1,1,1,0,1,1,1,1,1,1,1,1,0,1
CHEMBL204_114,41,39,-1,-1,-1,2.0689655172413794,3.172413793103449,3.36492150899975,9.84016291840723,0.10641218083888103,0.11430963070342018,2.0729442189874425,6.031056654711973,0.1947047890991654,0.09688214330743743,-0.38261464556931035,-0.9172502696236466,9.034959349593494,4.688752621978372,-0.24626113521702492,-0.6832815574269357,0.02426516572858036,0.07126335472940977,3.582617182499509,12.024076231271769,0.8292682926829268,0.3762743565985735,-1.7501500535908439,1.0630252100840334,2.0689655172413794,3.172413793103449,3.36492150899975,9.84016291840723,2.0,0.0,0,0,1.9024390243902438,2.747991533064498,3.860644457067484,14.082141939825902,0.0,0.0,0,0,0.008045751010296118,0.02248971338073665,2.6563501630773128,5.639067493824454,0.03448275862068966,0.04799234819552991,3.3827550703882667,9.991883070177705,0.034482758620689655,0.044364769947878004,3.5188472763846153,11.792736670945873,1.1724137931034482,0.377739694831149,1.7344547654330282,1.00833333333334,1.450639418113631,78.0,380.0,0.0,224.0,4116.0,24.0,0.0,0.0,0.0,950.0,1328.0,44760.0,0.0,0.0,0.0,0.0,142.0,0.0,0.0,0.0,12.0,0.0,0.0,0.0,0.0,0.0,0.0,0.0,0.0,0.0,0.0,1,1,0,1,1,1,0,0,0,1,1,1,0,0,0,0,1,0,0,0,1,0,0,0,0,0,0,0,0,0,0,7.225,2.7339303209847903,2.7511622562069697,6.428863253628062,2.15,0.7599342076785331,0.08373930663124372,-0.6027997976049924,0.0,0.0,0,0,3.325,0.4683748498798799,0.7472647177570721,-1.4415954415954426,0.425,0.49434299833212975,0.30343304245450403,-1.9079283887468035,14.5476,5.64320173217297,2.731880923114621,6.400283672388506,0.675,0.8181534085976786,0.934844162889087,-0.08704658333921866,609.12,108.46999999999998,4.8758000000000035,1,9,0,0,0,0,0,0,0,0,0,0,0,0,0,0,0,0,0,0,0,0,0,1,0,0,0,0,0,0,0,0,0,0,1,1,0,0,1,0,0,0,0,0,1,0,0,0,0,0,0,0,1,1,0,0,1,1,0,0,1,1,1,1,1,0,1,1,0,1,0,1,0,0,0,1,0,1,1,0,0,1,1,1,1,1,0,1,1,1,1,0,0,1,1,0,1,1,1,1,1,1,1,0,1,1,1,0,1,1,0,0,1,1,1,0,1,0,0,1,1,0,1,1,1,0,1,1,0,0,1,1,1,1,0,0,1,0,1,1,1,0,1,0,1,0,1,1,1,1,1,0,1,1,0,1,1,1,1,0,1,1,1,1,1,1,1,1,0,1
CHEMBL204_115,42,43,-1,-1,-1,2.2666666666666666,3.5770875800790165,3.3604652408474904,9.604801800439905,0.10761731906932072,0.11058045236774822,1.9269617893559159,4.73343094900403,0.21273067117873218,0.10781600284165753,-0.43416744978356214,-0.9416649466654476,9.922222222222224,5.1649724137959705,-0.33324252868723986,-0.7054236427556546,0.02116724738675958,0.06704402825743493,3.9638722148533048,14.420266301875937,0.8333333333333334,0.37267799624996495,-1.788854381999832,1.200000000000001,2.2666666666666666,3.5770875800790165,3.3604652408474904,9.604801800439905,2.0,0.0,0,0,2.0476190476190474,3.1010933628885593,3.8978954205937786,14.030911458699642,0.0,0.0,0,0,0.036386509471615855,0.08945722981333432,3.5516446412975466,14.576937650954651,0.03333333333333334,0.04802491113457511,3.3790117612027286,9.678159775807629,0.03333333333333333,0.016859396445525515,1.343013157697689,1.5005882165306659,1.3,0.45825756949558394,0.8728715609439689,-1.238095238095237,-0.6559271984865699,86.0,494.0,0.0,412.0,6156.0,88.0,0.0,0.0,0.0,2184.0,2804.0,76560.0,0.0,0.0,0.0,0.0,578.0,0.0,0.0,0.0,120.0,0.0,0.0,0.0,0.0,0.0,0.0,0.0,0.0,0.0,48.0,1,1,0,1,1,1,0,0,0,1,1,1,0,0,0,0,1,0,0,0,1,0,0,0,0,0,0,0,0,0,1,6.230769230769231,0.4783271309276316,1.9547569061913221,3.0428061831153315,2.3076923076923075,0.605692913385524,-0.2703873671616947,-0.6363163371488052,0.0,0.0,0,0,3.2564102564102564,0.5415054379985353,0.0881202669871332,-0.38751030585774915,0.5384615384615384,0.49851851526214314,-0.1543033499620917,-1.9761904761904763,12.471512820512825,0.9543617244617926,1.9530011273151742,3.031514111520334,0.7948717948717948,0.882289770978731,0.6353856369346513,-0.8745063686997794,517.6370000000004,81.29,4.341880000000004,1,4,0,0,0,0,0,0,0,0,0,0,0,0,0,0,0,0,0,0,0,0,0,0,0,0,0,0,0,0,0,0,0,0,0,0,0,0,0,0,1,0,0,1,0,0,0,0,0,0,0,0,0,0,1,0,0,0,0,0,0,0,0,0,1,0,0,1,0,0,0,0,0,0,0,0,0,1,0,1,0,1,1,0,0,1,0,1,1,0,0,0,0,0,1,0,1,0,1,1,1,0,1,1,0,0,0,1,0,0,0,0,1,1,0,0,1,0,0,1,1,0,1,1,1,0,1,1,0,0,1,1,0,0,0,1,0,1,0,1,1,0,0,0,1,0,1,1,0,1,1,0,1,0,0,1,1,1,1,0,1,0,1,1,1,1,1,1,0,0
CHEMBL204_116,39,36,-1,-1,-1,2.0,2.8674417556808756,3.1104097934157053,7.968955441928417,0.11137183770436841,0.1150536370888703,1.7684247733498204,3.8381746634238363,0.18539569220412194,0.09127362738111565,-0.3320260343677382,-0.9065587343593045,8.204273504273505,4.243241178306412,-0.18862216625230252,-0.7082956720760825,0.02520334099281468,0.0725581718968677,3.28631642061716,9.938249545862961,0.8205128205128205,0.3837597319768145,-1.6703827619526517,0.7901785714285703,2.0,2.8674417556808756,3.1104097934157053,7.968955441928417,2.0,0.0,0,0,1.8461538461538463,2.4759195291432428,3.5620201769348725,11.585009168020752,0.0,0.0,0,0,0.0032148891160519067,0.010029082060804665,3.165204964589912,9.246219891958445,0.037037037037037035,0.04818633192304114,3.1131188646321553,7.98568004541564,0.037037037037037035,0.04219463831379682,3.033683724399208,7.691358601217937,1.1481481481481481,0.3552467795046459,1.9808869335422101,1.9239130434782599,0.4833461837256743,72.0,300.0,0.0,156.0,2706.0,8.0,0.0,0.0,0.0,512.0,814.0,23880.0,0.0,0.0,0.0,0.0,42.0,0.0,0.0,0.0,0.0,0.0,0.0,0.0,0.0,0.0,0.0,0.0,0.0,0.0,0.0,1,1,0,1,1,1,0,0,0,1,1,1,0,0,0,0,1,0,0,0,0,0,0,0,0,0,0,0,0,0,0,7.205128205128205,2.7379525119918386,2.8205483031842373,6.685739747034287,2.1538461538461537,0.7692307692307693,0.06800000000000041,-0.6596000000000002,0.0,0.0,0,0,3.4358974358974357,0.4958738360465055,0.25854384499751093,-1.9331550802139028,0.28205128205128205,0.44999817371241657,0.968664899906922,-1.0616883116883131,14.458846153846151,5.619764761654295,2.8622875392668785,6.961476474404668,0.8461538461538461,0.9483713850721502,0.6712978545476946,-0.8211565096952915,597.1589999999999,125.11999999999999,2.6625000000000005,1,9,0,0,0,0,0,0,0,0,0,0,0,0,0,0,0,0,0,0,0,0,0,0,0,0,0,0,0,0,0,0,0,0,1,1,0,0,1,0,0,0,0,0,0,0,0,0,0,0,0,0,0,1,0,0,1,1,0,1,1,1,1,1,1,0,1,0,0,1,0,1,0,0,1,1,0,1,0,0,0,1,1,1,1,1,0,1,1,1,1,0,0,1,1,0,1,1,1,1,1,0,1,0,1,1,1,0,1,1,0,1,1,1,1,0,1,1,1,1,1,0,1,1,1,0,1,1,0,1,1,1,1,1,1,1,1,1,1,1,1,0,1,0,1,1,1,1,1,1,1,1,1,1,0,1,1,1,1,1,1,1,1,1,1,1,1,1,0,1
CHEMBL204_117,36,34,-1,-1,-1,2.0833333333333335,2.7525240941522906,2.898153743646184,6.888586812693806,0.11578429840281257,0.11988233406614271,1.7843582282698296,4.350114759800483,0.18892838343249757,0.09396916308597421,-0.30499610623209594,-0.9816499599506159,7.574074074074074,3.9484417235025453,-0.15924174647176084,-0.7938908926252282,0.0223155929038282,0.06378748485058755,3.297594949533045,9.873770994729973,0.8055555555555556,0.39577241246597245,-1.5440972939559128,0.38423645320197064,2.0833333333333335,2.7525240941522906,2.898153743646184,6.888586812693806,2.0,0.0,0,0,1.8888888888888888,2.354402233379677,3.3640982720522192,10.462284413271757,0.0,0.0,0,0,0.0036138846420364166,0.010947524926076313,3.1773432998187303,9.668639360810653,0.041666666666666664,0.050515317358887424,2.92548703112417,7.014899269597791,0.041666666666666664,0.08664612656497056,-2.2439564598477073,4.684345747208636,1.2916666666666667,0.45452967144315476,0.9166984970282107,-1.159663865546219,0.8705853200550394,68.0,260.0,0.0,164.0,2106.0,8.0,0.0,0.0,0.0,450.0,768.0,17040.0,0.0,0.0,0.0,0.0,38.0,0.0,0.0,0.0,0.0,0.0,0.0,0.0,0.0,0.0,0.0,0.0,0.0,0.0,24.0,1,1,0,1,1,1,0,0,0,1,1,1,0,0,0,0,1,0,0,0,0,0,0,0,0,0,0,0,0,0,1,6.433333333333334,0.667499479816693,1.2532971993100515,0.27421471259506625,2.066666666666667,0.6798692684790381,-0.08297221102000187,-0.8409763313609471,0.0,0.0,0,0,3.3,0.45825756949558405,0.8728715609439702,-1.2380952380952377,0.4,0.4898979485566357,0.40824829046386263,-1.833333333333334,12.875533333333339,1.331390344297603,1.2518853329258848,0.26942064543446387,0.9666666666666667,0.9480975102218594,0.5357594539496982,-0.8281157130611887,415.49800000000016,147.15,0.29959000000000263,0,11,0,0,0,0,0,0,0,0,0,0,0,0,0,0,0,0,0,0,0,0,0,0,0,0,1,1,0,0,0,0,0,0,0,0,0,0,0,0,1,0,0,0,0,1,0,0,0,0,0,0,0,0,0,1,0,0,0,0,0,0,0,0,0,0,0,1,0,0,0,1,0,1,0,0,0,1,0,1,1,1,1,0,1,0,1,1,0,0,0,0,1,1,1,0,1,1,0,0,1,0,1,0,1,0,1,0,1,0,0,1,1,1,0,1,1,0,1,1,1,1,1,1,1,0,1,1,1,1,1,1,0,1,1,1,0,1,1,1,1,0,0,0,1,1,1,1,1,1,1,1,1,1,0,1,1,1,1,1,1,1,1,1,1,1,1,1,0,1
CHEMBL204_118,40,37,-1,-1,-1,2.076923076923077,3.062466036522213,3.189354388378275,8.620016121167486,0.10453298306962926,0.1186290666344661,1.9888146613908209,5.534300531900943,0.17214117053495293,0.09485307767014652,-0.18218491292664413,-1.128828031424726,7.781666666666666,4.4590977537813385,-0.08768118120976932,-0.9060858934355425,0.020445344129554656,0.06048519162534476,3.7887543936702524,14.01782316054463,0.825,0.3799671038392666,-1.7106744068953987,0.9264069264069255,2.076923076923077,3.062466036522213,3.189354388378275,8.620016121167486,2.0,0.0,0,0,1.85,2.5646637206464318,3.8124940239180036,13.709220863253552,0.0,0.0,0,0,0.01145124716553288,0.030846295989556304,2.406460979307293,3.992856990270634,0.03846153846153847,0.051389091456412565,3.1878219352351995,8.608107455888812,0.038461538461538464,0.22496864349501483,3.4236213283540917,10.467728645568709,1.1923076923076923,0.39411349099844606,1.5614401167176535,0.4380952380952392,-2.0795907875272066,74.0,326.0,0.0,166.0,3234.0,24.0,0.0,0.0,0.0,800.0,894.0,32064.0,0.0,0.0,0.0,0.0,126.0,0.0,0.0,0.0,12.0,0.0,0.0,0.0,0.0,0.0,0.0,0.0,0.0,0.0,0.0,1,1,0,1,1,1,0,0,0,1,1,1,0,0,0,0,1,0,0,0,1,0,0,0,0,0,0,0,0,0,0,6.67741935483871,1.802992079029951,4.450115149803424,20.089667208231344,2.2580645161290325,0.7169713151900925,-0.42624120378869856,-0.983059876411676,0.0,0.0,0,0,3.193548387096774,0.39507899077148045,1.5513435037626788,0.40666666666666673,0.7419354838709677,0.4375696763306625,-1.1058146711617283,-0.7771739130434803,13.365967741935489,3.614600638127671,4.457906183103484,20.144925982627985,0.6774193548387096,0.9963513039664839,1.2661332268632013,0.29110794667932405,435.51300000000015,102.86999999999999,2.2663400000000005,0,5,0,0,0,0,0,0,0,0,0,0,0,0,0,0,0,0,0,0,0,0,0,0,0,0,0,0,0,0,0,0,0,0,0,0,0,0,1,1,1,0,0,0,0,0,0,0,0,1,0,0,0,0,0,0,0,0,0,0,0,0,0,0,0,0,0,1,0,0,0,0,0,0,0,0,0,1,0,1,0,1,1,1,0,1,0,1,0,0,1,1,1,1,1,0,0,1,1,1,1,0,1,1,0,0,0,1,1,0,1,0,1,1,0,1,1,0,0,1,0,0,1,1,1,0,0,1,0,1,0,1,0,0,0,0,0,0,1,1,1,0,0,1,1,1,1,1,0,0,1,1,1,1,0,1,1,1,1,0,1,1,1,1,1,1,1,1,0,0
CHEMBL204_119,38,35,-1,-1,-1,2.0,2.7735009811261455,3.082746340521711,7.777000000000001,0.11175087815464906,0.1175905213244205,1.7638719041032203,3.937537676354798,0.17925640141200958,0.08806451105624659,-0.2743225392743402,-0.9421285509992199,7.801378446115288,4.045303540532606,-0.1409424869430433,-0.7379662614755405,0.026197249881460407,0.07227158236743889,3.2992856874084384,10.089948972638586,0.8157894736842105,0.3876557858593746,-1.6292261599251139,0.6543778801843323,2.0,2.7735009811261455,3.082746340521711,7.777000000000001,2.0,0.0,0,0,1.8421052631578947,2.3899605346826793,3.529588027168483,11.352408978316241,0.0,0.0,0,0,0.004361388384754991,0.013021033807359405,2.790120758308128,6.186554560040721,0.038461538461538464,0.04813472211976777,3.0743584866731215,7.734145655538187,0.03846153846153846,0.01685061712613624,-0.014061103758481953,1.5350462382181984,1.1538461538461537,0.36080121229411,1.9188064472004944,1.6818181818181834,0.1611631007141078,70.0,276.0,0.0,128.0,2370.0,8.0,0.0,0.0,0.0,466.0,600.0,19920.0,0.0,0.0,0.0,0.0,38.0,0.0,0.0,0.0,0.0,0.0,0.0,0.0,0.0,0.0,0.0,0.0,0.0,0.0,0.0,1,1,0,1,1,1,0,0,0,1,1,1,0,0,0,0,1,0,0,0,0,0,0,0,0,0,0,0,0,0,0,6.315789473684211,0.6115236862432764,1.765315372123183,1.8439506172839506,2.1578947368421053,0.7443229275647868,-0.263043722601396,-1.1625999999999992,0.0,0.0,0,0,3.1842105263157894,0.3876557858593746,1.6292261599251145,0.6543778801843345,0.5526315789473685,0.4972222007287153,-0.2117024496099858,-1.9551820728291311,12.641000000000004,1.2197317220127593,1.7639774691857082,1.8379630007907082,0.8421052631578947,0.9326339550878607,0.9020336179067454,-0.12710454785183956,512.6140000000004,137.32999999999998,4.690710000000004,0,10,0,0,0,0,0,0,0,0,0,0,0,0,0,0,0,0,0,0,0,0,0,0,0,0,0,0,0,0,0,0,0,0,0,0,0,0,0,0,1,0,0,0,0,1,0,0,0,0,0,0,0,0,0,0,0,0,0,0,0,0,0,0,0,0,0,1,0,0,0,0,0,0,0,0,0,1,0,1,1,1,0,0,1,1,1,1,0,0,0,0,1,1,1,0,0,0,1,1,0,0,1,1,0,0,1,1,0,0,1,0,1,1,0,0,1,0,0,1,1,1,1,1,1,1,0,1,0,0,0,1,0,1,1,1,0,1,1,1,1,1,0,1,1,0,1,1,1,1,1,1,1,1,0,1,1,1,1,1,1,1,1,1,1,1,1,1,0,1
CHEMBL204_120,35,33,-1,-1,-1,2.0869565217391304,2.6360880680389767,2.810935556767955,6.2315759311642385,0.1177716826827355,0.12124874980594907,1.5904959703677048,3.0595649584932216,0.1775862974341,0.0876188712113121,-0.19145428303007792,-0.97322243698253,7.07047619047619,3.6807976311954533,-0.0835108347121128,-0.8042877025309756,0.024395212630506747,0.06744004182241914,3.2144169487643905,9.265841348663285,0.8,0.4,-1.5,0.24999999999999956,2.0869565217391304,2.6360880680389767,2.810935556767955,6.2315759311642385,2.0,0.0,0,0,1.8857142857142857,2.2522551057161553,3.263356056803454,9.596546115279624,0.0,0.0,0,0,0.040761132039022506,0.16710664001570302,5.396923951044766,28.026234813885104,0.043478260869565216,0.05023361910260405,2.852910358928116,6.485802221223828,0.04347826086956521,0.021970846627454913,-0.07551880509582494,0.7064655036179182,1.3043478260869565,0.4601306627938419,0.8504200642707608,-1.276785714285715,0.011205929532443745,66.0,236.0,0.0,136.0,1770.0,16.0,0.0,0.0,0.0,400.0,558.0,13080.0,0.0,0.0,0.0,0.0,50.0,0.0,0.0,0.0,0.0,0.0,0.0,0.0,0.0,0.0,0.0,0.0,0.0,0.0,0.0,1,1,0,1,1,1,0,0,0,1,1,1,0,0,0,0,1,0,0,0,0,0,0,0,0,0,0,0,0,0,0,6.351351351351352,0.6245524328806131,1.5734316351820363,1.2301266675083085,2.1621621621621623,0.717108062779546,-0.25022443617835044,-1.0390544292355373,0.0,0.0,0,0,3.1621621621621623,0.3685995053239421,1.833088937766914,1.3602150537634357,0.5675675675675675,0.4954135886438747,-0.2727723627949901,-1.9255952380952384,12.711972972972974,1.2457507122644476,1.5720149391651326,1.2242415228329016,0.7837837837837838,0.8741060339889853,0.9190753795073512,0.03847672458861817,499.57500000000033,150.21999999999997,3.7772900000000025,0,10,0,0,0,0,0,0,0,0,0,0,0,0,0,0,0,0,0,0,0,0,0,0,0,0,0,0,0,0,0,0,0,0,0,0,0,0,0,0,1,0,0,0,0,1,0,0,0,0,0,0,0,0,0,0,0,0,0,0,0,0,0,0,0,0,0,1,0,0,0,0,0,0,0,0,0,1,0,1,1,1,0,0,1,1,1,1,0,0,0,0,1,1,1,0,0,0,1,1,1,0,1,1,0,0,1,1,0,0,1,0,1,1,0,0,1,0,0,1,1,1,1,1,1,1,0,1,0,0,0,1,0,1,1,1,0,1,1,1,1,1,0,0,1,0,1,1,1,1,1,1,1,1,0,1,1,1,1,1,1,1,1,1,1,1,1,1,0,1
CHEMBL204_121,39,37,-1,-1,-1,2.074074074074074,2.9805036353675125,3.1595383482816732,8.255858281883484,0.10917523270354525,0.11714006234056899,1.8005727859069058,4.001598253393611,0.18646694032868297,0.09322721853173034,-0.282520383448675,-0.9784967222689698,8.28937728937729,4.334237915156336,-0.1717203768709376,-0.7649121364650231,0.025203340992814682,0.07002682237937481,3.5404475632184713,11.746085663538633,0.8205128205128205,0.3837597319768145,-1.6703827619526517,0.7901785714285703,2.074074074074074,2.9805036353675125,3.1595383482816732,8.255858281883484,2.0,0.0,0,0,1.8974358974358974,2.5699932335027333,3.6394052472157887,12.118720994712394,0.0,0.0,0,0,0.01091158164328896,0.028807870555787728,2.326713833500895,3.584753497611632,0.037037037037037035,0.047942230565708774,3.1538048533550143,8.227809551603439,0.037037037037037035,0.03969194171898682,-1.6229078347379022,2.876567564784625,1.1851851851851851,0.38844772154450063,1.6208864017175073,0.6272727272727261,-1.9079090047018556,74.0,324.0,0.0,186.0,3096.0,24.0,0.0,0.0,0.0,816.0,968.0,29160.0,0.0,0.0,0.0,0.0,126.0,0.0,0.0,0.0,12.0,0.0,0.0,0.0,0.0,0.0,0.0,0.0,0.0,0.0,0.0,1,1,0,1,1,1,0,0,0,1,1,1,0,0,0,0,1,0,0,0,1,0,0,0,0,0,0,0,0,0,0,6.473684210526316,0.850289180073869,1.7516548758310406,2.012683313515656,2.1578947368421053,0.7443229275647868,-0.26304372260139613,-1.1625999999999992,0.0,0.0,0,0,3.1842105263157894,0.3876557858593746,1.6292261599251145,0.6543778801843345,0.5526315789473685,0.49722220072871526,-0.21170244960998583,-1.955182072829131,13.008736842105266,1.8597161028983704,2.0009222090957466,3.2614607762403605,0.6842105263157895,0.7981974151633212,0.9383270823584395,0.11448015122873123,520.5400000000003,137.32999999999998,4.352070000000002,0,10,0,0,0,0,0,0,0,0,0,0,0,0,0,0,0,0,0,0,0,0,0,0,0,0,0,0,0,0,0,0,0,0,0,0,0,0,0,0,1,0,0,0,1,1,0,0,0,0,0,0,0,0,0,0,0,0,0,0,0,0,0,0,0,0,0,1,0,0,0,0,0,0,0,0,0,1,0,1,1,1,0,0,1,1,1,1,0,1,0,0,1,1,1,0,0,0,1,1,0,0,1,1,0,0,1,1,0,1,1,0,1,1,0,0,1,0,0,1,1,1,1,1,1,1,0,1,0,0,0,1,0,1,1,1,1,1,1,1,1,1,0,0,1,0,1,1,1,1,1,0,1,1,0,1,1,1,1,1,1,1,1,1,1,1,1,1,0,1
CHEMBL204_122,37,34,-1,-1,-1,2.090909090909091,2.858942762457525,2.7095303317548787,5.589574296022684,0.10851050692511467,0.12350099964729706,1.6142769274696698,2.807544578913358,0.16170567383189682,0.09100339912764696,-0.029835644391262087,-1.232278485371788,6.63963963963964,3.894732238483122,0.07837111810458895,-1.022605059158366,0.01643071643071643,0.049502253358192944,3.432251888780042,10.64059685118888,0.8108108108108109,0.3916588309780929,-1.5871507864874157,0.5190476190476199,2.090909090909091,2.858942762457525,2.7095303317548787,5.589574296022684,2.0,0.0,0,0,1.837837837837838,2.3192905895053983,3.368666917190401,10.27234035773369,0.0,0.0,0,0,0.011811242252209536,0.030952458372759468,2.404598171466281,4.181866320239519,0.04545454545454544,0.056877293565895846,2.7282001818302697,5.65983293382677,0.04545454545454548,0.016543624090037422,0.9129990526121212,1.3089576637955167,1.2272727272727273,0.41907020260422223,1.301582746911936,-0.30588235294117805,0.11561479038783079,68.0,256.0,0.0,160.0,2046.0,24.0,0.0,0.0,0.0,596.0,760.0,15960.0,0.0,0.0,0.0,0.0,112.0,0.0,0.0,0.0,12.0,0.0,0.0,0.0,0.0,0.0,0.0,0.0,0.0,0.0,0.0,1,1,0,1,1,1,0,0,0,1,1,1,0,0,0,0,1,0,0,0,1,0,0,0,0,0,0,0,0,0,0,6.315789473684211,0.6115236862432764,1.765315372123183,1.8439506172839506,2.1578947368421053,0.7443229275647868,-0.26304372260139613,-1.1625999999999992,0.0,0.0,0,0,3.1842105263157894,0.3876557858593746,1.6292261599251145,0.6543778801843345,0.5526315789473685,0.49722220072871526,-0.21170244960998583,-1.955182072829131,12.641000000000004,1.2197317220127593,1.7639774691857082,1.8379630007907082,0.8421052631578947,0.9326339550878607,0.9020336179067454,-0.12710454785183956,512.6140000000004,137.32999999999998,4.690710000000004,0,10,0,0,0,0,0,0,0,0,0,0,0,0,0,0,0,0,0,0,0,0,0,0,0,0,0,0,0,0,0,0,0,0,0,0,0,0,0,0,1,0,0,0,0,1,0,0,0,0,0,0,0,0,0,0,0,0,0,0,0,0,0,0,0,0,0,1,0,0,0,0,0,0,0,0,0,1,0,1,1,1,0,0,1,1,1,1,0,0,0,0,1,1,1,0,0,0,1,1,0,0,1,1,0,0,1,1,0,0,1,0,1,1,0,0,1,0,0,1,1,1,1,1,1,1,0,1,0,0,0,1,0,1,1,1,0,1,1,1,1,1,0,1,1,0,1,1,1,1,1,1,1,1,0,1,1,1,1,1,1,1,1,1,1,1,1,1,0,1
CHEMBL204_123,36,35,-1,-1,-1,2.1666666666666665,3.0092450142112983,2.8672717135483503,6.517736836162445,0.1137076105589811,0.12185383489552086,1.6310451094454417,2.9386608580858615,0.19380042112016957,0.09940025763359443,-0.23047208947863967,-1.0906450524675084,7.746296296296297,4.1290302255573925,-0.11442817606937894,-0.8670847006933307,0.021661998132586367,0.061847734455990115,3.484644164009623,10.99803452855006,0.8055555555555556,0.3957724124659724,-1.5440972939559132,0.3842364532019724,2.1666666666666665,3.0092450142112983,2.8672717135483503,6.517736836162445,2.0,0.0,0,0,1.9444444444444444,2.559779118557394,3.3806586687401095,10.300033125299938,0.0,0.0,0,0,0.021369553384040823,0.04963765123454897,2.0439517101327858,2.483099769968449,0.04166666666666666,0.052533310631530335,2.8802330870171997,6.5684249208373355,0.04166666666666666,0.025417816152151045,1.6996952681814117,2.2837801303994256,1.25,0.4330127018922193,1.1547005383792515,-0.6666666666666665,0.39218816912891147,70.0,302.0,0.0,242.0,2706.0,48.0,0.0,0.0,0.0,966.0,1254.0,23880.0,0.0,0.0,0.0,0.0,246.0,0.0,0.0,0.0,48.0,0.0,0.0,0.0,0.0,0.0,0.0,0.0,0.0,0.0,0.0,1,1,0,1,1,1,0,0,0,1,1,1,0,0,0,0,1,0,0,0,1,0,0,0,0,0,0,0,0,0,0,6.394736842105263,0.7447879841097318,1.891851397324712,2.7706658811317384,2.1578947368421053,0.7443229275647868,-0.26304372260139613,-1.1625999999999992,0.0,0.0,0,0,3.1842105263157894,0.3876557858593746,1.6292261599251145,0.6543778801843345,0.5526315789473685,0.49722220072871526,-0.21170244960998583,-1.955182072829131,12.824868421052635,1.5833358218622622,2.1612943878566515,4.456203238907018,0.7631578947368421,0.8716050085094313,0.9544850872929059,0.09681662676612657,516.5770000000003,137.32999999999998,4.521390000000003,0,10,0,0,0,0,0,0,0,0,0,0,0,0,0,0,0,0,0,0,0,0,0,0,0,0,0,0,0,0,0,0,0,0,0,0,0,0,0,0,1,0,0,0,1,1,0,0,0,0,0,0,0,0,0,0,0,0,0,0,0,0,0,0,0,0,0,1,0,0,0,0,0,0,0,0,0,1,0,1,1,1,0,0,1,1,1,1,0,1,0,0,1,1,1,0,0,0,1,1,0,0,1,1,0,0,1,1,0,1,1,0,1,1,0,0,1,0,0,1,1,1,1,1,1,1,0,1,0,0,0,1,0,1,1,1,1,1,1,1,1,1,0,0,1,0,1,1,1,1,1,1,1,1,0,1,1,1,1,1,1,1,1,1,1,1,1,1,0,1
CHEMBL204_124,38,37,-1,-1,-1,2.1538461538461537,3.034320449740926,3.033469484084569,7.557910831940056,0.10985693702265478,0.11936181492288336,1.7312833776486618,3.5018344748735606,0.19217810790856266,0.09778942854279568,-0.26782153325224767,-1.0550517061546703,8.210526315789476,4.347697886925235,-0.1531445766005809,-0.8265149896543491,0.02343132606290501,0.0649167321577024,3.564178296916829,12.013894350038644,0.8157894736842105,0.3876557858593746,-1.6292261599251143,0.6543778801843323,2.1538461538461537,3.034320449740926,3.033469484084569,7.557910831940056,2.0,0.0,0,0,1.9473684210526316,2.605130246476754,3.5316334801892846,11.423745439400244,0.0,0.0,0,0,0.01929277664108928,0.04630609957459858,2.1369637727018875,2.8728677233559345,0.038461538461538464,0.048862187393661424,3.033821218850588,7.555785205893024,0.038461538461538464,0.034908193305673046,2.599942834900511,5.98477815830929,1.2307692307692308,0.42132504423474315,1.278019300845387,-0.3666666666666676,-0.4451611895298003,74.0,328.0,0.0,256.0,3102.0,48.0,0.0,0.0,0.0,1078.0,1388.0,29160.0,0.0,0.0,0.0,0.0,258.0,0.0,0.0,0.0,48.0,0.0,0.0,0.0,0.0,0.0,0.0,0.0,0.0,0.0,0.0,1,1,0,1,1,1,0,0,0,1,1,1,0,0,0,0,1,0,0,0,1,0,0,0,0,0,0,0,0,0,0,6.473684210526316,0.850289180073869,1.7516548758310406,2.012683313515656,2.1578947368421053,0.7443229275647868,-0.26304372260139613,-1.1625999999999992,0.0,0.0,0,0,3.1842105263157894,0.3876557858593746,1.6292261599251145,0.6543778801843345,0.5526315789473685,0.49722220072871526,-0.21170244960998583,-1.955182072829131,13.008736842105266,1.8597161028983704,2.0009222090957466,3.2614607762403605,0.6842105263157895,0.7981974151633212,0.9383270823584395,0.11448015122873123,520.5400000000003,137.32999999999998,4.352070000000002,0,10,0,0,0,0,0,0,0,0,0,0,0,0,0,0,0,0,0,0,0,0,0,0,0,0,0,0,0,0,0,0,0,0,0,0,0,0,0,0,1,0,0,0,1,1,0,0,0,0,0,0,0,0,0,0,0,0,0,0,0,0,0,0,0,0,0,1,0,0,0,0,0,0,0,0,0,1,0,1,1,1,0,0,1,1,1,1,0,1,0,0,1,1,1,0,0,0,1,1,0,0,1,1,0,0,1,1,0,1,1,0,1,1,0,0,1,0,0,1,1,1,1,1,1,1,0,1,0,0,0,1,0,1,1,1,1,1,1,1,1,1,0,0,1,0,1,1,1,1,1,0,1,1,0,1,1,1,1,1,1,1,1,1,1,1,1,1,0,1
CHEMBL204_125,36,35,-1,-1,-1,2.1666666666666665,2.8819360776317637,2.8099529537142276,6.344559904251634,0.1126588929613945,0.12282406773304178,1.6232296342319665,2.8574432835891512,0.19272368388178224,0.09834801536743228,-0.2455691731467597,-1.0879952019407104,7.673148148148148,4.086339176688717,-0.10365886131875529,-0.8729258114084626,0.02184873949579832,0.0593312092467511,3.2457763134069473,9.571563335471776,0.8055555555555556,0.39577241246597245,-1.5440972939559128,0.38423645320197064,2.1666666666666665,2.8819360776317637,2.8099529537142276,6.344559904251634,2.0,0.0,0,0,1.9444444444444444,2.4601766472760587,3.2988284053718093,9.935522910939763,0.0,0.0,0,0,0.019292729252078845,0.045878102934120236,2.2534835035358842,3.7751954530034233,0.041666666666666664,0.05018309621158616,2.827035851023645,6.421823751765221,0.041666666666666664,0.02245369680905769,0.8523039658263921,0.03572772249144984,1.25,0.4330127018922193,1.1547005383792515,-0.6666666666666665,-1.4359985787790273,70.0,284.0,0.0,256.0,2382.0,48.0,0.0,0.0,0.0,926.0,1286.0,19920.0,0.0,0.0,0.0,0.0,240.0,0.0,0.0,0.0,48.0,0.0,0.0,0.0,0.0,0.0,0.0,0.0,0.0,0.0,0.0,1,1,0,1,1,1,0,0,0,1,1,1,0,0,0,0,1,0,0,0,1,0,0,0,0,0,0,0,0,0,0,6.405405405405405,0.7519150131483002,1.849596766212984,2.5968691785349467,2.1621621621621623,0.717108062779546,-0.25022443617835044,-1.0390544292355373,0.0,0.0,0,0,3.1621621621621623,0.3685995053239421,1.833088937766914,1.3602150537634357,0.5675675675675675,0.4954135886438747,-0.2727723627949901,-1.9255952380952384,12.846864864864868,1.598850130092015,2.1180056979118254,4.245290663059681,0.7297297297297297,0.7935090949136862,0.8449442347538885,0.03208692890327125,502.5500000000003,137.32999999999998,4.212970000000002,0,10,0,0,0,0,0,0,0,0,0,0,0,0,0,0,0,0,0,0,0,0,0,0,0,0,0,0,0,0,0,0,0,0,0,0,0,0,0,0,1,0,0,0,1,1,0,0,0,0,0,0,0,0,0,0,0,0,0,0,0,0,0,0,0,0,0,1,0,0,0,0,0,0,0,0,0,1,0,1,1,1,0,0,1,1,1,1,0,1,0,0,1,1,1,0,0,0,1,1,0,0,1,1,0,0,1,1,0,1,1,0,1,1,0,0,1,0,0,1,1,1,1,1,1,1,0,1,0,0,0,1,0,1,1,1,1,1,1,1,1,1,0,0,1,0,1,1,1,1,1,0,1,1,0,1,1,1,1,1,1,1,1,1,1,1,1,1,0,1
CHEMBL204_126,38,36,-1,-1,-1,2.076923076923077,2.8945981111118124,3.0634098228668694,7.637286938619175,0.11034931738624143,0.11890676022024467,1.7189069512345982,3.455977885087006,0.18356306133798092,0.0918101257202965,-0.2492336803354201,-1.006317323291679,7.961904761904763,4.175294933171935,-0.13911464803919424,-0.7977258701403156,0.025327959538485857,0.06873922333267642,3.448979449911667,11.039905155687022,0.8157894736842105,0.3876557858593746,-1.6292261599251139,0.6543778801843323,2.076923076923077,2.8945981111118124,3.0634098228668694,7.637286938619175,2.0,0.0,0,0,1.894736842105263,2.4898686678978676,3.536612469587997,11.355611219324024,0.0,0.0,0,0,0.011745827984595636,0.03054989960596278,2.2817819345402324,3.377588663372075,0.038461538461538464,0.04823451401959909,3.057848268590168,7.613684386788885,0.038461538461538464,0.021414490209192765,1.0485347959892013,1.1244395532048088,1.1923076923076923,0.39411349099844606,1.5614401167176535,0.4380952380952392,0.3056673106331563,72.0,300.0,0.0,178.0,2700.0,24.0,0.0,0.0,0.0,748.0,880.0,23880.0,0.0,0.0,0.0,0.0,120.0,0.0,0.0,0.0,12.0,0.0,0.0,0.0,0.0,0.0,0.0,0.0,0.0,0.0,0.0,1,1,0,1,1,1,0,0,0,1,1,1,0,0,0,0,1,0,0,0,1,0,0,0,0,0,0,0,0,0,0,6.473684210526316,0.850289180073869,1.751654875831041,2.012683313515657,2.1578947368421053,0.7443229275647868,-0.26304372260139613,-1.1625999999999992,0.0,0.0,0,0,3.1842105263157894,0.3876557858593746,1.6292261599251145,0.6543778801843345,0.5526315789473685,0.49722220072871526,-0.21170244960998583,-1.955182072829131,13.008736842105266,1.8597161028983704,2.0009222090957466,3.2614607762403605,0.6842105263157895,0.7981974151633212,0.9383270823584395,0.11448015122873123,520.5400000000003,137.32999999999998,4.352070000000002,0,10,0,0,0,0,0,0,0,0,0,0,0,0,0,0,0,0,0,0,0,0,0,0,0,0,0,0,0,0,0,0,0,0,0,0,0,0,0,0,1,0,0,0,1,1,0,0,0,0,0,0,0,0,0,0,0,0,0,0,0,0,0,0,0,0,0,1,0,0,0,0,0,0,0,0,0,1,0,1,1,1,0,0,1,1,1,1,0,1,0,0,1,1,1,0,0,0,1,1,0,0,1,1,0,0,1,1,0,1,1,0,1,1,0,0,1,0,0,1,1,1,1,1,1,1,0,1,0,0,0,1,0,1,1,1,1,1,1,1,1,1,0,0,1,0,1,1,1,1,1,0,1,1,0,1,1,1,1,1,1,1,1,1,1,1,1,1,0,1
CHEMBL204_127,38,35,-1,-1,-1,2.0,2.7735009811261455,3.082746340521711,7.777000000000001,0.11127535601463812,0.11804060579944405,1.769351919048098,3.9628375113348566,0.17891278502112842,0.08775740977987255,-0.27952233361578077,-0.9460552073273738,7.7969924812030085,4.042022877847715,-0.14173646300349757,-0.7402432973645445,0.026276276276276277,0.07234444541769723,3.2720170742902366,9.83257954976077,0.8157894736842105,0.3876557858593746,-1.6292261599251139,0.6543778801843323,2.0,2.7735009811261455,3.082746340521711,7.777000000000001,2.0,0.0,0,0,1.8421052631578947,2.3899605346826793,3.529588027168483,11.352408978316241,0.0,0.0,0,0,0.004361388384754991,0.013021033807359405,2.790120758308128,6.186554560040721,0.03846153846153847,0.04815433497328737,3.078944919356286,7.77333565217047,0.03846153846153845,0.14793613571124412,-2.764100932966638,6.712365746702684,1.1538461538461537,0.36080121229411,1.9188064472004944,1.6818181818181834,1.103176752604361,70.0,276.0,0.0,128.0,2370.0,8.0,0.0,0.0,0.0,464.0,600.0,19920.0,0.0,0.0,0.0,0.0,38.0,0.0,0.0,0.0,0.0,0.0,0.0,0.0,0.0,0.0,0.0,0.0,0.0,0.0,0.0,1,1,0,1,1,1,0,0,0,1,1,1,0,0,0,0,1,0,0,0,0,0,0,0,0,0,0,0,0,0,0,6.525,0.9216154295583381,1.6511701958907976,1.4772548962277456,2.15,0.792148975887743,0.02866779360683284,-0.8254789606514188,0.0,0.0,0,0,3.225,0.41758232721225164,1.3171055481963487,-0.26523297491039566,0.525,0.4993746088859544,-0.10012523486435194,-1.9899749373433584,13.133525,2.0473674558747392,1.8645263519125985,2.4048829172828414,0.675,0.7870038119348597,0.950288825814606,0.18930617739270073,552.5570000000002,137.32999999999998,5.092670000000003,0,10,0,0,0,0,0,0,0,0,0,0,0,0,0,0,0,0,0,0,0,0,0,0,0,0,0,0,0,0,0,0,0,0,0,0,0,0,0,0,1,0,0,0,1,1,0,0,0,0,0,0,0,0,0,0,0,0,0,0,0,0,0,0,0,0,0,1,0,0,0,0,0,0,0,0,0,1,0,1,1,1,0,0,1,1,1,1,0,0,0,0,1,1,1,0,0,0,1,1,0,0,1,1,0,0,1,1,1,1,1,0,1,1,1,0,1,0,0,1,1,1,1,1,1,1,0,1,0,0,0,1,0,1,1,1,1,1,1,1,1,1,0,0,1,0,1,1,1,1,1,0,1,1,0,1,1,1,1,1,1,1,1,1,1,1,1,1,0,1
CHEMBL204_128,36,35,-1,-1,-1,2.1666666666666665,2.852873794770615,2.900294858558635,6.728255425223361,0.11495615859703048,0.1206766728841666,1.657428809773802,3.3517660412431933,0.1854462513119726,0.09351272099873457,-0.2079722736958196,-1.0305118227684151,7.550000000000001,3.976342074859292,-0.11809559218595417,-0.8400300141023829,0.023436041083099907,0.0654061458035489,3.4604376943030726,10.867535678268327,0.8055555555555556,0.3957724124659724,-1.544097293955913,0.3842364532019724,2.1666666666666665,2.852873794770615,2.900294858558635,6.728255425223361,2.0,0.0,0,0,1.9444444444444444,2.4374901076089226,3.3905195506474737,10.420663180974874,0.0,0.0,0,0,0.04603111414256925,0.16551405276588105,5.307246282232047,27.66095978365406,0.04166666666666666,0.04992667555361593,2.9068948651985984,6.712035651925181,0.041666666666666664,0.046948705465773316,2.916063264156208,7.064980705991617,1.3333333333333333,0.4714045207910317,0.7071067811865479,-1.5,-0.1879410730081799,70.0,280.0,0.0,194.0,2370.0,32.0,0.0,0.0,0.0,706.0,910.0,19920.0,0.0,0.0,0.0,0.0,134.0,0.0,0.0,0.0,12.0,0.0,0.0,0.0,0.0,0.0,0.0,0.0,0.0,0.0,0.0,1,1,0,1,1,1,0,0,0,1,1,1,0,0,0,0,1,0,0,0,1,0,0,0,0,0,0,0,0,0,0,6.324324324324325,0.6174951166916682,1.723082500170687,1.686946756506802,2.1621621621621623,0.7171080627795461,-0.25022443617835033,-1.0390544292355381,0.0,0.0,0,0,3.1621621621621623,0.3685995053239421,1.8330889377669144,1.3602150537634374,0.5675675675675675,0.4954135886438747,-0.2727723627949901,-1.9255952380952388,12.65802702702703,1.2316403144321015,1.7217494984644535,1.6811124663136363,0.8108108108108109,0.8648648648648648,0.8756103515624997,0.037002563476562056,498.58700000000033,137.32999999999998,4.382290000000003,0,10,0,0,0,0,0,0,0,0,0,0,0,0,0,0,0,0,0,0,0,0,0,0,0,0,0,0,0,0,0,0,0,0,0,0,0,0,0,0,1,0,0,0,0,1,0,0,0,0,0,0,0,0,0,0,0,0,0,0,0,0,0,0,0,0,0,1,0,0,0,0,0,0,0,0,0,1,0,1,1,1,0,0,1,1,1,1,0,0,0,0,1,1,1,0,0,0,1,1,0,0,1,1,0,0,1,1,0,0,1,0,1,1,0,0,1,0,0,1,1,1,1,1,1,1,0,1,0,0,0,1,0,1,1,1,0,1,1,1,1,1,0,0,1,0,1,1,1,1,1,1,1,1,0,1,1,1,1,1,1,1,1,1,1,1,1,1,0,1
CHEMBL204_129,36,34,-1,-1,-1,2.08,2.8131121556027585,2.9907775357484363,7.243668498064581,0.11793681086953343,0.11776538718868827,1.7347992233553886,3.9969171008564395,0.1914521861686472,0.09260701599693198,-0.3522671556428211,-0.8037052044275761,7.8314814814814815,3.9846247282480323,-0.23148959868510138,-0.6348798486085236,0.026563958916900096,0.075706538395417,3.2807155169467626,9.674329488683655,0.8055555555555556,0.3957724124659724,-1.544097293955913,0.3842364532019724,2.08,2.8131121556027585,2.9907775357484363,7.243668498064581,2.0,0.0,0,0,1.8888888888888888,2.4469683939494713,3.4162008977941434,10.522312679349554,0.0,0.0,0,0,0.0378866663349422,0.16442755737397313,5.556872359449784,29.564343982102663,0.04,0.0493770024349131,2.9959728248545834,7.2164119575960175,0.0400000000000005,24.033858510621773,-2.9263880549796393,7.326540825097407,1.28,0.44899888641287294,0.9799578870122224,-1.03968253968254,0.30444764358235765,68.0,276.0,0.0,152.0,2370.0,16.0,0.0,0.0,0.0,488.0,710.0,19920.0,0.0,0.0,0.0,0.0,58.0,0.0,0.0,0.0,0.0,0.0,0.0,0.0,0.0,0.0,0.0,0.0,0.0,0.0,0.0,1,1,0,1,1,1,0,0,0,1,1,1,0,0,0,0,1,0,0,0,0,0,0,0,0,0,0,0,0,0,0,6.315789473684211,0.6115236862432764,1.765315372123183,1.8439506172839506,2.1578947368421053,0.7443229275647868,-0.263043722601396,-1.1625999999999999,0.0,0.0,0,0,3.1842105263157894,0.3876557858593746,1.6292261599251145,0.6543778801843345,0.5526315789473685,0.4972222007287153,-0.21170244960998574,-1.955182072829131,12.641000000000004,1.2197317220127593,1.7639774691857082,1.8379630007907082,0.8421052631578947,0.9326339550878605,0.9020336179067456,-0.12710454785183867,512.6140000000004,137.32999999999998,4.690710000000004,0,10,0,0,0,0,0,0,0,0,0,0,0,0,0,0,0,0,0,0,0,0,0,0,0,0,0,0,0,0,0,0,0,0,0,0,0,0,0,0,1,0,0,0,0,1,0,0,0,0,0,0,0,0,0,0,0,0,0,0,0,0,0,0,0,0,0,1,0,0,0,0,0,0,0,0,0,1,0,1,1,1,0,0,1,1,1,1,0,0,0,0,1,1,1,0,0,0,1,1,0,0,1,1,0,0,1,1,0,0,1,0,1,1,0,0,1,0,0,1,1,1,1,1,1,1,0,1,0,0,0,1,0,1,1,1,0,1,1,1,1,1,0,1,1,0,1,1,1,1,1,1,1,1,0,1,1,1,1,1,1,1,1,1,1,1,1,1,0,1
CHEMBL204_130,38,35,-1,-1,-1,2.0,2.7735009811261455,3.082746340521711,7.777000000000001,0.11175087815464906,0.11759052132442048,1.7638719041032196,3.937537676354796,0.17925640141200958,0.08806451105624659,-0.2743225392743402,-0.9421285509992199,7.801378446115288,4.045303540532606,-0.14094248694304323,-0.73796626147554,0.026197249881460407,0.07227158236743889,3.2992856874084384,10.089948972638586,0.8157894736842105,0.3876557858593746,-1.6292261599251139,0.6543778801843323,2.0,2.7735009811261455,3.082746340521711,7.777000000000001,2.0,0.0,0,0,1.8421052631578947,2.3899605346826793,3.529588027168483,11.352408978316241,0.0,0.0,0,0,0.004361388384754991,0.013021033807359405,2.790120758308128,6.186554560040721,0.038461538461538464,0.04813472211976777,3.0743584866731215,7.734145655538187,0.038461538461538464,0.02828431174787732,2.330332938564981,5.447374429588653,1.1538461538461537,0.36080121229411,1.9188064472004944,1.6818181818181834,0.5074351158069368,70.0,276.0,0.0,128.0,2370.0,8.0,0.0,0.0,0.0,466.0,600.0,19920.0,0.0,0.0,0.0,0.0,38.0,0.0,0.0,0.0,0.0,0.0,0.0,0.0,0.0,0.0,0.0,0.0,0.0,0.0,0.0,1,1,0,1,1,1,0,0,0,1,1,1,0,0,0,0,1,0,0,0,0,0,0,0,0,0,0,0,0,0,0,6.351351351351352,0.6245524328806131,1.5734316351820363,1.2301266675083085,2.1621621621621623,0.7171080627795461,-0.25022443617835033,-1.0390544292355381,0.0,0.0,0,0,3.1621621621621623,0.3685995053239421,1.8330889377669144,1.3602150537634374,0.5675675675675675,0.4954135886438747,-0.2727723627949901,-1.9255952380952388,12.711972972972974,1.2457507122644476,1.5720149391651326,1.2242415228329016,0.7837837837837838,0.8741060339889853,0.9190753795073512,0.03847672458861817,499.57500000000033,150.21999999999997,3.7772900000000025,0,10,0,0,0,0,0,0,0,0,0,0,0,0,0,0,0,0,0,0,0,0,0,0,0,0,0,0,0,0,0,0,0,0,0,0,0,0,0,0,1,0,0,0,0,1,0,0,0,0,0,0,0,0,0,0,0,0,0,0,0,0,0,0,0,0,0,1,0,0,0,0,0,0,0,0,0,1,0,1,1,1,0,0,1,1,1,1,0,0,0,0,1,1,1,0,0,0,1,1,1,0,1,1,0,0,1,1,0,0,1,0,1,1,0,0,1,0,0,1,1,1,1,1,1,1,0,1,0,0,0,1,0,1,1,1,0,1,1,1,1,1,0,0,1,0,1,1,1,1,1,1,1,1,0,1,1,1,1,1,1,1,1,1,1,1,1,1,0,1
CHEMBL204_131,38,36,-1,-1,-1,2.076923076923077,2.9078551032978157,3.0209800724420117,7.445740805400085,0.11079782015052721,0.1184889552809697,1.7192302066083744,3.431380127797306,0.1872847604578653,0.09390511176728342,-0.27400340905372256,-0.9969664992153038,8.04561403508772,4.220147450741721,-0.15157160565170208,-0.7902337968217874,0.02437964280069543,0.06752381159689423,3.3965521336024613,10.764373167026067,0.8157894736842105,0.3876557858593746,-1.6292261599251139,0.6543778801843323,2.076923076923077,2.9078551032978157,3.0209800724420117,7.445740805400085,2.0,0.0,0,0,1.894736842105263,2.50041547794099,3.4931116147475514,11.116366175511846,0.0,0.0,0,0,0.009960054921544009,0.026744517228606445,2.534053585631987,4.969930422925828,0.038461538461538464,0.048693648584278076,3.023229890553494,7.4582715674756574,0.03846153846153847,0.10555569610519235,3.1182612003005836,7.8464485416755725,1.1923076923076923,0.39411349099844606,1.5614401167176535,0.4380952380952392,-1.2991260338328765,72.0,302.0,0.0,200.0,2706.0,24.0,0.0,0.0,0.0,752.0,1034.0,23880.0,0.0,0.0,0.0,0.0,124.0,0.0,0.0,0.0,12.0,0.0,0.0,0.0,0.0,0.0,0.0,0.0,0.0,0.0,0.0,1,1,0,1,1,1,0,0,0,1,1,1,0,0,0,0,1,0,0,0,1,0,0,0,0,0,0,0,0,0,0,6.405405405405405,0.7519150131483002,1.849596766212984,2.5968691785349476,2.1621621621621623,0.7171080627795461,-0.25022443617835033,-1.0390544292355381,0.0,0.0,0,0,3.1621621621621623,0.3685995053239421,1.8330889377669144,1.3602150537634374,0.5675675675675675,0.4954135886438747,-0.2727723627949901,-1.9255952380952388,12.846864864864866,1.598850130092015,2.118005697911829,4.245290663059689,0.7297297297297297,0.7935090949136862,0.8449442347538885,0.03208692890327036,502.5500000000003,137.32999999999998,4.212970000000002,0,10,0,0,0,0,0,0,0,0,0,0,0,0,0,0,0,0,0,0,0,0,0,0,0,0,0,0,0,0,0,0,0,0,0,0,0,0,0,0,1,0,0,0,1,1,0,0,0,0,0,0,0,0,0,0,0,0,0,0,0,0,0,0,0,0,0,1,0,0,0,0,0,0,0,0,0,1,0,1,1,1,0,0,1,1,1,1,0,1,0,0,1,1,1,0,0,0,1,1,0,0,1,1,0,0,1,1,0,1,1,0,1,1,0,0,1,0,0,1,1,1,1,1,1,1,0,1,0,0,0,1,0,1,1,1,1,1,1,1,1,1,0,0,1,0,1,1,1,1,1,0,1,1,0,1,1,1,1,1,1,1,1,1,1,1,1,1,0,1
CHEMBL204_132,36,35,-1,-1,-1,2.1666666666666665,3.023059524536176,2.9171249454343036,6.9248251586737,0.11346027993745077,0.12208416217631626,1.6979237336427002,3.4812172713364022,0.1948150270301849,0.10023101962492845,-0.2247952563208078,-1.0787415160804403,7.767592592592592,4.146147521026956,-0.11052637524995955,-0.8478852646422101,0.021475256769374416,0.06191979374528354,3.5925072271782317,12.046006386015717,0.8055555555555556,0.3957724124659724,-1.5440972939559132,0.3842364532019724,2.1666666666666665,3.023059524536176,2.9171249454343036,6.9248251586737,2.0,0.0,0,0,1.9444444444444444,2.5706078447242833,3.436776567759192,10.850487174514347,0.0,0.0,0,0,0.02150354637517667,0.05009968220030917,2.0545689327743752,2.506894844329275,0.041666666666666664,0.05278919394814536,2.933608678821204,7.006089003419982,0.04166666666666668,0.045090091374466346,-1.4442145089869125,2.10249541826843,1.25,0.4330127018922193,1.1547005383792515,-0.6666666666666665,1.2280128440894404,70.0,304.0,0.0,244.0,2772.0,48.0,0.0,0.0,0.0,958.0,1286.0,25200.0,0.0,0.0,0.0,0.0,246.0,0.0,0.0,0.0,48.0,0.0,0.0,0.0,0.0,0.0,0.0,0.0,0.0,0.0,0.0,1,1,0,1,1,1,0,0,0,1,1,1,0,0,0,0,1,0,0,0,1,0,0,0,0,0,0,0,0,0,0,6.333333333333333,0.6236095644623235,1.679927806306669,1.530612244897961,2.1666666666666665,0.6871842709362768,-0.228268823563607,-0.8927335640138412,0.0,0.0,0,0,3.138888888888889,0.34583054438857597,2.088370255146496,2.3612903225806443,0.5833333333333334,0.4930066485916347,-0.3380617018914069,-1.8857142857142852,12.676000000000002,1.2438339921388226,1.6785993731867976,1.5249317278946588,0.7777777777777778,0.7856742013183863,0.7566042558696056,-0.0060000000000006715,484.5600000000003,137.32999999999998,4.073870000000003,0,10,0,0,0,0,0,0,0,0,0,0,0,0,0,0,0,0,0,0,0,0,0,0,0,0,0,0,0,0,0,0,0,0,0,0,0,0,0,0,1,0,0,0,0,1,0,0,0,0,0,0,0,0,0,0,0,0,0,0,0,0,0,0,0,0,0,1,0,0,0,0,0,0,0,0,0,1,0,1,1,1,0,0,1,1,1,1,0,0,0,0,1,1,1,0,0,0,1,1,0,0,1,1,0,0,1,1,0,0,1,0,1,1,0,0,1,0,0,1,1,1,1,1,1,1,0,1,0,0,0,1,0,1,1,1,0,1,1,1,1,1,0,0,1,0,1,1,1,1,1,0,1,1,0,1,1,1,1,1,1,1,1,1,1,1,1,1,0,1
CHEMBL204_133,37,35,-1,-1,-1,2.08,2.8272955275315668,2.9451429291564457,7.040957185283855,0.11565397960078426,0.11683828152420078,1.6802201186153114,3.535939893243186,0.1873567017302532,0.09310767738158192,-0.28695932540540997,-0.9285962731952453,7.790990990990992,4.055805527561241,-0.16284628046155153,-0.760339456947515,0.023423423423423424,0.06862786487632384,3.3093752077756045,9.978607569872924,0.8108108108108109,0.3916588309780929,-1.5871507864874157,0.5190476190476199,2.08,2.8272955275315668,2.9451429291564457,7.040957185283855,2.0,0.0,0,0,1.8918918918918919,2.4249133033684274,3.4129434570371973,10.626835353574323,0.0,0.0,0,0,0.02090557947351093,0.08251255257751508,5.304376614056457,27.746263437975927,0.04,0.049799426117075406,2.9841762215611407,7.244935739869025,0.04,0.04265933219644381,2.9570553618235786,7.329639882806081,1.24,0.4270831300812524,1.2175615550562024,-0.5175438596491229,-1.0001421275653413,70.0,280.0,0.0,174.0,2376.0,16.0,0.0,0.0,0.0,510.0,844.0,19920.0,0.0,0.0,0.0,0.0,60.0,0.0,0.0,0.0,0.0,0.0,0.0,0.0,0.0,0.0,0.0,0.0,0.0,0.0,12.0,1,1,0,1,1,1,0,0,0,1,1,1,0,0,0,0,1,0,0,0,0,0,0,0,0,0,0,0,0,0,1,6.525,0.9216154295583382,1.6511701958907967,1.477254896227743,2.15,0.7921489758877429,0.028667793606832893,-0.8254789606514179,0.0,0.0,0,0,3.225,0.41758232721225164,1.317105548196349,-0.26523297491039566,0.525,0.4993746088859545,-0.1001252348643519,-1.9899749373433584,13.133524999999997,2.0473674558747392,1.8645263519126036,2.4048829172828547,0.675,0.7870038119348597,0.950288825814606,0.18930617739270073,552.5570000000002,137.32999999999998,5.092670000000003,0,10,0,0,0,0,0,0,0,0,0,0,0,0,0,0,0,0,0,0,0,0,0,0,0,0,0,0,0,0,0,0,0,0,0,0,0,0,0,0,1,0,0,0,1,1,0,0,0,0,0,0,0,0,0,0,0,0,0,0,0,0,0,0,0,0,0,1,0,0,0,0,0,0,0,0,0,1,0,1,1,1,0,0,1,1,1,1,0,0,0,0,1,1,1,0,0,0,1,1,0,0,1,1,0,0,1,1,1,1,1,0,1,1,1,0,1,0,0,1,1,1,1,1,1,1,0,1,0,0,0,1,0,1,1,1,1,1,1,1,1,1,0,0,1,0,1,1,1,1,1,0,1,1,0,1,1,1,1,1,1,1,1,1,1,1,1,1,0,1
CHEMBL204_134,35,33,-1,-1,-1,2.0869565217391304,2.6360880680389767,2.810935556767955,6.2315759311642385,0.11757661804854266,0.1214379160711171,1.6184119218757438,3.274500686271563,0.18225952200628107,0.09018068991555997,-0.24927298872966017,-1.0160243172210384,7.172380952380952,3.737002752094384,-0.11759097243372572,-0.8370530648994614,0.023172905525846704,0.0629566180437282,3.317312056739589,10.052690700505261,0.8,0.4,-1.5,0.24999999999999956,2.0869565217391304,2.6360880680389767,2.810935556767955,6.2315759311642385,2.0,0.0,0,0,1.8857142857142857,2.2522551057161553,3.2633560568034543,9.596546115279626,0.0,0.0,0,0,0.005006105006105006,0.01457243345331936,2.7760897545915717,6.194625999578411,0.04347826086956521,0.050091624763734646,2.826087744583517,6.2832468766288265,0.04347826086956523,0.11519672480292703,-2.3191022590193904,4.520232492423223,1.3043478260869565,0.4601306627938419,0.850420064270761,-1.2767857142857149,0.8144858326855301,66.0,236.0,0.0,138.0,1770.0,8.0,0.0,0.0,0.0,410.0,576.0,13080.0,0.0,0.0,0.0,0.0,34.0,0.0,0.0,0.0,0.0,0.0,0.0,0.0,0.0,0.0,0.0,0.0,0.0,0.0,24.0,1,1,0,1,1,1,0,0,0,1,1,1,0,0,0,0,1,0,0,0,0,0,0,0,0,0,0,0,0,0,1,6.324324324324325,0.6174951166916682,1.723082500170687,1.686946756506802,2.1621621621621623,0.717108062779546,-0.25022443617835044,-1.0390544292355373,0.0,0.0,0,0,3.1621621621621623,0.3685995053239421,1.8330889377669144,1.3602150537634374,0.5675675675675675,0.4954135886438747,-0.2727723627949901,-1.9255952380952388,12.65802702702703,1.2316403144321015,1.7217494984644535,1.6811124663136363,0.8108108108108109,0.8648648648648648,0.8756103515624997,0.03700256347656161,498.58700000000033,137.32999999999998,4.382290000000003,0,10,0,0,0,0,0,0,0,0,0,0,0,0,0,0,0,0,0,0,0,0,0,0,0,0,0,0,0,0,0,0,0,0,0,0,0,0,0,0,1,0,0,0,0,1,0,0,0,0,0,0,0,0,0,0,0,0,0,0,0,0,0,0,0,0,0,1,0,0,0,0,0,0,0,0,0,1,0,1,1,1,0,0,1,1,1,1,0,0,0,0,1,1,1,0,0,0,1,1,0,0,1,1,0,0,1,1,0,0,1,0,1,1,0,0,1,0,0,1,1,1,1,1,1,1,0,1,0,0,0,1,0,1,1,1,0,1,1,1,1,1,0,0,1,0,1,1,1,1,1,1,1,1,0,1,1,1,1,1,1,1,1,1,1,1,1,1,0,1
CHEMBL204_135,38,36,-1,-1,-1,2.076923076923077,2.9078551032978157,3.0209800724420117,7.445740805400085,0.11052297164952933,0.11874536711569658,1.7208294486339188,3.4714257992208104,0.1845884937990201,0.09229937144033773,-0.252965619226114,-0.9855583500057099,7.989473684210526,4.181906202806749,-0.1497522408904261,-0.793285078723931,0.025011853959222376,0.06916837593118859,3.401579644594065,10.8860402701923,0.8157894736842105,0.3876557858593746,-1.6292261599251139,0.6543778801843323,2.076923076923077,2.9078551032978157,3.0209800724420117,7.445740805400085,2.0,0.0,0,0,1.894736842105263,2.50041547794099,3.493111614747552,11.116366175511843,0.0,0.0,0,0,0.012044534412955466,0.031546003006602964,2.312957986551842,3.495197143937749,0.038461538461538464,0.048633580394802166,3.0127012073992065,7.4064739160493716,0.038461538461538464,0.06765587332686884,-2.2089185151088264,4.513238152657985,1.1923076923076923,0.39411349099844606,1.5614401167176535,0.4380952380952392,0.010057349835310186,72.0,302.0,0.0,180.0,2706.0,24.0,0.0,0.0,0.0,748.0,904.0,23880.0,0.0,0.0,0.0,0.0,120.0,0.0,0.0,0.0,12.0,0.0,0.0,0.0,0.0,0.0,0.0,0.0,0.0,0.0,0.0,1,1,0,1,1,1,0,0,0,1,1,1,0,0,0,0,1,0,0,0,1,0,0,0,0,0,0,0,0,0,0,6.405405405405405,0.7519150131483002,1.8495967662129835,2.596869178534946,2.1621621621621623,0.717108062779546,-0.25022443617835044,-1.0390544292355373,0.0,0.0,0,0,3.1621621621621623,0.3685995053239421,1.8330889377669144,1.3602150537634374,0.5675675675675675,0.4954135886438747,-0.2727723627949901,-1.9255952380952388,12.846864864864866,1.598850130092015,2.118005697911829,4.245290663059688,0.7297297297297297,0.7935090949136862,0.8449442347538885,0.03208692890327036,502.5500000000003,137.32999999999998,4.212970000000002,0,10,0,0,0,0,0,0,0,0,0,0,0,0,0,0,0,0,0,0,0,0,0,0,0,0,0,0,0,0,0,0,0,0,0,0,0,0,0,0,1,0,0,0,1,1,0,0,0,0,0,0,0,0,0,0,0,0,0,0,0,0,0,0,0,0,0,1,0,0,0,0,0,0,0,0,0,1,0,1,1,1,0,0,1,1,1,1,0,1,0,0,1,1,1,0,0,0,1,1,0,0,1,1,0,0,1,1,0,1,1,0,1,1,0,0,1,0,0,1,1,1,1,1,1,1,0,1,0,0,0,1,0,1,1,1,1,1,1,1,1,1,0,0,1,0,1,1,1,1,1,0,1,1,0,1,1,1,1,1,1,1,1,1,1,1,1,1,0,1
CHEMBL204_136,39,35,-1,-1,-1,2.0,2.886751345948129,2.9618068809427798,6.947999999999999,0.10753571065912541,0.11864694085421039,1.7595551552069346,3.932075187841196,0.1598003734042345,0.08808138782222891,-0.0989722292811287,-1.159766236761667,7.028205128205129,4.060518250094059,0.014141498742774468,-0.9575799056479579,0.018382755224860492,0.05692738706998921,3.4866751336296917,11.18485400785488,0.8205128205128205,0.3837597319768145,-1.6703827619526517,0.7901785714285703,2.0,2.886751345948129,2.9618068809427798,6.947999999999999,2.0,0.0,0,0,1.794871794871795,2.3662096400121695,3.6012622392377005,11.840363929108875,0.0,0.0,0,0,0.004714912280701754,0.014214167803701237,2.77464417742578,5.916796787868289,0.041666666666666664,0.05486687455222529,2.966277573202458,6.956875969329047,0.04166666666666666,0.23054758434838468,3.060909137632246,7.6853150693876735,1.1666666666666667,0.3726779962499649,1.7888543819998315,1.1999999999999993,-0.6718946511823978,70.0,274.0,0.0,106.0,2370.0,8.0,0.0,0.0,0.0,440.0,510.0,19920.0,0.0,0.0,0.0,0.0,38.0,0.0,0.0,0.0,0.0,0.0,0.0,0.0,0.0,0.0,0.0,0.0,0.0,0.0,0.0,1,1,0,1,1,1,0,0,0,1,1,1,0,0,0,0,1,0,0,0,0,0,0,0,0,0,0,0,0,0,0,6.384615384615385,0.7378202343558028,1.9332912520726613,2.9451795841209805,2.1538461538461537,0.7692307692307693,-0.26999999999999963,-1.2680000000000005,0.0,0.0,0,0,3.2051282051282053,0.4037952755903492,1.4605014605021907,0.13306451612903158,0.5384615384615384,0.4985185152621432,-0.15430334996209166,-1.9761904761904767,12.804000000000004,1.5681900885562805,2.2038241309580098,4.667881556678247,0.7948717948717948,0.9386156521909297,0.9761466872744697,-0.05695255067943927,530.6040000000004,137.32999999999998,4.829810000000004,0,10,0,0,0,0,0,0,0,0,0,0,0,0,0,0,0,0,0,0,0,0,0,0,0,0,0,0,0,0,0,0,0,0,0,0,0,0,0,0,1,0,0,0,1,1,0,0,0,0,0,0,0,0,0,0,0,0,0,0,0,0,0,0,0,0,0,1,0,0,0,0,0,0,0,0,0,1,0,1,1,1,0,0,1,1,1,1,0,1,0,0,1,1,1,0,0,0,1,1,0,0,1,1,0,0,1,1,0,1,1,0,1,1,0,0,1,0,0,1,1,1,1,1,1,1,0,1,0,0,0,1,0,1,1,1,1,1,1,1,1,1,0,1,1,0,1,1,1,1,1,1,1,1,0,1,1,1,1,1,1,1,1,1,1,1,1,1,0,1
CHEMBL204_137,37,36,-1,-1,-1,2.16,2.948626799037138,2.9326340267464426,6.938368461826993,0.11092903108091645,0.12133333050104615,1.6581491918181464,3.036601582015443,0.18907952093693997,0.09621924387708593,-0.23738312923005522,-1.0880888434019735,7.878378378378378,4.184333473755715,-0.12039094950840573,-0.8610975096118034,0.023509223509223506,0.06344427935670513,3.4399682425430695,11.006225103611245,0.8108108108108109,0.3916588309780929,-1.5871507864874157,0.5190476190476199,2.16,2.948626799037138,2.9326340267464426,6.938368461826993,2.0,0.0,0,0,1.945945945945946,2.5249666408922518,3.4254415021765006,10.660980421849963,0.0,0.0,0,0,0.020791997887174854,0.04908475483911387,2.0897436819414863,2.677867983717051,0.039999999999999994,0.04918778885111561,2.933852843622235,6.944725294243414,0.03999999999999999,0.36475923782646724,2.9281003685932263,6.914998816488032,1.24,0.4270831300812524,1.2175615550562024,-0.5175438596491229,-1.7251218076322914,72.0,304.0,0.0,244.0,2706.0,48.0,0.0,0.0,0.0,988.0,1254.0,23880.0,0.0,0.0,0.0,0.0,246.0,0.0,0.0,0.0,48.0,0.0,0.0,0.0,0.0,0.0,0.0,0.0,0.0,0.0,0.0,1,1,0,1,1,1,0,0,0,1,1,1,0,0,0,0,1,0,0,0,1,0,0,0,0,0,0,0,0,0,0,6.421052631578948,0.7480352843974684,1.77954448318171,2.4225075972943744,2.1578947368421053,0.7443229275647868,-0.263043722601396,-1.1625999999999992,0.0,0.0,0,0,3.1842105263157894,0.3876557858593746,1.6292261599251145,0.6543778801843345,0.5526315789473685,0.49722220072871526,-0.21170244960998583,-1.955182072829131,12.877394736842108,1.5885643889584826,2.0551747818156705,4.086398021830025,0.7368421052631579,0.8791206888678983,1.002313459697808,0.12170963887925135,517.5650000000003,150.21999999999997,3.9163900000000025,0,10,0,0,0,0,0,0,0,0,0,0,0,0,0,0,0,0,0,0,0,0,0,0,0,0,0,0,0,0,0,0,0,0,0,0,0,0,0,0,1,0,0,0,1,1,0,0,0,0,0,0,0,0,0,0,0,0,0,0,0,0,0,0,0,0,0,1,0,0,0,0,0,0,0,0,0,1,0,1,1,1,0,0,1,1,1,1,0,1,0,0,1,1,1,0,0,0,1,1,1,0,1,1,0,0,1,1,0,1,1,0,1,1,0,0,1,0,0,1,1,1,1,1,1,1,0,1,0,0,0,1,0,1,1,1,1,1,1,1,1,1,0,0,1,0,1,1,1,1,1,1,1,1,0,1,1,1,1,1,1,1,1,1,1,1,1,1,0,1
CHEMBL204_138,36,34,-1,-1,-1,2.1818181818181817,2.9944852894546545,2.7191165201070775,5.689223385504057,0.11062643039700262,0.12465781433746904,1.5997909086225375,2.7781161020021203,0.1735842582944836,0.09788997400481796,-0.1047959286997008,-1.2480162331017166,6.888888888888889,4.034381559533163,0.003403136022454288,-1.0201713183703056,0.016993464052287584,0.05067013632242831,3.5179346154563573,11.167887696039173,0.8055555555555556,0.3957724124659724,-1.5440972939559128,0.3842364532019724,2.1818181818181817,2.9944852894546545,2.7191165201070775,5.689223385504057,2.0,0.0,0,0,1.8888888888888888,2.458294098870843,3.370447886819748,10.276466678700093,0.0,0.0,0,0,0.0232148803577375,0.053602908011178896,1.9950022057503303,2.2096276607497707,0.04545454545454544,0.05705237533650429,2.7404031897176186,5.773651545206789,0.04545454545454545,0.02263736037918314,1.302680734584298,0.7385910023677349,1.2727272727272727,0.44536177141512334,1.020620726159657,-0.9583333333333353,-0.5407815342035959,68.0,278.0,0.0,210.0,2376.0,48.0,0.0,0.0,0.0,868.0,1042.0,19920.0,0.0,0.0,0.0,0.0,234.0,0.0,0.0,0.0,48.0,0.0,0.0,0.0,0.0,0.0,0.0,0.0,0.0,0.0,0.0,1,1,0,1,1,1,0,0,0,1,1,1,0,0,0,0,1,0,0,0,1,0,0,0,0,0,0,0,0,0,0,6.435897435897436,0.7777308147745181,1.6854338274320986,1.8206427221171975,2.1538461538461537,0.7351421121452028,-0.2497540453990024,-1.1242207895998728,0.0,0.0,0,0,3.1794871794871793,0.3837597319768145,1.670382761952654,0.7901785714285743,0.5384615384615384,0.49851851526214314,-0.1543033499620917,-1.9761904761904763,12.906256410256415,1.641457790454426,1.9265393092607603,3.2510844758288586,0.7435897435897436,0.8687730433896111,0.9893382567873242,0.15830591606065525,532.5760000000004,146.55999999999997,4.221570000000003,0,11,0,0,0,0,0,0,0,0,0,0,0,0,0,0,0,0,0,0,0,0,0,0,0,0,0,0,0,0,0,0,0,0,0,0,0,0,0,0,1,0,0,0,1,1,0,0,0,0,0,0,0,0,0,0,0,0,0,0,0,0,0,0,0,0,0,1,0,0,0,0,0,0,0,0,0,1,0,1,1,1,0,0,1,1,1,1,0,1,0,0,1,1,1,1,0,0,1,1,0,0,1,1,0,0,1,1,0,1,1,0,1,1,0,1,1,0,0,1,1,1,1,1,1,1,0,1,1,1,0,1,0,1,1,1,1,1,1,1,1,1,1,0,1,1,1,1,1,1,1,1,1,1,1,1,1,1,1,1,1,1,1,1,1,1,1,1,0,1
CHEMBL204_139,38,36,-1,-1,-1,2.1739130434782608,3.07376237254498,2.800397396630788,6.097156509662689,0.10684719441191314,0.12206337091849885,1.6587025905774537,3.027051215931558,0.1688609388927232,0.09639303670744497,-0.07147292063662972,-1.2880549903513567,7.087719298245615,4.19163341727688,0.03400850537808639,-1.057324803698165,0.015963331752805437,0.04901872128716541,3.625129612184105,11.91022544203388,0.8157894736842105,0.3876557858593746,-1.6292261599251139,0.6543778801843323,2.1739130434782608,3.07376237254498,2.800397396630788,6.097156509662689,2.0,0.0,0,0,1.894736842105263,2.50041547794099,3.493111614747552,11.116366175511843,0.0,0.0,0,0,0.020835602668876484,0.049640034799544645,2.0817593346581518,2.570945217493578,0.043478260869565195,0.056233377152489425,2.819131054209614,6.1676614969065735,0.043478260869565216,0.023213292182175386,1.5865140699146305,1.5488647405524612,1.2608695652173914,0.43910891036356847,1.0891622972743424,-0.8137254901960773,-0.17955296527878328,72.0,302.0,0.0,220.0,2706.0,48.0,0.0,0.0,0.0,956.0,1144.0,23880.0,0.0,0.0,0.0,0.0,246.0,0.0,0.0,0.0,48.0,0.0,0.0,0.0,0.0,0.0,0.0,0.0,0.0,0.0,0.0,1,1,0,1,1,1,0,0,0,1,1,1,0,0,0,0,1,0,0,0,1,0,0,0,0,0,0,0,0,0,0,6.435897435897436,0.7777308147745181,1.6854338274320986,1.8206427221171975,2.1538461538461537,0.7351421121452026,-0.24975404539900245,-1.1242207895998722,0.0,0.0,0,0,3.1794871794871793,0.3837597319768145,1.670382761952654,0.7901785714285743,0.5384615384615384,0.49851851526214314,-0.1543033499620917,-1.9761904761904763,12.906256410256415,1.641457790454426,1.9265393092607603,3.2510844758288586,0.7435897435897436,0.8687730433896111,0.9893382567873242,0.15830591606065525,532.5760000000004,146.55999999999997,4.221570000000003,0,11,0,0,0,0,0,0,0,0,0,0,0,0,0,0,0,0,0,0,0,0,0,0,0,0,0,0,0,0,0,0,0,0,0,0,0,0,0,0,1,0,0,0,1,1,0,0,0,0,0,0,0,0,0,0,0,0,0,0,0,0,0,0,0,0,0,1,0,0,0,0,0,0,0,0,0,1,0,1,1,1,0,0,1,1,1,1,0,1,0,0,1,1,1,1,0,0,1,1,0,0,1,1,0,0,1,1,0,1,1,0,1,1,0,1,1,0,0,1,1,1,1,1,1,1,0,1,1,1,0,1,0,1,1,1,1,1,1,1,1,1,1,0,1,1,1,1,1,1,1,1,1,1,1,1,1,1,1,1,1,1,1,1,1,1,1,1,0,1
CHEMBL204_140,37,35,-1,-1,-1,2.1818181818181817,2.9944852894546545,2.7191165201070775,5.689223385504057,0.10764313129589678,0.12425772938470005,1.624731709394109,2.864110937326142,0.16620332741570276,0.09495271577495196,-0.03497378254599711,-1.2956827058028955,6.783783783783784,4.020754128401581,0.0728881375479996,-1.0591476950463738,0.01565851565851566,0.04726222980646914,3.5773327091924547,11.607987877442898,0.8108108108108109,0.3916588309780929,-1.5871507864874157,0.5190476190476199,2.1818181818181817,2.9944852894546545,2.7191165201070775,5.689223385504057,2.0,0.0,0,0,1.8918918918918919,2.4249133033684274,3.412943457037197,10.626835353574322,0.0,0.0,0,0,0.02258745115887973,0.053007431370240055,2.040479501140706,2.3972264722971,0.04545454545454544,0.05705237533650429,2.7404031897176186,5.773651545206789,0.04545454545454538,0.728503495117262,2.717701873453789,5.702707073207934,1.2727272727272727,0.44536177141512334,1.020620726159657,-0.9583333333333353,1.5338409702169655,70.0,280.0,0.0,210.0,2376.0,48.0,0.0,0.0,0.0,868.0,1042.0,19920.0,0.0,0.0,0.0,0.0,234.0,0.0,0.0,0.0,48.0,0.0,0.0,0.0,0.0,0.0,0.0,0.0,0.0,0.0,0.0,1,1,0,1,1,1,0,0,0,1,1,1,0,0,0,0,1,0,0,0,1,0,0,0,0,0,0,0,0,0,0,6.4324324324324325,0.7548237861496725,1.7382311423318697,2.262603550295859,2.1621621621621623,0.717108062779546,-0.25022443617835044,-1.0390544292355373,0.0,0.0,0,0,3.1621621621621623,0.3685995053239421,1.8330889377669144,1.3602150537634374,0.5675675675675675,0.4954135886438747,-0.2727723627949901,-1.9255952380952384,12.900810810810814,1.6034040787908483,2.0131048489157437,3.891026584931846,0.7027027027027027,0.8008395886502192,0.9017501721921365,0.05576195640329695,503.5380000000003,150.21999999999997,3.6079700000000017,0,10,0,0,0,0,0,0,0,0,0,0,0,0,0,0,0,0,0,0,0,0,0,0,0,0,0,0,0,0,0,0,0,0,0,0,0,0,0,0,1,0,0,0,1,1,0,0,0,0,0,0,0,0,0,0,0,0,0,0,0,0,0,0,0,0,0,1,0,0,0,0,0,0,0,0,0,1,0,1,1,1,0,0,1,1,1,1,0,1,0,0,1,1,1,0,0,0,1,1,1,0,1,1,0,0,1,1,0,1,1,0,1,1,0,0,1,0,0,1,1,1,1,1,1,1,0,1,0,0,0,1,0,1,1,1,1,1,1,1,1,1,0,0,1,0,1,1,1,1,1,0,1,1,0,1,1,1,1,1,1,1,1,1,1,1,1,1,0,1
CHEMBL204_141,35,31,-1,-1,-1,1.9130434782608696,2.3758393204024784,2.8266958159079194,6.294767185467885,0.11532699387912458,0.12357634504318753,1.6635919652711932,3.640754848798136,0.16558708831516797,0.0785447986535357,-0.2221729022512572,-0.9437239248757385,6.6900680272108835,3.4187902090638196,-0.04520200835843758,-0.7332834021152568,0.0275528393175452,0.07502540828108346,2.8789897655337064,6.778500916733243,0.8,0.4,-1.5,0.24999999999999956,1.9130434782608696,2.3758393204024784,2.8266958159079194,6.294767185467885,2.0,0.0,0,0,1.7714285714285714,2.043606256256876,3.2025304531768484,9.175638249683185,0.0,0.0,0,0,0.0,0.0,0,0,0.043478260869565216,0.048807290181980795,2.82026507125625,6.283086855699516,0.04347826086956524,0.021575659186038085,0.3754714762369285,0.5287898909533935,1.0,0.0,0,0,0.9901510087634473,62.0,194.0,0.0,70.0,1284.0,0.0,0.0,0.0,0.0,164.0,256.0,8184.0,0.0,0.0,0.0,0.0,0.0,0.0,0.0,0.0,0.0,0.0,0.0,0.0,0.0,0.0,0.0,0.0,0.0,0.0,0.0,1,1,0,1,1,0,0,0,0,1,1,1,0,0,0,0,0,0,0,0,0,0,0,0,0,0,0,0,0,0,0,6.588235294117647,1.750926596016143,4.586830980581698,21.602033640935762,2.176470588235294,0.7463869141440895,0.12629346882589387,-0.4253693916129784,0.0,0.0,0,0,3.2941176470588234,0.45564509955381377,0.9036961141150649,-1.1833333333333322,0.47058823529411764,0.4991341984846218,0.11785113019775792,-1.9861111111111114,13.187588235294118,3.5097485926189935,4.595855497035826,21.671031426984523,0.8823529411764706,0.7957499563805106,0.5635047393342238,-0.3043984591955544,478.61800000000034,116.35,3.4144700000000014,1,8,0,0,0,0,0,0,0,0,0,0,0,0,0,0,0,0,0,0,0,0,0,0,0,0,0,0,0,0,0,0,0,0,1,1,0,0,0,0,1,0,0,0,0,1,0,0,0,0,0,0,0,1,0,0,0,1,0,0,1,1,1,1,0,0,1,0,0,1,0,1,0,0,0,1,0,0,0,1,1,1,0,1,0,0,1,1,0,0,1,0,0,0,1,1,1,1,1,0,0,0,0,1,1,0,1,1,1,0,1,0,1,1,1,0,0,0,1,1,1,1,0,0,1,0,1,1,0,0,0,1,1,1,0,1,0,0,1,0,0,0,0,0,1,0,0,1,1,1,1,0,0,1,0,0,1,1,1,0,1,1,1,1,1,1,1,1,0,1
CHEMBL204_142,35,31,-1,-1,-1,2.0,2.5260547066428276,2.7474854322084217,6.2088438404989965,0.10960272121892554,0.12868050385678112,1.838093427572538,4.558254296716002,0.1589157297821501,0.08668714132425133,-0.041385017178006155,-1.0858316320136165,6.2,3.558145138326545,0.07500737264359163,-0.9005441354230728,0.019047619047619042,0.053446255116993815,3.090476262247469,8.65168035211304,0.8,0.4,-1.5,0.24999999999999956,2.0,2.5260547066428276,2.7474854322084217,6.2088438404989965,2.0,0.0,0,0,1.7714285714285714,2.0851271189164504,3.3116128902199082,10.4202643307849,0.0,0.0,0,0,0.005015833919774807,0.014668807065946109,2.857967990357606,6.932501703442339,0.047619047619047616,0.05477224003780624,2.7694153054782142,6.315805068510885,0.047619047619047596,0.02332346268706164,0.5585940929375993,0.052005126861825346,1.1904761904761905,0.39267672624930106,1.576481562736164,0.4852941176470571,-0.12891044046847777,62.0,200.0,0.0,106.0,1392.0,8.0,0.0,0.0,0.0,314.0,432.0,9720.0,0.0,0.0,0.0,0.0,32.0,0.0,0.0,0.0,0.0,0.0,0.0,0.0,0.0,0.0,0.0,0.0,0.0,0.0,0.0,1,1,0,1,1,1,0,0,0,1,1,1,0,0,0,0,1,0,0,0,0,0,0,0,0,0,0,0,0,0,0,6.5,1.0723805294763609,1.8244659291658316,1.4706994328922498,2.1,0.8888194417315589,0.6579627977567378,-0.16760134593815046,0.0,0.0,0,0,3.7,0.45825756949558405,-0.8728715609439706,-1.2380952380952366,0.3,0.45825756949558394,0.8728715609439697,-1.2380952380952384,13.158849999999997,2.4908565850927675,1.85607170651841,1.5667150802265581,1.1,1.0440306508910548,0.32689117257088823,-1.2445080380439353,285.353,3.24,4.468900000000004,0,3,0,0,0,0,0,0,0,0,0,0,0,0,0,0,0,0,0,0,0,0,0,0,0,0,0,0,0,0,0,0,0,0,0,0,0,0,0,0,0,0,0,0,1,0,0,0,0,0,0,0,0,0,0,0,0,0,0,0,0,0,0,0,1,0,0,0,1,0,0,0,0,0,0,0,1,0,0,0,0,0,0,0,0,0,0,1,1,0,0,0,0,0,0,1,0,0,0,0,0,0,1,0,0,0,0,0,1,1,1,0,0,0,1,0,0,1,0,0,1,0,0,0,1,0,0,0,0,0,1,1,0,0,0,0,1,0,0,0,0,0,0,0,0,0,0,1,0,1,1,1,0,0,0,1,0,1,0,0,1,0,1,1,1,1,0,1,0,0
CHEMBL204_143,40,39,-1,-1,-1,2.230769230769231,3.354763459593312,3.3138926263139754,9.722364305214166,0.10579745114402891,0.11750276307996681,2.12175842583073,6.740511460449744,0.18490078502850577,0.10411730011912745,-0.20200822539003976,-1.1598587350191853,8.2075,4.747202319378342,-0.12527221714262646,-0.9135019048155684,0.017948717948717947,0.05801297502744993,4.191508643807944,17.091765060800636,0.825,0.3799671038392666,-1.7106744068953987,0.9264069264069255,2.230769230769231,3.354763459593312,3.3138926263139754,9.722364305214166,2.0,0.0,0,0,1.95,2.801338965566288,4.00196601342214,15.586671133519339,0.0,0.0,0,0,0.04848989541051908,0.16027109166321477,5.239461530897068,28.083720354201084,0.03846153846153847,0.05300622078590912,3.32041381530466,9.702875674388514,0.03846153846153847,0.04764270593976035,-2.2682311749755315,5.263794780826332,1.3461538461538463,0.47574295680203776,0.646761666763554,-1.5816993464052294,0.13034715751313275,78.0,388.0,0.0,264.0,4410.0,56.0,0.0,0.0,0.0,1248.0,1620.0,51720.0,0.0,0.0,0.0,0.0,304.0,0.0,0.0,0.0,48.0,0.0,0.0,0.0,0.0,0.0,0.0,0.0,0.0,0.0,0.0,1,1,0,1,1,1,0,0,0,1,1,1,0,0,0,0,1,0,0,0,1,0,0,0,0,0,0,0,0,0,0,6.333333333333333,0.5773502691896257,1.5396007178390037,1.3333333333333348,2.1666666666666665,0.6454972243679029,-0.17213259316477342,-0.6666666666666674,0.0,0.0,0,0,3.25,0.4330127018922193,1.1547005383792515,-0.6666666666666665,0.5833333333333334,0.4930066485916346,-0.338061701891407,-1.8857142857142848,12.676111111111112,1.151749822800502,1.5379296620436629,1.3256161321314899,0.8333333333333334,0.9279607271383369,0.9617574237562784,0.04370447450572401,486.58000000000015,112.04,2.2345999999999995,0,10,0,0,0,0,0,0,0,0,0,0,0,0,0,0,0,0,0,0,0,0,0,0,0,0,0,0,0,0,0,0,0,0,0,0,0,0,0,0,1,0,0,0,0,0,0,0,0,0,0,0,0,0,1,0,0,0,0,0,0,0,0,0,1,0,0,1,0,0,0,0,0,0,0,0,1,1,0,1,0,1,1,0,0,1,0,1,1,0,0,0,0,1,1,1,1,0,1,1,1,1,1,1,0,0,0,1,0,0,0,0,1,1,0,1,0,1,1,1,1,0,1,1,1,0,1,1,0,1,0,1,0,1,0,1,0,1,1,1,1,0,0,1,1,1,0,1,0,1,1,1,0,1,0,1,1,1,1,0,1,1,1,1,1,1,1,1,0,0
CHEMBL204_144,38,35,-1,-1,-1,2.0833333333333335,2.8710721961587025,2.9270175626966006,6.820983286360452,0.1107303988876938,0.1185519642851034,1.7480407533143765,4.066416905936987,0.1668320164586853,0.09067196358424971,-0.17451814703547208,-1.1026397293702672,7.169298245614035,4.080977706347404,-0.07304390039564711,-0.9246912119941633,0.019796111901375056,0.06042872789493567,3.4462050866447256,10.833490220822853,0.8157894736842105,0.3876557858593746,-1.6292261599251139,0.6543778801843323,2.0833333333333335,2.8710721961587025,2.9270175626966006,6.820983286360452,2.0,0.0,0,0,1.8421052631578947,2.3899605346826793,3.529588027168483,11.352408978316245,0.0,0.0,0,0,0.03637023179959468,0.1602876049558661,5.7106519693741555,31.37904313638912,0.04166666666666666,0.05279478759447977,2.9389344327932814,6.816580954526895,0.041666666666666664,0.03264362098308162,-1.4084880645801818,2.241593312325394,1.2916666666666667,0.45452967144315476,0.9166984970282107,-1.159663865546219,0.0306568213314305,70.0,276.0,0.0,132.0,2370.0,16.0,0.0,0.0,0.0,484.0,620.0,19920.0,0.0,0.0,0.0,0.0,58.0,0.0,0.0,0.0,0.0,0.0,0.0,0.0,0.0,0.0,0.0,0.0,0.0,0.0,0.0,1,1,0,1,1,1,0,0,0,1,1,1,0,0,0,0,1,0,0,0,0,0,0,0,0,0,0,0,0,0,0,7.037037037037037,2.860736521085558,3.095072196080434,7.910315061693318,2.1481481481481484,0.7046776885348314,-0.21662369894796604,-0.9821586642654365,0.0,0.0,0,0,3.259259259259259,0.43822813208145306,1.0987005311470728,-0.7928571428571418,0.6296296296296297,0.4829038818668629,-0.5368754921931594,-1.7117647058823524,14.190851851851855,6.093705238490593,3.1136684004596242,7.9915744848916255,0.7407407407407407,0.8857970920815851,1.169569244765162,0.6753997750501259,403.31300000000005,50.160000000000004,4.137500000000003,0,6,0,0,0,0,0,0,0,0,0,0,0,0,0,0,0,0,0,0,0,0,0,0,0,0,0,0,0,0,0,0,0,0,0,0,0,0,0,0,0,0,0,0,0,0,0,0,0,0,0,0,0,0,1,0,0,0,0,0,0,0,0,0,1,0,0,1,0,0,0,0,0,0,0,0,1,1,0,0,0,1,1,0,1,1,0,1,1,1,0,0,0,0,1,1,1,1,1,1,0,0,1,0,0,1,1,0,0,1,0,0,1,1,0,0,0,1,1,1,1,0,1,1,1,0,1,1,0,0,0,0,0,0,0,1,1,1,0,1,1,0,0,0,1,0,1,1,0,1,1,1,1,1,0,1,1,1,1,0,1,0,1,1,1,1,1,1,0,0
CHEMBL204_145,37,34,-1,-1,-1,2.0,2.727636339397171,2.850157638721463,6.508324661810613,0.1144877843134011,0.11798124541652875,1.6721314319306013,3.191149934390303,0.18728383127451614,0.09306079310964609,-0.27888716210243103,-0.8990383934129267,7.711711711711711,4.0132847428758875,-0.13992263945528013,-0.753139324730884,0.023423423423423424,0.068126051559834,3.035042729291139,7.816939499672722,0.8108108108108109,0.3916588309780929,-1.5871507864874157,0.5190476190476199,2.0,2.727636339397171,2.850157638721463,6.508324661810613,2.0,0.0,0,0,1.837837837837838,2.3424809383805894,3.2863132908048844,9.772935826639035,0.0,0.0,0,0,0.0032443962834455193,0.010339751693255853,3.51926222341542,12.331170355504716,0.040000000000000015,0.049706503598820166,2.867875177712482,6.593934793501125,0.039999999999999994,0.08204482921777856,-2.0392372838195603,3.7854910285834222,1.16,0.3666060555964672,1.854852067005936,1.4404761904761934,-1.0111523906159945,68.0,260.0,0.0,166.0,2064.0,8.0,0.0,0.0,0.0,444.0,846.0,15984.0,0.0,0.0,0.0,0.0,40.0,0.0,0.0,0.0,0.0,0.0,0.0,0.0,0.0,0.0,0.0,0.0,0.0,0.0,0.0,1,1,0,1,1,1,0,0,0,1,1,1,0,0,0,0,1,0,0,0,0,0,0,0,0,0,0,0,0,0,0,7.181818181818182,3.049635303129485,2.71207586719042,5.646829235080073,2.1818181818181817,0.7158188976374373,-0.2826777020326814,-1.0265348595213324,0.0,0.0,0,0,3.1818181818181817,0.38569460791993493,1.6499158227686133,0.7222222222222272,0.6363636363636364,0.48104569292083466,-0.5669467095138406,-1.6785714285714284,14.462636363636364,6.388225465263522,2.7421443869577393,5.828651108982816,0.6363636363636364,0.8097205585386296,1.4378386529914826,1.8567544664924824,498.4350000000002,61.440000000000005,6.774300000000005,0,6,0,0,0,0,0,0,0,0,0,0,0,0,0,0,0,0,0,0,0,0,0,0,0,0,0,0,0,0,0,0,0,0,0,0,0,0,1,0,0,0,0,0,0,0,0,0,0,0,0,0,0,0,0,1,0,0,0,0,0,0,0,0,0,0,0,0,0,0,0,0,0,0,0,0,1,0,0,0,0,0,1,1,0,1,0,1,1,1,1,0,0,1,1,1,0,0,1,1,0,0,1,1,0,1,0,1,0,1,0,0,1,0,0,0,0,1,0,1,0,0,0,0,1,0,0,1,0,0,0,0,0,1,0,1,1,1,1,1,0,0,0,0,1,0,1,1,0,0,1,1,1,1,0,1,1,1,1,0,1,1,1,1,1,1,1,1,0,1
CHEMBL204_146,38,36,-1,-1,-1,2.076923076923077,2.86790028958573,3.268667127009771,9.811528388799752,0.1078719592039779,0.1211586971338811,2.319209511225437,8.118643875393365,0.19100691643261297,0.09490700847913267,-0.3519754918934266,-0.9537310172941482,8.120175438596492,4.22599197305861,-0.1934599559123773,-0.7089712194504676,0.02327327327327327,0.0650050076822157,3.6368018313879675,13.325419491077621,0.8157894736842105,0.3876557858593746,-1.6292261599251139,0.6543778801843323,2.076923076923077,2.86790028958573,3.268667127009771,9.811528388799752,2.0,0.0,0,0,1.894736842105263,2.4686398735912793,3.7523713716253497,14.102031404958655,0.0,0.0,0,0,0.004291739579126845,0.013153850340215071,2.914609816752206,6.805139533346857,0.03846153846153847,0.04870103042940929,3.306166630585185,10.051354401070746,0.03846153846153846,0.1482240939238418,3.9748927960999025,15.183118823799035,1.2692307692307692,0.4435600997950306,1.0405319634289447,-0.917293233082705,1.4113240743741478,72.0,296.0,0.0,164.0,2760.0,8.0,0.0,0.0,0.0,512.0,828.0,27168.0,0.0,0.0,0.0,0.0,38.0,0.0,0.0,0.0,0.0,0.0,0.0,0.0,0.0,0.0,0.0,0.0,0.0,0.0,24.0,1,1,0,1,1,1,0,0,0,1,1,1,0,0,0,0,1,0,0,0,0,0,0,0,0,0,0,0,0,0,1,6.54054054054054,0.9181236622412449,1.6615460097788064,1.6133454880770373,2.2162162162162162,0.7758216267247201,-0.047435342356504505,-0.7334986803657264,0.0,0.0,0,0,3.2432432432432434,0.42904075314560924,1.1968874978625523,-0.5674603174603194,0.6756756756756757,0.4681218398834804,-0.7505553499465133,-1.4366666666666668,13.170702702702705,2.055902667073319,1.8785396536590446,2.5005239413530296,0.5945945945945946,0.852958585841054,1.4025921062812847,1.1705738617119081,509.49200000000013,108.0,4.287200000000003,0,7,0,0,0,0,0,0,0,0,0,0,0,0,0,0,0,0,0,0,0,0,0,0,0,0,0,0,0,0,0,0,0,0,0,0,0,0,0,0,1,0,0,0,1,0,0,0,0,0,0,0,0,0,1,0,0,0,0,1,0,0,0,0,1,0,0,1,0,0,0,0,0,1,0,0,1,1,0,1,0,1,1,0,0,1,1,1,1,0,0,0,0,0,0,1,1,1,1,1,0,0,1,1,1,0,0,1,1,1,0,0,0,1,1,0,0,1,0,0,0,0,1,1,1,0,1,1,0,0,0,0,1,0,1,1,1,1,0,1,0,0,0,0,1,0,1,1,0,0,1,1,1,1,1,1,1,1,1,0,1,1,1,1,1,1,1,1,0,1
CHEMBL204_147,37,34,-1,-1,-1,2.0,2.6076809620810595,2.774608636124311,6.250865051903116,0.11325442186640303,0.11916569537720932,1.6943553673666916,3.3174756807707597,0.18437900851530734,0.09128498213470193,-0.25978512148896143,-0.879068377506004,7.603603603603605,3.946023077118554,-0.12976729487882352,-0.7669022423541052,0.024109824109824107,0.06765833892464457,2.893864280060689,6.948549602747105,0.8108108108108109,0.3916588309780929,-1.5871507864874157,0.5190476190476199,2.0,2.6076809620810595,2.774608636124311,6.250865051903116,2.0,0.0,0,0,1.837837837837838,2.248284793847073,3.184722190982523,9.294614921982022,0.0,0.0,0,0,0.003402622757461467,0.010895044771138404,3.5434128270284595,12.488136195988666,0.04000000000000001,0.04741314354088532,2.78657192972919,6.311228592087197,0.039999999999999994,0.019020189555161902,0.7339460085679824,1.5899739791782634,1.16,0.36660605559646714,1.8548520670059365,1.4404761904761942,-1.5279207050943666,68.0,244.0,0.0,164.0,1800.0,8.0,0.0,0.0,0.0,440.0,780.0,13104.0,0.0,0.0,0.0,0.0,38.0,0.0,0.0,0.0,0.0,0.0,0.0,0.0,0.0,0.0,0.0,0.0,0.0,0.0,0.0,1,1,0,1,1,1,0,0,0,1,1,1,0,0,0,0,1,0,0,0,0,0,0,0,0,0,0,0,0,0,0,6.575,1.6414551471179468,4.767927780495722,24.242391048001206,2.1,0.66332495807108,-0.11306675421666187,-0.7443181818181825,0.0,0.0,0,0,3.175,0.4943429983321297,0.3422352217965134,0.3526533709224835,0.45,0.4974937185533099,0.20100756305184259,-1.9595959595959591,13.160699999999997,3.2897849033029503,4.779564920725599,24.337834698688596,0.775,0.7901740314639556,0.7253125264839414,-0.1659377094812542,557.676,145.39,3.603080000000003,1,13,0,0,0,0,0,0,0,0,0,0,0,0,0,0,0,0,0,0,0,0,0,0,0,0,0,0,0,0,0,0,0,0,0,0,0,0,0,0,0,0,0,1,0,0,0,0,0,0,0,0,0,0,0,1,0,0,0,0,0,1,0,0,0,0,1,0,0,0,0,0,0,0,1,0,0,0,0,0,0,1,1,1,1,0,1,1,1,0,1,0,1,1,1,1,0,1,0,1,0,0,1,0,0,0,1,0,0,0,0,0,1,1,0,0,0,1,0,1,1,0,0,0,1,0,0,1,0,0,1,1,0,1,1,1,0,1,1,0,1,0,1,0,1,0,1,1,1,1,1,0,1,1,1,1,1,1,1,0,1,1,1,1,1,1,1,1,0,1
CHEMBL204_148,36,33,-1,-1,-1,2.0,2.614064523559687,2.8550996224007053,6.526472337894111,0.1143106012487376,0.12128835154263531,1.6793140267417521,3.3792921089785812,0.18073116983658233,0.08951474406076163,-0.21695848854141836,-0.9326294262982886,7.303703703703704,3.8064944322599223,-0.0870447204489266,-0.7776009548390523,0.024369747899159664,0.06715332108909933,3.0684756880832245,8.355716733026004,0.8055555555555556,0.3957724124659724,-1.544097293955913,0.3842364532019724,2.0,2.614064523559687,2.8550996224007053,6.526472337894111,2.0,0.0,0,0,1.8333333333333333,2.242270674512285,3.28363535546538,9.773511187082194,0.0,0.0,0,0,0.004036087369420702,0.012126868745605066,3.0467764267425985,8.423273743143149,0.041666666666666664,0.049320386585692724,2.86331801956077,6.5567105968012935,0.041666666666666664,0.02011435070749218,0.7209343140276935,0.501631785966437,1.1666666666666667,0.3726779962499649,1.7888543819998313,1.1999999999999993,-1.286218889735975,66.0,236.0,0.0,138.0,1776.0,8.0,0.0,0.0,0.0,404.0,616.0,13080.0,0.0,0.0,0.0,0.0,36.0,0.0,0.0,0.0,0.0,0.0,0.0,0.0,0.0,0.0,0.0,0.0,0.0,0.0,0.0,1,1,0,1,1,1,0,0,0,1,1,1,0,0,0,0,1,0,0,0,0,0,0,0,0,0,0,0,0,0,0,6.25,0.5088502445991074,1.931331725042034,2.8846611177170027,2.142857142857143,0.5802884574739973,-0.02238027108715112,-0.19559228650137994,0.0,0.0,0,0,3.2857142857142856,0.5890150893739514,-0.17120161767270498,-0.5743944636678182,0.42857142857142855,0.4948716593053935,0.28867513459481275,-1.916666666666667,12.509857142857145,1.0151739370418154,1.9295661286685593,2.8742534118911705,0.9642857142857143,0.9056230237932833,0.3587892371183379,-1.0944179330461565,377.49200000000013,81.91,3.3372800000000016,0,7,0,0,0,0,0,0,0,0,0,0,0,0,0,0,0,0,0,0,0,0,0,0,0,0,0,0,0,0,0,0,0,0,0,0,0,0,0,0,1,0,0,1,0,0,0,0,0,0,0,0,0,0,0,0,0,0,0,0,0,0,0,0,0,0,0,1,0,0,0,0,0,0,0,0,0,0,0,1,0,1,1,0,1,0,0,1,1,0,0,0,0,0,1,1,0,0,0,1,1,0,1,0,0,0,1,0,0,0,1,0,1,1,0,0,0,1,0,1,1,0,1,1,1,0,0,1,0,0,1,1,0,0,0,1,0,1,0,1,1,0,0,0,1,0,1,1,0,1,1,0,1,1,0,1,1,1,1,0,1,0,1,1,1,1,1,1,0,0
CHEMBL204_149,38,37,-1,-1,-1,2.1538461538461537,3.0595664309771293,3.125722945630268,8.345718505116826,0.10941005081377479,0.11977157531990391,1.840817835855402,4.40286868744423,0.19496271277907776,0.09920270163607106,-0.2869755135748116,-1.042416376761871,8.264912280701758,4.378282042910904,-0.15729818886781724,-0.8078286386542501,0.022720088509562194,0.06368402839054407,3.4976723110315358,11.354054214926656,0.8157894736842105,0.3876557858593746,-1.6292261599251143,0.6543778801843323,2.1538461538461537,3.0595664309771293,3.125722945630268,8.345718505116826,2.0,0.0,0,0,1.9473684210526316,2.6252555607031427,3.6352141081568976,12.472739244838234,0.0,0.0,0,0,0.019196649816631974,0.046063042443117694,2.135850221757171,2.876411260296126,0.038461538461538464,0.049396909936482554,3.1506897552548208,8.520623308185883,0.0384615384615384,0.9164142046418409,3.122306753755022,8.528355430466446,1.2307692307692308,0.42132504423474315,1.278019300845387,-0.3666666666666676,1.146944766312219,74.0,332.0,0.0,254.0,3240.0,48.0,0.0,0.0,0.0,1084.0,1368.0,32064.0,0.0,0.0,0.0,0.0,258.0,0.0,0.0,0.0,48.0,0.0,0.0,0.0,0.0,0.0,0.0,0.0,0.0,0.0,0.0,1,1,0,1,1,1,0,0,0,1,1,1,0,0,0,0,1,0,0,0,1,0,0,0,0,0,0,0,0,0,0,6.76,2.177705214210592,4.143127390512361,16.574367443054854,2.16,0.6740919818541088,-0.2030901006627516,-0.8236956952985528,0.0,0.0,0,0,3.16,0.36660605559646725,1.8548520670059334,1.4404761904761871,0.6,0.4898979485566356,-0.40824829046386296,-1.833333333333333,13.587079999999998,4.626752692072486,4.205149693956687,16.969425142142317,0.68,0.78587530817554,1.1242538184757735,0.9548846948911387,356.81300000000005,78.09,2.6047000000000002,0,5,0,0,0,0,0,0,0,0,0,0,0,0,0,0,0,0,0,0,0,0,0,0,0,0,0,0,0,0,0,0,0,0,0,0,0,0,0,0,0,0,0,0,0,0,0,0,0,0,0,0,0,0,0,0,1,0,0,0,0,0,0,0,0,0,0,1,0,0,0,0,0,0,0,0,0,0,0,0,0,1,1,0,1,1,0,1,1,1,0,0,0,1,1,1,0,1,1,0,1,0,1,1,0,1,0,1,0,1,0,0,1,1,0,0,0,1,1,1,0,0,1,1,1,0,0,1,0,0,0,1,0,1,1,0,1,0,1,1,1,0,0,0,1,0,0,1,0,0,1,0,0,1,0,1,1,1,1,0,1,1,1,1,1,1,1,1,0,0
CHEMBL204_150,36,34,-1,-1,-1,2.0833333333333335,2.6601482832520613,2.8454613160692,6.9736613759569135,0.11311521346056042,0.12240394708321144,1.8986085084121556,5.184367335012485,0.18354228358183383,0.09143137135950938,-0.23024647208669405,-0.9571674735524582,7.41111111111111,3.8755525293056485,-0.10691823544578537,-0.7965831496116684,0.02371615312791783,0.0641508566386513,3.153000461368958,9.292274573698865,0.8055555555555556,0.3957724124659724,-1.5440972939559132,0.3842364532019724,2.0833333333333335,2.6601482832520613,2.8454613160692,6.9736613759569135,2.0,0.0,0,0,1.8888888888888888,2.282515398241571,3.290289704048039,10.43115046831832,0.0,0.0,0,0,0.010267411342746316,0.027443794079969507,3.4104167540111607,12.604317363082782,0.04166666666666665,0.04869826758342937,2.8704715613486123,7.012348913531309,0.04166666666666666,0.14540406539821918,3.259465525272455,9.996965884166572,1.25,0.4330127018922193,1.1547005383792515,-0.6666666666666665,0.9359777538477739,68.0,248.0,0.0,174.0,1902.0,16.0,0.0,0.0,0.0,484.0,794.0,15024.0,0.0,0.0,0.0,0.0,62.0,0.0,0.0,0.0,0.0,0.0,0.0,0.0,0.0,0.0,0.0,0.0,0.0,0.0,12.0,1,1,0,1,1,1,0,0,0,1,1,1,0,0,0,0,1,0,0,0,0,0,0,0,0,0,0,0,0,0,1,6.625,0.960143218483576,1.4431109793467596,0.8899741453605285,2.0625,0.7880950133074057,0.2723309218881174,-0.5318618725525099,0.0,0.0,0,0,3.25,0.5590169943749475,0.0,-0.3999999999999999,0.375,0.4841229182759271,0.5163977794943223,-1.7333333333333334,13.351906249999999,2.1550374178795457,1.6573896748441839,1.6550000353200343,0.6875,0.8454843286542927,0.9525047851972037,-0.10624384126130959,449.43700000000007,140.15,1.71185,0,10,0,0,0,0,0,0,0,0,0,0,0,0,0,1,0,0,0,0,0,0,0,0,0,0,1,1,0,0,0,0,0,0,0,0,0,0,0,0,0,0,0,1,1,1,0,0,0,0,0,0,0,0,0,0,0,0,0,0,0,0,0,0,0,0,0,1,0,0,0,0,0,1,0,0,0,0,0,1,1,0,1,0,1,0,1,0,0,1,0,0,0,1,1,1,1,1,0,0,1,0,1,0,1,0,1,0,1,1,1,1,1,1,1,0,0,0,1,1,1,1,0,1,1,0,1,1,1,0,1,1,0,1,1,1,1,1,0,1,1,0,0,0,1,0,1,1,0,1,1,0,1,1,0,1,1,1,1,1,1,1,1,1,1,1,1,1,0,1
CHEMBL204_151,38,37,-1,-1,-1,2.25,3.1655699855370965,2.970171863280297,7.3578260813188034,0.10887436247078341,0.12025873219963973,1.796244633588206,4.309470860832736,0.1805061427638476,0.10168659293994854,-0.17538903126729535,-1.2181234980859479,7.578947368421052,4.411489325982021,-0.07997430437818964,-0.9948516048626819,0.017267267267267267,0.05338612762653575,3.793455275729826,13.425986311516208,0.8157894736842105,0.3876557858593746,-1.6292261599251143,0.6543778801843323,2.25,3.1655699855370965,2.970171863280297,7.3578260813188034,2.0,0.0,0,0,1.9473684210526316,2.6252555607031427,3.635214108156898,12.472739244838232,0.0,0.0,0,0,0.035599667197146814,0.0905884531266304,3.7101240409192013,15.446725890634358,0.041666666666666664,0.0538697740378455,2.9988244490697418,7.461795262058654,0.041666666666666664,0.24260304089846343,-2.7694172716490693,6.652994653289969,1.3333333333333333,0.4714045207910317,0.7071067811865479,-1.5,-0.5142411649695997,74.0,332.0,0.0,262.0,3240.0,56.0,0.0,0.0,0.0,1106.0,1434.0,32064.0,0.0,0.0,0.0,0.0,284.0,0.0,0.0,0.0,48.0,0.0,0.0,0.0,0.0,0.0,0.0,0.0,0.0,0.0,36.0,1,1,0,1,1,1,0,0,0,1,1,1,0,0,0,0,1,0,0,0,1,0,0,0,0,0,0,0,0,0,1,6.607142857142857,2.041345594634748,4.694792547074258,21.000881171680078,2.2857142857142856,0.5890150893739514,-0.17120161767270492,-0.5743944636678182,0.0,0.0,0,0,3.0714285714285716,0.25753937681885636,3.328201177351373,9.076923076923068,0.8928571428571429,0.30929478706587094,-2.5403411844343546,4.453333333333335,13.275928571428576,4.345072002761713,4.731095043906761,21.24211084042307,0.5357142857142857,0.6804485315449161,1.5711214688240607,3.4423422808095987,386.84600000000006,70.59,4.9894000000000025,0,3,0,0,0,0,0,0,0,0,0,0,0,0,0,0,0,0,0,0,0,0,0,0,0,0,0,0,0,0,0,0,0,0,0,0,0,0,0,0,1,0,0,0,0,0,0,0,0,0,0,0,0,0,1,0,0,0,0,0,0,0,0,0,1,0,0,1,0,0,0,0,0,0,0,0,0,0,0,1,0,1,1,0,0,1,0,1,0,1,0,0,0,0,0,1,1,0,1,0,1,0,0,1,0,1,0,1,0,1,0,0,0,0,0,0,0,0,0,0,0,0,1,1,1,0,1,1,0,0,0,0,0,0,0,1,1,1,0,1,0,0,0,0,1,0,1,1,0,0,1,0,1,1,0,0,0,0,1,0,1,0,1,1,1,1,0,1,0,0
CHEMBL204_152,37,34,-1,-1,-1,2.0869565217391304,2.811668906821694,2.83343800533886,6.4627027631572656,0.10900784538032675,0.12306224714576688,1.706190321528651,3.518353912513133,0.16832815291246736,0.09309883529115284,-0.12172138570163771,-1.1635765411736485,6.9324324324324325,4.006040757623533,-0.00796295645981376,-0.9666390316358684,0.018833118833118834,0.053773268646707256,3.320026290443222,10.108254588858241,0.8108108108108109,0.3916588309780929,-1.5871507864874157,0.5190476190476199,2.0869565217391304,2.811668906821694,2.83343800533886,6.4627027631572656,2.0,0.0,0,0,1.837837837837838,2.3309146043178743,3.4358393278031087,10.933689893276396,0.0,0.0,0,0,0.011791947157800816,0.031047011500702267,2.428640053941766,4.293413698828665,0.043478260869565216,0.053289579682876544,2.8532459967925425,6.561879600614926,0.04347826086956531,3.001072591248381,2.8331609854278725,6.683678003209215,1.2173913043478262,0.4124709991523974,1.3703203194062967,-0.12222222222222534,-1.251934538764957,68.0,258.0,0.0,164.0,2106.0,24.0,0.0,0.0,0.0,630.0,770.0,17040.0,0.0,0.0,0.0,0.0,112.0,0.0,0.0,0.0,12.0,0.0,0.0,0.0,0.0,0.0,0.0,0.0,0.0,0.0,0.0,1,1,0,1,1,1,0,0,0,1,1,1,0,0,0,0,1,0,0,0,1,0,0,0,0,0,0,0,0,0,0,6.269230769230769,0.5921078583977174,2.0621785627516087,2.918015275329811,2.230769230769231,0.6389710663783135,-0.24600587369700697,-0.6754883427851297,0.0,0.0,0,0,3.3076923076923075,0.46153846153846156,0.8333333333333348,-1.3055555555555542,0.5769230769230769,0.49404740687173565,-0.311399577664609,-1.9030303030303026,12.548076923076925,1.1809480195385702,2.0609936936658686,2.9121657268896364,0.8846153846153846,0.8003327710263389,0.660588605101462,-0.02561216924726306,349.4340000000001,57.5,3.575300000000002,1,4,0,0,0,0,0,0,0,0,0,0,0,0,0,0,0,0,0,0,0,0,0,0,0,0,1,0,0,0,0,0,0,0,0,0,0,0,0,0,0,0,0,0,0,0,0,0,0,0,0,0,0,0,0,0,0,0,0,0,0,0,0,0,1,0,0,1,0,0,1,1,0,1,1,0,0,1,0,0,0,0,1,0,0,1,0,1,1,0,0,0,0,0,1,1,1,0,1,0,0,0,1,1,1,0,0,1,0,0,1,0,1,1,0,0,0,1,1,1,1,0,1,1,1,0,1,1,0,0,0,1,0,1,0,0,0,0,0,1,1,1,0,0,1,0,0,1,0,1,1,0,1,1,0,1,1,1,1,0,1,1,1,1,1,1,1,1,0,0
CHEMBL204_153,38,38,-1,-1,-1,2.230769230769231,3.054727638717659,2.9060133068349123,6.987208722082537,0.11429280973096297,0.11512142770781689,1.6569704873202746,3.332560815269212,0.19894877882578108,0.10039835615062553,-0.34288937171670747,-0.9663392672841389,8.403508771929825,4.400521895375301,-0.22998586042658967,-0.7962091819072361,0.021613718982140036,0.06465540707347713,3.445398960318118,10.81100415642573,0.8157894736842105,0.3876557858593746,-1.6292261599251143,0.6543778801843323,2.230769230769231,3.054727638717659,2.9060133068349123,6.987208722082537,2.0,0.0,0,0,2.0,2.6257830912139837,3.401384425015259,10.709981935784628,0.0,0.0,0,0,0.030951595580365428,0.08023177115908113,3.5440431150033334,13.577428405148162,0.03846153846153847,0.04875327370683383,2.9925536344395653,7.465468420592767,0.03846153846153847,0.022420835566462242,2.1739308480878314,3.704841033976641,1.3076923076923077,0.4615384615384615,0.8333333333333337,-1.3055555555555551,-0.13295732796581092,76.0,338.0,0.0,294.0,3126.0,48.0,0.0,0.0,0.0,988.0,1590.0,29184.0,0.0,0.0,0.0,0.0,208.0,0.0,0.0,0.0,24.0,0.0,0.0,0.0,0.0,0.0,0.0,0.0,0.0,0.0,48.0,1,1,0,1,1,1,0,0,0,1,1,1,0,0,0,0,1,0,0,0,1,0,0,0,0,0,0,0,0,0,1,7.552631578947368,3.1597582221050815,2.3403405351609106,3.9300636528124393,2.1578947368421053,0.7788762414183549,0.051837387932015096,-0.7160818164758869,0.0,0.0,0,0,3.4210526315789473,0.49372797471825564,0.31980107453341594,-1.8977272727272718,0.2894736842105263,0.45351810367405493,0.9284141650970551,-1.1380471380471384,15.192684210526316,6.557855065352676,2.379103852615123,4.135961436761519,0.7105263157894737,0.8857911936687807,0.8259726918447776,-0.6489313221504576,604.538,128.35999999999999,1.2690000000000001,1,8,0,0,0,0,0,0,0,0,0,0,0,0,0,0,0,0,0,0,0,0,0,0,0,0,0,0,0,0,0,0,0,0,1,1,0,0,1,0,0,0,0,0,0,0,0,0,0,0,0,0,0,1,0,0,1,1,0,1,1,1,1,1,1,0,1,0,0,1,0,1,0,0,1,1,0,1,0,0,0,1,1,1,1,1,0,1,1,1,1,0,0,1,1,1,1,1,1,1,1,0,1,0,1,1,1,0,1,1,0,1,1,1,1,0,0,1,1,1,1,0,1,1,1,0,1,1,0,1,1,1,1,1,1,1,1,1,1,1,1,0,1,0,1,1,1,1,1,1,1,0,1,1,0,1,1,1,1,1,1,1,1,1,1,1,1,1,0,1
CHEMBL204_154,42,39,-1,-1,-1,2.0,3.22490309931942,3.8403062055504926,13.871301775147927,0.09693598633079648,0.12005389774430253,2.7975270794895652,11.56659432639899,0.19523081891964592,0.0952095091292996,-0.4663970450824283,-0.7693946259889874,9.285714285714286,4.746319336192906,-0.28056624616213693,-0.4562499795758481,0.02430313588850174,0.08254780879347422,3.624254231976073,12.063955536568745,0.8333333333333334,0.37267799624996495,-1.788854381999832,1.200000000000002,2.0,3.22490309931942,3.8403062055504926,13.871301775147927,2.0,0.0,0,0,1.8571428571428572,2.7994168488950604,4.366343044101787,19.134033203125007,0.0,0.0,0,0,0.027292299898682877,0.1525170301894948,6.171904248333614,36.392948114341266,0.03333333333333333,0.04895916243923382,3.786322617349128,13.337314560788098,0.03333333333333335,0.022622590270964173,-0.07927574910496973,-1.2119239082367042,1.1333333333333333,0.33993463423951903,2.157277486520024,2.653846153846147,1.673545129542737,78.0,396.0,0.0,136.0,4860.0,8.0,0.0,0.0,0.0,354.0,864.0,62280.0,0.0,0.0,0.0,0.0,30.0,0.0,0.0,0.0,0.0,0.0,0.0,0.0,0.0,0.0,0.0,0.0,0.0,0.0,0.0,1,1,0,1,1,1,0,0,0,1,1,1,0,0,0,0,1,0,0,0,0,0,0,0,0,0,0,0,0,0,0,6.833333333333333,1.863389981249825,3.9526526424668287,16.572287999999993,2.2,0.7916228058025278,0.03225262676424899,-0.7034857401539152,0.0,0.2581988897471611,0.0,12.0,3.2333333333333334,0.42295258468165065,1.2609766499825612,-0.40993788819875654,0.5,0.5,0.0,-2.0,13.676866666666673,3.7346601070988448,3.9639442012224615,16.648091360359622,0.6333333333333333,0.8359957469322967,1.1149117404701672,0.2897930194292311,429.4580000000002,118.65,1.5690999999999997,0,4,0,0,0,0,0,0,0,0,0,0,0,0,0,0,0,0,0,0,0,0,0,0,0,0,1,0,0,0,0,0,0,0,1,1,0,0,0,0,0,0,0,0,0,0,0,0,0,0,0,1,0,1,0,0,0,1,1,0,1,1,1,1,0,1,1,1,0,1,0,0,1,1,0,1,0,1,0,0,0,1,1,1,0,1,0,1,1,0,1,0,0,0,1,1,1,0,1,1,1,0,1,1,1,0,0,1,1,0,0,0,1,1,1,0,0,1,1,1,1,1,1,1,1,0,1,1,0,0,1,1,1,0,0,1,0,1,1,1,1,0,1,0,1,0,1,1,1,1,1,0,1,0,0,1,1,0,1,0,1,1,1,1,1,1,1,1,0,0
CHEMBL204_155,38,35,-1,-1,-1,2.0833333333333335,2.8710721961587025,2.9270175626966006,6.820983286360452,0.11160913885005791,0.11772505934945507,1.6832029264806962,3.5672633167892034,0.16640738088915158,0.09026570503459969,-0.17990595297802248,-1.1076601046294807,7.162280701754386,4.073374328996846,-0.0757046453911829,-0.9274224065608752,0.019875138296190926,0.06050999498416388,3.413869784015663,10.525491412490906,0.8157894736842105,0.3876557858593746,-1.6292261599251139,0.6543778801843323,2.0833333333333335,2.8710721961587025,2.9270175626966006,6.820983286360452,2.0,0.0,0,0,1.8421052631578947,2.3899605346826793,3.529588027168483,11.352408978316241,0.0,0.0,0,0,0.036848700699116214,0.1604631651908528,5.684198445388562,31.161584637569177,0.04166666666666666,0.05296780206297792,2.9740374259628313,7.103675610536717,0.041666666666666664,0.0794806221750614,-2.4919426886241363,5.250270164914699,1.2916666666666667,0.45452967144315476,0.9166984970282107,-1.1596638655462195,2.2069125195976134,70.0,276.0,0.0,128.0,2370.0,16.0,0.0,0.0,0.0,480.0,580.0,19920.0,0.0,0.0,0.0,0.0,56.0,0.0,0.0,0.0,0.0,0.0,0.0,0.0,0.0,0.0,0.0,0.0,0.0,0.0,0.0,1,1,0,1,1,1,0,0,0,1,1,1,0,0,0,0,1,0,0,0,0,0,0,0,0,0,0,0,0,0,0,6.2,0.4760952285695233,2.372239201176863,4.899653979238751,2.2666666666666666,0.5734883511361752,-0.08168752992808882,-0.49415631848064434,0.0,0.0,0,0,3.2666666666666666,0.4422166387140533,1.0552897060221729,-0.8863636363636354,0.7,0.45825756949558394,-0.8728715609439697,-1.2380952380952384,12.41006666666667,0.949782113024994,2.370418910949607,4.887420534826573,0.8666666666666667,0.7630348761506397,0.6796217051432044,0.24089505273585488,398.51000000000016,44.53,4.277400000000004,1,4,0,0,0,0,0,0,0,0,0,0,0,0,0,1,0,0,0,0,0,0,0,0,0,0,1,0,0,0,0,0,0,0,0,0,0,0,0,0,0,0,0,0,0,0,0,0,0,0,0,0,0,0,0,0,0,0,0,0,0,0,0,0,1,0,0,1,0,0,0,1,0,1,0,0,0,1,0,0,0,1,1,0,0,1,0,1,1,0,0,0,0,0,0,1,1,0,1,0,1,0,1,1,1,0,0,1,0,0,0,0,0,1,0,1,0,1,1,0,1,0,1,1,1,0,1,1,0,1,1,1,0,0,0,0,0,0,0,1,1,1,0,0,1,1,1,1,0,1,1,0,1,0,0,1,0,0,1,0,1,0,1,1,1,1,1,1,0,0
CHEMBL204_156,38,36,-1,-1,-1,2.076923076923077,2.7862723501961284,2.961260931771137,7.250447324881025,0.10898677909828773,0.12015686187424023,1.7372194165971864,3.5941891704533795,0.17997414085285085,0.08952275647165991,-0.2298975707724015,-0.985774267729159,7.847368421052631,4.09536988296552,-0.13463050036491375,-0.7996940465195759,0.026197249881460407,0.06968347013361578,3.2908062030074197,10.513473033383068,0.8157894736842105,0.3876557858593746,-1.6292261599251139,0.6543778801843323,2.076923076923077,2.7862723501961284,2.961260931771137,7.250447324881025,2.0,0.0,0,0,1.894736842105263,2.403828894035629,3.409022408126912,10.725447189821375,0.0,0.0,0,0,0.01275244453914814,0.03353526604997249,2.3368749472336368,3.6223683708965604,0.038461538461538464,0.04643854957419278,2.9312047126749072,7.0888308024292765,0.03846153846153846,0.03181103319010545,-0.621658141793816,0.3295008026301125,1.1923076923076923,0.39411349099844606,1.5614401167176535,0.4380952380952392,0.6183921428123829,72.0,284.0,0.0,178.0,2382.0,24.0,0.0,0.0,0.0,704.0,850.0,19920.0,0.0,0.0,0.0,0.0,114.0,0.0,0.0,0.0,12.0,0.0,0.0,0.0,0.0,0.0,0.0,0.0,0.0,0.0,0.0,1,1,0,1,1,1,0,0,0,1,1,1,0,0,0,0,1,0,0,0,1,0,0,0,0,0,0,0,0,0,0,7.5,3.423534465328795,2.275928291348271,3.3753646437629197,2.176470588235294,0.7058823529411765,-0.26388888888888806,-0.9826388888888897,0.0,0.0,0,0,3.323529411764706,0.467822756487849,0.7544335361543166,-1.4308300395256928,0.5,0.5,0.0,-2.0,15.13870588235294,7.206947385639579,2.2991363378107943,3.4902778309923965,0.6764705882352942,0.8303290713819472,0.9711888992544223,-0.007156699605956884,537.9,64.67999999999999,5.960300000000004,0,6,0,0,0,0,0,0,0,0,0,0,0,0,0,0,0,0,0,0,0,0,0,0,0,0,0,0,0,0,0,0,0,0,0,0,0,0,1,0,0,0,0,0,0,0,0,0,0,0,0,0,0,0,0,1,0,0,0,0,0,0,0,0,0,0,0,0,0,0,0,0,0,0,0,0,0,1,0,0,0,1,1,1,0,1,0,1,1,1,1,0,0,0,1,1,0,0,1,1,1,0,1,0,0,1,0,0,0,1,0,0,1,1,0,0,0,1,1,1,1,0,1,1,1,0,0,1,0,0,1,1,0,1,0,1,1,1,1,1,1,0,0,0,1,0,1,1,0,1,1,0,1,1,0,1,1,1,1,0,1,1,1,1,1,1,1,1,0,1
CHEMBL204_157,37,33,-1,-1,-1,2.0,2.670287397005928,2.7949855294657535,6.129535990481855,0.11012969048987206,0.12205932287061078,1.6724726283115994,3.298350716662193,0.16370910553385715,0.08900971318903579,-0.13045544399312756,-1.0942978613094028,6.774774774774775,3.8679335871442886,-0.01104919686855187,-0.9289234521980458,0.01969111969111969,0.05716633944728719,3.1126563853296054,8.486872356840342,0.8108108108108109,0.3916588309780929,-1.5871507864874157,0.5190476190476199,2.0,2.670287397005928,2.7949855294657535,6.129535990481855,2.0,0.0,0,0,1.7837837837837838,2.219509747853817,3.358302324559387,10.24395482157859,0.0,0.0,0,0,0.004165969683211063,0.012487925309780466,2.934290799415175,7.474247833303828,0.043478260869565195,0.05291201414197966,2.8108601844711947,6.198027613390662,0.04347826086956523,0.061698565925258804,2.909965739498926,6.939842375283813,1.173913043478261,0.3790346907426672,1.7206180040292134,0.9605263157894743,0.523370440378827,66.0,234.0,0.0,118.0,1776.0,8.0,0.0,0.0,0.0,398.0,526.0,13080.0,0.0,0.0,0.0,0.0,36.0,0.0,0.0,0.0,0.0,0.0,0.0,0.0,0.0,0.0,0.0,0.0,0.0,0.0,0.0,1,1,0,1,1,1,0,0,0,1,1,1,0,0,0,0,1,0,0,0,0,0,0,0,0,0,0,0,0,0,0,6.478260869565218,0.9264032935940226,1.8681960032317568,2.156387665198231,2.1739130434782608,0.7010658911563957,-0.25474826257937366,-0.9604142011834336,0.0,0.0,0,0,3.217391304347826,0.4124709991523973,1.370320319406297,-0.1222222222222249,0.5217391304347826,0.4995271866554807,-0.08703882797784886,-1.9924242424242418,13.052304347826091,2.0909046395568183,2.0422518911804555,2.9082362603199865,0.6521739130434783,0.7580693814853344,1.2734837200874112,1.7161097645429395,315.323,44.7,3.455300000000002,1,2,0,0,0,0,0,0,0,0,0,0,0,0,0,0,0,0,0,0,0,0,0,0,0,0,0,0,0,0,0,0,0,0,0,0,0,0,0,1,0,0,0,0,1,0,0,0,0,0,0,0,0,0,1,0,0,0,0,0,0,0,0,0,1,0,0,0,0,0,0,0,0,0,0,0,0,1,0,1,1,1,1,0,0,1,0,0,0,1,0,0,0,1,0,1,1,1,1,0,0,0,0,0,0,0,0,0,1,1,0,0,1,1,0,0,0,0,0,1,0,1,1,1,1,0,1,1,0,0,0,0,0,0,0,0,1,0,0,1,0,0,0,0,1,0,1,1,0,0,1,0,1,1,0,0,1,0,1,0,1,0,1,1,1,1,1,1,0,0
CHEMBL204_158,40,38,-1,-1,-1,2.1538461538461537,3.1827939793195696,3.087613481332102,7.916156023451832,0.10763119826632703,0.1158254080923292,1.8769301957255469,4.764379257381174,0.1805737970916084,0.09963357606226166,-0.24699804309386167,-1.1291699859963271,8.045833333333334,4.598609013724815,-0.14720657471601364,-0.9338664829259922,0.018488529014844803,0.058635044445967545,3.699563051646609,12.65675998356013,0.825,0.3799671038392666,-1.7106744068953987,0.9264069264069255,2.1538461538461537,3.1827939793195696,3.087613481332102,7.916156023451832,2.0,0.0,0,0,1.9,2.662705391138869,3.722631439789001,12.892498423453448,0.0,0.0,0,0,0.024032888704360537,0.08109732006939872,5.0795661465274495,26.704006438982837,0.03846153846153846,0.05228379302759336,3.1097797743704265,7.97462697187378,0.03846153846153847,0.10217057858385985,3.241494751029709,9.104867877471975,1.2692307692307692,0.4435600997950306,1.0405319634289447,-0.9172932330827055,0.3101410011791149,76.0,352.0,0.0,224.0,3570.0,32.0,0.0,0.0,0.0,932.0,1270.0,36024.0,0.0,0.0,0.0,0.0,162.0,0.0,0.0,0.0,12.0,0.0,0.0,0.0,0.0,0.0,0.0,0.0,0.0,0.0,24.0,1,1,0,1,1,1,0,0,0,1,1,1,0,0,0,0,1,0,0,0,1,0,0,0,0,0,0,0,0,0,1,6.323529411764706,0.7162232742285836,2.3151563096620227,4.628063779507411,2.235294117647059,0.6885117594540956,0.19643989940202877,-0.05647610421439664,0.0,0.0,0,0,3.4705882352941178,0.4991341984846218,0.11785113019775736,-1.9861111111111114,0.35294117647058826,0.4778846120374094,0.6154574548966635,-1.6212121212121213,12.685911764705883,1.5442047328383683,2.5970598445211057,6.549373730705545,0.9705882352941176,0.8906472899839246,0.30725350320536565,-1.1430593098494564,464.5850000000003,65.54,3.9558000000000035,2,5,0,0,0,0,0,0,0,0,0,0,0,0,0,0,0,0,0,0,0,0,0,0,0,0,0,0,0,0,0,0,0,0,0,0,0,0,0,0,0,0,0,0,1,0,0,0,0,0,0,0,0,0,0,0,0,0,0,0,0,0,0,0,1,0,0,1,1,0,0,0,0,0,0,0,0,1,0,0,0,1,1,0,0,1,0,1,1,1,0,0,0,0,1,1,0,1,1,0,1,0,1,0,0,0,0,1,0,1,0,0,1,1,1,0,0,0,0,1,1,0,1,1,1,0,0,1,0,1,1,1,0,0,0,1,1,0,1,1,1,0,0,0,1,1,0,1,0,1,1,0,1,1,0,1,1,1,1,0,1,1,1,1,1,1,1,1,0,0
CHEMBL204_159,37,37,-1,-1,-1,2.347826086956522,3.211510489151198,2.8818923751760837,6.844164674366402,0.10973096121027784,0.12241790383312207,1.6967320813268292,3.6313393185873855,0.1823651196520409,0.10404291702764529,-0.15380456653949603,-1.2831287429940088,7.405405405405407,4.357829332052612,-0.05340712627428439,-1.0374139456158988,0.016259116259116253,0.0499177903566263,3.8510561302401514,13.816458795795207,0.8108108108108109,0.3916588309780929,-1.5871507864874157,0.5190476190476199,2.347826086956522,3.211510489151198,2.8818923751760837,6.844164674366402,2.0,0.0,0,0,2.0,2.6508540184301035,3.5692416088388756,11.999230769230769,0.0,0.0,0,0,0.05061641648238955,0.10537381983445561,2.4893511919587046,6.679459540946933,0.043478260869565216,0.05460392022422843,2.9152354949718107,6.9831911566237554,0.043478260869565195,0.027656579477673932,-0.534816601061787,0.19061864326064004,1.391304347826087,0.48804226784007926,0.44543540318737423,-1.8015873015873007,0.1751550804868419,74.0,334.0,0.0,308.0,3240.0,88.0,0.0,0.0,0.0,1356.0,1680.0,32064.0,0.0,0.0,0.0,0.0,454.0,0.0,0.0,0.0,120.0,0.0,0.0,0.0,0.0,0.0,0.0,0.0,0.0,0.0,48.0,1,1,0,1,1,1,0,0,0,1,1,1,0,0,0,0,1,0,0,0,1,0,0,0,0,0,0,0,0,0,1,6.363636363636363,0.642824346533225,1.5443212101114219,1.0664000000000033,2.242424242424242,0.6045435558563637,-0.17027546834731053,-0.5413878437413189,0.0,0.0,0,0,3.090909090909091,0.28747978728803447,2.846049894151543,6.100000000000007,0.7575757575757576,0.4285495643554833,-1.202081528017131,-0.5549999999999997,12.736454545454547,1.2821519101343484,1.54300398098521,1.0611841485894447,0.6060606060606061,0.8142441722754183,1.5085425760464721,1.976078298969469,440.46300000000014,103.53,3.2867000000000015,0,6,0,0,0,0,0,0,0,0,0,0,0,0,0,0,0,0,0,0,0,0,0,0,0,0,0,0,0,0,0,0,0,0,0,0,0,0,0,0,1,0,0,0,0,0,0,0,0,0,0,0,0,0,1,0,0,0,0,0,0,0,0,0,1,0,0,1,0,0,0,0,0,0,0,0,0,0,0,1,0,1,1,0,0,1,0,0,0,0,0,0,0,0,1,1,1,1,1,1,1,0,0,1,0,0,0,1,0,0,0,1,1,1,0,1,0,0,0,1,0,0,1,1,1,0,1,1,1,1,0,0,1,0,0,0,0,0,0,1,0,0,0,0,1,1,0,1,1,0,1,1,0,1,1,1,1,1,1,1,1,1,1,1,1,1,1,1,0,0
CHEMBL204_160,37,34,-1,-1,-1,2.0,2.6981475126464085,2.932414879098862,6.918790001207581,0.11392495823694301,0.11852481140140156,1.6725876261868067,3.2472522561904107,0.18310827887486375,0.09054907356670196,-0.2609191114307665,-0.9176767001173407,7.6126126126126135,3.9575552206388087,-0.12606878409497135,-0.7600524504598956,0.024453024453024455,0.06873040093114764,3.1083046715970215,8.525577588096768,0.8108108108108109,0.3916588309780929,-1.5871507864874157,0.5190476190476199,2.0,2.6981475126464085,2.932414879098862,6.918790001207581,2.0,0.0,0,0,1.837837837837838,2.3192905895053983,3.368666917190401,10.272340357733688,0.0,0.0,0,0,0.0037066380300411553,0.011274391953589872,3.0925102805635647,8.788421324319314,0.04000000000000001,0.048922497864851845,2.942314764237751,6.9650917824268195,0.04000000000000001,0.12481488328755869,-2.4401888845827173,5.087551984487529,1.16,0.36660605559646714,1.8548520670059365,1.4404761904761942,-0.5328212844185413,68.0,256.0,0.0,144.0,2046.0,8.0,0.0,0.0,0.0,446.0,672.0,15960.0,0.0,0.0,0.0,0.0,38.0,0.0,0.0,0.0,0.0,0.0,0.0,0.0,0.0,0.0,0.0,0.0,0.0,0.0,0.0,1,1,0,1,1,1,0,0,0,1,1,1,0,0,0,0,1,0,0,0,0,0,0,0,0,0,0,0,0,0,0,6.76,2.177705214210592,4.143127390512361,16.574367443054854,2.16,0.6118823416311342,-0.10392478956040588,-0.45266272189349044,0.0,0.0,0,0,3.32,0.46647615158762407,0.7717436331412907,-1.4044117647058816,0.48,0.4995998398718719,0.08006407690254361,-1.9935897435897438,13.58708,4.626752692072487,4.205149693956686,16.9694251421423,0.84,0.8333066662399864,0.7213502725181561,-0.17990401155259272,360.84500000000014,75.28,3.429100000000002,0,5,0,0,0,0,0,0,0,0,0,0,0,0,0,0,0,0,0,0,0,0,0,0,0,0,0,0,0,0,0,0,0,0,0,0,0,0,0,0,1,0,0,0,0,0,0,0,0,0,0,0,0,0,0,1,0,0,0,1,0,0,0,0,0,0,0,1,0,0,0,0,0,0,0,0,0,0,0,1,0,0,1,0,0,0,0,0,1,1,0,0,1,0,1,1,0,0,0,1,1,0,0,0,0,1,1,0,0,1,0,1,1,1,0,0,0,0,0,1,1,0,1,1,0,0,0,1,0,0,1,1,0,1,1,1,1,1,0,1,1,0,0,0,1,0,1,1,0,1,0,0,1,1,0,1,1,0,1,1,1,1,1,1,1,1,1,1,0,0
CHEMBL204_161,35,34,-1,-1,-1,2.2857142857142856,2.9462301520491465,2.8028105773894607,6.635577480567212,0.11170791784219093,0.12685728068499222,1.7016568643455992,3.886820647875453,0.17354314255441605,0.0987189379434137,-0.06675343847896181,-1.2391426615016556,6.671428571428571,3.9304944788248415,0.030861932453615203,-1.0021595313313691,0.016195569136745604,0.04808871682398825,3.7925927980409115,13.79353765660052,0.8,0.4,-1.5,0.24999999999999956,2.2857142857142856,2.9462301520491465,2.8028105773894607,6.635577480567212,2.0,0.0,0,0,1.9428571428571428,2.413567095079186,3.480972837327911,11.764323649806943,0.0,0.0,0,0,0.042919175767472985,0.09852018449309632,3.0914569728393473,10.66183474554277,0.047619047619047616,0.056412941272506616,2.8464019035155466,6.829869368773922,0.047619047619047616,0.01919468812480333,0.5324919935604508,-0.540370105279655,1.380952380952381,0.4856209060564557,0.4902903378454601,-1.7596153846153848,-2.142495082176858,68.0,268.0,0.0,230.0,2286.0,56.0,0.0,0.0,0.0,826.0,1114.0,20304.0,0.0,0.0,0.0,0.0,246.0,0.0,0.0,0.0,48.0,0.0,0.0,0.0,0.0,0.0,0.0,0.0,0.0,0.0,36.0,1,1,0,1,1,1,0,0,0,1,1,1,0,0,0,0,1,0,0,0,1,0,0,0,0,0,0,0,0,0,1,6.666666666666667,1.8499249234015473,4.284718166741736,18.637291280148425,2.2,0.7916228058025279,0.03225262676424898,-0.7034857401539156,0.0,0.0,0,0,3.2666666666666666,0.44221663871405337,1.0552897060221724,-0.8863636363636371,0.5333333333333333,0.49888765156985887,-0.13363062095621214,-1.982142857142857,13.344466666666673,3.708313324889843,4.293205652363369,18.69731017187495,0.8,0.9451631252505217,1.118025438868405,0.34885275116952563,424.5260000000002,101.05000000000001,3.2703000000000015,1,6,0,0,0,0,0,0,0,0,0,0,0,0,0,0,0,0,0,0,0,0,0,0,1,0,0,0,0,0,0,0,0,0,0,0,0,0,0,0,0,0,0,0,0,0,0,0,0,0,0,0,0,1,1,1,0,1,0,0,1,1,1,1,1,0,1,1,0,1,0,0,0,0,0,1,0,0,0,0,0,1,1,1,0,0,0,0,0,0,1,0,1,1,1,1,1,1,0,1,1,0,0,1,1,0,0,1,0,0,0,0,1,0,1,0,0,0,1,1,0,0,1,1,0,0,1,1,0,0,0,0,1,1,0,1,0,1,1,1,0,0,0,1,1,0,1,1,1,1,1,1,1,1,0,0,1,0,1,0,1,1,1,1,1,1,1,1,0,0
CHEMBL204_162,36,34,-1,-1,-1,2.0833333333333335,2.7826346428439996,2.814755610295149,6.477316656277022,0.11638283477297184,0.1193013560190533,1.7145208119665132,3.83579869319823,0.18915703598833908,0.09461215659110712,-0.2661781979456714,-0.9376987860884092,7.574074074074074,3.9605392380636038,-0.13698832910915112,-0.7740977070642634,0.0223155929038282,0.06617900241675131,3.173689895181413,8.947944855368766,0.8055555555555556,0.3957724124659724,-1.544097293955913,0.3842364532019724,2.0833333333333335,2.7826346428439996,2.814755610295149,6.477316656277022,2.0,0.0,0,0,1.8888888888888888,2.3778816176702997,3.2805774620320753,9.954873095478725,0.0,0.0,0,0,0.016656398624949435,0.05773943754723509,4.695586989708766,22.34570851645645,0.04166666666666666,0.05134234214317504,2.884740201830859,6.875829534971915,0.041666666666666664,0.04574798263664698,-1.3147256486512557,1.9768889307725548,1.25,0.4330127018922193,1.1547005383792515,-0.6666666666666665,0.05786105904888222,68.0,264.0,0.0,186.0,2124.0,16.0,0.0,0.0,0.0,464.0,926.0,17064.0,0.0,0.0,0.0,0.0,60.0,0.0,0.0,0.0,0.0,0.0,0.0,0.0,0.0,0.0,0.0,0.0,0.0,0.0,12.0,1,1,0,1,1,1,0,0,0,1,1,1,0,0,0,0,1,0,0,0,0,0,0,0,0,0,0,0,0,0,1,6.65,1.6665833312498959,4.484670683784771,21.914942709392452,2.15,0.6910137480542627,-0.20684384004694323,-0.9124201639209453,0.0,0.0,0,0,3.325,0.4683748498798799,0.7472647177570721,-1.4415954415954426,0.375,0.4841229182759271,0.5163977794943223,-1.7333333333333334,13.335474999999999,3.37821139056972,4.375542087251044,20.874316215855917,0.85,0.852936105461599,0.5330284089822726,-0.8276472880575332,567.6910000000004,155.8,1.9782000000000002,3,12,0,0,0,0,0,0,0,0,0,0,0,0,0,0,0,0,0,0,0,0,0,0,0,0,0,1,0,0,0,0,0,0,0,0,0,0,1,0,0,0,0,0,1,1,0,0,0,1,0,0,0,0,0,0,0,0,0,0,0,0,0,0,0,0,0,1,0,0,0,0,0,0,0,0,0,1,0,1,1,1,1,1,0,1,1,1,0,1,1,0,1,1,1,1,0,1,1,0,0,0,1,1,0,0,1,1,1,1,0,0,1,1,0,0,0,0,1,1,1,1,1,1,1,0,0,1,0,0,1,1,0,1,0,0,1,0,1,1,1,0,0,0,1,0,0,1,1,1,1,0,1,1,1,1,1,1,1,0,1,1,1,1,1,1,1,1,0,1
CHEMBL204_163,35,32,-1,-1,-1,2.0,2.670287397005928,2.7949855294657535,6.129535990481855,0.11647354762039609,0.12249629086689887,1.6638814858540774,3.431297822984659,0.17841660010790855,0.08832897943225669,-0.178526577713922,-0.9487044692084554,7.059047619047619,3.683587241533231,-0.06261921034637521,-0.7793002805824809,0.024191494779730073,0.06805112971476904,3.1922680708060134,9.38289273607541,0.8,0.4,-1.5000000000000002,0.2500000000000009,2.0,2.670287397005928,2.7949855294657535,6.129535990481855,2.0,0.0,0,0,1.8285714285714285,2.2738980286938895,3.244746135581083,9.449765944568286,0.0,0.0,0,0,0.00558787617611147,0.01621080478214535,2.7031421907157913,5.560584673920694,0.04347826086956523,0.05275572637559065,2.7869329173948993,6.073349409864726,0.04347826086956523,0.1186515390323872,-2.390745248687502,4.9052346097707735,1.173913043478261,0.3790346907426672,1.7206180040292134,0.9605263157894743,-0.09494912134108616,64.0,234.0,0.0,116.0,1776.0,8.0,0.0,0.0,0.0,364.0,524.0,13080.0,0.0,0.0,0.0,0.0,34.0,0.0,0.0,0.0,0.0,0.0,0.0,0.0,0.0,0.0,0.0,0.0,0.0,0.0,0.0,1,1,0,1,1,1,0,0,0,1,1,1,0,0,0,0,1,0,0,0,0,0,0,0,0,0,0,0,0,0,0,6.575,1.6261534367949417,4.8889683690239485,25.267432682911643,2.15,0.7262919523166975,0.15465168590018885,-0.3307652568450852,0.0,0.0,0,0,3.325,0.4683748498798799,0.7472647177570721,-1.4415954415954426,0.375,0.4841229182759271,0.5163977794943223,-1.7333333333333334,13.160799999999998,3.259455776659656,4.899604179267013,25.35449985877394,0.925,0.9051933495115837,0.5524945767065346,-0.7356202664655869,563.7280000000003,155.8,2.2292000000000014,3,12,0,0,0,0,0,0,0,0,0,0,0,0,0,0,0,0,0,0,0,0,0,0,0,0,0,1,0,0,0,0,0,0,0,0,0,0,1,0,0,0,0,0,0,1,0,0,0,1,0,0,0,0,0,0,0,0,0,0,0,0,0,0,0,0,0,1,1,0,0,0,0,0,0,0,0,1,0,1,1,1,1,1,0,1,1,1,0,0,1,0,1,1,1,1,0,1,1,0,0,0,1,1,0,0,1,1,1,0,1,0,1,1,1,0,0,1,1,1,1,1,1,1,1,0,0,1,0,0,1,1,0,1,0,0,0,0,1,1,1,0,0,0,1,0,0,1,1,1,1,1,1,1,1,1,1,1,1,0,1,1,1,1,1,1,1,1,0,1
CHEMBL204_164,41,40,-1,-1,-1,2.1379310344827585,3.3085483631202717,3.4205370154636645,10.358382982242109,0.10762290522751508,0.11317046510829727,2.2547988184251015,7.577572096477194,0.204569729552692,0.10228342885918745,-0.4330112999360373,-0.8842423765112777,9.350406504065042,4.835081668379915,-0.30939183240038515,-0.6492728181698526,0.02207629768605378,0.06849218318945072,3.947057144378286,15.02786398300228,0.8292682926829268,0.37627435659857345,-1.7501500535908443,1.0630252100840352,2.1379310344827585,3.3085483631202717,3.4205370154636645,10.358382982242109,2.0,0.0,0,0,1.951219512195122,2.8622967028645077,3.9431604115116032,14.901024771792802,0.0,0.0,0,0,0.008898473131072773,0.0245331555825726,2.4984257156697502,4.442298940584475,0.034482758620689655,0.048966504825574735,3.449535923795402,10.554551018849308,0.034482758620689655,0.10827213096782587,3.845064781412108,13.89407320154702,1.2758620689655173,0.44694763437295587,1.0029717747535967,-0.99404761904762,-0.8013659347269443,80.0,412.0,0.0,244.0,4746.0,24.0,0.0,0.0,0.0,1052.0,1522.0,55680.0,0.0,0.0,0.0,0.0,144.0,0.0,0.0,0.0,12.0,0.0,0.0,0.0,0.0,0.0,0.0,0.0,0.0,0.0,36.0,1,1,0,1,1,1,0,0,0,1,1,1,0,0,0,0,1,0,0,0,1,0,0,0,0,0,0,0,0,0,1,6.487179487179487,0.9021852351671374,1.8190830962067985,2.111899436529291,2.2564102564102564,0.741376015117998,-0.07215012111138946,-0.5766866601039373,0.0,0.0,0,0,3.230769230769231,0.4213250442347431,1.2780193008453875,-0.36666666666666625,0.6666666666666666,0.4714045207910317,-0.7071067811865474,-1.4999999999999998,13.060051282051287,2.0207072631937555,2.025041700960484,3.024769267018149,0.5897435897435898,0.7751905875810755,1.1854905188093479,0.7329242658571506,532.5260000000002,102.21000000000001,5.203800000000003,0,5,0,0,0,0,0,0,0,0,0,0,0,0,0,0,0,0,0,0,0,0,0,0,0,0,0,0,0,0,0,0,0,0,0,0,0,0,0,0,1,0,0,0,1,0,0,0,0,0,0,0,0,0,1,0,0,0,0,1,0,0,0,0,1,0,0,1,0,0,0,0,0,1,0,0,0,1,0,1,0,1,1,0,1,1,1,1,1,0,0,0,0,0,1,1,1,1,1,1,1,0,1,1,1,0,0,1,1,1,0,0,1,1,1,0,0,1,0,1,1,0,1,1,1,0,1,1,0,1,0,0,1,1,0,1,1,1,0,1,1,0,0,0,1,1,1,1,0,1,1,0,1,1,1,1,1,1,1,0,1,1,1,1,1,1,1,1,0,1
CHEMBL204_165,37,33,-1,-1,-1,2.0,2.6539552107881486,2.846903943534063,6.354595336076818,0.10937537229560876,0.12273571184550978,1.6634659779753063,3.270680379071824,0.15703421936742373,0.08439962342531981,-0.11583116742232523,-1.1231916271377824,6.648648648648648,3.7852792518769824,0.0029621615587071075,-0.9292689866833768,0.02140712140712141,0.059179897803748396,3.2036622168918774,9.375891796200243,0.8108108108108109,0.3916588309780929,-1.5871507864874157,0.5190476190476199,2.0,2.6539552107881486,2.846903943534063,6.354595336076818,2.0,0.0,0,0,1.7837837837837838,2.207299133956261,3.4110845652125934,10.53653801285265,0.0,0.0,0,0,0.005464979149189675,0.015868693177307484,2.6163559121554942,4.993719101790592,0.04347826086956521,0.05233555964514824,2.8513010803825374,6.396318660388751,0.04347826086956523,0.020906334828739662,0.7827131709245375,0.976553295252605,1.173913043478261,0.3790346907426672,1.7206180040292134,0.9605263157894743,1.2479602927335702,66.0,232.0,0.0,96.0,1770.0,8.0,0.0,0.0,0.0,378.0,396.0,13080.0,0.0,0.0,0.0,0.0,34.0,0.0,0.0,0.0,0.0,0.0,0.0,0.0,0.0,0.0,0.0,0.0,0.0,0.0,0.0,1,1,0,1,1,1,0,0,0,1,1,1,0,0,0,0,1,0,0,0,0,0,0,0,0,0,0,0,0,0,0,6.444444444444445,0.9558139185602919,1.876456817290434,1.8840394448502567,2.1666666666666665,0.7993052538854533,0.670872462618415,0.26086956521739246,0.0,0.0,0,0,3.4166666666666665,0.4930066485916347,0.3380617018914075,-1.885714285714285,0.5,0.5,0.0,-2.0,12.98102777777778,2.1361739874794736,2.0249124481148884,2.6131949172937032,0.8333333333333334,0.7993052538854533,0.6346090862606618,-0.2835538752362945,497.5570000000002,49.769999999999996,5.538200000000005,0,7,0,0,0,0,0,0,0,0,0,0,0,0,0,0,0,0,0,0,0,0,0,0,0,0,0,0,0,0,0,0,0,0,0,0,0,0,0,0,0,0,0,0,1,0,0,0,0,0,0,0,0,0,0,0,0,0,0,0,0,0,0,0,1,0,0,0,1,0,0,0,0,0,0,0,0,1,0,0,0,0,0,0,0,0,0,1,1,0,0,0,1,0,0,1,0,0,0,1,1,0,1,0,0,0,1,0,1,1,1,0,0,1,1,0,0,0,0,0,1,0,0,1,1,1,0,1,1,1,1,1,0,0,1,0,1,0,0,1,1,1,0,0,0,1,0,1,1,1,1,0,0,0,1,1,1,1,0,1,1,1,1,1,1,1,1,1,0,0
CHEMBL204_166,36,34,-1,-1,-1,2.0833333333333335,2.767620317569269,2.75566135621894,6.005671501690355,0.11428726988719899,0.12131033640835524,1.608094776280801,2.760702030926602,0.1890813554636039,0.09539876178043363,-0.23837322699903762,-1.002053231423288,7.546296296296297,3.978988237440517,-0.1053223180563285,-0.8325577350357372,0.02250233426704015,0.06265002272808656,3.085391530572165,8.259549930449944,0.8055555555555556,0.3957724124659724,-1.544097293955913,0.3842364532019724,2.0833333333333335,2.767620317569269,2.75566135621894,6.005671501690355,2.0,0.0,0,0,1.8888888888888888,2.366171048782984,3.214901657953887,9.328725859996181,0.0,0.0,0,0,0.010629685609339138,0.02879389092420641,2.680667691040221,5.912037957473375,0.041666666666666664,0.050262446835516214,2.7700988537889852,6.069299176632734,0.041666666666666664,0.025164354740457428,0.39228328709781274,0.4575985851885389,1.2083333333333333,0.40611643103370687,1.4363696929192162,0.06315789473684186,0.3760082996803613,68.0,262.0,0.0,206.0,2064.0,24.0,0.0,0.0,0.0,644.0,1026.0,15984.0,0.0,0.0,0.0,0.0,116.0,0.0,0.0,0.0,12.0,0.0,0.0,0.0,0.0,0.0,0.0,0.0,0.0,0.0,0.0,1,1,0,1,1,1,0,0,0,1,1,1,0,0,0,0,1,0,0,0,1,0,0,0,0,0,0,0,0,0,0,6.3125,0.6343057228182637,1.8309905227247156,1.914789329814309,2.125,0.6959705453537527,-0.17381158260655635,-0.9386056191467222,0.0,0.0,0,0,3.15625,0.3630921887069453,1.893458524812515,1.5851851851851855,0.5625,0.49607837082461076,-0.25197631533948484,-1.9365079365079365,12.634374999999999,1.2650767207466118,1.8299179383502149,1.910138986817409,0.8125,0.8076779989575054,1.0648178373433812,1.0404819104306355,430.50800000000015,118.16000000000001,3.182870000000001,2,8,0,0,0,0,0,0,0,0,0,0,0,0,0,0,0,0,0,0,0,0,0,0,0,0,0,0,0,0,0,0,0,0,0,0,0,0,0,0,1,0,0,0,0,1,0,0,0,0,0,0,0,0,0,0,0,0,0,0,0,0,0,0,1,0,0,1,0,0,0,0,0,0,0,0,0,0,0,1,1,0,0,0,0,0,1,0,0,0,0,0,1,0,1,1,0,0,0,1,1,0,0,0,0,0,0,0,0,0,1,0,1,0,0,0,0,0,1,1,0,1,0,1,0,1,0,1,1,0,0,0,0,1,0,0,0,0,1,1,0,0,0,0,1,0,0,1,1,0,0,1,0,1,0,0,1,1,1,1,1,1,1,1,1,1,1,1,0,1
CHEMBL204_167,37,34,-1,-1,-1,2.0,2.6981475126464085,3.0423804370650687,7.652397053495953,0.111010873386301,0.12125845544553863,2.090149528180812,6.648273913209197,0.17835984731480103,0.08606787684147789,-0.3286446190187572,-0.8929210238030292,7.536036036036036,3.864614851528333,-0.15810072399364697,-0.6820530912730769,0.025396825396825397,0.07774515814980497,3.1492676420658534,8.287337734243925,0.8108108108108109,0.3916588309780929,-1.5871507864874157,0.5190476190476199,2.0,2.6981475126464085,3.0423804370650687,7.652397053495953,2.0,0.0,0,0,1.837837837837838,2.3192905895053983,3.4856509363752917,11.212970169779371,0.0,0.0,0,0,0.032785626535626534,0.16255845416412373,5.688109749323027,30.87515159770075,0.039999999999999994,0.049289094809347914,3.0276991447073813,7.459126416761327,0.039999999999999994,0.7330021020549341,-3.3415437953381537,11.098443776219314,1.16,0.36660605559646725,1.8548520670059354,1.4404761904761916,-0.5051362133525685,68.0,256.0,0.0,106.0,2100.0,8.0,0.0,0.0,0.0,244.0,474.0,17040.0,0.0,0.0,0.0,0.0,20.0,0.0,0.0,0.0,0.0,0.0,0.0,0.0,0.0,0.0,0.0,0.0,0.0,0.0,0.0,1,1,0,1,1,1,0,0,0,1,1,1,0,0,0,0,1,0,0,0,0,0,0,0,0,0,0,0,0,0,0,6.9655172413793105,2.5391114196558746,3.071964858872104,8.072677865673157,2.206896551724138,0.6632891055748739,-0.25712748599604485,-0.7783053323593858,0.0,0.0,0,0,3.0689655172413794,0.2533954906327425,3.402069087198859,9.574074074074073,0.6896551724137931,0.46263475396547377,-0.8198915917499234,-1.3277777777777773,13.94437931034483,5.091460141586602,3.0753141545727436,8.088490850846297,0.6206896551724138,0.7150497018388868,1.2690836687628797,2.0142888047593335,422.5310000000001,85.4,5.206970000000003,1,6,0,0,0,0,0,0,0,0,0,0,0,0,0,0,0,0,0,0,0,0,0,0,0,0,0,0,0,0,0,0,0,0,0,0,0,0,1,0,1,0,0,0,0,1,0,0,0,0,0,0,0,0,0,0,0,0,0,0,0,0,0,0,1,0,0,0,0,0,0,0,0,0,1,0,0,0,0,1,1,0,0,1,0,1,1,0,0,0,1,0,0,0,0,1,0,0,1,0,0,0,0,1,0,0,0,1,0,0,0,0,0,0,0,1,0,0,0,0,0,1,1,0,0,1,0,1,1,1,0,0,0,1,0,0,0,0,0,1,0,0,0,0,1,1,0,1,1,0,0,0,0,1,1,0,1,0,1,1,1,1,1,1,1,1,1,1,0,0
CHEMBL204_168,36,34,-1,-1,-1,2.1818181818181817,2.8546033578377417,2.73585876889239,5.938748976543835,0.10893385862624706,0.12613957437130738,1.6273940488867447,2.9543345026644703,0.16960974105178028,0.09503960617639617,-0.09261169978475493,-1.236967744642208,6.763888888888889,3.9546278952795877,0.023599889982471572,-1.0145213574215548,0.017833800186741366,0.049672961289192866,3.3651457762440304,10.423259509319296,0.8055555555555556,0.39577241246597245,-1.5440972939559128,0.38423645320197064,2.1818181818181817,2.8546033578377417,2.73585876889239,5.938748976543835,2.0,0.0,0,0,1.8888888888888888,2.354402233379677,3.3640982720522192,10.462284413271755,0.0,0.0,0,0,0.024517499307415275,0.05685392519273854,2.01483994164392,2.289385612488333,0.04545454545454545,0.05395081036924371,2.758346662648637,6.0539777354129125,0.045454545454545435,0.05330482646449033,2.726962999799178,6.137303646808439,1.2727272727272727,0.44536177141512334,1.020620726159657,-0.9583333333333353,-0.288155612086288,68.0,260.0,0.0,204.0,2106.0,48.0,0.0,0.0,0.0,820.0,952.0,17040.0,0.0,0.0,0.0,0.0,222.0,0.0,0.0,0.0,48.0,0.0,0.0,0.0,0.0,0.0,0.0,0.0,0.0,0.0,0.0,1,1,0,1,1,1,0,0,0,1,1,1,0,0,0,0,1,0,0,0,1,0,0,0,0,0,0,0,0,0,0,6.512820512820513,0.8733018649193026,1.1157184170779366,-0.7551724137931033,2.2051282051282053,0.8527327768367122,0.0914583362408142,-0.81989902193853,0.0,0.0,0,0,3.358974358974359,0.4796996649710181,0.5879747322073333,-1.6542857142857141,0.28205128205128205,0.4499981737124165,0.9686648999069222,-1.0616883116883118,13.033564102564107,1.7413639186490897,1.1157184170779293,-0.755172413793114,0.7692307692307693,0.9187934803676368,1.0668665715077656,0.24395143680670905,538.5490000000003,146.40999999999997,3.992200000000004,7,5,0,0,0,0,0,0,0,0,0,0,0,0,0,0,0,0,0,0,0,0,0,0,0,0,0,0,0,0,0,0,0,0,0,0,0,0,0,0,0,0,0,0,0,0,0,0,0,0,0,0,0,0,0,0,0,0,0,1,0,0,0,0,1,0,0,0,1,0,0,0,0,0,1,0,0,0,0,0,0,0,0,0,0,1,0,0,0,0,0,1,0,0,0,1,0,0,1,0,1,0,0,1,0,0,0,1,0,0,1,0,0,0,1,0,0,1,1,0,1,0,1,0,0,1,0,1,1,1,1,1,0,0,1,0,0,0,1,1,0,1,1,1,0,1,1,1,1,1,0,1,1,0,1,0,1,0,0,1,0,1,1,0,1,1,1,1,0,0
CHEMBL204_169,33,30,-1,-1,-1,2.0,2.540579747724022,3.0768179646608123,8.610989882959732,0.11520878346448821,0.1304989138485948,2.0789639104237674,6.243975471744806,0.18818719126169742,0.09316641719425447,-0.1855183580172097,-0.8225638639347053,6.901010101010101,3.58549251225735,-0.05910804254695185,-0.603596452031494,0.025537634408602152,0.06854194787957008,3.2788776059750893,10.595756296828183,0.7878787878787878,0.40881022918884974,-1.408373701656092,-0.016483516483517313,2.0,2.540579747724022,3.0768179646608123,8.610989882959732,2.0,0.0,0,0,1.8181818181818181,2.1944081200280814,3.4839011142699277,12.138214841152232,0.0,0.0,0,0,0.005246993088990353,0.015388992644294682,2.9584234378289955,7.485991480574741,0.04545454545454545,0.052209861991336426,3.090496232350126,8.686435264061965,0.04545454545454546,0.42587628721504983,-2.9946667873910475,8.90184105363742,1.1818181818181819,0.38569460791993493,1.6499158227686117,0.7222222222222232,0.4415094491349668,60.0,208.0,0.0,128.0,1596.0,8.0,0.0,0.0,0.0,304.0,566.0,12840.0,0.0,0.0,0.0,0.0,32.0,0.0,0.0,0.0,0.0,0.0,0.0,0.0,0.0,0.0,0.0,0.0,0.0,0.0,0.0,1,1,0,1,1,1,0,0,0,1,1,1,0,0,0,0,1,0,0,0,0,0,0,0,0,0,0,0,0,0,0,6.590909090909091,0.8344345341220828,0.8845069249157148,-0.9839480844244477,2.0,0.7977240352174656,0.0,-1.4285714285714286,0.0,0.0,0,0,3.590909090909091,0.4916660830178166,-0.3698001308168191,-1.863247863247863,0.0,0.0,0,0,13.189545454545458,1.66399630482743,0.8839202621263336,-0.9850987880436222,1.1363636363636365,1.0572457590557278,0.4186488172840826,-1.0968460542365235,315.3700000000001,107.97000000000001,0.21280000000000032,2,6,0,0,0,0,0,0,0,0,0,0,0,0,0,0,0,0,0,0,0,0,0,0,0,0,1,0,0,0,0,0,0,0,0,0,0,0,0,0,0,0,0,0,0,0,0,0,0,0,0,0,0,0,1,0,0,0,0,0,0,0,0,0,0,0,0,0,0,0,1,1,0,1,1,0,1,1,0,0,0,0,0,0,1,0,0,0,0,0,0,0,1,1,1,1,1,1,0,1,1,0,1,0,1,0,1,0,0,0,1,0,1,1,0,0,0,1,0,1,1,0,1,1,1,1,1,0,1,0,1,0,1,1,1,0,0,0,1,1,0,1,1,1,1,0,0,0,1,1,1,1,1,1,0,1,1,1,1,1,1,1,1,1,0,1,1,1,0,0
CHEMBL204_170,37,35,-1,-1,-1,2.08,2.841408101628487,3.0994162003599706,8.154705366985205,0.11006193791437355,0.1221204194619377,1.8732816410665563,4.774836267863095,0.18242556840386398,0.09185527556323682,-0.202995491669036,-1.0268343604238517,7.679794079794078,4.051633697632312,-0.09427892588431991,-0.7895044596430165,0.025053625053625052,0.06724523224268762,3.5174958340945652,11.8902636519089,0.8108108108108109,0.3916588309780929,-1.5871507864874157,0.5190476190476199,2.08,2.841408101628487,3.0994162003599706,8.154705366985205,2.0,0.0,0,0,1.8918918918918919,2.4360333706472974,3.5807650639175783,12.08615445091481,0.0,0.0,0,0,0.012793654898918056,0.03283613413167422,2.2428333873973303,3.1806403765070224,0.04,0.049131233687673276,3.098652234020108,8.173427563041054,0.039999999999999994,0.03550686878809384,2.730612052896784,7.775382650122676,1.2,0.4,1.5000000000000004,0.2500000000000009,2.1527753098825713,70.0,282.0,0.0,170.0,2496.0,24.0,0.0,0.0,0.0,672.0,816.0,22320.0,0.0,0.0,0.0,0.0,114.0,0.0,0.0,0.0,12.0,0.0,0.0,0.0,0.0,0.0,0.0,0.0,0.0,0.0,0.0,1,1,0,1,1,1,0,0,0,1,1,1,0,0,0,0,1,0,0,0,1,0,0,0,0,0,0,0,0,0,0,7.695652173913044,5.863926438003921,4.373327265464231,17.44292218748951,2.1739130434782608,0.7605589428059089,-0.30264456201619155,-1.2204921184159943,0.0,0.0,0,0,3.130434782608696,0.33678116053977536,2.194690562850869,2.8166666666666647,0.6521739130434783,0.47628048478710094,-0.6390096504226939,-1.5916666666666668,15.830173913043483,13.732899072165207,4.40154926515995,17.60768674933111,0.5652173913043478,0.876062681722169,1.740443535600752,2.3119585527433326,377.19800000000015,88.75,3.0360200000000006,0,3,0,0,0,0,0,0,0,0,0,0,0,0,0,0,0,0,0,0,0,0,0,0,0,0,0,0,0,0,0,0,0,0,0,0,0,0,0,0,1,0,0,0,0,0,0,0,1,0,0,0,0,0,1,1,0,0,0,0,0,0,0,0,0,0,0,1,0,0,0,0,0,0,0,0,0,0,0,1,0,1,1,0,0,1,0,0,0,1,0,0,0,0,0,1,1,0,1,1,1,0,0,1,0,0,0,1,0,1,0,0,0,0,0,1,0,0,0,0,0,0,1,1,1,1,1,1,1,1,0,0,0,1,0,1,1,1,0,1,0,1,0,0,1,1,1,1,1,0,1,1,1,1,1,0,1,0,1,1,1,1,1,1,1,1,1,1,0,0
CHEMBL204_171,35,34,-1,-1,-1,2.1739130434782608,2.80763205060225,2.662455535857639,5.521125890654389,0.11724598458538374,0.12175716681178377,1.5371168572209215,2.5586216521641774,0.19095229852102097,0.09690715107921094,-0.22753101101118584,-1.042007373894295,7.4,3.914807056000881,-0.10872356614785174,-0.8695019304135028,0.021339444868856635,0.060674426710487506,3.213075618293359,9.117589807262918,0.8,0.4,-1.5,0.24999999999999956,2.1739130434782608,2.80763205060225,2.662455535857639,5.521125890654389,2.0,0.0,0,0,1.9428571428571428,2.389774133294455,3.144923958406844,8.899122703784665,0.0,0.0,0,0,0.0240232546919477,0.06262807788402798,3.6232424397633824,14.307082172027638,0.043478260869565216,0.05156837972848892,2.7047304565904455,5.6967655928668055,0.043478260869565216,0.12064128281238215,-2.0537236395106873,3.4597448441684575,1.3043478260869565,0.4601306627938419,0.850420064270761,-1.2767857142857149,1.211226463081598,68.0,264.0,0.0,228.0,2064.0,32.0,0.0,0.0,0.0,672.0,1116.0,15984.0,0.0,0.0,0.0,0.0,138.0,0.0,0.0,0.0,12.0,0.0,0.0,0.0,0.0,0.0,0.0,0.0,0.0,0.0,24.0,1,1,0,1,1,1,0,0,0,1,1,1,0,0,0,0,1,0,0,0,1,0,0,0,0,0,0,0,0,0,1,7.105263157894737,2.44722693422372,3.4332204735113363,11.092774360944789,2.1052631578947367,0.7877173445839877,-0.18791806071967287,-1.3666294642857144,0.0,0.0,0,0,3.1052631578947367,0.3068922049918579,2.572478777137634,4.617647058823533,0.5789473684210527,0.49372797471825575,-0.31980107453341583,-1.8977272727272727,14.294684210526315,5.201653593887557,3.498663871932296,11.431376028097752,0.47368421052631576,0.8187552203212655,1.810533366103497,2.5189194727136126,280.67100000000005,100.09999999999998,0.9887999999999997,0,2,0,0,0,0,0,0,0,0,0,0,0,0,0,0,0,0,0,0,0,0,0,0,0,0,0,1,0,0,0,0,0,0,0,0,0,0,0,0,1,0,0,0,0,0,0,0,0,0,0,0,0,0,1,0,0,0,0,0,0,0,0,0,0,0,0,1,0,0,0,0,0,0,0,0,0,1,0,1,0,1,1,0,0,1,1,0,0,1,0,0,0,0,1,1,1,1,1,1,0,0,0,0,0,1,0,0,1,1,0,0,1,0,0,0,0,0,0,1,0,0,1,1,1,1,1,1,1,0,0,0,0,0,0,1,1,1,1,1,0,0,0,0,1,0,1,0,1,0,1,0,1,1,0,0,1,0,1,1,1,1,1,1,1,1,1,1,0,1
CHEMBL204_172,38,36,-1,-1,-1,2.076923076923077,2.9472683170258485,3.259877688136859,9.322600583566588,0.10918829255162425,0.11997377314790561,2.219590221419894,7.527072722845606,0.1874531950850928,0.0932410407254557,-0.2943925183302901,-0.9202665621411739,8.070175438596491,4.203571924956872,-0.16909319382551005,-0.6875948570858248,0.024142563616247826,0.07182913521936868,3.5147350376651616,11.60057787293855,0.8157894736842105,0.3876557858593746,-1.6292261599251139,0.6543778801843323,2.076923076923077,2.9472683170258485,3.259877688136859,9.322600583566588,2.0,0.0,0,0,1.894736842105263,2.531792309643304,3.7570887855237527,13.587969288439297,0.0,0.0,0,0,0.034935415461731255,0.16002223474019597,5.764731702306051,31.81343286321591,0.03846153846153846,0.04971541283621835,3.2389398814570476,9.085726747105904,0.03846153846153846,0.03582966536328443,-1.2092236797489153,1.3504418094963802,1.2692307692307692,0.4435600997950306,1.0405319634289447,-0.917293233082705,-1.2385418610194974,72.0,308.0,0.0,162.0,2964.0,16.0,0.0,0.0,0.0,524.0,840.0,29184.0,0.0,0.0,0.0,0.0,64.0,0.0,0.0,0.0,0.0,0.0,0.0,0.0,0.0,0.0,0.0,0.0,0.0,0.0,0.0,1,1,0,1,1,1,0,0,0,1,1,1,0,0,0,0,1,0,0,0,0,0,0,0,0,0,0,0,0,0,0,6.67741935483871,2.006233781350479,4.4014162036618245,19.642640700510853,2.2580645161290325,0.7169713151900925,-0.42624120378869856,-0.9830598764116756,0.0,0.0,0,0,3.193548387096774,0.39507899077148045,1.5513435037626788,0.40666666666666673,0.6129032258064516,0.4870860925981129,-0.4635863249727653,-1.785087719298246,13.410548387096778,4.251721342784703,4.496617323642875,20.33020937280188,0.6129032258064516,0.7901579815429607,1.1949427461877278,0.8231000000000006,434.8790000000001,80.56,4.740600000000003,0,5,0,0,0,0,0,0,0,0,0,0,0,0,0,0,0,0,0,0,0,0,0,0,0,0,0,0,0,0,0,0,0,0,0,0,0,0,0,0,0,0,0,0,0,0,0,0,0,0,0,0,0,0,0,0,0,0,0,0,0,0,0,0,1,0,0,1,0,0,0,0,0,0,0,0,0,1,0,0,0,0,0,0,0,1,0,1,1,1,0,1,0,0,1,1,0,0,1,1,0,0,1,1,0,1,0,1,0,1,1,1,1,1,0,1,0,1,1,1,1,0,1,1,1,0,0,1,1,1,0,0,0,1,1,0,1,0,1,1,1,1,1,0,1,1,1,1,1,1,1,0,1,1,1,1,1,1,1,1,1,1,1,1,1,1,1,1,0,0
CHEMBL204_173,34,30,-1,-1,-1,2.0,2.3874672772626644,2.623348162458514,5.319482917820867,0.11098652600691705,0.13074309064267325,1.644467814188874,3.235379500798434,0.14774850862855698,0.0783997674418613,-0.007670606990515562,-1.1219569221281003,5.762745098039215,3.2746003568552444,0.11322459246313811,-0.9240219197533635,0.020889037433155084,0.05354995364884649,2.9632250327775465,7.869000247803303,0.7941176470588235,0.40434491426080943,-1.4547859349066157,0.11640211640211628,2.0,2.3874672772626644,2.623348162458514,5.319482917820867,2.0,0.0,0,0,1.7647058823529411,1.9712465976607105,3.1627768823582856,9.133709557071473,0.0,0.0,0,0,0.007122260668973471,0.019647176269268624,2.4371019366796,4.05542844013706,0.050000000000000024,0.05404908948017781,2.637576262869294,5.429794394961611,0.05000000000000012,3.4969243365714706,2.7172297426881133,6.104208506725817,1.2,0.4,1.5,0.25000000000000044,-0.7472751268288365,60.0,178.0,0.0,80.0,1116.0,8.0,0.0,0.0,0.0,266.0,270.0,6840.0,0.0,0.0,0.0,0.0,28.0,0.0,0.0,0.0,0.0,0.0,0.0,0.0,0.0,0.0,0.0,0.0,0.0,0.0,0.0,1,1,0,1,1,1,0,0,0,1,1,1,0,0,0,0,1,0,0,0,0,0,0,0,0,0,0,0,0,0,0,6.352941176470588,0.6809315825170721,1.6594009906316591,1.1783247939407477,2.1176470588235294,0.6758308995927093,-0.14638348341729152,-0.8250688705234159,0.0,0.0,0,0,3.411764705882353,0.4921529567847503,0.3585685828003189,-1.8714285714285706,0.5294117647058824,0.4991341984846218,-0.11785113019775796,-1.986111111111111,12.715,1.3580012994882464,1.6585311367787758,1.1750181808128373,1.0588235294117647,1.1098801331831298,0.6583301440151857,-0.9467870218406764,234.299,36.28,2.642400000000001,0,5,0,0,0,0,0,0,0,0,0,0,0,0,0,0,0,0,0,0,0,0,0,0,0,0,0,0,0,0,0,0,0,0,0,0,0,0,0,0,0,0,0,0,0,0,0,0,0,0,0,0,0,0,1,0,0,0,0,0,0,0,0,0,0,0,0,1,0,0,0,0,0,0,1,0,1,1,0,0,0,0,1,0,0,1,0,0,1,0,0,0,0,0,1,1,1,1,1,1,0,0,0,1,0,0,0,1,0,0,0,1,1,0,0,1,0,1,1,1,1,0,1,1,1,0,1,1,1,1,0,0,0,0,1,0,0,0,0,1,1,0,0,1,1,1,1,0,0,1,1,1,1,0,0,1,0,1,1,1,1,1,1,1,1,1,1,1,0,0
CHEMBL204_174,38,34,-1,-1,-1,2.0,2.753785273643051,2.9809118696940358,7.226301171356118,0.10740939628047068,0.12156895600583657,1.8667954213755695,4.7371347194014275,0.16142632246240862,0.08744899898498783,-0.1351720056833712,-1.1017207383796443,6.980701754385966,3.9779684313571564,-0.024619065053907808,-0.8979735332938659,0.02121858700806069,0.060590328504057975,3.405065779617093,11.068899897436973,0.8157894736842105,0.3876557858593746,-1.6292261599251139,0.6543778801843323,2.0,2.753785273643051,2.9809118696940358,7.226301171356118,2.0,0.0,0,0,1.7894736842105263,2.295967801177604,3.5590423968244536,11.708035739680325,0.0,0.0,0,0,0.005140439139644778,0.015366419269751477,2.7713394163172493,5.952276535260388,0.04166666666666666,0.05201289822881746,2.971709804467212,7.157339975421584,0.041666666666666706,0.66678341434568,3.167893270244239,8.87141553399206,1.1666666666666667,0.3726779962499649,1.7888543819998315,1.1999999999999993,1.004618208351441,68.0,254.0,0.0,104.0,2100.0,8.0,0.0,0.0,0.0,418.0,474.0,17040.0,0.0,0.0,0.0,0.0,36.0,0.0,0.0,0.0,0.0,0.0,0.0,0.0,0.0,0.0,0.0,0.0,0.0,0.0,0.0,1,1,0,1,1,1,0,0,0,1,1,1,0,0,0,0,1,0,0,0,0,0,0,0,0,0,0,0,0,0,0,6.448275862068965,0.7233164470138975,1.274172732900929,0.08161157024793697,2.1379310344827585,0.6283057640789173,-0.11307041239901736,-0.5369792422702875,0.0,0.0,0,0,3.206896551724138,0.549564739672732,0.06373369989198628,-0.18615537231074475,0.41379310344827586,0.4925123054167483,0.35007002100700274,-1.8774509803921566,12.905206896551725,1.4425561933550186,1.273176152877767,0.07857075724657703,0.7241379310344828,0.9057879680388757,0.849112010114326,-0.5841083805923128,395.4190000000001,117.44,2.560780000000001,0,6,0,0,0,0,0,0,0,0,0,0,0,0,0,0,0,0,0,0,0,1,0,0,0,0,0,0,0,0,0,0,0,0,0,0,0,0,0,1,1,0,0,1,0,0,0,0,0,0,0,0,0,0,0,0,0,0,0,0,0,0,0,0,0,0,0,1,0,0,0,0,0,0,1,0,0,1,0,1,0,0,1,0,0,0,0,1,1,0,0,0,1,1,0,1,0,1,0,1,1,0,1,1,0,0,0,1,1,0,0,1,1,1,0,1,0,1,1,1,1,0,1,1,1,0,0,1,1,1,1,1,0,0,1,1,0,1,1,1,1,0,1,0,1,1,1,1,1,1,1,0,1,1,1,1,1,1,1,1,1,1,1,1,1,1,1,1,0,0
CHEMBL204_175,38,37,-1,-1,-1,2.1538461538461537,3.097049559876522,3.336289251529294,9.981814867403884,0.1095974484756876,0.11960012023950146,2.185657716049269,7.271326733642514,0.19346008564071132,0.09829634768467482,-0.26742758120988913,-0.9839640353308137,8.27017543859649,4.362337411127152,-0.16341135200185788,-0.7208434891324473,0.02303619408882567,0.06830531360495677,3.7971974273870455,13.85162220836921,0.8157894736842105,0.3876557858593746,-1.629226159925114,0.6543778801843323,2.1538461538461537,3.097049559876522,3.336289251529294,9.981814867403884,2.0,0.0,0,0,1.9473684210526316,2.655157527500935,3.8693858525557046,14.652553602927263,0.0,0.0,0,0,0.04158122579175211,0.16088984352830718,5.553276489292542,30.14255785936748,0.03846153846153847,0.05033690447879397,3.330730534167371,9.880771573116943,0.038461538461538464,0.02309563768016428,1.8811120076593502,5.532807833411395,1.3076923076923077,0.4615384615384615,0.8333333333333337,-1.305555555555555,1.5843108061058413,74.0,338.0,0.0,216.0,3510.0,32.0,0.0,0.0,0.0,814.0,1198.0,37920.0,0.0,0.0,0.0,0.0,152.0,0.0,0.0,0.0,12.0,0.0,0.0,0.0,0.0,0.0,0.0,0.0,0.0,0.0,0.0,1,1,0,1,1,1,0,0,0,1,1,1,0,0,0,0,1,0,0,0,1,0,0,0,0,0,0,0,0,0,0,6.358974358974359,0.6975113081402792,1.6442975669800712,1.055040175310448,2.2051282051282053,0.6476579969392353,-0.22686900638649454,-0.7013639803067968,0.0,0.0,0,0,3.128205128205128,0.3343180720616743,2.224198467657374,2.947058823529411,0.6410256410256411,0.4796996649710181,-0.587974732207334,-1.6542857142857146,12.727000000000004,1.3910261845680143,1.643560444090475,1.0523301522398674,0.717948717948718,0.845765256536956,1.3342245861660955,1.4575955612024227,524.5770000000002,117.73000000000002,5.539600000000004,0,9,0,0,0,0,0,0,0,0,0,0,0,0,0,0,0,0,0,0,0,0,0,0,0,0,1,0,0,0,0,0,0,0,0,0,0,0,0,0,1,0,0,0,0,0,0,0,0,0,0,0,0,0,0,0,0,0,0,0,0,0,0,0,1,0,0,1,0,0,1,1,0,1,1,0,0,0,0,1,0,1,0,0,1,1,0,0,0,0,0,1,0,0,1,1,1,0,1,0,1,1,1,1,1,0,0,1,0,0,0,0,1,0,0,1,0,0,0,1,0,0,1,1,0,0,1,1,1,1,0,0,0,1,0,1,0,1,0,1,0,1,1,1,1,1,1,1,1,0,0,1,1,1,1,1,1,1,1,1,1,1,1,1,1,1,1,1,0,0
CHEMBL204_176,36,35,-1,-1,-1,2.1666666666666665,2.9107081994288304,2.7342039806384184,5.987874227358237,0.11553020607369582,0.12012722115468732,1.5911273894020765,2.8062567125335107,0.1938633913840327,0.0987275770131169,-0.24085613348815454,-1.0056571460184236,7.722222222222222,4.088715274091924,-0.12682262309567152,-0.8374636353125036,0.021475256769374416,0.06287515421619887,3.2940489844755256,9.777699451207168,0.8055555555555556,0.3957724124659724,-1.544097293955913,0.3842364532019724,2.1666666666666665,2.9107081994288304,2.7342039806384184,5.987874227358237,2.0,0.0,0,0,1.9444444444444444,2.482655885722703,3.2221314503804432,9.486076385484589,0.0,0.0,0,0,0.029788629279291417,0.1114308993458815,5.188992611770313,26.657037330991294,0.041666666666666664,0.05150898637417172,2.790309903977278,6.231295819125908,0.041666666666666664,0.11191820279252926,-2.029770516426437,3.5606484770876863,1.25,0.4330127018922193,1.1547005383792515,-0.6666666666666665,1.344425800939669,70.0,288.0,0.0,262.0,2400.0,40.0,0.0,0.0,0.0,760.0,1376.0,19944.0,0.0,0.0,0.0,0.0,176.0,0.0,0.0,0.0,24.0,0.0,0.0,0.0,0.0,0.0,0.0,0.0,0.0,0.0,24.0,1,1,0,1,1,1,0,0,0,1,1,1,0,0,0,0,1,0,0,0,1,0,0,0,0,0,0,0,0,0,1,6.885714285714286,2.458471401634166,3.4198745633074,10.599814196540128,2.1142857142857143,0.7845445838711989,0.15156395184405327,-0.6519535070253073,0.0,0.0,0,0,3.4,0.4898979485566356,0.4082482904638636,-1.8333333333333328,0.5142857142857142,0.4997958767010257,-0.05716619504750263,-1.9967320261437904,13.823628571428573,5.094418026965338,3.472895216925379,10.998697809136367,0.9428571428571428,0.954473890770861,0.9026936730001613,-0.0513354144987872,517.0910000000002,87.66000000000001,4.314160000000003,2,11,0,0,0,0,0,0,0,0,0,0,0,0,0,0,0,0,0,0,0,0,0,0,0,0,0,0,0,0,0,0,0,0,1,1,0,0,0,0,0,0,0,0,0,0,0,0,0,0,0,0,0,1,0,1,1,1,0,0,1,1,1,1,0,0,1,0,0,1,0,1,0,0,0,1,0,0,0,0,0,0,1,1,1,0,0,0,0,1,1,0,1,1,0,1,1,1,0,0,0,0,1,0,1,1,1,0,1,1,0,0,0,1,1,1,0,0,0,1,0,0,0,0,0,0,1,1,1,1,1,1,1,1,1,0,1,0,1,0,1,1,1,1,1,1,1,1,1,0,1,1,1,1,1,1,0,1,1,1,1,1,1,1,1,1,1,1,0,1
CHEMBL204_177,37,34,-1,-1,-1,2.0869565217391304,2.811668906821694,2.833438005338861,6.462702763157267,0.11089494952830319,0.12136448078470942,1.7738274863276282,4.306264596930077,0.16789192008744053,0.09190385435103364,-0.15280119286067068,-1.1185464194113997,6.945945945945946,3.9793109952701813,-0.04140787044905502,-0.9410347122057416,0.01874731874731875,0.0569133697546989,3.322776301660241,9.953143842667679,0.8108108108108109,0.3916588309780929,-1.5871507864874157,0.5190476190476199,2.0869565217391304,2.811668906821694,2.833438005338861,6.462702763157267,2.0,0.0,0,0,1.837837837837838,2.3309146043178743,3.435839327803108,10.933689893276396,0.0,0.0,0,0,0.02107084475505528,0.08233979220900088,5.324727524460212,27.95350756562618,0.0434782608695652,0.05390479981564165,2.8564935351175236,6.497828445892376,0.0434782608695652,0.0379128356323989,2.928910868139832,8.23072364092488,1.2608695652173914,0.43910891036356847,1.0891622972743424,-0.8137254901960773,-0.49558898353995107,68.0,258.0,0.0,148.0,2106.0,16.0,0.0,0.0,0.0,460.0,698.0,17040.0,0.0,0.0,0.0,0.0,60.0,0.0,0.0,0.0,0.0,0.0,0.0,0.0,0.0,0.0,0.0,0.0,0.0,0.0,12.0,1,1,0,1,1,1,0,0,0,1,1,1,0,0,0,0,1,0,0,0,0,0,0,0,0,0,0,0,0,0,1,6.666666666666667,1.8499249234015476,4.284718166741735,18.637291280148418,2.2,0.6531972647421809,-0.22963966338592362,-0.7265625000000013,0.0,0.0,0,0,3.2,0.39999999999999997,1.4999999999999993,0.2499999999999969,0.6,0.48989794855663565,-0.40824829046386274,-1.8333333333333337,13.34446666666667,3.7083133248898426,4.293205652363373,18.69731017187497,0.7333333333333333,0.9285592184789412,1.0517716942224802,0.03810181740886609,422.5100000000001,99.36,3.7063200000000016,0,1,0,0,0,0,0,0,0,0,0,0,0,0,0,0,0,0,0,0,0,0,0,0,0,0,0,1,0,0,0,0,0,0,0,0,0,0,1,0,0,0,0,0,0,0,0,0,0,1,0,0,0,0,0,0,0,0,0,1,0,1,0,0,0,0,0,1,0,0,0,0,0,0,0,0,0,0,0,1,0,0,1,1,1,0,1,0,0,0,1,1,1,0,1,1,0,0,0,1,1,0,1,0,0,0,1,1,1,0,0,1,1,1,0,1,0,0,0,1,1,0,1,1,0,0,0,1,1,1,0,0,0,1,1,1,0,1,0,1,1,0,0,0,1,1,1,1,1,1,0,1,0,1,1,1,1,0,1,1,1,1,1,1,1,1,1,1,0,0
CHEMBL204_178,35,35,-1,-1,-1,2.260869565217391,2.9520426429161666,2.644500198599309,5.518515064393631,0.1161274082122747,0.12282448303708952,1.5259409512304307,2.4466134512279716,0.19611552679726155,0.10121962419977154,-0.21695024329456786,-1.104304571117971,7.552380952380953,4.044351622368099,-0.10043509803524647,-0.9065720887021347,0.020422714540361597,0.05838022782531028,3.351040575838133,10.09686249789326,0.8,0.4,-1.5,0.24999999999999956,2.260869565217391,2.9520426429161666,2.644500198599309,5.518515064393631,2.0,0.0,0,0,2.0,2.5071326821120348,3.154635957450887,9.064876033057853,0.0,0.0,0,0,0.04060809864088553,0.1180538907573586,4.320876555159632,19.69807668450012,0.043478260869565195,0.052149363470582424,2.6977471413359315,5.739355507339656,0.043478260869565195,6.1121146950106064,-2.4365930097748665,4.701130359511045,1.3043478260869565,0.4601306627938419,0.8504200642707606,-1.276785714285715,0.34420290899548706,70.0,290.0,0.0,304.0,2400.0,64.0,0.0,0.0,0.0,980.0,1576.0,19944.0,0.0,0.0,0.0,0.0,296.0,0.0,0.0,0.0,60.0,0.0,0.0,0.0,0.0,0.0,0.0,0.0,0.0,0.0,48.0,1,1,0,1,1,1,0,0,0,1,1,1,0,0,0,0,1,0,0,0,1,0,0,0,0,0,0,0,0,0,1,6.241379310344827,0.5666095422467236,2.24633868645946,3.759753086419754,2.2758620689655173,0.6896551724137931,-0.4230000000000004,-0.8699000000000003,0.0,0.0,0,0,3.1724137931034484,0.37773969483114894,1.7344547654330256,1.0083333333333355,0.6206896551724138,0.48521542343000995,-0.4974683381630911,-1.7525252525252522,12.492517241379314,1.1300965665387785,2.245122587870878,3.7532400679016993,0.7931034482758621,0.7133848574336965,0.894457125378698,1.2537994584679897,385.4670000000001,91.36,4.155870000000003,3,3,0,0,0,0,0,0,0,0,0,0,0,0,0,0,0,0,0,0,0,0,0,0,0,0,0,0,0,0,0,0,0,0,0,0,0,0,0,0,1,0,0,0,0,1,0,0,0,0,0,0,0,0,0,0,0,0,0,0,0,0,0,0,1,0,0,0,0,0,0,0,0,0,1,0,0,0,0,1,1,0,0,0,0,0,1,0,0,0,0,0,1,0,0,1,0,0,1,0,1,0,0,1,0,0,0,1,0,0,0,0,0,0,0,1,0,0,0,0,0,1,0,1,0,0,0,1,1,1,0,0,0,1,0,0,0,1,0,1,0,1,0,0,1,1,1,1,0,0,0,0,1,1,1,0,0,0,1,1,1,1,1,1,1,1,1,1,0,1
CHEMBL204_179,36,32,-1,-1,-1,2.0,2.593698657761292,2.7509499277351317,6.019357195032869,0.11021755182591488,0.12501947467206678,1.7440078521314364,3.862474510835961,0.16117820318872808,0.08775592046805404,-0.08754034840657646,-1.0938305792288225,6.481481481481481,3.7100813145762963,0.030083022730386086,-0.9228334512074357,0.01942110177404295,0.05536688533775197,3.082619741261894,8.401499160223004,0.8055555555555556,0.3957724124659724,-1.544097293955913,0.3842364532019724,2.0,2.593698657761292,2.7509499277351317,6.019357195032869,2.0,0.0,0,0,1.7777777777777777,2.1487866228681907,3.3126794257434926,10.126340472990368,0.0,0.0,0,0,0.004550321553584628,0.01346259454525194,2.8918185661107505,7.185250557620538,0.04545454545454545,0.053704707476234737,2.769178912533363,6.102094911859119,0.04545454545454544,0.13939238424567302,-2.4160970556815853,5.202510125993385,1.1818181818181819,0.38569460791993493,1.6499158227686117,0.7222222222222232,1.0193689521689648,64.0,216.0,0.0,112.0,1560.0,8.0,0.0,0.0,0.0,356.0,476.0,11064.0,0.0,0.0,0.0,0.0,34.0,0.0,0.0,0.0,0.0,0.0,0.0,0.0,0.0,0.0,0.0,0.0,0.0,0.0,0.0,1,1,0,1,1,1,0,0,0,1,1,1,0,0,0,0,1,0,0,0,0,0,0,0,0,0,0,0,0,0,0,6.48,0.8059776671843953,1.2109027717137961,-0.36561188089980634,2.08,0.6881860213634101,-0.10485851197499943,-0.8924853907962005,0.0,0.0,0,0,3.12,0.32496153618543844,2.3387383286073207,3.4696969696969635,0.48,0.4995998398718719,0.08006407690254365,-1.9935897435897436,12.96828,1.6072227853038925,1.2104951534778987,-0.3666640512648782,0.72,0.7222188034107115,1.1151728107916912,1.774568105687079,342.351,107.89,2.1006000000000005,0,6,0,0,0,0,0,0,0,0,0,0,0,0,0,0,0,0,0,0,0,0,0,0,0,0,1,0,0,0,0,0,0,0,0,0,0,0,0,0,0,0,0,0,0,0,0,0,0,0,0,0,0,0,0,0,0,0,0,0,0,0,0,0,0,0,0,0,0,0,1,1,0,1,1,0,0,0,0,0,0,0,0,0,0,0,0,0,0,0,0,0,1,0,1,1,1,0,0,0,0,1,0,0,1,0,1,0,0,0,0,0,1,1,0,1,0,0,0,1,0,0,0,0,0,0,1,1,1,1,0,0,0,1,1,1,0,1,1,0,0,1,1,0,1,1,1,1,1,0,0,0,1,1,1,0,1,1,1,1,1,1,1,1,1,1,1,1,0,0
CHEMBL204_180,38,38,-1,-1,-1,2.230769230769231,3.153846153846154,3.024201622147096,7.47293914807374,0.11222465486282866,0.11713844934351479,1.7171329644609163,3.4952043108652555,0.19919321399163903,0.10166094409676127,-0.30633392017045863,-1.036624391203646,8.43245614035088,4.454821862546661,-0.20314561515631557,-0.8254387513650472,0.021771771771771774,0.06405386287880523,3.651638931801199,12.17878716984956,0.8157894736842105,0.3876557858593746,-1.6292261599251139,0.6543778801843323,2.230769230769231,3.153846153846154,3.024201622147096,7.47293914807374,2.0,0.0,0,0,2.0,2.704771612111494,3.5428994337414057,11.450856580922313,0.0,0.0,0,0,0.0341437547959287,0.08904348718461753,3.8992141861482312,16.930630948349688,0.03846153846153847,0.0496129792233966,3.0499313227564055,7.582273389398994,0.03846153846153846,0.018192496826819688,0.49285353742182986,0.6817009161687242,1.3076923076923077,0.46153846153846145,0.8333333333333339,-1.3055555555555545,-0.8663504100062339,76.0,354.0,0.0,294.0,3498.0,56.0,0.0,0.0,0.0,1228.0,1634.0,34440.0,0.0,0.0,0.0,0.0,294.0,0.0,0.0,0.0,48.0,0.0,0.0,0.0,0.0,0.0,0.0,0.0,0.0,0.0,36.0,1,1,0,1,1,1,0,0,0,1,1,1,0,0,0,0,1,0,0,0,1,0,0,0,0,0,0,0,0,0,1,6.394736842105263,0.6704073264661577,1.4356232664168134,0.6680278536850595,2.1578947368421053,0.6698906348083081,-0.1949635981049332,-0.8004115226337438,0.0,0.0,0,0,3.289473684210526,0.45351810367405493,0.9284141650970564,-1.138047138047137,0.5526315789473685,0.49722220072871526,-0.21170244960998577,-1.955182072829131,12.79847368421053,1.3371250135791564,1.4343995156225584,0.6636085069570865,0.868421052631579,0.9779423250558975,0.9406775096633907,-0.157101576636689,519.6060000000002,126.66,3.5421000000000014,0,12,0,0,0,0,0,0,0,0,0,0,0,0,0,0,0,0,0,0,0,0,0,0,0,0,1,0,0,0,0,0,0,0,0,0,0,0,0,0,0,0,0,0,0,0,0,0,0,0,0,0,0,0,1,0,0,0,0,0,0,0,0,0,1,0,0,1,0,0,1,1,0,1,1,0,1,1,0,0,0,1,1,0,1,1,0,1,0,0,0,1,1,1,1,1,1,0,1,1,1,0,1,1,1,0,1,1,0,0,1,0,1,1,0,1,0,0,1,1,1,0,1,1,1,0,1,1,1,1,0,0,1,1,1,1,0,1,0,1,1,1,1,1,1,1,0,1,1,1,1,1,0,1,1,1,1,1,1,1,1,1,1,1,1,1,1,1,0,0
CHEMBL204_181,36,34,-1,-1,-1,2.0833333333333335,2.7525240941522906,2.898153743646184,6.888586812693806,0.11265079077159812,0.12283149887675962,1.7214755537205289,3.648077763267783,0.18585266070874637,0.09379143298762631,-0.20617856348472524,-1.0104383265577184,7.473148148148149,3.945534430342117,-0.08437016879027325,-0.8195414033352,0.02334267040149393,0.06330370395845214,3.2992962361890323,10.17448336796504,0.8055555555555556,0.39577241246597245,-1.5440972939559128,0.38423645320197064,2.0833333333333335,2.7525240941522906,2.898153743646184,6.888586812693806,2.0,0.0,0,0,1.8888888888888888,2.354402233379677,3.3640982720522192,10.462284413271757,0.0,0.0,0,0,0.011689545022878355,0.03067073638718737,2.471174086388757,4.596822411404058,0.04166666666666666,0.04971544094008758,2.909240647335607,6.943621497658574,0.04166666666666668,0.019584955503512837,0.20550872032491307,0.07895890187242971,1.2083333333333333,0.40611643103370687,1.4363696929192162,0.06315789473684275,-0.4973545098515929,68.0,260.0,0.0,186.0,2106.0,24.0,0.0,0.0,0.0,638.0,880.0,17040.0,0.0,0.0,0.0,0.0,112.0,0.0,0.0,0.0,12.0,0.0,0.0,0.0,0.0,0.0,0.0,0.0,0.0,0.0,0.0,1,1,0,1,1,1,0,0,0,1,1,1,0,0,0,0,1,0,0,0,1,0,0,0,0,0,0,0,0,0,0,6.363636363636363,0.6428243465332251,1.5443212101114214,1.0664000000000025,2.242424242424242,0.6527472493496368,-0.2937508151335252,-0.7395214030915578,0.0,0.0,0,0,3.4242424242424243,0.4942274675848512,0.3065696697424825,-1.9060150375939848,0.45454545454545453,0.49792959773196915,0.18257418583505525,-1.9666666666666666,12.736454545454546,1.2821519101343481,1.5430039809852154,1.0611841485894553,0.9696969696969697,1.0294113788765473,0.5605830126335516,-1.0232226690976156,452.5590000000003,86.44,3.4703000000000026,0,6,0,0,0,0,0,0,0,0,0,0,0,0,0,0,0,0,0,0,0,0,0,0,0,0,0,1,0,0,0,0,0,0,0,0,0,0,0,1,1,0,0,0,0,0,0,0,0,0,0,0,0,0,0,0,0,0,0,0,0,0,0,0,1,0,0,1,0,0,0,0,0,0,0,0,0,1,0,1,0,1,1,0,0,1,0,1,1,0,0,1,0,0,0,1,0,1,1,1,1,0,1,1,0,0,0,1,1,0,0,0,1,1,0,1,0,1,1,1,1,0,1,1,1,0,0,1,1,1,1,1,0,0,1,1,0,1,0,1,1,0,0,1,1,1,1,1,1,1,1,1,1,1,1,1,1,0,1,1,1,1,1,1,1,1,1,1,0,0
CHEMBL204_182,39,35,-1,-1,-1,2.0,2.870540018881465,3.084565577834734,8.050758789706855,0.10595352573451865,0.12006196743952824,2.0401628837705443,5.973261252745445,0.17022798113624646,0.09270677051982874,-0.19965679026962782,-1.0776479112766386,7.41880341880342,4.224027694535731,-0.07440399082203902,-0.8811615332226812,0.019841704052230368,0.0603373517885218,3.331823924475696,10.178162828408494,0.8205128205128205,0.3837597319768145,-1.6703827619526517,0.7901785714285703,2.0,2.870540018881465,3.084565577834734,8.050758789706855,2.0,0.0,0,0,1.794871794871795,2.3984983248550904,3.6764786314205993,12.818343418775507,0.0,0.0,0,0,0.003597148230421934,0.011130703451640878,3.0463931944324028,8.122338350416523,0.04000000000000001,0.052392056963550815,3.100587652443381,8.133336838362004,0.04,0.05179786508820451,-1.9814865928380885,4.2904662227542065,1.16,0.36660605559646714,1.8548520670059365,1.4404761904761942,-1.6413014509878365,70.0,280.0,0.0,130.0,2502.0,8.0,0.0,0.0,0.0,474.0,656.0,22320.0,0.0,0.0,0.0,0.0,40.0,0.0,0.0,0.0,0.0,0.0,0.0,0.0,0.0,0.0,0.0,0.0,0.0,0.0,0.0,1,1,0,1,1,1,0,0,0,1,1,1,0,0,0,0,1,0,0,0,0,0,0,0,0,0,0,0,0,0,0,6.708333333333333,2.0509990790398285,3.872852920942233,14.58192289499668,2.1666666666666665,0.6871842709362768,-0.228268823563607,-0.8927335640138407,0.041666666666666664,0.19982631347136331,4.587317109255645,19.043478260869563,3.3333333333333335,0.4714045207910317,0.7071067811865465,-1.500000000000001,0.5,0.5,0.0,-2.0,13.428333333333333,4.111607417489608,3.879726997201999,14.625793340750217,0.9166666666666666,1.0374916331657278,0.8384573381704796,-0.539687825182102,344.456,39.410000000000004,2.7470000000000008,1,6,0,0,0,0,0,0,0,0,0,0,0,0,0,0,0,0,0,0,0,0,0,0,0,0,0,0,0,0,0,0,0,0,0,0,0,0,1,0,0,0,0,0,0,0,0,0,0,0,0,1,0,0,0,0,0,0,0,0,0,1,0,0,0,0,0,1,0,0,0,0,0,0,1,0,0,1,0,0,0,0,0,1,0,1,0,1,0,0,1,0,0,0,0,1,0,0,1,0,1,0,0,1,0,0,0,1,0,0,0,0,0,0,0,1,0,0,0,0,1,0,1,1,1,0,0,1,1,1,1,1,0,0,1,0,0,0,0,1,0,0,0,1,0,1,1,1,1,1,1,1,1,0,1,0,1,1,0,1,1,1,1,1,1,1,1,1,0,0
CHEMBL204_183,39,38,-1,-1,-1,2.24,3.265333061113368,3.122367622926309,8.413384651579719,0.1074798396953187,0.11869755557758654,1.9380414450344066,5.3511146881242375,0.183924007537153,0.10350808657171072,-0.20476922630171043,-1.1938558529339267,7.91880341880342,4.5947793046882826,-0.10938353205299163,-0.9606864826875188,0.017361491045701578,0.05502739313505119,3.9306528173976383,14.680746205756986,0.8205128205128205,0.3837597319768145,-1.6703827619526517,0.7901785714285703,2.24,3.265333061113368,3.122367622926309,8.413384651579719,2.0,0.0,0,0,1.9487179487179487,2.716980959784534,3.7973052523322015,13.862331168871556,0.0,0.0,0,0,0.03369818587209891,0.08864511930765882,3.886498267797154,16.88114454104636,0.039999999999999994,0.05361504508937434,3.1536786052801884,8.551995806246175,0.04,0.037676686338401495,-1.5975276682200181,2.758006891812175,1.32,0.46647615158762407,0.7717436331412894,-1.4044117647058831,0.9716590054286038,76.0,360.0,0.0,274.0,3786.0,56.0,0.0,0.0,0.0,1190.0,1592.0,40800.0,0.0,0.0,0.0,0.0,298.0,0.0,0.0,0.0,48.0,0.0,0.0,0.0,0.0,0.0,0.0,0.0,0.0,0.0,36.0,1,1,0,1,1,1,0,0,0,1,1,1,0,0,0,0,1,0,0,0,1,0,0,0,0,0,0,0,0,0,1,6.473684210526316,0.880694764772711,1.6980783599757925,1.5883673469387753,2.210526315789474,0.6942582083301536,-0.3084674798010719,-0.9205311137534675,0.0,0.0,0,0,3.1315789473684212,0.33803243628066126,2.179797043652263,2.7515151515151484,0.7368421052631579,0.44034738238635557,-1.0757057484009538,-0.8428571428571439,13.008631578947371,1.9150976671679816,1.9214705301737378,2.722886292984186,0.5789473684210527,0.84702510207532,1.7007298344334005,2.416749899375385,516.5040000000002,87.50000000000001,5.826800000000005,0,7,0,0,0,0,0,0,0,0,0,0,0,0,0,0,0,0,0,0,0,0,0,0,0,0,0,1,0,0,0,0,0,0,0,0,0,0,0,0,0,0,0,0,1,0,0,0,0,0,0,0,0,0,0,0,0,0,0,0,0,0,0,0,1,0,0,1,0,0,0,0,0,0,1,0,0,1,0,1,0,0,1,0,0,0,0,1,0,1,0,0,0,0,1,1,0,0,0,1,1,0,0,1,0,0,0,1,1,1,0,0,1,0,0,1,0,0,0,1,0,0,1,1,1,0,0,1,1,1,0,0,0,0,0,1,1,1,0,1,0,0,1,1,1,1,1,1,1,0,1,1,1,1,1,0,1,0,1,1,1,1,1,1,1,1,1,1,0,0
CHEMBL204_184,36,35,-1,-1,-1,2.16,2.9350298124550624,2.9750995735993384,7.122572743189327,0.11350322378554883,0.1220442377503559,1.6386488409939635,2.9816120233825076,0.1938511290315754,0.09649232066321257,-0.2861832837584757,-0.9893461437545317,7.932936507936508,4.129286884267979,-0.18255670608454044,-0.7653780750082064,0.026563958916900096,0.06934153097461537,3.423279963215799,10.73158656445387,0.8055555555555556,0.3957724124659724,-1.544097293955913,0.3842364532019724,2.16,2.9350298124550624,2.9750995735993384,7.122572743189327,2.0,0.0,0,0,1.9444444444444444,2.5489043882121027,3.423554469796965,10.527124085285006,0.0,0.0,0,0,0.02434658073755818,0.05486632268167256,1.8470989012497534,1.5003354067778734,0.04,0.048696970402611374,2.969586046635259,7.099303078646802,0.04,0.03535582746333008,-0.9095093013707422,0.876567542422173,1.24,0.4270831300812524,1.2175615550562027,-0.5175438596491233,-0.3629602684309348,70.0,300.0,0.0,222.0,2700.0,48.0,0.0,0.0,0.0,982.0,1100.0,23880.0,0.0,0.0,0.0,0.0,240.0,0.0,0.0,0.0,48.0,0.0,0.0,0.0,0.0,0.0,0.0,0.0,0.0,0.0,0.0,1,1,0,1,1,1,0,0,0,1,1,1,0,0,0,0,1,0,0,0,1,0,0,0,0,0,0,0,0,0,0,6.333333333333333,0.6356417261637282,1.7043143782764978,1.537500000000004,2.242424242424242,0.6045435558563637,-0.17027546834731047,-0.5413878437413189,0.0,0.0,0,0,3.3636363636363638,0.4810456929208347,0.56694670951384,-1.6785714285714295,0.48484848484848486,0.4997703788627467,0.06063390625908321,-1.9963235294117647,12.675969696969698,1.2677875858037462,1.703104780149224,1.5324253935258758,0.9393939393939394,0.9515344526125807,0.5430698227986142,-0.8899008018959149,449.55500000000023,74.19000000000001,3.001100000000001,1,6,0,0,0,0,0,0,0,0,0,0,0,0,0,0,0,0,0,0,0,0,0,0,0,0,0,0,0,0,0,0,0,0,0,0,0,0,0,0,1,0,0,0,0,0,0,0,0,0,0,0,0,0,0,0,0,0,0,0,0,0,0,0,1,0,0,1,0,0,0,0,0,0,1,0,0,1,0,1,0,1,1,0,0,1,0,1,1,0,0,0,0,1,0,1,0,1,1,1,1,0,1,1,0,0,0,1,0,0,0,0,0,1,0,1,0,0,0,0,1,0,1,1,1,0,0,1,1,1,1,1,0,0,0,1,0,1,0,1,1,1,0,0,1,1,1,1,1,1,1,1,1,0,1,1,0,1,1,1,1,1,1,1,1,1,1,1,0,0
CHEMBL204_185,40,38,-1,-1,-1,2.1538461538461537,3.170686745465377,3.124232564981403,8.08297717627064,0.10741394340268676,0.1160269139582899,1.9114371796957819,5.032151631218364,0.17745656836718077,0.0978671272790676,-0.21888573599724623,-1.1211653990427906,7.973333333333334,4.554246797099262,-0.13601347284223902,-0.9249941115582994,0.019163292847503375,0.06024614561721792,3.796381827352228,13.46465712595522,0.825,0.3799671038392666,-1.7106744068953987,0.9264069264069255,2.1538461538461537,3.170686745465377,3.124232564981403,8.08297717627064,2.0,0.0,0,0,1.9,2.65329983228432,3.7615574581085576,13.117976417226238,0.0,0.0,0,0,0.039803679926630746,0.15712688422934065,5.696921271211256,31.868922365847027,0.038461538461538464,0.05195202816202738,3.126981408982727,8.016564007852867,0.03846153846153847,0.1538330485270879,3.2797374696561947,9.343657015169336,1.3076923076923077,0.46153846153846145,0.8333333333333339,-1.3055555555555547,-0.5648741446782721,76.0,350.0,0.0,200.0,3564.0,32.0,0.0,0.0,0.0,906.0,1110.0,36024.0,0.0,0.0,0.0,0.0,156.0,0.0,0.0,0.0,12.0,0.0,0.0,0.0,0.0,0.0,0.0,0.0,0.0,0.0,0.0,1,1,0,1,1,1,0,0,0,1,1,1,0,0,0,0,1,0,0,0,1,0,0,0,0,0,0,0,0,0,0,6.833333333333333,2.0344259359556176,3.789359997461226,14.206116841583707,2.25,0.7216878364870323,0.24941531628991828,-0.08640000000000025,0.0,0.0,0,0,3.2083333333333335,0.4061164310337068,1.4363696929192145,0.06315789473684053,0.625,0.4841229182759271,-0.5163977794943223,-1.7333333333333334,13.677833333333332,4.078457793360405,3.796950000877279,14.252510503135522,0.6666666666666666,0.7993052538854533,1.1604280434480687,0.9243856332703215,344.3960000000001,85.58999999999999,2.3089999999999993,0,5,0,0,0,0,0,0,0,0,0,0,0,0,0,0,0,0,0,0,0,0,0,0,1,0,0,1,0,0,0,0,0,0,1,1,0,0,0,0,1,0,0,0,0,0,0,0,0,0,0,0,0,1,1,0,0,1,0,0,1,0,1,1,1,0,1,1,0,1,0,1,0,0,0,1,0,0,0,1,0,1,1,1,0,1,0,0,0,0,1,0,1,1,0,1,1,0,1,1,1,0,0,1,1,0,0,1,1,0,0,0,0,0,1,1,0,0,0,1,0,0,1,1,1,0,1,1,1,1,0,0,1,0,0,1,0,1,1,1,0,0,0,0,1,1,0,1,1,1,1,0,0,1,1,0,0,0,1,1,1,1,1,1,1,1,1,1,0,0
CHEMBL204_186,37,35,-1,-1,-1,2.08,2.8131121556027585,2.9907775357484354,7.243668498064581,0.11476013352704846,0.11771634882156787,1.7440970008428063,4.029916646099734,0.18310542135072233,0.09047054498212852,-0.27067803312666744,-0.9383003533396734,7.700900900900902,3.9992997621804953,-0.15363185598475354,-0.7573291590073885,0.02445302445302445,0.07063066372285713,3.337438545257349,10.070554302521503,0.8108108108108109,0.3916588309780929,-1.5871507864874157,0.5190476190476199,2.08,2.8131121556027585,2.9907775357484354,7.243668498064581,2.0,0.0,0,0,1.8918918918918919,2.4137420066774173,3.459303913167014,10.879159230449623,0.0,0.0,0,0,0.03686270237994376,0.16230666531152366,5.640001853714276,30.51523482273943,0.039999999999999994,0.049377002434913095,2.995972824854584,7.216411957596021,0.04,0.07871715748385134,-2.3579424057436285,4.997989061548694,1.28,0.448998886412873,0.9799578870122222,-1.0396825396825407,-1.0500724514101734,70.0,278.0,0.0,152.0,2370.0,16.0,0.0,0.0,0.0,488.0,710.0,19920.0,0.0,0.0,0.0,0.0,58.0,0.0,0.0,0.0,0.0,0.0,0.0,0.0,0.0,0.0,0.0,0.0,0.0,0.0,0.0,1,1,0,1,1,1,0,0,0,1,1,1,0,0,0,0,1,0,0,0,0,0,0,0,0,0,0,0,0,0,0,6.75,2.0463381929681126,3.8401320867817734,14.426821118289151,2.1666666666666665,0.6871842709362768,0.5421384559635686,0.6020761245674757,0.0,0.0,0,0,3.0833333333333335,0.2763853991962833,3.015113445777635,7.090909090909086,0.75,0.4330127018922193,-1.1547005383792515,-0.6666666666666665,13.511499999999998,4.1022737292872105,3.847276427804707,14.471722270156683,0.6666666666666666,0.6871842709362769,1.3125457354907433,2.937716262975778,340.404,68.29,3.5580000000000016,0,5,0,0,0,0,0,0,0,0,0,0,0,0,0,0,0,0,0,0,0,0,0,0,0,0,0,0,0,0,0,0,0,0,1,1,0,0,0,0,0,0,0,0,0,0,0,0,0,0,0,0,0,1,0,0,0,1,0,0,1,1,1,1,1,0,1,1,0,1,0,1,0,0,0,1,0,0,0,0,0,1,0,1,0,0,0,0,0,0,1,1,0,0,0,1,1,0,0,1,1,0,0,0,1,0,0,0,1,0,0,0,0,0,1,1,0,0,0,1,0,0,0,1,0,0,1,1,1,1,0,0,1,0,0,1,0,1,1,1,0,0,0,0,1,1,1,1,1,0,1,0,1,1,1,0,0,0,1,1,1,1,1,1,1,1,1,1,0,0
CHEMBL204_187,39,36,-1,-1,-1,2.08,2.965400478856102,3.051363668536683,7.6430603757873925,0.10862120190036663,0.11765398479756402,1.9379266473370802,5.433269896403482,0.17014261397515545,0.09254406202516324,-0.2065008986834096,-1.0887901625448801,7.494017094017092,4.257794071897108,-0.10315958550011492,-0.8984747692041388,0.019841704052230368,0.06191314440648235,3.5446070801512772,11.638664180143289,0.8205128205128205,0.3837597319768145,-1.6703827619526517,0.7901785714285703,2.08,2.965400478856102,3.051363668536683,7.6430603757873925,2.0,0.0,0,0,1.8461538461538463,2.4759195291432428,3.6633826194582353,12.428988834394241,0.0,0.0,0,0,0.03482088722363322,0.15817851042554418,5.818072747844078,32.54727322771617,0.04000000000000001,0.05237333594313609,3.048970295714454,7.527131408834681,0.04,0.022334684603719335,2.2568131891462393,5.977258445995405,1.28,0.448998886412873,0.9799578870122222,-1.0396825396825407,-0.4304836447516575,72.0,300.0,0.0,140.0,2766.0,16.0,0.0,0.0,0.0,528.0,708.0,25200.0,0.0,0.0,0.0,0.0,62.0,0.0,0.0,0.0,0.0,0.0,0.0,0.0,0.0,0.0,0.0,0.0,0.0,0.0,0.0,1,1,0,1,1,1,0,0,0,1,1,1,0,0,0,0,1,0,0,0,0,0,0,0,0,0,0,0,0,0,0,7.578947368421052,7.499584476023947,5.839101448563892,32.409094310802054,2.1052631578947367,0.882266032328432,0.25348067032336025,-0.8612099644128115,0.0,0.0,0,0,3.3421052631578947,0.47441464150841967,0.6656402354702753,-1.556923076923077,0.4473684210526316,0.49722220072871537,0.21170244960998505,-1.9551820728291325,15.716815789473685,18.331750951279876,5.865398063069666,32.61518067475503,0.9473684210526315,1.1458705819514337,0.837523497642466,-0.8133846071676545,633.5270000000003,113.69000000000001,5.805300000000006,0,8,0,0,0,0,0,0,0,0,0,0,0,0,0,0,0,0,0,0,0,0,0,0,0,0,0,0,0,1,0,0,0,0,0,0,0,0,0,0,0,0,0,0,0,0,0,0,0,0,0,0,0,0,0,1,0,0,0,1,0,0,0,0,1,0,0,1,1,0,0,0,0,0,0,0,1,0,0,0,0,1,1,0,1,1,0,0,0,1,0,1,1,0,1,1,0,1,1,1,0,0,1,0,0,0,1,0,0,1,0,0,1,1,1,1,0,0,0,1,1,0,1,1,0,0,0,1,1,1,0,0,0,1,0,0,1,0,1,1,1,1,1,1,1,1,1,1,1,1,0,1,1,1,1,1,1,1,1,1,1,1,1,1,1,1,1,1,0,0
CHEMBL204_188,41,40,-1,-1,-1,2.1379310344827585,3.2665930573213915,3.272398338128944,9.002887151049084,0.10978141818041029,0.1110778291322661,1.8984364409096688,4.575857024107113,0.20160944784993656,0.10052562599278116,-0.41247469081721316,-0.8707323199721189,9.257723577235774,4.782805836981883,-0.29812063052167204,-0.6775164647152176,0.02263914946841776,0.07038241729345181,3.709588769790341,12.74928735215846,0.8292682926829268,0.37627435659857345,-1.7501500535908443,1.0630252100840352,2.1379310344827585,3.2665930573213915,3.272398338128944,9.002887151049084,2.0,0.0,0,0,1.951219512195122,2.828006446953316,3.776503739851867,13.115772117311458,0.0,0.0,0,0,0.022350588787012318,0.07954535218002846,5.299376142028444,28.740735497512727,0.034482758620689655,0.04821635428738891,3.2961165875284673,9.113504018422205,0.034482758620689655,0.02243153047462437,-0.7241248622339301,1.5430670987605337,1.2413793103448276,0.42791978089623633,1.2087344460380705,-0.5389610389610371,-0.8854618324829627,80.0,404.0,0.0,266.0,4434.0,32.0,0.0,0.0,0.0,1100.0,1614.0,48168.0,0.0,0.0,0.0,0.0,174.0,0.0,0.0,0.0,12.0,0.0,0.0,0.0,0.0,0.0,0.0,0.0,0.0,0.0,24.0,1,1,0,1,1,1,0,0,0,1,1,1,0,0,0,0,1,0,0,0,1,0,0,0,0,0,0,0,0,0,1,6.454545454545454,0.8560270843530629,1.8804382627762533,2.465006501215445,2.1818181818181817,0.7158188976374373,-0.2826777020326814,-1.026534859521332,0.0,0.0,0,0,3.242424242424242,0.552147489645109,0.03835136794820607,-0.348708085353461,0.5151515151515151,0.4997703788627467,-0.060633906259083194,-1.9963235294117645,12.978575757575756,1.894729628594252,2.116188389606993,3.6277098007511697,0.696969696969697,0.9040262963743211,1.1252953207188163,0.2719580861002391,451.47700000000026,91.97,3.488000000000002,1,5,0,0,0,0,0,0,0,0,0,0,0,0,0,0,0,0,0,0,0,0,0,0,0,0,0,0,0,0,0,0,0,0,0,0,0,0,0,0,1,0,0,1,1,0,0,0,0,0,0,0,0,0,0,0,1,0,0,0,0,0,0,0,1,0,0,1,0,0,0,0,0,0,0,0,0,1,0,1,0,1,1,0,1,1,0,1,1,1,0,0,1,1,1,1,0,1,1,1,1,0,1,0,0,0,1,0,0,1,0,0,1,1,0,1,0,0,0,1,1,0,1,1,1,0,0,1,1,1,1,1,0,1,0,1,1,1,0,1,1,0,0,0,1,1,1,1,0,1,1,1,1,1,1,1,1,0,1,1,1,1,1,1,1,1,1,1,0,0
CHEMBL204_189,35,35,-1,-1,-1,2.260869565217391,2.816371259252461,2.65240525013473,5.728944266680957,0.11757373965696574,0.12144070287389078,1.540074819754541,2.9033069290142812,0.19246370086429224,0.0978794147162302,-0.24162475532643943,-1.061048396117842,7.466666666666668,3.9551152332057917,-0.13071825164064146,-0.8987287224557923,0.021033868092691622,0.05848169460719086,3.3231791737122185,10.056434018134505,0.8,0.4,-1.5,0.24999999999999956,2.260869565217391,2.816371259252461,2.65240525013473,5.728944266680957,2.0,0.0,0,0,2.0,2.4023797725231892,3.14045037413947,9.195618076659153,0.0,0.0,0,0,0.02470250896057348,0.052780671805012995,2.5733139306210586,7.147712155191247,0.043478260869565195,0.04996080069265034,2.7249354659219964,6.056474952776295,0.043478260869565216,0.020141564036310292,1.2776402020410367,0.8251974512935605,1.3478260869565217,0.47628048478710105,0.6390096504226936,-1.5916666666666677,1.2132254269148341,70.0,272.0,0.0,260.0,2130.0,40.0,0.0,0.0,0.0,776.0,1234.0,17064.0,0.0,0.0,0.0,0.0,164.0,0.0,0.0,0.0,12.0,0.0,0.0,0.0,0.0,0.0,0.0,0.0,0.0,0.0,84.0,1,1,0,1,1,1,0,0,0,1,1,1,0,0,0,0,1,0,0,0,1,0,0,0,0,0,0,0,0,0,1,6.375,0.6959705453537527,1.5643042434590073,0.8595213319458899,2.1875,0.8076779989575054,0.0027802032306615695,-0.8320843343253612,0.0,0.0,0,0,3.25,0.4330127018922193,1.1547005383792515,-0.6666666666666665,0.53125,0.4990224819584785,-0.1252448582170299,-1.9843137254901961,12.759,1.38798991350802,1.5634407933775138,0.8564194602538326,0.8125,0.982264602843857,0.9752931630065971,-0.19259453523250647,434.4960000000002,110.68,2.4526000000000003,0,6,0,0,0,0,0,0,0,0,0,0,0,0,0,0,0,0,0,0,0,0,0,0,0,0,0,0,0,0,0,0,0,0,0,0,0,0,0,0,0,0,0,0,0,0,0,0,0,0,0,0,0,0,1,0,0,0,0,0,0,0,0,0,1,0,0,1,1,0,0,0,0,0,0,0,1,1,0,0,0,1,1,0,1,1,1,1,0,0,0,0,0,1,1,1,1,1,1,1,1,0,1,1,0,0,0,1,0,0,0,1,1,1,1,1,0,1,0,1,1,0,1,1,1,0,1,1,1,1,0,0,0,1,0,1,0,1,1,1,1,1,1,1,1,1,1,1,1,1,1,1,1,1,1,1,1,1,1,1,1,1,1,1,1,1,1,1,0,1
CHEMBL204_190,38,36,-1,-1,-1,2.076923076923077,2.9210519301611577,3.0720968389095957,7.8835326571009166,0.10994345997301509,0.11928212390314925,1.841749097056656,4.443306906080291,0.1861322090782836,0.09358285160203458,-0.2425654461043151,-0.9775614559526336,8.021052631578948,4.2080379159999355,-0.14279095370026407,-0.770075396912318,0.024695748379958905,0.06905484918355792,3.5269980547019335,12.084844181066083,0.8157894736842105,0.3876557858593746,-1.6292261599251139,0.6543778801843323,2.076923076923077,2.9210519301611577,3.0720968389095957,7.8835326571009166,2.0,0.0,0,0,1.894736842105263,2.510917987763487,3.5502524541102556,11.6942528593623,0.0,0.0,0,0,0.012203755001538934,0.032223054815168094,2.3626806987678055,3.7698767891167444,0.03846153846153848,0.04883438728849451,3.0596396564025543,7.809679315653822,0.03846153846153846,0.08307880381744155,3.3320958106747463,9.615702603932336,1.1923076923076923,0.39411349099844606,1.5614401167176535,0.4380952380952392,0.3575917999120963,72.0,304.0,0.0,184.0,2772.0,24.0,0.0,0.0,0.0,744.0,956.0,25200.0,0.0,0.0,0.0,0.0,120.0,0.0,0.0,0.0,12.0,0.0,0.0,0.0,0.0,0.0,0.0,0.0,0.0,0.0,0.0,1,1,0,1,1,1,0,0,0,1,1,1,0,0,0,0,1,0,0,0,1,0,0,0,0,0,0,0,0,0,0,6.2894736842105265,0.6029704861784001,1.930293109058947,2.408598639455776,2.263157894736842,0.6359497880839249,-0.2890952076624708,-0.6822105460686805,0.0,0.0,0,0,3.263157894736842,0.44034738238635557,1.0757057484009547,-0.842857142857143,0.6052631578947368,0.48879409528965023,-0.4307055216465324,-1.8144927536231878,12.58847368421053,1.2026333985935793,1.9290554890414395,2.402765031392196,0.8157894736842105,0.8225526109519885,0.6357961851146112,-0.4919389562810563,509.61000000000035,96.85,3.899600000000003,1,6,0,0,0,0,0,0,0,0,0,0,0,0,0,0,0,0,0,0,0,0,0,0,0,0,0,0,0,0,0,0,0,0,0,0,0,0,0,0,1,0,0,0,0,0,0,0,0,0,0,0,0,0,1,0,0,0,0,0,0,0,0,0,1,0,0,1,0,0,0,0,0,0,0,0,0,1,0,1,0,1,1,0,0,1,1,1,1,0,0,0,1,1,1,1,1,1,1,1,1,0,1,1,0,0,1,1,0,0,0,0,1,1,0,1,0,0,0,1,1,0,1,1,1,0,1,1,1,1,1,1,0,1,1,1,0,1,0,1,1,1,0,0,1,1,1,1,1,1,1,0,1,1,1,1,1,1,1,1,1,1,1,1,1,1,1,1,0,1
CHEMBL204_191,40,36,-1,-1,-1,1.9285714285714286,2.8275250589842122,3.295585900776053,9.188052563053628,0.10665446963850944,0.11672542185029043,2.2115625406493544,7.370397602744088,0.18037944919500917,0.0866185973173546,-0.4070626798571987,-0.8536145008318523,8.278809523809525,4.216525023837045,-0.21902479145637108,-0.6103426100380656,0.026788124156545207,0.08164171142199038,3.2533545810274815,9.18748427931387,0.825,0.3799671038392666,-1.7106744068953987,0.9264069264069255,1.9285714285714286,2.8275250589842122,3.295585900776053,9.188052563053628,2.0,0.0,0,0,1.8,2.4515301344262523,3.73388996196926,12.930664643785589,0.0,0.0,0,0,0.0,0.0,0,0,0.03571428571428572,0.04745121218864748,3.281991172887083,9.098825507507753,0.03571428571428571,0.10142075105035203,-3.089232739046894,10.139113584703859,1.0,0.0,0,0,-0.10067205487770903,72.0,298.0,0.0,90.0,2766.0,0.0,0.0,0.0,0.0,268.0,444.0,25200.0,0.0,0.0,0.0,0.0,0.0,0.0,0.0,0.0,0.0,0.0,0.0,0.0,0.0,0.0,0.0,0.0,0.0,0.0,0.0,1,1,0,1,1,0,0,0,0,1,1,1,0,0,0,0,0,0,0,0,0,0,0,0,0,0,0,0,0,0,0,6.970588235294118,2.3575322855707936,3.2674765699763926,9.681513058486884,2.1176470588235294,0.7957499563805107,0.13693771084896172,-0.7186240257995156,0.0,0.0,0,0,3.176470588235294,0.5128116404165498,0.23545299002505146,0.20429362880886526,0.5294117647058824,0.4991341984846218,-0.11785113019775798,-1.9861111111111114,13.953470588235295,4.727063509791839,3.2722736673824557,9.705702941879231,0.6764705882352942,0.930546589385669,1.3405652528935303,0.8310071546834781,497.60200000000026,148.06,3.846280000000002,0,9,0,0,0,0,0,0,0,0,0,0,0,0,0,0,0,0,0,0,0,0,0,0,0,0,0,0,0,0,0,0,0,0,1,1,0,0,0,0,1,0,0,1,0,0,0,0,0,1,0,0,0,1,0,0,0,1,0,0,1,1,1,1,0,0,1,1,0,1,0,1,0,0,0,1,1,0,0,1,0,0,1,1,0,0,1,0,0,0,1,0,0,0,0,1,1,0,0,0,1,0,0,0,1,0,0,0,1,0,0,0,0,0,1,1,0,0,0,1,0,0,1,1,0,0,1,1,1,1,0,0,1,1,1,1,0,1,1,1,0,0,1,1,1,1,1,1,1,0,1,1,1,1,1,1,1,1,1,1,1,1,1,1,1,1,1,1,0,0
CHEMBL204_192,37,34,-1,-1,-1,2.0869565217391304,2.796162641880613,2.774482793719824,5.994895740191334,0.10957017846952957,0.12256183344411292,1.6158858379813654,2.807154467327009,0.16782915965391126,0.09263399161011161,-0.12507563354978943,-1.1664739958853088,6.91891891891892,3.9929313709811995,-0.012069676997962048,-0.9811915580294106,0.018918918918918916,0.05374462002768719,3.2591803794121788,9.531958676792254,0.8108108108108109,0.3916588309780929,-1.5871507864874157,0.5190476190476199,2.0869565217391304,2.796162641880613,2.774482793719824,5.994895740191334,2.0,0.0,0,0,1.837837837837838,2.3192905895053983,3.368666917190401,10.27234035773369,0.0,0.0,0,0,0.011740118496875254,0.030861467839791597,2.421510716846475,4.269874402871567,0.043478260869565195,0.052971719957864226,2.7895619548908246,6.05530247449653,0.043478260869565216,0.032033006362390745,-0.6005146844721511,0.805842453684209,1.2173913043478262,0.4124709991523974,1.3703203194062967,-0.12222222222222534,-0.8108706728884849,68.0,256.0,0.0,164.0,2046.0,24.0,0.0,0.0,0.0,636.0,762.0,15960.0,0.0,0.0,0.0,0.0,112.0,0.0,0.0,0.0,12.0,0.0,0.0,0.0,0.0,0.0,0.0,0.0,0.0,0.0,0.0,1,1,0,1,1,1,0,0,0,1,1,1,0,0,0,0,1,0,0,0,1,0,0,0,0,0,0,0,0,0,0,6.564102564102564,1.0075324463788973,1.4039656895104613,0.3368194448173134,2.1538461538461537,0.8634593969478327,0.17676008062991055,-0.8265306122448988,0.0,0.0,0,0,3.2564102564102564,0.4366509324596513,1.1157184170779368,-0.7551724137931033,0.5384615384615384,0.49851851526214314,-0.1543033499620917,-1.9761904761904763,13.21317948717949,2.204303493365031,1.5814372003465134,1.1073293511791658,0.6666666666666666,0.9428090415820635,1.441409977034116,1.096153846153845,541.5220000000002,86.99000000000001,6.378220000000005,0,8,0,0,0,0,0,0,0,0,0,0,0,0,0,0,0,0,0,0,0,0,0,0,0,0,0,0,0,0,0,0,0,0,0,0,0,0,0,0,0,0,0,0,1,0,0,0,0,0,0,0,0,0,0,0,0,0,0,0,0,0,0,0,0,0,0,1,1,0,0,0,0,0,1,0,1,1,0,0,0,0,0,0,0,1,0,1,0,0,0,0,0,0,1,1,0,0,1,0,0,0,0,1,0,0,0,1,1,1,0,0,1,0,1,1,0,0,1,1,0,0,0,1,1,1,0,1,1,1,0,0,0,0,0,0,1,0,1,1,0,1,1,1,0,1,1,1,1,0,1,1,1,0,1,0,1,1,1,1,1,1,1,1,1,1,1,1,0,0
CHEMBL204_193,37,33,-1,-1,-1,1.92,2.56,3.007255554199218,7.312846422195435,0.11320835066604333,0.11920946424886397,1.760415179717738,4.2279843599345215,0.17141802783227492,0.08188642070607104,-0.3041303741618606,-0.9232083532716837,7.309523809523808,3.7389126814447056,-0.11884121276216478,-0.6977082854521499,0.02737022737022737,0.07813931626703288,3.0196473873310303,7.602293875287781,0.8108108108108109,0.3916588309780929,-1.5871507864874157,0.5190476190476199,1.92,2.56,3.007255554199218,7.312846422195435,2.0,0.0,0,0,1.7837837837837838,2.2072991339562607,3.4110845652125947,10.536538012852656,0.0,0.0,0,0,0.0,0.0,0,0,0.04000000000000001,0.04827990337784155,3.0013766481671142,7.300559252236701,0.04,0.030276566273387415,2.5354729408284205,7.11264993860963,1.0,0.0,0,0,-0.8369885243819983,66.0,232.0,0.0,78.0,1770.0,0.0,0.0,0.0,0.0,202.0,324.0,13080.0,0.0,0.0,0.0,0.0,0.0,0.0,0.0,0.0,0.0,0.0,0.0,0.0,0.0,0.0,0.0,0.0,0.0,0.0,0.0,1,1,0,1,1,0,0,0,0,1,1,1,0,0,0,0,0,0,0,0,0,0,0,0,0,0,0,0,0,0,0,6.387096774193548,0.7037878783635945,1.514863524710907,0.7014158604618359,2.129032258064516,0.7927874662867423,0.1548084336304743,-0.6472961712205585,0.0,0.0,0,0,3.4193548387096775,0.6103512234975647,-0.5412126271465019,-0.6162885053525176,0.1935483870967742,0.39507899077148034,1.5513435037626793,0.40666666666666584,12.783129032258069,1.4035779105887256,1.5140027968917735,0.6984172934723585,1.032258064516129,1.0620695247196341,0.5820152853921549,-0.9719604852875099,428.53300000000024,103.69000000000001,1.94878,3,9,0,0,0,0,0,0,0,0,0,0,0,0,0,0,0,0,0,0,0,0,0,0,1,0,0,0,0,0,0,0,0,0,0,0,0,0,0,0,0,0,0,1,0,0,0,0,0,0,0,0,0,0,0,1,0,0,0,0,0,0,0,0,1,0,0,0,1,0,0,0,0,0,1,0,1,1,0,0,0,1,1,0,1,1,0,1,0,0,0,0,1,1,1,1,0,1,1,1,0,0,1,0,0,0,1,0,0,0,0,0,1,1,1,1,0,1,1,1,1,0,0,1,1,0,0,0,1,1,1,1,0,1,1,1,0,0,1,1,1,0,1,1,1,1,1,0,1,1,1,1,1,1,1,1,1,1,1,1,1,1,1,1,1,1,1,1,0,0
CHEMBL204_194,33,33,-1,-1,-1,2.2857142857142856,2.657296462534039,2.3865858836885625,4.4936850546292915,0.1195362254125457,0.12654691271284085,1.3880587403637143,1.965219697183028,0.18710602767462603,0.09559208992759237,-0.13420597575228643,-1.0788283343532352,6.828282828282829,3.640513905448754,-0.03481531728856198,-0.9392173990470316,0.020650048875855323,0.05565122438156166,3.1224940740414135,8.73471407891056,0.7878787878787878,0.40881022918884974,-1.4083737016560922,-0.016483516483517313,2.2857142857142856,2.657296462534039,2.3865858836885625,4.4936850546292915,2.0,0.0,0,0,2.0,2.256304299271065,2.86498843102595,7.621173469387754,0.0,0.0,0,0,0.037679555293191655,0.09605860555065236,3.5559097725260314,13.598940048791448,0.047619047619047616,0.05096990911361538,2.4653272328466054,4.754835302114375,0.047619047619047616,0.03599539575544315,0.19596942676246837,-0.02122032522783046,1.3333333333333333,0.4714045207910316,0.7071067811865481,-1.4999999999999987,-0.2393973387951056,66.0,234.0,0.0,260.0,1590.0,56.0,0.0,0.0,0.0,686.0,1138.0,11088.0,0.0,0.0,0.0,0.0,202.0,0.0,0.0,0.0,36.0,0.0,0.0,0.0,0.0,0.0,0.0,0.0,0.0,0.0,72.0,1,1,0,1,1,1,0,0,0,1,1,1,0,0,0,0,1,0,0,0,1,0,0,0,0,0,0,0,0,0,1,6.32258064516129,0.6419273787784644,1.7801351606636668,1.7215335169880657,2.129032258064516,0.6595176871051895,-0.1446285553165125,-0.7309013072045061,0.0,0.0,0,0,3.096774193548387,0.29565004483586066,2.727723627949906,5.44047619047619,0.5806451612903226,0.49345350131543086,-0.326860225230307,-1.8931623931623938,12.654483870967747,1.2802756727076214,1.77906823833039,1.7170296665346454,0.7741935483870968,0.7052648744863046,0.9013823665879922,1.309999824933037,416.4810000000001,117.3,2.76677,1,8,0,0,0,0,0,0,0,0,0,0,0,0,0,0,0,0,0,0,0,0,0,0,0,0,0,0,0,0,0,0,0,0,0,0,0,0,0,0,1,0,0,0,0,1,0,0,0,0,0,0,0,0,0,0,1,0,0,0,0,0,0,0,0,0,0,0,0,0,0,0,0,0,0,0,0,0,0,1,1,1,0,0,1,0,1,0,0,0,0,0,0,1,1,1,0,1,0,0,0,0,1,0,0,0,0,0,0,0,0,0,1,0,0,1,0,0,0,1,0,1,0,0,0,0,0,1,1,1,0,0,0,1,0,0,0,0,1,0,0,0,0,0,1,1,0,1,1,0,0,0,0,1,1,1,1,1,1,1,1,1,1,1,1,1,1,1,0,1
CHEMBL204_195,35,37,-1,-1,-1,2.4347826086956523,3.0620551063754804,2.593856505150793,5.312466831425594,0.11636341366998619,0.12260091570007237,1.450145089894473,2.157458647074109,0.20109554043621997,0.10468113566638769,-0.24668961302694917,-1.1735023790528927,7.728571428571429,4.163967833438898,-0.13191876039691092,-0.9647638038601825,0.019505984211866563,0.055016586859568554,3.429968735442728,10.488009658631182,0.8,0.4,-1.5,0.24999999999999956,2.4347826086956523,3.0620551063754804,2.593856505150793,5.312466831425594,2.0,0.0,0,0,2.1142857142857143,2.605175382869684,3.1227812999941476,8.921648052685981,0.0,0.0,0,0,0.05488367991568705,0.10820399513697192,2.329036344776101,5.8450145215525815,0.04347826086956518,0.05030942009425254,2.6590728478839645,5.5643445091128,0.04347826086956524,0.05788078533556772,-1.3052947576625462,1.4313362844851714,1.391304347826087,0.48804226784007926,0.44543540318737423,-1.8015873015873007,0.20320825789873315,74.0,320.0,0.0,398.0,2736.0,112.0,0.0,0.0,0.0,1452.0,2074.0,23904.0,0.0,0.0,0.0,0.0,530.0,0.0,0.0,0.0,144.0,0.0,0.0,0.0,0.0,0.0,0.0,0.0,0.0,0.0,168.0,1,1,0,1,1,1,0,0,0,1,1,1,0,0,0,0,1,0,0,0,1,0,0,0,0,0,0,0,0,0,1,6.333333333333333,0.6816498108607267,1.7646869867178945,1.4603024574669226,2.1818181818181817,0.5749595745760688,-0.02371708245126189,-0.25249999999999906,0.0,0.0,0,0,3.242424242424242,0.42854956435548325,1.2020815280171326,-0.5549999999999957,0.5454545454545454,0.4979295977319692,-0.18257418583505508,-1.9666666666666668,12.675848484848485,1.3593876545066084,1.7639771637704398,1.4575252506933731,0.8787878787878788,0.8793101896089035,0.7727408169299588,-0.15381599065678886,447.53500000000025,72.92,4.532900000000003,0,8,0,0,0,0,0,0,0,0,0,0,0,0,0,0,0,0,0,0,0,0,0,0,0,0,0,0,0,0,0,0,0,0,0,0,0,0,0,0,0,0,0,0,0,0,0,0,0,0,0,0,0,0,0,0,0,0,0,0,0,0,0,0,1,0,0,1,0,0,0,0,0,0,1,0,0,1,0,0,0,0,1,0,0,0,0,1,1,0,0,0,1,1,1,1,0,0,0,1,1,0,1,0,0,0,0,0,0,0,0,1,1,1,0,1,0,0,0,1,1,0,1,1,1,0,0,1,1,1,1,1,0,0,0,1,0,1,0,1,1,0,1,0,1,1,1,1,1,1,1,1,1,1,1,1,1,1,1,1,1,1,1,1,1,1,1,1,0,1
CHEMBL204_196,39,37,-1,-1,-1,2.074074074074074,3.005253744459377,3.2528389412625196,9.078705381727346,0.10800343621687954,0.11822133228132756,1.9815866419803134,5.479635583534019,0.18760788296310055,0.0941953879582551,-0.2754106391093951,-0.9789876648059184,8.31929181929182,4.360760482844838,-0.1637079775368125,-0.7412216641585609,0.024984498668709196,0.06996110780065014,3.6352405035832334,12.683905762361466,0.8205128205128205,0.3837597319768145,-1.6703827619526517,0.7901785714285703,2.074074074074074,3.005253744459377,3.2528389412625196,9.078705381727346,2.0,0.0,0,0,1.8974358974358974,2.589870522403376,3.7440483536107267,13.203236573768208,0.0,0.0,0,0,0.01097486811772526,0.029016353804377563,2.331470649673036,3.5928505636361407,0.037037037037037035,0.04835959756374843,3.251671945328104,9.090054667884237,0.03703703703703704,0.24517847725549083,3.4611743760748017,10.798656822711557,1.1851851851851851,0.38844772154450063,1.6208864017175073,0.6272727272727261,-1.1902257013040487,74.0,328.0,0.0,186.0,3234.0,24.0,0.0,0.0,0.0,806.0,984.0,32064.0,0.0,0.0,0.0,0.0,126.0,0.0,0.0,0.0,12.0,0.0,0.0,0.0,0.0,0.0,0.0,0.0,0.0,0.0,0.0,1,1,0,1,1,1,0,0,0,1,1,1,0,0,0,0,1,0,0,0,1,0,0,0,0,0,0,0,0,0,0,6.7272727272727275,1.7968444945907387,4.172688843169145,18.54876876841896,2.1818181818181817,0.7959954870644664,0.023834723090929027,-0.7711531190926277,0.0,0.0,0,0,3.4242424242424243,0.4942274675848512,0.30656966974248245,-1.9060150375939848,0.3333333333333333,0.4714045207910317,0.7071067811865478,-1.4999999999999993,13.464939393939392,3.6010937222359134,4.184351754151514,18.63281100220532,0.9090909090909091,1.0549633445775277,0.6462956133241046,-1.035927850210763,474.5830000000003,111.81,2.42922,0,5,0,0,0,0,0,0,0,0,0,0,0,0,0,0,0,0,0,0,0,1,0,0,0,0,0,0,0,0,0,0,0,0,1,1,0,0,0,0,0,0,0,0,0,0,0,0,0,0,0,0,0,1,0,0,1,1,0,0,1,1,1,1,0,0,1,1,0,1,0,0,0,0,0,1,0,1,0,0,0,1,0,1,0,1,0,1,1,0,1,0,1,1,1,1,1,1,1,1,1,0,1,1,1,0,0,1,1,0,1,0,1,1,1,1,0,1,1,1,1,0,1,1,1,0,1,1,1,1,1,1,1,1,1,1,0,1,1,1,1,0,1,1,1,1,1,1,1,1,1,1,1,1,1,1,1,0,1,1,1,1,1,1,1,1,1,1,0,0
CHEMBL204_197,36,33,-1,-1,-1,2.0,2.5,2.816,6.5808,0.1108129427192646,0.12449204594541279,2.052158345495669,6.246461229818811,0.17201563277582238,0.08294961809295574,-0.23883861654111194,-0.9011519034629494,7.110185185185185,3.6460220115786908,-0.10455098292200643,-0.7298390441660261,0.026517273576097105,0.07468662399098028,3.072037464891578,8.271243128490804,0.8055555555555556,0.3957724124659724,-1.5440972939559132,0.3842364532019724,2.0,2.5,2.816,6.5808,2.0,0.0,0,0,1.8333333333333333,2.153807997220014,3.2185486066958764,9.67069453906558,0.0,0.0,0,0,0.010000788261657826,0.0362137621949786,4.326975860169822,18.766498554515255,0.041666666666666664,0.04771675342594541,2.8135971222177436,6.409039418114009,0.041666666666666664,0.02449815951014521,0.15914369602838663,-1.562340232692782,1.1666666666666667,0.3726779962499649,1.7888543819998313,1.1999999999999993,0.4767667339017148,66.0,222.0,0.0,108.0,1566.0,8.0,0.0,0.0,0.0,246.0,446.0,11064.0,0.0,0.0,0.0,0.0,22.0,0.0,0.0,0.0,0.0,0.0,0.0,0.0,0.0,0.0,0.0,0.0,0.0,0.0,0.0,1,1,0,1,1,1,0,0,0,1,1,1,0,0,0,0,1,0,0,0,0,0,0,0,0,0,0,0,0,0,0,6.705882352941177,1.7744827210586303,4.239151578605334,19.193708489312872,2.1176470588235294,0.7957499563805107,0.13693771084896175,-0.7186240257995156,0.0,0.0,0,0,3.1470588235294117,0.3541645464350675,1.9930915164897607,1.9724137931034509,0.5294117647058824,0.4991341984846218,-0.11785113019775795,-1.9861111111111112,13.422176470588237,3.556235918781909,4.250980533769891,19.280576713028708,0.7647058823529411,0.8422247684280207,1.056844281696211,0.6292920880428317,482.5620000000002,154.6,2.65299,0,9,0,0,0,0,0,0,0,0,0,0,0,0,0,0,0,0,0,0,0,0,0,0,0,0,0,0,0,0,0,0,0,0,1,1,0,0,0,0,1,0,0,0,0,1,0,0,0,0,0,0,0,1,0,0,1,1,0,0,1,1,1,1,0,0,1,0,0,1,0,1,0,0,0,1,0,0,0,1,1,0,0,1,1,0,1,0,0,0,1,0,1,1,1,1,1,1,0,0,0,0,1,0,1,0,1,0,1,0,0,0,1,1,1,1,0,0,1,1,0,1,0,0,0,0,1,1,1,1,0,1,1,1,1,1,0,1,1,0,0,1,1,0,1,1,1,1,1,0,1,1,1,1,1,1,1,1,1,1,1,1,1,1,1,1,1,1,0,1
CHEMBL204_198,36,33,-1,-1,-1,2.0,2.598076211353316,2.9081346892514484,6.761316872427983,0.1135589799508778,0.12199235980295609,1.6723391923786142,3.377496173351287,0.17370689801951528,0.08521055705886109,-0.1960829311664385,-0.9778559707632164,7.170899470899469,3.730102165693682,-0.06955092261968872,-0.7841785871658509,0.026330532212885158,0.06936407954124671,3.1612973665123882,9.203800034921787,0.8055555555555556,0.3957724124659724,-1.5440972939559132,0.3842364532019724,2.0,2.598076211353316,2.9081346892514484,6.761316872427983,2.0,0.0,0,0,1.8333333333333333,2.229848026709942,3.336316419602216,10.057925782591054,0.0,0.0,0,0,0.005112650227592757,0.014813825341087283,2.6902907427620386,5.62417726648297,0.041666666666666664,0.04874518356406661,2.8983685073697303,6.714418980571862,0.041666666666666664,0.018667032289758786,-0.04841259245124441,0.7208053439298356,1.1666666666666667,0.37267799624996495,1.788854381999831,1.1999999999999984,1.1305452388787762,66.0,234.0,0.0,116.0,1770.0,8.0,0.0,0.0,0.0,384.0,486.0,13080.0,0.0,0.0,0.0,0.0,34.0,0.0,0.0,0.0,0.0,0.0,0.0,0.0,0.0,0.0,0.0,0.0,0.0,0.0,0.0,1,1,0,1,1,1,0,0,0,1,1,1,0,0,0,0,1,0,0,0,0,0,0,0,0,0,0,0,0,0,0,6.291666666666667,0.6109532624422992,1.9305197907057199,2.361189832341803,2.1666666666666665,0.7453559924999298,-0.2795084971874732,-1.1625000000000003,0.0,0.0,0,0,3.2916666666666665,0.45452967144315476,0.916698497028212,-1.1596638655462175,0.5416666666666666,0.4982608642958916,-0.16724840200141794,-1.9720279720279725,12.592833333333333,1.218530797951187,1.9293544343063709,2.355785266389298,0.9583333333333334,1.135751097536584,0.7642432677246221,-0.917668540292619,325.41200000000003,47.36,3.374920000000002,0,5,0,0,0,0,0,0,0,0,0,0,0,0,0,0,0,0,0,0,0,0,0,0,0,0,0,0,0,0,0,0,0,0,0,0,0,0,0,0,0,0,0,0,0,0,0,0,0,0,0,0,0,0,0,0,0,0,0,0,0,0,0,0,0,0,0,1,0,0,0,0,0,0,0,0,0,1,0,0,0,1,1,0,0,1,0,1,1,0,0,0,0,0,1,1,0,0,1,1,1,0,1,1,0,0,0,1,0,0,1,0,1,1,0,1,0,1,1,1,1,0,1,1,1,0,0,1,1,1,0,0,0,0,0,0,0,0,0,1,1,0,0,1,1,1,0,1,0,1,1,1,0,0,1,1,1,1,1,1,1,1,1,1,1,1,1,1,0,0
CHEMBL204_199,37,35,-1,-1,-1,2.08,2.8131121556027585,2.9907775357484363,7.243668498064581,0.11120158948974498,0.12108358072827734,1.692204001064416,3.3576513699623893,0.18078070691443987,0.09043687168569862,-0.21460342073666705,-1.032799877668967,7.643758043758043,4.019991233660578,-0.10385034121701285,-0.8219526140178148,0.025396825396825397,0.06733684581335891,3.370763040226187,10.485963691358554,0.8108108108108109,0.3916588309780929,-1.5871507864874157,0.5190476190476199,2.08,2.8131121556027585,2.9907775357484363,7.243668498064581,2.0,0.0,0,0,1.8918918918918919,2.4137420066774173,3.4593039131670147,10.879159230449627,0.0,0.0,0,0,0.012703818553313748,0.032548415373004166,2.2370621374027544,3.1709097088159046,0.04,0.04863270031514617,2.9878914537466823,7.2453321909727375,0.039999999999999994,0.03841807710428574,-1.1862078447364681,1.526987406257728,1.2,0.4,1.5000000000000004,0.2500000000000009,-1.0022505607247802,70.0,278.0,0.0,170.0,2370.0,24.0,0.0,0.0,0.0,680.0,800.0,19920.0,0.0,0.0,0.0,0.0,114.0,0.0,0.0,0.0,12.0,0.0,0.0,0.0,0.0,0.0,0.0,0.0,0.0,0.0,0.0,1,1,0,1,1,1,0,0,0,1,1,1,0,0,0,0,1,0,0,0,1,0,0,0,0,0,0,0,0,0,0,6.666666666666667,2.229848026709942,4.142210122960447,16.232733060765884,2.1666666666666665,0.6871842709362768,-0.22826882356360703,-0.8927335640138407,0.0,0.0,0,0,3.125,0.33071891388307384,2.267786838055363,3.1428571428571432,0.6666666666666666,0.4714045207910317,-0.7071067811865472,-1.5000000000000002,13.40325,4.738138815769332,4.191941561956657,16.555878687592624,0.6666666666666666,0.8498365855987975,1.508585654909108,1.934911242603551,337.8060000000001,39.19,5.101320000000004,0,4,0,0,0,0,0,0,0,0,0,0,0,0,0,0,0,0,0,0,0,0,0,0,0,0,0,0,0,0,0,0,0,0,0,0,0,0,0,0,0,0,0,0,0,0,0,0,0,0,0,0,0,0,0,0,0,0,0,0,0,0,0,0,0,0,0,1,0,0,0,0,0,0,0,0,0,0,0,0,0,0,0,0,0,0,0,0,0,1,0,0,0,0,0,1,0,0,0,0,1,1,0,1,0,1,0,1,0,1,0,0,0,0,0,1,0,0,0,0,0,0,0,1,0,0,0,1,1,1,0,0,0,0,0,0,1,0,0,1,0,0,0,0,0,1,1,1,0,0,0,1,1,0,1,0,1,0,1,1,0,1,1,1,1,1,1,1,0,0
CHEMBL204_200,38,35,-1,-1,-1,2.0833333333333335,2.8855482821967975,2.8823187023717587,6.626635624210053,0.11085748134160596,0.11843313853934509,1.7069469485453084,3.739047955339667,0.17029693501313367,0.09292960267418429,-0.19464711795951423,-1.1102909673198362,7.24561403508772,4.133815556566288,-0.08141574419198741,-0.9370394546201615,0.019005847953216377,0.058662342040829596,3.353163478982702,10.088047060565057,0.8157894736842105,0.3876557858593746,-1.6292261599251139,0.6543778801843323,2.0833333333333335,2.8855482821967975,2.8823187023717587,6.626635624210053,2.0,0.0,0,0,1.8421052631578947,2.4009462585172723,3.483160936189356,11.093344719079129,0.0,0.0,0,0,0.020279735388628307,0.08125018210212057,5.423986143130104,28.99893726081767,0.041666666666666664,0.05315163194611365,2.910824197591533,6.712899151695311,0.041666666666666664,0.03481015967700557,2.810903954252412,6.918443671829976,1.25,0.4330127018922193,1.1547005383792515,-0.6666666666666665,-0.8332963993175937,70.0,278.0,0.0,154.0,2376.0,16.0,0.0,0.0,0.0,506.0,754.0,19920.0,0.0,0.0,0.0,0.0,62.0,0.0,0.0,0.0,0.0,0.0,0.0,0.0,0.0,0.0,0.0,0.0,0.0,0.0,12.0,1,1,0,1,1,1,0,0,0,1,1,1,0,0,0,0,1,0,0,0,0,0,0,0,0,0,0,0,0,0,1,6.461538461538462,0.8871201995900612,1.9343723906601984,2.579456159194981,2.230769230769231,0.6389710663783135,-0.24600587369700697,-0.6754883427851297,0.0,0.0,0,0,3.3076923076923075,0.46153846153846156,0.8333333333333348,-1.3055555555555542,0.6538461538461539,0.47574295680203776,-0.6467616667635548,-1.5816993464052287,13.008923076923079,1.9960001719415092,2.1352515885397447,3.484220900236341,0.6923076923076923,0.7730673554708377,1.090600167883622,0.9912753651602784,356.37600000000003,51.97,3.1998000000000015,2,6,0,0,0,0,0,0,0,0,0,0,0,0,0,0,0,0,0,0,0,0,0,0,1,0,0,0,0,0,0,0,0,0,0,0,0,0,0,0,0,0,0,0,1,0,0,0,0,0,0,0,0,0,1,0,0,0,0,0,0,0,0,0,1,0,0,1,0,0,0,0,1,0,0,0,0,1,0,1,0,1,1,0,1,1,0,0,0,1,0,0,1,0,0,1,1,0,1,1,0,0,1,0,0,0,1,0,0,1,0,0,0,1,0,1,0,0,0,0,0,0,1,1,1,0,1,1,1,1,1,1,1,0,0,1,1,1,0,1,0,0,0,0,1,1,1,1,0,0,1,0,1,1,1,1,0,1,1,1,1,0,1,1,1,1,1,1,0,0
CHEMBL204_201,37,35,-1,-1,-1,2.08,2.711752201068527,2.912301961127507,7.0928216612470365,0.11325310094820487,0.11916695075667051,1.9767414242588344,6.119550699622927,0.18450362409625276,0.08962371470420749,-0.3864233610713115,-0.9522251155116312,7.717117117117118,3.965323579278958,-0.21507911724171244,-0.767295813857023,0.02385242385242385,0.06751589676415526,3.179081004291239,8.9068579479244,0.8108108108108109,0.3916588309780929,-1.5871507864874157,0.5190476190476199,2.08,2.711752201068527,2.912301961127507,7.0928216612470365,2.0,0.0,0,0,1.8918918918918919,2.334046292690174,3.3571250353109483,10.546062832527213,0.0,0.0,0,0,0.007822872706593636,0.027127894843259923,3.9449179814422455,15.277338013606048,0.04000000000000001,0.04813436140767267,2.946432374559342,7.161138377593792,0.04000000000000001,0.24371565497596934,3.3767327992744205,11.093881503771561,1.28,0.44899888641287294,0.9799578870122224,-1.0396825396825395,0.49746993250812555,70.0,264.0,0.0,140.0,2112.0,8.0,0.0,0.0,0.0,336.0,618.0,17040.0,0.0,0.0,0.0,0.0,24.0,0.0,0.0,0.0,0.0,0.0,0.0,0.0,0.0,0.0,0.0,0.0,0.0,0.0,24.0,1,1,0,1,1,1,0,0,0,1,1,1,0,0,0,0,1,0,0,0,0,0,0,0,0,0,0,0,0,0,1,6.735294117647059,1.7708227321753376,4.217656558067019,19.09517926278241,2.1176470588235294,0.7957499563805107,0.13693771084896172,-0.7186240257995156,0.0,0.0,0,0,3.1470588235294117,0.3541645464350675,1.9930915164897607,1.9724137931034509,0.5294117647058824,0.4991341984846218,-0.11785113019775795,-1.9861111111111112,13.480882352941178,3.5489231818771527,4.229663398056892,19.182564226858428,0.7352941176470589,0.8509103612640843,1.1065773640779162,0.6482016760661686,483.55000000000024,156.37,1.2406899999999996,0,9,0,0,0,0,0,0,0,0,0,0,0,0,0,0,0,0,0,0,0,0,0,0,0,0,0,0,0,0,0,0,0,0,1,1,0,0,0,0,1,0,0,0,0,1,0,0,0,1,0,0,0,1,1,0,0,1,0,0,1,1,1,1,0,0,1,1,0,1,0,1,1,0,0,1,0,1,0,1,1,0,0,1,1,0,1,0,0,0,1,0,0,1,1,1,1,1,0,0,1,0,1,0,1,0,1,0,1,0,0,0,1,1,1,1,0,0,1,1,0,1,0,1,1,0,1,1,1,1,0,1,1,1,1,1,0,1,1,1,0,0,1,0,1,1,1,1,1,0,1,1,1,1,1,1,1,1,1,1,1,1,1,1,1,1,1,1,0,1
CHEMBL204_202,41,39,-1,-1,-1,2.0689655172413794,3.0278139887607165,3.21372167904288,8.727887982154662,0.11347311562089053,0.1073037554502499,1.8360705116766727,4.828142718942619,0.19344842757520014,0.09285261789350914,-0.5462131293537741,-0.8229218253375228,8.981300813008131,4.538958422957639,-0.3553632168715906,-0.6277098738734006,0.023952470293933714,0.07355432416735945,3.3788719701816285,10.062954137452191,0.8292682926829268,0.3762743565985735,-1.7501500535908439,1.0630252100840334,2.0689655172413794,3.0278139887607165,3.21372167904288,8.727887982154662,2.0,0.0,0,0,1.9024390243902438,2.6300781593577702,3.6774200426575057,12.521456783970077,0.0,0.0,0,0,0.006782776891754576,0.025309551899112694,4.338447133768379,18.87474047841648,0.03448275862068966,0.04667609664040193,3.258514476681494,8.94205047923731,0.03448275862068964,0.0882095949429544,-2.7718862486399596,6.6852836075950215,1.2413793103448276,0.4279197808962364,1.2087344460380702,-0.5389610389610384,-0.5872265896842056,78.0,354.0,0.0,160.0,3504.0,8.0,0.0,0.0,0.0,446.0,828.0,34440.0,0.0,0.0,0.0,0.0,26.0,0.0,0.0,0.0,0.0,0.0,0.0,0.0,0.0,0.0,0.0,0.0,0.0,0.0,24.0,1,1,0,1,1,1,0,0,0,1,1,1,0,0,0,0,1,0,0,0,0,0,0,0,0,0,0,0,0,0,1,7.0,2.652259934210953,3.1604567987678096,8.556516724336793,2.206896551724138,0.6090869562984721,-0.14262335718552105,-0.5053007889546342,0.0,0.0,0,0,3.103448275862069,0.30454347814923605,2.6042371785325713,4.782051282051288,0.7586206896551724,0.4279197808962364,-1.2087344460380702,-0.5389610389610384,14.061275862068968,5.5011269998726355,3.20228073439176,8.857264972802977,0.5862068965517241,0.7200211385455553,1.3596300181728682,2.1403080548775346,424.9130000000001,69.04,4.9692000000000025,0,6,0,0,0,0,0,0,0,0,0,0,0,0,0,0,0,0,0,0,0,0,0,0,0,0,0,1,0,0,0,0,0,0,0,0,0,0,1,0,1,0,0,0,0,0,0,0,0,0,0,0,0,0,1,0,0,0,0,0,0,0,0,0,1,0,0,1,0,0,0,0,0,0,0,0,0,1,0,1,0,1,1,1,1,1,0,0,0,1,1,1,0,0,1,1,1,1,1,1,0,0,1,0,0,1,0,0,1,1,0,0,1,0,0,1,0,0,0,1,0,0,1,1,1,0,1,1,1,1,0,0,0,0,0,1,1,1,0,1,0,0,0,0,1,1,1,1,0,0,1,0,1,1,1,1,1,1,1,1,1,1,1,1,1,1,1,1,0,1
CHEMBL204_203,39,36,-1,-1,-1,2.0,2.8674417556808756,3.1104097934157053,7.968955441928417,0.11075661330324962,0.11564600404086639,1.7799352853091008,3.943062551269157,0.18261540445782187,0.08955206262124786,-0.3170499247848836,-0.8992090735759892,8.14273504273504,4.201561226028422,-0.18720351252344122,-0.7103327574593781,0.025859867965131126,0.07391019946041777,3.3037960050759043,10.205330686102435,0.8205128205128205,0.3837597319768145,-1.6703827619526517,0.7901785714285703,2.0,2.8674417556808756,3.1104097934157053,7.968955441928417,2.0,0.0,0,0,1.8461538461538463,2.4759195291432428,3.5620201769348743,11.585009168020752,0.0,0.0,0,0,0.00425930658488798,0.013044330687486819,2.873164261235964,6.516625469792491,0.037037037037037035,0.04815228114820564,3.105055368971708,7.944773525543276,0.037037037037037035,0.019366333176108325,-0.10214345016949433,0.842706546169949,1.1481481481481481,0.3552467795046459,1.9808869335422101,1.9239130434782599,1.047238140618978,72.0,300.0,0.0,136.0,2706.0,8.0,0.0,0.0,0.0,510.0,684.0,23880.0,0.0,0.0,0.0,0.0,40.0,0.0,0.0,0.0,0.0,0.0,0.0,0.0,0.0,0.0,0.0,0.0,0.0,0.0,0.0,1,1,0,1,1,1,0,0,0,1,1,1,0,0,0,0,1,0,0,0,0,0,0,0,0,0,0,0,0,0,0,6.366666666666666,0.7520342781785652,2.104921538684692,3.605104195213084,2.2,0.6000000000000001,-0.11111111111111174,-0.4444444444444464,0.0,0.0,0,0,3.1,0.30000000000000004,2.6666666666666656,5.111111111111105,0.7666666666666667,0.42295258468165065,-1.2609766499825614,-0.40993788819875654,12.775900000000004,1.6228612664057274,2.3788400538979007,5.3220248228233675,0.6333333333333333,0.706320670013903,1.2242830885246516,2.0044245812272754,402.4290000000001,69.04,4.393400000000003,0,6,0,0,0,0,0,0,0,0,0,0,0,0,0,0,0,0,0,0,0,0,0,0,0,0,0,1,0,0,0,0,0,0,0,0,0,0,0,0,1,0,0,0,1,0,0,0,0,0,0,0,0,0,1,0,0,0,0,0,0,0,0,0,1,0,0,1,0,0,0,0,0,0,0,0,0,1,0,1,0,1,1,0,1,1,0,0,0,1,0,1,0,0,1,1,1,1,1,1,0,0,1,0,0,0,0,0,1,1,0,0,1,0,0,1,0,0,0,1,0,0,1,1,1,0,1,1,1,1,0,0,0,0,0,1,1,1,0,1,0,0,0,0,1,1,1,1,0,0,1,0,1,1,1,1,1,1,1,1,1,1,1,1,1,1,1,1,0,1
CHEMBL204_204,38,36,-1,-1,-1,2.076923076923077,2.813744793564905,2.8841322641192035,6.864716764865575,0.11413002816378219,0.11528280940807475,1.6933432944452675,3.4828062445018464,0.19060714810877152,0.09455056596631295,-0.33035110239079923,-0.8898296764575542,8.083333333333334,4.1922024525908546,-0.19792972035508732,-0.7544151143078017,0.023273273273273273,0.06761482053624293,3.1492150324691046,8.712089350467306,0.8157894736842105,0.3876557858593746,-1.6292261599251139,0.6543778801843323,2.076923076923077,2.813744793564905,2.8841322641192035,6.864716764865575,2.0,0.0,0,0,1.894736842105263,2.425624973011139,3.3313405422823794,10.253008394777996,0.0,0.0,0,0,0.009961564754080145,0.028363148706357352,3.4047977474120903,11.595454533019561,0.03846153846153847,0.0479273493928825,2.9413159688830226,7.171780210407762,0.03846153846153846,0.036213798191338874,-1.0015404471880986,1.6740549159372167,1.2307692307692308,0.42132504423474315,1.278019300845387,-0.3666666666666676,-0.19405595562986203,72.0,288.0,0.0,204.0,2400.0,16.0,0.0,0.0,0.0,574.0,1036.0,19944.0,0.0,0.0,0.0,0.0,66.0,0.0,0.0,0.0,0.0,0.0,0.0,0.0,0.0,0.0,0.0,0.0,0.0,0.0,12.0,1,1,0,1,1,1,0,0,0,1,1,1,0,0,0,0,1,0,0,0,0,0,0,0,0,0,0,0,0,0,1,6.642857142857143,1.8938676547946933,4.305385596300022,18.311171994034908,2.2142857142857144,0.5578749768504754,0.02518758293761834,-0.2585326525127667,0.0,0.0,0,0,3.0714285714285716,0.25753937681885636,3.328201177351373,9.07692307692307,0.7857142857142857,0.410325903324145,-1.392621247645582,-0.060606060606061884,13.297285714285717,3.7969001534818116,4.311976494559738,18.356647706774048,0.6428571428571429,0.7178482586514922,1.2295113003782836,1.9353004607391444,390.4680000000001,69.04,4.315800000000003,0,6,0,0,0,0,0,0,0,0,0,0,0,0,0,0,0,0,0,0,0,0,0,0,0,0,0,1,0,0,0,0,0,0,0,0,0,0,1,0,1,0,0,0,0,0,0,0,0,0,0,0,0,0,1,0,0,0,0,0,0,0,0,0,1,0,0,1,0,0,0,0,0,0,0,0,0,1,0,1,0,1,1,1,1,1,0,0,0,0,1,1,0,0,1,1,1,1,1,1,0,0,1,0,0,0,0,0,1,0,0,0,1,0,0,1,0,0,0,1,0,0,1,1,1,0,1,1,1,1,0,0,0,0,0,1,0,1,0,1,0,0,0,0,1,1,1,1,0,0,1,0,1,1,1,1,1,1,1,1,1,1,1,1,1,1,1,1,0,1
CHEMBL204_205,37,35,-1,-1,-1,2.08,2.726462910072316,2.769735038661223,6.194458955337971,0.11544984926830151,0.1170399903065337,1.616224895478699,3.005963944785094,0.1879837110441634,0.09338990940600744,-0.2921294239559572,-0.9150681186086076,7.761261261261262,4.037231111276225,-0.16347130373598576,-0.7903641110513084,0.023251823251823255,0.06605038680888126,3.063236804917192,8.101598597741765,0.8108108108108109,0.3916588309780929,-1.5871507864874157,0.5190476190476199,2.08,2.726462910072316,2.769735038661223,6.194458955337971,2.0,0.0,0,0,1.8918918918918919,2.3455971841888794,3.2086046664087813,9.407427160137283,0.0,0.0,0,0,0.010404202838413364,0.028855506677023187,3.2948359792432593,10.820861116572484,0.04000000000000001,0.048160874307230005,2.8183675735946654,6.416332941143976,0.04000000000000001,0.3313014913991864,2.6774527411174622,5.789372920579918,1.24,0.4270831300812524,1.2175615550562024,-0.5175438596491229,-1.4081639138034632,70.0,266.0,0.0,196.0,2070.0,16.0,0.0,0.0,0.0,530.0,950.0,15984.0,0.0,0.0,0.0,0.0,64.0,0.0,0.0,0.0,0.0,0.0,0.0,0.0,0.0,0.0,0.0,0.0,0.0,0.0,12.0,1,1,0,1,1,1,0,0,0,1,1,1,0,0,0,0,1,0,0,0,0,0,0,0,0,0,0,0,0,0,1,6.310344827586207,0.5932638115201813,1.7554964364353765,1.9093316289262106,2.206896551724138,0.5495647396727319,0.0637336998919864,-0.18615537231074297,0.0,0.0,0,0,3.0689655172413794,0.2533954906327425,3.402069087198859,9.574074074074073,0.7931034482758621,0.40508069394726653,-1.4471361022898734,0.09420289855072861,12.630172413793108,1.183369067359727,1.754020364842881,1.902468395305836,0.6551724137931034,0.7083668477301427,1.1876811328511092,1.9432290379820785,385.4270000000001,81.93,3.649300000000002,0,6,0,0,0,0,0,0,0,0,0,0,0,0,0,0,0,0,0,0,0,0,0,0,0,0,0,1,0,0,0,0,0,0,0,0,0,0,0,0,1,0,0,0,0,0,0,0,0,0,0,0,0,0,1,0,0,0,0,0,0,0,0,0,1,0,0,1,0,0,0,0,0,0,0,0,0,1,0,1,0,1,1,0,1,1,0,0,0,0,0,1,0,0,1,1,1,1,1,1,1,0,1,0,0,0,0,0,1,0,0,0,1,0,0,1,0,0,0,1,0,0,1,1,1,0,1,1,1,1,0,0,0,0,0,1,0,1,0,1,0,0,0,0,1,1,1,1,0,0,1,0,1,1,1,1,1,1,1,1,1,1,1,1,1,1,1,1,0,1
CHEMBL204_206,34,32,-1,-1,-1,2.2,2.6570660511172846,2.471148830854771,4.4536991710069085,0.1110757064319003,0.13066733389235682,1.476139039106566,1.9513914002499861,0.16308420197988766,0.09095864543661485,-0.027085531896147142,-1.2559329698196728,6.1421568627450975,3.593210816998368,0.09172076817867716,-1.0426378250593065,0.01732397504456328,0.045672793209851174,3.1107756284003436,8.51816936622245,0.7941176470588235,0.40434491426080943,-1.4547859349066157,0.11640211640211495,2.2,2.6570660511172846,2.471148830854771,4.4536991710069085,2.0,0.0,0,0,1.8823529411764706,2.179647919252812,3.08189681525417,8.460968984085442,0.0,0.0,0,0,0.029217840982546865,0.0654529514466985,1.9191498940424667,1.911980307634514,0.050000000000000024,0.05460695504084267,2.4865521869922005,4.5065198283180425,0.05000000000000001,0.127801415837331,-1.9724269177429448,2.983742614404984,1.3,0.45825756949558394,0.8728715609439697,-1.2380952380952381,-0.17284464238835387,64.0,218.0,0.0,184.0,1506.0,48.0,0.0,0.0,0.0,672.0,758.0,10200.0,0.0,0.0,0.0,0.0,198.0,0.0,0.0,0.0,48.0,0.0,0.0,0.0,0.0,0.0,0.0,0.0,0.0,0.0,0.0,1,1,0,1,1,1,0,0,0,1,1,1,0,0,0,0,1,0,0,0,1,0,0,0,0,0,0,0,0,0,0,6.25,0.5204164998665332,1.9954431474172398,3.0887573964497044,2.25,0.5204164998665332,0.2217159052685822,-0.3195266272189343,0.0,0.0,0,0,3.2916666666666665,0.45452967144315476,0.9166984970282122,-1.1596638655462175,0.625,0.4841229182759271,-0.5163977794943223,-1.7333333333333334,12.509833333333333,1.0381910416146392,1.9937117053276752,3.0787774995237216,0.9166666666666666,0.8620067027323834,0.551130147960612,-0.5790898768451394,322.4120000000001,33.010000000000005,2.6651000000000007,0,4,0,0,0,0,0,0,0,0,0,0,0,0,0,0,0,0,0,0,0,0,0,0,0,0,0,0,0,0,0,0,0,0,0,0,0,0,0,0,1,0,0,0,0,0,0,0,0,0,0,0,0,0,0,0,0,0,0,0,0,0,0,0,1,0,0,1,0,0,0,0,0,0,0,0,0,1,0,1,0,1,1,0,0,1,0,1,1,0,0,0,0,0,0,1,0,1,1,0,1,0,1,1,0,0,0,1,0,0,0,0,0,1,0,1,0,0,0,0,1,0,1,1,1,0,0,1,1,1,1,1,0,0,0,1,0,1,0,1,1,0,0,0,1,1,1,1,0,1,1,0,1,0,1,1,0,1,1,1,1,0,1,1,1,1,1,1,0,0
CHEMBL204_207,39,36,-1,-1,-1,2.0,2.8674417556808756,3.204664635640424,8.626369612856102,0.10924476403340434,0.11707522014632916,1.9528249616118143,5.305807024794749,0.1823876553374494,0.08972003411501953,-0.3073394585904991,-0.9187601663855487,8.132967032967034,4.21042522139193,-0.17164292102951478,-0.701031056257889,0.026005762847868114,0.0734843329221234,3.3994456406687426,10.858591201802321,0.8205128205128205,0.3837597319768145,-1.6703827619526517,0.7901785714285703,2.0,2.8674417556808756,3.204664635640424,8.626369612856102,2.0,0.0,0,0,1.8461538461538463,2.4759195291432428,3.663382619458234,12.428988834394238,0.0,0.0,0,0,0.0040587764725695755,0.01229765620078774,2.8381923084488303,6.449008223806798,0.037037037037037056,0.04796112429049735,3.196144989298987,8.578917948252014,0.03703703703703704,0.018813104884803124,0.031126660286990133,0.07513468048720195,1.1481481481481481,0.3552467795046459,1.9808869335422108,1.9239130434782625,-0.17893214138967667,72.0,300.0,0.0,134.0,2766.0,8.0,0.0,0.0,0.0,508.0,666.0,25200.0,0.0,0.0,0.0,0.0,40.0,0.0,0.0,0.0,0.0,0.0,0.0,0.0,0.0,0.0,0.0,0.0,0.0,0.0,0.0,1,1,0,1,1,1,0,0,0,1,1,1,0,0,0,0,1,0,0,0,0,0,0,0,0,0,0,0,0,0,0,6.548387096774194,0.9101119986881216,1.5252523113288636,1.122383273149664,2.193548387096774,0.6918584061137814,-0.2767106659234834,-0.9134215500945198,0.0,0.0,0,0,3.3225806451612905,0.5895376413708731,-0.23099331550361207,-0.6417763275843522,0.3870967741935484,0.4870860925981129,0.46358632497276514,-1.7850877192982462,13.169645161290324,1.9971966893686204,1.7581720050161995,2.1506721332177445,0.6774193548387096,0.8939617071323238,0.9489067412559966,-0.4082438151041665,429.4270000000002,91.58000000000001,2.756680000000001,1,4,0,0,0,0,0,0,0,0,0,0,0,0,0,1,0,0,0,0,0,0,0,0,0,0,1,0,0,0,0,0,0,0,0,0,0,0,0,0,1,0,0,1,1,0,0,0,0,0,0,0,0,0,0,0,0,0,0,1,0,0,0,0,1,0,0,1,0,0,0,0,0,1,1,0,0,1,0,1,0,0,1,0,0,1,0,1,1,1,0,0,0,0,1,1,1,0,1,1,1,0,1,0,1,0,0,0,0,1,0,1,1,1,0,1,0,0,0,1,1,0,1,1,1,0,1,1,1,1,1,1,0,0,1,1,1,1,0,1,1,0,0,0,1,1,1,1,1,1,1,0,1,0,0,1,1,0,1,1,1,1,1,1,1,1,1,1,0,0
CHEMBL204_208,39,37,-1,-1,-1,2.074074074074074,3.0662551164176595,3.383432229094102,10.361289904259326,0.1072501485319711,0.1189051356371783,2.338121728107454,8.368098111416828,0.19391360795933268,0.09661023355560436,-0.35346739964736557,-0.8939892586565681,8.492307692307694,4.419950957808017,-0.20935702684613725,-0.6542333901651132,0.02323376007586534,0.07123819075610585,3.5144416736213206,11.584173610433094,0.8205128205128205,0.3837597319768145,-1.6703827619526517,0.7901785714285703,2.074074074074074,3.0662551164176595,3.383432229094102,10.361289904259326,2.0,0.0,0,0,1.8974358974358974,2.6389087856961244,3.895082976807183,14.922062252991498,0.0,0.0,0,0,0.018614611368234557,0.07970022968002764,5.648635248231783,31.13280429030783,0.03703703703703704,0.05009714271710303,3.3985050943203152,10.394738202668448,0.037037037037037035,0.020163298024599055,-0.08967475935544363,-1.1473616380143843,1.2222222222222223,0.41573970964154905,1.336306209562121,-0.21428571428571663,-1.4637082181653327,74.0,338.0,0.0,190.0,3516.0,16.0,0.0,0.0,0.0,586.0,1064.0,37920.0,0.0,0.0,0.0,0.0,72.0,0.0,0.0,0.0,0.0,0.0,0.0,0.0,0.0,0.0,0.0,0.0,0.0,0.0,12.0,1,1,0,1,1,1,0,0,0,1,1,1,0,0,0,0,1,0,0,0,0,0,0,0,0,0,0,0,0,0,1,7.0,2.4109126902482387,3.211205248197446,9.159556018036767,2.25,0.7071067811865476,0.13258252147247765,-0.203125,0.0,0.0,0,0,3.21875,0.41339864235384227,1.360672102833218,-0.14857142857142858,0.65625,0.47495887979908324,-0.657951694959769,-1.567099567099567,14.012624999999998,4.834429631236244,3.2152298283214926,9.179025924913601,0.625,0.8569568250501305,1.0986427019203122,0.05522861023087389,468.5640000000003,124.19,2.637600000000001,0,4,0,0,0,0,0,0,0,0,0,0,0,0,0,0,0,0,0,0,0,0,0,0,0,0,0,1,0,0,0,0,0,0,0,0,0,0,1,0,1,0,0,0,0,0,0,0,0,0,0,0,0,1,0,0,0,1,0,1,1,1,1,1,1,0,1,1,0,1,0,0,0,0,0,1,0,1,0,1,0,0,1,1,0,1,1,1,1,0,1,0,0,0,0,1,0,1,1,0,1,0,1,1,1,0,0,1,1,0,0,1,0,1,1,0,0,0,0,0,1,0,1,1,1,0,1,1,0,0,1,1,1,0,1,1,0,1,1,1,1,0,0,0,1,0,0,1,1,1,1,0,0,1,0,1,0,0,1,1,1,1,1,1,1,1,1,1,0,0
CHEMBL204_209,39,37,-1,-1,-1,2.074074074074074,2.904988377944826,3.0175769964109738,7.734524892578312,0.1112780222479109,0.11514437635255614,1.9114662851815825,5.064551432496028,0.1934089530463074,0.09584762051677932,-0.3647331704371711,-0.8654711509854374,8.414529914529917,4.35344147764129,-0.22733980494355532,-0.7155146277474493,0.023233760075865337,0.06881309786893393,3.2340070291901513,9.311406730657795,0.8205128205128205,0.3837597319768145,-1.6703827619526517,0.7901785714285703,2.074074074074074,2.904988377944826,3.0175769964109738,7.734524892578312,2.0,0.0,0,0,1.8974358974358974,2.509416847109609,3.4750173431965274,11.350340061604063,0.0,0.0,0,0,0.009130627698266955,0.02679666070326175,3.6819214352107936,14.105371361618136,0.037037037037037035,0.04762133075273262,3.0466370824618383,7.821548852488798,0.037037037037037035,0.04376444099756269,-1.455250020668983,2.616863385842347,1.2222222222222223,0.41573970964154905,1.336306209562121,-0.21428571428571663,0.9969779460033787,74.0,312.0,0.0,216.0,2796.0,16.0,0.0,0.0,0.0,626.0,1172.0,25224.0,0.0,0.0,0.0,0.0,72.0,0.0,0.0,0.0,0.0,0.0,0.0,0.0,0.0,0.0,0.0,0.0,0.0,0.0,12.0,1,1,0,1,1,1,0,0,0,1,1,1,0,0,0,0,1,0,0,0,0,0,0,0,0,0,0,0,0,0,1,6.666666666666667,1.7865942997555968,4.333729283035578,19.621735298830316,2.1818181818181817,0.7569694543513209,0.10392933059464864,-0.4959319526627213,0.0,0.0,0,0,3.0606060606060606,0.2386062992124791,3.683003683005526,11.564516129032267,0.696969696969697,0.459568208730397,-0.8571946154145237,-1.2652173913043472,13.344090909090909,3.580885453082684,4.344109481830953,19.698101050059734,0.6060606060606061,0.6936680692278543,1.251364302526926,2.1226035778800814,460.5150000000002,139.14000000000001,3.9484700000000013,0,6,0,0,0,0,0,0,0,0,0,0,0,0,0,0,0,0,0,0,0,0,0,0,0,0,0,0,0,0,0,0,0,0,0,0,0,0,0,0,1,0,0,0,0,1,0,0,0,0,0,0,0,1,0,0,0,1,0,1,1,1,1,1,1,0,1,1,0,1,0,0,0,1,0,1,0,0,0,1,1,0,1,1,0,1,1,0,0,0,1,1,0,0,1,1,1,0,1,1,0,0,0,0,1,0,0,0,0,0,0,0,1,0,1,0,0,0,0,1,0,1,1,1,0,0,1,1,0,0,0,0,1,1,0,1,0,1,1,1,0,0,1,0,1,0,1,1,1,0,1,0,1,1,0,0,1,0,1,0,1,1,1,1,1,1,1,1,0,1
CHEMBL204_210,38,38,-1,-1,-1,2.230769230769231,3.238086950746029,3.0891414107187223,8.38864720329785,0.11178865808687843,0.11755460602128354,1.893024986236239,4.954933602930998,0.20527667186749285,0.10566803722354708,-0.3127489073919615,-1.0057355106797445,8.574561403508772,4.55304142427256,-0.19591037817485277,-0.7770885919888495,0.020586375849533746,0.06344168395050272,3.7452623984099556,13.411924865695408,0.8157894736842105,0.3876557858593746,-1.6292261599251139,0.6543778801843323,2.230769230769231,3.238086950746029,3.0891414107187223,8.38864720329785,2.0,0.0,0,0,2.0,2.772040859423935,3.6247464287259974,12.709138675173579,0.0,0.0,0,0,0.034814600604074285,0.11179318143704169,4.793279198896524,23.920321903172162,0.03846153846153847,0.051448944505336575,3.157731969532593,8.789582657590584,0.038461538461538464,0.030576929240293423,2.858890158805298,8.1781698546845,1.2692307692307692,0.4435600997950306,1.0405319634289447,-0.9172932330827055,-0.2629504566938187,76.0,368.0,0.0,346.0,3810.0,64.0,0.0,0.0,0.0,1232.0,2104.0,40824.0,0.0,0.0,0.0,0.0,338.0,0.0,0.0,0.0,60.0,0.0,0.0,0.0,0.0,0.0,0.0,0.0,0.0,0.0,48.0,1,1,0,1,1,1,0,0,0,1,1,1,0,0,0,0,1,0,0,0,1,0,0,0,0,0,0,0,0,0,1,6.8,1.7695842933945167,4.0477154715742305,17.992354414193606,2.2285714285714286,0.7591617288906527,-0.01631226901030228,-0.6078333025704401,0.0,0.0,0,0,3.085714285714286,0.27994168488950605,2.9598001058630063,6.760416666666664,0.7428571428571429,0.4370588154508102,-1.1113247657830425,-0.7649572649572662,13.63862857142857,3.5850677466060676,3.950080976209964,17.138477508598704,0.45714285714285713,0.6904597699196898,1.7162902254902874,3.209338055920437,493.48000000000025,158.89000000000001,2.8476,0,5,0,0,0,0,0,0,0,0,0,0,0,0,0,0,0,0,0,0,0,0,0,0,0,0,0,0,0,0,0,0,0,0,0,0,0,0,0,0,1,0,0,0,1,0,0,0,0,0,0,0,0,1,1,0,0,1,0,1,1,1,1,1,1,0,1,1,0,1,0,0,1,1,0,1,0,1,0,1,0,1,1,1,0,1,1,0,0,1,1,0,0,0,1,1,1,1,1,1,0,0,0,1,1,0,0,1,0,1,0,0,1,0,1,0,0,0,0,1,0,0,1,1,1,0,1,1,0,0,0,0,1,1,0,1,1,1,1,1,0,0,1,0,1,0,1,1,1,0,1,0,1,1,1,0,1,0,1,0,1,1,1,1,1,1,1,1,0,1
CHEMBL204_211,38,36,-1,-1,-1,2.076923076923077,2.9078551032978153,3.1148355483400763,8.08134018856624,0.10971532574661626,0.11949199458540342,1.822366953024814,4.290133637583642,0.18433949274038075,0.09247509231511793,-0.24358273254192153,-1.0044375568763075,7.9794486215538845,4.190609918301276,-0.13448234473550988,-0.7829077283976598,0.025169906748854113,0.06868908442363524,3.516518136359007,11.69822220782038,0.8157894736842105,0.3876557858593746,-1.6292261599251139,0.6543778801843323,2.076923076923077,2.9078551032978153,3.1148355483400763,8.08134018856624,2.0,0.0,0,0,1.894736842105263,2.50041547794099,3.594113880900845,11.94125812295876,0.0,0.0,0,0,0.011782835467045994,0.030669223434675208,2.2839838011184037,3.3790537205861133,0.03846153846153847,0.04845877056142473,3.110171243543794,8.065340866560508,0.038461538461538464,0.023944227740398793,-0.1781165641803633,-0.12736143257512378,1.1923076923076923,0.39411349099844606,1.5614401167176535,0.4380952380952392,-1.0044071431590613,72.0,302.0,0.0,178.0,2766.0,24.0,0.0,0.0,0.0,744.0,888.0,25200.0,0.0,0.0,0.0,0.0,120.0,0.0,0.0,0.0,12.0,0.0,0.0,0.0,0.0,0.0,0.0,0.0,0.0,0.0,0.0,1,1,0,1,1,1,0,0,0,1,1,1,0,0,0,0,1,0,0,0,1,0,0,0,0,0,0,0,0,0,0,6.944444444444445,2.272351259579729,3.4776770472903813,11.03236773780257,2.111111111111111,0.6573421981221795,-0.12073632210407391,-0.7102040816326527,0.0,0.0,0,0,3.4444444444444446,0.49690399499995325,0.2236067977499778,-1.95,0.5,0.5,0.0,-2.0,13.901222222222222,4.556768098792481,3.481609505609065,11.052467035900705,0.9444444444444444,0.911178859269818,0.5503262926925848,-0.7120133773717878,267.358,99.85,0.35359999999999986,1,6,0,0,0,0,0,0,0,0,0,0,0,0,0,0,0,0,0,0,0,0,0,0,0,0,0,0,0,0,0,0,0,0,0,0,0,0,0,0,1,0,0,0,0,0,0,0,0,0,0,0,0,0,0,1,1,0,0,0,0,0,0,0,0,0,0,1,0,0,0,0,0,0,0,0,0,0,0,1,0,1,1,0,1,1,1,0,1,0,1,0,1,1,0,1,0,1,1,0,1,0,1,1,0,0,1,1,0,0,1,0,0,0,0,0,0,1,0,0,0,0,1,1,0,0,0,1,0,0,1,0,0,1,1,1,0,1,0,1,1,1,0,0,1,0,0,0,0,0,0,0,0,1,1,1,0,1,1,1,1,0,1,1,1,1,1,1,0,0
CHEMBL204_212,36,33,-1,-1,-1,2.090909090909091,2.712078889122963,2.6929803207054315,5.600174220426721,0.11040282675826069,0.12485589141711836,1.5948583751912369,2.719183853106868,0.16505763070209184,0.09116157947315591,-0.08770207895990709,-1.1730848614280416,6.61574074074074,3.826799875981148,0.025007838968111692,-0.9868467463055008,0.018674136321195148,0.05196818716702269,3.1986504031458503,9.17119047564339,0.8055555555555556,0.3957724124659724,-1.544097293955913,0.3842364532019724,2.090909090909091,2.712078889122963,2.6929803207054315,5.600174220426721,2.0,0.0,0,0,1.8333333333333333,2.2422706745122856,3.28363535546538,9.77351118708219,0.0,0.0,0,0,0.012775440794016645,0.03308856825585687,2.3778435821378725,4.051631120386568,0.045454545454545456,0.0535756018748201,2.710153775705974,5.672634296733616,0.045454545454545435,0.09049658236276265,2.823712658305134,6.193146202974063,1.2272727272727273,0.41907020260422223,1.301582746911936,-0.30588235294117805,-0.9839382129633905,66.0,236.0,0.0,156.0,1776.0,24.0,0.0,0.0,0.0,574.0,688.0,13080.0,0.0,0.0,0.0,0.0,106.0,0.0,0.0,0.0,12.0,0.0,0.0,0.0,0.0,0.0,0.0,0.0,0.0,0.0,0.0,1,1,0,1,1,1,0,0,0,1,1,1,0,0,0,0,1,0,0,0,1,0,0,0,0,0,0,0,0,0,0,6.6,2.0,4.1579999999999995,16.5448,2.24,0.5851495535331118,1.0962929446488978,1.6698838326491359,0.0,0.0,0,0,3.68,0.46647615158762407,-0.7717436331412907,-1.4044117647058816,0.24,0.4270831300812524,1.2175615550562024,-0.5175438596491229,13.21212,4.009828967125656,4.163255800550695,16.580214676477045,1.24,0.9499473669630334,-0.21412160546265754,-1.4023313716613852,361.5510000000002,21.700000000000003,4.530600000000004,0,6,0,0,0,0,0,0,0,0,0,0,0,1,0,0,0,0,0,0,0,0,0,0,0,0,0,0,0,0,0,0,0,0,0,0,0,0,0,0,0,0,0,0,0,0,0,0,0,0,0,0,0,0,0,0,0,0,0,1,0,0,0,0,1,0,0,0,1,0,0,0,0,0,0,0,0,1,0,0,0,0,0,0,0,0,0,1,1,0,1,0,0,0,0,1,0,0,0,1,1,0,1,1,0,0,0,1,0,0,1,1,0,1,1,1,0,1,1,0,1,0,1,1,1,0,0,0,1,1,1,1,0,0,1,1,0,0,0,1,1,0,0,0,0,1,1,1,0,1,1,0,0,0,1,1,0,1,1,1,1,1,1,1,1,1,1,1,0,0
CHEMBL204_213,40,37,-1,-1,-1,2.076923076923077,3.112296665252909,3.3577479624485074,10.059032700206625,0.10337457599457336,0.11963986391643121,2.390305919657291,8.762822466904211,0.17560814307960354,0.09634307380346604,-0.21913319640503465,-1.066513787515085,7.884166666666667,4.492745618710728,-0.11455636848988392,-0.8285105261396275,0.01950067476383266,0.06302323094773467,3.808843348792099,14.096466225972534,0.825,0.3799671038392666,-1.7106744068953987,0.9264069264069255,2.076923076923077,3.112296665252909,3.3577479624485074,10.059032700206625,2.0,0.0,0,0,1.85,2.6033632093889625,4.007145278376214,15.7376887554985,0.0,0.0,0,0,0.03324067000537588,0.15612259422216082,5.928957283916633,33.75977467247797,0.038461538461538464,0.05280815400251541,3.3317262961557823,9.759560751482699,0.03846153846153847,0.1404030475440877,-3.3172750448554456,11.252968623851189,1.2692307692307692,0.4435600997950306,1.0405319634289447,-0.9172932330827055,0.16656128799349776,74.0,334.0,0.0,152.0,3510.0,16.0,0.0,0.0,0.0,560.0,872.0,37920.0,0.0,0.0,0.0,0.0,68.0,0.0,0.0,0.0,0.0,0.0,0.0,0.0,0.0,0.0,0.0,0.0,0.0,0.0,0.0,1,1,0,1,1,1,0,0,0,1,1,1,0,0,0,0,1,0,0,0,0,0,0,0,0,0,0,0,0,0,0,7.137931034482759,2.542387391885071,2.867092311385853,7.211768246032095,2.1379310344827585,0.7756704744277236,0.19978583131516983,-0.47514412035807485,0.0,0.2626128657194451,0.0,11.500000000000002,3.1724137931034484,0.37773969483114894,1.734454765433026,1.0083333333333364,0.6206896551724138,0.48521542343000995,-0.49746833816309105,-1.7525252525252524,14.288103448275866,5.097410934060327,2.87249356275741,7.236021018606367,0.5862068965517241,0.6704214515594339,1.4001600274337966,3.1466784244562005,431.4910000000001,115.76,3.168100000000001,1,6,0,0,0,0,0,0,0,0,0,0,0,0,0,0,0,0,0,0,0,0,0,0,0,0,1,0,0,0,0,0,0,0,0,0,0,0,0,0,0,0,1,0,0,0,0,0,0,0,0,1,0,1,0,0,0,1,0,0,1,1,1,1,0,0,1,0,0,1,1,1,0,1,1,1,0,0,0,0,0,0,0,1,0,0,0,0,0,0,1,0,0,0,1,1,1,0,0,0,0,0,0,0,1,0,0,0,0,0,0,0,1,0,1,1,0,0,0,1,0,0,0,0,0,0,1,1,1,1,0,0,1,1,0,0,0,0,1,0,0,1,1,0,0,1,1,1,1,0,1,0,1,1,1,0,1,0,1,1,1,1,1,1,1,1,1,1,0,0
CHEMBL204_214,40,37,-1,-1,-1,2.076923076923077,3.112296665252909,3.3577479624485074,10.059032700206627,0.10303183494043792,0.1199351532654474,2.216839175898101,7.341949175386617,0.17443495585574417,0.09686444466254004,-0.17003210656467113,-1.120924956499476,7.842499999999999,4.514167435850036,-0.07467289172372919,-0.8647601413960975,0.020040485829959515,0.06039705489654159,3.9927355303555836,16.044149086445024,0.825,0.3799671038392666,-1.7106744068953987,0.9264069264069255,2.076923076923077,3.112296665252909,3.3577479624485074,10.059032700206627,2.0,0.0,0,0,1.85,2.6033632093889625,4.007145278376214,15.737688755498496,0.0,0.0,0,0,0.011682951482479784,0.03185130190593223,2.506644838579338,4.6716076992041895,0.038461538461538464,0.052260423713626616,3.3633843552011253,10.10832553552033,0.038461538461538464,0.17643574022754757,3.766997459311415,13.293062178466432,1.1923076923076923,0.39411349099844606,1.5614401167176535,0.4380952380952392,-0.8146313636569356,74.0,334.0,0.0,168.0,3510.0,24.0,0.0,0.0,0.0,778.0,944.0,37920.0,0.0,0.0,0.0,0.0,126.0,0.0,0.0,0.0,12.0,0.0,0.0,0.0,0.0,0.0,0.0,0.0,0.0,0.0,0.0,1,1,0,1,1,1,0,0,0,1,1,1,0,0,0,0,1,0,0,0,1,0,0,0,0,0,0,0,0,0,0,7.1875,2.530285309999645,3.0875211202808734,8.696703781863746,2.125,0.81967981553775,-0.234067573068649,-1.474310438074635,0.0,0.0,0,0,3.1875,0.3903123748998999,1.6012815380508714,0.5641025641025643,0.46875,0.4990224819584785,0.1252448582170299,-1.9843137254901961,14.4299375,5.243672281530736,3.149634649961096,9.102020415024299,0.5625,0.7880950133074057,1.325742839521275,1.0782010205292512,479.90200000000027,191.25999999999996,1.9942199999999999,1,8,0,0,0,0,0,0,0,0,0,0,0,0,0,0,0,0,0,0,0,0,0,0,0,0,0,1,0,0,0,0,0,0,0,0,0,0,0,0,1,0,0,0,0,1,0,0,0,0,0,0,0,0,0,1,1,0,0,0,0,1,0,0,0,0,1,1,0,0,0,0,0,0,0,0,0,0,0,1,0,0,1,1,0,1,1,0,0,1,1,0,1,1,1,0,0,1,1,1,1,0,0,1,0,1,1,1,1,1,0,0,1,1,0,1,0,0,0,1,1,0,1,1,0,1,0,1,0,1,0,0,0,1,1,1,1,1,1,1,0,1,1,0,1,1,1,1,1,1,0,0,1,1,0,0,1,1,1,1,1,1,1,1,1,1,1,1,0,0
CHEMBL204_215,36,35,-1,-1,-1,2.1666666666666665,2.748737083745107,2.823266260188564,6.594817798442907,0.11707559234948506,0.11862159775435067,1.6836854952411744,3.996180568946345,0.1874191843760296,0.09299612784268468,-0.31330827869955963,-1.02336153859182,7.580555555555555,3.9489088585126284,-0.18188467912402728,-0.8502813559037783,0.0226890756302521,0.06176934601214938,3.3744747835600126,10.699131288327267,0.8055555555555556,0.3957724124659724,-1.5440972939559132,0.3842364532019724,2.1666666666666665,2.748737083745107,2.823266260188564,6.594817798442907,2.0,0.0,0,0,1.9444444444444444,2.356367784494277,3.2893468714612117,10.104689128448543,0.0,0.0,0,0,0.014727767892142578,0.03421367200336347,2.3902525752341788,4.795560908632023,0.04166666666666666,0.048870305195667096,2.9015192561086103,7.030373923804545,0.041666666666666664,0.179925468665831,2.9609510431557458,7.602810236659538,1.3333333333333333,0.4714045207910317,0.7071067811865479,-1.5,-2.0275794512535263,70.0,266.0,0.0,176.0,2112.0,16.0,0.0,0.0,0.0,528.0,762.0,17040.0,0.0,0.0,0.0,0.0,54.0,0.0,0.0,0.0,0.0,0.0,0.0,0.0,0.0,0.0,0.0,0.0,0.0,0.0,48.0,1,1,0,1,1,1,0,0,0,1,1,1,0,0,0,0,1,0,0,0,0,0,0,0,0,0,0,0,0,0,1,6.28125,0.5719689130538477,1.9130697367243688,2.531432390287369,2.1875,0.6343057228182637,-0.17793324828986265,-0.618908473937223,0.0,0.0,0,0,3.28125,0.4496092053105675,0.9730672655996823,-1.0531400966183575,0.53125,0.4990224819584785,-0.1252448582170299,-1.9843137254901961,12.572125,1.1408988712304875,1.9115709492817894,2.523899106070531,0.90625,0.764827390657526,0.5791185238999799,0.024687779576979985,431.5400000000001,104.11,2.4847200000000003,2,7,0,0,0,0,0,0,0,0,0,0,0,0,0,0,0,0,0,0,0,0,0,0,0,0,0,0,0,0,0,0,0,0,0,0,0,0,0,0,0,0,0,0,0,0,0,0,0,0,0,0,0,0,0,1,0,0,0,0,0,0,0,0,0,0,0,1,0,0,0,0,0,0,0,0,0,1,0,1,0,1,1,0,1,1,1,1,0,0,0,0,1,1,1,0,0,1,1,0,0,0,1,0,0,0,0,0,0,0,0,0,1,1,0,0,0,0,1,1,1,0,1,1,1,0,0,1,0,0,1,1,0,1,0,0,0,0,1,1,1,0,0,0,1,0,1,1,0,1,1,0,1,1,0,1,1,1,1,0,1,1,1,1,1,1,1,1,0,1
CHEMBL204_216,35,33,-1,-1,-1,2.0869565217391304,2.5351964760196957,2.7201390589453345,6.071267474048444,0.11616562531351823,0.12278833848109458,1.7816196605012915,4.91255633968461,0.1787556455225854,0.08635888614961601,-0.332013102809795,-1.0287343362014196,7.086666666666668,3.6476798453219903,-0.15462197267597985,-0.849672929433321,0.023784059078176722,0.06348302763559369,2.988443258040425,7.730249583817653,0.8,0.4,-1.5,0.24999999999999956,2.0869565217391304,2.5351964760196957,2.7201390589453345,6.071267474048444,2.0,0.0,0,0,1.8857142857142857,2.174809398169722,3.1464827003668585,9.22870152773708,0.0,0.0,0,0,0.010261659522743266,0.031369043685778045,3.1109857597812596,8.637711493356344,0.04347826086956521,0.04870779843479167,2.75592482824468,6.1296309847475055,0.043478260869565216,0.18710851309374452,-2.5553373390271723,6.33794371781234,1.3043478260869565,0.4601306627938419,0.8504200642707608,-1.2767857142857149,1.1896233432797294,66.0,224.0,0.0,124.0,1566.0,8.0,0.0,0.0,0.0,284.0,466.0,11064.0,0.0,0.0,0.0,0.0,20.0,0.0,0.0,0.0,0.0,0.0,0.0,0.0,0.0,0.0,0.0,0.0,0.0,0.0,24.0,1,1,0,1,1,1,0,0,0,1,1,1,0,0,0,0,1,0,0,0,0,0,0,0,0,0,0,0,0,0,1,6.696969696969697,1.7835077538863227,4.307071664391718,19.483732045613326,2.121212121212121,0.7285342594043217,-0.19026972618127697,-1.1039918104428825,0.0,0.0,0,0,3.4242424242424243,0.4942274675848512,0.3065696697424825,-1.9060150375939846,0.15151515151515152,0.35855028988482524,1.9438547858755886,1.7785714285714276,13.404575757575758,3.5747092700628,4.317664304867991,19.560882777692882,1.0,0.8876253645985945,0.2599849440688191,-1.1449704142011832,475.6150000000004,148.60999999999999,1.7369899999999996,2,10,0,0,0,0,0,0,0,0,0,0,0,0,0,0,0,0,0,0,0,0,0,0,0,0,0,0,0,0,0,0,0,0,0,0,0,0,1,0,1,0,0,0,0,1,0,0,0,0,0,0,0,0,0,0,1,0,0,0,0,0,0,0,0,0,0,0,0,0,0,0,0,0,0,0,0,1,0,1,1,1,0,1,1,1,1,1,0,0,1,0,0,1,1,0,0,1,1,0,0,1,1,0,0,0,1,0,0,0,0,0,1,1,0,0,0,0,1,1,1,1,1,1,1,1,0,0,0,0,1,1,0,1,1,0,0,0,1,1,1,1,1,0,1,0,1,0,1,1,1,0,1,1,0,1,1,1,1,1,1,1,1,1,1,1,1,1,0,1
CHEMBL204_217,37,33,-1,-1,-1,2.0,2.8130132381950976,2.812673543322716,6.125286801110979,0.11214832117297201,0.12020724223236692,1.6385214341554488,3.10857557330516,0.1669840083864322,0.0911711031971573,-0.15054430324028806,-1.1081438896865872,6.896396396396397,3.9459755130736434,-0.02815174141002272,-0.9228147416285712,0.018918918918918916,0.05824451472356515,3.251787247374116,9.372850926987832,0.8108108108108109,0.3916588309780929,-1.5871507864874157,0.5190476190476199,2.0,2.8130132381950976,2.812673543322716,6.125286801110979,2.0,0.0,0,0,1.7837837837837838,2.32652315855755,3.4045186752643466,10.422135859736551,0.0,0.0,0,0,0.003979408698101983,0.011877466651242192,2.9035093679727115,7.270341206908046,0.043478260869565195,0.056034264479254504,2.8284923886778044,6.189524197328822,0.043478260869565216,0.039858072045976266,2.711621028779092,5.712204922848452,1.173913043478261,0.3790346907426672,1.720618004029213,0.9605263157894743,0.432435925577249,66.0,252.0,0.0,120.0,2046.0,8.0,0.0,0.0,0.0,400.0,580.0,15960.0,0.0,0.0,0.0,0.0,38.0,0.0,0.0,0.0,0.0,0.0,0.0,0.0,0.0,0.0,0.0,0.0,0.0,0.0,0.0,1,1,0,1,1,1,0,0,0,1,1,1,0,0,0,0,1,0,0,0,0,0,0,0,0,0,0,0,0,0,0,7.457142857142857,3.3835134498485626,2.325798608772067,3.6094500740154034,2.1714285714285713,0.7362342129557214,-0.2815883458473722,-1.1210716359413564,0.0,0.0,0,0,3.342857142857143,0.4746642207381757,0.66212219197173,-1.5615942028985512,0.4857142857142857,0.4997958767010257,0.05716619504750276,-1.9967320261437906,15.04934285714286,7.122331327563458,2.349221835940542,3.7278584809104673,0.7142857142857143,0.9124982527240749,1.0452420152671242,0.019031141868511625,551.927,64.67999999999999,6.268720000000005,0,6,0,0,0,0,0,0,0,0,0,0,0,0,0,0,0,0,0,0,0,0,0,0,0,0,0,0,0,0,0,0,0,0,0,0,0,0,1,0,0,0,0,0,0,0,0,0,0,0,0,0,0,0,0,1,0,0,0,0,0,0,0,0,0,0,0,0,0,0,0,0,0,0,0,0,0,1,0,0,0,1,1,1,0,1,0,1,1,1,1,0,0,0,1,1,0,0,1,1,1,0,1,0,0,1,0,0,0,1,0,0,1,1,0,0,0,1,1,1,1,0,1,1,1,0,0,1,0,0,1,1,0,1,0,1,1,1,1,1,1,0,0,0,1,0,1,1,0,1,1,1,1,1,0,1,1,1,1,0,1,1,1,1,1,1,1,1,0,1
CHEMBL204_218,38,36,-1,-1,-1,2.076923076923077,2.813744793564905,2.8841322641192035,6.864716764865575,0.11413002816378219,0.11528280940807475,1.6933432944452675,3.4828062445018464,0.19060714810877152,0.09455056596631295,-0.33035110239079923,-0.8898296764575542,8.083333333333334,4.1922024525908546,-0.19792972035508707,-0.7544151143078017,0.023273273273273273,0.06761482053624293,3.1492150324691046,8.712089350467306,0.8157894736842105,0.3876557858593746,-1.6292261599251139,0.6543778801843323,2.076923076923077,2.813744793564905,2.8841322641192035,6.864716764865575,2.0,0.0,0,0,1.894736842105263,2.425624973011139,3.3313405422823794,10.253008394777996,0.0,0.0,0,0,0.009961564754080145,0.028363148706357352,3.4047977474120903,11.595454533019561,0.03846153846153847,0.0479273493928825,2.9413159688830226,7.171780210407762,0.03846153846153845,0.0953153382670474,2.981815826244236,7.3730250659737795,1.2307692307692308,0.42132504423474315,1.278019300845387,-0.3666666666666676,0.9154002212835592,72.0,288.0,0.0,204.0,2400.0,16.0,0.0,0.0,0.0,574.0,1036.0,19944.0,0.0,0.0,0.0,0.0,66.0,0.0,0.0,0.0,0.0,0.0,0.0,0.0,0.0,0.0,0.0,0.0,0.0,0.0,12.0,1,1,0,1,1,1,0,0,0,1,1,1,0,0,0,0,1,0,0,0,0,0,0,0,0,0,0,0,0,0,1,7.2894736842105265,2.7616537259292766,2.734227650430752,6.2623867194618,2.1578947368421053,0.7788762414183548,0.05183738793201516,-0.716081816475886,0.0,0.0,0,0,3.4210526315789473,0.49372797471825564,0.319801074533416,-1.8977272727272718,0.2894736842105263,0.45351810367405493,0.9284141650970551,-1.1380471380471384,14.628210526315788,5.668441381237067,2.7776846746074275,6.537928972936479,0.7631578947368421,0.9300314235301207,0.8786358930201348,-0.4230163955023114,585.104,134.35,1.3973200000000003,2,8,0,0,0,0,0,0,0,0,0,0,0,0,0,0,0,0,0,0,0,0,0,0,0,0,0,0,0,0,0,0,0,0,1,1,0,0,1,0,0,0,0,0,0,0,0,0,0,0,0,0,0,1,0,0,1,1,0,1,1,1,1,1,1,0,1,0,0,1,0,1,0,0,1,1,0,1,0,0,0,1,1,1,1,1,0,1,1,1,1,0,0,1,1,0,1,1,1,1,1,0,1,0,1,1,1,0,1,1,1,1,1,1,1,0,0,1,1,1,1,0,1,1,1,0,1,1,0,1,1,1,1,1,1,1,1,1,1,1,1,0,1,0,1,1,1,1,1,1,1,1,1,1,0,1,1,1,1,1,1,1,1,1,1,1,1,1,0,1
CHEMBL204_219,37,34,-1,-1,-1,2.0869565217391304,2.811668906821694,2.833438005338861,6.462702763157267,0.11089494952830321,0.12136448078470943,1.7738274863276275,4.306264596930072,0.16789192008744055,0.09190385435103365,-0.15280119286067154,-1.1185464194113999,6.945945945945947,3.9793109952701813,-0.04140787044905618,-0.9410347122057412,0.018747318747318747,0.0569133697546989,3.322776301660241,9.953143842667679,0.8108108108108109,0.3916588309780929,-1.5871507864874157,0.5190476190476199,2.0869565217391304,2.811668906821694,2.833438005338861,6.462702763157267,2.0,0.0,0,0,1.837837837837838,2.3309146043178743,3.435839327803108,10.933689893276396,0.0,0.0,0,0,0.02107084475505528,0.0823397922090009,5.324727524460211,27.953507565626172,0.0434782608695652,0.05390479981564165,2.8564935351175236,6.497828445892376,0.043478260869565216,0.06652335658417452,-2.042106861822376,3.977345884964156,1.2608695652173914,0.43910891036356847,1.0891622972743424,-0.8137254901960773,-0.25568097218538116,68.0,258.0,0.0,148.0,2106.0,16.0,0.0,0.0,0.0,460.0,698.0,17040.0,0.0,0.0,0.0,0.0,60.0,0.0,0.0,0.0,0.0,0.0,0.0,0.0,0.0,0.0,0.0,0.0,0.0,0.0,12.0,1,1,0,1,1,1,0,0,0,1,1,1,0,0,0,0,1,0,0,0,0,0,0,0,0,0,0,0,0,0,1,6.303030303030303,0.521353046487432,1.4813719369651577,1.258674214755298,2.242424242424242,0.6045435558563637,-0.17027546834731058,-0.5413878437413189,0.0,0.0,0,0,3.3636363636363638,0.4810456929208347,0.5669467095138401,-1.6785714285714295,0.5151515151515151,0.4997703788627467,-0.0606339062590832,-1.9963235294117645,12.615727272727273,1.040226294515599,1.479705038923567,1.249762852609301,0.9090909090909091,0.9330184435357971,0.6290137960546173,-0.692557282486781,446.55900000000037,91.21000000000001,1.7927199999999992,0,7,0,0,0,0,0,0,0,0,1,0,0,1,0,0,0,0,0,0,0,0,0,0,0,0,0,1,0,0,0,0,0,0,0,0,0,0,0,0,0,0,0,0,0,0,0,0,0,0,0,0,0,0,1,0,0,0,0,0,0,0,0,0,1,0,0,1,0,0,0,0,0,0,0,0,0,1,0,1,0,1,1,0,1,1,0,1,1,0,0,0,1,0,1,1,1,1,1,0,1,0,1,0,0,0,0,0,1,0,0,0,1,1,0,0,0,0,1,1,1,0,1,1,1,0,1,1,0,1,1,1,0,1,1,1,0,1,0,1,1,0,0,0,1,1,1,1,0,1,1,1,1,1,0,1,1,1,1,0,1,0,1,1,1,1,1,1,0,0
CHEMBL204_220,38,34,-1,-1,-1,2.0,2.798809270624444,3.147235051258995,8.584427342689,0.10412833935615992,0.12439082931073576,2.127409831733932,6.6531496293976975,0.16050391125968375,0.08661869447631612,-0.15280791899067409,-1.1345687975579406,6.985964912280703,3.989742927852345,-0.016042986391756213,-0.8763481130462565,0.0214556661925083,0.060839007813101226,3.3158250143052337,10.232353625239252,0.8157894736842105,0.3876557858593746,-1.6292261599251139,0.6543778801843323,2.0,2.798809270624444,3.147235051258995,8.584427342689,2.0,0.0,0,0,1.7894736842105263,2.3300993285451215,3.7497882837667165,13.618192419825071,0.0,0.0,0,0,0.005058412621943876,0.01482224332036157,2.6211858995499924,4.9731567974091275,0.041666666666666664,0.053024541237613645,3.168942377053613,8.764353855766776,0.041666666666666664,0.04463917237549943,-1.6103696141944566,2.8271820756444646,1.1666666666666667,0.37267799624996495,1.7888543819998308,1.1999999999999975,-1.4894737971287038,68.0,260.0,0.0,98.0,2280.0,8.0,0.0,0.0,0.0,400.0,432.0,20304.0,0.0,0.0,0.0,0.0,36.0,0.0,0.0,0.0,0.0,0.0,0.0,0.0,0.0,0.0,0.0,0.0,0.0,0.0,0.0,1,1,0,1,1,1,0,0,0,1,1,1,0,0,0,0,1,0,0,0,0,0,0,0,0,0,0,0,0,0,0,6.4,0.7999999999999999,1.4999999999999993,0.24999999999999778,2.1,0.8888194417315589,0.2307142277848298,-0.9367088607594942,0.0,0.0,0,0,3.3,0.45825756949558405,0.8728715609439706,-1.238095238095237,0.5,0.5,0.0,-2.0,12.808599999999998,1.5952000000000004,1.5000000000000024,0.2500000000000062,0.9,1.1789826122551597,0.9262955361540978,-0.7621758708141408,274.316,56.51,3.0954200000000016,0,3,0,0,0,0,0,0,0,0,0,0,0,0,0,0,0,0,0,0,0,0,0,0,0,0,0,0,0,0,0,0,0,0,0,0,0,0,0,0,0,0,0,0,0,0,0,0,0,0,0,0,0,0,0,0,0,0,0,1,0,0,0,0,0,0,0,0,1,0,0,0,0,0,1,0,1,0,0,0,0,0,0,0,0,0,0,0,0,0,0,1,0,0,0,0,0,0,0,0,1,0,0,1,0,0,0,1,0,0,0,1,0,0,1,1,0,0,1,0,0,0,0,0,0,1,0,1,1,1,0,0,0,0,1,0,0,0,1,1,0,0,1,1,0,1,0,1,1,0,0,1,0,0,1,1,1,1,0,1,0,1,1,0,1,1,1,1,0,0
CHEMBL204_221,36,34,-1,-1,-1,2.0833333333333335,2.7525240941522906,2.898153743646184,6.888586812693806,0.11265079077159812,0.12283149887675963,1.7214755537205297,3.6480777632677874,0.18585266070874637,0.09379143298762631,-0.2061785634847253,-1.010438326557718,7.473148148148149,3.945534430342117,-0.08437016879027313,-0.8195414033351991,0.023342670401493928,0.06330370395845214,3.2992962361890332,10.17448336796504,0.8055555555555556,0.39577241246597245,-1.5440972939559128,0.38423645320197064,2.0833333333333335,2.7525240941522906,2.898153743646184,6.888586812693806,2.0,0.0,0,0,1.8888888888888888,2.354402233379677,3.3640982720522197,10.46228441327176,0.0,0.0,0,0,0.011689545022878355,0.03067073638718737,2.471174086388757,4.596822411404057,0.04166666666666666,0.04971544094008757,2.909240647335608,6.943621497658574,0.041666666666666664,0.02805256986531087,1.919558873311277,3.835319270902314,1.2083333333333333,0.40611643103370687,1.4363696929192162,0.06315789473684275,2.055111786748312,68.0,260.0,0.0,186.0,2106.0,24.0,0.0,0.0,0.0,638.0,880.0,17040.0,0.0,0.0,0.0,0.0,112.0,0.0,0.0,0.0,12.0,0.0,0.0,0.0,0.0,0.0,0.0,0.0,0.0,0.0,0.0,1,1,0,1,1,1,0,0,0,1,1,1,0,0,0,0,1,0,0,0,1,0,0,0,0,0,0,0,0,0,0,6.142857142857143,0.34992710611188255,2.041241452319312,2.16666666666666,2.2857142857142856,0.628138378965377,-0.3058533486163154,-0.6688466111771691,0.0,0.0,0,0,3.142857142857143,0.34992710611188255,2.041241452319316,2.1666666666666714,0.8571428571428571,0.3499271061118825,-2.0412414523193156,2.1666666666666714,12.296142857142858,0.6984545037993178,2.041241452319309,2.1666666666666528,0.8095238095238095,0.9060141709733546,1.152229004591858,0.6699887060834548,275.35499999999996,44.47,4.251840000000003,0,2,0,0,0,0,0,0,0,0,0,0,0,0,0,0,0,0,0,0,0,0,0,0,0,0,0,0,0,0,0,0,0,0,0,0,0,0,0,0,1,0,0,0,0,0,0,0,0,0,0,0,0,0,0,0,0,0,0,0,0,0,0,0,0,0,0,1,0,0,0,0,0,0,0,0,0,0,0,1,0,1,0,0,0,1,0,0,0,0,0,0,0,1,0,0,0,0,1,0,0,0,0,1,0,0,1,1,0,0,0,0,0,1,0,0,0,0,1,0,0,0,1,1,0,0,0,1,0,0,0,0,0,1,0,0,0,0,0,1,0,0,0,0,1,0,1,1,0,0,0,1,1,1,0,0,0,1,1,0,0,0,1,1,1,1,0,1,0,0
CHEMBL204_222,38,38,-1,-1,-1,2.230769230769231,3.141627362563406,3.0613427753129683,7.6357805841657616,0.10881362800158097,0.12031368930765012,1.702478159630212,3.2875042422011767,0.19241377609518182,0.09882625638637958,-0.24825277256845985,-1.1332194778597875,8.274185463659148,4.41613658757981,-0.14661064167521304,-0.8769856569419581,0.023589378852536747,0.06401724553455257,3.6165725207168204,12.0100879829935,0.8157894736842105,0.3876557858593746,-1.629226159925114,0.6543778801843323,2.230769230769231,3.141627362563406,3.0613427753129683,7.6357805841657616,2.0,0.0,0,0,2.0,2.6950246556825492,3.5814788902548806,11.660050409577819,0.0,0.0,0,0,0.03480475382003396,0.07362726943233751,1.6668182130227651,0.8335790492350954,0.03846153846153847,0.04847671307761081,3.0570636060570955,7.61667786582507,0.038461538461538464,0.05344475518307708,-1.8509769425601315,3.3699612252472084,1.2692307692307692,0.4435600997950306,1.0405319634289447,-0.917293233082705,-0.9398036249234801,76.0,352.0,0.0,290.0,3492.0,80.0,0.0,0.0,0.0,1444.0,1584.0,34440.0,0.0,0.0,0.0,0.0,440.0,0.0,0.0,0.0,120.0,0.0,0.0,0.0,0.0,0.0,0.0,0.0,0.0,0.0,0.0,1,1,0,1,1,1,0,0,0,1,1,1,0,0,0,0,1,0,0,0,1,0,0,0,0,0,0,0,0,0,0,6.333333333333333,0.5443310539518174,1.3778379803155394,0.9375000000000027,2.2962962962962963,0.7104935590092918,-0.497488194407912,-0.9183601134215507,0.0,0.0,0,0,3.2222222222222223,0.41573970964154905,1.336306209562121,-0.21428571428571663,0.6666666666666666,0.4714045207910316,-0.7071067811865476,-1.4999999999999996,12.676185185185185,1.0860313424655657,1.3761385801803843,0.9291766439161915,0.7037037037037037,1.011592613610938,1.26161330956888,0.2903097125689107,361.40900000000016,81.21000000000001,2.06864,1,2,0,0,0,0,0,0,0,0,0,0,0,0,0,0,0,0,0,0,0,0,0,0,0,0,0,1,0,0,0,0,0,0,0,0,0,0,0,0,1,0,0,0,0,0,0,0,0,0,0,0,0,0,1,0,0,0,0,0,0,0,0,0,0,0,0,1,0,0,0,0,0,0,0,0,0,1,0,1,0,1,1,0,0,1,0,1,0,0,0,0,0,0,1,0,1,0,1,1,1,0,1,1,0,0,0,1,1,0,1,0,1,1,0,0,0,1,0,1,0,0,1,1,1,0,1,1,0,0,1,0,0,0,1,0,0,1,0,1,0,0,0,1,1,0,1,1,0,0,1,1,1,0,0,1,1,1,1,0,1,0,1,1,1,1,1,1,0,0
CHEMBL204_223,38,35,-1,-1,-1,2.0,2.7873339895374523,3.0370764918840094,7.565924909322614,0.11241785628547539,0.11695304639838337,1.7741655740197204,3.952513714790393,0.18605656011355304,0.0920231946682766,-0.29739427701801363,-0.8942525735179934,7.938596491228072,4.118568183011706,-0.16018561689763997,-0.7274464332699857,0.02437964280069543,0.07013304254599613,3.2044421333036155,9.228173945959998,0.8157894736842105,0.3876557858593746,-1.6292261599251139,0.6543778801843323,2.0,2.7873339895374523,3.0370764918840094,7.565924909322614,2.0,0.0,0,0,1.8421052631578947,2.4009462585172723,3.483160936189356,11.093344719079129,0.0,0.0,0,0,0.0034472206980964842,0.01066124294965383,3.1474632425871687,9.093659192404791,0.038461538461538464,0.04862601640737264,3.044461451789662,7.593905022781573,0.03846153846153845,0.019127175523923047,0.35668692711092476,1.1634914341164242,1.1538461538461537,0.36080121229411,1.9188064472004944,1.6818181818181834,0.2548427643731544,70.0,278.0,0.0,152.0,2376.0,8.0,0.0,0.0,0.0,488.0,754.0,19920.0,0.0,0.0,0.0,0.0,40.0,0.0,0.0,0.0,0.0,0.0,0.0,0.0,0.0,0.0,0.0,0.0,0.0,0.0,0.0,1,1,0,1,1,1,0,0,0,1,1,1,0,0,0,0,1,0,0,0,0,0,0,0,0,0,0,0,0,0,0,6.814814814814815,1.9252135434617816,4.000583007606421,16.226060307878424,2.074074074074074,0.8574694002066834,0.21016500502949542,-0.9250946758743601,0.0,0.0,0,0,3.2962962962962963,0.4566232594791834,0.892217816219194,-1.2039473684210513,0.4444444444444444,0.4969039949999533,0.223606797749979,-1.9500000000000002,13.640481481481483,3.859423276531721,4.009030838410447,16.280602662143025,0.8888888888888888,1.0304020550550783,0.8325693186870128,-0.5751757706868581,392.4850000000002,153.08999999999997,0.7197400000000008,1,8,0,0,0,0,0,0,0,0,0,0,0,0,0,0,0,0,0,0,0,0,0,0,0,0,0,0,0,0,0,0,0,0,0,0,0,0,0,0,1,0,0,0,0,0,0,0,0,0,0,0,0,1,0,1,1,1,0,0,1,0,1,1,0,0,0,1,0,1,0,0,0,0,0,1,0,0,0,1,0,1,1,0,1,0,1,0,1,0,1,0,1,0,1,1,0,1,0,1,1,0,1,0,1,0,1,0,0,0,1,0,1,1,1,0,0,1,0,1,0,0,1,1,0,0,1,1,0,0,0,0,1,1,1,1,0,1,1,1,1,0,0,1,1,0,1,1,1,0,1,1,1,1,0,1,1,1,1,0,1,1,1,1,1,1,1,1,0,0
CHEMBL204_224,35,31,-1,-1,-1,1.9130434782608696,2.412162001161773,2.982948713701427,7.534440479945097,0.10765298287477612,0.1303160153227213,2.168315685144318,6.714162590784902,0.16614528451902105,0.07912117379416653,-0.2159269035653939,-0.9507395282793207,6.713877551020407,3.445723747355341,-0.028949891762451888,-0.6919171848394661,0.02745098039215686,0.07490776981452,2.9115845271226704,7.065787085727571,0.8,0.4,-1.5,0.24999999999999956,1.9130434782608696,2.412162001161773,2.982948713701427,7.534440479945097,2.0,0.0,0,0,1.7714285714285714,2.0713793097590694,3.3735804649723344,10.77603287045724,0.0,0.0,0,0,0.0,0.0,0,0,0.04347826086956521,0.0495622354877667,2.978377207330999,7.535399427421709,0.04347826086956524,0.05329322469469949,3.5367669852424717,12.787140768357439,1.0,0.0,0,0,-1.5298259717573113,62.0,198.0,0.0,70.0,1386.0,0.0,0.0,0.0,0.0,158.0,264.0,9720.0,0.0,0.0,0.0,0.0,0.0,0.0,0.0,0.0,0.0,0.0,0.0,0.0,0.0,0.0,0.0,0.0,0.0,0.0,0.0,1,1,0,1,1,0,0,0,0,1,1,1,0,0,0,0,0,0,0,0,0,0,0,0,0,0,0,0,0,0,0,6.2,0.541602560309064,2.6184917171967137,5.466942148760328,2.1333333333333333,0.6182412330330469,-0.0927863397331909,-0.4632233639805303,0.0,0.0,0,0,3.4,0.48989794855663565,0.4082482904638634,-1.8333333333333335,0.4,0.4898979485566357,0.4082482904638625,-1.8333333333333337,12.409933333333331,1.0801525488970944,2.6174973336379526,5.46106649519513,1.1333333333333333,0.9568466729604883,0.18805026987676682,-1.1538787821660847,203.2849999999999,20.310000000000002,2.7978200000000015,0,2,0,0,0,0,0,0,0,0,0,0,0,0,0,0,0,0,0,0,0,0,0,0,0,0,0,0,0,0,0,0,0,0,0,0,0,0,0,0,0,0,0,0,0,0,0,0,0,0,0,0,0,0,0,0,0,0,0,0,0,0,0,0,1,0,0,0,0,0,0,0,0,0,0,0,0,1,0,0,0,0,0,0,0,0,0,1,1,0,0,0,0,0,0,0,0,0,0,0,1,0,1,0,0,0,0,0,0,0,1,0,0,1,0,0,0,0,0,0,1,0,0,1,1,0,0,0,0,0,1,1,0,0,0,1,0,1,0,1,1,0,0,0,0,0,1,1,0,1,1,0,1,0,0,1,1,0,1,0,1,0,1,1,1,1,1,1,0,0
CHEMBL204_225,34,31,-1,-1,-1,2.0,2.4308621740219887,2.6581262115932747,5.4797633136094674,0.11686407756485644,0.12551713859388913,1.5801673836336358,2.7803595489561044,0.17514852105801534,0.08648399223404173,-0.1332051894552977,-0.9537635186486733,6.682352941176471,3.4849910240234525,-0.011458114321975452,-0.8156864465905427,0.024231283422459896,0.06366654513657127,2.9240183538538136,7.4754282390032785,0.7941176470588235,0.40434491426080943,-1.454785934906616,0.11640211640211628,2.0,2.4308621740219887,2.6581262115932747,5.4797633136094674,2.0,0.0,0,0,1.8235294117647058,2.0788937702437993,3.0640116000175386,8.396266412649728,0.0,0.0,0,0,0.004797679941541834,0.01398177312825142,2.943623625554991,7.758649194387877,0.04545454545454546,0.04992736748415427,2.6673026719016537,5.512617240315617,0.04545454545454548,0.06136086298227249,2.821319188590762,6.495294743376876,1.1818181818181819,0.38569460791993493,1.6499158227686117,0.7222222222222232,-0.11124560125217062,62.0,198.0,0.0,124.0,1290.0,8.0,0.0,0.0,0.0,328.0,492.0,8184.0,0.0,0.0,0.0,0.0,32.0,0.0,0.0,0.0,0.0,0.0,0.0,0.0,0.0,0.0,0.0,0.0,0.0,0.0,0.0,1,1,0,1,1,1,0,0,0,1,1,1,0,0,0,0,1,0,0,0,0,0,0,0,0,0,0,0,0,0,0,6.5,0.9128709291752769,1.4788509052639482,0.6299999999999999,2.0833333333333335,0.7021791477646965,-0.11700664235714106,-0.9724261059313628,0.0,0.0,0,0,3.25,0.4330127018922193,1.1547005383792515,-0.6666666666666665,0.5,0.5,0.0,-2.0,13.049958333333334,1.94199569771165,1.6709824680777832,1.6170340103951757,0.75,0.82915619758885,0.931944155967633,0.2148760330578514,331.343,75.63000000000001,3.181420000000001,0,7,0,0,0,0,0,0,0,0,0,0,0,0,0,0,0,0,0,0,0,0,0,0,0,0,1,0,0,0,0,0,0,0,0,0,0,0,0,0,0,0,0,0,1,0,0,0,0,0,0,0,0,0,0,0,0,0,0,0,0,0,0,0,0,0,0,0,0,0,1,1,0,1,1,0,0,0,0,0,0,0,0,0,0,0,0,0,0,1,0,0,1,1,1,0,1,0,0,0,0,0,0,0,1,0,1,0,0,1,0,1,1,1,0,1,0,0,1,1,1,0,0,0,0,0,1,1,1,1,0,0,0,1,1,0,1,0,1,0,0,1,1,0,0,1,1,1,1,1,0,0,1,1,1,1,1,1,1,1,1,1,1,1,1,1,1,1,0,0
CHEMBL204_226,39,36,-1,-1,-1,2.0,2.748737083745107,3.0495288147950697,7.759515570934255,0.10957273668186158,0.11676832197592407,1.8167188872292062,4.248514137353946,0.17824825545216685,0.08709070957244981,-0.2883707265414874,-0.9034534597244326,8.0,4.117510035068389,-0.17078800475931238,-0.7186774808516598,0.02702702702702703,0.07419963754852,3.204258276945211,9.881834932078105,0.8205128205128205,0.3837597319768145,-1.6703827619526517,0.7901785714285703,2.0,2.748737083745107,3.0495288147950697,7.759515570934255,2.0,0.0,0,0,1.8461538461538463,2.3808903908526395,3.4770457229307277,11.178719147841932,0.0,0.0,0,0,0.00450993315130402,0.01388383638789932,2.903795341730183,6.705783805345115,0.037037037037037035,0.04605561621895385,3.0269471626588245,7.624932347479353,0.037037037037037035,0.12159488311192797,3.3148943177557975,9.431873269599444,1.1481481481481481,0.3552467795046459,1.9808869335422101,1.9239130434782599,-0.10791904130542124,72.0,282.0,0.0,136.0,2382.0,8.0,0.0,0.0,0.0,488.0,650.0,19920.0,0.0,0.0,0.0,0.0,38.0,0.0,0.0,0.0,0.0,0.0,0.0,0.0,0.0,0.0,0.0,0.0,0.0,0.0,0.0,1,1,0,1,1,1,0,0,0,1,1,1,0,0,0,0,1,0,0,0,0,0,0,0,0,0,0,0,0,0,0,6.787878787878788,2.0264549693697558,3.9602734286258294,16.69309053990483,2.121212121212121,0.8074492481499532,0.1218910392495841,-0.785070422535211,0.0,0.0,0,0,3.303030303030303,0.459568208730397,0.8571946154145218,-1.2652173913043498,0.5454545454545454,0.4979295977319692,-0.18257418583505505,-1.9666666666666668,13.719333333333333,4.374564176849363,3.836779277933352,15.673894599389307,0.7272727272727273,0.8968877931484085,1.0663691231728873,0.2157534246575339,476.9300000000001,80.03999999999999,5.135940000000003,0,8,0,0,0,0,0,0,0,0,0,0,0,0,0,0,0,0,0,0,0,0,0,0,0,0,0,0,0,0,0,0,0,0,0,0,0,0,0,0,1,0,0,0,1,0,0,0,0,0,0,0,0,0,0,0,0,0,0,0,0,0,0,0,0,0,0,1,0,0,0,0,0,0,0,0,0,0,0,1,0,0,1,0,1,0,1,0,0,1,0,0,0,1,1,0,0,0,0,0,1,0,1,0,0,1,1,0,0,1,0,0,1,1,1,0,0,0,1,1,0,0,0,1,0,0,0,1,0,0,0,1,0,1,1,1,1,1,0,1,1,0,0,0,1,0,1,1,0,0,0,1,1,1,0,1,1,1,1,0,1,0,1,1,1,1,1,1,0,1
CHEMBL204_227,40,39,-1,-1,-1,2.142857142857143,3.3135467156409146,3.6676553757209467,12.573492627243962,0.10586608303124671,0.11744093180667964,2.4950592893392627,9.59037544328891,0.20062195394795485,0.10200768224415128,-0.3282412562809202,-0.9294481894116058,8.993333333333334,4.726056319314586,-0.21541938728929796,-0.6244049037631547,0.022672064777327933,0.07075354887906182,4.061117319575869,16.259898819612015,0.825,0.3799671038392666,-1.7106744068953987,0.9264069264069255,2.142857142857143,3.3135467156409146,3.6676553757209467,12.573492627243962,2.0,0.0,0,0,1.95,2.854382595238417,4.229957960090011,17.94404110090112,0.0,0.0,0,0,0.038235255876846265,0.15676845698773378,5.764385172417394,32.41834458071503,0.03571428571428572,0.050348071531106806,3.6676877145666493,12.527416677825151,0.03571428571428572,0.02898866144226573,-1.190951398574939,1.075799598847734,1.2857142857142858,0.45175395145262565,0.9486832980505133,-1.1000000000000003,-0.9070426189359815,78.0,400.0,0.0,236.0,4860.0,32.0,0.0,0.0,0.0,930.0,1488.0,62280.0,0.0,0.0,0.0,0.0,168.0,0.0,0.0,0.0,12.0,0.0,0.0,0.0,0.0,0.0,0.0,0.0,0.0,0.0,0.0,1,1,0,1,1,1,0,0,0,1,1,1,0,0,0,0,1,0,0,0,1,0,0,0,0,0,0,0,0,0,0,6.392857142857143,0.724040533311189,2.0702670336388254,4.038964959951689,2.2142857142857144,0.6738557951469003,-0.2858421249455357,-0.8284307536927158,0.0,0.0,0,0,3.0714285714285716,0.2575393768188564,3.3282011773513718,9.076923076923068,0.75,0.4330127018922193,-1.1547005383792515,-0.6666666666666665,12.830678571428573,1.5790363936268095,2.405103035923902,6.007869144592897,0.6071428571428571,0.724040533311189,1.3170498798349268,2.0339567016534392,376.39500000000015,108.72,4.298620000000001,0,3,0,0,0,0,0,0,0,0,0,0,0,0,0,0,0,0,0,0,0,0,0,0,0,0,0,0,0,0,0,0,0,0,0,0,0,0,0,1,1,0,0,0,1,1,0,0,0,0,0,0,0,0,1,1,1,0,0,0,0,0,0,0,1,0,0,1,0,0,0,1,0,0,0,0,0,0,0,1,0,1,1,0,0,1,1,0,0,1,0,0,0,0,0,0,1,0,1,0,1,0,0,1,0,0,0,1,1,1,0,0,1,0,0,0,0,0,0,1,0,0,1,1,0,0,1,1,0,0,0,0,0,1,0,1,1,1,0,1,0,0,0,0,1,0,1,1,0,0,0,0,1,1,0,0,1,0,1,0,1,0,1,1,1,1,1,1,0,0
CHEMBL204_228,38,36,-1,-1,-1,2.076923076923077,2.9078551032978157,3.0209800724420117,7.445740805400085,0.1110456110603543,0.11825676191202235,1.723788057367687,3.4473857993638948,0.1901958204714628,0.09543016412078804,-0.2868927806043487,-0.969956946640087,8.092105263157896,4.240813492319483,-0.16054766727053607,-0.7854053076874106,0.023589378852536747,0.06629376471587976,3.3437805329358063,10.206485398984231,0.8157894736842105,0.3876557858593746,-1.6292261599251139,0.6543778801843323,2.076923076923077,2.9078551032978157,3.0209800724420117,7.445740805400085,2.0,0.0,0,0,1.894736842105263,2.50041547794099,3.4931116147475514,11.116366175511846,0.0,0.0,0,0,0.009903094338267637,0.026666441311312468,2.5507253780838006,5.063378996299988,0.03846153846153845,0.04872862746823478,3.030078968773576,7.486913218695722,0.03846153846153845,0.049444422027821185,3.005380788958187,7.410714067353412,1.1923076923076923,0.39411349099844606,1.5614401167176535,0.4380952380952392,-0.6826530178772338,72.0,302.0,0.0,202.0,2706.0,24.0,0.0,0.0,0.0,774.0,1036.0,23880.0,0.0,0.0,0.0,0.0,124.0,0.0,0.0,0.0,12.0,0.0,0.0,0.0,0.0,0.0,0.0,0.0,0.0,0.0,0.0,1,1,0,1,1,1,0,0,0,1,1,1,0,0,0,0,1,0,0,0,1,0,0,0,0,0,0,0,0,0,0,7.394736842105263,3.1080495972826707,2.391064077678414,4.067619072234413,2.1578947368421053,0.8119604537127111,0.29414286614972157,-0.42987783348633446,0.0,0.0,0,0,3.210526315789474,0.4076824574955177,1.4200938936093837,0.01666666666666039,0.5789473684210527,0.4937279747182557,-0.31980107453341583,-1.8977272727272723,14.841157894736844,6.348305308573205,2.417771271424093,4.231527770159992,0.6578947368421053,0.7354309796043222,1.033074104194356,0.9056021614496648,589.1640000000002,142.21,4.744190000000003,0,8,0,0,0,0,0,0,0,0,0,0,0,0,0,0,0,0,0,0,0,0,0,0,0,0,0,1,0,0,0,0,0,0,1,1,0,0,0,0,0,0,0,0,0,1,0,0,0,0,0,0,0,1,0,0,0,1,0,0,1,1,1,1,0,0,1,0,0,1,0,1,0,0,0,1,0,0,0,1,1,0,0,1,1,0,1,0,0,1,1,0,1,0,0,0,1,0,0,1,0,0,1,1,1,1,0,1,1,1,0,0,0,0,1,0,0,0,0,1,0,1,0,0,0,0,1,1,0,0,0,0,1,1,0,0,1,0,1,0,1,0,1,0,1,0,1,1,1,0,1,0,1,1,0,1,0,1,1,0,1,1,1,1,1,1,1,1,0,0
CHEMBL204_229,42,42,-1,-1,-1,2.2,3.4292856398964497,3.430237822498113,10.801448470544685,0.1074640630363604,0.11072939521753455,2.24962092964334,7.6042257449911315,0.21043629623667384,0.10545709189542006,-0.44675981714015156,-0.8142776604597284,9.793650793650794,5.057220141599,-0.3305648859232557,-0.5999063789610335,0.021399535423925666,0.0698604555681853,3.9090263007843022,14.924154678668689,0.8333333333333334,0.37267799624996495,-1.788854381999832,1.200000000000001,2.2,3.4292856398964497,3.430237822498113,10.801448470544685,2.0,0.0,0,0,2.0,2.9760952365713798,3.956255634464035,15.439646201873046,0.0,0.0,0,0,0.024883778984258934,0.08239006193089869,4.740169668679143,23.674611937379968,0.03333333333333332,0.04831549795219638,3.5530172856570617,11.663562717671153,0.03333333333333334,0.02372224757334603,-0.602683649900356,0.7758203652442628,1.2333333333333334,0.42295258468165065,1.2609766499825608,-0.40993788819875787,0.9760661684009018,84.0,456.0,0.0,370.0,5496.0,56.0,0.0,0.0,0.0,1338.0,2454.0,69144.0,0.0,0.0,0.0,0.0,278.0,0.0,0.0,0.0,36.0,0.0,0.0,0.0,0.0,0.0,0.0,0.0,0.0,0.0,72.0,1,1,0,1,1,1,0,0,0,1,1,1,0,0,0,0,1,0,0,0,1,0,0,0,0,0,0,0,0,0,1,6.833333333333333,2.082999973329066,3.917656324589776,16.018830712127503,2.2,0.7483314773547883,0.13363062095621148,-0.38775510204081653,0.0,0.2581988897471611,0.0,12.0,3.2333333333333334,0.42295258468165065,1.2609766499825608,-0.40993788819875787,0.7,0.45825756949558394,-0.8728715609439692,-1.238095238095237,13.790200000000002,4.471917839137924,3.85839790854814,15.499440330270609,0.5666666666666667,0.7608474807008886,1.3636004966507203,1.536444383862423,430.8420000000001,77.89,4.612720000000004,0,6,0,0,0,0,0,0,0,0,0,0,0,0,0,1,0,0,0,0,0,0,0,0,0,0,1,0,0,0,0,0,0,0,0,0,0,0,0,0,1,0,0,0,1,0,0,0,0,0,0,1,0,0,0,0,0,0,0,1,0,0,0,0,0,0,0,1,0,0,0,0,0,1,0,0,0,1,0,1,0,1,1,0,1,1,0,0,0,1,0,0,0,0,1,0,1,1,1,1,1,0,1,1,1,1,0,1,0,1,0,0,1,1,1,1,0,0,0,1,0,0,1,1,1,0,1,1,0,1,0,0,0,0,1,1,1,1,0,1,0,0,0,0,1,1,1,1,0,0,1,0,1,1,1,1,0,1,1,0,1,1,1,1,1,1,1,1,0,1
CHEMBL204_230,37,36,-1,-1,-1,2.16,2.948626799037138,3.026250400922416,7.553031872143507,0.11321356983700623,0.11920450759844749,1.795484744508265,4.319259682682364,0.1884680068098931,0.09510128753981792,-0.24262689555524358,-1.006897193439544,7.879279279279282,4.143781123935501,-0.14890501389824976,-0.803123466428187,0.02342342342342342,0.06695679083128307,3.551731620909401,11.58989990979568,0.8108108108108109,0.3916588309780929,-1.5871507864874157,0.5190476190476199,2.16,2.948626799037138,3.026250400922416,7.553031872143507,2.0,0.0,0,0,1.945945945945946,2.5249666408922518,3.5261770127889482,11.46752211242555,0.0,0.0,0,0,0.04376152213990052,0.16313710458968,5.432423635883089,28.91000124017634,0.04000000000000001,0.049691222847450756,3.0245644676159924,7.472816727946213,0.03999999999999998,0.14195503764749826,3.177116838992593,8.68713136945051,1.32,0.46647615158762407,0.7717436331412894,-1.4044117647058831,-0.48340686173892417,72.0,304.0,0.0,204.0,2766.0,32.0,0.0,0.0,0.0,770.0,1020.0,25200.0,0.0,0.0,0.0,0.0,142.0,0.0,0.0,0.0,12.0,0.0,0.0,0.0,0.0,0.0,0.0,0.0,0.0,0.0,0.0,1,1,0,1,1,1,0,0,0,1,1,1,0,0,0,0,1,0,0,0,1,0,0,0,0,0,0,0,0,0,0,6.428571428571429,0.82065180664829,1.7803396631832717,1.9641873278236863,2.142857142857143,0.6925256939166186,-0.19750619609210904,-0.9203259393390688,0.0,0.0,0,0,3.142857142857143,0.34992710611188255,2.0412414523193156,2.1666666666666714,0.6428571428571429,0.47915742374995496,-0.5962847939999442,-1.6444444444444446,12.901678571428574,1.7552982663429404,2.0136427331979174,3.3017878343987714,0.6428571428571429,0.7178482586514922,1.2295113003782836,1.9353004607391435,379.391,91.32000000000001,3.245120000000001,0,5,0,0,0,0,0,0,0,0,0,0,0,0,0,0,0,0,0,0,0,0,0,0,0,0,1,0,0,0,0,0,0,0,0,0,0,0,0,0,0,0,0,0,1,0,0,0,0,0,0,0,0,0,0,0,0,0,0,0,0,0,0,0,1,0,0,1,0,0,1,1,0,1,1,0,0,0,0,0,0,0,1,0,1,0,0,0,0,1,0,0,0,0,1,0,1,0,0,1,1,0,1,0,1,0,0,0,0,1,0,0,1,0,0,0,0,0,0,1,0,0,0,1,0,0,1,1,0,0,0,0,0,1,0,0,1,0,1,1,0,1,0,0,1,0,1,1,1,0,0,0,1,1,0,1,1,1,1,0,1,1,1,1,1,1,1,1,0,0
CHEMBL204_231,36,34,-1,-1,-1,2.0833333333333335,2.7373446176094736,2.9476509579731225,7.108213849194453,0.1145590586540713,0.12105370650281978,1.8121360553623085,4.676171616384941,0.18077226471396635,0.08948733382152503,-0.22776797540737695,-0.9595602524358,7.394444444444446,3.8533935661061984,-0.11317303194959438,-0.7732184088395448,0.024369747899159667,0.06903781727122917,3.301355157428592,9.895905911481938,0.8055555555555556,0.3957724124659724,-1.5440972939559132,0.3842364532019724,2.0833333333333335,2.7373446176094736,2.9476509579731225,7.108213849194453,2.0,0.0,0,0,1.8888888888888888,2.3425742935897795,3.413872663757437,10.734259876683016,0.0,0.0,0,0,0.03814338682759735,0.1644383461758138,5.551113173427477,29.521120458362056,0.04166666666666666,0.049877177167045136,2.9401152735846123,6.976371850139984,0.041666666666666664,0.05912307062715542,-1.9359063118764386,3.6471749199873926,1.2916666666666667,0.45452967144315476,0.9166984970282107,-1.159663865546219,-1.6342941200501597,68.0,258.0,0.0,146.0,2100.0,16.0,0.0,0.0,0.0,444.0,656.0,17040.0,0.0,0.0,0.0,0.0,56.0,0.0,0.0,0.0,0.0,0.0,0.0,0.0,0.0,0.0,0.0,0.0,0.0,0.0,0.0,1,1,0,1,1,1,0,0,0,1,1,1,0,0,0,0,1,0,0,0,0,0,0,0,0,0,0,0,0,0,0,6.484848484848484,0.925111364998409,1.881506946453495,2.2544069701044434,2.1818181818181817,0.7158188976374373,0.21303247109709447,-0.14516129032258052,0.0,0.0,0,0,3.1515151515151514,0.3585502898848252,1.9438547858755904,1.778571428571433,0.7272727272727273,0.4453617714151233,-1.0206207261596576,-0.9583333333333335,13.069454545454544,2.098397456226423,2.0527971024214313,2.9605053991954584,0.5454545454545454,0.655554777357089,1.4454207036253568,3.3076923076923075,449.4360000000001,79.8,5.861720000000004,0,5,0,0,0,0,0,0,0,0,0,0,0,0,0,0,0,0,0,0,0,0,0,0,0,0,0,0,0,0,0,0,0,0,0,0,0,0,0,0,1,0,0,0,1,0,0,0,0,0,0,0,0,0,0,0,0,0,0,0,0,0,0,0,1,0,0,1,0,0,0,0,0,0,0,0,0,0,0,1,0,0,1,0,0,0,0,0,0,0,0,0,0,0,1,0,0,0,0,0,1,0,0,0,0,0,0,0,1,1,0,0,1,0,1,0,0,0,0,1,0,0,1,1,0,0,0,1,0,0,0,0,0,1,0,1,1,1,0,1,0,0,0,0,1,0,1,1,0,0,0,0,1,1,0,0,1,0,1,0,1,0,1,1,1,1,1,1,0,0
CHEMBL204_232,40,38,-1,-1,-1,2.1538461538461537,3.218842454293489,3.2101864375356173,8.963385204375339,0.1062125216298209,0.11712770914277643,2.091929387455092,6.504230053315029,0.1819051582827221,0.10082256009026286,-0.2388594621524799,-1.1254988888392994,8.083333333333334,4.633962786979533,-0.1375658299909687,-0.9072528899575985,0.018286099865047235,0.05861335211358405,3.8216076317674026,13.881531270227981,0.825,0.3799671038392666,-1.7106744068953987,0.9264069264069255,2.1538461538461537,3.218842454293489,3.2101864375356173,8.963385204375339,2.0,0.0,0,0,1.9,2.690724809414742,3.8639489137060057,14.370591175483039,0.0,0.0,0,0,0.02396909205419844,0.0810820185845575,5.084932725076631,26.74289442116352,0.03846153846153847,0.05287416789184395,3.2324005541856815,9.030456803927144,0.03846153846153846,0.19187382374004336,-3.0927272113844,9.081523978587278,1.2692307692307692,0.4435600997950306,1.0405319634289447,-0.917293233082705,-0.7754101975434672,76.0,358.0,0.0,226.0,3786.0,32.0,0.0,0.0,0.0,916.0,1320.0,40800.0,0.0,0.0,0.0,0.0,164.0,0.0,0.0,0.0,12.0,0.0,0.0,0.0,0.0,0.0,0.0,0.0,0.0,0.0,24.0,1,1,0,1,1,1,0,0,0,1,1,1,0,0,0,0,1,0,0,0,1,0,0,0,0,0,0,0,0,0,1,6.84375,2.563071582593822,3.3586543258345567,9.819157775690282,2.25,0.6614378277661477,-0.3239695482936233,-0.7755102040816326,0.0,0.0,0,0,3.1875,0.3903123748998999,1.6012815380508714,0.5641025641025643,0.71875,0.4496092053105675,-0.9730672655996823,-1.0531400966183575,13.775781249999998,5.341108924736364,3.3441576938110638,9.815405754936632,0.65625,0.8143008887997114,1.3995262795948094,1.7448383115601436,461.99300000000017,28.490000000000002,7.5751400000000055,1,4,0,0,0,0,0,0,0,0,0,0,0,0,0,0,0,0,0,0,0,0,0,0,0,0,0,0,0,0,0,0,0,0,0,0,0,0,1,0,0,0,0,0,1,0,0,0,0,1,0,0,0,0,1,0,0,0,0,0,0,0,0,0,1,0,0,1,0,0,0,0,0,0,0,0,0,1,0,1,1,1,1,1,0,1,0,0,0,1,1,0,0,0,0,0,1,0,1,0,0,0,0,0,0,1,0,0,1,1,0,0,0,1,0,0,0,0,0,0,0,1,1,1,1,0,1,1,0,0,0,0,0,0,0,1,1,1,0,1,0,0,0,0,1,0,1,1,0,0,1,1,1,0,0,0,0,0,1,0,1,0,1,1,1,1,0,1,0,0
CHEMBL204_233,38,38,-1,-1,-1,2.230769230769231,3.1660177888087198,3.0677672155141336,7.846330335972924,0.10928958825427723,0.11988150554983348,1.74653612773266,3.633739426179149,0.1988074394563269,0.10202785944551528,-0.29676251922522784,-1.097720149853813,8.399122807017546,4.477263789793714,-0.16584662364373481,-0.8513646126927066,0.022008850956219378,0.06151748019485415,3.531537623007589,11.419927338861147,0.8157894736842105,0.3876557858593746,-1.6292261599251139,0.6543778801843323,2.230769230769231,3.1660177888087198,3.0677672155141336,7.846330335972924,2.0,0.0,0,0,2.0,2.7144835701531846,3.5918434383634104,11.949897959183675,0.0,0.0,0,0,0.031138659910837523,0.06778817572934732,1.833489932579807,1.5690543100678367,0.03846153846153845,0.049207236073050005,3.084772435936952,7.954573006092913,0.038461538461538464,0.04416580117488042,-1.4919023975129706,2.3363483634139985,1.2692307692307692,0.4435600997950306,1.0405319634289447,-0.9172932330827055,1.2163209042660885,76.0,356.0,0.0,314.0,3570.0,80.0,0.0,0.0,0.0,1466.0,1756.0,36024.0,0.0,0.0,0.0,0.0,448.0,0.0,0.0,0.0,120.0,0.0,0.0,0.0,0.0,0.0,0.0,0.0,0.0,0.0,0.0,1,1,0,1,1,1,0,0,0,1,1,1,0,0,0,0,1,0,0,0,1,0,0,0,0,0,0,0,0,0,0,6.36,0.6248199740725323,1.5238487677259411,1.0965466272507376,2.24,0.8138795979750323,-0.46511882787027997,-1.3397395505145977,0.0,0.0,0,0,3.2,0.39999999999999997,1.4999999999999991,0.24999999999999778,0.72,0.448998886412873,-0.9799578870122222,-1.0396825396825407,12.729240000000003,1.246300935729409,1.5223939558870099,1.0905863585016853,0.76,1.1056219968868204,1.1941822248864065,-0.106521202817905,337.3830000000001,77.09,1.64956,0,2,0,0,0,0,0,0,0,0,0,0,0,0,0,0,0,0,0,0,0,0,0,0,0,0,0,1,0,0,0,0,0,0,0,0,0,0,0,1,1,0,0,0,0,0,0,0,0,0,0,0,0,0,0,0,0,0,0,0,0,0,0,0,0,0,0,1,0,0,0,0,0,0,0,0,0,1,0,1,0,1,1,0,0,1,0,1,0,0,0,1,0,0,1,1,0,1,1,1,1,0,1,1,0,0,0,1,1,0,1,0,1,0,0,1,0,0,1,1,0,0,1,1,1,0,0,1,0,1,0,0,0,0,0,0,0,0,1,1,0,0,0,1,1,1,1,1,0,0,1,1,1,1,0,1,1,1,1,0,1,1,1,1,1,1,1,1,0,0
CHEMBL204_234,37,35,-1,-1,-1,2.1739130434782608,2.92889909445205,2.787646227858171,6.111329120083081,0.10819758908814395,0.12377523477069306,1.6339299923838615,2.8997356955715796,0.17208163617414737,0.09621507428069727,-0.12930714086304604,-1.230379656644987,7.063063063063064,4.1152870634551935,-0.01444676869656423,-1.0158452163571783,0.018146718146718147,0.05139013311160929,3.384376648707122,10.39236482515316,0.8108108108108109,0.3916588309780929,-1.5871507864874157,0.5190476190476199,2.1739130434782608,2.92889909445205,2.787646227858171,6.111329120083081,2.0,0.0,0,0,1.8918918918918919,2.4249133033684274,3.4129434570371973,10.626835353574323,0.0,0.0,0,0,0.022486036423318652,0.052906872638467946,2.052230937145406,2.4466062537045454,0.04347826086956521,0.053163142794207745,2.803740161143431,6.180668637936499,0.04347826086956523,0.22197894983718464,-2.5508930327568664,5.285977240775253,1.2608695652173914,0.43910891036356847,1.0891622972743424,-0.8137254901960773,-0.20598416589912333,70.0,280.0,0.0,214.0,2376.0,48.0,0.0,0.0,0.0,910.0,1044.0,19920.0,0.0,0.0,0.0,0.0,234.0,0.0,0.0,0.0,48.0,0.0,0.0,0.0,0.0,0.0,0.0,0.0,0.0,0.0,0.0,1,1,0,1,1,1,0,0,0,1,1,1,0,0,0,0,1,0,0,0,1,0,0,0,0,0,0,0,0,0,0,6.7,2.0024984394500787,4.525020571753786,20.353691830274688,2.2,0.6000000000000001,-0.11111111111111192,-0.4444444444444464,0.0,0.0,0,0,3.2333333333333334,0.42295258468165065,1.2609766499825608,-0.4099378881987574,0.6,0.4898979485566357,-0.40824829046386263,-1.833333333333334,13.45746666666667,4.252339644112274,4.600272783088654,20.879830762407938,0.7,0.8225975119502041,0.9629475108951415,0.13700890582154557,424.8920000000001,92.27000000000001,3.6659200000000025,0,5,0,0,0,0,0,0,0,0,0,0,0,0,0,0,0,0,0,0,0,0,0,0,0,0,0,0,0,0,0,0,0,0,0,0,0,0,0,0,1,0,0,0,0,0,0,0,0,0,0,0,0,0,0,1,0,0,0,1,0,0,0,0,1,0,0,1,0,0,0,0,0,0,0,0,0,1,0,1,0,0,1,0,0,0,0,1,1,1,0,0,0,0,1,0,0,1,0,0,1,0,1,0,0,1,0,0,1,1,0,1,1,1,0,0,0,0,0,1,1,0,1,1,1,0,0,1,0,0,1,1,0,1,1,1,1,1,0,1,1,0,0,0,1,0,1,1,0,1,1,0,1,1,0,1,1,0,1,1,1,1,1,1,1,1,1,1,0,0
CHEMBL204_235,37,37,-1,-1,-1,2.24,3.1019993552546077,3.0399351752929467,7.823159717448997,0.11257851218285021,0.11980444742046457,1.7916776477735472,4.283976057102099,0.19722881827779518,0.10111644782492007,-0.27295072235730683,-1.0749427657785127,8.126126126126128,4.320303592485064,-0.16271738815313333,-0.8395524470547309,0.021621621621621626,0.06256768254263605,3.6255414915415005,12.06538551096965,0.8108108108108109,0.3916588309780929,-1.5871507864874157,0.5190476190476199,2.24,3.1019993552546077,3.0399351752929467,7.823159717448997,2.0,0.0,0,0,2.0,2.6508540184301035,3.5692416088388756,11.999230769230769,0.0,0.0,0,0,0.03587931968213659,0.09095834340384532,3.7352167983841844,15.564495498255681,0.039999999999999994,0.05050276805743429,3.0658884177652532,7.932150391364019,0.04,0.06693958168587016,3.2084079818977838,9.00316463598751,1.32,0.46647615158762407,0.7717436331412894,-1.4044117647058831,0.8300346048959061,74.0,334.0,0.0,282.0,3240.0,56.0,0.0,0.0,0.0,1116.0,1524.0,32064.0,0.0,0.0,0.0,0.0,284.0,0.0,0.0,0.0,48.0,0.0,0.0,0.0,0.0,0.0,0.0,0.0,0.0,0.0,36.0,1,1,0,1,1,1,0,0,0,1,1,1,0,0,0,0,1,0,0,0,1,0,0,0,0,0,0,0,0,0,1,6.833333333333333,2.291287847477921,3.529972644170232,11.248005374989498,2.2222222222222223,0.7494854201795578,0.008145596886385319,-0.551744958338364,0.0,0.0,0,0,3.111111111111111,0.3142696805273545,2.474873734152915,4.124999999999998,0.6388888888888888,0.480322679605294,-0.5783149319662398,-1.6655518394648843,13.679444444444446,4.594638206313265,3.5334094607419986,11.266280413241205,0.6666666666666666,0.8498365855987975,1.5085856549091088,1.934911242603551,516.6520000000004,91.62,4.615140000000003,0,4,0,0,0,0,0,0,0,0,0,0,0,0,0,0,0,0,0,0,0,0,0,0,0,0,0,0,0,0,0,0,0,0,1,1,0,0,1,0,0,0,0,0,0,1,0,0,0,1,0,0,0,1,1,0,0,1,0,0,1,1,1,1,1,0,0,1,0,1,0,1,0,0,0,1,0,1,0,1,1,1,1,1,0,1,0,0,0,0,1,0,0,0,0,1,1,0,1,0,1,0,0,1,1,0,0,1,1,0,0,0,0,0,1,0,0,0,0,1,0,1,1,1,1,0,1,1,0,1,0,0,1,1,0,1,0,1,1,1,0,0,0,1,1,1,1,1,0,0,1,1,1,1,0,0,0,0,1,0,1,1,1,1,1,1,1,1,0,0
CHEMBL204_236,38,35,-1,-1,-1,2.0,2.7873339895374523,3.0370764918840094,7.565924909322614,0.11526022669130709,0.11415283446657258,1.7803492014294064,4.500063580616776,0.18532162366132957,0.08939402172486516,-0.43308317719193984,-0.9144932307309857,7.964912280701755,4.067658401998164,-0.2408829941628558,-0.7065066261380091,0.024221590011063693,0.07164784385328128,3.1873824984820516,8.768277916396086,0.8157894736842105,0.3876557858593746,-1.6292261599251139,0.6543778801843323,2.0,2.7873339895374523,3.0370764918840094,7.565924909322614,2.0,0.0,0,0,1.8421052631578947,2.4009462585172723,3.483160936189356,11.093344719079129,0.0,0.0,0,0,0.0,0.0,0,0,0.038461538461538464,0.04930002480493428,3.058418168213797,7.657906348945982,0.038461538461538464,0.2156407437153421,-2.9185341219526197,7.608905340614379,1.2307692307692308,0.42132504423474315,1.278019300845387,-0.3666666666666676,1.0554826579809338,70.0,278.0,0.0,110.0,2376.0,0.0,0.0,0.0,0.0,272.0,512.0,19920.0,0.0,0.0,0.0,0.0,0.0,0.0,0.0,0.0,0.0,0.0,0.0,0.0,0.0,0.0,0.0,0.0,0.0,0.0,12.0,1,1,0,1,1,0,0,0,0,1,1,1,0,0,0,0,0,0,0,0,0,0,0,0,0,0,0,0,0,0,1,6.6875,1.8103435447450298,4.2626030546072675,18.93079763212065,2.125,0.7806247497997998,0.17244570409778615,-0.5719921104536487,0.0,0.0,0,0,3.1875,0.3903123748998999,1.6012815380508714,0.5641025641025643,0.5625,0.49607837082461076,-0.25197631533948484,-1.9365079365079365,13.385749999999998,3.628523175825118,4.272830317192475,19.004593075485648,0.8125,0.8816709987291178,0.9211893447997771,0.09600767657382381,454.5520000000003,134.41,2.68844,0,8,0,0,0,0,0,0,0,0,0,0,0,0,0,0,0,0,0,0,0,0,0,0,0,0,0,0,0,0,1,0,0,0,0,0,0,0,0,0,1,0,0,0,0,0,0,0,0,1,0,0,0,1,0,0,1,1,0,0,1,1,1,1,0,0,1,1,0,1,0,0,0,0,0,1,0,0,0,1,0,0,1,1,1,0,1,0,0,0,1,0,1,1,1,0,0,1,0,0,1,0,1,0,1,0,1,0,0,0,0,0,1,1,1,1,0,0,1,1,0,0,0,1,0,0,1,1,0,1,0,1,1,1,1,1,0,1,1,1,1,1,1,0,1,1,1,1,1,0,1,1,1,1,1,1,1,1,1,1,1,1,1,1,1,1,1,1,0,1
CHEMBL204_237,37,35,-1,-1,-1,2.08,2.726462910072316,2.769735038661223,6.194458955337971,0.11544984926830151,0.1170399903065337,1.616224895478699,3.005963944785094,0.18798371104416337,0.09338990940600743,-0.2921294239559563,-0.9150681186086054,7.76126126126126,4.037231111276226,-0.16347130373598406,-0.7903641110513084,0.023251823251823255,0.06605038680888126,3.063236804917192,8.101598597741765,0.8108108108108109,0.3916588309780929,-1.5871507864874157,0.5190476190476199,2.08,2.726462910072316,2.769735038661223,6.194458955337971,2.0,0.0,0,0,1.8918918918918919,2.3455971841888794,3.2086046664087813,9.407427160137283,0.0,0.0,0,0,0.010404202838413364,0.028855506677023187,3.2948359792432593,10.820861116572484,0.04000000000000001,0.048160874307230005,2.8183675735946654,6.416332941143976,0.039999999999999994,0.07649869751664834,2.867716728472023,6.635663726077404,1.24,0.4270831300812524,1.2175615550562024,-0.5175438596491229,-0.6660532369635381,70.0,266.0,0.0,196.0,2070.0,16.0,0.0,0.0,0.0,530.0,950.0,15984.0,0.0,0.0,0.0,0.0,64.0,0.0,0.0,0.0,0.0,0.0,0.0,0.0,0.0,0.0,0.0,0.0,0.0,0.0,12.0,1,1,0,1,1,1,0,0,0,1,1,1,0,0,0,0,1,0,0,0,0,0,0,0,0,0,0,0,0,0,1,6.709677419354839,1.8350274391390826,4.190357737590108,18.240442044918044,2.129032258064516,0.7509965630208268,0.2410794988017256,-0.30133712776242083,0.0,0.0,0,0,3.3870967741935485,0.4870860925981129,0.46358632497276453,-1.7850877192982468,0.3870967741935484,0.487086092598113,0.46358632497276503,-1.7850877192982464,13.430096774193553,3.67803800568726,4.200429079885614,18.31166140750472,0.967741935483871,0.8607525202662151,0.3653966983854822,-0.8968485671001138,446.5730000000004,123.29,1.7323199999999996,0,8,0,0,0,0,0,0,0,0,0,0,0,0,0,0,0,0,0,0,0,0,0,0,0,0,0,0,0,0,0,0,0,0,1,1,0,0,0,0,0,0,0,0,0,0,0,0,0,0,0,0,0,1,0,0,0,1,0,0,1,0,1,1,0,0,0,1,0,1,0,1,0,0,0,1,0,1,0,0,0,1,0,0,1,0,1,1,0,0,1,0,1,1,1,0,1,1,0,0,1,0,1,0,1,0,1,0,1,0,0,0,1,1,1,1,0,0,1,1,1,0,0,1,1,0,1,1,0,1,1,1,1,1,1,1,0,1,1,1,1,0,1,0,1,1,1,1,1,1,1,0,1,1,0,1,1,1,1,0,1,1,1,1,1,1,1,1,0,1
CHEMBL204_238,38,37,-1,-1,-1,2.25,3.139134700306227,2.880165102428652,6.624916751963314,0.10943115340599369,0.11975229491712501,1.6785916029219015,3.340838392834801,0.17947882724234113,0.10077493078308698,-0.18049775427491777,-1.225330899513548,7.552631578947368,4.386999877888465,-0.08622186371773442,-1.0168832779163222,0.017425320056899007,0.05332491372535399,3.6805338164502372,12.298258211028832,0.8157894736842105,0.3876557858593746,-1.6292261599251143,0.6543778801843323,2.25,3.139134700306227,2.880165102428652,6.624916751963314,2.0,0.0,0,0,1.9473684210526316,2.605130246476754,3.531633480189284,11.423745439400244,0.0,0.0,0,0,0.03564167661912023,0.09047066793181686,3.715952891586273,15.523247891519382,0.041666666666666664,0.05341877516942416,2.9081851614969736,6.717045094047046,0.041666666666666664,0.024028795548969358,2.019017090513375,3.2151018609947126,1.3333333333333333,0.4714045207910317,0.7071067811865478,-1.4999999999999996,0.7897703022350527,74.0,328.0,0.0,260.0,3102.0,56.0,0.0,0.0,0.0,1120.0,1390.0,29160.0,0.0,0.0,0.0,0.0,282.0,0.0,0.0,0.0,48.0,0.0,0.0,0.0,0.0,0.0,0.0,0.0,0.0,0.0,36.0,1,1,0,1,1,1,0,0,0,1,1,1,0,0,0,0,1,0,0,0,1,0,0,0,0,0,0,0,0,0,1,6.67741935483871,1.9738140052617232,4.605638670412613,21.15350201347797,2.2580645161290325,0.7606339433904254,-0.030662945119726236,-0.5784897262046473,0.0,0.0,0,0,3.225806451612903,0.4181123031230878,1.3115784746777828,-0.2797619047619033,0.6451612903225806,0.47846441852230076,-0.6067798762169181,-1.6318181818181814,13.41080645161291,4.190990901533023,4.6823311718618115,21.70088263225731,0.6774193548387096,0.8939617071323238,1.2198215892497615,0.5888875325520826,436.90300000000013,97.34,3.2598200000000013,1,3,0,0,0,0,0,0,0,0,0,0,0,0,0,0,0,0,0,0,0,0,0,0,0,0,0,0,0,0,0,0,0,0,0,0,0,0,0,0,0,0,0,0,0,0,0,0,0,0,0,0,0,0,1,0,0,0,0,0,0,0,0,0,1,0,0,1,1,0,0,0,0,0,0,0,0,1,0,1,0,1,1,0,0,1,0,0,0,1,0,0,1,1,1,0,1,1,1,1,1,0,0,1,0,1,1,1,0,1,0,0,1,1,1,1,0,1,1,1,1,0,1,1,1,0,1,1,0,1,1,1,1,1,0,1,1,1,0,1,0,1,0,0,1,1,1,1,0,1,1,1,1,1,1,0,1,0,1,1,1,1,1,1,1,1,1,1,0,0
CHEMBL204_239,39,37,-1,-1,-1,2.16,3.170867389217026,3.2260357751594917,9.262927662060724,0.10645859014256562,0.11961435626998487,2.141568972665419,6.946303797575872,0.18045010896217564,0.10076955116776827,-0.19776586157293735,-1.1386359993221182,7.7948717948717965,4.501180841975518,-0.09644583484382771,-0.9040505728398966,0.017945070576649524,0.05713778991842826,3.8780094306288735,14.558624102578712,0.8205128205128205,0.3837597319768145,-1.6703827619526517,0.7901785714285703,2.16,3.170867389217026,3.2260357751594917,9.262927662060724,2.0,0.0,0,0,1.8974358974358974,2.6389087856961244,3.8950829768071826,14.922062252991502,0.0,0.0,0,0,0.02513042513042513,0.08243017865952926,4.93349553440091,25.29090733300442,0.04,0.05402864926804492,3.2538627733979872,9.375002932365453,0.04,0.04811478824615975,3.6027768264620734,12.71648540309376,1.28,0.448998886412873,0.9799578870122221,-1.0396825396825407,1.6200627937634826,74.0,338.0,0.0,218.0,3516.0,32.0,0.0,0.0,0.0,830.0,1246.0,37920.0,0.0,0.0,0.0,0.0,158.0,0.0,0.0,0.0,12.0,0.0,0.0,0.0,0.0,0.0,0.0,0.0,0.0,0.0,24.0,1,1,0,1,1,1,0,0,0,1,1,1,0,0,0,0,1,0,0,0,1,0,0,0,0,0,0,0,0,0,1,7.043478260869565,2.0742365985872278,3.44973868402782,12.160626974836376,2.0869565217391304,0.8803676839702864,0.21248231810852153,-0.9711957168352172,0.0,0.29488391230979427,0.0,8.5,3.1739130434782608,0.3790346907426672,1.7206180040292147,0.9605263157894774,0.4782608695652174,0.49952718665548074,0.0870388279778488,-1.9924242424242424,14.097086956521744,4.157808096383431,3.459496740093541,12.21577934246639,0.6086956521739131,0.9202613255876837,1.519872763674381,1.3167649872448965,338.3450000000001,124.2,0.9132399999999996,0,5,0,0,0,0,0,0,0,0,0,0,0,0,0,0,0,0,0,0,0,0,0,0,0,0,1,0,0,0,0,0,0,0,1,1,0,0,0,0,1,0,0,0,0,0,0,0,0,0,0,1,0,1,0,0,0,1,1,0,1,1,1,1,0,1,1,1,0,1,0,1,1,1,0,1,0,1,0,1,0,1,1,1,0,1,0,1,0,0,1,1,0,0,1,0,1,1,1,1,0,0,1,0,1,0,1,0,1,0,0,0,1,1,1,0,0,0,1,1,0,1,1,1,1,0,1,1,0,0,0,0,1,0,1,1,0,1,1,1,0,0,1,0,1,0,1,0,1,0,1,1,1,1,0,1,1,1,1,0,1,1,1,1,1,1,1,1,0,0
CHEMBL204_240,42,41,-1,-1,-1,2.2142857142857144,3.5087354545186105,3.4180107848952628,10.432936732909475,0.10409963554315346,0.11389815489860416,2.209175178421467,7.301109606704655,0.19206243975851392,0.10681532984479006,-0.29810193094304405,-1.1221812976035959,8.912698412698413,5.091651806181792,-0.2032011155770741,-0.8820764978282059,0.01774099883855982,0.059221357878593735,4.1414471192728755,16.519317903732986,0.8333333333333334,0.37267799624996495,-1.7888543819998317,1.200000000000002,2.2142857142857144,3.5087354545186105,3.4180107848952628,10.432936732909475,2.0,0.0,0,0,1.9523809523809523,2.9516128032974733,4.096517627642779,16.31624980590698,0.0,0.0,0,0,0.028941041474004097,0.08348078292614282,4.397415954440289,21.31885523126181,0.03571428571428571,0.052072830552596365,3.4480459152876035,10.588595443722273,0.0357142857142857,0.015559542127911982,0.9638015426420369,1.0788471702333684,1.2857142857142858,0.45175395145262565,0.9486832980505131,-1.1000000000000003,-0.9022252055139788,82.0,444.0,0.0,308.0,5466.0,56.0,0.0,0.0,0.0,1488.0,2046.0,69120.0,0.0,0.0,0.0,0.0,338.0,0.0,0.0,0.0,48.0,0.0,0.0,0.0,0.0,0.0,0.0,0.0,0.0,0.0,36.0,1,1,0,1,1,1,0,0,0,1,1,1,0,0,0,0,1,0,0,0,1,0,0,0,0,0,0,0,0,0,1,6.7,1.8284784202536637,4.3734776865328024,19.339037722326545,2.2,0.7483314773547882,0.1336306209562115,-0.38775510204081565,0.0,0.0,0,0,3.1666666666666665,0.3726779962499649,1.7888543819998324,1.2000000000000055,0.7,0.45825756949558394,-0.8728715609439692,-1.2380952380952375,13.411133333333336,3.665734739751667,4.381126781861063,19.39217306635565,0.7,0.9363047936792092,1.359604063628791,0.9351877286067465,423.5020000000002,116.76000000000002,2.7312200000000004,0,6,0,0,0,0,0,0,0,0,0,0,0,0,0,0,0,0,0,0,0,0,0,0,0,0,0,0,0,0,0,0,0,0,1,1,0,0,0,0,1,0,0,0,0,0,0,0,0,0,0,0,0,1,0,0,0,1,0,0,1,0,1,1,1,0,0,1,0,1,0,0,0,0,0,1,0,0,0,1,0,1,1,1,1,1,0,0,0,0,1,0,0,0,0,1,1,0,1,1,1,0,1,1,1,0,0,1,1,0,1,0,0,0,1,0,0,0,0,1,0,0,1,1,1,0,1,1,0,0,0,0,1,1,0,1,0,1,1,1,0,0,0,1,1,0,1,1,0,0,1,1,1,1,0,1,0,1,1,0,1,1,1,1,1,1,1,1,0,0
CHEMBL204_241,37,33,-1,-1,-1,2.0,2.670287397005928,2.7949855294657535,6.129535990481855,0.11012969048987206,0.12205932287061079,1.6724726283115994,3.29835071666219,0.16370910553385715,0.08900971318903579,-0.1304554439931276,-1.0942978613094028,6.774774774774775,3.867933587144289,-0.011049196868551842,-0.9289234521980463,0.019691119691119686,0.05716633944728719,3.1126563853296054,8.486872356840344,0.8108108108108109,0.3916588309780929,-1.5871507864874157,0.5190476190476199,2.0,2.670287397005928,2.7949855294657535,6.129535990481855,2.0,0.0,0,0,1.7837837837837838,2.2195097478538166,3.3583023245593875,10.243954821578596,0.0,0.0,0,0,0.004165969683211062,0.012487925309780466,2.9342907994151752,7.474247833303828,0.04347826086956521,0.05291201414197966,2.810860184471194,6.198027613390652,0.0434782608695652,0.020087785887787816,0.6384196993300593,1.5663505641085251,1.173913043478261,0.3790346907426672,1.720618004029213,0.9605263157894743,-0.007769726085994072,66.0,234.0,0.0,118.0,1776.0,8.0,0.0,0.0,0.0,398.0,526.0,13080.0,0.0,0.0,0.0,0.0,36.0,0.0,0.0,0.0,0.0,0.0,0.0,0.0,0.0,0.0,0.0,0.0,0.0,0.0,0.0,1,1,0,1,1,1,0,0,0,1,1,1,0,0,0,0,1,0,0,0,0,0,0,0,0,0,0,0,0,0,0,6.666666666666667,1.7865942997555968,4.333729283035578,19.621735298830313,2.1818181818181817,0.7158188976374373,-0.2826777020326814,-1.026534859521332,0.0,0.0,0,0,3.090909090909091,0.28747978728803447,2.8460498941515433,6.100000000000007,0.6666666666666666,0.4714045207910317,-0.7071067811865472,-1.5,13.344090909090909,3.580885453082684,4.344109481830953,19.698101050059734,0.6060606060606061,0.6936680692278544,1.2513643025269257,2.1226035778800787,460.5150000000002,138.42999999999998,3.932920000000001,1,6,0,0,0,0,0,0,0,0,0,0,0,0,0,0,0,0,0,0,0,0,0,0,0,0,0,1,0,0,0,0,0,0,0,0,0,0,0,0,0,0,0,0,0,0,0,0,0,0,0,0,0,0,0,1,1,0,0,0,0,1,0,0,0,0,1,1,0,0,0,0,0,0,0,0,0,0,0,1,0,0,1,1,0,0,1,0,0,0,1,0,0,0,1,0,0,1,0,1,1,0,0,1,0,0,0,1,1,0,0,0,1,0,0,1,0,0,0,1,0,0,1,1,0,1,0,1,0,1,0,0,0,1,0,1,0,1,1,1,0,1,1,0,1,1,1,1,1,0,0,0,1,1,0,0,1,0,1,1,1,1,1,1,1,1,1,1,0,0
CHEMBL204_242,36,32,-1,-1,-1,2.0,2.5761140573281374,2.68004810167521,5.47344717583036,0.11153401733279505,0.12384644022088623,1.579691428488278,2.6663415823129286,0.16066203935351664,0.0872501581626377,-0.09228818580306851,-1.0961219619311784,6.467592592592592,3.695711863727774,0.0243730925882601,-0.940557790409918,0.019514472455648926,0.055385423180011925,3.0267190466695615,7.89821193361977,0.8055555555555556,0.3957724124659724,-1.544097293955913,0.3842364532019724,2.0,2.5761140573281374,2.68004810167521,5.47344717583036,2.0,0.0,0,0,1.7777777777777777,2.1358203096378983,3.2327277740014537,9.362414190261868,0.0,0.0,0,0,0.004521489815607464,0.013347147384093903,2.882691231775225,7.169526036017274,0.04545454545454546,0.053331171570347495,2.6965676462387416,5.540977936908618,0.045454545454545456,0.027335122267923666,1.8217865137953622,2.484014629269655,1.1818181818181819,0.38569460791993493,1.6499158227686117,0.7222222222222232,0.2988887580519254,64.0,214.0,0.0,112.0,1506.0,8.0,0.0,0.0,0.0,360.0,470.0,10200.0,0.0,0.0,0.0,0.0,34.0,0.0,0.0,0.0,0.0,0.0,0.0,0.0,0.0,0.0,0.0,0.0,0.0,0.0,0.0,1,1,0,1,1,1,0,0,0,1,1,1,0,0,0,0,1,0,0,0,0,0,0,0,0,0,0,0,0,0,0,6.608695652173913,2.260033290150787,4.219462010293489,16.4417664136717,2.1739130434782608,0.6360321234055563,-0.16482726090875002,-0.6171281334614389,0.0,0.0,0,0,3.0869565217391304,0.28177133471338517,2.9317636492797488,6.5952380952381,0.782608695652174,0.41247099915239727,-1.3703203194062985,-0.1222222222222209,13.290391304347825,4.808362984011435,4.248921784114511,16.63181622758995,0.6956521739130435,0.6874516652539955,1.2811019256874143,2.9210560000000036,321.807,29.1,5.623020000000004,0,4,0,0,0,0,0,0,0,0,0,0,0,0,0,0,0,0,0,0,0,0,0,0,0,0,0,0,0,0,0,0,0,0,0,0,0,0,0,0,0,0,0,0,0,0,0,0,0,0,0,0,0,0,0,0,0,0,0,0,0,0,0,0,0,0,0,0,0,0,0,0,0,0,0,0,0,0,0,0,0,0,0,0,0,0,0,0,0,1,0,0,0,0,0,0,0,0,0,0,0,0,0,0,0,1,0,0,0,1,0,0,0,0,0,0,0,0,0,0,0,0,0,0,0,0,0,1,0,0,0,0,0,0,0,1,1,1,0,0,0,0,0,0,0,0,1,1,0,0,0,0,1,1,1,0,1,0,1,0,1,0,1,1,1,1,1,1,0,0
CHEMBL204_243,35,32,-1,-1,-1,2.0,2.5194892512087685,2.7402814224068353,5.858603865640834,0.11545365928021104,0.12345801363312754,1.5729707018269463,2.725255917447506,0.17171995868225234,0.0839523648873584,-0.16160500188069224,-0.9669588436321086,6.884761904761905,3.573863170182048,-0.04692802234177353,-0.8097288151840218,0.026024955436720138,0.06818096103024444,3.016852035224503,8.371868734979753,0.8,0.4,-1.5,0.24999999999999956,2.0,2.5194892512087685,2.7402814224068353,5.858603865640834,2.0,0.0,0,0,1.8285714285714285,2.15785229582848,3.1563558463403,8.90273612769465,0.0,0.0,0,0,0.005858343337334934,0.01689948675040509,2.671253360557041,5.376316011844837,0.04347826086956521,0.04951286974645494,2.7327329710748267,5.826831743169171,0.04347826086956521,0.03316914894386707,2.1892939497119652,4.045968438634945,1.173913043478261,0.3790346907426672,1.720618004029213,0.9605263157894743,-1.2893607765673238,64.0,216.0,0.0,112.0,1506.0,8.0,0.0,0.0,0.0,346.0,452.0,10200.0,0.0,0.0,0.0,0.0,32.0,0.0,0.0,0.0,0.0,0.0,0.0,0.0,0.0,0.0,0.0,0.0,0.0,0.0,0.0,1,1,0,1,1,1,0,0,0,1,1,1,0,0,0,0,1,0,0,0,0,0,0,0,0,0,0,0,0,0,0,6.310344827586207,0.5932638115201813,1.755496436435377,1.909331628926214,2.1379310344827585,0.6283057640789173,-0.11307041239901741,-0.536979242270287,0.0,0.0,0,0,3.413793103448276,0.49251230541674823,0.350070021007003,-1.8774509803921564,0.41379310344827586,0.4925123054167483,0.3500700210070028,-1.8774509803921564,12.630172413793108,1.1833690673597268,1.754020364842882,1.9024683953058394,1.0689655172413792,0.8682536766906324,0.18266428145286254,-1.03295385564589,397.52300000000025,102.03999999999999,1.8400199999999998,0,8,0,0,0,0,0,0,0,0,0,0,0,0,0,0,0,0,0,0,0,0,0,0,0,0,0,0,0,0,0,0,0,0,0,0,0,0,0,0,1,0,0,0,0,0,0,0,0,0,0,0,0,0,0,0,0,0,0,0,0,0,0,0,0,0,0,1,0,0,0,0,0,0,0,0,0,1,0,1,0,1,0,0,1,0,1,1,0,0,0,0,1,1,1,0,0,1,0,0,1,0,1,0,0,0,1,0,0,0,0,0,1,1,0,1,0,0,1,1,1,0,1,1,1,0,0,1,0,1,1,1,0,1,1,1,0,1,1,1,1,0,0,0,1,1,1,1,0,1,1,0,1,1,0,1,1,1,1,0,1,1,1,1,1,1,1,1,0,1
CHEMBL204_244,36,36,-1,-1,-1,2.25,2.9190466480228325,2.8180986332524034,6.762334036740572,0.11576080629696972,0.1199050186741707,1.6980910764519435,3.94478468569654,0.195617349054111,0.09958154507329967,-0.27309838673167974,-1.0305763459045008,7.800925925925927,4.1264857863720215,-0.16040511372830552,-0.850874923079648,0.02110177404295051,0.06035871142774022,3.4645550703748564,11.215273318518383,0.8055555555555556,0.39577241246597245,-1.5440972939559132,0.3842364532019702,2.25,2.9190466480228325,2.8180986332524034,6.762334036740572,2.0,0.0,0,0,2.0,2.494438257849294,3.318096043564519,10.53156887755102,0.0,0.0,0,0,0.023272538435077136,0.051296257394504836,2.7358890939558527,8.226002313009374,0.04166666666666668,0.049929451725656514,2.8969769461245747,7.164359440329104,0.041666666666666664,0.029750679487118306,2.6171414055971405,6.749139414406747,1.3333333333333333,0.4714045207910317,0.707106781186548,-1.4999999999999998,0.35821069905543257,72.0,296.0,0.0,272.0,2526.0,40.0,0.0,0.0,0.0,838.0,1372.0,22344.0,0.0,0.0,0.0,0.0,172.0,0.0,0.0,0.0,12.0,0.0,0.0,0.0,0.0,0.0,0.0,0.0,0.0,0.0,84.0,1,1,0,1,1,1,0,0,0,1,1,1,0,0,0,0,1,0,0,0,1,0,0,0,0,0,0,0,0,0,1,6.354838709677419,0.5982979674513358,1.476431284268009,1.0814629529475406,2.193548387096774,0.5913000896717213,-0.08085752182851398,-0.38190901360544327,0.0,0.0,0,0,3.161290322580645,0.36779852422552833,1.8418218405447642,1.392307692307699,0.6774193548387096,0.46746376600611084,-0.7590721152765899,-1.4238095238095223,12.719000000000005,1.1934933274135409,1.4748097700569924,1.074469700747395,0.7419354838709677,0.8019227673971646,0.8736440467321958,0.1445785025292987,417.4730000000001,117.58999999999999,1.7940199999999993,0,8,0,0,0,0,0,0,0,0,0,0,0,0,0,0,0,0,0,0,0,0,0,0,0,0,0,0,0,0,0,0,0,0,0,0,0,0,0,0,1,0,0,0,0,0,0,0,0,0,0,0,0,0,0,0,0,0,0,0,0,0,0,0,0,0,0,1,0,0,0,0,0,0,0,0,0,1,0,1,0,1,1,0,1,1,0,1,0,0,0,0,0,1,1,0,0,1,1,0,1,0,1,1,0,0,1,1,0,0,0,0,1,1,0,1,0,0,1,1,1,0,1,1,1,0,0,1,0,1,0,1,0,1,1,1,0,1,1,1,1,0,0,0,1,1,1,1,0,1,1,0,1,1,0,1,1,1,1,0,1,1,1,1,1,1,1,1,0,1
CHEMBL204_245,38,36,-1,-1,-1,2.076923076923077,2.813744793564905,3.0705968213633295,8.169709827263768,0.11068564970488164,0.11859374529498778,2.0435389477876673,6.169225828717995,0.18882501571580587,0.09300918371555149,-0.3739437753042797,-0.9690299336770387,8.060526315789474,4.17289257847955,-0.21183492325776998,-0.7594690770358565,0.023668405247352614,0.06488423420158326,3.4390724974917526,11.447852060554748,0.8157894736842105,0.3876557858593746,-1.6292261599251139,0.6543778801843323,2.076923076923077,2.813744793564905,3.0705968213633295,8.169709827263768,2.0,0.0,0,0,1.894736842105263,2.4256249730111397,3.530485444248807,11.92958600657537,0.0,0.0,0,0,0.004203635110689982,0.012835500357095141,2.921403253560424,6.957473999343483,0.03846153846153848,0.047722224699359064,3.096933516002175,8.313276798496343,0.038461538461538464,0.17043567560332615,3.537630495946375,11.778224502870765,1.2692307692307692,0.4435600997950306,1.0405319634289447,-0.917293233082705,-0.0018202368701313483,72.0,288.0,0.0,162.0,2508.0,8.0,0.0,0.0,0.0,528.0,778.0,22320.0,0.0,0.0,0.0,0.0,38.0,0.0,0.0,0.0,0.0,0.0,0.0,0.0,0.0,0.0,0.0,0.0,0.0,0.0,24.0,1,1,0,1,1,1,0,0,0,1,1,1,0,0,0,0,1,0,0,0,0,0,0,0,0,0,0,0,0,0,1,6.32258064516129,0.5895376413708731,1.6582371202323092,1.6324536555631273,2.193548387096774,0.5913000896717213,-0.08085752182851398,-0.38190901360544327,0.0,0.0,0,0,3.161290322580645,0.36779852422552833,1.8418218405447642,1.392307692307699,0.6774193548387096,0.46746376600611084,-0.7590721152765899,-1.4238095238095223,12.654612903225813,1.175983039087131,1.6566727432103696,1.6252639640460664,0.7741935483870968,0.7914738158958255,0.8140559045492701,0.14672575357887885,416.4850000000001,104.69999999999999,2.39902,0,8,0,0,0,0,0,0,0,0,0,0,0,0,0,0,0,0,0,0,0,0,0,0,0,0,0,0,0,0,0,0,0,0,0,0,0,0,0,0,1,0,0,0,0,0,0,0,0,0,0,0,0,0,0,0,0,0,0,0,0,0,0,0,0,0,0,1,0,0,0,0,0,0,0,0,0,1,0,1,0,1,1,0,1,1,0,1,0,0,0,0,0,1,1,0,0,1,1,0,1,0,1,1,0,0,1,1,0,0,0,0,1,1,0,1,0,0,1,1,1,0,1,1,1,0,0,1,0,1,0,1,0,1,1,1,0,1,1,1,1,0,0,0,1,1,1,1,0,1,1,0,1,1,0,1,1,1,1,0,1,1,1,1,1,1,1,1,0,1
CHEMBL204_246,39,37,-1,-1,-1,2.074074074074074,2.9049883779448264,3.017576996410973,7.734524892578303,0.11189365340835043,0.11454621760650845,1.8588706561022923,4.637359980161506,0.19337282669439157,0.09578431152332512,-0.36601994784750586,-0.8619873339092199,8.414529914529915,4.350741135225504,-0.22972734033541947,-0.7119444191167164,0.02323376007586534,0.06904793556063586,3.2491678888942297,9.475136145690549,0.8205128205128205,0.3837597319768145,-1.6703827619526517,0.7901785714285703,2.074074074074074,2.9049883779448264,3.017576996410973,7.734524892578303,2.0,0.0,0,0,1.8974358974358974,2.509416847109609,3.4750173431965274,11.350340061604065,0.0,0.0,0,0,0.009561537753027115,0.027910035772319756,3.50808638798509,12.341975682533098,0.037037037037037035,0.04777385537721226,3.0828737767497016,8.127915446703433,0.037037037037037035,0.019046888016341336,0.5869587249546316,1.4208521031071024,1.2222222222222223,0.41573970964154905,1.3363062095621212,-0.21428571428571574,-1.105286773043544,74.0,312.0,0.0,212.0,2796.0,16.0,0.0,0.0,0.0,618.0,1130.0,25224.0,0.0,0.0,0.0,0.0,68.0,0.0,0.0,0.0,0.0,0.0,0.0,0.0,0.0,0.0,0.0,0.0,0.0,0.0,12.0,1,1,0,1,1,1,0,0,0,1,1,1,0,0,0,0,1,0,0,0,0,0,0,0,0,0,0,0,0,0,1,6.641025641025641,1.6561800268671945,4.645328338396197,23.20921102101483,2.1538461538461537,0.699393933178762,-0.22085765105030372,-0.9550598335067644,0.0,0.0,0,0,3.3333333333333335,0.4714045207910317,0.7071067811865465,-1.5000000000000007,0.28205128205128205,0.4499981737124165,0.9686648999069222,-1.0616883116883118,13.292538461538465,3.3193161625524996,4.657267154725509,23.30394257783404,0.8974358974358975,0.899996347424833,0.4137083427075739,-1.1699142983639736,553.6890000000003,164.07999999999998,1.0072200000000031,3,11,0,0,0,0,0,0,0,0,0,0,0,0,0,0,0,0,0,0,0,0,0,0,0,0,0,1,0,0,0,0,0,0,0,0,0,0,1,0,0,0,0,0,0,1,0,0,0,1,0,0,0,0,0,0,0,0,0,0,0,0,0,0,0,0,0,1,0,0,0,0,0,0,0,0,0,1,0,1,1,1,1,1,0,1,1,1,1,0,1,0,1,1,1,0,0,1,1,0,1,0,1,1,0,0,1,1,1,0,0,0,1,1,0,0,0,0,0,1,1,1,1,1,1,0,0,1,0,1,1,1,0,1,1,0,0,0,1,1,1,0,1,0,1,1,0,1,1,1,1,0,0,1,1,1,1,1,1,0,1,1,1,1,1,1,1,1,0,1
CHEMBL204_247,37,35,-1,-1,-1,2.08,2.8272955275315668,2.9451429291564457,7.040957185283855,0.11565089543189049,0.11684133435060115,1.721245910083621,3.867005112403908,0.18818935641019316,0.09304777583707198,-0.3368551249339072,-0.9772837720230436,7.825225225225226,4.060428721912263,-0.19500159856564087,-0.78815651220429,0.023166023166023165,0.06552253834541796,3.377424853816756,10.4878356266433,0.8108108108108109,0.3916588309780929,-1.5871507864874157,0.5190476190476199,2.08,2.8272955275315668,2.9451429291564457,7.040957185283855,2.0,0.0,0,0,1.8918918918918919,2.4249133033684274,3.4129434570371973,10.626835353574323,0.0,0.0,0,0,0.004263204664166974,0.01279508109287984,2.880330919590146,6.808254879874884,0.04,0.04987429143968467,2.965474151662271,7.125173525287483,0.04,0.026450419441636414,2.526822485522231,5.8758115741760815,1.28,0.448998886412873,0.9799578870122221,-1.0396825396825402,0.9034679956921134,70.0,280.0,0.0,154.0,2376.0,8.0,0.0,0.0,0.0,494.0,734.0,19920.0,0.0,0.0,0.0,0.0,38.0,0.0,0.0,0.0,0.0,0.0,0.0,0.0,0.0,0.0,0.0,0.0,0.0,0.0,24.0,1,1,0,1,1,1,0,0,0,1,1,1,0,0,0,0,1,0,0,0,0,0,0,0,0,0,0,0,0,0,1,7.151515151515151,2.6642551079191836,3.038723560689382,8.360579352633934,2.121212121212121,0.8074492481499532,0.12189103924958401,-0.7850704225352119,0.0,0.0,0,0,3.303030303030303,0.459568208730397,0.8571946154145218,-1.2652173913043496,0.5454545454545454,0.4979295977319692,-0.18257418583505505,-1.9666666666666668,14.490181818181817,5.716812411541972,2.9788200090732544,8.016062415817014,0.6060606060606061,0.8142441722754185,1.1717416059143166,0.49701506280645535,498.33600000000007,92.92999999999999,4.8759200000000025,0,8,0,0,0,0,0,0,0,0,0,0,0,0,0,0,0,0,0,0,0,0,0,0,0,0,0,0,0,0,0,0,0,0,0,0,0,0,0,0,1,0,0,0,1,0,0,0,0,0,0,0,0,0,0,0,0,0,0,0,0,0,0,0,0,0,0,1,0,0,0,0,0,0,0,0,0,0,0,1,0,0,1,0,1,0,1,0,0,1,0,0,0,1,1,0,0,0,0,0,1,0,1,0,0,1,1,0,0,1,0,0,1,1,1,0,0,0,1,1,0,0,1,1,0,0,0,1,0,0,0,1,0,1,1,1,1,1,0,1,1,0,0,0,1,0,1,1,0,0,0,0,1,1,0,1,1,1,1,0,1,0,1,1,1,1,1,1,0,1
CHEMBL204_248,39,36,-1,-1,-1,2.0,2.775554665954844,3.1594516500772962,8.707655325443788,0.10680561633949132,0.11930459320314131,2.1234729142937008,6.5620049178358055,0.18030336872701405,0.0888637909737947,-0.26945931586691213,-0.8994196069710099,8.047863247863248,4.160399011599105,-0.15615011462295061,-0.6839453418939949,0.026589342378816064,0.0738584333272143,3.348191122090867,11.205684907146452,0.8205128205128205,0.3837597319768145,-1.6703827619526517,0.7901785714285703,2.0,2.775554665954844,3.1594516500772962,8.707655325443788,2.0,0.0,0,0,1.8461538461538463,2.4023328569993248,3.59901757458933,12.408862443812259,0.0,0.0,0,0,0.004617951927088348,0.014394806238312857,2.9861988920110085,7.277355499551454,0.03703703703703704,0.04646770424904483,3.128149723146813,8.496926418229329,0.03703703703703704,0.0296194164993558,-0.47298172416222173,-0.4320901365636787,1.1481481481481481,0.3552467795046459,1.9808869335422108,1.9239130434782625,-0.5638940681284804,72.0,286.0,0.0,140.0,2508.0,8.0,0.0,0.0,0.0,484.0,704.0,22320.0,0.0,0.0,0.0,0.0,38.0,0.0,0.0,0.0,0.0,0.0,0.0,0.0,0.0,0.0,0.0,0.0,0.0,0.0,0.0,1,1,0,1,1,1,0,0,0,1,1,1,0,0,0,0,1,0,0,0,0,0,0,0,0,0,0,0,0,0,0,6.783783783783784,1.9609034753748167,3.938146954417337,17.111898304477982,2.1621621621621623,0.7888929469906176,0.03522449001225992,-0.7722178139258098,0.0,0.0,0,0,3.27027027027027,0.4440993709501347,1.034587053065314,-0.9296296296296296,0.5945945945945946,0.49097032769148513,-0.38533731779422636,-1.8515151515151516,13.723486486486488,4.2494313744987275,3.7768891013621713,15.756928334856912,0.6216216216216216,0.7833176619561858,1.1119913584831083,0.5656122448979617,530.9530000000002,80.03999999999999,6.119820000000004,0,8,0,0,0,0,0,0,0,0,0,0,0,0,0,0,0,0,0,0,0,0,0,0,0,0,0,0,0,0,0,0,0,0,0,0,0,0,0,0,1,0,0,0,1,0,0,0,0,0,0,0,0,0,0,0,0,0,0,0,0,0,0,0,0,0,0,1,0,0,0,0,0,0,0,0,0,0,0,1,0,0,1,0,1,0,1,0,0,1,0,0,0,1,1,0,0,0,0,0,1,0,1,1,0,1,1,1,0,1,0,0,1,1,1,0,0,0,1,1,0,0,0,1,0,0,0,1,0,0,0,1,0,1,1,1,1,1,0,1,1,0,0,0,1,0,1,1,0,0,0,0,1,1,0,1,1,1,1,0,1,0,1,1,1,1,1,1,0,1
CHEMBL204_249,36,34,-1,-1,-1,2.0833333333333335,2.6444386087704053,2.681299884443443,5.765963972155188,0.11666742307108009,0.11902306571304311,1.5792835842192512,2.83195732125232,0.185517780231498,0.09228944286622913,-0.2519747978977624,-0.9345789518875938,7.449074074074073,3.884783437019074,-0.12753552908399537,-0.8153302674802108,0.023155929038281984,0.06451177631158941,3.0089083080234764,7.805576100865705,0.8055555555555556,0.3957724124659724,-1.544097293955913,0.3842364532019724,2.0833333333333335,2.6444386087704053,2.681299884443443,5.765963972155188,2.0,0.0,0,0,1.8888888888888888,2.270312971300283,3.114163775309664,8.868636379934744,0.0,0.0,0,0,0.01120422881129451,0.030217317437279307,3.104998105329189,9.285536405379897,0.041666666666666664,0.04861406066305168,2.744961593257639,6.092232064407181,0.041666666666666664,0.029838274969361738,2.3528731779304977,4.5967319161281415,1.25,0.4330127018922193,1.1547005383792515,-0.6666666666666665,-0.18923281291349403,68.0,246.0,0.0,186.0,1800.0,16.0,0.0,0.0,0.0,482.0,854.0,13104.0,0.0,0.0,0.0,0.0,60.0,0.0,0.0,0.0,0.0,0.0,0.0,0.0,0.0,0.0,0.0,0.0,0.0,0.0,12.0,1,1,0,1,1,1,0,0,0,1,1,1,0,0,0,0,1,0,0,0,0,0,0,0,0,0,0,0,0,0,1,6.53125,0.8654614015078893,1.639120096562156,1.76848113767213,2.125,0.7806247497997998,0.17244570409778615,-0.5719921104536487,0.0,0.0,0,0,3.25,0.4330127018922193,1.1547005383792515,-0.6666666666666665,0.5625,0.49607837082461076,-0.25197631533948484,-1.9365079365079365,13.133562499999998,1.9121980797223264,1.9012372256695245,2.931705954918953,0.71875,0.909477013178453,1.0819268536176978,0.17618122995390362,443.45800000000014,127.82,1.7526399999999995,0,8,0,0,0,0,0,0,0,0,0,0,0,0,0,0,0,0,0,0,0,0,0,0,0,0,0,0,0,0,0,0,0,0,0,0,0,0,0,0,1,0,0,0,1,0,0,0,0,0,0,0,0,0,0,0,0,0,0,0,0,0,0,0,0,0,0,1,0,0,0,0,0,0,0,0,0,1,0,1,0,1,1,0,1,0,1,1,0,0,0,0,0,1,1,0,0,1,0,0,1,0,1,0,0,0,1,0,0,1,0,0,1,1,1,1,0,0,1,1,0,0,1,1,1,0,0,1,0,1,0,1,0,1,1,1,1,1,1,1,1,0,0,0,1,1,1,1,0,0,1,1,1,1,0,1,1,1,1,0,1,1,1,1,1,1,1,1,0,1
CHEMBL204_250,39,36,-1,-1,-1,2.08,2.978858841905739,3.0094660701001703,7.453075279383167,0.10670397868661914,0.11939550482941631,1.8202876054693782,4.225479375643392,0.17388264233389458,0.09583315240158598,-0.19380328063235805,-1.1394715456392408,7.555555555555556,4.337084722902843,-0.07894062560829532,-0.9410795396880101,0.019185177079913924,0.05699750910418099,3.454740067003949,11.028291386588617,0.8205128205128205,0.3837597319768145,-1.6703827619526517,0.7901785714285703,2.08,2.978858841905739,3.0094660701001703,7.453075279383167,2.0,0.0,0,0,1.8461538461538463,2.4862541233902355,3.619429635103633,12.175582338181925,0.0,0.0,0,0,0.010082110082110083,0.02732538645495692,2.516564189095632,4.741176431980003,0.04,0.052179546809401976,3.026954390506969,7.5435635412088775,0.039999999999999994,0.06862235559609009,3.1839918630046578,8.692750087809062,1.2,0.4,1.5,0.24999999999999956,-2.8599116727698717,72.0,302.0,0.0,180.0,2772.0,24.0,0.0,0.0,0.0,760.0,934.0,25200.0,0.0,0.0,0.0,0.0,124.0,0.0,0.0,0.0,12.0,0.0,0.0,0.0,0.0,0.0,0.0,0.0,0.0,0.0,0.0,1,1,0,1,1,1,0,0,0,1,1,1,0,0,0,0,1,0,0,0,1,0,0,0,0,0,0,0,0,0,0,6.9411764705882355,2.4607647839237514,3.443037000948563,10.629791346938774,2.176470588235294,0.6169463812765597,-0.13001762580621626,-0.5066115702479332,0.0,0.0,0,0,3.3529411764705883,0.47788461203740945,0.6154574548966633,-1.621212121212122,0.5,0.5,0.0,-2.0,13.935882352941176,5.103317979307568,3.4910907412247196,10.996281453572003,0.8235294117647058,0.9539573376604032,0.7645698640703175,-0.6519394526449696,502.04400000000015,104.3,4.333440000000002,0,9,0,0,0,0,0,0,0,0,0,0,0,0,0,0,0,0,0,0,0,0,0,0,0,0,0,0,0,0,0,0,0,0,0,0,0,0,1,0,1,0,0,0,0,0,0,0,0,1,0,0,0,0,0,1,0,0,0,1,0,0,0,0,0,0,0,1,0,0,0,0,0,0,0,0,0,1,0,1,0,0,1,1,1,1,0,1,1,1,1,0,1,0,1,0,0,1,1,1,1,0,1,0,0,1,1,0,1,1,0,1,1,1,0,0,0,0,0,1,1,0,1,1,1,0,0,1,0,0,1,1,0,1,1,1,1,1,0,1,1,0,0,0,1,0,1,1,0,1,1,1,1,1,0,1,1,1,1,1,1,1,1,1,1,1,1,1,0,0
CHEMBL204_251,39,38,-1,-1,-1,2.1481481481481484,3.0392945539153544,3.0804682456293158,8.249585527132307,0.11052050326297294,0.11587167039239932,1.9148916017769684,5.011701175713977,0.1982515065184135,0.09962388111244518,-0.3557364938311689,-0.9291027961316498,8.589743589743591,4.485588851161149,-0.22691854964386765,-0.7449908913571028,0.022358390779443415,0.06553652527585525,3.465595709014635,11.267738086665231,0.8205128205128205,0.3837597319768145,-1.6703827619526517,0.7901785714285703,2.1481481481481484,3.0392945539153544,3.0804682456293158,8.249585527132307,2.0,0.0,0,0,1.9487179487179487,2.620909197780643,3.568004402940275,12.179427644585383,0.0,0.0,0,0,0.015018583566970663,0.03478723699941753,2.2450375920583943,3.943535228278912,0.037037037037037035,0.04819566757961551,3.150085318173741,8.700654067717759,0.03703703703703703,0.1028714900954317,3.3366705048419463,9.994620419818208,1.2592592592592593,0.43822813208145306,1.098700531147071,-0.7928571428571427,1.4933310609346742,76.0,340.0,0.0,266.0,3264.0,32.0,0.0,0.0,0.0,924.0,1478.0,32088.0,0.0,0.0,0.0,0.0,158.0,0.0,0.0,0.0,12.0,0.0,0.0,0.0,0.0,0.0,0.0,0.0,0.0,0.0,24.0,1,1,0,1,1,1,0,0,0,1,1,1,0,0,0,0,1,0,0,0,1,0,0,0,0,0,0,0,0,0,1,6.588235294117647,0.9430129142283175,1.533486427737085,1.1758845705461125,2.235294117647059,0.7692174606248248,-0.04158998684203189,-0.6629732225300091,0.0,0.0,0,0,3.1470588235294117,0.3541645464350675,1.9930915164897607,1.9724137931034509,0.7352941176470589,0.44117647058823534,-1.0666666666666667,-0.8622222222222224,13.273029411764707,2.1143660360564507,1.7486196024750178,1.9902226931301197,0.47058823529411764,0.6960093862470136,1.6752164691940234,3.053367346938777,467.4110000000002,116.79,4.360920000000002,0,4,0,0,0,0,0,0,0,0,0,0,0,0,0,0,0,0,0,0,0,0,0,0,0,0,0,0,0,0,0,0,0,0,0,0,0,0,0,0,1,0,0,0,1,0,0,0,0,0,0,0,0,0,1,0,0,0,0,1,0,0,0,0,1,0,0,1,0,0,0,0,0,1,0,0,0,1,0,1,0,1,1,0,0,1,1,1,0,0,0,0,0,0,1,0,1,1,1,1,0,0,0,1,1,0,0,1,1,1,0,0,1,0,1,0,0,0,0,1,0,0,1,1,1,0,1,1,0,0,0,0,1,1,0,1,1,1,0,1,0,0,0,0,1,0,1,1,0,0,1,0,1,1,1,0,1,0,1,0,1,1,1,1,1,1,1,1,0,1
CHEMBL204_252,39,37,-1,-1,-1,2.074074074074074,2.8793765519373054,3.09088900341622,8.113847886292495,0.11084677218305852,0.11555958955284834,1.942861341212088,5.360246957195152,0.19051681068807605,0.0933831884095975,-0.4167575314295264,-0.942216320673499,8.359829059829062,4.305225602932671,-0.2510015784001008,-0.7425489705186616,0.02381733960681329,0.0662952257521445,3.4364124525355386,11.226136669951662,0.8205128205128205,0.3837597319768145,-1.6703827619526517,0.7901785714285703,2.074074074074074,2.8793765519373054,3.09088900341622,8.113847886292495,2.0,0.0,0,0,1.8974358974358974,2.48889710715277,3.5496519724599227,11.816966244337694,0.0,0.0,0,0,0.0038717294770119416,0.01197463160857494,2.977270301193216,7.354499202589045,0.037037037037037035,0.04708970887054625,3.1119464884761006,8.217077363476655,0.03703703703703704,0.07147703364094254,3.5092135434715463,11.239290490877549,1.2592592592592593,0.43822813208145306,1.0987005311470712,-0.7928571428571427,-1.561507614572947,74.0,308.0,0.0,168.0,2778.0,8.0,0.0,0.0,0.0,580.0,832.0,25200.0,0.0,0.0,0.0,0.0,40.0,0.0,0.0,0.0,0.0,0.0,0.0,0.0,0.0,0.0,0.0,0.0,0.0,0.0,24.0,1,1,0,1,1,1,0,0,0,1,1,1,0,0,0,0,1,0,0,0,0,0,0,0,0,0,0,0,0,0,1,6.256410256410256,0.5415054379985353,2.0259167887331024,3.0992680327374353,2.3076923076923075,0.605692913385524,-0.27038736716169476,-0.6363163371488048,0.0,0.0,0,0,3.230769230769231,0.4213250442347432,1.2780193008453868,-0.36666666666666803,0.6666666666666666,0.4714045207910317,-0.7071067811865474,-1.4999999999999998,12.522589743589748,1.0801845217000878,2.024297232208245,3.0903728624286684,0.7692307692307693,0.8611720832690598,0.7027114493979547,-0.6781066093254862,518.6210000000003,93.41999999999999,5.369820000000004,0,5,0,0,0,0,0,0,0,0,0,0,0,0,0,0,0,0,0,0,0,0,0,0,0,0,0,0,0,0,0,0,0,0,0,0,0,0,0,0,1,0,0,0,0,0,0,0,0,0,0,0,0,0,1,0,0,0,0,1,0,0,0,0,1,0,0,1,0,0,0,0,0,1,0,0,0,1,0,1,0,1,1,0,0,1,1,1,1,0,0,0,0,0,1,0,1,1,1,1,1,0,1,1,1,0,0,1,0,0,1,0,1,1,0,0,0,0,1,1,1,0,1,1,1,0,1,1,0,1,1,1,1,0,0,1,0,1,0,1,1,0,0,0,1,1,1,1,0,1,1,0,1,1,1,1,1,1,1,0,1,1,1,1,1,1,1,1,0,1
CHEMBL204_253,36,32,-1,-1,-1,2.0,2.5761140573281374,2.68004810167521,5.47344717583036,0.11153401733279505,0.12384644022088623,1.579691428488278,2.6663415823129286,0.16066203935351664,0.0872501581626377,-0.09228818580306851,-1.0961219619311784,6.467592592592592,3.695711863727774,0.02437309258825982,-0.940557790409918,0.019514472455648926,0.055385423180011925,3.0267190466695615,7.89821193361977,0.8055555555555556,0.3957724124659724,-1.544097293955913,0.3842364532019724,2.0,2.5761140573281374,2.68004810167521,5.47344717583036,2.0,0.0,0,0,1.7777777777777777,2.1358203096378983,3.2327277740014537,9.362414190261868,0.0,0.0,0,0,0.004521489815607464,0.013347147384093903,2.882691231775225,7.169526036017274,0.04545454545454546,0.053331171570347495,2.6965676462387416,5.540977936908618,0.04545454545454544,0.2207006223226154,-2.4224848962304946,4.596139328835883,1.1818181818181819,0.38569460791993493,1.6499158227686117,0.7222222222222232,-0.08615695017921404,64.0,214.0,0.0,112.0,1506.0,8.0,0.0,0.0,0.0,360.0,470.0,10200.0,0.0,0.0,0.0,0.0,34.0,0.0,0.0,0.0,0.0,0.0,0.0,0.0,0.0,0.0,0.0,0.0,0.0,0.0,0.0,1,1,0,1,1,1,0,0,0,1,1,1,0,0,0,0,1,0,0,0,0,0,0,0,0,0,0,0,0,0,0,10.25,12.910751333675357,2.9976934486930498,7.0264099439763505,2.1666666666666665,0.7453559924999298,-0.2795084971874733,-1.1625000000000003,0.0,0.0,0,0,3.2083333333333335,0.4061164310337068,1.4363696929192145,0.06315789473683964,0.625,0.4841229182759271,-0.5163977794943223,-1.7333333333333334,22.250083333333333,31.588689704434646,3.0034998903032015,7.04808474089239,0.5833333333333334,0.8122328620674136,1.3629312424541726,1.2119667590027685,548.1140000000001,59.67,5.004620000000003,0,5,0,0,0,0,0,0,0,0,0,0,0,0,0,0,0,0,0,0,0,0,0,0,0,0,0,0,0,1,0,0,0,0,0,0,0,0,0,0,0,0,0,0,0,0,0,0,0,0,0,0,0,0,0,0,0,0,0,1,0,0,0,0,0,0,0,0,0,0,0,0,0,0,1,0,0,0,0,0,0,0,0,0,0,1,0,0,0,1,0,0,0,0,0,0,0,0,1,0,0,0,0,1,0,0,1,1,0,1,0,1,0,0,0,1,0,0,1,0,0,0,0,0,0,1,0,1,1,1,0,0,0,0,1,0,1,0,0,1,0,1,1,0,0,1,1,1,1,0,0,0,1,0,1,1,1,1,0,1,0,1,1,0,1,1,1,1,0,0
CHEMBL204_254,36,36,-1,-1,-1,2.25,3.031088913245535,2.8222272633856345,6.5096024804479615,0.11494901832107021,0.12068347428210728,1.649000171360871,3.2361247975969327,0.1988174026398873,0.10217794176979073,-0.26858671139679186,-1.0781878976464159,7.884259259259259,4.19882395432951,-0.14882595609125648,-0.8646713267586672,0.02054154995331466,0.05994117785957837,3.4725409645709746,11.038689220349347,0.8055555555555556,0.39577241246597245,-1.5440972939559132,0.3842364532019702,2.25,3.031088913245535,2.8222272633856345,6.5096024804479615,2.0,0.0,0,0,2.0,2.581988897471611,3.340448136103897,10.327499999999999,0.0,0.0,0,0,0.0325160057616198,0.07114890805837722,2.5595983688519497,6.791128614876863,0.041666666666666664,0.05158733452421014,2.879914212051813,6.833456245925975,0.04166666666666666,0.01768909010383658,0.6170554349423455,0.6274903548063322,1.3333333333333333,0.4714045207910317,0.7071067811865478,-1.5,-0.9054580955466098,72.0,312.0,0.0,292.0,2790.0,56.0,0.0,0.0,0.0,1034.0,1560.0,25224.0,0.0,0.0,0.0,0.0,274.0,0.0,0.0,0.0,48.0,0.0,0.0,0.0,0.0,0.0,0.0,0.0,0.0,0.0,36.0,1,1,0,1,1,1,0,0,0,1,1,1,0,0,0,0,1,0,0,0,1,0,0,0,0,0,0,0,0,0,1,6.645161290322581,1.9600590362533306,4.742893523562271,22.14261341027247,2.2580645161290325,0.5059479723018749,0.32967381260835926,-0.378445369819552,0.0,0.0,0,0,3.3225806451612905,0.46746376600611084,0.7590721152765891,-1.4238095238095227,0.6451612903225806,0.47846441852230076,-0.6067798762169181,-1.6318181818181805,13.34654838709678,4.166011652212266,4.805698612198186,22.588934193061043,0.7741935483870968,0.7914738158958255,0.4236827886451541,-1.285212083751835,437.9350000000003,93.69,3.9918000000000022,1,7,0,0,0,0,0,0,0,0,0,0,0,0,0,0,0,0,0,0,0,0,0,0,0,0,0,0,0,0,0,0,0,0,0,0,0,0,0,0,1,0,0,0,0,0,0,0,0,0,0,0,0,0,1,1,0,0,0,1,0,0,0,0,1,0,0,1,0,0,0,0,0,0,0,0,0,1,0,1,0,1,1,0,1,1,0,0,0,1,0,0,1,1,1,0,1,1,1,1,1,0,1,1,0,1,1,1,0,1,0,0,1,1,0,0,0,0,0,1,1,0,1,1,1,0,1,1,0,0,1,1,0,1,1,1,1,1,0,1,1,0,0,0,1,0,1,1,0,1,1,0,1,1,1,1,0,1,1,0,1,0,0,1,1,1,1,1,0,1
CHEMBL204_255,35,35,-1,-1,-1,2.260869565217391,2.9372775224442678,2.6872665803243465,5.6894493429122885,0.11634506788537394,0.12261832550714555,1.548918945536974,2.605520464411663,0.1958940188392396,0.10071112617240524,-0.23638431788598463,-1.109746007049891,7.552380952380953,4.031772903297528,-0.1158601557994063,-0.9041498209624361,0.020422714540361594,0.05811492678505016,3.349892426430086,10.043377398446845,0.8,0.4,-1.5,0.24999999999999956,2.260869565217391,2.9372775224442678,2.6872665803243465,5.6894493429122885,2.0,0.0,0,0,2.0,2.495710605933995,3.198147796931662,9.285792441713662,0.0,0.0,0,0,0.034541730670762924,0.07352217621555587,2.4096995555204224,5.795341860562752,0.043478260869565216,0.05182864189811647,2.7340934272436344,5.9144243229653615,0.04347826086956523,0.15301915345975842,2.74163841509191,5.8820279439421235,1.3478260869565217,0.47628048478710105,0.6390096504226936,-1.5916666666666677,-0.3344025223497592,70.0,288.0,0.0,280.0,2394.0,56.0,0.0,0.0,0.0,952.0,1422.0,19944.0,0.0,0.0,0.0,0.0,262.0,0.0,0.0,0.0,48.0,0.0,0.0,0.0,0.0,0.0,0.0,0.0,0.0,0.0,36.0,1,1,0,1,1,1,0,0,0,1,1,1,0,0,0,0,1,0,0,0,1,0,0,0,0,0,0,0,0,0,1,6.28125,0.5719689130538477,1.9130697367243688,2.531432390287369,2.25,0.75,0.0,-0.5185185185185186,0.0,0.0,0,0,3.28125,0.4496092053105675,0.9730672655996823,-1.0531400966183575,0.5,0.5,0.0,-2.0,12.572125,1.1408988712304875,1.9115709492817894,2.523899106070531,0.84375,0.9051717723725149,0.5651374684040564,-0.9739814553053541,429.52400000000034,105.07000000000001,2.46237,0,5,0,0,0,0,0,0,0,0,0,0,0,0,0,0,0,0,0,0,0,0,0,0,1,0,0,0,0,0,0,0,0,0,0,0,0,0,0,0,1,0,0,0,0,1,0,0,0,0,0,0,0,0,0,0,0,0,0,0,0,0,0,0,1,0,0,1,1,0,0,0,0,0,0,0,0,1,0,1,1,1,0,0,0,1,1,1,1,0,0,0,0,0,1,1,0,1,1,0,1,0,1,1,0,0,0,1,0,0,1,0,1,1,1,1,0,0,0,1,1,1,1,1,1,0,0,1,0,1,1,1,0,1,0,0,0,0,1,1,1,0,0,0,1,1,1,1,0,1,1,0,1,1,0,1,1,1,1,0,1,1,1,1,1,1,1,1,0,1
CHEMBL204_256,40,36,-1,-1,-1,2.0,2.935197542821371,3.1027359229760356,7.997767857142858,0.10630349824356096,0.11704514625212462,1.9395181909015862,5.1648380170980115,0.17239561401420161,0.0934350677295609,-0.24199795896490472,-1.0655236851604954,7.716666666666667,4.369552163678918,-0.11527465967656995,-0.8800666302375744,0.020040485829959515,0.0618230981508354,3.343384182974663,10.120125185174128,0.825,0.3799671038392666,-1.7106744068953987,0.9264069264069255,2.0,2.935197542821371,3.1027359229760356,7.997767857142858,2.0,0.0,0,0,1.8,2.4617067250182343,3.689784905943417,12.670555174329316,0.0,0.0,0,0,0.003322386425834702,0.010398627273396613,3.0838575137302873,8.399257035232162,0.03846153846153848,0.051526398110759965,3.1166109770193233,8.065289058416578,0.03846153846153846,0.4996996550591206,-3.1381731881491923,8.898150488455013,1.1538461538461537,0.36080121229411,1.9188064472004944,1.6818181818181834,1.2457193504243256,72.0,300.0,0.0,136.0,2772.0,8.0,0.0,0.0,0.0,524.0,712.0,25200.0,0.0,0.0,0.0,0.0,42.0,0.0,0.0,0.0,0.0,0.0,0.0,0.0,0.0,0.0,0.0,0.0,0.0,0.0,0.0,1,1,0,1,1,1,0,0,0,1,1,1,0,0,0,0,1,0,0,0,0,0,0,0,0,0,0,0,0,0,0,6.518518518518518,1.9123452805074943,4.515466476159519,19.39905221991919,2.2222222222222223,0.5665577237325315,-0.015085856549091661,-0.32840236686390467,0.0,0.0,0,0,3.4074074074074074,0.4913518207933925,0.3768891807222045,-1.8579545454545452,0.5555555555555556,0.4969039949999533,-0.22360679774997902,-1.95,13.04937037037037,3.834558066652466,4.519233536150361,19.42570195553131,1.037037037037037,0.8811390558052088,0.25279291894312944,-1.0255528224849848,380.5570000000001,25.240000000000002,4.802300000000004,0,6,0,0,0,0,0,0,0,0,0,0,0,0,0,0,0,0,0,0,0,0,0,0,0,0,0,0,0,0,0,0,0,0,0,0,0,0,1,0,0,0,0,0,0,0,0,0,0,1,0,0,0,0,0,0,0,0,0,0,0,0,0,0,1,0,0,1,0,0,0,0,0,0,0,0,0,1,0,0,0,0,0,1,0,1,0,1,1,0,1,0,0,0,0,1,0,0,1,0,1,0,1,1,0,0,0,1,1,0,0,0,1,1,0,1,0,0,0,1,1,0,1,1,1,0,0,1,0,1,1,1,0,0,0,0,0,0,0,1,1,0,0,0,1,1,1,1,0,1,1,0,1,0,0,1,1,1,1,0,1,0,1,1,1,1,1,1,0,0
CHEMBL204_257,38,38,-1,-1,-1,2.230769230769231,3.054727638717659,2.906013306834912,6.987208722082535,0.11162099781031093,0.1177138153383653,1.7064083648849557,3.434641173378896,0.19926037453211362,0.10123784032280864,-0.3296464722346299,-1.0267758825597155,8.390350877192981,4.42815888433956,-0.20201371620341427,-0.8391755794650928,0.021692745376955907,0.061379872330258656,3.402572156135182,10.495863225813821,0.8157894736842105,0.3876557858593746,-1.6292261599251143,0.6543778801843323,2.230769230769231,3.054727638717659,2.906013306834912,6.987208722082535,2.0,0.0,0,0,2.0,2.6257830912139837,3.401384425015259,10.709981935784628,0.0,0.0,0,0,0.024132298391008545,0.04950645409345185,1.7674242951800012,1.4847361546112747,0.038461538461538464,0.04813414317518432,2.93211621060261,7.082505615099613,0.038461538461538464,0.024598859405939005,1.939278453531823,3.313168006244881,1.3076923076923077,0.4615384615384615,0.8333333333333337,-1.305555555555555,1.0216097612290271,76.0,338.0,0.0,316.0,3126.0,56.0,0.0,0.0,0.0,1206.0,1742.0,29184.0,0.0,0.0,0.0,0.0,292.0,0.0,0.0,0.0,48.0,0.0,0.0,0.0,0.0,0.0,0.0,0.0,0.0,0.0,36.0,1,1,0,1,1,1,0,0,0,1,1,1,0,0,0,0,1,0,0,0,1,0,0,0,0,0,0,0,0,0,1,6.615384615384615,1.658163714279461,4.673329068344925,23.37216375159785,2.2051282051282053,0.7571704133453026,-0.005669935629351443,-0.631181087450551,0.0,0.0,0,0,3.128205128205128,0.3343180720616743,2.224198467657374,2.94705882352941,0.6410256410256411,0.47969966497101824,-0.5879747322073338,-1.6542857142857155,13.241358974358977,3.323291012413552,4.685055278424391,23.466017095592907,0.6666666666666666,0.7623624998624874,0.9902139217504549,0.5086505190311441,542.6210000000002,155.26,3.470670000000001,0,9,0,0,0,0,0,0,0,0,0,0,0,0,0,0,0,0,0,0,0,0,0,0,0,0,0,0,0,0,0,0,0,0,1,1,0,0,0,0,1,0,0,0,0,1,0,0,0,0,0,0,0,1,0,0,0,1,0,0,1,1,1,1,0,0,1,1,0,1,0,0,0,0,0,1,0,1,0,1,1,1,1,1,0,1,1,1,0,0,1,0,0,0,0,1,1,1,1,1,1,0,1,1,1,0,1,1,1,0,1,0,0,1,1,0,0,0,1,1,1,1,1,1,1,1,1,1,0,0,0,0,1,1,1,1,0,1,1,1,0,1,1,0,1,0,1,1,1,1,1,0,1,1,0,1,1,1,1,1,1,1,1,1,1,1,1,1,0,1
CHEMBL204_258,38,37,-1,-1,-1,2.1538461538461537,3.109443527908882,3.2953726815094124,9.777011306553371,0.10994108537171803,0.1192843125518726,2.1404852340823477,6.929869917569617,0.19639661705802472,0.09967283908569083,-0.3007608814677216,-0.98466221838525,8.33684210526316,4.397028764691607,-0.1780047083244877,-0.7328734028182331,0.022324956535482846,0.06654717003684671,3.6781281526373153,12.848622238435587,0.8157894736842105,0.3876557858593746,-1.6292261599251143,0.6543778801843323,2.1538461538461537,3.109443527908882,3.2953726815094124,9.777011306553371,2.0,0.0,0,0,1.9473684210526316,2.6650502949836135,3.826894719863894,14.392962317556659,0.0,0.0,0,0,0.025279106858054224,0.08306290371156715,4.935341752693767,25.117376600979117,0.03846153846153848,0.050763265561469054,3.3248825790196457,9.927089684365475,0.03846153846153845,0.16410968085009148,3.6226209449933013,12.426519588951356,1.2692307692307692,0.4435600997950306,1.0405319634289447,-0.9172932330827055,0.4849675980343698,74.0,340.0,0.0,236.0,3516.0,32.0,0.0,0.0,0.0,838.0,1318.0,37920.0,0.0,0.0,0.0,0.0,158.0,0.0,0.0,0.0,12.0,0.0,0.0,0.0,0.0,0.0,0.0,0.0,0.0,0.0,24.0,1,1,0,1,1,1,0,0,0,1,1,1,0,0,0,0,1,0,0,0,1,0,0,0,0,0,0,0,0,0,1,6.666666666666667,1.7695516752310825,4.449216369192358,20.49558792924037,2.242424242424242,0.6976281474679599,0.16506145224996735,-0.13048771804912773,0.0,0.0,0,0,3.121212121212121,0.3263736246748184,2.32119172721315,3.3879310344827633,0.7575757575757576,0.42854956435548336,-1.2020815280171309,-0.5550000000000002,13.34421212121212,3.5471015205980265,4.458615772709791,20.564624680124172,0.6060606060606061,0.7360580485752194,1.2269861418064913,1.4393622522263723,460.51900000000023,111.77,2.7871000000000006,0,6,0,0,0,0,0,0,0,0,0,0,0,0,0,0,0,0,0,0,0,1,0,0,0,0,0,0,0,0,0,0,0,0,1,1,0,0,0,0,0,0,0,0,0,0,0,0,0,0,0,0,0,1,1,0,0,1,0,0,1,0,1,1,1,0,0,1,0,1,0,1,0,0,0,1,0,1,0,1,0,1,1,0,0,1,0,1,0,0,1,0,1,0,0,1,1,0,1,1,1,0,1,1,1,0,1,1,1,0,0,0,0,1,1,1,0,0,0,1,1,0,1,1,1,0,1,1,0,1,0,0,1,0,1,1,0,1,1,1,1,0,0,0,1,1,0,1,1,1,1,0,0,1,1,1,1,1,1,0,1,1,1,1,1,1,1,1,0,0
CHEMBL204_259,37,34,-1,-1,-1,2.0869565217391304,2.796162641880613,2.774482793719823,5.994895740191328,0.10957017846952957,0.1225618334441129,1.6158858379813648,2.807154467327008,0.16782915965391126,0.09263399161011161,-0.12507563354978943,-1.1664739958853088,6.918918918918919,3.992931370981199,-0.012069676997961581,-0.9811915580294093,0.018918918918918916,0.05374462002768719,3.2591803794121788,9.531958676792252,0.8108108108108109,0.3916588309780929,-1.5871507864874157,0.5190476190476199,2.0869565217391304,2.796162641880613,2.774482793719823,5.994895740191328,2.0,0.0,0,0,1.837837837837838,2.3192905895053983,3.3686669171904007,10.27234035773369,0.0,0.0,0,0,0.011740118496875254,0.030861467839791597,2.421510716846475,4.269874402871567,0.043478260869565195,0.05297171995786421,2.789561954890825,6.055302474496534,0.04347826086956523,0.22068723230274231,-2.5333819527121357,5.152286530148425,1.2173913043478262,0.4124709991523974,1.3703203194062967,-0.12222222222222534,-0.39260200311244375,68.0,256.0,0.0,164.0,2046.0,24.0,0.0,0.0,0.0,636.0,762.0,15960.0,0.0,0.0,0.0,0.0,112.0,0.0,0.0,0.0,12.0,0.0,0.0,0.0,0.0,0.0,0.0,0.0,0.0,0.0,0.0,1,1,0,1,1,1,0,0,0,1,1,1,0,0,0,0,1,0,0,0,1,0,0,0,0,0,0,0,0,0,0,6.451612903225806,0.9448915171533426,1.9748351307045664,2.404265897272894,2.193548387096774,0.7370103005674751,0.1609887299429556,-0.3077244902453007,0.0,0.0,0,0,3.3225806451612905,0.46746376600611095,0.7590721152765884,-1.4238095238095254,0.5483870967741935,0.4976531813077907,-0.19446111706564914,-1.962184873949579,13.008967741935487,2.151043040073755,2.107722734918769,2.9763230207029574,0.7741935483870968,0.83123217591775,0.7788389989128457,-0.2369992016257818,427.47000000000025,28.480000000000004,5.618200000000005,0,5,0,0,0,0,0,0,0,0,0,0,0,0,0,0,0,0,0,0,0,0,0,0,0,0,0,0,0,0,0,0,0,0,0,0,0,0,0,0,0,0,0,0,1,0,0,0,0,0,0,0,0,0,0,0,0,0,0,0,0,0,0,0,0,0,0,1,0,0,0,0,0,0,0,0,0,1,0,0,0,1,1,0,0,1,0,1,1,0,0,0,0,0,1,1,0,1,1,0,0,0,1,0,0,0,0,0,1,1,0,0,1,1,1,0,0,0,0,1,1,0,1,1,1,0,0,1,0,0,0,1,0,0,0,1,1,1,0,1,1,0,0,0,1,0,1,1,0,1,1,0,1,0,0,1,1,1,1,0,1,0,1,1,1,1,1,1,0,0
CHEMBL204_260,37,33,-1,-1,-1,2.0,2.7026556987687047,2.920407933001983,7.121173469387758,0.10760265214502698,0.12429278449847096,1.9350266497394615,5.255263605566359,0.16468303058545158,0.08995014549158288,-0.12180558687342494,-1.0908708925600092,6.801801801801802,3.895469347613321,-0.0008571486289030365,-0.8987973953315533,0.019519519519519517,0.05712273212614036,3.2126073463479243,9.402811039255974,0.8108108108108109,0.3916588309780929,-1.5871507864874157,0.5190476190476199,2.0,2.7026556987687047,2.920407933001983,7.121173469387758,2.0,0.0,0,0,1.7837837837837838,2.2437316303261903,3.50097194345211,11.636303279955841,0.0,0.0,0,0,0.0042141849207066595,0.012685070495977927,2.952651378261553,7.522103878439426,0.04347826086956521,0.05356883749446013,2.939001330308461,7.214431961339116,0.04347826086956518,0.2886995657460218,3.248877168913166,9.627143555829669,1.173913043478261,0.3790346907426672,1.720618004029213,0.9605263157894743,0.6750391144510872,66.0,238.0,0.0,118.0,1890.0,8.0,0.0,0.0,0.0,390.0,538.0,15024.0,0.0,0.0,0.0,0.0,36.0,0.0,0.0,0.0,0.0,0.0,0.0,0.0,0.0,0.0,0.0,0.0,0.0,0.0,0.0,1,1,0,1,1,1,0,0,0,1,1,1,0,0,0,0,1,0,0,0,0,0,0,0,0,0,0,0,0,0,0,6.333333333333333,0.5443310539518174,1.3778379803155396,0.9375000000000027,2.2222222222222223,0.6849348892187752,-0.3159048727283275,-0.8767313019390581,0.0,0.0,0,0,3.2222222222222223,0.5665577237325317,-0.015085856549091657,-0.3284023668639051,0.5555555555555556,0.49690399499995325,-0.22360679774997913,-1.9499999999999997,12.676185185185188,1.0860313424655657,1.3761385801803743,0.9291766439161719,0.7777777777777778,0.9162456945817024,0.7418736765817247,-0.7448096885813138,363.42500000000007,105.75999999999999,0.9774799999999998,1,3,0,0,0,0,0,0,0,0,0,0,0,0,0,0,0,0,0,0,0,0,0,0,0,0,0,1,0,0,0,0,0,0,0,0,0,0,0,0,0,0,0,1,0,0,0,0,0,0,0,0,0,0,1,0,0,0,0,0,0,0,0,0,1,0,0,1,0,0,0,0,0,0,0,0,0,1,0,1,0,1,1,0,0,1,1,1,1,0,0,0,1,1,1,1,1,1,1,1,1,0,1,1,0,0,1,1,1,0,0,0,1,1,0,1,0,0,0,1,1,0,1,1,1,0,1,1,0,1,1,1,0,0,0,1,0,1,0,1,1,0,0,0,1,1,1,1,0,1,1,0,1,1,0,1,1,1,1,0,1,0,1,1,1,1,1,1,0,0
CHEMBL204_261,37,36,-1,-1,-1,2.16,2.8238980151556468,2.874395021102124,6.758423262626593,0.11689209567247885,0.11559958908371207,1.62457738277336,3.4823377293307187,0.18930163664732194,0.0936271228852495,-0.3546833459083612,-1.000736759291751,7.881981981981983,4.090877161639947,-0.21861092910807278,-0.8304881724283555,0.02290862290862291,0.06343008019631637,3.380907872317065,10.56648801548014,0.8108108108108109,0.3916588309780929,-1.5871507864874157,0.5190476190476199,2.16,2.8238980151556468,2.874395021102124,6.758423262626593,2.0,0.0,0,0,1.945945945945946,2.4267200191064924,3.3424066118251075,10.286201960851525,0.0,0.0,0,0,0.013528722096653555,0.03224736778373456,2.5575178428848595,5.956295092855264,0.04,0.04827913443006226,2.933225215666856,7.055786677176121,0.04000000000000001,0.08332092370098733,2.9889427722417077,7.341815393508071,1.32,0.46647615158762407,0.7717436331412894,-1.4044117647058831,-1.2467873215934746,72.0,286.0,0.0,184.0,2382.0,16.0,0.0,0.0,0.0,580.0,834.0,19920.0,0.0,0.0,0.0,0.0,58.0,0.0,0.0,0.0,0.0,0.0,0.0,0.0,0.0,0.0,0.0,0.0,0.0,0.0,48.0,1,1,0,1,1,1,0,0,0,1,1,1,0,0,0,0,1,0,0,0,0,0,0,0,0,0,0,0,0,0,1,6.717948717948718,1.663310229766857,4.464181823243746,21.934375858404763,2.2051282051282053,0.7571704133453026,-0.005669935629351392,-0.6311810874505515,0.0,0.0,0,0,3.4615384615384617,0.49851851526214314,0.15430334996209114,-1.9761904761904767,0.28205128205128205,0.44999817371241657,0.968664899906922,-1.0616883116883131,13.445974358974363,3.33331697037404,4.477529269229153,22.037724691217832,0.8717948717948718,0.8822897709787308,0.47633059068043865,-1.0307449552593115,558.6650000000001,173.48000000000002,-0.3996999999999953,3,8,0,0,0,0,0,0,0,0,0,0,0,0,0,0,0,0,0,0,0,0,0,0,0,0,0,0,0,0,0,0,0,0,1,1,0,0,0,0,1,0,0,0,0,0,0,0,0,0,0,0,0,1,1,0,0,1,0,0,1,0,1,1,0,0,1,1,0,1,0,0,1,0,0,1,0,1,0,1,0,1,1,1,0,1,1,1,1,0,1,0,1,1,1,1,1,1,1,1,1,0,1,1,1,0,1,1,1,0,0,0,1,1,1,0,0,0,0,1,1,0,1,1,1,0,1,1,0,1,1,1,1,1,1,1,0,0,1,1,1,0,1,0,1,1,1,1,1,1,1,0,1,1,1,1,1,1,1,0,1,1,1,1,1,1,1,1,0,1
CHEMBL204_262,37,35,-1,-1,-1,2.08,2.7410946718418905,2.829562541991297,6.677635865385451,0.11361157162996856,0.11882524066373934,1.7918842094100238,4.324587945858002,0.18848428975858084,0.09385022811462092,-0.2876850446954595,-0.917354612398491,7.774774774774774,4.051279080304249,-0.1574952590035167,-0.7792736195474785,0.02316602316602317,0.06590545687250902,3.0999603527120696,8.427067041429282,0.8108108108108109,0.3916588309780929,-1.5871507864874157,0.5190476190476199,2.08,2.7410946718418905,2.829562541991297,6.677635865385451,2.0,0.0,0,0,1.8918918918918919,2.3570914713962323,3.274677430959748,10.040550940000655,0.0,0.0,0,0,0.010172414399077755,0.02824166349262551,3.3691686905740643,11.575168032740322,0.039999999999999994,0.04834563366760079,2.8611684421159325,6.7684713211178895,0.04,0.03876761214962673,-0.8160456737022777,1.050912474407852,1.24,0.4270831300812525,1.2175615550562022,-0.5175438596491233,2.006429273930944,70.0,268.0,0.0,198.0,2130.0,16.0,0.0,0.0,0.0,530.0,978.0,17064.0,0.0,0.0,0.0,0.0,66.0,0.0,0.0,0.0,0.0,0.0,0.0,0.0,0.0,0.0,0.0,0.0,0.0,0.0,12.0,1,1,0,1,1,1,0,0,0,1,1,1,0,0,0,0,1,0,0,0,0,0,0,0,0,0,0,0,0,0,1,6.785714285714286,2.1440472885433763,3.9099260911433134,15.495026490482278,2.2142857142857144,0.6738557951469003,0.41447108117102555,0.3592980684257028,0.0,0.0,0,0,3.2142857142857144,0.410325903324145,1.3926212476455813,-0.06060606060606233,0.75,0.4330127018922193,-1.1547005383792515,-0.6666666666666665,13.703571428571431,4.609018910389341,3.828408243137505,14.849428030915817,0.5714285714285714,0.6226998490772392,0.6158001277578234,-0.5706371191135751,399.8280000000001,50.95,5.670900000000003,0,6,0,0,0,0,0,0,0,0,0,0,0,0,0,0,0,0,0,0,0,0,0,0,0,0,0,0,0,0,0,0,0,0,0,0,0,0,0,0,0,0,0,0,1,0,0,0,0,0,0,0,0,0,0,0,0,0,0,1,0,0,0,0,0,0,0,1,0,0,0,0,0,0,0,0,0,0,0,0,0,1,1,0,1,1,0,0,0,1,0,0,0,0,1,0,0,1,1,1,1,0,1,1,0,1,0,1,0,1,0,0,1,1,1,0,0,0,0,1,0,0,1,1,0,0,0,1,0,0,0,0,0,0,1,1,1,1,0,1,0,0,0,0,1,0,0,1,0,0,0,0,0,1,1,1,0,1,1,0,1,0,0,1,1,1,1,1,0,1
CHEMBL204_263,38,37,-1,-1,-1,2.1538461538461537,2.9311629051165617,2.881600305792887,6.817939917583045,0.10948212132646012,0.1197056998790888,1.6928657324425527,3.144311468296598,0.19470064993520364,0.09839633126428265,-0.30706905591882727,-1.0053957113654148,8.210526315789474,4.326653794368695,-0.1689647303547074,-0.8299962056949455,0.022641062114746324,0.06269958223582545,3.1048968421493095,8.41278915364448,0.8157894736842105,0.3876557858593746,-1.6292261599251139,0.6543778801843323,2.1538461538461537,2.9311629051165617,2.881600305792887,6.817939917583045,2.0,0.0,0,0,1.9473684210526316,2.523024171411975,3.3527419810425525,10.347528899008564,0.0,0.0,0,0,0.018872696615681077,0.046777134874555204,2.2955584474743125,3.6599096647517797,0.038461538461538464,0.04728436035105393,2.877668034116596,6.794260845426701,0.038461538461538464,0.05147087326575803,-1.4256388910158053,2.1929611127715285,1.2307692307692308,0.42132504423474315,1.278019300845387,-0.3666666666666676,0.02789854184260397,74.0,312.0,0.0,276.0,2730.0,48.0,0.0,0.0,0.0,1056.0,1470.0,23904.0,0.0,0.0,0.0,0.0,252.0,0.0,0.0,0.0,48.0,0.0,0.0,0.0,0.0,0.0,0.0,0.0,0.0,0.0,0.0,1,1,0,1,1,1,0,0,0,1,1,1,0,0,0,0,1,0,0,0,1,0,0,0,0,0,0,0,0,0,0,6.4375,0.8267972847076845,2.0241617377385586,3.2619755102040813,2.25,0.6123724356957945,0.6123724356957945,0.75,0.0,0.0,0,0,3.34375,0.47495887979908324,0.657951694959769,-1.567099567099567,0.625,0.4841229182759271,-0.5163977794943223,-1.7333333333333334,12.946562499999999,1.8492879362321466,2.2728123027303893,4.4656360399766974,0.75,0.75,0.4444444444444444,-1.1111111111111112,438.4820000000002,80.80000000000001,4.188600000000003,1,7,0,0,0,0,0,0,0,0,0,0,0,0,0,0,0,0,0,0,0,0,0,0,0,0,0,0,0,0,0,0,0,0,0,0,0,0,0,0,0,0,0,0,1,0,0,0,0,0,0,0,0,0,1,1,0,0,0,1,0,0,0,0,1,0,0,1,0,0,0,0,0,0,0,0,0,1,0,1,0,1,1,0,1,1,0,0,0,0,0,0,1,1,1,0,1,1,1,1,1,0,1,1,0,0,1,1,0,1,0,0,1,1,1,0,0,0,0,1,1,0,1,1,1,0,1,1,0,0,1,1,0,1,1,1,1,1,0,1,1,0,0,0,1,0,1,1,0,1,1,0,1,1,1,1,0,1,1,0,1,0,0,1,1,1,1,1,0,1
CHEMBL204_264,39,38,-1,-1,-1,2.1481481481481484,3.0148239148101807,2.9881895073562794,7.461797450411899,0.11143733607924727,0.11499019857616795,1.7591504152962079,3.748286994847187,0.19739569006841193,0.09892921606177679,-0.36034919522800596,-0.9317648898575195,8.564102564102566,4.4647025571647605,-0.23225485727738895,-0.766582839049271,0.022504285662180403,0.06537823714027614,3.371670810907442,10.338744875587816,0.8205128205128205,0.3837597319768145,-1.6703827619526517,0.7901785714285703,2.1481481481481484,3.0148239148101807,2.9881895073562794,7.461797450411899,2.0,0.0,0,0,1.9487179487179487,2.60126909804562,3.46498892317293,11.141185732612385,0.0,0.0,0,0,0.01475592413622974,0.03422023985378416,2.2788608671345902,4.209069635160368,0.03703703703703703,0.0477027685577177,3.034299360416343,7.710754524789614,0.037037037037037035,0.19571728802272123,3.0041032801390393,7.535189774303955,1.2592592592592593,0.43822813208145306,1.0987005311470712,-0.7928571428571431,1.5028988377042007,76.0,336.0,0.0,268.0,3126.0,32.0,0.0,0.0,0.0,940.0,1478.0,29184.0,0.0,0.0,0.0,0.0,160.0,0.0,0.0,0.0,12.0,0.0,0.0,0.0,0.0,0.0,0.0,0.0,0.0,0.0,24.0,1,1,0,1,1,1,0,0,0,1,1,1,0,0,0,0,1,0,0,0,1,0,0,0,0,0,0,0,0,0,1,6.787878787878788,1.9810859549916549,4.200370178411672,18.51137018316451,2.242424242424242,0.6527472493496368,0.3599848204531437,0.29234170630202305,0.0,0.0,0,0,3.3636363636363638,0.4810456929208347,0.56694670951384,-1.6785714285714295,0.6060606060606061,0.48862168171506365,-0.4341215710622296,-1.8115384615384618,13.689060606060606,4.25701443921921,4.1309770819387355,17.8674842359512,0.6666666666666666,0.7654139963827327,0.6457327353549928,-1.0184304399524378,473.91500000000025,93.69000000000001,4.237000000000003,1,7,0,0,0,0,0,0,0,0,0,0,0,0,0,0,0,0,0,0,0,0,0,0,0,0,0,0,0,0,0,0,0,0,0,0,0,0,0,0,1,0,0,0,1,0,0,0,0,0,0,0,0,0,1,1,0,0,0,1,0,0,0,0,1,0,0,1,0,0,0,0,0,0,0,0,0,1,0,1,0,1,1,0,1,1,0,0,0,1,0,0,1,1,1,0,1,1,1,1,1,0,1,1,0,1,1,1,0,1,0,0,1,1,1,0,0,0,0,1,1,0,1,1,1,0,1,1,0,0,1,1,0,1,1,1,1,1,0,1,1,0,0,0,1,0,1,1,0,1,1,0,1,1,1,1,0,1,1,0,1,0,0,1,1,1,1,1,0,1
CHEMBL204_265,37,35,-1,-1,-1,2.08,2.8554509276119595,2.867538745059976,6.659315552691311,0.11259279123945909,0.11979102799431438,1.6935197600806629,3.298351041520829,0.19179904199748657,0.09668170077914358,-0.2751874812383911,-0.9785773268600693,7.869369369369369,4.138941112922355,-0.1404114339826152,-0.80244563553422,0.022565422565422568,0.06420596621773612,3.175585605908161,8.897597929273036,0.8108108108108109,0.3916588309780929,-1.5871507864874157,0.5190476190476199,2.08,2.8554509276119595,2.867538745059976,6.659315552691311,2.0,0.0,0,0,1.8918918918918919,2.4471029069005836,3.3343988202038903,10.153486908933157,0.0,0.0,0,0,0.009818875965292538,0.02699984454006549,2.726710857765806,6.166568444105348,0.04000000000000001,0.04990833567335272,2.882804657305251,6.732613429096755,0.04,0.0306779264252707,-0.3601463441933648,0.4726117573795503,1.2,0.4,1.5000000000000004,0.2500000000000009,-0.38823153365764296,70.0,284.0,0.0,216.0,2394.0,24.0,0.0,0.0,0.0,706.0,1132.0,19944.0,0.0,0.0,0.0,0.0,122.0,0.0,0.0,0.0,12.0,0.0,0.0,0.0,0.0,0.0,0.0,0.0,0.0,0.0,0.0,1,1,0,1,1,1,0,0,0,1,1,1,0,0,0,0,1,0,0,0,1,0,0,0,0,0,0,0,0,0,0,6.46875,0.8285670989726782,1.912395949728481,2.915806875228901,2.25,0.6123724356957945,0.6123724356957945,0.75,0.0,0.0,0,0,3.15625,0.3630921887069453,1.893458524812515,1.5851851851851855,0.8125,0.3903123748998999,-1.6012815380508714,0.5641025641025643,13.008937499999998,1.8503416734737808,2.1776849469109907,4.149514757615689,0.53125,0.6115745559619039,0.7004241995078013,-0.478222634280689,433.42200000000014,94.55000000000001,3.9932000000000016,0,7,0,0,0,0,0,0,0,0,0,0,0,0,0,0,0,0,0,0,0,0,0,0,0,0,0,0,0,0,0,0,0,0,0,0,0,0,0,0,1,0,0,0,1,0,0,0,0,0,0,0,0,0,1,0,0,0,0,1,0,0,0,0,1,0,0,1,0,0,0,0,0,0,0,0,0,1,0,1,0,1,1,0,1,1,0,0,0,0,0,0,0,0,1,0,1,1,1,1,1,0,1,1,0,0,0,1,0,1,0,0,1,1,1,0,0,0,0,1,0,0,1,1,1,0,1,1,0,0,0,0,0,0,1,1,1,1,0,1,0,0,0,0,1,0,1,1,0,0,1,0,1,1,1,1,0,1,1,0,1,0,0,1,1,1,1,1,0,1
CHEMBL204_266,39,36,-1,-1,-1,2.0,2.775554665954844,2.97237885500693,7.359652366863907,0.11089582682209631,0.11551251548844937,1.7923940426061953,3.927641005454748,0.18945636007775674,0.09347547340076658,-0.33899896548239494,-0.8374118134136261,8.23931623931624,4.250950098560149,-0.20023809844776275,-0.7089900891164458,0.02410912937228727,0.0703423528596734,3.0353644279800926,7.848065649533726,0.8205128205128205,0.3837597319768145,-1.6703827619526517,0.7901785714285703,2.0,2.775554665954844,2.97237885500693,7.359652366863907,2.0,0.0,0,0,1.8461538461538463,2.4023328569993248,3.3992800768807436,10.694834628982198,0.0,0.0,0,0,0.002912890306345005,0.009585841304124343,3.6485413234600106,13.325531211812553,0.037037037037037035,0.04678651138653103,2.9836759687703984,7.41835815134416,0.03703703703703703,0.017390178986279894,0.6722702946815157,1.1163397476665446,1.1481481481481481,0.3552467795046459,1.9808869335422108,1.9239130434782625,-0.5314790878834397,72.0,286.0,0.0,180.0,2400.0,8.0,0.0,0.0,0.0,528.0,944.0,19944.0,0.0,0.0,0.0,0.0,42.0,0.0,0.0,0.0,0.0,0.0,0.0,0.0,0.0,0.0,0.0,0.0,0.0,0.0,0.0,1,1,0,1,1,1,0,0,0,1,1,1,0,0,0,0,1,0,0,0,0,0,0,0,0,0,0,0,0,0,0,6.5,0.82915619758885,1.8090680674665818,2.6198347107438016,2.25,0.6123724356957945,0.6123724356957945,0.75,0.0,0.0,0,0,3.34375,0.47495887979908324,0.657951694959769,-1.567099567099567,0.625,0.4841229182759271,-0.5163977794943223,-1.7333333333333334,13.0713125,1.8492921523771606,2.089992238992156,3.876958418879507,0.6875,0.7680128579652817,0.5982153571099251,-1.071093373097671,440.45800000000025,106.58000000000001,2.9786,1,7,0,0,0,0,0,0,0,0,0,0,0,0,0,0,0,0,0,0,0,0,0,0,0,0,0,0,0,0,0,0,0,0,0,0,0,0,0,0,1,0,0,0,1,0,0,0,0,0,0,0,0,0,1,1,0,0,0,1,0,0,0,0,1,0,0,1,0,0,0,0,1,0,0,0,0,1,0,1,0,1,1,0,1,1,0,0,0,0,0,0,1,1,1,0,1,1,1,1,1,0,1,1,0,0,1,1,0,1,0,0,1,1,1,0,0,0,0,1,1,0,1,1,1,0,1,1,0,0,1,1,1,1,1,1,1,1,0,1,1,0,0,0,1,0,1,1,0,1,1,0,1,1,1,1,0,1,1,0,1,0,0,1,1,1,1,1,0,1
CHEMBL204_267,39,39,-1,-1,-1,2.2222222222222223,3.3591592128513272,3.582672641220095,11.947878610862407,0.10822932362062847,0.11801457176826478,2.3013904770095555,8.176030433623014,0.20333583285431925,0.10503886469586399,-0.29398000514633676,-1.0093377951537006,8.835897435897438,4.6978999649469655,-0.19196632768643873,-0.6910893533532412,0.02177481124849546,0.0672439262024435,4.188682638086516,17.277822218480267,0.8205128205128205,0.3837597319768145,-1.6703827619526517,0.7901785714285703,2.2222222222222223,3.3591592128513272,3.582672641220095,11.947878610862407,2.0,0.0,0,0,2.0,2.8823067684915684,4.163331998932264,17.369341563786005,0.0,0.0,0,0,0.048793650889588654,0.16165771037624008,5.225985516752852,27.755914068447122,0.03703703703703703,0.05102513864258078,3.6026567714760214,12.07041455582873,0.037037037037037035,0.021420991773193968,-0.4874536068006922,-0.8120667966048907,1.3333333333333333,0.4714045207910316,0.7071067811865481,-1.4999999999999982,0.23335112612080788,78.0,402.0,0.0,286.0,4860.0,56.0,0.0,0.0,0.0,1212.0,1800.0,62280.0,0.0,0.0,0.0,0.0,306.0,0.0,0.0,0.0,48.0,0.0,0.0,0.0,0.0,0.0,0.0,0.0,0.0,0.0,0.0,1,1,0,1,1,1,0,0,0,1,1,1,0,0,0,0,1,0,0,0,1,0,0,0,0,0,0,0,0,0,0,6.4411764705882355,0.8808811254042316,2.115457356362024,3.3573748242935375,2.2941176470588234,0.6655122646461623,0.1843725689226649,-0.03796386718749911,0.0,0.0,0,0,3.4411764705882355,0.496527735768651,0.23693955110363565,-1.9438596491228082,0.5294117647058824,0.4991341984846218,-0.11785113019775795,-1.9861111111111112,12.979735294117647,2.017944270040583,2.2825401211818446,4.031472166305443,0.7941176470588235,0.8324100998873475,0.40017897492374965,-1.4433923887275737,468.5270000000003,63.84,5.579700000000006,0,3,0,0,0,0,0,0,0,0,0,0,0,0,0,0,0,0,0,0,0,0,0,0,0,0,0,0,0,0,0,0,0,0,0,0,0,0,0,0,1,0,0,0,1,0,0,0,0,0,0,0,0,0,1,0,1,0,0,0,0,0,0,0,1,0,0,1,0,0,0,1,0,0,0,0,0,1,0,1,0,1,1,0,0,1,0,1,1,0,0,0,0,0,0,0,1,0,1,0,1,0,1,1,0,0,0,1,1,1,0,0,0,1,1,0,0,0,0,0,1,0,1,1,1,0,1,1,0,0,1,1,0,1,0,1,1,1,0,1,1,0,0,0,1,0,0,1,0,1,1,0,0,1,0,1,0,0,1,0,1,0,0,1,1,1,0,1,0,0
CHEMBL204_268,40,39,-1,-1,-1,2.142857142857143,3.2150792671219706,3.2818485363764873,9.301001102157649,0.1073739165825331,0.11606395666927447,1.953802208008836,5.101286343505754,0.19985295873860115,0.10105936469832578,-0.3532623671392734,-0.9776572953510434,8.920000000000002,4.682400856161055,-0.22431002338341272,-0.7469350637196523,0.02273954116059379,0.0663108171264287,3.6316433151863095,12.302983734526611,0.825,0.3799671038392666,-1.7106744068953987,0.9264069264069255,2.142857142857143,3.2150792671219706,3.2818485363764873,9.301001102157649,2.0,0.0,0,0,1.95,2.7744368798010166,3.7953682853936117,13.588531557372857,0.0,0.0,0,0,0.016601634972170688,0.041017695348393425,2.2191383911074847,3.248651428727581,0.03571428571428571,0.04852988167543035,3.3039371759742457,9.460558608525332,0.03571428571428572,0.027421147430533,2.4801775848778624,6.599616497142964,1.2142857142857142,0.410325903324145,1.3926212476455824,-0.060606060606060996,1.0461111880579528,78.0,382.0,0.0,276.0,4116.0,48.0,0.0,0.0,0.0,1280.0,1622.0,44760.0,0.0,0.0,0.0,0.0,282.0,0.0,0.0,0.0,48.0,0.0,0.0,0.0,0.0,0.0,0.0,0.0,0.0,0.0,0.0,1,1,0,1,1,1,0,0,0,1,1,1,0,0,0,0,1,0,0,0,1,0,0,0,0,0,0,0,0,0,0,6.4375,0.899218410621135,2.1214075169285,3.2484772106700275,2.25,0.6614378277661477,0.3239695482936233,0.204081632653061,0.0,0.0,0,0,3.28125,0.4496092053105675,0.9730672655996823,-1.0531400966183575,0.65625,0.47495887979908324,-0.657951694959769,-1.567099567099567,12.977906249999998,2.0650177111736694,2.2651352052838205,3.8172537869964245,0.6875,0.6817945071647321,0.4853109690149354,-0.8116658428077113,437.46900000000016,56.839999999999996,6.104300000000005,1,4,0,0,0,0,0,0,0,0,0,0,0,0,0,0,0,0,0,0,0,0,0,0,0,0,0,0,0,0,0,0,0,0,0,0,0,0,0,0,1,0,0,0,1,0,0,0,0,0,0,0,0,0,0,0,0,0,0,0,0,0,0,0,1,0,0,1,0,0,0,0,0,0,0,0,0,1,0,1,0,0,1,0,0,1,0,1,1,0,0,0,0,0,0,0,0,0,1,0,1,0,1,1,0,0,0,1,1,1,0,0,0,1,1,0,0,0,0,0,1,0,1,1,1,0,0,1,0,0,1,1,0,1,0,1,1,1,0,1,1,0,0,0,1,0,0,1,0,1,1,0,0,1,0,1,0,0,1,0,1,0,0,1,1,1,0,1,0,0
CHEMBL204_269,42,38,-1,-1,-1,2.0,3.070597894314954,3.256694736394648,8.772727272727273,0.10509789067655063,0.11297768445522156,1.8758149422528279,4.529048107292014,0.17136125377716352,0.09175819742826058,-0.29384058860495427,-1.060558937394987,8.20952380952381,4.602836057610855,-0.16890647040059587,-0.8544919128736019,0.021631823461091753,0.06628285820304261,3.5548378959427027,11.829998327369141,0.8333333333333334,0.37267799624996495,-1.788854381999832,1.200000000000002,2.0,3.070597894314954,3.256694736394648,8.772727272727273,2.0,0.0,0,0,1.8095238095238095,2.5933807246076386,3.8463378587527735,13.570588267390047,0.0,0.0,0,0,0.003785862170955338,0.011837620050665323,2.8817350781035853,6.496153329928385,0.03571428571428572,0.04986173138291863,3.2558329880356163,8.769825592733994,0.03571428571428572,0.061973445712915014,3.28177366559948,8.888942425053374,1.1428571428571428,0.34992710611188255,2.0412414523193156,2.1666666666666714,1.9654867727965757,76.0,344.0,0.0,122.0,3492.0,8.0,0.0,0.0,0.0,600.0,660.0,34440.0,0.0,0.0,0.0,0.0,44.0,0.0,0.0,0.0,0.0,0.0,0.0,0.0,0.0,0.0,0.0,0.0,0.0,0.0,0.0,1,1,0,1,1,1,0,0,0,1,1,1,0,0,0,0,1,0,0,0,0,0,0,0,0,0,0,0,0,0,0,6.157894736842105,0.36464227527765836,1.8763883748662837,1.520833333333333,2.210526315789474,0.5210260492953509,0.21027665213127542,-0.06101624323198873,0.0,0.0,0,0,2.8947368421052633,0.3068922049918579,-2.572478777137634,4.617647058823533,0.7894736842105263,0.40768245749551757,-1.420093893609386,0.016666666666666163,12.326157894736841,0.7278259814542063,1.8763883748662844,1.5208333333333348,0.5789473684210527,0.49372797471825575,-0.31980107453341583,-1.897727272727273,245.28500000000003,52.47,3.627080000000001,0,2,0,0,0,0,0,0,0,0,0,0,0,0,0,0,0,0,0,0,0,0,0,0,0,0,0,0,0,0,0,0,0,0,0,0,0,0,0,0,0,0,0,1,0,0,0,0,0,0,0,0,1,0,0,0,0,0,0,0,0,0,0,0,0,0,0,1,0,0,0,0,0,0,0,0,0,0,1,0,0,0,0,0,0,1,0,0,0,0,0,0,0,0,0,0,0,0,1,0,1,1,0,1,0,0,0,1,0,0,0,0,0,0,0,0,0,0,0,0,0,0,1,1,0,0,0,1,0,0,0,0,0,0,0,0,0,0,0,1,0,0,0,0,1,0,0,1,0,0,0,0,0,1,0,0,0,0,1,0,0,0,0,1,1,1,0,1,0,0
CHEMBL204_270,37,33,-1,-1,-1,2.0,2.670287397005928,2.7949855294657535,6.129535990481855,0.11012969048987206,0.12205932287061078,1.6724726283115994,3.298350716662193,0.16370910553385715,0.08900971318903579,-0.1304554439931276,-1.0942978613094028,6.774774774774775,3.8679335871442886,-0.011049196868551922,-0.9289234521980458,0.01969111969111969,0.05716633944728719,3.1126563853296054,8.486872356840342,0.8108108108108109,0.3916588309780929,-1.5871507864874157,0.5190476190476199,2.0,2.670287397005928,2.7949855294657535,6.129535990481855,2.0,0.0,0,0,1.7837837837837838,2.219509747853817,3.358302324559387,10.24395482157859,0.0,0.0,0,0,0.004165969683211063,0.012487925309780466,2.934290799415175,7.474247833303828,0.0434782608695652,0.05291201414197966,2.810860184471194,6.198027613390659,0.04347826086956528,0.955936980250256,2.7908236787925618,6.306503283569354,1.173913043478261,0.3790346907426672,1.720618004029213,0.9605263157894743,-0.35352962548823996,66.0,234.0,0.0,118.0,1776.0,8.0,0.0,0.0,0.0,398.0,526.0,13080.0,0.0,0.0,0.0,0.0,36.0,0.0,0.0,0.0,0.0,0.0,0.0,0.0,0.0,0.0,0.0,0.0,0.0,0.0,0.0,1,1,0,1,1,1,0,0,0,1,1,1,0,0,0,0,1,0,0,0,0,0,0,0,0,0,0,0,0,0,0,6.416666666666667,0.8122328620674136,1.9029198488147794,2.5522437673130174,2.0833333333333335,0.6400954789890506,-0.07502411819233984,-0.5808675667911518,0.0,0.0,0,0,3.3333333333333335,0.6236095644623235,-0.38180177416060695,-0.6734693877551017,0.25,0.4330127018922193,1.1547005383792515,-0.6666666666666665,12.883958333333334,1.7593696190957782,2.1520731044632426,3.9619246704150957,0.9166666666666666,0.8122328620674137,0.15335676420641273,-1.4685872576177292,331.39099999999996,81.99000000000001,2.5342800000000008,1,6,0,0,0,0,0,0,0,0,0,0,0,0,0,0,0,0,0,0,0,0,0,0,0,0,0,0,0,0,0,0,0,0,0,0,0,0,0,0,0,0,0,1,1,0,0,0,0,0,0,0,0,0,0,0,1,0,0,0,0,0,0,0,0,0,0,0,0,0,0,0,0,0,0,0,0,0,0,0,0,1,0,0,1,0,0,0,0,1,0,0,1,1,1,0,0,1,0,0,0,0,1,0,0,0,1,0,0,1,0,0,1,1,0,0,0,0,0,1,1,0,0,0,0,0,0,0,0,0,1,1,0,1,0,0,1,0,1,0,0,0,0,0,1,0,0,1,0,1,0,0,0,1,0,1,1,1,1,0,1,1,0,1,1,1,1,1,0,0
CHEMBL204_271,39,37,-1,-1,-1,2.074074074074074,3.005253744459377,3.2528389412625196,9.078705381727346,0.10970755268479074,0.11664166719032912,2.1361802011795925,6.912462685071798,0.18919280819573198,0.09357931645610831,-0.3393157629043565,-0.891529726938074,8.36923076923077,4.332316676369861,-0.21265698410136633,-0.6775455321213713,0.024255024255024255,0.07323680163145022,3.5152250014222415,11.461489612419259,0.8205128205128205,0.3837597319768145,-1.6703827619526517,0.7901785714285703,2.074074074074074,3.005253744459377,3.2528389412625196,9.078705381727346,2.0,0.0,0,0,1.8974358974358974,2.589870522403376,3.7440483536107267,13.203236573768212,0.0,0.0,0,0,0.0338266154711778,0.15804334482686874,5.851321475415411,32.81584147825686,0.03703703703703703,0.048944188014641385,3.2384168565305065,8.890770279721826,0.03703703703703704,0.10053997543633927,-2.9036479005938207,8.57956205473106,1.2592592592592593,0.43822813208145306,1.098700531147071,-0.7928571428571427,-0.2736206216103779,74.0,328.0,0.0,168.0,3234.0,16.0,0.0,0.0,0.0,576.0,894.0,32064.0,0.0,0.0,0.0,0.0,66.0,0.0,0.0,0.0,0.0,0.0,0.0,0.0,0.0,0.0,0.0,0.0,0.0,0.0,0.0,1,1,0,1,1,1,0,0,0,1,1,1,0,0,0,0,1,0,0,0,0,0,0,0,0,0,0,0,0,0,0,7.096774193548387,2.4409786338571116,3.0814629324333684,8.445713121841052,2.193548387096774,0.6918584061137811,0.3077265867193042,0.12206049149338316,0.0,0.0,0,0,3.032258064516129,0.40031205309647916,0.26058430914587,3.157783774666896,0.7096774193548387,0.4539112025635577,-0.923869770874312,-1.1464646464646457,14.205838709677424,4.894599124227506,3.086127856572264,8.46743692906697,0.45161290322580644,0.5587260669577022,0.7459365477929969,-0.4902666666666651,454.4930000000002,143.01999999999998,2.68088,0,7,0,0,0,0,0,0,0,0,0,0,0,0,0,0,0,0,0,0,0,0,0,0,0,0,0,0,0,0,0,0,0,0,1,1,0,0,1,0,0,0,0,1,0,0,0,0,0,1,0,0,0,1,1,0,0,1,0,0,1,1,1,1,1,0,1,1,0,1,0,1,0,0,0,1,0,1,0,1,0,1,1,1,1,1,0,0,0,0,1,0,0,0,0,0,1,0,1,1,0,0,0,0,1,0,0,0,1,0,0,1,0,0,1,1,0,0,0,1,0,0,1,1,1,0,1,1,1,1,0,0,1,1,0,1,0,1,1,1,0,1,1,0,1,1,1,1,1,0,1,0,1,1,1,1,0,1,1,1,1,1,0,1,1,1,1,1,0,0
CHEMBL204_272,39,38,-1,-1,-1,2.24,3.265333061113368,3.1223676229263084,8.413384651579719,0.10747983969531863,0.11869755557758654,1.9380414450344088,5.351114688124246,0.183924007537153,0.1035080865717107,-0.2047692263017105,-1.1938558529339263,7.91880341880342,4.5947793046882826,-0.10938353205299167,-0.9606864826875188,0.017361491045701578,0.055027393135051186,3.9306528173976387,14.680746205756993,0.8205128205128205,0.3837597319768145,-1.6703827619526517,0.7901785714285703,2.24,3.265333061113368,3.1223676229263084,8.413384651579719,2.0,0.0,0,0,1.9487179487179487,2.716980959784534,3.7973052523322015,13.862331168871556,0.0,0.0,0,0,0.033698185872098906,0.08864511930765882,3.886498267797155,16.881144541046364,0.039999999999999994,0.053615045089374334,3.1536786052801893,8.55199580624618,0.04,0.017723194913144166,1.1262998104620605,1.1572028477434815,1.32,0.46647615158762407,0.7717436331412894,-1.4044117647058831,-1.3737114631110698,76.0,360.0,0.0,274.0,3786.0,56.0,0.0,0.0,0.0,1190.0,1592.0,40800.0,0.0,0.0,0.0,0.0,298.0,0.0,0.0,0.0,48.0,0.0,0.0,0.0,0.0,0.0,0.0,0.0,0.0,0.0,36.0,1,1,0,1,1,1,0,0,0,1,1,1,0,0,0,0,1,0,0,0,1,0,0,0,0,0,0,0,0,0,1,6.258064516129032,0.5661267346704594,2.093470589638417,3.198304941811444,2.2580645161290325,0.5661267346704594,-0.039960202135198804,-0.4486001011975014,0.0,0.0,0,0,3.096774193548387,0.4652324226405148,0.32801982757549636,1.2856878698224827,0.6774193548387096,0.46746376600611084,-0.7590721152765899,-1.4238095238095223,12.525838709677425,1.129195062916264,2.092082117320735,3.1910263964222843,0.6451612903225806,0.6978486339607722,0.6127777808727427,-0.7874753451676542,408.4610000000002,70.63,4.012380000000003,0,3,0,0,0,0,0,0,0,0,0,0,0,0,0,0,0,0,0,0,0,0,0,0,0,0,0,0,0,0,0,0,0,0,0,0,0,0,0,0,1,0,0,1,0,0,0,0,0,0,0,0,0,0,0,0,0,0,0,1,0,0,0,0,1,0,0,1,0,0,0,0,0,0,0,0,0,1,0,1,0,1,0,0,0,1,0,1,1,0,0,0,0,0,1,0,0,1,1,0,1,0,1,1,0,0,0,1,0,0,0,1,1,1,0,0,0,0,0,1,1,0,1,1,1,0,0,1,0,0,1,1,0,0,1,0,0,0,0,1,1,0,0,0,1,0,0,1,0,1,1,0,0,0,0,1,1,0,1,1,1,1,0,1,1,1,1,1,0,0
CHEMBL204_273,35,35,-1,-1,-1,2.260869565217391,2.816371259252461,2.6524052501347306,5.728944266680957,0.11695122722865377,0.12204031719534475,1.5775016169163298,3.1940256456439355,0.19202333506279926,0.09768642893588587,-0.2323203768743313,-1.0518820422244564,7.452380952380953,3.9490950196118226,-0.12254133862196707,-0.8891371830142094,0.021135727018079958,0.059551633415088394,3.2532149942068256,9.472807443685905,0.8,0.4,-1.5,0.24999999999999956,2.260869565217391,2.816371259252461,2.6524052501347306,5.728944266680957,2.0,0.0,0,0,2.0,2.4023797725231892,3.14045037413947,9.195618076659153,0.0,0.0,0,0,0.03528233591841043,0.08406066327000702,3.222917177007749,11.2843619092765,0.04347826086956521,0.04983350529834896,2.692461152024013,5.792942146407235,0.04347826086956519,0.5439111959084377,-2.3883262071584137,4.86232191434533,1.3478260869565217,0.47628048478710094,0.6390096504226941,-1.5916666666666663,0.9955896535827506,70.0,272.0,0.0,264.0,2130.0,48.0,0.0,0.0,0.0,778.0,1272.0,17064.0,0.0,0.0,0.0,0.0,190.0,0.0,0.0,0.0,24.0,0.0,0.0,0.0,0.0,0.0,0.0,0.0,0.0,0.0,48.0,1,1,0,1,1,1,0,0,0,1,1,1,0,0,0,0,1,0,0,0,1,0,0,0,0,0,0,0,0,0,1,6.358974358974359,0.6597271964240311,1.5998509460474986,1.1287547576236108,2.1025641025641026,0.6715795309594254,-0.12311159248444081,-0.796364609983935,0.0,0.0,0,0,3.282051282051282,0.5523245956035387,0.008804520344602216,-0.5177987514863238,0.3076923076923077,0.46153846153846145,0.8333333333333335,-1.3055555555555547,12.727102564102568,1.3157951636016638,1.5987215854769283,1.124365255759213,0.9230769230769231,0.7640853551667355,0.13060334047408012,-1.2781227173119065,532.6450000000002,181.19000000000003,2.199250000000002,2,13,0,0,0,0,0,0,0,0,0,0,0,0,0,0,0,0,0,0,0,0,0,0,0,0,0,0,0,0,0,0,0,0,0,0,0,0,0,0,1,0,0,1,0,1,0,0,0,0,0,0,0,0,0,0,1,0,0,0,0,0,0,0,0,0,0,0,0,0,0,0,0,0,0,0,0,0,0,1,1,1,0,0,1,0,1,0,0,0,0,0,1,1,1,0,0,1,0,0,0,0,1,0,0,0,1,0,0,0,0,0,1,1,0,0,0,0,0,1,1,1,0,0,0,1,0,1,0,0,1,1,0,1,1,0,0,0,1,0,1,1,1,0,1,0,0,1,1,1,0,0,0,1,0,1,1,1,1,1,1,1,0,1,1,1,1,1,0,1
CHEMBL204_274,40,36,-1,-1,-1,1.9285714285714286,2.86516730287594,3.442661731863516,10.511166021149672,0.10085290116786325,0.12177311824054274,2.5570627490864175,9.624890424088852,0.18179408971417155,0.08795146903101973,-0.38462629008456023,-0.8527965383533855,8.32047619047619,4.258019271670084,-0.20084653424137996,-0.5768555835233085,0.026518218623481783,0.08119769956476068,3.328446341214838,9.909342017586258,0.825,0.3799671038392666,-1.7106744068953987,0.9264069264069255,1.9285714285714286,2.86516730287594,3.442661731863516,10.511166021149672,2.0,0.0,0,0,1.8,2.481934729198171,3.8985610347214927,14.65166975881262,0.0,0.0,0,0,0.0,0.0,0,0,0.03571428571428572,0.04804534797049204,3.4211298299463913,10.350666609271109,0.0357142857142857,0.15481313565745908,-3.6463086581606747,14.156916510078975,1.0,0.0,0,0,-0.8290907462522558,72.0,304.0,0.0,90.0,2964.0,0.0,0.0,0.0,0.0,264.0,456.0,29184.0,0.0,0.0,0.0,0.0,0.0,0.0,0.0,0.0,0.0,0.0,0.0,0.0,0.0,0.0,0.0,0.0,0.0,0.0,0.0,1,1,0,1,1,0,0,0,0,1,1,1,0,0,0,0,0,0,0,0,0,0,0,0,0,0,0,0,0,0,0,7.0,2.0367003088692623,3.2352750601505833,11.266262755102044,2.1481481481481484,0.8478165290562664,0.4428545752846782,-0.339534409416701,0.0,0.0,0,0,3.2962962962962963,0.5972042776517444,-0.21944606888859947,-0.607988165680474,0.4444444444444444,0.4969039949999533,0.22360679774997905,-1.9500000000000002,14.121259259259261,4.199672620332425,2.9905588569104493,9.593794828057199,0.5555555555555556,0.7370277311900889,0.9182390948504618,-0.5888429752066116,396.39400000000006,77.3,2.4829800000000004,0,3,0,0,0,0,0,0,0,0,0,0,0,0,0,0,0,0,0,0,0,0,0,0,0,0,0,0,0,0,0,0,0,0,1,1,0,0,0,0,1,0,0,1,1,0,0,0,0,0,0,0,0,1,0,0,0,1,0,0,1,1,1,1,1,0,1,1,0,1,0,0,0,0,0,1,0,1,0,1,0,1,0,1,0,0,0,1,1,0,1,0,0,0,0,0,1,0,0,0,1,0,1,0,1,0,0,0,1,1,0,0,0,1,1,0,0,0,0,1,1,0,1,1,1,0,1,1,0,0,1,1,1,0,0,1,1,1,1,1,1,0,0,0,1,0,1,1,0,1,1,0,1,0,0,1,0,0,1,0,1,1,0,1,1,1,1,1,0,0
CHEMBL204_275,39,37,-1,-1,-1,2.16,3.107153037750152,3.09896416413577,8.067580967820293,0.10767993030879455,0.11851606747491576,1.9632324915089479,5.5520795917441585,0.1756021972680517,0.09742301407439424,-0.1791243716154821,-1.1356586117951168,7.676068376068376,4.411657044203073,-0.09721911945723175,-0.9297569948500626,0.018893387314439947,0.058744904486002725,3.813844619226697,13.767959191121907,0.8205128205128205,0.3837597319768145,-1.6703827619526517,0.7901785714285703,2.16,3.107153037750152,3.09896416413577,8.067580967820293,2.0,0.0,0,0,1.8974358974358974,2.589870522403376,3.7440483536107267,13.203236573768212,0.0,0.0,0,0,0.041442187722137286,0.1592216694008177,5.586546055245191,30.687891132106884,0.039999999999999994,0.05274813115800877,3.095634754062687,7.951252246461079,0.039999999999999994,0.021504896395479662,-0.2868074803097786,-0.11848679274756435,1.32,0.46647615158762407,0.7717436331412894,-1.4044117647058831,-1.304488094461652,74.0,328.0,0.0,194.0,3234.0,32.0,0.0,0.0,0.0,828.0,1050.0,32064.0,0.0,0.0,0.0,0.0,150.0,0.0,0.0,0.0,12.0,0.0,0.0,0.0,0.0,0.0,0.0,0.0,0.0,0.0,0.0,1,1,0,1,1,1,0,0,0,1,1,1,0,0,0,0,1,0,0,0,1,0,0,0,0,0,0,0,0,0,0,6.606060606060606,1.7742158991884178,4.513119675302228,20.86028199371229,2.1818181818181817,0.6721537276611768,0.36616583944421416,0.3163295657346823,0.0,0.0,0,0,2.909090909090909,0.37848472717566045,-0.9422925973914752,3.1286982248520747,0.7272727272727273,0.4453617714151233,-1.0206207261596576,-0.9583333333333335,13.223242424242425,3.5564584276061897,4.522013565682736,20.92704048510104,0.48484848484848486,0.4997703788627467,0.06063390625908321,-1.9963235294117645,452.4950000000001,115.87,5.085060000000004,0,6,0,0,0,0,0,0,0,0,0,0,0,0,0,0,0,0,0,0,0,0,0,0,0,0,0,0,0,0,0,0,0,0,1,1,0,0,0,0,1,0,0,1,0,0,0,0,0,0,0,0,0,1,0,0,0,1,0,0,1,1,1,1,1,0,1,1,0,1,0,1,0,0,0,1,0,0,0,1,0,0,0,1,0,0,0,0,0,0,1,0,0,0,0,0,1,0,0,1,1,0,0,0,1,0,0,0,1,0,0,0,0,0,1,1,0,0,0,1,0,0,0,1,0,0,1,1,1,1,0,0,1,0,0,1,0,1,1,1,0,0,0,0,1,1,1,1,1,0,1,0,1,1,1,0,0,0,1,1,1,1,0,1,1,1,1,1,0,0
CHEMBL204_276,39,37,-1,-1,-1,2.16,3.12,3.059576189753704,7.887389499018989,0.10794132803624554,0.11827804252183613,1.9213050705877448,5.228970278199149,0.17856549876558633,0.09908282068785229,-0.20868503478650266,-1.1470559223010448,7.743589743589744,4.453278531356816,-0.10885542513101322,-0.9418882956109331,0.0182368603421235,0.05713806058126606,3.6991944118181666,12.78979121945951,0.8205128205128205,0.3837597319768145,-1.6703827619526517,0.7901785714285703,2.16,3.12,3.059576189753704,7.887389499018989,2.0,0.0,0,0,1.8974358974358974,2.599752175515195,3.702415083566863,12.959477206316528,0.0,0.0,0,0,0.025146686811251755,0.08238657726386911,4.938527324117979,25.344034787132752,0.04,0.05313622824298484,3.082101846563425,7.944820368331936,0.04,0.017677256166692704,1.2376853672208072,1.356025455804927,1.28,0.448998886412873,0.9799578870122222,-1.0396825396825407,-0.16508242572663528,74.0,330.0,0.0,216.0,3240.0,32.0,0.0,0.0,0.0,852.0,1188.0,32064.0,0.0,0.0,0.0,0.0,156.0,0.0,0.0,0.0,12.0,0.0,0.0,0.0,0.0,0.0,0.0,0.0,0.0,0.0,24.0,1,1,0,1,1,1,0,0,0,1,1,1,0,0,0,0,1,0,0,0,1,0,0,0,0,0,0,0,0,0,1,6.771428571428571,1.1485572138423874,1.132901563284257,-0.36720358298206035,2.1714285714285713,0.8446711713768275,0.23615930081708236,-0.6341421906173239,0.0,0.0,0,0,3.3714285714285714,0.4831867007225075,0.5321811563901743,-1.7167832167832169,0.4857142857142857,0.4997958767010257,0.057166195047502755,-1.9967320261437906,13.721800000000002,2.630578967234617,1.2475750751974184,-0.08108420628969926,0.5428571428571428,0.7306692487168241,0.9499540719226114,-0.5182083438543326,499.415,101.26,5.383570000000003,1,5,0,0,0,0,0,0,0,0,0,0,0,0,0,0,0,0,0,0,0,0,0,0,0,0,0,1,0,0,0,0,0,0,0,0,0,0,0,0,1,0,0,0,1,1,0,0,0,0,0,0,0,0,0,0,0,0,0,1,0,0,0,0,1,0,0,1,0,0,0,0,0,1,0,0,0,1,0,1,1,1,1,0,0,1,1,1,0,0,0,0,1,1,1,0,1,1,1,1,0,0,1,0,1,0,0,0,1,1,0,1,1,1,1,1,0,0,0,1,1,1,1,1,1,0,1,1,1,1,0,1,0,1,0,0,1,0,0,1,1,0,0,0,1,1,1,1,0,1,1,0,1,1,1,1,0,1,1,1,1,1,0,1,1,1,1,1,0,0
CHEMBL204_277,32,31,-1,-1,-1,2.2,2.4819347291981715,2.53755744418252,5.651416765053124,0.11868649572504018,0.1310096016806021,1.6656070214614576,3.8657185843067285,0.18126171031101396,0.09132756006210178,-0.09290665003004889,-0.9954792618935535,6.421875,3.393016309836934,0.014273748288999105,-0.849865091764745,0.02096774193548387,0.05667656579046359,3.0435852012218274,8.413179981090872,0.78125,0.41339864235384227,-1.360672102833218,-0.14857142857142858,2.2,2.4819347291981715,2.53755744418252,5.651416765053124,2.0,0.0,0,0,1.9375,2.105610065990377,2.9946744850510814,8.965236662850046,0.0,0.0,0,0,0.03340526427962489,0.08711726070688684,3.3147831197131645,11.084498254809983,0.05,0.051702840041776464,2.562696596746055,5.592503150763957,0.05,0.2434843027747618,-2.038870124314059,3.890823361665153,1.35,0.4769696007084729,0.6289709020331503,-1.6043956043956051,0.8213532364887282,62.0,200.0,0.0,188.0,1290.0,32.0,0.0,0.0,0.0,396.0,778.0,8904.0,0.0,0.0,0.0,0.0,100.0,0.0,0.0,0.0,12.0,0.0,0.0,0.0,0.0,0.0,0.0,0.0,0.0,0.0,24.0,1,1,0,1,1,1,0,0,0,1,1,1,0,0,0,0,1,0,0,0,1,0,0,0,0,0,0,0,0,0,1,6.516129032258065,0.756518670939263,1.0629024804492415,-0.4404958677685977,2.064516129032258,0.7155184842844786,-0.09511515048625939,-1.045409478485031,0.0,0.0,0,0,3.5161290322580645,0.4997397866074087,-0.06454972243679012,-1.9958333333333336,0.0,0.0,0,0,13.040548387096779,1.508746004376882,1.061924622910347,-0.44299778390743105,1.096774193548387,0.8559031717046193,-0.186303174561544,-1.6101013688016523,438.5290000000003,177.70999999999998,-0.49342999999999587,2,10,0,0,0,0,0,0,0,0,0,0,0,0,0,0,0,0,0,0,0,0,0,0,0,0,0,1,0,0,0,0,0,0,0,0,0,0,0,0,0,0,0,0,0,1,0,0,0,0,0,0,0,0,0,1,1,0,0,0,0,0,0,0,0,0,0,0,0,0,0,0,0,0,0,0,0,1,0,1,1,1,1,0,1,1,1,1,0,0,0,0,1,1,1,0,0,1,1,1,0,0,1,0,0,0,1,0,1,0,0,0,1,1,0,0,0,0,0,1,1,1,0,1,1,1,0,0,0,0,1,1,0,1,1,0,0,0,1,1,1,1,1,0,1,0,0,0,1,1,1,0,1,1,0,1,1,1,1,1,1,1,0,1,0,1,1,1,0,1
CHEMBL204_278,35,32,-1,-1,-1,2.0,2.395648228514071,2.656331713435024,5.601239669421487,0.1178951410090673,0.12112870963516749,1.6196733395557437,3.608752823657201,0.17505274909989693,0.08383210848193359,-0.3227448917579444,-1.0168757290943986,6.927619047619047,3.543879012896728,-0.13236127559949118,-0.8380756977070329,0.02470078940667176,0.06373410717366708,2.8557997675863245,7.120697211572738,0.8,0.4,-1.5,0.24999999999999956,2.0,2.395648228514071,2.656331713435024,5.601239669421487,2.0,0.0,0,0,1.8285714285714285,2.063086651261222,3.0415411819158527,8.387842460084677,0.0,0.0,0,0,0.0,0.0,0,0,0.0434782608695652,0.0477861678543631,2.6872574782353817,5.722666947892746,0.04347826086956521,0.0183247455241786,0.08269775556685162,-0.11530683955676935,1.2608695652173914,0.43910891036356864,1.0891622972743413,-0.81372549019608,-0.8638074114974582,64.0,202.0,0.0,98.0,1296.0,0.0,0.0,0.0,0.0,222.0,356.0,8184.0,0.0,0.0,0.0,0.0,0.0,0.0,0.0,0.0,0.0,0.0,0.0,0.0,0.0,0.0,0.0,0.0,0.0,0.0,12.0,1,1,0,1,1,0,0,0,0,1,1,1,0,0,0,0,0,0,0,0,0,0,0,0,0,0,0,0,0,0,1,6.40625,0.7008644216251814,1.424859316555938,0.5039899766411473,2.1875,0.7680128579652817,0.08083991312296285,-0.565852374895838,0.0,0.0,0,0,3.25,0.4330127018922193,1.1547005383792515,-0.6666666666666665,0.375,0.4841229182759271,0.5163977794943223,-1.7333333333333334,12.821375,1.3977885603248443,1.4238606556806157,0.5006056565359769,0.78125,0.7388494010960556,0.3718068958546361,-1.1008861338769398,435.4840000000001,148.60999999999999,0.4098700000000013,1,5,0,0,0,0,0,0,0,0,0,0,0,0,0,0,0,0,0,0,0,0,0,0,0,0,0,1,0,0,0,0,0,0,0,0,0,0,0,0,0,0,0,0,0,1,0,0,0,0,0,0,0,0,0,1,0,0,0,0,0,0,0,0,0,0,0,0,1,0,0,0,0,0,1,0,0,1,0,1,1,1,1,0,1,1,1,1,0,0,0,0,1,1,1,0,0,1,1,1,0,0,1,1,0,0,1,1,1,0,0,0,1,1,1,0,0,0,0,1,1,1,0,1,1,0,0,1,0,1,1,1,0,1,1,0,0,0,1,1,1,1,1,0,1,1,1,1,1,1,1,0,1,1,1,1,1,1,1,1,1,1,0,1,1,1,1,1,0,1
CHEMBL204_279,32,29,-1,-1,-1,2.0,2.16794833886788,2.2670713729220475,3.921684019918515,0.1183278149125997,0.13133365226783864,1.5475247642581114,2.547334639831056,0.1711768206356505,0.08407352250074895,-0.04333829132977883,-0.8997011627445453,6.088541666666667,3.157534632683737,0.060841292975579775,-0.8432904582937062,0.02338709677419355,0.058956215589949755,2.569652704874899,5.176554303880083,0.78125,0.41339864235384227,-1.360672102833218,-0.14857142857142858,2.0,2.16794833886788,2.2670713729220475,3.921684019918515,2.0,0.0,0,0,1.8125,1.8614090764794289,2.628977203961952,6.1926918828779485,0.0,0.0,0,0,0.005435499939170376,0.016158749639829245,3.2528078808629255,10.208704442038208,0.05000000000000001,0.04905111154893796,2.2825870806600923,4.002802011985408,0.04999999999999999,0.028919414174764662,1.161186168413252,0.8487365530774271,1.2,0.4,1.5,0.25000000000000044,-0.22242280938981865,58.0,158.0,0.0,124.0,804.0,8.0,0.0,0.0,0.0,252.0,446.0,4008.0,0.0,0.0,0.0,0.0,28.0,0.0,0.0,0.0,0.0,0.0,0.0,0.0,0.0,0.0,0.0,0.0,0.0,0.0,0.0,1,1,0,1,1,1,0,0,0,1,1,1,0,0,0,0,1,0,0,0,0,0,0,0,0,0,0,0,0,0,0,6.484848484848484,0.7435057058415332,1.157849640685432,-0.22451738943278565,2.0606060606060606,0.6936680692278543,-0.08120112129655048,-0.9233727638249518,0.0,0.0,0,0,3.5454545454545454,0.4979295977319692,-0.1825741858350551,-1.9666666666666668,0.0,0.0,0,0,12.978151515151515,1.4828025087898467,1.1568771578384447,-0.22721276785637956,1.1515151515151516,0.8570991287109667,-0.2952170811453839,-1.5759375000000002,466.5830000000004,177.70999999999998,0.2867700000000035,1,12,0,0,0,0,0,0,0,0,0,0,0,0,0,0,0,0,0,0,0,0,0,0,0,0,0,1,0,0,0,0,0,0,0,0,0,0,0,0,0,0,0,0,0,1,0,0,0,0,0,0,0,0,0,1,1,0,0,0,0,0,0,0,0,0,0,0,0,0,0,0,0,0,0,0,0,0,0,1,1,1,1,0,1,0,1,1,0,0,0,0,1,1,1,0,0,1,1,1,0,0,1,0,0,0,1,0,1,0,0,0,1,1,0,0,0,0,0,1,1,1,0,0,1,1,0,0,0,0,1,1,0,1,1,1,0,0,1,0,1,1,1,0,1,0,0,0,1,1,1,0,0,1,0,1,1,1,1,1,1,1,0,1,0,1,1,1,0,1
CHEMBL204_280,35,33,-1,-1,-1,2.0869565217391304,2.685112635938175,2.6697239862339517,5.5891565284414355,0.11533930880734093,0.12356485105107125,1.5812105501818452,2.6532563501074113,0.18655741298201944,0.09421292204153232,-0.19926150671032464,-1.020758180123541,7.233333333333333,3.8228531686694893,-0.06755149005982433,-0.8525646474554529,0.022358034122740005,0.061000369293136666,3.0213553296843716,7.878129485651526,0.8,0.4,-1.5,0.24999999999999956,2.0869565217391304,2.685112635938175,2.6697239862339517,5.5891565284414355,2.0,0.0,0,0,1.8857142857142857,2.289995989658729,3.1238221934123063,8.808486408378291,0.0,0.0,0,0,0.01157243528372464,0.03087290076266913,2.6310522168299584,5.627215687381126,0.043478260869565216,0.050755911537027854,2.68575936885503,5.663154338638757,0.043478260869565244,0.0730231236871241,2.85702217445117,6.500721173653615,1.2173913043478262,0.4124709991523974,1.3703203194062967,-0.12222222222222534,-0.8997738555040596,66.0,242.0,0.0,196.0,1794.0,24.0,0.0,0.0,0.0,582.0,930.0,13104.0,0.0,0.0,0.0,0.0,110.0,0.0,0.0,0.0,12.0,0.0,0.0,0.0,0.0,0.0,0.0,0.0,0.0,0.0,0.0,1,1,0,1,1,1,0,0,0,1,1,1,0,0,0,0,1,0,0,0,1,0,0,0,0,0,0,0,0,0,0,6.589743589743589,1.6442276453211688,4.824972569956552,24.56438780299475,2.1538461538461537,0.7351421121452028,0.13747929104532308,-0.39487985508018664,0.0,0.0,0,0,3.282051282051282,0.4499981737124165,0.9686648999069232,-1.0616883116883113,0.41025641025641024,0.49188015623720205,0.36490022459988075,-1.8668478260869572,13.190282051282052,3.2957087090345305,4.835470499926264,24.64902024563461,0.8974358974358975,0.7440316988998414,0.16715431654353563,-1.181467606253632,549.7010000000001,178.25,2.1252400000000033,1,10,0,0,0,0,0,0,0,0,0,0,0,0,0,0,0,0,0,0,0,0,0,0,0,0,0,1,0,0,0,0,0,0,1,1,0,0,0,0,1,0,0,0,0,1,0,0,0,0,0,0,0,1,0,0,0,1,0,0,1,1,1,1,0,0,1,0,0,1,0,1,0,0,0,1,0,1,0,1,1,1,0,1,1,0,1,1,1,0,1,0,1,1,1,0,1,1,0,0,1,0,1,1,1,0,1,1,1,0,0,0,1,1,1,0,0,0,0,1,1,1,0,1,1,0,1,1,0,0,1,1,1,1,0,0,0,0,1,1,1,0,0,0,1,0,0,1,1,1,1,0,0,1,0,1,1,1,1,0,1,1,0,1,1,1,1,1,0,1
CHEMBL204_281,36,36,-1,-1,-1,2.25,2.9047375096555625,2.85230082155259,6.951001371742112,0.11537302193401272,0.12027819248555245,1.7128297115940438,4.09285135949367,0.19280534450153308,0.09803863269256519,-0.25450247284098576,-1.0435111966799655,7.742592592592593,4.09492015260877,-0.15258796123559124,-0.8590293068073453,0.021755368814192346,0.06045098003882419,3.5762419008057003,12.224343149238857,0.8055555555555556,0.3957724124659724,-1.5440972939559132,0.3842364532019724,2.25,2.9047375096555625,2.85230082155259,6.951001371742112,2.0,0.0,0,0,2.0,2.48327740429189,3.352152405501397,10.766252739225711,0.0,0.0,0,0,0.023588498696836855,0.052188236100902584,2.656492086361809,7.550215712456481,0.04166666666666668,0.04962110660613868,2.929231956193336,7.34349240147791,0.04166666666666666,0.38576891211589875,-2.621043209194287,6.099195820336211,1.3333333333333333,0.4714045207910317,0.7071067811865478,-1.5,-1.0552737839539235,72.0,294.0,0.0,254.0,2514.0,40.0,0.0,0.0,0.0,836.0,1236.0,22320.0,0.0,0.0,0.0,0.0,166.0,0.0,0.0,0.0,12.0,0.0,0.0,0.0,0.0,0.0,0.0,0.0,0.0,0.0,84.0,1,1,0,1,1,1,0,0,0,1,1,1,0,0,0,0,1,0,0,0,1,0,0,0,0,0,0,0,0,0,1,6.973684210526316,2.241790192836534,3.3964019501012737,10.861009452577411,2.1578947368421053,0.7443229275647868,0.11985459941111959,-0.4586499999999991,0.0,0.0,0,0,3.3421052631578947,0.4744146415084196,0.6656402354702754,-1.5569230769230757,0.2894736842105263,0.45351810367405493,0.928414165097055,-1.1380471380471389,13.959000000000003,4.494723081453113,3.4023975025466404,10.89276115539307,0.8157894736842105,0.7899121589370333,0.33854670988905433,-1.3236371968006932,561.6900000000003,178.64999999999998,0.2790700000000028,3,11,0,0,0,0,0,0,0,0,0,0,0,0,0,0,0,0,0,0,0,0,0,0,0,0,0,1,0,0,0,0,0,0,1,1,0,0,1,0,0,0,0,0,0,1,0,0,0,1,0,0,0,1,0,0,0,1,0,0,1,0,1,1,0,0,1,1,0,1,0,0,0,0,0,1,0,1,0,1,1,1,1,1,1,1,1,1,1,0,1,0,1,1,1,0,1,1,1,0,1,0,1,1,1,0,1,1,1,0,0,0,1,1,1,0,0,0,0,1,1,1,1,1,1,0,1,1,0,1,1,1,1,1,1,0,0,0,1,1,1,0,1,0,1,1,0,1,1,1,1,0,0,1,1,1,1,1,1,0,1,1,0,1,1,1,1,1,0,1
CHEMBL204_282,37,34,-1,-1,-1,2.0,2.7422618401604177,2.909541053814386,6.9960389316432785,0.11284854560112402,0.11955012665295704,1.8299344362882115,4.400084905024822,0.18776135408352476,0.09348432141751213,-0.2751378648265994,-0.8993863075358774,7.725225225225225,4.0260443809876225,-0.13519723335889738,-0.7400839665326511,0.023337623337623334,0.06811076620515517,3.0775616525529355,8.200955021411014,0.8108108108108109,0.3916588309780929,-1.5871507864874157,0.5190476190476199,2.0,2.7422618401604177,2.909541053814386,6.9960389316432785,2.0,0.0,0,0,1.837837837837838,2.353990441936938,3.3522472413901165,10.41337561129612,0.0,0.0,0,0,0.003259131181901348,0.010390193613516292,3.5071608254609394,12.174819097717014,0.04000000000000001,0.049979434260244746,2.928613158364636,7.0945863730975915,0.039999999999999994,0.055019152762284924,-1.6149072755536418,2.87638265617921,1.16,0.36660605559646714,1.8548520670059365,1.4404761904761942,1.0466876819411306,68.0,262.0,0.0,166.0,2124.0,8.0,0.0,0.0,0.0,440.0,854.0,17064.0,0.0,0.0,0.0,0.0,40.0,0.0,0.0,0.0,0.0,0.0,0.0,0.0,0.0,0.0,0.0,0.0,0.0,0.0,0.0,1,1,0,1,1,1,0,0,0,1,1,1,0,0,0,0,1,0,0,0,0,0,0,0,0,0,0,0,0,0,0,6.666666666666667,1.7695516752310825,4.449216369192358,20.49558792924037,2.121212121212121,0.6399609721800872,-0.11253913615224193,-0.6019726919905888,0.0,0.0,0,0,3.303030303030303,0.459568208730397,0.8571946154145218,-1.2652173913043496,0.3333333333333333,0.4714045207910317,0.7071067811865478,-1.4999999999999996,13.34421212121212,3.547101520598027,4.458615772709791,20.564624680124165,0.9090909090909091,0.7925270806437588,0.1630059161711885,-1.3912742382271468,470.59900000000016,141.26999999999998,1.6976700000000007,2,11,0,0,0,0,0,0,0,0,0,0,0,0,0,0,0,0,0,0,0,0,0,0,0,0,0,1,0,0,0,0,0,0,0,0,0,0,1,0,0,0,0,0,0,1,0,0,0,1,0,0,0,0,0,0,0,0,0,0,0,0,0,0,0,0,0,1,0,0,0,0,0,0,0,0,0,1,0,1,1,1,1,1,1,1,1,1,0,0,1,0,1,1,1,0,0,1,1,0,0,0,1,0,0,0,1,0,1,0,0,0,1,1,0,0,0,0,0,1,1,1,1,1,1,0,0,1,0,0,1,1,0,1,1,0,0,0,1,1,1,0,0,0,1,0,0,0,1,1,1,0,1,1,1,1,1,1,1,0,1,1,0,1,1,1,1,1,0,1
CHEMBL204_283,36,35,-1,-1,-1,2.1666666666666665,2.778888666755511,2.7401271898293373,6.193972879250561,0.11134790680467344,0.12401379531324543,1.6449637260608097,3.0111539934646574,0.1900308727714211,0.09647691523426835,-0.2345854282867823,-1.05035688611666,7.583333333333333,4.025046966983088,-0.09794478804740465,-0.8725914841472195,0.022408963585434174,0.05994512289803539,2.997200333644219,7.8600416295996425,0.8055555555555556,0.39577241246597245,-1.5440972939559128,0.38423645320197064,2.1666666666666665,2.778888666755511,2.7401271898293373,6.193972879250561,2.0,0.0,0,0,1.9444444444444444,2.379827776733766,3.2067644360751224,9.610618239054414,0.0,0.0,0,0,0.0222786336756925,0.05360608085533459,2.2064035301281946,3.2279130701502563,0.041666666666666664,0.04819148004979633,2.740576008151149,6.2145638539235915,0.041666666666666664,0.10245460675389426,2.988688961011148,7.346950817590848,1.25,0.4330127018922193,1.1547005383792515,-0.6666666666666665,-0.07940847523482536,70.0,270.0,0.0,252.0,2130.0,48.0,0.0,0.0,0.0,872.0,1230.0,17064.0,0.0,0.0,0.0,0.0,228.0,0.0,0.0,0.0,48.0,0.0,0.0,0.0,0.0,0.0,0.0,0.0,0.0,0.0,0.0,1,1,0,1,1,1,0,0,0,1,1,1,0,0,0,0,1,0,0,0,1,0,0,0,0,0,0,0,0,0,0,6.666666666666667,1.6996731711975948,4.6011862474727785,22.30473372781064,2.1666666666666665,0.726483157256779,0.16904317232567756,-0.28254847645429493,0.0,0.0,0,0,3.361111111111111,0.480322679605294,0.5783149319662398,-1.6655518394648843,0.3055555555555556,0.46064233199380555,0.844231764817738,-1.2872727272727273,13.344000000000001,3.4069361113274006,4.611473671768697,22.382981845742197,0.8888888888888888,0.8089010988089465,0.20474499154615924,-1.443930224279103,512.6400000000002,170.52999999999997,0.2356700000000045,3,10,0,0,0,0,0,0,0,0,0,0,0,0,0,0,0,0,0,0,0,0,0,0,0,0,0,1,0,0,0,0,0,0,0,0,0,0,1,0,0,0,0,0,0,1,0,0,0,1,0,0,0,0,1,0,0,0,0,0,0,0,0,0,0,0,0,1,1,0,0,0,0,0,0,0,0,0,0,1,1,1,1,1,1,1,1,0,1,0,1,0,1,1,1,0,1,1,1,1,1,0,1,1,0,0,1,1,1,0,0,0,1,1,1,0,0,0,0,1,1,1,1,1,1,0,1,1,0,1,1,1,0,1,0,1,0,0,1,1,1,0,0,0,1,1,0,1,1,1,1,0,1,1,1,1,1,1,1,0,1,1,0,1,1,1,1,1,0,1
CHEMBL204_284,36,35,-1,-1,-1,2.16,2.852086955196142,2.79704081415318,6.386033442261272,0.11872064710162405,0.11697515005140806,1.637333111491795,3.5016622786672613,0.20056988099815265,0.09778684984416627,-0.3969703873907643,-0.7876840800707248,8.055555555555555,4.108999082111132,-0.2696471709707996,-0.661570760857634,0.02432306255835668,0.07132056424656143,3.12342722651987,8.463904743518832,0.8055555555555556,0.3957724124659724,-1.5440972939559128,0.3842364532019724,2.16,2.852086955196142,2.79704081415318,6.386033442261272,2.0,0.0,0,0,1.9444444444444444,2.482655885722703,3.222131450380443,9.486076385484587,0.0,0.0,0,0,0.02716165256487837,0.0803837821102992,3.827381287815663,15.046610077295835,0.039999999999999994,0.04880067002774526,2.8553272937074756,6.585759634247632,0.039999999999999994,0.04983560905305092,-1.392977124364269,2.121281662983124,1.28,0.448998886412873,0.9799578870122222,-1.0396825396825407,0.3814150791330051,70.0,288.0,0.0,232.0,2400.0,32.0,0.0,0.0,0.0,624.0,1168.0,19944.0,0.0,0.0,0.0,0.0,116.0,0.0,0.0,0.0,12.0,0.0,0.0,0.0,0.0,0.0,0.0,0.0,0.0,0.0,24.0,1,1,0,1,1,1,0,0,0,1,1,1,0,0,0,0,1,0,0,0,1,0,0,0,0,0,0,0,0,0,1,6.735294117647059,1.754135006029229,4.3305230534021675,19.939226773042492,2.1176470588235294,0.6758308995927093,-0.14638348341729157,-0.8250688705234155,0.0,0.0,0,0,3.235294117647059,0.4241825029957635,1.2480754415067645,-0.4423076923076943,0.3235294117647059,0.467822756487849,0.754433536154318,-1.430830039525691,13.481,3.515834868637805,4.341649734554397,20.020297549705163,0.7941176470588235,0.7962933159224049,0.3851808759065781,-1.3246986258791826,485.57000000000016,161.57999999999998,0.058470000000002686,1,10,0,0,0,0,0,0,0,0,0,0,0,0,0,0,0,0,0,0,0,0,0,0,0,0,0,1,0,0,0,0,0,0,0,0,0,0,1,0,0,0,0,0,0,1,0,0,0,1,0,0,0,0,0,0,0,0,0,0,0,0,0,0,0,0,0,1,0,0,0,0,0,0,0,0,0,1,0,1,1,1,1,1,1,1,1,1,1,0,1,0,1,1,1,0,0,1,1,0,1,0,1,0,0,0,1,0,1,0,0,0,1,1,0,0,0,0,0,1,1,1,1,1,1,0,0,1,0,1,1,1,0,1,1,0,0,0,1,1,1,0,1,0,1,1,0,1,1,1,1,0,1,1,1,1,1,1,1,0,1,1,0,1,1,1,1,1,0,1
CHEMBL204_285,33,30,-1,-1,-1,2.0,2.2886885410853175,2.502425570128822,5.250743801652893,0.11554910849208598,0.13019767213631142,1.7277922967220265,3.7558876149759017,0.17469956101480624,0.08650394698066605,-0.08388574773335052,-0.9078399035843332,6.404040404040404,3.3393960781431247,0.030045276438273868,-0.806896193493813,0.02346041055718475,0.06101725587206293,2.720833633037409,6.180602422344203,0.7878787878787878,0.40881022918884974,-1.4083737016560922,-0.016483516483517313,2.0,2.2886885410853175,2.502425570128822,5.250743801652893,2.0,0.0,0,0,1.8181818181818181,1.961053295437992,2.8826522244904518,7.942453263930515,0.0,0.0,0,0,0.004953886693017127,0.014973586576754353,3.2853217750627475,10.327602350674637,0.047619047619047616,0.04939623210412374,2.5214578280181685,5.359065599250963,0.047619047619047616,1.224396586792373,2.5573938354975305,6.007263457321402,1.1904761904761905,0.39267672624930106,1.576481562736164,0.4852941176470571,-0.4375929938401415,60.0,176.0,0.0,132.0,1020.0,8.0,0.0,0.0,0.0,280.0,516.0,6024.0,0.0,0.0,0.0,0.0,30.0,0.0,0.0,0.0,0.0,0.0,0.0,0.0,0.0,0.0,0.0,0.0,0.0,0.0,0.0,1,1,0,1,1,1,0,0,0,1,1,1,0,0,0,0,1,0,0,0,0,0,0,0,0,0,0,0,0,0,0,6.451612903225806,0.7111421833886648,1.2471453262867265,0.07857033988721218,2.064516129032258,0.6689174630105718,-0.07469156268964963,-0.7714115738236913,0.0,0.0,0,0,3.5806451612903225,0.49345350131543086,-0.32686022523030617,-1.893162393162394,0.0,0.0,0,0,12.911903225806457,1.418316206493636,1.2460263507894953,0.07511873449457962,1.2258064516129032,0.8312321759177501,-0.4418447269834244,-1.4140114675569757,438.5730000000003,160.64,0.3700700000000037,2,11,0,0,0,0,0,0,0,0,0,0,0,0,0,0,0,0,0,0,0,0,0,0,0,0,0,1,0,0,0,0,0,0,0,0,0,0,0,0,0,0,0,0,0,1,0,0,0,0,0,0,0,0,0,1,1,0,0,0,0,0,0,0,0,0,0,0,0,0,0,0,0,0,0,0,0,1,0,1,1,1,1,0,1,0,1,1,0,0,0,0,1,1,1,0,0,1,0,0,1,0,1,0,0,0,1,0,1,0,0,0,1,1,0,0,0,0,0,1,1,1,0,1,1,1,0,0,0,0,1,1,0,1,1,0,0,0,1,1,1,1,1,0,1,0,0,1,1,1,1,0,1,1,0,1,1,1,1,1,1,1,0,1,0,1,1,1,0,1
CHEMBL204_286,37,36,-1,-1,-1,2.16,2.9756343861435663,2.8596988198609714,6.588956281561467,0.11179849059204057,0.12053266996282978,1.661293498830924,3.026473395326546,0.1959508641217743,0.0998378599603256,-0.28257213974741907,-1.0464996241310045,8.013513513513514,4.2499564347490475,-0.1456912209120103,-0.8459682075305892,0.021793221793221795,0.06154154700755198,3.251926255466869,9.361564470883527,0.8108108108108109,0.3916588309780929,-1.5871507864874157,0.5190476190476199,2.16,2.9756343861435663,2.8596988198609714,6.588956281561467,2.0,0.0,0,0,1.945945945945946,2.5462844785543526,3.3510095700290443,10.220373546825408,0.0,0.0,0,0,0.01943618259407733,0.04732893729372404,2.2430825583277976,3.4188186761557553,0.04,0.049956076646910055,2.870450778045344,6.633411160851345,0.039999999999999994,0.02018668380829712,0.6762761522321799,-0.31155788851801214,1.24,0.4270831300812524,1.2175615550562027,-0.5175438596491229,-0.742980172938178,72.0,308.0,0.0,270.0,2724.0,48.0,0.0,0.0,0.0,1012.0,1458.0,23904.0,0.0,0.0,0.0,0.0,252.0,0.0,0.0,0.0,48.0,0.0,0.0,0.0,0.0,0.0,0.0,0.0,0.0,0.0,0.0,1,1,0,1,1,1,0,0,0,1,1,1,0,0,0,0,1,0,0,0,1,0,0,0,0,0,0,0,0,0,0,6.633333333333334,2.008039397577204,4.584254774551038,20.700112782117614,2.2666666666666666,0.7272474743090478,-0.45603824389974823,-1.010945554692466,0.0,0.0,0,0,3.3333333333333335,0.4714045207910318,0.707106781186546,-1.5000000000000022,0.4,0.48989794855663565,0.40824829046386274,-1.8333333333333335,13.324400000000002,4.264274573711218,4.652655552537469,21.189374925338875,0.7666666666666667,0.7156970184527962,0.3762342116851813,-0.998611901882636,422.91600000000017,90.49,2.9445700000000015,4,4,0,0,0,0,0,0,0,0,0,0,0,0,0,0,0,0,0,0,0,0,0,0,0,0,0,0,0,0,0,0,0,0,0,0,0,0,0,0,1,0,0,0,0,1,0,0,0,0,0,0,0,0,0,0,0,0,0,0,0,0,0,0,1,0,0,0,0,0,0,0,0,0,0,0,0,1,0,1,1,0,1,0,0,1,1,1,0,1,0,1,0,0,1,0,0,0,1,1,0,0,1,1,0,1,0,1,0,1,0,0,1,1,0,0,0,0,0,1,1,1,1,1,1,0,0,1,0,1,0,1,0,1,0,0,1,0,1,1,1,0,0,0,1,1,0,1,0,1,1,0,1,1,0,1,1,1,1,0,1,1,0,1,1,1,1,1,0,1
CHEMBL204_287,38,37,-1,-1,-1,2.1538461538461537,2.9048011674614163,2.954249794941085,7.1722656180845075,0.11191065425672868,0.11743847298698644,1.7044189633261972,3.4719716255885347,0.19172439259343593,0.0953037431996317,-0.37078343478795944,-1.0339325743899968,8.180701754385964,4.26337854096539,-0.22145778385104656,-0.8374639312618588,0.023115220483641535,0.06237902246155602,3.4550628923022684,11.082357921274014,0.8157894736842105,0.3876557858593746,-1.6292261599251139,0.6543778801843323,2.1538461538461537,2.9048011674614163,2.954249794941085,7.1722656180845075,2.0,0.0,0,0,1.9473684210526316,2.5020766997904658,3.4265155626656316,10.788521419061787,0.0,0.0,0,0,0.01133850103683223,0.029822729465999207,2.360070977076798,3.8252222700307046,0.038461538461538464,0.04732030702460138,2.9667326567458203,7.21786571710131,0.03846153846153846,0.017506853146829135,0.44418217560978723,0.05134895815483009,1.3076923076923077,0.4615384615384615,0.8333333333333337,-1.3055555555555551,-1.6617545139194976,74.0,308.0,0.0,210.0,2712.0,24.0,0.0,0.0,0.0,824.0,1022.0,23880.0,0.0,0.0,0.0,0.0,120.0,0.0,0.0,0.0,12.0,0.0,0.0,0.0,0.0,0.0,0.0,0.0,0.0,0.0,36.0,1,1,0,1,1,1,0,0,0,1,1,1,0,0,0,0,1,0,0,0,1,0,0,0,0,0,0,0,0,0,1,6.324324324324325,0.6174951166916682,1.723082500170687,1.686946756506802,2.2162162162162162,0.6631267106154214,-0.2713519681830899,-0.7794229644264394,0.0,0.0,0,0,3.189189189189189,0.39165883097809295,1.587150786487416,0.5190476190476212,0.5675675675675675,0.4954135886438747,-0.2727723627949901,-1.9255952380952384,12.65802702702703,1.2316403144321015,1.7217494984644535,1.6811124663136354,0.7567567567567568,0.713021943690428,0.392119677713226,-0.9808759413396739,496.5710000000002,137.33,3.328870000000002,1,8,0,0,0,0,0,0,0,0,0,0,0,0,0,0,0,0,0,0,0,0,0,0,0,0,0,0,0,0,0,0,0,0,0,0,0,0,0,0,1,0,0,0,0,1,0,0,0,0,0,0,0,0,0,0,0,0,0,0,0,0,0,0,0,0,0,1,0,0,0,0,0,0,0,0,0,0,0,1,1,1,0,0,1,1,1,1,0,0,0,0,1,1,1,0,0,0,1,1,1,0,1,1,0,0,1,1,0,0,0,0,1,1,0,0,0,0,0,1,1,1,1,1,1,1,0,1,0,0,1,1,0,1,1,1,0,1,1,1,1,1,0,0,1,0,1,1,1,1,1,0,0,1,0,1,1,1,1,1,1,1,0,1,1,1,1,1,0,1
CHEMBL204_288,37,37,-1,-1,-1,2.24,3.0761014287568607,2.948169072140683,7.059144491173164,0.11333517377397677,0.11908889710065124,1.672393829500926,3.286402957181463,0.19707290088049847,0.1009369552232881,-0.27119675962263773,-1.0637846943451943,8.113513513513514,4.304862879579273,-0.16916822329252518,-0.8518011390022462,0.02162162162162162,0.06258781371069876,3.6283637696885873,12.122750630504475,0.8108108108108109,0.3916588309780929,-1.5871507864874157,0.5190476190476199,2.24,3.0761014287568607,2.948169072140683,7.059144491173164,2.0,0.0,0,0,2.0,2.6303837968857167,3.4661054066689556,10.972106933593748,0.0,0.0,0,0,0.036253279473618456,0.09119932034585002,3.6990375851802044,15.314118153168941,0.04,0.050117631097841966,2.9828239959293446,7.235449817341413,0.039999999999999994,0.0835409598813529,-2.2411389761761016,4.429319758544383,1.32,0.46647615158762407,0.7717436331412894,-1.4044117647058831,0.5869624392677182,74.0,330.0,0.0,282.0,3102.0,56.0,0.0,0.0,0.0,1128.0,1500.0,29160.0,0.0,0.0,0.0,0.0,280.0,0.0,0.0,0.0,48.0,0.0,0.0,0.0,0.0,0.0,0.0,0.0,0.0,0.0,36.0,1,1,0,1,1,1,0,0,0,1,1,1,0,0,0,0,1,0,0,0,1,0,0,0,0,0,0,0,0,0,1,6.228571428571429,0.4831867007225076,2.0207997756633884,3.3152476893735576,2.2857142857142856,0.6577636818983622,0.22128397272835684,0.026877892488430977,0.0,0.0,0,0,3.4,0.48989794855663565,0.4082482904638634,-1.8333333333333335,0.42857142857142855,0.4948716593053935,0.2886751345948129,-1.916666666666667,12.467114285714286,0.9640218068496339,2.019011643808557,3.303830409189519,0.9714285714285714,0.8446711713768276,0.05410532653921321,-1.5963402437044754,470.6210000000004,100.03000000000002,3.6415700000000024,1,5,0,0,0,0,0,0,0,0,0,0,0,0,0,0,0,0,0,0,0,0,0,0,0,0,0,0,0,0,0,0,0,0,0,0,0,0,0,0,1,0,0,0,0,1,0,0,0,0,0,0,0,0,0,0,0,0,0,0,0,0,0,0,1,0,0,1,1,0,0,0,0,0,0,0,0,1,0,1,1,1,0,0,1,1,1,1,1,0,0,0,0,1,1,0,0,0,1,0,1,0,1,1,0,0,1,1,0,0,0,0,1,1,1,0,0,0,0,1,1,1,1,1,1,0,0,1,0,0,1,1,0,1,0,0,0,0,0,1,1,0,0,0,1,0,1,1,0,1,1,0,0,1,0,1,1,1,1,0,1,0,0,1,1,1,1,1,0,1
CHEMBL204_289,35,31,-1,-1,-1,1.9130434782608696,2.3758393204024784,2.8266958159079194,6.294767185467885,0.11570761868668425,0.12322002901024434,1.6114441467436207,3.2971913167630253,0.16587320613306317,0.07878546123416424,-0.21194899510583587,-0.9205491203794693,6.690476190476191,3.4167962477501432,-0.047826581832525895,-0.7367752366824845,0.02745098039215686,0.07482773934576838,2.898437590970246,6.9509380372522305,0.8,0.4,-1.5,0.24999999999999956,1.9130434782608696,2.3758393204024784,2.8266958159079194,6.294767185467885,2.0,0.0,0,0,1.7714285714285714,2.043606256256876,3.202530453176848,9.175638249683185,0.0,0.0,0,0,0.0,0.0,0,0,0.043478260869565195,0.048893465275785815,2.833783734126265,6.376938314324166,0.04347826086956521,0.05608040892284385,3.037088260042037,8.038723470116347,1.0,0.0,0,0,0.02516639865736679,62.0,194.0,0.0,68.0,1284.0,0.0,0.0,0.0,0.0,166.0,240.0,8184.0,0.0,0.0,0.0,0.0,0.0,0.0,0.0,0.0,0.0,0.0,0.0,0.0,0.0,0.0,0.0,0.0,0.0,0.0,0.0,1,1,0,1,1,0,0,0,0,1,1,1,0,0,0,0,0,0,0,0,0,0,0,0,0,0,0,0,0,0,0,6.310344827586207,0.5932638115201813,1.755496436435376,1.9093316289262114,2.1379310344827585,0.680979919245914,-0.17917696494557078,-0.8577909270216981,0.0,0.0,0,0,3.4827586206896552,0.49970264642032547,0.06900655593423499,-1.995238095238095,0.20689655172413793,0.4050806939472666,1.4471361022898723,0.09420289855072372,12.630172413793106,1.1833690673597266,1.7540203648428871,1.9024683953058519,1.1379310344827587,0.8189201439336493,-0.2589169204130045,-1.4631432020522102,399.5390000000002,125.3,1.87557,2,7,0,0,0,0,0,0,0,0,0,0,0,0,0,0,0,0,0,0,0,0,0,0,0,0,0,0,0,0,0,0,0,0,0,0,0,0,0,0,1,0,0,0,0,1,0,0,0,0,0,0,0,0,0,0,0,0,0,0,0,0,0,0,0,0,0,0,0,0,0,0,0,0,0,0,0,1,0,1,1,1,0,0,1,1,1,1,0,0,0,0,1,1,1,0,0,1,1,0,0,0,1,0,0,0,1,0,0,0,0,0,1,1,0,0,0,0,0,1,1,1,0,1,1,0,0,0,0,0,1,1,0,1,0,0,0,0,1,1,1,0,0,0,1,0,0,1,0,1,1,0,1,1,0,1,1,1,1,0,1,1,0,1,1,1,1,1,0,1
CHEMBL204_290,38,37,-1,-1,-1,2.1538461538461537,3.0469695877443628,3.2882729055268247,10.152668760289899,0.1092028953322689,0.11996048151259538,2.2002275420907864,7.349437383140163,0.19912490361667298,0.10148735787838904,-0.3020591033918625,-0.9560924085182689,8.355263157894736,4.416488088516836,-0.16968375422252024,-0.7196883133691871,0.021771771771771774,0.0639699839295752,3.7099001736588546,13.692775936705509,0.8157894736842105,0.3876557858593746,-1.6292261599251139,0.6543778801843323,2.1538461538461537,3.0469695877443628,3.2882729055268247,10.152668760289899,2.0,0.0,0,0,1.9473684210526316,2.6152122629062835,3.8092071582137588,14.793875157665845,0.0,0.0,0,0,0.015370609249327783,0.035108626431645425,2.222077807440766,3.860773132928908,0.03846153846153847,0.049881059125461535,3.328268854002801,10.367621867989566,0.03846153846153845,0.06775470768362674,3.8311837999157596,14.224478444487008,1.2692307692307692,0.4435600997950306,1.0405319634289447,-0.917293233082705,-0.4187167308028009,74.0,330.0,0.0,264.0,3324.0,32.0,0.0,0.0,0.0,828.0,1524.0,35928.0,0.0,0.0,0.0,0.0,160.0,0.0,0.0,0.0,12.0,0.0,0.0,0.0,0.0,0.0,0.0,0.0,0.0,0.0,24.0,1,1,0,1,1,1,0,0,0,1,1,1,0,0,0,0,1,0,0,0,1,0,0,0,0,0,0,0,0,0,1,6.285714285714286,0.5890150893739514,1.9260181988179395,2.477508650519037,2.142857142857143,0.63887656499994,-0.13416407864998706,-0.6100000000000012,0.0,0.0,0,0,3.25,0.4330127018922193,1.1547005383792515,-0.6666666666666665,0.42857142857142855,0.4948716593053935,0.28867513459481275,-1.916666666666667,12.581000000000003,1.1748427250366023,1.9246580949007073,2.4709112685257635,0.9285714285714286,0.7525466966323385,0.11800342649895915,-1.2276600925249588,378.47600000000006,99.28,2.2106699999999995,1,7,0,0,0,0,0,0,0,0,0,0,0,0,0,0,0,0,0,0,0,0,0,0,0,0,0,0,0,0,0,0,0,0,0,0,0,0,0,0,1,0,0,0,0,1,0,0,0,0,0,0,0,0,0,0,0,0,0,0,0,0,0,0,0,0,0,0,0,0,0,0,0,0,0,0,0,1,0,1,1,1,0,0,1,1,1,1,0,0,0,0,1,1,1,0,0,1,1,0,0,0,1,0,0,0,0,0,0,0,0,0,1,1,0,0,0,0,0,1,1,1,0,1,1,0,0,1,0,0,1,1,0,1,1,0,0,0,1,1,1,0,0,0,1,0,0,1,0,1,1,0,1,1,0,1,1,1,1,0,1,1,0,1,1,1,1,1,0,1
CHEMBL204_291,36,34,-1,-1,-1,2.1904761904761907,2.9539166512896804,2.873145043996265,6.901519702975007,0.10731632272154551,0.12751856592395816,1.773961505535303,4.146418340623968,0.16310788965932987,0.09392988754116706,0.0458762568845135,-1.2425213126418024,6.481481481481481,3.8620857638312396,0.13568865030140395,-0.9861848137158113,0.015546218487394958,0.04672563620473646,3.985457753443151,15.539029032415307,0.8055555555555556,0.3957724124659724,-1.5440972939559132,0.3842364532019724,2.1904761904761907,2.9539166512896804,2.873145043996265,6.901519702975007,2.0,0.0,0,0,1.8888888888888888,2.3778816176702997,3.602870859717019,12.559056844835151,0.0,0.0,0,0,0.029104519300597726,0.06659849876451418,1.957364810120793,2.0933727853791266,0.047619047619047596,0.05847436424609335,2.9084769049902626,7.115680582120028,0.047619047619047616,0.026055355810223068,-0.2424433505170937,-0.47343725960091954,1.2857142857142858,0.45175395145262565,0.9486832980505128,-1.100000000000001,0.05730653921676205,68.0,264.0,0.0,184.0,2280.0,48.0,0.0,0.0,0.0,752.0,884.0,20304.0,0.0,0.0,0.0,0.0,216.0,0.0,0.0,0.0,48.0,0.0,0.0,0.0,0.0,0.0,0.0,0.0,0.0,0.0,0.0,1,1,0,1,1,1,0,0,0,1,1,1,0,0,0,0,1,0,0,0,1,0,0,0,0,0,0,0,0,0,0,6.724137931034483,2.0324361418332932,4.443010535783073,19.554292285251496,2.206896551724138,0.7133848574336966,-0.3245795174669668,-1.0049786007511574,0.0,0.0,0,0,3.310344827586207,0.46263475396547377,0.8198915917499234,-1.3277777777777773,0.41379310344827586,0.4925123054167483,0.3500700210070027,-1.8774509803921566,13.50734482758621,4.31639760620903,4.51678625449929,20.059138473755755,0.7931034482758621,0.804269226875214,0.39107351998029766,-1.3507650302768175,414.89700000000016,125.89000000000001,1.9488699999999997,1,6,0,0,0,0,0,0,0,0,0,0,0,1,0,0,0,0,0,0,0,0,0,0,0,0,0,0,0,0,0,0,0,0,0,0,0,0,0,0,1,0,0,0,0,1,0,0,0,0,0,0,0,0,0,0,0,0,0,0,0,0,0,0,0,0,0,1,0,0,0,0,0,0,0,0,0,0,0,1,1,1,0,0,1,1,1,1,0,1,0,0,1,1,1,0,0,1,1,0,1,0,1,1,0,1,1,1,0,1,0,0,1,1,0,1,0,0,0,1,1,1,1,1,1,0,0,1,0,1,1,0,0,1,0,1,1,1,1,1,0,0,0,0,1,1,1,1,0,1,1,0,1,1,0,1,1,1,1,0,1,1,0,1,1,1,1,1,0,1
CHEMBL204_292,36,36,-1,-1,-1,2.25,2.93328598446634,2.77478064692654,6.5756966388968685,0.1135351221548536,0.12201456394652345,1.655054126803186,3.327651845606497,0.19571996714650514,0.10086026476590566,-0.22299748911542056,-1.0639059749530588,7.773148148148149,4.155569068935577,-0.11096019602692424,-0.8762636057047088,0.021288515406162466,0.05852722045074925,3.3968945029134243,10.962921928666972,0.8055555555555556,0.39577241246597245,-1.5440972939559128,0.38423645320197064,2.25,2.93328598446634,2.77478064692654,6.5756966388968685,2.0,0.0,0,0,2.0,2.5055493963954847,3.2741481109135453,10.294541467616884,0.0,0.0,0,0,0.027758851215406093,0.061278212636715484,2.1550687909661597,3.6819398439538027,0.041666666666666664,0.04980300099637776,2.8436600196408426,6.935639762846744,0.041666666666666664,0.025850439166965583,1.7561072008687229,2.9272935681303656,1.2916666666666667,0.45452967144315476,0.9166984970282107,-1.159663865546219,0.09156141600731438,72.0,298.0,0.0,314.0,2532.0,64.0,0.0,0.0,0.0,1048.0,1622.0,22344.0,0.0,0.0,0.0,0.0,300.0,0.0,0.0,0.0,60.0,0.0,0.0,0.0,0.0,0.0,0.0,0.0,0.0,0.0,48.0,1,1,0,1,1,1,0,0,0,1,1,1,0,0,0,0,1,0,0,0,1,0,0,0,0,0,0,0,0,0,1,6.583333333333333,1.8465433171800283,4.98996619508151,25.157461600043153,2.1666666666666665,0.6454972243679028,-0.17213259316477342,-0.6666666666666674,0.0,0.0,0,0,3.111111111111111,0.3142696805273545,2.474873734152915,4.124999999999998,0.6666666666666666,0.4714045207910317,-0.7071067811865472,-1.4999999999999998,13.21638888888889,3.919088267539459,5.0734050225582905,25.810447419984474,0.6944444444444444,0.6591005843169262,0.42324634060177635,-0.7541620789414738,500.9900000000001,125.89000000000001,3.776270000000002,0,9,0,0,0,0,0,0,0,0,0,0,0,0,0,0,0,0,0,0,0,0,0,0,0,0,0,0,0,0,0,0,0,0,0,0,0,0,0,0,1,0,0,0,0,1,0,0,0,0,0,0,0,0,0,0,0,0,0,0,0,0,0,0,1,0,0,1,0,0,0,0,0,0,0,0,0,1,0,1,1,1,0,0,1,0,1,1,0,1,0,0,0,1,1,0,0,1,0,0,1,0,1,0,0,1,1,0,0,1,0,0,1,1,0,1,0,0,0,1,0,1,1,1,1,0,0,1,0,1,0,1,0,1,1,1,1,1,1,1,1,0,0,0,1,1,1,1,0,0,1,0,1,1,0,1,1,1,1,0,1,1,0,1,1,1,1,1,0,1
CHEMBL204_293,36,35,-1,-1,-1,2.1666666666666665,2.7487370837451075,2.8232662601885634,6.594817798442909,0.1136059483976635,0.12194862142084753,1.6806909810632469,3.533157348276302,0.18671555096610545,0.09299331626980942,-0.3072437167011758,-1.1045973718095188,7.551851851851852,3.9606762613457733,-0.1550274830702969,-0.8981190852335739,0.02296918767507003,0.05912496130669217,3.32545687457466,10.285749317983118,0.8055555555555556,0.3957724124659724,-1.5440972939559132,0.3842364532019724,2.1666666666666665,2.7487370837451075,2.8232662601885634,6.594817798442909,2.0,0.0,0,0,1.9444444444444444,2.356367784494277,3.2893468714612117,10.104689128448541,0.0,0.0,0,0,0.013275906568589494,0.03380830141486567,2.263129501048477,3.3812011362740346,0.04166666666666666,0.04818142680573172,2.8426691577016983,6.692437910940587,0.041666666666666664,0.03308110965589005,-0.7072439779839781,0.30282941416313713,1.3333333333333333,0.4714045207910317,0.707106781186548,-1.4999999999999998,-1.0971012718569793,70.0,266.0,0.0,190.0,2112.0,24.0,0.0,0.0,0.0,684.0,828.0,17040.0,0.0,0.0,0.0,0.0,108.0,0.0,0.0,0.0,12.0,0.0,0.0,0.0,0.0,0.0,0.0,0.0,0.0,0.0,36.0,1,1,0,1,1,1,0,0,0,1,1,1,0,0,0,0,1,0,0,0,1,0,0,0,0,0,0,0,0,0,1,6.324324324324325,0.6174951166916682,1.7230825001706869,1.686946756506802,2.1621621621621623,0.6783729944870882,-0.2113467731426219,-0.8468480725623571,0.0,0.0,0,0,3.2162162162162162,0.4116634111277789,1.3787175450270865,-0.09913793103448354,0.4864864864864865,0.49981735159207924,0.05407380704358733,-1.997076023391814,12.658027027027032,1.2316403144321013,1.7217494984644501,1.6811124663136292,0.8648648648648649,0.7411518486920047,0.2211251200898931,-1.1583012675418733,500.6030000000003,173.32000000000002,3.6257400000000013,0,9,0,0,0,0,0,0,0,0,0,0,0,0,0,0,0,0,0,0,0,0,0,0,0,0,0,0,0,0,0,0,0,0,0,0,0,0,0,0,1,0,0,0,0,1,0,0,0,0,0,0,0,0,0,0,0,0,0,0,0,0,0,0,0,0,0,0,0,0,0,0,0,0,0,0,0,0,0,1,1,0,0,0,0,0,1,0,0,0,0,1,1,0,1,0,0,0,0,0,0,0,0,0,0,0,1,0,0,0,0,1,1,1,0,1,0,0,0,1,1,1,0,0,0,0,0,1,1,1,1,1,0,1,0,1,0,0,0,0,0,0,0,0,1,1,0,1,1,1,0,0,0,1,1,1,1,1,1,1,1,1,0,1,1,1,1,1,0,1
CHEMBL204_294,37,35,-1,-1,-1,2.08,2.8272955275315668,2.945142929156445,7.040957185283856,0.11525454974123198,0.11723231547219784,1.7104326546918698,3.769450172487047,0.18776336555744724,0.09268649357974235,-0.34210523753763167,-0.984866439681348,7.818018018018019,4.054812841902637,-0.19673275733741558,-0.7939769067159554,0.023251823251823255,0.0655139708679108,3.351929281531672,10.240233216150504,0.8108108108108109,0.3916588309780929,-1.5871507864874157,0.5190476190476199,2.08,2.8272955275315668,2.945142929156445,7.040957185283856,2.0,0.0,0,0,1.8918918918918919,2.4249133033684274,3.4129434570371986,10.626835353574327,0.0,0.0,0,0,0.00424029799029799,0.012701095925477076,2.8838846559376417,6.889092681674885,0.04,0.049875579532810965,2.9657395160809172,7.127147049135333,0.03999999999999995,0.8414156060800769,-2.8459298184729045,6.772216840431172,1.28,0.44899888641287294,0.9799578870122225,-1.0396825396825395,-0.7707384890599014,70.0,280.0,0.0,152.0,2376.0,8.0,0.0,0.0,0.0,494.0,712.0,19920.0,0.0,0.0,0.0,0.0,38.0,0.0,0.0,0.0,0.0,0.0,0.0,0.0,0.0,0.0,0.0,0.0,0.0,0.0,24.0,1,1,0,1,1,1,0,0,0,1,1,1,0,0,0,0,1,0,0,0,0,0,0,0,0,0,0,0,0,0,1,6.361111111111111,0.6303780954394564,1.5310754379586065,1.0901913469695605,2.1666666666666665,0.6871842709362769,-0.2282688235636069,-0.8927335640138421,0.0,0.0,0,0,3.1944444444444446,0.39577241246597245,1.544097293955911,0.3842364532019671,0.5,0.5,0.0,-2.0,12.731444444444445,1.2573682489947995,1.529661517298736,1.0844595803397592,0.8055555555555556,0.738596433350463,0.3254470595171193,-1.117789572450882,487.56400000000025,186.21000000000004,3.2340399999999994,0,8,0,0,0,0,0,0,0,0,0,0,0,0,0,0,0,0,0,0,0,0,0,0,0,0,0,0,0,0,0,0,0,0,0,0,0,0,0,0,1,0,0,0,0,1,0,0,0,0,0,0,0,0,0,0,0,0,0,0,0,0,0,0,0,0,0,1,0,0,0,0,0,0,0,0,0,0,0,1,1,0,0,0,0,0,1,0,0,0,0,1,1,0,1,0,0,0,0,0,1,0,0,0,0,0,1,0,0,0,0,0,1,1,0,1,0,0,0,1,1,1,0,1,0,0,0,1,1,1,1,1,0,1,0,1,0,0,0,1,0,0,0,0,1,1,0,1,1,1,0,0,0,1,1,0,1,0,1,1,1,1,0,1,1,1,1,1,0,1
CHEMBL204_295,35,34,-1,-1,-1,2.1666666666666665,2.8963578661637945,2.961967656869185,7.402208236480858,0.11467982752580977,0.12417715462225372,1.7204443824959952,3.7507532055946458,0.19767782025793906,0.09937211676485451,-0.2688250424504759,-0.9771104358322562,7.73904761904762,4.054736487351479,-0.15374839281244707,-0.7413247377831254,0.025006366182836772,0.06664683079468825,3.5688729899978244,12.531962283726838,0.8,0.4,-1.5,0.24999999999999956,2.1666666666666665,2.8963578661637945,2.961967656869185,7.402208236480858,2.0,0.0,0,0,1.9428571428571428,2.5064813942241493,3.4178304939623416,10.949588859509598,0.0,0.0,0,0,0.023476523476523476,0.05395591972044989,2.0203742607217183,2.3523034512571206,0.041666666666666664,0.05013481402660511,2.96967251575428,7.46507991113185,0.041666666666666664,1.2777941599647473,-2.843991379653793,7.03922048172417,1.25,0.4330127018922193,1.1547005383792515,-0.6666666666666665,-0.9865154212869833,68.0,284.0,0.0,236.0,2502.0,48.0,0.0,0.0,0.0,886.0,1194.0,22320.0,0.0,0.0,0.0,0.0,234.0,0.0,0.0,0.0,48.0,0.0,0.0,0.0,0.0,0.0,0.0,0.0,0.0,0.0,0.0,1,1,0,1,1,1,0,0,0,1,1,1,0,0,0,0,1,0,0,0,1,0,0,0,0,0,0,0,0,0,0,6.333333333333333,0.6085806194501846,1.6431676725154998,1.5000000000000027,2.1481481481481484,0.7046776885348314,-0.21662369894796604,-0.9821586642654365,0.0,0.0,0,0,3.0,0.0,0,0,0.6666666666666666,0.4714045207910316,-0.7071067811865477,-1.4999999999999996,12.676037037037041,1.2139156563989448,1.6417039085962672,1.4935864653992192,0.7037037037037037,0.6562979683951612,0.3982678815065446,-0.750395553572154,361.40500000000003,144.22000000000003,3.421540000000001,0,6,0,0,0,0,0,0,0,0,0,0,0,0,0,0,0,0,0,0,0,0,0,0,0,0,0,0,0,0,0,0,0,0,0,0,0,0,0,0,1,0,0,0,0,1,0,0,0,0,0,0,0,0,0,0,0,0,0,0,0,0,0,0,0,0,0,0,0,0,0,0,0,0,0,0,0,0,0,1,1,0,0,0,0,0,1,0,0,0,0,1,0,0,0,0,0,0,0,1,0,0,0,0,0,0,0,0,0,0,0,0,0,0,0,1,0,0,0,0,0,1,0,0,0,0,0,1,1,1,0,0,0,1,0,1,0,1,0,0,0,0,0,0,1,1,0,1,0,0,0,0,0,1,1,0,0,0,1,1,1,1,0,1,1,1,1,1,0,1
CHEMBL204_296,37,36,-1,-1,-1,2.16,2.8660774588276574,2.754648861238435,6.205470333132046,0.11346665898158009,0.11896362606521725,1.6192790630736376,2.8924020435434645,0.19287657779696377,0.09789156025837598,-0.24708430153945848,-0.9697699159811459,7.918918918918919,4.1776201290178125,-0.14250785517953582,-0.8327242268528141,0.022393822393822396,0.06267966650567199,3.215170073328025,9.38283467814959,0.8108108108108109,0.3916588309780929,-1.5871507864874157,0.5190476190476199,2.16,2.8660774588276574,2.754648861238435,6.205470333132046,2.0,0.0,0,0,1.945945945945946,2.459904919563839,3.221613663117664,9.59796047647947,0.0,0.0,0,0,0.017513092300868192,0.047747582447070974,3.448770602279001,12.793110039419435,0.04,0.04871975943505505,2.812972034290435,6.465518093893882,0.04,0.28394092053198355,2.6839520654007525,5.872546198470488,1.24,0.4270831300812524,1.2175615550562024,-0.5175438596491229,0.896658690110263,72.0,292.0,0.0,272.0,2406.0,40.0,0.0,0.0,0.0,844.0,1394.0,19944.0,0.0,0.0,0.0,0.0,180.0,0.0,0.0,0.0,24.0,0.0,0.0,0.0,0.0,0.0,0.0,0.0,0.0,0.0,24.0,1,1,0,1,1,1,0,0,0,1,1,1,0,0,0,0,1,0,0,0,1,0,0,0,0,0,0,0,0,0,1,6.361111111111111,0.6303780954394564,1.5310754379586065,1.0901913469695605,2.1666666666666665,0.6871842709362768,-0.228268823563607,-0.8927335640138412,0.0,0.0,0,0,3.1944444444444446,0.3957724124659724,1.5440972939559114,0.3842364532019684,0.5,0.5,0.0,-2.0,12.731444444444445,1.2573682489947995,1.5296615172987362,1.0844595803397592,0.8055555555555556,0.7385964333504629,0.3254470595171195,-1.1177895724508802,487.56400000000025,186.21000000000004,3.2340400000000002,0,8,0,0,0,0,0,0,0,0,0,0,0,0,0,0,0,0,0,0,0,0,0,0,0,0,0,0,0,0,0,0,0,0,0,0,0,0,0,0,1,0,0,0,0,1,0,0,0,0,0,0,0,0,0,0,0,0,0,0,0,0,0,0,0,0,0,1,0,0,0,0,0,0,0,0,0,0,0,1,1,0,1,0,0,0,1,0,0,0,0,1,1,0,1,0,0,0,0,1,1,0,0,0,0,0,1,0,0,0,0,0,1,1,0,1,0,0,0,1,1,1,0,1,0,0,0,1,1,1,1,1,0,1,0,1,0,0,0,1,0,0,0,0,1,1,1,1,1,1,0,0,1,1,1,0,1,0,1,1,1,1,0,1,1,1,1,1,0,1
CHEMBL204_297,38,35,-1,-1,-1,2.0,2.660248687044705,2.941862914784788,7.094045368620039,0.11060756175340605,0.11866657809446889,1.7039497871732008,3.4359132702586903,0.17486243287393743,0.08514140873089644,-0.259579115319372,-0.9264202186743815,7.671052631578948,3.9514352344982946,-0.1421668779715559,-0.7565761443198729,0.027303619408882568,0.0731113536229644,3.077664080445372,8.923169097552673,0.8157894736842105,0.3876557858593746,-1.6292261599251139,0.6543778801843323,2.0,2.660248687044705,2.941862914784788,7.094045368620039,2.0,0.0,0,0,1.8421052631578947,2.300186671938121,3.35897115313802,10.335000137057664,0.0,0.0,0,0,0.004829888486398181,0.014583023870008809,2.8244875962217644,6.23414966487625,0.038461538461538464,0.04627944103525763,2.9242885862331818,7.008313043776868,0.038461538461538464,0.20600054579155952,-2.7135462096677943,6.26115156781616,1.1538461538461537,0.36080121229411,1.9188064472004944,1.6818181818181834,0.9432945730199899,70.0,260.0,0.0,128.0,2052.0,8.0,0.0,0.0,0.0,444.0,568.0,15960.0,0.0,0.0,0.0,0.0,36.0,0.0,0.0,0.0,0.0,0.0,0.0,0.0,0.0,0.0,0.0,0.0,0.0,0.0,0.0,1,1,0,1,1,1,0,0,0,1,1,1,0,0,0,0,1,0,0,0,0,0,0,0,0,0,0,0,0,0,0,6.37037037037037,0.617530814834558,1.4450336129026777,0.9236323171678507,2.1481481481481484,0.7046776885348314,-0.216623698947966,-0.9821586642654365,0.0,0.0,0,0,3.0,0.0,0,0,0.6666666666666666,0.4714045207910316,-0.7071067811865477,-1.4999999999999996,12.749962962962966,1.231809794164111,1.4434825237534117,0.9173070074555278,0.6666666666666666,0.6666666666666666,0.5000000000000003,-0.7499999999999991,362.39300000000003,157.11,2.8165400000000007,0,6,0,0,0,0,0,0,0,0,0,0,0,0,0,0,0,0,0,0,0,0,0,0,0,0,0,0,0,0,0,0,0,0,0,0,0,0,0,0,1,0,0,0,0,1,0,0,0,0,0,0,0,0,0,0,0,0,0,0,0,0,0,0,0,0,0,1,0,0,0,0,0,0,0,0,0,0,0,1,1,1,0,0,0,0,1,0,0,0,0,1,0,0,1,0,0,1,0,0,1,0,0,0,0,0,0,0,0,0,0,0,1,0,0,1,0,0,0,1,0,1,0,1,0,0,0,1,1,1,0,0,0,1,0,1,0,1,0,1,0,0,0,0,1,1,1,1,0,0,0,0,1,1,1,0,0,0,1,1,1,1,0,1,1,1,1,1,0,1
CHEMBL204_298,36,35,-1,-1,-1,2.1666666666666665,2.896357866163795,2.776761316407502,6.165946669005743,0.11594265584368697,0.11972918747611265,1.6123730537662508,2.989543342494848,0.19364731694920823,0.09820649095821953,-0.26374931463494733,-1.0162540059013339,7.722222222222222,4.075483762847617,-0.14395363610180092,-0.8368828496296539,0.02147525676937442,0.06245165587237259,3.30394351345492,9.791649700125355,0.8055555555555556,0.39577241246597245,-1.5440972939559128,0.38423645320197064,2.1666666666666665,2.896357866163795,2.776761316407502,6.165946669005743,2.0,0.0,0,0,1.9444444444444444,2.4714418243928025,3.26557824451223,9.712726937543549,0.0,0.0,0,0,0.022794432662853713,0.06129724731793559,3.7820069063240584,15.579755222096342,0.041666666666666664,0.05122093653492327,2.827593753583025,6.421857230626376,0.041666666666666664,0.10035217390162779,-2.1091114664407775,3.815812155792665,1.2916666666666667,0.45452967144315476,0.9166984970282107,-1.159663865546219,0.647650402727369,70.0,286.0,0.0,238.0,2394.0,32.0,0.0,0.0,0.0,734.0,1222.0,19944.0,0.0,0.0,0.0,0.0,144.0,0.0,0.0,0.0,12.0,0.0,0.0,0.0,0.0,0.0,0.0,0.0,0.0,0.0,24.0,1,1,0,1,1,1,0,0,0,1,1,1,0,0,0,0,1,0,0,0,1,0,0,0,0,0,0,0,0,0,1,6.310344827586207,0.6999235562132566,2.5046974587899586,5.851211235743229,2.206896551724138,0.6632891055748739,-0.2571274859960449,-0.7783053323593858,0.0,0.0,0,0,3.2758620689655173,0.44694763437295587,1.0029717747535967,-0.99404761904762,0.5172413793103449,0.49970264642032547,-0.06900655593423559,-1.9952380952380953,12.664758620689657,1.5342499831192922,2.8103613279209845,7.888103691606389,0.8620689655172413,0.7756704744277235,0.24353840123379492,-1.302887094002406,392.4780000000001,75.11,3.5457700000000028,0,5,0,0,0,0,0,0,0,0,0,0,0,0,0,0,0,0,0,0,0,0,0,0,0,0,0,0,0,0,0,0,0,0,0,0,0,0,0,0,1,0,0,0,1,1,0,0,0,0,0,0,0,0,0,0,0,0,0,0,0,0,0,0,0,0,0,1,0,0,0,0,0,0,0,0,0,1,0,1,1,1,0,0,0,1,1,1,1,1,0,0,0,0,1,0,0,1,1,0,1,0,1,1,0,0,0,1,0,1,0,0,1,1,0,0,0,0,0,1,1,1,1,1,1,0,0,1,0,0,1,1,0,1,1,0,1,0,0,1,1,0,0,0,1,0,0,1,0,1,1,0,0,1,0,1,1,1,1,0,1,0,0,1,1,1,1,1,0,1
CHEMBL204_299,38,37,-1,-1,-1,2.1538461538461537,2.9831876045638945,3.0757989667979784,8.426162325995934,0.11080315622988787,0.1184839653420634,2.0864483403006866,6.641965994846176,0.19599705241500195,0.09822486350586096,-0.3384065572789321,-0.9016906774992299,8.289473684210526,4.326189153110248,-0.2089530438255489,-0.718265485445369,0.02216690374585111,0.06781791821866265,3.3666158313177643,10.397264534633385,0.8157894736842105,0.3876557858593746,-1.6292261599251139,0.6543778801843323,2.1538461538461537,2.9831876045638945,3.0757989667979784,8.426162325995934,2.0,0.0,0,0,1.9473684210526316,2.5644058347536487,3.5695226094372345,12.477764947277052,0.0,0.0,0,0,0.023947013878363996,0.0755881130394227,4.280676835143682,19.07610717178397,0.03846153846153847,0.04904393870337509,3.0907578468178944,8.314020921368666,0.038461538461538464,0.048465699538206265,-1.475417705313565,2.5492475836995414,1.2692307692307692,0.4435600997950306,1.0405319634289447,-0.9172932330827055,0.09453161666156443,74.0,320.0,0.0,248.0,2994.0,32.0,0.0,0.0,0.0,672.0,1378.0,29208.0,0.0,0.0,0.0,0.0,130.0,0.0,0.0,0.0,12.0,0.0,0.0,0.0,0.0,0.0,0.0,0.0,0.0,0.0,24.0,1,1,0,1,1,1,0,0,0,1,1,1,0,0,0,0,1,0,0,0,1,0,0,0,0,0,0,0,0,0,1,6.714285714285714,1.7496355305594127,4.281708070384996,19.728266666666656,2.1714285714285713,0.7740695533796608,0.06396509090657533,-0.6475770107432659,0.0,0.0,0,0,3.1142857142857143,0.318157963590287,2.4246715773614596,3.8790322580645142,0.6571428571428571,0.4746642207381757,-0.6621221919717306,-1.5615942028985499,13.438885714285716,3.506418276503235,4.293884298649376,19.818523298664978,0.6,0.6414269805898185,0.5976258326097266,-0.6180555555555558,491.52900000000017,185.39000000000001,2.6846700000000006,0,7,0,0,0,0,0,0,0,0,0,0,0,0,0,0,0,0,0,0,0,0,0,0,0,0,0,0,0,0,0,0,0,0,1,1,0,0,0,0,1,0,0,0,0,1,0,0,0,0,0,0,0,1,0,0,0,1,0,1,1,1,1,1,1,0,1,1,0,1,0,1,0,1,1,1,0,0,0,1,1,0,1,1,1,1,1,0,0,0,1,1,0,1,1,0,1,0,1,1,0,0,0,0,1,0,0,0,1,0,0,1,1,0,1,0,0,0,0,1,0,1,1,1,0,0,1,1,0,0,0,0,1,1,1,1,0,1,1,1,0,1,1,0,1,0,1,1,1,0,1,0,1,1,1,1,1,1,1,1,1,1,0,1,1,1,1,1,0,1
CHEMBL204_300,35,35,-1,-1,-1,2.260869565217391,2.7853247613994734,2.736318518037724,6.116471734892778,0.11712403501683485,0.12187448048219043,1.5964200511801918,3.360268812858833,0.1890828481506511,0.09519371541007395,-0.2750704277724565,-1.1326615013912948,7.413333333333334,3.909834568010052,-0.15270893069863362,-0.9426835284588626,0.02174688057040998,0.05744552993314635,3.4062970002493764,10.584978482102914,0.8,0.4,-1.5,0.24999999999999956,2.260869565217391,2.7853247613994734,2.736318518037724,6.116471734892778,2.0,0.0,0,0,2.0,2.3784749015162756,3.2233540331996666,9.67906336088154,0.0,0.0,0,0,0.022649059623849537,0.04297285310615711,1.525371962917914,0.7039650745245729,0.0434782608695652,0.0491665098874601,2.7663616921801495,6.191541438931905,0.04347826086956523,0.040230741863336215,-1.1931804617191801,1.0965282234488232,1.391304347826087,0.48804226784007926,0.44543540318737423,-1.8015873015873007,0.09372723517514295,70.0,268.0,0.0,216.0,2112.0,32.0,0.0,0.0,0.0,734.0,940.0,17040.0,0.0,0.0,0.0,0.0,130.0,0.0,0.0,0.0,12.0,0.0,0.0,0.0,0.0,0.0,0.0,0.0,0.0,0.0,72.0,1,1,0,1,1,1,0,0,0,1,1,1,0,0,0,0,1,0,0,0,1,0,0,0,0,0,0,0,0,0,1,6.285714285714286,0.612788873986492,1.9765047565963176,2.4985822306238203,2.1714285714285713,0.6540298938434056,-0.19158129028693285,-0.7176737952333792,0.0,0.0,0,0,3.1714285714285713,0.3768830273792263,1.7436255002314789,1.0402298850574718,0.5142857142857142,0.4997958767010257,-0.057166195047502616,-1.9967320261437902,12.580942857142858,1.222167581281182,1.9754137435421926,2.493495128544211,0.8,0.6676183683170241,0.25348429171800213,-0.7978303747534516,468.5570000000002,116.35,3.563270000000002,1,7,0,0,0,0,0,0,0,0,0,0,0,0,0,0,0,0,0,0,0,0,0,0,0,0,0,0,0,0,0,0,0,0,0,0,0,0,0,0,1,0,0,0,0,1,0,0,0,0,0,0,0,0,0,0,0,0,0,0,0,0,0,0,0,0,0,0,0,0,0,0,0,0,0,0,0,1,0,1,1,1,0,0,0,0,1,1,1,0,0,0,0,1,1,0,0,1,0,0,1,0,1,0,0,0,0,0,0,0,0,0,1,1,0,0,0,0,0,1,1,1,0,1,1,0,0,1,0,0,1,1,0,1,0,0,0,0,1,1,1,0,0,0,1,0,0,1,1,1,1,0,0,1,1,1,1,0,1,0,1,1,0,1,1,1,1,1,0,1
CHEMBL204_301,35,34,-1,-1,-1,2.1739130434782608,2.648250840494097,2.677408324483016,5.706249881939259,0.11533145777141188,0.12357217898762496,1.5557563245843902,2.7000162893454256,0.18393222888002986,0.09145324872415246,-0.27673884663962856,-1.1332322873478156,7.232380952380953,3.7959250140141263,-0.12577794368575043,-0.939743127732835,0.022867328749681688,0.05727917691433426,3.211098820961448,9.455530384376866,0.8,0.4,-1.5,0.24999999999999956,2.1739130434782608,2.648250840494097,2.677408324483016,5.706249881939259,2.0,0.0,0,0,1.9428571428571428,2.2670667914145564,3.1309553731621573,8.954415804633426,0.0,0.0,0,0,0.014441452256578308,0.036213347918104245,2.2190939479207286,3.1789900160084033,0.04347826086956521,0.048209155356871355,2.6911362136808217,5.756914581941416,0.04347826086956523,0.06305005085171661,2.856221075951564,6.489306420822995,1.3478260869565217,0.47628048478710105,0.6390096504226936,-1.5916666666666677,0.035177457264922725,68.0,244.0,0.0,182.0,1782.0,24.0,0.0,0.0,0.0,626.0,748.0,13080.0,0.0,0.0,0.0,0.0,102.0,0.0,0.0,0.0,12.0,0.0,0.0,0.0,0.0,0.0,0.0,0.0,0.0,0.0,36.0,1,1,0,1,1,1,0,0,0,1,1,1,0,0,0,0,1,0,0,0,1,0,0,0,0,0,0,0,0,0,1,6.314285714285714,0.6220440302022069,1.7977248557518262,1.8840196549698272,2.1714285714285713,0.6540298938434056,-0.19158129028693285,-0.7176737952333792,0.0,0.0,0,0,3.142857142857143,0.3499271061118826,2.0412414523193156,2.1666666666666687,0.5142857142857142,0.4997958767010257,-0.057166195047502616,-1.9967320261437902,12.63797142857143,1.2406709126393627,1.796504868019731,1.8786401431500934,0.7714285714285715,0.6797358430497326,0.3190359517566638,-0.8530697099476847,469.5450000000002,119.58999999999997,2.4263700000000012,1,6,0,0,0,0,0,0,0,0,0,0,0,0,0,0,0,0,0,0,0,0,0,0,0,0,0,0,0,0,0,0,0,0,0,0,0,0,0,0,1,0,0,0,0,1,0,0,0,0,0,0,0,0,0,0,0,0,0,0,0,0,0,0,0,0,0,0,0,0,0,0,0,0,0,0,0,1,0,1,1,1,0,0,0,0,1,1,1,0,0,0,0,1,1,0,0,1,0,0,1,0,1,0,0,0,0,0,0,0,0,0,1,1,0,0,0,0,0,1,1,1,1,1,1,0,0,1,0,0,1,1,0,1,0,0,0,0,1,1,1,0,0,0,1,0,0,1,1,1,1,0,0,1,0,1,1,0,1,0,1,1,0,1,1,1,1,1,0,1
CHEMBL204_302,38,35,-1,-1,-1,2.0,2.7735009811261455,3.082746340521711,7.777000000000001,0.11132988828514893,0.11798917513102833,1.752445078437333,3.8324794190570053,0.17915045343579694,0.08792951896684602,-0.27354090599535597,-0.9315425661741568,7.797368421052631,4.040011012512836,-0.1436929019084402,-0.7415318762416248,0.02619724988146041,0.0722518776218454,3.295539079377226,10.053376933426435,0.8157894736842105,0.3876557858593746,-1.6292261599251139,0.6543778801843323,2.0,2.7735009811261455,3.082746340521711,7.777000000000001,2.0,0.0,0,0,1.8421052631578947,2.3899605346826793,3.529588027168483,11.352408978316245,0.0,0.0,0,0,0.004559475612107191,0.013702728131641343,2.798813432568737,6.089363630683039,0.038461538461538464,0.048200821995008955,3.085923146316519,7.825760104129383,0.038461538461538464,0.058246277962785406,-2.1621284221387094,4.430672477561955,1.1538461538461537,0.36080121229411,1.9188064472004944,1.6818181818181834,-0.30229465311508447,70.0,276.0,0.0,126.0,2370.0,8.0,0.0,0.0,0.0,466.0,580.0,19920.0,0.0,0.0,0.0,0.0,38.0,0.0,0.0,0.0,0.0,0.0,0.0,0.0,0.0,0.0,0.0,0.0,0.0,0.0,0.0,1,1,0,1,1,1,0,0,0,1,1,1,0,0,0,0,1,0,0,0,0,0,0,0,0,0,0,0,0,0,0,6.6,1.7270950011094188,4.622738205396032,22.119632712379442,2.1714285714285713,0.6963461489687964,0.26193206161258775,0.02021902526953223,0.0,0.0,0,0,3.4285714285714284,0.49487165930539345,0.28867513459481403,-1.9166666666666659,0.34285714285714286,0.4746642207381757,0.6621221919717305,-1.5615942028985499,13.211000000000002,3.4619385486004393,4.632170969933473,22.192244679829578,1.0,0.7928249671720918,0.0,-1.409090909090909,497.6650000000005,128.37999999999997,2.3397700000000006,1,8,0,0,0,0,0,0,0,0,0,0,0,0,0,0,0,0,0,0,0,0,0,0,0,0,0,0,0,0,0,0,0,0,1,1,0,0,0,0,1,0,0,0,0,1,0,0,0,0,0,0,0,1,0,0,0,1,0,0,1,1,1,1,1,0,1,0,0,1,0,1,0,0,0,1,0,1,0,1,1,1,0,1,1,0,1,1,1,0,1,0,0,1,1,0,1,1,0,0,1,0,1,0,1,0,1,0,1,0,0,0,1,1,1,0,0,0,0,1,1,1,1,1,1,0,1,1,0,0,1,1,1,1,0,0,0,0,1,1,1,0,0,0,1,0,0,1,1,1,1,0,0,1,0,1,1,1,1,0,1,1,0,1,1,1,1,1,0,1
CHEMBL204_303,35,35,-1,-1,-1,2.260869565217391,2.9372775224442678,2.6872665803243465,5.689449342912287,0.11626912907144088,0.12269033456795689,1.5576699315921352,2.6868084302522304,0.1959090993987159,0.10073511847653391,-0.2361508062712256,-1.110999265682002,7.552380952380952,4.032953824839553,-0.11492822397887198,-0.9058097475751263,0.020422714540361597,0.05804988995983247,3.3423200314201624,9.953863482726698,0.8,0.4,-1.5,0.24999999999999956,2.260869565217391,2.9372775224442678,2.6872665803243465,5.689449342912287,2.0,0.0,0,0,2.0,2.495710605933995,3.198147796931662,9.285792441713662,0.0,0.0,0,0,0.034281990411022666,0.07330620648895848,2.434337013837666,5.925699391531893,0.04347826086956521,0.05175105338525956,2.7181985369551147,5.7937025332319205,0.04347826086956518,1.4621171409051357,-2.504681559138128,5.028657672215276,1.3478260869565217,0.47628048478710105,0.6390096504226936,-1.5916666666666677,1.8683944558111472,70.0,288.0,0.0,282.0,2394.0,56.0,0.0,0.0,0.0,954.0,1442.0,19944.0,0.0,0.0,0.0,0.0,264.0,0.0,0.0,0.0,48.0,0.0,0.0,0.0,0.0,0.0,0.0,0.0,0.0,0.0,36.0,1,1,0,1,1,1,0,0,0,1,1,1,0,0,0,0,1,0,0,0,1,0,0,0,0,0,0,0,0,0,1,6.28125,0.5719689130538477,1.9130697367243688,2.531432390287369,2.1875,0.6343057228182637,-0.17793324828986265,-0.618908473937223,0.0,0.0,0,0,3.40625,0.4911323014219285,0.38177085778546666,-1.854251012145749,0.375,0.4841229182759271,0.5163977794943223,-1.7333333333333334,12.572125,1.1408988712304875,1.9115709492817898,2.523899106070531,1.03125,0.7699178121721825,-0.05336049562253894,-1.3114596592744179,435.57200000000023,96.88999999999999,2.7333700000000007,1,7,0,0,0,0,0,0,0,0,0,0,0,0,0,0,0,0,0,0,0,0,0,0,0,0,0,0,0,0,0,0,0,0,0,0,0,0,0,1,1,0,0,0,0,1,0,0,0,0,0,0,0,0,0,0,0,0,0,0,0,0,0,0,1,0,0,0,0,0,0,0,0,0,0,0,0,1,0,1,1,0,1,0,1,0,1,1,1,0,0,0,1,0,0,0,0,0,0,1,1,0,1,0,0,0,0,0,1,0,0,1,1,1,0,0,0,0,0,1,1,1,1,1,1,0,0,1,0,1,1,1,0,1,0,1,0,1,0,1,1,1,0,0,1,1,0,1,0,1,1,0,1,1,0,1,1,1,1,1,1,1,0,1,1,1,1,1,0,1
CHEMBL204_304,40,39,-1,-1,-1,2.230769230769231,3.511603757081024,3.730182303353331,13.181311039968161,0.10477109840925988,0.11841882003346081,2.406927107084045,9.13297285661671,0.19200832769517612,0.10994484978287879,-0.18334534543871803,-1.112375570660281,8.395833333333332,4.904262247723346,-0.10354645598430455,-0.8184191895916677,0.016869095816464237,0.05822942120438617,4.764857455607516,22.890736233376987,0.825,0.3799671038392666,-1.7106744068953987,0.9264069264069255,2.230769230769231,3.511603757081024,3.730182303353331,13.181311039968161,2.0,0.0,0,0,1.95,2.923610781208743,4.491164944166034,20.589843707560973,0.0,0.0,0,0,0.04918887613934054,0.16149323204323635,5.131691802877354,27.095118042638145,0.03846153846153845,0.05565224820757885,3.7643941980925026,13.405275764473043,0.03846153846153845,0.1131597323937056,4.03453735188159,15.502507965875377,1.3461538461538463,0.47574295680203776,0.646761666763554,-1.5816993464052294,-2.511039222790163,78.0,416.0,0.0,272.0,5460.0,56.0,0.0,0.0,0.0,1144.0,1856.0,76584.0,0.0,0.0,0.0,0.0,308.0,0.0,0.0,0.0,48.0,0.0,0.0,0.0,0.0,0.0,0.0,0.0,0.0,0.0,0.0,1,1,0,1,1,1,0,0,0,1,1,1,0,0,0,0,1,0,0,0,1,0,0,0,0,0,0,0,0,0,0,6.4375,0.8637671850678283,1.9388768742861855,2.5822208821030124,2.25,0.7071067811865476,-0.397747564417433,-0.953125,0.0,0.0,0,0,3.15625,0.3630921887069453,1.893458524812515,1.5851851851851855,0.65625,0.47495887979908324,-0.657951694959769,-1.567099567099567,12.946437499999998,1.915229293346818,2.1584986679958726,3.6874581101562933,0.5625,0.6584783595532961,0.7541958128411748,-0.5147309471633794,432.4300000000002,100.86999999999999,4.622500000000002,0,5,0,0,0,0,0,0,0,0,0,0,0,0,0,0,0,0,0,0,0,0,0,0,1,0,0,0,0,0,0,0,0,0,0,0,0,0,0,0,1,0,0,0,1,0,0,0,0,0,0,0,0,0,0,0,0,0,0,0,0,0,0,0,1,0,0,1,0,0,0,0,0,0,0,0,0,0,0,1,0,1,1,0,0,1,1,0,0,1,0,0,1,1,1,0,0,0,1,1,0,0,0,1,0,0,0,1,0,1,0,0,1,0,0,0,0,0,0,1,0,0,1,1,0,0,0,1,0,0,0,0,0,1,0,1,1,1,1,1,0,0,0,0,1,0,1,1,0,1,0,0,1,1,0,0,1,0,1,0,1,1,0,1,1,1,1,1,0,0
CHEMBL204_305,37,35,-1,-1,-1,2.08,2.841408101628487,3.0994162003599706,8.154705366985205,0.10998295586714633,0.12219155636029996,1.867382792888542,4.736973209789372,0.1813082856458081,0.0909080076551518,-0.21442017179455442,-1.0399283534850412,7.666280566280568,4.04222570168619,-0.09553798405786776,-0.7961018758395593,0.025311025311025307,0.06735381195160695,3.415988952390793,10.922019975841986,0.8108108108108109,0.3916588309780929,-1.5871507864874157,0.5190476190476199,2.08,2.841408101628487,3.0994162003599706,8.154705366985205,2.0,0.0,0,0,1.8918918918918919,2.4360333706472974,3.5807650639175783,12.08615445091481,0.0,0.0,0,0,0.012793654898918056,0.03283613413167422,2.2428333873973303,3.1806403765070224,0.04,0.04918412798348868,3.109740757907839,8.263604487372094,0.04,0.031724878898347034,2.414059420898808,6.547356039833748,1.2,0.4,1.5000000000000004,0.2500000000000009,-2.2587632970703195,70.0,282.0,0.0,170.0,2496.0,24.0,0.0,0.0,0.0,666.0,816.0,22320.0,0.0,0.0,0.0,0.0,114.0,0.0,0.0,0.0,12.0,0.0,0.0,0.0,0.0,0.0,0.0,0.0,0.0,0.0,0.0,1,1,0,1,1,1,0,0,0,1,1,1,0,0,0,0,1,0,0,0,1,0,0,0,0,0,0,0,0,0,0,6.28,0.6013318551349164,1.9973363071430508,2.639086850967182,2.24,0.6499230723708769,-0.28394968941823434,-0.7271005509641881,0.0,0.0,0,0,3.24,0.4270831300812524,1.2175615550562011,-0.5175438596491251,0.48,0.4995998398718719,0.08006407690254361,-1.9935897435897438,12.56956,1.1993432229349532,1.9961613666687115,2.6334594661775306,0.84,0.8333066662399864,0.30659045621286873,-1.4939051583172294,335.407,66.64,2.1940999999999997,0,4,0,0,0,0,0,0,0,0,0,0,0,0,0,0,0,0,0,0,0,0,0,0,0,0,0,0,0,0,0,0,0,0,0,0,0,0,0,0,0,0,0,0,0,0,0,0,0,0,0,0,0,0,0,0,0,0,0,0,0,0,0,0,0,0,0,0,0,0,0,0,0,0,0,0,0,1,0,0,0,1,0,0,0,1,1,1,1,0,0,0,0,0,1,0,0,0,1,0,1,0,1,1,0,0,0,1,0,0,0,0,1,1,0,0,0,0,0,1,1,0,1,1,1,0,0,1,0,1,1,1,0,0,0,0,0,1,1,1,1,0,0,0,1,1,1,1,0,1,1,0,1,1,0,1,1,1,1,0,1,1,0,1,1,1,1,1,0,0
CHEMBL204_306,39,39,-1,-1,-1,2.32,3.367135280917593,3.048131654339518,7.791864101926185,0.10769950312204986,0.11849828128833441,1.8119196594835372,4.2988608171601,0.18748693017604862,0.10621463365288568,-0.21717152214521018,-1.2455724953541296,8.042735042735043,4.6880565878435485,-0.12067744072347383,-1.0043109936901886,0.016777911514753618,0.053200025607348225,3.9422163134763806,14.472750835244234,0.8205128205128205,0.3837597319768145,-1.6703827619526517,0.7901785714285703,2.32,3.367135280917593,3.048131654339518,7.791864101926185,2.0,0.0,0,0,2.0,2.8010986855435576,3.731028987337815,13.106305267204924,0.0,0.0,0,0,0.0447365262112144,0.09888677753214567,2.843977824750436,9.137610585206279,0.039999999999999994,0.05332416315252198,3.0775887702664124,7.915853889496294,0.04,0.015115383045631682,0.5072083959495315,-0.4408693305725304,1.36,0.48,0.5833333333333327,-1.6597222222222228,0.1468564658385577,78.0,384.0,0.0,334.0,4116.0,88.0,0.0,0.0,0.0,1602.0,1986.0,44760.0,0.0,0.0,0.0,0.0,496.0,0.0,0.0,0.0,120.0,0.0,0.0,0.0,0.0,0.0,0.0,0.0,0.0,0.0,48.0,1,1,0,1,1,1,0,0,0,1,1,1,0,0,0,0,1,0,0,0,1,0,0,0,0,0,0,0,0,0,1,6.407407407407407,0.6809176411426013,1.3929713923420015,0.5214628339343852,2.2222222222222223,0.6849348892187751,-0.3159048727283277,-0.8767313019390572,0.0,0.0,0,0,3.111111111111111,0.3142696805273545,2.474873734152916,4.124999999999997,0.6296296296296297,0.4829038818668629,-0.5368754921931594,-1.7117647058823526,12.823740740740742,1.3580722882792526,1.3917814969699644,0.517320612818037,0.6296296296296297,0.6748469317884664,0.6066789671116921,-0.7089563071563356,363.3770000000001,133.99,2.2916999999999996,0,5,0,0,0,0,0,0,0,0,0,0,0,0,0,0,0,0,0,0,0,0,0,0,1,0,0,0,0,0,0,0,0,0,0,0,0,0,0,0,1,0,0,0,0,0,0,0,0,0,0,0,0,0,0,0,1,0,0,0,0,0,0,0,1,0,0,1,0,0,0,0,0,0,0,0,0,0,0,1,0,1,0,0,0,1,1,0,0,0,0,0,1,1,1,0,0,1,1,1,1,0,0,0,0,0,0,0,0,0,0,0,1,0,0,1,0,0,0,1,0,0,1,1,0,0,0,1,0,1,0,0,0,1,0,1,0,1,1,1,0,1,0,0,1,1,1,1,1,1,0,0,1,1,1,0,1,0,1,1,1,1,0,1,1,1,1,1,0,0
CHEMBL204_307,35,31,-1,-1,-1,2.0,2.5260547066428276,2.7474854322084217,6.2088438404989965,0.10960272121892554,0.12868050385678115,1.8380934275725376,4.5582542967159965,0.1589157297821501,0.08668714132425133,-0.041385017178006155,-1.0858316320136165,6.2,3.558145138326545,0.0750073726435917,-0.9005441354230728,0.019047619047619042,0.053446255116993815,3.090476262247469,8.65168035211304,0.8,0.4,-1.5,0.24999999999999956,2.0,2.5260547066428276,2.7474854322084217,6.2088438404989965,2.0,0.0,0,0,1.7714285714285714,2.0851271189164504,3.3116128902199073,10.4202643307849,0.0,0.0,0,0,0.005015833919774807,0.014668807065946109,2.857967990357606,6.932501703442339,0.047619047619047616,0.05477224003780624,2.7694153054782134,6.315805068510885,0.04761904761904759,0.3989231391253957,2.999100055992999,8.050280190863916,1.1904761904761905,0.39267672624930106,1.576481562736164,0.4852941176470571,-0.3616191384050293,62.0,200.0,0.0,106.0,1392.0,8.0,0.0,0.0,0.0,314.0,432.0,9720.0,0.0,0.0,0.0,0.0,32.0,0.0,0.0,0.0,0.0,0.0,0.0,0.0,0.0,0.0,0.0,0.0,0.0,0.0,0.0,1,1,0,1,1,1,0,0,0,1,1,1,0,0,0,0,1,0,0,0,0,0,0,0,0,0,0,0,0,0,0,6.52,1.9823218709382187,4.376173133402015,17.938417118484022,2.16,0.6118823416311342,0.9437041374598083,1.8758492220030671,0.0,0.0,0,0,3.28,0.448998886412873,0.9799578870122236,-1.0396825396825389,0.72,0.448998886412873,-0.9799578870122221,-1.0396825396825402,13.0526,3.974961796042825,4.379345425073146,17.960310461393,0.92,0.56,-0.024052478134110624,0.11724281549354432,349.4990000000001,46.25,4.031300000000003,1,7,0,0,0,0,0,0,0,0,0,0,0,0,0,0,0,0,0,0,0,0,0,0,0,0,0,0,0,0,0,0,0,0,0,0,0,0,0,0,0,0,0,0,0,0,0,0,0,0,0,0,0,0,0,0,1,0,0,0,0,0,0,0,0,0,0,0,1,0,0,0,0,0,0,0,0,0,0,0,0,0,0,1,1,0,1,0,0,0,1,0,1,0,0,0,0,1,0,0,0,0,0,0,0,0,1,0,0,0,0,1,0,1,1,0,0,0,0,0,0,0,0,0,0,0,0,1,0,0,0,0,0,1,0,0,0,0,0,0,1,1,0,0,0,0,0,1,0,0,0,0,0,1,0,1,0,1,1,1,1,0,0,1,1,1,1,1,0,0
CHEMBL204_308,37,34,-1,-1,-1,2.0,2.7422618401604177,2.909541053814386,6.9960389316432785,0.11284854560112402,0.11955012665295706,1.8299344362882124,4.4000849050248245,0.18776135408352476,0.09348432141751213,-0.2751378648265994,-0.8993863075358774,7.725225225225225,4.0260443809876225,-0.13519723335889733,-0.7400839665326506,0.023337623337623334,0.06811076620515517,3.0775616525529355,8.200955021411014,0.8108108108108109,0.3916588309780929,-1.5871507864874157,0.5190476190476199,2.0,2.7422618401604177,2.909541053814386,6.9960389316432785,2.0,0.0,0,0,1.837837837837838,2.353990441936938,3.3522472413901165,10.41337561129612,0.0,0.0,0,0,0.003259131181901348,0.010390193613516292,3.5071608254609394,12.174819097717014,0.04000000000000001,0.049979434260244746,2.928613158364636,7.0945863730975915,0.04,0.044913997142270706,3.1505507310740306,9.235827384080903,1.16,0.36660605559646714,1.8548520670059365,1.4404761904761942,-1.3658091272265176,68.0,262.0,0.0,166.0,2124.0,8.0,0.0,0.0,0.0,440.0,854.0,17064.0,0.0,0.0,0.0,0.0,40.0,0.0,0.0,0.0,0.0,0.0,0.0,0.0,0.0,0.0,0.0,0.0,0.0,0.0,0.0,1,1,0,1,1,1,0,0,0,1,1,1,0,0,0,0,1,0,0,0,0,0,0,0,0,0,0,0,0,0,0,6.6571428571428575,1.722835820763581,4.56069658683321,21.756606106155157,2.1142857142857143,0.6663945022680344,-0.13335276013838465,-0.7677876297577861,0.0,0.0,0,0,3.342857142857143,0.47466422073817566,0.6621221919717303,-1.5615942028985508,0.3142857142857143,0.4642307659791978,0.8000946913656625,-1.3598484848484855,13.325057142857144,3.4533940401776766,4.570618005032256,21.83145451205731,0.9428571428571428,0.8261047025600547,0.1064876214109615,-1.5269453538151592,499.6410000000002,169.79000000000002,0.8153000000000026,3,11,0,0,0,0,0,0,0,0,0,0,0,0,0,0,0,0,0,0,0,0,0,0,0,0,0,1,0,0,0,0,0,0,0,0,0,0,1,0,0,0,0,0,0,1,0,0,0,1,0,0,0,0,0,0,0,0,0,0,0,0,0,0,0,0,0,1,0,0,0,0,0,0,0,0,0,1,0,1,1,1,1,1,0,1,1,1,0,0,1,0,1,1,1,0,0,1,1,0,1,0,1,0,0,0,1,0,1,0,0,0,1,1,0,0,0,0,0,1,1,1,1,1,1,0,0,1,0,0,1,1,0,1,0,0,0,0,1,1,1,0,0,0,1,0,0,1,1,1,1,0,1,1,1,1,1,1,1,0,1,1,0,1,1,1,1,1,0,1
CHEMBL204_309,36,33,-1,-1,-1,2.0,2.614064523559687,2.8550996224007053,6.526472337894111,0.11399937758938052,0.12158091826849979,1.6779476361604597,3.383287198770269,0.1778525401033558,0.08787444742120373,-0.20928292418243183,-0.9637433465546046,7.25925925925926,3.784084695427331,-0.07855871498539452,-0.7773827500850481,0.025210084033613446,0.06825083879549547,3.1227854914967965,9.00931776714457,0.8055555555555556,0.3957724124659724,-1.544097293955913,0.3842364532019724,2.0,2.614064523559687,2.8550996224007053,6.526472337894111,2.0,0.0,0,0,1.8333333333333333,2.2422706745122856,3.2836353554653797,9.77351118708219,0.0,0.0,0,0,0.004074587407920741,0.012197393423899474,3.016418835522425,8.200425911328464,0.041666666666666664,0.049284424711593805,2.8529703205041366,6.50458520660262,0.041666666666666664,0.03784510700217774,2.6764883296387785,6.363167262764723,1.1666666666666667,0.3726779962499649,1.7888543819998315,1.1999999999999993,0.2702113072546518,66.0,236.0,0.0,136.0,1776.0,8.0,0.0,0.0,0.0,386.0,614.0,13080.0,0.0,0.0,0.0,0.0,36.0,0.0,0.0,0.0,0.0,0.0,0.0,0.0,0.0,0.0,0.0,0.0,0.0,0.0,0.0,1,1,0,1,1,1,0,0,0,1,1,1,0,0,0,0,1,0,0,0,0,0,0,0,0,0,0,0,0,0,0,6.605263157894737,1.6628997134715349,4.760175557572787,23.861744905575737,2.1578947368421053,0.669890634808308,-0.19496359810493336,-0.8004115226337425,0.0,0.0,0,0,3.289473684210526,0.45351810367405493,0.9284141650970564,-1.1380471380471364,0.39473684210526316,0.4887940952896503,0.43070552164653225,-1.8144927536231885,13.221315789473687,3.3331620683610965,4.770533267356236,23.943938520015784,0.868421052631579,0.800363490828713,0.24100002895790748,-1.4011395178962747,535.6740000000002,169.79000000000002,1.578400000000002,3,11,0,0,0,0,0,0,0,0,0,0,0,0,0,0,0,0,0,0,0,0,0,0,0,0,0,1,0,0,0,0,0,0,0,0,0,0,1,0,0,0,0,0,0,1,0,0,0,1,0,0,0,0,0,0,0,0,0,0,0,0,0,0,0,0,0,1,0,0,0,0,0,0,0,0,0,1,0,1,1,1,1,1,0,1,1,1,0,0,1,0,1,1,1,0,0,1,1,0,0,0,1,1,0,0,1,1,1,0,0,0,1,1,0,0,0,0,0,1,1,1,1,1,1,0,0,1,0,0,1,1,0,1,0,0,0,0,1,1,1,0,0,0,1,0,0,1,1,1,1,0,1,1,1,1,1,1,1,0,1,1,0,1,1,1,1,1,0,1
CHEMBL204_310,37,35,-1,-1,-1,2.1739130434782608,2.943706239967088,2.938321764094595,7.142466854892506,0.10969972521028,0.12244589546332733,1.8508953111582935,4.833507194875267,0.1702653193202253,0.09491342384076779,-0.10679132590899963,-1.1588532900811528,7.053153153153152,4.083997625387623,-0.027545625366804757,-0.9560669480302502,0.01848991848991849,0.05550032949897748,3.7265495723072495,13.150936848408715,0.8108108108108109,0.3916588309780929,-1.5871507864874157,0.5190476190476199,2.1739130434782608,2.943706239967088,2.938321764094595,7.142466854892506,2.0,0.0,0,0,1.8918918918918919,2.4360333706472974,3.5807650639175783,12.08615445091481,0.0,0.0,0,0,0.04537526248052564,0.16371341905933445,5.349676487714738,28.253581032366647,0.04347826086956521,0.053934120552603916,2.9353103939891936,7.026327522904122,0.043478260869565216,0.2575194005756932,-2.820938218492542,7.100863291004009,1.3478260869565217,0.47628048478710105,0.6390096504226936,-1.5916666666666677,-0.8167021466515839,70.0,282.0,0.0,178.0,2496.0,32.0,0.0,0.0,0.0,692.0,876.0,22320.0,0.0,0.0,0.0,0.0,136.0,0.0,0.0,0.0,12.0,0.0,0.0,0.0,0.0,0.0,0.0,0.0,0.0,0.0,0.0,1,1,0,1,1,1,0,0,0,1,1,1,0,0,0,0,1,0,0,0,1,0,0,0,0,0,0,0,0,0,0,6.484848484848484,0.8917538769431612,1.7121751489364072,1.669913968286144,2.303030303030303,0.6735185082088749,0.14608779719595436,-0.10063269353702076,0.0,0.0,0,0,3.303030303030303,0.459568208730397,0.8571946154145217,-1.2652173913043496,0.5454545454545454,0.4979295977319692,-0.18257418583505508,-1.9666666666666668,13.038939393939392,1.9572326929899586,1.9342751840258527,2.7460241287543585,0.6060606060606061,0.7761362712039817,0.8108655990740737,-0.8781045508625818,450.4450000000003,91.85000000000001,4.0100000000000025,1,2,0,0,0,0,0,0,0,0,0,0,0,0,0,0,0,0,0,0,0,0,0,0,0,0,0,0,0,0,0,0,0,0,0,0,0,0,0,1,0,0,0,0,1,0,0,0,0,0,0,0,0,0,0,0,0,0,0,1,0,0,0,0,1,0,0,1,1,0,0,0,0,0,0,0,0,0,0,1,1,0,0,0,0,1,1,0,1,1,0,0,1,1,0,0,0,1,1,1,1,0,0,1,0,0,0,1,1,1,0,1,1,1,1,1,0,0,0,1,1,1,1,1,0,0,0,1,0,0,1,1,0,0,1,1,1,0,0,1,1,0,0,0,1,0,1,1,1,1,0,0,1,1,1,1,0,0,1,1,1,1,0,1,1,1,1,1,0,0
CHEMBL204_311,35,34,-1,-1,-1,2.1739130434782608,2.713127089012642,2.7159291010774798,6.256016723607027,0.11496900573148641,0.1239094681311401,1.7036550007386977,3.8162755883321884,0.18851973565538327,0.09559891654358228,-0.20867909915275973,-1.0357231012910864,7.314285714285714,3.8751387949687826,-0.08555561743624936,-0.865746032091042,0.021950598421186653,0.05895731453510359,3.1939693881198776,9.402955128988264,0.8,0.4,-1.5,0.24999999999999956,2.1739130434782608,2.713127089012642,2.7159291010774798,6.256016723607027,2.0,0.0,0,0,1.9428571428571428,2.316929706595805,3.1843744869207997,9.727694547303168,0.0,0.0,0,0,0.018773765827167832,0.03997672226516743,1.9209782899754517,2.2515626728165614,0.043478260869565195,0.049587010374166456,2.7472999360400308,6.362428424601518,0.04347826086956521,0.1976376068154983,-2.2957213470120856,4.817884927954979,1.3043478260869565,0.4601306627938419,0.850420064270761,-1.276785714285715,-1.9206060530592046,68.0,252.0,0.0,228.0,1914.0,32.0,0.0,0.0,0.0,660.0,1074.0,15048.0,0.0,0.0,0.0,0.0,136.0,0.0,0.0,0.0,12.0,0.0,0.0,0.0,0.0,0.0,0.0,0.0,0.0,0.0,24.0,1,1,0,1,1,1,0,0,0,1,1,1,0,0,0,0,1,0,0,0,1,0,0,0,0,0,0,0,0,0,1,6.21875,0.5439654745477879,2.417387332565407,4.607064666862726,2.1875,0.582961190818051,-0.05175715685423837,-0.3178755449861277,0.0,0.0,0,0,3.625,0.4841229182759271,-0.5163977794943223,-1.7333333333333334,0.1875,0.3903123748998999,1.6012815380508714,0.5641025641025643,12.447374999999997,1.0849365692864263,2.416138728470739,4.599891411357772,1.28125,0.7597028613214512,-0.5199234197402082,-1.1010676217715822,439.6440000000003,75.43,4.365300000000004,2,7,0,0,0,0,0,0,0,0,0,0,0,0,0,0,0,0,0,0,0,0,0,0,0,0,0,0,0,0,0,0,0,0,0,0,0,0,0,0,0,0,0,0,0,0,0,0,0,0,0,0,0,0,0,0,0,0,0,0,0,0,0,0,0,0,0,0,0,0,0,0,0,0,0,0,0,1,0,0,0,1,0,0,1,1,1,1,0,0,0,0,1,1,1,0,0,1,1,0,0,0,1,0,0,0,1,0,0,0,0,0,1,1,0,0,0,0,0,1,1,0,0,1,1,0,0,0,0,0,1,1,0,1,1,1,0,0,1,1,1,0,0,0,1,0,0,1,0,1,1,0,1,1,0,1,1,1,1,0,1,1,0,1,1,1,1,1,0,1
CHEMBL204_312,36,33,-1,-1,-1,2.0,2.598076211353316,2.9081346892514484,6.761316872427983,0.1135364197015114,0.12201335656041937,1.6670708015832925,3.3423429862846064,0.17332091302315825,0.08485699008544231,-0.20199955336639244,-0.9831660100364825,7.166269841269841,3.726442825777265,-0.0705016475938938,-0.7869089516158745,0.02642390289449113,0.06944418944001386,3.129232082469207,8.911433936417511,0.8055555555555556,0.3957724124659724,-1.5440972939559132,0.3842364532019724,2.0,2.598076211353316,2.9081346892514484,6.761316872427983,2.0,0.0,0,0,1.8333333333333333,2.229848026709942,3.336316419602216,10.057925782591054,0.0,0.0,0,0,0.005112650227592757,0.014813825341087283,2.690290742762039,5.62417726648297,0.041666666666666664,0.048769016745313094,2.903702515259795,6.757563422082214,0.04166666666666668,0.12160444646408643,3.065019352570502,7.677546919049663,1.1666666666666667,0.37267799624996495,1.788854381999831,1.1999999999999984,-0.949374473316821,66.0,234.0,0.0,116.0,1770.0,8.0,0.0,0.0,0.0,382.0,486.0,13080.0,0.0,0.0,0.0,0.0,34.0,0.0,0.0,0.0,0.0,0.0,0.0,0.0,0.0,0.0,0.0,0.0,0.0,0.0,0.0,1,1,0,1,1,1,0,0,0,1,1,1,0,0,0,0,1,0,0,0,0,0,0,0,0,0,0,0,0,0,0,7.214285714285714,2.807606286719078,2.9754716260574834,7.564749426587486,2.142857142857143,0.8329931278350429,-0.2723801058145726,-1.5069204152249136,0.0,0.0,0,0,3.357142857142857,0.47915742374995485,0.5962847939999439,-1.644444444444444,0.42857142857142855,0.49487165930539345,0.28867513459481287,-1.9166666666666665,14.540285714285712,5.974599071169922,3.0164150305800104,7.743231260563027,0.6428571428571429,0.7178482586514923,0.6502223223154381,-0.8314871091069516,212.636,66.56,0.9456,1,0,0,0,0,0,0,0,0,0,0,0,0,0,0,1,0,0,0,0,0,0,0,0,0,0,1,0,0,0,0,0,0,0,0,0,0,0,0,0,0,0,0,0,0,0,0,0,0,0,0,0,0,0,0,1,0,0,0,0,0,0,0,0,0,0,0,0,0,0,0,1,0,1,1,0,0,1,0,0,0,1,0,0,0,0,1,0,0,1,0,0,0,1,1,0,1,1,0,1,1,0,0,1,1,1,1,1,0,1,0,0,1,1,0,0,0,0,0,1,0,0,0,1,1,0,1,0,0,1,0,0,0,1,0,1,1,1,0,1,0,1,0,0,1,1,1,1,0,0,1,0,1,1,0,0,1,0,1,0,1,1,0,1,1,1,1,1,0,0
CHEMBL204_313,36,33,-1,-1,-1,2.0,2.598076211353316,2.9081346892514484,6.761316872427983,0.11571308112666531,0.11995107600164133,1.7657057261567235,4.562211679911762,0.17521757769351573,0.08426743154469347,-0.2932720546031635,-0.9091468608155773,7.211111111111112,3.696129523811378,-0.12770213096860208,-0.7165491085469182,0.025490196078431376,0.07633554322718485,3.0706400743414535,7.746718704748501,0.8055555555555556,0.3957724124659724,-1.5440972939559132,0.3842364532019724,2.0,2.598076211353316,2.9081346892514484,6.761316872427983,2.0,0.0,0,0,1.8333333333333333,2.229848026709942,3.336316419602216,10.057925782591054,0.0,0.0,0,0,0.0342911877394636,0.16489535238759928,5.575221128209508,29.680547705890724,0.041666666666666664,0.0495001913512521,2.9114642100208616,6.71205204637789,0.041666666666666664,0.023838802294707168,-0.16405875459863786,-0.6625304971348425,1.1666666666666667,0.3726779962499649,1.7888543819998313,1.1999999999999993,0.0728733545857371,66.0,234.0,0.0,100.0,1770.0,8.0,0.0,0.0,0.0,222.0,414.0,13080.0,0.0,0.0,0.0,0.0,18.0,0.0,0.0,0.0,0.0,0.0,0.0,0.0,0.0,0.0,0.0,0.0,0.0,0.0,0.0,1,1,0,1,1,1,0,0,0,1,1,1,0,0,0,0,1,0,0,0,0,0,0,0,0,0,0,0,0,0,0,6.65625,1.7959916306876265,4.405783210640109,19.93618715048082,2.125,0.649519052838329,-0.12830005981991682,-0.6666666666666665,0.0,0.0,0,0,3.59375,0.4911323014219285,-0.38177085778546666,-1.854251012145749,0.15625,0.3630921887069453,1.893458524812515,1.5851851851851855,13.3235,3.6001330183758493,4.414801348916799,20.001851519195153,1.15625,0.8699631816921909,-0.3072988780483916,-1.6099063475546307,463.6480000000003,131.41000000000003,2.228300000000001,3,11,0,0,0,0,0,0,0,0,0,0,0,0,0,0,0,0,0,0,0,0,0,0,0,0,0,0,0,0,0,0,0,0,0,0,0,0,1,0,0,0,0,0,0,0,0,0,0,1,0,0,0,0,0,0,0,0,0,0,0,0,0,0,0,0,0,1,0,0,0,0,0,0,0,0,0,1,0,0,0,1,1,1,1,1,1,1,0,0,1,0,1,1,1,0,0,1,1,0,0,0,1,0,0,0,1,0,0,0,0,0,1,1,0,0,0,0,0,1,1,0,1,1,1,0,0,0,0,0,1,1,0,1,0,0,0,0,1,1,1,0,0,0,1,0,0,0,1,1,1,0,1,1,1,1,1,1,1,0,1,1,0,1,1,1,1,1,0,1
CHEMBL204_314,34,31,-1,-1,-1,2.0,2.467976720090587,2.558141162526509,5.000668300289597,0.1175489225597692,0.1248760005402148,1.5620673365994207,2.6172809615438375,0.17936418457067635,0.08915102688814361,-0.1524977904038811,-0.9397071724237098,6.7745098039215685,3.5412790682811726,-0.0246417045372564,-0.8143842665251579,0.023117201426024955,0.06314449778875603,2.830265599302385,6.559764375377293,0.7941176470588235,0.40434491426080943,-1.454785934906616,0.11640211640211628,2.0,2.467976720090587,2.558141162526509,5.000668300289597,2.0,0.0,0,0,1.8235294117647058,2.1069993751261546,2.968550405724615,7.83157168294059,0.0,0.0,0,0,0.004182276988701749,0.012746912942767821,3.350581174971394,11.033969999232212,0.04545454545454545,0.051001871594380584,2.5788530891207695,5.097330193083732,0.04545454545454548,0.02740073901847197,1.7250464570893924,2.3004068994472924,1.1818181818181819,0.38569460791993493,1.6499158227686117,0.7222222222222232,0.2146058872560044,62.0,202.0,0.0,142.0,1308.0,8.0,0.0,0.0,0.0,326.0,620.0,8208.0,0.0,0.0,0.0,0.0,34.0,0.0,0.0,0.0,0.0,0.0,0.0,0.0,0.0,0.0,0.0,0.0,0.0,0.0,0.0,1,1,0,1,1,1,0,0,0,1,1,1,0,0,0,0,1,0,0,0,0,0,0,0,0,0,0,0,0,0,0,6.909090909090909,2.31416764751961,3.7415915147507315,13.456061385459538,2.090909090909091,0.7329325225725953,-0.14311700144908632,-1.1313609467455616,0.0,0.0,0,0,3.4545454545454546,0.49792959773196915,0.1825741858350551,-1.9666666666666666,0.2727272727272727,0.44536177141512334,1.020620726159657,-0.9583333333333353,13.892545454545457,4.914298023738052,3.811018099452158,13.8600659632273,0.9090909090909091,0.8479435502808013,0.17375616943922872,-1.587792310741181,325.79600000000005,95.66000000000001,0.3981999999999997,1,5,0,0,0,0,0,0,0,0,0,0,0,0,0,0,0,0,0,0,0,0,0,0,0,0,0,0,0,0,0,0,0,0,0,0,0,0,0,0,0,0,0,0,0,0,0,0,0,0,0,0,0,0,0,0,0,0,0,0,0,0,0,0,0,0,0,0,0,0,0,0,0,0,1,0,0,1,0,0,0,1,0,0,1,1,1,1,0,1,0,0,1,1,1,0,0,1,1,0,0,0,1,0,0,1,0,0,0,1,0,1,1,1,0,0,0,0,0,1,1,0,0,1,1,0,0,0,0,0,1,1,0,1,1,0,1,0,1,1,1,1,0,0,1,0,1,0,1,1,1,0,1,1,0,1,1,1,1,1,1,1,0,1,1,1,1,1,0,1
CHEMBL204_315,40,39,-1,-1,-1,2.142857142857143,3.215079267121971,3.2818485363764864,9.301001102157645,0.10938203951539496,0.11417341823494899,2.0410869747250637,5.965147144698927,0.19970117739196686,0.10014460101058804,-0.37729231532427254,-0.9150511142394704,8.945000000000002,4.654864838710859,-0.2585071754978461,-0.7027973448657705,0.02260458839406208,0.06918617434536031,3.673010172248796,12.513782873965019,0.825,0.3799671038392666,-1.7106744068953987,0.9264069264069255,2.142857142857143,3.215079267121971,3.2818485363764864,9.301001102157645,2.0,0.0,0,0,1.95,2.7744368798010166,3.795368285393612,13.588531557372857,0.0,0.0,0,0,0.023121611825027973,0.08055906093149784,5.203748885447796,27.73002012131861,0.035714285714285705,0.04899244537664648,3.300289931462793,9.361627211433918,0.03571428571428571,0.0219086309983735,-0.33458068568288074,0.2007860059390607,1.25,0.4330127018922193,1.1547005383792515,-0.6666666666666665,-0.4986289939077733,78.0,382.0,0.0,256.0,4116.0,32.0,0.0,0.0,0.0,1010.0,1512.0,44760.0,0.0,0.0,0.0,0.0,170.0,0.0,0.0,0.0,12.0,0.0,0.0,0.0,0.0,0.0,0.0,0.0,0.0,0.0,24.0,1,1,0,1,1,1,0,0,0,1,1,1,0,0,0,0,1,0,0,0,1,0,0,0,0,0,0,0,0,0,1,7.37037037037037,2.6408212548112426,2.528693414498013,5.505917424406091,2.1481481481481484,0.8478165290562664,0.4428545752846781,-0.339534409416701,0.0,0.0,0,0,3.259259259259259,0.43822813208145306,1.0987005311470726,-0.7928571428571418,0.6296296296296297,0.4829038818668629,-0.5368754921931594,-1.7117647058823524,14.864074074074074,5.371061953937187,2.3957798472486984,4.88175248067569,0.48148148148148145,0.6307180135528296,0.9553465502311628,-0.15759809750297205,414.434,97.97000000000001,3.4834000000000014,0,5,0,0,0,0,0,0,0,0,0,0,0,0,0,0,0,0,0,0,0,0,0,0,0,0,0,0,0,0,0,0,0,0,1,1,0,0,1,0,1,0,0,0,1,0,0,0,0,0,0,0,0,1,0,0,0,1,0,0,1,1,1,1,1,0,1,1,0,1,0,1,0,0,0,1,0,0,0,1,0,0,1,1,1,1,1,0,0,0,1,0,0,0,0,0,1,0,1,0,1,0,1,0,1,0,0,0,1,1,0,0,0,0,1,0,0,0,0,1,0,0,1,1,0,0,1,1,0,0,0,0,1,1,0,1,1,1,1,1,0,0,0,0,1,0,0,1,0,0,1,0,0,1,0,1,0,1,1,0,1,1,0,1,1,1,1,1,0,0
CHEMBL204_316,37,35,-1,-1,-1,2.08,2.8131121556027585,2.9907775357484363,7.243668498064581,0.11120158948974498,0.12108358072827735,1.6922040010644157,3.3576513699623884,0.18078070691443987,0.09043687168569862,-0.21460342073666702,-1.032799877668967,7.643758043758043,4.019991233660578,-0.10385034121701285,-0.8219526140178148,0.025396825396825397,0.06733684581335891,3.370763040226187,10.485963691358554,0.8108108108108109,0.3916588309780929,-1.5871507864874157,0.5190476190476199,2.08,2.8131121556027585,2.9907775357484363,7.243668498064581,2.0,0.0,0,0,1.8918918918918919,2.4137420066774173,3.4593039131670142,10.879159230449627,0.0,0.0,0,0,0.012703818553313748,0.032548415373004166,2.2370621374027544,3.1709097088159046,0.04000000000000001,0.04863270031514618,2.9878914537466814,7.24533219097273,0.04000000000000001,0.0183990365086235,0.02092956652948921,0.7804298230676534,1.2,0.4,1.5000000000000004,0.2500000000000009,0.472203970725229,70.0,278.0,0.0,170.0,2370.0,24.0,0.0,0.0,0.0,680.0,800.0,19920.0,0.0,0.0,0.0,0.0,114.0,0.0,0.0,0.0,12.0,0.0,0.0,0.0,0.0,0.0,0.0,0.0,0.0,0.0,0.0,1,1,0,1,1,1,0,0,0,1,1,1,0,0,0,0,1,0,0,0,1,0,0,0,0,0,0,0,0,0,0,6.857142857142857,2.166535841157586,3.5554941874150208,12.13092627599243,2.1904761904761907,0.7939681905015747,0.21789846954787961,-0.4421355002329088,0.0,0.0,0,0,3.2857142857142856,0.45175395145262565,0.9486832980505149,-1.099999999999999,0.5714285714285714,0.4948716593053935,-0.2886751345948126,-1.916666666666667,13.725857142857146,4.343403123574596,3.5622062311026825,12.169464760195872,0.7619047619047619,0.6834619092574915,0.3416021089488033,-0.866292770289375,304.371,92.42,1.2747,1,2,0,0,0,0,0,0,0,0,0,0,0,0,0,0,0,0,0,0,0,0,0,0,0,0,0,0,0,0,0,0,0,0,1,1,0,0,0,0,0,0,0,0,0,0,0,0,0,0,0,0,0,1,0,0,0,1,0,0,1,1,1,1,1,0,1,0,0,1,0,1,0,0,0,1,0,0,0,0,0,0,0,1,1,0,1,0,0,0,1,0,0,1,0,0,1,0,0,0,1,0,1,1,1,0,1,1,1,0,0,0,0,1,1,1,0,0,0,1,1,0,0,1,0,0,1,1,0,1,0,0,1,1,0,0,0,0,1,1,0,1,0,0,1,1,1,1,1,1,1,0,0,1,1,1,0,0,1,1,1,1,0,1,1,1,1,1,0,0
CHEMBL204_317,36,35,-1,-1,-1,2.1666666666666665,2.8674417556808756,2.854547169626522,6.5334984477720965,0.11213147348956791,0.12330575992562595,1.6220895276080811,2.86034287414092,0.18920523875707984,0.09638572836189184,-0.2194163640642895,-1.0945958517957775,7.6000000000000005,4.045348647398929,-0.0935720334940714,-0.8820437656801414,0.0226890756302521,0.06055815754784818,3.2900156650901455,9.770194200693373,0.8055555555555556,0.39577241246597245,-1.5440972939559132,0.3842364532019702,2.1666666666666665,2.8674417556808756,2.854547169626522,6.5334984477720965,2.0,0.0,0,0,1.9444444444444444,2.4488596489482433,3.3441445517605644,10.174729666837866,0.0,0.0,0,0,0.022409189511396248,0.05216121831060278,2.05483613103747,2.5365053865571197,0.04166666666666666,0.049668657170941516,2.866696094600271,6.596078831203066,0.04166666666666668,0.2251941881606964,2.903957284262166,6.728331408378937,1.25,0.4330127018922193,1.1547005383792515,-0.6666666666666665,0.1383873331376209,70.0,282.0,0.0,234.0,2376.0,48.0,0.0,0.0,0.0,920.0,1134.0,19920.0,0.0,0.0,0.0,0.0,234.0,0.0,0.0,0.0,48.0,0.0,0.0,0.0,0.0,0.0,0.0,0.0,0.0,0.0,0.0,1,1,0,1,1,1,0,0,0,1,1,1,0,0,0,0,1,0,0,0,1,0,0,0,0,0,0,0,0,0,0,7.185185185185185,2.5968219471049045,2.8418710244149192,6.863213955394482,2.2222222222222223,0.7856742013183862,0.04525483399593871,-0.6216000000000004,0.0,0.0,0,0,3.111111111111111,0.3142696805273545,2.4748737341529163,4.124999999999999,0.4444444444444444,0.4969039949999533,0.22360679774997907,-1.9500000000000002,14.38314814814815,5.20721567530703,2.846063148310835,6.881107318940678,0.4444444444444444,0.5665577237325317,0.8297221102000094,-0.328402366863906,400.44100000000003,130.72,1.5478999999999996,0,2,0,0,0,0,0,0,0,0,0,0,0,0,0,0,0,0,0,0,0,0,0,0,0,0,0,0,0,0,0,0,0,0,1,1,0,0,1,0,0,0,0,0,0,0,0,0,0,1,0,0,1,1,0,0,0,1,0,0,1,1,1,1,1,0,1,0,0,1,0,1,0,0,0,1,0,0,1,1,1,0,0,1,0,1,1,0,0,0,1,0,0,0,1,0,1,0,1,1,0,1,0,1,1,0,0,1,1,0,0,0,1,0,1,0,0,0,0,1,0,1,1,1,0,0,1,1,0,1,0,0,1,1,0,1,0,1,1,1,0,0,1,0,1,1,1,1,1,0,1,0,1,1,0,0,1,0,1,0,1,1,0,1,1,1,1,1,0,0
CHEMBL204_318,37,33,-1,-1,-1,1.92,2.56,3.007255554199218,7.312846422195435,0.11320277952254332,0.11921475468832489,1.7723888141193507,4.3063690742046425,0.17177485836554082,0.08223161203052404,-0.29588804298707505,-0.9163821855437906,7.314028314028315,3.7426901557822094,-0.11747328127290114,-0.6950139532681048,0.027284427284427284,0.07798791235417746,3.0398756011915378,7.787639013918968,0.8108108108108109,0.3916588309780929,-1.5871507864874157,0.5190476190476199,1.92,2.56,3.007255554199218,7.312846422195435,2.0,0.0,0,0,1.7837837837837838,2.207299133956261,3.4110845652125934,10.53653801285265,0.0,0.0,0,0,0.0,0.0,0,0,0.040000000000000015,0.048253221294419515,2.9951204261482745,7.247881733363229,0.039999999999999994,0.024304994338420607,1.7733893094542175,4.386326584019889,1.0,0.0,0,0,-1.6823901001600088,66.0,232.0,0.0,78.0,1770.0,0.0,0.0,0.0,0.0,204.0,324.0,13080.0,0.0,0.0,0.0,0.0,0.0,0.0,0.0,0.0,0.0,0.0,0.0,0.0,0.0,0.0,0.0,0.0,0.0,0.0,0.0,1,1,0,1,1,0,0,0,0,1,1,1,0,0,0,0,0,0,0,0,0,0,0,0,0,0,0,0,0,0,0,7.043478260869565,2.1564516117629986,3.117528600758006,10.037836605195329,2.0869565217391304,0.8295123490582136,0.29375014655394427,-0.618011109769351,0.0,0.0,0,0,3.1739130434782608,0.37903469074266727,1.7206180040292143,0.9605263157894761,0.5217391304347826,0.4995271866554807,-0.08703882797784886,-1.992424242424242,14.18430434782609,4.40812070215457,2.946929224094065,8.941725670086566,0.5217391304347826,0.5800723506141884,0.5836241128922834,-0.6238479989900267,338.33500000000004,89.25999999999999,2.264100000000001,0,4,0,0,0,0,0,0,0,0,0,0,0,0,0,0,0,0,0,0,0,0,0,0,0,0,0,0,0,0,0,0,0,0,1,1,0,0,0,0,0,0,0,0,1,0,0,0,0,0,0,0,0,1,0,0,0,1,0,0,1,1,1,1,0,0,1,0,0,1,0,1,0,0,0,1,0,0,0,0,0,0,0,1,0,0,1,0,0,1,1,0,0,0,1,0,1,0,0,0,0,1,0,0,1,0,0,0,1,1,0,0,1,0,1,0,0,0,0,1,0,0,0,0,0,0,1,1,0,0,0,0,1,1,0,1,1,1,1,0,0,0,0,0,1,0,1,1,1,0,1,0,1,1,0,0,1,0,1,0,1,1,0,1,1,1,1,1,0,0
CHEMBL204_319,37,34,-1,-1,-1,2.0869565217391304,2.811668906821694,2.833438005338861,6.462702763157267,0.10900784538032675,0.12306224714576688,1.7061903215286498,3.5183539125131276,0.16832815291246736,0.09309883529115284,-0.12172138570163771,-1.1635765411736485,6.9324324324324325,4.006040757623533,-0.007962956459813807,-0.9666390316358688,0.018833118833118834,0.053773268646707256,3.320026290443222,10.108254588858241,0.8108108108108109,0.3916588309780929,-1.5871507864874157,0.5190476190476199,2.0869565217391304,2.811668906821694,2.833438005338861,6.462702763157267,2.0,0.0,0,0,1.837837837837838,2.3309146043178743,3.435839327803108,10.933689893276396,0.0,0.0,0,0,0.011791947157800816,0.031047011500702267,2.428640053941766,4.293413698828665,0.043478260869565216,0.05328957968287654,2.8532459967925425,6.56187960061493,0.04347826086956524,0.04072437741367966,2.6876603985606082,6.474301586399786,1.2173913043478262,0.4124709991523974,1.3703203194062967,-0.12222222222222534,0.08349166213461968,68.0,258.0,0.0,164.0,2106.0,24.0,0.0,0.0,0.0,630.0,770.0,17040.0,0.0,0.0,0.0,0.0,112.0,0.0,0.0,0.0,12.0,0.0,0.0,0.0,0.0,0.0,0.0,0.0,0.0,0.0,0.0,1,1,0,1,1,1,0,0,0,1,1,1,0,0,0,0,1,0,0,0,1,0,0,0,0,0,0,0,0,0,0,6.863636363636363,2.116932913126367,3.628897487006468,12.80060222409699,2.090909090909091,0.7329325225725953,0.5495692855644931,0.4151479289940845,0.0,0.0,0,0,3.227272727272727,0.41907020260422206,1.3015827469119388,-0.3058823529411723,0.5454545454545454,0.49792959773196915,-0.1825741858350552,-1.9666666666666663,13.738636363636367,4.243945490026238,3.6359726997416093,12.841921311790236,0.7727272727272727,0.6695872664843745,0.30031818616131123,-0.8094034700248476,319.38599999999997,101.28999999999999,1.5234999999999999,0,7,0,0,0,0,0,0,0,0,0,0,0,0,0,0,0,0,0,0,0,0,0,0,0,0,0,0,0,0,0,0,0,0,1,1,0,0,0,0,0,0,0,0,0,0,0,0,0,0,0,0,0,1,1,0,0,1,0,0,1,1,1,1,0,0,1,0,0,1,1,1,0,0,0,1,0,0,0,0,0,0,0,1,1,0,1,0,0,0,1,0,1,0,0,0,1,0,0,1,0,0,1,0,1,0,1,0,1,0,0,0,0,1,1,0,0,0,0,1,1,0,0,0,0,0,1,1,0,0,0,0,1,1,1,1,0,1,1,0,0,0,0,0,1,0,0,1,1,1,1,0,0,1,1,1,1,1,1,0,1,1,0,1,1,1,1,1,0,0
CHEMBL204_320,36,33,-1,-1,-1,2.0,2.6457513110645907,2.767239891674699,6.091836734693878,0.11542505688490204,0.12022825799659123,1.662315267324192,3.200031044234475,0.1847842704679895,0.09195526358024861,-0.23706151511140086,-0.9172527569803863,7.398148148148149,3.860417159416686,-0.10140656871258542,-0.7745615068988445,0.02334267040149393,0.06658868138128007,2.9757279194864554,7.463037379665506,0.8055555555555556,0.3957724124659724,-1.544097293955913,0.3842364532019724,2.0,2.6457513110645907,2.767239891674699,6.091836734693878,2.0,0.0,0,0,1.8333333333333333,2.266911751455907,3.196792659525723,9.248853177501822,0.0,0.0,0,0,0.003519921175288407,0.011057234721411851,3.4616323818301913,11.870755813398075,0.04166666666666668,0.050194090413181194,2.7861619900620553,6.1833864284460915,0.041666666666666664,0.05599590365679743,-1.452978613424204,2.2507129104156087,1.1666666666666667,0.37267799624996495,1.788854381999831,1.1999999999999984,-0.5687724029000972,66.0,240.0,0.0,158.0,1794.0,8.0,0.0,0.0,0.0,402.0,768.0,13104.0,0.0,0.0,0.0,0.0,38.0,0.0,0.0,0.0,0.0,0.0,0.0,0.0,0.0,0.0,0.0,0.0,0.0,0.0,0.0,1,1,0,1,1,1,0,0,0,1,1,1,0,0,0,0,1,0,0,0,0,0,0,0,0,0,0,0,0,0,0,6.333333333333333,0.6085806194501845,1.6431676725155004,1.5000000000000036,2.1481481481481484,0.649997362029046,-0.15614078982456978,-0.6821976724574119,0.0,0.0,0,0,3.2962962962962963,0.4566232594791835,0.8922178162191938,-1.2039473684210527,0.4444444444444444,0.4969039949999533,0.22360679774997907,-1.9500000000000002,12.67603703703704,1.2139156563989448,1.6417039085962715,1.493586465399229,0.9259259259259259,0.766228180206563,0.12626301340573015,-1.288147436457333,367.4530000000001,114.34,0.8410000000000007,2,6,0,0,0,0,0,0,0,0,0,0,0,0,0,0,0,0,0,0,0,0,0,0,0,0,0,0,0,0,0,0,0,0,0,0,0,0,0,0,1,0,0,0,0,0,0,0,0,0,0,0,0,0,0,0,0,0,0,0,0,0,0,0,0,0,0,1,0,0,0,0,0,0,0,0,0,1,0,1,0,1,1,0,1,1,1,1,0,0,0,0,1,1,1,0,0,1,1,0,1,0,1,0,0,0,1,0,0,0,0,0,1,1,0,0,0,0,0,1,1,0,1,1,1,0,0,1,0,0,1,1,0,1,0,1,0,1,1,1,1,0,0,0,1,0,0,1,0,1,1,0,1,1,0,1,1,1,1,0,1,1,0,1,1,1,1,1,0,1
CHEMBL204_321,39,40,-1,-1,-1,2.2962962962962963,3.275213476953206,3.088607010287454,8.25598622457991,0.10711186250833461,0.1190297212927143,1.794547177882769,3.9433952267729246,0.20557549494460498,0.105449761069772,-0.35731953744323525,-1.0598391563503649,8.83760683760684,4.705688074626254,-0.2044725185809891,-0.8227479273645351,0.021191231717547505,0.0606793429325172,3.3892818936007325,10.693656821784964,0.8205128205128205,0.3837597319768145,-1.6703827619526517,0.7901785714285703,2.2962962962962963,3.275213476953206,3.088607010287454,8.25598622457991,2.0,0.0,0,0,2.051282051282051,2.8188806466280645,3.6154404592210128,12.445148056228593,0.0,0.0,0,0,0.04297200258965992,0.08929154313370187,1.7144952555084902,1.0917107588203558,0.037037037037037035,0.04756366754952275,3.091383553969133,8.319960236651012,0.037037037037037035,0.3670216329596062,3.1275315031764337,8.39817558075198,1.2962962962962963,0.4566232594791834,0.892217816219194,-1.2039473684210518,2.4159366866006704,80.0,394.0,0.0,412.0,4140.0,120.0,0.0,0.0,0.0,1928.0,2504.0,44784.0,0.0,0.0,0.0,0.0,710.0,0.0,0.0,0.0,240.0,0.0,0.0,0.0,0.0,0.0,0.0,0.0,0.0,0.0,0.0,1,1,0,1,1,1,0,0,0,1,1,1,0,0,0,0,1,0,0,0,1,0,0,0,0,0,0,0,0,0,0,6.861111111111111,2.299187994075031,3.4610821484373853,10.886888310368374,2.2222222222222223,0.6285393610547089,0.46127668928966165,0.5654296875000009,0.0,0.0,0,0,3.0833333333333335,0.27638539919628335,3.0151134457776343,7.090909090909083,0.7222222222222222,0.4479032082388083,-0.9922778767136675,-1.0153846153846153,13.734777777777778,4.610218210737674,3.4652266892894708,10.90895892532354,0.6388888888888888,0.6303780954394566,0.46495271766329854,-0.6689188424922228,517.6360000000003,112.13,5.114900000000003,0,9,0,0,0,0,0,0,0,0,0,0,0,0,0,0,0,0,0,0,0,0,0,0,0,0,0,0,0,0,0,0,0,0,1,1,0,0,1,0,0,0,0,0,0,0,0,0,0,0,0,0,0,1,1,0,0,1,0,0,1,0,1,1,0,0,0,1,0,1,0,1,1,0,0,1,0,1,0,1,0,1,1,1,0,1,1,0,0,0,1,0,0,0,0,0,1,1,1,1,0,1,1,1,1,0,0,1,1,0,0,1,0,1,1,1,0,0,0,1,0,0,1,1,1,0,1,1,1,1,1,0,1,1,0,1,0,1,1,1,1,0,0,0,1,1,0,1,1,0,1,0,0,1,1,1,0,1,1,1,1,1,0,1,1,1,1,1,0,1
CHEMBL204_322,37,34,-1,-1,-1,2.0,2.5768197453450252,2.861470612845035,6.687545362171578,0.11512952839502827,0.1173550966876403,1.7371365597116655,4.2875291798914,0.18037062282525926,0.08664969848596871,-0.3970981840776881,-0.9676505812549419,7.545945945945947,3.8547256700149437,-0.20019931672614108,-0.7751444890633463,0.024796224796224797,0.06737014323101785,3.0114663635614995,8.001730266454597,0.8108108108108109,0.3916588309780929,-1.5871507864874157,0.5190476190476199,2.0,2.5768197453450252,2.861470612845035,6.687545362171578,2.0,0.0,0,0,1.837837837837838,2.2241124985341605,3.2701725269416713,9.815209355502612,0.0,0.0,0,0,0.0,0.0,0,0,0.039999999999999994,0.04731563127861377,2.8884468511882746,6.799735143052079,0.039999999999999994,0.05002204695375041,3.2800379461644282,9.935961842992258,1.24,0.4270831300812524,1.2175615550562024,-0.5175438596491229,0.6021907789704548,68.0,240.0,0.0,108.0,1782.0,0.0,0.0,0.0,0.0,266.0,444.0,13080.0,0.0,0.0,0.0,0.0,0.0,0.0,0.0,0.0,0.0,0.0,0.0,0.0,0.0,0.0,0.0,0.0,0.0,0.0,12.0,1,1,0,1,1,0,0,0,0,1,1,1,0,0,0,0,0,0,0,0,0,0,0,0,0,0,0,0,0,0,1,6.333333333333333,0.563436169819011,1.4790199457749054,1.200000000000001,2.1904761904761907,0.5870870479018072,-0.06616926388228592,-0.35006925207756057,0.0,0.0,0,0,3.0476190476190474,0.21295885499997994,4.248529157249604,16.05000000000002,0.8095238095238095,0.39267672624930106,-1.576481562736164,0.4852941176470571,12.676142857142858,1.124055340347292,1.4773055097173173,1.191887260266662,0.6190476190476191,0.6529194857524805,0.5803564555341756,-0.6596876414667294,279.30299999999994,86.69,1.8052,0,3,0,0,0,0,0,0,0,0,0,0,0,0,0,0,0,0,0,0,0,0,0,0,0,0,0,1,0,0,0,0,0,0,0,0,0,0,0,0,1,0,0,0,0,0,0,0,0,0,0,0,0,0,1,0,0,0,0,0,0,0,0,0,1,0,0,1,0,0,0,0,0,0,0,0,0,1,0,1,0,1,1,0,0,1,1,0,0,0,0,0,0,1,1,0,1,1,1,1,1,0,0,0,0,0,0,0,1,0,0,0,1,1,0,0,0,0,0,1,0,0,1,1,1,0,1,1,0,0,0,0,0,0,1,1,0,1,0,1,0,0,0,0,1,0,1,1,0,0,1,0,1,1,0,0,1,1,1,0,1,0,0,1,1,1,1,1,0,1
CHEMBL204_323,37,35,-1,-1,-1,2.1739130434782608,2.9288990944520505,2.78764622785817,6.111329120083074,0.11124321807792452,0.12104533637730261,1.6166734021669964,3.027045250927804,0.17218561894993653,0.0956531588206647,-0.14465125229278317,-1.1815638172661014,7.090090090090091,4.0981931480801235,-0.04800216137538203,-0.9965685147068086,0.017975117975117975,0.05389101878885671,3.497053080011374,11.131611546091486,0.8108108108108109,0.3916588309780929,-1.5871507864874157,0.5190476190476199,2.1739130434782608,2.9288990944520505,2.78764622785817,6.111329120083074,2.0,0.0,0,0,1.8918918918918919,2.4249133033684274,3.4129434570371973,10.626835353574323,0.0,0.0,0,0,0.02821146759306049,0.08557945541712172,4.5712037310534095,22.032340576286497,0.043478260869565216,0.05396531946185209,2.8353012492251684,6.3416257270630325,0.043478260869565216,0.039478519963572024,-1.3649331712427715,2.1474911879738094,1.3043478260869565,0.4601306627938419,0.8504200642707606,-1.2767857142857149,1.235598839372606,70.0,280.0,0.0,194.0,2376.0,32.0,0.0,0.0,0.0,722.0,934.0,19920.0,0.0,0.0,0.0,0.0,138.0,0.0,0.0,0.0,12.0,0.0,0.0,0.0,0.0,0.0,0.0,0.0,0.0,0.0,24.0,1,1,0,1,1,1,0,0,0,1,1,1,0,0,0,0,1,0,0,0,1,0,0,0,0,0,0,0,0,0,1,6.344827586206897,0.6032019201564105,1.5546963241350293,1.2750865051903038,2.206896551724138,0.6090869562984721,-0.142623357185521,-0.5053007889546342,0.0,0.0,0,0,3.0,0.0,0,0,0.7931034482758621,0.40508069394726653,-1.4471361022898732,0.09420289855072861,12.699000000000005,1.203234262168084,1.5531404544979739,1.2683274347522406,0.5517241379310345,0.5623967734586237,0.3775647511565318,-0.8415116739216435,384.39900000000006,115.78999999999999,2.863100000000001,0,4,0,0,0,0,0,0,0,0,0,0,0,0,0,0,0,0,0,0,0,0,0,0,0,0,0,1,0,0,0,0,0,0,0,0,0,0,0,0,1,0,0,0,0,0,0,0,0,0,0,0,0,0,1,0,0,0,0,0,0,0,0,0,1,0,0,1,0,0,0,0,0,0,0,0,0,1,0,1,0,1,1,0,0,1,1,0,0,0,0,0,0,0,1,0,1,1,1,1,1,0,0,0,0,0,0,0,1,0,0,0,1,0,0,0,0,0,0,1,0,0,1,1,1,0,1,1,0,0,0,0,0,1,0,1,0,1,1,1,0,0,0,0,1,0,1,1,0,0,1,0,1,1,0,0,1,0,1,0,1,1,0,1,1,1,1,1,0,0
CHEMBL204_324,38,37,-1,-1,-1,2.1538461538461537,3.034320449740926,3.033469484084569,7.557910831940056,0.11002402099492732,0.11920781970068905,1.7295790607449428,3.470652570834466,0.19444261637010793,0.09875502276064299,-0.28806202947836457,-1.03929294435341,8.245614035087721,4.360305203201511,-0.16271793140818594,-0.8262971634452869,0.02279911490437806,0.06362396593037482,3.4446119042881427,10.829463416884227,0.8157894736842105,0.3876557858593746,-1.6292261599251143,0.6543778801843323,2.1538461538461537,3.034320449740926,3.033469484084569,7.557910831940056,2.0,0.0,0,0,1.9473684210526316,2.605130246476754,3.531633480189284,11.423745439400248,0.0,0.0,0,0,0.01915204678362573,0.04598389003047038,2.1406335165539474,2.9035525533094564,0.038461538461538464,0.048925786083300414,3.0449291880972265,7.6187762474298335,0.03846153846153846,0.024441138746172743,-0.04102879104112868,-0.07162698729087547,1.2307692307692308,0.42132504423474315,1.278019300845387,-0.3666666666666676,-0.3864898254820627,74.0,328.0,0.0,256.0,3102.0,48.0,0.0,0.0,0.0,1100.0,1368.0,29160.0,0.0,0.0,0.0,0.0,258.0,0.0,0.0,0.0,48.0,0.0,0.0,0.0,0.0,0.0,0.0,0.0,0.0,0.0,0.0,1,1,0,1,1,1,0,0,0,1,1,1,0,0,0,0,1,0,0,0,1,0,0,0,0,0,0,0,0,0,0,7.0,2.4279079146675357,3.6407005640064063,12.164859693877553,2.210526315789474,0.6137844099837159,-0.15888839505850158,-0.5350346020761254,0.0,0.0,0,0,3.1052631578947367,0.3068922049918579,2.572478777137634,4.617647058823533,0.7894736842105263,0.40768245749551757,-1.420093893609386,0.016666666666666163,14.085,5.168770392310056,3.6838415402216476,12.388796320249709,0.47368421052631576,0.6781104593013224,1.1081185216409695,-0.052329801132239506,276.687,102.60000000000001,1.5624999999999998,0,3,0,0,0,0,0,0,0,0,0,0,0,0,0,0,0,0,0,0,0,0,0,0,0,0,0,1,0,0,0,0,0,0,0,0,0,0,0,0,1,0,0,0,0,0,0,0,0,0,0,0,0,0,1,1,0,0,0,0,0,0,0,0,0,0,0,1,0,0,0,1,1,0,0,0,0,0,0,1,0,1,1,0,0,1,1,0,0,1,0,0,0,0,1,0,1,1,1,1,1,0,0,1,0,1,0,1,1,1,0,1,1,0,0,1,0,0,0,1,0,0,1,1,0,0,1,1,1,1,0,0,1,1,0,1,1,1,0,1,0,0,0,0,1,1,1,1,0,0,0,0,1,1,0,1,0,1,1,1,1,0,0,1,1,1,1,1,0,0
CHEMBL204_325,36,35,-1,-1,-1,2.1666666666666665,2.8674417556808756,2.854547169626522,6.5334984477720965,0.11512810327629436,0.12051264503686193,1.627374527750599,3.1434258258159,0.18925850361775748,0.09567273457953004,-0.23783194750895284,-1.0321710215819275,7.627777777777778,4.024303098935115,-0.12919838750311402,-0.8478390557913507,0.02250233426704015,0.06347829668950969,3.385627915424348,10.362997134382402,0.8055555555555556,0.39577241246597245,-1.5440972939559132,0.3842364532019702,2.1666666666666665,2.8674417556808756,2.854547169626522,6.5334984477720965,2.0,0.0,0,0,1.9444444444444444,2.4488596489482433,3.3441445517605644,10.174729666837866,0.0,0.0,0,0,0.02824631383858177,0.086165546851182,4.592074279049087,22.01741266536019,0.041666666666666664,0.05030991147025453,2.8790265295276543,6.612720851522473,0.04166666666666652,6.099478685352247,-2.7025682907081667,5.970178580316096,1.2916666666666667,0.45452967144315476,0.9166984970282107,-1.1596638655462195,-0.9618884815725517,70.0,282.0,0.0,216.0,2376.0,32.0,0.0,0.0,0.0,732.0,1044.0,19920.0,0.0,0.0,0.0,0.0,140.0,0.0,0.0,0.0,12.0,0.0,0.0,0.0,0.0,0.0,0.0,0.0,0.0,0.0,24.0,1,1,0,1,1,1,0,0,0,1,1,1,0,0,0,0,1,0,0,0,1,0,0,0,0,0,0,0,0,0,1,6.5,0.8134892168199607,1.8029331383150535,2.717037037037038,2.2941176470588234,0.6197443384031023,-0.2950085662473976,-0.6520574628682745,0.0,0.0,0,0,3.264705882352941,0.44117647058823534,1.0666666666666664,-0.8622222222222224,0.6764705882352942,0.467822756487849,-0.7544335361543182,-1.430830039525691,13.067647058823528,1.8103909535910447,2.1008239553795507,4.069480779009131,0.6176470588235294,0.8049371872590593,0.7990816742364367,-0.9947968007187153,465.4680000000002,106.53999999999999,2.4166000000000007,0,5,0,0,0,0,0,0,0,0,0,0,0,0,0,0,0,0,0,0,0,0,0,0,0,0,0,1,0,0,0,0,0,0,0,0,0,0,0,0,1,0,0,0,1,0,0,0,0,0,0,0,0,0,1,0,0,0,0,1,0,0,0,0,1,0,0,1,0,0,0,0,0,0,0,0,0,1,0,1,0,1,1,0,0,1,1,1,1,1,0,0,0,0,0,0,1,1,1,1,1,0,1,1,0,0,0,1,1,1,0,0,0,1,0,0,0,0,0,0,1,0,1,1,1,0,1,1,0,0,1,1,1,0,0,1,1,1,0,1,1,0,0,0,1,0,1,1,0,1,1,0,1,1,1,1,0,1,1,0,1,0,0,1,1,1,1,1,0,0
CHEMBL204_326,39,37,-1,-1,-1,2.16,3.107153037750152,3.09896416413577,8.067580967820293,0.10767993030879455,0.11851606747491576,1.9632324915089479,5.5520795917441585,0.1756021972680517,0.09742301407439424,-0.17912437161548206,-1.1356586117951168,7.676068376068378,4.411657044203073,-0.09721911945723319,-0.9297569948500626,0.018893387314439947,0.058744904486002725,3.8138446192266975,13.767959191121903,0.8205128205128205,0.3837597319768145,-1.6703827619526517,0.7901785714285703,2.16,3.107153037750152,3.09896416413577,8.067580967820293,2.0,0.0,0,0,1.8974358974358974,2.589870522403376,3.744048353610726,13.203236573768205,0.0,0.0,0,0,0.041442187722137286,0.15922166940081772,5.586546055245191,30.68789113210687,0.04,0.05274813115800877,3.0956347540626865,7.9512522464610775,0.039999999999999994,0.026469610867763078,2.659668037854931,7.633288433866477,1.32,0.46647615158762407,0.7717436331412894,-1.4044117647058831,-1.5945732088190574,74.0,328.0,0.0,194.0,3234.0,32.0,0.0,0.0,0.0,828.0,1050.0,32064.0,0.0,0.0,0.0,0.0,150.0,0.0,0.0,0.0,12.0,0.0,0.0,0.0,0.0,0.0,0.0,0.0,0.0,0.0,0.0,1,1,0,1,1,1,0,0,0,1,1,1,0,0,0,0,1,0,0,0,1,0,0,0,0,0,0,0,0,0,0,6.451612903225806,0.6642342026443228,1.1682919570806722,0.11529903880384307,2.2580645161290325,0.6704712803492427,-0.355498082417687,-0.8094135802469129,0.0,0.0,0,0,3.064516129032258,0.2456701001891583,3.5452736872125095,10.56896551724139,0.7741935483870968,0.4181123031230878,-1.311578474677781,-0.2797619047619051,12.91203225806452,1.3249093330846842,1.166793354118736,0.11035054993122495,0.5161290322580645,0.6657989496951707,0.9246473874874581,-0.3126694438934057,416.4010000000002,171.0,1.9661999999999997,0,4,0,0,0,0,0,0,0,0,0,0,0,0,0,0,0,0,0,0,0,0,0,0,0,0,1,0,0,0,0,0,0,0,0,0,0,0,0,1,1,0,0,0,0,0,0,0,0,0,0,0,0,0,1,0,0,0,0,1,0,0,0,0,1,0,0,1,0,0,1,1,0,1,1,0,0,1,0,1,0,1,1,0,0,1,1,0,0,0,0,0,0,0,1,0,1,1,1,0,1,0,1,1,1,0,0,1,1,0,0,0,1,1,0,0,0,0,0,1,0,0,1,1,1,0,1,1,0,0,0,0,1,1,0,1,0,1,0,1,0,1,0,0,1,0,0,1,1,0,1,0,0,1,1,1,1,1,1,0,1,1,0,1,1,1,1,1,0,0
CHEMBL204_327,37,36,-1,-1,-1,2.16,2.948626799037138,2.9326340267464426,6.938368461826993,0.11420547085998331,0.11825454516709508,1.6574868171710402,3.2307012660721623,0.1919364443039167,0.09691373028614403,-0.27304159460132277,-1.0021807812116417,7.948648648648649,4.17996863785952,-0.1649704237957173,-0.8181889749629558,0.022565422565422565,0.06509399377011915,3.4654630842386434,10.964369404068458,0.8108108108108109,0.3916588309780929,-1.5871507864874157,0.5190476190476199,2.16,2.948626799037138,2.9326340267464426,6.938368461826993,2.0,0.0,0,0,1.945945945945946,2.5249666408922518,3.4254415021765006,10.660980421849963,0.0,0.0,0,0,0.026940546297591444,0.0847504283705014,4.731282676365912,23.288571193952823,0.039999999999999994,0.04987511544288406,2.9611938556701998,7.05883287053566,0.039999999999999994,0.1100345923683432,-2.388460289795812,4.859644724727018,1.28,0.448998886412873,0.9799578870122222,-1.0396825396825407,0.9187077711840775,72.0,304.0,0.0,226.0,2706.0,32.0,0.0,0.0,0.0,800.0,1146.0,23880.0,0.0,0.0,0.0,0.0,146.0,0.0,0.0,0.0,12.0,0.0,0.0,0.0,0.0,0.0,0.0,0.0,0.0,0.0,24.0,1,1,0,1,1,1,0,0,0,1,1,1,0,0,0,0,1,0,0,0,1,0,0,0,0,0,0,0,0,0,1,6.884615384615385,1.9280704399221973,4.027234767971777,16.247244373032604,2.230769230769231,0.7497534111391512,0.14255699207920008,-0.344819944598338,0.0,0.0,0,0,3.1153846153846154,0.31948553318915673,2.407717061715384,3.7971014492753614,0.7692307692307693,0.42132504423474315,-1.2780193008453877,-0.3666666666666667,13.780076923076923,3.86571272086231,4.034561631289428,16.29261961514469,0.5,0.6933752452815364,1.038398767333629,-0.23360000000000003,371.3860000000001,160.49,-0.3150999999999999,0,4,0,0,0,0,0,0,0,0,0,0,0,0,0,0,0,0,0,0,0,0,0,0,0,0,0,0,0,0,0,0,0,0,1,1,0,0,0,0,1,0,0,0,0,0,0,0,0,0,0,0,0,1,1,0,0,1,0,0,1,1,1,1,1,0,1,1,0,1,0,1,1,0,0,1,0,1,0,1,0,1,1,1,0,1,1,1,0,0,1,0,0,0,0,0,1,0,1,0,1,0,1,1,1,0,0,1,1,0,0,0,0,1,1,0,0,0,0,1,0,0,1,1,1,0,1,1,0,0,0,0,1,1,0,1,0,1,1,1,0,0,0,0,1,0,0,1,0,0,1,0,0,1,0,1,0,1,1,0,1,1,0,1,1,1,1,1,0,0
CHEMBL204_328,40,37,-1,-1,-1,2.0,2.939873661036668,3.2468927736468087,8.791134485349362,0.11174057410502522,0.11186618836216491,1.9794030756266758,5.808109929266733,0.1859594508947902,0.08934078353448624,-0.4529074752551074,-0.8192669578266347,8.488333333333333,4.310591284524923,-0.2696604066206453,-0.6034092022085229,0.0252361673414305,0.08168779135153066,3.308153566940481,9.271586575737537,0.825,0.3799671038392666,-1.7106744068953987,0.9264069264069255,2.0,2.939873661036668,3.2468927736468087,8.791134485349362,2.0,0.0,0,0,1.85,2.5450933185248825,3.707317473287555,12.601217497077812,0.0,0.0,0,0,0.029880952380952376,0.1564441084550479,5.956974926434334,33.96794949213554,0.03571428571428571,0.04807867835322673,3.249733345595829,8.753763356636474,0.03571428571428572,0.01609267838534653,-0.014467524652713426,-0.20411605670223443,1.1428571428571428,0.34992710611188255,2.0412414523193156,2.1666666666666714,0.11281835765905164,74.0,322.0,0.0,120.0,3096.0,8.0,0.0,0.0,0.0,314.0,616.0,29160.0,0.0,0.0,0.0,0.0,22.0,0.0,0.0,0.0,0.0,0.0,0.0,0.0,0.0,0.0,0.0,0.0,0.0,0.0,0.0,1,1,0,1,1,1,0,0,0,1,1,1,0,0,0,0,1,0,0,0,0,0,0,0,0,0,0,0,0,0,0,6.695652173913044,2.114849827307011,3.73964150121169,13.366390518253443,2.1739130434782608,0.5635426694267706,0.016532501781653285,-0.15221088435374286,0.0,0.0,0,0,2.9565217391304346,0.35853092396675307,-0.5778054596453804,4.525086505190313,0.7391304347826086,0.43910891036356864,-1.0891622972743413,-0.8137254901960809,13.446956521739132,4.291164476377832,3.624534435099721,12.55081246045339,0.5217391304347826,0.4995271866554807,-0.08703882797784883,-1.992424242424242,321.37600000000003,29.1,4.544400000000002,0,2,0,0,0,0,0,0,0,0,0,0,0,0,0,0,0,0,0,1,0,0,0,0,0,0,0,0,0,0,0,0,0,0,0,0,0,0,1,0,0,0,0,0,1,0,0,0,0,0,0,0,0,0,0,0,0,0,0,0,0,0,0,0,1,0,0,0,0,0,0,0,0,0,0,0,0,0,0,0,0,0,0,0,0,1,0,0,0,1,1,0,0,0,1,0,0,0,1,0,0,0,0,0,0,0,0,0,0,1,0,0,1,0,0,0,0,0,0,1,0,0,0,0,0,0,0,1,0,0,0,0,0,0,0,1,1,1,0,1,0,0,0,0,0,0,1,1,0,0,0,0,1,1,0,0,1,0,1,0,1,0,0,1,1,1,1,1,0,0
CHEMBL204_329,35,33,-1,-1,-1,2.0869565217391304,2.636088068038977,2.8109355567679546,6.2315759311642385,0.11336433708794771,0.12537924727816294,1.5903267881318908,2.7590852071823484,0.1751389579824572,0.08739186172477699,-0.14142290321200046,-1.0723194604778574,7.014829931972789,3.698912721891459,-0.03359469690736691,-0.8670258192716345,0.02541380188439012,0.06414106689924358,3.218917740317994,9.485252960606529,0.8,0.4,-1.5,0.24999999999999956,2.0869565217391304,2.636088068038977,2.8109355567679546,6.2315759311642385,2.0,0.0,0,0,1.8857142857142857,2.2522551057161553,3.263356056803454,9.596546115279626,0.0,0.0,0,0,0.014998038527450294,0.037220637624151565,2.144103287509982,2.759171800301986,0.04347826086956523,0.0492284540423162,2.8071691567156627,6.23243932184222,0.04347826086956523,0.020930740998272187,0.02193838519405643,-0.04426479957218854,1.2173913043478262,0.4124709991523974,1.3703203194062967,-0.12222222222222534,1.272131511384726,66.0,236.0,0.0,154.0,1770.0,24.0,0.0,0.0,0.0,558.0,648.0,13080.0,0.0,0.0,0.0,0.0,102.0,0.0,0.0,0.0,12.0,0.0,0.0,0.0,0.0,0.0,0.0,0.0,0.0,0.0,0.0,1,1,0,1,1,1,0,0,0,1,1,1,0,0,0,0,1,0,0,0,1,0,0,0,0,0,0,0,0,0,0,6.235294117647059,0.6443794794178425,2.37346441585572,3.6333333333333337,2.235294117647059,0.5969936214760129,-0.13775477286957133,-0.4973136016589681,0.0,0.0,0,0,3.411764705882353,0.4921529567847503,0.3585685828003189,-1.8714285714285703,0.35294117647058826,0.4778846120374094,0.6154574548966635,-1.6212121212121215,12.480176470588235,1.2848926819591782,2.37346441585572,3.633333333333332,1.0,0.7276068751089989,0.0,-1.1111111111111112,458.59800000000024,66.76,5.979100000000008,0,8,0,0,0,0,0,0,0,0,0,0,0,0,0,0,0,0,0,0,0,0,0,0,0,0,0,0,0,0,0,0,0,0,0,0,0,0,0,0,0,0,0,0,0,0,0,0,0,0,0,0,1,0,0,0,0,0,0,0,0,0,0,0,0,0,0,0,0,0,0,0,0,0,0,0,0,0,1,0,0,0,0,0,1,0,0,0,0,0,0,0,1,1,0,0,0,0,0,0,0,1,0,1,0,0,1,1,0,0,0,1,0,0,0,1,0,0,0,0,1,0,0,0,0,1,0,1,1,1,1,1,0,1,1,0,0,0,0,0,1,1,1,0,0,1,0,1,1,1,0,0,0,0,1,1,1,1,0,1,0,1,0,0,1,1,1,1,0,0
CHEMBL204_330,37,35,-1,-1,-1,2.08,2.8131121556027585,2.9907775357484363,7.243668498064581,0.11476013352704846,0.11771634882156787,1.7440970008428052,4.029916646099734,0.18310542135072233,0.09047054498212852,-0.27067803312666744,-0.9383003533396734,7.700900900900902,3.9992997621804958,-0.15363185598475346,-0.7573291590073894,0.02445302445302445,0.07063066372285713,3.337438545257349,10.070554302521506,0.8108108108108109,0.3916588309780929,-1.5871507864874157,0.5190476190476199,2.08,2.8131121556027585,2.9907775357484363,7.243668498064581,2.0,0.0,0,0,1.8918918918918919,2.4137420066774173,3.4593039131670142,10.879159230449623,0.0,0.0,0,0,0.03686270237994376,0.16230666531152366,5.640001853714276,30.515234822739437,0.04,0.0493770024349131,2.995972824854584,7.2164119575960175,0.04,0.06876661042222183,-2.2544768011682534,4.618441301580861,1.28,0.448998886412873,0.9799578870122222,-1.0396825396825407,-1.0067773261048674,70.0,278.0,0.0,152.0,2370.0,16.0,0.0,0.0,0.0,488.0,710.0,19920.0,0.0,0.0,0.0,0.0,58.0,0.0,0.0,0.0,0.0,0.0,0.0,0.0,0.0,0.0,0.0,0.0,0.0,0.0,0.0,1,1,0,1,1,1,0,0,0,1,1,1,0,0,0,0,1,0,0,0,0,0,0,0,0,0,0,0,0,0,0,6.44,0.7525955088890712,1.330536683219808,0.07464330173321487,2.08,0.5599999999999999,0.024052478134110527,0.1172428154935461,0.0,0.0,0,0,3.32,0.46647615158762407,0.7717436331412907,-1.4044117647058816,0.44,0.4963869458396343,0.24174688920761425,-1.9415584415584417,12.888600000000002,1.5008541568053846,1.329847741792314,0.07259248996463619,0.92,0.795989949685296,0.14390314173029628,-1.4086317722681363,345.39900000000006,104.46000000000001,2.9174000000000007,0,10,0,0,0,0,0,0,0,0,0,0,0,0,0,0,0,0,0,0,0,0,0,0,0,0,1,0,0,0,0,0,0,0,0,0,0,0,0,0,0,0,0,0,0,0,0,0,0,0,0,0,0,0,0,0,0,0,0,1,0,0,0,0,1,0,0,1,0,0,1,1,0,1,1,0,0,0,0,0,0,1,0,0,1,1,0,0,0,0,0,0,1,1,1,0,1,1,1,0,0,0,1,0,1,0,1,0,0,0,0,0,1,1,0,0,0,0,0,1,1,0,1,1,0,0,1,1,0,0,1,1,0,1,1,0,0,0,1,1,0,1,1,0,1,0,0,0,1,1,0,0,0,1,1,1,1,1,1,0,1,1,0,1,1,1,1,1,0,0
CHEMBL204_331,40,39,-1,-1,-1,2.142857142857143,3.248233428829163,3.4673128826720756,10.813759638443791,0.10589874518401605,0.11741148056493812,2.139296784096835,6.706330818505153,0.19641469858580818,0.1002232935813893,-0.2965745089224072,-1.00911358652047,8.861309523809524,4.681038842574543,-0.18980569430809904,-0.720813252425462,0.023751686909581647,0.06873748984051636,3.9716533176028306,15.533338424298492,0.825,0.3799671038392666,-1.7106744068953987,0.9264069264069255,2.142857142857143,3.248233428829163,3.4673128826720756,10.813759638443791,2.0,0.0,0,0,1.95,2.801338965566288,4.001966013422141,15.586671133519346,0.0,0.0,0,0,0.019219367588932806,0.04630369306648155,2.04155554703562,2.260452008303928,0.03571428571428571,0.04879736900483598,3.4853400109185992,10.986867421267643,0.03571428571428571,0.01788202962741243,0.07362239696479658,-0.1912800867441029,1.2142857142857142,0.410325903324145,1.3926212476455824,-0.060606060606060996,-1.1811111086443815,78.0,388.0,0.0,252.0,4410.0,48.0,0.0,0.0,0.0,1222.0,1500.0,51720.0,0.0,0.0,0.0,0.0,276.0,0.0,0.0,0.0,48.0,0.0,0.0,0.0,0.0,0.0,0.0,0.0,0.0,0.0,0.0,1,1,0,1,1,1,0,0,0,1,1,1,0,0,0,0,1,0,0,0,1,0,0,0,0,0,0,0,0,0,0,6.90625,2.5416453209486174,3.3596245127213487,9.90856484695163,2.25,0.6123724356957945,-0.2041241452319315,-0.5833333333333335,0.0,0.0,0,0,3.34375,0.47495887979908324,0.657951694959769,-1.567099567099567,0.5625,0.49607837082461076,-0.25197631533948484,-1.9365079365079365,13.8690625,5.270905317978475,3.4031173687691036,10.24022263420524,0.78125,0.8190839013800723,0.4221752407156442,-1.3851884339861305,469.0100000000003,70.99000000000001,5.282800000000004,0,7,0,0,0,0,0,0,0,0,0,0,0,0,0,0,0,0,0,0,0,0,0,0,0,0,0,0,0,0,0,0,0,0,0,0,0,0,1,1,0,0,0,0,0,0,0,0,0,1,0,0,0,0,0,0,0,0,0,0,0,0,0,0,1,0,0,1,0,0,0,0,0,0,0,0,0,1,0,1,0,1,1,1,0,1,0,1,1,1,1,0,0,1,0,0,0,1,1,0,1,0,1,1,0,1,0,1,1,1,0,0,1,1,0,1,0,0,0,1,1,0,1,1,1,0,0,1,0,1,1,1,0,0,1,1,1,0,1,1,1,0,0,0,1,1,1,1,0,1,1,0,1,1,1,1,1,1,1,0,1,1,0,1,1,1,1,1,0,0
CHEMBL204_332,42,40,-1,-1,-1,2.066666666666667,3.1930480039541465,3.4780406364857765,11.1427928054612,0.1047769306652395,0.11327541043799136,2.4628456220771153,9.242229470732617,0.2022254892248824,0.09969641603695412,-0.46010221051162054,-0.7675292645461691,9.456349206349207,4.842398385246836,-0.3128387382839051,-0.5632168152058017,0.022851335656213705,0.07263045717984978,3.5958756176496918,12.366530307995625,0.8333333333333334,0.37267799624996495,-1.788854381999832,1.200000000000001,2.066666666666667,3.1930480039541465,3.4780406364857765,11.1427928054612,2.0,0.0,0,0,1.9047619047619047,2.775826979388509,3.972455996068999,15.627951871422479,0.0,0.0,0,0,0.008556313698527204,0.026725324099709125,3.7871544830009887,14.455367671249459,0.03333333333333334,0.04757322473769374,3.5612103832117774,11.753349519226399,0.03333333333333333,0.08218865190206115,-3.020455700300793,10.080587020791642,1.2,0.4,1.5,0.24999999999999822,-1.385238418563917,80.0,396.0,0.0,236.0,4440.0,16.0,0.0,0.0,0.0,750.0,1460.0,51744.0,0.0,0.0,0.0,0.0,74.0,0.0,0.0,0.0,0.0,0.0,0.0,0.0,0.0,0.0,0.0,0.0,0.0,0.0,12.0,1,1,0,1,1,1,0,0,0,1,1,1,0,0,0,0,1,0,0,0,0,0,0,0,0,0,0,0,0,0,1,7.162162162162162,2.4987944500164803,3.266042694449978,10.030281036768002,2.1621621621621623,0.7538554422152083,0.10174888846758437,-0.5220458495516165,0.0,0.23249527748763857,0.0,15.499999999999996,3.2162162162162162,0.4116634111277789,1.3787175450270868,-0.0991379310344831,0.6216216216216216,0.48498266067368534,-0.5015503913178174,-1.748447204968943,14.464675675675675,5.346128283584623,3.250570622772931,9.894191597139992,0.4594594594594595,0.6407172751962,1.0763280982814287,0.02484137738883474,552.3290000000001,146.56,1.6794999999999993,0,9,0,0,0,0,0,0,0,0,0,0,0,0,0,1,0,0,0,0,0,0,0,0,0,0,1,0,0,0,0,0,0,0,0,0,0,0,0,0,1,0,0,0,1,0,0,0,0,0,0,1,0,0,1,0,0,0,0,0,0,0,0,0,1,0,0,1,0,0,0,0,1,1,0,0,0,1,0,1,0,1,1,0,1,1,0,1,0,1,0,0,0,1,1,0,1,1,1,0,1,0,1,0,1,1,1,0,0,1,0,0,1,1,1,1,0,0,0,1,0,0,1,1,1,0,1,1,0,1,0,1,1,1,1,1,1,1,1,1,1,0,0,0,1,1,1,1,1,0,1,0,1,1,0,1,1,1,1,0,1,1,0,1,1,1,1,1,0,1
CHEMBL204_333,40,38,-1,-1,-1,2.0714285714285716,3.17274747350183,3.5510772880079253,11.668366844956324,0.1052232368403591,0.1180172463195007,2.5535589884453875,9.918370767032993,0.2000740234306336,0.09989577037127037,-0.4007531206443526,-0.8634789345761793,8.92,4.62299686350748,-0.25914645186015456,-0.5966486696997322,0.022469635627530363,0.06968257201475654,3.900721181272525,15.152178092207652,0.825,0.3799671038392666,-1.7106744068953987,0.9264069264069255,2.0714285714285716,3.17274747350183,3.5510772880079253,11.668366844956324,2.0,0.0,0,0,1.9,2.7367864366808017,4.078243577705596,16.58266919310304,0.0,0.0,0,0,0.003559180318576044,0.011225608522048368,3.013591304979477,7.3915815948162376,0.03571428571428571,0.050306700140190834,3.5861406997504446,11.909244327422277,0.03571428571428571,0.021578794056304758,-0.300199713547887,-1.500560860053108,1.25,0.4330127018922193,1.1547005383792515,-0.6666666666666665,-0.47799973829913867,76.0,368.0,0.0,180.0,4146.0,8.0,0.0,0.0,0.0,600.0,1088.0,48840.0,0.0,0.0,0.0,0.0,44.0,0.0,0.0,0.0,0.0,0.0,0.0,0.0,0.0,0.0,0.0,0.0,0.0,0.0,24.0,1,1,0,1,1,1,0,0,0,1,1,1,0,0,0,0,1,0,0,0,0,0,0,0,0,0,0,0,0,0,1,6.96875,2.0537218500809695,3.6785622038367785,14.913659181116344,2.125,0.7806247497997998,0.17244570409778615,-0.5719921104536487,0.0,0.25,0.0,13.0,3.25,0.4330127018922193,1.1547005383792515,-0.6666666666666665,0.5625,0.49607837082461076,-0.25197631533948484,-1.9365079365079365,14.08434375,4.423143131652642,3.595374073374215,14.199198889770209,0.53125,0.6606992034958117,0.8602590713204629,-0.3882407699352881,467.83500000000015,102.96000000000001,2.1895,0,8,0,0,0,0,0,0,0,0,0,0,0,0,0,1,0,0,0,0,0,0,0,0,0,0,1,0,0,0,0,0,0,0,0,0,0,0,0,0,1,0,0,0,1,0,0,0,0,0,0,1,0,0,0,0,0,0,0,0,0,0,0,0,0,0,0,1,0,0,0,0,0,1,0,0,0,1,0,1,0,1,1,0,1,0,0,1,0,1,0,0,0,1,1,0,1,1,0,0,1,0,1,0,1,1,1,0,0,1,0,0,1,1,1,1,0,0,0,1,0,0,1,1,1,0,1,1,0,1,0,1,0,1,1,1,1,1,1,1,1,0,0,0,1,1,1,1,1,0,1,0,1,1,0,1,1,1,1,0,1,1,0,1,1,1,1,1,0,1
CHEMBL204_334,36,32,-1,-1,-1,2.0,2.5761140573281374,2.68004810167521,5.47344717583036,0.11153401733279505,0.12384644022088623,1.5796914284882786,2.6663415823129286,0.16066203935351664,0.0872501581626377,-0.09228818580306851,-1.096121961931178,6.467592592592592,3.695711863727774,0.02437309258826,-0.9405577904099176,0.019514472455648926,0.055385423180011925,3.026719046669562,7.89821193361977,0.8055555555555556,0.3957724124659724,-1.544097293955913,0.3842364532019724,2.0,2.5761140573281374,2.68004810167521,5.47344717583036,2.0,0.0,0,0,1.7777777777777777,2.1358203096378983,3.232727774001455,9.362414190261875,0.0,0.0,0,0,0.004521489815607464,0.013347147384093904,2.8826912317752242,7.16952603601727,0.04545454545454546,0.0533311715703475,2.6965676462387402,5.540977936908613,0.045454545454545435,1.5186633791361914,2.61624790771065,5.233429602141456,1.1818181818181819,0.38569460791993493,1.6499158227686117,0.7222222222222232,-0.05803860220441608,64.0,214.0,0.0,112.0,1506.0,8.0,0.0,0.0,0.0,360.0,470.0,10200.0,0.0,0.0,0.0,0.0,34.0,0.0,0.0,0.0,0.0,0.0,0.0,0.0,0.0,0.0,0.0,0.0,0.0,0.0,0.0,1,1,0,1,1,1,0,0,0,1,1,1,0,0,0,0,1,0,0,0,0,0,0,0,0,0,0,0,0,0,0,6.28,0.6013318551349164,1.9973363071430514,2.6390868509671828,2.24,0.5122499389946279,0.27711319944868396,-0.23706127305175517,0.0,0.0,0,0,3.32,0.46647615158762407,0.7717436331412907,-1.4044117647058814,0.48,0.4995998398718719,0.08006407690254361,-1.993589743589744,12.56956,1.1993432229349532,1.9961613666687115,2.6334594661775315,0.92,0.6881860213634101,0.10485851197499922,-0.8924853907962018,337.42300000000006,54.46000000000001,3.190500000000002,2,4,0,0,0,0,0,0,0,0,0,0,0,0,0,0,0,0,0,0,0,0,0,0,1,0,0,0,0,0,0,0,0,0,0,0,0,0,0,1,0,0,0,0,0,0,0,0,0,0,0,0,0,0,0,0,0,0,0,0,0,0,0,0,1,0,0,1,0,0,0,0,0,0,0,0,0,1,0,1,0,0,0,0,0,0,0,1,1,0,0,0,1,1,0,0,0,1,0,1,1,0,1,0,0,0,1,0,1,0,0,0,1,1,0,1,0,0,0,1,1,0,1,1,1,0,0,1,1,1,1,1,0,0,1,1,0,0,0,1,1,0,0,0,1,1,0,1,0,1,1,0,1,1,1,1,1,0,1,1,1,1,0,1,1,1,1,1,0,0
CHEMBL204_335,39,37,-1,-1,-1,2.16,3.1582273509043013,3.2661442742761095,9.459499321149535,0.1061247338444131,0.11991066052473448,2.1866860415331075,7.288075059534229,0.17784298941974833,0.09941782208043018,-0.16712385086664103,-1.1266439683301332,7.734188034188035,4.46580382774378,-0.08356819622756773,-0.8889513505755322,0.01852865010759748,0.05866377607857875,4.007538712691529,15.698651270485797,0.8205128205128205,0.3837597319768145,-1.6703827619526517,0.7901785714285703,2.16,3.1582273509043013,3.2661442742761095,9.459499321149535,2.0,0.0,0,0,1.8974358974358974,2.629174305355608,3.9376396197493584,15.18782375512507,0.0,0.0,0,0,0.04138916638916639,0.1593177441054685,5.578729860480868,30.615062600248173,0.04,0.05358822763822778,3.2599773377844854,9.331029309334344,0.04000000000000001,0.018535982647623957,-0.11951593386845867,-0.9846769878026409,1.32,0.46647615158762407,0.7717436331412894,-1.4044117647058831,-0.38531896207792,74.0,336.0,0.0,198.0,3510.0,32.0,0.0,0.0,0.0,808.0,1126.0,37920.0,0.0,0.0,0.0,0.0,152.0,0.0,0.0,0.0,12.0,0.0,0.0,0.0,0.0,0.0,0.0,0.0,0.0,0.0,0.0,1,1,0,1,1,1,0,0,0,1,1,1,0,0,0,0,1,0,0,0,1,0,0,0,0,0,0,0,0,0,0,6.647058823529412,1.9079146753208065,4.703036637417816,22.53221638306177,2.235294117647059,0.6443794794178425,-0.2647325694608305,-0.7016666666666662,0.0,0.0,0,0,3.176470588235294,0.3812200410828153,1.6973368495830126,0.8809523809523836,0.6176470588235294,0.4859621071134796,-0.484182026135042,-1.7655677655677655,13.345882352941176,4.045967147991907,4.797005218362442,23.24075391930861,0.6470588235294118,0.5882352941176471,0.2820000000000001,-0.682399999999999,475.93600000000015,108.02000000000001,2.4724000000000013,2,5,0,0,0,0,0,0,0,0,0,0,0,0,0,0,0,0,0,0,0,0,0,0,0,0,0,0,0,0,0,0,0,0,0,0,0,0,0,0,0,0,0,0,0,0,0,0,0,0,0,0,0,0,0,1,1,0,0,0,0,0,0,0,1,0,0,1,0,0,0,0,0,0,0,0,0,1,0,0,0,1,1,0,1,1,0,1,1,1,0,0,1,1,1,0,0,0,1,0,1,0,1,1,0,1,1,1,0,1,0,0,1,1,0,1,0,0,0,1,0,0,1,1,1,0,0,1,0,1,0,1,0,1,0,1,1,1,1,1,1,0,0,0,1,1,1,1,1,0,1,0,1,1,0,1,1,0,1,0,1,1,0,1,1,1,1,1,0,0
CHEMBL204_336,38,35,-1,-1,-1,2.0833333333333335,2.885548282196797,2.8823187023717596,6.626635624210056,0.10806075049674131,0.12099034538245282,1.6990746851231728,3.343943473019479,0.17078503200402725,0.09420304920534056,-0.16035200669034835,-1.1548374209036405,7.2324561403508785,4.1632511393436165,-0.04659954955257544,-0.9650226390355736,0.01908487434803224,0.05542260853131693,3.347422393220863,10.175062185682473,0.8157894736842105,0.3876557858593746,-1.6292261599251139,0.6543778801843323,2.0833333333333335,2.885548282196797,2.8823187023717596,6.626635624210056,2.0,0.0,0,0,1.8421052631578947,2.400946258517272,3.483160936189357,11.093344719079132,0.0,0.0,0,0,0.010852557268339986,0.02896493898345121,2.4679194861569655,4.499481234027134,0.04166666666666666,0.05252036091923589,2.8977958588645634,6.6950848142985535,0.041666666666666664,0.08096743408881803,2.9974340441668987,7.21650282656503,1.2083333333333333,0.4061164310337068,1.4363696929192165,0.06315789473684319,-1.1008643768744653,70.0,278.0,0.0,172.0,2376.0,24.0,0.0,0.0,0.0,698.0,844.0,19920.0,0.0,0.0,0.0,0.0,118.0,0.0,0.0,0.0,12.0,0.0,0.0,0.0,0.0,0.0,0.0,0.0,0.0,0.0,0.0,1,1,0,1,1,1,0,0,0,1,1,1,0,0,0,0,1,0,0,0,1,0,0,0,0,0,0,0,0,0,0,6.818181818181818,2.1027333647673414,3.760610703086534,13.550234955017906,2.1818181818181817,0.5749595745760689,-0.02371708245126188,-0.25249999999999995,0.0,0.0,0,0,3.3181818181818183,0.46577048936179993,0.7807200583588255,-1.3904761904761915,0.4090909090909091,0.4916660830178166,0.36980013081681934,-1.863247863247863,13.64809090909091,4.215911536387431,3.7664363100038964,13.584555128079923,0.8181818181818182,0.8331955809010617,0.3507073235935591,-1.4727891156462585,318.402,83.98,2.962200000000001,0,4,0,0,0,0,0,0,0,0,0,0,0,0,0,0,0,0,0,0,0,0,0,0,0,0,0,0,0,0,0,0,0,0,1,1,0,0,1,1,0,0,0,0,0,1,0,0,0,1,0,0,0,0,1,0,0,0,0,0,0,0,0,0,0,0,0,1,0,1,0,0,1,0,0,0,0,0,0,1,0,0,1,1,1,1,0,0,0,0,1,0,1,1,0,0,1,1,1,0,0,0,1,1,0,0,0,1,1,0,0,0,1,0,0,0,0,0,0,1,1,0,1,1,0,0,1,1,0,0,1,1,1,1,1,1,0,1,1,1,0,0,0,0,1,0,0,1,0,1,0,0,0,1,1,1,1,1,1,0,1,1,0,1,1,1,1,1,0,0
CHEMBL204_337,38,36,-1,-1,-1,2.1666666666666665,3.0230595245361758,2.9171249454343045,6.924825158673702,0.10708474711610787,0.12185502209085781,1.7284756331487214,3.56237893751769,0.17525529155534025,0.09794903902421082,-0.1613372855365533,-1.2131473816995026,7.385964912280702,4.292163616800825,-0.047141314964691816,-0.9931035713217429,0.018294610399873557,0.05310492881834678,3.5065006683396156,11.378142198823125,0.8157894736842105,0.3876557858593746,-1.6292261599251139,0.6543778801843323,2.1666666666666665,3.0230595245361758,2.9171249454343045,6.924825158673702,2.0,0.0,0,0,1.894736842105263,2.510917987763487,3.5502524541102556,11.6942528593623,0.0,0.0,0,0,0.020813852627934958,0.049772702970991595,2.099138491387497,2.6422069486545547,0.041666666666666664,0.052828383802782465,2.937163275018675,7.030831620876047,0.04166666666666668,0.021015389642915897,0.38107159222951387,0.02302525965548652,1.25,0.4330127018922193,1.1547005383792515,-0.6666666666666665,0.15044208718980984,72.0,304.0,0.0,224.0,2772.0,48.0,0.0,0.0,0.0,992.0,1156.0,25200.0,0.0,0.0,0.0,0.0,246.0,0.0,0.0,0.0,48.0,0.0,0.0,0.0,0.0,0.0,0.0,0.0,0.0,0.0,0.0,1,1,0,1,1,1,0,0,0,1,1,1,0,0,0,0,1,0,0,0,1,0,0,0,0,0,0,0,0,0,0,7.085714285714285,4.824766040642674,5.524747867626214,29.015650185317995,2.2857142857142856,0.6998542122237652,0.04082482904638693,-0.28333333333333366,0.0,0.0,0,0,3.4,0.48989794855663565,0.40824829046386346,-1.8333333333333335,0.42857142857142855,0.49487165930539345,0.28867513459481287,-1.9166666666666663,14.463714285714286,11.286617449937092,5.560985799115083,29.291028323084433,0.8571428571428571,0.7613092911128129,0.24579069059434705,-1.2419162864511004,536.4700000000001,83.36,5.517300000000005,0,6,0,0,0,0,0,0,0,0,0,0,0,0,0,0,0,0,0,0,0,0,0,0,0,0,1,0,0,0,0,0,0,0,0,0,0,0,0,0,0,0,0,0,0,0,0,0,1,0,0,0,0,0,0,0,0,0,0,0,0,0,0,0,0,0,0,1,1,0,1,1,0,1,1,0,0,1,0,0,0,0,0,0,1,1,0,1,0,1,0,0,1,0,1,0,1,0,1,0,0,0,1,1,1,0,0,1,0,1,0,0,1,0,1,0,0,0,0,1,0,0,0,1,1,0,1,1,0,0,1,0,0,1,0,0,1,0,1,1,1,1,0,0,1,0,1,1,1,0,1,0,1,1,0,1,1,1,1,0,1,1,0,1,1,1,1,1,0,0
CHEMBL204_338,38,34,-1,-1,-1,1.9230769230769231,2.673561107228118,3.0891302921218764,7.978253420902599,0.10862744855607546,0.1204818114649734,2.1568411075041545,6.9238569010634325,0.17676958478605148,0.08536667157090143,-0.31359793909779926,-0.8632282807902505,7.682456140350876,3.932634392569463,-0.15236276873229868,-0.6482115037784975,0.026592381855539752,0.07907917669934332,3.1302380855386165,8.65459915986789,0.8157894736842105,0.3876557858593746,-1.6292261599251139,0.6543778801843323,1.9230769230769231,2.673561107228118,3.0891302921218764,7.978253420902599,2.0,0.0,0,0,1.7894736842105263,2.3074010754508394,3.509104333214425,11.421029949508455,0.0,0.0,0,0,0.0,0.0,0,0,0.03846153846153847,0.048567279623055376,3.0693762922867927,7.82390475991804,0.038461538461538464,0.08031141279148965,-2.43591669839071,6.715789761789081,1.0,0.0,0,0,1.2162309939118816,68.0,256.0,0.0,88.0,2106.0,0.0,0.0,0.0,0.0,224.0,426.0,17040.0,0.0,0.0,0.0,0.0,0.0,0.0,0.0,0.0,0.0,0.0,0.0,0.0,0.0,0.0,0.0,0.0,0.0,0.0,0.0,1,1,0,1,1,0,0,0,0,1,1,1,0,0,0,0,0,0,0,0,0,0,0,0,0,0,0,0,0,0,0,6.84375,1.986035230679456,4.18983781492051,18.446097197533263,2.1875,0.6817945071647321,-0.2542105075792519,-0.8658993008968294,0.0,0.0,0,0,3.21875,0.41339864235384227,1.360672102833218,-0.14857142857142858,0.53125,0.4990224819584785,-0.1252448582170299,-1.9843137254901961,13.77240625,4.237719071471226,4.212076050727245,18.5075331527209,0.53125,0.6115745559619039,0.7004241995078013,-0.478222634280689,457.8530000000002,125.60000000000001,1.3912999999999995,2,6,0,0,0,0,0,0,0,0,0,0,0,0,0,0,0,0,0,0,0,0,0,0,0,0,0,0,0,0,0,0,0,0,0,0,0,0,0,0,0,0,0,0,1,0,0,0,0,0,0,0,0,0,1,0,0,0,0,0,0,0,0,0,1,0,0,1,0,0,0,0,1,0,1,0,0,1,0,1,1,1,1,0,1,1,0,0,0,1,0,0,1,0,1,0,1,1,1,1,0,0,1,0,0,1,0,0,0,1,0,0,1,1,0,0,0,0,0,1,0,1,1,1,1,0,1,1,0,0,1,0,1,1,0,1,1,1,1,1,0,1,0,0,1,0,1,1,1,0,1,0,1,1,1,1,1,1,1,1,1,1,0,1,1,1,1,1,0,1
CHEMBL204_339,37,32,-1,-1,-1,1.9130434782608696,2.5351964760196948,2.9153448014457792,6.844449480968876,0.10632139298276343,0.12539054358775154,1.9779416903067262,5.6413605092024905,0.15248591142721066,0.07986872009977654,-0.17421524214810646,-1.1011192642948913,6.492792792792792,3.6435914791555706,-0.005133236199451748,-0.8614957287882063,0.02235092235092235,0.06545483798671682,3.01732814012176,7.560535679350748,0.8108108108108109,0.3916588309780929,-1.5871507864874157,0.5190476190476199,1.9130434782608696,2.5351964760196948,2.9153448014457792,6.844449480968876,2.0,0.0,0,0,1.7297297297297298,2.113644842812665,3.448268517322079,10.950286182849906,0.0,0.0,0,0,0.0,0.0,0,0,0.04347826086956518,0.05246460967582222,2.9236605894829566,6.9245209413435,0.04347826086956517,0.2719204456603502,3.5419068125182056,11.608739778340631,1.0,0.0,0,0,1.9908462868251149,64.0,212.0,0.0,54.0,1554.0,0.0,0.0,0.0,0.0,178.0,202.0,11064.0,0.0,0.0,0.0,0.0,0.0,0.0,0.0,0.0,0.0,0.0,0.0,0.0,0.0,0.0,0.0,0.0,0.0,0.0,0.0,1,1,0,1,1,0,0,0,0,1,1,1,0,0,0,0,0,0,0,0,0,0,0,0,0,0,0,0,0,0,0,6.884615384615385,1.2808327542574394,0.8750246352705405,-1.090006268899187,2.076923076923077,0.9166442529086912,0.44677542737485637,-0.6862725649672692,0.0,0.0,0,0,3.3461538461538463,0.47574295680203776,0.646761666763554,-1.5816993464052294,0.46153846153846156,0.49851851526214314,0.15430334996209163,-1.9761904761904763,14.00692307692308,2.942558318134291,0.9459414226166372,-0.9353441164693828,0.4230769230769231,0.5665738408713936,0.9384943317540977,-0.12848011212809807,375.268,46.17,4.3804000000000025,0,4,0,0,0,0,0,0,0,0,0,0,0,0,0,0,0,0,0,0,0,0,0,0,0,0,0,0,0,0,0,0,0,0,0,0,0,0,0,0,0,0,0,0,1,0,0,0,0,0,0,0,0,0,0,0,0,0,0,0,0,0,0,0,0,0,0,0,0,0,0,0,0,0,0,0,0,0,0,0,0,0,0,0,1,0,0,0,0,0,0,0,0,0,1,0,0,0,0,0,0,0,1,0,0,0,0,0,1,1,0,0,1,0,1,0,0,0,0,1,0,0,0,0,0,0,0,1,0,0,0,0,0,0,0,0,1,0,1,0,0,0,0,0,0,0,0,1,0,0,0,0,0,1,1,1,1,1,1,0,1,1,0,1,1,1,1,1,0,0
CHEMBL204_340,40,41,-1,-1,-1,2.2857142857142856,3.483195811496174,3.436316146622172,10.54520021984536,0.1085019148912399,0.11501014939966879,2.059042443250834,6.228283328204283,0.20753404995816904,0.10702846178490898,-0.33778955406011174,-1.0312392548047868,9.248333333333333,4.895780212477772,-0.24594578872855188,-0.7404384139148301,0.02145748987854251,0.06642768061001482,4.116196305581433,16.157079299767258,0.825,0.3799671038392666,-1.7106744068953987,0.9264069264069255,2.2857142857142856,3.483195811496174,3.436316146622172,10.54520021984536,2.0,0.0,0,0,2.05,2.9995833043941285,4.0035291324013915,15.486256138730148,0.0,0.0,0,0,0.05705118842629604,0.1637526371333537,4.798255916712202,24.539060988373087,0.03571428571428571,0.0495203849133395,3.4493791910414386,10.607389828237118,0.03571428571428572,0.015243269656525248,-0.09136414155058722,-0.19738304471412915,1.3571428571428572,0.47915742374995496,0.5962847939999434,-1.6444444444444448,-1.0465412626821697,82.0,446.0,0.0,360.0,5460.0,88.0,0.0,0.0,0.0,1810.0,2340.0,69120.0,0.0,0.0,0.0,0.0,530.0,0.0,0.0,0.0,120.0,0.0,0.0,0.0,0.0,0.0,0.0,0.0,0.0,0.0,0.0,1,1,0,1,1,1,0,0,0,1,1,1,0,0,0,0,1,0,0,0,1,0,0,0,0,0,0,0,0,0,0,6.59375,0.9955957701296244,1.4504150549053156,0.6624979980101435,2.1875,0.7680128579652817,0.08083991312296285,-0.565852374895838,0.0,0.0,0,0,3.15625,0.3630921887069453,1.893458524812515,1.5851851851851855,0.65625,0.47495887979908324,-0.657951694959769,-1.567099567099567,13.289406249999999,2.2206747406387413,1.6359459286851636,1.3786766025054735,0.46875,0.4990224819584785,0.1252448582170299,-1.9843137254901961,440.3810000000001,107.11000000000001,4.620000000000002,0,4,0,0,0,0,0,0,0,0,0,0,0,0,0,0,0,0,0,0,0,0,0,0,0,0,1,0,0,0,0,0,0,0,0,0,0,0,0,0,1,0,0,0,1,0,0,0,0,0,0,0,0,0,1,1,1,0,0,0,0,0,0,0,1,0,0,1,0,0,1,1,0,1,1,0,0,0,0,1,0,1,1,0,0,1,0,0,0,0,0,0,0,0,1,0,1,0,1,1,0,0,0,1,1,0,0,1,1,1,0,0,1,0,1,0,0,0,0,1,0,0,1,1,0,0,1,1,0,0,0,0,1,1,0,1,1,1,1,1,0,1,0,0,1,0,0,1,1,0,0,0,0,1,0,0,1,0,1,0,1,1,0,1,1,1,1,1,0,0
CHEMBL204_341,38,36,-1,-1,-1,2.1666666666666665,3.0505008696205214,3.100379854657309,8.260779683671196,0.10790513263766946,0.12112915348557167,2.020043034956358,6.059653899205278,0.17402661852570986,0.09718779568408194,-0.13720263369426855,-1.1436684278455593,7.389473684210525,4.274099920725814,-0.05589511434968985,-0.9235447999098794,0.01853168958432116,0.057143756949686694,3.8657832775363827,14.396568175790133,0.8157894736842105,0.3876557858593746,-1.6292261599251139,0.6543778801843323,2.1666666666666665,3.0505008696205214,3.100379854657309,8.260779683671196,2.0,0.0,0,0,1.894736842105263,2.531792309643304,3.7570887855237527,13.587969288439293,0.0,0.0,0,0,0.04327420853520939,0.16145703911061107,5.467481790997809,29.451412358690632,0.04166666666666666,0.05374056724392531,3.0946001265582477,8.129302330971452,0.041666666666666664,0.03814989982099624,-1.5423191290219618,2.3844181030914777,1.3333333333333333,0.4714045207910317,0.7071067811865479,-1.5,-0.9119959131137517,72.0,308.0,0.0,188.0,2964.0,32.0,0.0,0.0,0.0,750.0,996.0,29184.0,0.0,0.0,0.0,0.0,144.0,0.0,0.0,0.0,12.0,0.0,0.0,0.0,0.0,0.0,0.0,0.0,0.0,0.0,0.0,1,1,0,1,1,1,0,0,0,1,1,1,0,0,0,0,1,0,0,0,1,0,0,0,0,0,0,0,0,0,0,6.59375,1.782893978199489,4.593868331196624,21.244907869495353,2.25,0.5590169943749475,0.0,-0.3999999999999999,0.0,0.0,0,0,3.0625,0.24206145913796356,3.6147844564602556,11.066666666666666,0.8125,0.3903123748998999,-1.6012815380508714,0.5641025641025643,13.198875,3.5742918857271575,4.6012381013114085,21.299475740030996,0.59375,0.5510997527671374,0.18488316681783765,-0.9287538383598184,441.5160000000001,92.07,4.880100000000003,0,6,0,0,0,0,0,0,0,0,0,0,0,0,0,0,0,0,0,0,0,0,0,0,0,0,1,0,0,0,0,0,0,0,0,0,0,0,1,0,1,0,0,0,0,0,0,0,0,0,0,0,0,0,1,0,0,0,0,0,0,0,0,0,1,0,0,1,0,0,1,1,0,1,1,0,0,1,0,1,0,1,1,1,1,1,0,0,0,0,1,0,0,0,1,0,1,0,1,0,0,0,1,1,1,0,0,1,0,0,0,0,1,1,0,0,0,0,0,1,0,0,1,1,1,0,1,1,0,0,0,0,1,1,0,1,0,1,0,1,0,1,0,0,1,0,1,1,0,0,1,0,1,1,0,1,1,1,1,0,1,1,0,1,1,1,1,1,0,0
CHEMBL204_342,38,34,-1,-1,-1,2.0,2.753785273643051,2.9809118696940358,7.226301171356118,0.10738959348790503,0.12158644942668043,1.8284933364644003,4.457201221257641,0.15994505571491557,0.08605008483212546,-0.1549919841219103,-1.1239383866946209,6.957894736842104,3.9584884306495494,-0.029445679329485653,-0.9124404836479743,0.021534692587324166,0.06085033683717761,3.269569409082656,9.791862947931337,0.8157894736842105,0.3876557858593746,-1.6292261599251139,0.6543778801843323,2.0,2.753785273643051,2.9809118696940358,7.226301171356118,2.0,0.0,0,0,1.7894736842105263,2.295967801177604,3.559042396824455,11.708035739680332,0.0,0.0,0,0,0.005035361683561129,0.014800022124056372,2.64533699879,5.13002730811794,0.041666666666666664,0.05210502412779125,2.9908915153107687,7.313899030772843,0.041666666666666664,0.021321075098061498,0.9013090226752591,1.6264310374748732,1.1666666666666667,0.3726779962499649,1.7888543819998313,1.1999999999999993,-0.6034162593768785,68.0,254.0,0.0,100.0,2100.0,8.0,0.0,0.0,0.0,414.0,436.0,17040.0,0.0,0.0,0.0,0.0,36.0,0.0,0.0,0.0,0.0,0.0,0.0,0.0,0.0,0.0,0.0,0.0,0.0,0.0,0.0,1,1,0,1,1,1,0,0,0,1,1,1,0,0,0,0,1,0,0,0,0,0,0,0,0,0,0,0,0,0,0,6.5,0.8393720596645177,1.1529356074476205,-0.5848074921956297,2.1818181818181817,0.7158188976374372,-0.2826777020326815,-1.0265348595213317,0.0,0.0,0,0,3.0,0.0,0,0,0.7272727272727273,0.4453617714151233,-1.0206207261596578,-0.9583333333333335,13.008090909090912,1.6737620909765178,1.1527185872308463,-0.5853247344884496,0.5,0.5,0.0,-2.0,297.266,99.77000000000001,2.4565000000000015,0,2,0,0,0,0,0,0,0,0,0,0,0,0,0,0,0,0,0,0,0,0,0,0,0,0,0,0,0,0,0,0,0,0,0,0,0,0,0,0,0,0,0,0,0,0,0,0,0,0,0,0,0,0,0,0,0,0,0,1,0,0,0,0,0,0,0,0,0,0,0,0,0,0,0,0,0,0,0,0,0,0,0,0,0,0,0,0,0,0,0,1,0,0,1,0,0,0,0,1,1,0,0,1,0,0,0,1,0,0,0,0,1,0,0,1,0,0,0,1,0,0,0,0,0,0,0,1,0,1,0,0,0,1,0,1,0,1,1,1,0,1,1,0,0,1,1,1,1,0,0,0,1,1,1,0,1,0,1,1,1,1,0,1,1,1,1,1,0,0
CHEMBL204_343,38,35,-1,-1,-1,2.0833333333333335,2.8710721961587025,2.9270175626966015,6.820983286360452,0.10730616443683554,0.12166008609046368,1.6933784799812526,3.327783334864746,0.1643500182793489,0.09010224697586047,-0.12917403676230332,-1.1713413312772791,7.109649122807018,4.089132351203264,-0.02921354586072989,-0.9687543300051837,0.02066540224434961,0.057650671298200104,3.447399356758069,11.001308176853966,0.8157894736842105,0.3876557858593746,-1.6292261599251139,0.6543778801843323,2.0833333333333335,2.8710721961587025,2.9270175626966015,6.820983286360452,2.0,0.0,0,0,1.8421052631578947,2.3899605346826793,3.529588027168483,11.352408978316245,0.0,0.0,0,0,0.013075540914876095,0.03376321872555329,2.220695340360569,2.9966591219634475,0.041666666666666664,0.051978359275823664,2.931471706482332,6.858668390841181,0.041666666666666664,0.043925962684407585,-1.6251716334466781,2.7465831433389143,1.2083333333333333,0.40611643103370687,1.4363696929192162,0.06315789473684275,0.768432254402625,70.0,276.0,0.0,148.0,2370.0,24.0,0.0,0.0,0.0,674.0,690.0,19920.0,0.0,0.0,0.0,0.0,114.0,0.0,0.0,0.0,12.0,0.0,0.0,0.0,0.0,0.0,0.0,0.0,0.0,0.0,0.0,1,1,0,1,1,1,0,0,0,1,1,1,0,0,0,0,1,0,0,0,1,0,0,0,0,0,0,0,0,0,0,6.25,0.5361902647381804,2.067728053054609,3.2854442344045376,2.3,0.6403124237432849,0.7770596932994063,0.722189173111246,0.0,0.0,0,0,3.5,0.5,0.0,-2.0,0.3,0.45825756949558394,0.8728715609439697,-1.2380952380952384,12.509799999999998,1.0695831711465922,2.066100195279834,3.2763369940457343,1.05,0.7399324293474371,-0.07960741718130947,-1.1710764996559704,271.364,54.02,3.1719000000000017,0,2,0,0,0,0,0,0,0,0,0,0,0,0,0,0,0,0,0,0,0,0,0,0,0,0,0,0,0,0,0,0,0,0,0,0,0,0,0,1,0,0,0,0,0,1,0,0,0,0,0,0,0,0,0,0,0,0,0,0,0,0,0,0,0,0,0,1,1,0,0,0,0,0,0,0,0,0,0,1,0,0,1,0,0,0,0,0,0,0,0,0,0,1,0,0,0,0,0,0,1,0,0,1,0,0,1,1,1,0,0,0,1,1,1,0,0,0,0,1,0,0,0,1,0,0,0,0,0,0,1,0,0,1,0,1,0,1,0,1,0,0,0,0,1,0,0,1,0,0,0,0,0,1,0,0,1,0,1,0,1,0,0,1,1,1,1,1,0,0
CHEMBL204_344,38,38,-1,-1,-1,2.230769230769231,3.0798063414104004,2.997845857521737,7.752116372568748,0.1132517132782973,0.116145765799768,1.8328194321376772,4.725343586992279,0.20031264249847122,0.10141265992300187,-0.3435245174524171,-0.9720290643146146,8.442982456140351,4.431459225925163,-0.22764468457613699,-0.7858915632268593,0.02137663979769243,0.06356660298861277,3.5741555280644124,11.955358327697526,0.8157894736842105,0.3876557858593746,-1.6292261599251143,0.6543778801843323,2.230769230769231,3.0798063414104004,2.997845857521737,7.752116372568748,2.0,0.0,0,0,2.0,2.6457513110645907,3.5039864302283994,11.72717508055854,0.0,0.0,0,0,0.02064827648593401,0.048396280294068804,3.092731077171639,10.790810936550974,0.03846153846153847,0.04906066899340262,3.0686019924878054,8.126282728323057,0.03846153846153846,0.01675064322969523,1.001899479785856,0.6370807460425612,1.3076923076923077,0.4615384615384615,0.8333333333333336,-1.305555555555555,0.3909606977919575,76.0,342.0,0.0,296.0,3264.0,40.0,0.0,0.0,0.0,986.0,1636.0,32088.0,0.0,0.0,0.0,0.0,188.0,0.0,0.0,0.0,12.0,0.0,0.0,0.0,0.0,0.0,0.0,0.0,0.0,0.0,84.0,1,1,0,1,1,1,0,0,0,1,1,1,0,0,0,0,1,0,0,0,1,0,0,0,0,0,0,0,0,0,1,6.35,0.5722761571129799,1.404595987273396,0.9692908338674955,2.2,0.5099019513592784,0.2715454178836386,0.06508875739644937,0.0,0.0,0,0,3.0,0.0,0,0,0.85,0.3570714214271425,-1.9603921176392138,1.8431372549019596,12.709399999999999,1.141686752134753,1.4028823240668575,0.9615066506237748,0.55,0.4974937185533099,-0.2010075630518427,-1.9595959595959596,265.276,83.56,2.1189999999999998,0,3,0,0,0,0,0,0,0,0,0,0,0,0,0,0,0,0,0,0,0,0,0,0,0,0,0,1,0,0,0,0,0,0,0,0,0,0,0,0,1,0,0,0,0,1,0,0,0,0,0,0,0,0,1,0,0,0,0,0,0,0,0,0,1,0,0,1,0,0,0,1,0,0,0,0,0,0,0,1,0,1,1,0,0,1,0,0,0,0,0,0,0,0,1,0,1,0,1,1,1,0,0,0,0,0,0,0,1,0,0,0,1,0,0,0,0,0,0,1,0,0,1,1,0,0,1,1,0,0,0,0,0,1,0,1,0,1,0,1,0,0,0,0,1,0,0,1,0,0,0,0,0,1,0,0,1,0,1,0,1,0,0,1,1,1,1,1,0,1
CHEMBL204_345,36,32,-1,-1,-1,2.0,2.5584085962673253,2.7360758598970003,5.708333333333332,0.11538585555125623,0.12026588093255049,1.5534010909295233,3.0612041884805237,0.1557723920193306,0.08228220362755492,-0.15746235725686572,-1.0829892881899517,6.387037037037037,3.591706649066603,-0.01454952207663025,-0.8957840645781228,0.020448179271708684,0.06328672789067308,3.0893574828641066,7.806095783500638,0.8055555555555556,0.3957724124659724,-1.5440972939559132,0.3842364532019724,2.0,2.5584085962673253,2.7360758598970003,5.708333333333332,2.0,0.0,0,0,1.7777777777777777,2.122774797171422,3.288823079639441,9.665573278288619,0.0,0.0,0,0,0.035018993352326694,0.1651617701705032,5.537157133228153,29.373684192441623,0.04545454545454546,0.053690051426124305,2.774186172126991,5.884807834556586,0.045454545454545435,0.04584441542603676,-1.8655851406172408,2.935042355845585,1.1818181818181819,0.38569460791993493,1.6499158227686117,0.7222222222222232,-0.3190879692909978,64.0,212.0,0.0,76.0,1500.0,8.0,0.0,0.0,0.0,198.0,288.0,10200.0,0.0,0.0,0.0,0.0,16.0,0.0,0.0,0.0,0.0,0.0,0.0,0.0,0.0,0.0,0.0,0.0,0.0,0.0,0.0,1,1,0,1,1,1,0,0,0,1,1,1,0,0,0,0,1,0,0,0,0,0,0,0,0,0,0,0,0,0,0,6.35,0.7262919523166975,1.7050837774565095,1.0708205116686509,2.1,0.6244997998398398,-0.07390530175619463,-0.47731755424063094,0.0,0.0,0,0,3.25,0.4330127018922193,1.1547005383792515,-0.6666666666666665,0.6,0.48989794855663565,-0.4082482904638627,-1.8333333333333335,12.709,1.4483157114386356,1.704726493175676,1.069541255489158,0.85,0.6538348415311012,0.16367672241057604,-0.7060634041243468,271.31600000000003,70.42,2.516800000000001,1,6,0,0,0,0,0,0,0,0,0,0,0,0,0,0,0,0,0,0,0,0,0,0,0,0,0,0,0,0,0,0,0,0,0,0,0,0,0,0,0,0,0,0,0,0,0,0,0,0,0,0,0,0,0,1,0,0,0,0,0,0,0,0,1,0,0,1,0,0,0,0,0,0,0,0,0,0,0,0,0,0,0,0,0,0,0,0,0,0,0,1,1,1,0,0,0,0,0,0,1,0,0,0,0,0,1,0,0,0,0,0,0,0,0,0,0,0,0,0,1,0,0,1,0,1,0,1,0,0,0,1,0,1,1,0,0,0,0,1,0,1,0,0,0,0,0,1,1,1,0,0,0,0,1,0,1,1,0,1,0,1,0,1,1,1,1,1,0,0
CHEMBL204_346,34,32,-1,-1,-1,2.2,2.6570660511172846,2.471148830854771,4.453699171006909,0.11107570643190028,0.1306673338923568,1.476139039106567,1.951391400249987,0.16308420197988766,0.09095864543661485,-0.027085531896147208,-1.2559329698196728,6.1421568627450975,3.593210816998368,0.09172076817867716,-1.0426378250593065,0.01732397504456328,0.045672793209851174,3.110775628400344,8.518169366222448,0.7941176470588235,0.40434491426080943,-1.4547859349066157,0.11640211640211495,2.2,2.6570660511172846,2.471148830854771,4.453699171006909,2.0,0.0,0,0,1.8823529411764706,2.179647919252812,3.08189681525417,8.46096898408544,0.0,0.0,0,0,0.029217840982546865,0.0654529514466985,1.9191498940424672,1.9119803076345159,0.05000000000000001,0.054606955040842654,2.486552186992202,4.506519828318046,0.05000000000000001,0.03438067258704739,-0.11758748876445069,-0.3544687335769847,1.3,0.45825756949558394,0.8728715609439697,-1.2380952380952384,0.10223317129433314,64.0,218.0,0.0,184.0,1506.0,48.0,0.0,0.0,0.0,672.0,758.0,10200.0,0.0,0.0,0.0,0.0,198.0,0.0,0.0,0.0,48.0,0.0,0.0,0.0,0.0,0.0,0.0,0.0,0.0,0.0,0.0,1,1,0,1,1,1,0,0,0,1,1,1,0,0,0,0,1,0,0,0,1,0,0,0,0,0,0,0,0,0,0,6.333333333333333,0.8357108940373449,2.248131371976495,3.4648760330578554,2.2857142857142856,0.7648751621051908,0.10424474897269287,-0.3950784207679803,0.0,0.0,0,0,3.5714285714285716,0.4948716593053935,-0.28867513459481386,-1.916666666666666,0.2857142857142857,0.45175395145262565,0.9486832980505142,-1.1,12.723523809523808,1.8252848862848163,2.43365502946029,4.6566925666848515,1.0,0.7559289460184544,0.0,-1.25,288.362,37.3,3.9943000000000035,0,3,0,0,0,0,0,0,0,0,0,0,0,0,0,0,0,0,0,0,0,0,0,0,0,0,0,0,0,0,0,0,0,0,0,0,0,0,0,0,0,0,0,0,1,0,0,0,0,0,0,0,0,0,0,0,0,0,0,0,0,0,0,0,1,0,0,0,1,0,0,0,0,0,0,0,0,0,0,0,0,0,0,0,0,0,0,0,0,1,0,0,0,0,0,0,0,0,0,0,0,0,0,1,0,0,1,1,0,1,0,0,0,0,1,0,0,0,0,0,0,0,0,0,0,1,0,0,0,0,1,1,0,0,1,0,1,0,0,0,0,1,0,0,0,0,0,1,0,0,0,0,0,0,0,0,1,1,0,1,0,1,0,0,1,1,1,1,0,0
CHEMBL204_347,38,36,-1,-1,-1,2.1666666666666665,2.9953667926019047,2.9088612174875115,6.6941502362717955,0.10665531978711898,0.12223106084294451,1.6670353298885958,3.0739681282978832,0.16887811189618165,0.09402302170272096,-0.1225689477889311,-1.2258225685230304,7.26140350877193,4.216316650862286,-0.031732184281589984,-1.0089206339653438,0.019796111901375063,0.0553410013636108,3.5845054013642264,11.94472687740035,0.8157894736842105,0.3876557858593746,-1.6292261599251139,0.6543778801843323,2.1666666666666665,2.9953667926019047,2.9088612174875115,6.6941502362717955,2.0,0.0,0,0,1.894736842105263,2.4898686678978676,3.536612469587997,11.355611219324024,0.0,0.0,0,0,0.02399796483690429,0.05566894726282973,1.9089687930197883,1.6901732378367944,0.04166666666666665,0.05198989527315256,2.9087979106102226,6.692578387281024,0.041666666666666664,0.020513248560036782,0.5562290304653945,-0.07309385408515201,1.25,0.4330127018922193,1.1547005383792515,-0.6666666666666665,0.28098546608766706,72.0,300.0,0.0,200.0,2700.0,48.0,0.0,0.0,0.0,974.0,990.0,23880.0,0.0,0.0,0.0,0.0,240.0,0.0,0.0,0.0,48.0,0.0,0.0,0.0,0.0,0.0,0.0,0.0,0.0,0.0,0.0,1,1,0,1,1,1,0,0,0,1,1,1,0,0,0,0,1,0,0,0,1,0,0,0,0,0,0,0,0,0,0,6.818181818181818,1.9141347511943945,3.4486758805667637,13.240292837356556,2.1818181818181817,0.7158188976374373,0.21303247109709444,-0.14516129032258007,0.0,0.0,0,0,3.212121212121212,0.40881022918884974,1.4083737016560935,-0.01648351648351465,0.6363636363636364,0.4810456929208346,-0.566946709513841,-1.6785714285714277,13.737333333333336,3.9464857222034335,3.2108437205938203,11.429241921654564,0.5757575757575758,0.6527472493496369,0.698958853720304,-0.5574279131985733,472.4840000000001,55.760000000000005,6.705200000000005,0,8,0,0,0,0,0,0,0,0,0,0,0,0,0,0,0,0,0,0,0,0,0,0,0,0,0,0,0,0,0,0,0,0,0,0,0,0,1,0,0,0,0,0,1,0,0,0,0,0,0,0,0,0,0,0,0,0,0,0,0,0,0,0,0,0,0,0,0,0,0,0,0,0,0,0,0,0,0,0,0,0,0,1,0,1,0,0,0,0,1,0,0,0,0,0,0,0,1,0,0,0,0,1,0,0,1,1,1,1,0,1,0,0,1,1,0,0,0,0,0,0,0,0,0,1,0,1,1,1,0,0,0,0,1,0,1,0,0,1,1,1,1,0,0,1,0,1,1,0,0,0,0,0,1,1,1,1,0,1,0,1,0,0,1,1,1,1,0,0
CHEMBL204_348,42,42,-1,-1,-1,2.2857142857142856,3.7115374447904523,3.6970945237707227,12.783091358024674,0.10374585457394184,0.11422049495710615,2.33921600650123,8.575182842491344,0.19847851063379274,0.11258064804039776,-0.2629847310277275,-1.131355994219094,9.132539682539683,5.275731791037617,-0.18522759165134375,-0.8441176504335908,0.016927990708478516,0.05914894709166083,4.739011579011248,22.43131202192955,0.8333333333333334,0.37267799624996495,-1.788854381999832,1.200000000000001,2.2857142857142856,3.7115374447904523,3.6970945237707227,12.783091358024674,2.0,0.0,0,0,2.0,3.116774889895918,4.435203022386493,19.756055363321803,0.0,0.0,0,0,0.05452610996089257,0.16123341603429692,4.854436134346074,25.242619724484786,0.03571428571428571,0.053269138235666494,3.732631466427945,13.03161743531031,0.03571428571428571,0.06042856937231526,3.978040306593513,15.189924336726548,1.3571428571428572,0.47915742374995496,0.5962847939999434,-1.6444444444444448,-0.10111239714485155,84.0,492.0,0.0,356.0,6864.0,88.0,0.0,0.0,0.0,1848.0,2592.0,101064.0,0.0,0.0,0.0,0.0,554.0,0.0,0.0,0.0,120.0,0.0,0.0,0.0,0.0,0.0,0.0,0.0,0.0,0.0,0.0,1,1,0,1,1,1,0,0,0,1,1,1,0,0,0,0,1,0,0,0,1,0,0,0,0,0,0,0,0,0,0,7.184210526315789,2.854869000201279,2.8677397142793595,6.769153559231283,2.210526315789474,0.6942582083301536,-0.30846747980107186,-0.920531113753468,0.0,0.0,0,0,3.0789473684210527,0.2696565991042,3.1228802334353043,7.752380952380946,0.7368421052631579,0.44034738238635557,-1.0757057484009538,-0.8428571428571439,14.454999999999998,5.977711567058701,2.909294713464347,7.015966328314324,0.4473684210526316,0.5475961064917054,0.6898889061341884,-0.6318557355364827,566.4260000000002,126.04,5.352900000000003,0,7,0,0,0,0,0,0,0,0,0,0,0,0,0,0,0,0,0,0,0,0,0,0,0,1,0,0,0,0,0,0,0,0,0,0,0,0,0,0,1,0,0,0,0,0,0,0,0,1,0,0,0,0,1,0,0,0,0,1,0,0,0,0,1,0,0,1,0,0,0,1,0,1,0,1,0,1,0,1,0,1,1,1,1,1,0,0,0,1,1,0,0,0,0,0,1,1,1,1,0,0,1,0,1,1,0,0,1,1,0,0,1,0,0,1,0,0,0,1,0,0,1,1,1,1,1,1,0,1,0,0,1,1,0,1,1,1,1,1,0,1,1,0,1,1,1,1,1,0,1,0,1,1,0,1,1,1,1,1,1,1,0,1,1,1,1,1,0,0
CHEMBL204_349,37,36,-1,-1,-1,2.260869565217391,3.053399976709468,2.7762639645030824,6.019239762966114,0.11053336618673366,0.1216938863972076,1.603278524728827,2.8653860806423346,0.17663738143488433,0.09937041094572027,-0.14827959785843006,-1.244303413997877,7.2342342342342345,4.216986146687056,-0.053333182069889344,-1.0371327973496551,0.017202917202917205,0.05161081668920127,3.60544595561218,11.71496419256744,0.8108108108108109,0.3916588309780929,-1.5871507864874157,0.5190476190476199,2.260869565217391,3.053399976709468,2.7762639645030824,6.019239762966114,2.0,0.0,0,0,1.945945945945946,2.5249666408922518,3.4254415021765,10.660980421849963,0.0,0.0,0,0,0.037862822812485104,0.09272951289565518,3.5178122520760424,13.963407614775125,0.043478260869565216,0.0539727362808094,2.8110753287133137,6.154254418067758,0.04347826086956524,0.08346490066063102,2.8432813693591066,6.258253482526035,1.3478260869565217,0.47628048478710105,0.6390096504226936,-1.5916666666666672,1.019980571282152,72.0,304.0,0.0,248.0,2706.0,56.0,0.0,0.0,0.0,1028.0,1256.0,23880.0,0.0,0.0,0.0,0.0,268.0,0.0,0.0,0.0,48.0,0.0,0.0,0.0,0.0,0.0,0.0,0.0,0.0,0.0,36.0,1,1,0,1,1,1,0,0,0,1,1,1,0,0,0,0,1,0,0,0,1,0,0,0,0,0,0,0,0,0,1,6.206896551724138,0.5495647396727319,2.556758891015727,5.132339264678533,2.2758620689655173,0.5811137774604387,-0.1253642596683654,-0.5362527276334079,0.0,0.0,0,0,3.1724137931034484,0.37773969483114905,1.7344547654330245,1.0083333333333284,0.7241379310344828,0.44694763437295587,-1.0029717747535973,-0.9940476190476186,12.423689655172417,1.0960312449437677,2.555774879033647,5.126658530227706,0.7586206896551724,0.6774787139444309,0.33782996515774505,-0.8409755966603121,382.46300000000025,54.599999999999994,6.024100000000003,0,4,0,0,0,0,0,0,0,0,0,0,0,0,0,0,0,0,0,0,0,0,0,0,0,0,0,0,0,0,0,0,0,0,0,0,0,0,0,0,0,0,0,0,0,0,0,0,0,0,0,0,0,0,1,0,0,0,0,0,0,0,0,0,1,0,0,1,0,0,0,0,0,0,0,0,0,0,0,0,0,0,1,0,0,1,0,0,0,0,0,0,0,0,0,0,1,0,1,0,1,0,0,1,0,0,0,1,0,0,0,0,0,0,0,0,0,0,0,0,1,0,1,1,1,1,1,1,0,0,0,1,0,0,0,0,0,0,0,1,0,1,0,0,1,0,1,1,0,1,1,0,1,0,0,0,1,0,1,1,0,1,0,1,1,1,1,1,0,0
CHEMBL204_350,40,38,-1,-1,-1,2.0714285714285716,3.0697669924206146,3.2734748392303006,9.061520914085639,0.10771549300629712,0.11574701968694638,1.930361075828668,4.960656847357699,0.18946378387784274,0.09466813612498784,-0.31448299706708344,-0.9496143726213306,8.625476190476189,4.4962661253861285,-0.20204394951815108,-0.7258733579169725,0.02503373819163293,0.07120524540383932,3.6415150287470026,12.572492121503569,0.825,0.3799671038392666,-1.7106744068953987,0.9264069264069255,2.0714285714285716,3.0697669924206146,3.2734748392303006,9.061520914085639,2.0,0.0,0,0,1.9,2.6532998322843198,3.761557458108559,13.117976417226242,0.0,0.0,0,0,0.010178062355762704,0.027272726498461335,2.3718463553766047,3.7938079914840497,0.03571428571428572,0.047727627482521,3.269344749048512,9.044956550205852,0.03571428571428572,0.04457248811402551,-1.9936487982471318,4.236091184748443,1.1785714285714286,0.3829930462415574,1.6785086548325643,0.8173913043478271,-1.2675752488539094,76.0,350.0,0.0,194.0,3564.0,24.0,0.0,0.0,0.0,884.0,1064.0,36024.0,0.0,0.0,0.0,0.0,132.0,0.0,0.0,0.0,12.0,0.0,0.0,0.0,0.0,0.0,0.0,0.0,0.0,0.0,0.0,1,1,0,1,1,1,0,0,0,1,1,1,0,0,0,0,1,0,0,0,1,0,0,0,0,0,0,0,0,0,0,6.545454545454546,0.7215685393812519,0.929912592324288,-0.5124716553287993,2.1818181818181817,0.6492207662311683,-0.19768660009807093,-0.6966551326412955,0.0,0.0,0,0,3.0,0.0,0,0,0.6818181818181818,0.46577048936179993,-0.780720058358826,-1.3904761904761909,13.09918181818182,1.4391515062185916,0.9285611844310203,-0.5158767041167813,0.45454545454545453,0.49792959773196915,0.1825741858350553,-1.9666666666666666,298.26200000000006,136.12,0.7903999999999993,0,4,0,0,0,0,0,0,0,0,0,0,0,0,0,0,0,0,0,0,0,0,0,0,0,0,0,0,0,0,0,0,0,0,0,0,0,0,0,1,1,0,0,0,0,1,0,0,0,0,0,0,0,0,1,1,0,0,0,0,0,0,0,0,0,0,0,1,0,0,0,1,0,0,0,0,0,0,0,1,1,1,1,0,0,1,0,0,0,0,0,0,0,0,0,0,1,0,1,1,1,0,0,1,0,0,0,1,1,0,0,0,1,0,0,1,0,0,0,1,0,1,1,1,0,1,1,1,0,1,0,0,1,1,0,1,0,1,1,1,0,1,0,0,1,1,0,1,1,0,0,0,0,1,0,0,1,0,1,1,1,1,0,1,1,1,1,1,0,0
CHEMBL204_351,39,38,-1,-1,-1,2.24,3.265333061113368,3.122367622926309,8.413384651579719,0.10747983969531863,0.11869755557758654,1.9380414450344081,5.351114688124245,0.18392400753715296,0.1035080865717107,-0.20476922630170974,-1.1938558529339263,7.91880341880342,4.5947793046882826,-0.10938353205299167,-0.9606864826875183,0.017361491045701578,0.055027393135051186,3.9306528173976387,14.680746205756996,0.8205128205128205,0.3837597319768145,-1.6703827619526517,0.7901785714285703,2.24,3.265333061113368,3.122367622926309,8.413384651579719,2.0,0.0,0,0,1.9487179487179487,2.716980959784534,3.7973052523322024,13.862331168871556,0.0,0.0,0,0,0.03369818587209891,0.08864511930765882,3.886498267797154,16.881144541046364,0.039999999999999994,0.05361504508937434,3.15367860528019,8.551995806246184,0.04000000000000001,0.05977492338998867,-2.2757586956655156,5.042666434771897,1.32,0.46647615158762407,0.7717436331412894,-1.4044117647058831,-0.6264224928100715,76.0,360.0,0.0,274.0,3786.0,56.0,0.0,0.0,0.0,1190.0,1592.0,40800.0,0.0,0.0,0.0,0.0,298.0,0.0,0.0,0.0,48.0,0.0,0.0,0.0,0.0,0.0,0.0,0.0,0.0,0.0,36.0,1,1,0,1,1,1,0,0,0,1,1,1,0,0,0,0,1,0,0,0,1,0,0,0,0,0,0,0,0,0,1,8.285714285714286,8.814991867985647,4.671510437436437,20.669525563163887,2.2857142857142856,0.6468132241526725,-0.35553564492389556,-0.7239738251041037,0.0,0.0,0,0,3.0357142857142856,0.1855768722395226,5.003702332976757,23.037037037037035,0.8571428571428571,0.34992710611188255,-2.0412414523193148,2.166666666666667,17.329178571428574,21.432965580508338,4.771746819108006,21.40908408318301,0.42857142857142855,0.4948716593053935,0.28867513459481275,-1.9166666666666672,497.31300000000005,63.33,6.679300000000003,0,3,0,0,0,0,0,0,0,0,0,0,0,0,0,0,0,0,0,0,0,0,0,0,0,0,0,0,0,1,0,0,0,0,0,0,0,0,1,0,0,0,0,0,0,0,0,0,0,1,0,0,0,0,0,0,0,0,0,1,0,0,0,0,1,0,0,1,0,0,0,0,0,0,0,0,0,0,0,0,0,0,0,1,0,1,0,0,0,1,1,1,0,0,0,0,0,0,1,0,0,0,0,1,0,0,0,1,0,1,0,0,0,0,0,0,0,0,0,0,0,0,1,1,0,1,0,1,0,0,0,0,0,0,0,0,1,0,0,1,0,1,0,0,0,0,0,1,1,0,0,0,0,0,1,0,1,0,1,1,0,1,0,1,1,1,1,1,0,0
CHEMBL204_352,37,34,-1,-1,-1,2.0869565217391304,2.796162641880613,2.774482793719824,5.994895740191335,0.10957017846952957,0.1225618334441129,1.6158858379813656,2.8071544673270115,0.16782915965391126,0.09263399161011161,-0.12507563354978934,-1.1664739958853092,6.918918918918919,3.992931370981199,-0.01206967699796146,-0.9811915580294093,0.018918918918918916,0.05374462002768719,3.2591803794121788,9.531958676792254,0.8108108108108109,0.3916588309780929,-1.5871507864874157,0.5190476190476199,2.0869565217391304,2.796162641880613,2.774482793719824,5.994895740191335,2.0,0.0,0,0,1.837837837837838,2.3192905895053983,3.368666917190401,10.272340357733688,0.0,0.0,0,0,0.011740118496875254,0.030861467839791597,2.4215107168464747,4.269874402871565,0.043478260869565195,0.052971719957864226,2.789561954890825,6.05530247449653,0.043478260869565175,0.15802160821562314,2.850396562144705,6.27259453643622,1.2173913043478262,0.4124709991523974,1.3703203194062967,-0.12222222222222534,-1.007725677751558,68.0,256.0,0.0,164.0,2046.0,24.0,0.0,0.0,0.0,636.0,762.0,15960.0,0.0,0.0,0.0,0.0,112.0,0.0,0.0,0.0,12.0,0.0,0.0,0.0,0.0,0.0,0.0,0.0,0.0,0.0,0.0,1,1,0,1,1,1,0,0,0,1,1,1,0,0,0,0,1,0,0,0,1,0,0,0,0,0,0,0,0,0,0,6.379310344827586,0.6650793628271005,1.5027437059923976,0.855185570586193,2.206896551724138,0.6090869562984721,-0.14262335718552097,-0.5053007889546346,0.0,0.0,0,0,3.1724137931034484,0.37773969483114905,1.7344547654330245,1.0083333333333284,0.5517241379310345,0.4973174173053778,-0.20801257358446087,-1.956730769230769,12.767689655172417,1.3264902381706214,1.5015497958945807,0.8507286345187555,0.7241379310344828,0.7379632606562999,0.4872659915616608,-1.036526763410309,391.4310000000001,98.66,3.0722000000000014,0,3,0,0,0,0,0,0,0,0,0,0,0,0,0,0,0,0,0,0,0,1,0,0,0,0,0,0,0,0,0,0,0,0,0,0,0,0,0,1,1,0,0,0,0,0,0,0,0,0,0,0,0,0,0,1,0,0,0,0,0,0,0,0,1,0,0,1,0,0,0,0,0,0,0,0,0,1,0,1,0,1,1,0,0,0,0,1,1,0,0,0,1,1,0,0,0,0,0,1,1,0,1,1,0,0,0,1,1,0,0,0,1,1,0,0,0,0,0,1,1,0,1,1,1,1,0,1,0,0,1,1,0,1,0,1,0,1,1,1,1,1,0,0,1,0,1,1,1,1,1,0,1,1,0,1,1,0,1,1,1,1,0,1,1,1,1,1,0,0
CHEMBL204_353,40,39,-1,-1,-1,2.142857142857143,3.215079267121971,3.281848536376487,9.301001102157644,0.10748700261143318,0.1159592353786871,1.9673141680679092,5.209134249715937,0.2009222986492299,0.10187062175330296,-0.34631563640083546,-0.9642148113402254,8.94,4.6953889911036955,-0.22292253892204483,-0.7360224353302369,0.02253711201079622,0.06636831415559719,3.7463415504177564,13.467064319660814,0.825,0.3799671038392666,-1.7106744068953987,0.9264069264069255,2.142857142857143,3.215079267121971,3.281848536376487,9.301001102157644,2.0,0.0,0,0,1.95,2.7744368798010166,3.795368285393612,13.588531557372857,0.0,0.0,0,0,0.016742186385043524,0.04160301740440435,2.24376674711974,3.3326251756605556,0.035714285714285705,0.04849572018309425,3.2973548043617265,9.404494327165372,0.035714285714285705,0.31583040495702613,-3.1247678142214914,8.88573780000729,1.2142857142857142,0.410325903324145,1.3926212476455826,-0.06060606060606011,-0.5110867246973669,78.0,382.0,0.0,282.0,4116.0,48.0,0.0,0.0,0.0,1280.0,1694.0,44760.0,0.0,0.0,0.0,0.0,282.0,0.0,0.0,0.0,48.0,0.0,0.0,0.0,0.0,0.0,0.0,0.0,0.0,0.0,0.0,1,1,0,1,1,1,0,0,0,1,1,1,0,0,0,0,1,0,0,0,1,0,0,0,0,0,0,0,0,0,0,6.655172413793103,1.0915304683685803,1.3504765582416947,0.18685383723571025,2.206896551724138,0.7601864718982276,0.1052821380071419,-0.46682416298328544,0.0,0.0,0,0,3.310344827586207,0.46263475396547377,0.819891591749923,-1.3277777777777782,0.5517241379310345,0.49731741730537776,-0.20801257358446087,-1.9567307692307687,13.456241379310349,2.4806843835324055,1.4767952958571393,0.5911491190653506,0.5172413793103449,0.6757213083539801,0.9432768117553711,-0.3194173177083326,405.3510000000001,55.32,4.624900000000003,1,3,0,0,0,0,0,0,0,0,0,0,0,0,0,0,0,0,0,0,0,0,0,0,0,0,0,0,0,0,0,0,0,0,0,0,0,0,0,0,0,0,0,0,1,0,0,0,0,0,0,0,0,0,0,0,0,0,0,0,0,0,0,0,0,0,0,1,0,0,0,0,0,0,0,0,0,1,0,0,0,1,0,0,0,1,0,1,1,1,0,0,0,0,1,0,0,1,1,0,1,0,1,1,0,0,0,1,1,1,0,0,1,1,1,1,0,0,0,1,1,0,1,1,1,0,0,1,1,1,0,1,0,0,0,0,1,0,0,1,1,0,0,0,1,1,0,1,0,1,1,0,0,0,1,1,1,0,1,1,1,1,0,1,1,1,1,1,0,0
CHEMBL204_354,38,36,-1,-1,-1,2.076923076923077,2.9078551032978157,3.0209800724420117,7.445740805400087,0.1110456110603543,0.11825676191202238,1.7237880573676878,3.4473857993638974,0.1901958204714628,0.09543016412078804,-0.2868927806043487,-0.9699569466400875,8.092105263157896,4.240813492319483,-0.16054766727053602,-0.7854053076874106,0.023589378852536747,0.06629376471587976,3.3437805329358055,10.20648539898423,0.8157894736842105,0.3876557858593746,-1.6292261599251139,0.6543778801843323,2.076923076923077,2.9078551032978157,3.0209800724420117,7.445740805400087,2.0,0.0,0,0,1.894736842105263,2.50041547794099,3.4931116147475514,11.11636617551185,0.0,0.0,0,0,0.009903094338267637,0.026666441311312468,2.5507253780838006,5.06337899629999,0.03846153846153846,0.04872862746823478,3.030078968773575,7.486913218695719,0.03846153846153845,0.02368669439010531,-0.023361247947571582,0.3394869001849914,1.1923076923076923,0.39411349099844606,1.5614401167176535,0.4380952380952392,1.5829162470805789,72.0,302.0,0.0,202.0,2706.0,24.0,0.0,0.0,0.0,774.0,1036.0,23880.0,0.0,0.0,0.0,0.0,124.0,0.0,0.0,0.0,12.0,0.0,0.0,0.0,0.0,0.0,0.0,0.0,0.0,0.0,0.0,1,1,0,1,1,1,0,0,0,1,1,1,0,0,0,0,1,0,0,0,1,0,0,0,0,0,0,0,0,0,0,7.038461538461538,2.2271190295082195,3.4612618304027123,12.494110397328582,2.230769230769231,0.7994080650317895,0.013364589564574389,-0.6970164609053491,0.0,0.0,0,0,3.423076923076923,0.4940474068717357,0.31139957766461024,-1.9030303030303026,0.4230769230769231,0.49404740687173565,0.3113995776646091,-1.9030303030303028,14.256038461538463,4.80688990673219,3.347917492289077,11.68257083658169,0.5769230769230769,0.8400126795323675,0.9249520574490341,-0.9462442150231389,385.77700000000016,54.260000000000005,2.8164000000000016,0,2,0,0,0,0,0,0,0,0,1,0,0,1,0,0,0,0,0,0,0,0,0,0,0,0,0,1,0,0,0,0,0,0,0,0,0,0,0,0,1,0,0,0,1,0,0,0,0,0,0,0,0,0,1,0,0,0,0,0,0,0,0,0,1,0,0,1,0,0,0,0,0,0,0,0,0,1,0,1,0,1,1,0,0,1,0,1,1,1,0,0,0,0,1,0,1,0,1,0,1,0,1,1,0,1,0,1,1,1,0,0,1,1,1,0,0,0,0,1,1,0,1,1,1,0,1,1,0,0,1,1,0,0,0,1,1,1,0,1,1,0,0,0,1,0,1,1,0,1,1,0,1,0,0,1,1,0,1,0,1,0,0,1,1,1,1,1,0,0
CHEMBL204_355,40,37,-1,-1,-1,2.0,2.878491668515698,3.32429849351471,9.930439952437572,0.10440829978784243,0.11873881814896099,2.3182266520173944,8.005541816133938,0.18399675829884238,0.09097841728467354,-0.2969295618918305,-0.8787220343449458,8.396666666666667,4.339183871036887,-0.180326039147136,-0.63730974285982,0.026248313090418352,0.07482364226108891,3.4930969185574545,12.391913031903242,0.825,0.3799671038392666,-1.7106744068953987,0.9264069264069255,2.0,2.878491668515698,3.32429849351471,9.930439952437572,2.0,0.0,0,0,1.85,2.495495942693556,3.780765749486059,13.968345296378892,0.0,0.0,0,0,0.004341736694677871,0.013807421388700444,3.081302183217627,7.932179499624178,0.035714285714285705,0.04649187085804914,3.29248240272816,9.706126890803002,0.03571428571428571,0.23706081474995497,3.9683892900808795,15.275661078235661,1.1428571428571428,0.34992710611188255,2.041241452319316,2.1666666666666714,0.19490387027560466,74.0,312.0,0.0,148.0,2976.0,8.0,0.0,0.0,0.0,524.0,802.0,29184.0,0.0,0.0,0.0,0.0,40.0,0.0,0.0,0.0,0.0,0.0,0.0,0.0,0.0,0.0,0.0,0.0,0.0,0.0,0.0,1,1,0,1,1,1,0,0,0,1,1,1,0,0,0,0,1,0,0,0,0,0,0,0,0,0,0,0,0,0,0,7.32258064516129,3.0202232001923686,2.535366002475508,4.821667484180285,2.2580645161290325,0.7169713151900925,0.09890981780224832,-0.27423003163467685,0.0,0.0,0,0,3.3548387096774195,0.47846441852230076,0.6067798762169174,-1.6318181818181816,0.4838709677419355,0.4997397866074087,0.06454972243679008,-1.9958333333333338,14.704612903225813,6.2028611175573225,2.5674047204610217,5.023064895252899,0.6774193548387096,0.8186179058354528,0.655330935622731,-1.1988927896300285,477.01100000000025,82.61000000000001,2.7421000000000006,0,3,0,0,0,0,0,0,0,0,0,0,0,0,0,0,0,0,0,0,0,0,0,0,0,0,0,0,0,0,0,0,0,0,1,1,0,0,1,0,0,0,0,0,0,0,0,0,0,1,0,0,0,1,0,0,0,1,0,0,1,1,1,1,0,0,1,1,0,1,0,0,0,0,0,1,0,1,0,0,0,1,1,1,1,1,0,1,1,1,1,0,0,1,1,0,1,1,1,0,1,0,1,1,1,1,1,1,1,1,0,0,1,1,1,0,0,0,0,1,1,0,1,1,1,0,1,1,0,0,1,1,1,0,0,0,1,0,1,1,1,0,0,0,1,0,1,1,1,1,1,0,0,1,0,1,1,0,1,0,1,1,0,1,1,1,1,1,0,1
CHEMBL204_356,39,37,-1,-1,-1,2.074074074074074,2.9929042741980627,3.119813651726749,8.071420396849033,0.10982208100706368,0.11653384128356703,1.7997314196195253,3.94480210057828,0.19265585523509907,0.09641983465254132,-0.3237888747408472,-0.9433590896372812,8.416239316239317,4.394483862908159,-0.19448090188494171,-0.7538772293744995,0.023598497282707808,0.06764796127607024,3.4050558123068697,10.606381474999075,0.8205128205128205,0.3837597319768145,-1.6703827619526517,0.7901785714285703,2.074074074074074,2.9929042741980627,3.119813651726749,8.071420396849033,2.0,0.0,0,0,1.8974358974358974,2.5799510211497982,3.5983457158822656,11.887885673983966,0.0,0.0,0,0,0.009187523736018718,0.025070046712809168,2.5912142542082317,5.291325836108912,0.037037037037037035,0.04841675175952065,3.1312112327982593,8.134664520265948,0.03703703703703704,0.023760018620647343,-0.2216160831326919,0.4252331697822007,1.1851851851851851,0.38844772154450063,1.6208864017175073,0.6272727272727261,-1.0223046071137376,74.0,326.0,0.0,210.0,3102.0,24.0,0.0,0.0,0.0,842.0,1126.0,29160.0,0.0,0.0,0.0,0.0,130.0,0.0,0.0,0.0,12.0,0.0,0.0,0.0,0.0,0.0,0.0,0.0,0.0,0.0,0.0,1,1,0,1,1,1,0,0,0,1,1,1,0,0,0,0,1,0,0,0,1,0,0,0,0,0,0,0,0,0,0,7.2592592592592595,5.460922406093792,4.845124764490352,21.66523315185149,2.2962962962962963,0.5972042776517444,-0.2194460688885994,-0.6079881656804744,0.0,0.0,0,0,3.259259259259259,0.43822813208145306,1.0987005311470726,-0.7928571428571418,0.5555555555555556,0.4969039949999533,-0.22360679774997907,-1.9500000000000002,14.895037037037039,12.784160571470723,4.860747520347379,21.767228494891814,0.7407407407407407,0.7499428419006143,0.4637510911098687,-1.0995240928019032,422.32600000000025,38.13,4.482700000000004,0,3,0,0,0,0,0,0,0,0,0,0,0,0,0,0,0,0,0,0,0,0,0,0,0,0,0,0,0,0,0,0,0,0,0,0,0,0,0,0,1,0,0,0,0,0,0,1,1,0,0,0,0,0,0,0,0,0,0,0,0,0,0,0,0,0,0,1,0,0,0,0,0,0,0,0,0,1,1,1,0,0,0,0,0,1,0,1,1,1,0,0,0,0,0,0,0,1,1,0,1,1,1,1,0,0,0,1,0,1,0,0,0,1,0,0,0,0,0,0,1,0,1,1,1,0,0,1,0,1,1,1,0,0,0,0,1,0,0,1,1,0,0,0,1,1,0,1,0,1,1,0,1,0,1,1,1,1,1,0,1,0,0,1,1,1,1,1,0,0
CHEMBL204_357,42,41,-1,-1,-1,2.1333333333333333,3.3934577580331764,3.795650844587863,13.903941157833263,0.10322131774723824,0.11469473994934332,2.603193592865475,10.47457482906103,0.20812852171531157,0.10511134157963091,-0.40571203194988814,-0.8464368013199723,9.681746031746034,5.042635430372522,-0.2751100609902804,-0.5647617959189462,0.0220383275261324,0.06924161586927495,4.203219328579395,18.132862151687082,0.8333333333333334,0.37267799624996495,-1.788854381999832,1.200000000000002,2.1333333333333333,3.3934577580331764,3.795650844587863,13.903941157833263,2.0,0.0,0,0,1.9523809523809523,2.9435351353382084,4.3485220419950465,19.400864148258194,0.0,0.0,0,0,0.01249714351370108,0.03147275231864447,2.636102899515941,6.276504006578513,0.03333333333333334,0.04865943351084916,3.8322849674548496,14.135271623732596,0.03333333333333333,0.10456872319366547,4.423900009652927,19.084651955225773,1.2333333333333334,0.42295258468165065,1.2609766499825608,-0.40993788819875787,-1.0776638416659232,82.0,442.0,0.0,292.0,5694.0,32.0,0.0,0.0,0.0,1102.0,2022.0,78600.0,0.0,0.0,0.0,0.0,186.0,0.0,0.0,0.0,12.0,0.0,0.0,0.0,0.0,0.0,0.0,0.0,0.0,0.0,24.0,1,1,0,1,1,1,0,0,0,1,1,1,0,0,0,0,1,0,0,0,1,0,0,0,0,0,0,0,0,0,1,7.366666666666666,3.060319518539781,2.477715058469688,4.521879132459118,2.2666666666666666,0.7272474743090478,0.06393779433053937,-0.3436198008615219,0.0,0.0,0,0,3.2333333333333334,0.42295258468165065,1.2609766499825608,-0.40993788819875787,0.6,0.48989794855663565,-0.40824829046386274,-1.8333333333333335,14.794400000000003,6.285546025605096,2.509424256700765,4.717060604591685,0.5666666666666667,0.7156970184527962,0.8563268470041884,-0.5920638431025633,460.9680000000002,86.37,3.415700000000001,0,4,0,0,0,0,0,0,0,0,0,0,0,0,0,0,0,0,0,0,0,0,0,0,0,0,0,0,0,0,0,0,0,0,1,1,0,0,1,0,0,0,0,0,0,0,0,0,0,0,0,0,0,1,0,0,0,1,0,0,1,1,1,1,0,0,1,1,0,1,0,0,0,0,0,1,0,1,0,0,0,1,0,1,0,1,0,1,1,1,1,0,0,0,1,0,1,1,1,0,1,0,1,1,1,1,0,1,1,1,0,0,1,1,1,0,0,0,0,1,1,0,1,1,1,0,1,1,0,1,1,1,1,0,1,0,1,0,1,1,1,0,0,0,1,1,0,1,1,1,1,0,1,1,0,1,1,1,1,0,1,1,0,1,1,1,1,1,0,1
CHEMBL204_358,39,35,-1,-1,-1,2.0,2.842534080710379,2.978098518536632,7.159543182040975,0.1085867461957237,0.11768578585220534,1.759741762316649,3.8509977616274274,0.1693593735558118,0.09188532693619607,-0.20740682105559607,-1.0790904222540352,7.393162393162394,4.198381383174441,-0.08329044325214273,-0.9047557038741036,0.01998759893496736,0.06039150001264046,3.2496467331371024,9.3978465304732,0.8205128205128205,0.3837597319768145,-1.6703827619526517,0.7901785714285703,2.0,2.842534080710379,2.978098518536632,7.159543182040975,2.0,0.0,0,0,1.794871794871795,2.377021268682418,3.5546952341290203,11.57421303560851,0.0,0.0,0,0,0.0035638095531840518,0.010990820437877242,3.031398349224606,8.082837429909995,0.04,0.051870318847881985,2.9920928240502307,7.222660750407334,0.04,0.0202448606975922,1.514433076103444,2.2511396891396362,1.16,0.36660605559646714,1.8548520670059365,1.4404761904761942,1.2067199377229554,70.0,276.0,0.0,130.0,2376.0,8.0,0.0,0.0,0.0,482.0,644.0,19920.0,0.0,0.0,0.0,0.0,40.0,0.0,0.0,0.0,0.0,0.0,0.0,0.0,0.0,0.0,0.0,0.0,0.0,0.0,0.0,1,1,0,1,1,1,0,0,0,1,1,1,0,0,0,0,1,0,0,0,0,0,0,0,0,0,0,0,0,0,0,6.695652173913044,2.052247603687991,4.034673913773656,15.386417845021253,2.260869565217391,0.5289358721998452,0.1632881833370789,-0.3970051132213288,0.0,0.0,0,0,3.260869565217391,0.4391089103635685,1.0891622972743438,-0.8137254901960755,0.391304347826087,0.4880422678400793,0.445435403187374,-1.8015873015873014,13.403521739130438,4.115102924060875,4.038908800175578,15.412495870731266,0.782608695652174,0.7777627747825356,0.39829960849215,-1.247265625000001,326.425,66.38,3.045300000000001,0,2,0,0,0,0,0,0,0,0,0,0,0,0,0,0,0,0,0,0,0,0,0,0,0,0,0,1,0,0,0,0,0,0,0,0,0,0,1,0,0,0,0,0,0,1,0,1,0,1,0,0,0,0,0,0,0,0,0,0,0,0,0,0,0,0,0,1,0,0,0,0,0,0,0,0,0,0,1,1,1,1,0,1,0,1,0,0,0,0,1,0,1,1,1,0,0,1,1,1,0,1,0,1,0,0,1,1,1,0,0,0,1,1,0,0,0,0,0,1,1,1,1,1,0,0,0,1,0,1,1,1,0,1,0,1,0,0,0,1,0,0,0,0,1,1,0,1,0,1,0,0,1,1,0,0,1,0,1,0,1,0,0,1,1,1,1,1,0,0
CHEMBL204_359,43,43,-1,-1,-1,2.193548387096774,3.523372237655005,3.463541931096421,10.244648729772528,0.10690683308542158,0.10875082985032428,2.016422053071972,5.340063250508763,0.20709729016072223,0.10363772915185898,-0.43298583398774415,-0.8619036642367948,10.012403100775193,5.154166039083335,-0.34633143242789444,-0.6388433273708398,0.02255354779461416,0.07167436224307301,3.990242721842107,14.735560497987425,0.8372093023255814,0.36917460154389636,-1.8268282862112646,1.337301587301587,2.193548387096774,3.523372237655005,3.463541931096421,10.244648729772528,2.0,0.0,0,0,2.0,3.0651833284828665,3.9876154106832713,14.67463974120184,0.0,0.0,0,0,0.041231608006264776,0.15287502277582482,5.733493991209499,32.98810672220947,0.03225806451612904,0.047274520942711555,3.4703400006210474,10.248540684117367,0.032258064516129045,0.06428010781156884,3.541455890108579,10.75149207267942,1.2903225806451613,0.45391120256355766,0.923869770874312,-1.1464646464646449,0.4353148111234354,86.0,490.0,0.0,324.0,6150.0,56.0,0.0,0.0,0.0,1736.0,2170.0,76560.0,0.0,0.0,0.0,0.0,352.0,0.0,0.0,0.0,48.0,0.0,0.0,0.0,0.0,0.0,0.0,0.0,0.0,0.0,0.0,1,1,0,1,1,1,0,0,0,1,1,1,0,0,0,0,1,0,0,0,1,0,0,0,0,0,0,0,0,0,0,6.190476190476191,0.49943278484292924,2.6228889045974197,5.881487603305786,2.380952380952381,0.5753831415997415,-0.27662443399859976,-0.7450741227247124,0.047619047619047616,0.21295885499998,4.248529157249599,16.049999999999986,3.0,0.0,0,0,0.9047619047619048,0.2935435239509036,-2.7577641592229636,5.605263157894742,12.391,0.9961778383974853,2.6213843473887297,5.871732811650276,0.5238095238095238,0.49943278484292924,-0.09534625892455936,-1.9909090909090907,271.29900000000004,36.739999999999995,3.1422000000000017,0,0,0,0,0,0,0,0,0,0,0,0,0,0,0,0,0,0,0,0,0,0,0,0,0,0,0,0,0,0,0,0,0,0,0,0,0,0,0,0,0,0,0,0,0,0,0,0,0,0,0,1,0,0,0,0,0,0,0,0,0,0,0,0,0,0,0,1,0,0,0,0,0,0,0,0,0,0,0,0,0,1,0,0,0,1,0,1,0,0,0,0,0,0,0,0,0,1,1,1,1,0,0,1,0,0,0,1,0,0,0,0,0,0,0,0,0,0,0,0,0,0,1,1,1,0,0,1,0,1,0,0,0,0,0,0,0,1,0,1,0,0,0,0,1,1,1,1,0,0,1,0,0,1,1,0,1,0,1,0,1,0,0,1,1,1,1,1,0,0
CHEMBL204_360,38,38,-1,-1,-1,2.230769230769231,3.054727638717659,2.9060133068349123,6.987208722082535,0.11429280973096297,0.1151214277078169,1.6569704873202742,3.3325608152692077,0.19894877882578108,0.10039835615062553,-0.3428893717167074,-0.9663392672841389,8.403508771929825,4.400521895375301,-0.22998586042658964,-0.7962091819072361,0.021613718982140033,0.06465540707347713,3.4453989603181188,10.81100415642573,0.8157894736842105,0.3876557858593746,-1.6292261599251143,0.6543778801843323,2.230769230769231,3.054727638717659,2.9060133068349123,6.987208722082535,2.0,0.0,0,0,2.0,2.6257830912139837,3.401384425015259,10.709981935784628,0.0,0.0,0,0,0.030951595580365428,0.08023177115908113,3.5440431150033334,13.577428405148165,0.038461538461538464,0.04875327370683383,2.9925536344395653,7.465468420592767,0.03846153846153845,0.03445472048510476,-1.05554575199351,1.603252682883734,1.3076923076923077,0.4615384615384615,0.8333333333333336,-1.3055555555555551,-0.16639682360854705,76.0,338.0,0.0,294.0,3126.0,48.0,0.0,0.0,0.0,988.0,1590.0,29184.0,0.0,0.0,0.0,0.0,208.0,0.0,0.0,0.0,24.0,0.0,0.0,0.0,0.0,0.0,0.0,0.0,0.0,0.0,48.0,1,1,0,1,1,1,0,0,0,1,1,1,0,0,0,0,1,0,0,0,1,0,0,0,0,0,0,0,0,0,1,6.9393939393939394,2.5098520291937763,3.3460857267904225,9.987100187846902,2.1818181818181817,0.6254474981984937,0.5895906588849924,0.948918865304504,0.0,0.0,0,0,3.121212121212121,0.3263736246748184,2.32119172721315,3.3879310344827633,0.696969696969697,0.459568208730397,-0.8571946154145235,-1.2652173913043472,13.93360606060606,5.203254610508836,3.3952523210170127,10.351312591004358,0.6363636363636364,0.5938156952201644,0.33010701611726445,-0.6826171874999991,480.9770000000002,86.11,4.9714000000000045,0,9,0,0,0,0,0,0,0,0,0,0,0,0,0,0,0,0,0,0,0,0,0,0,0,0,0,0,0,0,0,0,0,0,1,1,0,0,0,0,0,0,0,0,0,0,0,0,0,0,0,0,0,1,1,0,0,1,0,0,1,0,1,1,0,0,0,1,0,1,0,1,1,0,0,1,0,1,0,1,0,1,1,0,0,1,0,0,0,1,1,0,0,0,0,0,1,1,1,1,0,1,1,0,1,1,0,0,1,1,0,1,0,1,1,1,0,0,0,1,0,0,1,1,1,0,1,1,1,1,1,0,1,0,0,1,1,1,1,1,1,0,0,0,1,1,0,1,1,0,1,0,0,1,1,1,0,1,1,1,1,1,0,1,1,1,1,1,0,1
CHEMBL204_361,39,37,-1,-1,-1,2.16,3.0942527369301946,2.9690589288100533,7.1302820221124374,0.10639724473139449,0.11966892643703879,1.7349371522654264,3.4949456887330026,0.17763502188236013,0.09891059069272849,-0.1967104022524313,-1.1983284903095224,7.692307692307693,4.448508579028495,-0.08375972994398047,-0.9858863600934256,0.018528650107597477,0.054632605434198456,3.532071684373329,11.430851022261436,0.8205128205128205,0.3837597319768145,-1.6703827619526517,0.7901785714285703,2.16,3.0942527369301946,2.9690589288100533,7.1302820221124374,2.0,0.0,0,0,1.8974358974358974,2.5799510211497982,3.5983457158822656,11.887885673983966,0.0,0.0,0,0,0.019236583522297807,0.046644337986311415,2.1361489182231246,2.803764970293434,0.04000000000000001,0.05208754946984187,2.9839461589821825,7.19741427961034,0.04,0.016937034826147824,0.3734325094707214,0.1194426902956276,1.24,0.4270831300812524,1.2175615550562024,-0.5175438596491229,-0.6169615588320964,74.0,326.0,0.0,234.0,3102.0,48.0,0.0,0.0,0.0,1090.0,1258.0,29160.0,0.0,0.0,0.0,0.0,258.0,0.0,0.0,0.0,48.0,0.0,0.0,0.0,0.0,0.0,0.0,0.0,0.0,0.0,0.0,1,1,0,1,1,1,0,0,0,1,1,1,0,0,0,0,1,0,0,0,1,0,0,0,0,0,0,0,0,0,0,8.0,3.910284207144688,1.7577795774946998,1.2328419590877528,2.193548387096774,0.7795513531351337,0.05696876150995818,-0.6350628635766564,0.0,0.0,0,0,3.161290322580645,0.3677985242255284,1.8418218405447628,1.3923076923076945,0.7096774193548387,0.4539112025635577,-0.923869770874312,-1.1464646464646457,16.19745161290323,8.25542903610947,1.7769666745389507,1.304732004979476,0.3870967741935484,0.4870860925981129,0.46358632497276514,-1.7850877192982462,514.2170000000001,68.29,7.441500000000001,0,5,0,0,0,0,0,0,0,0,0,0,0,0,0,0,0,0,0,0,0,0,0,0,0,0,0,0,0,0,0,0,0,0,1,1,0,0,0,0,0,0,0,0,0,0,0,0,0,0,0,0,0,1,0,0,0,1,0,0,1,1,1,1,0,0,1,1,0,1,0,1,0,0,0,1,0,0,0,0,0,0,0,1,0,0,0,0,0,1,1,0,0,0,0,0,1,1,0,0,1,0,0,1,1,1,0,1,1,1,0,0,0,0,1,1,0,0,0,1,0,0,0,1,0,0,1,1,1,1,0,0,1,0,0,1,1,1,1,1,0,0,0,0,1,1,1,1,1,0,1,0,1,1,1,0,0,0,1,1,1,1,0,1,1,1,1,1,0,0
CHEMBL204_362,37,35,-1,-1,-1,2.08,2.8554509276119595,3.0530881833004355,7.938137370030725,0.1108904160779769,0.12136862300067588,1.8773147808321258,4.776059105391382,0.18928158667373254,0.09570330098652362,-0.23904700757100333,-0.985525467001727,7.811711711711714,4.120815950399878,-0.11519633908158673,-0.7775624284630847,0.02325182325182325,0.0648907146506377,3.445933719105367,11.36321136193422,0.8108108108108109,0.3916588309780929,-1.5871507864874157,0.5190476190476199,2.08,2.8554509276119595,3.0530881833004355,7.938137370030725,2.0,0.0,0,0,1.8918918918918919,2.4471029069005836,3.5335878116499475,11.816643614574412,0.0,0.0,0,0,0.01085637927743191,0.028992976083652637,2.5256617185428234,4.850925880747891,0.04000000000000001,0.04966141135769428,3.0672984794811673,8.022302731505446,0.04,0.02483018956974238,-0.0011366101921391066,-0.45308110605911844,1.2,0.4,1.5000000000000004,0.2500000000000009,2.5355411148375966,70.0,284.0,0.0,196.0,2502.0,24.0,0.0,0.0,0.0,694.0,992.0,22320.0,0.0,0.0,0.0,0.0,118.0,0.0,0.0,0.0,12.0,0.0,0.0,0.0,0.0,0.0,0.0,0.0,0.0,0.0,0.0,1,1,0,1,1,1,0,0,0,1,1,1,0,0,0,0,1,0,0,0,1,0,0,0,0,0,0,0,0,0,0,6.857142857142857,2.166535841157586,3.5554941874150203,12.13092627599243,2.2857142857142856,0.7648751621051909,0.7427438364304336,0.3204434829637668,0.0,0.0,0,0,3.7142857142857144,0.4517539514526257,-0.9486832980505145,-1.1000000000000003,0.0,0.0,0,0,13.725857142857146,4.343403123574596,3.562206231102684,12.169464760195877,1.1428571428571428,0.8883218145798871,-0.28281589281065966,-1.6739001189060638,312.43500000000006,67.76,2.3259999999999996,2,1,0,0,0,0,0,0,0,0,0,0,0,0,0,0,0,0,0,0,0,0,0,0,0,0,0,0,0,0,0,0,0,0,1,1,0,0,1,1,0,0,0,0,0,0,0,0,0,0,0,0,0,1,0,0,0,1,0,1,1,0,1,1,0,0,0,0,1,1,0,0,0,0,0,1,0,0,0,1,1,0,0,1,0,0,0,0,0,0,1,1,1,1,0,0,1,0,1,1,1,0,0,1,1,0,1,1,1,0,0,0,1,1,1,0,0,0,0,1,1,1,1,1,0,0,1,0,0,1,1,1,1,0,1,1,0,0,1,1,0,0,0,0,1,1,0,1,1,1,1,0,0,1,1,0,0,0,1,1,1,1,0,1,0,1,1,1,0,0
CHEMBL204_363,36,33,-1,-1,-1,2.0,2.6299556396765835,3.037295263357076,7.815502975758454,0.11065074249115135,0.1246362345545415,1.9419302112236687,5.369726806610144,0.17386373775099265,0.08537493385319404,-0.1998077370753057,-0.991332753004623,7.18941798941799,3.7507866582485767,-0.059095950166930165,-0.7550185709160577,0.026330532212885154,0.06942061513966588,3.172184772166428,9.306126186693772,0.8055555555555556,0.3957724124659724,-1.5440972939559132,0.3842364532019724,2.0,2.6299556396765835,3.037295263357076,7.815502975758454,2.0,0.0,0,0,1.8333333333333333,2.2546248764114476,3.479591272132616,11.441906297590247,0.0,0.0,0,0,0.005162204777241009,0.014981859661100425,2.6891848214633045,5.567734265883988,0.04166666666666666,0.04941464000560263,3.0425578418447046,7.887614431299687,0.041666666666666664,0.07174116419958189,3.5414264960046458,11.714818623055201,1.1666666666666667,0.3726779962499649,1.7888543819998315,1.1999999999999993,2.7970763627223816,66.0,238.0,0.0,116.0,1884.0,8.0,0.0,0.0,0.0,372.0,498.0,15024.0,0.0,0.0,0.0,0.0,34.0,0.0,0.0,0.0,0.0,0.0,0.0,0.0,0.0,0.0,0.0,0.0,0.0,0.0,0.0,1,1,0,1,1,1,0,0,0,1,1,1,0,0,0,0,1,0,0,0,0,0,0,0,0,0,0,0,0,0,0,6.857142857142857,2.166535841157586,3.5554941874150203,12.13092627599243,2.1904761904761907,0.6632565846278153,0.7468245175724707,1.0539377192050141,0.0,0.0,0,0,3.7142857142857144,0.4517539514526257,-0.9486832980505145,-1.1000000000000003,0.0,0.0,0,0,13.725857142857146,4.343403123574596,3.562206231102684,12.169464760195877,1.2380952380952381,0.8676603408708855,-0.47939209935256355,-1.5029394687182465,314.4510000000001,67.76,2.716100000000001,2,1,0,0,0,0,0,0,0,0,0,0,0,0,0,0,0,0,0,0,0,0,0,0,0,0,0,0,0,0,0,0,0,0,1,1,0,0,1,1,0,0,0,0,0,0,0,0,0,0,0,0,0,1,0,0,0,1,0,1,1,0,1,1,0,0,0,0,0,1,0,0,0,0,0,1,0,0,0,1,1,0,0,1,0,0,0,0,0,0,1,1,1,1,0,0,1,0,0,1,1,0,0,1,1,0,1,1,1,0,0,0,1,1,1,0,0,0,0,1,1,1,1,1,0,0,1,0,0,1,1,1,1,0,1,1,0,0,1,1,0,0,0,0,1,1,0,1,1,1,1,0,0,1,1,0,0,0,1,1,1,1,0,1,0,1,1,1,0,0
CHEMBL204_364,42,44,-1,-1,-1,2.3333333333333335,3.7088482788536328,3.5858591796730948,12.144456246851856,0.10755218090268637,0.11064380774629742,2.2285161206015305,7.585619698020656,0.22176519431530675,0.1134908965899541,-0.4460596523629704,-0.8944419652831703,10.19047619047619,5.330210076139806,-0.33724264657857383,-0.6235463266312609,0.019657375145180022,0.0659732449042522,4.393268383370683,19.286317860176005,0.8333333333333334,0.37267799624996495,-1.788854381999832,1.200000000000001,2.3333333333333335,3.7088482788536328,3.5858591796730948,12.144456246851856,2.0,0.0,0,0,2.0952380952380953,3.2131391253023502,4.160024919969109,17.420485543306246,0.0,0.0,0,0,0.038198947989121095,0.09142877730140868,3.3441264164302003,12.970028826903478,0.033333333333333326,0.049325136336134605,3.7300930990307464,13.230180268157373,0.03333333333333333,0.08948888291546907,-2.9531316849272975,8.801937800880134,1.3,0.45825756949558394,0.8728715609439692,-1.238095238095237,0.03897668754664709,88.0,530.0,0.0,510.0,7230.0,112.0,0.0,0.0,0.0,2278.0,3698.0,105048.0,0.0,0.0,0.0,0.0,684.0,0.0,0.0,0.0,144.0,0.0,0.0,0.0,0.0,0.0,0.0,0.0,0.0,0.0,168.0,1,1,0,1,1,1,0,0,0,1,1,1,0,0,0,0,1,0,0,0,1,0,0,0,0,0,0,0,0,0,1,6.947368421052632,2.247189688443073,3.4049708237821794,10.887869964123324,2.210526315789474,0.6552578735783543,0.31247822924400354,0.2508220603537974,0.0,0.22941573387056177,0.0,16.000000000000004,3.0789473684210527,0.2696565991042,3.1228802334353043,7.752380952380944,0.6842105263157895,0.464829519280413,-0.7925939239012172,-1.3717948717948714,13.906473684210527,4.505505139836926,3.4108786097866886,10.919415136777685,0.5263157894736842,0.5954583420518295,0.646339792178329,-0.53564453125,548.6060000000002,142.14,4.835900000000003,0,10,0,0,0,0,0,0,0,0,0,0,0,0,0,0,0,0,0,0,0,0,0,0,0,0,1,0,0,0,0,0,0,0,1,1,0,0,1,0,0,0,0,0,0,0,0,0,0,1,0,1,0,1,1,0,0,1,1,0,1,0,1,1,0,1,0,1,0,1,0,1,1,1,0,1,0,1,0,1,0,1,1,1,0,1,0,0,0,0,1,0,0,0,0,0,1,1,1,1,0,1,1,1,1,0,0,1,1,0,0,1,0,1,1,1,0,0,0,1,0,1,1,1,1,0,1,1,1,1,1,0,1,0,0,1,0,1,1,1,1,0,1,0,1,1,0,1,1,0,1,0,0,1,1,1,0,1,1,1,1,1,0,1,1,1,1,1,0,1
CHEMBL204_365,39,37,-1,-1,-1,2.16,3.12,3.059576189753704,7.887389499018989,0.10794132803624552,0.11827804252183613,1.9213050705877437,5.228970278199144,0.17856549876558633,0.09908282068785229,-0.20868503478650263,-1.1470559223010448,7.743589743589745,4.453278531356816,-0.10885542513101394,-0.9418882956109327,0.0182368603421235,0.057138060581266054,3.699194411818166,12.789791219459508,0.8205128205128205,0.3837597319768145,-1.6703827619526517,0.7901785714285703,2.16,3.12,3.059576189753704,7.887389499018989,2.0,0.0,0,0,1.8974358974358974,2.599752175515195,3.702415083566863,12.95947720631653,0.0,0.0,0,0,0.025146686811251755,0.08238657726386911,4.93852732411798,25.344034787132752,0.039999999999999994,0.05313622824298486,3.0821018465634236,7.944820368331934,0.04000000000000001,0.015958725327160545,0.7513779898633988,-0.07611381858664812,1.28,0.448998886412873,0.9799578870122221,-1.0396825396825407,0.14569408083434665,74.0,330.0,0.0,216.0,3240.0,32.0,0.0,0.0,0.0,852.0,1188.0,32064.0,0.0,0.0,0.0,0.0,156.0,0.0,0.0,0.0,12.0,0.0,0.0,0.0,0.0,0.0,0.0,0.0,0.0,0.0,24.0,1,1,0,1,1,1,0,0,0,1,1,1,0,0,0,0,1,0,0,0,1,0,0,0,0,0,0,0,0,0,1,7.038461538461538,1.8288451427644214,3.1122172194473716,10.897087529813948,2.1538461538461537,0.8177035240565116,0.13236691864866582,-0.7323987782911741,0.0,0.0,0,0,3.423076923076923,0.4940474068717357,0.31139957766461024,-1.9030303030303024,0.46153846153846156,0.4985185152621431,0.1543033499620917,-1.9761904761904758,14.12096153846154,3.818206249020497,3.246628895870109,11.67009811721851,0.6538461538461539,0.6165853669954383,0.38446383373465365,-0.6676558312767784,384.28100000000006,151.08,-0.0387000000000004,3,5,0,0,0,0,0,0,0,0,0,0,0,0,0,0,0,0,0,0,0,0,0,0,0,0,0,0,0,0,0,1,0,0,0,0,0,0,0,1,0,0,0,0,0,1,0,0,0,0,1,0,0,0,0,0,0,0,0,1,0,0,0,0,1,0,0,1,0,0,0,1,0,0,1,0,0,1,0,1,0,0,1,0,0,1,0,1,0,0,0,1,1,1,1,0,0,0,1,1,1,0,0,0,1,0,1,0,1,0,0,1,1,1,1,1,0,0,0,1,0,0,1,1,1,0,1,1,1,1,1,1,1,1,1,1,0,0,1,1,0,1,1,0,1,1,1,1,1,0,1,0,1,1,1,1,1,1,1,1,1,1,0,1,1,1,1,1,0,0
CHEMBL204_366,38,35,-1,-1,-1,2.0,2.7873339895374523,3.0370764918840094,7.565924909322614,0.11244921372664196,0.11692289684208224,1.7565227888579669,3.8175371882821194,0.1856741060973113,0.0916972303442349,-0.30174801613745345,-0.8984654863130981,7.931578947368422,4.113100930114793,-0.16164825338232572,-0.732058285416529,0.0244586691955113,0.07017593918419997,3.1697210786149466,8.903876460632778,0.8157894736842105,0.3876557858593746,-1.6292261599251139,0.6543778801843323,2.0,2.7873339895374523,3.0370764918840094,7.565924909322614,2.0,0.0,0,0,1.8421052631578947,2.4009462585172723,3.483160936189356,11.093344719079132,0.0,0.0,0,0,0.0034249168314345792,0.010549526650740174,3.1373491856939513,9.12735252582306,0.038461538461538464,0.048646403647341366,3.049257250457656,7.634724817969746,0.03846153846153846,0.0797963890224451,3.1878608285710888,8.49395766861605,1.1538461538461537,0.36080121229411,1.9188064472004944,1.6818181818181834,0.6948755229687364,70.0,278.0,0.0,150.0,2376.0,8.0,0.0,0.0,0.0,488.0,734.0,19920.0,0.0,0.0,0.0,0.0,40.0,0.0,0.0,0.0,0.0,0.0,0.0,0.0,0.0,0.0,0.0,0.0,0.0,0.0,0.0,1,1,0,1,1,1,0,0,0,1,1,1,0,0,0,0,1,0,0,0,0,0,0,0,0,0,0,0,0,0,0,7.5,2.692582403567252,2.53570185924526,5.32461355529132,2.1666666666666665,0.7993052538854533,-0.3082386990408926,-1.3724007561436675,0.0,0.0,0,0,3.0,0.0,0,0,0.75,0.4330127018922193,-1.1547005383792515,-0.6666666666666665,15.011999999999999,5.399472103826446,2.540760434439799,5.343268676122678,0.3333333333333333,0.4714045207910317,0.7071067811865478,-1.4999999999999993,184.176,75.09,-0.011400000000000077,0,0,0,0,0,0,0,0,0,0,0,0,0,0,0,1,0,0,0,0,0,0,0,0,0,0,1,0,0,0,0,0,0,0,0,0,0,0,1,1,0,0,0,0,0,0,0,0,0,1,0,0,0,0,0,0,1,0,0,0,0,0,0,0,0,0,0,1,0,0,0,1,0,1,1,0,0,1,0,1,0,0,1,1,0,1,0,0,0,0,1,1,0,0,1,0,1,1,1,1,1,0,0,1,1,0,0,1,1,0,0,0,1,0,0,1,0,0,0,1,0,0,1,1,1,0,1,1,0,1,0,0,0,1,0,0,0,0,1,1,0,1,0,0,1,1,1,0,1,0,1,0,1,1,0,0,1,0,1,0,0,1,0,1,1,1,1,1,0,0
CHEMBL204_367,38,38,-1,-1,-1,2.230769230769231,3.190221746665803,3.2297371893661886,9.081353434288806,0.11073381784455276,0.1185487708044821,1.9696402460806521,5.580438521748295,0.19727870240218434,0.10123580363361763,-0.269131478919109,-1.0448904130511503,8.404385964912281,4.457541221993122,-0.17777991851473293,-0.7863123295853418,0.02232495653548285,0.06582251764141651,3.8500092345321284,13.971505853825064,0.8157894736842105,0.3876557858593746,-1.629226159925114,0.6543778801843323,2.230769230769231,3.190221746665803,3.2297371893661886,9.081353434288806,2.0,0.0,0,0,2.0,2.7338039817306425,3.7712503251249534,13.597202935925413,0.0,0.0,0,0,0.05109364319890636,0.16379503756406388,5.116169401588897,26.661588944347166,0.03846153846153847,0.05000774635157683,3.2321755880447016,9.044916502259555,0.03846153846153846,0.060787741054374386,3.468068265916102,11.028356405263809,1.3461538461538463,0.47574295680203776,0.646761666763554,-1.5816993464052294,-0.37358082257712383,76.0,360.0,0.0,272.0,3780.0,56.0,0.0,0.0,0.0,1172.0,1542.0,40800.0,0.0,0.0,0.0,0.0,290.0,0.0,0.0,0.0,48.0,0.0,0.0,0.0,0.0,0.0,0.0,0.0,0.0,0.0,0.0,1,1,0,1,1,1,0,0,0,1,1,1,0,0,0,0,1,0,0,0,1,0,0,0,0,0,0,0,0,0,0,7.78125,5.504171003657135,4.005071416736741,16.09686719888828,2.25,0.6123724356957945,-0.2041241452319315,-0.5833333333333335,0.0,0.0,0,0,3.125,0.33071891388307384,2.267786838055363,3.1428571428571432,0.84375,0.3630921887069453,-1.893458524812515,1.5851851851851855,15.92846875,12.63176082337785,4.218337069230741,17.82963854275693,0.46875,0.5581428468591172,0.6623932088863305,-0.6164051060818978,524.8310000000001,65.6,5.674600000000003,0,5,0,0,0,0,0,0,0,0,0,0,0,0,0,0,0,0,0,0,0,0,0,0,0,0,0,0,0,0,0,0,0,0,0,0,0,0,0,0,0,0,0,0,0,0,0,0,1,1,0,0,0,0,1,0,0,0,0,0,0,1,0,0,1,0,1,1,0,0,0,0,1,0,0,0,0,1,0,1,0,1,1,1,0,1,0,1,0,1,1,0,0,0,1,0,1,0,1,1,1,0,0,1,0,1,0,1,1,1,0,0,1,1,0,1,0,0,0,1,0,0,1,1,1,0,1,1,0,1,0,0,1,0,0,1,1,1,0,1,0,0,0,0,1,1,1,1,0,0,1,0,1,0,0,1,1,1,1,0,1,0,0,1,1,1,1,1,0,0
CHEMBL204_368,41,38,-1,-1,-1,2.074074074074074,3.1378917896259457,3.1753360013642227,8.446948902178656,0.1049194228619767,0.11568128028660794,1.924751725047204,4.888554433640218,0.1791737010064763,0.09810900876384981,-0.2634755913164323,-1.1025317575648654,8.191056910569106,4.658865572458111,-0.14736116323097048,-0.9038744724147207,0.019418386491557225,0.05982394471571077,3.5827396695768097,11.942620591202768,0.8292682926829268,0.37627435659857345,-1.7501500535908443,1.0630252100840352,2.074074074074074,3.1378917896259457,3.1753360013642227,8.446948902178656,2.0,0.0,0,0,1.853658536585366,2.637080569907417,3.7895246141741206,13.381550724775543,0.0,0.0,0,0,0.008728782194831315,0.024316798207433928,2.602257290409269,5.192886611170199,0.037037037037037035,0.051090514580136755,3.1909337807767466,8.5301930721059,0.03703703703703703,0.24624536253839907,-3.059887138789945,8.279498047577832,1.1851851851851851,0.38844772154450063,1.6208864017175073,0.6272727272727261,1.0304545940822831,76.0,350.0,0.0,196.0,3570.0,24.0,0.0,0.0,0.0,902.0,1114.0,36024.0,0.0,0.0,0.0,0.0,136.0,0.0,0.0,0.0,12.0,0.0,0.0,0.0,0.0,0.0,0.0,0.0,0.0,0.0,0.0,1,1,0,1,1,1,0,0,0,1,1,1,0,0,0,0,1,0,0,0,1,0,0,0,0,0,0,0,0,0,0,7.5,3.378855822118882,2.1905225448101953,2.968831583994885,2.1666666666666665,0.5527707983925666,0.05482024446868499,-0.04958677685950352,0.0,0.0,0,0,3.2083333333333335,0.4061164310337068,1.4363696929192145,0.06315789473683964,0.75,0.4330127018922193,-1.1547005383792515,-0.6666666666666665,15.07475,6.941998663029257,2.214873407270034,3.1124077523126825,0.5833333333333334,0.6400954789890506,0.6399115963464221,-0.5808675667911523,375.90600000000006,58.64,4.4029000000000025,0,6,0,0,0,0,0,0,0,0,0,0,0,0,0,0,0,0,0,0,0,0,0,0,0,0,0,0,0,0,0,0,0,0,0,0,0,0,0,1,0,0,0,0,0,0,0,0,0,1,0,0,0,0,0,0,0,0,0,0,0,1,0,0,0,0,1,1,0,0,0,0,0,0,0,0,0,0,0,1,0,0,1,1,0,0,0,0,0,1,1,0,1,0,0,0,0,0,0,1,1,0,0,0,0,1,0,0,1,1,0,0,1,0,0,1,0,0,0,1,0,0,1,1,0,0,0,1,0,1,0,0,0,0,0,0,1,0,0,1,1,0,0,0,1,1,1,1,0,0,0,0,1,1,0,1,1,1,1,0,0,0,0,1,1,1,1,1,0,0
CHEMBL204_369,37,35,-1,-1,-1,2.08,2.8272955275315668,2.9451429291564457,7.040957185283856,0.11194173427407816,0.12039964765205376,1.6914392460369305,3.3094506803393893,0.18749926125976712,0.09420202160843309,-0.25134168206039936,-0.9985235095354921,7.77027027027027,4.085663308656103,-0.12498442651842942,-0.813097551196146,0.023595023595023596,0.06483956772742924,3.260687935051717,9.614432184748088,0.8108108108108109,0.3916588309780929,-1.5871507864874157,0.5190476190476199,2.08,2.8272955275315668,2.9451429291564457,7.040957185283856,2.0,0.0,0,0,1.8918918918918919,2.4249133033684274,3.412943457037197,10.626835353574322,0.0,0.0,0,0,0.010679618441888673,0.028301670746516717,2.5011989764730083,4.817404343501005,0.039999999999999994,0.04916531005089297,2.957598573539021,7.107844319678625,0.039999999999999994,0.05831810410462697,3.019691683371332,7.480764744723915,1.2,0.4,1.5000000000000004,0.2500000000000009,-0.12887280999783643,70.0,280.0,0.0,192.0,2376.0,24.0,0.0,0.0,0.0,706.0,934.0,19920.0,0.0,0.0,0.0,0.0,118.0,0.0,0.0,0.0,12.0,0.0,0.0,0.0,0.0,0.0,0.0,0.0,0.0,0.0,0.0,1,1,0,1,1,1,0,0,0,1,1,1,0,0,0,0,1,0,0,0,1,0,0,0,0,0,0,0,0,0,0,6.242424242424242,0.6045435558563637,2.2984669359012107,3.666005908941699,2.242424242424242,0.49422746758485114,0.41859437612958694,-0.2437955791734958,0.0,0.0,0,0,3.3333333333333335,0.4714045207910317,0.7071067811865465,-1.5000000000000007,0.6060606060606061,0.48862168171506365,-0.43412157106222965,-1.8115384615384618,12.49451515151515,1.2056118306213113,2.2977703437513335,3.6625137977511857,0.9090909090909091,0.7925270806437588,0.16300591617118854,-1.3912742382271468,442.55900000000014,45.92,4.923000000000005,0,8,0,0,0,0,0,0,0,0,0,0,0,0,0,0,0,0,0,0,0,0,0,0,0,0,0,0,0,0,0,0,0,0,0,0,0,0,0,0,0,0,0,0,0,0,0,0,0,0,0,0,0,0,0,0,0,0,0,1,0,0,0,0,0,0,0,0,0,0,0,0,0,0,0,0,0,1,0,0,0,1,0,0,0,0,0,1,1,0,0,1,0,0,0,0,0,0,0,0,1,0,1,1,0,0,0,1,0,0,0,1,0,1,0,1,0,0,0,0,1,0,1,1,1,1,0,1,1,1,1,1,0,0,1,0,0,0,0,1,1,0,0,0,1,1,0,1,1,1,1,0,0,0,1,1,1,1,0,1,1,1,0,1,1,1,1,1,0,0
CHEMBL204_370,36,33,-1,-1,-1,2.0,2.598076211353316,2.9081346892514484,6.761316872427983,0.11571308112666534,0.11995107600164134,1.7657057261567222,4.562211679911755,0.17521757769351576,0.08426743154469347,-0.2932720546031647,-0.9091468608155773,7.211111111111112,3.6961295238113783,-0.12770213096860208,-0.7165491085469187,0.025490196078431376,0.07633554322718485,3.070640074341453,7.746718704748504,0.8055555555555556,0.3957724124659724,-1.5440972939559132,0.3842364532019724,2.0,2.598076211353316,2.9081346892514484,6.761316872427983,2.0,0.0,0,0,1.8333333333333333,2.229848026709942,3.336316419602216,10.057925782591054,0.0,0.0,0,0,0.0342911877394636,0.16489535238759925,5.575221128209509,29.68054770589074,0.041666666666666664,0.0495001913512521,2.911464210020861,6.712052046377892,0.041666666666666664,0.10395483440602649,3.3355905142242532,10.217761236948705,1.1666666666666667,0.3726779962499649,1.7888543819998315,1.1999999999999993,0.9963584481020158,66.0,234.0,0.0,100.0,1770.0,8.0,0.0,0.0,0.0,222.0,414.0,13080.0,0.0,0.0,0.0,0.0,18.0,0.0,0.0,0.0,0.0,0.0,0.0,0.0,0.0,0.0,0.0,0.0,0.0,0.0,0.0,1,1,0,1,1,1,0,0,0,1,1,1,0,0,0,0,1,0,0,0,0,0,0,0,0,0,0,0,0,0,0,6.9,2.233830790368868,3.3550388913383835,10.801538949642767,2.2,0.7483314773547883,-0.3436215967445462,-1.153061224489797,0.0,0.0,0,0,3.0,0.0,0,0,0.8,0.4,-1.5,0.25,13.8114,4.477895201989436,3.3625189100090944,10.843060781828752,0.5,0.5,0.0,-2.0,286.308,73.83000000000001,3.9460900000000008,0,1,0,0,0,0,0,0,0,0,0,0,0,0,0,0,0,0,0,0,0,0,0,0,0,0,0,0,0,0,0,0,0,0,0,0,0,0,0,0,0,0,0,0,0,0,0,0,0,0,0,0,0,0,0,1,0,0,0,1,0,1,0,0,1,0,1,0,0,0,0,0,0,0,0,1,0,0,0,0,0,0,0,1,0,0,0,0,0,0,1,1,0,0,0,0,0,0,0,0,1,0,0,1,0,0,0,1,0,0,0,0,0,0,0,1,0,0,0,0,0,0,0,0,0,0,0,1,0,1,0,0,0,1,0,0,0,0,0,1,0,1,1,0,0,1,1,1,1,0,0,0,1,0,1,0,0,0,0,1,0,1,0,0,1,1,1,1,0,0
CHEMBL204_371,42,41,-1,-1,-1,2.1333333333333333,3.333999933346663,3.558752534968101,11.859781317381099,0.10490675309200415,0.11315518974053766,2.442888197271635,9.057536552897977,0.2075058976150468,0.10374156716868961,-0.44355619945183977,-0.8244903480268366,9.654761904761907,4.989591395876822,-0.3076054744350737,-0.5899273675736256,0.02198025551684088,0.06930907182735735,3.8735310004361443,14.873467093391827,0.8333333333333334,0.37267799624996495,-1.788854381999832,1.200000000000001,2.1333333333333333,3.333999933346663,3.558752534968101,11.859781317381099,2.0,0.0,0,0,1.9523809523809523,2.894595793415073,4.082256682502806,16.706048073595404,0.0,0.0,0,0,0.013044274949036852,0.03214803181197226,2.51296361944707,5.5366658452859845,0.03333333333333333,0.04809750834363911,3.650943130342434,12.563495909971934,0.03333333333333332,0.3260446397998416,3.9245394129444797,15.101197357556984,1.2333333333333334,0.42295258468165065,1.2609766499825608,-0.40993788819875787,0.6519756362219964,82.0,430.0,0.0,296.0,5160.0,32.0,0.0,0.0,0.0,1116.0,1916.0,65184.0,0.0,0.0,0.0,0.0,176.0,0.0,0.0,0.0,12.0,0.0,0.0,0.0,0.0,0.0,0.0,0.0,0.0,0.0,24.0,1,1,0,1,1,1,0,0,0,1,1,1,0,0,0,0,1,0,0,0,1,0,0,0,0,0,0,0,0,0,1,6.862068965517241,2.1127549906262604,3.8452277077015853,15.378353872367434,2.206896551724138,0.7133848574336966,0.24529809044476444,-0.06841208839199897,0.0,0.2626128657194451,0.0,11.500000000000002,3.206896551724138,0.40508069394726653,1.4471361022898732,0.09420289855072861,0.7241379310344828,0.44694763437295587,-1.0029717747535973,-0.9940476190476191,13.851551724137934,4.53593607102526,3.7863209141969216,14.872860065298337,0.5172413793103449,0.6226024167333719,0.7920377275915398,-0.38151605254243526,416.81500000000017,77.89,4.304300000000003,0,6,0,0,0,0,0,0,0,0,0,0,0,0,0,1,0,0,0,0,0,0,0,0,0,0,1,0,0,0,0,0,0,0,0,0,0,0,0,0,1,0,0,0,1,0,0,0,0,0,0,1,0,0,0,0,0,0,0,1,0,0,0,0,0,0,0,1,0,0,0,0,0,1,0,0,0,1,0,1,0,1,1,0,1,1,0,0,0,1,0,0,0,0,1,0,1,1,1,1,1,0,1,1,1,1,0,1,0,1,0,0,1,1,1,1,0,0,0,1,0,0,1,1,1,0,1,1,0,1,0,0,0,0,1,1,1,1,0,1,0,0,0,0,1,1,1,1,0,0,1,0,1,1,1,1,0,1,1,0,1,1,0,1,1,1,1,1,0,1
CHEMBL204_372,34,30,-1,-1,-1,1.9090909090909092,2.2944417207498113,2.798256607734986,6.303699888360123,0.11242300327271104,0.12950997274737705,1.9066527204223385,5.122929290485159,0.1627423329879017,0.07682790189340394,-0.17922689728136817,-0.9503376272874573,6.394677871148459,3.2652622857476143,-0.0013131640689283892,-0.7280284137236617,0.02757352941176471,0.07323419931408835,2.81478269946396,6.44781915169624,0.7941176470588235,0.40434491426080943,-1.4547859349066157,0.11640211640211628,1.9090909090909092,2.2944417207498113,2.798256607734986,6.303699888360123,2.0,0.0,0,0,1.7647058823529411,1.9712465976607105,3.162776882358286,9.133709557071473,0.0,0.0,0,0,0.0,0.0,0,0,0.045454545454545456,0.04934488387149026,2.7932784187175934,6.305039195031435,0.045454545454545456,0.029883802330878687,1.2586581649621018,2.514248880140336,1.0,0.0,0,0,1.4197454352829062,60.0,178.0,0.0,66.0,1116.0,0.0,0.0,0.0,0.0,144.0,228.0,6840.0,0.0,0.0,0.0,0.0,0.0,0.0,0.0,0.0,0.0,0.0,0.0,0.0,0.0,0.0,0.0,0.0,0.0,0.0,0.0,1,1,0,1,1,0,0,0,0,1,1,1,0,0,0,0,0,0,0,0,0,0,0,0,0,0,0,0,0,0,0,6.181818181818182,0.5195887333176438,2.7958461641388186,6.472927946688886,2.1818181818181817,0.385694607919935,1.6499158227686128,0.7222222222222259,0.0,0.0,0,0,3.5757575757575757,0.4942274675848512,-0.30656966974248245,-1.9060150375939848,0.36363636363636365,0.48104569292083466,0.5669467095138406,-1.6785714285714284,12.373666666666665,1.0362508958702616,2.794820740258322,6.466468637248237,1.2727272727272727,0.8265564664839913,-0.5428308531838801,-1.3255723204994798,450.66700000000037,24.940000000000005,5.787000000000007,0,10,0,0,0,0,0,0,0,0,0,0,0,0,0,0,0,0,0,0,0,1,0,0,0,0,0,0,0,0,0,0,0,0,0,0,0,0,0,0,0,0,0,0,0,0,0,0,0,0,0,0,0,0,0,0,0,0,0,0,0,0,0,0,0,0,0,0,0,0,0,0,0,0,0,0,0,1,0,0,0,0,0,0,0,0,0,1,1,0,0,0,0,0,0,0,0,1,0,0,0,0,1,0,0,0,0,0,0,0,0,1,0,1,0,1,0,0,0,0,1,0,1,1,1,0,0,1,1,1,1,1,0,0,1,0,0,0,0,1,1,0,0,0,1,1,0,1,0,1,1,0,0,0,1,1,0,1,0,1,1,1,0,1,1,1,1,1,0,0
CHEMBL204_373,38,37,-1,-1,-1,2.1538461538461537,3.034320449740926,3.033469484084568,7.557910831940049,0.11299222058531978,0.11639822834082415,1.7394182002881138,3.7301193916881266,0.19477134012630853,0.09822692626196182,-0.3065369619623029,-0.9699639003804279,8.278947368421054,4.339111674068431,-0.19820522534139648,-0.7802512666271864,0.022562035719930457,0.06658655601304976,3.5619470470272896,11.74792448693522,0.8157894736842105,0.3876557858593746,-1.6292261599251143,0.6543778801843323,2.1538461538461537,3.034320449740926,3.033469484084568,7.557910831940049,2.0,0.0,0,0,1.9473684210526316,2.605130246476754,3.5316334801892846,11.423745439400244,0.0,0.0,0,0,0.025766181567061477,0.08343655135067439,4.861454551317505,24.512303552221624,0.038461538461538464,0.04955448193955023,3.0683598026284282,7.741638023858149,0.038461538461538464,0.0963188647504719,-2.459705737814232,5.320021518197368,1.2692307692307692,0.4435600997950306,1.0405319634289447,-0.917293233082705,-1.4412301903931182,74.0,328.0,0.0,236.0,3102.0,32.0,0.0,0.0,0.0,868.0,1258.0,29160.0,0.0,0.0,0.0,0.0,152.0,0.0,0.0,0.0,12.0,0.0,0.0,0.0,0.0,0.0,0.0,0.0,0.0,0.0,24.0,1,1,0,1,1,1,0,0,0,1,1,1,0,0,0,0,1,0,0,0,1,0,0,0,0,0,0,0,0,0,1,6.608695652173913,2.058685322043776,4.120097502210551,15.844006760880799,2.260869565217391,0.5289358721998452,1.9261340809965515,2.7909057706355025,0.0,0.0,0,0,3.5217391304347827,0.4995271866554807,-0.0870388279778495,-1.9924242424242418,0.4782608695652174,0.4995271866554807,0.08703882797784883,-1.992424242424242,13.229956521739132,4.128062220190221,4.123590238320681,15.86635680772962,1.0434782608695652,0.8064016083039742,-0.0789937757187978,-1.4581530557057862,328.481,24.5,3.369500000000002,0,6,0,0,0,0,0,0,0,0,1,0,0,1,0,0,0,0,0,0,0,0,0,0,0,0,0,0,0,0,0,0,0,0,0,0,0,0,1,0,0,0,0,0,0,0,0,0,0,0,0,0,0,0,0,0,0,0,0,1,0,0,0,0,1,0,0,0,1,0,0,0,0,0,0,0,0,1,0,0,0,1,0,1,1,1,0,1,1,0,1,0,1,1,0,0,0,1,1,1,0,0,1,0,0,0,0,0,0,0,0,1,0,1,1,0,0,0,0,0,1,0,1,1,1,0,0,1,0,0,1,1,0,0,0,1,0,0,0,1,1,0,0,0,1,0,0,0,0,1,1,0,0,1,0,1,0,1,1,1,1,0,0,1,1,1,1,1,0,0
