CHEMBL2973_0,39,39,-1,-1,-1,2.2222222222222223,3.3259176771323924,3.2844646763484184,9.719821229272963,0.11026840859064742,0.11611160022974304,2.0784978849152953,6.305792133026047,0.20833431713331707,0.10674393559232344,-0.3581616055554846,-0.9687932381757709,8.931623931623932,4.712869261828233,-0.23866841794053217,-0.7189883675744282,0.020534704745231058,0.0647090203440033,3.902974383729775,14.832415867191784,0.8205128205128205,0.3837597319768145,-1.6703827619526517,0.7901785714285703,2.2222222222222223,3.3259176771323924,3.2844646763484184,9.719821229272963,2.0,0.0,0,0,2.0,2.855494029733936,3.83240031758524,14.394268422926313,0.0,0.0,0,0,0.02766712766712767,0.06551814536012486,2.991897293154436,9.866617183008351,0.037037037037037035,0.05118458354199034,3.3736201056872934,10.355473627031735,0.037037037037037035,0.015832340891281094,0.20658517584166225,-0.057382095724010096,1.2962962962962963,0.4566232594791834,0.892217816219194,-1.2039473684210522,-0.33676625773730134,78.0,396.0,0.0,328.0,4434.0,56.0,0.0,0.0,0.0,1280.0,2046.0,51744.0,0.0,0.0,0.0,0.0,310.0,0.0,0.0,0.0,48.0,0.0,0.0,0.0,0.0,0.0,0.0,0.0,0.0,0.0,36.0,1,1,0,1,1,1,0,0,0,1,1,1,0,0,0,0,1,0,0,0,1,0,0,0,0,0,0,0,0,0,1,6.3428571428571425,0.6298687910013886,1.6357932187173458,1.3750190519737888,2.1714285714285713,0.7362342129557213,0.14798291649762396,-0.3542241254173306,0.0,0.0,0,0,3.257142857142857,0.5525451315946776,0.027375230646795392,-0.41255111670336486,0.42857142857142855,0.49487165930539345,0.28867513459481287,-1.9166666666666663,12.695000000000002,1.256316247720181,1.634468974903707,1.3694928157521442,0.8571428571428571,0.989743318610787,0.8191156944127814,-0.5385416666666676,474.5650000000003,103.45000000000002,2.8432200000000005,0,7,0,0,0,0,0,0,0,0,0,0,0,0,0,0,0,0,0,1,0,0,0,0,0,0,0,0,0,0,0,0,0,0,0,0,0,0,0,0,1,0,0,0,0,0,0,0,0,0,0,0,0,0,0,0,0,0,0,0,0,0,0,0,1,0,0,1,1,0,0,0,0,0,0,0,1,1,0,1,0,0,1,0,0,1,0,1,1,0,0,0,1,1,1,1,0,0,1,1,1,0,1,1,0,0,0,1,0,0,1,1,1,1,1,0,0,1,0,1,1,0,1,1,1,1,0,1,1,0,1,1,0,1,0,1,0,1,1,1,1,0,0,1,1,0,0,1,1,1,1,1,0,1,0,1,1,1,1,1,1,1,1,1,1,1,1,1,0,1
CHEMBL2973_1,39,39,-1,-1,-1,2.32,3.4143227732597277,3.193139848098158,8.993440995026246,0.10730121087022634,0.11885905849706559,1.9465471918221007,5.438268387901321,0.18946940890196584,0.10787876753962314,-0.20976714007759148,-1.2264224820120568,8.094017094017095,4.731696609972432,-0.11298431688876183,-0.96799502440185,0.016486121749279638,0.05343295056471673,4.165233474762467,16.77245222800943,0.8205128205128205,0.3837597319768145,-1.6703827619526517,0.7901785714285703,2.32,3.4143227732597277,3.193139848098158,8.993440995026246,2.0,0.0,0,0,2.0,2.8374781146789574,3.899129374877209,14.833928354091444,0.0,0.0,0,0,0.04492245343309172,0.09947006150034456,2.81910302653745,8.897897619695534,0.04000000000000001,0.054153536430958216,3.238152817999598,9.252841711030557,0.03999999999999999,0.16237957798610766,3.2908139911309124,9.637758295365249,1.36,0.48,0.5833333333333327,-1.6597222222222228,-1.316943352673138,78.0,392.0,0.0,336.0,4416.0,88.0,0.0,0.0,0.0,1564.0,2062.0,51720.0,0.0,0.0,0.0,0.0,498.0,0.0,0.0,0.0,120.0,0.0,0.0,0.0,0.0,0.0,0.0,0.0,0.0,0.0,48.0,1,1,0,1,1,1,0,0,0,1,1,1,0,0,0,0,1,0,0,0,1,0,0,0,0,0,0,0,0,0,1,6.571428571428571,2.1285234893930487,4.123074901355344,15.338324811297785,2.2857142857142856,0.4517539514526257,0.9486832980505145,-1.1000000000000003,0.0,0.0,0,0,3.238095238095238,0.4259177099999599,1.2298373876248845,-0.4874999999999998,0.6666666666666666,0.4714045207910316,-0.7071067811865477,-1.4999999999999993,13.156142857142859,4.268783547990204,4.1242224323545935,15.344998553881705,0.8571428571428571,0.7095078297976829,0.2122304282703806,-1.0069393718042374,294.42300000000006,19.03,4.310700000000003,0,4,0,0,0,0,0,0,0,0,0,0,0,0,0,0,0,0,0,0,0,0,0,0,0,0,0,0,0,0,0,0,0,0,0,0,0,0,1,0,0,0,0,0,0,0,0,0,0,0,0,0,0,0,0,0,0,0,0,0,0,0,0,0,1,0,0,1,0,0,0,0,0,0,0,0,0,1,0,0,0,0,0,1,0,1,0,1,1,0,1,0,1,1,0,0,0,0,1,0,0,1,1,1,0,0,0,1,0,0,0,0,0,1,0,0,0,0,0,0,1,0,1,1,1,0,0,1,0,0,0,1,0,0,0,0,0,0,0,1,1,0,0,0,1,0,0,0,0,1,1,0,0,1,0,1,0,1,1,0,1,0,0,1,1,1,0,1,0,0
CHEMBL2973_2,37,32,-1,-1,-1,1.9130434782608696,2.5179882148817834,2.8433817644731003,6.265363867456493,0.1118135725007729,0.12051867918145065,1.6197069345951507,3.175562919647607,0.15280576734262732,0.08018295321068146,-0.1651618446387453,-1.0855470851919178,6.4909909909909915,3.6395054497606893,-0.008850394589579242,-0.8717224833711583,0.022265122265122263,0.0652903700588424,3.038928089832183,7.758197478645446,0.8108108108108109,0.3916588309780929,-1.5871507864874157,0.5190476190476199,1.9130434782608696,2.5179882148817834,2.8433817644731003,6.265363867456493,2.0,0.0,0,0,1.7297297297297298,2.10081899922257,3.367166649410375,10.152474387332367,0.0,0.0,0,0,0.0,0.0,0,0,0.043478260869565216,0.052059403526861434,2.8410360302592252,6.259078415380152,0.04347826086956524,0.015056337519199573,-0.18006429847397584,4.573531340406079,1.0,0.0,0,0,1.504600952853721,64.0,210.0,0.0,56.0,1500.0,0.0,0.0,0.0,0.0,182.0,216.0,10200.0,0.0,0.0,0.0,0.0,0.0,0.0,0.0,0.0,0.0,0.0,0.0,0.0,0.0,0.0,0.0,0.0,0.0,0.0,0.0,1,1,0,1,1,0,0,0,0,1,1,1,0,0,0,0,0,0,0,0,0,0,0,0,0,0,0,0,0,0,0,6.310344827586207,0.6487892318009234,1.8647331985545057,1.932442784640422,2.1379310344827585,0.7298624306385079,-0.2189325463077993,-1.1057876275510214,0.0,0.0,0,0,3.3793103448275863,0.48521542343001,0.49746833816309033,-1.7525252525252528,0.41379310344827586,0.4925123054167483,0.35007002100700274,-1.8774509803921564,12.630034482758623,1.29390578143261,1.8638448988752312,1.9286654668715926,1.0689655172413792,1.1724137931034482,0.5080398941583556,-1.3152470636127436,397.5190000000002,56.71000000000001,4.498720000000004,0,10,0,0,0,0,0,0,0,0,0,0,0,0,0,0,0,0,0,0,0,0,0,0,1,0,0,0,0,0,0,0,0,0,0,0,1,0,0,0,1,0,0,0,0,0,0,0,0,0,0,0,1,0,0,0,0,0,0,0,0,0,0,0,0,0,0,1,0,0,0,0,0,0,0,0,0,0,1,1,0,0,1,0,0,0,0,1,1,0,0,1,0,0,0,1,0,0,0,0,1,1,1,0,0,0,0,0,0,0,1,0,0,1,0,1,1,1,0,0,1,0,1,1,1,0,0,1,1,1,1,1,0,0,0,1,0,1,0,1,1,0,0,1,1,1,1,1,1,1,1,1,1,0,1,1,0,1,1,1,1,1,1,1,1,1,1,1,0,0
CHEMBL2973_3,39,38,-1,-1,-1,2.1481481481481484,3.123432391453039,3.1514904917317654,8.357023522720514,0.1111786824669343,0.11524029766510602,1.8788722063582348,4.749810706709774,0.19697359612918794,0.0989985962027984,-0.3444989045421091,-0.9466173279498409,8.604273504273506,4.4936417853447095,-0.22938275745022793,-0.747000163251363,0.02265018054491739,0.06792856427913462,3.587355953566981,11.816481287201066,0.8205128205128205,0.3837597319768145,-1.6703827619526517,0.7901785714285703,2.1481481481481484,3.123432391453039,3.1514904917317654,8.357023522720514,2.0,0.0,0,0,1.9487179487179487,2.6885199240447397,3.6567120963736413,12.415259018521668,0.0,0.0,0,0,0.02425223395280544,0.08183942778212244,5.058209905570402,26.318495293813395,0.037037037037037035,0.04921334486805681,3.170678859622635,8.415611450882048,0.03703703703703703,0.10646759317597282,-2.6787448118222525,6.605778277635839,1.2592592592592593,0.43822813208145306,1.098700531147071,-0.7928571428571427,0.9781508481754199,76.0,354.0,0.0,246.0,3570.0,32.0,0.0,0.0,0.0,940.0,1380.0,36024.0,0.0,0.0,0.0,0.0,162.0,0.0,0.0,0.0,12.0,0.0,0.0,0.0,0.0,0.0,0.0,0.0,0.0,0.0,24.0,1,1,0,1,1,1,0,0,0,1,1,1,0,0,0,0,1,0,0,0,1,0,0,0,0,0,0,0,0,0,1,6.2631578947368425,0.5931277720834024,2.1128866806884443,3.087110174220342,2.1578947368421053,0.6293821443737578,-0.13508524777037642,-0.5626681011296406,0.0,0.0,0,0,3.3947368421052633,0.4887940952896501,0.4307055216465322,-1.814492753623188,0.39473684210526316,0.4887940952896503,0.43070552164653236,-1.8144927536231883,12.535947368421056,1.1829584445112367,2.111775725198478,3.0815893718788265,1.0526315789473684,0.8869631340185642,0.34976628447473795,-0.8080737948819681,516.6860000000001,94.30000000000001,4.469600000000003,2,13,0,0,0,0,0,0,0,0,0,0,0,0,0,0,0,0,0,0,0,0,0,0,0,0,0,0,0,0,0,0,0,0,0,0,0,0,0,0,0,0,0,0,0,0,0,0,0,0,0,0,0,0,0,0,1,0,0,0,0,0,0,0,1,0,0,1,0,0,0,0,0,0,0,0,0,1,0,0,0,1,1,0,1,1,0,1,1,0,0,0,1,1,1,1,0,1,1,1,0,0,1,1,0,0,1,1,0,0,1,0,1,1,0,0,0,1,1,1,1,0,1,1,1,0,0,1,0,0,1,1,0,1,1,0,0,0,1,1,1,0,0,0,1,0,1,1,1,1,1,1,1,1,1,1,1,1,1,0,1,1,1,1,1,1,1,1,0,0
CHEMBL2973_4,39,35,-1,-1,-1,1.9259259259259258,2.734226492635815,3.1760090058561823,8.328184832926526,0.11098883517892841,0.11542315238569037,1.8632111761818082,4.869173691399736,0.1769750100937625,0.08469900997614144,-0.38321890813172643,-0.8846352006442939,7.942368742368743,4.049883090836922,-0.1903993901386578,-0.6499712343552217,0.027099974468395523,0.0807607906795483,3.151174374212706,8.410434351932892,0.8205128205128205,0.3837597319768145,-1.6703827619526517,0.7901785714285703,1.9259259259259258,2.734226492635815,3.1760090058561823,8.328184832926526,2.0,0.0,0,0,1.794871794871795,2.3662096400121695,3.601262239237699,11.840363929108875,0.0,0.0,0,0,0.0,0.0,0,0,0.037037037037037035,0.04765915892289469,3.170634417481525,8.315688215347222,0.037037037037037035,0.0353049658427501,3.1543689225239846,9.958243169348814,1.0,0.0,0,0,-0.06383557177909875,70.0,274.0,0.0,86.0,2370.0,0.0,0.0,0.0,0.0,244.0,400.0,19920.0,0.0,0.0,0.0,0.0,0.0,0.0,0.0,0.0,0.0,0.0,0.0,0.0,0.0,0.0,0.0,0.0,0.0,0.0,0.0,1,1,0,1,1,0,0,0,0,1,1,1,0,0,0,0,0,0,0,0,0,0,0,0,0,0,0,0,0,0,0,6.451612903225806,0.7551419297238469,1.288084483221877,-0.022230806116466884,2.129032258064516,0.7927874662867423,-0.23362734892536224,-1.3743366519012317,0.0,0.0,0,0,3.3548387096774195,0.47846441852230076,0.6067798762169174,-1.6318181818181816,0.2903225806451613,0.45391120256355777,0.9238697708743118,-1.1464646464646462,12.911774193548393,1.5059405529473757,1.2873607551392365,-0.024333364899501664,0.9032258064516129,1.0272053760058488,0.908477875319903,-0.3640803893421092,428.48900000000015,121.61000000000001,1.6668999999999996,3,7,0,0,0,0,0,0,0,0,0,0,0,0,0,0,0,0,0,0,0,0,0,0,0,0,0,0,0,0,0,0,0,0,0,0,0,0,0,0,0,0,0,0,0,0,0,0,0,0,0,0,0,0,0,0,0,0,0,1,0,0,0,0,0,0,0,1,0,0,0,0,0,0,1,0,1,1,0,0,0,1,1,0,0,1,0,1,0,0,0,0,1,1,1,0,0,1,1,1,0,0,1,1,0,0,0,1,0,0,1,0,1,1,0,0,0,0,0,1,1,0,1,1,1,0,0,1,0,0,0,1,0,1,0,0,0,0,1,1,0,0,1,1,1,0,0,0,1,1,1,1,1,1,1,1,1,0,1,0,1,1,1,1,1,1,1,1,0,0
CHEMBL2973_5,39,39,-1,-1,-1,2.2222222222222223,3.467663674294941,3.4367912927936755,10.747481753517539,0.10915068483048557,0.11716293629839453,2.077953050580922,6.403761336635307,0.21124085142318322,0.10991066081717074,-0.32048299818391773,-1.0055545930762477,9.018803418803419,4.812368589965478,-0.20721015454309136,-0.7170322480740623,0.020242914979757085,0.06463757895271005,4.27490386291663,18.16261118848304,0.8205128205128205,0.3837597319768145,-1.6703827619526517,0.7901785714285703,2.2222222222222223,3.467663674294941,3.4367912927936755,10.747481753517539,2.0,0.0,0,0,2.0,2.9699348175528737,4.017001480177145,15.883044889129255,0.0,0.0,0,0,0.02842680195621372,0.06350293704224216,1.9279552844037058,1.9422368565082877,0.037037037037037035,0.05269925807176342,3.4857238945430895,11.118877339497562,0.037037037037037035,0.018527849891045604,-0.08883784211586496,-0.559752775182961,1.2592592592592593,0.43822813208145306,1.098700531147071,-0.7928571428571427,0.45843105558228653,78.0,422.0,0.0,344.0,5136.0,80.0,0.0,0.0,0.0,1588.0,2272.0,65160.0,0.0,0.0,0.0,0.0,488.0,0.0,0.0,0.0,120.0,0.0,0.0,0.0,0.0,0.0,0.0,0.0,0.0,0.0,0.0,1,1,0,1,1,1,0,0,0,1,1,1,0,0,0,0,1,0,0,0,1,0,0,0,0,0,0,0,0,0,0,6.378378378378378,0.7109700777278867,1.5616624400184405,0.7811904841458159,2.324324324324324,0.7371990106478842,-0.5954582452681553,-0.9546912937911904,0.0,0.0,0,0,3.27027027027027,0.4440993709501347,1.0345870530653143,-0.9296296296296296,0.5405405405405406,0.49835375444826424,-0.16269784336399226,-1.9735294117647069,12.765702702702706,1.4178635024621793,1.560930176577852,0.7786292336021177,0.7027027027027027,0.8008395886502191,1.2174780457806367,1.3130873127474452,498.5390000000002,128.61,3.5510000000000015,4,2,0,0,0,0,0,0,0,0,0,0,0,0,0,0,0,0,0,0,0,0,0,0,0,0,0,0,0,0,0,0,0,0,0,0,0,0,0,0,0,0,0,0,0,0,0,0,0,0,0,0,0,0,0,0,1,0,0,1,0,0,0,0,1,0,0,1,0,0,0,0,0,0,1,0,0,1,0,0,0,1,1,0,1,1,0,1,0,0,0,0,1,1,1,0,0,1,1,1,1,0,1,1,0,0,1,1,0,0,1,0,1,1,0,1,0,0,0,1,0,0,1,1,1,0,0,1,0,1,0,0,0,1,1,1,0,0,1,1,0,1,1,0,1,1,1,1,1,0,1,1,1,1,1,1,1,0,1,1,1,1,1,1,1,1,1,1,0,1
CHEMBL2973_6,37,36,-1,-1,-1,2.16,3.1582273509043013,3.2661442742761095,9.459499321149535,0.1105607107312197,0.12166904400723538,1.9984222915737746,5.803936535324468,0.19565614890362024,0.10107441216204838,-0.2257057558248582,-1.0659934375719586,8.075675675675676,4.31921051795549,-0.11823943169809567,-0.7741918136143981,0.02213642213642214,0.06485867924628393,3.8832269331105067,14.535595553906752,0.8108108108108109,0.3916588309780929,-1.5871507864874157,0.5190476190476199,2.16,3.1582273509043013,3.2661442742761095,9.459499321149535,2.0,0.0,0,0,1.945945945945946,2.6907845328980855,3.8197800064423233,14.196453365891006,0.0,0.0,0,0,0.022908004158004158,0.05277206604866141,1.9197723197726884,1.7786264918136023,0.04000000000000001,0.053030927526890995,3.3030632593091833,9.736789644474877,0.04,0.04111813195881176,3.224773453132356,10.336854339659787,1.24,0.4270831300812524,1.2175615550562027,-0.5175438596491229,-0.510087925999451,72.0,336.0,0.0,230.0,3510.0,48.0,0.0,0.0,0.0,1000.0,1270.0,37920.0,0.0,0.0,0.0,0.0,252.0,0.0,0.0,0.0,48.0,0.0,0.0,0.0,0.0,0.0,0.0,0.0,0.0,0.0,0.0,1,1,0,1,1,1,0,0,0,1,1,1,0,0,0,0,1,0,0,0,1,0,0,0,0,0,0,0,0,0,0,6.6875,1.9435389756832766,4.658063637988795,21.794299793923358,2.1875,0.7261843774138906,0.18743326811275401,-0.2268312757201647,0.0,0.0,0,0,3.3125,0.46351240544347894,0.8090398349558905,-1.3454545454545455,0.46875,0.4990224819584785,0.1252448582170299,-1.9843137254901961,13.429437499999999,4.126291032342939,4.739292624824721,22.379762238265485,0.8125,0.8454843286542927,0.6762056872010683,-0.4961031980650361,455.95000000000016,129.03,1.902600000000001,1,6,0,0,0,0,0,0,0,0,0,0,0,0,0,0,0,0,0,0,0,0,0,0,0,0,0,0,0,0,0,0,0,0,0,0,0,0,0,0,1,0,0,0,0,0,0,0,0,0,0,0,0,0,0,0,1,0,0,0,0,0,0,0,1,0,0,1,1,0,0,0,0,0,0,0,0,1,0,1,0,1,1,0,1,1,1,1,1,1,0,0,1,1,1,0,0,1,1,0,1,0,1,1,0,1,1,1,0,1,0,0,1,1,1,0,0,0,1,1,1,0,1,1,1,0,0,1,0,0,1,1,0,1,0,1,1,1,1,1,1,0,0,0,1,0,0,1,0,1,1,0,0,1,0,1,1,1,1,0,1,1,1,1,1,1,1,1,0,1
CHEMBL2973_7,35,32,-1,-1,-1,2.0,2.5194892512087685,2.8707710139500175,6.68727716269469,0.11492601277145112,0.12394934513697456,1.937688354707086,5.625794716501927,0.17771751600905528,0.0860992901784428,-0.2861527316004497,-0.9556084061975172,7.02,3.611025444649312,-0.11812452086416865,-0.7587711341349466,0.024089635854341734,0.06779763664560966,3.1304233797202023,8.556997928250253,0.8,0.4,-1.5,0.24999999999999956,2.0,2.5194892512087685,2.8707710139500175,6.68727716269469,2.0,0.0,0,0,1.8285714285714285,2.1578522958284805,3.292848114530795,9.958170271003931,0.0,0.0,0,0,0.0,0.0,0,0,0.04347826086956521,0.050087905779489975,2.882383937913759,6.710416463921163,0.043478260869565195,0.04520000310210226,3.43462301603378,11.759173208904128,1.2608695652173914,0.43910891036356864,1.0891622972743416,-0.81372549019608,-0.34142496134900013,64.0,216.0,0.0,96.0,1554.0,0.0,0.0,0.0,0.0,206.0,382.0,11064.0,0.0,0.0,0.0,0.0,0.0,0.0,0.0,0.0,0.0,0.0,0.0,0.0,0.0,0.0,0.0,0.0,0.0,0.0,12.0,1,1,0,1,1,0,0,0,0,1,1,1,0,0,0,0,0,0,0,0,0,0,0,0,0,0,0,0,0,0,1,6.424242424242424,0.8176204583776995,1.7410195145038705,1.734188201907985,2.121212121212121,0.7285342594043218,-0.19026972618127697,-1.1039918104428836,0.0,0.0,0,0,3.1515151515151514,0.35855028988482524,1.9438547858755888,1.7785714285714302,0.5454545454545454,0.4979295977319692,-0.18257418583505508,-1.9666666666666668,12.887575757575757,1.7323139723520808,1.9586137754263726,3.017985037896807,0.7272727272727273,0.8968877931484085,1.3183821386102297,1.0842559579658468,449.4820000000002,87.74,4.364100000000003,0,8,0,0,0,0,0,0,0,0,0,0,0,0,0,0,0,0,0,0,0,0,0,0,0,0,0,0,0,0,0,0,0,0,0,0,0,0,0,0,0,0,0,0,1,0,0,0,0,0,0,0,0,0,0,1,0,0,0,0,0,0,0,0,0,0,0,0,0,0,0,0,0,0,1,0,1,0,0,0,0,0,1,0,0,0,0,1,1,1,0,0,0,0,1,1,0,1,0,0,0,0,0,0,0,0,1,0,0,1,0,1,1,1,0,1,0,0,0,1,0,0,0,0,1,0,0,1,1,1,0,0,0,1,1,1,1,1,1,0,0,0,1,1,1,1,1,1,1,0,1,1,1,1,1,1,1,1,1,1,1,1,1,1,1,1,1,1,0,1
CHEMBL2973_8,35,30,-1,-1,-1,1.9047619047619047,2.348348191607229,2.7397543797388737,5.9023139932479225,0.10803664803430049,0.12999812019002904,1.8914884015995972,4.9690955571783375,0.14631144462386012,0.07590309577764212,-0.0979842167930553,-1.0892116587868281,5.9,3.302257525073531,0.06727101527921132,-0.8603868477951915,0.02210338680926916,0.061768095575004844,2.873557215317187,6.718009076603247,0.8,0.4,-1.5,0.24999999999999956,1.9047619047619047,2.348348191607229,2.7397543797388737,5.9023139932479225,2.0,0.0,0,0,1.7142857142857142,1.950405504671544,3.2460353545070975,9.631955828989305,0.0,0.0,0,0,0.0,0.0,0,0,0.047619047619047616,0.053414580985403054,2.7501206140177588,5.993118125308161,0.04761904761904761,0.040681725560477985,2.5949598370965004,7.648482449321769,1.0,0.0,0,0,-1.8569042318263176,60.0,176.0,0.0,48.0,1116.0,0.0,0.0,0.0,0.0,142.0,156.0,6840.0,0.0,0.0,0.0,0.0,0.0,0.0,0.0,0.0,0.0,0.0,0.0,0.0,0.0,0.0,0.0,0.0,0.0,0.0,0.0,1,1,0,1,1,0,0,0,0,1,1,1,0,0,0,0,0,0,0,0,0,0,0,0,0,0,0,0,0,0,0,6.333333333333333,0.5962847939999438,1.6071738588279751,1.4531250000000036,2.0,0.8944271909999159,0.5590169943749473,-0.5000000000000004,0.0,0.0,0,0,3.533333333333333,0.7180219742846006,-1.1974147668658164,-0.047265160523187966,0.0,0.0,0,0,12.676066666666665,1.1894392777925054,1.6056141301438045,1.4461502934643882,1.2666666666666666,1.1813363431112898,0.20093117848570297,-1.5043815164915406,209.29299999999995,56.13,0.8890799999999999,1,2,0,0,0,0,0,0,0,0,0,0,0,0,0,0,0,0,0,0,0,0,0,0,0,0,0,0,0,0,0,0,0,0,0,0,0,0,0,0,0,0,0,1,0,0,0,0,0,0,0,0,0,0,0,0,0,0,0,0,0,0,0,0,0,0,0,0,1,0,0,0,0,0,0,0,1,1,0,0,0,1,0,0,1,1,0,1,0,0,0,0,0,1,1,0,0,1,1,0,0,0,1,0,0,0,0,0,0,0,0,0,1,1,1,0,0,0,1,1,1,0,0,1,1,0,0,0,0,0,1,1,0,0,1,0,0,0,0,1,1,0,0,1,1,0,0,0,0,1,1,1,1,1,0,1,1,1,1,0,1,0,1,1,0,0,1,1,0,0
CHEMBL2973_9,43,40,-1,-1,-1,2.0,3.2626923376749115,3.7893969409469506,13.285674931129478,0.09981970783966752,0.11529024191271256,2.676933916853762,10.875893028975877,0.1954511875295907,0.09627686713189686,-0.4233689951394101,-0.811856211449602,9.537652270210408,4.895079338872232,-0.2756721679866558,-0.5207464065155265,0.02493044864003457,0.07723647252374344,3.848059204564685,14.667051071146727,0.8372093023255814,0.36917460154389636,-1.8268282862112646,1.337301587301587,2.0,3.2626923376749115,3.7893969409469506,13.285674931129478,2.0,0.0,0,0,1.8604651162790697,2.8413998789397703,4.301823791447548,18.274106978232915,0.0,0.0,0,0,0.003157194287566756,0.010130698810223816,3.030348321723465,7.508641680171268,0.032258064516129045,0.047673999279516904,3.7850818720829964,13.265314550541813,0.03225806451612903,0.10562960327404965,4.7209780037822675,21.501201522929197,1.1290322580645162,0.3352356401746214,2.213176031893566,2.898148148148148,0.9826234778228471,80.0,416.0,0.0,158.0,5130.0,8.0,0.0,0.0,0.0,676.0,990.0,65160.0,0.0,0.0,0.0,0.0,48.0,0.0,0.0,0.0,0.0,0.0,0.0,0.0,0.0,0.0,0.0,0.0,0.0,0.0,0.0,1,1,0,1,1,1,0,0,0,1,1,1,0,0,0,0,1,0,0,0,0,0,0,0,0,0,0,0,0,0,0,6.605263157894737,1.678650361454428,4.673992160056725,22.951671646404737,2.210526315789474,0.7311812626026213,0.05482534474614338,-0.43705871298558385,0.0,0.0,0,0,3.1842105263157894,0.3876557858593746,1.6292261599251148,0.654377880184335,0.6842105263157895,0.464829519280413,-0.7925939239012172,-1.3717948717948714,13.247815789473686,3.405523654418411,4.549711210701434,21.778520540770756,0.7105263157894737,0.8857911936687808,1.280336336425295,0.9709002725738105,530.633,126.02000000000001,5.759400000000005,0,7,0,0,0,0,0,0,0,0,0,0,0,0,0,0,0,0,0,0,0,0,0,0,0,0,0,0,0,0,0,0,0,0,0,0,0,0,0,0,1,0,0,0,1,0,0,0,0,1,0,0,0,0,1,1,1,0,0,0,0,1,0,0,0,0,1,1,1,0,0,1,0,0,0,0,1,0,0,1,0,1,1,1,0,1,1,0,0,1,1,0,0,0,1,0,1,0,1,0,1,0,0,1,0,0,0,1,1,1,0,0,1,0,1,0,0,0,0,1,0,0,1,1,1,0,1,1,0,0,0,0,1,1,0,1,1,1,0,1,0,0,0,1,1,0,1,1,0,0,1,1,1,1,0,1,1,1,1,0,1,0,1,1,1,1,1,1,0,0
CHEMBL2973_10,38,36,-1,-1,-1,2.076923076923077,2.9210519301611577,3.0720968389095957,7.8835326571009166,0.11301123116947391,0.116379771022476,1.919803603617018,5.252143187014186,0.1912455498645443,0.09462444405878823,-0.3668825976315391,-0.9430309548265892,8.158771929824564,4.2253062051088515,-0.2243936079172214,-0.7425863617770911,0.023115220483641535,0.06705456865102524,3.4818891859615415,11.32345090015732,0.8157894736842105,0.3876557858593746,-1.6292261599251139,0.6543778801843323,2.076923076923077,2.9210519301611577,3.0720968389095957,7.8835326571009166,2.0,0.0,0,0,1.894736842105263,2.510917987763487,3.5502524541102556,11.6942528593623,0.0,0.0,0,0,0.003973617094828045,0.012114471026796834,2.9266488714272554,7.045584100857335,0.03846153846153847,0.04964475767963577,3.093689845328634,7.986392238647623,0.038461538461538464,0.022292119402236105,2.20766800098343,5.727188491536946,1.2692307692307692,0.4435600997950306,1.0405319634289447,-0.9172932330827055,0.2600867872044187,72.0,304.0,0.0,162.0,2772.0,8.0,0.0,0.0,0.0,536.0,824.0,25200.0,0.0,0.0,0.0,0.0,40.0,0.0,0.0,0.0,0.0,0.0,0.0,0.0,0.0,0.0,0.0,0.0,0.0,0.0,24.0,1,1,0,1,1,1,0,0,0,1,1,1,0,0,0,0,1,0,0,0,0,0,0,0,0,0,0,0,0,0,1,6.666666666666667,1.7480147469502523,4.261110989755756,19.64925619834711,2.1666666666666665,0.7993052538854533,0.34450207539864575,-0.28355387523629494,0.0,0.0,0,0,3.1666666666666665,0.3726779962499649,1.7888543819998326,1.2000000000000037,0.6111111111111112,0.4874980215217845,-0.45584230583855223,-1.792207792207792,13.34366666666667,3.5027767398007095,4.274059646237694,19.747551152944215,0.7222222222222222,0.8695819912499183,1.3288632551998745,1.2815660141607639,506.58000000000027,114.71000000000002,4.908800000000004,0,7,0,0,0,0,0,0,0,0,0,0,0,0,0,0,0,0,0,0,0,0,0,0,0,0,0,0,0,0,0,0,0,0,1,1,0,0,0,0,0,0,0,0,0,0,0,0,0,0,0,0,0,1,0,1,0,1,0,1,1,1,1,1,0,0,1,0,1,1,0,1,0,0,1,1,1,0,0,0,0,0,1,1,0,0,0,0,0,0,1,1,0,0,1,0,1,1,0,0,1,0,0,1,1,0,1,1,1,0,0,1,1,1,1,1,0,0,0,1,0,0,0,0,0,0,1,1,1,1,0,0,1,1,1,1,0,1,1,1,0,0,1,1,1,1,0,1,1,0,1,1,0,1,1,1,1,1,1,1,1,1,1,1,1,1,1,1,0,1
CHEMBL2973_11,36,35,-1,-1,-1,2.1666666666666665,2.896357866163795,2.9619676568691835,7.402208236480854,0.11171276737415178,0.12368522702160684,1.7419864890605248,3.8265149515779804,0.19114196702922892,0.09797675516769898,-0.20828707506403657,-1.0710907349395418,7.642592592592594,4.079778203780678,-0.08568590350010752,-0.8428775102994601,0.0223155929038282,0.06080139701220319,3.5232334039200985,11.979894078459273,0.8055555555555556,0.39577241246597245,-1.5440972939559132,0.3842364532019702,2.1666666666666665,2.896357866163795,2.9619676568691835,7.402208236480854,2.0,0.0,0,0,1.9444444444444444,2.4714418243928025,3.4643112857791296,11.338831862908183,0.0,0.0,0,0,0.02272016601284894,0.05323871221093578,2.0794397062795764,2.600630780733823,0.041666666666666664,0.05020567421999404,2.9826458850873148,7.536314972180708,0.04166666666666665,0.41051298409008796,2.983761955522878,7.644721475818324,1.25,0.4330127018922193,1.1547005383792515,-0.6666666666666665,1.284177921622756,70.0,286.0,0.0,238.0,2502.0,48.0,0.0,0.0,0.0,904.0,1196.0,22320.0,0.0,0.0,0.0,0.0,234.0,0.0,0.0,0.0,48.0,0.0,0.0,0.0,0.0,0.0,0.0,0.0,0.0,0.0,0.0,1,1,0,1,1,1,0,0,0,1,1,1,0,0,0,0,1,0,0,0,1,0,0,0,0,0,0,0,0,0,0,7.193548387096774,5.114302240672623,5.174732695517765,25.19115125746492,2.129032258064516,0.7067387838776338,0.3600134726934999,0.15640624999999808,0.0,0.0,0,0,3.5483870967741935,0.4976531813077906,-0.19446111706564917,-1.9621848739495786,0.3870967741935484,0.4870860925981129,0.4635863249727652,-1.785087719298246,14.71580645161291,11.965467243264502,5.207013729345489,25.420245808012833,1.1290322580645162,0.9752397714729659,0.365874264154176,-0.945350468520318,491.4700000000002,45.17,4.325100000000004,1,9,0,0,0,0,0,0,0,0,0,0,0,0,0,0,0,0,0,0,0,0,0,0,0,0,0,0,0,0,0,0,0,0,0,0,0,0,0,0,0,0,0,0,0,0,0,0,1,0,0,0,0,0,0,0,0,0,0,0,0,0,0,0,1,0,0,0,1,0,0,0,0,0,1,0,1,1,0,0,0,1,0,0,0,0,0,1,1,1,0,0,0,1,0,0,0,1,0,1,1,0,1,0,0,0,1,0,0,1,0,1,0,1,1,1,0,0,0,0,1,0,1,1,1,0,0,1,1,1,1,1,0,0,1,1,1,1,0,1,1,1,0,1,1,1,1,1,1,1,1,1,1,0,1,1,0,1,1,1,1,1,1,1,1,1,1,1,0,0
CHEMBL2973_12,34,32,-1,-1,-1,2.090909090909091,2.8108408788618737,3.038587217687132,8.21783363386496,0.11406220799112433,0.12806864336781212,1.971277170351938,5.685747206690687,0.18647663194808525,0.0961474150169883,-0.09366976932348327,-0.9919435876065399,7.029411764705882,3.7602519098088454,0.0019818378216195885,-0.7382290212350631,0.02189171122994652,0.06267773231462621,3.78825640331061,14.481400386963532,0.7941176470588235,0.40434491426080943,-1.4547859349066157,0.11640211640211628,2.090909090909091,2.8108408788618737,3.038587217687132,8.21783363386496,2.0,0.0,0,0,1.8823529411764706,2.37344011786259,3.5585402027926785,12.5611435927775,0.0,0.0,0,0,0.01683057123778304,0.04285379929319493,2.371537375263695,4.133118896024085,0.04545454545454546,0.055453866559130746,3.0474606802014885,8.288857535958577,0.045454545454545456,0.021735114811496883,-0.2894725914559985,-0.7991010566014687,1.2272727272727273,0.41907020260422223,1.301582746911936,-0.30588235294117805,-0.1874705039299739,64.0,248.0,0.0,162.0,2118.0,24.0,0.0,0.0,0.0,504.0,810.0,18960.0,0.0,0.0,0.0,0.0,102.0,0.0,0.0,0.0,12.0,0.0,0.0,0.0,0.0,0.0,0.0,0.0,0.0,0.0,0.0,1,1,0,1,1,1,0,0,0,1,1,1,0,0,0,0,1,0,0,0,1,0,0,0,0,0,0,0,0,0,0,6.28,0.44899888641287294,0.9799578870122212,-1.0396825396825413,2.24,0.7088018058667741,0.2933091979326168,0.02204957604770863,0.0,0.0,0,0,3.2,0.39999999999999997,1.4999999999999991,0.24999999999999778,0.76,0.4270831300812524,-1.2175615550562024,-0.5175438596491229,12.569880000000001,0.8962017772800946,0.9799578870122165,-1.0396825396825475,0.76,0.9068627239003708,1.1342820750990834,0.4961240896909862,333.3990000000001,105.39999999999999,2.7173000000000007,0,4,0,0,0,0,0,0,0,0,0,0,0,0,0,0,0,0,0,0,0,0,0,0,0,0,0,0,0,0,0,0,0,0,0,0,0,0,0,0,1,0,0,0,0,0,0,0,0,0,0,0,0,0,1,0,1,0,0,0,0,0,0,0,1,0,0,1,1,0,0,1,0,0,0,0,1,0,0,1,0,1,1,0,1,1,1,0,0,0,0,0,0,0,0,0,1,0,1,0,1,0,1,1,0,0,1,1,0,0,0,0,0,1,1,0,0,1,0,0,0,0,1,1,0,0,1,1,0,0,0,0,0,1,0,1,0,1,0,1,0,0,0,0,1,0,0,1,0,0,0,1,0,1,0,1,0,1,1,0,1,0,1,1,1,1,0,1,0,1
CHEMBL2973_13,35,33,-1,-1,-1,2.0869565217391304,2.8576829087226057,2.997661044950825,7.7518910751028915,0.11382917044284152,0.12495738684736932,1.9022981253639333,5.131831981501305,0.18953397219113674,0.09705526129105367,-0.1694012513328904,-1.0121581175776466,7.344761904761905,3.911583878095184,-0.053226179153920604,-0.7746043728999568,0.021848739495798318,0.06294429347144799,3.6059558904734192,12.67871971804348,0.8,0.4,-1.5000000000000002,0.2500000000000009,2.0869565217391304,2.8576829087226057,2.997661044950825,7.7518910751028915,2.0,0.0,0,0,1.8857142857142857,2.4233557438445743,3.5063479974398906,11.85590774723538,0.0,0.0,0,0,0.012312390170829371,0.03190487947381648,2.4288489385286014,4.3215628096918435,0.04347826086956521,0.05414422752735627,3.020547343677603,7.8870659860996675,0.043478260869565216,0.02322842654203048,1.20909848713195,2.1642188395011104,1.2173913043478262,0.4124709991523974,1.3703203194062967,-0.12222222222222534,0.31645499121095855,66.0,264.0,0.0,184.0,2286.0,24.0,0.0,0.0,0.0,580.0,924.0,20304.0,0.0,0.0,0.0,0.0,112.0,0.0,0.0,0.0,12.0,0.0,0.0,0.0,0.0,0.0,0.0,0.0,0.0,0.0,0.0,1,1,0,1,1,1,0,0,0,1,1,1,0,0,0,0,1,0,0,0,1,0,0,0,0,0,0,0,0,0,0,6.2272727272727275,0.4190702026042222,1.301582746911935,-0.30588235294118027,2.1818181818181817,0.7158188976374374,0.4608875576619823,0.29552549427679464,0.0,0.0,0,0,3.227272727272727,0.41907020260422206,1.3015827469119388,-0.3058823529411723,0.7272727272727273,0.44536177141512334,-1.020620726159657,-0.9583333333333353,12.464636363636366,0.8364641243980276,1.3015827469119257,-0.3058823529411945,0.8636363636363636,0.9192612916434856,0.9749123165684537,0.18305725097291425,293.3740000000001,76.72,2.841000000000001,0,4,0,0,0,0,0,0,0,0,0,0,0,0,0,0,0,0,0,0,0,0,0,0,0,0,0,0,0,0,0,0,0,0,0,0,0,0,0,0,1,0,0,0,0,0,0,0,0,0,0,0,0,0,0,0,1,0,0,0,0,0,0,0,1,0,0,1,1,0,0,0,0,0,0,0,1,0,0,1,0,1,0,0,1,0,1,0,0,0,0,0,0,0,0,0,0,0,0,0,1,0,1,1,0,0,1,1,0,0,0,0,0,1,1,0,0,1,0,0,0,0,1,1,0,0,0,1,0,0,0,0,0,1,0,1,0,1,0,1,0,0,0,0,1,0,0,1,0,0,0,1,0,1,0,1,0,1,1,0,1,0,1,1,1,1,0,1,0,1
CHEMBL2973_14,35,31,-1,-1,-1,2.0,2.7136021011998723,2.784326984495891,5.947873799725652,0.11510804349069405,0.12378031707494151,1.6335934734851356,3.2498558762850287,0.16797645541236544,0.09025153173212232,-0.166636187828933,-1.039184923616426,6.62,3.746557785233699,-0.054454585294447445,-0.867541131090205,0.021237585943468296,0.06164550215741192,3.2538130206476303,9.570903512317019,0.8,0.4,-1.5,0.24999999999999956,2.0,2.7136021011998723,2.784326984495891,5.947873799725652,2.0,0.0,0,0,1.7714285714285714,2.268866479553351,3.3366301740935502,9.891382951853195,0.0,0.0,0,0,0.0058404971183875845,0.01658588774494411,2.578743524419614,4.855714508466092,0.04545454545454546,0.05621349511850486,2.7894668662994646,5.957447323438796,0.04545454545454546,0.16007824314249494,2.911176659363916,6.7508411984465155,1.1818181818181819,0.38569460791993493,1.6499158227686117,0.7222222222222232,1.2084377110604976,62.0,228.0,0.0,96.0,1770.0,8.0,0.0,0.0,0.0,360.0,414.0,13080.0,0.0,0.0,0.0,0.0,34.0,0.0,0.0,0.0,0.0,0.0,0.0,0.0,0.0,0.0,0.0,0.0,0.0,0.0,0.0,1,1,0,1,1,1,0,0,0,1,1,1,0,0,0,0,1,0,0,0,0,0,0,0,0,0,0,0,0,0,0,6.310344827586207,0.6487892318009235,1.8647331985545046,1.9324427846404193,2.1379310344827585,0.6809799192459138,-0.1791769649455708,-0.8577909270216972,0.0,0.0,0,0,3.2413793103448274,0.4279197808962364,1.2087344460380716,-0.5389610389610349,0.5517241379310345,0.4973174173053779,-0.2080125735844608,-1.9567307692307694,12.630034482758624,1.2939057814326103,1.8638448988752256,1.9286654668715784,0.8620689655172413,0.8599975112648225,0.9189928017109729,0.3343896361700156,391.47100000000006,94.31,3.615000000000001,1,7,0,0,0,0,0,0,0,0,0,0,0,0,0,0,0,0,0,0,0,0,0,0,0,0,0,0,0,0,0,0,0,0,0,0,0,0,0,0,0,0,0,0,0,0,0,0,0,0,0,0,0,0,0,1,0,0,0,0,0,0,0,0,0,0,0,1,0,0,0,0,0,0,0,0,1,0,0,0,0,0,1,0,1,0,1,0,0,0,0,0,1,0,1,0,0,0,0,1,1,0,1,1,0,0,0,1,0,0,1,1,1,0,0,0,0,0,0,1,0,0,0,1,0,1,0,1,1,0,0,0,0,1,0,1,0,1,1,1,1,0,0,0,1,0,0,1,1,0,0,1,0,1,0,1,1,1,1,1,1,1,1,1,1,1,1,1,0,1
CHEMBL2973_15,36,33,-1,-1,-1,2.090909090909091,2.8589427624575245,2.7095303317548796,5.58957429602269,0.11151417006939596,0.12386431145213542,1.5902788336204594,2.7252275120311555,0.16882959593446017,0.09385265013312266,-0.10071318460825052,-1.1825462600813497,6.740740740740741,3.9091623231310195,0.007944320892966638,-0.9828231133608178,0.017833800186741366,0.05307074059895125,3.374317792109847,10.226824988879303,0.8055555555555556,0.3957724124659724,-1.5440972939559128,0.3842364532019724,2.090909090909091,2.8589427624575245,2.7095303317548796,5.58957429602269,2.0,0.0,0,0,1.8333333333333333,2.3511226632776476,3.329248111561761,9.942627711421421,0.0,0.0,0,0,0.012139332314770912,0.031315882791322365,2.3564036739149072,3.9446640944307285,0.04545454545454544,0.056877293565895846,2.7282001818302697,5.65983293382677,0.04545454545454546,0.027089855816744186,1.9640085400687513,2.7077607722933204,1.2272727272727273,0.41907020260422223,1.301582746911936,-0.3058823529411776,-0.045134398849317144,66.0,254.0,0.0,160.0,2046.0,24.0,0.0,0.0,0.0,596.0,760.0,15960.0,0.0,0.0,0.0,0.0,112.0,0.0,0.0,0.0,12.0,0.0,0.0,0.0,0.0,0.0,0.0,0.0,0.0,0.0,0.0,1,1,0,1,1,1,0,0,0,1,1,1,0,0,0,0,1,0,0,0,1,0,0,0,0,0,0,0,0,0,0,6.321428571428571,0.6575697371257846,1.8081751593672613,1.715769963714206,2.142857142857143,0.6925256939166184,-0.19750619609210915,-0.9203259393390679,0.0,0.0,0,0,3.2142857142857144,0.410325903324145,1.3926212476455813,-0.06060606060606233,0.5714285714285714,0.4948716593053935,-0.28867513459481264,-1.916666666666667,12.652142857142861,1.3114153127247603,1.8072925169475391,1.7121263318351625,0.8214285714285714,0.8474150369789052,1.0523517962822382,0.7351444463023218,377.444,94.31,3.4772000000000007,1,6,0,0,0,0,0,0,0,0,0,0,0,0,0,0,0,0,0,0,0,0,0,0,0,0,0,0,0,0,0,0,0,0,0,0,0,0,0,0,0,0,0,0,0,0,0,0,0,0,0,0,0,0,0,1,0,0,0,0,0,0,0,0,0,0,0,1,0,0,0,0,0,0,0,0,1,0,0,0,0,0,1,0,1,0,1,0,0,0,0,0,1,0,1,0,0,0,0,1,1,0,1,1,0,0,0,1,0,0,0,0,1,0,0,1,0,0,0,1,0,0,0,1,0,1,0,1,1,1,0,0,0,1,0,1,0,1,1,1,0,0,0,0,1,1,0,1,1,0,0,1,0,1,1,1,1,1,1,1,1,1,1,1,1,1,1,1,0,1
CHEMBL2973_16,35,32,-1,-1,-1,2.0,2.5875958289333063,3.0113697452588646,7.972423680215886,0.11146593256687955,0.12706995887472555,2.034158651564816,5.963240011903224,0.1806298888331359,0.09046638651822951,-0.15366745236576132,-0.9334446802943361,7.056190476190476,3.708105847948766,-0.026749419039249427,-0.7275758440612119,0.023784059078176722,0.06535519207416024,3.246735597744487,10.108618831686671,0.8,0.4,-1.5,0.24999999999999956,2.0,2.5875958289333063,3.0113697452588646,7.972423680215886,2.0,0.0,0,0,1.8285714285714285,2.21018052637871,3.456420989567391,11.690805718100313,0.0,0.0,0,0,0.004545896296922289,0.013636316663373215,3.028979018733886,8.022295706778626,0.0434782608695652,0.050898432094994124,3.020922473245121,8.01637928708618,0.04347826086956521,0.023148679257894492,-0.05358963327593432,-1.0670657828097572,1.173913043478261,0.3790346907426672,1.720618004029213,0.9605263157894743,-1.1093358242818776,64.0,224.0,0.0,134.0,1722.0,8.0,0.0,0.0,0.0,350.0,604.0,13680.0,0.0,0.0,0.0,0.0,34.0,0.0,0.0,0.0,0.0,0.0,0.0,0.0,0.0,0.0,0.0,0.0,0.0,0.0,0.0,1,1,0,1,1,1,0,0,0,1,1,1,0,0,0,0,1,0,0,0,0,0,0,0,0,0,0,0,0,0,0,6.2631578947368425,0.44034738238635557,1.0757057484009518,-0.8428571428571465,2.1052631578947367,0.7877173445839877,-0.1879180607196729,-1.3666294642857142,0.0,0.0,0,0,3.526315789473684,0.49930699897395464,-0.10540925533894513,-1.9888888888888896,0.3157894736842105,0.464829519280413,0.7925939239012172,-1.371794871794872,12.536263157894737,0.8789333752431658,1.0757057484009507,-0.842857142857147,1.3157894736842106,1.172160918490531,0.152628295976382,-1.486326092611863,263.38899999999995,48.63,1.2601999999999998,0,3,0,0,0,0,0,0,0,0,0,0,0,0,0,0,0,0,0,0,0,0,0,0,0,0,0,0,0,0,0,0,0,0,0,0,0,0,0,0,1,0,0,0,0,0,0,0,0,0,0,0,0,0,0,0,0,0,0,0,0,0,0,0,1,0,0,1,0,0,0,0,0,0,0,0,1,1,0,1,0,1,1,0,0,0,1,1,1,0,0,0,0,0,0,1,0,0,0,0,1,0,1,0,0,0,0,0,0,0,0,0,0,1,0,0,0,1,1,0,1,0,1,1,1,0,0,0,0,0,1,1,0,0,0,1,0,1,0,1,1,0,0,1,1,0,0,1,0,1,1,1,0,1,0,1,0,0,1,0,1,0,1,1,1,1,0,1,0,0
CHEMBL2973_17,37,33,-1,-1,-1,2.0,2.8284271247461903,2.8706998127519077,6.5896739130434785,0.11040535969599015,0.12181003069298546,1.8089110729771987,4.376295510757803,0.16749463881509544,0.09166737319984179,-0.1455822983165722,-1.1053522769287631,6.909909909909911,3.9597438633521795,-0.023043696081017855,-0.9078871803466413,0.018833118833118834,0.0582047903148602,3.2985268879777,9.810364091127337,0.8108108108108109,0.3916588309780929,-1.5871507864874157,0.5190476190476199,2.0,2.8284271247461903,2.8706998127519077,6.5896739130434785,2.0,0.0,0,0,1.7837837837837838,2.3381112166359097,3.4710739164710813,11.081600484025648,0.0,0.0,0,0,0.0039995714337819595,0.011958853542685659,2.9109483999587416,7.284932568425239,0.043478260869565195,0.05634606794538508,2.887310118030654,6.661883895062898,0.043478260869565216,0.01986017997222513,0.4148353345505284,0.6501931093197495,1.173913043478261,0.3790346907426672,1.7206180040292134,0.9605263157894743,0.9547747383200316,66.0,254.0,0.0,120.0,2106.0,8.0,0.0,0.0,0.0,396.0,586.0,17040.0,0.0,0.0,0.0,0.0,38.0,0.0,0.0,0.0,0.0,0.0,0.0,0.0,0.0,0.0,0.0,0.0,0.0,0.0,0.0,1,1,0,1,1,1,0,0,0,1,1,1,0,0,0,0,1,0,0,0,0,0,0,0,0,0,0,0,0,0,0,6.344827586206897,0.6032019201564105,1.5546963241350291,1.2750865051903064,2.1379310344827585,0.6809799192459138,-0.17917696494557087,-0.8577909270216972,0.0,0.0,0,0,3.103448275862069,0.3045434781492361,2.6042371785325695,4.782051282051283,0.6206896551724138,0.48521542343000995,-0.4974683381630911,-1.7525252525252522,12.699000000000002,1.203234262168084,1.553140454497984,1.2683274347522566,0.7586206896551724,0.8160110045654643,1.230604963045772,1.4231122448979585,390.4470000000001,122.03,3.508000000000001,0,5,0,0,0,0,0,0,0,0,0,0,0,0,0,0,0,0,0,0,0,0,0,0,0,0,0,1,0,0,0,0,0,0,0,0,0,0,0,1,0,0,0,0,0,1,0,0,0,0,0,0,0,0,0,0,0,0,0,0,0,0,0,0,1,0,0,1,0,0,0,0,0,0,0,0,1,0,0,1,0,0,1,0,0,0,1,0,0,0,0,0,0,0,1,0,0,0,0,0,1,0,0,0,0,0,0,0,1,0,0,0,1,0,0,0,0,0,0,1,0,0,1,1,0,0,0,1,0,0,0,0,0,1,0,1,0,1,1,1,0,0,0,0,1,0,0,1,0,0,0,1,0,1,0,0,1,0,1,0,1,1,1,1,1,1,1,1,0,1
CHEMBL2973_18,38,36,-1,-1,-1,2.076923076923077,2.9210519301611577,3.0720968389095957,7.8835326571009166,0.10994345997301509,0.11928212390314924,1.8417490970566563,4.443306906080296,0.1861322090782836,0.09358285160203458,-0.2425654461043151,-0.9775614559526336,8.021052631578948,4.2080379159999355,-0.1427909537002642,-0.7700753969123184,0.024695748379958905,0.0690548491835579,3.526998054701935,12.084844181066089,0.8157894736842105,0.3876557858593746,-1.6292261599251139,0.6543778801843323,2.076923076923077,2.9210519301611577,3.0720968389095957,7.8835326571009166,2.0,0.0,0,0,1.894736842105263,2.510917987763487,3.5502524541102556,11.6942528593623,0.0,0.0,0,0,0.012203755001538936,0.032223054815168094,2.3626806987678055,3.7698767891167444,0.03846153846153848,0.04883438728849451,3.059639656402555,7.809679315653828,0.038461538461538464,0.04403643048756177,-1.6045639074486382,2.7294702102616277,1.1923076923076923,0.39411349099844606,1.5614401167176535,0.4380952380952392,-2.426956735628779,72.0,304.0,0.0,184.0,2772.0,24.0,0.0,0.0,0.0,744.0,956.0,25200.0,0.0,0.0,0.0,0.0,120.0,0.0,0.0,0.0,12.0,0.0,0.0,0.0,0.0,0.0,0.0,0.0,0.0,0.0,0.0,1,1,0,1,1,1,0,0,0,1,1,1,0,0,0,0,1,0,0,0,1,0,0,0,0,0,0,0,0,0,0,6.424242424242424,0.8176204583776995,1.7410195145038705,1.734188201907985,2.121212121212121,0.6856793029687733,-0.1598586131295755,-0.88201904296875,0.0,0.0,0,0,3.272727272727273,0.4453617714151233,1.0206207261596563,-0.9583333333333348,0.5454545454545454,0.4979295977319692,-0.18257418583505508,-1.9666666666666668,12.887575757575759,1.7323139723520808,1.95861377542637,3.017985037896799,0.7878787878787878,0.8793101896089035,0.960605242232316,0.15953701457337566,451.49800000000016,103.53999999999999,4.180500000000002,0,9,0,0,0,0,0,0,0,0,0,0,0,0,0,0,0,0,0,0,0,0,0,0,0,0,0,0,0,0,0,0,0,0,0,0,0,0,0,0,0,0,0,0,1,0,0,0,0,0,0,0,0,0,0,0,0,0,0,0,0,0,0,0,1,0,0,1,0,0,0,0,0,0,1,0,1,0,0,0,0,0,1,0,1,0,1,0,0,1,0,0,0,0,1,0,0,0,0,0,1,0,1,0,0,0,0,0,0,1,1,1,1,0,0,0,0,0,1,1,1,0,0,1,0,1,0,1,1,0,0,0,0,1,1,1,1,1,1,1,1,0,1,0,1,0,1,1,1,1,0,1,1,1,1,1,1,1,1,1,1,1,1,1,1,1,1,1,0,1
CHEMBL2973_19,36,35,-1,-1,-1,2.1666666666666665,3.0505008696205214,2.8449777056623944,6.57858765872132,0.11404634859852772,0.12153685922024181,1.690702912629007,3.4061822700495146,0.198407000616582,0.10202608651530722,-0.25937797429898396,-1.071825915138523,7.847222222222222,4.185489889760093,-0.12719495560355756,-0.844075129954625,0.020634920634920634,0.060977775119651655,3.4257808432996906,10.676874712740041,0.8055555555555556,0.3957724124659724,-1.5440972939559128,0.3842364532019724,2.1666666666666665,3.0505008696205214,2.8449777056623944,6.57858765872132,2.0,0.0,0,0,1.9444444444444444,2.5921295882862676,3.3625140139374086,10.406907391320583,0.0,0.0,0,0,0.02009231833793237,0.04805572981872767,2.1869026848290156,3.15155450591494,0.041666666666666664,0.05357147250917684,2.864763232465672,6.676791313640859,0.041666666666666664,0.04345652035230595,2.8740284707337516,7.0016242748712365,1.25,0.4330127018922193,1.1547005383792515,-0.6666666666666665,-0.2450242659590839,70.0,308.0,0.0,264.0,2790.0,48.0,0.0,0.0,0.0,960.0,1464.0,25224.0,0.0,0.0,0.0,0.0,252.0,0.0,0.0,0.0,48.0,0.0,0.0,0.0,0.0,0.0,0.0,0.0,0.0,0.0,0.0,1,1,0,1,1,1,0,0,0,1,1,1,0,0,0,0,1,0,0,0,1,0,0,0,0,0,0,0,0,0,0,6.6923076923076925,1.956630360304139,4.1314394792070575,16.722058054174653,2.1538461538461537,0.6007884366082041,-0.07556274881285609,-0.36818059661381275,0.0,0.0,0,0,3.1538461538461537,0.36080121229411,1.9188064472004944,1.6818181818181834,0.6538461538461539,0.47574295680203776,-0.6467616667635546,-1.581699346405229,13.39623076923077,3.9227983370164994,4.137788230697515,16.763834856478397,0.7692307692307693,0.846153846153846,1.2193839218632614,1.179700840106551,368.462,76.14,4.314000000000003,0,6,0,0,0,0,0,0,0,0,0,0,0,0,0,0,0,0,0,0,0,0,0,0,0,0,0,0,0,0,0,0,0,0,0,0,0,0,1,1,0,0,0,0,0,1,0,0,0,1,0,0,0,0,0,0,0,0,0,0,0,0,0,0,1,0,0,1,0,0,0,0,0,0,0,0,1,0,0,1,0,0,1,1,1,1,0,0,0,0,1,0,1,0,0,0,0,0,1,1,1,0,1,0,0,0,0,0,1,0,0,0,1,0,0,1,0,0,0,1,0,0,1,1,0,0,0,1,1,1,0,0,0,1,0,1,0,1,0,1,0,0,0,0,1,1,0,1,0,0,0,1,0,1,1,1,1,1,1,1,1,1,1,1,1,1,1,1,0,1
CHEMBL2973_20,39,40,-1,-1,-1,2.2962962962962963,3.451406742880516,3.4244585147204534,10.710422562733381,0.10969606332895922,0.11665247246052952,2.0917509149954934,6.614990939196337,0.20961276329751527,0.10929527048775181,-0.29996950788270677,-1.0113759847984367,9.011965811965812,4.8033952686712444,-0.21539677180918967,-0.7261068158428161,0.020607652186599556,0.06533238070458647,4.372496580843759,19.035762800491693,0.8205128205128205,0.3837597319768145,-1.6703827619526517,0.7901785714285703,2.2962962962962963,3.451406742880516,3.4244585147204534,10.710422562733381,2.0,0.0,0,0,2.051282051282051,2.9608446295689137,4.00412364479841,15.83613470068957,0.0,0.0,0,0,0.04733105213874445,0.10178963758219269,2.6808641961303312,7.858254077039971,0.037037037037037035,0.05084121227275347,3.444855745117856,10.834411182819188,0.037037037037037035,0.03698839482382466,-1.7124671107715321,3.0287440964416357,1.3703703703703705,0.48290388186686284,0.5368754921931588,-1.7117647058823529,0.04113781614980421,80.0,426.0,0.0,362.0,5136.0,88.0,0.0,0.0,0.0,1654.0,2404.0,65160.0,0.0,0.0,0.0,0.0,512.0,0.0,0.0,0.0,120.0,0.0,0.0,0.0,0.0,0.0,0.0,0.0,0.0,0.0,0.0,1,1,0,1,1,1,0,0,0,1,1,1,0,0,0,0,1,0,0,0,1,0,0,0,0,0,0,0,0,0,0,6.294117647058823,0.6197443384031023,1.9290994940699444,2.30338446554663,2.235294117647059,0.6443794794178425,-0.2647325694608305,-0.7016666666666662,0.0,0.0,0,0,3.176470588235294,0.3812200410828153,1.6973368495830126,0.8809523809523836,0.6470588235294118,0.47788461203740945,-0.6154574548966639,-1.621212121212121,12.59770588235294,1.236038347239984,1.9280148284920429,2.2984425531671455,0.7647058823529411,0.8065476000471816,1.1242466631938792,1.1301493888637406,454.53000000000014,87.32,4.594700000000003,1,6,0,0,0,0,0,0,0,0,0,0,0,0,0,0,0,0,0,0,0,0,0,0,0,0,0,0,0,0,0,0,0,0,0,0,0,0,0,0,0,0,0,0,0,0,0,0,0,0,0,0,0,0,1,0,0,0,0,0,0,0,0,0,1,0,0,1,0,0,0,1,0,0,0,0,1,1,0,0,0,1,1,0,0,1,0,1,0,0,0,0,1,1,1,0,1,1,1,1,1,0,1,1,0,0,1,1,0,0,0,0,1,1,0,1,0,0,0,1,1,0,1,1,1,0,1,1,1,1,0,0,0,1,0,1,0,1,1,1,0,0,0,0,1,1,0,1,1,1,1,1,1,1,1,1,1,0,1,1,1,1,1,1,1,1,1,1,0,1
CHEMBL2973_21,38,37,-1,-1,-1,2.1538461538461537,3.1463325132642397,3.1848066498354006,9.194203925858789,0.11099986159626986,0.118299704983965,2.0788406109183972,6.407086319150473,0.20167289917260692,0.10308930013999724,-0.300838057492814,-0.9430415138409476,8.447368421052634,4.46454605053698,-0.18079904611641723,-0.7172191898335445,0.02121858700806069,0.066048855574814,3.6927727490684443,13.264374120118031,0.8157894736842105,0.3876557858593746,-1.6292261599251139,0.6543778801843323,2.1538461538461537,3.1463325132642397,3.1848066498354006,9.194203925858789,2.0,0.0,0,0,1.9473684210526316,2.6945106812989907,3.7120836486435618,13.65435049662711,0.0,0.0,0,0,0.027411510058568882,0.10828648115934006,5.415985394387901,28.97302823607297,0.038461538461538464,0.05186508935450749,3.260949986043833,9.653142475435208,0.03846153846153844,0.24986249106588276,-2.937893247591333,8.495762119417417,1.2307692307692308,0.42132504423474315,1.278019300845387,-0.3666666666666676,-0.6996460352328975,74.0,346.0,0.0,286.0,3540.0,40.0,0.0,0.0,0.0,864.0,1716.0,37944.0,0.0,0.0,0.0,0.0,192.0,0.0,0.0,0.0,24.0,0.0,0.0,0.0,0.0,0.0,0.0,0.0,0.0,0.0,24.0,1,1,0,1,1,1,0,0,0,1,1,1,0,0,0,0,1,0,0,0,1,0,0,0,0,0,0,0,0,0,1,6.277777777777778,0.558326423395605,1.8954965880831869,2.543868248210961,2.111111111111111,0.6573421981221795,-0.12073632210407388,-0.7102040816326531,0.0,0.0,0,0,3.1666666666666665,0.3726779962499649,1.7888543819998333,1.200000000000002,0.6666666666666666,0.4714045207910317,-0.7071067811865475,-1.5,12.565222222222221,1.1137342369781422,1.8939005019795476,2.5356104335674665,0.8333333333333334,0.7637626158259734,1.0391328106475823,1.374149659863944,241.294,68.01,2.3536,1,3,0,0,0,0,0,0,0,0,0,0,0,0,0,0,0,0,0,0,0,0,0,0,0,0,0,0,0,0,0,0,0,0,0,0,0,0,0,0,0,0,0,0,0,0,0,0,0,0,0,0,0,0,0,0,0,0,0,0,0,0,0,0,0,0,0,1,0,0,0,0,0,0,0,0,0,0,0,0,0,0,1,0,0,0,1,0,0,0,0,0,0,0,1,0,0,0,0,0,1,0,0,0,0,0,0,0,0,0,0,0,1,0,0,0,0,0,0,1,0,0,0,1,0,0,0,1,0,0,0,0,0,1,0,1,0,1,0,1,0,0,0,0,1,0,0,1,0,0,0,0,0,1,0,0,1,0,1,0,1,0,1,1,1,1,1,1,0,1
CHEMBL2973_22,38,38,-1,-1,-1,2.230769230769231,3.178142809248246,3.0311302719375806,7.682749517905696,0.11205945468337995,0.11729649649391802,1.791885076222666,4.138119488189452,0.2004230661527906,0.10250118192427898,-0.3078919223299821,-1.0327625029899947,8.465789473684211,4.476398385464175,-0.20411537135191868,-0.8152388239000623,0.021534692587324166,0.0635932244006961,3.6947026662135674,12.705763074606335,0.8157894736842105,0.3876557858593746,-1.6292261599251143,0.6543778801843323,2.230769230769231,3.178142809248246,3.0311302719375806,7.682749517905696,2.0,0.0,0,0,2.0,2.724160904127902,3.5537001684300145,11.739550324430358,0.0,0.0,0,0,0.0287284377264763,0.06724751954733968,2.872493665951208,8.884703525231242,0.038461538461538464,0.050193286950149615,3.054581953912291,7.759312511454269,0.038461538461538464,0.23423403689318234,3.074490170412748,8.050044091496673,1.3076923076923077,0.46153846153846145,0.8333333333333339,-1.3055555555555545,-1.4982106099306443,76.0,358.0,0.0,300.0,3576.0,56.0,0.0,0.0,0.0,1226.0,1720.0,36024.0,0.0,0.0,0.0,0.0,298.0,0.0,0.0,0.0,48.0,0.0,0.0,0.0,0.0,0.0,0.0,0.0,0.0,0.0,36.0,1,1,0,1,1,1,0,0,0,1,1,1,0,0,0,0,1,0,0,0,1,0,0,0,0,0,0,0,0,0,1,6.296296296296297,0.531581484978049,1.6065445717889222,1.661749458007347,2.2222222222222223,0.6849348892187752,0.37567065946071276,0.24515235457063644,0.0,0.0,0,0,3.2962962962962963,0.4566232594791834,0.892217816219194,-1.2039473684210518,0.5555555555555556,0.4969039949999533,-0.22360679774997902,-1.95,12.602259259259263,1.060561996113123,1.604818240455696,1.652610050641849,0.8888888888888888,0.8314794192830981,0.5965652721259471,-0.3864795918367352,364.4530000000002,99.93,2.133,1,4,0,0,0,0,0,0,0,0,0,0,0,0,0,0,0,0,0,0,0,0,0,0,0,0,0,0,0,0,0,0,0,0,0,0,0,0,0,0,1,0,0,0,0,0,0,0,0,0,0,0,0,0,0,0,1,0,0,0,0,0,0,0,1,0,0,1,1,0,0,0,0,0,0,0,0,1,0,1,0,1,1,0,0,1,1,1,1,0,0,0,1,1,1,0,0,1,1,0,1,0,1,1,0,0,1,1,0,0,0,0,1,1,1,0,0,0,0,1,1,0,1,1,1,0,0,1,0,0,1,1,0,1,0,1,0,1,0,1,1,0,0,0,1,0,0,1,0,1,1,0,0,1,0,1,1,0,1,0,1,0,1,1,1,1,1,1,0,1
CHEMBL2973_23,40,37,-1,-1,-1,2.076923076923077,3.049881169476771,3.0588005745926212,7.650435580677119,0.10624289150660256,0.1171001622728008,1.8008434742765467,3.9625833780489197,0.17624630610391687,0.09674011733479654,-0.23100237825055656,-1.1231502628972954,7.8625,4.490249853850006,-0.1160127063793278,-0.9314000782701557,0.019365721997300946,0.05845116790239149,3.486052061122169,11.152788178669795,0.825,0.3799671038392666,-1.7106744068953987,0.9264069264069255,2.076923076923077,3.049881169476771,3.0588005745926212,7.650435580677119,2.0,0.0,0,0,1.85,2.554897258208243,3.666151781083407,12.364457240608154,0.0,0.0,0,0,0.009344796242993485,0.025659472172820007,2.555503176925793,4.951290575786414,0.03846153846153847,0.051460628908998156,3.0728234408544752,7.715195712878444,0.03846153846153847,0.28965185403431404,-2.910377831474162,7.143075551829419,1.1923076923076923,0.39411349099844606,1.5614401167176535,0.4380952380952392,1.414714059761209,74.0,324.0,0.0,188.0,3102.0,24.0,0.0,0.0,0.0,834.0,1016.0,29160.0,0.0,0.0,0.0,0.0,130.0,0.0,0.0,0.0,12.0,0.0,0.0,0.0,0.0,0.0,0.0,0.0,0.0,0.0,0.0,1,1,0,1,1,1,0,0,0,1,1,1,0,0,0,0,1,0,0,0,1,0,0,0,0,0,0,0,0,0,0,8.272727272727273,8.121325191433586,5.073733964195601,24.907234302712773,2.121212121212121,0.8441447440717649,0.07003792861773585,-1.015935540440005,0.0,0.0,0,0,3.242424242424242,0.4285495643554833,1.2020815280171326,-0.554999999999997,0.5454545454545454,0.4979295977319692,-0.18257418583505505,-1.9666666666666668,17.249151515151514,19.751771635339928,5.1854321929266805,25.798301148769404,0.5757575757575758,0.7397912494384062,1.3102212527495793,1.566247015900184,588.374,136.54,4.058300000000002,1,8,0,0,0,0,0,0,0,0,0,0,0,0,0,0,0,0,0,0,0,0,0,0,0,0,0,0,0,1,0,0,0,0,0,1,0,0,0,0,0,0,0,0,1,1,0,0,0,0,0,0,0,0,0,1,0,1,0,0,1,0,1,1,0,0,0,0,0,1,0,1,0,0,0,1,0,0,0,1,0,0,1,0,0,0,1,0,0,1,1,1,0,0,1,0,1,0,0,1,0,0,0,0,1,0,0,0,1,1,0,0,1,0,1,1,0,0,0,1,0,0,0,0,0,0,1,1,1,1,0,0,1,1,0,1,1,1,1,0,0,0,1,0,1,1,1,1,1,0,1,0,1,1,1,0,1,0,1,1,1,1,1,1,1,1,1,1,0,0
CHEMBL2973_24,43,43,-1,-1,-1,2.193548387096774,3.5416358061131232,3.526185042612246,10.846885588602742,0.10619577132535682,0.10944529275442089,2.14650936698035,6.553329798758119,0.20782103016023123,0.10421148133846361,-0.4305476996352441,-0.8656416390774493,10.035658914728684,5.1748130093859865,-0.34092460587411355,-0.627721401830232,0.022445506847095047,0.07165553423698572,4.042649245165424,15.304474506715852,0.8372093023255814,0.36917460154389636,-1.8268282862112646,1.337301587301587,2.193548387096774,3.5416358061131232,3.526185042612246,10.846885588602742,2.0,0.0,0,0,2.0,3.0803201283345953,4.058019776911384,15.462226066897344,0.0,0.0,0,0,0.041090350283394354,0.1528788055608688,5.736066993757963,33.00590336477125,0.032258064516129024,0.04748859925280764,3.5257803833821715,10.78468858143403,0.03225806451612912,1.4212302735019613,-3.5255851854066758,11.372951970254926,1.2903225806451613,0.45391120256355766,0.923869770874312,-1.1464646464646444,0.3607309905184067,86.0,494.0,0.0,326.0,6324.0,56.0,0.0,0.0,0.0,1724.0,2220.0,81264.0,0.0,0.0,0.0,0.0,354.0,0.0,0.0,0.0,48.0,0.0,0.0,0.0,0.0,0.0,0.0,0.0,0.0,0.0,0.0,1,1,0,1,1,1,0,0,0,1,1,1,0,0,0,0,1,0,0,0,1,0,0,0,0,0,0,0,0,0,0,7.297297297297297,2.8461910523028684,2.5679660826657935,5.41604908117127,2.2162162162162162,0.8741060339889855,0.29494835123904367,-0.6071623118572438,0.0,0.0,0,0,3.3783783783783785,0.48498266067368545,0.5015503913178168,-1.748447204968945,0.5675675675675675,0.49541358864387464,-0.2727723627949902,-1.9255952380952388,14.726432432432434,5.889354562628536,2.5206612679081215,5.263121518625052,0.5945945945945946,0.7150679219093486,1.2178015320357303,1.554644897959185,567.0540000000004,79.29,6.557700000000005,2,7,0,0,0,0,0,0,0,0,0,0,0,0,0,0,0,0,0,0,0,0,0,0,1,0,0,0,0,0,0,0,0,0,1,1,0,0,1,0,0,0,0,0,1,0,0,0,0,0,0,0,0,1,0,0,0,1,0,0,1,0,1,1,1,0,1,1,1,1,0,1,0,0,0,1,0,0,0,0,0,0,0,1,0,1,0,0,0,1,1,0,1,1,0,0,1,0,1,0,1,0,0,1,1,1,0,1,1,1,0,0,0,0,1,0,0,0,0,1,0,0,1,1,0,0,1,1,0,0,0,0,1,1,0,0,1,0,1,1,0,1,0,0,1,0,1,1,1,1,1,0,1,1,1,0,0,0,1,1,1,1,1,1,1,1,1,1,0,0
CHEMBL2973_25,37,33,-1,-1,-1,2.0,2.6539552107881486,2.846903943534063,6.354595336076818,0.10937537229560876,0.12273571184550978,1.6634659779753063,3.2706803790718233,0.15703421936742373,0.08439962342531981,-0.11583116742232523,-1.1231916271377824,6.648648648648648,3.7852792518769824,0.0029621615587071613,-0.9292689866833772,0.02140712140712141,0.05917989780374839,3.203662216891878,9.375891796200252,0.8108108108108109,0.3916588309780929,-1.5871507864874157,0.5190476190476199,2.0,2.6539552107881486,2.846903943534063,6.354595336076818,2.0,0.0,0,0,1.7837837837837838,2.2072991339562607,3.4110845652125947,10.536538012852656,0.0,0.0,0,0,0.005464979149189675,0.015868693177307484,2.6163559121554942,4.993719101790592,0.04347826086956521,0.052335559645148244,2.851301080382537,6.396318660388749,0.04347826086956521,0.12242172139953199,2.989297834030214,7.1349993395011,1.173913043478261,0.3790346907426672,1.7206180040292134,0.9605263157894743,1.3974279449492386,66.0,232.0,0.0,96.0,1770.0,8.0,0.0,0.0,0.0,378.0,396.0,13080.0,0.0,0.0,0.0,0.0,34.0,0.0,0.0,0.0,0.0,0.0,0.0,0.0,0.0,0.0,0.0,0.0,0.0,0.0,0.0,1,1,0,1,1,1,0,0,0,1,1,1,0,0,0,0,1,0,0,0,0,0,0,0,0,0,0,0,0,0,0,6.722222222222222,1.741823934065654,4.214494001612538,19.428069656179453,2.111111111111111,0.9060836905722273,0.4517868817257641,-0.5920628639267349,0.0,0.0,0,0,3.6666666666666665,0.47140452079103173,-0.7071067811865462,-1.5000000000000016,0.0,0.0,0,0,13.454555555555556,3.4904049784488116,4.227801755075992,19.527357383063688,1.2222222222222223,0.974996043043569,0.08362042298661722,-1.1774329566537352,528.7160000000002,167.69,1.7823000000000042,5,11,0,0,0,0,0,0,0,0,0,0,0,0,0,0,0,0,0,0,0,0,0,0,0,0,0,0,0,0,0,0,0,0,0,0,0,0,0,1,0,0,0,0,0,1,0,0,0,0,0,0,0,1,0,0,1,1,0,0,1,0,1,1,0,0,0,0,1,1,0,0,0,0,0,1,1,0,0,1,0,1,0,0,1,0,1,0,1,0,1,0,1,1,1,0,0,1,1,1,0,0,1,0,1,0,1,1,1,0,1,0,1,1,1,0,0,1,1,1,1,0,0,0,0,1,1,0,0,0,1,1,1,1,1,1,0,0,1,0,1,1,1,1,1,0,0,1,1,1,1,1,1,1,0,1,1,1,1,1,1,1,1,1,0,1,1,1,0,0
CHEMBL2973_26,41,38,-1,-1,-1,2.074074074074074,3.1378917896259457,3.1753360013642227,8.446948902178656,0.10491942286197668,0.11568128028660792,1.9247517250472044,4.888554433640218,0.1791737010064763,0.09810900876384981,-0.2634755913164323,-1.1025317575648654,8.191056910569106,4.658865572458111,-0.14736116323097065,-0.9038744724147207,0.01941838649155722,0.05982394471571078,3.5827396695768083,11.942620591202761,0.8292682926829268,0.37627435659857345,-1.7501500535908443,1.0630252100840352,2.074074074074074,3.1378917896259457,3.1753360013642227,8.446948902178656,2.0,0.0,0,0,1.853658536585366,2.637080569907417,3.7895246141741215,13.381550724775543,0.0,0.0,0,0,0.008728782194831315,0.024316798207433928,2.6022572904092685,5.192886611170199,0.037037037037037035,0.051090514580136755,3.1909337807767466,8.5301930721059,0.03703703703703704,0.015257378573331194,0.515935508054976,1.3084345849758439,1.1851851851851851,0.38844772154450063,1.6208864017175073,0.6272727272727261,0.09418865062878716,76.0,350.0,0.0,196.0,3570.0,24.0,0.0,0.0,0.0,902.0,1114.0,36024.0,0.0,0.0,0.0,0.0,136.0,0.0,0.0,0.0,12.0,0.0,0.0,0.0,0.0,0.0,0.0,0.0,0.0,0.0,0.0,1,1,0,1,1,1,0,0,0,1,1,1,0,0,0,0,1,0,0,0,1,0,0,0,0,0,0,0,0,0,0,7.617647058823529,3.343252254936562,2.1524935221767967,3.011132734660329,2.176470588235294,0.8564835163859434,0.21575975374959233,-0.7014951940192247,0.0,0.0,0,0,3.323529411764706,0.467822756487849,0.7544335361543167,-1.4308300395256923,0.3235294117647059,0.467822756487849,0.754433536154318,-1.430830039525691,15.36179411764706,6.949815603899194,2.166163546907314,3.110995211574428,0.6176470588235294,0.8406827016444971,1.1120016142203786,0.15331188978395183,543.4690000000002,83.55000000000001,5.431900000000004,1,6,0,0,0,0,0,0,0,0,0,0,0,0,0,0,0,0,0,0,0,0,0,0,0,0,0,0,1,0,0,0,0,0,1,1,0,0,1,0,0,0,0,0,1,0,0,1,0,0,0,0,1,1,0,0,0,1,0,0,1,1,1,1,0,0,1,0,1,1,0,1,0,0,0,1,0,1,1,0,0,0,0,1,0,1,0,1,0,1,1,1,0,0,1,0,1,0,1,0,0,1,1,1,1,1,0,1,1,1,1,0,1,1,1,0,0,1,1,1,1,0,1,1,1,0,1,1,0,1,1,1,1,0,1,0,1,0,1,1,0,0,1,0,1,1,1,1,1,1,1,0,1,1,0,1,1,1,1,0,1,1,1,1,1,1,1,1,0,0
CHEMBL2973_27,43,41,-1,-1,-1,2.064516129032258,3.3402287334365806,3.4545917625339047,10.490646033494182,0.10527400893280943,0.11033221196324823,2.203184852381374,6.8486597118304005,0.20664268047728748,0.10215136155460217,-0.47982066579838967,-0.7816831265187156,9.864341085271317,5.05138400636745,-0.3360805471970148,-0.581811773132654,0.022445506847095047,0.07141206879878571,3.6489794763244054,12.474900916932505,0.8372093023255814,0.36917460154389636,-1.8268282862112646,1.337301587301587,2.064516129032258,3.3402287334365806,3.4545917625339047,10.490646033494182,2.0,0.0,0,0,1.9069767441860466,2.9079998199703416,3.95062804262519,14.796239005683198,0.0,0.0,0,0,0.006481127663173817,0.01934681184745249,2.9930743262948267,7.734458208424492,0.03225806451612904,0.047611954378060296,3.471686209650913,10.6009774274114,0.032258064516129024,0.03430832737454084,-1.7482631971162392,3.83852101216264,1.1612903225806452,0.36779852422552833,1.8418218405447606,1.3923076923076945,1.6493131752028154,82.0,438.0,0.0,276.0,5160.0,24.0,0.0,0.0,0.0,1138.0,1878.0,60984.0,0.0,0.0,0.0,0.0,158.0,0.0,0.0,0.0,12.0,0.0,0.0,0.0,0.0,0.0,0.0,0.0,0.0,0.0,0.0,1,1,0,1,1,1,0,0,0,1,1,1,0,0,0,0,1,0,0,0,1,0,0,0,0,0,0,0,0,0,0,6.96875,1.8621958644299477,3.5587715601594176,14.396110550999989,2.125,0.7806247497997998,0.17244570409778615,-0.5719921104536487,0.0,0.25,0.0,13.0,3.375,0.4841229182759271,0.5163977794943223,-1.7333333333333334,0.3125,0.46351240544347894,0.8090398349558905,-1.3454545454545455,13.97796875,3.76878405029705,3.4785277368973153,13.745163471613491,0.71875,0.909477013178453,0.8326820621431145,-0.6802340087732381,470.4790000000001,132.18,2.1937999999999995,1,7,0,0,0,0,0,0,0,0,0,0,0,0,0,0,0,0,0,0,0,1,0,0,0,1,1,0,0,0,0,0,0,0,1,1,0,0,0,0,0,0,0,0,1,0,0,0,0,0,1,1,0,1,0,0,0,1,0,0,1,1,1,1,0,1,1,1,0,1,0,0,1,1,0,1,0,1,0,0,0,1,1,1,0,0,0,1,1,1,1,1,0,0,0,0,1,0,0,0,1,0,1,1,1,0,0,1,1,1,1,1,1,1,1,0,0,1,1,1,1,1,1,1,1,1,1,1,1,0,1,1,1,0,1,0,1,0,1,1,1,0,1,0,1,0,0,1,1,1,1,0,1,0,0,1,1,1,1,1,1,1,1,1,1,1,1,1,0,1
CHEMBL2973_28,38,38,-1,-1,-1,2.230769230769231,3.2022551225382534,3.1918421308059535,8.901743388664896,0.1113473935062303,0.11797265544630631,1.9341324701048042,5.264036060403395,0.20193792942223068,0.10383401684427362,-0.29403986267555227,-1.014354577248326,8.499122807017544,4.50599332430926,-0.1928699581772224,-0.7716418350533041,0.02129761340287656,0.06428158612482425,3.9298749368082566,14.995635272504096,0.8157894736842105,0.3876557858593746,-1.6292261599251139,0.6543778801843323,2.230769230769231,3.2022551225382534,3.1918421308059535,8.901743388664896,2.0,0.0,0,0,2.0,2.7434131641941364,3.7317609944361143,13.36681500317864,0.0,0.0,0,0,0.03485596049820392,0.08973343171083094,3.8081262885900724,16.231274653113392,0.03846153846153847,0.05058730596469018,3.2617716402410237,9.388004457255496,0.03846153846153846,0.020418352687312923,1.5283257559098575,2.9862494310748264,1.3076923076923077,0.4615384615384615,0.8333333333333337,-1.3055555555555551,0.9609852594487734,76.0,362.0,0.0,294.0,3786.0,56.0,0.0,0.0,0.0,1192.0,1682.0,40800.0,0.0,0.0,0.0,0.0,290.0,0.0,0.0,0.0,48.0,0.0,0.0,0.0,0.0,0.0,0.0,0.0,0.0,0.0,36.0,1,1,0,1,1,1,0,0,0,1,1,1,0,0,0,0,1,0,0,0,1,0,0,0,0,0,0,0,0,0,1,6.655172413793103,2.021877960588834,4.605098231655254,20.6455369461729,2.206896551724138,0.7133848574336966,0.24529809044476447,-0.06841208839199853,0.0,0.0,0,0,3.3448275862068964,0.4753120259341455,0.652928625099012,-1.5736842105263147,0.5172413793103449,0.49970264642032547,-0.06900655593423559,-1.9952380952380955,13.3698275862069,4.298314200971526,4.661874940943756,21.03670716775231,0.8620689655172413,0.8599975112648225,0.5937095751794376,-0.6307678787440154,412.9250000000002,99.93,3.1765000000000017,1,5,0,0,0,0,0,0,0,0,0,0,0,0,0,0,0,0,0,0,0,0,0,0,0,0,0,0,0,0,0,0,0,0,0,0,0,0,0,0,1,0,0,0,0,0,0,0,0,0,0,0,0,0,0,0,1,0,0,0,0,0,0,0,1,0,0,1,1,0,0,0,0,0,0,0,0,1,0,1,0,1,1,0,0,1,1,1,1,1,0,0,1,1,1,0,0,1,1,0,1,0,1,1,0,1,1,1,0,1,0,0,1,1,1,0,1,0,0,1,1,0,1,1,1,0,0,1,0,0,1,1,0,1,0,1,1,1,0,1,1,0,0,0,1,0,0,1,0,1,1,0,0,1,0,1,1,1,1,0,1,0,1,1,1,1,1,1,0,1
CHEMBL2973_29,36,33,-1,-1,-1,2.0,2.614064523559687,2.8550996224007053,6.526472337894111,0.11376609213383909,0.12179923669043503,1.6960382386304185,3.5598910797878913,0.17526726593949216,0.0862018609115271,-0.19315827497566196,-0.9497889685659269,7.207407407407408,3.7459987798597267,-0.07841795332223245,-0.7770894331365312,0.025863678804855277,0.06966716867008202,3.1478725219646675,9.335878993555582,0.8055555555555556,0.3957724124659724,-1.544097293955913,0.3842364532019724,2.0,2.614064523559687,2.8550996224007053,6.526472337894111,2.0,0.0,0,0,1.8333333333333333,2.242270674512285,3.283635355465382,9.7735111870822,0.0,0.0,0,0,0.005432657393441707,0.016010425185025462,2.7558743852372047,5.854055515708605,0.04166666666666666,0.049248817096362946,2.842244907715839,6.44884661328854,0.041666666666666664,0.20624286549744214,3.0094142826243435,7.556766825621265,1.1666666666666667,0.3726779962499649,1.7888543819998315,1.1999999999999993,1.1028109865093347,66.0,236.0,0.0,120.0,1776.0,8.0,0.0,0.0,0.0,384.0,526.0,13080.0,0.0,0.0,0.0,0.0,34.0,0.0,0.0,0.0,0.0,0.0,0.0,0.0,0.0,0.0,0.0,0.0,0.0,0.0,0.0,1,1,0,1,1,1,0,0,0,1,1,1,0,0,0,0,1,0,0,0,0,0,0,0,0,0,0,0,0,0,0,6.428571428571429,0.775912892228587,1.3855428147351025,0.09508761850042813,2.142857142857143,0.63887656499994,-0.13416407864998706,-0.6100000000000012,0.0,0.0,0,0,3.142857142857143,0.3499271061118826,2.0412414523193156,2.1666666666666696,0.5714285714285714,0.4948716593053935,-0.28867513459481264,-1.916666666666667,12.865714285714288,1.5472755977879977,1.385133466956877,0.09388150981014132,0.7142857142857143,0.7953949089757174,0.9820354417270432,0.4755463059313203,380.4000000000001,97.64,3.549100000000002,0,7,0,0,0,0,0,0,0,0,0,0,0,0,0,0,0,0,0,0,0,0,0,0,0,0,0,0,0,0,0,0,0,0,0,0,0,0,0,0,0,0,0,0,0,0,0,0,0,0,0,0,0,0,0,1,0,0,0,1,0,0,0,0,0,0,0,0,0,0,0,0,0,0,1,0,0,0,0,0,0,0,1,0,0,0,0,0,0,0,0,1,1,0,1,0,0,1,0,0,1,0,0,1,0,0,1,1,0,0,0,1,1,1,0,1,1,1,0,1,1,0,0,0,0,0,0,1,1,1,0,0,0,1,1,1,0,1,1,1,0,0,1,0,1,1,0,1,1,1,0,0,0,1,1,1,1,1,1,1,1,1,1,1,1,1,1,1,0,1
CHEMBL2973_30,39,36,-1,-1,-1,2.0,2.8674417556808756,3.204664635640424,8.626369612856102,0.10924476403340436,0.11707522014632918,1.9528249616118136,5.305807024794744,0.1823876553374494,0.08972003411501953,-0.3073394585904991,-0.9187601663855491,8.132967032967034,4.21042522139193,-0.17164292102951462,-0.7010310562578885,0.02600576284786811,0.0734843329221234,3.3994456406687426,10.858591201802325,0.8205128205128205,0.3837597319768145,-1.6703827619526517,0.7901785714285703,2.0,2.8674417556808756,3.204664635640424,8.626369612856102,2.0,0.0,0,0,1.8461538461538463,2.4759195291432428,3.6633826194582344,12.428988834394238,0.0,0.0,0,0,0.0040587764725695755,0.012297656200787741,2.8381923084488285,6.449008223806796,0.037037037037037056,0.04796112429049735,3.196144989298987,8.578917948252014,0.037037037037037056,0.47434979532823796,-3.228389613733606,9.587944755655359,1.1481481481481481,0.3552467795046459,1.9808869335422101,1.9239130434782608,0.7818264636073661,72.0,300.0,0.0,134.0,2766.0,8.0,0.0,0.0,0.0,508.0,666.0,25200.0,0.0,0.0,0.0,0.0,40.0,0.0,0.0,0.0,0.0,0.0,0.0,0.0,0.0,0.0,0.0,0.0,0.0,0.0,0.0,1,1,0,1,1,1,0,0,0,1,1,1,0,0,0,0,1,0,0,0,0,0,0,0,0,0,0,0,0,0,0,7.638888888888889,7.692538873544135,5.68852866233166,30.587121459066815,2.1666666666666665,0.6454972243679028,-0.17213259316477347,-0.6666666666666674,0.0,0.0,0,0,3.3055555555555554,0.4606423319938055,0.8442317648177396,-1.2872727272727256,0.5,0.5,0.0,-2.0,15.867472222222224,18.809433485009755,5.707979017847064,30.734537741044512,0.8611111111111112,0.97618241060031,0.8179061027806601,-0.48452785654575603,602.4770000000003,91.85,5.116100000000004,0,9,0,0,0,0,0,0,0,0,0,0,0,0,0,0,0,0,0,0,0,0,0,0,0,0,0,1,0,1,0,0,0,0,0,0,0,0,0,0,0,0,0,0,0,0,0,0,0,0,0,0,0,0,0,0,0,0,0,0,0,0,0,0,1,0,0,1,0,0,0,0,0,0,0,0,0,1,0,1,0,1,1,0,0,0,0,1,1,1,0,0,1,0,1,1,0,1,0,1,1,0,1,0,0,0,1,0,1,1,0,0,1,1,0,1,1,1,1,1,1,0,1,1,1,0,0,1,1,1,1,1,0,1,1,1,1,1,0,1,1,0,0,1,1,1,1,1,1,1,1,1,1,1,1,1,1,1,1,1,1,1,1,1,1,1,1,1,0,0
CHEMBL2973_31,36,32,-1,-1,-1,1.9166666666666667,2.722080495176846,3.756579106870645,13.39889098621068,0.10266181572814724,0.13129481851610794,2.5028409373670484,8.920403091198862,0.1815542138683921,0.09220812789859108,-0.11457444601907392,-0.8420867219924886,7.3046296296296305,3.869612166563455,0.020345527487210344,-0.48170223438482074,0.024649859943977594,0.07276338337960299,3.7404359137185494,14.270253672341095,0.8055555555555556,0.3957724124659724,-1.5440972939559132,0.3842364532019724,1.9166666666666667,2.722080495176846,3.756579106870645,13.39889098621068,2.0,0.0,0,0,1.7777777777777777,2.322727217818541,4.260184012942197,18.711979431216587,0.0,0.0,0,0,0.0,0.0,0,0,0.04166666666666665,0.053091076437329854,3.688288095192909,12.901923465811594,0.041666666666666664,0.040051795280945116,-0.7710626564498007,-0.5277969926552397,1.0,0.0,0,0,2.157002177933069,64.0,244.0,0.0,90.0,2364.0,0.0,0.0,0.0,0.0,162.0,488.0,24504.0,0.0,0.0,0.0,0.0,0.0,0.0,0.0,0.0,0.0,0.0,0.0,0.0,0.0,0.0,0.0,0.0,0.0,0.0,0.0,1,1,0,1,1,0,0,0,0,1,1,1,0,0,0,0,0,0,0,0,0,0,0,0,0,0,0,0,0,0,0,6.2,0.6,2.666666666666666,5.111111111111107,1.9,0.43588989435406733,-0.5071295169770305,1.7562326869806082,0.0,0.0,0,0,3.55,0.6689544080129827,-1.1850395492904982,0.12964639056209037,0.0,0.0,0,0,12.409799999999999,1.1964000000000004,2.6666666666666683,5.111111111111114,1.5,0.8660254037844386,-0.6928203230275509,-0.6666666666666665,278.436,37.3,5.331700000000005,0,12,0,0,0,0,0,0,0,0,0,0,0,0,0,0,0,0,0,1,0,0,0,0,0,0,0,0,0,0,0,0,0,0,0,0,0,0,0,0,0,0,0,0,0,0,0,0,0,0,0,0,0,0,0,0,0,0,0,0,0,0,0,0,0,0,0,0,0,0,0,0,0,0,0,0,0,0,0,0,0,0,0,0,0,0,0,0,0,0,0,0,1,1,0,0,0,0,0,0,0,1,0,0,0,0,1,0,0,0,1,0,0,0,0,0,1,1,1,0,1,0,0,0,0,1,0,0,0,0,1,1,0,0,1,0,0,0,0,0,0,1,0,0,0,0,0,0,0,1,0,0,0,0,0,0,1,1,0,1,0,1,1,0,0,0,1,0,0,0
CHEMBL2973_32,39,37,-1,-1,-1,2.16,3.0812984276113213,3.007976482317854,7.300693370247643,0.10889521330089282,0.11740041806219724,1.772853255555478,4.012237680477256,0.17428478003485065,0.0962351913977006,-0.18754258080809913,-1.141117287383481,7.643589743589744,4.380646726936514,-0.1059439948263268,-0.9537523112476487,0.019112229638545426,0.058813176226410524,3.6975154302254345,12.601238891786599,0.8205128205128205,0.3837597319768145,-1.6703827619526517,0.7901785714285703,2.16,3.0812984276113213,3.007976482317854,7.300693370247643,2.0,0.0,0,0,1.8974358974358974,2.5699932335027333,3.6394052472157887,12.118720994712394,0.0,0.0,0,0,0.041636141636141634,0.15921221531666052,5.583462547405435,30.668344336481113,0.04,0.05239042427423834,3.0203590228310877,7.309709973640333,0.04,0.029827247114061154,2.6997704698079783,6.342909806670361,1.32,0.46647615158762407,0.7717436331412894,-1.4044117647058831,-0.34266869413020346,74.0,324.0,0.0,190.0,3096.0,32.0,0.0,0.0,0.0,836.0,990.0,29160.0,0.0,0.0,0.0,0.0,148.0,0.0,0.0,0.0,12.0,0.0,0.0,0.0,0.0,0.0,0.0,0.0,0.0,0.0,0.0,1,1,0,1,1,1,0,0,0,1,1,1,0,0,0,0,1,0,0,0,1,0,0,0,0,0,0,0,0,0,0,6.606060606060606,1.7742158991884178,4.51311967530223,20.860281993712302,2.1818181818181817,0.6721537276611768,0.3661658394442141,0.31632956573468274,0.0,0.0,0,0,3.272727272727273,0.4453617714151233,1.0206207261596563,-0.9583333333333348,0.5454545454545454,0.4979295977319692,-0.18257418583505505,-1.9666666666666668,13.223242424242425,3.55645842760619,4.522013565682734,20.92704048510104,0.8484848484848485,0.8570991287109667,0.5839818129124397,-0.6979312499999999,464.59100000000024,101.04999999999998,4.065900000000003,0,8,0,0,0,0,0,0,0,0,0,0,0,0,0,0,0,0,0,0,0,0,0,0,0,0,0,0,0,0,0,0,0,0,0,0,0,0,1,0,1,0,0,0,0,0,0,0,0,0,0,0,0,1,0,0,0,1,0,0,1,1,1,1,1,0,0,1,0,1,0,0,0,0,0,1,0,0,0,1,0,0,1,1,1,0,0,0,0,0,1,0,1,1,1,0,0,0,0,1,1,0,1,1,1,0,1,1,0,0,0,0,1,1,1,0,1,1,1,1,1,0,1,1,0,0,1,1,0,1,1,1,1,1,1,1,0,1,1,1,1,0,0,0,1,1,1,1,1,1,1,0,0,1,0,1,1,1,1,0,1,1,1,1,1,1,1,1,0,0
CHEMBL2973_33,39,38,-1,-1,-1,2.1481481481481484,3.1588054904030214,3.2763304855008277,9.445034117242297,0.107929467729371,0.11828886522695325,1.9808750161899382,5.454149228082825,0.19801571563117687,0.10065749876067308,-0.31862606298413554,-1.0121595571609117,8.610256410256412,4.5483687558081956,-0.1866986996084508,-0.7634076611099858,0.022650180544917388,0.0650986947643723,3.622807109866796,12.402917115967727,0.8205128205128205,0.3837597319768145,-1.6703827619526517,0.7901785714285703,2.1481481481481484,3.1588054904030214,3.2763304855008277,9.445034117242297,2.0,0.0,0,0,1.9487179487179487,2.716980959784534,3.797305252332201,13.862331168871552,0.0,0.0,0,0,0.017878521202989286,0.0435499871208387,2.176764118555172,3.0479295103019233,0.03703703703703704,0.04932852625232119,3.308601024007065,9.687405880673541,0.037037037037037035,0.019767052570385756,0.1205190906762416,-0.3206229886662708,1.2222222222222223,0.41573970964154905,1.336306209562121,-0.21428571428571663,-0.1547052646664799,76.0,360.0,0.0,264.0,3786.0,48.0,0.0,0.0,0.0,1166.0,1500.0,40800.0,0.0,0.0,0.0,0.0,270.0,0.0,0.0,0.0,48.0,0.0,0.0,0.0,0.0,0.0,0.0,0.0,0.0,0.0,0.0,1,1,0,1,1,1,0,0,0,1,1,1,0,0,0,0,1,0,0,0,1,0,0,0,0,0,0,0,0,0,0,6.448275862068965,0.8544490823009564,1.6535736993583396,1.312539125083556,2.1379310344827585,0.6283057640789173,-0.11307041239901737,-0.5369792422702862,0.0,0.0,0,0,3.4482758620689653,0.49731741730537793,0.20801257358446215,-1.9567307692307696,0.3448275862068966,0.47531202593414557,0.6529286250990105,-1.5736842105263154,12.939655172413797,1.8136756786429138,1.859476699592731,2.470301152440035,1.0,0.9468641529479986,0.24371947132093455,-1.3698224852071008,404.4820000000002,80.41999999999999,4.117800000000003,0,9,0,0,0,0,0,0,0,0,0,0,0,0,0,0,0,0,0,0,0,0,0,0,0,0,0,0,0,0,0,0,0,0,0,0,0,0,0,0,0,0,0,0,1,0,0,0,0,0,0,0,0,0,0,1,0,0,0,0,0,0,0,0,0,0,0,1,0,0,0,0,0,0,1,0,0,0,0,0,0,0,1,0,0,0,0,0,0,0,0,1,1,1,1,0,0,1,0,1,1,0,0,1,0,0,1,1,0,0,0,1,1,1,0,1,1,1,1,1,1,0,0,1,0,0,0,1,1,1,1,1,0,1,1,1,1,0,1,1,1,0,1,0,1,1,1,1,1,1,0,0,1,1,1,1,1,1,1,1,1,1,1,1,1,1,1,1,0,0
CHEMBL2973_34,36,34,-1,-1,-1,2.1818181818181817,2.9019799453658846,2.899260634368226,7.182550192081575,0.10833827143005322,0.12665147737522012,1.768199321661741,4.074244177838123,0.17125469963495255,0.09653301653862872,-0.08336257099296035,-1.2173026038616448,6.805555555555554,3.9928562752205226,0.03306179402163205,-0.9704258785436215,0.017553688141923436,0.049931407013128246,3.5922545883234784,12.563848298678865,0.8055555555555556,0.39577241246597245,-1.5440972939559128,0.38423645320197064,2.1818181818181817,2.9019799453658846,2.899260634368226,7.182550192081575,2.0,0.0,0,0,1.8888888888888888,2.3895347964007296,3.5517738012733187,12.259589189189185,0.0,0.0,0,0,0.02483101502709346,0.05788721259727967,2.043764069377938,2.415634709523559,0.04545454545454546,0.05496209955928234,2.9413525002182244,7.447327080036885,0.045454545454545456,0.20604582409717878,3.026173427734924,7.839388000058634,1.2727272727272727,0.44536177141512334,1.020620726159657,-0.9583333333333353,-0.5900575193602037,68.0,266.0,0.0,204.0,2286.0,48.0,0.0,0.0,0.0,796.0,982.0,20304.0,0.0,0.0,0.0,0.0,222.0,0.0,0.0,0.0,48.0,0.0,0.0,0.0,0.0,0.0,0.0,0.0,0.0,0.0,0.0,1,1,0,1,1,1,0,0,0,1,1,1,0,0,0,0,1,0,0,0,1,0,0,0,0,0,0,0,0,0,0,7.3076923076923075,4.788628871548516,5.097328708024879,25.959131639580995,2.1538461538461537,0.699393933178762,-0.22085765105030372,-0.9550598335067644,0.0,0.0,0,0,3.3076923076923075,0.46153846153846156,0.8333333333333348,-1.3055555555555551,0.41025641025641024,0.49188015623720205,0.3649002245998808,-1.8668478260869572,14.879846153846152,11.05959888580019,5.294554943380333,27.792084929467922,0.8461538461538461,1.0009857074842634,0.7714987647196815,-0.7269359538719082,613.5780000000001,84.74000000000001,6.490000000000007,0,12,0,0,0,0,0,0,0,0,0,0,0,0,0,0,0,0,0,0,0,0,0,0,0,0,0,0,0,0,0,0,0,0,0,0,0,0,1,1,1,0,0,0,0,0,0,1,1,0,0,0,0,0,0,0,0,0,0,0,0,0,0,0,0,0,0,1,0,0,0,0,0,0,0,0,0,1,1,1,0,1,1,1,0,1,0,1,0,1,1,1,0,0,1,1,0,1,1,1,0,1,1,0,0,0,0,0,1,1,0,0,1,1,0,0,1,1,1,1,1,0,1,1,1,1,0,1,1,1,1,1,0,0,0,0,1,0,1,1,1,0,1,1,1,1,1,0,1,1,1,1,1,0,0,1,1,1,1,1,1,1,1,1,1,1,1,1,0,0
CHEMBL2973_35,34,33,-1,-1,-1,2.1818181818181817,2.740875169396606,2.7367354007084645,6.249060549619328,0.11706702572925494,0.12532787476371052,1.6795417735495013,3.7408869486343983,0.18923329458073948,0.09648622231384064,-0.18078413943244429,-1.0596900615163145,7.102941176470589,3.7770840470527767,-0.05840328224643307,-0.858712721476449,0.021000445632798573,0.05865997455495678,3.3224708281689064,10.294368525422527,0.7941176470588235,0.40434491426080943,-1.4547859349066157,0.11640211640211495,2.1818181818181817,2.740875169396606,2.7367354007084645,6.249060549619328,2.0,0.0,0,0,1.9411764705882353,2.3255761647965643,3.2281386820022315,9.900051944989881,0.0,0.0,0,0,0.02914088224948812,0.08805576988063427,4.522984576246897,21.101393207977846,0.04545454545454545,0.05230394891876229,2.767384172800597,6.337714466686448,0.045454545454545366,1.291063309896889,2.65114082758493,6.1510666517938954,1.3181818181818181,0.46577048936179993,0.780720058358827,-1.39047619047619,0.5958636566720322,66.0,246.0,0.0,218.0,1896.0,32.0,0.0,0.0,0.0,602.0,1018.0,15024.0,0.0,0.0,0.0,0.0,132.0,0.0,0.0,0.0,12.0,0.0,0.0,0.0,0.0,0.0,0.0,0.0,0.0,0.0,24.0,1,1,0,1,1,1,0,0,0,1,1,1,0,0,0,0,1,0,0,0,1,0,0,0,0,0,0,0,0,0,1,6.384615384615385,0.7378202343558031,1.550259339293902,0.6290170132325108,2.076923076923077,0.6749972605686247,-0.09324047164879555,-0.8122786304604483,0.0,0.0,0,0,3.230769230769231,0.42132504423474315,1.278019300845387,-0.3666666666666676,0.46153846153846156,0.4985185152621431,0.1543033499620917,-1.976190476190476,12.778076923076924,1.47134195479127,1.5497583385859433,0.6273452830213819,0.9230769230769231,0.9970370305242862,0.8528015502369184,-0.3594812925170072,356.42200000000014,76.66000000000001,2.773600000000001,0,8,0,0,0,0,0,0,0,0,0,0,0,0,0,0,0,0,0,0,0,0,0,0,0,0,0,0,0,0,0,0,0,0,0,0,0,0,0,0,0,0,0,0,0,0,0,0,0,0,0,0,0,0,0,0,0,0,0,0,0,0,0,0,0,0,0,0,0,0,0,0,0,0,1,0,0,0,0,0,0,0,0,0,1,0,0,0,0,0,0,0,0,0,1,1,0,0,0,0,0,0,1,0,0,0,1,0,0,0,0,0,1,1,0,1,1,1,0,1,1,0,0,0,0,0,0,1,1,1,0,0,0,1,0,0,0,0,1,0,1,0,1,1,1,1,1,1,1,1,0,1,1,1,1,1,1,1,1,1,1,1,1,1,1,1,1,1,0,1
CHEMBL2973_36,37,34,-1,-1,-1,2.0,2.7873339895374523,3.0370764918840094,7.565924909322614,0.11491072713178985,0.11756934896932268,1.7753349924811306,4.068141762512287,0.18867104804604806,0.09089734959517713,-0.35093472253602326,-0.7835034164599715,7.966666666666666,4.041992417447453,-0.22423734397363465,-0.608138670871786,0.027970827970827967,0.07758808704673342,3.228367593764422,9.809756194343958,0.8108108108108109,0.3916588309780929,-1.5871507864874157,0.5190476190476199,2.0,2.7873339895374523,3.0370764918840094,7.565924909322614,2.0,0.0,0,0,1.837837837837838,2.433032958903113,3.442881501348046,10.749811434568773,0.0,0.0,0,0,0.004753713321644778,0.014213428882755196,2.802998197412796,6.119380650238764,0.038461538461538464,0.048553355941639134,3.02607956241056,7.495884843516116,0.03846153846153847,0.09333682652841001,3.266439935496343,9.062648350814253,1.1538461538461537,0.36080121229411,1.9188064472004944,1.6818181818181834,1.7775107591154702,68.0,276.0,0.0,132.0,2376.0,8.0,0.0,0.0,0.0,466.0,644.0,19920.0,0.0,0.0,0.0,0.0,38.0,0.0,0.0,0.0,0.0,0.0,0.0,0.0,0.0,0.0,0.0,0.0,0.0,0.0,0.0,1,1,0,1,1,1,0,0,0,1,1,1,0,0,0,0,1,0,0,0,0,0,0,0,0,0,0,0,0,0,0,6.310344827586207,0.6487892318009235,1.8647331985545053,1.9324427846404202,2.1379310344827585,0.6283057640789171,-0.11307041239901745,-0.5369792422702857,0.0,0.0,0,0,3.1724137931034484,0.377739694831149,1.7344547654330253,1.008333333333332,0.6206896551724138,0.48521542343000995,-0.4974683381630911,-1.7525252525252522,12.630034482758623,1.29390578143261,1.8638448988752312,1.9286654668715926,0.7931034482758621,0.8042692268752138,0.7887673897547001,0.047415657439445535,389.4550000000001,94.31,4.0264000000000015,0,7,0,0,0,0,0,0,0,0,0,0,0,0,0,0,0,0,0,0,0,0,0,0,0,0,0,0,0,0,0,0,0,0,0,0,0,0,0,0,0,0,0,0,0,0,0,0,0,0,0,0,0,0,0,0,0,0,0,0,0,0,0,0,1,0,0,1,0,0,0,0,0,0,0,0,0,0,0,0,0,0,1,0,1,0,1,0,0,0,0,0,0,0,1,0,0,0,0,0,1,0,1,0,0,0,0,0,0,0,0,1,1,0,0,0,1,1,0,1,1,0,0,1,0,1,0,1,1,0,0,0,0,1,1,1,0,1,1,1,1,0,0,0,1,0,1,1,1,1,0,0,1,1,0,1,1,1,1,1,1,1,1,1,1,1,1,1,0,1
CHEMBL2973_37,38,37,-1,-1,-1,2.1538461538461537,3.0469695877443628,3.165905767412138,8.533488831775305,0.1116563552055222,0.11768027793943414,1.9315691749715496,5.2155667357948285,0.1915669931380374,0.09666105029266288,-0.2761111083700486,-0.9778930317153884,8.217543859649124,4.3092803217418085,-0.18042804413863278,-0.7529291513564162,0.02335229966808914,0.06843208589440482,3.6656505242664426,12.561275932840418,0.8157894736842105,0.3876557858593746,-1.629226159925114,0.6543778801843323,2.1538461538461537,3.0469695877443628,3.165905767412138,8.533488831775305,2.0,0.0,0,0,1.9473684210526316,2.615212262906283,3.67679188505054,12.710650215774004,0.0,0.0,0,0,0.04299724466445617,0.16126700345484146,5.490067908671937,29.64109105765168,0.038461538461538464,0.04985754350548688,3.22956526253056,9.007605088166086,0.03846153846153845,0.0159162164687404,0.04893455016824368,0.42522128922917757,1.3076923076923077,0.4615384615384615,0.8333333333333336,-1.3055555555555551,-0.19094927098445375,74.0,330.0,0.0,208.0,3234.0,32.0,0.0,0.0,0.0,822.0,1074.0,32064.0,0.0,0.0,0.0,0.0,144.0,0.0,0.0,0.0,12.0,0.0,0.0,0.0,0.0,0.0,0.0,0.0,0.0,0.0,0.0,1,1,0,1,1,1,0,0,0,1,1,1,0,0,0,0,1,0,0,0,1,0,0,0,0,0,0,0,0,0,0,6.3076923076923075,0.605692913385524,1.8066792260349689,2.001560874089492,2.1538461538461537,0.6007884366082041,-0.07556274881285609,-0.36818059661381275,0.0,0.0,0,0,3.1538461538461537,0.36080121229411,1.9188064472004944,1.6818181818181834,0.6538461538461539,0.47574295680203776,-0.6467616667635546,-1.581699346405229,12.624846153846155,1.2081035262664852,1.8053361295049717,1.9954203265116224,0.8461538461538461,0.8634593969478327,1.018138064428283,0.5786092214663636,350.422,70.25,4.139300000000002,0,6,0,0,0,0,0,0,0,0,0,0,0,0,0,0,0,0,0,0,0,0,0,0,0,0,0,0,0,0,0,0,0,0,0,0,0,0,0,1,0,0,0,0,0,0,0,0,0,0,0,0,0,0,1,0,0,0,0,0,0,0,0,0,1,0,0,1,0,0,0,1,0,0,0,0,0,0,0,1,0,0,1,0,0,1,0,1,1,0,0,0,1,0,0,1,1,0,1,0,0,0,1,0,0,0,0,0,1,0,0,0,1,0,0,1,1,0,1,1,0,0,1,1,1,0,1,1,1,1,0,0,0,1,0,1,0,1,0,1,1,0,0,0,1,1,0,1,0,0,1,1,0,1,1,1,1,1,1,1,1,1,1,1,1,1,1,1,0,1
CHEMBL2973_38,38,36,-1,-1,-1,2.076923076923077,2.960289446906747,3.2163656504680422,9.108255321399445,0.10904128359018167,0.12010740171483926,2.04638718818764,6.02854041099995,0.19278328160112954,0.09759614830580991,-0.2707711390480831,-0.958783963135756,8.158771929824564,4.298169977852238,-0.14458023085422184,-0.7322429789267577,0.023115220483641535,0.06635336937027884,3.596583857792438,12.630281741069902,0.8157894736842105,0.3876557858593746,-1.6292261599251139,0.6543778801843323,2.076923076923077,2.960289446906747,3.2163656504680422,9.108255321399445,2.0,0.0,0,0,1.894736842105263,2.542165194891226,3.712297301863634,13.32022791572636,0.0,0.0,0,0,0.010125019293100787,0.027518549270674566,2.5824496017949667,5.128422801291631,0.038461538461538464,0.0496473221929863,3.2342988705216547,9.227585325591193,0.038461538461538464,0.027823582805260108,2.404264685688825,7.0978834912284015,1.1923076923076923,0.39411349099844606,1.5614401167176535,0.4380952380952392,-1.1230923623674813,72.0,310.0,0.0,206.0,2970.0,24.0,0.0,0.0,0.0,750.0,1114.0,29184.0,0.0,0.0,0.0,0.0,124.0,0.0,0.0,0.0,12.0,0.0,0.0,0.0,0.0,0.0,0.0,0.0,0.0,0.0,0.0,1,1,0,1,1,1,0,0,0,1,1,1,0,0,0,0,1,0,0,0,1,0,0,0,0,0,0,0,0,0,0,6.333333333333333,0.6356417261637282,1.7043143782764978,1.537500000000004,2.1818181818181817,0.6254474981984937,-0.15353923408463238,-0.5632810950208293,0.0,0.0,0,0,3.303030303030303,0.459568208730397,0.8571946154145217,-1.2652173913043496,0.5151515151515151,0.4997703788627467,-0.060633906259083194,-1.9963235294117645,12.675969696969696,1.2677875858037462,1.703104780149228,1.5324253935258838,0.9393939393939394,0.9515344526125807,0.7541093269122187,-0.39255664495636733,449.55500000000023,82.72,4.222200000000003,1,8,0,0,0,0,0,0,0,0,0,0,0,0,0,0,0,0,0,0,0,0,0,0,0,0,0,0,0,0,0,0,0,0,0,0,0,0,0,1,0,0,0,0,0,0,0,0,0,0,0,0,0,0,1,0,0,0,0,0,0,0,0,0,1,0,0,1,0,0,0,1,0,0,0,0,0,1,0,1,0,0,1,0,0,1,0,1,1,0,0,0,1,0,0,1,1,1,1,1,0,0,1,0,0,0,0,0,1,0,1,0,1,1,0,1,1,1,1,1,1,0,1,1,1,0,1,1,1,1,0,1,0,1,1,1,0,1,0,1,1,0,0,1,1,1,1,1,1,1,1,1,1,1,1,1,1,1,1,1,1,1,1,1,1,1,1,1,0,1
CHEMBL2973_39,38,36,-1,-1,-1,2.1666666666666665,3.023059524536176,2.9171249454343036,6.9248251586737,0.10958918506277596,0.11960769202254871,1.7631409481930704,4.0762811415708695,0.1753187892709438,0.09735794349030098,-0.17726461370207558,-1.1662998822715172,7.412280701754385,4.27486480106744,-0.07878404355078221,-0.9726534380782108,0.01813655761024182,0.05555232905035456,3.5864463717565296,11.822949697866513,0.8157894736842105,0.3876557858593746,-1.6292261599251139,0.6543778801843323,2.1666666666666665,3.023059524536176,2.9171249454343036,6.9248251586737,2.0,0.0,0,0,1.894736842105263,2.510917987763487,3.5502524541102543,11.6942528593623,0.0,0.0,0,0,0.026463432307985545,0.08380368969268011,4.780824005343726,23.881060913696924,0.041666666666666664,0.05346070772953085,2.9419703584029993,6.988635873416786,0.041666666666666664,0.017280601933967174,1.1507643660668812,0.4921116493950266,1.2916666666666667,0.45452967144315476,0.9166984970282107,-1.159663865546219,0.7085481446298524,72.0,304.0,0.0,206.0,2772.0,32.0,0.0,0.0,0.0,788.0,1066.0,25200.0,0.0,0.0,0.0,0.0,148.0,0.0,0.0,0.0,12.0,0.0,0.0,0.0,0.0,0.0,0.0,0.0,0.0,0.0,24.0,1,1,0,1,1,1,0,0,0,1,1,1,0,0,0,0,1,0,0,0,1,0,0,0,0,0,0,0,0,0,1,6.67741935483871,1.8207955860219467,4.331192345148565,19.209289582601837,2.193548387096774,0.7370103005674751,0.16098872994295546,-0.3077244902453007,0.0,0.0,0,0,3.3548387096774195,0.47846441852230076,0.6067798762169174,-1.6318181818181814,0.4838709677419355,0.4997397866074087,0.06454972243679011,-1.995833333333334,13.365838709677423,3.6498891816740904,4.340066814665897,19.2726289082121,0.8709677419354839,1.0077741517298908,0.8274514550991202,-0.5482103265251261,441.55700000000013,99.61000000000001,3.5637000000000025,0,5,0,0,0,0,0,0,0,0,0,0,0,0,0,0,0,0,0,0,0,0,0,0,0,0,0,0,0,0,0,0,0,0,0,0,0,0,1,1,1,0,0,0,0,1,0,0,0,0,0,0,0,0,0,0,0,0,0,1,0,0,0,0,1,0,0,1,1,0,0,0,0,0,0,0,1,1,0,1,0,0,1,1,1,1,0,1,1,0,1,0,1,0,0,0,0,1,1,0,1,0,1,1,0,0,0,1,1,0,0,1,1,1,1,0,1,0,0,1,1,0,1,1,1,0,0,1,0,0,1,1,0,1,1,1,0,1,0,1,1,1,0,1,1,0,0,1,1,1,1,1,0,1,1,1,1,1,1,1,1,1,1,1,1,1,1,1,0,0
CHEMBL2973_40,37,35,-1,-1,-1,2.08,2.8554509276119595,2.867538745059976,6.659315552691311,0.11542187892856165,0.11706757404007091,1.7087237367291042,3.69898018603738,0.19132636152480612,0.09541094845579588,-0.3087590317635552,-0.9175702386602103,7.882882882882884,4.107528951984233,-0.17558137746532143,-0.7584525661262602,0.02247962247962248,0.06766715392894003,3.1878434896757346,8.897299438561118,0.8108108108108109,0.3916588309780929,-1.5871507864874157,0.5190476190476199,2.08,2.8554509276119595,2.867538745059976,6.659315552691311,2.0,0.0,0,0,1.8918918918918919,2.4471029069005836,3.3343988202038903,10.153486908933157,0.0,0.0,0,0,0.015374845917298747,0.056037466979496,4.994883920758284,25.112206888155264,0.04,0.050515879876850724,2.9021338719348178,6.785650531641588,0.04000000000000001,0.2703708052272123,-2.5506879326899488,5.617342665126369,1.24,0.4270831300812524,1.2175615550562027,-0.5175438596491229,-1.5410300431537225,70.0,284.0,0.0,198.0,2394.0,16.0,0.0,0.0,0.0,514.0,1042.0,19944.0,0.0,0.0,0.0,0.0,66.0,0.0,0.0,0.0,0.0,0.0,0.0,0.0,0.0,0.0,0.0,0.0,0.0,0.0,12.0,1,1,0,1,1,1,0,0,0,1,1,1,0,0,0,0,1,0,0,0,0,0,0,0,0,0,0,0,0,0,1,6.3,0.6403124237432849,1.9197945363867681,2.1499107674003595,2.2,0.6531972647421809,-0.22963966338592368,-0.7265625000000009,0.0,0.0,0,0,3.1666666666666665,0.3726779962499649,1.7888543819998326,1.2000000000000055,0.6,0.48989794855663565,-0.40824829046386274,-1.8333333333333335,12.609400000000004,1.277001738448308,1.9189003453452718,2.1460002717436426,0.7666666666666667,0.8439325934114775,1.127869786371505,0.8713325756119157,401.46600000000007,80.32000000000001,3.881700000000003,1,5,0,0,0,0,0,0,0,0,0,0,0,0,0,0,0,0,0,0,0,0,0,0,0,0,0,0,0,0,0,0,0,0,0,0,0,0,0,0,0,0,0,0,0,0,0,0,0,0,0,0,0,0,0,0,0,0,0,1,0,0,0,0,0,0,0,1,0,0,0,0,0,0,0,0,0,0,0,0,0,0,0,0,1,0,0,0,0,0,0,0,0,0,1,0,0,1,0,0,1,0,1,1,0,0,0,1,0,0,0,0,1,0,0,1,1,0,0,1,0,0,1,1,0,0,0,1,0,0,0,0,0,1,0,0,0,0,1,1,1,0,0,0,1,0,1,1,1,0,0,1,0,1,1,1,1,1,1,1,1,1,1,1,1,1,1,1,0,1
CHEMBL2973_41,37,35,-1,-1,-1,2.08,2.9788588419057387,2.91867116691798,6.85323359857281,0.1139207281426568,0.11852887718389092,1.6956302341890561,3.313391742329874,0.1952191748440683,0.0987251146814835,-0.29332061462544967,-0.9893833971952857,7.9909909909909915,4.207359122978288,-0.15731148737146206,-0.7898298829066754,0.021793221793221792,0.06488985670228281,3.351296471799431,10.166768258056651,0.8108108108108109,0.3916588309780929,-1.5871507864874157,0.5190476190476199,2.08,2.9788588419057387,2.91867116691798,6.85323359857281,2.0,0.0,0,0,1.8918918918918919,2.5445626585815826,3.408402967530684,10.534251431987911,0.0,0.0,0,0,0.008395208395208395,0.02241151353359196,2.665204395040071,6.333323837263796,0.039999999999999994,0.05235945212718256,2.937438782903891,6.932613719441951,0.04,0.13557262067760498,2.981726897785309,7.115905031891506,1.2,0.4,1.5000000000000004,0.25000000000000133,-0.615838783212416,70.0,302.0,0.0,220.0,2712.0,24.0,0.0,0.0,0.0,734.0,1188.0,23880.0,0.0,0.0,0.0,0.0,128.0,0.0,0.0,0.0,12.0,0.0,0.0,0.0,0.0,0.0,0.0,0.0,0.0,0.0,0.0,1,1,0,1,1,1,0,0,0,1,1,1,0,0,0,0,1,0,0,0,1,0,0,0,0,0,0,0,0,0,0,6.310344827586207,0.6487892318009235,1.8647331985545048,1.9324427846404202,2.206896551724138,0.6090869562984721,-0.14262335718552108,-0.5053007889546342,0.0,0.0,0,0,3.1379310344827585,0.3448275862068965,2.100000000000002,2.410000000000008,0.6206896551724138,0.48521542343000995,-0.49746833816309105,-1.7525252525252524,12.630034482758624,1.2939057814326103,1.8638448988752252,1.9286654668715775,0.7241379310344828,0.7832977028690034,0.9567225255363898,0.5193798449612399,387.4390000000001,80.32000000000001,3.320700000000002,0,5,0,0,0,0,0,0,0,0,0,0,0,0,0,0,0,0,0,0,0,0,0,0,0,0,0,0,0,0,0,0,0,0,0,0,0,0,0,0,0,0,0,0,0,0,0,0,0,0,0,0,0,0,0,0,0,0,0,1,0,0,0,0,0,0,0,1,0,0,0,0,0,0,0,0,0,0,0,0,0,0,0,0,1,0,0,0,0,0,0,0,0,0,1,0,0,1,0,0,1,0,1,1,0,0,0,1,0,0,0,1,1,0,0,1,1,0,0,1,0,0,1,1,0,0,0,1,0,0,0,0,0,1,0,0,0,0,1,1,1,0,0,0,1,0,1,1,1,0,0,0,0,1,1,1,1,1,1,1,1,1,1,1,1,1,1,1,0,1
CHEMBL2973_42,37,32,-1,-1,-1,1.9130434782608696,2.5351964760196948,2.915344801445779,6.844449480968876,0.10632139298276341,0.12539054358775154,1.9779416903067255,5.641360509202483,0.15248591142721066,0.07986872009977654,-0.17421524214810646,-1.1011192642948913,6.492792792792792,3.643591479155572,-0.005133236199451219,-0.8614957287882068,0.02235092235092235,0.06545483798671682,3.01732814012176,7.560535679350748,0.8108108108108109,0.3916588309780929,-1.5871507864874157,0.5190476190476199,1.9130434782608696,2.5351964760196948,2.915344801445779,6.844449480968876,2.0,0.0,0,0,1.7297297297297298,2.113644842812665,3.448268517322079,10.950286182849906,0.0,0.0,0,0,0.0,0.0,0,0,0.04347826086956519,0.05246460967582222,2.9236605894829566,6.9245209413435,0.04347826086956524,0.06905440548209014,-2.1914694068932223,5.111183801155924,1.0,0.0,0,0,0.33699196943469534,64.0,212.0,0.0,54.0,1554.0,0.0,0.0,0.0,0.0,178.0,202.0,11064.0,0.0,0.0,0.0,0.0,0.0,0.0,0.0,0.0,0.0,0.0,0.0,0.0,0.0,0.0,0.0,0.0,0.0,0.0,0.0,1,1,0,1,1,0,0,0,0,1,1,1,0,0,0,0,0,0,0,0,0,0,0,0,0,0,0,0,0,0,0,7.0,2.1320071635561044,3.377099347072869,11.475999999999996,2.0,0.9045340337332909,0.36851386559504434,-0.9629629629629632,0.0,0.0,0,0,3.3636363636363638,0.4810456929208347,0.5669467095138401,-1.6785714285714293,0.2727272727272727,0.44536177141512334,1.0206207261596572,-0.9583333333333344,14.010454545454548,4.273490597193062,3.3864500107771933,11.5283667115924,0.9090909090909091,1.0405021038417814,0.9083854390628503,-0.40160829788473773,328.3900000000001,115.56,1.1078000000000001,1,6,0,0,0,0,0,0,0,0,0,0,0,0,0,0,0,0,0,0,0,0,0,0,0,0,0,0,0,0,0,0,0,0,1,1,0,0,0,0,0,0,0,0,0,0,0,0,0,0,0,0,0,1,0,0,0,1,0,0,1,1,1,1,0,0,1,0,0,1,0,1,0,0,0,1,1,0,0,0,0,0,0,1,0,0,1,0,0,0,1,1,0,0,1,0,1,0,0,1,0,0,0,0,1,0,0,0,1,0,0,1,1,0,1,0,1,0,0,1,0,0,0,0,0,1,1,0,1,0,0,0,1,1,0,1,0,1,1,0,0,0,1,1,1,0,0,0,1,0,1,1,0,1,0,1,1,1,1,1,1,1,1,1,1,1,1,1,0,0
CHEMBL2973_43,36,31,-1,-1,-1,1.9090909090909092,2.4291616756158887,2.769694885585298,5.909740366734928,0.11097510492039005,0.12434751250300993,1.6447871221968569,3.452329697621588,0.14947907090616977,0.07800581362308226,-0.13311499174613822,-1.089810262118438,6.189814814814814,3.467951323974939,0.026870506919303132,-0.8746183520309194,0.022222222222222223,0.06362442949806703,2.9506674229729817,7.176493998039184,0.8055555555555556,0.3957724124659724,-1.5440972939559132,0.3842364532019724,1.9090909090909092,2.4291616756158887,2.769694885585298,5.909740366734928,2.0,0.0,0,0,1.7222222222222223,2.022252747022366,3.2831351819089827,9.662545247419011,0.0,0.0,0,0,0.0,0.0,0,0,0.04545454545454544,0.05262129521491448,2.7743526424953933,5.958918633156202,0.04545454545454546,0.05707071499886871,2.988232308092576,7.8566154618292,1.0,0.0,0,0,-1.178571704090671,62.0,192.0,0.0,52.0,1284.0,0.0,0.0,0.0,0.0,162.0,184.0,8184.0,0.0,0.0,0.0,0.0,0.0,0.0,0.0,0.0,0.0,0.0,0.0,0.0,0.0,0.0,0.0,0.0,0.0,0.0,0.0,1,1,0,1,1,0,0,0,0,1,1,1,0,0,0,0,0,0,0,0,0,0,0,0,0,0,0,0,0,0,0,6.555555555555555,0.8958064164776166,0.9922778767136683,-1.0153846153846144,2.111111111111111,0.7370277311900889,-0.178165794523224,-1.146694214876033,0.0,0.0,0,0,3.1666666666666665,0.3726779962499649,1.7888543819998335,1.200000000000002,0.5555555555555556,0.4969039949999533,-0.22360679774997907,-1.95,13.118777777777776,1.786237994456368,0.99227787671367,-1.0153846153846129,0.6666666666666666,1.0,1.3703703703703707,0.5925925925925934,248.23399999999995,65.74000000000001,1.9782999999999997,0,3,0,0,0,0,0,0,0,0,0,0,0,0,0,0,0,0,0,0,0,0,0,0,0,0,0,0,0,0,0,0,0,0,0,0,0,0,0,0,0,0,0,0,0,0,0,0,0,0,0,0,0,0,0,0,0,0,0,1,0,0,0,0,0,0,0,0,0,0,0,0,0,0,0,0,0,0,0,0,0,0,0,0,0,0,0,0,0,0,0,1,0,0,0,1,0,0,0,0,1,0,0,1,0,0,0,1,0,0,0,1,0,0,0,1,1,0,0,0,0,0,0,0,0,1,0,1,1,1,0,0,0,0,0,0,0,0,1,1,0,0,1,0,0,1,1,1,1,0,0,1,1,0,1,1,1,1,0,1,0,1,1,0,1,1,1,1,0,0
CHEMBL2973_44,38,36,-1,-1,-1,2.076923076923077,2.9078551032978157,3.0209800724420117,7.445740805400085,0.1110456110603543,0.11825676191202236,1.7237880573676876,3.4473857993638974,0.1901958204714628,0.09543016412078804,-0.2868927806043487,-0.969956946640087,8.092105263157896,4.240813492319483,-0.160547667270536,-0.7854053076874101,0.023589378852536747,0.06629376471587976,3.3437805329358055,10.20648539898423,0.8157894736842105,0.3876557858593746,-1.6292261599251139,0.6543778801843323,2.076923076923077,2.9078551032978157,3.0209800724420117,7.445740805400085,2.0,0.0,0,0,1.894736842105263,2.50041547794099,3.4931116147475514,11.11636617551185,0.0,0.0,0,0,0.009903094338267637,0.026666441311312468,2.5507253780838006,5.06337899629999,0.03846153846153846,0.04872862746823478,3.0300789687735756,7.486913218695719,0.038461538461538464,0.03160411679255392,2.4881170625682136,5.368821960169358,1.1923076923076923,0.39411349099844606,1.5614401167176535,0.4380952380952392,-0.06780586153724165,72.0,302.0,0.0,202.0,2706.0,24.0,0.0,0.0,0.0,774.0,1036.0,23880.0,0.0,0.0,0.0,0.0,124.0,0.0,0.0,0.0,12.0,0.0,0.0,0.0,0.0,0.0,0.0,0.0,0.0,0.0,0.0,1,1,0,1,1,1,0,0,0,1,1,1,0,0,0,0,1,0,0,0,1,0,0,0,0,0,0,0,0,0,0,6.533333333333333,0.8459051693633013,1.3823750231175294,0.7358512403070883,2.1333333333333333,0.7630348761506397,-0.229430683581219,-1.2537730901462614,0.0,0.0,0,0,3.2666666666666666,0.4422166387140533,1.055289706022173,-0.8863636363636358,0.5,0.5,0.0,-2.0,13.108300000000005,1.7910221132079867,1.6137061859583988,1.907336910284899,0.7333333333333333,1.0306416555826872,1.2807014007678286,0.3418007387825823,415.42500000000024,106.85000000000001,3.2033000000000014,0,7,0,0,0,0,0,0,0,0,0,0,0,0,0,0,0,0,0,0,0,0,0,0,0,0,1,0,0,0,0,0,0,0,0,0,0,0,0,0,1,0,0,0,1,0,0,0,0,0,0,0,0,0,1,0,0,0,0,0,0,0,0,0,0,0,0,1,0,0,0,1,0,1,1,0,1,0,0,1,0,1,1,0,0,1,0,0,0,1,0,0,0,0,1,1,1,0,1,1,1,0,0,1,1,0,0,1,0,1,0,1,1,0,0,0,1,0,0,1,0,0,1,1,1,1,1,1,1,0,0,0,1,1,0,1,1,1,1,1,0,0,1,1,1,0,1,1,1,0,1,1,1,1,0,1,1,1,1,1,1,1,1,1,1,1,1,1,0,0
CHEMBL2973_45,34,34,-1,-1,-1,2.272727272727273,2.815247739491276,2.654214813309616,5.420573003030402,0.1169254944237028,0.12545992770464598,1.4833674005772892,2.2580959260648283,0.1889328905222468,0.09693050743490597,-0.17136105920582148,-1.1483649216521352,7.146078431372549,3.820515780683261,-0.06694630132242327,-0.9425319019244682,0.02122326203208556,0.057300223119843556,3.3867367002365505,10.312984469607365,0.7941176470588235,0.40434491426080943,-1.454785934906616,0.11640211640211628,2.272727272727273,2.815247739491276,2.654214813309616,5.420573003030402,2.0,0.0,0,0,2.0,2.388698882852583,3.159205962187006,8.948241045807206,0.0,0.0,0,0,0.04346651486499539,0.09852710258508866,3.1211047896351922,10.913274820523565,0.04545454545454546,0.05119772020212418,2.6845444999537236,5.534273081646656,0.04545454545454544,0.02393858607977984,1.150202658534581,0.5337080950711663,1.3636363636363635,0.4810456929208346,0.5669467095138417,-1.678571428571427,0.052485649106284914,68.0,262.0,0.0,246.0,2046.0,56.0,0.0,0.0,0.0,864.0,1122.0,15960.0,0.0,0.0,0.0,0.0,242.0,0.0,0.0,0.0,48.0,0.0,0.0,0.0,0.0,0.0,0.0,0.0,0.0,0.0,36.0,1,1,0,1,1,1,0,0,0,1,1,1,0,0,0,0,1,0,0,0,1,0,0,0,0,0,0,0,0,0,1,6.28,0.6013318551349164,1.9973363071430514,2.639086850967182,2.16,0.5425863986500215,0.09134990761770716,0.05505671077504726,0.0,0.0,0,0,3.2,0.39999999999999997,1.4999999999999991,0.24999999999999778,0.72,0.448998886412873,-0.9799578870122222,-1.0396825396825407,12.56956,1.1993432229349532,1.9961613666687112,2.6334594661775323,0.84,0.7310266752998826,0.871876897241291,1.1152604969701319,335.40700000000004,67.27,3.687800000000002,1,7,0,0,0,0,0,0,0,0,0,0,0,0,0,0,0,0,0,0,0,0,0,0,0,0,0,0,0,0,0,0,0,0,0,0,0,0,0,0,1,0,0,0,0,0,0,0,0,0,0,0,0,0,0,0,1,0,0,0,0,0,0,0,1,0,0,1,0,0,0,0,0,0,0,0,0,0,0,1,0,0,1,0,1,0,0,0,0,0,0,0,0,0,0,0,0,1,0,0,1,0,1,0,0,0,1,0,0,0,0,1,0,0,0,1,1,0,0,0,0,0,1,1,0,0,0,1,1,1,0,0,0,1,1,1,0,1,0,1,1,1,0,0,1,1,0,1,0,0,0,0,0,1,1,1,0,1,1,1,1,1,1,1,1,1,1,1,0,0
CHEMBL2973_46,39,37,-1,-1,-1,2.16,3.1199999999999997,3.0595761897537055,7.887389499018994,0.10794132803624554,0.11827804252183612,1.9213050705877435,5.2289702781991405,0.17856549876558633,0.09908282068785229,-0.20868503478650258,-1.1470559223010448,7.743589743589745,4.453278531356817,-0.1088554251310138,-0.9418882956109327,0.0182368603421235,0.05713806058126606,3.6991944118181666,12.78979121945951,0.8205128205128205,0.3837597319768145,-1.6703827619526517,0.7901785714285703,2.16,3.1199999999999997,3.0595761897537055,7.887389499018994,2.0,0.0,0,0,1.8974358974358974,2.599752175515195,3.702415083566863,12.959477206316528,0.0,0.0,0,0,0.025146686811251755,0.08238657726386911,4.938527324117978,25.344034787132752,0.039999999999999994,0.05313622824298485,3.0821018465634245,7.944820368331936,0.039999999999999994,0.023985761551463626,2.3914462198459416,6.18490874248552,1.28,0.448998886412873,0.9799578870122222,-1.0396825396825407,0.06843096798240629,74.0,330.0,0.0,216.0,3240.0,32.0,0.0,0.0,0.0,852.0,1188.0,32064.0,0.0,0.0,0.0,0.0,156.0,0.0,0.0,0.0,12.0,0.0,0.0,0.0,0.0,0.0,0.0,0.0,0.0,0.0,24.0,1,1,0,1,1,1,0,0,0,1,1,1,0,0,0,0,1,0,0,0,1,0,0,0,0,0,0,0,0,0,1,6.708333333333333,2.050999079039828,3.872852920942235,14.58192289499669,2.25,0.7216878364870323,0.24941531628991828,-0.08640000000000025,0.0,0.0,0,0,3.125,0.33071891388307384,2.267786838055363,3.1428571428571432,0.7916666666666666,0.4061164310337068,-1.4363696929192156,0.0631578947368423,13.428333333333333,4.111607417489607,3.879726997202,14.625793340750228,0.625,0.7534642216677135,1.324158989009499,1.8377240972982065,337.40000000000003,60.17,4.441600000000003,0,3,0,0,0,0,0,0,0,0,0,0,0,0,0,0,0,0,0,0,0,0,0,0,0,0,0,0,0,0,0,0,0,0,0,0,0,0,0,0,0,0,0,0,0,0,0,0,0,0,0,0,0,1,0,0,0,1,0,1,1,1,1,1,1,0,1,1,0,1,0,0,0,0,0,1,0,0,0,0,0,0,0,1,0,1,0,0,0,0,1,0,0,0,1,0,0,1,1,0,0,0,0,1,1,0,0,1,0,0,0,0,1,0,1,0,1,0,0,1,0,0,1,1,0,0,1,1,0,0,0,0,1,0,1,0,0,0,1,1,0,0,0,0,0,0,0,1,1,0,1,0,0,0,1,1,0,1,1,0,0,1,1,1,1,1,1,1,0,0
CHEMBL2973_47,39,37,-1,-1,-1,2.074074074074074,3.054152315272341,3.424392590191299,10.573461851211079,0.10670584316077107,0.1193938385193079,2.389449112107672,8.746232434177234,0.19090495484214845,0.09510705601297444,-0.3251239613875036,-0.897233320453652,8.420512820512823,4.3818852398863255,-0.19496650275903193,-0.6408669916156362,0.023963234489550282,0.07302367264618949,3.6305516941660128,12.579413676520309,0.8205128205128205,0.3837597319768145,-1.6703827619526517,0.7901785714285703,2.074074074074074,3.054152315272341,3.424392590191299,10.573461851211079,2.0,0.0,0,0,1.8974358974358974,2.629174305355608,3.937639619749359,15.18782375512507,0.0,0.0,0,0,0.033570892545251516,0.15797063641993195,5.863910767440742,32.91966097763962,0.037037037037037035,0.049686217159867735,3.40092235635247,10.316855459866023,0.037037037037037035,0.019323448660344862,-0.3000907901023272,-1.4456611688677874,1.2592592592592593,0.43822813208145306,1.098700531147071,-0.7928571428571427,1.058918497266189,74.0,336.0,0.0,170.0,3510.0,16.0,0.0,0.0,0.0,564.0,944.0,37920.0,0.0,0.0,0.0,0.0,68.0,0.0,0.0,0.0,0.0,0.0,0.0,0.0,0.0,0.0,0.0,0.0,0.0,0.0,0.0,1,1,0,1,1,1,0,0,0,1,1,1,0,0,0,0,1,0,0,0,0,0,0,0,0,0,0,0,0,0,0,6.24,0.5122499389946279,2.0626363917726858,3.388013087447944,2.16,0.7838367176906171,-0.28864429911702866,-1.320638020833334,0.0,0.0,0,0,3.24,0.4270831300812524,1.2175615550562011,-0.5175438596491255,0.6,0.4898979485566356,-0.40824829046386296,-1.833333333333333,12.489880000000001,1.0219012993435328,2.0608912057176663,3.377657323194927,0.96,1.1128342194594845,0.7754485990314444,-0.835797127576468,336.4390000000001,75.01,3.6387000000000027,0,4,0,0,0,0,0,0,0,0,0,0,0,0,0,0,0,0,0,0,0,0,0,0,0,0,0,0,0,0,0,0,0,0,0,0,0,0,0,0,1,0,0,0,0,0,0,0,0,0,0,0,0,0,0,0,0,0,0,0,0,0,0,0,1,0,0,1,0,0,0,0,0,0,0,0,1,0,0,1,0,0,1,0,0,1,1,1,1,0,0,0,1,1,1,1,0,0,1,1,1,0,0,1,0,0,0,1,0,0,0,0,1,0,0,0,1,0,0,1,0,0,1,1,1,0,0,1,0,0,1,0,0,1,0,1,0,1,0,1,0,0,0,1,1,0,1,1,0,0,1,1,1,1,0,0,1,1,1,0,1,0,1,1,1,1,1,1,0,0
CHEMBL2973_48,37,36,-1,-1,-1,2.16,2.948626799037138,3.026250400922416,7.553031872143508,0.1132135698370062,0.1192045075984475,1.7954847445082662,4.319259682682369,0.1884680068098931,0.09510128753981792,-0.2426268955552435,-1.006897193439545,7.879279279279282,4.143781123935501,-0.1489050138982495,-0.803123466428187,0.023423423423423424,0.06695679083128307,3.5517316209094023,11.589899909795681,0.8108108108108109,0.3916588309780929,-1.5871507864874157,0.5190476190476199,2.16,2.948626799037138,3.026250400922416,7.553031872143508,2.0,0.0,0,0,1.945945945945946,2.5249666408922518,3.526177012788949,11.467522112425547,0.0,0.0,0,0,0.04376152213990052,0.16313710458968,5.432423635883089,28.910001240176346,0.04000000000000001,0.049691222847450756,3.024564467615993,7.472816727946213,0.04000000000000001,0.06416835150558088,3.2282052300419535,9.076628944278042,1.32,0.46647615158762407,0.7717436331412894,-1.4044117647058831,-0.31105290297547916,72.0,304.0,0.0,204.0,2766.0,32.0,0.0,0.0,0.0,770.0,1020.0,25200.0,0.0,0.0,0.0,0.0,142.0,0.0,0.0,0.0,12.0,0.0,0.0,0.0,0.0,0.0,0.0,0.0,0.0,0.0,0.0,1,1,0,1,1,1,0,0,0,1,1,1,0,0,0,0,1,0,0,0,1,0,0,0,0,0,0,0,0,0,0,6.54054054054054,0.9752226244685792,1.5471140970433928,0.8950533387132182,2.2162162162162162,0.809909408852524,-0.10769210752131775,-0.9307865536381263,0.0,0.0,0,0,3.2972972972972974,0.457068500683453,0.8869685939836236,-1.2132867132867131,0.5945945945945946,0.49097032769148513,-0.38533731779422636,-1.8515151515151513,13.170486486486489,2.1578267423074977,1.7320528968168145,1.6949080848467046,0.6486486486486487,0.9362436797669608,1.3433497388369615,0.7195083333333332,511.5000000000003,78.51,6.382720000000006,0,7,0,0,0,0,0,0,0,0,0,0,0,0,0,0,0,0,0,0,0,0,0,0,0,0,0,0,0,0,0,0,0,0,0,0,0,0,0,0,1,0,0,0,1,0,0,0,0,0,0,0,0,0,0,0,0,0,0,0,0,0,0,0,1,0,0,1,0,0,0,0,0,0,0,0,0,1,0,1,0,1,0,0,0,1,0,1,1,0,0,0,0,0,0,1,0,1,1,0,0,0,1,1,0,0,0,1,1,1,0,1,0,1,1,1,1,1,1,0,1,0,1,1,1,1,0,1,1,1,0,0,0,0,1,0,1,0,0,1,1,1,1,1,1,1,1,1,1,1,1,1,1,0,1,1,1,1,1,1,1,1,1,1,1,1,1,1,0,0
CHEMBL2973_49,37,36,-1,-1,-1,2.1538461538461537,3.109443527908882,3.2953726815094124,9.777011306553375,0.1116896167324213,0.12063356307923538,2.01636273605039,5.880339319257521,0.20743874305672474,0.10411253973860374,-0.3442104979214947,-0.8883099913122501,8.490090090090092,4.419458508165597,-0.2168640120483512,-0.6352288515737916,0.023938223938223938,0.0684820581813397,3.8041711027234117,14.42213569436036,0.8108108108108109,0.3916588309780929,-1.5871507864874157,0.5190476190476199,2.1538461538461537,3.109443527908882,3.2953726815094124,9.777011306553375,2.0,0.0,0,0,1.945945945945946,2.70081014818473,3.777844696498554,13.943567078428106,0.0,0.0,0,0,0.0202009702009702,0.04833199180269242,2.148416405571542,2.897595809399448,0.038461538461538464,0.05024732518172102,3.329941552577872,10.03498624231796,0.03846153846153845,0.04052963858615408,3.2713057113946924,10.742125959064696,1.2307692307692308,0.42132504423474315,1.278019300845387,-0.3666666666666676,-2.424666412385902,72.0,338.0,0.0,262.0,3516.0,48.0,0.0,0.0,0.0,1052.0,1500.0,37920.0,0.0,0.0,0.0,0.0,258.0,0.0,0.0,0.0,48.0,0.0,0.0,0.0,0.0,0.0,0.0,0.0,0.0,0.0,0.0,1,1,0,1,1,1,0,0,0,1,1,1,0,0,0,0,1,0,0,0,1,0,0,0,0,0,0,0,0,0,0,6.606060606060606,1.9059618416383501,4.904896795095899,23.817429029741728,2.1818181818181817,0.7158188976374373,0.2130324710970945,-0.14516129032258052,0.0,0.0,0,0,3.4242424242424243,0.4942274675848512,0.30656966974248245,-1.9060150375939848,0.45454545454545453,0.49792959773196915,0.1825741858350553,-1.9666666666666663,13.26560606060606,4.050351349813121,4.970118377958599,24.29925436390233,0.9696969696969697,0.9369469596206247,0.502320752287635,-0.857272281647731,470.0210000000002,103.17000000000002,3.1083000000000016,1,8,0,0,0,0,0,0,0,0,0,0,0,0,0,0,0,0,0,0,0,0,0,0,0,0,0,0,0,0,0,0,0,0,0,0,0,0,0,0,1,0,0,0,0,0,0,0,0,0,0,0,0,0,0,0,1,0,0,0,0,0,0,0,1,0,0,1,1,0,0,0,0,0,0,0,1,1,0,1,0,1,1,0,0,1,1,1,1,1,0,0,1,1,1,1,0,1,1,0,1,0,1,1,0,1,1,1,0,1,1,0,1,1,1,0,0,1,1,1,1,0,1,1,1,0,0,1,0,0,1,1,0,1,0,1,1,1,0,1,1,0,0,0,1,0,0,1,0,1,1,1,0,1,0,1,1,1,1,0,1,0,1,1,1,1,1,1,0,1
CHEMBL2973_50,36,34,-1,-1,-1,2.0833333333333335,2.767620317569269,2.75566135621894,6.005671501690353,0.1175644528242815,0.11813711190775349,1.5893951490749207,2.9141806574966846,0.18863809419444977,0.09415695873843088,-0.27037159058143356,-0.9403651017589141,7.560185185185186,3.9487267008871405,-0.14082158222704402,-0.7901760175883652,0.022408963585434174,0.06611999180648767,3.1147628762560213,8.400996738353015,0.8055555555555556,0.3957724124659724,-1.544097293955913,0.3842364532019724,2.0833333333333335,2.767620317569269,2.75566135621894,6.005671501690353,2.0,0.0,0,0,1.8888888888888888,2.366171048782984,3.214901657953887,9.328725859996181,0.0,0.0,0,0,0.01627943027317488,0.05720553410584918,4.807357618850933,23.349362412730624,0.041666666666666664,0.050949785434325476,2.801571198811385,6.209687077892463,0.041666666666666664,0.04472141974169123,2.794727649073396,6.246544077587972,1.25,0.4330127018922193,1.1547005383792515,-0.6666666666666665,-1.4493553192073,68.0,262.0,0.0,188.0,2064.0,16.0,0.0,0.0,0.0,470.0,936.0,15984.0,0.0,0.0,0.0,0.0,62.0,0.0,0.0,0.0,0.0,0.0,0.0,0.0,0.0,0.0,0.0,0.0,0.0,0.0,12.0,1,1,0,1,1,1,0,0,0,1,1,1,0,0,0,0,1,0,0,0,0,0,0,0,0,0,0,0,0,0,1,6.28125,0.5719689130538477,1.9130697367243688,2.531432390287369,2.125,0.649519052838329,-0.12830005981991682,-0.6666666666666665,0.0,0.0,0,0,3.09375,0.45821494683172437,0.352099403168477,1.4210924824229316,0.5625,0.49607837082461076,-0.25197631533948484,-1.9365079365079365,12.572125,1.1408988712304875,1.91157094928179,2.523899106070534,0.78125,0.8190839013800723,1.1045863638298032,1.010087526935032,427.5080000000001,97.25999999999999,4.193880000000002,0,7,0,0,0,0,0,0,0,0,0,0,0,0,0,0,0,0,0,0,0,0,0,0,0,0,0,0,0,0,0,0,0,0,0,0,0,0,0,1,0,0,0,1,0,1,0,0,0,0,0,0,0,0,0,0,0,0,0,0,0,0,0,0,0,0,0,0,0,0,0,0,0,0,0,0,1,0,0,1,0,0,0,0,1,0,0,1,1,0,0,0,1,0,1,1,0,0,0,0,0,0,1,0,0,0,0,0,1,0,0,0,1,0,0,0,0,1,0,1,0,0,0,0,1,0,0,1,0,0,0,0,0,1,0,1,0,1,1,0,1,0,0,0,1,0,0,1,0,0,1,1,0,1,0,1,1,1,1,0,1,1,1,1,1,1,1,1,0,1
CHEMBL2973_51,37,35,-1,-1,-1,2.08,2.965400478856102,2.9593269382069516,7.032254899156511,0.11346521686499632,0.118965001529048,1.6947348954485386,3.337635914720832,0.1915676712970554,0.09675411761944444,-0.2650957549363879,-0.994331137942102,7.912612612612614,4.165551932695722,-0.14505297473565357,-0.7958300798950302,0.02265122265122265,0.0661343157030906,3.4290666385317525,10.710500978869687,0.8108108108108109,0.3916588309780929,-1.5871507864874157,0.5190476190476199,2.08,2.965400478856102,2.9593269382069516,7.032254899156511,2.0,0.0,0,0,1.8918918918918919,2.5339189153155077,3.4504571636876773,10.761688002578172,0.0,0.0,0,0,0.010229245595099253,0.02705267425464499,2.4861100901968336,4.7186576770612785,0.039999999999999994,0.05188331680690846,2.9709617647298576,7.081140868804374,0.04,0.06260142407926096,3.0336474917010388,7.343867501081402,1.2,0.4,1.5000000000000004,0.2500000000000009,0.9079178485081113,70.0,300.0,0.0,198.0,2706.0,24.0,0.0,0.0,0.0,730.0,1034.0,23880.0,0.0,0.0,0.0,0.0,124.0,0.0,0.0,0.0,12.0,0.0,0.0,0.0,0.0,0.0,0.0,0.0,0.0,0.0,0.0,1,1,0,1,1,1,0,0,0,1,1,1,0,0,0,0,1,0,0,0,1,0,0,0,0,0,0,0,0,0,0,6.828571428571428,1.9926395170471647,3.8771034985322346,16.549924559870583,2.1142857142857143,0.784544583871199,0.15156395184405316,-0.6519535070253086,0.0,0.0,0,0,3.2857142857142856,0.45175395145262565,0.9486832980505148,-1.0999999999999994,0.5142857142857142,0.4997958767010257,-0.05716619504750267,-1.9967320261437904,13.79257142857143,4.2913749530605125,3.7875705351044777,15.757236241848805,0.6571428571428571,0.826104702560055,1.3165742283537054,1.3125329090451219,505.9240000000001,70.67,5.482500000000004,0,8,0,0,0,0,0,0,0,0,0,0,0,0,0,0,0,0,0,0,0,0,0,0,0,0,0,0,0,0,0,0,0,0,0,0,0,0,0,0,0,0,0,0,1,0,0,0,0,0,0,0,0,0,0,0,0,0,0,0,0,0,0,0,0,0,0,0,0,0,0,0,0,0,0,0,1,0,0,0,0,0,0,0,1,0,0,1,1,1,0,0,0,0,1,1,0,0,0,0,0,0,1,0,0,1,0,0,1,1,0,0,1,0,1,1,0,1,0,1,0,0,0,0,1,0,0,1,1,1,0,0,0,1,0,1,1,1,1,0,1,0,0,0,1,1,1,1,1,0,1,1,1,1,1,1,1,1,1,1,1,1,1,1,1,1,1,1,0,1
CHEMBL2973_52,38,36,-1,-1,-1,2.076923076923077,2.9210519301611577,3.0720968389095957,7.8835326571009166,0.1129265698679672,0.11646192206699721,1.9433752200894592,5.411572643729306,0.1904174228588774,0.09464171309108238,-0.31992782518238194,-0.8973928768787798,8.125438596491227,4.217529446511846,-0.19460089617866796,-0.7097676121501602,0.02335229966808914,0.07088948430640221,3.3856325605710933,10.50839675465219,0.8157894736842105,0.3876557858593746,-1.6292261599251139,0.6543778801843323,2.076923076923077,2.9210519301611577,3.0720968389095957,7.8835326571009166,2.0,0.0,0,0,1.894736842105263,2.510917987763487,3.5502524541102556,11.6942528593623,0.0,0.0,0,0,0.03438176435475216,0.16011142496681238,5.765957160101861,31.815797328100473,0.03846153846153847,0.04958537924156788,3.0714899242605,7.775326810441349,0.03846153846153856,5.16489831147646,-3.102312308961594,8.936665474377543,1.2692307692307692,0.4435600997950306,1.0405319634289447,-0.917293233082705,0.2437257413987805,72.0,304.0,0.0,184.0,2772.0,16.0,0.0,0.0,0.0,536.0,974.0,25200.0,0.0,0.0,0.0,0.0,64.0,0.0,0.0,0.0,0.0,0.0,0.0,0.0,0.0,0.0,0.0,0.0,0.0,0.0,0.0,1,1,0,1,1,1,0,0,0,1,1,1,0,0,0,0,1,0,0,0,0,0,0,0,0,0,0,0,0,0,0,6.714285714285714,1.9059520091609046,4.125792971225535,17.157618987501582,2.2142857142857144,0.6185895741317419,-0.1755144818336467,-0.5642666666666671,0.0,0.0,0,0,3.2142857142857144,0.410325903324145,1.3926212476455813,-0.06060606060606233,0.6071428571428571,0.48838551182776235,-0.4387634544762778,-1.8074866310160436,13.439714285714288,3.8207018134027124,4.133995591096511,17.213122229080586,0.7142857142857143,0.8806305718527109,1.2166606584807191,0.7867036011080342,396.4720000000001,76.58000000000001,3.0452000000000012,1,5,0,0,0,0,0,0,0,0,0,0,0,0,0,0,0,0,0,0,0,0,0,0,0,0,0,0,0,0,0,0,0,0,0,0,0,0,1,0,0,0,0,0,0,0,0,0,0,1,0,0,0,0,0,0,0,0,0,1,0,0,0,0,1,0,0,1,0,0,0,0,0,0,1,0,1,0,0,1,0,0,1,1,0,1,0,1,1,0,1,1,1,1,1,1,0,1,1,1,1,0,1,1,0,0,0,1,1,0,0,1,1,0,0,1,0,1,0,1,0,0,1,1,1,0,0,1,0,0,0,0,0,0,1,1,0,1,0,1,1,0,0,0,1,0,1,1,1,0,1,1,1,1,1,1,1,1,1,1,1,1,1,1,1,1,1,1,0,1
CHEMBL2973_53,38,36,-1,-1,-1,2.076923076923077,2.9078551032978157,3.1148355483400754,8.081340188566239,0.11283984179863851,0.11654595478412125,1.921752647210442,5.253498539975405,0.19063905031282166,0.09439037526080499,-0.35527851571362895,-0.9362894747580794,8.138596491228073,4.2168835414430115,-0.21688472097234024,-0.7351253160071285,0.023273273273273273,0.06786064670913072,3.5405225200306463,11.699642409427183,0.8157894736842105,0.3876557858593746,-1.6292261599251139,0.6543778801843323,2.076923076923077,2.9078551032978157,3.1148355483400754,8.081340188566239,2.0,0.0,0,0,1.894736842105263,2.50041547794099,3.594113880900844,11.94125812295876,0.0,0.0,0,0,0.003973617094828045,0.012114471026796834,2.9266488714272554,7.045584100857335,0.03846153846153848,0.049201905433240406,3.128410904737434,8.136816130487253,0.03846153846153845,0.023294384641551986,-0.5011380360138304,0.1462004769660723,1.2692307692307692,0.4435600997950306,1.0405319634289447,-0.9172932330827055,0.28020250229563015,72.0,302.0,0.0,160.0,2766.0,8.0,0.0,0.0,0.0,536.0,798.0,25200.0,0.0,0.0,0.0,0.0,40.0,0.0,0.0,0.0,0.0,0.0,0.0,0.0,0.0,0.0,0.0,0.0,0.0,0.0,24.0,1,1,0,1,1,1,0,0,0,1,1,1,0,0,0,0,1,0,0,0,0,0,0,0,0,0,0,0,0,0,1,6.35,0.47696960070847283,0.6289709020331534,-1.604395604395602,2.2,0.6,-0.11111111111111194,-0.44444444444444464,0.0,0.0,0,0,3.35,0.4769696007084728,0.6289709020331506,-1.604395604395604,0.55,0.49749371855331,-0.20100756305184272,-1.9595959595959593,12.709599999999998,0.9520313230141121,0.6289709020331542,-1.6043956043956018,0.95,0.9733961166965891,0.4252987676490554,-1.2019270264061093,273.3440000000001,86.96,0.5908,0,2,0,0,0,0,0,0,0,0,0,0,0,0,0,0,0,0,0,0,0,1,0,0,0,0,0,0,0,0,0,0,0,0,0,0,0,0,0,0,1,0,0,0,0,0,0,0,0,0,0,0,0,0,1,0,0,0,0,0,0,0,0,0,1,0,0,1,0,0,0,1,0,0,0,0,0,1,0,1,0,1,1,0,0,1,1,1,1,0,0,0,0,1,0,1,1,0,1,0,1,0,1,0,0,0,0,0,0,0,1,0,0,1,0,0,0,1,1,0,1,0,1,1,1,0,1,1,0,0,1,1,0,1,0,1,0,1,0,1,1,0,0,0,1,0,1,0,0,1,1,0,1,1,0,1,0,0,1,0,1,0,1,1,1,1,0,1,0,1
CHEMBL2973_54,36,33,-1,-1,-1,2.090909090909091,2.7453943400984544,2.8177900941542453,6.556159106648204,0.11066938619181806,0.12461968037875878,1.8626467894314351,4.962922326007058,0.1657518633604054,0.09107327371606706,-0.107483856743278,-1.1197252955874726,6.657407407407407,3.830251265902164,0.0020932396095914543,-0.9315266259180524,0.01839402427637722,0.055028888701282336,3.3256900883172187,10.129282181085367,0.8055555555555556,0.3957724124659724,-1.544097293955913,0.3842364532019724,2.090909090909091,2.7453943400984544,2.8177900941542453,6.556159106648204,2.0,0.0,0,0,1.8333333333333333,2.266911751455907,3.4257027256479033,11.133791088385683,0.0,0.0,0,0,0.021949820386128548,0.08348890351925102,5.219711302084183,26.877596146786985,0.045454545454545456,0.05488277252600354,2.837853091860339,6.565151048276679,0.04545454545454546,0.026922747505880664,-0.0812058759721053,-0.4148491648522512,1.2727272727272727,0.44536177141512334,1.020620726159657,-0.9583333333333353,-0.8830782739935509,66.0,240.0,0.0,142.0,1890.0,16.0,0.0,0.0,0.0,414.0,648.0,15024.0,0.0,0.0,0.0,0.0,58.0,0.0,0.0,0.0,0.0,0.0,0.0,0.0,0.0,0.0,0.0,0.0,0.0,0.0,12.0,1,1,0,1,1,1,0,0,0,1,1,1,0,0,0,0,1,0,0,0,0,0,0,0,0,0,0,0,0,0,1,6.933333333333334,2.719477073916152,3.3518592874376028,9.527452096431213,2.2,0.653197264742181,-0.2296396633859236,-0.7265625000000018,0.0,0.0,0,0,3.4,0.48989794855663565,0.4082482904638634,-1.8333333333333328,0.5333333333333333,0.49888765156985887,-0.13363062095621214,-1.982142857142857,13.973000000000004,5.795042432976658,3.3665555606877384,9.593654495264392,0.8666666666666667,0.9213516640723501,0.5224132883236908,-1.0659247279405706,445.39800000000014,70.31,4.235200000000002,0,6,0,0,0,0,0,0,0,0,0,0,0,0,0,0,0,0,0,0,0,0,0,0,0,0,0,0,0,0,0,0,0,0,0,0,0,0,0,0,1,0,0,0,0,0,0,0,0,0,0,0,0,0,0,0,0,0,0,0,0,0,0,0,1,0,0,1,0,0,0,0,0,0,0,0,0,1,0,1,0,1,1,0,1,0,1,1,1,1,0,0,1,0,0,1,0,0,0,0,1,0,1,1,0,1,1,1,0,1,0,0,0,1,0,0,0,1,1,0,1,0,1,1,1,0,0,1,0,0,1,1,0,1,0,1,1,1,0,1,1,0,0,0,1,0,1,1,0,1,1,0,1,1,0,1,0,1,1,0,1,0,1,1,1,1,0,1,0,0
CHEMBL2973_55,36,35,-1,-1,-1,2.1666666666666665,2.953340857778225,3.156129181920772,8.949642987545136,0.1110163613384823,0.1243106805264187,1.910002396445711,5.159204210999283,0.19368618308215046,0.10006163874988924,-0.19716879013143238,-1.0461324441137758,7.705555555555555,4.131837767063626,-0.07422904977816823,-0.7871676538085937,0.02184873949579832,0.06115045465229878,3.7986694338495783,14.547301021097248,0.8055555555555556,0.39577241246597245,-1.5440972939559132,0.3842364532019702,2.1666666666666665,2.953340857778225,3.156129181920772,8.949642987545136,2.0,0.0,0,0,1.9444444444444444,2.515998194272056,3.6834764636159556,13.435065983201163,0.0,0.0,0,0,0.02313818481322068,0.05464534157136601,2.118853003355791,2.7752122124052434,0.041666666666666664,0.05130643993806692,3.1970981126034994,9.24352940319075,0.041666666666666664,0.02847046073401018,-0.29553940747976604,-0.7456739736690388,1.25,0.4330127018922193,1.1547005383792515,-0.6666666666666665,-0.22678479318956818,70.0,294.0,0.0,240.0,2754.0,48.0,0.0,0.0,0.0,872.0,1260.0,27168.0,0.0,0.0,0.0,0.0,234.0,0.0,0.0,0.0,48.0,0.0,0.0,0.0,0.0,0.0,0.0,0.0,0.0,0.0,0.0,1,1,0,1,1,1,0,0,0,1,1,1,0,0,0,0,1,0,0,0,1,0,0,0,0,0,0,0,0,0,0,6.230769230769231,0.42132504423474315,1.278019300845387,-0.3666666666666676,2.3076923076923075,0.5384615384615384,0.06997084548105081,-0.6505622657226153,0.0,0.0,0,0,3.230769230769231,0.4213250442347432,1.2780193008453868,-0.36666666666666936,0.7307692307692307,0.4435600997950306,-1.040531963428944,-0.9172932330827068,12.471615384615387,0.8409647882925475,1.2780193008453788,-0.3666666666666818,0.7692307692307693,0.8461538461538463,0.8384673178061607,-0.13619288299979626,344.42200000000014,60.94,2.924900000000001,0,2,0,0,0,0,0,0,0,0,0,0,0,0,0,0,0,0,0,0,0,0,0,0,0,0,0,0,0,0,0,0,0,0,0,0,0,0,0,0,1,0,0,0,0,0,0,0,0,0,0,0,0,0,1,0,0,0,0,0,0,0,0,0,1,0,0,1,0,0,0,1,0,0,0,0,0,1,0,1,0,1,1,0,0,1,0,1,1,0,0,0,0,0,0,1,1,0,1,0,1,0,1,1,0,0,0,1,0,0,0,0,0,1,0,0,0,1,1,0,1,0,1,1,1,0,1,1,0,0,1,1,0,0,0,1,0,1,0,1,1,0,0,0,1,0,0,1,0,1,1,0,0,1,0,1,0,0,1,0,1,0,1,1,1,1,0,1,0,1
CHEMBL2973_56,38,37,-1,-1,-1,2.1538461538461537,3.0469695877443628,3.1659057674121382,8.533488831775305,0.1116563552055222,0.11768027793943413,1.9315691749715498,5.21556673579483,0.1915669931380374,0.09666105029266288,-0.2761111083700486,-0.9778930317153884,8.217543859649126,4.3092803217418085,-0.18042804413863375,-0.7529291513564145,0.023352299668089136,0.06843208589440482,3.6656505242664426,12.561275932840418,0.8157894736842105,0.3876557858593746,-1.629226159925114,0.6543778801843323,2.1538461538461537,3.0469695877443628,3.1659057674121382,8.533488831775305,2.0,0.0,0,0,1.9473684210526316,2.615212262906283,3.67679188505054,12.710650215774004,0.0,0.0,0,0,0.04299724466445617,0.16126700345484146,5.490067908671937,29.64109105765168,0.038461538461538464,0.04985754350548688,3.2295652625305595,9.007605088166084,0.038461538461538464,0.015938525419151632,0.051214883402508155,0.4625821402814263,1.3076923076923077,0.4615384615384615,0.8333333333333337,-1.3055555555555551,1.2186448342472553,74.0,330.0,0.0,208.0,3234.0,32.0,0.0,0.0,0.0,822.0,1074.0,32064.0,0.0,0.0,0.0,0.0,144.0,0.0,0.0,0.0,12.0,0.0,0.0,0.0,0.0,0.0,0.0,0.0,0.0,0.0,0.0,1,1,0,1,1,1,0,0,0,1,1,1,0,0,0,0,1,0,0,0,1,0,0,0,0,0,0,0,0,0,0,6.318181818181818,0.5548434370788047,1.550492628096438,1.434079545966397,2.090909090909091,0.6680426571226848,-0.10584214937951969,-0.7716049382716048,0.0,0.0,0,0,3.3181818181818183,0.46577048936179993,0.7807200583588255,-1.3904761904761915,0.5,0.5,0.0,-2.0,12.645909090909093,1.1069165571364494,1.5487750853446391,1.4256386227676003,1.0454545454545454,1.0214638661020106,0.676743593046155,-0.6689304970100967,301.394,64.26,2.1742,0,6,0,0,0,0,0,0,0,0,0,0,0,0,0,0,0,0,0,0,0,0,0,0,0,0,0,0,0,0,0,0,0,0,0,0,0,0,0,1,0,0,0,0,0,0,0,0,0,0,0,0,0,0,1,0,0,0,0,0,0,0,0,0,1,0,0,1,0,0,0,1,0,0,0,0,1,0,0,1,0,0,1,0,0,1,0,1,1,0,0,0,1,1,0,1,1,0,1,0,0,0,1,0,0,0,0,0,1,0,1,0,1,1,0,0,0,1,1,1,1,0,1,1,1,0,1,1,0,0,0,0,0,1,0,1,0,1,0,1,1,0,0,1,1,0,0,0,0,1,1,1,0,1,0,1,1,1,1,0,1,0,1,1,1,1,1,1,0,1
CHEMBL2973_57,37,34,-1,-1,-1,2.0,2.7129319932501073,2.992911446948591,7.423558601134214,0.1118504292605079,0.12048447410877114,1.8183757024371348,4.376580616298507,0.17976761099902686,0.08855415819792031,-0.26136112982358567,-0.962981745780636,7.566666666666667,3.9381021633076827,-0.11468203650618392,-0.7555046868640378,0.025396825396825397,0.06992920831675746,3.118716411750554,8.76818509043397,0.8108108108108109,0.3916588309780929,-1.5871507864874157,0.5190476190476199,2.0,2.7129319932501073,2.992911446948591,7.423558601134214,2.0,0.0,0,0,1.837837837837838,2.3309146043178743,3.4358393278031087,10.933689893276398,0.0,0.0,0,0,0.003732271166481692,0.011276656048817724,3.051210216340548,8.546637680357183,0.04,0.049217548967070944,3.0073053527195635,7.536764579089603,0.04,0.025371439550955093,1.774757085142089,3.9798988854510657,1.16,0.36660605559646714,1.8548520670059365,1.4404761904761942,1.9445690832468001,68.0,258.0,0.0,140.0,2106.0,8.0,0.0,0.0,0.0,420.0,658.0,17040.0,0.0,0.0,0.0,0.0,38.0,0.0,0.0,0.0,0.0,0.0,0.0,0.0,0.0,0.0,0.0,0.0,0.0,0.0,0.0,1,1,0,1,1,1,0,0,0,1,1,1,0,0,0,0,1,0,0,0,0,0,0,0,0,0,0,0,0,0,0,6.24,0.4270831300812524,1.217561555056201,-0.5175438596491255,2.24,0.5122499389946279,0.27711319944868384,-0.23706127305175695,0.0,0.0,0,0,3.44,0.4963869458396342,0.24174688920761445,-1.9415584415584413,0.48,0.4995998398718719,0.08006407690254361,-1.993589743589744,12.49004,0.8524579276421801,1.217561555056198,-0.5175438596491295,1.04,0.9156418513807678,0.23359911896605215,-1.1743779500029137,338.4590000000003,57.18,2.327,0,4,0,0,0,0,0,0,0,0,0,0,0,0,0,0,0,0,0,0,0,0,0,0,0,0,0,0,0,0,0,0,0,0,0,0,0,0,0,0,1,0,0,0,0,0,0,0,0,0,0,0,0,0,0,0,0,0,0,0,0,0,0,0,1,0,0,1,0,0,0,0,0,0,0,0,0,1,0,1,0,1,1,0,0,1,0,1,1,0,0,0,1,0,0,1,0,0,1,0,1,0,1,0,0,0,1,0,0,0,1,0,0,1,0,0,0,0,1,0,1,0,1,1,1,0,0,1,0,0,1,1,0,0,0,1,0,1,0,1,1,0,0,0,1,0,1,1,0,1,1,0,1,1,0,1,0,0,1,0,1,0,1,1,1,1,0,1,0,1
CHEMBL2973_58,35,32,-1,-1,-1,2.0,2.5194892512087685,2.8707710139500175,6.68727716269469,0.11330182517153692,0.12543574045792155,1.7356402759945968,3.93230638170695,0.17058484579898361,0.08335766638748669,-0.16240074824669296,-0.9999675431673554,6.864353741496598,3.5741043711152267,-0.029596294045855797,-0.7923235384209972,0.02643239113827349,0.06780883578549946,3.0670442900114425,8.563556248751079,0.8,0.4,-1.5,0.24999999999999956,2.0,2.5194892512087685,2.8707710139500175,6.68727716269469,2.0,0.0,0,0,1.8285714285714285,2.1578522958284805,3.292848114530795,9.958170271003935,0.0,0.0,0,0,0.005588802237536694,0.015952268239512773,2.638168608952532,5.317014310540742,0.0434782608695652,0.04931605395506223,2.8709678372115612,6.721900750569523,0.04347826086956523,0.02157973114350937,0.05288164834585272,-0.16158308243364283,1.173913043478261,0.3790346907426672,1.720618004029213,0.9605263157894743,-0.051834746332296254,64.0,216.0,0.0,110.0,1554.0,8.0,0.0,0.0,0.0,340.0,438.0,11064.0,0.0,0.0,0.0,0.0,32.0,0.0,0.0,0.0,0.0,0.0,0.0,0.0,0.0,0.0,0.0,0.0,0.0,0.0,0.0,1,1,0,1,1,1,0,0,0,1,1,1,0,0,0,0,1,0,0,0,0,0,0,0,0,0,0,0,0,0,0,10.692307692307692,10.380341000657966,1.9067754462306545,1.6565869179542725,2.0,0.6793662204867574,0.0,-0.8333333333333335,0.0,0.0,0,0,3.4615384615384617,0.49851851526214314,0.15430334996209108,-1.976190476190477,0.46153846153846156,0.49851851526214314,0.15430334996209166,-1.9761904761904765,22.916384615384615,24.325913187186465,1.910050768915486,1.6635935668601851,0.8461538461538461,0.9483713850721502,0.851662460936503,-0.3237534626038774,309.001,21.259999999999998,2.809800000000001,0,4,0,0,0,0,0,0,0,0,0,0,0,0,0,0,0,0,0,0,0,0,0,0,0,0,0,0,0,0,0,0,0,0,0,0,0,0,0,0,0,0,0,0,0,0,0,0,1,0,0,0,0,0,0,0,0,0,0,0,0,0,0,0,0,0,0,0,0,0,0,0,0,0,0,0,0,0,0,0,0,0,0,0,1,0,0,0,1,1,0,0,0,0,0,1,0,1,0,0,0,0,1,0,0,0,1,0,0,1,0,1,0,1,0,1,0,1,1,0,1,0,0,0,0,0,0,0,1,1,0,0,0,0,1,0,1,0,0,0,1,0,0,0,0,1,1,0,0,1,0,0,1,1,1,1,0,1,0,1,1,0,1,1,1,1,1,1,0,0
CHEMBL2973_59,39,37,-1,-1,-1,2.074074074074074,2.9929042741980623,3.11981365172675,8.071420396849037,0.11286242909922468,0.1135918031323041,1.8104891175352396,4.27464123323416,0.19241375222037652,0.09521890457497226,-0.3638863946045291,-0.8755810866274012,8.435897435897438,4.3608781664526015,-0.23297996135992366,-0.6976398862768871,0.023452602399970823,0.07142278638683114,3.4283821346650716,10.785757050336628,0.8205128205128205,0.3837597319768145,-1.6703827619526517,0.7901785714285703,2.074074074074074,2.9929042741980623,3.11981365172675,8.071420396849037,2.0,0.0,0,0,1.8974358974358974,2.5799510211497982,3.5983457158822647,11.887885673983966,0.0,0.0,0,0,0.019198398476844358,0.08015476108262803,5.54356802459986,30.215819479673605,0.03703703703703703,0.04898566072834763,3.154452213857522,8.260868658742595,0.03703703703703704,0.034135368593385125,-1.5297620517670951,2.766239519680349,1.2222222222222223,0.41573970964154905,1.336306209562121,-0.21428571428571663,1.0317792302349724,74.0,326.0,0.0,190.0,3102.0,16.0,0.0,0.0,0.0,604.0,1016.0,29160.0,0.0,0.0,0.0,0.0,66.0,0.0,0.0,0.0,0.0,0.0,0.0,0.0,0.0,0.0,0.0,0.0,0.0,0.0,12.0,1,1,0,1,1,1,0,0,0,1,1,1,0,0,0,0,1,0,0,0,0,0,0,0,0,0,0,0,0,0,1,6.487179487179487,0.8124604880899929,1.1888332831254436,-0.42912414088665374,2.1538461538461537,0.7351421121452028,-0.24975404539900228,-1.1242207895998726,0.0,0.0,0,0,3.358974358974359,0.4796996649710181,0.5879747322073333,-1.6542857142857146,0.4358974358974359,0.49587383604650553,0.2585438449975096,-1.9331550802139037,12.982589743589747,1.6201434048264065,1.188448172915752,-0.4300966731561795,0.8461538461538461,0.9483713850721502,0.8516624609365029,-0.32375346260387916,539.5850000000004,154.59,2.6391,1,9,0,0,0,0,0,0,0,0,0,0,0,0,0,0,0,0,0,0,0,0,0,0,0,0,0,0,0,0,0,0,0,0,0,0,0,0,0,0,0,0,0,0,0,0,0,0,0,0,0,0,0,0,0,1,1,0,0,1,0,0,0,0,1,0,0,1,0,0,0,0,0,1,0,0,1,1,0,0,0,1,0,0,1,1,0,1,1,0,0,1,0,0,1,1,1,1,1,1,1,0,1,0,1,0,1,0,0,0,1,1,1,1,0,1,0,0,0,1,1,0,1,1,1,1,1,1,1,1,1,1,0,1,1,0,0,0,1,1,1,1,1,1,1,1,1,1,1,1,1,1,1,1,1,1,1,1,1,1,1,1,1,1,1,1,1,1,0,0
CHEMBL2973_60,36,33,-1,-1,-1,2.0869565217391304,2.796162641880613,2.774482793719823,5.994895740191328,0.11217495491684747,0.1232662048867451,1.6017366769899826,2.7673449014859557,0.1753029952320183,0.09539583017814304,-0.19855841589527715,-1.0975628225651692,7.027777777777778,4.002169550520207,-0.08417018375198017,-0.9238197801169044,0.02054154995331466,0.05760762972421218,3.20316744230217,9.149877870450236,0.8055555555555556,0.3957724124659724,-1.5440972939559128,0.3842364532019724,2.0869565217391304,2.796162641880613,2.774482793719823,5.994895740191328,2.0,0.0,0,0,1.8333333333333333,2.3511226632776476,3.3292481115617614,9.942627711421425,0.0,0.0,0,0,0.012066232899566232,0.03122421527050954,2.373181198793798,4.030249595115759,0.043478260869565195,0.052971719957864226,2.789561954890824,6.055302474496527,0.043478260869565216,0.30106045415167976,-2.5859667830142534,5.327148980583171,1.2173913043478262,0.4124709991523974,1.3703203194062967,-0.12222222222222534,1.0773523970041294,66.0,254.0,0.0,164.0,2046.0,24.0,0.0,0.0,0.0,636.0,762.0,15960.0,0.0,0.0,0.0,0.0,112.0,0.0,0.0,0.0,12.0,0.0,0.0,0.0,0.0,0.0,0.0,0.0,0.0,0.0,0.0,1,1,0,1,1,1,0,0,0,1,1,1,0,0,0,0,1,0,0,0,1,0,0,0,0,0,0,0,0,0,0,6.32258064516129,0.6419273787784645,1.7801351606636664,1.7215335169880648,2.129032258064516,0.6595176871051895,-0.14462855531651247,-0.7309013072045065,0.0,0.0,0,0,3.193548387096774,0.5339659792660274,0.1362581947730117,-0.03503116841600562,0.3870967741935484,0.4870860925981129,0.46358632497276514,-1.7850877192982466,12.654483870967745,1.280275672707621,1.779068238330395,1.7170296665346605,0.8387096774193549,0.8834234798470422,0.8813221098629791,0.03764266666666494,418.4970000000002,104.10999999999999,4.077100000000002,2,7,0,0,0,0,0,0,0,0,0,0,0,0,0,0,0,0,0,0,0,0,0,0,0,0,0,0,0,0,0,0,0,0,0,0,0,0,0,0,1,0,0,1,0,0,0,0,0,0,0,0,0,0,0,0,1,0,0,0,0,0,0,0,1,0,0,1,0,0,0,0,0,0,0,0,0,0,0,1,0,1,1,0,1,0,0,0,0,0,0,0,0,1,1,1,0,0,0,1,1,1,1,0,0,0,1,0,0,0,1,0,1,1,0,0,0,0,0,1,0,0,0,1,0,1,0,1,1,0,0,1,0,1,1,1,0,1,1,1,0,0,0,0,1,0,1,1,1,0,0,1,1,1,0,1,1,1,1,1,1,1,1,1,1,1,1,1,0,0
CHEMBL2973_61,37,37,-1,-1,-1,2.24,3.1658174299855006,3.168387508218808,9.016745631547787,0.11235885940016772,0.12001047346511205,1.969638251638971,5.686730590489564,0.20363220729123138,0.10523762721925506,-0.28682395114024906,-1.0328446334554937,8.265765765765767,4.410344695091157,-0.16387704332440461,-0.781344159489767,0.020334620334620336,0.06160486826392531,3.859061462952141,14.529001556678732,0.8108108108108109,0.3916588309780929,-1.5871507864874157,0.5190476190476199,2.24,3.1658174299855006,3.168387508218808,9.016745631547787,2.0,0.0,0,0,2.0,2.701351013344489,3.7183040614957394,13.630205761316873,0.0,0.0,0,0,0.03335211300327579,0.08908221407510268,4.009088058155998,17.563777420497654,0.04,0.05186497686244473,3.209491417043001,9.23525662646257,0.04,0.045425958486501314,3.3863246418450843,10.98974594719461,1.32,0.46647615158762407,0.7717436331412894,-1.4044117647058831,-1.292539991713865,74.0,344.0,0.0,310.0,3522.0,56.0,0.0,0.0,0.0,1094.0,1800.0,37920.0,0.0,0.0,0.0,0.0,292.0,0.0,0.0,0.0,48.0,0.0,0.0,0.0,0.0,0.0,0.0,0.0,0.0,0.0,36.0,1,1,0,1,1,1,0,0,0,1,1,1,0,0,0,0,1,0,0,0,1,0,0,0,0,0,0,0,0,0,1,6.4,0.6845227743263393,1.4323669593651973,0.5957763236168918,2.1714285714285713,0.7362342129557213,0.14798291649762396,-0.35422412541733017,0.0,0.0,0,0,3.342857142857143,0.4746642207381757,0.66212219197173,-1.5615942028985512,0.42857142857142855,0.49487165930539345,0.28867513459481287,-1.9166666666666663,12.808942857142858,1.3652391092061946,1.431246865425589,0.5918490720043557,0.9142857142857143,1.0521115794012554,0.7601353042369278,-0.7635223327329212,480.5690000000003,112.67999999999998,2.6050200000000006,0,8,0,0,0,0,0,0,0,0,0,0,0,0,0,0,0,0,0,0,0,0,0,0,0,0,0,0,0,0,0,0,0,0,0,0,0,0,0,0,1,0,0,0,0,0,0,0,0,0,0,0,0,0,0,0,0,0,0,0,0,0,0,0,1,0,0,1,1,0,0,0,0,0,1,0,1,1,0,1,0,0,1,0,0,1,0,1,1,0,0,0,1,1,1,1,0,0,1,1,1,0,1,1,0,0,0,1,0,0,1,1,1,1,1,1,0,1,1,1,1,0,1,1,1,1,0,1,1,1,1,1,0,1,1,1,0,1,1,1,1,0,1,1,1,1,0,1,1,1,1,1,0,1,1,1,1,1,1,1,1,1,1,1,1,1,1,1,0,1
CHEMBL2973_62,36,37,-1,-1,-1,2.3333333333333335,3.2102267140430367,3.0828587925269986,8.473587085243496,0.11377159706989803,0.12179409459387816,1.8251352816209243,4.692148843793105,0.2060893587450654,0.10782699536201987,-0.26407571262979584,-1.0942752752855511,8.087962962962964,4.360666309785114,-0.13933704709585967,-0.8318504048749022,0.019327731092436976,0.05819252356157144,3.9647230830435,15.393388500316771,0.8055555555555556,0.39577241246597245,-1.5440972939559132,0.3842364532019702,2.3333333333333335,3.2102267140430367,3.0828587925269986,8.473587085243496,2.0,0.0,0,0,2.0555555555555554,2.7278852660424264,3.652784214415477,13.135712320879637,0.0,0.0,0,0,0.04755874500485159,0.10229214076376703,2.755688662905758,8.314239052781655,0.041666666666666664,0.052549527750238224,3.134168449251237,8.77008658557615,0.04166666666666668,0.4139962165280224,-2.7991853358247742,7.071736332014629,1.375,0.4841229182759271,0.5163977794943223,-1.7333333333333334,-0.33508839688773445,74.0,346.0,0.0,356.0,3522.0,88.0,0.0,0.0,0.0,1340.0,2054.0,37920.0,0.0,0.0,0.0,0.0,464.0,0.0,0.0,0.0,120.0,0.0,0.0,0.0,0.0,0.0,0.0,0.0,0.0,0.0,48.0,1,1,0,1,1,1,0,0,0,1,1,1,0,0,0,0,1,0,0,0,1,0,0,0,0,0,0,0,0,0,1,6.363636363636363,0.642824346533225,1.5443212101114216,1.0664000000000042,2.1818181818181817,0.7569694543513209,0.10392933059464861,-0.49593195266272083,0.0,0.0,0,0,3.3333333333333335,0.4714045207910317,0.7071067811865465,-1.500000000000001,0.45454545454545453,0.49792959773196915,0.18257418583505525,-1.9666666666666663,12.736454545454546,1.2821519101343484,1.5430039809852147,1.0611841485894535,0.9090909090909091,1.0549633445775277,0.8011506018631473,-0.6889765709244182,450.5430000000002,103.45000000000002,2.8398200000000005,0,6,0,0,0,0,0,0,0,0,0,0,0,0,0,0,0,0,0,0,0,0,0,0,0,0,0,0,0,0,0,0,0,0,0,0,0,0,0,0,1,0,0,0,0,0,0,0,0,0,0,0,0,0,0,0,0,0,0,0,0,0,0,0,1,0,0,1,1,0,0,0,0,0,0,0,1,1,0,1,0,0,1,0,0,1,0,1,1,0,0,0,1,1,1,1,0,0,1,1,1,0,1,1,0,0,0,1,0,0,1,0,1,1,1,0,0,1,0,1,1,0,1,1,1,1,0,1,1,0,1,1,0,1,0,1,0,1,1,1,1,0,0,1,1,0,0,1,1,1,1,1,0,1,0,1,1,1,1,1,1,1,1,1,1,1,1,1,0,1
CHEMBL2973_63,34,32,-1,-1,-1,2.090909090909091,2.609581835346786,2.616934274977964,5.443547341879546,0.11572385959825032,0.1265691630120339,1.5985457280462645,2.8731209777458515,0.18428189705883327,0.09316538777534114,-0.15758175781564607,-1.0327135976434492,6.931372549019607,3.6711464717119067,-0.026810624265386836,-0.8593870093337763,0.022114527629233514,0.059271832177541194,2.9935416681068796,7.825265180010312,0.7941176470588235,0.40434491426080943,-1.454785934906616,0.11640211640211628,2.090909090909091,2.609581835346786,2.616934274977964,5.443547341879546,2.0,0.0,0,0,1.8823529411764706,2.2197602663662597,3.068727359742429,8.638298313028658,0.0,0.0,0,0,0.012684544255257647,0.033321154275450515,2.5769624939756475,5.3040673843991275,0.045454545454545456,0.05144344660395586,2.637893717387265,5.552841718741442,0.04545454545454544,0.05625389169719221,2.811864856013081,6.674268655236968,1.2272727272727273,0.41907020260422223,1.301582746911936,-0.30588235294117805,-1.221857054743974,64.0,224.0,0.0,186.0,1578.0,24.0,0.0,0.0,0.0,520.0,844.0,11088.0,0.0,0.0,0.0,0.0,104.0,0.0,0.0,0.0,12.0,0.0,0.0,0.0,0.0,0.0,0.0,0.0,0.0,0.0,0.0,1,1,0,1,1,1,0,0,0,1,1,1,0,0,0,0,1,0,0,0,1,0,0,0,0,0,0,0,0,0,0,6.444444444444445,0.6849348892187752,1.2380055823137128,0.1703601108033217,2.1481481481481484,0.7554102983100421,0.2632953400833547,-0.2541373890532528,0.0,0.0,0,0,3.259259259259259,0.43822813208145306,1.0987005311470728,-0.7928571428571418,0.4444444444444444,0.4969039949999533,0.22360679774997905,-1.9500000000000002,12.897666666666668,1.3661208666227975,1.2366921533666315,0.1660989197295728,0.8148148148148148,0.9041893048691632,0.6731172340237824,-0.7626007837484798,370.41300000000007,136.45999999999998,0.7818000000000002,0,4,0,0,0,0,0,0,0,0,0,0,0,0,0,0,0,0,0,0,0,0,0,0,0,0,0,0,0,0,0,0,0,0,0,0,0,0,0,0,1,0,0,0,0,0,0,0,0,0,0,0,0,0,0,0,1,0,0,0,0,0,0,0,1,0,0,1,1,0,0,0,0,0,0,0,0,1,0,1,0,1,1,0,0,0,1,1,1,0,0,0,1,1,1,1,0,1,0,0,1,0,1,0,0,0,1,0,0,0,0,0,1,1,1,0,0,0,0,1,1,0,1,1,1,1,0,1,1,0,1,1,0,1,0,1,0,1,1,1,1,0,0,0,1,0,0,1,1,1,1,0,0,1,0,1,1,0,1,1,1,1,1,1,1,1,1,1,0,1
CHEMBL2973_64,38,36,-1,-1,-1,2.1666666666666665,3.023059524536176,2.9171249454343036,6.9248251586737,0.10708474711610781,0.12185502209085781,1.7284756331487219,3.5623789375176926,0.17525529155534025,0.09794903902421082,-0.1613372855365533,-1.213147381699503,7.385964912280702,4.292163616800825,-0.04714131496469208,-0.9931035713217438,0.018294610399873557,0.05310492881834678,3.506500668339615,11.378142198823125,0.8157894736842105,0.3876557858593746,-1.6292261599251139,0.6543778801843323,2.1666666666666665,3.023059524536176,2.9171249454343036,6.9248251586737,2.0,0.0,0,0,1.894736842105263,2.510917987763487,3.5502524541102547,11.694252859362294,0.0,0.0,0,0,0.020813852627934958,0.049772702970991595,2.099138491387497,2.6422069486545547,0.041666666666666664,0.05282838380278245,2.937163275018676,7.030831620876048,0.04166666666666668,0.07494443961205804,3.0464342089651404,7.649573382307327,1.25,0.4330127018922193,1.1547005383792515,-0.6666666666666665,-1.0999241095307013,72.0,304.0,0.0,224.0,2772.0,48.0,0.0,0.0,0.0,992.0,1156.0,25200.0,0.0,0.0,0.0,0.0,246.0,0.0,0.0,0.0,48.0,0.0,0.0,0.0,0.0,0.0,0.0,0.0,0.0,0.0,0.0,1,1,0,1,1,1,0,0,0,1,1,1,0,0,0,0,1,0,0,0,1,0,0,0,0,0,0,0,0,0,0,6.852941176470588,2.016583496049641,3.8164349657890497,15.999799361077716,2.235294117647059,0.8065476000471816,0.2211251200898931,-0.4397917609778186,0.0,0.0,0,0,3.735294117647059,0.44117647058823534,-1.0666666666666667,-0.862222222222222,0.17647058823529413,0.3812200410828153,1.6973368495830106,0.8809523809523805,13.844970588235295,4.34297646297542,3.727469201749752,15.225864427502458,0.9117647058823529,0.919323506358105,0.40238275250764055,-1.2126462370446571,501.9770000000003,63.690000000000005,3.544800000000002,6,4,0,0,0,0,0,0,0,0,0,0,0,0,0,0,0,0,0,0,0,0,0,0,0,0,0,0,0,0,0,0,0,0,0,0,0,0,0,0,0,0,0,0,1,0,0,0,0,0,0,0,0,0,0,0,0,0,0,1,0,0,0,0,0,0,0,1,1,0,0,0,0,0,1,0,0,1,0,0,0,0,1,0,0,0,0,1,1,1,0,0,1,1,1,1,0,1,1,1,1,0,1,1,0,1,1,1,1,1,1,1,1,1,1,0,0,0,1,1,1,0,1,1,1,0,0,0,1,1,1,1,0,0,1,1,1,0,0,1,1,0,0,0,1,1,1,1,1,1,1,0,1,1,1,1,1,0,1,1,1,1,1,1,1,1,1,1,0,0
CHEMBL2973_65,36,35,-1,-1,-1,2.272727272727273,2.956991994052834,2.7393050528344993,5.792096226071235,0.11120470792221734,0.12414221970672228,1.5927172677130363,2.874996756476028,0.1706561099058904,0.09606352521362896,-0.08303189383742268,-1.2448633961711868,6.860185185185184,4.006727132134837,-0.008101377666164561,-1.039753504394979,0.017647058823529415,0.05140494871320042,3.6553020006543213,12.150538620403141,0.8055555555555556,0.3957724124659724,-1.544097293955913,0.3842364532019724,2.272727272727273,2.956991994052834,2.7393050528344993,5.792096226071235,2.0,0.0,0,0,1.9444444444444444,2.4374901076089226,3.3905195506474737,10.42066318097487,0.0,0.0,0,0,0.059544430681020916,0.17039324679838355,4.6764961231336555,22.812685340786878,0.04545454545454546,0.054159619597249214,2.7536015429178105,5.805676297088999,0.04545454545454542,0.047365710013510205,2.6964696526646734,5.771614786281916,1.4090909090909092,0.4916660830178166,0.3698001308168191,-1.863247863247863,0.7412712678617838,70.0,280.0,0.0,216.0,2370.0,56.0,0.0,0.0,0.0,912.0,1020.0,19920.0,0.0,0.0,0.0,0.0,248.0,0.0,0.0,0.0,48.0,0.0,0.0,0.0,0.0,0.0,0.0,0.0,0.0,0.0,0.0,1,1,0,1,1,1,0,0,0,1,1,1,0,0,0,0,1,0,0,0,1,0,0,0,0,0,0,0,0,0,0,6.310344827586207,0.5932638115201813,1.755496436435377,1.909331628926214,2.206896551724138,0.7133848574336966,-0.3245795174669668,-1.0049786007511574,0.0,0.0,0,0,3.3448275862068964,0.4753120259341455,0.6529286250990118,-1.5736842105263147,0.5862068965517241,0.49251230541674823,-0.35007002100700196,-1.8774509803921566,12.630172413793106,1.1833690673597266,1.7540203648428874,1.9024683953058519,0.9310344827586207,1.048185114039356,0.8564053068486088,-0.5153201776578396,393.4910000000001,75.44,3.1212600000000013,0,6,0,0,0,0,0,0,0,0,1,0,0,1,0,0,0,0,0,0,0,0,0,0,0,0,0,1,0,0,0,0,0,0,0,0,0,0,0,0,1,0,0,0,0,0,0,0,0,0,0,0,0,0,0,0,0,0,0,0,0,0,0,0,1,0,0,1,0,0,0,0,0,0,0,0,0,1,0,1,0,0,1,0,0,1,0,1,1,0,0,0,0,1,0,1,0,1,1,0,1,0,1,0,0,0,1,0,1,0,0,0,0,0,0,1,0,0,1,0,0,0,1,1,1,0,0,1,1,1,1,0,0,1,1,1,0,1,0,1,1,1,0,1,1,1,1,1,0,0,1,1,1,1,1,1,0,1,1,1,1,1,1,1,1,1,1,1,0,0
CHEMBL2973_66,38,36,-1,-1,-1,2.076923076923077,2.9210519301611577,3.0720968389095957,7.8835326571009166,0.11045360020085739,0.11880989721548188,1.8295739908551225,4.306098932726182,0.19103590558789638,0.09613254440950231,-0.28099712517732006,-0.9650397477591643,8.112280701754388,4.2578491059366845,-0.1557828456378145,-0.7691355018805819,0.02343132606290501,0.06630655959265144,3.4285863845824465,11.022836587439398,0.8157894736842105,0.3876557858593746,-1.6292261599251139,0.6543778801843323,2.076923076923077,2.9210519301611577,3.0720968389095957,7.8835326571009166,2.0,0.0,0,0,1.894736842105263,2.5109179877634866,3.550252454110256,11.694252859362305,0.0,0.0,0,0,0.009978084354815658,0.02696341485935897,2.5613609648990554,5.071901901316112,0.03846153846153847,0.048951816822267756,3.0819143474636004,7.932244126849049,0.03846153846153846,0.029010989442184033,2.4123378028901117,5.909978284702863,1.1923076923076923,0.39411349099844606,1.5614401167176535,0.4380952380952392,0.5575889166421096,72.0,304.0,0.0,204.0,2772.0,24.0,0.0,0.0,0.0,768.0,1066.0,25200.0,0.0,0.0,0.0,0.0,124.0,0.0,0.0,0.0,12.0,0.0,0.0,0.0,0.0,0.0,0.0,0.0,0.0,0.0,0.0,1,1,0,1,1,1,0,0,0,1,1,1,0,0,0,0,1,0,0,0,1,0,0,0,0,0,0,0,0,0,0,6.6,1.9933221850301404,4.726182972265005,21.714967794243513,2.2,0.7483314773547883,-0.3436215967445462,-1.153061224489796,0.0,0.0,0,0,3.2333333333333334,0.42295258468165065,1.2609766499825608,-0.40993788819875787,0.7,0.45825756949558394,-0.8728715609439692,-1.2380952380952375,13.258000000000004,4.237535911352258,4.780056866374686,22.098576672881396,0.8,1.077032961426901,1.0437358663054983,-0.35196195005945397,421.93200000000013,78.85,4.634860000000003,0,5,0,0,0,0,0,0,0,0,0,0,0,0,0,0,0,0,0,0,0,0,0,0,0,0,0,1,0,0,0,0,0,0,0,0,0,0,0,0,1,0,0,0,0,0,0,0,0,0,0,0,0,0,0,0,0,0,0,0,0,0,0,0,0,0,0,1,0,0,0,0,0,0,0,0,0,1,0,1,0,1,1,0,0,1,1,1,0,1,0,0,0,0,0,1,0,0,1,1,1,0,1,1,0,1,0,1,1,1,1,0,0,1,0,1,0,0,1,0,0,0,1,1,1,0,0,1,1,1,1,0,0,0,0,1,1,1,0,1,0,0,0,1,1,1,1,1,0,0,1,1,1,1,1,1,0,1,1,1,1,0,1,1,1,1,1,1,0,0
CHEMBL2973_67,39,37,-1,-1,-1,2.074074074074074,2.9805036353675125,3.1595383482816732,8.255858281883484,0.10917523270354522,0.11714006234056898,1.8005727859069072,4.001598253393618,0.18646694032868297,0.09322721853173034,-0.282520383448675,-0.9784967222689698,8.28937728937729,4.334237915156336,-0.17172037687093789,-0.7649121364650244,0.02520334099281468,0.07002682237937481,3.540447563218471,11.746085663538631,0.8205128205128205,0.3837597319768145,-1.6703827619526517,0.7901785714285703,2.074074074074074,2.9805036353675125,3.1595383482816732,8.255858281883484,2.0,0.0,0,0,1.8974358974358974,2.5699932335027333,3.6394052472157896,12.118720994712394,0.0,0.0,0,0,0.01091158164328896,0.028807870555787728,2.3267138335008952,3.584753497611632,0.037037037037037035,0.047942230565708774,3.153804853355016,8.227809551603444,0.037037037037037056,0.016915094832876478,0.09378585388582017,0.3912287215620043,1.1851851851851851,0.38844772154450063,1.6208864017175073,0.6272727272727261,-0.27946924226242587,74.0,324.0,0.0,186.0,3096.0,24.0,0.0,0.0,0.0,816.0,968.0,29160.0,0.0,0.0,0.0,0.0,126.0,0.0,0.0,0.0,12.0,0.0,0.0,0.0,0.0,0.0,0.0,0.0,0.0,0.0,0.0,1,1,0,1,1,1,0,0,0,1,1,1,0,0,0,0,1,0,0,0,1,0,0,0,0,0,0,0,0,0,0,6.407407407407407,0.6809176411426013,1.3929713923420015,0.5214628339343852,2.1481481481481484,0.8029438292103258,-0.27361883063665293,-1.399610683567224,0.0,0.0,0,0,3.259259259259259,0.43822813208145306,1.0987005311470728,-0.7928571428571418,0.5555555555555556,0.4969039949999533,-0.22360679774997907,-1.9500000000000002,12.823740740740742,1.3580722882792526,1.3917814969699644,0.5173206128180365,0.8518518518518519,1.1451573950918745,1.031503215062634,-0.49941352567357056,369.4250000000001,101.89999999999999,2.25594,0,5,0,0,0,0,0,0,0,0,0,0,0,0,0,0,0,0,0,0,0,0,0,0,0,0,0,0,0,0,0,0,0,0,0,0,0,0,0,0,1,0,0,0,0,0,0,0,0,0,0,0,0,0,1,1,0,0,0,0,0,0,0,0,0,0,0,1,0,0,0,0,0,0,0,0,1,1,0,1,0,1,1,0,1,1,0,0,0,0,0,0,1,0,1,1,1,0,1,1,1,0,1,1,0,0,0,1,0,0,0,0,1,0,0,1,0,0,1,1,0,0,1,1,1,0,1,1,1,1,0,0,0,1,0,0,0,0,1,1,0,0,0,1,1,1,1,1,1,0,1,1,1,1,0,1,1,1,1,1,1,1,1,1,1,1,1,1,0,0
CHEMBL2973_68,39,37,-1,-1,-1,2.074074074074074,3.1378917896259457,3.096219644112213,7.899728637416535,0.11168957951130751,0.11474521109664218,1.8108521298317124,3.964108479998675,0.2001237708004626,0.10060476147376102,-0.36519808357557626,-0.9264933543941076,8.645299145299147,4.513501348862278,-0.2283655423071997,-0.7261610793585884,0.02192070613123245,0.0677103754241797,3.4841061429819358,11.102977347889988,0.8205128205128205,0.3837597319768145,-1.6703827619526517,0.7901785714285703,2.074074074074074,3.1378917896259457,3.096219644112213,7.899728637416535,2.0,0.0,0,0,1.8974358974358974,2.696577810284083,3.592548852483022,11.793037582281757,0.0,0.0,0,0,0.0072597120652040555,0.019955022502457828,2.7561541941850667,6.859672553680493,0.037037037037037035,0.051253913613822845,3.1133709678697477,7.976063956789531,0.03703703703703704,0.09559061833455475,3.1798588168124478,8.269843995045555,1.1851851851851851,0.38844772154450063,1.6208864017175073,0.6272727272727261,0.4247864068458017,74.0,350.0,0.0,240.0,3504.0,24.0,0.0,0.0,0.0,872.0,1416.0,34440.0,0.0,0.0,0.0,0.0,140.0,0.0,0.0,0.0,12.0,0.0,0.0,0.0,0.0,0.0,0.0,0.0,0.0,0.0,0.0,1,1,0,1,1,1,0,0,0,1,1,1,0,0,0,0,1,0,0,0,1,0,0,0,0,0,0,0,0,0,0,6.696969696969697,1.8004182760621759,4.196285499372071,18.65978621126883,2.1818181818181817,0.7158188976374373,0.2130324710970944,-0.14516129032258052,0.0,0.0,0,0,3.303030303030303,0.459568208730397,0.8571946154145218,-1.2652173913043492,0.48484848484848486,0.4997703788627467,0.060633906259083194,-1.9963235294117647,13.404454545454545,3.608236748018631,4.207758658327183,18.743253826263153,0.8181818181818182,0.8688043143534212,0.636987381843328,-0.7104001278704253,469.5630000000002,100.04,2.8048000000000015,0,6,0,0,0,0,0,0,0,0,0,0,0,0,0,0,0,0,0,0,0,1,0,0,0,0,0,0,0,0,0,0,0,0,1,1,0,0,0,0,0,0,0,0,0,0,0,0,0,0,0,0,0,1,0,0,0,1,0,0,1,1,1,1,0,0,1,1,0,1,0,0,0,0,1,1,0,1,0,0,0,1,1,1,0,0,0,1,1,0,1,0,0,0,1,1,1,0,0,0,1,0,1,1,1,0,0,1,1,0,0,0,1,1,1,1,0,0,0,1,1,0,1,1,1,0,1,1,1,1,1,1,1,0,1,0,0,0,1,1,1,1,1,0,1,1,1,1,1,1,1,0,1,0,1,1,1,1,1,1,1,1,1,1,1,1,1,1,0,1
CHEMBL2973_69,40,37,-1,-1,-1,2.0,2.9760952365713798,3.300492714230955,9.437565036420393,0.10762074359806242,0.11583512225314097,2.168691448027809,6.878526412781122,0.1922494178470961,0.09506627641737252,-0.36367218876539387,-0.8411594629933896,8.616666666666667,4.449984394479504,-0.22082172562423805,-0.6443381319747878,0.02408906882591093,0.07257071688076838,3.424900316817071,10.977015288917578,0.825,0.3799671038392666,-1.7106744068953987,0.9264069264069255,2.0,2.9760952365713798,3.300492714230955,9.437565036420393,2.0,0.0,0,0,1.85,2.5743931323712,3.770750206864434,13.459344395209829,0.0,0.0,0,0,0.003020543573929272,0.009653224907083686,3.2574730061255766,9.702230881811307,0.03571428571428572,0.04826813468009375,3.3056270342458696,9.451683855955643,0.035714285714285705,0.017735445808357873,0.07133470063988333,-0.3930537927169877,1.1428571428571428,0.3499271061118826,2.0412414523193156,2.1666666666666696,-0.8039977905113918,74.0,328.0,0.0,168.0,3240.0,8.0,0.0,0.0,0.0,572.0,942.0,32064.0,0.0,0.0,0.0,0.0,44.0,0.0,0.0,0.0,0.0,0.0,0.0,0.0,0.0,0.0,0.0,0.0,0.0,0.0,0.0,1,1,0,1,1,1,0,0,0,1,1,1,0,0,0,0,1,0,0,0,0,0,0,0,0,0,0,0,0,0,0,6.714285714285714,1.9059520091609046,4.125792971225535,17.157618987501575,2.2142857142857144,0.6738557951469003,-0.2858421249455357,-0.8284307536927158,0.0,0.0,0,0,3.107142857142857,0.30929478706587094,2.5403411844343533,4.4533333333333305,0.75,0.4330127018922193,-1.1547005383792515,-0.6666666666666665,13.439714285714288,3.8207018134027124,4.13399559109651,17.213122229080586,0.6428571428571429,0.8949974347244049,1.3603060527613737,0.973589192259321,394.4560000000002,92.26,3.167700000000001,0,5,0,0,0,0,0,0,0,0,0,0,0,0,0,0,0,0,0,0,0,0,0,0,0,0,0,0,0,0,0,0,0,0,0,0,0,0,1,0,1,0,0,0,0,0,0,0,0,1,0,0,0,0,0,0,0,0,0,0,0,0,0,0,1,0,0,1,0,0,0,0,0,0,0,0,0,1,0,1,0,0,1,1,0,1,1,1,0,0,1,1,0,0,1,1,0,0,1,1,1,0,1,1,0,0,0,1,0,0,0,0,1,0,0,1,0,0,0,1,0,0,1,1,1,0,0,1,1,1,0,0,0,0,0,1,0,1,0,1,0,0,0,0,1,1,1,1,1,0,1,1,1,1,1,1,1,1,1,1,1,1,1,1,1,1,1,1,0,1
CHEMBL2973_70,39,38,-1,-1,-1,2.1481481481481484,3.1588054904030214,3.2763304855008273,9.445034117242297,0.11011595075713757,0.11625619566232723,2.09630383426077,6.403747181016037,0.19782569125455599,0.09969122198380796,-0.34005445711698373,-0.9437039117791648,8.635897435897435,4.513481764879775,-0.2237789754862982,-0.7044856723540431,0.022504285662180396,0.06860145964641823,3.6589114373628275,12.555629200725354,0.8205128205128205,0.3837597319768145,-1.6703827619526517,0.7901785714285703,2.1481481481481484,3.1588054904030214,3.2763304855008273,9.445034117242297,2.0,0.0,0,0,1.9487179487179487,2.7169809597845336,3.7973052523322033,13.862331168871563,0.0,0.0,0,0,0.03982894327439036,0.158911188599056,5.648313592911447,31.18004974684753,0.037037037037037035,0.05027255989318313,3.363943915361553,10.105141251368503,0.037037037037037035,0.07394925044689134,-2.6348826026656007,6.976020400106798,1.2962962962962963,0.4566232594791834,0.892217816219194,-1.2039473684210522,-0.48199171424927345,76.0,360.0,0.0,236.0,3786.0,32.0,0.0,0.0,0.0,888.0,1316.0,40800.0,0.0,0.0,0.0,0.0,154.0,0.0,0.0,0.0,12.0,0.0,0.0,0.0,0.0,0.0,0.0,0.0,0.0,0.0,0.0,1,1,0,1,1,1,0,0,0,1,1,1,0,0,0,0,1,0,0,0,1,0,0,0,0,0,0,0,0,0,0,7.111111111111111,2.8588178511708016,3.026741859542483,7.621740400324933,2.1481481481481484,0.7046776885348314,-0.216623698947966,-0.9821586642654365,0.0,0.0,0,0,3.2222222222222223,0.41573970964154905,1.3363062095621212,-0.21428571428571708,0.6296296296296297,0.4829038818668629,-0.5368754921931593,-1.7117647058823526,14.338555555555557,6.087407094634174,3.0532083297830463,7.736950136210076,0.6666666666666666,0.769800358919501,1.1366583424670762,1.0781250000000027,405.285,93.03,3.9006000000000007,1,6,0,0,0,0,0,0,0,0,0,0,0,0,0,0,0,0,0,0,0,0,0,0,0,0,0,0,0,0,0,0,0,0,0,0,0,0,0,0,0,0,0,0,0,0,0,0,0,0,0,0,0,0,1,0,1,0,0,0,0,0,0,0,1,0,0,1,0,0,0,1,0,0,0,0,0,0,0,0,0,1,1,0,0,1,1,0,0,1,0,0,1,0,1,1,1,1,1,1,0,0,0,0,0,1,1,0,0,1,0,0,1,1,0,1,0,0,0,1,0,0,1,1,0,0,1,1,1,1,0,0,0,1,0,1,1,1,0,1,0,0,0,0,1,1,1,1,0,0,0,0,1,1,1,0,1,1,1,1,1,1,1,1,1,1,1,1,0,1
CHEMBL2973_71,37,36,-1,-1,-1,2.16,2.9621613730517793,2.983480007043217,7.3626747075638335,0.11396319976928958,0.1184880421197516,1.7589629423179234,3.9428736079288402,0.19192004812002045,0.09688659885751129,-0.27340882650332426,-1.0006723881658424,7.954954954954956,4.179637225922041,-0.1644157865481483,-0.7956132014096622,0.022565422565422565,0.0657641356558706,3.455029671800932,10.866766784235187,0.8108108108108109,0.3916588309780929,-1.5871507864874157,0.5190476190476199,2.16,2.9621613730517793,2.983480007043217,7.3626747075638335,2.0,0.0,0,0,1.945945945945946,2.5356479628830098,3.4823404620653786,11.226613072228885,0.0,0.0,0,0,0.04285714285714286,0.16306646591178098,5.456212377480209,29.08631852499827,0.040000000000000015,0.050456645389110974,3.0450492119568664,7.768803689500524,0.04000000000000001,0.06946552510911978,-2.180619650378194,4.3933941014871,1.32,0.46647615158762407,0.7717436331412894,-1.4044117647058831,-0.449969618935527,72.0,306.0,0.0,220.0,2772.0,32.0,0.0,0.0,0.0,768.0,1112.0,25200.0,0.0,0.0,0.0,0.0,142.0,0.0,0.0,0.0,12.0,0.0,0.0,0.0,0.0,0.0,0.0,0.0,0.0,0.0,0.0,1,1,0,1,1,1,0,0,0,1,1,1,0,0,0,0,1,0,0,0,1,0,0,0,0,0,0,0,0,0,0,6.791666666666667,2.2356797375493853,3.9531572290201487,15.134604816398728,2.1666666666666665,0.6236095644623235,-0.1336306209562116,-0.5357142857142851,0.0,0.0,0,0,3.125,0.33071891388307384,2.267786838055363,3.1428571428571432,0.7083333333333334,0.45452967144315476,-0.9166984970282116,-1.1596638655462184,13.652583333333334,4.745755681981065,4.023038291964118,15.57173443539478,0.625,0.7534642216677135,1.324158989009499,1.8377240972982065,342.7820000000001,64.36,4.184800000000003,0,5,0,0,0,0,0,0,0,0,0,0,0,0,0,0,0,0,0,0,0,0,0,0,0,0,0,0,0,0,0,0,0,0,0,0,0,0,0,0,0,0,0,0,0,0,0,0,0,0,0,0,0,0,0,0,0,0,0,1,0,0,0,0,1,0,0,1,0,0,0,0,0,0,0,0,0,0,0,0,0,0,0,0,0,1,0,0,0,1,0,1,0,0,1,1,0,1,1,1,0,0,0,0,0,1,1,0,0,1,0,0,1,1,0,1,0,0,0,1,0,0,1,1,0,0,0,1,1,1,0,0,0,0,1,1,1,1,0,1,0,0,0,0,1,1,1,1,1,0,0,0,1,1,1,0,1,1,1,1,1,1,1,1,1,1,1,1,0,1
CHEMBL2973_72,37,35,-1,-1,-1,2.08,2.8272955275315668,2.9451429291564457,7.040957185283855,0.11197436104216903,0.12036930462632495,1.7006724165921585,3.381882651257368,0.18791288816879256,0.09454263123024427,-0.2477366478505023,-0.9928284412481188,7.777477477477478,4.090983303269629,-0.12392454058269263,-0.8081056633047536,0.02350922350922351,0.06484360287674076,3.3060836100628634,10.044190284583287,0.8108108108108109,0.3916588309780929,-1.5871507864874157,0.5190476190476199,2.08,2.8272955275315668,2.9451429291564457,7.040957185283855,2.0,0.0,0,0,1.8918918918918919,2.4249133033684274,3.4129434570371973,10.626835353574323,0.0,0.0,0,0,0.010727533842754327,0.028509279307477462,2.510331322777443,4.829755414391407,0.039999999999999994,0.0491475122355591,2.953856560514113,7.077538800833786,0.04000000000000001,0.02311695319093109,1.3624799774600316,1.6808960668654285,1.2,0.4,1.5000000000000004,0.2500000000000009,2.089599601568705,70.0,280.0,0.0,194.0,2376.0,24.0,0.0,0.0,0.0,706.0,954.0,19920.0,0.0,0.0,0.0,0.0,118.0,0.0,0.0,0.0,12.0,0.0,0.0,0.0,0.0,0.0,0.0,0.0,0.0,0.0,0.0,1,1,0,1,1,1,0,0,0,1,1,1,0,0,0,0,1,0,0,0,1,0,0,0,0,0,0,0,0,0,0,6.645161290322581,1.8058754841649554,4.480540558870786,20.26138479952466,2.129032258064516,0.6086439440036521,-0.07324704451729284,-0.3888082312839307,0.0,0.0,0,0,3.4516129032258065,0.4976531813077907,0.19446111706564914,-1.962184873949579,0.3548387096774194,0.4784644185223008,0.6067798762169179,-1.631818181818181,13.301580645161293,3.6203812379378633,4.4880760151215195,20.31543744289426,1.096774193548387,1.0272053760058488,0.34153862442994126,-1.1828308999451458,446.6210000000004,66.82000000000001,2.2030199999999995,0,10,0,0,0,0,0,0,0,0,0,0,0,0,0,0,0,0,0,0,0,0,0,0,0,0,0,0,0,0,0,0,0,0,0,0,0,0,0,0,0,0,0,0,0,1,0,0,0,1,0,0,0,0,0,0,0,0,0,0,0,0,0,0,0,0,0,1,0,0,0,0,0,0,1,1,0,1,0,1,0,1,1,1,1,1,0,1,1,0,1,0,1,1,0,1,0,1,1,1,1,0,1,0,0,0,1,0,1,0,1,1,0,1,0,1,0,1,1,0,1,0,1,1,1,0,0,1,1,1,1,1,0,1,1,1,0,1,0,1,1,0,0,1,1,1,1,1,0,1,1,1,1,1,1,1,0,1,1,1,1,1,1,1,1,1,1,1,0,0
CHEMBL2973_73,35,31,-1,-1,-1,1.9130434782608696,2.3758393204024784,2.8266958159079194,6.294767185467885,0.11532699387912458,0.12357634504318753,1.663591965271193,3.640754848798136,0.16558708831516797,0.0785447986535357,-0.22217290225125724,-0.9437239248757385,6.690068027210884,3.4187902090638196,-0.045202008358438274,-0.7332834021152568,0.0275528393175452,0.07502540828108346,2.8789897655337064,6.778500916733243,0.8,0.4,-1.5,0.24999999999999956,1.9130434782608696,2.3758393204024784,2.8266958159079194,6.294767185467885,2.0,0.0,0,0,1.7714285714285714,2.043606256256876,3.202530453176848,9.175638249683185,0.0,0.0,0,0,0.0,0.0,0,0,0.04347826086956521,0.048807290181980795,2.82026507125625,6.283086855699519,0.04347826086956523,0.1786478446095602,-2.5849668027104555,6.03161656881265,1.0,0.0,0,0,-1.7411513405109404,62.0,194.0,0.0,70.0,1284.0,0.0,0.0,0.0,0.0,164.0,256.0,8184.0,0.0,0.0,0.0,0.0,0.0,0.0,0.0,0.0,0.0,0.0,0.0,0.0,0.0,0.0,0.0,0.0,0.0,0.0,0.0,1,1,0,1,1,0,0,0,0,1,1,1,0,0,0,0,0,0,0,0,0,0,0,0,0,0,0,0,0,0,0,6.222222222222222,0.5665577237325317,2.4288229044036638,4.464497041420117,2.2222222222222223,0.5665577237325317,-0.015085856549091753,-0.32840236686390556,0.0,0.0,0,0,3.259259259259259,0.43822813208145306,1.0987005311470726,-0.7928571428571409,0.5925925925925926,0.4913518207933925,-0.37688918072220445,-1.8579545454545452,12.454259259259262,1.1299195839164708,2.4278595942176895,4.459206854783706,0.8888888888888888,0.7856742013183862,0.6561950929411164,0.06960000000000077,360.4570000000001,41.57,3.8527000000000022,1,5,0,0,0,0,0,0,0,0,0,0,0,0,0,0,0,0,0,0,0,0,0,0,0,0,0,0,0,0,0,0,0,0,0,0,0,0,0,0,0,0,0,0,0,0,0,0,0,0,0,0,0,0,0,0,0,0,0,0,0,0,0,0,0,0,0,0,0,0,0,0,0,0,0,0,0,1,0,0,0,1,1,0,0,1,0,1,1,0,0,1,1,1,1,1,0,0,1,1,0,0,1,1,0,0,1,1,0,0,0,0,1,1,0,1,0,0,0,1,1,0,0,1,1,0,0,1,1,1,1,1,0,0,0,1,0,0,0,1,1,0,0,0,1,1,1,1,0,1,1,0,1,1,1,1,1,1,1,1,1,1,1,1,1,1,1,1,0,0
CHEMBL2973_74,39,35,-1,-1,-1,2.0,2.8284271247461903,3.022881489572491,7.362500000000001,0.10790029856336981,0.11831547325249264,1.7708738175403993,3.9867604682400586,0.16357971649371747,0.08828642504733052,-0.1803790304856847,-1.1002513001335479,7.2735042735042725,4.127918492641366,-0.06493661545010766,-0.9010713802600754,0.02144654776233724,0.06222154307722478,3.405978069834818,10.899034440305863,0.8205128205128205,0.3837597319768145,-1.6703827619526517,0.7901785714285703,2.0,2.8284271247461903,3.022881489572491,7.362500000000001,2.0,0.0,0,0,1.794871794871795,2.3662096400121695,3.6012622392377005,11.840363929108875,0.0,0.0,0,0,0.004714912280701754,0.014214167803701237,2.77464417742578,5.916796787868289,0.04000000000000001,0.05133774985060262,3.0175025252856393,7.323049992558426,0.039999999999999994,0.015610589373696667,0.1340571839296862,1.880740205948774,1.16,0.36660605559646725,1.8548520670059354,1.4404761904761916,-0.5872283723453154,70.0,274.0,0.0,108.0,2370.0,8.0,0.0,0.0,0.0,462.0,510.0,19920.0,0.0,0.0,0.0,0.0,38.0,0.0,0.0,0.0,0.0,0.0,0.0,0.0,0.0,0.0,0.0,0.0,0.0,0.0,0.0,1,1,0,1,1,1,0,0,0,1,1,1,0,0,0,0,1,0,0,0,0,0,0,0,0,0,0,0,0,0,0,6.851851851851852,2.1205118827110576,4.039865622240057,16.457762679888216,2.1481481481481484,0.649997362029046,-0.15614078982456972,-0.6821976724574124,0.0,0.0,0,0,3.185185185185185,0.3884477215445006,1.6208864017175078,0.6272727272727283,0.5925925925925926,0.4913518207933925,-0.3768891807222045,-1.8579545454545452,13.76574074074074,4.4966814808469655,4.133582392089536,17.063952533678904,0.6296296296296297,0.7768954430890012,1.2225990746644613,1.1695041322314026,388.8110000000002,105.60000000000001,3.3097000000000003,0,7,0,0,0,0,0,0,0,0,0,0,0,0,0,0,0,0,0,0,0,0,0,0,0,0,1,0,0,0,0,0,0,0,0,0,0,0,0,0,1,0,0,0,0,0,0,0,0,0,0,0,0,0,0,0,0,0,0,0,0,0,0,0,0,0,0,1,0,0,1,1,0,1,1,0,0,0,0,1,0,0,1,0,0,0,0,0,0,1,0,1,1,1,1,1,1,0,0,1,1,0,0,1,1,1,1,1,0,1,0,1,1,1,0,1,0,0,0,1,1,0,1,1,0,0,1,1,1,1,0,0,0,1,1,1,1,1,0,1,0,1,1,0,1,1,1,1,1,1,0,0,1,1,1,1,1,1,1,1,1,1,1,1,1,1,1,1,0,0
CHEMBL2973_75,37,35,-1,-1,-1,2.1739130434782608,2.958439275861565,2.892889329111261,6.94327416744026,0.10996097511821977,0.12221133735491678,1.8060113867610037,4.500124243774603,0.17326355136466814,0.0966659203071503,-0.13728621632822643,-1.176186160842827,7.117117117117116,4.125947859951739,-0.03867600680362073,-0.9717625413342454,0.017803517803517802,0.053850987889173335,3.597417205829072,12.070083695624549,0.8108108108108109,0.3916588309780929,-1.5871507864874157,0.5190476190476199,2.1739130434782608,2.958439275861565,2.892889329111261,6.94327416744026,2.0,0.0,0,0,1.8918918918918919,2.4471029069005836,3.5335878116499475,11.816643614574412,0.0,0.0,0,0,0.02782075792345369,0.08529563369676443,4.6233733760225615,22.444431293184707,0.04347826086956519,0.05439684655624678,2.918972630576923,7.0128024327392655,0.043478260869565195,0.043344861798143,-1.4882395524739291,2.294660246565847,1.3043478260869565,0.4601306627938419,0.8504200642707606,-1.276785714285715,0.49293945969339126,70.0,284.0,0.0,198.0,2502.0,32.0,0.0,0.0,0.0,714.0,992.0,22320.0,0.0,0.0,0.0,0.0,142.0,0.0,0.0,0.0,12.0,0.0,0.0,0.0,0.0,0.0,0.0,0.0,0.0,0.0,24.0,1,1,0,1,1,1,0,0,0,1,1,1,0,0,0,0,1,0,0,0,1,0,0,0,0,0,0,0,0,0,1,6.696969696969697,1.8004182760621756,4.196285499372072,18.659786211268834,2.1818181818181817,0.7569694543513209,0.10392933059464862,-0.49593195266272083,0.0,0.0,0,0,3.121212121212121,0.3263736246748184,2.32119172721315,3.3879310344827616,0.6666666666666666,0.4714045207910317,-0.7071067811865475,-1.4999999999999998,13.404454545454547,3.608236748018631,4.207758658327181,18.743253826263143,0.6363636363636364,0.8097205585386296,1.437838652991483,1.8567544664924807,463.5150000000002,120.60999999999999,3.8187000000000015,0,6,0,0,0,0,0,0,0,0,0,0,0,0,0,0,0,0,0,0,0,0,0,0,0,0,0,0,0,0,0,0,0,0,1,1,0,0,0,0,0,0,0,0,0,0,0,0,0,0,0,0,0,1,0,0,0,1,0,0,1,1,1,1,1,0,1,1,0,1,0,1,0,0,0,1,0,0,0,0,0,0,0,1,0,0,1,0,0,0,1,1,0,0,1,1,1,0,0,1,1,0,0,1,1,0,0,1,1,0,0,0,1,0,1,1,0,0,0,1,0,0,0,1,0,0,1,1,1,1,0,0,1,1,0,1,0,1,1,1,0,0,1,0,1,1,1,1,1,0,1,1,1,1,1,0,1,0,1,1,1,1,1,1,1,1,1,1,0,0
CHEMBL2973_76,39,39,-1,-1,-1,2.32,3.367135280917593,3.0481316543395183,7.791864101926185,0.10769950312204979,0.11849828128833438,1.811919659483539,4.298860817160106,0.1874869301760486,0.10621463365288568,-0.21717152214520938,-1.24557249535413,8.042735042735044,4.688056587843548,-0.12067744072347517,-1.0043109936901886,0.016777911514753618,0.053200025607348225,3.942216313476382,14.472750835244234,0.8205128205128205,0.3837597319768145,-1.6703827619526517,0.7901785714285703,2.32,3.367135280917593,3.0481316543395183,7.791864101926185,2.0,0.0,0,0,2.0,2.8010986855435576,3.731028987337815,13.106305267204924,0.0,0.0,0,0,0.044736526211214406,0.09888677753214567,2.8439778247504366,9.137610585206279,0.03999999999999999,0.053324163152521975,3.077588770266413,7.9158538894962955,0.04,0.06416615583669497,3.156463253056658,8.52855723830892,1.36,0.48,0.5833333333333327,-1.6597222222222228,0.20258758424614823,78.0,384.0,0.0,334.0,4116.0,88.0,0.0,0.0,0.0,1602.0,1986.0,44760.0,0.0,0.0,0.0,0.0,496.0,0.0,0.0,0.0,120.0,0.0,0.0,0.0,0.0,0.0,0.0,0.0,0.0,0.0,48.0,1,1,0,1,1,1,0,0,0,1,1,1,0,0,0,0,1,0,0,0,1,0,0,0,0,0,0,0,0,0,1,6.230769230769231,0.5044183480232308,2.127887027896809,3.6884802595997845,2.230769230769231,0.5756395979652218,-0.057270266124091314,-0.39540816326530637,0.0,0.0,0,0,3.1153846153846154,0.31948553318915673,2.407717061715384,3.7971014492753614,0.8076923076923077,0.39411349099844606,-1.5614401167176535,0.4380952380952392,12.47146153846154,1.0062795616591933,2.1261275477793133,3.6777487787340464,0.7692307692307693,0.846153846153846,1.2193839218632607,1.1797008401065519,344.418,54.04,4.2699000000000025,0,5,0,0,0,0,0,0,0,0,0,0,0,0,0,0,0,0,0,0,0,0,0,0,0,0,0,0,0,0,0,0,0,0,0,0,0,0,0,0,1,0,0,0,0,0,0,0,0,0,0,0,0,0,0,0,0,0,0,0,0,0,0,0,1,0,0,1,0,0,0,0,0,0,0,0,0,0,0,1,0,0,1,0,0,1,0,1,1,0,0,0,0,0,0,1,0,0,1,0,1,0,1,1,0,0,0,1,0,0,0,0,0,0,0,1,0,1,0,0,0,0,1,1,1,0,0,1,1,1,0,0,0,0,0,1,0,1,0,1,0,0,0,0,1,1,0,1,0,0,1,1,0,1,1,1,0,1,1,1,1,0,1,1,1,1,1,1,0,0
CHEMBL2973_77,38,35,-1,-1,-1,2.0869565217391304,2.9475567402918763,2.818098324468013,6.2123295998109445,0.10746962705027088,0.12151571394416398,1.6882136160865977,3.3013541760435716,0.16465562553858462,0.09274889862797905,-0.06726244402830402,-1.2264625359597678,6.947368421052632,4.071385180171308,0.04040304153528547,-1.0149489514754844,0.016674569306148256,0.0512691159313723,3.512261341530189,11.24946950405581,0.8157894736842105,0.3876557858593746,-1.6292261599251139,0.6543778801843323,2.0869565217391304,2.9475567402918763,2.818098324468013,6.2123295998109445,2.0,0.0,0,0,1.8421052631578947,2.4009462585172723,3.483160936189356,11.093344719079129,0.0,0.0,0,0,0.010915213909943995,0.029046863454738246,2.4516792260850058,4.413321979165296,0.043478260869565195,0.05622081095809968,2.8367216425842883,6.289102969758725,0.04347826086956523,0.0436182612499672,-1.5940654925981754,2.699147226935252,1.2173913043478262,0.4124709991523974,1.3703203194062967,-0.12222222222222534,-0.0202163769600594,70.0,278.0,0.0,168.0,2376.0,24.0,0.0,0.0,0.0,656.0,842.0,19920.0,0.0,0.0,0.0,0.0,118.0,0.0,0.0,0.0,12.0,0.0,0.0,0.0,0.0,0.0,0.0,0.0,0.0,0.0,0.0,1,1,0,1,1,1,0,0,0,1,1,1,0,0,0,0,1,0,0,0,1,0,0,0,0,0,0,0,0,0,0,6.291666666666667,0.6109532624422992,1.9305197907057197,2.361189832341804,2.1666666666666665,0.6236095644623235,-0.13363062095621167,-0.5357142857142851,0.0,0.0,0,0,3.1666666666666665,0.3726779962499649,1.7888543819998328,1.2000000000000028,0.6666666666666666,0.4714045207910317,-0.7071067811865472,-1.5000000000000002,12.592833333333333,1.218530797951187,1.9293544343063704,2.355785266389298,0.7916666666666666,0.7626252174051303,0.9338650735280251,0.8930095789708172,321.38000000000005,77.24,2.924400000000001,1,5,0,0,0,0,0,0,0,0,0,0,0,0,0,0,0,0,0,0,0,0,0,0,0,0,0,0,0,0,0,0,0,0,0,0,0,0,0,0,0,0,0,0,0,0,0,0,0,0,0,0,0,0,0,1,0,0,0,0,0,0,0,0,0,0,0,1,0,0,0,0,0,0,0,0,0,0,0,0,0,0,1,0,1,0,1,0,0,0,0,0,1,0,1,1,0,0,0,1,1,0,1,1,0,0,0,1,0,0,0,0,1,0,0,1,0,0,0,1,0,0,0,1,0,0,0,1,1,1,0,0,0,1,0,1,0,1,0,1,0,0,0,0,1,1,0,1,0,0,0,0,0,1,1,1,1,1,1,1,1,1,1,1,1,1,1,1,0,1
CHEMBL2973_78,38,37,-1,-1,-1,2.1538461538461537,3.1827939793195696,3.5170545443690338,11.611047498689835,0.10803776655707283,0.12101086922687422,2.202697681759488,7.3335964481696365,0.2016333085131591,0.10448183575615921,-0.2584243716168287,-0.9849456851160996,8.431578947368424,4.509798930752245,-0.13338141773622578,-0.6939102432833852,0.021534692587324166,0.0643641848076754,4.160574246614679,17.75499344612992,0.8157894736842105,0.3876557858593746,-1.6292261599251143,0.6543778801843323,2.1538461538461537,3.1827939793195696,3.5170545443690338,11.611047498689835,2.0,0.0,0,0,1.9473684210526316,2.723652427986445,4.079947166023164,16.883938556132687,0.0,0.0,0,0,0.020120153324487692,0.04941903855388863,2.2610777675733393,3.4773819377209056,0.038461538461538464,0.051556981976982476,3.5704407561291878,12.019138788992604,0.03846153846153846,0.049202986101968306,-1.9407242834857255,4.079565972215596,1.2307692307692308,0.42132504423474315,1.278019300845387,-0.3666666666666676,1.723625015946494,74.0,352.0,0.0,264.0,3930.0,48.0,0.0,0.0,0.0,1004.0,1588.0,46824.0,0.0,0.0,0.0,0.0,258.0,0.0,0.0,0.0,48.0,0.0,0.0,0.0,0.0,0.0,0.0,0.0,0.0,0.0,0.0,1,1,0,1,1,1,0,0,0,1,1,1,0,0,0,0,1,0,0,0,1,0,0,0,0,0,0,0,0,0,0,6.222222222222222,0.5665577237325317,2.4288229044036633,4.464497041420116,2.1481481481481484,0.5237828008789241,0.1598061325481586,0.2693999999999992,0.0,0.0,0,0,3.4814814814814814,0.4996569467863719,0.07412493166611059,-1.9945054945054945,0.4444444444444444,0.4969039949999533,0.223606797749979,-1.9500000000000002,12.454259259259263,1.1299195839164708,2.427859594217685,4.459206854783693,1.1851851851851851,0.9442628728875527,0.15194474716244552,-1.068681656804733,368.52100000000013,24.94,3.4967000000000024,0,9,0,0,0,0,0,0,0,0,0,0,0,0,0,0,0,0,0,0,0,0,0,0,0,0,0,0,0,0,0,0,0,0,0,0,0,0,0,0,0,0,0,0,0,0,0,0,0,0,0,0,0,0,0,0,0,0,0,0,0,0,0,0,0,0,0,0,0,0,0,0,0,0,1,0,0,1,0,0,0,1,0,0,0,0,0,1,1,0,0,0,0,0,0,1,0,0,0,0,1,0,1,0,0,0,0,0,0,0,0,0,0,1,0,1,0,0,0,0,1,0,1,1,1,0,0,1,1,1,1,1,0,0,0,0,0,0,0,1,1,0,0,0,1,1,1,1,0,1,1,1,1,0,1,1,0,1,0,1,1,1,1,1,1,1,1,1,0,0
CHEMBL2973_79,36,34,-1,-1,-1,2.0833333333333335,2.7373446176094736,2.8379541250328733,6.400236720747682,0.11322882930337513,0.1222988552373444,1.6176744684572462,2.8376546797406403,0.1849081537614654,0.09298451514531159,-0.21289312464104057,-1.0184353748445276,7.451851851851853,3.9271918818435094,-0.08980174084890692,-0.8400736143703638,0.023529411764705885,0.06326471764902969,3.196081618893022,9.216312739218703,0.8055555555555556,0.39577241246597245,-1.5440972939559128,0.38423645320197064,2.0833333333333335,2.7373446176094736,2.8379541250328733,6.400236720747682,2.0,0.0,0,0,1.8888888888888888,2.3425742935897795,3.297188709210543,9.815539508630033,0.0,0.0,0,0,0.01158703029270405,0.030279442841346753,2.459675348523056,4.591373462651492,0.04166666666666666,0.049436078967288064,2.8476357259696936,6.4421783692684205,0.041666666666666664,0.02625004882716392,0.07505608701689526,0.11488887237913348,1.2083333333333333,0.40611643103370687,1.4363696929192162,0.06315789473684186,0.16425924966465347,68.0,258.0,0.0,184.0,2046.0,24.0,0.0,0.0,0.0,644.0,852.0,15960.0,0.0,0.0,0.0,0.0,112.0,0.0,0.0,0.0,12.0,0.0,0.0,0.0,0.0,0.0,0.0,0.0,0.0,0.0,0.0,1,1,0,1,1,1,0,0,0,1,1,1,0,0,0,0,1,0,0,0,1,0,0,0,0,0,0,0,0,0,0,6.708333333333333,2.050999079039828,3.872852920942236,14.58192289499669,2.1666666666666665,0.6236095644623235,-0.1336306209562116,-0.5357142857142851,0.0,0.0,0,0,3.1666666666666665,0.3726779962499649,1.7888543819998328,1.2000000000000028,0.625,0.4841229182759271,-0.5163977794943223,-1.7333333333333334,13.428333333333333,4.111607417489607,3.879726997201999,14.625793340750224,0.7916666666666666,0.9119195261766371,1.081898136695229,0.3840725938258638,341.4320000000001,47.56,3.8910000000000027,0,6,0,0,0,0,0,0,0,0,0,0,0,0,0,0,0,0,0,0,0,0,0,0,0,0,0,0,0,0,0,0,0,0,0,0,0,0,1,0,0,0,0,0,0,0,0,0,0,0,0,0,0,0,0,0,0,0,0,0,0,0,0,0,0,0,0,0,0,0,0,0,0,0,1,0,0,0,0,0,0,0,0,1,1,1,0,0,0,0,1,0,0,0,1,1,0,0,1,0,0,0,1,1,0,0,1,1,0,0,0,0,1,1,0,1,0,0,0,1,1,0,0,0,0,0,0,1,1,1,0,0,0,0,0,0,0,0,0,1,0,0,0,0,0,1,1,1,1,1,0,1,1,1,1,1,1,1,1,1,1,1,1,1,1,1,1,1,0,0
CHEMBL2973_80,40,39,-1,-1,-1,2.142857142857143,3.3243075080628843,3.631320630004416,12.373480354918499,0.10579213215131851,0.11750755199083146,2.3264960763229174,8.218416862824121,0.20580780217745603,0.10568524607733025,-0.328339140329984,-0.9420422085209004,9.078333333333333,4.806152307199596,-0.20173708357436437,-0.653427545637423,0.021727395411605937,0.06675043022974801,4.194252540729217,17.941176334536888,0.825,0.3799671038392666,-1.7106744068953987,0.9264069264069255,2.142857142857143,3.3243075080628843,3.631320630004416,12.373480354918499,2.0,0.0,0,0,1.95,2.8631276604440816,4.19163614421119,17.6900824705276,0.0,0.0,0,0,0.0172707054849912,0.04350734274161068,2.320801056161494,3.7270113274069265,0.03571428571428571,0.050307781529357644,3.677539059598761,12.743241793318674,0.035714285714285705,0.19026653897664644,3.8990022892546294,14.516319476643151,1.2142857142857142,0.410325903324145,1.3926212476455824,-0.060606060606060996,-1.4880718172967913,78.0,402.0,0.0,286.0,4866.0,48.0,0.0,0.0,0.0,1200.0,1852.0,62280.0,0.0,0.0,0.0,0.0,282.0,0.0,0.0,0.0,48.0,0.0,0.0,0.0,0.0,0.0,0.0,0.0,0.0,0.0,0.0,1,1,0,1,1,1,0,0,0,1,1,1,0,0,0,0,1,0,0,0,1,0,0,0,0,0,0,0,0,0,0,6.642857142857143,1.8938676547946935,4.305385596300022,18.311171994034904,2.2857142857142856,0.5890150893739515,-0.1712016176727049,-0.5743944636678204,0.0,0.0,0,0,3.0714285714285716,0.25753937681885636,3.328201177351373,9.07692307692307,0.8571428571428571,0.34992710611188255,-2.041241452319315,2.166666666666668,13.297285714285717,3.796900153481811,4.311976494559737,18.35664770677406,0.5714285714285714,0.7284313590846836,1.4142990514772888,2.1908284023668605,388.4520000000001,72.8,4.058200000000003,0,4,0,0,0,0,0,0,0,0,0,0,0,0,0,0,0,0,0,0,0,0,0,0,0,0,0,0,0,0,0,0,0,0,0,0,0,0,1,0,1,0,0,0,0,0,0,0,0,1,0,0,0,0,0,0,0,0,0,0,0,0,0,0,1,0,0,1,0,0,0,0,0,0,0,0,0,1,0,1,0,0,1,1,0,1,0,1,0,0,1,0,0,0,1,1,0,0,1,1,1,0,1,1,0,0,0,1,0,0,0,0,1,0,0,1,0,0,0,1,0,0,1,1,1,0,0,1,1,1,0,0,0,0,0,0,0,0,0,1,0,0,0,0,1,1,1,1,0,0,1,0,1,1,1,1,1,1,1,1,1,1,1,1,1,1,1,1,0,1
CHEMBL2973_81,41,39,-1,-1,-1,2.0689655172413794,3.268776365835605,3.753573327016457,13.214701589122804,0.10318046887285584,0.11723495530607178,2.5370148964289703,9.80026431269983,0.19961057665552487,0.10168031855174171,-0.30922467925731845,-0.8956571494942032,9.152032520325204,4.80550750420038,-0.20069596534507464,-0.5880725183231053,0.023514696685428393,0.07186678909176604,4.287282756276379,18.89775278223695,0.8292682926829268,0.3762743565985735,-1.7501500535908439,1.0630252100840334,2.0689655172413794,3.268776365835605,3.753573327016457,13.214701589122804,2.0,0.0,0,0,1.9024390243902438,2.8267440379415456,4.297654038678325,18.53231462401575,0.0,0.0,0,0,0.010361722053132445,0.029394414574659834,2.7254258364332977,6.051422993510975,0.03448275862068966,0.0492157200756101,3.758060752388834,13.269277350540296,0.03448275862068966,0.027687620955940375,2.9496179928273314,11.232312391571154,1.1724137931034482,0.377739694831149,1.7344547654330282,1.00833333333334,-0.15852031534183952,78.0,398.0,0.0,216.0,4860.0,24.0,0.0,0.0,0.0,898.0,1416.0,62280.0,0.0,0.0,0.0,0.0,138.0,0.0,0.0,0.0,12.0,0.0,0.0,0.0,0.0,0.0,0.0,0.0,0.0,0.0,0.0,1,1,0,1,1,1,0,0,0,1,1,1,0,0,0,0,1,0,0,0,1,0,0,0,0,0,0,0,0,0,0,6.666666666666667,1.8499249234015471,4.2847181667417376,18.637291280148435,2.2666666666666666,0.6289320754704404,-0.2763140541140169,-0.6597651811639968,0.0,0.0,0,0,3.1,0.3,2.6666666666666656,5.111111111111107,0.8,0.4,-1.5,0.25,13.344466666666671,3.7083133248898426,4.293205652363373,18.697310171874967,0.6,0.8406346808612327,1.5352281640505967,1.8497686009255982,418.4780000000002,82.03,4.066800000000003,0,5,0,0,0,0,0,0,0,0,0,0,0,0,0,0,0,0,0,0,0,0,0,0,0,0,0,0,0,0,0,0,0,0,0,0,0,0,1,0,1,0,0,0,0,0,0,0,0,1,0,0,0,0,0,0,0,0,0,0,0,0,0,0,1,0,0,1,0,0,0,0,0,0,1,0,0,1,0,1,0,0,1,1,0,1,0,1,0,0,1,0,0,0,1,1,0,0,1,1,1,0,1,1,0,0,0,1,0,0,0,0,1,0,0,1,0,0,0,1,0,0,1,1,1,0,0,1,1,1,0,0,0,0,0,0,0,0,0,1,0,0,0,0,1,1,1,1,1,0,1,1,1,1,1,1,1,1,1,1,1,1,1,1,1,1,1,1,0,1
CHEMBL2973_82,36,33,-1,-1,-1,2.0,2.614064523559687,2.8550996224007053,6.526472337894111,0.1143106012487376,0.1212883515426353,1.6793140267417528,3.379292108978584,0.18073116983658233,0.08951474406076163,-0.21695848854141836,-0.9326294262982886,7.303703703703704,3.8064944322599223,-0.08704472044892667,-0.7776009548390523,0.024369747899159664,0.06715332108909933,3.0684756880832245,8.355716733026004,0.8055555555555556,0.3957724124659724,-1.544097293955913,0.3842364532019724,2.0,2.614064523559687,2.8550996224007053,6.526472337894111,2.0,0.0,0,0,1.8333333333333333,2.242270674512285,3.28363535546538,9.773511187082194,0.0,0.0,0,0,0.004036087369420702,0.012126868745605066,3.0467764267425985,8.423273743143149,0.041666666666666664,0.049320386585692724,2.863318019560769,6.556710596801295,0.041666666666666664,0.018714293950642634,0.3972786927220467,1.5112260149273098,1.1666666666666667,0.3726779962499649,1.7888543819998313,1.1999999999999993,-0.13660568315062885,66.0,236.0,0.0,138.0,1776.0,8.0,0.0,0.0,0.0,404.0,616.0,13080.0,0.0,0.0,0.0,0.0,36.0,0.0,0.0,0.0,0.0,0.0,0.0,0.0,0.0,0.0,0.0,0.0,0.0,0.0,0.0,1,1,0,1,1,1,0,0,0,1,1,1,0,0,0,0,1,0,0,0,0,0,0,0,0,0,0,0,0,0,0,7.0,2.412090756622109,3.109335740958187,8.7734375,2.121212121212121,0.8441447440717649,0.3723020142110542,-0.47340312466787093,0.0,0.0,0,0,3.272727272727273,0.4453617714151233,1.020620726159656,-0.9583333333333357,0.5454545454545454,0.4979295977319692,-0.18257418583505505,-1.9666666666666668,14.012090909090908,4.835948444242547,3.1150470546236435,8.801767009401875,0.8181818181818182,0.9678011771315946,1.1719603424043545,0.43100346020761116,489.6150000000002,98.77000000000001,3.7376000000000023,1,9,0,0,0,0,0,0,0,0,0,0,0,0,0,0,0,0,0,0,0,0,0,0,0,0,0,0,0,0,0,0,0,0,1,1,0,0,0,0,0,0,0,0,0,0,0,0,0,0,0,0,0,1,0,0,0,1,0,0,1,1,1,1,0,0,1,0,0,1,0,1,0,0,0,1,0,0,0,0,0,0,0,1,0,0,0,0,0,0,1,0,0,0,0,1,1,0,0,0,0,0,0,0,1,0,0,0,1,0,0,0,0,0,1,1,0,0,0,1,0,0,0,0,0,0,1,1,1,1,0,0,1,0,0,0,0,0,1,0,0,0,1,1,0,1,1,1,1,0,1,1,1,1,1,0,0,1,1,1,1,1,1,1,1,1,1,1,0,0
CHEMBL2973_83,39,40,-1,-1,-1,2.2962962962962963,3.3864087261222102,3.09200849142158,8.048407946246655,0.11093178914345679,0.11547797971239925,1.8149060987750745,4.0945355108994015,0.2103990285320878,0.1080401397973031,-0.37671884320286336,-1.0323617130715093,9.017094017094017,4.7686946364094585,-0.25598623076767,-0.7957805151277912,0.02016996753838859,0.062392596285907403,3.7441124760220967,12.91755886629564,0.8205128205128205,0.3837597319768145,-1.6703827619526517,0.7901785714285703,2.2962962962962963,3.3864087261222102,3.09200849142158,8.048407946246655,2.0,0.0,0,0,2.051282051282051,2.9084202950665103,3.6324257341986916,12.26779060363904,0.0,0.0,0,0,0.037250692204252575,0.07682128688508195,2.140175520456439,4.068813634577395,0.037037037037037035,0.05016136112262812,3.1380654222295643,8.323430168408729,0.037037037037037035,0.9648167014893156,-2.94235507744443,7.404600401253054,1.3333333333333333,0.4714045207910316,0.7071067811865481,-1.4999999999999993,2.428176344099724,80.0,414.0,0.0,396.0,4530.0,88.0,0.0,0.0,0.0,1760.0,2492.0,50064.0,0.0,0.0,0.0,0.0,522.0,0.0,0.0,0.0,120.0,0.0,0.0,0.0,0.0,0.0,0.0,0.0,0.0,0.0,48.0,1,1,0,1,1,1,0,0,0,1,1,1,0,0,0,0,1,0,0,0,1,0,0,0,0,0,0,0,0,0,1,6.419354838709677,0.7523808896574582,1.411553152528647,0.24785088667820077,2.193548387096774,0.5913000896717213,-0.08085752182851401,-0.3819090136054424,0.0,0.0,0,0,3.2580645161290325,0.4375696763306625,1.1058146711617267,-0.7771739130434812,0.5483870967741935,0.4976531813077907,-0.19446111706564911,-1.962184873949579,12.847387096774197,1.5003969727917144,1.4109751589261288,0.24606635950250455,0.8064516129032258,0.8198880662670216,0.7213559555896845,-0.22915488502717363,423.4690000000002,105.7,3.0363000000000016,1,8,0,0,0,0,0,0,0,0,0,0,0,0,0,0,0,0,0,0,0,0,0,0,0,0,0,0,0,0,0,0,0,0,0,0,0,0,0,0,0,0,0,0,0,0,0,0,0,0,0,0,0,0,1,0,0,0,0,1,0,0,0,0,1,0,0,1,0,0,0,1,0,0,0,0,0,0,0,0,0,0,1,0,1,1,0,0,0,0,0,1,1,1,1,1,1,1,1,1,1,0,0,1,0,0,1,1,0,0,0,1,1,0,0,1,0,0,0,1,1,0,1,1,0,0,1,1,1,1,1,0,0,1,1,1,0,1,0,1,1,1,1,0,1,1,1,1,1,1,0,0,1,1,1,1,1,1,1,1,1,1,1,1,1,1,1,1,0,1
CHEMBL2973_84,36,36,-1,-1,-1,2.25,3.003470215156683,2.803915956132384,6.274640112219917,0.11500706804731833,0.12062815623616766,1.6010603581095117,2.85490855104751,0.19782187503001636,0.10145732179875427,-0.27002766563408687,-1.0902158466741616,7.856481481481483,4.181437296784566,-0.14764457252175278,-0.8802637470796864,0.02072829131652661,0.059623766971310034,3.4469934974885876,10.708998627881234,0.8055555555555556,0.39577241246597245,-1.5440972939559132,0.3842364532019702,2.25,3.003470215156683,2.803915956132384,6.274640112219917,2.0,0.0,0,0,2.0,2.560381915956203,3.3165073424436993,9.997127262280955,0.0,0.0,0,0,0.03541964976496427,0.09088856916835322,3.835881713739221,16.188036713322997,0.04166666666666665,0.050964422112447415,2.838421323653432,6.412418350967245,0.041666666666666664,0.027470785279369435,-0.1801379251299521,0.08910030607073072,1.3333333333333333,0.4714045207910317,0.7071067811865479,-1.4999999999999993,1.5379710167554255,72.0,308.0,0.0,292.0,2712.0,56.0,0.0,0.0,0.0,1046.0,1520.0,23880.0,0.0,0.0,0.0,0.0,274.0,0.0,0.0,0.0,48.0,0.0,0.0,0.0,0.0,0.0,0.0,0.0,0.0,0.0,36.0,1,1,0,1,1,1,0,0,0,1,1,1,0,0,0,0,1,0,0,0,1,0,0,0,0,0,0,0,0,0,1,6.233333333333333,0.4955356249106168,2.0441947893571206,3.3794148358960756,2.2666666666666666,0.5120763831912405,0.28244373907704223,-0.4412525136455021,0.0,0.0,0,0,3.1,0.3,2.6666666666666643,5.111111111111107,0.8,0.4,-1.5,0.2499999999999991,12.476600000000003,0.9886138983445462,2.0424068101987247,3.3683514469538682,0.7,0.7371114795831993,1.0387087882718573,1.1700101622191248,395.4660000000001,63.17,4.811000000000004,0,5,0,0,0,0,0,0,0,0,0,0,0,0,0,0,0,0,0,0,0,0,0,0,0,0,0,1,0,0,0,0,0,0,0,0,0,0,0,0,1,0,0,0,0,0,0,0,0,0,0,0,0,0,0,0,0,0,0,0,0,0,0,0,1,0,0,1,0,0,0,0,0,0,0,0,0,1,0,1,0,0,1,0,0,1,0,1,1,0,0,0,0,0,0,1,0,0,1,0,1,0,1,1,0,0,0,1,1,0,0,0,0,0,0,1,0,0,0,0,0,0,1,1,1,0,0,1,1,1,0,1,0,0,0,1,0,1,0,1,1,0,0,0,1,1,1,1,0,0,1,0,0,1,1,1,0,0,1,1,1,0,1,1,1,1,1,1,0,1
CHEMBL2973_85,38,37,-1,-1,-1,2.25,3.2048140871715685,3.1756864860764717,8.87739509317051,0.1078484812605548,0.12117959631669008,2.0023284243129966,5.943966977387301,0.18006282652513542,0.10224094775357731,-0.13402651372267915,-1.1875442294621203,7.576315789473685,4.426388888285291,-0.05754793151511473,-0.9399603518182933,0.01750434645171487,0.05502374832997698,4.14681771589422,16.8025349521153,0.8157894736842105,0.3876557858593746,-1.629226159925114,0.6543778801843323,2.25,3.2048140871715685,3.1756864860764717,8.87739509317051,2.0,0.0,0,0,1.9473684210526316,2.655157527500935,3.8693858525557046,14.652553602927263,0.0,0.0,0,0,0.053520164046479836,0.16540389497571423,4.944438131484732,25.251740724981012,0.04166666666666666,0.0543635096382916,3.1857772386975918,8.88345746008548,0.041666666666666664,0.030864486343089765,-1.1713781853554086,1.1980966269154907,1.375,0.4841229182759271,0.5163977794943223,-1.7333333333333334,-1.5650184758420023,74.0,338.0,0.0,244.0,3510.0,56.0,0.0,0.0,0.0,1052.0,1380.0,37920.0,0.0,0.0,0.0,0.0,278.0,0.0,0.0,0.0,48.0,0.0,0.0,0.0,0.0,0.0,0.0,0.0,0.0,0.0,0.0,1,1,0,1,1,1,0,0,0,1,1,1,0,0,0,0,1,0,0,0,1,0,0,0,0,0,0,0,0,0,0,6.3478260869565215,0.6330530338504798,1.61333869920866,1.2975258098967641,2.260869565217391,0.5289358721998452,0.1632881833370789,-0.3970051132213288,0.0,0.0,0,0,3.260869565217391,0.4391089103635686,1.089162297274343,-0.8137254901960769,0.6521739130434783,0.47628048478710094,-0.6390096504226939,-1.5916666666666668,12.704913043478264,1.2626662581201284,1.6120163912066334,1.2920769263319007,0.782608695652174,0.8825123100080191,0.8172014911377158,-0.3405127721745691,310.3570000000001,63.269999999999996,2.4701000000000004,0,3,0,0,0,0,0,0,0,0,0,0,0,0,0,0,0,0,0,0,0,0,0,0,0,0,0,0,0,0,0,0,0,0,0,0,0,0,0,0,1,0,0,0,0,0,0,0,0,0,0,0,0,0,0,0,0,0,0,1,0,0,0,0,1,0,0,1,0,0,0,0,0,0,0,0,0,1,0,1,0,0,1,0,0,1,0,1,1,0,0,0,0,0,0,1,0,1,1,0,1,0,1,1,0,0,0,1,0,0,0,1,0,1,0,1,0,0,0,0,1,0,1,1,1,0,0,1,1,1,1,1,0,0,1,1,0,1,0,1,1,0,0,0,1,1,0,1,0,1,1,0,0,1,1,1,0,0,1,1,1,1,1,1,1,1,1,1,0,0
CHEMBL2973_86,40,37,-1,-1,-1,2.0,2.939873661036668,3.2468927736468087,8.791134485349362,0.11276316248444954,0.11083532463301418,1.9197407973599796,5.256279328036836,0.18981045336055458,0.09126559322343283,-0.49857703399107384,-0.8422507783306847,8.590833333333332,4.359142611289009,-0.3018782065700671,-0.6271451017303802,0.024291497975708502,0.07583096702991073,3.345160879970453,9.667207659749169,0.825,0.3799671038392666,-1.7106744068953987,0.9264069264069255,2.0,2.939873661036668,3.2468927736468087,8.791134485349362,2.0,0.0,0,0,1.85,2.5450933185248825,3.707317473287555,12.601217497077808,0.0,0.0,0,0,0.0,0.0,0,0,0.03571428571428572,0.048114037810968756,3.2614117101257887,8.86562181667721,0.035714285714285705,0.05341652843372342,3.538749104148314,11.347676641096987,1.2142857142857142,0.410325903324145,1.3926212476455828,-0.060606060606060996,0.9891345593789093,74.0,322.0,0.0,118.0,3096.0,0.0,0.0,0.0,0.0,320.0,594.0,29160.0,0.0,0.0,0.0,0.0,0.0,0.0,0.0,0.0,0.0,0.0,0.0,0.0,0.0,0.0,0.0,0.0,0.0,0.0,12.0,1,1,0,1,1,0,0,0,0,1,1,1,0,0,0,0,0,0,0,0,0,0,0,0,0,0,0,0,0,0,1,6.24,0.5851495535331118,2.294165480322957,3.798890732815088,2.16,0.6118823416311342,-0.10392478956040589,-0.4526627218934922,0.0,0.0,0,0,3.12,0.32496153618543844,2.33873832860732,3.4696969696969635,0.72,0.448998886412873,-0.9799578870122222,-1.0396825396825407,12.48972,1.166996127500002,2.2932226850489745,3.7939922904329277,0.8,0.8,1.3125000000000002,1.9374999999999991,332.403,51.22,4.248200000000002,1,5,0,0,0,0,0,0,0,0,0,0,0,0,0,0,0,0,0,0,0,0,0,0,0,0,0,0,0,0,0,0,0,0,0,0,0,0,0,0,0,0,0,0,0,0,0,0,0,0,0,0,0,0,0,0,0,0,0,0,0,0,0,0,1,0,0,1,0,0,0,0,0,0,0,0,0,0,0,0,0,0,0,0,0,0,0,0,0,0,0,0,0,0,1,1,0,0,0,0,1,0,0,0,0,0,0,0,0,0,0,0,1,0,0,1,0,0,0,1,0,0,0,1,0,0,0,1,1,1,0,0,0,0,0,0,0,0,0,1,0,0,0,0,1,1,0,1,0,0,0,1,0,1,1,0,1,0,1,1,1,1,1,1,1,1,1,1,0,1
CHEMBL2973_87,39,38,-1,-1,-1,2.1481481481481484,3.147058634999704,3.314212000113679,9.631034062046798,0.1072925568631183,0.1188668704172873,1.9847880760372392,5.523949705177159,0.191610707647338,0.09741477065787006,-0.2766771235022799,-1.0536525448657297,8.488522588522589,4.494617491196829,-0.1628132720839082,-0.7751299998734034,0.02425502425502426,0.06755418516138201,3.7065078905851516,13.009002101313069,0.8205128205128205,0.3837597319768145,-1.6703827619526517,0.7901785714285703,2.1481481481481484,3.147058634999704,3.314212000113679,9.631034062046798,2.0,0.0,0,0,1.9487179487179487,2.7075271899926756,3.836823523425488,14.09810843572162,0.0,0.0,0,0,0.0205523643023643,0.048712439685722704,1.9913373091247917,2.052487848923456,0.037037037037037035,0.04886956158986396,3.335773302694609,9.832415254576231,0.037037037037037035,0.0337033198934183,-1.200658156951086,1.5493859366345255,1.2222222222222223,0.41573970964154905,1.3363062095621205,-0.21428571428571752,0.414191671935959,76.0,358.0,0.0,242.0,3780.0,48.0,0.0,0.0,0.0,1132.0,1360.0,40800.0,0.0,0.0,0.0,0.0,264.0,0.0,0.0,0.0,48.0,0.0,0.0,0.0,0.0,0.0,0.0,0.0,0.0,0.0,0.0,1,1,0,1,1,1,0,0,0,1,1,1,0,0,0,0,1,0,0,0,1,0,0,0,0,0,0,0,0,0,0,6.32,0.6144916598294886,1.744310747971884,1.7653691467968944,2.16,0.6118823416311343,-0.10392478956040592,-0.4526627218934922,0.0,0.0,0,0,3.12,0.32496153618543844,2.3387383286073207,3.4696969696969635,0.68,0.46647615158762407,-0.7717436331412901,-1.4044117647058822,12.6494,1.2256506516948462,1.7429753345769305,1.759458141013397,0.8,0.848528137423857,1.1785113019775797,1.0925925925925952,336.395,70.25,3.749200000000002,0,5,0,0,0,0,0,0,0,0,0,0,0,0,0,0,0,0,0,0,0,0,0,0,0,0,0,0,0,0,0,0,0,0,0,0,0,0,0,1,0,0,0,0,0,0,0,0,0,0,0,0,0,0,1,0,0,0,0,0,0,0,0,0,1,0,0,1,0,0,0,1,0,0,0,0,0,0,0,1,0,0,1,0,0,1,0,1,1,0,0,0,1,0,0,1,1,0,1,0,0,0,1,0,0,0,0,0,1,0,0,0,1,0,0,1,0,1,0,1,0,0,1,1,1,0,1,1,1,1,0,0,0,1,0,1,0,1,0,1,0,0,0,0,1,1,0,1,0,0,1,1,0,1,1,1,1,1,1,1,1,1,1,1,1,1,1,1,0,1
CHEMBL2973_88,38,37,-1,-1,-1,2.1538461538461537,3.109443527908882,3.2953726815094124,9.777011306553375,0.10875432923890875,0.12036729350400482,2.028590691008782,5.937124936068102,0.19841754795037264,0.10194568149229864,-0.2694970515821824,-1.0090178762565074,8.34561403508772,4.441187614814135,-0.14530902348363312,-0.7502479355045,0.022087877351035245,0.06401180054185056,3.8642105352699327,14.927319486331548,0.8157894736842105,0.3876557858593746,-1.6292261599251143,0.6543778801843323,2.1538461538461537,3.109443527908882,3.2953726815094124,9.777011306553375,2.0,0.0,0,0,1.9473684210526316,2.6650502949836135,3.826894719863895,14.392962317556659,0.0,0.0,0,0,0.0196693657219973,0.04780130290026694,2.1937060699908058,3.099365052903341,0.03846153846153847,0.05024732518172102,3.3299415525778726,10.034986242317956,0.03846153846153847,0.2770131899520098,-3.087034444059517,9.057716197861351,1.2307692307692308,0.42132504423474315,1.278019300845387,-0.3666666666666676,0.0692686120454485,74.0,340.0,0.0,262.0,3516.0,48.0,0.0,0.0,0.0,1052.0,1500.0,37920.0,0.0,0.0,0.0,0.0,258.0,0.0,0.0,0.0,48.0,0.0,0.0,0.0,0.0,0.0,0.0,0.0,0.0,0.0,0.0,1,1,0,1,1,1,0,0,0,1,1,1,0,0,0,0,1,0,0,0,1,0,0,0,0,0,0,0,0,0,0,6.333333333333333,0.6356417261637282,1.7043143782764976,1.537500000000004,2.1818181818181817,0.5195887333176438,0.20352903110589202,0.12307371928363242,0.0,0.0,0,0,3.3333333333333335,0.4714045207910317,0.7071067811865465,-1.500000000000001,0.5151515151515151,0.4997703788627467,-0.060633906259083194,-1.9963235294117647,12.675969696969698,1.2677875858037462,1.7031047801492236,1.532425393525874,0.9393939393939394,0.8506465968253455,0.41102676300131613,-0.8298526115076408,449.555,82.72,3.841700000000002,0,9,0,0,0,0,0,0,0,0,0,0,0,0,0,0,0,0,0,0,0,0,0,0,0,0,0,0,0,0,0,0,0,0,0,0,0,0,0,1,0,0,0,0,0,0,0,0,0,0,0,0,0,0,1,0,0,0,0,1,0,0,0,0,1,0,0,1,0,0,0,1,0,0,0,0,0,1,0,1,0,0,1,0,0,1,0,1,1,0,0,0,1,1,0,1,1,1,1,0,1,0,1,0,0,0,0,0,1,0,0,1,1,1,0,1,0,0,0,1,1,0,1,1,1,0,1,1,1,1,1,1,0,1,1,1,0,1,0,1,1,0,0,0,1,1,0,1,1,1,1,0,0,1,1,1,1,1,1,1,1,1,1,1,1,1,1,1,0,1
CHEMBL2973_89,39,35,-1,-1,-1,2.0,2.842534080710379,2.978098518536632,7.159543182040975,0.1085867461957237,0.11768578585220534,1.759741762316649,3.8509977616274256,0.1693593735558118,0.09188532693619607,-0.20740682105559605,-1.079090422254036,7.393162393162394,4.198381383174441,-0.08329044325214252,-0.9047557038741028,0.01998759893496736,0.06039150001264046,3.2496467331371024,9.397846530473203,0.8205128205128205,0.3837597319768145,-1.6703827619526517,0.7901785714285703,2.0,2.842534080710379,2.978098518536632,7.159543182040975,2.0,0.0,0,0,1.794871794871795,2.377021268682418,3.5546952341290194,11.57421303560851,0.0,0.0,0,0,0.0035638095531840518,0.010990820437877242,3.031398349224606,8.082837429909995,0.04000000000000001,0.051870318847882006,2.992092824050231,7.222660750407334,0.04000000000000001,0.02974180193416669,-0.9622875272018123,1.6881398044933063,1.16,0.36660605559646714,1.8548520670059365,1.4404761904761942,1.925541693118529,70.0,276.0,0.0,130.0,2376.0,8.0,0.0,0.0,0.0,482.0,644.0,19920.0,0.0,0.0,0.0,0.0,40.0,0.0,0.0,0.0,0.0,0.0,0.0,0.0,0.0,0.0,0.0,0.0,0.0,0.0,0.0,1,1,0,1,1,1,0,0,0,1,1,1,0,0,0,0,1,0,0,0,0,0,0,0,0,0,0,0,0,0,0,6.913043478260869,2.263376536490499,3.8200615882198723,14.175053444261383,2.1739130434782608,0.7605589428059089,-0.3026445620161915,-1.2204921184159951,0.0,0.0,0,0,3.217391304347826,0.4124709991523973,1.370320319406297,-0.1222222222222249,0.5217391304347826,0.4995271866554807,-0.08703882797784883,-1.992424242424242,13.897521739130438,4.806334957926703,3.8934263136887095,14.609470426349596,0.6521739130434783,1.0047147833296821,1.2515491436831165,0.13304296595547438,334.7630000000001,90.57000000000001,1.8186999999999995,0,4,0,0,0,0,0,0,0,0,0,0,0,0,0,0,0,0,0,0,0,0,0,0,0,0,0,1,0,0,0,0,0,0,0,0,0,0,0,0,1,0,0,0,0,0,0,0,0,0,0,0,0,0,0,0,0,0,0,0,0,0,0,0,0,0,0,1,0,0,0,0,0,0,1,0,0,1,0,1,0,0,1,0,0,1,1,1,0,1,0,0,0,0,1,1,0,0,1,1,1,0,1,1,0,1,0,1,1,1,1,0,1,1,0,1,0,0,0,1,0,0,1,1,1,0,0,1,1,1,1,1,0,0,1,1,1,1,0,1,0,0,0,0,1,1,1,1,1,0,1,1,1,1,1,1,1,1,1,1,1,1,1,1,1,1,1,1,0,0
CHEMBL2973_90,39,38,-1,-1,-1,2.1481481481481484,3.147058634999704,3.3142120001136792,9.631034062046798,0.1072925568631183,0.1188668704172873,1.9847880760372392,5.523949705177159,0.191610707647338,0.09741477065787006,-0.2766771235022799,-1.0536525448657297,8.488522588522589,4.494617491196829,-0.16281327208390825,-0.7751299998734034,0.02425502425502426,0.06755418516138201,3.7065078905851516,13.009002101313069,0.8205128205128205,0.3837597319768145,-1.6703827619526517,0.7901785714285703,2.1481481481481484,3.147058634999704,3.3142120001136792,9.631034062046798,2.0,0.0,0,0,1.9487179487179487,2.707527189992676,3.8368235234254873,14.098108435721617,0.0,0.0,0,0,0.0205523643023643,0.048712439685722704,1.9913373091247917,2.052487848923456,0.037037037037037035,0.04886956158986396,3.335773302694609,9.832415254576231,0.037037037037037035,0.042453372130232675,3.2542810109826523,10.30798882903275,1.2222222222222223,0.41573970964154905,1.3363062095621205,-0.21428571428571752,0.41577889826244596,76.0,358.0,0.0,242.0,3780.0,48.0,0.0,0.0,0.0,1132.0,1360.0,40800.0,0.0,0.0,0.0,0.0,264.0,0.0,0.0,0.0,48.0,0.0,0.0,0.0,0.0,0.0,0.0,0.0,0.0,0.0,0.0,1,1,0,1,1,1,0,0,0,1,1,1,0,0,0,0,1,0,0,0,1,0,0,0,0,0,0,0,0,0,0,6.32,0.6144916598294887,1.7443107479718842,1.7653691467968935,2.16,0.6118823416311342,-0.10392478956040585,-0.4526627218934922,0.0,0.0,0,0,3.12,0.32496153618543844,2.3387383286073207,3.4696969696969635,0.68,0.46647615158762407,-0.7717436331412901,-1.4044117647058822,12.6494,1.2256506516948462,1.7429753345769303,1.759458141013396,0.8,0.8485281374238571,1.178511301977579,1.0925925925925917,336.3950000000001,79.04,3.7154200000000017,0,5,0,0,0,0,0,0,0,0,0,0,0,0,0,0,0,0,0,0,0,0,0,0,0,0,0,0,0,0,0,0,0,0,0,0,0,0,0,1,0,0,0,0,0,1,0,0,0,0,0,0,0,0,1,0,0,0,0,0,0,0,0,0,1,0,0,1,0,0,0,1,0,0,0,0,0,0,0,1,0,0,1,0,1,1,0,0,0,0,0,0,1,0,0,1,1,0,1,0,0,0,1,0,0,0,0,0,1,0,0,0,1,0,0,1,0,0,0,1,0,0,1,1,0,0,1,1,1,1,0,0,0,1,0,1,0,1,0,1,0,0,0,0,1,1,1,1,0,0,0,1,1,1,1,1,1,1,1,1,1,1,1,1,1,1,1,1,0,1
CHEMBL2973_91,39,38,-1,-1,-1,2.1481481481481484,3.3077205276690527,3.4004037688651616,10.300547266171634,0.10835164414532307,0.11790227670418804,2.118822129064514,6.599756895383171,0.20033987321295374,0.10280963174317638,-0.29354498071391255,-1.0107474001333296,8.724786324786324,4.624083603360466,-0.1879048664538426,-0.7277259368794788,0.022285443338074917,0.06757982034697135,3.9637649969355717,15.093026246457772,0.8205128205128205,0.3837597319768145,-1.6703827619526515,0.7901785714285698,2.1481481481481484,3.3077205276690527,3.4004037688651616,10.300547266171634,2.0,0.0,0,0,1.9487179487179487,2.8370146637792257,3.953028797629789,15.129444710562662,0.0,0.0,0,0,0.019712171886084928,0.046789880613813624,1.9994856094998827,2.0889254299664426,0.03703703703703703,0.05177064212258925,3.431947955015252,10.548170742199412,0.03703703703703703,0.5047735180815233,3.541477790935337,11.584738616451775,1.2222222222222223,0.41573970964154905,1.336306209562121,-0.21428571428571663,-0.1853046080347192,76.0,386.0,0.0,250.0,4410.0,48.0,0.0,0.0,0.0,1192.0,1500.0,51720.0,0.0,0.0,0.0,0.0,276.0,0.0,0.0,0.0,48.0,0.0,0.0,0.0,0.0,0.0,0.0,0.0,0.0,0.0,0.0,1,1,0,1,1,1,0,0,0,1,1,1,0,0,0,0,1,0,0,0,1,0,0,0,0,0,0,0,0,0,0,6.3076923076923075,0.605692913385524,1.8066792260349687,2.001560874089492,2.230769230769231,0.5756395979652218,-0.057270266124091314,-0.39540816326530637,0.0,0.0,0,0,3.076923076923077,0.2664693550105965,3.175426480542939,8.083333333333325,0.7692307692307693,0.4213250442347431,-1.278019300845388,-0.3666666666666658,12.624846153846155,1.2081035262664852,1.8053361295049717,1.9954203265116224,0.6923076923076923,0.7216024245882199,1.152010688944236,1.8127582644628104,346.39,82.79999999999998,3.496600000000001,0,5,0,0,0,0,0,0,0,0,0,0,0,0,0,0,0,0,0,0,0,0,0,0,0,0,0,0,0,0,0,0,0,0,0,0,0,0,0,0,0,0,0,0,0,0,0,0,0,0,0,0,0,0,1,0,1,0,0,0,0,0,0,0,1,0,0,1,0,0,0,1,0,0,0,0,0,0,0,0,0,1,1,0,1,1,0,0,0,0,0,0,0,1,1,1,1,1,1,0,0,0,1,1,0,0,0,1,0,0,0,0,1,0,0,1,0,0,0,1,0,0,1,1,0,0,1,1,1,1,0,0,0,1,0,0,0,0,0,1,0,0,0,0,1,1,0,1,0,0,0,0,0,1,1,1,1,1,1,1,1,1,1,1,1,1,1,1,0,1
CHEMBL2973_92,38,38,-1,-1,-1,2.2222222222222223,3.3591592128513272,3.582672641220094,11.947878610862398,0.11135754758565224,0.11796307078655341,2.3047821221914693,8.142052135447486,0.21819157929011274,0.10985306660534602,-0.4055108991947934,-0.8365734610794653,9.111403508771932,4.713401798032424,-0.2950620554101803,-0.5442407039857451,0.022285443338074917,0.06936273760529389,4.366737825526422,19.026067108954763,0.8157894736842105,0.3876557858593746,-1.629226159925114,0.6543778801843323,2.2222222222222223,3.3591592128513272,3.582672641220094,11.947878610862398,2.0,0.0,0,0,2.0,2.919985580353726,4.10960933531265,16.847050754458156,0.0,0.0,0,0,0.020157035946509628,0.0478631868914155,2.0411845663991643,2.3092740247426535,0.03703703703703703,0.05125132810408016,3.6454963362835318,12.431502757907703,0.03703703703703703,0.033489112021393576,3.5047923198042903,13.030321518450222,1.3333333333333333,0.4714045207910316,0.7071067811865481,-1.4999999999999993,2.466777860288231,76.0,400.0,0.0,286.0,4860.0,48.0,0.0,0.0,0.0,1206.0,1800.0,62280.0,0.0,0.0,0.0,0.0,276.0,0.0,0.0,0.0,48.0,0.0,0.0,0.0,0.0,0.0,0.0,0.0,0.0,0.0,48.0,1,1,0,1,1,1,0,0,0,1,1,1,0,0,0,0,1,0,0,0,1,0,0,0,0,0,0,0,0,0,1,6.642857142857143,1.8938676547946935,4.305385596300021,18.311171994034893,2.2857142857142856,0.5890150893739515,-0.17120161767270484,-0.5743944636678204,0.0,0.0,0,0,3.0714285714285716,0.25753937681885636,3.328201177351373,9.07692307692307,0.8571428571428571,0.34992710611188255,-2.041241452319315,2.166666666666668,13.297285714285717,3.7969001534818116,4.311976494559736,18.35664770677405,0.5714285714285714,0.7284313590846836,1.4142990514772888,2.1908284023668605,388.4520000000001,72.80000000000001,4.058200000000003,0,4,0,0,0,0,0,0,0,0,0,0,0,0,0,0,0,0,0,0,0,0,0,0,0,0,0,0,0,0,0,0,0,0,0,0,0,0,1,0,0,0,0,0,0,0,0,0,0,1,0,0,0,0,1,0,0,0,0,0,0,0,0,0,1,0,0,1,0,0,0,1,0,0,0,0,0,1,0,1,0,0,1,1,0,1,0,1,0,0,1,0,0,0,1,1,1,0,1,1,1,0,1,1,0,0,0,1,0,0,0,0,1,0,0,1,0,0,0,1,0,0,1,1,1,0,1,1,1,1,0,0,0,0,0,0,0,0,0,1,0,0,0,0,1,1,1,1,0,0,1,0,1,1,1,1,1,1,1,1,1,1,1,1,1,1,1,1,0,1
CHEMBL2973_93,39,38,-1,-1,-1,2.25,3.3942353090693835,3.230932776762166,9.366611185413115,0.10468145433417803,0.1211726815726508,1.9960619458945097,5.760781498520776,0.18025813476772526,0.10519430285110305,-0.09882173805645306,-1.269307621328248,7.653846153846154,4.5799147492321834,0.006189407488690743,-0.9845760563144279,0.014881278039172776,0.0494200691534153,4.320213099770253,18.51436329802088,0.8205128205128205,0.3837597319768145,-1.6703827619526517,0.7901785714285703,2.25,3.3942353090693835,3.230932776762166,9.366611185413115,2.0,0.0,0,0,1.9487179487179487,2.763764785983413,4.010399210475279,16.026758079343413,0.0,0.0,0,0,0.03187645687645688,0.07087622359184967,1.9045111626700082,1.8506578912347722,0.04166666666666666,0.05775745995443969,3.2945575188583964,9.80330976890316,0.04166666666666665,0.28282440076262705,3.298169920396154,9.726655990349157,1.2916666666666667,0.45452967144315476,0.9166984970282107,-1.159663865546219,-0.19524834942692337,76.0,370.0,0.0,288.0,4146.0,80.0,0.0,0.0,0.0,1326.0,1740.0,48840.0,0.0,0.0,0.0,0.0,448.0,0.0,0.0,0.0,120.0,0.0,0.0,0.0,0.0,0.0,0.0,0.0,0.0,0.0,0.0,1,1,0,1,1,1,0,0,0,1,1,1,0,0,0,0,1,0,0,0,1,0,0,0,0,0,0,0,0,0,0,6.321428571428571,0.6008072800450258,1.7001355428481357,1.7040292674399735,2.2142857142857144,0.6185895741317419,-0.17551448183364676,-0.5642666666666667,0.0,0.0,0,0,3.0714285714285716,0.25753937681885636,3.328201177351373,9.07692307692307,0.75,0.4330127018922193,-1.1547005383792515,-0.6666666666666665,12.65228571428572,1.198413262167428,1.6986659750403548,1.6973905137672842,0.6785714285714286,0.8041664463712643,1.4689977263404677,2.2075557578516154,373.4160000000001,91.93,4.5859200000000016,0,4,0,0,0,0,0,0,0,0,0,0,0,0,0,0,0,0,0,0,0,0,0,0,0,0,0,0,0,0,0,0,0,0,0,0,0,0,0,1,1,0,0,0,0,1,0,0,0,0,0,0,0,0,0,0,0,0,0,0,0,0,0,0,1,0,0,1,0,0,0,0,0,0,0,0,0,0,0,1,0,0,1,0,0,1,0,0,0,0,0,0,0,0,0,1,0,0,1,1,1,0,0,1,0,0,0,1,1,0,0,0,1,0,0,1,0,0,0,1,0,0,1,1,0,0,0,1,1,1,0,0,0,1,0,1,0,1,0,1,0,0,0,0,1,1,0,1,0,0,0,1,0,1,1,0,1,0,1,1,1,1,1,1,1,1,1,1,0,1
CHEMBL2973_94,40,38,-1,-1,-1,2.1538461538461537,3.170686745465377,3.124232564981403,8.08297717627064,0.10741394340268673,0.1160269139582899,1.9114371796957839,5.032151631218371,0.17745656836718077,0.0978671272790676,-0.21888573599724634,-1.1211653990427906,7.973333333333334,4.554246797099262,-0.13601347284223897,-0.9249941115582994,0.01916329284750337,0.06024614561721792,3.7963818273522287,13.464657125955231,0.825,0.3799671038392666,-1.7106744068953987,0.9264069264069255,2.1538461538461537,3.170686745465377,3.124232564981403,8.08297717627064,2.0,0.0,0,0,1.9,2.6532998322843198,3.76155745810856,13.117976417226242,0.0,0.0,0,0,0.039803679926630746,0.15712688422934065,5.696921271211256,31.868922365847027,0.03846153846153845,0.05195202816202736,3.126981408982727,8.016564007852871,0.038461538461538464,0.0636053555393808,-2.5171305987675607,5.942330694099866,1.3076923076923077,0.46153846153846145,0.8333333333333339,-1.3055555555555547,-0.3129602371155857,76.0,350.0,0.0,200.0,3564.0,32.0,0.0,0.0,0.0,906.0,1110.0,36024.0,0.0,0.0,0.0,0.0,156.0,0.0,0.0,0.0,12.0,0.0,0.0,0.0,0.0,0.0,0.0,0.0,0.0,0.0,0.0,1,1,0,1,1,1,0,0,0,1,1,1,0,0,0,0,1,0,0,0,1,0,0,0,0,0,0,0,0,0,0,6.4,0.6845227743263393,1.4323669593651973,0.5957763236168918,2.2285714285714286,0.5897076411585798,-0.10645386896534599,-0.4513324075910865,0.0,0.0,0,0,3.2,0.5237229365663817,0.19094065395649246,-0.010416666666667851,0.5142857142857142,0.4997958767010257,-0.05716619504750263,-1.9967320261437904,12.808942857142858,1.3652391092061946,1.431246865425589,0.5918490720043557,0.6857142857142857,0.7079720967636495,1.0166737412224651,1.337080499527847,472.50500000000017,130.42,2.7922800000000008,4,6,0,0,0,0,0,0,0,0,0,0,0,0,0,0,0,0,0,0,0,0,0,0,0,0,0,1,0,0,0,0,0,0,0,0,0,0,0,1,0,0,0,1,0,1,0,0,0,0,0,0,0,0,0,0,0,0,0,1,0,0,0,0,1,0,0,1,0,0,0,0,0,0,1,0,0,0,0,1,0,0,1,0,0,1,0,0,0,0,0,1,0,1,0,1,0,1,1,1,1,0,0,1,0,0,1,1,1,0,0,1,1,1,0,1,0,0,0,1,0,0,1,1,0,0,0,1,1,1,1,0,0,1,0,1,0,1,0,1,1,0,1,0,1,1,1,1,1,0,0,0,1,1,1,1,1,0,1,1,1,1,1,1,1,1,1,1,0,0
CHEMBL2973_95,38,37,-1,-1,-1,2.1538461538461537,3.0595664309771293,3.1257229456302675,8.34571850511683,0.1115720078202954,0.11776025027415721,1.9191960933405758,5.2023298560716835,0.1949132774580458,0.09839724808727156,-0.30767441786224675,-0.981225783798128,8.29122807017544,4.354700587330194,-0.1911283027855118,-0.7692520983543312,0.022562035719930457,0.06655073282258017,3.555643169589946,11.657633724716217,0.8157894736842105,0.3876557858593746,-1.6292261599251143,0.6543778801843323,2.1538461538461537,3.0595664309771293,3.1257229456302675,8.34571850511683,2.0,0.0,0,0,1.9473684210526316,2.6252555607031427,3.635214108156898,12.472739244838232,0.0,0.0,0,0,0.025354460310309995,0.08310552991638256,4.92593871925626,25.042595965950493,0.038461538461538464,0.04990631499546847,3.146729903653283,8.416404995487,0.038461538461538464,0.1091868265854076,3.3664084263450884,10.216870620615865,1.2692307692307692,0.4435600997950306,1.0405319634289447,-0.917293233082705,-0.02026512384017986,74.0,332.0,0.0,236.0,3240.0,32.0,0.0,0.0,0.0,860.0,1278.0,32064.0,0.0,0.0,0.0,0.0,156.0,0.0,0.0,0.0,12.0,0.0,0.0,0.0,0.0,0.0,0.0,0.0,0.0,0.0,24.0,1,1,0,1,1,1,0,0,0,1,1,1,0,0,0,0,1,0,0,0,1,0,0,0,0,0,0,0,0,0,1,6.846153846153846,2.3264197378900007,3.668769404117429,12.468057527050808,2.1538461538461537,0.7351421121452028,0.137479291045323,-0.39487985508018664,0.0,0.0,0,0,3.1794871794871793,0.38375973197681457,1.6703827619526534,0.790178571428573,0.6153846153846154,0.4865042554105198,-0.4743416490252573,-1.7749999999999992,13.74017948717949,4.821890845587311,3.7238003818172825,12.908516815818864,0.7435897435897436,0.8075905511806986,0.7897820397824349,-0.20079181841831417,565.0990000000003,153.09,4.226000000000003,0,10,0,0,0,0,0,0,0,0,0,0,0,0,0,0,0,0,0,0,0,0,0,0,0,0,0,1,0,0,0,0,0,0,0,0,0,0,0,0,1,0,0,0,0,0,0,0,0,0,0,0,0,1,0,1,0,1,0,0,1,1,1,1,1,0,1,1,0,1,0,0,0,0,0,1,0,0,0,1,0,0,1,1,1,0,1,0,0,1,1,0,1,1,1,1,0,0,0,0,1,0,1,0,1,1,1,0,1,1,0,0,1,1,1,0,0,0,0,1,1,0,1,1,0,0,1,1,0,0,1,1,1,1,1,1,1,1,1,1,1,0,0,0,1,0,1,1,1,1,1,0,1,1,0,1,1,1,1,0,1,1,1,1,1,1,1,1,0,0
CHEMBL2973_96,41,40,-1,-1,-1,2.2222222222222223,3.4138425546082702,3.272996112131783,9.33014489370871,0.105515047659381,0.11513825871480593,2.0567594681959522,6.113431800957429,0.18879683301161496,0.10528982279736444,-0.2700659704066694,-1.1506104457372646,8.560975609756099,4.912755933679564,-0.17572937187506776,-0.9207320897742526,0.017729831144465292,0.0578916245939132,4.013273700874793,15.288860376592666,0.8292682926829268,0.37627435659857345,-1.7501500535908443,1.0630252100840352,2.2222222222222223,3.4138425546082702,3.272996112131783,9.33014489370871,2.0,0.0,0,0,1.951219512195122,2.8622967028645077,3.9431604115116032,14.901024771792798,0.0,0.0,0,0,0.030359935206882453,0.08499640319464036,4.241207375389078,19.928872161188444,0.037037037037037035,0.05232624558429913,3.300036877893994,9.4483377530693,0.03703703703703703,0.10782889181704067,3.490923492206858,11.05010472781742,1.2962962962962963,0.4566232594791834,0.8922178162191939,-1.2039473684210522,0.4929952477823321,80.0,412.0,0.0,296.0,4746.0,56.0,0.0,0.0,0.0,1396.0,1864.0,55680.0,0.0,0.0,0.0,0.0,324.0,0.0,0.0,0.0,48.0,0.0,0.0,0.0,0.0,0.0,0.0,0.0,0.0,0.0,36.0,1,1,0,1,1,1,0,0,0,1,1,1,0,0,0,0,1,0,0,0,1,0,0,0,0,0,0,0,0,0,1,6.6923076923076925,1.976189627486943,4.0191777308120775,15.960688705234151,2.230769230769231,0.7497534111391512,0.14255699207920014,-0.344819944598338,0.0,0.0,0,0,3.076923076923077,0.2664693550105965,3.175426480542939,8.083333333333325,0.8076923076923077,0.39411349099844606,-1.5614401167176535,0.4380952380952392,13.396076923076922,3.9615663658464584,4.026593468519947,16.00980227230409,0.6153846153846154,0.6837072628704299,1.3842853667089807,3.0443839128344807,364.42600000000004,83.05000000000001,4.006000000000002,0,3,0,0,0,0,0,0,0,0,0,0,0,0,0,0,0,0,0,0,0,0,0,0,0,0,0,0,0,0,0,0,0,0,0,0,0,0,0,0,1,0,0,0,0,0,0,0,0,0,0,0,0,1,0,0,0,1,0,0,1,1,1,1,1,0,1,1,0,1,0,0,0,0,0,1,0,0,0,1,0,1,0,1,0,1,0,0,0,0,1,0,0,0,0,1,0,0,1,0,0,0,0,1,1,0,0,1,0,0,0,0,0,0,1,1,0,0,0,0,0,0,1,1,0,0,1,1,0,1,0,0,1,1,0,0,0,0,1,1,0,1,0,0,1,1,0,1,1,0,1,0,0,1,1,0,0,0,1,1,0,1,1,1,1,1,1,1,0,0
CHEMBL2973_97,42,41,-1,-1,-1,2.1333333333333333,3.393457758033177,3.596047754503691,11.669988787896715,0.10388171956903236,0.11409694189111613,2.250489558494482,7.477816250563809,0.19948109127053662,0.10059128926087786,-0.3710636109906022,-0.9567328531122072,9.498072562358278,4.963776822861846,-0.2544241918627643,-0.6705911077440665,0.023954703832752614,0.07096483589644981,3.9366769217195,14.867194641729835,0.8333333333333334,0.37267799624996495,-1.788854381999832,1.200000000000001,2.1333333333333333,3.393457758033177,3.596047754503691,11.669988787896715,2.0,0.0,0,0,1.9523809523809523,2.943535135338208,4.130068598615062,16.52851235143791,0.0,0.0,0,0,0.016750715730307567,0.041485299248879316,2.1181623341472724,2.5788184801691063,0.03333333333333333,0.04792058086169544,3.621859777645757,11.917923673374505,0.03333333333333333,0.04375187717908818,-2.2803449942632237,5.832224257462267,1.2,0.4,1.5,0.24999999999999822,1.9979661038455268,82.0,442.0,0.0,272.0,5460.0,48.0,0.0,0.0,0.0,1422.0,1750.0,69120.0,0.0,0.0,0.0,0.0,300.0,0.0,0.0,0.0,48.0,0.0,0.0,0.0,0.0,0.0,0.0,0.0,0.0,0.0,0.0,1,1,0,1,1,1,0,0,0,1,1,1,0,0,0,0,1,0,0,0,1,0,0,0,0,0,0,0,0,0,0,6.4,0.7571877794400365,1.9533724758945221,3.0859924283396385,2.2,0.6531972647421809,-0.22963966338592368,-0.7265625000000009,0.0,0.0,0,0,3.1666666666666665,0.3726779962499649,1.7888543819998326,1.2000000000000037,0.7,0.45825756949558394,-0.8728715609439692,-1.238095238095237,12.842433333333338,1.6310333673949031,2.238590009974291,4.790440840421493,0.6666666666666666,0.7453559924999299,1.109089716839896,1.200000000000002,405.4330000000001,94.14,4.103220000000002,0,5,0,0,0,0,0,0,0,0,0,0,0,0,0,0,0,0,0,0,0,0,0,0,0,0,0,0,0,0,0,0,0,0,0,0,0,0,0,1,1,0,0,0,1,0,0,0,0,0,0,0,0,0,0,0,0,0,0,0,0,0,0,0,1,0,0,1,0,0,0,0,0,0,0,0,0,0,0,1,0,0,1,0,1,1,0,1,0,1,0,0,1,1,0,0,0,1,1,0,1,0,1,1,0,0,1,1,1,1,0,1,1,1,0,0,0,0,0,1,1,0,1,1,1,0,0,1,0,0,0,0,0,1,1,1,1,1,0,1,1,1,0,0,1,0,1,1,0,1,1,0,1,1,0,1,1,1,1,1,1,1,1,1,1,1,1,1,0,1
CHEMBL2973_98,41,41,-1,-1,-1,2.206896551724138,3.447931017239655,3.48426122610217,10.938947481434669,0.10562323630792415,0.11503901883395667,2.0604255893821746,6.094290826922645,0.20407643358412134,0.10405597311431136,-0.374476239620984,-1.0317956158609893,9.392682926829268,4.9575966847480135,-0.24378377825246944,-0.7308765247025568,0.02263914946841776,0.0667103153376998,3.856733059872516,14.121291270421793,0.8292682926829268,0.37627435659857345,-1.7501500535908443,1.0630252100840352,2.206896551724138,3.447931017239655,3.48426122610217,10.938947481434669,2.0,0.0,0,0,2.0,2.979605473965942,4.032910941222438,15.794348508634219,0.0,0.0,0,0,0.02539475548838461,0.05775048248018325,1.94518309640568,1.9836705322054522,0.03448275862068966,0.04881376329928321,3.5244341281337475,11.285546729766418,0.03448275862068964,0.01647755815617437,-0.06857793411153743,-0.3383758240631165,1.2413793103448276,0.4279197808962364,1.2087344460380702,-0.538961038961038,-0.6857967017313171,82.0,446.0,0.0,348.0,5466.0,80.0,0.0,0.0,0.0,1770.0,2264.0,69120.0,0.0,0.0,0.0,0.0,508.0,0.0,0.0,0.0,120.0,0.0,0.0,0.0,0.0,0.0,0.0,0.0,0.0,0.0,0.0,1,1,0,1,1,1,0,0,0,1,1,1,0,0,0,0,1,0,0,0,1,0,0,0,0,0,0,0,0,0,0,7.275862068965517,5.25814017024466,5.044624837395995,23.652905462699223,2.206896551724138,0.6632891055748739,-0.25712748599604485,-0.7783053323593858,0.0,0.0,0,0,3.1724137931034484,0.5297341895081799,0.1489449405289079,0.10033036483768987,0.5172413793103449,0.49970264642032547,-0.0690065559342356,-1.9952380952380953,14.90275862068966,12.315991577130234,5.060392971489801,23.757480621263625,0.7241379310344828,0.9057879680388757,1.1275148173291987,0.3697668557025833,453.3480000000001,96.23,3.488500000000002,1,2,0,0,0,0,0,0,0,0,0,0,0,0,0,0,0,0,0,0,0,0,0,0,0,0,0,1,0,0,0,0,0,0,0,0,0,0,0,0,1,0,0,1,0,0,0,0,1,0,0,0,0,0,0,0,0,0,0,0,0,0,0,0,1,0,0,1,0,0,0,0,0,0,0,0,0,1,0,1,1,1,1,0,0,1,0,1,1,1,0,0,1,1,0,0,0,0,1,0,1,0,1,1,0,0,0,1,1,1,1,0,0,1,0,0,0,1,1,0,1,1,1,1,1,0,0,1,0,0,1,1,0,1,0,1,1,1,0,1,1,0,0,0,1,0,0,1,0,1,1,1,1,1,0,1,0,0,1,0,1,0,1,1,1,1,0,1,0,1
CHEMBL2973_99,41,40,-1,-1,-1,2.2222222222222223,3.4569664858008986,3.469989729276923,10.917760911139961,0.10436963040834941,0.11617755441936092,2.2731797947679193,7.909149179498414,0.18859459916288399,0.10604114675419633,-0.23078723856626346,-1.1351169066998625,8.564227642276425,4.9358109590540185,-0.15259097901650098,-0.8757384521707254,0.017917448405253285,0.05938604558775833,4.333039854361245,18.47673125237798,0.8292682926829268,0.37627435659857345,-1.7501500535908443,1.0630252100840352,2.2222222222222223,3.4569664858008986,3.469989729276923,10.917760911139961,2.0,0.0,0,0,1.951219512195122,2.8961809968385164,4.168992453672891,17.14184276444847,0.0,0.0,0,0,0.046386863513739884,0.15811172345201965,5.359856955839738,29.298494302931793,0.03703703703703703,0.052830515517186635,3.479663339649182,10.931569615838482,0.037037037037037035,0.01893409851446285,1.7280981824734742,4.759885425492782,1.3333333333333333,0.4714045207910316,0.7071067811865481,-1.4999999999999982,-0.13065475634103071,80.0,420.0,0.0,276.0,5130.0,56.0,0.0,0.0,0.0,1332.0,1800.0,65160.0,0.0,0.0,0.0,0.0,318.0,0.0,0.0,0.0,48.0,0.0,0.0,0.0,0.0,0.0,0.0,0.0,0.0,0.0,0.0,1,1,0,1,1,1,0,0,0,1,1,1,0,0,0,0,1,0,0,0,1,0,0,0,0,0,0,0,0,0,0,6.7272727272727275,2.0928844424038795,3.933445550786936,14.532524029903882,2.272727272727273,0.6863485850246136,-0.4113021529833567,-0.8605724838411803,0.0,0.0,0,0,3.227272727272727,0.4190702026042221,1.3015827469119388,-0.3058823529411727,0.6363636363636364,0.4810456929208346,-0.5669467095138409,-1.678571428571428,13.466818181818184,4.196624180504694,3.9375823237375176,14.55726047744309,0.7272727272727273,0.9136250564655354,0.9221334752837127,-0.35388687383589756,312.3980000000001,83.80000000000001,2.3444199999999995,0,2,0,0,0,0,0,0,0,0,0,0,0,0,0,0,0,0,0,0,0,0,0,0,0,0,0,0,0,0,0,0,0,0,0,0,0,0,1,0,1,0,0,0,0,0,0,0,0,0,0,0,0,0,0,0,0,0,0,0,0,0,0,0,1,0,0,1,0,0,0,0,0,0,0,0,0,0,0,1,0,1,1,1,1,1,1,0,1,0,1,0,0,1,1,0,0,0,1,1,1,0,1,1,0,0,1,1,0,0,0,0,1,1,0,0,0,0,0,1,1,0,1,1,0,0,0,1,0,0,1,1,0,1,0,0,0,0,0,1,1,0,0,0,1,0,1,1,0,1,0,0,0,1,0,1,1,0,1,0,1,0,1,1,1,1,1,1,0,0
CHEMBL2973_100,38,35,-1,-1,-1,2.0833333333333335,2.8710721961587025,2.9270175626966006,6.820983286360452,0.11073039888769379,0.1185519642851034,1.7480407533143765,4.066416905936988,0.1668320164586853,0.09067196358424971,-0.17451814703547208,-1.1026397293702672,7.169298245614035,4.080977706347404,-0.07304390039564722,-0.9246912119941642,0.01979611190137506,0.06042872789493567,3.4462050866447256,10.833490220822855,0.8157894736842105,0.3876557858593746,-1.6292261599251139,0.6543778801843323,2.0833333333333335,2.8710721961587025,2.9270175626966006,6.820983286360452,2.0,0.0,0,0,1.8421052631578947,2.3899605346826793,3.529588027168483,11.352408978316241,0.0,0.0,0,0,0.03637023179959468,0.1602876049558661,5.710651969374156,31.37904313638912,0.041666666666666664,0.052794787594479774,2.938934432793282,6.816580954526891,0.041666666666666664,0.01454012830875969,0.6958092897165271,1.7120270844122922,1.2916666666666667,0.45452967144315476,0.9166984970282107,-1.159663865546219,-1.1744086053555696,70.0,276.0,0.0,132.0,2370.0,16.0,0.0,0.0,0.0,484.0,620.0,19920.0,0.0,0.0,0.0,0.0,58.0,0.0,0.0,0.0,0.0,0.0,0.0,0.0,0.0,0.0,0.0,0.0,0.0,0.0,0.0,1,1,0,1,1,1,0,0,0,1,1,1,0,0,0,0,1,0,0,0,0,0,0,0,0,0,0,0,0,0,0,6.4,0.565685424949238,1.0606601717798194,0.12499999999999867,2.16,0.7310266752998826,-0.25753297302955863,-1.1033561619276422,0.0,0.0,0,0,3.2,0.4,1.4999999999999987,0.2499999999999969,0.64,0.48000000000000004,-0.5833333333333334,-1.6597222222222223,12.809239999999999,1.1286557413135327,1.0589605678892213,0.11779127927308419,0.8,1.0583005244258363,1.2148858061010879,0.15816326530612246,340.39100000000013,102.55000000000001,2.6069200000000006,0,4,0,0,0,0,0,0,0,0,0,0,0,0,0,0,0,0,0,0,0,0,0,0,0,0,0,0,0,0,0,0,0,0,0,0,0,0,0,1,1,0,0,0,0,1,0,0,0,0,0,0,0,0,1,0,0,0,0,0,0,0,0,0,1,0,0,1,0,0,0,0,0,0,0,0,1,1,0,1,0,1,1,0,0,1,0,1,0,0,0,0,0,0,0,1,1,0,1,1,1,0,0,0,0,0,0,0,1,0,0,0,1,0,0,0,0,0,0,1,0,0,1,1,1,0,1,1,0,0,0,0,1,1,0,1,0,1,0,1,0,0,0,1,1,0,1,0,0,0,1,1,1,1,0,0,1,0,1,0,1,0,1,1,1,1,1,1,0,0
CHEMBL2973_101,38,36,-1,-1,-1,2.1666666666666665,3.0505008696205214,3.100379854657309,8.260779683671196,0.10790513263766946,0.12112915348557167,2.020043034956358,6.059653899205278,0.17402661852570986,0.09718779568408195,-0.1372026336942685,-1.1436684278455602,7.389473684210526,4.274099920725814,-0.05589511434969079,-0.9235447999098798,0.01853168958432116,0.0571437569496867,3.8657832775363814,14.396568175790122,0.8157894736842105,0.3876557858593746,-1.6292261599251139,0.6543778801843323,2.1666666666666665,3.0505008696205214,3.100379854657309,8.260779683671196,2.0,0.0,0,0,1.894736842105263,2.531792309643304,3.7570887855237536,13.587969288439297,0.0,0.0,0,0,0.04327420853520939,0.16145703911061107,5.46748179099781,29.451412358690632,0.041666666666666664,0.05374056724392532,3.094600126558246,8.129302330971443,0.04166666666666666,0.016693176052623826,0.07146300659782048,-0.856045350266486,1.3333333333333333,0.4714045207910317,0.7071067811865479,-1.5,-0.4504688402228289,72.0,308.0,0.0,188.0,2964.0,32.0,0.0,0.0,0.0,750.0,996.0,29184.0,0.0,0.0,0.0,0.0,144.0,0.0,0.0,0.0,12.0,0.0,0.0,0.0,0.0,0.0,0.0,0.0,0.0,0.0,0.0,1,1,0,1,1,1,0,0,0,1,1,1,0,0,0,0,1,0,0,0,1,0,0,0,0,0,0,0,0,0,0,6.410256410256411,0.8075905511806984,1.4605014605021904,0.13306451612903114,2.2564102564102564,0.741376015117998,-0.4496971424775258,-1.0728806574941054,0.0,0.0,0,0,3.0256410256410255,0.1580618975120251,6.00219258183821,34.02631578947368,0.8205128205128205,0.3837597319768145,-1.6703827619526521,0.7901785714285712,12.829051282051285,1.6103355590543136,1.4605014605021842,0.13306451612901826,0.5128205128205128,0.63535957401866,1.4515272110910866,3.4004445670511085,520.4930000000003,141.33999999999997,6.031220000000006,0,3,0,0,0,0,0,0,0,0,0,0,0,0,0,0,0,0,0,0,0,0,0,0,0,0,0,0,0,0,0,0,0,0,0,0,0,0,0,0,0,0,0,0,0,0,0,0,0,0,0,0,0,0,0,1,0,0,0,1,0,0,0,0,1,0,0,0,0,0,0,0,0,0,0,0,0,0,0,0,0,0,0,0,0,0,0,0,0,0,0,1,0,0,0,0,0,0,0,0,1,0,0,1,0,0,0,1,0,0,0,0,0,0,0,1,0,0,0,0,0,0,1,0,0,0,0,1,0,1,0,0,0,1,0,0,0,0,1,1,0,1,1,0,0,1,1,1,1,0,0,0,1,0,1,0,1,0,0,1,0,1,1,0,1,1,1,1,0,0
CHEMBL2973_102,39,39,-1,-1,-1,2.32,3.367135280917593,3.048131654339518,7.791864101926185,0.10769950312204979,0.11849828128833438,1.811919659483539,4.298860817160106,0.1874869301760486,0.10621463365288568,-0.21717152214520938,-1.24557249535413,8.042735042735044,4.688056587843548,-0.12067744072347492,-1.0043109936901884,0.016777911514753618,0.053200025607348225,3.942216313476382,14.472750835244234,0.8205128205128205,0.3837597319768145,-1.6703827619526517,0.7901785714285703,2.32,3.367135280917593,3.048131654339518,7.791864101926185,2.0,0.0,0,0,2.0,2.8010986855435576,3.731028987337815,13.106305267204924,0.0,0.0,0,0,0.0447365262112144,0.09888677753214567,2.843977824750436,9.137610585206275,0.039999999999999994,0.053324163152521996,3.077588770266414,7.915853889496301,0.04000000000000001,0.27835781407975274,3.072772098376714,7.980925192764047,1.36,0.48,0.5833333333333327,-1.6597222222222228,-0.9766058687625131,78.0,384.0,0.0,334.0,4116.0,88.0,0.0,0.0,0.0,1602.0,1986.0,44760.0,0.0,0.0,0.0,0.0,496.0,0.0,0.0,0.0,120.0,0.0,0.0,0.0,0.0,0.0,0.0,0.0,0.0,0.0,48.0,1,1,0,1,1,1,0,0,0,1,1,1,0,0,0,0,1,0,0,0,1,0,0,0,0,0,0,0,0,0,1,6.5675675675675675,1.7482120679779707,4.379043012134575,20.12836116097379,2.2162162162162162,0.6631267106154214,-0.27135196818309,-0.7794229644264394,0.0,0.0,0,0,3.2972972972972974,0.457068500683453,0.8869685939836235,-1.2132867132867131,0.6216216216216216,0.48498266067368534,-0.5015503913178175,-1.7484472049689432,13.200351351351353,3.5844901270817897,4.153832727119341,18.132833353748474,0.7837837837837838,0.8741060339889852,0.9190753795073512,0.03847672458861906,517.6450000000002,45.230000000000004,7.222840000000007,0,6,0,0,0,0,0,0,0,0,0,0,0,0,0,0,0,0,0,0,0,0,0,0,0,0,0,0,0,0,0,0,0,0,0,0,0,0,1,0,0,0,0,0,1,0,0,0,0,1,0,0,0,0,0,0,0,0,0,0,0,0,0,0,1,0,0,1,0,0,0,0,0,0,0,0,0,1,0,1,0,0,0,1,0,1,0,1,1,1,1,0,1,1,1,0,0,0,1,1,1,0,1,0,0,0,0,0,1,1,0,0,1,1,0,0,0,0,0,1,1,0,1,1,1,0,0,1,0,0,1,1,0,0,0,1,1,1,0,1,1,0,0,0,1,0,1,1,0,1,1,1,1,1,0,1,1,1,1,0,1,0,1,1,1,1,1,1,0,0
CHEMBL2973_103,37,37,-1,-1,-1,2.347826086956522,3.1843188562783573,2.7923070991158774,6.134505119055364,0.10996288738515059,0.12220961674495065,1.6157989549875849,2.954941053182523,0.18123859260298664,0.10305683404556434,-0.15915468517968434,-1.2969712787216223,7.37837837837838,4.3336189525844535,-0.058759253363151284,-1.0615943936955188,0.016430716430716426,0.04976233804755458,3.706009183718426,12.359004838035716,0.8108108108108109,0.3916588309780929,-1.5871507864874157,0.5190476190476199,2.347826086956522,3.1843188562783573,2.7923070991158774,6.134505119055364,2.0,0.0,0,0,2.0,2.6303837968857167,3.4661054066689556,10.972106933593748,0.0,0.0,0,0,0.05056686557667426,0.10497554369857438,2.498751431264344,6.7905212759774525,0.043478260869565195,0.05411729775437946,2.8203931850206794,6.225509681000327,0.04347826086956521,0.11246524987521792,2.8691411982708623,6.428068124158511,1.391304347826087,0.48804226784007926,0.44543540318737423,-1.8015873015873007,-0.18598397084378174,74.0,330.0,0.0,306.0,3102.0,88.0,0.0,0.0,0.0,1374.0,1632.0,29160.0,0.0,0.0,0.0,0.0,452.0,0.0,0.0,0.0,120.0,0.0,0.0,0.0,0.0,0.0,0.0,0.0,0.0,0.0,48.0,1,1,0,1,1,1,0,0,0,1,1,1,0,0,0,0,1,0,0,0,1,0,0,0,0,0,0,0,0,0,1,6.264705882352941,0.5588235294117647,2.01195509549497,2.9502382578402555,2.176470588235294,0.7058823529411765,-0.26388888888888806,-0.9826388888888897,0.0,0.0,0,0,3.264705882352941,0.44117647058823534,1.0666666666666664,-0.8622222222222224,0.6176470588235294,0.4859621071134796,-0.484182026135042,-1.7655677655677653,12.539117647058825,1.1146812724273907,2.0104392237686697,2.942260357593515,0.9117647058823529,1.0107553104376228,0.8606936623142163,-0.40632194332936056,457.5780000000002,81.81,4.2075600000000035,1,8,0,0,0,0,0,0,0,0,0,0,0,0,0,0,0,0,0,0,0,0,0,0,0,0,0,0,0,0,0,0,0,0,0,0,0,0,0,0,0,0,0,0,0,0,0,0,0,0,0,0,0,0,1,0,0,0,0,0,0,0,0,0,1,0,0,1,0,0,0,0,0,0,0,0,0,1,0,0,0,1,1,0,1,1,0,0,0,0,0,0,1,1,1,0,1,1,1,1,1,0,1,1,0,0,1,1,0,0,1,0,1,1,0,1,0,1,0,1,1,0,1,1,1,0,1,1,0,1,1,1,1,0,1,1,0,1,1,1,1,0,0,1,1,1,1,1,0,1,1,1,1,1,0,1,1,1,1,0,1,1,1,1,1,1,1,1,0,0
CHEMBL2973_104,38,35,-1,-1,-1,2.0,2.7873339895374523,3.0370764918840094,7.565924909322614,0.11241785628547539,0.11695304639838336,1.7741655740197209,3.952513714790398,0.18605656011355304,0.0920231946682766,-0.2973942770180135,-0.8942525735179934,7.938596491228072,4.118568183011706,-0.16018561689763985,-0.7274464332699857,0.02437964280069543,0.07013304254599613,3.204442133303615,9.228173945960002,0.8157894736842105,0.3876557858593746,-1.6292261599251139,0.6543778801843323,2.0,2.7873339895374523,3.0370764918840094,7.565924909322614,2.0,0.0,0,0,1.8421052631578947,2.4009462585172723,3.483160936189356,11.093344719079129,0.0,0.0,0,0,0.0034472206980964842,0.01066124294965383,3.1474632425871687,9.093659192404791,0.03846153846153846,0.04862601640737263,3.044461451789664,7.593905022781582,0.03846153846153847,0.018119655184470514,0.41414422684454755,1.524279327173578,1.1538461538461537,0.36080121229411,1.9188064472004944,1.6818181818181834,-0.8537757612528328,70.0,278.0,0.0,152.0,2376.0,8.0,0.0,0.0,0.0,488.0,754.0,19920.0,0.0,0.0,0.0,0.0,40.0,0.0,0.0,0.0,0.0,0.0,0.0,0.0,0.0,0.0,0.0,0.0,0.0,0.0,0.0,1,1,0,1,1,1,0,0,0,1,1,1,0,0,0,0,1,0,0,0,0,0,0,0,0,0,0,0,0,0,0,6.625,1.79843682124227,4.438234339784886,20.11888258769166,2.125,0.81967981553775,0.44685627585832993,-0.2282314764737694,0.0,0.0,0,0,3.21875,0.41339864235384227,1.360672102833218,-0.14857142857142858,0.5625,0.49607837082461076,-0.25197631533948484,-1.9365079365079365,13.261125,3.6050382777960905,4.446995289399221,20.183398422059874,0.875,0.8926785535678563,1.0378546505148778,0.51441753171857,452.58000000000027,113.32000000000001,4.7196200000000035,0,7,0,0,0,0,0,0,0,0,0,0,0,0,0,0,0,0,0,0,0,0,0,0,0,0,0,0,0,0,0,0,0,0,1,1,0,0,0,1,0,0,0,0,0,1,0,0,0,0,0,0,0,1,0,0,0,1,0,0,1,1,1,1,0,0,1,0,1,1,0,1,0,0,0,1,1,0,0,1,0,0,0,1,0,0,1,0,0,0,1,0,0,0,0,0,1,0,0,0,0,0,0,0,1,0,1,0,1,0,0,0,1,1,1,0,0,1,0,1,0,0,0,0,0,0,1,1,0,0,0,0,1,1,0,1,0,1,1,0,0,0,0,1,1,0,0,1,1,0,1,1,0,1,0,0,1,1,1,0,1,1,1,1,1,1,1,1,0,0
CHEMBL2973_105,36,34,-1,-1,-1,2.1818181818181817,2.8546033578377417,2.73585876889239,5.938748976543835,0.10893385862624706,0.1261395743713074,1.627394048886745,2.9543345026644703,0.16960974105178028,0.09503960617639617,-0.09261169978475488,-1.236967744642208,6.763888888888889,3.9546278952795877,0.02359988998247178,-1.0145213574215546,0.017833800186741366,0.049672961289192866,3.365145776244029,10.423259509319294,0.8055555555555556,0.39577241246597245,-1.5440972939559128,0.38423645320197064,2.1818181818181817,2.8546033578377417,2.73585876889239,5.938748976543835,2.0,0.0,0,0,1.8888888888888888,2.354402233379677,3.3640982720522197,10.462284413271759,0.0,0.0,0,0,0.024517499307415275,0.05685392519273854,2.0148399416439204,2.2893856124883323,0.045454545454545456,0.05395081036924371,2.758346662648641,6.053977735412918,0.045454545454545456,0.30368234164981783,-2.54395772466805,5.265017444163487,1.2727272727272727,0.44536177141512334,1.020620726159657,-0.9583333333333353,-0.532374333708618,68.0,260.0,0.0,204.0,2106.0,48.0,0.0,0.0,0.0,820.0,952.0,17040.0,0.0,0.0,0.0,0.0,222.0,0.0,0.0,0.0,48.0,0.0,0.0,0.0,0.0,0.0,0.0,0.0,0.0,0.0,0.0,1,1,0,1,1,1,0,0,0,1,1,1,0,0,0,0,1,0,0,0,1,0,0,0,0,0,0,0,0,0,0,6.666666666666667,1.8034758807716982,4.223498249620954,18.79609197176034,2.1818181818181817,0.7959954870644664,0.02383472309092909,-0.7711531190926273,0.0,0.0,0,0,3.272727272727273,0.4453617714151233,1.0206207261596563,-0.9583333333333348,0.48484848484848486,0.4997703788627467,0.06063390625908324,-1.9963235294117645,13.343969696969697,3.614353611558332,4.234763068317139,18.87886995378342,0.7878787878787878,0.8793101896089035,0.960605242232316,0.1595370145733752,466.55900000000025,103.78000000000002,4.194240000000003,0,5,0,0,0,0,0,0,0,0,0,0,0,0,0,0,0,0,0,0,0,0,0,0,0,0,0,0,0,0,0,0,0,0,1,1,0,0,0,0,0,0,0,0,0,0,0,0,0,0,0,0,0,1,0,0,0,1,0,0,1,1,1,1,0,0,1,0,0,1,0,0,0,0,0,1,0,1,0,0,0,0,0,1,0,0,0,0,1,0,1,0,1,1,1,0,1,0,0,0,1,0,1,1,1,0,0,1,1,0,0,0,1,1,1,0,0,0,0,1,1,0,0,1,1,1,1,1,0,0,1,1,1,1,0,1,0,1,1,1,1,1,1,0,1,0,1,1,1,1,1,1,1,1,0,1,1,0,1,1,1,1,1,1,1,1,1,1,0,0
CHEMBL2973_106,40,37,-1,-1,-1,2.076923076923077,3.062466036522213,3.189354388378275,8.620016121167488,0.10453298306962926,0.11862906663446612,1.988814661390821,5.534300531900943,0.1721411705349529,0.09485307767014652,-0.18218491292664324,-1.1288280314247268,7.781666666666666,4.4590977537813385,-0.08768118120976921,-0.9060858934355425,0.020445344129554656,0.06048519162534476,3.7887543936702524,14.01782316054463,0.825,0.3799671038392666,-1.7106744068953987,0.9264069264069255,2.076923076923077,3.062466036522213,3.189354388378275,8.620016121167488,2.0,0.0,0,0,1.85,2.5646637206464318,3.8124940239180036,13.709220863253552,0.0,0.0,0,0,0.01145124716553288,0.030846295989556304,2.406460979307293,3.992856990270634,0.03846153846153847,0.051389091456412565,3.1878219352351995,8.608107455888812,0.03846153846153847,0.2116719741849009,3.429323169095388,10.500583054581833,1.1923076923076923,0.39411349099844606,1.5614401167176535,0.4380952380952392,-1.681416393857678,74.0,326.0,0.0,166.0,3234.0,24.0,0.0,0.0,0.0,800.0,894.0,32064.0,0.0,0.0,0.0,0.0,126.0,0.0,0.0,0.0,12.0,0.0,0.0,0.0,0.0,0.0,0.0,0.0,0.0,0.0,0.0,1,1,0,1,1,1,0,0,0,1,1,1,0,0,0,0,1,0,0,0,1,0,0,0,0,0,0,0,0,0,0,6.5675675675675675,1.8238738182489715,5.063447235977506,25.959041350087915,2.2162162162162162,0.6210337996257328,-0.1839684318622716,-0.5786845730027541,0.0,0.0,0,0,3.27027027027027,0.44409937095013474,1.034587053065314,-0.92962962962963,0.5945945945945946,0.4909703276914852,-0.3853373177942263,-1.851515151515152,13.183810810810813,3.8707035315394953,5.148158015743128,26.63305245456787,0.7837837837837838,0.8741060339889852,0.9190753795073514,0.03847672458861906,517.0330000000004,82.61999999999999,5.313420000000004,0,7,0,0,0,0,0,0,0,0,0,0,0,0,0,0,0,0,0,0,0,0,0,0,0,0,0,0,0,0,0,0,0,0,0,0,0,0,0,0,1,0,0,0,0,0,0,0,0,0,0,0,0,0,0,0,0,0,0,0,0,0,0,0,0,0,0,1,0,0,0,0,0,0,0,0,0,1,0,1,0,1,1,0,0,0,0,1,1,1,0,0,0,1,1,1,0,1,0,0,1,0,1,1,0,1,1,1,0,1,0,0,1,1,0,1,0,1,1,1,1,0,1,1,1,0,0,1,1,1,1,1,0,1,1,1,1,1,0,1,1,0,0,0,1,1,1,1,0,1,1,1,1,1,1,1,1,1,1,1,1,1,1,1,1,1,1,1,0,0
CHEMBL2973_107,35,32,-1,-1,-1,2.0,2.5366873297069255,2.8127767468919744,6.429327976625274,0.11455552031580754,0.12429183938056104,1.753536398864825,3.975298582555336,0.17859202028840626,0.08863255699427237,-0.16975798485182336,-0.9420195983185531,7.005714285714285,3.6605835749021685,-0.04419271238528637,-0.7817523188652533,0.024191494779730073,0.0654431209933142,3.0571211470357733,8.44341124399527,0.8,0.4,-1.5,0.24999999999999956,2.0,2.5366873297069255,2.8127767468919744,6.429327976625274,2.0,0.0,0,0,1.8285714285714285,2.171052599030042,3.23602144312332,9.64890850604258,0.0,0.0,0,0,0.004427709798553788,0.013150043644071815,3.001686563278308,8.041415974300161,0.04347826086956521,0.04988741547052155,2.820473795518378,6.454440109860851,0.04347826086956524,0.06361381076681163,3.1504776817698557,8.884950351202416,1.173913043478261,0.3790346907426672,1.7206180040292134,0.9605263157894743,-1.343242109815958,64.0,218.0,0.0,132.0,1560.0,8.0,0.0,0.0,0.0,362.0,566.0,11064.0,0.0,0.0,0.0,0.0,34.0,0.0,0.0,0.0,0.0,0.0,0.0,0.0,0.0,0.0,0.0,0.0,0.0,0.0,0.0,1,1,0,1,1,1,0,0,0,1,1,1,0,0,0,0,1,0,0,0,0,0,0,0,0,0,0,0,0,0,0,6.148148148148148,0.44752022124424345,3.102955228910522,8.842653405892284,2.1481481481481484,0.649997362029046,-0.15614078982456972,-0.6821976724574119,0.0,0.0,0,0,3.2962962962962963,0.4566232594791834,0.892217816219194,-1.2039473684210522,0.5925925925925926,0.4913518207933925,-0.3768891807222045,-1.8579545454545452,12.306555555555557,0.8926374293333851,3.1013213139450246,8.830212886902116,1.037037037037037,0.9222147850362024,0.7766612704468522,-0.11338189386056019,360.5010000000001,32.34,5.244920000000005,0,7,0,0,0,0,0,0,0,0,0,0,0,0,0,0,0,0,0,0,0,0,0,0,0,0,0,0,0,0,0,0,0,0,0,0,0,0,0,0,0,0,0,0,0,0,0,0,0,0,0,0,0,0,0,0,0,0,0,0,0,0,0,0,0,0,0,0,0,0,0,0,0,0,0,0,1,0,0,0,0,1,0,0,0,0,0,1,1,0,0,0,0,1,1,0,0,1,0,0,0,0,1,1,0,0,1,1,0,0,1,0,1,1,0,0,0,1,0,1,0,0,0,0,1,0,0,1,0,0,0,0,0,0,1,1,0,1,0,0,1,0,0,1,1,0,1,1,0,0,1,1,1,1,0,1,1,1,1,0,1,0,1,1,1,1,1,1,0,0
CHEMBL2973_108,41,44,-1,-1,-1,2.413793103448276,3.764784569367222,3.2593461098935887,9.090392831403998,0.10849716236396387,0.11233258503838807,1.8504092633734115,4.316565789571284,0.22304295316829767,0.11509479788782807,-0.44639503739352954,-1.0308518697075513,9.971544715447155,5.272345970362564,-0.31795158358044684,-0.7619635033467267,0.019074421513445905,0.061708475007423935,4.0101669220282865,14.814147515388889,0.8292682926829268,0.37627435659857345,-1.7501500535908443,1.0630252100840352,2.413793103448276,3.764784569367222,3.2593461098935887,9.090392831403998,2.0,0.0,0,0,2.1463414634146343,3.2502230738434243,3.824363224584136,13.630146691561865,0.0,0.0,0,0,0.06715288720069712,0.16975782328283387,4.1404428005427185,19.40074886706823,0.03448275862068966,0.049337440088459285,3.297131811249811,9.287665805711763,0.03448275862068965,0.014964665800244983,0.401478495939738,-0.268454917973191,1.3448275862068966,0.4753120259341455,0.6529286250990108,-1.5736842105263154,-0.4116545729695707,88.0,534.0,0.0,608.0,6888.0,184.0,0.0,0.0,0.0,3248.0,4404.0,90000.0,0.0,0.0,0.0,0.0,1276.0,0.0,0.0,0.0,432.0,0.0,0.0,0.0,0.0,0.0,0.0,0.0,0.0,0.0,120.0,1,1,0,1,1,1,0,0,0,1,1,1,0,0,0,0,1,0,0,0,1,0,0,0,0,0,0,0,0,0,1,6.21875,0.4831132760543846,2.1516433085596445,3.877698219568985,2.25,0.5590169943749475,0.0,-0.3999999999999999,0.0,0.0,0,0,3.28125,0.4496092053105675,0.9730672655996823,-1.0531400966183575,0.65625,0.47495887979908324,-0.657951694959769,-1.567099567099567,12.4475,0.9638333621534381,2.1498312799326893,3.8659789219248593,0.90625,0.764827390657526,0.5791185238999799,0.024687779576979985,427.55200000000013,74.74000000000001,4.535120000000003,2,6,0,0,0,0,0,0,0,0,0,0,0,0,0,0,0,0,0,0,0,0,0,0,0,0,0,0,0,0,0,0,0,0,0,0,0,0,0,0,0,0,0,0,0,0,0,0,0,0,0,0,0,0,1,1,0,0,0,0,0,0,0,0,1,0,0,1,0,0,0,1,0,0,0,0,0,1,0,0,0,0,1,0,1,1,0,1,0,0,0,0,1,1,1,0,1,0,1,0,1,0,1,1,0,0,1,1,0,0,0,0,1,1,0,1,0,0,0,1,1,0,1,1,1,0,1,1,0,1,1,1,0,1,0,1,0,1,0,1,0,0,0,0,1,1,1,1,0,1,1,0,1,1,0,1,1,1,1,0,1,0,1,1,1,1,1,1,0,1
CHEMBL2973_109,39,39,-1,-1,-1,2.2222222222222223,3.292340531117567,3.3839078499193085,10.242155758843106,0.1091190419521519,0.11719240728165867,2.123685831994579,6.735304829556311,0.20063932519521807,0.10290910844396373,-0.29966066115361323,-1.0136849957315817,8.758974358974362,4.633745056652857,-0.2049974843075489,-0.7378490027114717,0.02221249589670642,0.06718754875721704,3.97842131642395,15.147256873181767,0.8205128205128205,0.3837597319768145,-1.6703827619526517,0.7901785714285703,2.2222222222222223,3.292340531117567,3.3839078499193085,10.242155758843106,2.0,0.0,0,0,2.0,2.8284271247461903,3.936681022182798,15.0625,0.0,0.0,0,0,0.04870484268074629,0.1614408344177263,5.245902364516979,27.930713480919113,0.03703703703703704,0.04993947954395533,3.389751119683187,10.238783779387523,0.037037037037037035,0.10686766142307363,3.670643608192503,12.501553810593009,1.3333333333333333,0.4714045207910316,0.7071067811865481,-1.4999999999999982,0.39480868726872903,78.0,390.0,0.0,284.0,4410.0,56.0,0.0,0.0,0.0,1256.0,1710.0,51720.0,0.0,0.0,0.0,0.0,304.0,0.0,0.0,0.0,48.0,0.0,0.0,0.0,0.0,0.0,0.0,0.0,0.0,0.0,0.0,1,1,0,1,1,1,0,0,0,1,1,1,0,0,0,0,1,0,0,0,1,0,0,0,0,0,0,0,0,0,0,6.282051282051282,0.5037662231894486,1.554387052802303,1.4929125614110488,2.2564102564102564,0.705943584509549,-0.40873819497704617,-0.943800864655636,0.0,0.0,0,0,3.1025641025641026,0.3033887068256214,2.619978189658399,4.864285714285707,0.7692307692307693,0.4213250442347431,-1.2780193008453882,-0.3666666666666649,12.573871794871799,1.0051677543239617,1.5527574690116062,1.4836252487870505,0.6923076923076923,0.9379149311883016,1.3924158061661962,1.0194353395403084,517.5970000000002,130.64,5.133840000000004,0,6,0,0,0,0,0,0,0,0,0,0,0,0,0,0,0,0,0,0,0,0,0,0,0,0,0,1,0,0,0,0,0,0,0,0,0,0,0,0,1,0,0,0,0,0,0,0,0,0,0,0,0,0,1,0,0,0,0,0,0,0,0,0,1,0,0,1,0,0,0,0,0,0,0,0,0,1,0,1,0,1,1,0,0,1,1,1,0,0,0,0,0,0,1,1,1,0,1,1,1,0,0,1,0,0,0,1,1,0,0,0,1,0,0,0,0,0,0,1,0,0,1,1,1,0,1,1,0,0,0,0,0,1,0,1,0,1,0,1,0,0,0,1,1,0,1,1,0,0,1,1,1,1,0,0,1,0,1,0,1,0,1,1,1,1,1,1,0,0
CHEMBL2973_110,39,37,-1,-1,-1,2.16,3.0812984276113213,3.0079764823178534,7.300693370247643,0.10902181498183627,0.11728286106286759,1.7468165405590397,3.772894320613484,0.17387596882885423,0.09586876190812993,-0.19104337793458293,-1.1449858814600569,7.636752136752138,4.3738363197814145,-0.10777394276300718,-0.9560053622926254,0.019185177079913924,0.058857041950517386,3.6630252850643923,12.256099769722152,0.8205128205128205,0.3837597319768145,-1.6703827619526517,0.7901785714285703,2.16,3.0812984276113213,3.0079764823178534,7.300693370247643,2.0,0.0,0,0,1.8974358974358974,2.5699932335027333,3.6394052472157896,12.118720994712394,0.0,0.0,0,0,0.041971100794630206,0.15928159181943644,5.570105094551558,30.562886605960422,0.04000000000000001,0.05252411019769748,3.0477462931033212,7.538225224992399,0.04000000000000001,0.04062132195509639,-1.9287331296237886,3.7586485213126357,1.32,0.46647615158762407,0.7717436331412894,-1.4044117647058827,0.042575585838449344,74.0,324.0,0.0,186.0,3096.0,32.0,0.0,0.0,0.0,832.0,946.0,29160.0,0.0,0.0,0.0,0.0,146.0,0.0,0.0,0.0,12.0,0.0,0.0,0.0,0.0,0.0,0.0,0.0,0.0,0.0,0.0,1,1,0,1,1,1,0,0,0,1,1,1,0,0,0,0,1,0,0,0,1,0,0,0,0,0,0,0,0,0,0,6.416666666666667,0.6400954789890506,1.2665836424236072,0.4119505889112305,2.2222222222222223,0.6285393610547089,-0.2099223256647568,-0.6210937499999996,0.0,0.0,0,0,3.3333333333333335,0.47140452079103173,0.7071067811865462,-1.5000000000000016,0.5555555555555556,0.49690399499995336,-0.22360679774997907,-1.9500000000000008,12.842333333333336,1.2768062586869722,1.2650293167557285,0.4062852273072082,0.8055555555555556,0.937474279482567,0.7997357899815934,-0.5465586389182016,491.55600000000015,135.25,1.2481200000000001,1,2,0,0,0,0,0,0,0,0,0,0,0,0,0,0,0,0,0,0,0,0,0,0,0,0,0,1,0,0,0,0,0,0,0,0,0,0,0,0,1,0,0,0,0,0,0,0,0,0,0,0,0,0,1,0,0,0,0,1,0,0,0,0,0,0,0,1,0,0,0,0,0,0,0,0,0,1,0,1,0,1,1,0,1,1,0,1,1,0,0,0,0,1,1,1,1,1,1,1,1,0,1,1,0,0,1,1,1,0,0,1,1,1,0,0,0,1,1,1,1,0,1,1,1,0,1,1,0,1,1,1,1,1,1,0,0,1,0,1,1,1,0,0,1,1,1,1,1,1,1,1,0,1,0,1,1,1,1,1,1,1,1,1,1,1,1,1,0,0
CHEMBL2973_111,36,34,-1,-1,-1,2.0833333333333335,2.7525240941522906,2.8981537436461844,6.888586812693806,0.11265079077159809,0.12283149887675962,1.7214755537205289,3.648077763267784,0.18585266070874637,0.09379143298762631,-0.20617856348472524,-1.010438326557718,7.473148148148149,3.945534430342117,-0.08437016879027331,-0.8195414033352,0.02334267040149393,0.06330370395845214,3.2992962361890323,10.174483367965042,0.8055555555555556,0.39577241246597245,-1.5440972939559128,0.38423645320197064,2.0833333333333335,2.7525240941522906,2.8981537436461844,6.888586812693806,2.0,0.0,0,0,1.8888888888888888,2.354402233379677,3.364098272052219,10.462284413271757,0.0,0.0,0,0,0.011689545022878355,0.03067073638718737,2.4711740863887575,4.596822411404058,0.04166666666666666,0.04971544094008759,2.9092406473356065,6.943621497658572,0.04166666666666666,0.24957131425086254,-2.6215844257701906,6.0224031176286275,1.2083333333333333,0.40611643103370687,1.4363696929192162,0.06315789473684186,-0.7245251004135254,68.0,260.0,0.0,186.0,2106.0,24.0,0.0,0.0,0.0,638.0,880.0,17040.0,0.0,0.0,0.0,0.0,112.0,0.0,0.0,0.0,12.0,0.0,0.0,0.0,0.0,0.0,0.0,0.0,0.0,0.0,0.0,1,1,0,1,1,1,0,0,0,1,1,1,0,0,0,0,1,0,0,0,1,0,0,0,0,0,0,0,0,0,0,6.115384615384615,0.31948553318915673,2.4077170617153882,3.7971014492753747,2.1538461538461537,0.532938710021193,0.12629537138523128,0.16145833333333348,0.0,0.0,0,0,2.8846153846153846,0.423076923076923,-0.6851990984222388,1.8030189194727138,0.5769230769230769,0.49404740687173565,-0.311399577664609,-1.9030303030303026,12.241307692307693,0.6376931242455569,2.407717061715378,3.7971014492753428,0.6538461538461539,0.5506854255106289,0.06132558694562151,-0.7721594289113622,335.41,52.51,5.232560000000005,0,5,0,0,0,0,0,0,0,0,0,0,0,0,0,0,0,0,0,0,0,0,0,0,0,0,0,0,0,0,0,0,0,0,0,0,0,0,0,0,0,0,0,1,0,0,0,0,0,0,0,0,1,0,0,0,0,0,0,0,0,0,0,0,0,0,0,1,0,0,0,0,0,0,0,0,0,1,1,0,0,0,1,0,0,1,0,1,0,0,0,0,0,0,0,0,0,0,1,0,0,1,1,1,0,0,0,1,0,0,0,0,0,0,0,0,0,0,0,0,0,0,0,1,1,0,0,1,0,0,0,0,0,0,0,0,0,0,0,1,0,0,0,0,1,0,0,1,0,0,1,0,0,0,0,1,0,1,1,0,1,0,0,1,1,1,0,1,0,0
CHEMBL2973_112,40,38,-1,-1,-1,2.0714285714285716,3.104473401728676,3.399718977767726,10.19584448820607,0.10674714126077889,0.11664067829300083,2.3554275341633586,8.50479280637494,0.19236835844751132,0.09516530643083225,-0.370462779997157,-0.8651333335692297,8.715833333333332,4.50273828723515,-0.23924977540214262,-0.6315282766229848,0.02408906882591093,0.07434954421198979,3.616219692334608,12.306305731779483,0.825,0.3799671038392666,-1.7106744068953987,0.9264069264069255,2.0714285714285716,3.104473401728676,3.399718977767726,10.19584448820607,2.0,0.0,0,0,1.9,2.6814175355583845,3.9035463195686506,14.611999744661585,0.0,0.0,0,0,0.03253333650635,0.15606159708223358,5.949389375319542,33.92499682233208,0.03571428571428572,0.04881241186575709,3.380145828767617,9.964358367943406,0.03571428571428571,0.020346252556696465,-0.14439947894136335,-1.278517440221446,1.25,0.4330127018922193,1.1547005383792515,-0.6666666666666665,0.4147239731110026,76.0,356.0,0.0,176.0,3780.0,16.0,0.0,0.0,0.0,620.0,998.0,40800.0,0.0,0.0,0.0,0.0,70.0,0.0,0.0,0.0,0.0,0.0,0.0,0.0,0.0,0.0,0.0,0.0,0.0,0.0,0.0,1,1,0,1,1,1,0,0,0,1,1,1,0,0,0,0,1,0,0,0,0,0,0,0,0,0,0,0,0,0,0,7.176470588235294,2.406737946526916,2.868335223170047,7.692424300818333,2.176470588235294,0.7848037684780197,0.40929483241796544,-0.10762529983588065,0.0,0.0,0,0,3.1176470588235294,0.47058823529411764,0.36328124999999967,1.0556640625,0.6470588235294118,0.4778846120374094,-0.6154574548966638,-1.621212121212121,14.452676470588234,4.898597144444929,2.7315182484101657,6.938367722443765,0.4117647058823529,0.5486693560640479,0.8872655460726583,-0.27269124058660266,505.5030000000002,109.9,5.033680000000003,0,7,0,0,0,0,0,0,0,0,0,0,0,0,0,0,0,0,0,0,0,0,0,0,0,0,0,0,0,0,0,0,0,0,1,1,0,0,1,0,0,0,0,1,1,0,0,0,0,1,0,0,0,1,1,0,0,1,0,0,1,1,1,1,1,0,1,1,0,1,0,1,0,0,0,1,0,1,0,1,0,0,1,1,0,1,0,0,0,0,1,0,0,0,1,0,1,1,1,1,0,0,1,0,1,0,0,0,1,1,0,0,1,1,1,1,0,0,0,1,0,0,1,1,1,0,1,1,1,1,0,0,1,0,0,1,1,1,1,1,0,0,0,0,1,1,1,1,1,0,1,0,1,1,1,1,0,1,1,1,1,1,0,1,1,1,1,1,0,0
CHEMBL2973_113,42,39,-1,-1,-1,2.0714285714285716,3.2615571590945356,3.4876373197799735,10.893135275951897,0.10127463631615544,0.11641723175094942,2.326168820287548,8.157696935902184,0.17935388689995976,0.0987905297441554,-0.23977560117167043,-1.0906097484017734,8.474603174603175,4.828136557752626,-0.1426218771600995,-0.8374774367101478,0.020238095238095236,0.06295779874493225,4.062254987842962,16.51196419068437,0.8333333333333334,0.37267799624996495,-1.788854381999832,1.200000000000002,2.0714285714285716,3.2615571590945356,3.4876373197799735,10.893135275951897,2.0,0.0,0,0,1.8571428571428572,2.747912008810192,4.135537319847865,16.67243243243243,0.0,0.0,0,0,0.010109815601806448,0.02824523581008887,2.5680159575693025,4.943437414024183,0.03571428571428571,0.0510478606333319,3.4914421126366593,10.927211374437684,0.03571428571428572,0.08662391860947605,-3.1324712609513314,10.016776209302524,1.1785714285714286,0.3829930462415574,1.6785086548325636,0.8173913043478258,-0.09138199224889403,78.0,384.0,0.0,182.0,4410.0,24.0,0.0,0.0,0.0,924.0,1110.0,51720.0,0.0,0.0,0.0,0.0,138.0,0.0,0.0,0.0,12.0,0.0,0.0,0.0,0.0,0.0,0.0,0.0,0.0,0.0,0.0,1,1,0,1,1,1,0,0,0,1,1,1,0,0,0,0,1,0,0,0,1,0,0,0,0,0,0,0,0,0,0,6.37037037037037,0.5543196128553988,1.1764267166323688,0.3926977040816335,2.2222222222222223,0.6285393610547089,-0.20992232566475694,-0.6210937499999991,0.0,0.0,0,0,3.111111111111111,0.4969039949999533,0.22360679774997874,0.7499999999999991,0.5555555555555556,0.4969039949999533,-0.22360679774997907,-1.9500000000000002,12.75011111111111,1.105986582643594,1.1747467721664928,0.3850670726909793,0.6666666666666666,0.769800358919501,0.6495190528383296,-1.0312499999999991,362.3970000000001,136.61,1.40438,0,4,0,0,0,0,0,0,0,0,0,0,0,0,0,0,0,0,0,0,0,0,0,0,0,0,0,0,0,0,0,0,0,0,0,0,0,0,0,0,1,0,0,1,0,0,0,0,0,0,0,0,0,0,1,1,0,0,0,0,0,0,0,0,1,0,0,1,0,0,0,0,0,0,0,0,0,1,0,1,0,1,1,0,0,1,1,1,1,0,0,0,1,0,1,0,1,0,1,1,1,0,1,1,0,0,1,1,0,0,0,0,1,1,0,0,0,0,0,1,1,0,1,1,1,0,1,1,0,0,1,1,0,1,0,1,0,1,0,1,1,0,0,0,1,0,1,1,0,1,1,0,1,1,0,1,1,0,1,0,1,0,0,1,1,1,1,1,0,0
CHEMBL2973_114,38,35,-1,-1,-1,2.0,2.7873339895374523,3.0370764918840094,7.565924909322614,0.11171685618137205,0.11762284437401964,1.758807833538668,3.840170268855081,0.18251850647466863,0.08988503923206015,-0.2977983736184537,-0.935674131622541,7.880701754385965,4.088608347713324,-0.1533454198928938,-0.7369509176581754,0.025327959538485854,0.07130669665521776,3.1961843336031337,9.282804315679357,0.8157894736842105,0.3876557858593746,-1.6292261599251139,0.6543778801843323,2.0,2.7873339895374523,3.0370764918840094,7.565924909322614,2.0,0.0,0,0,1.8421052631578947,2.400946258517272,3.483160936189357,11.093344719079129,0.0,0.0,0,0,0.003454770251143807,0.010607050868709734,3.109372235616191,8.911483080951037,0.038461538461538464,0.04863059435840437,3.044929994366351,7.626315357361259,0.038461538461538464,0.10561811466866262,3.180336188767587,8.432391409397594,1.1538461538461537,0.36080121229411,1.9188064472004944,1.6818181818181834,-2.0178557758230733,70.0,278.0,0.0,148.0,2376.0,8.0,0.0,0.0,0.0,466.0,732.0,19920.0,0.0,0.0,0.0,0.0,40.0,0.0,0.0,0.0,0.0,0.0,0.0,0.0,0.0,0.0,0.0,0.0,0.0,0.0,0.0,1,1,0,1,1,1,0,0,0,1,1,1,0,0,0,0,1,0,0,0,0,0,0,0,0,0,0,0,0,0,0,6.28125,0.5719689130538477,1.9130697367243688,2.531432390287369,2.1875,0.582961190818051,-0.05175715685423837,-0.3178755449861277,0.0,0.0,0,0,3.09375,0.45821494683172437,0.352099403168477,1.4210924824229316,0.5625,0.49607837082461076,-0.25197631533948484,-1.9365079365079365,12.572124999999998,1.1408988712304875,1.9115709492817943,2.5238991060705454,0.71875,0.6724198372296879,0.4029079916054978,-0.8076074432403937,425.4920000000002,106.05000000000001,3.777980000000002,0,5,0,0,0,0,0,0,0,0,0,0,0,0,0,0,0,0,0,0,0,0,0,0,0,0,0,0,0,0,0,0,0,0,0,0,0,0,0,1,0,0,0,1,0,1,0,0,0,0,0,0,0,0,0,0,0,0,0,0,0,0,0,0,0,0,0,0,0,0,0,0,0,0,0,0,0,0,0,1,0,0,0,0,1,0,0,0,1,0,0,0,1,1,1,0,0,0,0,0,1,0,1,1,0,0,1,1,1,0,0,0,1,1,0,0,0,0,0,1,1,0,0,1,0,0,0,1,0,0,1,1,0,1,0,1,0,1,1,1,1,0,0,0,1,0,1,1,0,1,0,0,0,1,0,1,1,1,1,0,1,1,0,1,1,1,1,1,0,1
CHEMBL2973_115,36,34,-1,-1,-1,2.0833333333333335,2.767620317569269,2.75566135621894,6.005671501690353,0.1175644528242815,0.11813711190775351,1.5893951490749214,2.914180657496688,0.18863809419444977,0.09415695873843088,-0.2703715905814336,-0.9403651017589141,7.560185185185186,3.9487267008871405,-0.14082158222704405,-0.7901760175883652,0.022408963585434177,0.06611999180648767,3.1147628762560204,8.400996738353014,0.8055555555555556,0.3957724124659724,-1.544097293955913,0.3842364532019724,2.0833333333333335,2.767620317569269,2.75566135621894,6.005671501690353,2.0,0.0,0,0,1.8888888888888888,2.366171048782984,3.214901657953887,9.328725859996181,0.0,0.0,0,0,0.01627943027317488,0.05720553410584918,4.807357618850933,23.349362412730624,0.041666666666666664,0.050949785434325476,2.801571198811385,6.209687077892463,0.041666666666666706,1.349712594710085,2.5607906876138427,5.229731058216075,1.25,0.4330127018922193,1.1547005383792515,-0.6666666666666665,0.04926691637849813,68.0,262.0,0.0,188.0,2064.0,16.0,0.0,0.0,0.0,470.0,936.0,15984.0,0.0,0.0,0.0,0.0,62.0,0.0,0.0,0.0,0.0,0.0,0.0,0.0,0.0,0.0,0.0,0.0,0.0,0.0,12.0,1,1,0,1,1,1,0,0,0,1,1,1,0,0,0,0,1,0,0,0,0,0,0,0,0,0,0,0,0,0,1,6.357142857142857,0.6662413609349153,1.6192596215826027,1.1470471660721424,2.142857142857143,0.5802884574739973,-0.02238027108715102,-0.19559228650137994,0.0,0.0,0,0,3.1785714285714284,0.5380899704756915,0.11403175838061308,0.009819713171224986,0.42857142857142855,0.4948716593053935,0.28867513459481275,-1.916666666666667,12.723428571428574,1.3287611154909742,1.6182075892800685,1.142986554973671,0.7857142857142857,0.7249208260780158,0.3501267143768268,-1.0487322085022155,378.4320000000002,103.25000000000001,2.788780000000001,1,6,0,0,0,0,0,0,0,0,0,0,0,0,0,0,0,0,0,0,0,0,0,0,0,0,0,0,0,0,0,0,0,0,0,0,0,0,0,1,0,0,0,1,0,1,0,0,0,0,0,0,0,0,0,0,0,0,0,1,0,0,0,0,0,0,0,0,0,0,0,0,0,0,0,0,0,0,0,1,0,0,0,0,1,1,0,0,0,0,0,0,1,1,1,0,0,1,1,0,0,0,1,0,0,0,0,0,1,0,0,1,1,0,0,0,0,0,0,1,1,0,0,0,0,0,0,1,0,0,1,1,0,1,1,1,0,1,1,1,1,0,0,0,1,0,0,1,1,1,0,0,0,1,1,1,1,1,1,1,1,1,0,1,1,1,1,1,0,1
CHEMBL2973_116,34,33,-1,-1,-1,2.2857142857142856,2.897336332414525,2.6400085957705275,5.4350151961312285,0.11558324406893573,0.12669758638736253,1.5341532803011115,2.7100371640165113,0.17969038797404024,0.10021614394256992,-0.15361040930667,-1.208330889324052,6.735294117647058,3.9059861983202993,-0.0551643238032069,-1.0003278641442201,0.017992424242424244,0.05153181908982891,3.489580277773796,11.040883149738928,0.7941176470588235,0.40434491426080943,-1.4547859349066157,0.11640211640211628,2.2857142857142856,2.897336332414525,2.6400085957705275,5.4350151961312285,2.0,0.0,0,0,1.9411764705882353,2.412481959342339,3.2487800570940975,9.64474657173032,0.0,0.0,0,0,0.044061006916249236,0.09918918278852656,3.061853697393304,10.50002883413707,0.047619047619047616,0.05540765596354807,2.6714610306460127,5.528399384029925,0.047619047619047616,0.18265539287471266,-2.3164550677585565,4.26847559090095,1.380952380952381,0.4856209060564557,0.4902903378454601,-1.7596153846153848,0.3983950915029337,66.0,260.0,0.0,228.0,2106.0,56.0,0.0,0.0,0.0,848.0,1062.0,17040.0,0.0,0.0,0.0,0.0,244.0,0.0,0.0,0.0,48.0,0.0,0.0,0.0,0.0,0.0,0.0,0.0,0.0,0.0,36.0,1,1,0,1,1,1,0,0,0,1,1,1,0,0,0,0,1,0,0,0,1,0,0,0,0,0,0,0,0,0,1,6.5,1.8393839548428526,4.611738945724563,20.752699652988422,2.2666666666666666,0.6798692684790381,0.2479737670256847,0.0327292899408258,0.0,0.0,0,0,3.1666666666666665,0.3726779962499649,1.7888543819998324,1.2000000000000055,0.7333333333333333,0.4422166387140533,-1.055289706022172,-0.8863636363636371,13.011933333333339,3.687724745090875,4.617450553888729,20.7957785066376,0.7,0.5859465277082315,0.1789486991964063,-0.5989254406635873,411.5260000000001,63.32000000000001,5.257200000000004,1,5,0,0,0,0,0,0,0,0,0,0,0,0,0,0,0,0,0,0,0,0,0,0,0,0,0,0,0,0,0,0,0,0,0,0,0,0,0,0,0,0,0,0,0,0,0,0,0,0,0,0,0,0,0,0,1,0,0,0,0,0,0,0,1,0,1,0,1,0,0,0,0,0,0,0,0,0,0,0,0,0,0,1,0,0,1,0,0,0,1,0,1,0,0,0,0,1,1,0,0,0,0,1,0,0,1,1,0,0,0,0,0,1,1,0,0,0,0,0,0,0,0,0,0,1,0,1,0,0,0,0,0,1,0,0,0,0,0,0,0,1,0,0,0,0,1,1,0,0,0,0,0,1,0,1,1,1,1,1,1,1,0,1,1,1,1,1,0,0
CHEMBL2973_117,34,30,-1,-1,-1,1.9090909090909092,2.353123473735415,3.0393506823491445,8.137781243038535,0.10623037958272052,0.13463606931128622,2.2297465210553957,6.917731988855715,0.16384113396407787,0.0779585123709784,-0.1650129021145374,-0.9559014312310707,6.433893557422969,3.3090407350936486,0.024855651818157295,-0.6589125870628822,0.027350713012477722,0.07295997448830564,2.8815161940362195,7.024793169030417,0.7941176470588235,0.40434491426080943,-1.4547859349066157,0.11640211640211628,1.9090909090909092,2.353123473735415,3.0393506823491445,8.137781243038535,2.0,0.0,0,0,1.7647058823529411,2.015510788119037,3.426776040732892,11.514757566699256,0.0,0.0,0,0,0.0,0.0,0,0,0.04545454545454546,0.050602772752422566,3.0334119359034935,8.128478103379692,0.045454545454545456,0.0881467265479947,-2.030063479227662,4.863568636882352,1.0,0.0,0,0,-0.5606628949006853,60.0,184.0,0.0,66.0,1260.0,0.0,0.0,0.0,0.0,136.0,240.0,8880.0,0.0,0.0,0.0,0.0,0.0,0.0,0.0,0.0,0.0,0.0,0.0,0.0,0.0,0.0,0.0,0.0,0.0,0.0,0.0,1,1,0,1,1,0,0,0,0,1,1,1,0,0,0,0,0,0,0,0,0,0,0,0,0,0,0,0,0,0,0,6.571428571428571,2.3415792101227133,4.1937176291191,15.737868591026363,2.1904761904761907,0.6632565846278151,0.7468245175724711,1.0539377192050168,0.0,0.0,0,0,3.142857142857143,0.3499271061118826,2.0412414523193148,2.166666666666667,0.8571428571428571,0.3499271061118826,-2.0412414523193143,2.166666666666665,13.222333333333333,4.989023583574278,4.200235346107609,15.775946289731603,0.7619047619047619,0.5259695722470125,-0.18552406975925897,-0.2519484009674833,293.797,26.02,4.590600000000003,0,3,0,0,0,0,0,0,0,0,0,0,0,0,0,0,0,0,0,0,0,0,0,0,0,0,0,0,0,0,0,0,0,0,0,0,0,0,0,0,0,0,0,0,0,0,0,0,0,0,0,0,0,0,0,0,0,0,0,0,0,0,0,0,0,0,0,0,1,0,0,0,0,0,0,0,0,0,0,0,0,0,0,0,0,0,1,0,0,1,0,0,0,0,0,0,0,0,0,0,0,0,0,0,0,1,0,0,0,1,0,0,0,0,1,0,0,0,0,0,0,0,0,0,0,0,0,1,0,0,0,0,0,0,0,0,1,0,0,0,0,0,0,0,0,0,1,1,0,0,0,0,1,1,0,0,0,0,1,0,1,0,0,1,1,1,0,1,0,0
CHEMBL2973_118,37,37,-1,-1,-1,2.24,3.1019993552546072,3.0399351752929475,7.823159717449,0.11293021622915497,0.11947298142033339,1.8115038920438968,4.3528738469255925,0.20172042289821998,0.10323046285896277,-0.3229636073660799,-1.0630629951886117,8.225225225225227,4.359625058990659,-0.19460385391250948,-0.8294609988944592,0.020592020592020595,0.06034680187518434,3.731975479811619,13.027551772839008,0.8108108108108109,0.3916588309780929,-1.5871507864874157,0.5190476190476199,2.24,3.1019993552546072,3.0399351752929475,7.823159717449,2.0,0.0,0,0,2.0,2.6508540184301035,3.5692416088388756,11.999230769230769,0.0,0.0,0,0,0.019303023954186743,0.045876205411907595,2.1384500392185086,2.9429917420887435,0.04,0.050704921078897305,3.07433798871901,8.026388466742636,0.04,0.02575344585946729,-0.39702205181608213,0.005695895281444319,1.36,0.48000000000000004,0.5833333333333328,-1.6597222222222232,-0.5275539900584618,74.0,334.0,0.0,280.0,3240.0,48.0,0.0,0.0,0.0,1096.0,1522.0,32064.0,0.0,0.0,0.0,0.0,258.0,0.0,0.0,0.0,48.0,0.0,0.0,0.0,0.0,0.0,0.0,0.0,0.0,0.0,48.0,1,1,0,1,1,1,0,0,0,1,1,1,0,0,0,0,1,0,0,0,1,0,0,0,0,0,0,0,0,0,1,6.2592592592592595,0.438228132081453,1.0987005311470701,-0.792857142857144,2.2962962962962963,0.531581484978049,0.12717068610371288,-0.6058535205957214,0.0,0.0,0,0,3.3703703703703702,0.4829038818668629,0.5368754921931602,-1.7117647058823522,0.5555555555555556,0.4969039949999533,-0.22360679774997907,-1.9500000000000002,12.528481481481483,0.8747033516345805,1.0987005311470632,-0.7928571428571556,0.9259259259259259,0.8574694002066833,0.14231265294558587,-1.6254316106036975,363.46900000000034,86.96,2.5476,0,3,0,0,0,0,0,0,0,0,0,0,0,0,0,0,0,0,0,0,0,0,0,0,0,0,0,0,0,0,0,0,0,0,0,0,0,0,0,0,1,0,0,0,0,0,0,0,0,0,0,0,0,0,0,0,0,0,0,0,0,0,0,0,1,0,0,1,0,0,0,0,0,0,0,0,0,1,0,1,0,1,1,0,0,1,1,1,1,0,0,0,1,0,0,0,0,0,1,0,1,0,1,1,0,0,1,1,0,0,0,0,0,1,0,0,0,0,0,0,1,0,1,1,1,0,0,1,0,0,1,1,0,1,0,1,0,1,0,1,1,0,0,0,1,0,1,1,0,1,1,0,1,1,0,1,0,0,1,0,1,0,0,1,1,1,0,1,0,1
CHEMBL2973_119,36,34,-1,-1,-1,2.0833333333333335,2.767620317569269,2.850004526300893,6.676072591933808,0.11354531317509381,0.12200508036039993,1.697253393536866,3.466559124654794,0.1888124824062426,0.09534050429257294,-0.2366632061187958,-1.0192468807847128,7.538888888888888,3.9817019749453815,-0.09612809608135907,-0.8213948532771789,0.022595704948646125,0.06207630234518698,3.1739573932440868,9.23346817727293,0.8055555555555556,0.3957724124659724,-1.544097293955913,0.3842364532019724,2.0833333333333335,2.767620317569269,2.850004526300893,6.676072591933808,2.0,0.0,0,0,1.8888888888888888,2.366171048782984,3.3155485405721277,10.198345831575796,0.0,0.0,0,0,0.009523988032759962,0.025155503466933002,2.6471820904262073,6.223464933579127,0.04166666666666666,0.05026031565868502,2.872210100369517,6.790608706806543,0.041666666666666664,0.06907608390105882,3.072253095114883,8.01377018977284,1.2083333333333333,0.40611643103370687,1.4363696929192162,0.06315789473684186,-0.819712978099121,68.0,262.0,0.0,204.0,2112.0,24.0,0.0,0.0,0.0,642.0,992.0,17040.0,0.0,0.0,0.0,0.0,116.0,0.0,0.0,0.0,12.0,0.0,0.0,0.0,0.0,0.0,0.0,0.0,0.0,0.0,0.0,1,1,0,1,1,1,0,0,0,1,1,1,0,0,0,0,1,0,0,0,1,0,0,0,0,0,0,0,0,0,0,6.304347826086956,0.6209937763950306,1.8615488175901787,2.0844867358708203,2.1739130434782608,0.6360321234055563,-0.16482726090875002,-0.6171281334614389,0.0,0.0,0,0,3.130434782608696,0.33678116053977536,2.194690562850869,2.8166666666666647,0.6956521739130435,0.4601306627938419,-0.8504200642707606,-1.276785714285715,12.61813043478261,1.2385539711730396,1.8603926157040156,2.0793057689447485,0.7391304347826086,0.6055820990080051,0.1976235343824087,-0.5745031352959913,307.353,88.24000000000001,2.6214000000000004,1,4,0,0,0,0,0,0,0,0,0,0,0,0,0,0,0,0,0,0,0,0,0,0,0,0,0,0,0,0,0,0,0,0,0,0,0,0,0,0,0,0,0,0,0,0,0,0,0,0,0,0,0,0,0,1,0,0,0,0,0,0,0,0,0,0,0,1,0,0,0,0,0,0,0,0,0,0,0,0,0,0,1,0,1,0,1,0,0,0,0,0,1,0,1,0,0,0,0,1,1,0,1,1,0,0,0,1,0,0,0,0,1,0,0,1,0,0,0,1,0,0,0,1,0,0,0,1,0,1,0,0,0,1,0,1,0,1,0,1,0,1,0,0,1,1,0,1,0,0,0,0,0,1,0,1,1,1,1,1,1,1,0,1,1,1,1,1,0,1
CHEMBL2973_120,38,35,-1,-1,-1,2.0,2.7735009811261455,3.082746340521711,7.777000000000001,0.11175087815464907,0.1175905213244205,1.7638719041032198,3.937537676354797,0.17925640141200958,0.08806451105624659,-0.27432253927434014,-0.9421285509992199,7.801378446115288,4.045303540532606,-0.14094248694304332,-0.7379662614755405,0.026197249881460407,0.07227158236743889,3.2992856874084384,10.089948972638586,0.8157894736842105,0.3876557858593746,-1.6292261599251139,0.6543778801843323,2.0,2.7735009811261455,3.082746340521711,7.777000000000001,2.0,0.0,0,0,1.8421052631578947,2.3899605346826793,3.529588027168483,11.352408978316241,0.0,0.0,0,0,0.004361388384754991,0.013021033807359405,2.790120758308128,6.186554560040721,0.038461538461538464,0.04813472211976777,3.0743584866731215,7.734145655538187,0.038461538461538464,0.03438466895589895,2.7508176924069563,6.983412695729573,1.1538461538461537,0.36080121229411,1.9188064472004944,1.6818181818181834,0.6147301090233921,70.0,276.0,0.0,128.0,2370.0,8.0,0.0,0.0,0.0,466.0,600.0,19920.0,0.0,0.0,0.0,0.0,38.0,0.0,0.0,0.0,0.0,0.0,0.0,0.0,0.0,0.0,0.0,0.0,0.0,0.0,0.0,1,1,0,1,1,1,0,0,0,1,1,1,0,0,0,0,1,0,0,0,0,0,0,0,0,0,0,0,0,0,0,6.346153846153846,0.6760921473556517,1.6900710479660572,1.2852609419675147,2.1538461538461537,0.6617173282340482,-0.17908420022696436,-0.7534696859021182,0.0,0.0,0,0,3.076923076923077,0.2664693550105965,3.175426480542939,8.083333333333325,0.6923076923076923,0.4615384615384615,-0.8333333333333337,-1.305555555555555,12.701461538461539,1.3483510508072514,1.689198821707263,1.281886550550169,0.6538461538461539,0.6165853669954384,0.3844638337346534,-0.6676558312767797,347.3740000000001,105.31000000000002,3.1578000000000017,0,5,0,0,0,0,0,0,0,0,0,0,0,0,0,0,0,0,0,0,0,0,0,0,0,0,0,0,0,0,0,0,0,0,0,0,0,0,0,0,0,0,0,0,0,0,0,0,0,0,0,0,0,0,0,0,0,0,0,0,0,0,0,0,1,0,0,1,0,0,0,0,0,0,0,0,0,0,0,0,0,0,1,0,1,0,1,0,0,0,0,0,0,0,1,0,0,0,0,0,1,0,1,0,0,0,0,0,0,0,0,0,1,0,0,0,0,0,0,1,0,0,0,1,0,1,0,1,0,0,0,0,0,1,0,1,0,1,1,1,0,1,0,0,1,0,1,1,1,0,0,0,1,1,0,1,1,1,1,1,1,1,0,1,1,1,1,1,0,1
CHEMBL2973_121,39,37,-1,-1,-1,2.16,3.0942527369301946,2.9690589288100533,7.1302820221124374,0.10907884391026904,0.117229823220138,1.7447483330579319,3.807293544886611,0.17762340691040251,0.09822586731409655,-0.21475495331696343,-1.1501808789541417,7.717948717948718,4.428427953554206,-0.11622539428547772,-0.9622639398239268,0.018382755224860485,0.057157276306307805,3.6110621559018066,11.922047338934545,0.8205128205128205,0.3837597319768145,-1.6703827619526517,0.7901785714285703,2.16,3.0942527369301946,2.9690589288100533,7.1302820221124374,2.0,0.0,0,0,1.8974358974358974,2.5799510211497982,3.5983457158822647,11.887885673983966,0.0,0.0,0,0,0.025258345990053305,0.08244720107033914,4.924814781624226,25.235027389147874,0.04,0.05272149657212613,2.996179908984299,7.219413354569552,0.039999999999999994,0.025902563074524786,-0.7029841753781456,1.4186879173619387,1.28,0.448998886412873,0.9799578870122222,-1.0396825396825407,1.604481928222367,74.0,326.0,0.0,214.0,3102.0,32.0,0.0,0.0,0.0,862.0,1148.0,29160.0,0.0,0.0,0.0,0.0,154.0,0.0,0.0,0.0,12.0,0.0,0.0,0.0,0.0,0.0,0.0,0.0,0.0,0.0,24.0,1,1,0,1,1,1,0,0,0,1,1,1,0,0,0,0,1,0,0,0,1,0,0,0,0,0,0,0,0,0,1,6.461538461538462,0.9014561964742022,1.9000872296618379,2.339287397492696,2.2051282051282053,0.7571704133453024,0.3487398763806069,-0.07909687736722182,0.0,0.0,0,0,3.3333333333333335,0.4714045207910316,0.7071067811865467,-1.4999999999999998,0.5897435897435898,0.49188015623720194,-0.36490022459988114,-1.8668478260869565,13.008871794871798,2.0213520377426897,2.092858469276223,3.2258240411288748,0.717948717948718,0.7142763219068778,0.4722240259774399,-0.948320756722286,535.5700000000003,106.06,5.423200000000004,1,9,0,0,0,0,0,0,0,0,0,0,0,0,0,0,0,0,0,0,0,0,0,0,1,0,0,0,0,0,0,0,0,0,0,0,0,0,0,0,0,0,0,0,1,0,0,0,0,0,0,0,0,0,1,0,0,0,0,0,0,0,0,0,1,0,0,1,1,0,0,0,0,0,0,0,0,1,0,0,0,1,1,0,1,1,1,0,0,0,0,0,1,0,1,0,1,1,1,1,1,0,1,0,0,0,1,0,1,1,0,0,1,0,1,0,0,0,0,1,1,0,1,1,1,0,1,1,0,0,1,1,0,1,1,1,1,1,0,1,0,1,0,0,1,0,1,1,0,1,1,0,1,1,1,1,1,1,1,1,1,1,0,1,1,1,1,1,0,0
CHEMBL2973_122,37,35,-1,-1,-1,2.08,2.841408101628487,3.0994162003599706,8.154705366985205,0.11006193791437352,0.1221204194619377,1.8732816410665563,4.774836267863091,0.18242556840386398,0.09185527556323682,-0.202995491669036,-1.0268343604238517,7.679794079794078,4.051633697632312,-0.09427892588431991,-0.789504459643017,0.025053625053625052,0.06724523224268762,3.5174958340945652,11.8902636519089,0.8108108108108109,0.3916588309780929,-1.5871507864874157,0.5190476190476199,2.08,2.841408101628487,3.0994162003599706,8.154705366985205,2.0,0.0,0,0,1.8918918918918919,2.436033370647297,3.580765063917579,12.086154450914814,0.0,0.0,0,0,0.012793654898918056,0.03283613413167422,2.2428333873973303,3.1806403765070224,0.04000000000000001,0.04913123368767329,3.0986522340201095,8.173427563041058,0.04000000000000001,0.019318438957397124,-0.0950908773059025,-0.13903552323106627,1.2,0.4,1.5000000000000004,0.2500000000000009,-0.9247045403865572,70.0,282.0,0.0,170.0,2496.0,24.0,0.0,0.0,0.0,672.0,816.0,22320.0,0.0,0.0,0.0,0.0,114.0,0.0,0.0,0.0,12.0,0.0,0.0,0.0,0.0,0.0,0.0,0.0,0.0,0.0,0.0,1,1,0,1,1,1,0,0,0,1,1,1,0,0,0,0,1,0,0,0,1,0,0,0,0,0,0,0,0,0,0,7.0,2.2135943621178655,3.319008622917249,10.698458975426902,2.25,0.8874119674649424,-0.08049088140271587,-1.0536659108087678,0.0,0.0,0,0,3.1,0.3,2.666666666666666,5.111111111111107,0.55,0.49749371855331,-0.20100756305184278,-1.9595959595959598,14.011,4.437497853520608,3.3268462289750236,10.740651738471103,0.4,0.5830951894845301,1.15004933566153,0.3148788927335646,576.5680000000003,195.07999999999996,1.7358000000000005,0,4,0,0,0,0,0,0,0,0,0,0,0,0,0,0,0,0,0,0,0,0,0,0,0,0,0,0,0,0,0,0,0,0,1,1,0,0,0,0,0,0,0,0,0,0,0,0,0,0,0,0,0,1,0,0,0,1,0,0,1,1,1,1,1,0,1,0,0,1,0,1,0,0,0,1,0,1,0,0,0,0,0,1,0,0,1,1,0,0,1,1,0,0,1,0,1,0,0,0,1,0,0,1,1,0,0,1,1,0,0,0,1,0,1,0,0,0,0,1,0,0,1,1,1,0,1,1,0,1,0,0,1,1,0,1,0,1,1,1,0,0,1,0,1,1,0,1,1,0,1,0,1,1,0,0,1,0,1,0,1,1,0,1,1,1,1,1,0,0
CHEMBL2973_123,39,38,-1,-1,-1,2.1481481481481484,3.1470586349997034,3.314212000113679,9.631034062046796,0.10967825390996835,0.11666921727810713,2.1116504612272937,6.551300699686635,0.19478625019258058,0.09827484989290329,-0.3080427245618414,-0.9499468694390307,8.564102564102566,4.480485605393223,-0.20845446833281692,-0.7049049387649706,0.023233760075865337,0.06974053425101137,3.7786973744299956,13.547487285225074,0.8205128205128205,0.3837597319768145,-1.6703827619526517,0.7901785714285703,2.1481481481481484,3.1470586349997034,3.314212000113679,9.631034062046796,2.0,0.0,0,0,1.9487179487179487,2.7075271899926756,3.836823523425488,14.09810843572162,0.0,0.0,0,0,0.04144327097567459,0.15921075925418005,5.587381280644989,30.696719862146374,0.037037037037037035,0.049811561365120584,3.3898536838866193,10.221948350611212,0.037037037037037035,0.021966028263842557,-0.4110668551560529,-0.23447378372417038,1.2962962962962963,0.4566232594791834,0.892217816219194,-1.2039473684210522,-0.44030900646820725,76.0,358.0,0.0,216.0,3780.0,32.0,0.0,0.0,0.0,882.0,1178.0,40800.0,0.0,0.0,0.0,0.0,150.0,0.0,0.0,0.0,12.0,0.0,0.0,0.0,0.0,0.0,0.0,0.0,0.0,0.0,0.0,1,1,0,1,1,1,0,0,0,1,1,1,0,0,0,0,1,0,0,0,1,0,0,0,0,0,0,0,0,0,0,6.892857142857143,2.006049524283374,3.412036205320214,12.331014438882763,2.2142857142857144,0.7726181304565691,0.07585643709062924,-0.5448170063554683,0.0,0.0,0,0,3.1785714285714284,0.38299304624155744,1.6785086548325654,0.8173913043478294,0.75,0.4330127018922193,-1.1547005383792515,-0.6666666666666665,13.903464285714287,4.141506200148365,3.1521048392508004,10.490523737086164,0.4642857142857143,0.6257648381405441,1.009467325816595,-0.052350688070962104,402.401,73.80000000000001,4.1693000000000024,0,3,0,0,0,0,0,0,0,0,0,0,0,0,0,0,0,0,0,0,0,0,0,0,0,0,0,0,0,0,0,0,0,0,0,0,0,0,1,0,1,0,0,0,1,0,0,0,0,1,0,0,0,0,0,0,0,0,0,0,0,0,0,0,1,0,0,1,0,0,0,0,0,0,0,0,0,1,0,1,0,0,1,1,0,1,1,1,0,0,1,0,0,0,1,0,0,0,1,1,1,0,1,1,0,0,0,1,1,1,0,0,1,0,1,1,0,0,0,1,0,0,1,1,1,0,0,1,0,1,0,0,0,0,0,1,1,1,0,1,0,0,0,0,1,1,1,1,0,0,1,0,1,1,0,1,1,1,1,0,1,0,0,1,1,1,1,1,0,1
CHEMBL2973_124,37,36,-1,-1,-1,2.16,3.094252736930194,2.9690589288100546,7.130282022112441,0.11249281618838086,0.11988491703727447,1.7007204648450052,3.3611641600220192,0.19626154808104482,0.10045282237446611,-0.2658845047528935,-1.0651000792427745,8.07027027027027,4.2873620678136755,-0.1493355018972865,-0.838369951234005,0.021793221793221795,0.06343079266785097,3.5407270121580154,11.364572150619987,0.8108108108108109,0.3916588309780929,-1.5871507864874157,0.5190476190476199,2.16,3.094252736930194,2.9690589288100546,7.130282022112441,2.0,0.0,0,0,1.945945945945946,2.6400854403244787,3.486528660366421,11.05199545602336,0.0,0.0,0,0,0.019753474404637192,0.046579134688177405,2.084407930090771,2.6580635810367825,0.04,0.052070525217560934,2.984242177899117,7.202869865260935,0.04000000000000001,0.045901135959635735,-1.6347716689482379,2.7315473968744515,1.24,0.4270831300812524,1.2175615550562027,-0.5175438596491229,0.29660909467103863,72.0,326.0,0.0,252.0,3102.0,48.0,0.0,0.0,0.0,1054.0,1366.0,29160.0,0.0,0.0,0.0,0.0,258.0,0.0,0.0,0.0,48.0,0.0,0.0,0.0,0.0,0.0,0.0,0.0,0.0,0.0,0.0,1,1,0,1,1,1,0,0,0,1,1,1,0,0,0,0,1,0,0,0,1,0,0,0,0,0,0,0,0,0,0,6.739130434782608,2.047636841620281,4.000128440402846,15.209575967105767,2.1739130434782608,0.5635426694267706,0.016532501781653282,-0.1522108843537442,0.0,0.0,0,0,3.0434782608695654,0.20393111999232302,4.477215043467814,18.04545454545454,0.7391304347826086,0.43910891036356847,-1.0891622972743424,-0.8137254901960773,13.490304347826088,4.1058574747578085,4.004670261168563,15.23708857172057,0.6521739130434783,0.6330530338504798,0.4431821968910535,-0.6798682805268768,325.39700000000005,92.92999999999999,3.109000000000001,0,4,0,0,0,0,0,0,0,0,0,0,0,0,0,0,0,0,0,0,0,0,0,0,0,0,0,0,0,0,0,0,0,0,0,0,0,0,1,1,0,0,0,0,0,1,0,0,0,1,0,0,0,0,0,0,0,0,0,0,0,0,0,0,1,0,0,1,0,0,0,0,0,0,0,0,0,0,0,1,0,0,1,1,1,1,1,0,0,0,1,0,1,1,0,0,0,0,1,1,1,0,1,0,0,0,0,0,1,0,0,0,1,0,0,0,0,0,0,1,0,0,1,1,0,0,0,1,0,0,0,0,0,1,0,1,0,1,0,1,0,0,0,0,1,0,0,1,0,0,0,0,0,1,0,1,1,1,1,0,1,0,0,1,1,1,1,1,0,1
CHEMBL2973_125,35,29,-1,-1,-1,1.8333333333333333,2.763853991962833,3.015113445777638,7.0909090909090935,0.09056418608506099,0.14272195616014732,2.3539669375164323,7.175979045069175,0.11647102713002756,0.06157247802756974,0.8391020731947938,1.424027855931981,4.242857142857143,2.1237855006115165,0.60238611236055,0.8581843427935367,0.005653170359052713,0.01806050952099656,4.114187063546921,17.20938727302526,0.8,0.4,-1.5,0.24999999999999956,1.8333333333333333,2.763853991962833,3.015113445777638,7.0909090909090935,2.0,0.0,0,0,1.6571428571428573,1.926400894975723,3.7048882909204535,13.815535246197204,0.0,0.0,0,0,0.0,0.0,0,0,0.08333333333333331,0.11544434557298858,3.0151134457776356,7.090909090909088,0.08333333333333336,0.00765997635747697,-3.015113445777639,7.090909090909106,1.0,0.0,0,0,-1.3587675650241475,58.0,168.0,0.0,12.0,1170.0,0.0,0.0,0.0,0.0,10.0,20.0,8400.0,0.0,0.0,0.0,0.0,0.0,0.0,0.0,0.0,0.0,0.0,0.0,0.0,0.0,0.0,0.0,0.0,0.0,0.0,0.0,1,1,0,1,1,0,0,0,0,1,1,1,0,0,0,0,0,0,0,0,0,0,0,0,0,0,0,0,0,0,0,6.375,0.6959705453537527,1.5643042434590073,0.8595213319458899,2.0,0.7071067811865476,0.0,-1.0,0.0,0.0,0,0,3.0,0.0,0,0,0.75,0.4330127018922193,-1.1547005383792515,-0.6666666666666665,12.759,1.38798991350802,1.5634407933775138,0.8564194602538322,0.875,0.5994789404140899,0.0543950645366282,-0.31379962192816624,109.12799999999999,46.25,0.9743999999999999,0,0,0,0,0,0,0,0,0,0,0,0,0,0,0,0,0,0,0,0,0,0,0,0,0,0,0,0,0,0,0,0,0,0,0,0,0,0,0,0,0,0,0,0,0,0,0,0,0,0,0,0,0,0,0,1,0,0,0,0,0,0,0,0,0,0,0,0,0,0,0,0,0,0,0,0,0,0,0,0,0,0,0,0,0,0,1,0,0,0,0,0,0,0,0,0,0,0,0,1,0,0,0,0,0,0,0,0,0,0,0,0,0,0,0,1,0,0,0,0,0,0,0,0,0,0,0,0,0,1,0,0,0,1,0,1,0,1,0,0,0,1,0,0,0,1,0,0,0,0,0,0,0,1,1,0,0,0,1,1,1,0,0,1,1,1,1,1,0,0
CHEMBL2973_126,37,36,-1,-1,-1,2.16,2.9486267990371378,2.9326340267464435,6.938368461826997,0.11420547085998331,0.11825454516709508,1.6574868171710402,3.2307012660721623,0.1919364443039167,0.09691373028614401,-0.2730415946013228,-1.0021807812116412,7.948648648648649,4.1799686378595196,-0.1649704237957174,-0.8181889749629541,0.022565422565422565,0.06509399377011914,3.465463084238644,10.964369404068458,0.8108108108108109,0.3916588309780929,-1.5871507864874157,0.5190476190476199,2.16,2.9486267990371378,2.9326340267464435,6.938368461826997,2.0,0.0,0,0,1.945945945945946,2.5249666408922518,3.4254415021764997,10.66098042184996,0.0,0.0,0,0,0.02694054629759144,0.08475042837050141,4.73128267636591,23.28857119395281,0.039999999999999994,0.04987511544288406,2.9611938556701998,7.05883287053566,0.039999999999999994,0.2546447833071316,2.882009006468391,6.674472796972607,1.28,0.448998886412873,0.9799578870122222,-1.0396825396825407,0.36730937582130074,72.0,304.0,0.0,226.0,2706.0,32.0,0.0,0.0,0.0,800.0,1146.0,23880.0,0.0,0.0,0.0,0.0,146.0,0.0,0.0,0.0,12.0,0.0,0.0,0.0,0.0,0.0,0.0,0.0,0.0,0.0,24.0,1,1,0,1,1,1,0,0,0,1,1,1,0,0,0,0,1,0,0,0,1,0,0,0,0,0,0,0,0,0,1,7.066666666666666,2.4890872936792627,3.0365354547851466,8.086323019952284,2.1333333333333333,0.7180219742846006,-0.20330437886625483,-1.0505350772889415,0.0,0.0,0,0,3.0,0.0,0,0,0.7333333333333333,0.4422166387140533,-1.0552897060221722,-0.8863636363636367,14.145933333333334,4.9909942291647225,3.0409485967399603,8.106796442176528,0.5333333333333333,0.618241233033047,0.7197210676601588,-0.46322336398053165,220.253,76.21,2.0905,0,2,0,0,0,0,0,0,0,0,0,0,0,0,0,0,0,0,0,0,0,0,0,0,0,0,0,0,0,0,0,0,0,0,0,0,0,0,1,0,0,0,0,0,0,0,0,0,0,1,0,0,0,0,0,0,0,0,0,0,0,0,0,0,1,0,0,1,0,0,0,0,0,0,0,0,0,0,0,1,0,0,0,1,0,1,1,0,0,0,1,0,0,0,0,0,0,0,1,0,0,0,0,0,0,0,0,0,1,0,0,0,0,0,0,0,0,0,0,0,0,0,1,1,0,1,0,1,0,0,0,0,0,1,0,1,0,1,0,1,0,1,0,0,1,0,0,0,0,0,0,0,0,1,0,0,1,0,1,1,1,1,0,1,1,1,1,1,0,0
CHEMBL2973_127,36,32,-1,-1,-1,1.9166666666666667,2.4650332429581736,2.8999125966360224,6.650182530612247,0.11617991253986995,0.1194989778199209,1.6165635490285568,3.1841206768150183,0.16861144034519818,0.08035793063370968,-0.2608737310217099,-0.9320702500203191,6.996825396825397,3.578237952969668,-0.08358899355140426,-0.7206525784292954,0.027450980392156862,0.07660232237842719,2.9550047521185263,7.232461186541421,0.8055555555555556,0.3957724124659724,-1.5440972939559132,0.3842364532019724,1.9166666666666667,2.4650332429581736,2.8999125966360224,6.650182530612247,2.0,0.0,0,0,1.7777777777777777,2.122774797171422,3.2888230796394398,9.665573278288612,0.0,0.0,0,0,0.0,0.0,0,0,0.04166666666666668,0.048463617086674654,2.89092836610388,6.615092477363991,0.041666666666666664,0.016961027700263063,-0.3476646050867642,2.756872687882651,1.0,0.0,0,0,0.816712145635748,64.0,212.0,0.0,74.0,1500.0,0.0,0.0,0.0,0.0,184.0,288.0,10200.0,0.0,0.0,0.0,0.0,0.0,0.0,0.0,0.0,0.0,0.0,0.0,0.0,0.0,0.0,0.0,0.0,0.0,0.0,0.0,1,1,0,1,1,0,0,0,0,1,1,1,0,0,0,0,0,0,0,0,0,0,0,0,0,0,0,0,0,0,0,6.363636363636363,0.5677270907634907,1.2933427807333981,0.6824457593688398,2.1818181818181817,0.5749595745760689,-0.023717082451261886,-0.25249999999999995,0.0,0.0,0,0,3.3636363636363638,0.4810456929208347,0.5669467095138401,-1.6785714285714293,0.5454545454545454,0.49792959773196915,-0.18257418583505508,-1.9666666666666666,12.736636363636366,1.132659402607002,1.2916202140222488,0.6747241951553238,0.9090909090909091,0.8479435502808013,0.17375616943922875,-1.587792310741181,300.36600000000004,91.39999999999999,0.23509999999999992,0,4,0,0,0,0,0,0,0,0,0,0,0,0,0,0,0,0,0,0,0,0,0,0,0,0,0,0,0,0,0,0,0,0,0,0,0,0,0,0,1,0,0,0,0,0,0,0,0,0,0,0,0,0,0,0,0,0,0,0,0,0,0,0,1,0,0,1,0,0,0,0,0,0,0,0,0,1,0,1,0,1,0,0,1,0,1,1,1,0,0,0,0,1,0,0,0,1,0,0,1,0,1,0,0,0,1,0,0,0,0,1,0,1,0,0,0,0,0,0,1,0,1,1,1,0,0,1,0,0,1,1,0,1,1,1,0,1,0,1,1,1,0,0,1,0,1,1,0,1,1,0,1,1,0,1,0,1,1,1,1,0,0,1,1,1,1,1,0,1
CHEMBL2973_128,38,37,-1,-1,-1,2.25,3.139134700306227,2.880165102428652,6.624916751963314,0.10943115340599369,0.11975229491712504,1.6785916029219017,3.340838392834801,0.17947882724234113,0.10077493078308698,-0.1804977542749177,-1.225330899513548,7.552631578947368,4.386999877888465,-0.08622186371773438,-1.0168832779163222,0.017425320056899004,0.05332491372535399,3.6805338164502364,12.298258211028834,0.8157894736842105,0.3876557858593746,-1.6292261599251143,0.6543778801843323,2.25,3.139134700306227,2.880165102428652,6.624916751963314,2.0,0.0,0,0,1.9473684210526316,2.605130246476754,3.5316334801892846,11.423745439400244,0.0,0.0,0,0,0.03564167661912023,0.09047066793181686,3.715952891586274,15.523247891519382,0.041666666666666664,0.053418775169424164,2.9081851614969727,6.7170450940470445,0.04166666666666665,0.4589577668514251,2.8485550110315523,6.505351967960255,1.3333333333333333,0.4714045207910317,0.7071067811865478,-1.4999999999999996,-1.9318809836048239,74.0,328.0,0.0,260.0,3102.0,56.0,0.0,0.0,0.0,1120.0,1390.0,29160.0,0.0,0.0,0.0,0.0,282.0,0.0,0.0,0.0,48.0,0.0,0.0,0.0,0.0,0.0,0.0,0.0,0.0,0.0,36.0,1,1,0,1,1,1,0,0,0,1,1,1,0,0,0,0,1,0,0,0,1,0,0,0,0,0,0,0,0,0,1,6.486486486486487,1.6541777024972275,5.146935782562342,26.595089433712385,2.27027027027027,0.5012766754322001,0.3714588262967287,-0.4932733910221727,0.0,0.0,0,0,3.1621621621621623,0.3685995053239421,1.8330889377669144,1.3602150537634374,0.7297297297297297,0.44409937095013474,-1.0345870530653132,-0.9296296296296305,12.984513513513514,3.316565380856084,5.15321102075698,26.645648976903967,0.7027027027027027,0.6922296472900377,0.47137812277353686,-0.8591240333135035,506.6350000000002,74.25,5.181000000000005,0,6,0,0,0,0,0,0,0,0,0,0,0,0,0,0,0,0,0,0,0,0,0,0,0,0,0,0,0,0,0,0,0,0,0,0,0,0,1,0,1,0,0,0,0,0,0,0,0,1,0,0,0,0,1,0,0,0,0,0,0,0,0,0,1,0,0,1,0,0,0,0,0,0,0,0,0,1,0,1,0,1,0,1,0,1,0,1,1,0,1,0,0,1,1,0,1,1,1,1,1,0,1,1,0,0,1,1,1,0,0,0,1,1,0,0,0,0,0,1,1,0,1,1,1,0,1,1,0,0,1,1,0,0,1,1,0,1,0,1,1,0,0,0,1,0,0,1,0,1,1,0,0,1,0,1,1,1,1,0,1,0,0,1,1,1,1,1,0,0
CHEMBL2973_129,45,41,-1,-1,-1,2.0,3.4172239251823564,3.8802457195074527,14.061307652391562,0.09264583339583546,0.11678600847966904,2.9177805867172704,12.642836906782302,0.1852247444047077,0.0984017521124974,-0.4214716817616686,-0.9368039141677311,9.381481481481481,5.181081709619703,-0.26852609071132827,-0.6494939026025253,0.020225510923185343,0.0742551746958683,3.8473294269609197,13.854398694785317,0.8444444444444444,0.36243347622889094,-1.9007319524033928,1.6127819548872155,2.0,3.4172239251823564,3.8802457195074527,14.061307652391562,2.0,0.0,0,0,1.8222222222222222,2.9081409784632655,4.5350075268477505,20.522567810427592,0.0,0.0,0,0,0.025281045751633986,0.1474644595887869,6.4133979480338486,39.419442231239394,0.032258064516129024,0.05045296257177446,3.8219176354170115,13.451785866690123,0.03225806451612903,0.03740842846018356,3.9751105775871727,17.695167054170636,1.1290322580645162,0.3352356401746214,2.213176031893566,2.898148148148146,-0.5882255440101269,82.0,448.0,0.0,126.0,5946.0,8.0,0.0,0.0,0.0,408.0,906.0,81480.0,0.0,0.0,0.0,0.0,32.0,0.0,0.0,0.0,0.0,0.0,0.0,0.0,0.0,0.0,0.0,0.0,0.0,0.0,0.0,1,1,0,1,1,1,0,0,0,1,1,1,0,0,0,0,1,0,0,0,0,0,0,0,0,0,0,0,0,0,0,7.34375,2.995928226359904,2.498011542575629,4.759381688299452,2.1875,0.6817945071647321,-0.2542105075792519,-0.8658993008968294,0.0,0.25,0.0,13.0,3.15625,0.3630921887069453,1.893458524812515,1.5851851851851855,0.65625,0.47495887979908324,-0.657951694959769,-1.567099567099567,14.776406249999999,6.168917018303208,2.501519282373586,4.836028812511604,0.46875,0.6115745559619039,0.9389686697401725,-0.1431463845278107,487.9650000000002,76.34,6.322500000000004,0,7,0,0,0,0,0,0,0,0,0,0,0,0,0,0,0,0,0,0,0,0,0,0,0,0,1,0,0,0,0,0,0,0,0,0,0,0,1,0,0,0,0,0,1,0,0,0,0,1,0,1,0,0,0,0,0,0,1,0,0,1,0,0,0,1,1,1,0,0,0,0,1,1,0,0,0,0,0,0,0,0,0,1,0,1,0,1,0,1,1,0,0,0,1,0,1,0,1,0,0,0,1,1,1,1,0,1,1,1,0,0,1,1,0,0,0,0,0,1,0,1,1,1,1,0,1,1,0,0,0,1,1,0,1,1,1,1,1,1,1,0,0,0,1,0,0,1,1,0,1,0,0,0,0,1,1,1,1,0,1,1,0,1,1,1,1,1,0,0
CHEMBL2973_130,41,37,-1,-1,-1,2.0,3.173968190463489,3.3637610547937555,9.8255839100346,0.10323566105986712,0.1171863566630999,2.335734982605934,8.295259384501541,0.17673922557194002,0.09619300139716963,-0.2608182913225339,-1.0494236144399514,8.136585365853659,4.607057181558417,-0.14322619006177137,-0.8177615896297308,0.01985616010006254,0.06484088377498998,3.7543858429079844,13.519197586670806,0.8292682926829268,0.3762743565985735,-1.7501500535908439,1.0630252100840334,2.0,3.173968190463489,3.3637610547937555,9.8255839100346,2.0,0.0,0,0,1.8048780487804879,2.661555681112925,3.9977220844132955,15.266216364425997,0.0,0.0,0,0,0.003999471819242387,0.012581305012430339,2.990675129038364,7.351919618037117,0.037037037037037035,0.05366837265001171,3.364946726286998,9.813149169731593,0.03703703703703703,0.5394797847445769,-3.731060173892783,13.499517962320976,1.1481481481481481,0.3552467795046459,1.9808869335422101,1.9239130434782599,1.5936796902026484,74.0,350.0,0.0,124.0,3780.0,8.0,0.0,0.0,0.0,560.0,726.0,40800.0,0.0,0.0,0.0,0.0,44.0,0.0,0.0,0.0,0.0,0.0,0.0,0.0,0.0,0.0,0.0,0.0,0.0,0.0,0.0,1,1,0,1,1,1,0,0,0,1,1,1,0,0,0,0,1,0,0,0,0,0,0,0,0,0,0,0,0,0,0,7.75,5.25,4.467768059604794,19.88088296543107,2.25,0.7071067811865476,-0.397747564417433,-0.953125,0.0,0.0,0,0,3.375,0.4841229182759271,0.5163977794943223,-1.7333333333333334,0.5,0.5,0.0,-2.0,15.9131875,12.143201918762767,4.625863896021898,21.203696163914707,0.5625,0.7473912964438374,0.9087553031825308,-0.6418895789525161,527.3660000000002,68.18,4.059300000000004,2,3,0,0,0,0,0,0,0,0,0,0,0,0,0,0,0,0,0,0,0,1,0,0,0,0,0,0,0,0,0,0,0,0,0,0,0,0,1,0,0,0,0,0,1,0,0,0,1,0,0,0,0,0,1,0,1,0,0,1,0,0,0,0,1,0,0,1,0,0,0,0,0,0,0,0,0,0,0,0,0,1,1,1,1,1,0,0,1,1,1,0,1,1,1,0,1,1,1,1,1,0,1,1,0,0,1,1,0,1,0,1,1,1,0,1,0,0,0,1,1,0,1,1,1,0,1,1,0,0,1,1,0,1,1,1,1,0,0,1,1,0,0,0,1,0,1,1,0,1,1,0,1,1,0,1,1,0,1,1,1,1,0,1,1,1,1,1,0,1
CHEMBL2973_131,42,37,-1,-1,-1,1.9259259259259258,3.0298016794396383,3.3146225750982117,9.328271456689334,0.09883042121513652,0.1184992474742456,2.4804976150572493,9.26264899583646,0.16460013006756954,0.08897603369878165,-0.2547373719484839,-1.1140589769293323,7.821428571428571,4.4415803555065585,-0.09573003489154096,-0.8554208100463638,0.019337979094076658,0.0667904353572978,3.4982143576532745,10.799848081644946,0.8333333333333334,0.37267799624996495,-1.788854381999832,1.200000000000002,1.9259259259259258,3.0298016794396383,3.3146225750982117,9.328271456689334,2.0,0.0,0,0,1.7619047619047619,2.5148087479068364,3.9526489095938655,14.761215917524684,0.0,0.0,0,0,0.0,0.0,0,0,0.037037037037037035,0.05322487188967385,3.304675807930039,9.230703581418407,0.037037037037037035,0.02344437779766182,1.2007369770207001,2.6020195420563708,1.0,0.0,0,0,0.9955978674720518,74.0,322.0,0.0,72.0,3234.0,0.0,0.0,0.0,0.0,262.0,402.0,32064.0,0.0,0.0,0.0,0.0,0.0,0.0,0.0,0.0,0.0,0.0,0.0,0.0,0.0,0.0,0.0,0.0,0.0,0.0,0.0,1,1,0,1,1,0,0,0,0,1,1,1,0,0,0,0,0,0,0,0,0,0,0,0,0,0,0,0,0,0,0,7.1875,2.591301555203485,2.896739801455141,7.6573254266299955,2.25,0.7071067811865476,-0.397747564417433,-0.953125,0.0,0.0,0,0,3.375,0.4841229182759271,0.5163977794943223,-1.7333333333333334,0.5,0.5,0.0,-2.0,14.524093749999999,5.431013006103092,2.8300607560295292,7.367081466010145,0.5625,0.7473912964438374,0.9087553031825308,-0.6418895789525161,482.91500000000025,68.18,3.9502000000000033,2,3,0,0,0,0,0,0,0,0,0,0,0,0,0,0,0,0,0,0,0,1,0,0,0,0,0,0,0,0,0,0,0,0,0,0,0,0,1,0,0,0,0,0,1,0,0,0,0,0,0,0,0,0,1,0,1,0,0,1,0,0,0,0,1,0,0,1,0,0,0,0,0,0,0,0,0,0,0,0,0,1,1,1,1,1,0,0,1,1,1,0,1,1,1,0,1,1,1,1,1,0,1,1,0,1,1,1,0,1,0,1,1,1,0,1,0,0,0,1,1,0,1,1,1,0,1,1,0,0,1,1,0,1,1,1,1,0,0,1,1,0,0,0,1,0,1,1,0,1,1,0,1,1,0,1,1,0,1,1,1,1,0,1,1,1,1,1,0,1
CHEMBL2973_132,37,35,-1,-1,-1,2.08,2.8272955275315668,2.945142929156445,7.040957185283856,0.11604373730057467,0.11645118316420082,1.6939552359281478,3.5782754691162495,0.18686278273734827,0.09265107700255809,-0.2917550483464106,-0.9277790713314613,7.783783783783784,4.0437852931126415,-0.16642204068761207,-0.7514855597940149,0.023509223509223513,0.06959546644044463,3.25153071939037,9.407761747574146,0.8108108108108109,0.3916588309780929,-1.5871507864874157,0.5190476190476199,2.08,2.8272955275315668,2.945142929156445,7.040957185283856,2.0,0.0,0,0,1.8918918918918919,2.4249133033684274,3.412943457037198,10.626835353574323,0.0,0.0,0,0,0.03641370028565152,0.16247637063747616,5.631785609239395,30.438206257204676,0.04,0.05005121290288547,2.9949270850171628,7.343306775025564,0.04,0.04108887723128433,-1.5887374008725044,2.5780925715501546,1.28,0.44899888641287294,0.9799578870122225,-1.0396825396825395,0.15423829971387681,70.0,280.0,0.0,170.0,2376.0,16.0,0.0,0.0,0.0,488.0,822.0,19920.0,0.0,0.0,0.0,0.0,58.0,0.0,0.0,0.0,0.0,0.0,0.0,0.0,0.0,0.0,0.0,0.0,0.0,0.0,0.0,1,1,0,1,1,1,0,0,0,1,1,1,0,0,0,0,1,0,0,0,0,0,0,0,0,0,0,0,0,0,0,6.53125,0.9677414104501264,1.6702107601621752,1.3742438954376572,2.25,0.6614378277661477,-0.3239695482936233,-0.7755102040816326,0.0,0.0,0,0,3.34375,0.47495887979908324,0.657951694959769,-1.567099567099567,0.53125,0.4990224819584785,-0.1252448582170299,-1.9843137254901961,13.164781249999997,2.176580614380832,1.8427373895431618,2.0754509404430115,0.65625,0.7335434121440939,0.6378617356531789,-0.9036267996482223,442.4410000000002,68.18,3.2353000000000014,2,3,0,0,0,0,0,0,0,0,0,0,0,0,0,0,0,0,0,0,0,1,0,0,0,0,0,0,0,0,0,0,0,0,0,0,0,0,0,0,0,0,0,0,1,0,0,0,0,0,0,0,0,0,1,0,1,0,0,1,0,0,0,0,1,0,0,1,0,0,0,0,0,0,0,0,0,0,0,0,0,1,1,0,1,1,0,0,1,1,0,0,1,1,1,0,1,1,1,1,1,0,1,1,0,0,1,1,0,1,0,1,1,1,0,1,0,0,0,1,1,0,1,1,1,0,1,1,0,0,1,1,0,1,1,1,1,0,0,1,1,0,0,0,1,0,1,1,0,1,1,0,1,1,1,1,1,0,1,1,1,1,0,1,1,1,1,1,0,1
CHEMBL2973_133,41,39,-1,-1,-1,2.0689655172413794,3.1615255427454056,3.4002591495450014,10.017254168914727,0.10600101778319772,0.1146910115543726,2.0860344348279027,6.167789352143407,0.19163629217028358,0.09539102724460086,-0.3543967422960654,-0.9265835373520774,8.957375145180022,4.653157334879403,-0.23143874525935804,-0.6876150922488811,0.025015634771732336,0.07238676099468493,3.6750586660266378,12.737541420759026,0.8292682926829268,0.3762743565985735,-1.7501500535908439,1.0630252100840334,2.0689655172413794,3.1615255427454056,3.4002591495450014,10.017254168914727,2.0,0.0,0,0,1.9024390243902438,2.7391014909983333,3.897662240916084,14.304075408224328,0.0,0.0,0,0,0.009527904158771075,0.025908014541850974,2.4173616362295185,4.00729628304961,0.034482758620689655,0.04760638767125257,3.4077099520660377,10.103041226395495,0.034482758620689634,0.12370746068562259,-3.129234509950744,9.405700828700645,1.1724137931034482,0.377739694831149,1.7344547654330282,1.00833333333334,-0.6107205588283393,78.0,378.0,0.0,202.0,4110.0,24.0,0.0,0.0,0.0,946.0,1168.0,44760.0,0.0,0.0,0.0,0.0,138.0,0.0,0.0,0.0,12.0,0.0,0.0,0.0,0.0,0.0,0.0,0.0,0.0,0.0,0.0,1,1,0,1,1,1,0,0,0,1,1,1,0,0,0,0,1,0,0,0,1,0,0,0,0,0,0,0,0,0,0,7.645161290322581,5.337320743211984,4.446596071182752,19.458162010195654,2.2580645161290325,0.6704712803492427,-0.355498082417687,-0.8094135802469129,0.0,0.0,0,0,3.3870967741935485,0.4870860925981129,0.46358632497276453,-1.7850877192982466,0.5161290322580645,0.4997397866074087,-0.06454972243679012,-1.9958333333333336,15.685032258064519,12.342851172378104,4.601035737445498,20.7450801260798,0.6774193548387096,0.7782153601170851,0.6303166709418948,-1.0804371700853803,507.4040000000002,58.95,4.474000000000004,2,3,0,0,0,0,0,0,0,0,0,0,0,0,0,0,0,0,0,0,0,1,0,0,0,0,0,0,0,0,0,0,0,0,0,0,0,0,1,0,0,0,0,0,1,0,0,0,1,0,0,0,0,0,1,0,1,0,0,0,0,0,0,0,1,0,0,1,0,0,0,0,0,0,0,0,0,0,0,0,0,1,1,1,1,1,0,0,1,1,1,0,1,1,1,0,1,0,1,0,1,0,1,1,0,0,1,1,0,1,0,0,1,1,0,0,0,0,0,1,1,0,1,1,1,0,1,1,0,0,1,1,0,1,0,1,1,0,0,1,1,0,0,0,1,0,1,1,0,1,1,0,1,1,0,1,1,0,1,0,1,0,0,1,1,1,1,1,0,1
CHEMBL2973_134,40,39,-1,-1,-1,2.142857142857143,3.1927852340895724,3.201528594111023,8.580824067310566,0.11096445159925801,0.11263609759431445,1.8756666047958475,4.464879204404816,0.19915205255083795,0.09963548434680294,-0.37920745982003584,-0.9041497348273673,8.926666666666666,4.629895007208887,-0.2671896864235365,-0.7034044777459076,0.022672064777327937,0.06982824420755272,3.6276146231476147,12.085718680371759,0.825,0.3799671038392666,-1.7106744068953987,0.9264069264069255,2.142857142857143,3.1927852340895724,3.201528594111023,8.580824067310566,2.0,0.0,0,0,1.95,2.756356290467544,3.705085969500655,12.637086094005959,0.0,0.0,0,0,0.03755735990048194,0.15664723966618355,5.790181258140048,32.62799692584531,0.03571428571428571,0.04888936704671552,3.23872135277759,8.817227270986713,0.03571428571428571,0.013570781024949062,0.5585284055272867,1.461762218428631,1.2857142857142858,0.45175395145262565,0.9486832980505131,-1.1000000000000008,1.0229078235325983,78.0,378.0,0.0,252.0,3966.0,32.0,0.0,0.0,0.0,992.0,1466.0,41304.0,0.0,0.0,0.0,0.0,164.0,0.0,0.0,0.0,12.0,0.0,0.0,0.0,0.0,0.0,0.0,0.0,0.0,0.0,0.0,1,1,0,1,1,1,0,0,0,1,1,1,0,0,0,0,1,0,0,0,1,0,0,0,0,0,0,0,0,0,0,7.0,2.6331223544175333,3.133162416915094,8.510724852071005,2.2666666666666666,0.6289320754704404,-0.27631405411401705,-0.6597651811639964,0.0,0.0,0,0,3.3666666666666667,0.48189440982669857,0.5533715710928597,-1.6937799043062192,0.5333333333333333,0.49888765156985887,-0.13363062095621217,-1.982142857142857,14.092900000000004,5.484522612771325,3.1275382479204685,8.551138774761267,0.7333333333333333,0.771722460186015,0.49769136160358957,-1.1631766540432162,444.96300000000025,58.95,4.225800000000004,2,3,0,0,0,0,0,0,0,0,0,0,0,0,0,0,0,0,0,0,0,1,0,0,0,0,0,0,0,0,0,0,0,0,0,0,0,0,1,0,0,0,0,0,1,0,0,0,0,0,0,0,0,0,1,0,1,0,0,0,0,0,0,0,1,0,0,1,0,0,0,0,0,0,0,0,0,0,0,0,0,1,1,1,1,1,0,0,1,1,1,0,1,1,1,0,1,0,1,0,1,0,1,1,0,1,1,1,0,1,0,0,1,1,0,0,0,0,0,1,1,0,1,1,1,0,1,1,0,0,1,1,0,1,0,1,1,0,0,1,1,0,0,0,1,0,1,1,0,1,1,0,1,1,0,1,1,0,1,0,1,0,0,1,1,1,1,1,0,1
CHEMBL2973_135,38,37,-1,-1,-1,2.1538461538461537,3.0595664309771293,3.125722945630268,8.34571850511683,0.11175597845840364,0.11758567409548255,1.9546841101616586,5.436011376792132,0.19693555302025612,0.09929237794226914,-0.339442298804174,-0.9910089383730107,8.34561403508772,4.37081743965556,-0.21838023140468,-0.7709655507204656,0.022087877351035245,0.06455527099943749,3.7269156310647222,13.213183975751718,0.8157894736842105,0.3876557858593746,-1.6292261599251143,0.6543778801843323,2.1538461538461537,3.0595664309771293,3.125722945630268,8.34571850511683,2.0,0.0,0,0,1.9473684210526316,2.6252555607031427,3.6352141081568976,12.472739244838234,0.0,0.0,0,0,0.010925854304462114,0.028832599464077412,2.36360579061983,3.7878161983494127,0.03846153846153847,0.05006915033540878,3.153124746838378,8.507042016400293,0.038461538461538464,0.02342101561248536,2.2219668732131135,5.7932428854710984,1.3076923076923077,0.4615384615384615,0.8333333333333336,-1.305555555555555,0.8280951961846932,74.0,332.0,0.0,216.0,3240.0,24.0,0.0,0.0,0.0,836.0,1168.0,32064.0,0.0,0.0,0.0,0.0,126.0,0.0,0.0,0.0,12.0,0.0,0.0,0.0,0.0,0.0,0.0,0.0,0.0,0.0,36.0,1,1,0,1,1,1,0,0,0,1,1,1,0,0,0,0,1,0,0,0,1,0,0,0,0,0,0,0,0,0,1,6.260869565217392,0.5289358721998451,1.9261340809965501,2.790905770635499,2.1739130434782608,0.480233087703794,0.4363526120737783,0.4685568395592554,0.0,0.0,0,0,3.0869565217391304,0.2817713347133853,2.9317636492797448,6.595238095238091,0.7391304347826086,0.43910891036356847,-1.0891622972743424,-0.8137254901960773,12.531521739130438,1.0551843387095194,1.9244156997189514,2.7813019397316596,0.782608695652174,0.5865538070970453,0.08552876730705013,-0.4103972950126784,306.369,69.81,3.440900000000002,0,5,0,0,0,0,0,0,0,0,0,0,0,0,0,0,0,0,0,0,0,0,0,0,0,0,0,0,0,0,0,0,0,0,0,0,0,0,0,1,0,0,0,0,0,1,0,0,0,0,0,0,0,0,1,0,0,0,0,0,0,0,0,0,1,0,0,1,0,0,0,1,0,0,0,0,0,0,0,1,0,0,1,0,1,1,0,0,0,0,0,0,1,1,0,0,1,0,1,0,0,0,1,0,0,0,1,0,1,0,0,0,1,1,0,0,0,0,0,1,1,0,1,1,0,0,1,1,0,0,0,0,0,1,0,1,0,1,0,1,0,0,0,0,1,0,0,1,0,1,0,0,0,1,0,1,1,1,1,0,1,0,0,1,1,1,1,1,0,1
CHEMBL2973_136,40,38,-1,-1,-1,2.0714285714285716,3.0697669924206146,3.2734748392302997,9.061520914085639,0.10767836469785257,0.11578156060442547,1.9261006420536957,4.931910984671481,0.18883647206000992,0.09415130329257036,-0.3210623431137426,-0.9547866658595434,8.617142857142857,4.490829317529633,-0.20281536641388506,-0.7296294179517315,0.025168690958164642,0.07127806032933381,3.587947657059276,12.03487870426441,0.825,0.3799671038392666,-1.7106744068953987,0.9264069264069255,2.0714285714285716,3.0697669924206146,3.2734748392302997,9.061520914085639,2.0,0.0,0,0,1.9,2.65329983228432,3.7615574581085585,13.117976417226238,0.0,0.0,0,0,0.010178062355762704,0.027272726498461335,2.3718463553766043,3.7938079914840497,0.03571428571428571,0.047755231898630325,3.2758010727035436,9.102172020841467,0.03571428571428566,1.0541346573617487,-3.2492571433002526,9.35087832207452,1.1785714285714286,0.3829930462415574,1.6785086548325643,0.8173913043478271,-1.8598351001251752,76.0,350.0,0.0,194.0,3564.0,24.0,0.0,0.0,0.0,880.0,1064.0,36024.0,0.0,0.0,0.0,0.0,132.0,0.0,0.0,0.0,12.0,0.0,0.0,0.0,0.0,0.0,0.0,0.0,0.0,0.0,0.0,1,1,0,1,1,1,0,0,0,1,1,1,0,0,0,0,1,0,0,0,1,0,0,0,0,0,0,0,0,0,0,6.2727272727272725,0.5378254348272378,1.854509907518576,2.494693877551028,2.1818181818181817,0.48956043701222757,0.3841972514007983,0.33055885850178335,0.0,0.0,0,0,3.0454545454545454,0.20829889522526548,4.364357804719845,17.047619047619033,0.7727272727272727,0.41907020260422223,-1.301582746911936,-0.3058823529411776,12.55518181818182,1.0729158077773453,1.852803737298441,2.485466375840513,0.7272727272727273,0.5378254348272379,-0.10141851056742208,-0.46857142857143064,292.34200000000004,69.81,3.3984000000000014,0,4,0,0,0,0,0,0,0,0,0,0,0,0,0,0,0,0,0,0,0,0,0,0,0,0,0,0,0,0,0,0,0,0,0,0,0,0,0,1,0,0,0,0,0,1,0,0,0,0,0,0,0,0,1,0,0,0,0,0,0,0,0,0,1,0,0,1,0,0,0,1,0,0,0,0,0,0,0,1,0,0,1,0,1,1,0,0,0,0,0,0,1,0,0,0,1,0,1,0,0,0,1,0,0,0,0,0,1,0,0,0,1,0,0,0,0,0,0,1,0,0,1,1,0,0,1,1,0,0,0,0,0,1,0,1,0,1,0,1,0,0,0,0,1,0,0,1,0,0,0,0,0,1,0,1,1,1,1,0,1,0,0,1,1,1,1,1,0,1
CHEMBL2973_137,38,37,-1,-1,-1,2.1538461538461537,3.0721116227255165,3.0863622646255715,8.162512553925382,0.11212858036420865,0.11723041814815564,1.9269752143032326,5.229285693523254,0.19916542714844107,0.1008108644218926,-0.329598147043916,-0.9630171603849398,8.381578947368423,4.402560707336017,-0.2027530739439432,-0.7556889443520705,0.021613718982140033,0.06535746227465628,3.546776703366202,11.763393541037559,0.8157894736842105,0.3876557858593746,-1.6292261599251139,0.6543778801843323,2.1538461538461537,3.0721116227255165,3.0863622646255715,8.162512553925382,2.0,0.0,0,0,1.9473684210526316,2.6352605825515893,3.594420869676376,12.24020846933729,0.0,0.0,0,0,0.023741216462381073,0.08225051168398213,5.122294125281824,26.61177582179367,0.03846153846153847,0.050335942778432265,3.1096586190147413,8.225624096002258,0.03846153846153846,0.04910000542092273,3.3657230807930567,10.533297715435276,1.2692307692307692,0.4435600997950306,1.0405319634289447,-0.917293233082705,0.7433612488392193,74.0,334.0,0.0,262.0,3246.0,32.0,0.0,0.0,0.0,866.0,1480.0,32064.0,0.0,0.0,0.0,0.0,160.0,0.0,0.0,0.0,12.0,0.0,0.0,0.0,0.0,0.0,0.0,0.0,0.0,0.0,24.0,1,1,0,1,1,1,0,0,0,1,1,1,0,0,0,0,1,0,0,0,1,0,0,0,0,0,0,0,0,0,1,6.28,0.6013318551349164,1.997336307143051,2.639086850967182,2.16,0.5425863986500215,0.09134990761770719,0.05505671077504637,0.0,0.0,0,0,3.12,0.32496153618543844,2.33873832860732,3.4696969696969635,0.72,0.448998886412873,-0.9799578870122221,-1.0396825396825407,12.56956,1.1993432229349532,1.9961613666687112,2.6334594661775323,0.76,0.5122499389946279,-0.2771131994486853,-0.23706127305175473,333.3910000000001,74.25,3.603700000000001,1,5,0,0,0,0,0,0,0,0,0,0,0,0,0,0,0,0,0,0,0,0,0,0,0,0,0,0,0,0,0,0,0,0,0,0,0,0,0,1,0,0,0,0,0,1,0,0,0,0,0,0,0,0,0,0,1,0,0,0,0,0,0,0,1,0,0,1,0,0,0,0,0,0,0,0,0,0,0,1,0,0,0,0,1,0,0,0,0,0,0,0,0,1,0,0,0,1,0,0,1,0,0,0,0,0,1,0,1,0,0,1,1,1,0,0,0,0,0,1,0,0,0,1,0,0,0,1,0,0,0,0,0,1,0,1,0,1,0,1,0,1,0,0,1,0,0,1,0,0,0,0,0,1,0,1,1,1,1,1,1,1,0,1,1,1,1,1,0,1
CHEMBL2973_138,40,39,-1,-1,-1,2.142857142857143,3.2482334288291637,3.4673128826720747,10.813759638443788,0.10773802241799194,0.11572604946795802,2.311589425626243,8.101026861907723,0.20301105323022933,0.10241494580452001,-0.3817605979736844,-0.913466726678247,9.034166666666668,4.709616270638901,-0.263395564958705,-0.6608116447388439,0.021997300944669368,0.06785898054633886,4.058377811604865,16.11173605830643,0.825,0.3799671038392666,-1.7106744068953987,0.9264069264069255,2.142857142857143,3.2482334288291637,3.4673128826720747,10.813759638443788,2.0,0.0,0,0,1.95,2.801338965566288,4.001966013422141,15.586671133519346,0.0,0.0,0,0,0.009590432824128475,0.026132119493607248,2.461066254191781,4.234874515799723,0.03571428571428572,0.04949950718101603,3.4986061988532846,11.038135528691328,0.0357142857142857,0.06926715527440121,3.9867379944411585,15.181590274191322,1.2857142857142858,0.45175395145262565,0.9486832980505133,-1.1000000000000008,0.16209370363176157,78.0,388.0,0.0,234.0,4410.0,24.0,0.0,0.0,0.0,960.0,1410.0,51720.0,0.0,0.0,0.0,0.0,138.0,0.0,0.0,0.0,12.0,0.0,0.0,0.0,0.0,0.0,0.0,0.0,0.0,0.0,36.0,1,1,0,1,1,1,0,0,0,1,1,1,0,0,0,0,1,0,0,0,1,0,0,0,0,0,0,0,0,0,1,6.366666666666666,0.7520342781785652,2.1049215386846925,3.6051041952130856,2.2666666666666666,0.6289320754704404,-0.2763140541140169,-0.6597651811639968,0.0,0.0,0,0,3.2333333333333334,0.42295258468165065,1.260976649982561,-0.4099378881987574,0.6,0.48989794855663565,-0.40824829046386274,-1.8333333333333335,12.775900000000004,1.6228612664057274,2.3788400538979007,5.322024822823369,0.7,0.7810249675906653,0.5793144075652348,-1.13571620532115,404.4450000000001,78.08999999999999,4.002500000000003,0,2,0,0,0,0,0,0,0,0,0,0,0,0,0,0,0,0,0,0,0,0,0,0,0,0,0,0,0,0,0,0,0,0,0,0,0,0,0,1,0,0,0,0,1,0,0,0,0,0,0,0,0,0,1,0,0,0,0,0,0,0,0,0,1,0,0,1,0,0,0,1,0,0,0,0,0,1,0,1,0,0,0,0,0,1,0,1,1,1,0,0,1,1,1,0,1,1,1,0,1,0,1,1,0,0,0,1,1,1,0,0,1,0,0,1,0,0,0,1,1,0,1,1,1,0,1,1,0,1,1,1,0,1,0,1,1,1,1,1,1,0,0,0,1,1,1,1,0,1,1,0,0,1,0,1,1,0,1,0,1,1,0,1,1,1,1,1,0,1
CHEMBL2973_139,39,35,-1,-1,-1,1.9259259259259258,2.734226492635815,3.1760090058561823,8.328184832926526,0.11127017494997879,0.11515195963433168,1.8663054192527964,4.879326809674658,0.1772943195730784,0.08500004988003868,-0.3760104649014677,-0.8794586715403576,7.946642246642246,4.05327170177916,-0.18925312546337666,-0.6477335921066425,0.02702702702702703,0.08062773150219656,3.1688347321976233,8.577617280758945,0.8205128205128205,0.3837597319768145,-1.6703827619526517,0.7901785714285703,1.9259259259259258,2.734226492635815,3.1760090058561823,8.328184832926526,2.0,0.0,0,0,1.794871794871795,2.3662096400121695,3.6012622392376996,11.840363929108875,0.0,0.0,0,0,0.0,0.0,0,0,0.037037037037037035,0.04763740091741353,3.1652932619225873,8.268398795036122,0.037037037037037035,0.04520084488007141,-2.014743812412674,4.183423279987579,1.0,0.0,0,0,0.17003757778898737,70.0,274.0,0.0,86.0,2370.0,0.0,0.0,0.0,0.0,246.0,400.0,19920.0,0.0,0.0,0.0,0.0,0.0,0.0,0.0,0.0,0.0,0.0,0.0,0.0,0.0,0.0,0.0,0.0,0.0,0.0,0.0,1,1,0,1,1,0,0,0,0,1,1,1,0,0,0,0,0,0,0,0,0,0,0,0,0,0,0,0,0,0,0,6.606060606060606,0.9515344526125807,1.488839452344767,1.0322671560055783,2.1818181818181817,0.6721537276611768,0.3661658394442142,0.31632956573468274,0.0,0.0,0,0,3.242424242424242,0.42854956435548325,1.2020815280171326,-0.5549999999999957,0.5454545454545454,0.4979295977319692,-0.18257418583505508,-1.9666666666666668,13.311272727272728,2.134546325692869,1.70349978079271,1.8220388761138313,0.5454545454545454,0.6555547773570889,0.8000483599402347,-0.451183431952662,457.4160000000001,106.02000000000001,4.039900000000003,0,6,0,0,0,0,0,0,0,0,1,0,0,1,0,0,0,0,0,0,0,0,0,0,0,0,0,0,0,0,0,0,0,0,0,0,0,0,0,1,1,0,0,0,1,0,0,0,0,0,0,0,0,0,1,0,0,0,0,0,0,0,0,0,0,0,0,1,0,0,0,0,0,0,0,0,0,1,0,1,0,1,1,0,0,0,0,1,1,0,0,0,1,0,1,0,1,1,0,1,1,1,1,0,0,0,0,0,1,1,0,0,1,0,1,1,0,0,0,1,0,0,1,1,1,0,1,1,1,1,1,0,0,0,0,1,1,1,0,1,1,0,0,0,1,1,0,1,0,0,1,0,0,1,0,1,1,1,1,1,1,1,0,1,1,1,1,1,0,0
CHEMBL2973_140,37,36,-1,-1,-1,2.16,2.948626799037138,2.9326340267464426,6.938368461826993,0.11449285416908594,0.11797632546932221,1.6825189620171561,3.361141424186113,0.19187207372557752,0.09683656653517222,-0.27238765206632715,-0.9968599082731031,7.948648648648651,4.174289204887668,-0.16647700117568143,-0.8064430858148244,0.022565422565422565,0.0657278850042386,3.447557165209575,10.792162960128131,0.8108108108108109,0.3916588309780929,-1.5871507864874157,0.5190476190476199,2.16,2.948626799037138,2.9326340267464426,6.938368461826993,2.0,0.0,0,0,1.945945945945946,2.5249666408922518,3.4254415021764997,10.66098042184996,0.0,0.0,0,0,0.04235470513991364,0.1629075104404732,5.480513904955807,29.27888215977267,0.04,0.050062573050795214,2.959896844519816,7.061852682807331,0.04,0.15123329285170106,-2.529441332700081,5.372139944394467,1.32,0.46647615158762407,0.7717436331412894,-1.4044117647058827,-0.4318415367939819,72.0,304.0,0.0,224.0,2706.0,32.0,0.0,0.0,0.0,778.0,1144.0,23880.0,0.0,0.0,0.0,0.0,144.0,0.0,0.0,0.0,12.0,0.0,0.0,0.0,0.0,0.0,0.0,0.0,0.0,0.0,0.0,1,1,0,1,1,1,0,0,0,1,1,1,0,0,0,0,1,0,0,0,1,0,0,0,0,0,0,0,0,0,0,6.703703703703703,1.9209337007244356,4.1867174884555585,17.343595306864206,2.2222222222222223,0.49690399499995325,0.3801315561749636,-0.06000000000000094,0.0,0.0,0,0,3.259259259259259,0.43822813208145306,1.0987005311470726,-0.7928571428571418,0.6296296296296297,0.48290388186686295,-0.5368754921931592,-1.711764705882353,13.418851851851855,3.8511962518994953,4.1934641256459395,17.388467917325073,0.7037037037037037,0.7608384660805235,0.5546203269957394,-1.079524269445879,381.46100000000007,80.24000000000001,2.6846000000000005,0,5,0,0,0,0,0,0,0,0,0,0,0,0,0,0,0,0,0,0,0,0,0,0,0,0,0,0,0,0,0,0,0,0,0,0,0,0,1,0,0,0,0,0,0,0,0,0,0,1,0,0,0,0,0,0,0,0,0,1,0,0,0,0,1,0,0,1,0,0,0,0,0,0,0,0,0,1,0,1,0,0,1,1,0,1,0,1,1,0,1,0,0,1,1,0,0,1,1,1,1,0,1,0,0,0,0,0,1,0,0,1,1,1,0,0,0,0,0,1,1,0,1,1,1,0,0,1,0,0,1,1,0,0,1,1,0,1,0,1,1,0,0,0,1,0,1,1,0,1,1,0,1,1,0,1,1,1,1,1,1,1,0,1,1,1,1,1,0,1
CHEMBL2973_141,39,35,-1,-1,-1,1.9259259259259258,2.734226492635815,3.1760090058561827,8.328184832926526,0.11098883517892841,0.1154231523856904,1.8632111761818073,4.869173691399733,0.1769750100937625,0.08469900997614144,-0.3832189081317264,-0.8846352006442939,7.942368742368743,4.049883090836922,-0.1903993901386578,-0.6499712343552235,0.027099974468395523,0.0807607906795483,3.151174374212706,8.410434351932892,0.8205128205128205,0.3837597319768145,-1.6703827619526517,0.7901785714285703,1.9259259259259258,2.734226492635815,3.1760090058561827,8.328184832926526,2.0,0.0,0,0,1.794871794871795,2.3662096400121695,3.601262239237701,11.840363929108875,0.0,0.0,0,0,0.0,0.0,0,0,0.037037037037037035,0.04765915892289468,3.170634417481527,8.31568821534723,0.037037037037037035,0.03902394310796355,3.284219790256117,10.484364158347468,1.0,0.0,0,0,1.4222580567717376,70.0,274.0,0.0,86.0,2370.0,0.0,0.0,0.0,0.0,244.0,400.0,19920.0,0.0,0.0,0.0,0.0,0.0,0.0,0.0,0.0,0.0,0.0,0.0,0.0,0.0,0.0,0.0,0.0,0.0,0.0,0.0,1,1,0,1,1,0,0,0,0,1,1,1,0,0,0,0,0,0,0,0,0,0,0,0,0,0,0,0,0,0,0,6.828571428571428,1.8896063730041657,3.398086784106392,13.095448350177481,2.1714285714285713,0.7740695533796609,0.06396509090657525,-0.6475770107432672,0.0,0.0,0,0,3.3142857142857145,0.4642307659791977,0.8000946913656614,-1.3598484848484862,0.5142857142857142,0.4997958767010257,-0.05716619504750263,-1.9967320261437904,13.7814,3.9261438529791195,3.1018438502166386,10.83886504910437,0.6,0.6845227743263393,0.7054941740156947,-0.6534800713860798,503.5170000000003,57.61,6.436400000000005,0,5,0,0,0,0,0,0,0,0,0,0,0,0,0,0,0,0,0,0,0,0,0,0,0,0,0,0,0,0,0,0,0,0,0,0,0,0,0,0,0,0,0,0,1,0,0,0,0,0,0,0,0,0,0,0,0,0,0,0,0,1,0,0,0,0,1,0,0,0,0,0,0,0,0,0,0,1,0,0,0,0,0,1,0,0,0,1,1,1,1,0,0,0,1,0,0,0,0,0,1,0,1,0,0,0,0,0,1,1,0,0,1,1,1,1,0,0,0,1,1,0,0,1,1,0,0,1,0,1,1,1,0,0,0,0,1,0,1,1,1,1,0,0,0,1,1,1,1,1,1,0,1,0,1,1,1,0,1,1,1,1,0,1,1,1,1,1,0,0
CHEMBL2973_142,38,35,-1,-1,-1,2.0833333333333335,2.8855482821967975,2.8823187023717587,6.626635624210053,0.10806075049674131,0.12099034538245282,1.6990746851231737,3.3439434730194817,0.17078503200402725,0.09420304920534056,-0.16035200669034835,-1.1548374209036405,7.2324561403508785,4.1632511393436165,-0.04659954955257559,-0.9650226390355736,0.019084874348032247,0.055422608531316926,3.347422393220864,10.175062185682476,0.8157894736842105,0.3876557858593746,-1.6292261599251139,0.6543778801843323,2.0833333333333335,2.8855482821967975,2.8823187023717587,6.626635624210053,2.0,0.0,0,0,1.8421052631578947,2.4009462585172723,3.483160936189356,11.093344719079129,0.0,0.0,0,0,0.010852557268339986,0.02896493898345121,2.4679194861569655,4.499481234027134,0.04166666666666666,0.05252036091923589,2.897795858864562,6.6950848142985535,0.041666666666666664,0.040999544297977315,2.71372233178182,6.174006223120781,1.2083333333333333,0.40611643103370687,1.4363696929192162,0.06315789473684186,-0.5760434561209423,70.0,278.0,0.0,172.0,2376.0,24.0,0.0,0.0,0.0,698.0,844.0,19920.0,0.0,0.0,0.0,0.0,118.0,0.0,0.0,0.0,12.0,0.0,0.0,0.0,0.0,0.0,0.0,0.0,0.0,0.0,0.0,1,1,0,1,1,1,0,0,0,1,1,1,0,0,0,0,1,0,0,0,1,0,0,0,0,0,0,0,0,0,0,6.541666666666667,0.8154327412825385,1.0184834931509619,-0.7264757411939553,2.25,0.7216878364870323,-0.4156921938165305,-1.0080000000000002,0.0,0.0,0,0,3.2916666666666665,0.45452967144315476,0.916698497028212,-1.1596638655462175,0.4166666666666667,0.4930066485916347,0.33806170189140633,-1.885714285714286,13.091333333333333,1.6261135330050678,1.017904025961157,-0.7277787949880077,0.625,0.6959705453537527,0.6604840139049142,-0.7388137356919877,329.312,110.52000000000001,-0.3661000000000005,3,2,0,0,0,0,0,0,0,0,0,0,0,0,0,0,0,0,0,0,0,0,0,0,0,0,0,0,0,0,0,0,0,0,0,0,0,0,0,0,1,0,0,0,0,0,0,0,0,0,0,0,0,0,0,0,1,0,0,1,0,0,0,0,0,0,0,1,0,0,0,0,0,0,0,0,0,0,0,1,0,1,1,0,0,1,0,1,0,0,0,1,1,1,1,0,0,1,1,1,1,0,0,1,0,0,1,1,0,0,0,0,1,1,0,1,0,0,0,1,1,0,1,1,1,1,0,1,0,1,0,0,0,1,1,1,0,0,1,1,0,1,1,0,1,1,1,1,1,1,1,0,1,1,0,0,1,0,1,1,1,1,0,1,1,1,1,1,0,0
CHEMBL2973_143,38,35,-1,-1,-1,2.0833333333333335,3.06752705321766,3.1259880431928186,8.349843820209417,0.10708508021698074,0.12185472936495745,2.023877921622249,5.949049679523165,0.17369994080061102,0.09704304034765963,-0.13057155615423519,-1.1369142383535962,7.354385964912281,4.26043899292486,-0.03747043391120092,-0.9035053731093767,0.01861071597913703,0.05756117722635635,3.849874015447812,14.342640284690749,0.8157894736842105,0.3876557858593746,-1.6292261599251139,0.6543778801843323,2.0833333333333335,3.06752705321766,3.1259880431928186,8.349843820209417,2.0,0.0,0,0,1.8421052631578947,2.539439596171541,3.7831286089930334,13.70092243242286,0.0,0.0,0,0,0.012795381310418904,0.03369835635589112,2.3701626844879042,3.9054041588175394,0.04166666666666664,0.05595258562440657,3.142708460572724,8.449368736232838,0.04166666666666674,2.291732011380869,-3.2641212253466336,9.72131620796893,1.2083333333333333,0.4061164310337068,1.4363696929192165,0.06315789473684408,-2.0714548973752707,70.0,304.0,0.0,158.0,2964.0,24.0,0.0,0.0,0.0,696.0,840.0,29184.0,0.0,0.0,0.0,0.0,120.0,0.0,0.0,0.0,12.0,0.0,0.0,0.0,0.0,0.0,0.0,0.0,0.0,0.0,0.0,1,1,0,1,1,1,0,0,0,1,1,1,0,0,0,0,1,0,0,0,1,0,0,0,0,0,0,0,0,0,0,6.28,0.6013318551349164,1.997336307143051,2.6390868509671828,2.4,0.6324555320336758,-0.5692099788303081,-0.6199999999999992,0.0,0.0,0,0,3.04,0.19595917942265428,4.694855340334423,20.04166666666665,0.8,0.4,-1.5,0.24999999999999956,12.569560000000001,1.199343222934953,1.9961613666687077,2.6334594661775244,0.52,0.574108003776293,0.556033531793893,-0.6684418889622021,327.3430000000001,80.91,3.9046000000000003,0,0,0,0,0,0,0,0,0,0,0,0,0,0,0,0,0,0,0,0,0,0,0,0,0,0,0,0,0,0,0,0,0,0,0,0,0,0,0,0,0,0,0,0,0,0,0,0,0,0,0,0,0,0,0,0,1,0,0,0,0,0,0,0,0,0,0,1,0,0,0,0,0,0,0,0,0,0,0,0,0,1,0,0,1,1,0,0,0,0,0,0,0,1,1,0,0,0,1,0,0,0,1,1,0,0,0,1,0,0,0,0,1,0,0,1,0,0,0,1,0,0,1,1,0,0,0,1,0,1,0,0,0,1,0,0,0,0,0,1,0,1,0,0,1,1,1,1,0,0,0,0,0,1,1,1,1,0,1,1,1,1,0,1,1,1,1,1,0,1
CHEMBL2973_144,36,35,-1,-1,-1,2.272727272727273,2.972324131685784,2.6943003815227824,5.6137705084440235,0.10857684479517028,0.12644701084684953,1.5708454454859009,2.5290776331421636,0.17321368949759985,0.09793356551699038,-0.10774965139317365,-1.2983343218407264,6.884259259259259,4.054950381872916,0.015937454089175088,-1.0549206604358279,0.017180205415499535,0.04773640360357227,3.3741198509848824,10.274332279516889,0.8055555555555556,0.39577241246597245,-1.5440972939559132,0.3842364532019702,2.272727272727273,2.972324131685784,2.6943003815227824,5.6137705084440235,2.0,0.0,0,0,1.9444444444444444,2.4488596489482433,3.3441445517605644,10.174729666837866,0.0,0.0,0,0,0.039437441643323995,0.08289045940576092,1.723080454290168,1.124088407411704,0.04545454545454544,0.05378871462248589,2.710138355921778,5.680151260633314,0.04545454545454548,0.02151568188568695,0.37127662926291616,-0.1959169695098133,1.3181818181818181,0.46577048936179993,0.7807200583588267,-1.3904761904761902,-0.8810032725591352,70.0,282.0,0.0,256.0,2376.0,80.0,0.0,0.0,0.0,1118.0,1244.0,19920.0,0.0,0.0,0.0,0.0,388.0,0.0,0.0,0.0,120.0,0.0,0.0,0.0,0.0,0.0,0.0,0.0,0.0,0.0,0.0,1,1,0,1,1,1,0,0,0,1,1,1,0,0,0,0,1,0,0,0,1,0,0,0,0,0,0,0,0,0,0,6.290322580645161,0.6321263852343687,1.9734658572227752,2.368082682291666,2.2580645161290325,0.5059479723018749,0.3296738126083592,-0.378445369819552,0.0,0.0,0,0,3.4193548387096775,0.49345350131543086,0.3268602252303061,-1.8931623931623942,0.3870967741935484,0.487086092598113,0.46358632497276514,-1.7850877192982468,12.590096774193555,1.2606774255454554,1.972565579362812,2.3640394492721244,1.0,0.8798826901281197,0.0,-1.7083333333333333,421.5410000000002,54.040000000000006,3.236200000000002,0,7,0,0,0,0,0,0,0,0,0,0,0,0,0,0,0,0,0,0,0,0,0,0,0,0,0,0,0,0,0,0,0,0,0,0,0,0,0,0,0,0,0,0,0,0,0,0,0,0,0,0,0,0,0,0,0,0,0,1,0,0,0,0,1,0,0,0,0,0,0,0,0,0,0,0,0,1,0,0,0,1,0,0,1,1,0,1,1,0,0,0,0,1,1,0,0,1,1,0,1,0,1,1,0,0,0,1,0,0,0,1,1,1,0,1,0,0,0,1,1,0,1,1,1,0,0,1,1,1,1,1,0,0,1,1,0,1,0,1,1,0,0,0,1,1,1,1,1,1,1,0,0,1,1,1,1,1,1,1,1,1,0,1,1,1,1,1,0,0
CHEMBL2973_145,40,36,-1,-1,-1,2.0,2.922064602034243,3.1447590798615424,8.195763330898467,0.10530857266879172,0.11794110616092178,2.2124688540558948,7.524110223257267,0.16810815609851654,0.08927701024281205,-0.2989097654535697,-1.0512717874200854,7.6375,4.272138012101721,-0.14720684898174222,-0.830431963274394,0.02078272604588394,0.06954114880866698,3.366344624942774,9.736722349339859,0.825,0.3799671038392666,-1.7106744068953987,0.9264069264069255,2.0,2.922064602034243,3.1447590798615424,8.195763330898467,2.0,0.0,0,0,1.8,2.4515301344262523,3.73388996196926,12.930664643785589,0.0,0.0,0,0,0.02988095238095238,0.1564441084550479,5.956974926434334,33.96794949213554,0.03846153846153847,0.05168030291748845,3.1354949569080524,8.021136308743076,0.03846153846153845,0.02240291185169886,-0.03911251682312301,-1.484255313355567,1.1538461538461537,0.36080121229411,1.9188064472004944,1.6818181818181834,0.6638811267905499,72.0,298.0,0.0,96.0,2766.0,8.0,0.0,0.0,0.0,288.0,486.0,25200.0,0.0,0.0,0.0,0.0,22.0,0.0,0.0,0.0,0.0,0.0,0.0,0.0,0.0,0.0,0.0,0.0,0.0,0.0,0.0,1,1,0,1,1,1,0,0,0,1,1,1,0,0,0,0,1,0,0,0,0,0,0,0,0,0,0,0,0,0,0,7.166666666666667,2.5309199030304286,2.7978907366278083,6.941850100307729,2.2,0.7023769168568493,0.2770515230845123,0.026296566837105573,0.0,0.0,0,0,3.1,0.3,2.6666666666666656,5.111111111111107,0.7666666666666667,0.4229525846816506,-1.2609766499825616,-0.40993788819875565,14.412266666666671,5.127717626997632,2.70307933810804,6.443842440375294,0.43333333333333335,0.49553562491061676,0.2690691175985249,-1.9276018099547503,445.4720000000001,81.18,5.076400000000003,0,6,0,0,0,0,0,0,0,0,0,0,0,0,0,0,0,0,0,0,0,0,0,0,0,0,0,0,0,0,0,0,0,0,1,1,0,0,1,0,0,0,0,0,1,0,0,0,0,1,0,0,0,1,0,0,0,1,0,0,1,1,1,1,1,0,1,1,0,1,0,1,0,0,0,1,0,0,0,1,0,1,1,1,0,1,0,0,0,1,1,0,0,0,0,0,1,0,1,1,0,0,0,0,1,0,0,0,1,1,0,0,0,0,1,1,0,0,0,1,0,0,1,1,0,0,1,1,1,1,0,0,1,0,0,1,1,1,1,1,0,0,0,0,1,1,1,1,1,0,1,0,1,1,1,0,0,0,1,1,1,1,0,1,1,1,1,1,0,0
CHEMBL2973_146,39,37,-1,-1,-1,2.074074074074074,2.9929042741980623,3.11981365172675,8.071420396849035,0.11286242909922468,0.11359180313230413,1.8104891175352402,4.274641233234163,0.19241375222037652,0.09521890457497226,-0.36388639460452904,-0.8755810866274012,8.435897435897438,4.3608781664526015,-0.23297996135992363,-0.6976398862768858,0.023452602399970823,0.07142278638683114,3.4283821346650716,10.78575705033663,0.8205128205128205,0.3837597319768145,-1.6703827619526517,0.7901785714285703,2.074074074074074,2.9929042741980623,3.11981365172675,8.071420396849035,2.0,0.0,0,0,1.8974358974358974,2.5799510211497982,3.5983457158822647,11.887885673983966,0.0,0.0,0,0,0.019198398476844358,0.08015476108262803,5.54356802459986,30.215819479673605,0.03703703703703703,0.04898566072834763,3.154452213857522,8.260868658742595,0.037037037037037035,0.29116385397324746,-2.8763768879480813,7.1083190745820986,1.2222222222222223,0.41573970964154905,1.3363062095621212,-0.21428571428571663,-0.41548728747516195,74.0,326.0,0.0,190.0,3102.0,16.0,0.0,0.0,0.0,604.0,1016.0,29160.0,0.0,0.0,0.0,0.0,66.0,0.0,0.0,0.0,0.0,0.0,0.0,0.0,0.0,0.0,0.0,0.0,0.0,0.0,12.0,1,1,0,1,1,1,0,0,0,1,1,1,0,0,0,0,1,0,0,0,0,0,0,0,0,0,0,0,0,0,1,6.628571428571429,1.758013721476018,4.361050951202917,20.1366109856733,2.2857142857142856,0.6577636818983622,0.2212839727283569,0.02687789248843009,0.0,0.0,0,0,3.1714285714285713,0.3768830273792263,1.743625500231479,1.0402298850574718,0.6571428571428571,0.4746642207381757,-0.6621221919717304,-1.56159420289855,13.267800000000001,3.523179447195794,4.372621482889308,20.224824038249785,0.6285714285714286,0.5390846361175202,0.02322467265182485,-0.9351407650549177,486.54900000000015,90.65000000000002,4.437200000000004,3,6,0,0,0,0,0,0,0,0,0,0,0,0,0,0,0,0,0,0,0,0,0,0,0,0,0,0,0,0,0,0,0,0,0,0,0,0,0,0,0,1,1,0,0,0,0,0,0,0,1,0,1,1,0,0,0,1,0,1,1,0,1,1,1,0,1,1,0,1,0,0,0,0,0,1,0,1,1,1,0,1,0,1,0,1,0,1,0,0,1,1,0,0,0,0,0,0,1,0,0,1,0,0,1,0,0,1,1,0,0,0,0,0,1,1,0,0,0,0,0,0,1,1,1,0,1,1,1,1,0,0,1,0,1,1,0,1,1,1,0,1,1,0,1,1,0,1,1,0,1,0,1,0,1,0,0,0,1,1,1,1,0,1,1,1,1,1,0,0
CHEMBL2973_147,38,34,-1,-1,-1,2.0,2.7688746209726918,2.9324423561435737,7.0066162570888455,0.10819126173799,0.12087365452085072,1.8396480820163184,4.501065785079068,0.16691025263828166,0.09083934048109156,-0.16613433141170092,-1.087867974337928,7.0921052631578965,4.044290135780315,-0.04380600494866851,-0.9081952015884784,0.01979611190137506,0.05881519193079399,3.2162270241947324,9.26222061860258,0.8157894736842105,0.3876557858593746,-1.6292261599251139,0.6543778801843323,2.0,2.7688746209726918,2.9324423561435737,7.0066162570888455,2.0,0.0,0,0,1.7894736842105263,2.307401075450839,3.5091043332144265,11.42102994950846,0.0,0.0,0,0,0.0038614042450354183,0.011758784752692677,2.9888779506903673,7.789439044652671,0.041666666666666664,0.052611217534669866,2.9482467921619726,7.080946231310076,0.04166666666666668,0.01901638414913761,0.7416048537025508,0.6080453144036433,1.1666666666666667,0.37267799624996495,1.788854381999831,1.1999999999999984,0.6231001047441929,68.0,256.0,0.0,124.0,2106.0,8.0,0.0,0.0,0.0,436.0,588.0,17040.0,0.0,0.0,0.0,0.0,38.0,0.0,0.0,0.0,0.0,0.0,0.0,0.0,0.0,0.0,0.0,0.0,0.0,0.0,0.0,1,1,0,1,1,1,0,0,0,1,1,1,0,0,0,0,1,0,0,0,0,0,0,0,0,0,0,0,0,0,0,6.6,1.019803902718557,1.2370402370254692,-0.1568047337278098,2.1333333333333333,0.6182412330330469,-0.0927863397331909,-0.46322336398053077,0.0,0.0,0,0,3.2,0.4,1.4999999999999987,0.2499999999999969,0.6666666666666666,0.4714045207910317,-0.7071067811865476,-1.5,13.274399999999996,2.199816774188251,1.4153162729947941,0.6056323232475718,0.6,0.7118052168020874,0.7541980482736795,-0.702216066481995,208.18799999999996,39.44,2.1413,0,3,0,0,0,0,0,0,0,0,0,0,0,0,0,0,0,0,0,0,0,0,0,0,0,0,0,0,0,0,0,0,0,0,0,0,0,0,0,0,0,0,0,0,1,0,0,0,0,0,0,0,0,0,0,0,0,0,0,1,0,0,0,0,0,0,0,0,0,0,0,0,0,0,0,0,0,0,0,0,0,0,0,0,0,0,0,0,0,0,0,1,0,0,0,0,0,0,0,0,1,0,0,1,0,0,0,1,0,0,0,1,0,0,0,1,0,0,0,0,1,0,0,0,0,1,0,1,1,1,0,0,0,0,1,0,1,0,0,1,1,0,0,0,0,1,0,1,1,1,0,0,0,0,1,1,1,1,0,1,0,1,0,0,1,1,1,1,0,0
CHEMBL2973_148,42,43,-1,-1,-1,2.2666666666666666,3.586394041683404,3.3332163163513733,9.475050494099511,0.10802869754459159,0.11017860189865801,1.929738446022666,4.700504696411706,0.21616026009102696,0.10933604224681477,-0.46474986998312173,-0.9197591615475766,10.003968253968255,5.198823139013119,-0.3471151028600388,-0.6877399107234208,0.020470383275261322,0.06587507785498262,3.929613981522932,14.244605834106864,0.8333333333333334,0.37267799624996495,-1.7888543819998317,1.200000000000002,2.2666666666666666,3.586394041683404,3.3332163163513733,9.475050494099511,2.0,0.0,0,0,2.0476190476190474,3.1087616655141836,3.8688955733749486,13.864010106666552,0.0,0.0,0,0,0.03406156631894243,0.08726906860527925,3.830374046462689,16.705034668390674,0.03333333333333333,0.04839939974649511,3.365052849366567,9.650349885741385,0.03333333333333333,0.04740156617953474,3.3665543262194566,9.658038899154457,1.3,0.45825756949558394,0.872871560943969,-1.238095238095237,-0.7611650838918939,86.0,496.0,0.0,440.0,6162.0,88.0,0.0,0.0,0.0,2192.0,3044.0,76560.0,0.0,0.0,0.0,0.0,584.0,0.0,0.0,0.0,120.0,0.0,0.0,0.0,0.0,0.0,0.0,0.0,0.0,0.0,48.0,1,1,0,1,1,1,0,0,0,1,1,1,0,0,0,0,1,0,0,0,1,0,0,0,0,0,0,0,0,0,1,6.225806451612903,0.4892177705839711,2.09855002837268,3.628166351606806,2.2580645161290325,0.5059479723018749,0.3296738126083593,-0.378445369819552,0.0,0.0,0,0,3.2580645161290325,0.4375696763306625,1.1058146711617267,-0.7771739130434829,0.6774193548387096,0.46746376600611084,-0.7590721152765899,-1.4238095238095223,12.461580645161295,0.97601086635257,2.0967501975141745,3.616775038252575,0.8709677419354839,0.6595176871051894,0.14462855531651295,-0.7309013072045052,413.5250000000001,74.74000000000001,4.226700000000003,2,6,0,0,0,0,0,0,0,0,0,0,0,0,0,0,0,0,0,0,0,0,0,0,0,0,0,0,0,0,0,0,0,0,0,0,0,0,0,0,0,0,0,0,0,0,0,0,0,0,0,0,0,0,1,1,0,0,0,0,0,0,0,0,1,0,0,1,0,0,0,1,0,0,0,0,0,1,0,0,0,0,1,0,1,1,0,1,0,0,0,0,1,1,1,0,1,0,1,0,1,0,1,1,0,0,1,1,0,0,0,0,1,1,0,1,0,0,0,1,1,0,1,1,1,0,1,1,0,1,1,1,0,1,0,1,0,1,0,1,0,0,0,0,1,1,1,1,0,1,1,0,1,1,0,1,1,1,1,0,1,0,0,1,1,1,1,1,0,1
CHEMBL2973_149,40,39,-1,-1,-1,2.142857142857143,3.1927852340895724,3.2015285941110236,8.580824067310559,0.10801000739290786,0.11547224039995063,1.8396131658103918,4.107738859207938,0.19938627138630113,0.1006637216415105,-0.3543477034565103,-0.9738620465589611,8.901666666666667,4.6654206669924205,-0.2292361220433265,-0.761409041741691,0.022807017543859647,0.0662698645025289,3.58794040904376,11.856537945980593,0.825,0.3799671038392666,-1.7106744068953987,0.9264069264069255,2.142857142857143,3.1927852340895724,3.2015285941110236,8.580824067310559,2.0,0.0,0,0,1.95,2.756356290467544,3.705085969500655,12.637086094005959,0.0,0.0,0,0,0.016572985126253888,0.04097356686828571,2.223764863629642,3.2740022432441958,0.03571428571428572,0.048142811906394155,3.212304505433837,8.63986750376889,0.03571428571428571,0.03677401118900881,2.938012447745776,7.573954198205271,1.2142857142857142,0.410325903324145,1.3926212476455826,-0.06060606060606011,-0.511178427730596,78.0,378.0,0.0,278.0,3966.0,48.0,0.0,0.0,0.0,1296.0,1624.0,41304.0,0.0,0.0,0.0,0.0,282.0,0.0,0.0,0.0,48.0,0.0,0.0,0.0,0.0,0.0,0.0,0.0,0.0,0.0,0.0,1,1,0,1,1,1,0,0,0,1,1,1,0,0,0,0,1,0,0,0,1,0,0,0,0,0,0,0,0,0,0,7.956521739130435,6.111132115065773,3.844595758631089,13.81133513825138,2.0869565217391304,0.5032972566430534,0.15859077066642904,0.7760080196034749,0.0,0.0,0,0,3.3043478260869565,0.4601306627938419,0.8504200642707607,-1.276785714285715,0.4782608695652174,0.49952718665548074,0.08703882797784881,-1.9924242424242424,16.35556521739131,14.14440433474938,3.9825495652307454,14.787674983878755,0.9130434782608695,0.7753284565272611,0.15130267553804227,-1.3233060401091719,397.3460000000002,77.66000000000001,2.4661,0,9,0,0,0,0,0,0,0,0,0,0,0,0,0,0,0,0,0,0,0,0,0,0,0,0,0,0,0,0,0,0,0,0,0,0,0,0,0,0,1,0,0,0,0,1,0,0,1,1,0,0,0,0,0,1,0,0,0,0,0,0,0,0,0,0,0,1,0,0,0,0,0,0,0,1,0,0,0,1,0,1,1,1,1,1,0,0,0,1,1,0,1,1,0,0,0,0,1,0,1,0,1,0,0,0,1,0,1,1,0,0,0,1,0,0,0,0,0,0,1,0,1,1,0,0,0,1,0,0,1,0,0,1,0,1,1,1,0,1,1,0,0,0,1,0,0,0,0,1,0,0,0,1,0,1,0,1,1,0,1,0,0,1,1,1,0,1,0,0
CHEMBL2973_150,35,33,-1,-1,-1,2.0869565217391304,2.652530268290372,2.757771121766171,6.006637126619223,0.11804064702234263,0.12098691756539333,1.606600402364498,3.14496991831398,0.18590277043398978,0.0923141331762486,-0.2714408645698792,-1.00844099740815,7.247619047619048,3.7808249348797704,-0.1276847528199177,-0.8341931967514293,0.022256175197351666,0.06199858581788141,3.1922441319410515,9.071337003878948,0.8,0.4,-1.5,0.24999999999999956,2.0869565217391304,2.652530268290372,2.757771121766171,6.006637126619223,2.0,0.0,0,0,1.8857142857142857,2.2649052780121615,3.2106667026264546,9.319814885571187,0.0,0.0,0,0,0.003908429622715337,0.011657021054763388,3.1301086472625914,9.380317300957259,0.043478260869565216,0.05067620126369639,2.7835354194204327,6.109851283223227,0.043478260869565195,0.023727967387969298,0.04034617748640637,0.6374770071840525,1.3043478260869565,0.4601306627938419,0.850420064270761,-1.276785714285715,0.18935331405314385,66.0,238.0,0.0,156.0,1776.0,8.0,0.0,0.0,0.0,412.0,686.0,13080.0,0.0,0.0,0.0,0.0,36.0,0.0,0.0,0.0,0.0,0.0,0.0,0.0,0.0,0.0,0.0,0.0,0.0,0.0,24.0,1,1,0,1,1,1,0,0,0,1,1,1,0,0,0,0,1,0,0,0,0,0,0,0,0,0,0,0,0,0,1,6.25,0.4330127018922193,1.1547005383792515,-0.6666666666666665,2.25,0.4330127018922193,1.1547005383792515,-0.6666666666666665,0.0,0.0,0,0,3.4166666666666665,0.4930066485916347,0.33806170189140744,-1.8857142857142855,0.5,0.5,0.0,-2.0,12.51,0.8642933529768699,1.15470053837925,-0.6666666666666692,1.0,0.8660254037844386,0.0,-1.6666666666666667,324.432,57.18000000000001,1.9384999999999997,0,3,0,0,0,0,0,0,0,0,0,0,0,0,0,0,0,0,0,0,0,1,0,0,0,0,0,0,0,0,0,0,0,0,0,0,0,0,0,0,1,0,0,0,0,0,0,0,0,0,0,0,0,0,0,0,0,0,0,0,0,0,0,0,1,0,0,1,0,0,0,0,0,0,0,0,0,1,0,1,0,1,1,0,1,1,0,1,1,0,0,0,1,1,0,0,0,0,1,0,1,0,1,0,0,0,1,0,0,0,0,0,0,1,0,0,0,0,0,0,1,0,1,1,1,0,0,1,0,0,1,1,0,0,0,1,0,1,0,1,1,0,0,0,1,0,1,1,0,1,1,0,1,1,0,1,0,0,1,0,1,0,0,1,1,1,0,1,0,1
CHEMBL2973_151,35,33,-1,-1,-1,2.0869565217391304,2.811668906821694,2.833438005338861,6.462702763157267,0.11519666271227808,0.12369784748079579,1.6895264350599999,3.529516269187843,0.18733820161826722,0.09516536617663579,-0.1825012920926483,-1.030504567743279,7.2942857142857145,3.8671817039112297,-0.06607586977802697,-0.8247244507341782,0.022256175197351666,0.06289624030504026,3.3985748176993775,10.763386826478467,0.8,0.4,-1.5000000000000002,0.2500000000000009,2.0869565217391304,2.811668906821694,2.833438005338861,6.462702763157267,2.0,0.0,0,0,1.8857142857142857,2.3877237046601345,3.321348046868975,10.10765082092402,0.0,0.0,0,0,0.012098719993456835,0.03113612528061859,2.4033223081409916,4.249068003024041,0.04347826086956521,0.05322208848952818,2.847112315577168,6.522630649475371,0.043478260869565216,0.02094949073694437,0.3771295270367174,0.4813450307088236,1.2173913043478262,0.4124709991523974,1.3703203194062967,-0.12222222222222534,-0.035053443315586096,66.0,258.0,0.0,182.0,2106.0,24.0,0.0,0.0,0.0,598.0,878.0,17040.0,0.0,0.0,0.0,0.0,112.0,0.0,0.0,0.0,12.0,0.0,0.0,0.0,0.0,0.0,0.0,0.0,0.0,0.0,0.0,1,1,0,1,1,1,0,0,0,1,1,1,0,0,0,0,1,0,0,0,1,0,0,0,0,0,0,0,0,0,0,6.260869565217392,0.43910891036356864,1.0891622972743396,-0.8137254901960818,2.260869565217391,0.4391089103635685,1.0891622972743438,-0.8137254901960755,0.0,0.0,0,0,3.391304347826087,0.48804226784007926,0.44543540318737423,-1.8015873015873007,0.5217391304347826,0.4995271866554807,-0.08703882797784886,-1.992424242424242,12.531695652173914,0.8764613850856832,1.0891622972743358,-0.8137254901960875,0.9565217391304348,0.8586268547013696,0.08335624021380937,-1.6386193293885605,310.405,57.18000000000001,1.5483999999999996,0,3,0,0,0,0,0,0,0,0,0,0,0,0,0,0,0,0,0,0,0,0,0,0,0,0,0,0,0,0,0,0,0,0,0,0,0,0,0,0,1,0,0,0,0,0,0,0,0,0,0,0,0,0,0,0,0,0,0,0,0,0,0,0,1,0,0,1,0,0,0,0,0,0,0,0,0,1,0,1,0,1,0,0,1,1,0,1,1,0,0,0,0,1,0,0,0,0,1,0,1,0,1,0,0,0,1,0,0,0,0,0,0,1,0,0,0,0,0,0,1,0,1,1,1,0,0,1,0,0,1,1,0,0,0,1,0,1,0,1,1,0,0,0,1,0,1,1,0,1,1,0,1,1,0,1,0,0,1,0,1,0,0,1,1,1,0,1,0,1
