CHEMBL220_0,36,35,-1,-1,-1,2.1666666666666665,2.8674417556808756,2.854547169626522,6.5334984477720965,0.11162712008593657,0.12376253002867092,1.6298252461087415,2.9494271101283527,0.18458409932029596,0.09398787085850105,-0.1763101537147665,-1.0915971832057694,7.523148148148148,4.000407536680933,-0.08360477449158293,-0.8812191230847377,0.023902894491129787,0.06375501653655766,3.4279039011497248,11.180533870401204,0.8055555555555556,0.39577241246597245,-1.5440972939559132,0.3842364532019702,2.1666666666666665,2.8674417556808756,2.854547169626522,6.5334984477720965,2.0,0.0,0,0,1.9444444444444444,2.4488596489482433,3.3441445517605644,10.174729666837866,0.0,0.0,0,0,0.02619825708061002,0.0595222711253246,1.8892253475978311,1.6717194584717552,0.041666666666666664,0.04950435644472039,2.8391612479833754,6.4576827533753605,0.041666666666666664,0.10701294446440414,-2.28383593388726,4.548937846597715,1.25,0.4330127018922193,1.1547005383792515,-0.6666666666666665,-0.9194229439887172,70.0,282.0,0.0,216.0,2376.0,48.0,0.0,0.0,0.0,894.0,1044.0,19920.0,0.0,0.0,0.0,0.0,228.0,0.0,0.0,0.0,48.0,0.0,0.0,0.0,0.0,0.0,0.0,0.0,0.0,0.0,0.0,1,1,0,1,1,1,0,0,0,1,1,1,0,0,0,0,1,0,0,0,1,0,0,0,0,0,0,0,0,0,0,7.172413793103448,5.272367560294354,5.061315393848699,23.761651270196097,2.206896551724138,0.48275862068965514,0.47448979591836765,0.12973760932944867,0.0,0.0,0,0,3.310344827586207,0.46263475396547377,0.8198915917499231,-1.3277777777777775,0.6206896551724138,0.48521542343000995,-0.4974683381630911,-1.7525252525252522,14.696275862068967,12.345973854121782,5.0725038113386365,23.836477695406117,0.896551724137931,0.7117161186396653,0.1521744408927696,-1.0228459961647827,452.40000000000026,53.080000000000005,4.927700000000003,0,7,0,0,0,0,0,0,0,0,0,0,0,0,0,0,0,0,0,0,0,0,0,0,0,0,0,1,0,0,0,0,0,0,0,0,0,0,0,0,1,0,0,0,0,0,0,0,1,0,0,0,0,0,0,1,0,0,0,0,0,0,0,0,0,0,0,1,0,0,0,0,0,0,0,0,0,1,0,1,0,0,1,0,1,0,0,1,1,1,0,0,1,0,0,0,0,0,0,0,1,0,1,0,0,0,1,0,1,1,0,0,0,1,0,0,0,0,0,0,1,0,1,1,1,0,0,1,0,0,1,1,0,1,0,1,1,1,0,1,1,0,0,0,1,0,0,1,0,1,1,0,0,1,0,1,0,1,1,0,1,0,0,1,1,1,0,1,0,1
CHEMBL220_1,37,34,-1,-1,-1,2.0,2.7129319932501073,2.992911446948591,7.423558601134214,0.11217454302474823,0.12018277299270451,1.826511211542346,4.4178660284787625,0.183167591268142,0.09062169176236094,-0.2615610438674066,-0.9233682806453536,7.6189189189189195,3.9649689041458163,-0.12238397004405205,-0.7509309376384015,0.02445302445302445,0.06874427016653559,3.110995835089888,8.550841581573078,0.8108108108108109,0.3916588309780929,-1.5871507864874157,0.5190476190476199,2.0,2.7129319932501073,2.992911446948591,7.423558601134214,2.0,0.0,0,0,1.837837837837838,2.3309146043178743,3.435839327803108,10.933689893276396,0.0,0.0,0,0,0.0036984662546279998,0.011212620764567967,3.0802328825952974,8.76722107161785,0.04,0.049221217310587345,3.009625137039175,7.527226359194385,0.04,0.05887620391277626,-1.9025386441114236,3.731775829656822,1.16,0.36660605559646714,1.8548520670059365,1.4404761904761942,0.02545778155570619,68.0,258.0,0.0,142.0,2106.0,8.0,0.0,0.0,0.0,442.0,660.0,17040.0,0.0,0.0,0.0,0.0,38.0,0.0,0.0,0.0,0.0,0.0,0.0,0.0,0.0,0.0,0.0,0.0,0.0,0.0,0.0,1,1,0,1,1,1,0,0,0,1,1,1,0,0,0,0,1,0,0,0,0,0,0,0,0,0,0,0,0,0,0,7.090909090909091,2.4040828448846914,3.0335558856744895,8.462752669254213,2.121212121212121,0.8793101896089036,0.5644118572809395,-0.2828436986927412,0.0,0.0,0,0,3.272727272727273,0.5652957001872009,-0.04990868696658818,-0.49673008323424517,0.36363636363636365,0.48104569292083466,0.5669467095138406,-1.6785714285714284,14.193424242424243,4.819798556272728,3.040004506416566,8.49383051752001,0.7272727272727273,0.8265564664839913,0.8648040553174561,-0.12155306971904345,492.5750000000003,130.08,1.6293,0,7,0,0,0,0,0,0,0,0,0,0,0,0,0,0,0,0,0,1,0,0,0,0,0,0,1,0,0,0,0,0,0,0,0,0,0,0,0,0,0,0,0,0,0,0,0,0,0,0,0,0,0,1,0,0,0,1,0,0,1,1,1,1,0,0,1,0,1,1,1,1,0,1,1,1,0,1,0,0,0,0,0,1,0,0,0,1,1,0,1,1,1,1,1,1,1,0,0,1,1,0,1,0,1,0,0,0,0,0,0,0,1,1,1,1,0,0,0,1,1,0,0,1,1,0,1,1,1,1,1,1,1,1,0,0,0,0,1,1,1,1,1,0,1,1,0,1,1,1,1,0,0,1,1,1,1,1,1,1,1,1,1,1,1,1,1,1,0,0
CHEMBL220_2,37,34,-1,-1,-1,2.0869565217391304,2.796162641880613,2.774482793719823,5.994895740191328,0.10957017846952954,0.1225618334441129,1.6158858379813659,2.8071544673270115,0.16782915965391126,0.09263399161011161,-0.12507563354978943,-1.1664739958853092,6.918918918918919,3.9929313709811995,-0.012069676997961477,-0.9811915580294106,0.018918918918918916,0.05374462002768719,3.2591803794121788,9.531958676792252,0.8108108108108109,0.3916588309780929,-1.5871507864874157,0.5190476190476199,2.0869565217391304,2.796162641880613,2.774482793719823,5.994895740191328,2.0,0.0,0,0,1.837837837837838,2.3192905895053983,3.3686669171904007,10.27234035773369,0.0,0.0,0,0,0.011740118496875254,0.030861467839791597,2.4215107168464747,4.269874402871565,0.043478260869565195,0.052971719957864226,2.789561954890825,6.05530247449653,0.0434782608695652,0.025948675046932546,1.6543831751273383,2.077440285542486,1.2173913043478262,0.4124709991523974,1.3703203194062967,-0.12222222222222534,1.029191601935733,68.0,256.0,0.0,164.0,2046.0,24.0,0.0,0.0,0.0,636.0,762.0,15960.0,0.0,0.0,0.0,0.0,112.0,0.0,0.0,0.0,12.0,0.0,0.0,0.0,0.0,0.0,0.0,0.0,0.0,0.0,0.0,1,1,0,1,1,1,0,0,0,1,1,1,0,0,0,0,1,0,0,0,1,0,0,0,0,0,0,0,0,0,0,6.7368421052631575,2.2441058531924045,3.683244132672272,12.293985339127978,2.210526315789474,0.40768245749551757,1.4200938936093854,0.016666666666664387,0.0,0.0,0,0,3.6842105263157894,0.46482951928041294,-0.7925939239012166,-1.3717948717948718,0.2631578947368421,0.44034738238635557,1.0757057484009542,-0.842857142857143,13.486578947368422,4.499976494860126,3.686437281069018,12.31201264209038,1.263157894736842,0.96475277788544,-0.5455447255899809,-1.702380952380953,280.437,25.36,3.2767000000000026,0,5,0,0,0,0,0,0,0,0,0,0,0,0,0,0,0,0,0,0,0,0,0,0,0,0,0,0,0,0,0,0,0,0,0,0,0,0,1,0,0,0,0,0,0,0,0,0,0,1,0,0,0,0,0,0,0,0,0,0,0,0,0,0,0,0,0,1,0,0,0,0,0,0,0,0,0,1,0,0,0,0,0,1,0,1,0,1,1,0,1,0,0,0,0,0,0,0,1,1,1,0,1,1,0,0,0,1,1,0,0,1,1,1,0,1,0,0,0,1,1,0,1,1,1,0,0,0,1,1,1,1,0,0,1,0,0,0,0,1,1,0,0,0,1,1,1,1,0,1,1,0,0,0,0,1,0,1,1,1,1,0,0,1,1,1,1,1,0,0
CHEMBL220_3,37,37,-1,-1,-1,2.230769230769231,3.153846153846154,3.0242016221470958,7.47293914807374,0.1152538032328245,0.11723304938197422,1.7053592882469977,3.44640378117933,0.20825750165583928,0.10378227775605742,-0.3827983768440558,-0.9102394997711594,8.579279279279282,4.430598298465282,-0.2769337089623725,-0.7033040902555281,0.0235950235950236,0.06853010711590687,3.593421948535755,11.737515937395333,0.8108108108108109,0.3916588309780929,-1.5871507864874157,0.5190476190476199,2.230769230769231,3.153846153846154,3.0242016221470958,7.47293914807374,2.0,0.0,0,0,2.0,2.741078895893643,3.495971541463235,11.07057088142436,0.0,0.0,0,0,0.03506655897960245,0.09005927705391854,3.841347727520503,16.402669065248833,0.03846153846153847,0.0496129792233966,3.0499313227564055,7.582273389398994,0.038461538461538464,0.020762436112247602,1.5353854932930961,1.7938915972014877,1.3076923076923077,0.46153846153846145,0.8333333333333339,-1.3055555555555547,1.6884091281988258,74.0,352.0,0.0,294.0,3498.0,56.0,0.0,0.0,0.0,1228.0,1634.0,34440.0,0.0,0.0,0.0,0.0,294.0,0.0,0.0,0.0,48.0,0.0,0.0,0.0,0.0,0.0,0.0,0.0,0.0,0.0,36.0,1,1,0,1,1,1,0,0,0,1,1,1,0,0,0,0,1,0,0,0,1,0,0,0,0,0,0,0,0,0,1,6.323529411764706,0.6287517154832927,1.751565858978993,1.7103936336779224,2.235294117647059,0.6443794794178425,-0.2647325694608305,-0.7016666666666671,0.0,0.0,0,0,3.2058823529411766,0.40434491426080943,1.4547859349066143,0.11640211640211406,0.5,0.5,0.0,-2.0,12.656411764705881,1.2540475203878858,1.7503512295354717,1.7051663186029522,0.7941176470588235,0.7584586446016252,0.3624754000445158,-1.1875267115156316,457.5340000000002,111.27000000000001,3.9673000000000016,1,8,0,0,0,0,0,0,0,0,0,0,0,0,0,0,0,0,0,0,0,0,0,0,1,0,0,0,0,0,0,0,0,0,0,0,1,0,0,0,1,0,0,0,0,0,0,0,0,0,0,0,0,0,1,1,0,0,0,0,0,0,0,0,1,0,0,1,0,0,0,0,0,0,0,0,0,0,0,1,0,1,1,0,1,1,1,0,0,0,0,0,0,1,1,0,1,0,1,1,1,1,1,1,0,0,1,1,0,0,0,1,1,1,0,1,0,0,0,1,1,0,1,1,1,0,1,1,1,1,0,1,0,1,0,1,0,1,1,1,1,0,0,0,1,1,1,1,1,1,1,0,1,1,1,1,1,1,1,1,1,1,0,1,1,1,1,1,0,0
CHEMBL220_4,40,39,-1,-1,-1,2.230769230769231,3.3201910546011137,3.1328274069065447,8.310592839800055,0.10689728934412042,0.11650308807443431,1.9122616066917821,5.015297483365776,0.1855932531097464,0.10376161480336442,-0.24120208182404823,-1.1775985806154823,8.216666666666667,4.735386878480879,-0.1472016391144704,-0.9569268070222736,0.017678812415654523,0.05646683233058987,3.890917769416481,14.147088561836089,0.825,0.3799671038392666,-1.7106744068953987,0.9264069264069255,2.230769230769231,3.3201910546011137,3.1328274069065447,8.310592839800055,2.0,0.0,0,0,1.95,2.7744368798010166,3.795368285393613,13.58853155737286,0.0,0.0,0,0,0.03193027210884354,0.08664700421291564,4.076298570211426,18.501970300914486,0.03846153846153847,0.05262278678685123,3.158002244577657,8.401557690850003,0.038461538461538464,0.06420121524210781,-2.427163518415787,5.602571806160512,1.3076923076923077,0.46153846153846145,0.8333333333333339,-1.3055555555555545,-1.3201051478748183,78.0,382.0,0.0,284.0,4116.0,56.0,0.0,0.0,0.0,1304.0,1694.0,44760.0,0.0,0.0,0.0,0.0,310.0,0.0,0.0,0.0,48.0,0.0,0.0,0.0,0.0,0.0,0.0,0.0,0.0,0.0,36.0,1,1,0,1,1,1,0,0,0,1,1,1,0,0,0,0,1,0,0,0,1,0,0,0,0,0,0,0,0,0,1,6.34375,0.6427176187875979,1.6558952462716066,1.3654242744328755,2.25,0.6614378277661477,-0.3239695482936233,-0.7755102040816326,0.0,0.0,0,0,3.25,0.4330127018922193,1.1547005383792515,-0.6666666666666665,0.5625,0.49607837082461076,-0.25197631533948484,-1.9365079365079365,12.696749999999998,1.281898177508651,1.6546903015655858,1.3605029623399183,0.78125,0.8921314014762624,0.7063287266506811,-0.7476111257480524,431.4960000000001,85.15,2.931800000000001,0,5,0,0,0,0,0,0,0,0,0,0,0,0,0,0,0,0,0,0,0,0,0,0,0,0,0,0,0,0,0,0,0,0,0,0,1,0,0,0,0,0,0,0,0,0,0,0,0,0,0,0,0,0,0,0,0,0,0,1,0,0,0,0,1,0,0,1,0,0,0,0,0,0,0,0,0,1,0,1,0,1,1,0,0,1,0,1,1,0,0,0,0,1,1,1,0,1,1,1,1,1,1,1,0,0,0,1,0,0,0,1,1,1,0,1,0,0,0,1,1,0,1,1,1,0,0,1,0,1,1,1,0,0,1,0,0,0,1,1,1,0,0,0,1,1,1,1,1,1,1,0,1,1,0,1,1,1,1,1,1,1,1,1,1,1,1,1,0,0
CHEMBL220_5,37,34,-1,-1,-1,2.0833333333333335,2.8710721961587025,2.9270175626966006,6.820983286360452,0.11415600477523105,0.11830229752961038,1.6781404893095142,3.564374739977608,0.17365023338099134,0.09279531693837935,-0.2534161152227838,-1.0273449939652795,7.274774774774774,4.077683389640554,-0.14727673058350607,-0.8571738800754574,0.021535821535821537,0.06474555288190875,3.3576869183536413,10.125927861922367,0.8108108108108109,0.3916588309780929,-1.5871507864874157,0.5190476190476199,2.0833333333333335,2.8710721961587025,2.9270175626966006,6.820983286360452,2.0,0.0,0,0,1.837837837837838,2.421899115375119,3.4887313860164415,11.002581322531167,0.0,0.0,0,0,0.037844611528822056,0.1625012029721163,5.602849284616422,30.219965745063625,0.041666666666666664,0.05296780206297792,2.9740374259628313,7.103675610536717,0.04166666666666664,0.49781874023401235,-2.831291471521636,6.481770838567858,1.2916666666666667,0.45452967144315476,0.9166984970282107,-1.1596638655462195,0.45898581197042054,68.0,274.0,0.0,128.0,2370.0,16.0,0.0,0.0,0.0,480.0,580.0,19920.0,0.0,0.0,0.0,0.0,56.0,0.0,0.0,0.0,0.0,0.0,0.0,0.0,0.0,0.0,0.0,0.0,0.0,0.0,0.0,1,1,0,1,1,1,0,0,0,1,1,1,0,0,0,0,1,0,0,0,0,0,0,0,0,0,0,0,0,0,0,6.351351351351352,0.6664231354561057,1.6504962353863415,1.2289646814404396,2.1621621621621623,0.5933648216243284,-0.06407065096704617,-0.33128734009400596,0.0,0.0,0,0,3.108108108108108,0.3105168998128664,2.524126011357621,4.371212121212126,0.6216216216216216,0.48498266067368534,-0.5015503913178174,-1.748447204968943,12.711864864864866,1.3291109436978599,1.649484414862159,1.225025132797387,0.6756756756756757,0.6174951166916681,0.3431072306909227,-0.6643546043070403,495.5390000000002,115.21,3.0783000000000005,1,11,0,0,0,0,0,0,0,0,0,0,0,0,0,0,0,0,0,0,0,0,0,0,0,0,1,0,0,0,0,0,0,0,0,0,1,0,0,0,1,0,0,0,0,0,0,0,0,0,0,0,0,0,1,1,0,0,0,0,0,0,0,0,1,0,0,1,0,0,0,1,0,1,1,0,0,1,0,1,0,1,1,0,0,1,0,0,0,0,0,1,0,1,1,0,1,1,1,1,1,1,0,0,1,0,1,0,0,0,0,1,1,1,0,0,0,0,0,1,0,0,1,1,1,0,1,1,1,0,0,0,1,1,0,1,0,1,1,1,0,0,1,0,1,0,1,1,1,0,1,0,1,1,1,1,1,1,1,1,1,1,0,1,1,1,1,1,0,0
CHEMBL220_6,39,37,-1,-1,-1,2.074074074074074,3.1614099752404887,3.336045942412081,9.713892544815565,0.10861537584719422,0.11765936329335792,2.132287279281481,6.681865273759296,0.19455235736027232,0.09824746443802536,-0.30170331897431557,-0.9507136464258306,8.52991452991453,4.476327700169476,-0.18788815410536772,-0.7031878736409829,0.023306707517233835,0.07005139129392104,3.753368136665637,13.374516258339955,0.8205128205128205,0.3837597319768145,-1.6703827619526515,0.7901785714285694,2.074074074074074,3.1614099752404887,3.336045942412081,9.713892544815565,2.0,0.0,0,0,1.8974358974358974,2.7155286758715333,3.8574807799058908,14.187488680324229,0.0,0.0,0,0,0.010523387881878449,0.02785152544507741,2.33545750562343,3.6039987651001315,0.037037037037037035,0.05125363542555472,3.352046874680577,9.836346056284631,0.03703703703703664,23.608375144979913,3.5012195178769137,11.470562112651294,1.1851851851851851,0.38844772154450063,1.6208864017175073,0.6272727272727261,0.5222897271400408,74.0,354.0,0.0,192.0,3780.0,24.0,0.0,0.0,0.0,840.0,1088.0,40800.0,0.0,0.0,0.0,0.0,132.0,0.0,0.0,0.0,12.0,0.0,0.0,0.0,0.0,0.0,0.0,0.0,0.0,0.0,0.0,1,1,0,1,1,1,0,0,0,1,1,1,0,0,0,0,1,0,0,0,1,0,0,0,0,0,0,0,0,0,0,6.206896551724138,0.5495647396727319,2.5567588910157264,5.132339264678533,2.206896551724138,0.7133848574336966,0.24529809044476455,-0.06841208839199853,0.0,0.0,0,0,3.2413793103448274,0.42791978089623645,1.2087344460380716,-0.5389610389610362,0.41379310344827586,0.4925123054167483,0.35007002100700274,-1.8774509803921564,12.423689655172417,1.0960312449437677,2.555774879033647,5.126658530227706,0.896551724137931,0.8845348509228042,0.8008913473832916,-0.0600650400495204,386.49500000000006,54.449999999999996,4.722700000000004,2,5,0,0,0,0,0,0,0,0,0,0,0,0,0,0,0,0,0,0,0,0,0,0,0,0,0,0,0,0,0,0,0,0,0,0,1,0,0,0,0,0,0,0,0,0,0,0,0,0,0,0,1,0,0,0,0,0,0,0,0,0,0,0,0,0,0,1,1,0,0,0,0,0,0,0,0,0,1,0,1,0,1,0,0,0,0,0,0,0,0,0,0,1,1,0,0,0,0,0,1,1,0,1,0,0,1,1,0,0,1,1,1,1,1,1,0,1,0,1,0,1,0,1,0,0,0,1,1,1,1,0,0,0,0,1,0,0,0,1,0,0,0,0,1,1,1,1,0,0,0,1,1,1,1,1,1,1,1,1,1,1,1,1,1,1,1,1,0,1
CHEMBL220_7,37,35,-1,-1,-1,2.08,3.0320949853195565,3.1092492825323936,8.429785686654514,0.11190283000336088,0.1204358072346673,2.002620677044328,5.753594177159503,0.19727119758680633,0.10047703442694993,-0.2802176576313339,-0.9787059634578954,8.045045045045045,4.255212074947117,-0.1433197285065922,-0.7425614181593598,0.02145002145002145,0.0649548584786624,3.546382728055258,12.027136323242397,0.8108108108108109,0.3916588309780929,-1.5871507864874157,0.5190476190476199,2.08,3.0320949853195565,3.1092492825323936,8.429785686654514,2.0,0.0,0,0,1.8918918918918919,2.586699700325492,3.623361495254397,12.653705116225849,0.0,0.0,0,0,0.008514966579482709,0.022836568041258918,2.673155682128912,6.250529380724101,0.04,0.0533607176348543,3.1404434075198404,8.61663977947437,0.04,0.028694806554255187,-0.5563122616811722,0.07642882954736496,1.2,0.4,1.5000000000000004,0.2500000000000009,-0.508624229233676,70.0,310.0,0.0,220.0,2976.0,24.0,0.0,0.0,0.0,710.0,1228.0,29184.0,0.0,0.0,0.0,0.0,128.0,0.0,0.0,0.0,12.0,0.0,0.0,0.0,0.0,0.0,0.0,0.0,0.0,0.0,0.0,1,1,0,1,1,1,0,0,0,1,1,1,0,0,0,0,1,0,0,0,1,0,0,0,0,0,0,0,0,0,0,6.653846153846154,1.9795552665319647,4.0552181927324655,16.145518704680114,2.1538461538461537,0.6617173282340482,-0.17908420022696436,-0.7534696859021186,0.038461538461538464,0.1923076923076923,4.8000000000000025,21.040000000000006,3.3076923076923075,0.46153846153846156,0.8333333333333348,-1.3055555555555542,0.46153846153846156,0.4985185152621431,0.15430334996209166,-1.976190476190476,13.319307692307692,3.9683177483008207,4.062344920564239,16.193421454956837,0.9230769230769231,0.9576845844606717,0.6793680904459197,-0.625764828303851,370.4940000000001,39.41,3.3960000000000026,1,8,0,0,0,0,0,0,0,0,0,0,0,0,0,0,0,0,0,0,0,0,0,0,0,0,0,0,0,0,0,0,0,0,0,0,1,0,1,0,0,0,0,0,0,0,0,0,0,0,0,1,0,0,0,0,0,0,0,0,0,1,0,0,0,0,0,1,0,0,0,0,0,0,1,0,0,1,0,0,0,0,0,1,0,1,0,1,0,0,1,0,0,0,0,1,0,0,1,0,1,1,1,1,0,0,0,1,0,0,0,0,0,0,0,1,0,0,0,0,1,0,1,1,1,0,0,1,1,1,1,1,0,0,1,0,0,0,0,1,0,0,0,0,0,1,1,1,1,1,1,1,1,0,1,1,1,1,0,1,1,1,1,1,1,1,1,1,0,1
CHEMBL220_8,36,33,-1,-1,-1,2.090909090909091,2.712078889122963,2.6929803207054315,5.600174220426721,0.11040282675826069,0.12485589141711836,1.5948583751912369,2.719183853106869,0.16505763070209184,0.09116157947315591,-0.08770207895990703,-1.1730848614280422,6.61574074074074,3.826799875981148,0.025007838968111384,-0.9868467463055013,0.018674136321195148,0.051968187167022686,3.1986504031458507,9.171190475643396,0.8055555555555556,0.3957724124659724,-1.544097293955913,0.3842364532019724,2.090909090909091,2.712078889122963,2.6929803207054315,5.600174220426721,2.0,0.0,0,0,1.8333333333333333,2.242270674512285,3.283635355465382,9.7735111870822,0.0,0.0,0,0,0.012775440794016645,0.033088568255856876,2.3778435821378716,4.051631120386565,0.04545454545454548,0.053575601874820106,2.710153775705971,5.672634296733618,0.04545454545454545,0.01939263913585908,0.4519123601181616,0.163206579411598,1.2272727272727273,0.41907020260422223,1.301582746911936,-0.3058823529411776,1.010113384221499,66.0,236.0,0.0,156.0,1776.0,24.0,0.0,0.0,0.0,574.0,688.0,13080.0,0.0,0.0,0.0,0.0,106.0,0.0,0.0,0.0,12.0,0.0,0.0,0.0,0.0,0.0,0.0,0.0,0.0,0.0,0.0,1,1,0,1,1,1,0,0,0,1,1,1,0,0,0,0,1,0,0,0,1,0,0,0,0,0,0,0,0,0,0,6.483870967741935,0.7126039365927266,1.1265021515782236,-0.1567790916420302,2.129032258064516,0.7067387838776338,-0.18827962914240023,-0.9947916666666679,0.0,0.0,0,0,3.3225806451612905,0.5895376413708731,-0.230993315503612,-0.6417763275843504,0.3548387096774194,0.47846441852230076,0.6067798762169181,-1.6318181818181812,12.976290322580649,1.421259554819039,1.1252716057180536,-0.1603441220220967,0.8709677419354839,1.0392905608765814,0.6042648093822163,-1.188952743715683,429.4810000000002,130.27,-0.8362999999999974,1,7,0,0,0,0,0,0,0,0,0,0,0,0,0,0,0,0,0,1,0,0,0,0,0,0,0,0,0,0,0,0,0,0,0,0,0,0,0,1,1,0,0,0,0,0,0,0,0,0,0,0,0,0,1,0,0,0,0,0,0,0,0,0,1,0,0,1,0,0,0,0,1,0,0,0,0,1,0,1,0,1,1,0,0,1,1,1,1,0,0,1,1,1,1,1,1,0,1,1,1,0,1,0,0,0,1,0,1,0,1,0,1,1,0,1,0,0,1,1,1,0,1,1,1,1,1,1,1,1,1,1,1,0,1,1,0,1,1,1,1,0,1,0,1,1,1,1,1,1,1,1,1,1,0,1,1,1,1,1,1,1,1,1,1,1,1,1,0,0
CHEMBL220_9,33,29,-1,-1,-1,2.0,2.4279079146675357,2.4712634131437423,4.2946428571428585,0.11579279382518408,0.12998099553853523,1.4590975393331531,2.0563747838354898,0.1512285562474206,0.08117057778235551,0.023076385873655545,-1.0931034289273562,5.6202020202020195,3.203648376796492,0.13079668176652942,-0.9280566847600631,0.01875610948191593,0.05132403000540372,3.074512830667101,8.36440898449756,0.7878787878787878,0.40881022918884974,-1.408373701656092,-0.016483516483517313,2.0,2.4279079146675357,2.4712634131437423,4.2946428571428585,2.0,0.0,0,0,1.7575757575757576,1.9852532550496003,3.0327260150960234,7.966382980016997,0.0,0.0,0,0,0.007378129117259552,0.0201714458065925,2.4390823943133104,4.111475381192558,0.05263157894736841,0.05813995019898194,2.4806272619599223,4.32538502578434,0.052631578947368494,3.237915968185158,-2.418276519518813,4.133589598575622,1.2105263157894737,0.40768245749551757,1.420093893609386,0.016666666666666163,0.8131981135005244,58.0,174.0,0.0,80.0,1068.0,8.0,0.0,0.0,0.0,256.0,280.0,6168.0,0.0,0.0,0.0,0.0,28.0,0.0,0.0,0.0,0.0,0.0,0.0,0.0,0.0,0.0,0.0,0.0,0.0,0.0,0.0,1,1,0,1,1,1,0,0,0,1,1,1,0,0,0,0,1,0,0,0,0,0,0,0,0,0,0,0,0,0,0,6.5,0.7416198487095663,1.1032361385762142,-0.3140495867768598,2.1,0.8306623862918076,-0.18843003091685645,-1.5261499684940147,0.0,0.0,0,0,3.35,0.4769696007084729,0.6289709020331503,-1.604395604395605,0.45,0.49749371855331,0.20100756305184253,-1.9595959595959593,13.0084,1.479059850039883,1.102190417737832,-0.316869806004366,0.9,1.1789826122551597,0.7432331772303633,-1.1348273898866517,278.31200000000007,78.89,0.19300000000000006,0,5,0,0,0,0,0,0,0,0,0,0,0,0,0,0,0,0,0,0,0,0,0,0,0,0,0,0,0,0,0,0,0,0,0,0,0,0,0,1,1,0,0,0,0,0,0,0,0,0,0,0,0,0,0,0,0,0,0,0,0,0,0,0,0,0,0,1,0,0,0,0,0,0,0,0,0,1,0,1,0,1,1,0,0,1,0,1,0,0,0,1,0,0,1,1,0,1,1,1,1,0,1,1,0,0,0,1,1,0,1,0,1,1,0,1,0,1,1,1,1,0,1,1,1,0,0,1,0,1,0,1,0,0,1,0,0,0,1,1,0,0,0,1,1,1,1,0,1,1,1,1,1,0,1,1,1,1,1,0,1,1,1,1,1,1,1,1,0,1
CHEMBL220_10,38,36,-1,-1,-1,2.1666666666666665,3.009245014211298,2.9590135352771005,7.107145545560618,0.10937380289224297,0.11980467734847831,1.800264736512504,4.353736351979146,0.17214061882131196,0.09547738546226878,-0.14832315319435513,-1.153156804708966,7.342982456140351,4.229806915634787,-0.06813091839184855,-0.9607850265619424,0.018847795163584636,0.05721146676671763,3.694753668122114,12.71125722104709,0.8157894736842105,0.3876557858593746,-1.6292261599251139,0.6543778801843323,2.1666666666666665,3.009245014211298,2.9590135352771005,7.107145545560618,2.0,0.0,0,0,1.894736842105263,2.50041547794099,3.5941138809008435,11.941258122958759,0.0,0.0,0,0,0.043400167084377606,0.16138877362683374,5.471016597529224,29.4884760909867,0.04166666666666668,0.05306837341162103,2.962039820620227,7.036975827352572,0.041666666666666664,0.06087046750300787,-2.21875937655544,4.562854404407909,1.3333333333333333,0.4714045207910317,0.7071067811865478,-1.4999999999999996,-0.1373695967190644,72.0,302.0,0.0,184.0,2766.0,32.0,0.0,0.0,0.0,764.0,930.0,25200.0,0.0,0.0,0.0,0.0,142.0,0.0,0.0,0.0,12.0,0.0,0.0,0.0,0.0,0.0,0.0,0.0,0.0,0.0,0.0,1,1,0,1,1,1,0,0,0,1,1,1,0,0,0,0,1,0,0,0,1,0,0,0,0,0,0,0,0,0,0,6.935483870967742,2.589500934243804,3.2478165785454625,9.220523877393203,2.193548387096774,0.7795513531351337,0.05696876150995829,-0.6350628635766564,0.0,0.0,0,0,3.225806451612903,0.4181123031230878,1.3115784746777823,-0.2797619047619033,0.5806451612903226,0.49345350131543086,-0.326860225230307,-1.8931623931623938,13.92887096774194,5.368443828954625,3.2934671623125893,9.554079115411831,0.7419354838709677,0.8786992562500797,1.0965849561201415,0.46875930863623383,454.9790000000003,66.48,5.030200000000004,0,3,0,0,0,0,0,0,0,0,0,0,0,0,0,0,0,0,0,0,0,0,0,0,0,0,0,0,0,0,0,0,0,0,1,1,0,0,0,0,0,0,0,0,0,0,0,0,0,0,0,0,0,1,0,0,0,1,0,0,1,0,1,1,1,0,0,0,0,1,0,1,0,0,0,1,0,1,0,0,0,0,0,0,0,0,0,1,0,1,1,0,0,0,1,1,1,0,0,0,0,0,1,1,1,1,0,1,1,1,0,0,1,0,1,0,0,0,1,1,1,0,0,1,1,0,1,1,0,0,1,1,1,0,0,1,1,1,1,1,0,0,0,0,1,0,1,1,1,1,1,1,1,1,0,1,1,0,1,0,1,1,1,1,1,1,1,1,0,0
CHEMBL220_11,35,31,-1,-1,-1,2.0,2.5260547066428276,2.7474854322084217,6.2088438404989965,0.10960272121892553,0.12868050385678115,1.8380934275725396,4.558254296716009,0.1589157297821501,0.08668714132425133,-0.041385017178006155,-1.0858316320136165,6.2,3.5581451383265446,0.07500737264359118,-0.9005441354230732,0.019047619047619046,0.05344625511699382,3.0904762622474684,8.651680352113036,0.8,0.4,-1.5,0.24999999999999956,2.0,2.5260547066428276,2.7474854322084217,6.2088438404989965,2.0,0.0,0,0,1.7714285714285714,2.0851271189164504,3.3116128902199082,10.4202643307849,0.0,0.0,0,0,0.005015833919774807,0.014668807065946109,2.857967990357606,6.932501703442339,0.04761904761904763,0.05477224003780625,2.7694153054782125,6.315805068510883,0.04761904761904764,0.023270581166862918,0.26482589319729466,-0.2647779550889222,1.1904761904761905,0.39267672624930106,1.576481562736164,0.4852941176470571,-0.0027202912663856116,62.0,200.0,0.0,106.0,1392.0,8.0,0.0,0.0,0.0,314.0,432.0,9720.0,0.0,0.0,0.0,0.0,32.0,0.0,0.0,0.0,0.0,0.0,0.0,0.0,0.0,0.0,0.0,0.0,0.0,0.0,0.0,1,1,0,1,1,1,0,0,0,1,1,1,0,0,0,0,1,0,0,0,0,0,0,0,0,0,0,0,0,0,0,8.142857142857142,3.291919606229403,1.8319614742913677,1.7044910466341125,2.0,1.0,0.42857142857142855,-1.1428571428571428,0.0,0.0,0,0,3.2857142857142856,0.4517539514526257,0.9486832980505143,-1.0999999999999994,0.35714285714285715,0.47915742374995485,0.5962847939999439,-1.644444444444444,16.301,6.603448060348039,1.8343337686227201,1.7097797297994752,0.5714285714285714,1.1157499537009508,1.5175518719915382,0.45256651437785544,236.278,107.41,-1.4237999999999997,0,1,0,0,0,0,0,0,0,0,0,0,0,0,0,0,0,0,0,0,0,0,0,0,0,0,0,0,0,0,0,0,0,0,1,1,0,0,1,0,0,0,0,0,0,0,0,0,0,1,0,0,0,1,1,0,0,1,0,0,1,1,1,1,0,0,1,1,0,1,0,1,0,0,0,1,0,1,0,1,1,1,1,1,0,1,1,0,0,0,1,0,0,0,1,1,1,1,1,1,0,0,0,0,1,0,0,0,1,0,0,0,1,0,1,0,0,0,0,1,0,1,1,1,1,0,1,0,0,0,0,0,1,0,0,1,0,1,1,1,0,0,0,0,1,0,1,0,1,0,1,1,1,1,0,0,1,0,1,0,1,1,1,1,1,0,1,1,0,0
CHEMBL220_12,36,30,-1,-1,-1,1.894736842105263,2.5317923096433037,2.84253073232612,6.687798295146825,0.09803358482744468,0.1347857337541996,2.269218468937377,7.084715233495562,0.13126340601491948,0.07588269667027406,0.14756774460452277,-1.1068135591775656,5.296296296296296,3.2534670754402817,0.28726118875386464,-0.8114921368576513,0.014098972922502333,0.04576430396794262,3.2691858365649384,9.399867726147376,0.8055555555555556,0.39577241246597245,-1.5440972939559132,0.3842364532019702,1.894736842105263,2.5317923096433037,2.84253073232612,6.687798295146825,2.0,0.0,0,0,1.6666666666666667,1.9720265943665392,3.597942398701397,12.661224489795915,0.0,0.0,0,0,0.0,0.0,0,0,0.05263157894736842,0.0644142816520421,2.831888584255377,6.586387330739212,0.05263157894736842,0.04302384609978193,-0.8524666633557427,-0.2576265799401627,1.0,0.0,0,0,1.1367147243428624,60.0,180.0,0.0,32.0,1260.0,0.0,0.0,0.0,0.0,120.0,120.0,8880.0,0.0,0.0,0.0,0.0,0.0,0.0,0.0,0.0,0.0,0.0,0.0,0.0,0.0,0.0,0.0,0.0,0.0,0.0,0.0,1,1,0,1,1,0,0,0,0,1,1,1,0,0,0,0,0,0,0,0,0,0,0,0,0,0,0,0,0,0,0,6.818181818181818,1.8166660348268924,3.91002097837534,16.83969804989395,1.9393939393939394,0.9515344526125807,0.5430698227986142,-0.8899008018959149,0.0,0.0,0,0,3.515151515151515,0.4997703788627467,-0.06063390625908321,-1.9963235294117647,0.0,0.0,0,0,13.646151515151516,3.6402273332374753,3.9236587430624,16.93475122191243,1.1818181818181819,1.192261549873091,0.504486549530535,-1.2882639264467282,489.6350000000002,147.73999999999998,1.206900000000003,3,12,0,0,0,0,0,0,0,0,0,0,0,0,0,0,0,0,0,0,0,0,0,0,0,0,0,0,0,0,0,0,0,0,0,0,0,0,0,0,0,0,0,0,0,0,0,0,0,0,0,0,0,1,0,0,1,1,0,0,1,0,1,1,0,0,0,0,1,1,0,0,0,0,0,1,1,0,0,0,0,1,0,0,0,0,0,0,0,0,1,0,1,1,1,1,0,1,0,0,0,1,0,0,1,0,1,0,0,0,1,0,1,1,1,0,0,1,0,1,1,0,0,0,0,1,1,0,1,0,0,0,1,1,1,0,0,0,1,0,0,0,1,1,1,0,0,0,1,1,1,1,0,1,1,0,1,1,1,1,1,1,1,1,0,0,1,0,0,0
CHEMBL220_13,36,34,-1,-1,-1,2.0833333333333335,2.7525240941522906,2.8981537436461844,6.888586812693806,0.11265079077159812,0.12283149887675962,1.721475553720529,3.648077763267784,0.18585266070874637,0.09379143298762631,-0.20617856348472532,-1.010438326557718,7.473148148148149,3.945534430342117,-0.08437016879027337,-0.8195414033351995,0.02334267040149393,0.06330370395845214,3.2992962361890323,10.17448336796504,0.8055555555555556,0.39577241246597245,-1.5440972939559128,0.38423645320197064,2.0833333333333335,2.7525240941522906,2.8981537436461844,6.888586812693806,2.0,0.0,0,0,1.8888888888888888,2.354402233379677,3.36409827205222,10.462284413271757,0.0,0.0,0,0,0.011689545022878355,0.03067073638718737,2.471174086388757,4.596822411404058,0.041666666666666664,0.049715440940087605,2.909240647335605,6.943621497658569,0.041666666666666664,0.16775448697489231,3.0418412953409275,7.807233346518535,1.2083333333333333,0.40611643103370687,1.4363696929192162,0.0631578947368423,-0.3982563105653514,68.0,260.0,0.0,186.0,2106.0,24.0,0.0,0.0,0.0,638.0,880.0,17040.0,0.0,0.0,0.0,0.0,112.0,0.0,0.0,0.0,12.0,0.0,0.0,0.0,0.0,0.0,0.0,0.0,0.0,0.0,0.0,1,1,0,1,1,1,0,0,0,1,1,1,0,0,0,0,1,0,0,0,1,0,0,0,0,0,0,0,0,0,0,6.523809523809524,0.7939681905015745,1.0636034206644074,-0.5790849334920543,2.1904761904761907,0.7315376902732008,-0.31223272718282424,-1.0908503303648371,0.0,0.0,0,0,3.142857142857143,0.3499271061118826,2.0412414523193148,2.166666666666667,0.2857142857142857,0.45175395145262565,0.9486832980505142,-1.1,13.055761904761905,1.5833440772997454,1.0629115829259774,-0.5807449233319995,0.6190476190476191,0.9499970163457144,1.489658461251479,1.0881164617055124,287.27500000000003,80.23,0.7202999999999999,0,1,0,0,0,0,0,0,0,0,0,0,0,0,0,0,0,0,0,0,0,0,0,0,0,0,0,1,0,0,1,0,0,0,0,0,0,0,0,0,0,0,0,0,0,0,0,1,0,0,0,0,0,0,0,0,0,0,0,1,0,0,0,0,0,0,0,0,0,0,0,0,0,0,1,0,0,1,1,1,1,1,0,0,0,1,0,1,0,0,0,0,0,0,1,1,0,1,1,1,0,1,0,1,0,0,0,1,1,0,0,1,1,0,0,1,0,0,0,1,0,1,1,1,1,1,0,0,0,1,0,0,0,0,0,1,0,0,1,1,0,0,1,0,1,1,1,0,1,0,1,1,1,1,1,1,1,0,1,1,1,1,1,1,1,1,1,1,0,0
CHEMBL220_14,38,36,-1,-1,-1,2.1666666666666665,3.023059524536176,2.9171249454343036,6.9248251586737,0.10958918506277596,0.11960769202254871,1.7631409481930704,4.0762811415708695,0.17531878927094383,0.09735794349030101,-0.17726461370207622,-1.1662998822715183,7.412280701754386,4.274864801067439,-0.07878404355078286,-0.9726534380782104,0.01813655761024182,0.05555232905035456,3.5864463717565296,11.822949697866513,0.8157894736842105,0.3876557858593746,-1.6292261599251139,0.6543778801843323,2.1666666666666665,3.023059524536176,2.9171249454343036,6.9248251586737,2.0,0.0,0,0,1.894736842105263,2.510917987763487,3.5502524541102543,11.6942528593623,0.0,0.0,0,0,0.026463432307985545,0.08380368969268011,4.780824005343726,23.881060913696924,0.041666666666666664,0.05346070772953085,2.9419703584029997,6.988635873416786,0.041666666666666664,0.06802279330451824,3.084489716315214,8.17643179529368,1.2916666666666667,0.45452967144315476,0.9166984970282107,-1.1596638655462195,0.3377208644452487,72.0,304.0,0.0,206.0,2772.0,32.0,0.0,0.0,0.0,788.0,1066.0,25200.0,0.0,0.0,0.0,0.0,148.0,0.0,0.0,0.0,12.0,0.0,0.0,0.0,0.0,0.0,0.0,0.0,0.0,0.0,24.0,1,1,0,1,1,1,0,0,0,1,1,1,0,0,0,0,1,0,0,0,1,0,0,0,0,0,0,0,0,0,1,7.176470588235294,3.1009542007287534,2.764494746776347,5.902644376596644,2.176470588235294,0.8214258849275848,-0.33602313320311783,-1.4398422090729788,0.0,0.0,0,0,3.235294117647059,0.42418250299576343,1.248075441506765,-0.44230769230769296,0.6470588235294118,0.47788461203740945,-0.6154574548966638,-1.6212121212121215,14.490117647058824,6.605206505943564,2.7807996737674,5.966939213357135,0.6470588235294118,0.9665692191267637,1.534975562391021,1.2547325102880649,514.8400000000001,63.99,7.309500000000004,0,4,0,0,0,0,0,0,0,0,0,0,0,0,0,0,0,0,0,0,0,0,0,0,0,0,0,0,0,0,0,0,0,0,0,0,0,0,0,0,1,0,0,0,0,0,0,0,0,0,0,0,0,0,0,0,0,0,0,0,0,0,0,0,1,0,0,1,0,0,0,0,0,0,0,0,1,1,0,1,0,0,1,0,0,0,0,1,0,1,0,0,0,0,1,1,0,0,0,1,1,0,0,1,0,1,0,1,0,1,0,0,1,0,0,1,0,0,0,1,0,0,1,1,1,0,0,1,0,1,0,0,0,0,0,1,1,1,1,1,0,0,0,1,1,1,1,1,0,0,1,1,1,1,0,0,1,0,1,0,1,1,1,1,1,1,1,1,0,0
CHEMBL220_15,41,38,-1,-1,-1,2.0,3.0285993120753774,3.358956165071558,9.606450336367233,0.10724734893534099,0.11352642885592872,2.0584340284770977,5.994737934985691,0.18747822760702304,0.09183487220617384,-0.38146936277311116,-0.8635690304912624,8.7801393728223,4.511202453001804,-0.2397849047733968,-0.6419167420456424,0.025766103814884304,0.07575888618171495,3.5208915240153638,11.690908647974723,0.8292682926829268,0.3762743565985735,-1.7501500535908439,1.0630252100840334,2.0,3.0285993120753774,3.358956165071558,9.606450336367233,2.0,0.0,0,0,1.853658536585366,2.627815336810855,3.8285695945373215,13.612655380138978,0.0,0.0,0,0,0.0035249344198247474,0.010977104712770795,2.933411451698181,7.016019244049684,0.034482758620689655,0.04723537297453175,3.351348698408116,9.561433413293564,0.03448275862068965,0.01569060813258415,-0.06676966892012881,0.5164938926149722,1.1379310344827587,0.3448275862068966,2.0999999999999983,2.409999999999995,-1.276715890127934,76.0,348.0,0.0,146.0,3564.0,8.0,0.0,0.0,0.0,602.0,798.0,36024.0,0.0,0.0,0.0,0.0,44.0,0.0,0.0,0.0,0.0,0.0,0.0,0.0,0.0,0.0,0.0,0.0,0.0,0.0,0.0,1,1,0,1,1,1,0,0,0,1,1,1,0,0,0,0,1,0,0,0,0,0,0,0,0,0,0,0,0,0,0,6.387096774193548,0.7901579815429609,1.9436701108984502,2.616966666666663,2.193548387096774,0.6435463659116131,-0.20327263750928956,-0.6733794601146434,0.0,0.0,0,0,3.3870967741935485,0.4870860925981129,0.46358632497276453,-1.7850877192982466,0.4838709677419355,0.4997397866074087,0.0645497224367901,-1.9958333333333338,12.815483870967746,1.688859375932567,2.1810274142742325,4.078967222329125,0.9032258064516129,0.9623505735597611,0.6284449334464887,-0.8146521903800017,425.50400000000013,67.6,4.882220000000005,0,7,0,0,0,0,0,0,0,0,0,0,0,0,0,0,0,0,0,0,0,0,0,0,0,0,0,0,0,0,0,0,0,0,0,0,0,0,0,0,0,0,0,0,1,0,0,0,0,0,0,0,0,0,0,0,0,0,0,1,0,0,0,0,1,0,0,1,0,0,0,0,0,1,0,0,0,1,0,0,0,0,0,0,0,1,0,1,1,1,0,0,0,0,1,0,1,0,1,1,1,0,1,1,1,0,0,1,0,1,0,1,1,1,0,1,0,0,0,1,1,0,1,1,1,0,1,1,1,1,1,1,0,0,1,1,1,1,0,1,1,0,0,0,1,1,1,1,1,1,1,1,1,1,1,1,1,1,1,1,1,1,1,1,1,1,1,1,0,0
CHEMBL220_16,35,32,-1,-1,-1,2.0,2.670287397005928,2.7949855294657535,6.129535990481855,0.11678037435584664,0.12220381637549987,1.6471970334786135,3.26405852098046,0.18163803353902683,0.09033902754306948,-0.1978039563755249,-0.9556517339431481,7.120000000000001,3.7246749085796975,-0.06666161064656233,-0.7803636894504837,0.023376623376623374,0.06673025925774952,3.1415541848620565,8.828776083688473,0.8,0.4,-1.5000000000000002,0.2500000000000009,2.0,2.670287397005928,2.7949855294657535,6.129535990481855,2.0,0.0,0,0,1.8285714285714285,2.2738980286938895,3.2447461355810843,9.449765944568288,0.0,0.0,0,0,0.004191004191004191,0.01235067842583405,2.9612575294848535,7.846552034249516,0.0434782608695652,0.05282947762110757,2.804144854687693,6.160058129526906,0.04347826086956523,0.01835160047650555,0.5363978573039518,2.0612736907837803,1.173913043478261,0.3790346907426672,1.720618004029213,0.9605263157894743,0.14631015970531625,64.0,234.0,0.0,134.0,1776.0,8.0,0.0,0.0,0.0,366.0,614.0,13080.0,0.0,0.0,0.0,0.0,36.0,0.0,0.0,0.0,0.0,0.0,0.0,0.0,0.0,0.0,0.0,0.0,0.0,0.0,0.0,1,1,0,1,1,1,0,0,0,1,1,1,0,0,0,0,1,0,0,0,0,0,0,0,0,0,0,0,0,0,0,6.260869565217392,0.5289358721998451,1.9261340809965497,2.790905770635499,2.1739130434782608,0.5635426694267706,0.016532501781653282,-0.1522108843537442,0.0,0.0,0,0,3.130434782608696,0.33678116053977536,2.194690562850869,2.8166666666666647,0.6956521739130435,0.4601306627938419,-0.8504200642707606,-1.2767857142857149,12.531521739130437,1.055184338709519,1.9244156997189579,2.7813019397316783,0.782608695652174,0.7777627747825355,0.9527745897878016,0.7984765625000017,306.369,66.91,3.2428000000000017,0,5,0,0,0,0,0,0,0,0,0,0,0,0,0,0,0,0,0,0,0,0,0,0,0,0,0,1,0,0,0,0,0,0,0,0,0,0,0,0,1,0,0,0,0,0,0,0,0,0,0,0,0,0,0,1,0,0,0,0,0,0,0,0,0,0,0,1,0,0,0,0,0,0,0,0,0,0,0,1,0,0,1,0,1,0,0,0,0,0,0,0,0,0,1,0,0,0,0,1,1,0,1,1,0,0,1,1,1,0,0,0,1,1,0,0,0,0,0,1,1,0,1,1,0,0,0,1,0,0,0,0,0,1,0,1,0,1,0,1,0,0,0,0,1,0,0,1,0,1,0,0,0,1,0,1,1,1,1,0,1,0,1,1,1,1,1,1,0,1
CHEMBL220_17,35,32,-1,-1,-1,2.0,2.670287397005928,2.7949855294657535,6.129535990481855,0.11678037435584664,0.12220381637549987,1.6471970334786135,3.26405852098046,0.18163803353902683,0.09033902754306948,-0.1978039563755249,-0.9556517339431481,7.12,3.7246749085796975,-0.06666161064656187,-0.7803636894504846,0.023376623376623374,0.06673025925774952,3.1415541848620565,8.828776083688473,0.8,0.4,-1.5000000000000002,0.2500000000000009,2.0,2.670287397005928,2.7949855294657535,6.129535990481855,2.0,0.0,0,0,1.8285714285714285,2.2738980286938895,3.2447461355810843,9.449765944568288,0.0,0.0,0,0,0.004191004191004191,0.01235067842583405,2.9612575294848535,7.846552034249516,0.043478260869565195,0.05282947762110758,2.8041448546876917,6.160058129526904,0.043478260869565216,0.02862558613369173,-0.3608681250641958,0.5409354293448696,1.173913043478261,0.3790346907426672,1.720618004029213,0.9605263157894743,0.6894696064462583,64.0,234.0,0.0,134.0,1776.0,8.0,0.0,0.0,0.0,366.0,614.0,13080.0,0.0,0.0,0.0,0.0,36.0,0.0,0.0,0.0,0.0,0.0,0.0,0.0,0.0,0.0,0.0,0.0,0.0,0.0,0.0,1,1,0,1,1,1,0,0,0,1,1,1,0,0,0,0,1,0,0,0,0,0,0,0,0,0,0,0,0,0,0,6.2727272727272725,0.5378254348272378,1.854509907518576,2.494693877551028,2.1818181818181817,0.5749595745760689,-0.02371708245126185,-0.25249999999999995,0.0,0.0,0,0,3.090909090909091,0.28747978728803447,2.8460498941515437,6.100000000000005,0.7272727272727273,0.44536177141512334,-1.020620726159657,-0.9583333333333353,12.555181818181818,1.072915807777345,1.852803737298448,2.4854663758405264,0.7272727272727273,0.74965556829412,1.1395607676339472,1.5886678200692064,292.34200000000004,66.91,3.2003000000000013,0,4,0,0,0,0,0,0,0,0,0,0,0,0,0,0,0,0,0,0,0,0,0,0,0,0,0,1,0,0,0,0,0,0,0,0,0,0,0,0,1,0,0,0,0,0,0,0,0,0,0,0,0,0,0,1,0,0,0,0,0,0,0,0,0,0,0,1,0,0,0,0,0,0,0,0,0,0,0,1,0,0,1,0,1,0,0,0,0,0,0,0,0,0,1,0,0,0,0,1,1,0,1,1,0,0,0,1,1,0,0,0,1,0,0,0,0,0,0,1,0,0,1,1,0,0,0,1,0,0,0,0,0,1,0,1,0,1,0,1,0,0,0,0,1,0,0,1,0,0,0,0,0,1,0,1,1,1,1,0,1,0,1,1,1,1,1,1,0,1
CHEMBL220_18,38,34,-1,-1,-1,2.0,2.753785273643051,2.9809118696940358,7.226301171356118,0.10689892838300202,0.12201806663051995,2.108570096023392,6.74128017617239,0.16255025488648456,0.08653875806490033,-0.22061317635162028,-1.0690810514823064,7.015789473684211,3.9484210097580212,-0.07588530200912602,-0.8579361651088058,0.02058637584953374,0.06650277725499792,3.258975485608194,9.03347081598727,0.8157894736842105,0.3876557858593746,-1.6292261599251139,0.6543778801843323,2.0,2.753785273643051,2.9809118696940358,7.226301171356118,2.0,0.0,0,0,1.7894736842105263,2.295967801177604,3.5590423968244544,11.70803573968033,0.0,0.0,0,0,0.03192284688995215,0.16049109651354662,5.77112362036385,31.84030434768033,0.041666666666666664,0.05274467931664931,2.9702159154343253,7.034016820923643,0.041666666666666664,0.02154105854442289,0.026940435667747422,-1.5621888381680715,1.1666666666666667,0.3726779962499649,1.7888543819998315,1.1999999999999993,-0.25614138165764505,68.0,254.0,0.0,88.0,2100.0,8.0,0.0,0.0,0.0,242.0,402.0,17040.0,0.0,0.0,0.0,0.0,20.0,0.0,0.0,0.0,0.0,0.0,0.0,0.0,0.0,0.0,0.0,0.0,0.0,0.0,0.0,1,1,0,1,1,1,0,0,0,1,1,1,0,0,0,0,1,0,0,0,0,0,0,0,0,0,0,0,0,0,0,6.857142857142857,1.9032732277820326,3.934553945178668,16.06156714937512,2.142857142857143,0.7889543583705185,0.1781031069688892,-0.5614082235958069,0.0,0.0,0,0,3.2857142857142856,0.5890150893739514,-0.17120161767270492,-0.5743944636678187,0.39285714285714285,0.48838551182776235,0.43876345447627824,-1.8074866310160436,13.724714285714288,3.815068533901763,3.944450888131092,16.125756560622143,0.7142857142857143,0.880630571852711,0.9028902781356908,-0.3331024930747932,404.4520000000003,143.34,0.050580000000000735,1,5,0,0,0,0,0,0,0,0,0,0,0,0,0,0,0,0,0,0,0,0,0,0,0,0,0,0,0,0,0,0,0,0,1,1,0,0,0,0,1,0,0,1,0,0,0,0,0,0,0,0,0,1,1,0,0,1,0,1,1,1,1,1,1,0,1,1,0,1,0,1,0,0,0,1,0,1,0,1,0,1,1,1,0,1,1,1,1,0,1,0,0,1,1,0,1,1,1,1,1,0,1,0,1,0,0,0,1,0,1,1,1,1,1,0,0,0,1,1,1,0,1,1,1,0,1,1,0,0,1,1,1,1,1,1,0,1,1,1,1,0,1,0,1,0,1,1,1,1,1,0,1,1,0,1,1,0,1,1,1,1,1,1,1,1,1,1,0,0
CHEMBL220_19,38,34,-1,-1,-1,2.0,2.753785273643051,2.873168067174974,6.522038401159282,0.10989840103151118,0.11932363941986242,1.6705494863459605,3.225302637532363,0.16645144797818598,0.09039945146210464,-0.17032462879578755,-1.0889784791114971,7.078947368421054,4.030945146613594,-0.04869928288476123,-0.9219094454033199,0.019875138296190926,0.058840736657839586,3.1708421817124304,8.838171383962866,0.8157894736842105,0.3876557858593746,-1.6292261599251139,0.6543778801843323,2.0,2.753785273643051,2.873168067174974,6.522038401159282,2.0,0.0,0,0,1.7894736842105263,2.295967801177604,3.4416303163321693,10.744480946504526,0.0,0.0,0,0,0.003841772107662809,0.011677957523589416,2.9813596768180735,7.775271684935838,0.041666666666666664,0.0523180994643306,2.887733915851599,6.584727097973454,0.041666666666666664,0.08019828671527275,2.945730004668776,6.822258417672465,1.1666666666666667,0.3726779962499649,1.7888543819998313,1.1999999999999993,-0.3966433605543491,68.0,254.0,0.0,124.0,2046.0,8.0,0.0,0.0,0.0,440.0,582.0,15960.0,0.0,0.0,0.0,0.0,38.0,0.0,0.0,0.0,0.0,0.0,0.0,0.0,0.0,0.0,0.0,0.0,0.0,0.0,0.0,1,1,0,1,1,1,0,0,0,1,1,1,0,0,0,0,1,0,0,0,0,0,0,0,0,0,0,0,0,0,0,6.285714285714286,0.6998542122237652,2.5413456081375476,5.637500000000003,2.1714285714285713,0.7362342129557214,0.14798291649762385,-0.3542241254173315,0.0,0.0,0,0,3.2285714285714286,0.4199125273342591,1.2927862531355656,-0.3287037037037046,0.6,0.48989794855663565,-0.40824829046386285,-1.8333333333333337,12.6096,1.512209702011313,2.813794372842825,7.625205453373251,0.8571428571428571,0.8989790127172728,0.991986330225212,0.3218549127640036,471.57600000000014,63.13,6.845800000000006,0,7,0,0,0,0,0,0,0,0,0,0,0,0,0,0,0,0,0,0,0,0,0,0,0,0,0,0,0,0,0,0,0,0,0,0,0,0,0,0,0,0,0,0,1,0,0,0,0,0,0,0,0,0,0,0,0,0,0,0,0,0,0,0,0,0,0,1,1,0,0,0,0,0,0,0,1,1,0,0,0,1,0,0,0,1,0,1,0,1,0,0,1,1,1,0,0,1,1,0,0,0,1,1,0,0,1,1,0,1,0,0,1,1,1,0,0,1,1,1,1,0,0,1,1,0,0,1,0,0,0,0,0,1,1,1,1,1,1,1,0,0,0,1,1,0,1,1,0,1,1,1,1,1,0,1,1,1,1,0,1,1,1,1,1,1,1,1,0,0
CHEMBL220_20,39,37,-1,-1,-1,2.16,3.170867389217026,3.2260357751594917,9.262927662060724,0.10645859014256559,0.11961435626998489,2.1415689726654197,6.946303797575878,0.18045010896217564,0.10076955116776827,-0.19776586157293735,-1.1386359993221182,7.7948717948717965,4.501180841975518,-0.09644583484382765,-0.9040505728398966,0.017945070576649524,0.05713778991842826,3.8780094306288735,14.558624102578712,0.8205128205128205,0.3837597319768145,-1.6703827619526517,0.7901785714285703,2.16,3.170867389217026,3.2260357751594917,9.262927662060724,2.0,0.0,0,0,1.8974358974358974,2.6389087856961244,3.8950829768071817,14.922062252991502,0.0,0.0,0,0,0.025130425130425127,0.08243017865952924,4.933495534400911,25.290907333004427,0.04,0.05402864926804492,3.2538627733979872,9.375002932365456,0.04000000000000001,0.09918023280729507,-2.8003248834046977,7.764972849461566,1.28,0.448998886412873,0.9799578870122221,-1.0396825396825407,1.3225373738291495,74.0,338.0,0.0,218.0,3516.0,32.0,0.0,0.0,0.0,830.0,1246.0,37920.0,0.0,0.0,0.0,0.0,158.0,0.0,0.0,0.0,12.0,0.0,0.0,0.0,0.0,0.0,0.0,0.0,0.0,0.0,24.0,1,1,0,1,1,1,0,0,0,1,1,1,0,0,0,0,1,0,0,0,1,0,0,0,0,0,0,0,0,0,1,6.648648648648648,1.9342743064954473,4.2668554610230425,19.36118284342329,2.2162162162162162,0.809909408852524,-0.10769210752131768,-0.9307865536381255,0.0,0.0,0,0,3.3783783783783785,0.48498266067368545,0.5015503913178168,-1.7484472049689448,0.5945945945945946,0.4909703276914851,-0.3853373177942266,-1.8515151515151504,13.42675675675676,4.177457072129093,4.12893854773331,18.15982602687226,0.7567567567567568,0.9416892643342889,1.0834350326766635,0.15485046777165712,525.0140000000002,25.240000000000002,7.706300000000007,0,3,0,0,0,0,0,0,0,0,0,0,0,0,0,0,0,0,0,0,0,0,0,0,0,0,0,0,0,0,0,0,0,0,0,0,0,0,0,0,0,0,0,0,1,0,0,0,0,0,0,0,0,0,0,0,0,0,0,0,0,0,0,0,1,0,0,1,1,0,0,0,0,0,0,0,1,1,0,0,0,0,0,0,0,0,0,1,1,1,0,0,0,0,1,0,0,0,0,0,1,0,1,1,0,1,0,1,0,1,1,0,1,1,1,1,0,0,1,1,1,0,1,1,1,0,0,1,0,1,1,1,0,0,0,1,1,1,0,1,1,0,0,1,1,1,1,1,0,1,1,1,1,0,0,1,1,0,1,0,1,0,1,1,1,1,1,1,0,0
CHEMBL220_21,36,32,-1,-1,-1,1.9166666666666667,2.644438608770405,3.0777274530824776,7.964200940980177,0.10834095088601595,0.1266491853068612,2.2472800627361207,7.407533292915167,0.175897580039572,0.08513029619918783,-0.2705668817715766,-0.9014240490185195,7.201851851851852,3.7132515820215395,-0.08934534108963682,-0.66021856268156,0.0253968253968254,0.07644521775487474,3.110470083698126,8.183684639595006,0.8055555555555556,0.3957724124659724,-1.544097293955913,0.3842364532019724,1.9166666666666667,2.644438608770405,3.0777274530824776,7.964200940980177,2.0,0.0,0,0,1.7777777777777777,2.2621414523891477,3.5159125352999046,11.59370148172185,0.0,0.0,0,0,0.0,0.0,0,0,0.041666666666666664,0.05220519040778638,3.0701164025044103,7.91124983455364,0.041666666666666664,0.07399235528678716,4.040975051151375,15.563776091342863,1.0,0.0,0,0,-0.7567256902093831,64.0,234.0,0.0,76.0,1884.0,0.0,0.0,0.0,0.0,180.0,332.0,15024.0,0.0,0.0,0.0,0.0,0.0,0.0,0.0,0.0,0.0,0.0,0.0,0.0,0.0,0.0,0.0,0.0,0.0,0.0,0.0,1,1,0,1,1,0,0,0,0,1,1,1,0,0,0,0,0,0,0,0,0,0,0,0,0,0,0,0,0,0,0,6.157894736842105,0.4880851839734581,3.0694724279304317,8.154948620876143,2.210526315789474,0.6552578735783542,0.3124782292440037,0.2508220603537996,0.0,0.0,0,0,3.1842105263157894,0.3876557858593746,1.6292261599251148,0.654377880184335,0.631578947368421,0.4823763889427199,-0.5455447255899812,-1.7023809523809519,12.325947368421055,0.9734235554385097,3.0683959793314717,8.147519180503465,0.8947368421052632,0.7877173445839875,1.157038345288275,1.611965880102046,502.65800000000013,41.57,8.087200000000008,2,6,0,0,0,0,0,0,0,0,0,0,0,0,0,0,0,0,0,0,0,0,0,0,0,0,0,0,0,0,0,0,0,0,0,0,0,0,0,0,0,0,0,0,0,0,0,1,0,0,0,0,1,0,0,0,0,0,0,0,0,0,0,0,1,0,0,0,1,0,0,0,0,0,0,0,1,1,1,0,0,0,1,0,0,0,0,1,0,0,0,0,0,0,0,0,0,0,0,1,1,1,0,0,0,0,1,0,0,0,0,0,0,1,1,0,0,0,0,0,0,0,0,1,1,1,0,1,1,0,0,0,0,0,0,1,0,1,0,1,0,0,0,1,1,0,0,1,0,0,1,1,1,1,1,0,1,0,1,1,1,1,1,1,1,1,1,1,0,1
CHEMBL220_22,35,31,-1,-1,-1,2.0,2.63673679998231,2.743116685888896,5.844905235503846,0.11164305639166906,0.126914366920988,1.7009126774775263,3.727642387725382,0.1574604379138146,0.08534028475279119,-0.056178445922518645,-1.1153151520252835,6.217142857142858,3.562089822032392,0.06035230603341013,-0.9180540106719941,0.019353195823784055,0.05555730959199343,3.2173103522264976,9.276632856217994,0.8,0.4,-1.5,0.24999999999999956,2.0,2.63673679998231,2.743116685888896,5.844905235503846,2.0,0.0,0,0,1.7714285714285714,2.1657821323711115,3.3327544267614666,10.118204295086732,0.0,0.0,0,0,0.006107339961156087,0.017134235942453967,2.492482255497066,4.3340294270561195,0.04761904761904761,0.05724416276704862,2.7583791239276536,5.92931427540176,0.047619047619047596,0.03304635952445263,-0.8588630891990335,0.8394090598987418,1.1904761904761905,0.39267672624930106,1.576481562736164,0.4852941176470571,-0.513515087200544,62.0,212.0,0.0,88.0,1554.0,8.0,0.0,0.0,0.0,320.0,348.0,11064.0,0.0,0.0,0.0,0.0,32.0,0.0,0.0,0.0,0.0,0.0,0.0,0.0,0.0,0.0,0.0,0.0,0.0,0.0,0.0,1,1,0,1,1,1,0,0,0,1,1,1,0,0,0,0,1,0,0,0,0,0,0,0,0,0,0,0,0,0,0,6.407407407407407,0.7332959212304937,1.4492596710616414,0.4140462307371937,2.074074074074074,0.7662281802065629,0.3677212626556875,-0.1897763996855617,0.0,0.0,0,0,3.4814814814814814,0.4996569467863719,0.0741249316661106,-1.9945054945054945,0.2222222222222222,0.41573970964154905,1.3363062095621216,-0.21428571428571486,12.823592592592595,1.4623717736572928,1.4485677187760948,0.41180922000065845,1.1481481481481481,1.0436298373041015,0.28811080608353645,-1.2243050841005274,377.4850000000003,90.89999999999999,3.3450000000000015,0,6,0,0,0,0,0,0,0,0,0,0,0,0,0,0,0,0,0,0,0,0,0,0,0,1,0,0,0,0,0,0,0,0,0,0,0,0,0,0,0,0,0,0,0,0,0,0,0,0,0,0,0,0,0,1,0,0,0,0,0,0,0,0,0,0,0,0,1,0,0,0,0,0,0,0,1,1,0,0,0,0,1,0,1,0,0,1,1,0,0,1,1,0,1,0,0,0,0,1,1,0,1,0,0,0,1,0,1,0,0,0,1,1,1,1,0,0,0,1,1,0,0,1,1,1,0,0,1,1,1,1,0,1,0,1,0,1,1,1,1,1,1,1,1,1,1,1,1,1,1,1,1,1,1,1,1,1,1,1,1,1,1,1,1,1,1,1,0,1
CHEMBL220_23,37,34,-1,-1,-1,2.0,2.8284271247461903,3.022881489572491,7.362500000000001,0.11390202729522718,0.11854684814479194,1.7475892380572664,3.8852669346192172,0.18281694042774044,0.09037823930166088,-0.2637083170984516,-0.9345658191127475,7.664864864864866,3.988920059364032,-0.1321027889000883,-0.742468690369686,0.024538824538824538,0.07102257906196753,3.3224945970060333,10.010091879049893,0.8108108108108109,0.3916588309780929,-1.5871507864874157,0.5190476190476199,2.0,2.8284271247461903,3.022881489572491,7.362500000000001,2.0,0.0,0,0,1.837837837837838,2.421899115375119,3.488731386016442,11.00258132253117,0.0,0.0,0,0,0.004479263746505126,0.01317579927807326,2.7398741859618894,5.900443342391256,0.04,0.05131856509410447,3.0247481747590705,7.3714024587204,0.04,0.016215453408233688,0.2560934156568006,0.9410962717247195,1.16,0.3666060555964672,1.8548520670059356,1.4404761904761934,-0.6682053373929631,68.0,274.0,0.0,126.0,2370.0,8.0,0.0,0.0,0.0,444.0,600.0,19920.0,0.0,0.0,0.0,0.0,38.0,0.0,0.0,0.0,0.0,0.0,0.0,0.0,0.0,0.0,0.0,0.0,0.0,0.0,0.0,1,1,0,1,1,1,0,0,0,1,1,1,0,0,0,0,1,0,0,0,0,0,0,0,0,0,0,0,0,0,0,6.1891891891891895,0.5113753494168783,2.6794896843177836,6.027511625729529,2.108108108108108,0.8312733242826865,0.3604590834534668,-0.4592363976060332,0.0,0.0,0,0,3.4054054054054053,0.5908975975425796,-0.41624344953903974,-0.6913832040755601,0.32432432432432434,0.46812183988348033,0.7505553499465135,-1.436666666666666,12.388405405405408,1.0199396765272768,2.678185889496392,6.019242454802992,1.162162162162162,1.0783749915275678,0.4506569486788223,-1.0889229438650534,501.7150000000003,76.36,6.290580000000008,0,7,0,0,0,0,0,0,0,0,0,0,0,0,0,0,0,0,0,0,0,0,0,0,0,0,0,0,0,0,0,0,0,0,0,0,0,0,0,0,0,0,0,1,0,0,0,0,0,0,0,0,0,0,0,0,0,0,0,0,0,0,0,0,0,0,0,0,1,0,0,0,0,0,0,0,1,1,0,0,0,0,0,0,1,0,0,1,1,0,0,0,0,1,1,0,0,0,0,0,1,1,1,0,0,0,1,0,0,0,0,0,1,1,1,1,0,0,0,1,1,0,0,1,1,0,0,1,0,1,1,1,0,1,0,0,0,0,0,1,1,1,0,1,1,1,1,1,0,1,1,1,1,1,1,1,1,1,1,1,1,1,1,1,1,1,1,1,0,1
CHEMBL220_24,34,30,-1,-1,-1,1.9090909090909092,2.484663703402991,2.8597483640151973,6.8036752095396285,0.1104127481030916,0.13122800677525204,2.111835170034508,6.4129110774628,0.16942311207933514,0.0809221851680748,-0.2090325184115202,-0.9249527836910105,6.57843137254902,3.377776102055474,-0.025909688210513124,-0.7022241125978779,0.025456773618538327,0.0737009027900082,2.8747745877471167,6.6785254804290055,0.7941176470588235,0.40434491426080943,-1.454785934906616,0.11640211640211628,1.9090909090909092,2.484663703402991,2.8597483640151973,6.8036752095396285,2.0,0.0,0,0,1.7647058823529411,2.115194658395906,3.2751901929787968,10.08762154955381,0.0,0.0,0,0,0.0,0.0,0,0,0.045454545454545456,0.05396593433370287,2.8660585410852875,6.863371634965938,0.04545454545454544,0.04415312625052229,3.0113096401368655,9.999653607480727,1.0,0.0,0,0,-0.003663663578428842,60.0,198.0,0.0,62.0,1392.0,0.0,0.0,0.0,0.0,144.0,230.0,9720.0,0.0,0.0,0.0,0.0,0.0,0.0,0.0,0.0,0.0,0.0,0.0,0.0,0.0,0.0,0.0,0.0,0.0,0.0,0.0,1,1,0,1,1,0,0,0,0,1,1,1,0,0,0,0,0,0,0,0,0,0,0,0,0,0,0,0,0,0,0,6.533333333333333,1.0873004286866725,1.625971767190583,0.7987167166035403,2.0,0.9660917830792959,0.44361357386294203,-1.0102040816326532,0.0,0.0,0,0,3.466666666666667,0.498887651569859,0.13363062095621148,-1.982142857142858,0.4,0.48989794855663565,0.40824829046386263,-1.8333333333333335,13.208466666666663,2.476981842664353,1.7074898979902238,1.1305251100927087,0.9333333333333333,1.1234866364235145,0.9774233445476833,-0.48770085300535726,212.23899999999995,17.07,3.4319000000000024,0,2,0,0,0,0,0,0,0,0,0,0,0,0,0,0,0,0,0,0,0,0,0,0,0,0,0,0,0,0,0,0,0,0,0,0,0,0,0,0,0,0,0,0,1,0,0,0,0,0,0,0,0,0,0,0,0,0,0,0,0,0,0,0,0,0,0,0,1,0,0,0,0,0,0,0,1,0,0,0,0,0,0,0,0,0,0,0,0,0,0,0,0,0,0,0,0,0,0,0,0,0,0,0,0,0,0,0,0,1,0,0,0,0,1,0,0,0,0,0,0,0,0,0,0,0,0,0,0,0,0,0,0,0,0,0,1,0,0,0,0,0,0,1,0,0,0,0,0,0,0,1,0,0,1,0,1,0,0,0,0,0,1,0,1,1,1,1,0,1
CHEMBL220_25,36,35,-1,-1,-1,2.1666666666666665,2.896357866163795,2.9619676568691835,7.402208236480854,0.11154914357797294,0.12383281610622672,1.729403589326486,3.7277188141982913,0.1897886304412141,0.0968964625382672,-0.21826319646472866,-1.0966214079187642,7.620370370370371,4.064442529142506,-0.08748435039238833,-0.8582620081862053,0.022595704948646125,0.06064596480275574,3.3558340370408586,10.397839170956974,0.8055555555555556,0.39577241246597245,-1.5440972939559132,0.3842364532019702,2.1666666666666665,2.896357866163795,2.9619676568691835,7.402208236480854,2.0,0.0,0,0,1.9444444444444444,2.4714418243928025,3.4643112857791296,11.338831862908183,0.0,0.0,0,0,0.02248005118940078,0.05229862731124349,2.049873029854689,2.5068369546941494,0.041666666666666664,0.050251799141477205,2.990540027437097,7.595692171920144,0.041666666666666664,0.08156393285942659,3.149870539746036,8.45680517526139,1.25,0.4330127018922193,1.1547005383792515,-0.6666666666666665,0.18274898523432334,70.0,286.0,0.0,232.0,2502.0,48.0,0.0,0.0,0.0,904.0,1136.0,22320.0,0.0,0.0,0.0,0.0,234.0,0.0,0.0,0.0,48.0,0.0,0.0,0.0,0.0,0.0,0.0,0.0,0.0,0.0,0.0,1,1,0,1,1,1,0,0,0,1,1,1,0,0,0,0,1,0,0,0,1,0,0,0,0,0,0,0,0,0,0,6.486486486486487,0.918918918918919,1.816151027885201,2.0070461321104824,2.1621621621621623,0.8224391380920508,0.2753171690318685,-0.4983019932919417,0.0,0.0,0,0,3.5135135135135136,0.49981735159207913,-0.05407380704358799,-1.9970760233918128,0.32432432432432434,0.46812183988348033,0.7505553499465137,-1.4366666666666659,13.06281081081081,2.061549887143269,2.0070625496986025,2.8481694886791846,0.918918918918919,1.049539883186357,0.5828880769359497,-1.1406081798929153,517.5960000000002,69.64000000000001,4.704800000000004,0,6,0,0,0,0,0,0,0,0,0,0,0,0,0,0,0,0,0,0,0,1,0,0,0,0,0,0,0,0,0,0,0,0,0,0,0,0,0,0,1,0,0,0,1,0,0,0,0,0,0,0,0,0,0,0,0,0,0,0,0,0,0,0,1,0,0,1,1,0,0,0,0,0,0,0,1,1,0,1,0,1,1,0,0,0,0,1,1,0,0,0,0,0,1,0,0,0,0,1,1,0,1,1,0,0,0,1,1,1,0,0,1,1,1,0,0,0,0,1,1,0,1,1,1,0,0,1,0,1,1,1,0,0,1,1,1,1,1,1,1,0,0,1,1,1,1,1,0,1,1,1,1,0,1,1,1,1,1,0,1,1,1,1,1,1,1,1,0,0
CHEMBL220_26,39,36,-1,-1,-1,2.08,2.965400478856102,3.051363668536683,7.6430603757873925,0.10862120190036663,0.11765398479756402,1.9379266473370802,5.433269896403482,0.17014261397515545,0.09254406202516324,-0.2065008986834096,-1.0887901625448801,7.494017094017092,4.257794071897108,-0.10315958550011486,-0.8984747692041388,0.01984170405223037,0.061913144406482344,3.5446070801512777,11.63866418014329,0.8205128205128205,0.3837597319768145,-1.6703827619526517,0.7901785714285703,2.08,2.965400478856102,3.051363668536683,7.6430603757873925,2.0,0.0,0,0,1.8461538461538463,2.4759195291432428,3.6633826194582344,12.428988834394238,0.0,0.0,0,0,0.034820887223633225,0.15817851042554418,5.818072747844077,32.54727322771617,0.040000000000000015,0.05237333594313609,3.048970295714454,7.527131408834679,0.039999999999999994,0.05698202445707861,-2.3004003137562177,5.198180714716237,1.28,0.448998886412873,0.9799578870122221,-1.0396825396825402,-0.01781559998540136,72.0,300.0,0.0,140.0,2766.0,16.0,0.0,0.0,0.0,528.0,708.0,25200.0,0.0,0.0,0.0,0.0,62.0,0.0,0.0,0.0,0.0,0.0,0.0,0.0,0.0,0.0,0.0,0.0,0.0,0.0,0.0,1,1,0,1,1,1,0,0,0,1,1,1,0,0,0,0,1,0,0,0,0,0,0,0,0,0,0,0,0,0,0,6.62962962962963,2.0931660964362653,4.494144050029801,19.32840164067803,2.2222222222222223,0.7370277311900889,0.17816579452322354,-0.254132231404959,0.0,0.0,0,0,3.4074074074074074,0.4913518207933925,0.37688918072220445,-1.8579545454545452,0.5555555555555556,0.4969039949999533,-0.22360679774997905,-1.9500000000000002,13.322629629629633,4.451040329066222,4.540849739141977,19.64393103932519,0.9259259259259259,0.8996265038141569,0.7562599980037965,-0.19061763860959413,384.9110000000002,62.45,4.791300000000004,0,4,0,0,0,0,0,0,0,0,0,0,0,0,0,0,0,0,0,0,0,0,0,0,0,0,0,0,0,0,0,0,0,0,0,0,0,0,0,0,1,0,0,0,0,0,0,0,0,0,0,0,0,0,1,0,0,0,0,0,0,0,0,0,1,0,0,1,1,0,0,0,0,0,0,0,1,0,0,1,0,1,1,0,0,1,0,0,0,1,0,0,1,1,0,0,1,0,1,0,1,0,0,1,0,1,1,1,0,1,1,0,0,1,1,0,0,0,1,0,1,0,1,1,1,0,1,1,0,0,1,1,0,1,0,1,1,1,0,1,0,1,0,0,1,0,0,1,0,1,1,1,0,1,1,0,0,0,1,1,1,0,1,1,1,1,1,1,0,0
CHEMBL220_27,37,35,-1,-1,-1,2.1739130434782608,2.914016709585398,2.8324091925104407,6.297467586583137,0.11090360406689341,0.1213565722653733,1.6634711386800083,3.3791660880037373,0.16877761736082633,0.09354016448798878,-0.11654462415659901,-1.1685726619260364,7.018918918918919,4.050590662749025,-0.03757283918444404,-0.986556054035284,0.018747318747318747,0.0555562760728393,3.5853490618453634,11.776862454224558,0.8108108108108109,0.3916588309780929,-1.5871507864874157,0.5190476190476199,2.1739130434782608,2.914016709585398,2.8324091925104407,6.297467586583137,2.0,0.0,0,0,1.8918918918918919,2.4137420066774173,3.459303913167014,10.87915923044962,0.0,0.0,0,0,0.04559865240979792,0.16368520457690713,5.3475916705890745,28.245316228256794,0.04347826086956521,0.053481296705289755,2.8459168287128445,6.304097711914329,0.043478260869565216,0.02906163655607323,2.396731874213904,4.892780093050902,1.3478260869565217,0.47628048478710105,0.6390096504226936,-1.5916666666666672,-0.3007799025282725,70.0,278.0,0.0,174.0,2370.0,32.0,0.0,0.0,0.0,700.0,820.0,19920.0,0.0,0.0,0.0,0.0,134.0,0.0,0.0,0.0,12.0,0.0,0.0,0.0,0.0,0.0,0.0,0.0,0.0,0.0,0.0,1,1,0,1,1,1,0,0,0,1,1,1,0,0,0,0,1,0,0,0,1,0,0,0,0,0,0,0,0,0,0,6.392857142857143,0.672908702907742,1.4487092979403158,0.6875619916683151,2.2142857142857144,0.7249208260780158,0.212371941507255,-0.1619379771891798,0.0,0.0,0,0,3.4285714285714284,0.4948716593053935,0.2886751345948138,-1.916666666666666,0.42857142857142855,0.4948716593053935,0.28867513459481287,-1.916666666666667,12.794714285714287,1.342102371471791,1.4475178047087869,0.6832617816809137,0.8928571428571429,0.9761178834797464,0.6762183727878914,-0.7692026472691302,383.45200000000017,100.47000000000001,1.9510999999999996,0,4,0,0,0,0,0,0,0,0,0,0,0,0,0,0,0,0,0,0,0,0,0,0,0,0,0,0,0,0,0,0,0,0,0,0,0,0,0,0,1,0,0,0,0,0,0,0,0,0,0,0,0,0,0,0,0,0,0,1,0,0,0,0,1,0,0,1,1,0,0,0,0,0,0,0,1,1,0,1,0,1,1,0,0,0,0,1,1,0,0,0,0,1,1,0,0,1,0,1,1,0,1,1,0,0,1,1,0,0,0,1,1,1,1,0,0,0,0,1,1,0,1,1,1,0,0,1,0,1,1,1,0,1,1,0,0,1,0,1,1,1,0,0,1,1,1,1,1,1,1,1,0,1,1,1,1,1,1,1,1,1,1,1,1,1,1,1,0,0
CHEMBL220_28,39,37,-1,-1,-1,2.074074074074074,3.005253744459377,3.2528389412625196,9.078705381727346,0.10970755268479075,0.11664166719032912,2.1361802011795907,6.912462685071791,0.18919280819573198,0.09357931645610831,-0.33931576290435655,-0.8915297269380735,8.36923076923077,4.332316676369861,-0.21265698410136605,-0.6775455321213713,0.02425502425502426,0.07323680163145022,3.515225001422242,11.46148961241926,0.8205128205128205,0.3837597319768145,-1.6703827619526517,0.7901785714285703,2.074074074074074,3.005253744459377,3.2528389412625196,9.078705381727346,2.0,0.0,0,0,1.8974358974358974,2.589870522403376,3.7440483536107267,13.203236573768208,0.0,0.0,0,0,0.0338266154711778,0.15804334482686871,5.8513214754154115,32.815841478256864,0.03703703703703702,0.0489441880146414,3.238416856530506,8.890770279721819,0.03703703703703703,0.07561416569297695,3.8331727943918588,14.007251152473174,1.2592592592592593,0.43822813208145306,1.098700531147071,-0.7928571428571427,0.7270364386542637,74.0,328.0,0.0,168.0,3234.0,16.0,0.0,0.0,0.0,576.0,894.0,32064.0,0.0,0.0,0.0,0.0,66.0,0.0,0.0,0.0,0.0,0.0,0.0,0.0,0.0,0.0,0.0,0.0,0.0,0.0,0.0,1,1,0,1,1,1,0,0,0,1,1,1,0,0,0,0,1,0,0,0,0,0,0,0,0,0,0,0,0,0,0,7.205882352941177,3.0076315849626685,2.720731014526969,5.783955659194911,2.176470588235294,0.8564835163859433,0.21575975374959241,-0.7014951940192242,0.0,0.0,0,0,3.2058823529411766,0.40434491426080943,1.4547859349066143,0.11640211640211406,0.6470588235294118,0.47788461203740945,-0.6154574548966636,-1.6212121212121215,14.507823529411766,6.298930817166225,2.755199563130657,5.986050894092843,0.6176470588235294,0.8749691047437361,1.6139581407107904,2.0011184525519496,514.4340000000002,89.02000000000001,6.1356000000000055,0,5,0,0,0,0,0,0,0,0,0,0,0,0,0,0,0,0,0,0,0,0,0,0,0,0,0,0,0,0,0,0,0,0,0,0,0,0,0,0,0,0,0,0,0,0,0,0,0,0,0,0,0,1,0,0,0,1,0,0,1,0,1,1,1,0,0,1,1,1,0,0,0,0,0,1,1,0,0,0,0,0,1,1,0,0,0,0,0,1,1,0,0,0,1,1,0,0,0,0,1,0,0,1,1,1,0,1,0,1,0,0,1,0,1,0,0,0,0,1,0,0,1,1,0,0,1,1,0,0,0,0,1,0,0,1,1,1,1,1,0,0,0,1,1,0,1,1,1,0,1,1,1,1,0,0,1,0,1,0,1,1,1,1,1,1,1,1,0,0
CHEMBL220_29,34,33,-1,-1,-1,2.1818181818181817,2.724240738867581,2.5737967767543104,5.106616534640212,0.1187221497625019,0.12376112419355449,1.5045332417257826,2.4600553880762996,0.18848960315945476,0.09573106530729276,-0.1889309188106729,-1.062415628823949,7.088235294117646,3.7580491597530146,-0.07083482139478785,-0.8915858306271986,0.02111185383244207,0.05877446894832124,3.1501566074276512,8.72093591705825,0.7941176470588235,0.40434491426080943,-1.4547859349066157,0.11640211640211495,2.1818181818181817,2.724240738867581,2.5737967767543104,5.106616534640212,2.0,0.0,0,0,1.9411764705882353,2.3128945001573533,3.052486458477684,8.384004793072796,0.0,0.0,0,0,0.025415181552497158,0.06412425147645548,3.452424817148156,12.97944163922119,0.04545454545454545,0.0520574685555521,2.6097867410827447,5.225351374466641,0.04545454545454542,2.072586557053976,-2.3711227579704346,4.4380340825054905,1.3181818181818181,0.46577048936179993,0.7807200583588269,-1.3904761904761898,-1.2954182981770588,66.0,244.0,0.0,218.0,1794.0,32.0,0.0,0.0,0.0,610.0,1020.0,13104.0,0.0,0.0,0.0,0.0,132.0,0.0,0.0,0.0,12.0,0.0,0.0,0.0,0.0,0.0,0.0,0.0,0.0,0.0,24.0,1,1,0,1,1,1,0,0,0,1,1,1,0,0,0,0,1,0,0,0,1,0,0,0,0,0,0,0,0,0,1,6.230769230769231,0.5756395979652217,2.362398477618751,4.131377551020409,2.1538461538461537,0.7174906963914472,-0.23660414561937498,-1.0432025366627034,0.0,0.0,0,0,3.230769230769231,0.42132504423474315,1.278019300845387,-0.3666666666666676,0.5384615384615384,0.49851851526214314,-0.15430334996209163,-1.9761904761904763,12.471307692307693,1.148031049205913,2.3614454603738952,4.126283064462205,0.9230769230769231,0.9970370305242862,0.8528015502369184,-0.3594812925170072,348.4460000000001,66.24000000000001,5.4294000000000056,0,5,0,0,0,0,0,0,0,0,0,0,0,0,0,0,0,0,0,0,0,0,0,0,0,0,0,0,0,0,0,0,0,0,0,0,0,0,0,0,0,0,0,0,0,0,0,0,0,0,0,0,1,0,0,0,0,0,0,0,0,0,0,0,0,0,0,1,0,0,0,0,0,0,0,0,1,0,1,0,0,1,0,0,0,0,0,0,0,0,0,0,0,0,0,0,0,1,0,1,1,1,0,1,0,0,0,1,0,0,1,0,0,0,0,1,0,1,1,0,1,0,1,1,0,0,0,1,0,1,1,1,0,1,0,0,0,0,0,1,0,1,0,1,1,1,0,1,0,1,0,1,0,0,1,0,0,1,1,1,0,1,1,1,1,1,1,1,0,1
CHEMBL220_30,36,33,-1,-1,-1,2.0,2.70801280154532,3.2101701340632802,9.362603305785127,0.10927219980329142,0.1258465896555299,2.2123801975239563,7.1882093480153735,0.18457381449045426,0.09292846111883747,-0.18693759446331049,-0.9198756388194105,7.401851851851853,3.8976147695266627,-0.055453556801189595,-0.6843919137963206,0.02362278244631186,0.06695140150752277,3.411064238135362,11.42263468213006,0.8055555555555556,0.3957724124659724,-1.544097293955913,0.3842364532019724,2.0,2.70801280154532,3.2101701340632802,9.362603305785127,2.0,0.0,0,0,1.8333333333333333,2.3154073315749675,3.680384367040474,13.536524470455571,0.0,0.0,0,0,0.0042353660261461685,0.012964476852342338,3.1020355997173716,8.433391917646878,0.041666666666666664,0.05110502757236737,3.2204533794164663,9.416512109306815,0.041666666666666664,0.08990911109951512,3.908355638272209,14.471728029626206,1.1666666666666667,0.3726779962499649,1.7888543819998315,1.1999999999999993,-0.07037727914902597,66.0,248.0,0.0,142.0,2118.0,8.0,0.0,0.0,0.0,380.0,694.0,18960.0,0.0,0.0,0.0,0.0,36.0,0.0,0.0,0.0,0.0,0.0,0.0,0.0,0.0,0.0,0.0,0.0,0.0,0.0,0.0,1,1,0,1,1,1,0,0,0,1,1,1,0,0,0,0,1,0,0,0,0,0,0,0,0,0,0,0,0,0,0,6.435897435897436,0.6322475900481,1.1548937851389889,0.20473727493074811,2.0,0.7510676161988108,0.0,-1.2272727272727273,0.0,0.0,0,0,3.3333333333333335,0.4714045207910316,0.7071067811865469,-1.4999999999999998,0.15384615384615385,0.36080121229411,1.918806447200493,1.6818181818181808,12.880743589743592,1.2612052176075261,1.1532384851667177,0.19883063210968155,1.1025641025641026,0.8710403975109245,0.26590450144212485,-0.8032838833505034,545.6930000000002,260.96999999999997,-0.870889999999994,2,17,0,0,0,0,0,0,0,0,0,0,0,0,0,0,0,0,0,0,0,0,0,0,0,0,0,1,0,0,0,0,0,0,0,0,0,0,0,0,1,0,0,0,0,1,0,0,0,0,0,0,0,0,0,0,1,0,0,0,0,0,0,0,0,0,0,0,0,0,0,0,0,0,0,0,1,0,0,1,1,1,0,0,1,0,1,0,0,0,0,0,1,1,1,0,0,1,0,0,0,0,1,0,0,0,1,0,1,0,0,0,1,1,0,0,0,0,0,1,1,1,0,0,0,0,0,0,0,0,1,1,0,1,1,0,0,0,1,0,1,0,0,0,1,0,0,0,1,1,0,1,0,1,0,1,1,1,1,0,1,1,1,1,1,1,1,1,0,0
CHEMBL220_31,37,35,-1,-1,-1,2.08,2.8131121556027585,2.9907775357484363,7.243668498064581,0.11122723361374459,0.1210600244905828,1.6946783010926456,3.3740741082303396,0.18115180243755313,0.09075407744744056,-0.21064280120123968,-1.0286133336078762,7.648262548262548,4.023177268972493,-0.10334046482968678,-0.8195289286148655,0.025311025311025307,0.06729919532463856,3.4050042701475958,10.813874826798168,0.8108108108108109,0.3916588309780929,-1.5871507864874157,0.5190476190476199,2.08,2.8131121556027585,2.9907775357484363,7.243668498064581,2.0,0.0,0,0,1.8918918918918919,2.4137420066774173,3.4593039131670142,10.879159230449623,0.0,0.0,0,0,0.012703818553313748,0.032548415373004166,2.2370621374027544,3.1709097088159046,0.04,0.04861477633823201,2.9838905235707274,7.212416550447195,0.039999999999999994,0.5635017752582062,2.981434236334489,7.296968828613936,1.2,0.4,1.5000000000000004,0.2500000000000009,0.06920606930224561,70.0,278.0,0.0,170.0,2370.0,24.0,0.0,0.0,0.0,682.0,800.0,19920.0,0.0,0.0,0.0,0.0,114.0,0.0,0.0,0.0,12.0,0.0,0.0,0.0,0.0,0.0,0.0,0.0,0.0,0.0,0.0,1,1,0,1,1,1,0,0,0,1,1,1,0,0,0,0,1,0,0,0,1,0,0,0,0,0,0,0,0,0,0,6.615384615384615,1.6888075692384732,4.448090768464358,21.53331554208777,2.2051282051282053,0.8527327768367123,0.09145833624081409,-0.8198990219385305,0.0,0.0,0,0,3.4615384615384617,0.49851851526214314,0.15430334996209114,-1.9761904761904767,0.3076923076923077,0.46153846153846156,0.8333333333333334,-1.3055555555555567,13.241153846153848,3.384043140435913,4.461512164648129,21.64038144580059,0.9743589743589743,0.9195087731815953,0.6443604806461658,-0.4578738852917774,554.7090000000002,135.79,4.262100000000004,6,6,0,0,0,0,0,0,0,0,0,0,0,0,0,0,0,0,0,0,0,0,0,0,0,0,0,0,0,0,0,0,0,0,1,1,0,0,0,0,0,0,0,0,0,0,0,0,0,0,0,0,0,1,0,0,0,1,0,0,1,1,1,1,0,0,1,0,1,1,0,1,0,0,0,1,1,0,0,0,0,0,0,1,0,0,1,0,0,0,1,0,0,1,1,0,1,1,1,0,0,0,0,1,1,0,0,1,1,0,1,0,1,0,1,1,0,1,1,1,1,0,0,0,0,1,1,1,1,1,1,1,1,1,1,0,0,0,1,0,0,1,1,1,1,1,1,1,1,1,1,1,1,1,1,0,1,0,1,1,1,1,1,1,1,1,1,1,0,0
CHEMBL220_32,38,35,-1,-1,-1,2.0833333333333335,2.8710721961587025,2.9270175626966015,6.820983286360452,0.1107303988876938,0.11855196428510338,1.7480407533143765,4.066416905936984,0.1668320164586853,0.09067196358424971,-0.174518147035472,-1.1026397293702672,7.169298245614037,4.080977706347405,-0.07304390039564858,-0.9246912119941646,0.01979611190137506,0.06042872789493567,3.4462050866447256,10.833490220822853,0.8157894736842105,0.3876557858593746,-1.6292261599251139,0.6543778801843323,2.0833333333333335,2.8710721961587025,2.9270175626966015,6.820983286360452,2.0,0.0,0,0,1.8421052631578947,2.3899605346826793,3.5295880271684816,11.352408978316234,0.0,0.0,0,0,0.03637023179959468,0.16028760495586608,5.710651969374156,31.37904313638913,0.04166666666666666,0.05279478759447977,2.938934432793281,6.816580954526897,0.041666666666666664,0.02628645181993374,2.5556994998934788,6.094625527066645,1.2916666666666667,0.45452967144315476,0.9166984970282107,-1.159663865546219,-1.2661279551329023,70.0,276.0,0.0,132.0,2370.0,16.0,0.0,0.0,0.0,484.0,620.0,19920.0,0.0,0.0,0.0,0.0,58.0,0.0,0.0,0.0,0.0,0.0,0.0,0.0,0.0,0.0,0.0,0.0,0.0,0.0,0.0,1,1,0,1,1,1,0,0,0,1,1,1,0,0,0,0,1,0,0,0,0,0,0,0,0,0,0,0,0,0,0,6.5625,0.9662265521087692,1.589780225720673,1.1886696661473017,2.25,0.9013878188659973,0.256015475180875,-0.7218934911242605,0.0,0.0,0,0,3.625,0.4841229182759271,-0.5163977794943223,-1.7333333333333334,0.34375,0.47495887979908324,0.657951694959769,-1.567099567099567,13.22715625,2.17121597712801,1.7767354281916237,1.9148926883977744,0.875,0.9921567416492215,0.6359402244282236,-0.9690098261526834,451.4930000000004,89.43,3.199300000000002,1,5,0,0,0,0,0,0,0,0,0,0,0,1,0,0,0,0,0,0,0,0,0,0,0,0,0,0,0,0,0,0,0,0,0,0,0,0,0,0,1,0,0,0,1,0,0,0,0,0,0,0,0,0,0,0,0,0,0,1,0,0,0,0,1,0,0,1,1,0,0,0,0,0,0,0,1,1,0,1,0,1,1,0,0,1,1,1,1,0,0,0,0,0,0,0,0,1,1,0,1,0,1,0,0,0,0,1,1,1,0,1,0,1,1,0,0,0,0,0,1,0,1,1,1,0,0,1,0,0,1,1,0,1,1,1,1,1,0,1,1,1,0,0,1,0,1,1,0,1,1,1,1,1,1,1,0,0,1,1,1,1,1,1,1,1,1,1,0,0
CHEMBL220_33,34,32,-1,-1,-1,2.090909090909091,2.556792929168224,2.63999236152731,5.347309571490909,0.11555347069967674,0.12672474152722232,1.5160801671043427,2.2593965331307357,0.17934277023862602,0.08999846064742857,-0.13654673951423724,-1.0530588320141552,6.824509803921568,3.6036456560835397,-0.01688135328663348,-0.8841266504692311,0.02334001782531195,0.05974253668929304,3.0360801994542186,8.196069409771573,0.7941176470588235,0.40434491426080943,-1.4547859349066157,0.11640211640211495,2.090909090909091,2.556792929168224,2.63999236152731,5.347309571490909,2.0,0.0,0,0,1.8823529411764706,2.179647919252812,3.081896815254169,8.460968984085438,0.0,0.0,0,0,0.013761565232153468,0.03483742930494129,2.3660590627590476,4.124706189014022,0.045454545454545456,0.05005613275533701,2.6502086551607027,5.389584293188419,0.04545454545454544,0.18310132982025817,-2.2039428240068846,3.901895390425514,1.2272727272727273,0.41907020260422223,1.301582746911936,-0.30588235294117805,0.10276324619174923,64.0,218.0,0.0,166.0,1506.0,24.0,0.0,0.0,0.0,526.0,686.0,10200.0,0.0,0.0,0.0,0.0,100.0,0.0,0.0,0.0,12.0,0.0,0.0,0.0,0.0,0.0,0.0,0.0,0.0,0.0,0.0,1,1,0,1,1,1,0,0,0,1,1,1,0,0,0,0,1,0,0,0,1,0,0,0,0,0,0,0,0,0,0,6.275862068965517,0.5811137774604385,1.9832625879535342,2.7169708391192318,2.1379310344827585,0.7756704744277236,0.19978583131516978,-0.47514412035807485,0.0,0.0,0,0,3.2758620689655173,0.44694763437295587,1.0029717747535964,-0.9940476190476208,0.41379310344827586,0.4925123054167483,0.35007002100700274,-1.8774509803921564,12.56134482758621,1.1590847838990685,1.9818933409894341,2.7101459399794816,0.9655172413793104,0.9278361411774974,0.8454457588874874,-0.044382039620281866,392.5030000000001,85.29,3.2879700000000014,1,6,0,0,0,0,0,0,0,0,0,0,0,0,0,0,0,0,0,0,0,0,0,0,0,0,0,1,0,0,0,0,0,0,0,0,0,0,0,0,0,0,0,0,0,1,0,0,0,0,0,0,0,0,0,0,0,0,0,0,0,0,0,0,0,0,0,0,1,0,0,0,0,0,0,0,1,1,0,1,1,0,1,0,1,0,0,1,0,0,0,0,1,1,1,0,0,0,0,1,1,0,1,0,0,0,1,0,1,0,0,0,1,1,1,0,0,1,1,1,0,1,1,1,1,0,0,1,0,1,0,1,0,1,1,1,0,0,1,1,1,0,0,1,1,1,0,1,0,0,1,1,1,1,0,1,1,1,1,0,1,1,1,1,1,1,1,1,0,0
CHEMBL220_34,36,35,-1,-1,-1,2.1666666666666665,2.8674417556808756,2.854547169626522,6.5334984477720965,0.11213147348956791,0.12330575992562595,1.6220895276080813,2.8603428741409207,0.18920523875707984,0.09638572836189184,-0.21941636406428952,-1.0945958517957777,7.6000000000000005,4.045348647398929,-0.09357203349407132,-0.8820437656801423,0.022689075630252103,0.06055815754784818,3.2900156650901455,9.770194200693375,0.8055555555555556,0.39577241246597245,-1.5440972939559132,0.3842364532019702,2.1666666666666665,2.8674417556808756,2.854547169626522,6.5334984477720965,2.0,0.0,0,0,1.9444444444444444,2.4488596489482433,3.3441445517605644,10.174729666837866,0.0,0.0,0,0,0.022409189511396248,0.05216121831060278,2.0548361310374705,2.5365053865571188,0.04166666666666665,0.04966865717094151,2.866696094600271,6.596078831203069,0.04166666666666668,0.021243536222698953,0.4347634261407886,-0.4313456187148943,1.25,0.4330127018922193,1.1547005383792515,-0.6666666666666665,-0.8208967622027987,70.0,282.0,0.0,234.0,2376.0,48.0,0.0,0.0,0.0,920.0,1134.0,19920.0,0.0,0.0,0.0,0.0,234.0,0.0,0.0,0.0,48.0,0.0,0.0,0.0,0.0,0.0,0.0,0.0,0.0,0.0,0.0,1,1,0,1,1,1,0,0,0,1,1,1,0,0,0,0,1,0,0,0,1,0,0,0,0,0,0,0,0,0,0,6.428571428571429,0.7284313590846836,1.3577270894181963,0.233727810650886,2.142857142857143,0.832993127835043,-0.2723801058145725,-1.5069204152249138,0.0,0.0,0,0,3.4285714285714284,0.49487165930539356,0.28867513459481386,-1.916666666666667,0.35714285714285715,0.47915742374995485,0.5962847939999439,-1.644444444444444,12.865857142857141,1.4527164140298816,1.3568719221660186,0.23104417571569869,1.0,1.0690449676496976,0.701560760020114,-0.8124999999999996,194.23399999999998,65.98,1.4787000000000001,1,2,0,0,0,0,0,0,0,0,0,0,0,0,0,0,0,0,0,0,0,0,0,0,0,0,0,0,0,0,0,0,0,0,0,0,0,0,0,0,0,0,0,0,0,0,0,0,0,0,0,0,0,0,1,1,0,0,0,0,0,0,0,0,0,0,0,1,0,0,0,1,0,0,0,0,1,0,0,0,0,0,1,0,0,1,0,0,0,0,0,0,1,1,0,0,1,1,1,1,0,0,0,1,0,0,1,1,0,0,0,0,0,1,0,0,0,0,1,0,0,0,1,1,0,1,1,0,0,0,0,1,0,1,0,0,0,0,0,1,0,1,0,0,1,0,1,0,0,0,0,1,0,1,0,0,1,0,1,1,0,1,1,1,1,0,1,1,0,0
CHEMBL220_35,36,33,-1,-1,-1,2.090909090909091,2.8108408788618737,3.038587217687133,8.217833633864961,0.10754578098959872,0.12732510659377058,1.9756545110741177,5.581275058137148,0.168262343154224,0.09414585308770161,-0.06747403441699668,-1.1469610829159844,6.699074074074074,3.906768312663808,0.0482849176500235,-0.8978875725489792,0.018113912231559292,0.052218717156516714,3.5904190749454825,12.777417265832915,0.8055555555555556,0.3957724124659724,-1.544097293955913,0.3842364532019724,2.090909090909091,2.8108408788618737,3.038587217687133,8.217833633864961,2.0,0.0,0,0,1.8333333333333333,2.315407331574968,3.6803843670404746,13.536524470455568,0.0,0.0,0,0,0.013183121201697052,0.03457663782588239,2.447369108294833,4.38304282589417,0.04545454545454548,0.05568873533686584,3.080999854742205,8.48535503442343,0.04545454545454544,0.11306476955715376,3.399366878702196,10.557691856650992,1.2272727272727273,0.41907020260422223,1.301582746911936,-0.3058823529411776,-0.3140142723368248,66.0,248.0,0.0,156.0,2118.0,24.0,0.0,0.0,0.0,538.0,736.0,18960.0,0.0,0.0,0.0,0.0,106.0,0.0,0.0,0.0,12.0,0.0,0.0,0.0,0.0,0.0,0.0,0.0,0.0,0.0,0.0,1,1,0,1,1,1,0,0,0,1,1,1,0,0,0,0,1,0,0,0,1,0,0,0,0,0,0,0,0,0,0,6.46875,0.7899515412352837,1.2439849055684553,-0.24452820207630754,2.125,0.7806247497997998,0.17244570409778615,-0.5719921104536487,0.0,0.0,0,0,3.65625,0.47495887979908324,-0.657951694959769,-1.567099567099567,0.0,0.0,0,0,12.945875,1.5752895715946962,1.2434906550464095,-0.24585800239993016,1.15625,1.0340870067358936,0.19324173480725695,-1.3139525864765123,451.5640000000002,117.34,0.941700000000002,4,6,0,0,0,0,0,0,0,0,0,0,0,0,0,0,0,0,1,0,0,0,0,0,1,0,0,0,0,0,0,0,0,0,0,0,0,0,0,0,0,0,0,0,0,0,0,0,0,0,0,0,0,0,0,0,1,0,0,1,0,0,0,0,0,0,0,0,1,0,0,0,0,0,1,0,1,0,0,0,0,1,0,0,0,1,0,1,1,0,0,1,1,1,1,0,0,1,1,1,0,0,1,1,0,0,1,1,0,0,1,1,1,1,1,0,0,1,1,1,1,0,1,1,1,0,0,0,0,1,1,1,0,1,1,0,0,0,1,1,1,0,1,1,1,1,0,0,1,1,1,1,0,1,1,1,1,1,1,1,1,1,1,1,0,0,1,1,0,0
CHEMBL220_36,38,35,-1,-1,-1,2.0,2.7735009811261455,3.082746340521711,7.777000000000001,0.11371500874831343,0.1156922048327164,1.8692101139037545,5.172195036254514,0.1807266491090905,0.08703714690870659,-0.3748439286134699,-0.8722184364961159,7.843859649122808,4.0079260307571705,-0.19993409112625077,-0.6653297597515233,0.02540698593330172,0.0792436656827505,3.192227508855747,8.512097900082129,0.8157894736842105,0.3876557858593746,-1.6292261599251139,0.6543778801843323,2.0,2.7735009811261455,3.082746340521711,7.777000000000001,2.0,0.0,0,0,1.8421052631578947,2.3899605346826793,3.529588027168483,11.352408978316245,0.0,0.0,0,0,0.03192284688995215,0.16049109651354662,5.77112362036385,31.84030434768033,0.038461538461538464,0.04881758790655906,3.0858313358305387,7.734442399142356,0.03846153846153847,0.06677427090427994,3.558591786596992,11.863371560618402,1.1538461538461537,0.36080121229411,1.9188064472004944,1.6818181818181834,-0.24546620679279954,70.0,276.0,0.0,110.0,2370.0,8.0,0.0,0.0,0.0,266.0,510.0,19920.0,0.0,0.0,0.0,0.0,20.0,0.0,0.0,0.0,0.0,0.0,0.0,0.0,0.0,0.0,0.0,0.0,0.0,0.0,0.0,1,1,0,1,1,1,0,0,0,1,1,1,0,0,0,0,1,0,0,0,0,0,0,0,0,0,0,0,0,0,0,6.5588235294117645,1.752161295130174,4.6260092707418075,21.84196326897413,2.1176470588235294,0.718032683278453,0.2985523039206972,-0.038016305571819675,0.0,0.0,0,0,3.2058823529411766,0.5302281287447043,0.1577055327114181,-0.07909112426035358,0.5294117647058824,0.4991341984846218,-0.11785113019775798,-1.9861111111111114,13.128882352941178,3.5122438928169215,4.634736361396125,21.909473892967497,0.8529411764705882,0.772023808729805,1.025798129395754,1.2882977580515727,475.61400000000015,99.06,4.297680000000003,2,10,0,0,0,0,0,0,0,0,0,0,0,0,0,0,0,0,0,0,0,0,0,0,0,0,0,0,0,0,0,0,0,0,1,1,0,0,0,0,0,0,0,1,0,0,0,0,0,0,0,0,0,1,0,0,1,1,0,0,1,1,1,1,1,0,1,0,0,1,0,1,0,0,0,1,1,0,0,0,0,1,0,1,0,0,0,0,0,0,1,0,1,0,1,0,1,1,0,0,0,0,0,0,1,0,1,0,1,0,0,0,1,1,1,0,0,1,0,1,0,0,0,0,0,0,1,1,0,0,0,0,1,1,0,0,0,0,1,0,0,0,0,0,1,0,0,1,1,0,1,1,0,1,0,0,1,1,1,0,1,1,1,1,1,1,1,1,0,0
CHEMBL220_37,34,31,-1,-1,-1,2.0,2.4308621740219887,2.6581262115932747,5.4797633136094674,0.1204490695108405,0.12208106470642804,1.5372439887527398,3.1497671727917513,0.17454848679881138,0.08379503555638705,-0.280143672996649,-1.009911074424678,6.711764705882353,3.44177652441048,-0.10059807374331019,-0.825512153632614,0.024008467023172907,0.06449170874902523,2.91464257683081,7.1435963635564494,0.7941176470588235,0.40434491426080943,-1.454785934906616,0.11640211640211628,2.0,2.4308621740219887,2.6581262115932747,5.4797633136094674,2.0,0.0,0,0,1.8235294117647058,2.0788937702437993,3.0640116000175386,8.396266412649728,0.0,0.0,0,0,0.0,0.0,0,0,0.04545454545454545,0.05078382745170256,2.6863566053183647,5.588285127910417,0.04545454545454544,0.053973102548354586,-1.66192003483661,2.2183094225164366,1.2727272727272727,0.44536177141512334,1.0206207261596572,-0.9583333333333344,-0.6737606211933971,62.0,198.0,0.0,90.0,1290.0,0.0,0.0,0.0,0.0,188.0,330.0,8184.0,0.0,0.0,0.0,0.0,0.0,0.0,0.0,0.0,0.0,0.0,0.0,0.0,0.0,0.0,0.0,0.0,0.0,0.0,12.0,1,1,0,1,1,0,0,0,0,1,1,1,0,0,0,0,0,0,0,0,0,0,0,0,0,0,0,0,0,0,1,6.866666666666666,1.2036980056845192,0.9452805483310448,-0.8130339869773024,2.0,0.9660917830792959,0.44361357386294203,-1.0102040816326532,0.0,0.0,0,0,3.533333333333333,0.498887651569859,-0.1336306209562115,-1.982142857142858,0.3333333333333333,0.47140452079103173,0.7071067811865478,-1.4999999999999996,13.940399999999999,2.762702995256639,1.05026039339923,-0.5904041626302985,0.7333333333333333,1.0624918300339485,1.2134105963931632,0.033387066774131835,220.19399999999996,34.89,2.2841000000000005,0,3,0,0,0,0,0,0,0,0,0,0,0,0,0,0,0,0,0,0,0,0,0,0,0,0,0,0,0,0,0,0,0,0,0,0,0,0,0,0,0,0,0,0,1,0,0,0,0,0,0,0,0,0,1,0,0,0,0,0,0,0,0,0,0,0,0,1,0,0,0,0,0,0,0,0,1,1,0,0,0,0,1,0,0,1,0,0,0,0,0,0,0,0,0,0,1,0,1,1,0,0,1,0,0,0,0,0,1,1,0,0,0,1,1,0,0,1,0,0,0,0,1,1,1,0,1,0,0,0,0,0,0,0,0,0,1,0,0,1,0,0,0,0,1,0,0,0,0,0,1,1,0,0,1,1,1,1,1,0,1,0,1,1,1,0,1,1,0,1
CHEMBL220_38,36,34,-1,-1,-1,2.0833333333333335,2.7525240941522906,2.8981537436461844,6.888586812693806,0.1155539472180096,0.1201043840170509,1.7691714919536934,4.303757435908062,0.18533015660918434,0.09160745705916462,-0.3047538448270133,-1.0155363666406123,7.507407407407409,3.906224149434355,-0.15941056437352277,-0.8171621101686721,0.02315592903828198,0.06384291619967637,3.309611754444753,10.021001104355724,0.8055555555555556,0.39577241246597245,-1.5440972939559128,0.38423645320197064,2.0833333333333335,2.7525240941522906,2.8981537436461844,6.888586812693806,2.0,0.0,0,0,1.8888888888888888,2.354402233379677,3.36409827205222,10.462284413271757,0.0,0.0,0,0,0.004585682957393484,0.013515453768959922,2.8296156216269797,6.580318539694371,0.041666666666666664,0.05049869875970381,2.9230185070806787,7.003741685713992,0.041666666666666664,0.03131187166886007,-0.9336796324930751,0.7615405394378043,1.2916666666666667,0.45452967144315476,0.9166984970282107,-1.159663865546219,0.5830173842090589,68.0,260.0,0.0,144.0,2106.0,8.0,0.0,0.0,0.0,448.0,638.0,17040.0,0.0,0.0,0.0,0.0,36.0,0.0,0.0,0.0,0.0,0.0,0.0,0.0,0.0,0.0,0.0,0.0,0.0,0.0,24.0,1,1,0,1,1,1,0,0,0,1,1,1,0,0,0,0,1,0,0,0,0,0,0,0,0,0,0,0,0,0,1,6.576923076923077,1.9448764430416203,4.3696764502439915,18.212347373126963,2.1538461538461537,0.7174906963914472,-0.23660414561937498,-1.043202536662703,0.0,0.0,0,0,3.3846153846153846,0.4865042554105199,0.4743416490252571,-1.775,0.46153846153846156,0.49851851526214314,0.15430334996209163,-1.9761904761904763,13.166076923076925,3.899753729138418,4.373804406098222,18.24033336293859,1.0384615384615385,1.0183232534518252,0.7972000103986422,-0.4464663279073502,369.53400000000016,35.580000000000005,5.1177000000000055,0,5,0,0,0,0,0,0,0,0,0,0,0,0,0,0,0,0,0,0,0,0,0,0,0,0,0,0,0,0,0,0,0,0,0,0,0,0,1,1,0,0,0,0,0,0,0,0,0,0,0,0,0,0,0,0,0,0,0,0,0,1,0,0,0,0,0,0,0,0,0,0,0,0,0,0,1,1,0,1,0,1,0,1,1,0,0,1,0,0,1,0,0,0,0,0,0,0,0,0,1,0,1,1,0,0,1,1,1,0,1,0,1,1,0,0,0,0,1,1,1,0,1,1,1,0,0,1,0,0,0,0,0,0,0,0,0,1,0,1,1,0,0,1,1,0,1,1,0,1,1,1,0,1,0,1,1,1,1,0,1,0,1,1,1,1,1,1,0,1
CHEMBL220_39,38,38,-1,-1,-1,2.230769230769231,3.226187227001657,3.1250362885794867,8.556669330893403,0.1095783046016053,0.11961766021086524,1.8596308804575288,4.577958827038146,0.20451843935598243,0.10540502326768666,-0.318835613332631,-1.0525995537976531,8.535087719298247,4.554680436780853,-0.1766052854567771,-0.80246691512267,0.02082345503398135,0.06128702760184288,3.622119138317065,12.550640953034712,0.8157894736842105,0.3876557858593746,-1.6292261599251143,0.6543778801843323,2.230769230769231,3.226187227001657,3.1250362885794867,8.556669330893403,2.0,0.0,0,0,2.0,2.7625312572654126,3.662308382105058,12.92565992865636,0.0,0.0,0,0,0.029911606801895908,0.06685928151139127,1.9385160824429155,1.9675354702783432,0.03846153846153847,0.05048173728177546,3.157685261617899,8.793098188988449,0.03846153846153847,0.05690189809820007,3.288078080335155,9.655917160207784,1.2692307692307692,0.4435600997950306,1.0405319634289447,-0.9172932330827055,-0.23618826150551248,76.0,366.0,0.0,342.0,3804.0,80.0,0.0,0.0,0.0,1440.0,2054.0,40824.0,0.0,0.0,0.0,0.0,456.0,0.0,0.0,0.0,120.0,0.0,0.0,0.0,0.0,0.0,0.0,0.0,0.0,0.0,0.0,1,1,0,1,1,1,0,0,0,1,1,1,0,0,0,0,1,0,0,0,1,0,0,0,0,0,0,0,0,0,0,6.615384615384615,2.131754840084772,4.4379573304285564,18.67162068684896,2.1538461538461537,0.7174906963914472,-0.23660414561937498,-1.043202536662703,0.0,0.0,0,0,3.3846153846153846,0.4865042554105199,0.4743416490252571,-1.775,0.5769230769230769,0.49404740687173576,-0.31139957766460885,-1.9030303030303033,13.296307692307694,4.533767085134451,4.479336061744375,18.948775683294322,1.0,1.0377490433255416,0.8259635242795128,-0.4795918367346941,371.9120000000001,41.15,5.380900000000005,0,7,0,0,0,0,0,0,0,0,0,0,0,0,0,0,0,0,0,0,0,0,0,0,0,0,0,0,0,0,0,0,0,0,0,0,0,0,0,0,1,0,0,0,0,0,0,0,0,0,0,0,0,0,0,0,0,0,0,0,0,0,0,0,1,0,0,1,0,0,0,0,0,0,0,0,1,0,0,1,0,1,0,0,0,1,0,1,0,1,0,0,0,0,0,0,0,1,1,0,0,0,1,1,0,1,0,1,0,1,1,1,0,1,0,1,0,0,1,0,1,0,1,1,1,0,0,1,1,1,0,0,0,0,1,0,1,0,0,1,1,0,0,1,1,1,0,1,0,1,1,1,0,1,1,1,0,1,1,1,1,0,1,1,1,1,1,1,0,1
CHEMBL220_40,38,35,-1,-1,-1,2.0,2.7735009811261455,3.082746340521711,7.777000000000001,0.11371500874831346,0.11569220483271644,1.8692101139037525,5.1721950362545055,0.18072664910909053,0.08703714690870659,-0.3748439286134708,-0.872218436496115,7.843859649122808,4.0079260307571705,-0.19993409112625085,-0.6653297597515238,0.025406985933301724,0.0792436656827505,3.192227508855747,8.512097900082129,0.8157894736842105,0.3876557858593746,-1.6292261599251139,0.6543778801843323,2.0,2.7735009811261455,3.082746340521711,7.777000000000001,2.0,0.0,0,0,1.8421052631578947,2.3899605346826793,3.529588027168483,11.352408978316245,0.0,0.0,0,0,0.03192284688995215,0.16049109651354662,5.771123620363851,31.840304347680345,0.038461538461538464,0.04881758790655906,3.0858313358305396,7.734442399142361,0.03846153846153846,0.12626959683754016,3.476163023771153,11.20415039833156,1.1538461538461537,0.36080121229411,1.9188064472004944,1.6818181818181834,-1.5942766113764506,70.0,276.0,0.0,110.0,2370.0,8.0,0.0,0.0,0.0,266.0,510.0,19920.0,0.0,0.0,0.0,0.0,20.0,0.0,0.0,0.0,0.0,0.0,0.0,0.0,0.0,0.0,0.0,0.0,0.0,0.0,0.0,1,1,0,1,1,1,0,0,0,1,1,1,0,0,0,0,1,0,0,0,0,0,0,0,0,0,0,0,0,0,0,6.794117647058823,1.8752162505053036,3.591198577316061,14.291217530625492,2.176470588235294,0.8564835163859434,0.2157597537495923,-0.7014951940192242,0.0,0.0,0,0,3.2941176470588234,0.45564509955381377,0.9036961141150647,-1.1833333333333322,0.6176470588235294,0.4859621071134796,-0.484182026135042,-1.7655677655677653,13.686676470588235,3.868841563360736,3.341255390593394,12.333944222274733,0.6764705882352942,0.8983837852530154,1.411020125777815,1.2627729931107687,488.53100000000023,60.67,6.480400000000007,0,6,0,0,0,0,0,0,0,0,0,0,0,0,0,0,0,0,0,0,0,0,0,0,0,0,0,0,0,0,0,0,0,0,0,0,0,0,0,0,1,0,0,0,1,0,0,0,0,0,0,0,0,1,0,0,0,1,0,0,1,0,1,1,1,0,0,1,0,1,0,0,0,0,0,1,1,0,0,1,0,1,0,0,0,1,0,1,1,0,1,0,0,0,0,1,0,0,1,0,1,0,0,1,1,0,0,1,1,1,0,0,0,0,1,1,0,1,0,0,0,0,1,1,1,0,1,1,1,1,0,0,1,0,1,0,1,0,1,1,0,0,0,1,1,1,1,1,1,0,1,1,1,0,1,1,0,1,1,1,0,1,1,1,1,1,1,1,0,0
CHEMBL220_41,34,31,-1,-1,-1,2.0,2.4308621740219887,2.6581262115932747,5.4797633136094674,0.1204490695108405,0.12208106470642804,1.5372439887527398,3.1497671727917513,0.17454848679881138,0.08379503555638705,-0.280143672996649,-1.009911074424678,6.711764705882353,3.4417765244104803,-0.10059807374331015,-0.8255121536326144,0.024008467023172907,0.06449170874902523,2.91464257683081,7.143596363556448,0.7941176470588235,0.40434491426080943,-1.454785934906616,0.11640211640211628,2.0,2.4308621740219887,2.6581262115932747,5.4797633136094674,2.0,0.0,0,0,1.8235294117647058,2.0788937702437993,3.0640116000175386,8.396266412649728,0.0,0.0,0,0,0.0,0.0,0,0,0.04545454545454545,0.05078382745170256,2.6863566053183647,5.588285127910417,0.04545454545454544,0.027339867150573193,-0.5852665326424905,0.0934505828008132,1.2727272727272727,0.44536177141512334,1.0206207261596572,-0.9583333333333344,-0.21474774973082147,62.0,198.0,0.0,90.0,1290.0,0.0,0.0,0.0,0.0,188.0,330.0,8184.0,0.0,0.0,0.0,0.0,0.0,0.0,0.0,0.0,0.0,0.0,0.0,0.0,0.0,0.0,0.0,0.0,0.0,0.0,12.0,1,1,0,1,1,0,0,0,0,1,1,1,0,0,0,0,0,0,0,0,0,0,0,0,0,0,0,0,0,0,1,6.769230769230769,1.1200169060431566,1.119618181619503,-0.3295656817372734,2.0,0.8770580193070292,0.0,-1.7,0.0,0.0,0,0,3.4615384615384617,0.49851851526214314,0.15430334996209108,-1.976190476190477,0.38461538461538464,0.48650425541051995,0.4743416490252568,-1.7750000000000001,13.69976923076923,2.548502943776576,1.2600636494221409,0.043536024216000335,0.7692307692307693,1.049090899768143,1.2701532381688174,0.3015955601803668,188.17699999999996,34.89,1.9118,0,3,0,0,0,0,0,0,0,0,0,0,0,0,0,0,0,0,0,0,0,0,0,0,0,0,0,0,0,0,0,0,0,0,0,0,0,0,0,0,0,0,0,0,1,0,0,0,0,0,0,0,0,0,1,0,0,0,0,0,0,0,0,0,0,0,0,1,0,0,0,0,0,0,0,0,1,1,0,0,0,0,1,0,0,1,0,0,0,0,0,0,0,0,0,0,1,0,1,1,0,0,0,0,0,0,0,0,0,1,0,0,0,0,0,0,0,0,0,0,0,0,1,1,1,0,1,0,0,0,0,0,0,0,0,0,1,0,0,1,0,0,0,0,1,0,0,0,0,0,1,1,0,0,1,0,1,0,1,0,1,0,1,1,1,0,1,1,0,1
CHEMBL220_42,39,36,-1,-1,-1,2.08,2.9788588419057387,3.0094660701001716,7.453075279383169,0.10670397868661911,0.11939550482941631,1.8202876054693788,4.2254793756433955,0.17388264233389458,0.09583315240158598,-0.19380328063235805,-1.1394715456392408,7.555555555555556,4.337084722902843,-0.07894062560829535,-0.9410795396880101,0.019185177079913924,0.056997509104180985,3.4547400670039488,11.02829138658862,0.8205128205128205,0.3837597319768145,-1.6703827619526517,0.7901785714285703,2.08,2.9788588419057387,3.0094660701001716,7.453075279383169,2.0,0.0,0,0,1.8461538461538463,2.4862541233902355,3.6194296351036344,12.17558233818193,0.0,0.0,0,0,0.010082110082110083,0.02732538645495692,2.516564189095632,4.741176431980003,0.04000000000000001,0.052179546809401976,3.026954390506969,7.5435635412088775,0.04,0.01707362939998835,0.528852451452502,1.071659179124631,1.2,0.4,1.5000000000000004,0.2500000000000009,-0.9205353595251504,72.0,302.0,0.0,180.0,2772.0,24.0,0.0,0.0,0.0,760.0,934.0,25200.0,0.0,0.0,0.0,0.0,124.0,0.0,0.0,0.0,12.0,0.0,0.0,0.0,0.0,0.0,0.0,0.0,0.0,0.0,0.0,1,1,0,1,1,1,0,0,0,1,1,1,0,0,0,0,1,0,0,0,1,0,0,0,0,0,0,0,0,0,0,6.525,0.974358763495254,1.7134882957020676,1.4939292117704985,2.25,0.8587782018658834,0.20723174075476644,-0.6314277506463659,0.0,0.0,0,0,3.5,0.5,0.0,-2.0,0.425,0.4943429983321297,0.3034330424545041,-1.907928388746803,13.158599999999998,2.204096263777969,1.8713754948539973,2.1205643897786848,0.775,0.9614442261514706,0.9680543060197234,-0.23106726078554818,557.5920000000002,72.28,5.566300000000006,2,7,0,0,0,0,0,0,0,0,1,0,0,1,0,0,0,0,0,0,0,0,0,0,0,0,0,0,0,0,0,0,0,0,0,0,0,0,0,0,1,0,0,0,1,0,0,0,0,0,0,0,0,0,1,0,0,0,0,1,0,0,0,0,1,0,0,1,1,0,0,0,0,0,0,0,0,1,0,1,0,1,1,0,0,1,0,1,1,0,0,0,1,1,1,1,1,0,1,0,0,0,1,1,0,0,1,1,1,1,1,1,1,1,1,0,0,1,1,1,1,0,1,1,1,0,1,1,0,1,0,0,0,0,0,1,1,1,0,1,1,0,0,1,1,1,1,1,0,1,1,1,1,1,0,1,1,0,1,1,1,1,1,1,1,1,1,1,0,0
CHEMBL220_43,36,34,-1,-1,-1,2.0833333333333335,2.7373446176094736,2.8379541250328733,6.400236720747682,0.11704260628745199,0.1186541448547765,1.5894270476181607,2.963682352485642,0.1843823391368136,0.09157702835629407,-0.2509878453650369,-0.9539316731534826,7.46574074074074,3.8940916476047573,-0.1284546566309646,-0.7954348893188521,0.02343604108309991,0.06705919794713985,3.2116127519598963,9.234029079797242,0.8055555555555556,0.39577241246597245,-1.5440972939559128,0.38423645320197064,2.0833333333333335,2.7373446176094736,2.8379541250328733,6.400236720747682,2.0,0.0,0,0,1.8888888888888888,2.3425742935897795,3.297188709210543,9.815539508630033,0.0,0.0,0,0,0.021691782875993406,0.0836258905291725,5.2097095507004285,26.754546986646623,0.04166666666666668,0.050078982821628745,2.8701023170246467,6.535412767428552,0.041666666666666664,0.017521736714451387,1.0016855534651872,0.8298475329689952,1.25,0.4330127018922193,1.1547005383792515,-0.6666666666666665,2.5407090054115287,68.0,258.0,0.0,166.0,2046.0,16.0,0.0,0.0,0.0,468.0,762.0,15960.0,0.0,0.0,0.0,0.0,58.0,0.0,0.0,0.0,0.0,0.0,0.0,0.0,0.0,0.0,0.0,0.0,0.0,0.0,12.0,1,1,0,1,1,1,0,0,0,1,1,1,0,0,0,0,1,0,0,0,0,0,0,0,0,0,0,0,0,0,1,6.285714285714286,0.628138378965377,1.9998103563374523,2.4774078478002437,2.0952380952380953,0.6834619092574915,-0.12243560736580895,-0.8662927702893763,0.0,0.0,0,0,2.9523809523809526,0.3749527559053243,-0.5202908428717496,3.8662851196670216,0.5714285714285714,0.4948716593053935,-0.2886751345948126,-1.916666666666667,12.580904761904762,1.2527246459412993,1.9989069720760035,2.473298393355103,0.6666666666666666,0.7126966450997982,1.3738898217060573,2.8242187500000036,278.31100000000004,73.11999999999999,3.647680000000001,0,3,0,0,0,0,0,0,0,0,0,0,0,0,0,0,0,0,0,0,0,0,0,0,0,0,0,0,0,0,0,0,0,0,0,0,0,0,0,0,0,0,0,1,0,0,0,0,0,0,0,0,1,0,0,1,0,0,0,0,0,0,0,0,1,0,0,0,0,0,0,0,0,0,0,0,0,0,1,0,0,0,1,0,0,0,0,0,0,0,0,1,0,0,1,0,0,0,0,1,0,1,0,0,0,0,0,0,0,0,0,0,1,0,0,0,0,0,0,1,0,0,0,0,0,0,0,1,0,0,0,0,0,1,0,1,0,1,0,0,0,1,0,0,1,0,0,1,0,0,0,0,0,1,1,0,1,0,1,1,1,1,1,1,1,1,1,1,0,0
CHEMBL220_44,37,33,-1,-1,-1,2.0,2.6539552107881486,2.846903943534063,6.354595336076818,0.1093667885287991,0.12274336069182712,1.6882350761093676,3.453051423927069,0.15781842537860716,0.08515278745981927,-0.10490563076612351,-1.1103933750673796,6.66036036036036,3.7955746148544094,0.0057646342344990584,-0.9208539216075233,0.021235521235521235,0.05904365337212392,3.2778471194695116,10.06379575912832,0.8108108108108109,0.3916588309780929,-1.5871507864874157,0.5190476190476199,2.0,2.6539552107881486,2.846903943534063,6.354595336076818,2.0,0.0,0,0,1.7837837837837838,2.207299133956261,3.4110845652125934,10.53653801285265,0.0,0.0,0,0,0.005524794571447715,0.01618536511425502,2.6809465370403553,5.4022007041899975,0.043478260869565216,0.05228419753756647,2.840623595685028,6.311260073862105,0.04347826086956565,5.642157905220761,2.8613452970847146,6.690862315969621,1.173913043478261,0.3790346907426672,1.7206180040292134,0.9605263157894743,1.7057125115570126,66.0,232.0,0.0,98.0,1770.0,8.0,0.0,0.0,0.0,380.0,414.0,13080.0,0.0,0.0,0.0,0.0,34.0,0.0,0.0,0.0,0.0,0.0,0.0,0.0,0.0,0.0,0.0,0.0,0.0,0.0,0.0,1,1,0,1,1,1,0,0,0,1,1,1,0,0,0,0,1,0,0,0,0,0,0,0,0,0,0,0,0,0,0,6.230769230769231,0.5756395979652218,2.36239847761875,4.131377551020406,2.230769230769231,0.8461538461538463,0.3042824943651387,-0.48248070486988714,0.0,0.0,0,0,3.576923076923077,0.4940474068717357,-0.3113995776646103,-1.9030303030303024,0.34615384615384615,0.47574295680203776,0.6467616667635548,-1.5816993464052287,12.471307692307693,1.148031049205913,2.3614454603738966,4.126283064462206,1.1538461538461537,1.0986812966989,0.3891954939430796,-1.2243367935409455,354.494,34.47,3.8384000000000036,0,5,0,0,0,0,0,0,0,0,0,0,0,0,0,0,0,0,0,0,0,0,0,0,1,0,0,0,0,0,0,0,0,0,0,0,0,0,0,0,0,0,0,0,0,0,0,0,0,0,0,0,0,0,0,0,0,0,0,1,0,0,0,0,0,0,0,1,1,0,0,0,0,0,0,0,1,1,0,0,0,1,0,0,0,1,0,1,1,0,0,0,0,0,0,0,0,1,1,1,1,0,1,1,0,0,0,1,0,0,0,1,0,1,1,0,0,0,0,0,1,0,1,1,1,0,0,1,0,0,1,1,0,0,1,0,0,0,0,1,1,0,0,1,1,0,0,1,0,1,1,1,1,0,1,1,1,1,1,1,1,1,1,1,1,1,1,1,0,0
CHEMBL220_45,40,38,-1,-1,-1,2.0714285714285716,3.0813792300175704,3.2360825160070075,8.881546353918672,0.10777740344637192,0.11568937421543078,1.910235961515778,4.800798596212374,0.1890676236154487,0.09401662049061896,-0.32920248477813085,-0.939553350917782,8.629999999999999,4.485832946312448,-0.21483635157719788,-0.7309538606545547,0.02503373819163292,0.07172215834213017,3.4900407215596254,11.36172217719688,0.825,0.3799671038392666,-1.7106744068953987,0.9264069264069255,2.0714285714285716,3.0813792300175704,3.2360825160070075,8.881546353918672,2.0,0.0,0,0,1.9,2.662705391138869,3.722631439789001,12.892498423453448,0.0,0.0,0,0,0.010343822843822844,0.027742768607370807,2.3709754622586914,3.7608227680044433,0.03571428571428571,0.04811112638629649,3.240260533218711,8.943518124229488,0.03571428571428572,0.06355856471041457,-2.480574098637931,6.016702124579663,1.1785714285714286,0.3829930462415574,1.6785086548325643,0.8173913043478271,0.34415590506441945,76.0,352.0,0.0,192.0,3570.0,24.0,0.0,0.0,0.0,880.0,1042.0,36024.0,0.0,0.0,0.0,0.0,132.0,0.0,0.0,0.0,12.0,0.0,0.0,0.0,0.0,0.0,0.0,0.0,0.0,0.0,0.0,1,1,0,1,1,1,0,0,0,1,1,1,0,0,0,0,1,0,0,0,1,0,0,0,0,0,0,0,0,0,0,6.275862068965517,0.689655172413793,2.7307500000000022,6.888325000000016,2.2758620689655173,0.7832977028690031,-0.09572344155982122,-0.6935280331710829,0.0,0.0,0,0,3.3793103448275863,0.48521542343001,0.4974683381630904,-1.752525252525253,0.41379310344827586,0.4925123054167483,0.35007002100700274,-1.8774509803921564,12.595931034482762,1.5171681408655908,3.015914064810531,8.901794792567976,0.896551724137931,0.9946348346107556,0.6285379927780466,-0.9361940643491118,391.4900000000002,68.01,4.882300000000003,1,1,0,0,0,0,0,0,0,0,0,0,0,0,0,0,0,0,0,0,0,0,0,0,0,0,0,0,1,0,0,0,0,0,0,0,0,0,0,0,1,0,0,0,1,0,0,1,0,0,0,0,1,0,0,1,0,0,0,0,0,0,0,0,1,0,0,1,1,0,0,0,0,0,0,0,1,0,1,1,0,0,1,0,0,0,1,0,0,1,0,0,1,1,0,0,0,0,0,1,1,1,0,1,0,0,1,1,0,1,0,0,0,1,1,0,0,1,0,0,1,0,1,1,0,0,0,1,0,1,1,1,0,1,1,1,1,1,0,1,0,0,0,0,1,1,1,1,0,1,0,1,0,1,1,0,1,0,1,0,1,0,1,1,1,1,1,1,0,1
CHEMBL220_46,37,34,-1,-1,-1,2.0869565217391304,2.811668906821694,2.833438005338861,6.462702763157267,0.10900784538032675,0.12306224714576688,1.7061903215286502,3.5183539125131285,0.16832815291246736,0.09309883529115284,-0.12172138570163771,-1.1635765411736485,6.9324324324324325,4.006040757623534,-0.00796295645981363,-0.9666390316358702,0.018833118833118834,0.053773268646707256,3.320026290443222,10.108254588858241,0.8108108108108109,0.3916588309780929,-1.5871507864874157,0.5190476190476199,2.0869565217391304,2.811668906821694,2.833438005338861,6.462702763157267,2.0,0.0,0,0,1.837837837837838,2.3309146043178743,3.435839327803108,10.933689893276396,0.0,0.0,0,0,0.011791947157800815,0.031047011500702267,2.428640053941766,4.293413698828665,0.0434782608695652,0.05328957968287656,2.853245996792541,6.561879600614924,0.04347826086956524,0.11809240905259906,3.015368965580138,7.519376845759414,1.2173913043478262,0.4124709991523974,1.3703203194062967,-0.12222222222222534,-1.5138722304171965,68.0,258.0,0.0,164.0,2106.0,24.0,0.0,0.0,0.0,630.0,770.0,17040.0,0.0,0.0,0.0,0.0,112.0,0.0,0.0,0.0,12.0,0.0,0.0,0.0,0.0,0.0,0.0,0.0,0.0,0.0,0.0,1,1,0,1,1,1,0,0,0,1,1,1,0,0,0,0,1,0,0,0,1,0,0,0,0,0,0,0,0,0,0,7.178571428571429,2.5642260239769854,2.8515857131017524,7.0352342183767735,2.142857142857143,0.832993127835043,0.46909907112509774,-0.23529411764705976,0.0,0.0,0,0,3.357142857142857,0.47915742374995496,0.5962847939999434,-1.6444444444444453,0.42857142857142855,0.49487165930539345,0.28867513459481287,-1.9166666666666665,14.369571428571431,5.141563765935775,2.8564323428718255,7.056363173830123,0.75,0.871165065546462,1.154640369228086,0.7388235294117655,423.5160000000001,108.83,2.2640000000000002,1,5,0,0,0,0,0,0,0,0,0,0,0,0,0,0,0,0,0,0,0,0,0,0,0,0,1,0,0,0,0,0,0,0,1,1,0,0,1,0,0,0,0,0,0,0,0,0,0,0,0,0,0,1,0,0,0,1,0,0,1,1,1,1,0,0,1,1,1,1,1,1,0,1,1,1,1,1,0,0,0,1,0,1,0,0,0,0,0,0,1,0,0,1,1,0,1,1,0,1,1,0,1,0,1,0,0,0,1,0,1,0,1,1,1,1,0,0,1,1,1,0,1,1,1,0,1,1,1,1,0,0,1,1,0,0,0,0,1,1,1,1,1,0,1,1,0,1,1,1,1,1,1,1,1,1,1,0,1,1,1,1,1,1,1,1,1,1,0,0
CHEMBL220_47,37,35,-1,-1,-1,2.1739130434782608,2.9288990944520505,2.78764622785817,6.111329120083077,0.10819758908814392,0.12377523477069301,1.6339299923838637,2.8997356955715903,0.17208163617414737,0.09621507428069727,-0.12930714086304604,-1.230379656644987,7.063063063063064,4.1152870634551935,-0.014446768696564295,-1.0158452163571783,0.018146718146718147,0.05139013311160929,3.384376648707122,10.39236482515316,0.8108108108108109,0.3916588309780929,-1.5871507864874157,0.5190476190476199,2.1739130434782608,2.9288990944520505,2.78764622785817,6.111329120083077,2.0,0.0,0,0,1.8918918918918919,2.4249133033684274,3.4129434570371973,10.626835353574323,0.0,0.0,0,0,0.022486036423318652,0.05290687263846795,2.0522309371454055,2.4466062537045428,0.04347826086956521,0.053163142794207745,2.803740161143432,6.180668637936503,0.04347826086956521,0.019933109244062816,0.551847237641825,0.46454761026870806,1.2608695652173914,0.43910891036356847,1.0891622972743424,-0.8137254901960773,0.44157518673361823,70.0,280.0,0.0,214.0,2376.0,48.0,0.0,0.0,0.0,910.0,1044.0,19920.0,0.0,0.0,0.0,0.0,234.0,0.0,0.0,0.0,48.0,0.0,0.0,0.0,0.0,0.0,0.0,0.0,0.0,0.0,0.0,1,1,0,1,1,1,0,0,0,1,1,1,0,0,0,0,1,0,0,0,1,0,0,0,0,0,0,0,0,0,0,6.264705882352941,0.609185740506117,2.1270410226483816,3.026097445677867,2.2941176470588234,0.708329092870135,0.5034274261478452,0.24047562425683822,0.0,0.0,0,0,3.6176470588235294,0.4859621071134796,-0.4841820261350421,-1.7655677655677657,0.17647058823529413,0.3812200410828153,1.6973368495830106,0.8809523809523809,12.539000000000001,1.2149294823399523,2.1261216096092586,3.0216581250620225,1.1470588235294117,0.8789148704402315,-0.03012859367602697,-1.226393161192754,465.63800000000043,70.67,4.307000000000003,2,3,0,0,0,0,0,0,0,0,0,0,0,0,0,0,0,0,0,0,0,1,0,0,0,0,0,0,0,0,0,0,0,0,0,0,0,0,0,1,0,0,0,0,0,1,0,0,0,0,0,0,0,0,0,0,0,0,0,1,0,0,0,0,0,0,0,0,1,0,0,0,0,0,0,0,0,1,0,1,0,0,1,0,0,0,0,1,1,0,0,0,1,1,1,0,0,0,0,0,1,0,1,1,0,0,1,1,1,0,1,1,1,1,1,0,0,1,0,1,1,0,1,1,1,0,0,0,0,0,1,1,0,1,1,1,0,0,1,1,1,0,0,0,1,0,1,1,1,1,1,0,0,1,0,1,1,0,1,1,1,1,1,1,1,1,1,1,0,0
CHEMBL220_48,37,33,-1,-1,-1,2.0,2.670287397005928,2.7949855294657535,6.129535990481855,0.11012969048987209,0.12205932287061079,1.6724726283115987,3.29835071666219,0.16370910553385715,0.08900971318903579,-0.1304554439931276,-1.0942978613094028,6.774774774774776,3.867933587144289,-0.011049196868552416,-0.9289234521980458,0.019691119691119693,0.05716633944728719,3.1126563853296054,8.486872356840344,0.8108108108108109,0.3916588309780929,-1.5871507864874157,0.5190476190476199,2.0,2.670287397005928,2.7949855294657535,6.129535990481855,2.0,0.0,0,0,1.7837837837837838,2.2195097478538166,3.3583023245593875,10.243954821578596,0.0,0.0,0,0,0.004165969683211062,0.012487925309780466,2.9342907994151752,7.474247833303828,0.0434782608695652,0.05291201414197966,2.810860184471194,6.198027613390659,0.043478260869565216,0.03945703066717774,2.6537535446860474,6.017535776888778,1.173913043478261,0.3790346907426672,1.720618004029213,0.9605263157894743,-2.441427482443097,66.0,234.0,0.0,118.0,1776.0,8.0,0.0,0.0,0.0,398.0,526.0,13080.0,0.0,0.0,0.0,0.0,36.0,0.0,0.0,0.0,0.0,0.0,0.0,0.0,0.0,0.0,0.0,0.0,0.0,0.0,0.0,1,1,0,1,1,1,0,0,0,1,1,1,0,0,0,0,1,0,0,0,0,0,0,0,0,0,0,0,0,0,0,6.805555555555555,1.8976512448059524,4.304255652508313,20.188068264798556,2.111111111111111,0.773799348732451,-0.1939227191318016,-1.3082155383143799,0.0,0.0,0,0,3.1666666666666665,0.3726779962499649,1.7888543819998328,1.2000000000000037,0.3333333333333333,0.4714045207910317,0.7071067811865477,-1.4999999999999991,13.65938888888889,4.010312202295046,4.450492154785261,21.268667438828217,0.6388888888888888,0.7130832029440798,1.1128328377951346,1.409875172987074,514.9220000000001,173.93,2.6544,2,9,0,0,0,0,0,0,0,0,0,0,0,0,0,0,0,0,0,0,0,0,0,0,0,0,0,0,0,0,0,0,0,0,0,0,0,0,0,1,0,0,0,0,0,1,0,1,0,0,0,0,1,0,0,1,1,0,0,0,0,0,0,0,1,0,0,0,0,0,0,0,0,0,0,0,0,0,1,1,0,0,1,0,0,0,0,0,0,1,0,0,1,1,1,0,0,1,0,1,1,1,0,0,0,1,1,0,1,1,0,0,1,1,0,0,0,0,0,1,1,0,1,1,0,1,0,1,0,1,0,0,0,1,1,1,1,1,1,1,0,1,1,0,1,1,0,1,1,1,0,0,1,1,0,0,1,1,1,1,1,1,1,1,1,1,1,1,0,0
CHEMBL220_49,37,35,-1,-1,-1,2.08,2.8554509276119595,2.867538745059975,6.659315552691307,0.11259279123945909,0.11979102799431438,1.6935197600806626,3.2983510415208306,0.19179904199748657,0.09668170077914358,-0.2751874812383911,-0.9785773268600688,7.869369369369369,4.138941112922354,-0.14041143398261544,-0.8024456355342178,0.022565422565422565,0.06420596621773611,3.1755856059081613,8.897597929273042,0.8108108108108109,0.3916588309780929,-1.5871507864874157,0.5190476190476199,2.08,2.8554509276119595,2.867538745059975,6.659315552691307,2.0,0.0,0,0,1.8918918918918919,2.4471029069005836,3.33439882020389,10.153486908933154,0.0,0.0,0,0,0.009818875965292538,0.02699984454006549,2.726710857765807,6.166568444105351,0.04000000000000001,0.04990833567335272,2.882804657305251,6.732613429096755,0.039999999999999994,0.14735741414983772,2.9707973549445192,7.213704420048053,1.2,0.4,1.5000000000000004,0.2500000000000009,-0.33548805848768526,70.0,284.0,0.0,216.0,2394.0,24.0,0.0,0.0,0.0,706.0,1132.0,19944.0,0.0,0.0,0.0,0.0,122.0,0.0,0.0,0.0,12.0,0.0,0.0,0.0,0.0,0.0,0.0,0.0,0.0,0.0,0.0,1,1,0,1,1,1,0,0,0,1,1,1,0,0,0,0,1,0,0,0,1,0,0,0,0,0,0,0,0,0,0,6.666666666666667,2.336732218359104,4.099510114628347,15.21528528934559,2.2857142857142856,0.7648751621051908,-0.5342543384850479,-1.110600324499729,0.0,0.0,0,0,3.380952380952381,0.4856209060564557,0.4902903378454603,-1.7596153846153844,0.47619047619047616,0.49943278484292924,0.09534625892455938,-1.9909090909090905,13.412428571428572,4.977259568912048,4.117200294006807,15.31606999470143,0.8571428571428571,0.8883218145798872,0.6904035030377865,-0.4940546967895374,299.80500000000006,64.92999999999999,3.4036,3,0,0,0,0,0,0,0,0,0,0,0,0,0,0,0,0,0,0,0,0,0,0,0,0,0,0,0,0,0,0,0,0,0,0,0,0,0,0,0,0,0,0,0,0,0,0,0,0,0,0,0,1,0,0,0,0,0,0,0,0,0,0,0,0,0,0,1,0,0,0,0,0,0,0,0,0,0,1,0,0,0,1,0,0,0,1,0,0,1,0,0,1,1,0,0,0,0,0,0,1,1,0,1,0,1,0,1,0,1,1,0,0,1,0,0,0,1,0,0,0,0,0,1,0,0,0,1,0,0,1,0,0,1,0,1,1,1,0,1,0,0,0,0,1,0,1,1,0,0,0,0,0,1,0,0,0,0,1,0,1,0,1,1,1,1,0,1,0,1
CHEMBL220_50,40,41,-1,-1,-1,2.2857142857142856,3.5036424195516354,3.3736583846623063,10.233180556505655,0.10925664119160487,0.11429342218836966,2.044413447566013,6.083158915728246,0.21463612550039377,0.11036373018194788,-0.39532989738213437,-0.984106718652463,9.404166666666665,4.966993487569272,-0.27292854349988,-0.7213056740839119,0.019973009446693654,0.06380655110835917,4.083299801296861,16.132864889248264,0.825,0.3799671038392666,-1.7106744068953987,0.9264069264069255,2.2857142857142856,3.5036424195516354,3.3736583846623063,10.233180556505655,2.0,0.0,0,0,2.05,3.0162062263711347,3.937153841445917,15.083313114068144,0.0,0.0,0,0,0.03763872928703586,0.09152924539205973,3.4775632395150855,13.734547220017049,0.03571428571428571,0.050226401023669154,3.4120670495901004,10.461738410930026,0.03571428571428571,0.02599517893920407,-0.8466782968876303,0.7039910942105383,1.3214285714285714,0.46702488680792925,0.7647191129018732,-1.415204678362573,-0.3704407514069511,82.0,450.0,0.0,416.0,5472.0,88.0,0.0,0.0,0.0,1852.0,2800.0,69120.0,0.0,0.0,0.0,0.0,548.0,0.0,0.0,0.0,120.0,0.0,0.0,0.0,0.0,0.0,0.0,0.0,0.0,0.0,48.0,1,1,0,1,1,1,0,0,0,1,1,1,0,0,0,0,1,0,0,0,1,0,0,0,0,0,0,0,0,0,1,6.7894736842105265,2.3525785935396852,3.709060968396742,12.533605677749819,2.210526315789474,0.6552578735783543,0.31247822924400354,0.25082206035379695,0.0,0.0,0,0,3.473684210526316,0.49930699897395464,0.10540925533894514,-1.988888888888889,0.39473684210526316,0.48879409528965023,0.4307055216465325,-1.8144927536231878,13.628210526315792,4.877755125151511,3.757068818158534,12.932960179299307,1.0,0.8885233166386386,0.22509257354845508,-1.2266666666666666,556.1760000000003,99.77000000000001,6.728400000000005,2,13,0,0,0,0,0,0,0,0,0,0,0,0,0,0,0,0,0,0,0,0,0,0,0,0,0,0,0,0,0,0,0,0,1,1,0,0,0,0,0,0,0,0,0,0,0,0,0,0,0,0,1,1,1,1,0,1,0,0,1,1,1,1,0,0,1,1,0,1,0,1,0,0,0,1,0,0,1,0,0,0,1,1,1,1,0,0,0,1,1,0,1,1,0,0,1,0,1,1,1,1,1,1,1,1,1,1,1,1,1,0,0,1,1,0,0,1,0,1,1,0,1,1,0,0,1,1,0,0,1,1,1,1,0,1,1,1,1,1,1,0,0,0,1,0,1,1,0,1,1,0,0,1,0,1,0,1,1,0,1,1,1,1,1,1,1,1,0,1
CHEMBL220_51,35,32,-1,-1,-1,2.0,2.570738347668606,2.717834785325197,5.955505540166206,0.1153067277592267,0.12359525518760074,1.7230739918261098,3.7234279721692642,0.18250723434157318,0.09098402162728528,-0.19222066649395825,-0.9305117152456068,7.095238095238096,3.7122781509869096,-0.0593550691647668,-0.7836741203158439,0.023172905525846697,0.06492917282794272,2.942691956340608,7.347278400888584,0.8,0.4,-1.5,0.24999999999999956,2.0,2.570738347668606,2.717834785325197,5.955505540166206,2.0,0.0,0,0,1.8285714285714285,2.1972153062549005,3.1434982018845226,9.082652673896815,0.0,0.0,0,0,0.0038451360693160636,0.011903964030071417,3.395346829860383,11.312639496310968,0.043478260869565195,0.050863100679124924,2.7390368232743576,6.062151353593084,0.04347826086956524,0.07350018586116959,-1.653996615724905,2.761655934050453,1.173913043478261,0.3790346907426672,1.7206180040292134,0.9605263157894743,0.47143637102248626,64.0,222.0,0.0,150.0,1578.0,8.0,0.0,0.0,0.0,360.0,698.0,11088.0,0.0,0.0,0.0,0.0,36.0,0.0,0.0,0.0,0.0,0.0,0.0,0.0,0.0,0.0,0.0,0.0,0.0,0.0,0.0,1,1,0,1,1,1,0,0,0,1,1,1,0,0,0,0,1,0,0,0,0,0,0,0,0,0,0,0,0,0,0,6.882352941176471,2.37344011786259,3.3077612424434006,9.830979963658093,2.1176470588235294,0.8318903308077029,0.39032294321497424,-0.3933999999999993,0.0,0.0,0,0,3.5294117647058822,0.4991341984846218,-0.11785113019775735,-1.9861111111111114,0.35294117647058826,0.4778846120374094,0.6154574548966635,-1.6212121212121213,13.77735294117647,4.758864137105884,3.3121861013266076,9.854017454421115,1.1176470588235294,0.9629826790438176,0.553865204824294,-0.6243038538650039,253.36700000000002,37.38,2.638200000000001,2,2,0,0,0,0,0,0,0,0,0,0,0,0,0,0,0,0,0,0,0,0,0,0,0,0,0,0,0,0,0,0,0,0,1,1,0,0,0,0,0,0,0,0,0,0,0,0,0,0,0,0,0,1,0,0,0,1,0,0,1,1,1,1,0,0,1,0,0,1,0,0,0,0,0,1,0,1,0,0,0,0,0,1,0,0,0,0,0,0,1,0,0,0,0,0,1,0,0,0,1,0,0,0,1,0,0,0,1,0,1,0,0,1,1,0,0,1,1,1,1,0,0,1,1,0,1,0,0,0,1,0,1,0,0,0,0,0,1,1,0,0,0,0,0,0,0,1,0,1,1,1,1,0,0,0,0,0,1,0,1,1,1,1,1,1,1,1,0,1
CHEMBL220_52,33,31,-1,-1,-1,2.0952380952380953,2.6530263385112614,2.5902584191380584,5.2519167984110915,0.11820957224508541,0.1277870389854317,1.5657575943507938,2.77147156486481,0.18525898940297003,0.09408973397814063,-0.13670616390680568,-1.0699928589138366,6.732323232323233,3.5785296422652935,-0.001122657421446531,-0.8628728491905187,0.021016617790811334,0.05782914285977008,3.135407061188856,8.926677226115594,0.7878787878787878,0.40881022918884974,-1.408373701656092,-0.016483516483517313,2.0952380952380953,2.6530263385112614,2.5902584191380584,5.2519167984110915,2.0,0.0,0,0,1.878787878787879,2.2395559050790155,3.06529827362611,8.571642013573761,0.0,0.0,0,0,0.011744179610262214,0.029460939094475086,2.4776524493828673,5.260672626668239,0.047619047619047596,0.05502441033743664,2.6185958473521165,5.380620614582206,0.047619047619047596,0.06652709206850933,2.8191956792698702,6.47937444562354,1.2380952380952381,0.4259177099999599,1.229837387624884,-0.4874999999999998,1.278637908858626,62.0,220.0,0.0,180.0,1566.0,24.0,0.0,0.0,0.0,488.0,802.0,11064.0,0.0,0.0,0.0,0.0,104.0,0.0,0.0,0.0,12.0,0.0,0.0,0.0,0.0,0.0,0.0,0.0,0.0,0.0,0.0,1,1,0,1,1,1,0,0,0,1,1,1,0,0,0,0,1,0,0,0,1,0,0,0,0,0,0,0,0,0,0,6.181818181818182,0.385694607919935,1.6499158227686128,0.7222222222222268,2.1818181818181817,0.48956043701222757,0.3841972514007982,0.33055885850178335,0.0,0.0,0,0,3.3636363636363638,0.48104569292083477,0.5669467095138399,-1.67857142857143,0.5454545454545454,0.49792959773196915,-0.1825741858350551,-1.9666666666666663,12.373909090909091,0.7698464374081904,1.6499158227686086,0.7222222222222157,1.0909090909090908,0.8479435502808014,0.273573543372403,-0.7245342845818477,296.41800000000006,41.050000000000004,3.3675000000000024,0,5,0,0,0,0,0,0,0,0,0,0,0,0,0,0,0,0,0,0,0,0,0,0,0,0,0,1,0,0,0,0,0,0,0,0,0,0,0,0,1,0,0,0,0,0,0,0,0,0,0,0,0,0,0,0,0,0,0,0,0,0,0,0,1,0,0,1,0,0,0,0,0,0,0,0,0,1,0,1,0,0,1,0,1,0,0,1,1,0,0,0,0,0,0,0,0,0,0,0,1,0,1,0,0,0,1,0,1,0,0,0,0,1,0,0,0,1,1,0,1,0,1,1,1,0,0,1,0,0,1,1,0,0,0,1,0,1,0,1,1,0,0,0,1,0,0,1,0,1,1,0,0,1,0,1,0,1,1,0,1,0,1,1,1,1,0,1,0,1
CHEMBL220_53,40,38,-1,-1,-1,2.0714285714285716,3.0813792300175704,3.236082516007007,8.881546353918672,0.10837780462795302,0.11512711003071886,1.9400498676078355,4.988042615337039,0.1959543510330726,0.09803748592292438,-0.3527567742617933,-0.9069265543349712,8.7625,4.560791156391863,-0.22437451478329343,-0.7082802459034125,0.023414304993252363,0.06889013788536597,3.5528550562528367,11.880704464017239,0.825,0.3799671038392666,-1.7106744068953987,0.9264069264069255,2.0714285714285716,3.0813792300175704,3.236082516007007,8.881546353918672,2.0,0.0,0,0,1.9,2.662705391138869,3.722631439789001,12.892498423453448,0.0,0.0,0,0,0.008626066924158977,0.023970785667434012,2.649188549092677,5.550295689289836,0.03571428571428571,0.04815593703433144,3.244855064094084,8.925186379729881,0.03571428571428571,0.1487814117189315,3.3944879988518695,10.088065144600176,1.1785714285714286,0.3829930462415574,1.6785086548325643,0.8173913043478271,-0.16912891164124827,76.0,352.0,0.0,222.0,3570.0,24.0,0.0,0.0,0.0,910.0,1270.0,36024.0,0.0,0.0,0.0,0.0,136.0,0.0,0.0,0.0,12.0,0.0,0.0,0.0,0.0,0.0,0.0,0.0,0.0,0.0,0.0,1,1,0,1,1,1,0,0,0,1,1,1,0,0,0,0,1,0,0,0,1,0,0,0,0,0,0,0,0,0,0,6.28,0.6013318551349164,1.9973363071430514,2.639086850967182,2.24,0.7088018058667741,-0.380654951728729,-0.9668343543348623,0.0,0.0,0,0,3.48,0.4995998398718719,0.08006407690254361,-1.993589743589744,0.36,0.48,0.5833333333333335,-1.659722222222222,12.56956,1.1993432229349532,1.9961613666687112,2.6334594661775323,1.08,1.0166612021711068,0.524755396264836,-0.8809774846878624,341.45500000000004,46.5,3.024800000000001,1,3,0,0,0,0,0,0,0,0,0,0,0,0,0,0,0,0,0,0,0,0,0,0,0,0,0,0,0,0,0,0,0,0,0,0,0,0,0,0,0,0,0,0,0,0,0,0,0,0,0,0,0,0,0,0,0,0,0,0,0,0,0,0,0,0,0,1,0,0,0,0,0,0,0,0,1,1,0,0,0,1,0,0,0,1,0,1,1,0,0,0,0,1,1,0,0,1,1,1,1,0,1,1,0,0,1,1,0,0,1,0,1,1,0,1,0,1,1,1,1,0,1,1,1,0,0,1,1,1,1,1,0,0,1,0,0,0,0,1,1,0,0,1,1,1,1,1,0,1,1,1,0,1,1,1,1,0,1,1,1,1,1,1,1,1,1,1,0,0
CHEMBL220_54,40,39,-1,-1,-1,2.142857142857143,3.2039516417151144,3.1672404740913067,8.420981071819586,0.10844473671680639,0.11506406510471698,1.8440384817317967,4.115616830004794,0.20273365344874933,0.10234837403864866,-0.38149201046194653,-0.9631571193813522,8.980833333333333,4.704316206657693,-0.24110050132137908,-0.7500886749499203,0.02206477732793522,0.06509306486476835,3.5443121018057546,11.627147368509666,0.825,0.3799671038392666,-1.7106744068953987,0.9264069264069255,2.142857142857143,3.2039516417151144,3.1672404740913067,8.420981071819586,2.0,0.0,0,0,1.95,2.765411361804967,3.6691638152587496,12.434149104871276,0.0,0.0,0,0,0.014300599349991446,0.03606985726245133,2.419282120019312,4.582970930000996,0.03571428571428572,0.048520039108007666,3.1823455856585943,8.494729143761186,0.03571428571428571,0.016160440044445612,0.3878583991498029,0.647640697539916,1.2142857142857142,0.410325903324145,1.3926212476455824,-0.060606060606060996,1.5406840495218979,78.0,380.0,0.0,304.0,3972.0,48.0,0.0,0.0,0.0,1302.0,1830.0,41304.0,0.0,0.0,0.0,0.0,288.0,0.0,0.0,0.0,48.0,0.0,0.0,0.0,0.0,0.0,0.0,0.0,0.0,0.0,0.0,1,1,0,1,1,1,0,0,0,1,1,1,0,0,0,0,1,0,0,0,1,0,0,0,0,0,0,0,0,0,0,6.222222222222222,0.5328701692569688,2.3480536191644497,4.412098298676747,2.2222222222222223,0.8534606386520676,0.09488344359619329,-0.7877046825624823,0.0,0.0,0,0,3.388888888888889,0.48749802152178456,0.45584230583855206,-1.7922077922077921,0.3333333333333333,0.4714045207910317,0.7071067811865478,-1.4999999999999993,12.454333333333333,1.062867609608815,2.3466136566519,4.403691295254815,1.0,1.0,0.6666666666666666,-0.6666666666666665,242.32199999999997,58.88,1.9975,2,0,0,0,0,0,0,0,0,0,0,0,0,0,0,0,0,0,0,0,0,0,0,0,0,0,0,0,0,0,0,0,0,0,0,0,0,0,0,0,0,0,0,0,0,0,0,0,0,0,0,0,1,0,0,1,0,0,0,0,0,0,0,0,0,0,0,1,1,0,0,0,0,0,0,0,0,0,1,0,0,0,1,0,0,0,1,0,0,0,0,0,0,1,1,0,0,0,0,0,1,1,0,1,0,0,1,1,0,0,1,0,1,1,1,1,0,1,0,1,0,0,0,1,0,0,0,0,0,1,1,0,0,1,0,1,0,0,0,1,0,0,0,0,1,1,1,1,0,0,0,1,1,1,0,0,1,0,1,0,1,0,1,1,1,1,1,1,0,1
CHEMBL220_55,38,37,-1,-1,-1,2.1538461538461537,3.034320449740926,3.033469484084569,7.557910831940056,0.1131624661444111,0.11623272228507432,1.7665231128952057,3.8836170608312353,0.19838010891652025,0.09969847994405201,-0.3649539901337214,-0.9849694047165864,8.36842105263158,4.373574604012916,-0.23112409971345313,-0.7853082331402872,0.0216927453769559,0.063972144220274,3.5607121255218814,11.577177072856218,0.8157894736842105,0.3876557858593746,-1.6292261599251143,0.6543778801843323,2.1538461538461537,3.034320449740926,3.033469484084569,7.557910831940056,2.0,0.0,0,0,1.9473684210526316,2.6051302464767536,3.531633480189285,11.42374543940025,0.0,0.0,0,0,0.009111963751852949,0.02468226039466626,2.6213418489598275,5.591819463720839,0.03846153846153847,0.049644631477770214,3.054589524726221,7.650108692049329,0.03846153846153846,0.05413018506777578,3.1346601900773394,8.136902914630529,1.3076923076923077,0.4615384615384615,0.8333333333333337,-1.305555555555555,0.6243935437471071,74.0,328.0,0.0,234.0,3102.0,24.0,0.0,0.0,0.0,852.0,1256.0,29160.0,0.0,0.0,0.0,0.0,130.0,0.0,0.0,0.0,12.0,0.0,0.0,0.0,0.0,0.0,0.0,0.0,0.0,0.0,36.0,1,1,0,1,1,1,0,0,0,1,1,1,0,0,0,0,1,0,0,0,1,0,0,0,0,0,0,0,0,0,1,6.142857142857143,0.44031528592635544,3.176124666349665,9.33795013850415,2.2142857142857144,0.7249208260780158,0.21237194150725497,-0.16193797718918024,0.0,0.0,0,0,3.25,0.4330127018922193,1.1547005383792515,-0.6666666666666665,0.42857142857142855,0.4948716593053935,0.28867513459481287,-1.916666666666667,12.296000000000003,0.8782668810138037,3.1744695857918326,9.325062708170755,0.9285714285714286,0.9230605702371488,0.9591701145782415,0.21262863494567874,370.49600000000015,45.22,5.213100000000006,2,3,0,0,0,0,0,0,0,0,0,0,0,0,0,0,0,0,0,0,0,0,0,0,0,0,0,0,0,0,0,0,0,0,0,0,0,0,0,0,0,0,0,0,0,0,0,0,0,0,0,0,1,0,0,0,0,0,0,0,0,0,0,0,0,0,0,1,1,0,0,0,0,0,0,0,0,0,1,0,1,0,1,0,0,0,0,0,0,0,0,0,0,1,1,0,0,0,0,0,1,1,0,1,0,0,1,1,0,0,1,0,1,1,1,1,0,1,0,1,0,1,0,1,0,0,0,1,0,1,1,0,0,0,0,1,0,0,0,1,0,0,0,1,1,1,1,1,0,0,0,1,1,1,0,0,1,0,1,0,1,0,1,1,1,1,1,1,0,1
CHEMBL220_56,38,35,-1,-1,-1,2.0,2.8010986855435576,3.1920247996736277,8.717993079584776,0.10893573778767819,0.12020313850452673,2.0908745739543195,6.379555078742131,0.18214312698144622,0.09055234708435986,-0.24222602185352649,-0.9137988140527451,7.860526315789474,4.094735996482121,-0.12589031094128997,-0.693539050392304,0.025565038722933458,0.0717821261626282,3.529303672959599,12.255774039349516,0.8157894736842105,0.3876557858593746,-1.6292261599251139,0.6543778801843323,2.0,2.8010986855435576,3.1920247996736277,8.717993079584776,2.0,0.0,0,0,1.8421052631578947,2.4118819447136,3.6515958272404596,12.586342857142858,0.0,0.0,0,0,0.0047394769778012,0.014563220383863582,2.9354857922659296,6.969630167607576,0.038461538461538464,0.04857963280974448,3.172501595811375,8.57319991989617,0.03846153846153846,0.0481880892314479,-1.7421891518163715,3.405475317772656,1.1538461538461537,0.36080121229411,1.9188064472004944,1.6818181818181834,0.6116367696194436,70.0,280.0,0.0,134.0,2496.0,8.0,0.0,0.0,0.0,462.0,672.0,22320.0,0.0,0.0,0.0,0.0,38.0,0.0,0.0,0.0,0.0,0.0,0.0,0.0,0.0,0.0,0.0,0.0,0.0,0.0,0.0,1,1,0,1,1,1,0,0,0,1,1,1,0,0,0,0,1,0,0,0,0,0,0,0,0,0,0,0,0,0,0,6.275862068965517,0.6376980003071354,2.078521249692989,2.6714373653431904,2.206896551724138,0.7601864718982277,0.1052821380071419,-0.4668241629832859,0.0,0.0,0,0,3.2758620689655173,0.44694763437295587,1.0029717747535967,-0.99404761904762,0.41379310344827586,0.4925123054167483,0.3500700210070027,-1.8774509803921566,12.561206896551727,1.2717265315259099,2.077847582515641,2.6683770627889594,0.896551724137931,0.9593398443616246,0.9105878626068132,-0.11234300823267729,390.4830000000001,74.68,4.2622000000000035,2,4,0,0,0,0,0,0,0,0,0,0,0,0,0,0,0,0,0,0,0,0,0,0,0,0,0,0,0,0,0,0,0,0,0,0,0,0,0,0,0,0,0,0,0,0,0,0,0,0,0,0,1,0,0,0,0,0,0,0,0,0,0,0,0,0,0,1,1,0,0,0,0,0,1,0,0,0,1,0,1,0,1,0,0,0,0,0,0,0,0,0,0,1,1,0,0,0,0,0,1,1,0,1,0,0,1,1,0,0,1,1,1,1,1,1,1,1,0,1,0,1,0,1,0,0,0,1,1,1,1,0,0,1,0,1,0,0,0,1,0,1,0,1,1,1,1,1,1,0,0,1,1,1,1,1,1,1,1,1,1,1,1,1,1,1,1,1,0,1
CHEMBL220_57,37,36,-1,-1,-1,2.16,3.0552250326285293,3.38288271277628,10.496241459960286,0.11048610195716636,0.1217367992898518,2.2300785481227083,7.5790924670408355,0.19799185331275385,0.10153305650535548,-0.2661502853447235,-0.9829269742488349,8.105405405405405,4.29612237701501,-0.15374186842064758,-0.712366591396175,0.02145002145002145,0.06386679860540295,4.117273598931099,16.940428190109426,0.8108108108108109,0.3916588309780929,-1.5871507864874157,0.5190476190476199,2.16,3.0552250326285293,3.38288271277628,10.496241459960286,2.0,0.0,0,0,1.945945945945946,2.6091931645723614,3.9298800877761444,15.4400973954208,0.0,0.0,0,0,0.01211417284500146,0.03174074832222895,2.3464813095405623,3.6672904618400137,0.04000000000000001,0.05174618989153279,3.431785597276615,10.841577413882058,0.04,0.07744714907404641,-2.597008472177288,6.998118067553618,1.32,0.46647615158762407,0.7717436331412894,-1.4044117647058831,-0.12546291525324013,72.0,320.0,0.0,208.0,3294.0,24.0,0.0,0.0,0.0,726.0,1134.0,35904.0,0.0,0.0,0.0,0.0,120.0,0.0,0.0,0.0,12.0,0.0,0.0,0.0,0.0,0.0,0.0,0.0,0.0,0.0,36.0,1,1,0,1,1,1,0,0,0,1,1,1,0,0,0,0,1,0,0,0,1,0,0,0,0,0,0,0,0,0,1,6.324324324324325,0.6995772489483668,1.8249942913365653,1.5327021608375997,2.27027027027027,0.9197134879553273,0.06577671164093012,-0.9587595192712097,0.0,0.0,0,0,3.5675675675675675,0.49541358864387464,-0.2727723627949902,-1.9255952380952386,0.16216216216216217,0.36859950532394203,1.8330889377669164,1.360215053763441,12.657810810810812,1.395061518314919,1.8245689453513847,1.531058626866236,1.027027027027027,1.026315543029596,0.696007387407845,-0.6658507120446453,506.64300000000026,111.65,3.3759000000000015,7,2,0,0,0,0,0,0,0,0,0,0,0,0,0,0,0,0,0,0,0,1,0,0,0,0,0,0,1,0,0,0,0,0,0,0,0,0,0,0,0,0,0,0,0,0,0,0,0,0,0,0,1,0,0,1,1,0,0,1,0,0,0,0,0,0,0,1,1,0,0,0,0,0,1,0,1,0,1,0,0,0,1,0,0,1,0,0,0,0,0,1,1,1,1,0,0,1,1,1,1,1,0,1,0,0,1,1,0,0,1,0,1,1,1,1,0,1,1,1,0,0,1,1,0,1,0,0,0,1,1,1,0,1,1,1,0,0,1,1,0,1,1,1,1,1,1,1,1,0,0,1,1,1,1,0,1,0,1,1,1,1,1,1,1,1,1,1,0,1
CHEMBL220_58,40,39,-1,-1,-1,2.230769230769231,3.2969413833441297,3.0544391809465434,7.637612981094765,0.10748963909768838,0.11595679146409969,1.7912279281599661,3.980577759296911,0.18468306562882691,0.10297270802169756,-0.24542720250922476,-1.1813747659593077,8.191666666666666,4.712468685424988,-0.152774220064269,-0.9744175273547016,0.01781376518218624,0.056432972652032155,3.7992794962053025,13.205735285973034,0.825,0.3799671038392666,-1.7106744068953987,0.9264069264069255,2.230769230769231,3.2969413833441297,3.0544391809465434,7.637612981094765,2.0,0.0,0,0,1.95,2.756356290467544,3.705085969500655,12.637086094005964,0.0,0.0,0,0,0.03197624949385512,0.08657561427905901,4.079992680874766,18.556071176776967,0.038461538461538464,0.05225838359678145,3.080079759724283,7.727145476763239,0.038461538461538464,0.04889005052120088,3.0642950157428586,7.8151001920655165,1.3076923076923077,0.46153846153846145,0.8333333333333339,-1.3055555555555547,1.4973255720433443,78.0,378.0,0.0,282.0,3966.0,56.0,0.0,0.0,0.0,1318.0,1648.0,41304.0,0.0,0.0,0.0,0.0,308.0,0.0,0.0,0.0,48.0,0.0,0.0,0.0,0.0,0.0,0.0,0.0,0.0,0.0,36.0,1,1,0,1,1,1,0,0,0,1,1,1,0,0,0,0,1,0,0,0,1,0,0,0,0,0,0,0,0,0,1,6.28,0.6013318551349164,1.9973363071430514,2.6390868509671828,2.16,0.7310266752998826,-0.2575329730295586,-1.1033561619276424,0.0,0.0,0,0,3.16,0.36660605559646725,1.8548520670059334,1.4404761904761871,0.6,0.48989794855663565,-0.4082482904638628,-1.8333333333333335,12.569560000000001,1.199343222934953,1.9961613666687077,2.6334594661775244,0.84,0.9666436778875658,1.1210942097146122,0.3259406079939966,335.40700000000004,58.1,3.2745000000000006,0,4,0,0,0,0,0,0,0,0,0,0,0,0,0,0,0,0,0,0,0,0,0,0,0,0,0,0,0,0,0,0,0,0,0,0,0,0,0,0,0,0,0,0,0,0,0,0,0,0,0,0,0,0,0,0,0,0,0,0,0,0,0,0,1,0,0,1,0,0,0,0,0,0,0,0,1,1,0,0,0,1,0,0,0,1,0,1,1,0,0,0,0,1,1,1,0,1,1,0,1,1,1,1,0,0,0,1,0,0,0,0,1,0,0,1,0,0,1,1,0,0,1,1,1,0,0,1,0,1,0,0,0,0,0,0,0,0,1,1,0,0,0,1,1,1,1,1,0,0,1,1,1,1,0,1,1,1,1,0,1,1,1,1,1,1,1,1,0,0
CHEMBL220_59,35,31,-1,-1,-1,1.9130434782608696,2.412162001161773,2.982948713701427,7.534440479945097,0.10765298287477612,0.13031601532272133,2.1683156851443175,6.714162590784898,0.16614528451902108,0.07912117379416653,-0.21592690356539504,-0.9507395282793203,6.713877551020407,3.4457237473553404,-0.028949891762451954,-0.6919171848394661,0.02745098039215686,0.07490776981452,2.9115845271226704,7.065787085727571,0.8,0.4,-1.5,0.24999999999999956,1.9130434782608696,2.412162001161773,2.982948713701427,7.534440479945097,2.0,0.0,0,0,1.7714285714285714,2.0713793097590694,3.373580464972335,10.77603287045724,0.0,0.0,0,0,0.0,0.0,0,0,0.04347826086956521,0.0495622354877667,2.978377207330999,7.535399427421709,0.04347826086956518,0.31112864616851205,-3.1996221256290065,10.40259032633292,1.0,0.0,0,0,2.4402544577696013,62.0,198.0,0.0,70.0,1386.0,0.0,0.0,0.0,0.0,158.0,264.0,9720.0,0.0,0.0,0.0,0.0,0.0,0.0,0.0,0.0,0.0,0.0,0.0,0.0,0.0,0.0,0.0,0.0,0.0,0.0,0.0,1,1,0,1,1,0,0,0,0,1,1,1,0,0,0,0,0,0,0,0,0,0,0,0,0,0,0,0,0,0,0,6.1,0.3958114029012639,4.063830972295459,15.593481213218666,2.1333333333333333,0.561743318211757,0.02674437539591816,-0.019043840507832588,0.0,0.0,0,0,3.3,0.45825756949558405,0.8728715609439702,-1.238095238095238,0.6,0.48989794855663565,-0.40824829046386274,-1.8333333333333335,12.21046666666667,0.7893995918136494,4.062546779771549,15.581800342753738,1.1,0.9073771725877469,0.6050271825610892,-0.34017931780557076,399.57800000000015,12.47,6.776300000000007,0,10,0,0,0,0,0,0,0,0,0,0,0,0,0,0,0,0,0,0,0,0,0,0,0,0,0,0,0,0,0,0,0,0,0,0,0,0,0,0,0,0,0,0,0,0,0,0,0,0,0,0,1,0,0,0,0,0,0,0,0,0,0,0,0,0,0,0,0,0,0,0,0,0,0,0,0,0,1,0,0,0,0,0,0,0,0,1,1,0,0,0,0,0,0,0,0,1,0,0,0,1,1,0,0,0,0,0,0,0,1,1,0,1,0,1,1,0,1,0,1,0,0,0,1,0,0,1,1,1,0,1,0,0,1,0,0,0,0,0,1,0,0,1,0,1,0,1,0,1,1,1,0,0,1,1,0,1,0,1,1,0,1,1,1,1,1,1,0,0
CHEMBL220_60,35,35,-1,-1,-1,2.260869565217391,2.907522347356607,2.765541143191377,6.043734659067262,0.11587771832217007,0.12306007869279287,1.5780155546118062,2.772504216404732,0.1956900783111484,0.10016211845024867,-0.26421878859302966,-1.1349209687070994,7.552380952380952,4.021474385822651,-0.13336968301272156,-0.9167321301895206,0.020422714540361597,0.056741979259276966,3.4811527620169893,10.89493420722483,0.8,0.4,-1.5,0.24999999999999956,2.260869565217391,2.907522347356607,2.765541143191377,6.043734659067262,2.0,0.0,0,0,2.0,2.4727081741050063,3.2768944686530013,9.73713861472618,0.0,0.0,0,0,0.022515262515262514,0.051783443436350836,2.0528412832453955,2.5995952150087787,0.04347826086956521,0.051053395993946295,2.787828494417347,6.133843483380659,0.04347826086956521,0.22960440707436908,-2.440967718279426,4.836010798493665,1.391304347826087,0.48804226784007926,0.44543540318737423,-1.8015873015873007,0.4806684644453408,70.0,284.0,0.0,256.0,2376.0,48.0,0.0,0.0,0.0,932.0,1242.0,19920.0,0.0,0.0,0.0,0.0,234.0,0.0,0.0,0.0,48.0,0.0,0.0,0.0,0.0,0.0,0.0,0.0,0.0,0.0,48.0,1,1,0,1,1,1,0,0,0,1,1,1,0,0,0,0,1,0,0,0,1,0,0,0,0,0,0,0,0,0,1,6.4,0.8,1.4999999999999987,0.24999999999999645,2.2,0.6531972647421809,-0.22963966338592362,-0.7265625000000013,0.0,0.0,0,0,3.3,0.45825756949558405,0.8728715609439702,-1.2380952380952372,0.5,0.5,0.0,-2.0,12.808600000000006,1.5952000000000006,1.4999999999999885,0.24999999999997558,0.8666666666666667,1.0241527663824812,0.8271960678633278,-0.6109235851766734,410.4660000000001,67.13000000000001,5.359000000000005,1,8,0,0,0,0,0,0,0,0,0,0,0,0,0,0,0,0,0,0,0,0,0,0,0,0,0,0,0,0,1,0,0,0,0,0,0,0,0,0,0,0,0,0,0,0,0,0,0,0,0,0,0,0,0,0,0,0,0,1,0,0,0,0,1,0,0,0,0,0,0,0,0,0,1,0,0,0,0,0,0,0,0,0,0,1,0,0,0,0,0,0,0,0,0,1,0,0,1,0,0,0,0,1,0,0,0,1,0,0,1,1,0,0,0,1,1,1,0,0,1,0,1,0,0,1,0,1,1,1,1,0,0,0,1,0,0,0,0,1,1,0,1,1,0,1,1,1,1,1,0,1,0,0,1,1,1,1,0,1,0,1,1,0,1,1,1,1,0,1
CHEMBL220_61,36,34,-1,-1,-1,2.0833333333333335,2.7373446176094736,2.837954125032874,6.400236720747682,0.11704260628745201,0.1186541448547765,1.5894270476181598,2.9636823524856384,0.18438233913681357,0.09157702835629407,-0.25098784536503593,-0.9539316731534839,7.465740740740742,3.8940916476047573,-0.12845465663096609,-0.7954348893188516,0.02343604108309991,0.06705919794713985,3.2116127519598963,9.234029079797242,0.8055555555555556,0.39577241246597245,-1.5440972939559128,0.38423645320197064,2.0833333333333335,2.7373446176094736,2.837954125032874,6.400236720747682,2.0,0.0,0,0,1.8888888888888888,2.3425742935897795,3.2971887092105434,9.815539508630033,0.0,0.0,0,0,0.021691782875993403,0.0836258905291725,5.2097095507004285,26.754546986646623,0.041666666666666664,0.05007898282162872,2.870102317024648,6.535412767428554,0.04166666666666666,0.34041720747642473,-2.5398755231112657,5.185575660547025,1.25,0.4330127018922193,1.1547005383792515,-0.6666666666666665,-0.3330296489280119,68.0,258.0,0.0,166.0,2046.0,16.0,0.0,0.0,0.0,468.0,762.0,15960.0,0.0,0.0,0.0,0.0,58.0,0.0,0.0,0.0,0.0,0.0,0.0,0.0,0.0,0.0,0.0,0.0,0.0,0.0,12.0,1,1,0,1,1,1,0,0,0,1,1,1,0,0,0,0,1,0,0,0,0,0,0,0,0,0,0,0,0,0,1,6.666666666666667,1.9720265943665385,4.771499449552997,22.138775510204084,2.2,0.7023769168568493,-0.3001391500082233,-0.95982468955442,0.0,0.0,0,0,3.066666666666667,0.44221663871405326,0.3152164056949333,1.9028925619834727,0.7,0.45825756949558394,-0.872871560943969,-1.238095238095237,13.391200000000001,4.196168676304613,4.821655674491405,22.47804912538677,0.6,0.8,1.2343749999999996,0.8359375,419.88000000000017,144.34999999999997,3.4631800000000004,1,5,0,0,0,0,0,0,0,0,0,0,0,0,0,0,0,0,0,0,0,0,0,0,0,0,0,1,0,0,0,0,0,0,0,0,0,0,0,0,1,0,0,1,0,0,0,0,0,0,0,0,0,0,1,1,0,0,0,0,0,0,0,0,1,0,0,1,0,0,0,0,0,0,0,0,0,1,0,1,0,1,1,0,0,1,1,0,0,1,0,0,0,0,0,0,1,0,1,0,1,0,0,1,0,1,1,1,1,1,0,0,0,1,0,0,1,0,0,0,0,0,1,1,1,0,1,1,0,0,0,0,0,1,0,1,1,1,0,1,0,0,0,0,1,0,1,1,0,0,1,0,1,1,0,0,0,1,1,0,1,0,1,1,1,1,0,1,0,0
CHEMBL220_62,36,34,-1,-1,-1,2.0833333333333335,2.7373446176094736,2.9476509579731216,7.108213849194449,0.1118251037207349,0.12358367188113756,1.7172784035791018,3.6445996220280303,0.17894377289276786,0.08981263104069653,-0.17031351386978874,-1.047433984293152,7.344973544973545,3.8755965648191704,-0.06452354212496467,-0.8297252096577776,0.025210084033613446,0.06574254158371141,3.385069986117741,10.824032938606434,0.8055555555555556,0.3957724124659724,-1.5440972939559132,0.3842364532019724,2.0833333333333335,2.7373446176094736,2.9476509579731216,7.108213849194449,2.0,0.0,0,0,1.8888888888888888,2.3425742935897795,3.413872663757436,10.734259876683012,0.0,0.0,0,0,0.013817032109715036,0.034873852939314755,2.1930424308573273,2.9661571845968018,0.041666666666666664,0.0491396416002251,2.942352128046962,7.093436935221316,0.041666666666666664,0.0483133301366435,-1.4566356017233328,2.123501390048639,1.2083333333333333,0.40611643103370687,1.4363696929192162,0.06315789473684186,-0.4403273403644637,68.0,258.0,0.0,162.0,2100.0,24.0,0.0,0.0,0.0,616.0,728.0,17040.0,0.0,0.0,0.0,0.0,108.0,0.0,0.0,0.0,12.0,0.0,0.0,0.0,0.0,0.0,0.0,0.0,0.0,0.0,0.0,1,1,0,1,1,1,0,0,0,1,1,1,0,0,0,0,1,0,0,0,1,0,0,0,0,0,0,0,0,0,0,6.333333333333333,0.769800358919501,2.273316684934153,4.0312500000000036,2.1481481481481484,0.8478165290562664,0.4428545752846782,-0.33953440941670054,0.0,0.0,0,0,3.4074074074074074,0.4913518207933925,0.37688918072220445,-1.8579545454545452,0.5555555555555556,0.4969039949999533,-0.22360679774997905,-1.9500000000000002,12.71303703703704,1.6698566911560493,2.513082329710219,5.595293073794645,1.0,1.0540925533894598,0.758946638440411,-0.6600000000000001,370.4680000000001,58.14,4.762100000000004,1,7,0,0,0,0,0,0,0,0,0,0,0,0,0,0,0,0,0,0,0,0,0,0,0,0,0,0,0,0,0,0,0,0,0,0,0,0,0,0,0,0,0,0,1,0,0,0,0,0,0,0,0,0,0,1,0,0,0,0,0,0,0,0,0,0,0,1,1,0,0,0,0,0,0,0,1,0,0,0,0,1,0,0,0,1,0,0,0,1,0,0,0,1,0,1,0,0,1,1,1,0,0,1,0,0,1,1,0,1,1,0,0,1,1,1,1,1,1,0,0,0,1,1,0,0,0,1,1,1,0,0,0,1,1,0,1,0,0,1,0,1,0,1,1,1,1,1,0,0,0,1,1,1,1,0,0,1,1,1,0,1,1,1,1,1,1,1,0,0
CHEMBL220_63,40,39,-1,-1,-1,2.142857142857143,3.1815796359028696,3.2364259842536445,8.744057297086373,0.11056487946544129,0.11302834789906664,1.876024962440893,4.5117987993769875,0.19562918080481784,0.09784948388979059,-0.35096602949125577,-0.9148454129903993,8.843333333333334,4.589816324090638,-0.253379395988491,-0.7116786808483488,0.02348178137651822,0.07101215344298781,3.7058054267688134,12.668245278018523,0.825,0.3799671038392666,-1.7106744068953987,0.9264069264069255,2.142857142857143,3.1815796359028696,3.2364259842536445,8.744057297086373,2.0,0.0,0,0,1.95,2.747271373563231,3.7416028532839714,12.844063780225515,0.0,0.0,0,0,0.03900473232771369,0.15688920550157567,5.736724594971045,32.196798237437335,0.03571428571428572,0.048476717610656715,3.2645946848508274,8.932026226817507,0.03571428571428573,0.022138664893632226,2.307158981703886,4.972549366469213,1.2857142857142858,0.45175395145262565,0.9486832980505131,-1.1000000000000003,-0.3300436063647664,78.0,376.0,0.0,228.0,3960.0,32.0,0.0,0.0,0.0,986.0,1284.0,41304.0,0.0,0.0,0.0,0.0,160.0,0.0,0.0,0.0,12.0,0.0,0.0,0.0,0.0,0.0,0.0,0.0,0.0,0.0,0.0,1,1,0,1,1,1,0,0,0,1,1,1,0,0,0,0,1,0,0,0,1,0,0,0,0,0,0,0,0,0,0,6.533333333333333,0.9568466729604881,1.5030492793747332,0.7548779338297691,2.1333333333333333,0.7180219742846006,-0.2033043788662548,-1.0505350772889424,0.0,0.0,0,0,3.2333333333333334,0.42295258468165065,1.2609766499825608,-0.40993788819875787,0.6,0.4898979485566357,-0.40824829046386263,-1.8333333333333341,13.141600000000004,2.088645934571009,1.6994474705901408,1.6526899747118655,0.6666666666666666,0.7888106377466154,1.0715348586736553,0.6352040816326556,414.40800000000013,94.67,4.519800000000004,1,8,0,0,0,0,0,0,0,0,0,0,0,0,0,0,0,0,0,0,0,0,0,0,0,0,0,0,0,0,0,0,0,0,0,0,0,0,0,0,0,0,0,0,1,0,0,0,0,0,0,0,0,0,0,0,0,0,0,0,0,0,0,0,1,0,0,1,0,0,0,0,0,0,1,0,0,0,0,0,0,0,0,0,1,0,1,0,0,1,0,1,1,0,1,0,0,0,0,0,1,0,1,0,0,0,0,0,0,1,0,0,1,0,0,1,1,0,0,1,0,0,0,1,0,1,0,1,1,1,0,0,0,1,1,0,1,0,0,1,0,1,1,0,1,1,1,1,1,0,0,0,1,1,1,1,1,1,1,1,1,1,1,1,1,1,1,1,0,0
CHEMBL220_64,39,36,-1,-1,-1,2.0,2.8674417556808756,3.1104097934157053,7.968955441928417,0.11162794718537312,0.11480516995416706,1.7736986193064368,3.855523451969911,0.18833421663155558,0.09286109604423612,-0.33924032785022995,-0.8709234495679348,8.253846153846156,4.26546200531449,-0.1975308274776286,-0.7031910583210315,0.024400919137761243,0.07148414254540547,3.245258806852356,9.429492527886087,0.8205128205128205,0.3837597319768145,-1.6703827619526517,0.7901785714285703,2.0,2.8674417556808756,3.1104097934157053,7.968955441928417,2.0,0.0,0,0,1.8461538461538463,2.475919529143243,3.5620201769348716,11.585009168020743,0.0,0.0,0,0,0.0031883867639681592,0.009977319977198761,3.192171088848242,9.456538894399852,0.03703703703703703,0.04821226270713619,3.119301441441152,8.01213743377044,0.03703703703703704,0.01649420131062324,0.4571324685022827,2.438110890314281,1.1481481481481481,0.3552467795046459,1.9808869335422108,1.9239130434782625,0.8053725677131558,72.0,300.0,0.0,158.0,2706.0,8.0,0.0,0.0,0.0,534.0,816.0,23880.0,0.0,0.0,0.0,0.0,42.0,0.0,0.0,0.0,0.0,0.0,0.0,0.0,0.0,0.0,0.0,0.0,0.0,0.0,0.0,1,1,0,1,1,1,0,0,0,1,1,1,0,0,0,0,1,0,0,0,0,0,0,0,0,0,0,0,0,0,0,6.842105263157895,1.7995074733977638,3.569628912234069,14.87023118616733,2.1052631578947367,0.7877173445839876,0.45816212899272823,-0.0715880102040809,0.0,0.0,0,0,3.4473684210526314,0.4972222007287153,0.21170244960998644,-1.955182072829131,0.2894736842105263,0.453518103674055,0.9284141650970548,-1.1380471380471393,13.772710526315791,3.707150628801863,3.338753103559564,12.970561806202165,0.8421052631578947,0.9326339550878607,0.7073927714845487,-0.6763154691873905,555.6190000000003,106.62,5.442500000000004,2,13,0,0,0,0,0,0,0,0,0,0,0,1,0,0,0,0,0,0,0,0,0,0,0,1,0,0,0,0,0,0,0,0,0,0,0,0,1,0,0,0,0,0,1,0,0,0,0,1,0,0,0,0,0,1,0,0,0,0,0,0,0,0,0,0,0,1,1,0,0,0,0,0,1,0,0,0,0,0,0,0,1,1,0,1,0,0,0,0,1,1,1,1,1,0,0,1,1,1,0,0,0,0,0,0,1,0,1,1,0,1,1,1,1,1,1,1,1,1,1,0,1,1,0,1,0,1,1,1,1,1,0,1,0,0,1,0,1,1,1,0,1,0,1,1,0,0,1,1,0,1,0,1,1,1,1,1,1,1,1,1,1,1,1,1,1,1,0,0
CHEMBL220_65,35,32,-1,-1,-1,2.0,2.5194892512087685,2.7402814224068353,5.858603865640834,0.11593682449581022,0.12300439543876579,1.5729972658256648,2.6655368358899203,0.17761172203376777,0.08774722123614218,-0.17918373356350759,-0.9488717888109885,6.983809523809524,3.6402587683057313,-0.05197397757158169,-0.806034630789028,0.02439521263050675,0.06550341703685393,2.962080669647249,7.604414531133802,0.8,0.4,-1.5,0.24999999999999956,2.0,2.5194892512087685,2.7402814224068353,5.858603865640834,2.0,0.0,0,0,1.8285714285714285,2.15785229582848,3.1563558463403,8.902736127694649,0.0,0.0,0,0,0.004368100670621679,0.012893490774598575,2.9903728176764686,8.126824367849514,0.043478260869565195,0.04956439759014968,2.7513594632509966,5.9084014755364915,0.04347826086956524,0.06730854270593664,2.835525865136259,6.246894560088489,1.173913043478261,0.3790346907426672,1.720618004029213,0.9605263157894743,1.5442262260870734,64.0,216.0,0.0,130.0,1506.0,8.0,0.0,0.0,0.0,366.0,542.0,10200.0,0.0,0.0,0.0,0.0,34.0,0.0,0.0,0.0,0.0,0.0,0.0,0.0,0.0,0.0,0.0,0.0,0.0,0.0,0.0,1,1,0,1,1,1,0,0,0,1,1,1,0,0,0,0,1,0,0,0,0,0,0,0,0,0,0,0,0,0,0,6.258064516129032,0.6204962600539143,2.191063397061382,3.1677574872169503,2.193548387096774,0.6918584061137811,0.3077265867193043,0.1220604914933836,0.0,0.0,0,0,3.3548387096774195,0.47846441852230076,0.6067798762169174,-1.6318181818181816,0.3870967741935484,0.4870860925981129,0.46358632497276514,-1.7850877192982466,12.52570967741936,1.2374239160331697,2.1903783913545736,3.164480815237976,0.967741935483871,0.966666068630432,0.492975672318082,-0.9828993903800076,418.53700000000015,58.97,5.383900000000005,0,7,0,0,0,0,0,0,0,0,0,0,0,0,0,0,0,0,0,0,0,0,0,0,0,0,0,0,0,0,0,0,0,0,0,0,0,0,0,0,1,0,0,0,0,0,0,0,0,0,0,0,0,0,0,0,0,0,0,0,0,0,0,0,1,0,0,0,1,0,0,0,0,0,0,0,0,1,0,1,1,1,0,0,0,1,0,1,0,0,0,0,0,0,1,1,0,1,1,1,0,0,1,0,0,0,0,1,0,0,0,0,1,1,1,0,1,1,1,1,1,1,1,1,1,1,0,1,1,1,1,1,0,0,0,0,0,0,1,1,0,0,0,0,1,1,1,1,1,1,1,1,1,0,0,1,1,1,1,1,1,1,1,1,1,1,1,1,0,1
CHEMBL220_66,38,35,-1,-1,-1,2.0,2.8010986855435576,3.1920247996736277,8.717993079584776,0.10858940948299435,0.12051609694069416,2.0429696942764815,6.0836619213870105,0.17940229662313584,0.08821699901121745,-0.27722668544044454,-0.9537880195690263,7.81892230576441,4.064799596468287,-0.131844835833064,-0.7158676408496167,0.026197249881460407,0.07231589841396643,3.3076905023576617,10.171957870345684,0.8157894736842105,0.3876557858593746,-1.6292261599251139,0.6543778801843323,2.0,2.8010986855435576,3.1920247996736277,8.717993079584776,2.0,0.0,0,0,1.8421052631578947,2.4118819447135995,3.6515958272404614,12.586342857142869,0.0,0.0,0,0,0.0043956043956043965,0.01314034128706398,2.789034281354573,6.137080010770278,0.03846153846153847,0.048669939776180386,3.196184696782881,8.780510135052065,0.038461538461538464,0.03351327281850732,-0.9484576971636796,0.7261268357127824,1.1538461538461537,0.36080121229411,1.9188064472004944,1.6818181818181834,-1.336587159589383,70.0,280.0,0.0,128.0,2496.0,8.0,0.0,0.0,0.0,454.0,612.0,22320.0,0.0,0.0,0.0,0.0,38.0,0.0,0.0,0.0,0.0,0.0,0.0,0.0,0.0,0.0,0.0,0.0,0.0,0.0,0.0,1,1,0,1,1,1,0,0,0,1,1,1,0,0,0,0,1,0,0,0,0,0,0,0,0,0,0,0,0,0,0,6.384615384615385,0.7378202343558031,1.550259339293902,0.6290170132325099,2.076923076923077,0.7297563831157798,-0.1194638227174729,-1.1177777777777778,0.038461538461538464,0.1923076923076923,4.8000000000000025,21.040000000000006,3.6153846153846154,0.4865042554105199,-0.47434164902525705,-1.775,0.23076923076923078,0.42132504423474315,1.278019300845387,-0.3666666666666676,12.778076923076926,1.4713419547912698,1.5497583385859397,0.6273452830213748,1.2692307692307692,1.1947865051545437,0.14691168513110797,-1.571128352438992,365.49400000000014,51.879999999999995,3.6133200000000025,1,7,0,0,0,0,0,0,0,0,0,0,0,0,0,0,0,0,0,0,0,1,0,0,0,1,0,0,0,0,0,0,0,0,0,0,0,0,0,0,0,0,0,0,0,0,0,0,0,0,0,1,0,0,0,0,0,0,0,1,0,0,0,0,0,0,0,1,0,0,0,0,0,0,0,0,1,1,0,0,0,0,0,0,0,0,0,1,1,0,0,1,0,0,0,1,0,1,0,1,1,0,0,1,0,0,0,1,1,0,1,1,1,0,0,1,1,1,1,1,1,0,1,1,1,1,0,0,1,1,1,1,0,0,1,0,0,0,0,1,1,0,1,1,1,1,1,0,1,1,1,1,1,0,1,1,1,1,1,1,1,1,1,1,1,1,1,1,0,1
CHEMBL220_67,37,33,-1,-1,-1,1.92,2.591061558512264,3.137147182536285,8.403982048362362,0.10577696972105761,0.12585014780943837,2.269497819914742,7.5337470045885855,0.1719212205814055,0.08239614901868202,-0.2983384426484956,-0.9299767341935872,7.332046332046332,3.7639608604351675,-0.10507260962803669,-0.6665864925529994,0.027284427284427284,0.07803155774417117,3.04694684861181,7.851949240538676,0.8108108108108109,0.3916588309780929,-1.5871507864874157,0.5190476190476199,1.92,2.591061558512264,3.137147182536285,8.403982048362362,2.0,0.0,0,0,1.7837837837837838,2.2316535517127583,3.554968969259947,11.952950668691352,0.0,0.0,0,0,0.0,0.0,0,0,0.04,0.04887339858700801,3.133049997269649,8.405036511240011,0.04,0.030630977727264024,-0.09449369190076996,-1.5695906813567224,1.0,0.0,0,0,-1.7523630051301793,66.0,236.0,0.0,78.0,1884.0,0.0,0.0,0.0,0.0,196.0,332.0,15024.0,0.0,0.0,0.0,0.0,0.0,0.0,0.0,0.0,0.0,0.0,0.0,0.0,0.0,0.0,0.0,0.0,0.0,0.0,0.0,1,1,0,1,1,0,0,0,0,1,1,1,0,0,0,0,0,0,0,0,0,0,0,0,0,0,0,0,0,0,0,6.588235294117647,1.926863453430494,4.663377447908507,22.114601473601383,2.0588235294117645,0.5911691541835818,-0.014777780052622562,-0.16390549946083732,0.0,0.0,0,0,3.588235294117647,0.4921529567847503,-0.3585685828003189,-1.8714285714285706,0.17647058823529413,0.3812200410828153,1.6973368495830106,0.8809523809523805,13.228352941176471,4.0827532440625305,4.7593770551168015,22.85695819929874,1.2352941176470589,0.909389696102371,-0.24601808395983876,-1.3453195847411632,492.10000000000014,75.63,6.651800000000009,1,18,0,0,0,0,0,0,0,0,0,0,0,0,0,0,0,0,0,0,0,0,0,0,0,0,0,0,0,0,0,0,0,0,0,0,0,0,0,0,0,0,0,0,0,0,0,1,0,0,0,0,1,0,0,0,0,0,0,1,0,0,0,0,0,0,0,0,0,0,0,0,0,0,1,0,0,0,1,0,0,0,0,0,1,1,0,0,0,1,0,1,1,1,0,0,0,0,1,1,0,1,1,0,0,1,1,0,0,1,1,1,0,1,0,0,1,1,1,0,1,0,0,0,0,1,0,0,0,1,1,1,0,1,1,0,1,0,1,1,1,1,1,0,0,1,0,0,1,1,0,0,1,1,1,1,1,1,1,1,1,1,1,1,1,1,1,1,0,0
CHEMBL220_68,38,37,-1,-1,-1,2.1538461538461537,3.0595664309771293,3.125722945630268,8.34571850511683,0.11157200782029542,0.11776025027415721,1.9191960933405758,5.2023298560716835,0.1949132774580458,0.09839724808727159,-0.30767441786224653,-0.9812257837981293,8.29122807017544,4.3547005873301945,-0.1911283027855118,-0.7692520983543316,0.022562035719930457,0.06655073282258017,3.555643169589946,11.657633724716217,0.8157894736842105,0.3876557858593746,-1.6292261599251143,0.6543778801843323,2.1538461538461537,3.0595664309771293,3.125722945630268,8.34571850511683,2.0,0.0,0,0,1.9473684210526316,2.6252555607031427,3.635214108156898,12.472739244838232,0.0,0.0,0,0,0.025354460310309995,0.08310552991638256,4.92593871925626,25.042595965950486,0.03846153846153847,0.04990631499546848,3.1467299036532803,8.416404995486985,0.03846153846153847,0.07024630477430834,-2.3210993090596443,5.320128054874756,1.2692307692307692,0.4435600997950306,1.0405319634289447,-0.917293233082705,-1.2606106522125575,74.0,332.0,0.0,236.0,3240.0,32.0,0.0,0.0,0.0,860.0,1278.0,32064.0,0.0,0.0,0.0,0.0,156.0,0.0,0.0,0.0,12.0,0.0,0.0,0.0,0.0,0.0,0.0,0.0,0.0,0.0,24.0,1,1,0,1,1,1,0,0,0,1,1,1,0,0,0,0,1,0,0,0,1,0,0,0,0,0,0,0,0,0,1,6.3428571428571425,0.5827450872677468,1.4963283964629737,1.1918916420118393,2.2285714285714286,0.5390846361175202,0.1107638234163945,-0.23920590834490651,0.0,0.0,0,0,3.4,0.48989794855663565,0.40824829046386346,-1.8333333333333335,0.4857142857142857,0.4997958767010257,0.05716619504750281,-1.9967320261437906,12.695114285714286,1.162509398338134,1.494659355238443,1.1843642137417207,0.9714285714285714,0.9406901504659616,0.2627642666285201,-1.4046445446004274,478.6010000000004,115.17,5.5487000000000055,0,10,0,0,0,0,0,0,0,0,0,0,0,0,0,0,0,0,0,0,0,0,0,0,0,0,0,1,0,0,0,0,0,0,0,0,0,0,0,1,1,0,0,0,0,1,0,0,0,0,0,0,0,0,1,0,0,0,0,1,0,0,0,0,1,0,0,1,0,0,0,0,0,0,0,0,0,1,0,1,0,1,1,0,0,1,0,0,0,0,0,0,1,1,0,0,1,1,1,1,1,0,1,1,0,0,1,1,1,0,1,0,1,1,0,0,1,1,1,1,1,0,1,1,1,0,1,1,0,0,1,1,1,1,0,1,0,1,0,1,0,0,0,0,1,0,0,1,0,1,1,0,0,1,1,1,1,1,1,0,1,1,1,1,1,1,1,1,0,0
CHEMBL220_69,33,31,-1,-1,-1,2.0952380952380953,2.4670159708549746,2.554532406416136,4.968165937797758,0.12088209702061099,0.12526192128069044,1.4923808666822151,2.5151925505428236,0.1804782724013599,0.08931635309507516,-0.19468091344463007,-1.0456065850126306,6.626262626262627,3.4577245546761834,-0.05580074623334482,-0.883836030496437,0.021871945259042028,0.0579893366026292,3.05440783629432,8.201895550259296,0.7878787878787878,0.40881022918884974,-1.4083737016560922,-0.016483516483517313,2.0952380952380953,2.4670159708549746,2.554532406416136,4.968165937797758,2.0,0.0,0,0,1.878787878787879,2.0998928653418685,2.9878084847535407,7.958855041136715,0.0,0.0,0,0,0.0046555310118359975,0.013445954585283668,3.0191627881002097,8.634504649542748,0.04761904761904763,0.051371204315310844,2.583610359196291,5.077515548978678,0.047619047619047616,0.018728919257882035,0.5558831088956365,1.0530452169932403,1.3333333333333333,0.4714045207910316,0.7071067811865481,-1.4999999999999987,0.11342864767544132,62.0,200.0,0.0,140.0,1290.0,8.0,0.0,0.0,0.0,336.0,546.0,8184.0,0.0,0.0,0.0,0.0,32.0,0.0,0.0,0.0,0.0,0.0,0.0,0.0,0.0,0.0,0.0,0.0,0.0,0.0,24.0,1,1,0,1,1,1,0,0,0,1,1,1,0,0,0,0,1,0,0,0,0,0,0,0,0,0,0,0,0,0,1,6.269230769230769,0.5921078583977174,2.0621785627516087,2.918015275329811,2.1538461538461537,0.7692307692307693,0.23700000000000043,-0.35539999999999994,0.0,0.0,0,0,3.576923076923077,0.4940474068717357,-0.31139957766461024,-1.9030303030303024,0.23076923076923078,0.42132504423474315,1.278019300845387,-0.3666666666666676,12.548076923076923,1.1809480195385704,2.060993693665872,2.912165726889646,1.2692307692307692,1.093958665640607,0.15749450528177394,-1.3468779078384243,359.5140000000002,44.81,4.114500000000003,2,7,0,0,0,0,0,0,0,0,0,0,0,0,0,0,0,0,0,0,0,0,0,0,0,1,0,0,0,0,0,0,0,0,0,0,0,0,0,0,1,0,0,0,0,0,0,0,0,0,0,0,0,0,0,0,0,0,0,0,0,0,0,0,0,0,0,0,1,0,0,0,0,0,0,0,0,1,0,1,0,0,0,0,1,1,0,1,1,0,0,0,1,1,0,1,0,0,1,0,0,0,1,1,0,0,1,1,1,0,1,0,1,1,1,1,1,1,1,1,1,0,1,1,1,1,0,0,1,1,1,1,0,0,0,0,0,1,0,1,1,0,0,1,1,1,1,0,0,1,1,1,0,1,1,1,1,1,1,1,1,1,1,1,1,1,1,1,0,1
CHEMBL220_70,35,32,-1,-1,-1,2.0,2.5194892512087685,2.7402814224068353,5.858603865640834,0.11558918614389947,0.12333113401740665,1.569574619601207,2.654947875861035,0.17450061084744592,0.08585243290640707,-0.1753874585036147,-0.9825949043924878,6.938095238095237,3.61534334233876,-0.04440274017368747,-0.8060024814778757,0.02531194295900178,0.06666632622821257,3.0007262299155233,8.126578412698429,0.8,0.4,-1.5,0.24999999999999956,2.0,2.5194892512087685,2.7402814224068353,5.858603865640834,2.0,0.0,0,0,1.8285714285714285,2.15785229582848,3.156355846340301,8.902736127694654,0.0,0.0,0,0,0.004412226429033152,0.012973356920322277,2.9585771936525846,7.895269336476101,0.043478260869565216,0.04954170063205192,2.7430329189833906,5.876180402519681,0.04347826086956523,0.019846856169706644,0.3255751964807141,0.65429352511907,1.173913043478261,0.3790346907426672,1.720618004029213,0.9605263157894743,0.22556111731158446,64.0,216.0,0.0,128.0,1506.0,8.0,0.0,0.0,0.0,348.0,540.0,10200.0,0.0,0.0,0.0,0.0,34.0,0.0,0.0,0.0,0.0,0.0,0.0,0.0,0.0,0.0,0.0,0.0,0.0,0.0,0.0,1,1,0,1,1,1,0,0,0,1,1,1,0,0,0,0,1,0,0,0,0,0,0,0,0,0,0,0,0,0,0,6.552631578947368,1.6811238161773092,4.710974075761023,23.313322398591,2.1052631578947367,0.5520046569316588,0.046806345290238874,0.14595041322313973,0.0,0.0,0,0,3.473684210526316,0.49930699897395464,0.10540925533894512,-1.988888888888889,0.2894736842105263,0.45351810367405493,0.928414165097055,-1.1380471380471389,13.116157894736844,3.369364882572287,4.721816457178334,23.401235457026512,1.131578947368421,0.8636231095485231,-0.011203962098099192,-1.1934264942078345,541.7580000000003,87.74000000000001,5.168700000000005,1,16,0,0,0,0,0,0,0,0,0,0,0,0,0,0,0,0,0,0,0,0,0,0,0,0,0,0,0,0,0,0,0,0,0,0,0,0,1,0,0,0,0,0,0,0,0,0,0,0,0,0,0,0,0,0,0,0,0,0,0,0,0,0,0,0,0,0,0,0,0,0,0,0,0,0,0,1,0,0,0,0,0,1,1,1,0,1,1,0,1,0,1,1,1,0,0,1,1,0,1,0,1,0,0,0,1,0,0,0,1,1,1,1,0,0,1,1,1,1,1,0,1,1,1,1,0,1,1,0,1,1,0,1,1,0,0,0,1,1,1,0,1,0,1,0,0,1,1,1,1,0,0,1,0,1,1,1,1,1,1,1,1,1,1,1,1,1,0,1
CHEMBL220_71,40,38,-1,-1,-1,2.0714285714285716,3.0813792300175704,3.2360825160070075,8.881546353918672,0.10809571094246981,0.11539201565031271,1.9166684794652493,4.82412843217161,0.19209984362615945,0.09582094475951983,-0.3484269503333127,-0.9463149211574229,8.696666666666667,4.529388908990803,-0.21691833965758167,-0.7245838232167814,0.02435897435897436,0.07011780047582442,3.505048153152231,11.434322466013466,0.825,0.3799671038392666,-1.7106744068953987,0.9264069264069255,2.0714285714285716,3.0813792300175704,3.2360825160070075,8.881546353918672,2.0,0.0,0,0,1.9,2.662705391138869,3.722631439789001,12.892498423453448,0.0,0.0,0,0,0.008605331004399327,0.02373502498308146,2.6159098211647978,5.422052398460325,0.03571428571428571,0.04816344707791237,3.2482528116544187,8.980615418555942,0.03571428571428571,0.05712523250856249,3.393348529412696,10.160791681922259,1.1785714285714286,0.3829930462415574,1.6785086548325643,0.8173913043478271,0.3630197104979684,76.0,352.0,0.0,216.0,3570.0,24.0,0.0,0.0,0.0,884.0,1222.0,36024.0,0.0,0.0,0.0,0.0,136.0,0.0,0.0,0.0,12.0,0.0,0.0,0.0,0.0,0.0,0.0,0.0,0.0,0.0,0.0,1,1,0,1,1,1,0,0,0,1,1,1,0,0,0,0,1,0,0,0,1,0,0,0,0,0,0,0,0,0,0,6.407407407407407,0.7332959212304937,1.4492596710616412,0.4140462307371924,2.1481481481481484,0.649997362029046,-0.15614078982456966,-0.6821976724574115,0.0,0.2721655269759087,0.0,10.5,3.259259259259259,0.43822813208145306,1.0987005311470726,-0.7928571428571418,0.5555555555555556,0.4969039949999533,-0.22360679774997902,-1.95,12.823592592592595,1.4623717736572928,1.4485677187760948,0.41180922000065845,0.8518518518518519,0.9700593224969477,0.7863112923237674,-0.5688573638534962,369.4210000000001,79.42,4.722300000000005,0,9,0,0,0,0,0,0,0,0,0,0,0,0,0,0,0,0,0,0,0,0,0,0,0,0,1,0,0,0,0,0,0,0,0,0,0,0,0,0,0,0,0,0,0,0,0,0,0,0,0,1,0,0,1,0,0,0,1,0,0,0,0,0,0,1,0,1,0,0,0,0,1,1,0,0,0,1,0,0,0,0,1,0,0,1,0,0,0,0,0,0,0,0,1,1,1,1,1,1,0,0,1,1,1,0,0,1,0,0,1,1,1,1,0,1,1,1,1,1,1,1,1,1,1,0,1,1,1,1,0,1,1,0,0,1,0,1,0,1,1,0,1,0,1,1,0,1,1,1,1,1,0,0,1,1,0,1,1,1,1,1,1,1,1,1,1,1,0,1
CHEMBL220_72,39,38,-1,-1,-1,2.1481481481481484,3.1705088235603993,3.23914939530291,9.263124719923347,0.1084891985914189,0.11777571663979512,1.9862676229627596,5.473922878265048,0.2020167952046887,0.10287521143630887,-0.3399358836753218,-0.9894691424386952,8.6982905982906,4.593859389064146,-0.19809823577103006,-0.7479984728309383,0.021774811248495462,0.06399873744665198,3.6577404800560895,12.948269144415223,0.8205128205128205,0.3837597319768145,-1.6703827619526517,0.7901785714285703,2.1481481481481484,3.1705088235603993,3.23914939530291,9.263124719923347,2.0,0.0,0,0,1.9487179487179487,2.7264019489271454,3.758466038932157,13.631410353397353,0.0,0.0,0,0,0.015493459683312382,0.03864234659477581,2.382840622738117,4.340427536144217,0.03703703703703703,0.04971296114485708,3.271905998433654,9.487959050842676,0.03703703703703704,1.2649736223071095,3.2459929571982595,9.642458867957862,1.2222222222222223,0.41573970964154905,1.336306209562121,-0.21428571428571663,2.2072764196990806,76.0,362.0,0.0,292.0,3792.0,48.0,0.0,0.0,0.0,1172.0,1730.0,40800.0,0.0,0.0,0.0,0.0,276.0,0.0,0.0,0.0,48.0,0.0,0.0,0.0,0.0,0.0,0.0,0.0,0.0,0.0,0.0,1,1,0,1,1,1,0,0,0,1,1,1,0,0,0,0,1,0,0,0,1,0,0,0,0,0,0,0,0,0,0,6.310344827586207,0.6487892318009235,1.8647331985545046,1.9324427846404202,2.206896551724138,0.6090869562984721,-0.1426233571855211,-0.5053007889546342,0.0,0.2626128657194451,0.0,11.500000000000002,3.206896551724138,0.40508069394726653,1.4471361022898732,0.09420289855072861,0.6551724137931034,0.4753120259341455,-0.6529286250990106,-1.5736842105263151,12.630034482758624,1.2939057814326103,1.8638448988752256,1.9286654668715775,0.7931034482758621,0.8460582169920896,0.7482489901096576,-0.34234169600777253,389.45500000000015,70.19,5.866900000000005,0,8,0,0,0,0,0,0,0,0,0,0,0,0,0,0,0,0,0,0,0,0,0,0,0,0,1,0,0,0,0,0,0,0,0,0,0,0,0,0,0,0,0,0,0,0,0,0,0,0,0,1,0,0,1,0,0,0,1,0,0,0,0,0,0,1,0,1,0,0,0,0,1,1,0,0,0,1,0,0,0,0,1,0,0,1,0,0,0,0,0,0,0,0,1,0,1,1,1,1,0,0,1,1,1,0,0,1,0,0,1,1,1,1,0,1,1,1,1,1,1,1,1,1,1,0,1,1,1,1,0,1,1,0,0,1,0,1,0,1,1,0,0,0,1,1,0,1,1,1,1,0,0,0,0,1,0,1,1,1,1,1,1,1,1,1,1,1,0,1
CHEMBL220_73,35,32,-1,-1,-1,2.1,2.681417535558385,2.5074442076667944,4.556308889838882,0.11033883540543334,0.12804987299018014,1.521807217332923,2.25220835181639,0.15589501753446575,0.0873046985697112,0.04818211314911914,-1.2308316564336028,6.042857142857143,3.5406018807548154,0.1585257247231609,-1.0193848139682353,0.015788133435192257,0.0456223718110114,3.2930162215924006,9.680529853370416,0.8,0.4,-1.5,0.24999999999999956,2.1,2.681417535558385,2.5074442076667944,4.556308889838882,2.0,0.0,0,0,1.8285714285714285,2.15785229582848,3.1563558463403,8.902736127694649,0.0,0.0,0,0,0.0140183346065699,0.03560142595552279,2.311370827753649,3.731933779649368,0.05000000000000001,0.058377880387999764,2.528408027849632,4.629544092187745,0.05000000000000001,0.0605060423738132,2.5518065232401357,4.7297609142396135,1.25,0.4330127018922193,1.1547005383792515,-0.6666666666666665,0.8361898734712185,64.0,216.0,0.0,144.0,1506.0,24.0,0.0,0.0,0.0,482.0,612.0,10200.0,0.0,0.0,0.0,0.0,100.0,0.0,0.0,0.0,12.0,0.0,0.0,0.0,0.0,0.0,0.0,0.0,0.0,0.0,0.0,1,1,0,1,1,1,0,0,0,1,1,1,0,0,0,0,1,0,0,0,1,0,0,0,0,0,0,0,0,0,0,6.708333333333333,2.2263416678987578,4.106918321527159,16.044316635024433,2.0833333333333335,0.7021791477646965,-0.11700664235714109,-0.9724261059313628,0.0,0.0,0,0,3.5833333333333335,0.4930066485916347,-0.33806170189140744,-1.8857142857142855,0.25,0.4330127018922193,1.1547005383792515,-0.6666666666666665,13.486416666666665,4.730482620873784,4.160728653259636,16.38803413808011,1.2083333333333333,1.039998664529057,0.020707315556118308,-1.442504940367764,352.9060000000001,55.56,4.405800000000004,0,8,0,0,0,0,0,0,0,0,0,0,0,0,0,0,0,0,0,0,0,0,0,0,0,0,0,0,0,0,0,0,0,0,0,0,0,0,0,0,0,0,0,0,0,0,0,0,0,0,0,0,0,0,0,0,0,0,0,0,0,0,0,0,0,0,0,0,0,0,0,0,0,0,0,0,0,1,0,0,0,0,0,0,0,0,1,1,1,1,0,1,0,0,0,1,0,0,0,1,1,0,1,0,0,1,0,0,0,1,0,0,0,1,0,1,1,1,1,0,1,0,0,1,1,0,0,0,1,1,1,1,0,0,1,1,1,1,0,1,1,0,0,0,1,1,1,1,0,1,1,1,1,1,1,1,1,1,1,1,1,1,1,1,1,1,1,1,0,1
CHEMBL220_74,36,35,-1,-1,-1,2.1666666666666665,2.8674417556808756,2.854547169626522,6.5334984477720965,0.11218347488666192,0.12325845098869073,1.6271762054744052,2.9009892723336552,0.1896544522586997,0.09674691710052574,-0.21600346633812592,-1.0863483155124916,7.607407407407408,4.050541886557889,-0.09283956297025159,-0.876540998692382,0.022595704948646125,0.060608433463613526,3.347689315067642,10.319335603148463,0.8055555555555556,0.39577241246597245,-1.5440972939559132,0.3842364532019702,2.1666666666666665,2.8674417556808756,2.854547169626522,6.5334984477720965,2.0,0.0,0,0,1.9444444444444444,2.4488596489482433,3.3441445517605644,10.174729666837866,0.0,0.0,0,0,0.022487065779748704,0.05246117030942788,2.0630096874944086,2.5556823320549924,0.04166666666666665,0.04965305198503696,2.8638377573524143,6.574294261083958,0.041666666666666664,0.04542987313724282,2.7291412563298607,6.171986722707578,1.25,0.4330127018922193,1.1547005383792515,-0.6666666666666665,-0.18450528862928564,70.0,282.0,0.0,236.0,2376.0,48.0,0.0,0.0,0.0,920.0,1154.0,19920.0,0.0,0.0,0.0,0.0,234.0,0.0,0.0,0.0,48.0,0.0,0.0,0.0,0.0,0.0,0.0,0.0,0.0,0.0,0.0,1,1,0,1,1,1,0,0,0,1,1,1,0,0,0,0,1,0,0,0,1,0,0,0,0,0,0,0,0,0,0,6.1,0.3,2.6666666666666714,5.1111111111111285,2.2,0.4760952285695233,0.518927325257438,0.2283737024221444,0.0,0.0,0,0,3.7,0.458257569495584,-0.8728715609439708,-1.2380952380952364,0.3,0.45825756949558405,0.8728715609439693,-1.2380952380952388,12.210600000000005,0.5988000000000001,2.6666666666666385,5.111111111111015,1.4333333333333333,0.8034647195462634,-0.5538263334449907,-0.6756289974256515,409.6620000000001,22.27,6.247300000000007,1,9,0,0,0,0,0,0,0,0,0,0,0,0,0,0,0,0,0,0,0,1,0,0,0,0,0,0,0,0,0,0,0,0,0,0,0,0,0,0,0,0,0,0,0,0,0,0,0,0,0,0,0,0,0,0,0,0,0,0,0,0,0,0,0,0,0,1,0,0,0,0,0,0,0,0,0,1,0,0,0,1,0,0,0,1,0,1,1,0,0,0,1,1,0,0,0,0,1,0,1,0,1,1,0,0,0,1,0,0,0,0,0,1,0,0,1,1,1,0,1,0,1,1,1,0,0,1,0,0,1,1,0,0,0,0,0,0,0,1,1,0,0,0,1,0,0,1,0,1,1,0,1,1,0,1,0,1,1,0,1,0,1,1,1,1,0,1,0,0
CHEMBL220_75,34,33,-1,-1,-1,2.1818181818181817,2.6906633794452253,2.6624515542760574,5.508131606930638,0.11808363367716822,0.1243704955505071,1.5322114077103546,2.5987727144699946,0.1882323870353656,0.0950423338013834,-0.2253633423982681,-1.099646620576467,7.088235294117647,3.744709840264521,-0.09398997093642612,-0.9086029062331518,0.021111853832442067,0.05706496253794633,3.300496685322554,9.77107768682796,0.7941176470588235,0.40434491426080943,-1.4547859349066157,0.11640211640211495,2.1818181818181817,2.6906633794452253,2.6624515542760574,5.508131606930638,2.0,0.0,0,0,1.9411764705882353,2.287320246496892,3.1395424988318736,8.882941756949693,0.0,0.0,0,0,0.012532589172506716,0.03190248298511914,2.4318492410341124,4.588549700427921,0.045454545454545456,0.05125902302464673,2.687741584737138,5.606977397889336,0.04545454545454546,0.07820239938827495,2.8066375360582763,6.134027726250595,1.3636363636363635,0.4810456929208346,0.5669467095138417,-1.6785714285714275,-0.8199492067348338,66.0,240.0,0.0,194.0,1776.0,24.0,0.0,0.0,0.0,592.0,848.0,13080.0,0.0,0.0,0.0,0.0,106.0,0.0,0.0,0.0,12.0,0.0,0.0,0.0,0.0,0.0,0.0,0.0,0.0,0.0,36.0,1,1,0,1,1,1,0,0,0,1,1,1,0,0,0,0,1,0,0,0,1,0,0,0,0,0,0,0,0,0,1,6.375,0.739509972887452,1.593719451773774,0.7265306122448978,2.125,0.5994789404140899,-0.0543950645366282,-0.31379962192816624,0.0,0.0,0,0,3.3125,0.46351240544347894,0.8090398349558905,-1.3454545454545455,0.5,0.5,0.0,-2.0,12.758875,1.4746886059012598,1.593304327603085,0.7251269817516164,0.9375,0.9333240326917549,0.5855679748231968,-0.7285487341390335,438.52400000000017,81.01,4.582400000000004,0,11,0,0,0,0,0,0,0,0,0,0,0,0,0,0,0,0,0,0,0,0,0,0,0,1,0,0,0,0,0,0,0,0,0,0,0,0,0,0,0,0,0,0,0,0,0,0,0,0,0,0,0,0,0,0,0,0,0,1,0,0,0,0,0,0,0,0,0,0,0,0,0,0,0,0,0,0,0,0,0,0,0,0,1,0,0,1,1,0,0,1,1,0,0,1,0,0,0,1,1,0,1,1,0,0,1,1,1,0,1,1,1,1,0,1,1,1,1,1,1,0,0,0,1,1,0,1,1,1,1,1,0,0,1,0,0,0,1,1,1,0,1,0,1,1,0,1,1,1,1,1,0,1,1,1,1,1,1,1,1,1,1,1,1,1,1,1,0,1
CHEMBL220_76,36,35,-1,-1,-1,2.1666666666666665,2.8674417556808756,2.854547169626522,6.5334984477720965,0.11194185607905778,0.12347792772537648,1.624143422253096,2.8916666196663003,0.18694842983489693,0.09536018506615697,-0.19951093149015917,-1.1052573950545663,7.567592592592593,4.032273246907122,-0.08449311113258912,-0.879047060665886,0.02334267040149393,0.06191176783020758,3.4279488636706357,11.105980497154935,0.8055555555555556,0.39577241246597245,-1.5440972939559132,0.3842364532019702,2.1666666666666665,2.8674417556808756,2.854547169626522,6.5334984477720965,2.0,0.0,0,0,1.9444444444444444,2.4488596489482433,3.3441445517605644,10.174729666837866,0.0,0.0,0,0,0.02259129759129759,0.05256539108895502,2.0507643476594564,2.503402218655836,0.04166666666666665,0.04959896035824251,2.8539131200891377,6.528160390312857,0.041666666666666664,0.022167800095975854,0.32240993778608884,0.10582539106541411,1.25,0.4330127018922193,1.1547005383792515,-0.6666666666666665,-0.11422481998546634,70.0,282.0,0.0,234.0,2376.0,48.0,0.0,0.0,0.0,900.0,1152.0,19920.0,0.0,0.0,0.0,0.0,234.0,0.0,0.0,0.0,48.0,0.0,0.0,0.0,0.0,0.0,0.0,0.0,0.0,0.0,0.0,1,1,0,1,1,1,0,0,0,1,1,1,0,0,0,0,1,0,0,0,1,0,0,0,0,0,0,0,0,0,0,6.315789473684211,0.6922603388403109,1.868193902495674,1.6954793010123907,2.1578947368421053,0.5860804592452655,-0.04345289565163945,-0.27133194588969944,0.0,0.0,0,0,3.3157894736842106,0.464829519280413,0.7925939239012163,-1.3717948717948725,0.5263157894736842,0.4993069989739547,-0.10540925533894575,-1.98888888888889,12.640789473684213,1.38047122309157,1.8677662729248905,1.6937883890859737,0.9473684210526315,0.916152378185748,0.514761302581575,-0.8096591837401572,516.6380000000004,81.01,6.515800000000007,0,13,0,0,0,0,0,0,0,0,0,0,0,0,0,0,0,0,0,0,0,0,0,0,0,1,0,0,0,0,0,0,0,0,0,0,0,0,0,0,0,0,0,0,0,0,0,0,0,0,0,0,0,0,0,0,0,0,0,1,0,0,0,0,0,0,0,0,0,0,0,0,0,0,0,0,0,0,0,0,0,0,0,0,1,0,0,1,1,0,0,1,1,0,0,0,0,0,0,1,1,0,1,1,0,0,1,1,1,0,1,1,1,1,0,1,1,1,1,1,1,0,0,0,1,1,0,1,1,1,1,1,0,0,1,0,0,0,1,1,1,0,1,0,1,1,0,1,1,1,1,1,0,1,1,1,1,1,1,1,1,1,1,1,1,1,1,1,0,1
CHEMBL220_77,38,38,-1,-1,-1,2.230769230769231,3.1660177888087198,3.067767215514134,7.846330335972924,0.11181851112603373,0.11752621002670545,1.7825044763759752,4.055779195966221,0.19926680843143924,0.10174588679223776,-0.3070707311166057,-1.0418799451043366,8.438596491228072,4.462345882907458,-0.2000383212869625,-0.82002818720692,0.02177177177177178,0.0640446646745033,3.6502213618742574,12.150453426413003,0.8157894736842105,0.3876557858593746,-1.6292261599251139,0.6543778801843323,2.230769230769231,3.1660177888087198,3.067767215514134,7.846330335972924,2.0,0.0,0,0,2.0,2.7144835701531846,3.5918434383634104,11.949897959183675,0.0,0.0,0,0,0.0339748046455108,0.08893528997300247,3.916610666616767,17.05497594979996,0.03846153846153846,0.04978642569632676,3.0891846108151335,7.921227621035127,0.0384615384615387,10.377185508705656,2.9654694866645794,7.514479930738135,1.3076923076923077,0.46153846153846145,0.8333333333333339,-1.3055555555555547,-0.11916692839380402,76.0,356.0,0.0,294.0,3570.0,56.0,0.0,0.0,0.0,1222.0,1646.0,36024.0,0.0,0.0,0.0,0.0,296.0,0.0,0.0,0.0,48.0,0.0,0.0,0.0,0.0,0.0,0.0,0.0,0.0,0.0,36.0,1,1,0,1,1,1,0,0,0,1,1,1,0,0,0,0,1,0,0,0,1,0,0,0,0,0,0,0,0,0,1,6.153846153846154,0.455083060238432,3.0280669583701676,8.347755102040804,2.1538461538461537,0.6007884366082041,0.9886126303015416,2.0843859177640454,0.0,0.2773500981126146,0.0,10.0,3.6538461538461537,0.47574295680203776,-0.646761666763554,-1.5816993464052294,0.34615384615384615,0.47574295680203776,0.6467616667635548,-1.5816993464052287,12.317923076923078,0.9077217857012615,3.026454352952399,8.335761647294092,1.3846153846153846,0.8355984993230935,-0.4236203538294826,-0.8537776501005458,356.5540000000003,38.849999999999994,6.185600000000006,1,9,0,0,0,0,0,0,0,0,0,0,0,0,0,1,0,0,0,0,0,1,0,0,0,0,1,0,0,0,0,0,1,0,0,0,0,0,0,0,0,0,0,0,0,0,0,0,0,0,0,1,0,0,0,0,0,0,0,0,0,0,0,0,0,0,0,1,0,0,0,0,0,1,0,0,0,0,0,0,0,0,0,0,0,1,0,1,1,0,0,0,1,1,0,0,1,0,1,0,0,0,1,1,1,0,0,1,0,0,0,0,0,1,1,0,1,1,1,0,1,0,0,1,1,0,1,1,0,0,1,1,0,0,1,0,0,0,0,1,1,0,0,0,1,0,0,0,0,1,1,0,0,1,0,1,0,1,1,0,1,0,1,1,1,1,1,1,0,0
CHEMBL220_78,37,33,-1,-1,-1,2.0,2.6865202966565924,2.9733450430916224,7.3648570184351865,0.10656725195421282,0.12518165935133765,1.9316366851315792,5.25407810300208,0.15716509184725203,0.08455143586969814,-0.11805492746490653,-1.1350113802038877,6.663963963963963,3.8035140885929195,0.012038299269791714,-0.9034156451746989,0.02140712140712141,0.05922130669031057,3.213191139085568,9.467232655064574,0.8108108108108109,0.3916588309780929,-1.5871507864874157,0.5190476190476199,2.0,2.6865202966565924,2.9733450430916224,7.3648570184351865,2.0,0.0,0,0,1.7837837837837838,2.2316535517127583,3.554968969259947,11.952950668691352,0.0,0.0,0,0,0.005465092421614161,0.01579059305068694,2.579696520003229,4.766506098125949,0.04347826086956519,0.05304718579754025,2.9906769719639543,7.507529902059527,0.04347826086956524,0.6460043307281034,-3.1455524055721615,9.084754235180679,1.173913043478261,0.3790346907426672,1.7206180040292134,0.9605263157894743,0.09359559955446659,66.0,236.0,0.0,94.0,1884.0,8.0,0.0,0.0,0.0,368.0,388.0,15024.0,0.0,0.0,0.0,0.0,34.0,0.0,0.0,0.0,0.0,0.0,0.0,0.0,0.0,0.0,0.0,0.0,0.0,0.0,0.0,1,1,0,1,1,1,0,0,0,1,1,1,0,0,0,0,1,0,0,0,0,0,0,0,0,0,0,0,0,0,0,6.541666666666667,0.8154327412825386,1.0184834931509616,-0.7264757411939562,2.0833333333333335,0.7592027982620249,-0.1401808621555087,-1.2550442734794596,0.0,0.0,0,0,3.2083333333333335,0.40611643103370676,1.4363696929192151,0.06315789473684186,0.25,0.4330127018922193,1.1547005383792515,-0.6666666666666665,13.091333333333333,1.6261135330050678,1.0179040259611567,-0.7277787949880077,0.7083333333333334,0.8887803753208975,0.9604881333645392,-0.1933969327375924,331.3280000000001,121.44,0.38419999999999976,0,6,0,0,0,0,0,0,0,0,0,0,0,0,0,0,0,0,0,0,0,0,0,0,0,0,0,0,0,0,0,0,0,0,0,0,0,0,0,0,0,0,0,0,0,0,0,0,0,0,0,0,0,0,0,0,0,0,0,0,0,0,0,0,0,0,0,0,0,0,0,0,0,0,1,0,0,0,0,0,0,0,0,0,1,0,0,0,0,0,0,1,1,0,1,0,0,1,0,0,1,0,1,1,0,0,1,1,0,0,0,0,1,1,0,0,1,1,0,1,1,0,0,1,0,0,0,0,0,1,1,1,0,1,1,1,0,1,1,1,0,0,1,0,1,1,1,1,1,1,0,0,1,1,1,1,1,1,1,0,1,1,1,1,1,1,1,1,0,0
CHEMBL220_79,38,38,-1,-1,-1,2.230769230769231,3.1660177888087198,3.0677672155141336,7.846330335972924,0.1118185111260337,0.11752621002670545,1.7825044763759756,4.055779195966222,0.1992668084314392,0.10174588679223776,-0.3070707311166048,-1.0418799451043375,8.438596491228072,4.462345882907458,-0.20003832128696247,-0.82002818720692,0.02177177177177178,0.06404466467450332,3.6502213618742547,12.150453426412994,0.8157894736842105,0.3876557858593746,-1.6292261599251139,0.6543778801843323,2.230769230769231,3.1660177888087198,3.0677672155141336,7.846330335972924,2.0,0.0,0,0,2.0,2.7144835701531846,3.5918434383634104,11.949897959183675,0.0,0.0,0,0,0.0339748046455108,0.08893528997300247,3.916610666616767,17.05497594979996,0.038461538461538464,0.04978642569632678,3.089184610815132,7.921227621035122,0.03846153846153847,0.8362676551218045,-2.9195054346993734,7.315319569535918,1.3076923076923077,0.46153846153846145,0.8333333333333339,-1.3055555555555545,1.8208127803166991,76.0,356.0,0.0,294.0,3570.0,56.0,0.0,0.0,0.0,1222.0,1646.0,36024.0,0.0,0.0,0.0,0.0,296.0,0.0,0.0,0.0,48.0,0.0,0.0,0.0,0.0,0.0,0.0,0.0,0.0,0.0,36.0,1,1,0,1,1,1,0,0,0,1,1,1,0,0,0,0,1,0,0,0,1,0,0,0,0,0,0,0,0,0,1,8.5625,7.057520368373017,3.291428708454957,9.356340693308605,2.125,0.6959705453537527,0.382385481734424,0.26014568158168583,0.0,0.0,0,0,3.28125,0.4496092053105675,0.9730672655996823,-1.0531400966183575,0.5625,0.49607837082461076,-0.25197631533948484,-1.9365079365079365,17.753812499999995,16.444343682626673,3.367046346750961,9.779445050593965,0.625,0.81967981553775,1.1277801247853088,0.39480800432666285,588.2820000000002,128.22000000000003,3.572700000000003,0,11,0,0,0,0,0,0,0,0,0,0,0,0,0,0,0,0,0,0,0,0,0,0,0,0,0,0,0,0,0,0,0,0,0,1,0,0,0,1,1,0,0,0,0,1,0,0,1,0,0,0,0,0,0,0,0,1,0,0,1,0,1,1,1,0,0,1,0,1,0,1,0,0,1,1,0,0,0,1,0,0,1,0,1,0,0,0,0,1,1,0,1,1,1,0,1,0,0,1,1,0,1,0,1,0,1,0,1,1,0,1,1,1,1,1,1,1,0,1,1,0,1,1,0,0,1,1,1,1,0,0,1,1,1,1,1,1,1,1,1,0,1,0,1,1,1,1,1,1,1,0,1,1,0,1,0,1,1,1,1,1,1,1,1,1,1,1,0,0
CHEMBL220_80,36,34,-1,-1,-1,2.0833333333333335,2.752524094152291,2.8981537436461835,6.888586812693806,0.11225149746025494,0.12319650602069915,1.6992747873899252,3.4950516329048904,0.18157800572185545,0.09104469642774335,-0.20683881784023375,-1.0554157770101165,7.40925925925926,3.909407071262089,-0.07857193832440287,-0.8350381383732541,0.024463118580765643,0.06457745442292585,3.2127525810484676,9.445322257119706,0.8055555555555556,0.39577241246597245,-1.5440972939559128,0.38423645320197064,2.0833333333333335,2.752524094152291,2.8981537436461835,6.888586812693806,2.0,0.0,0,0,1.8888888888888888,2.354402233379677,3.364098272052219,10.462284413271755,0.0,0.0,0,0,0.011651475119596641,0.030290349817063248,2.4327607547710657,4.463871806512656,0.041666666666666664,0.04973767302614973,2.9131843013157024,7.004522985590327,0.04166666666666668,0.12688923385728973,3.078991744738766,7.916543450178066,1.2083333333333333,0.40611643103370687,1.4363696929192162,0.06315789473684275,-1.8563799601859081,68.0,260.0,0.0,180.0,2106.0,24.0,0.0,0.0,0.0,616.0,840.0,17040.0,0.0,0.0,0.0,0.0,112.0,0.0,0.0,0.0,12.0,0.0,0.0,0.0,0.0,0.0,0.0,0.0,0.0,0.0,0.0,1,1,0,1,1,1,0,0,0,1,1,1,0,0,0,0,1,0,0,0,1,0,0,0,0,0,0,0,0,0,0,6.2,0.5099019513592784,2.534423900247301,5.390532544378695,2.2,0.6,-0.11111111111111194,-0.4444444444444442,0.0,0.0,0,0,3.4,0.48989794855663565,0.4082482904638634,-1.8333333333333333,0.5,0.5,0.0,-2.0,12.41,1.017058405402561,2.5329410188724766,5.3812264766777975,1.1,1.0440306508910548,0.3268911725708882,-1.2445080380439348,270.37600000000003,34.150000000000006,3.9441000000000033,0,4,0,0,0,0,0,0,0,0,0,0,0,0,0,0,0,0,0,0,0,0,0,0,0,0,0,0,0,0,0,0,0,0,0,0,0,0,0,0,0,0,0,0,0,0,0,0,0,0,0,0,0,0,0,0,0,0,0,0,0,0,0,0,0,0,0,1,0,0,0,0,0,0,0,0,0,0,0,0,0,0,1,0,1,0,0,0,0,0,0,0,1,1,0,1,0,0,0,0,1,0,1,1,0,0,1,1,0,0,0,0,0,1,0,1,1,1,0,0,1,0,0,1,0,0,0,1,1,1,1,1,0,0,0,1,0,1,0,1,0,0,0,0,1,1,1,1,0,1,0,1,0,1,1,1,0,1,1,1,1,0,1,1,1,1,1,1,0,1
CHEMBL220_81,34,33,-1,-1,-1,2.1818181818181817,2.724240738867581,2.789626921848794,6.475062127668027,0.11682749761087151,0.12555118680388558,1.7265677144271572,4.073225540636053,0.18609361214641965,0.09482632986499133,-0.1461383133498085,-1.0435855132136942,7.041176470588235,3.738381205917016,-0.04680565890526951,-0.8416610458730478,0.021780303030303032,0.06056644552541802,3.4594387734914447,11.366762547902889,0.7941176470588235,0.40434491426080943,-1.4547859349066157,0.11640211640211495,2.1818181818181817,2.724240738867581,2.789626921848794,6.475062127668027,2.0,0.0,0,0,1.9411764705882353,2.312894500157353,3.280691295650906,10.183214538541222,0.0,0.0,0,0,0.04825388999750362,0.17003407914128282,5.146425982069441,25.878140796302738,0.045454545454545435,0.05178416258899511,2.7869634113648614,6.359271772711875,0.04545454545454546,0.033707779770238464,-0.5075221684788902,-0.27124117054912755,1.3636363636363635,0.48104569292083466,0.5669467095138415,-1.6785714285714282,-0.6857883103336391,66.0,244.0,0.0,200.0,1890.0,32.0,0.0,0.0,0.0,580.0,922.0,15024.0,0.0,0.0,0.0,0.0,126.0,0.0,0.0,0.0,12.0,0.0,0.0,0.0,0.0,0.0,0.0,0.0,0.0,0.0,0.0,1,1,0,1,1,1,0,0,0,1,1,1,0,0,0,0,1,0,0,0,1,0,0,0,0,0,0,0,0,0,0,6.296296296296297,0.5972042776517444,1.867199812239082,2.2389940828402306,2.1481481481481484,0.5902732389077491,-0.048417849530347015,-0.2824415648831291,0.0,0.0,0,0,3.259259259259259,0.43822813208145306,1.0987005311470726,-0.7928571428571418,0.5925925925925926,0.4913518207933925,-0.3768891807222045,-1.8579545454545452,12.602111111111112,1.1911746251722801,1.8658484523298047,2.23262478462635,0.9629629629629629,0.9993138935727439,0.7421656963108197,-0.5584696896510084,366.4650000000001,68.30000000000001,4.1235000000000035,0,9,0,0,0,0,0,0,0,0,0,0,0,0,0,0,0,0,0,0,0,0,0,0,0,0,0,1,0,0,0,0,0,0,0,0,0,0,0,0,1,0,0,0,0,0,0,0,0,0,0,0,0,0,0,1,0,0,0,0,0,0,0,0,0,0,0,1,0,0,0,0,0,0,1,0,0,0,0,1,0,0,1,0,1,0,0,0,0,0,0,0,0,0,0,1,0,0,0,0,1,0,1,1,0,0,1,1,1,0,0,0,0,1,0,1,1,1,0,0,1,0,1,1,0,0,0,1,1,1,0,0,0,1,0,1,0,1,0,1,1,0,0,1,1,1,1,1,0,1,0,1,1,1,1,1,0,1,1,1,1,1,1,1,1,1,1,1,0,1
CHEMBL220_82,35,33,-1,-1,-1,2.0869565217391304,2.6851126359381756,2.8853275186603784,7.006553698198536,0.11513711892410478,0.12375327234980549,1.8611983189112844,5.041332948425461,0.18313356523083602,0.09067874336157526,-0.26410350013983647,-1.0412023835494526,7.207619047619048,3.7624804863853902,-0.11848460640212029,-0.8268861403451426,0.022969187675070033,0.06204848958346851,3.298636788748984,10.10109489717396,0.8,0.4,-1.5,0.24999999999999956,2.0869565217391304,2.6851126359381756,2.8853275186603784,7.006553698198536,2.0,0.0,0,0,1.8857142857142857,2.289995989658729,3.3522237310535723,10.649380378530697,0.0,0.0,0,0,0.004989119303635432,0.014460575796274319,2.7697255506091945,6.228759689040416,0.043478260869565195,0.05132749269978275,2.917162647637759,7.170492405077157,0.04347826086956521,0.030084725663679278,-0.5738290078903727,-0.2792741552349596,1.3043478260869565,0.4601306627938419,0.850420064270761,-1.2767857142857149,-0.16049990090525285,66.0,242.0,0.0,136.0,1890.0,8.0,0.0,0.0,0.0,402.0,572.0,15024.0,0.0,0.0,0.0,0.0,34.0,0.0,0.0,0.0,0.0,0.0,0.0,0.0,0.0,0.0,0.0,0.0,0.0,0.0,24.0,1,1,0,1,1,1,0,0,0,1,1,1,0,0,0,0,1,0,0,0,0,0,0,0,0,0,0,0,0,0,1,6.3076923076923075,0.605692913385524,1.8066792260349687,2.001560874089491,2.1538461538461537,0.6007884366082041,-0.07556274881285609,-0.36818059661381275,0.0,0.0,0,0,3.230769230769231,0.42132504423474315,1.278019300845387,-0.3666666666666676,0.6153846153846154,0.4865042554105199,-0.4743416490252571,-1.7749999999999997,12.624846153846153,1.2081035262664852,1.8053361295049768,1.995420326511633,0.9230769230769231,0.9970370305242862,0.8528015502369184,-0.3594812925170072,352.43800000000005,68.30000000000001,4.081000000000003,0,8,0,0,0,0,0,0,0,0,0,0,0,0,0,0,0,0,0,0,0,0,0,0,0,0,0,1,0,0,0,0,0,0,0,0,0,0,0,0,1,0,0,0,0,0,0,0,0,0,0,0,0,0,0,1,0,0,0,0,0,0,0,0,0,0,0,1,0,0,0,0,0,0,1,0,0,0,0,1,0,0,1,0,1,0,0,0,0,0,0,0,0,0,0,1,0,0,0,0,1,0,1,1,0,0,1,1,1,0,0,0,0,1,0,1,1,1,0,0,1,0,1,1,0,0,0,1,1,1,0,0,0,1,0,1,0,1,0,1,1,0,0,1,1,1,1,1,0,1,0,1,1,1,1,1,0,1,1,1,1,1,1,1,1,1,1,1,0,1
CHEMBL220_83,37,35,-1,-1,-1,2.1739130434782608,2.914016709585398,2.8324091925104407,6.297467586583137,0.11090360406689341,0.12135657226537332,1.6634711386800074,3.3791660880037346,0.16877761736082633,0.09354016448798878,-0.11654462415659914,-1.1685726619260364,7.018918918918919,4.050590662749025,-0.03757283918444397,-0.986556054035284,0.018747318747318747,0.05555627607283929,3.5853490618453643,11.776862454224563,0.8108108108108109,0.3916588309780929,-1.5871507864874157,0.5190476190476199,2.1739130434782608,2.914016709585398,2.8324091925104407,6.297467586583137,2.0,0.0,0,0,1.8918918918918919,2.4137420066774173,3.459303913167014,10.87915923044962,0.0,0.0,0,0,0.04559865240979792,0.16368520457690713,5.3475916705890745,28.245316228256794,0.043478260869565216,0.05348129670528976,2.845916828712845,6.304097711914331,0.04347826086956521,0.08314707864044076,2.946774064188268,6.9766114216597686,1.3478260869565217,0.47628048478710105,0.6390096504226936,-1.5916666666666672,-1.837419344392137,70.0,278.0,0.0,174.0,2370.0,32.0,0.0,0.0,0.0,700.0,820.0,19920.0,0.0,0.0,0.0,0.0,134.0,0.0,0.0,0.0,12.0,0.0,0.0,0.0,0.0,0.0,0.0,0.0,0.0,0.0,0.0,1,1,0,1,1,1,0,0,0,1,1,1,0,0,0,0,1,0,0,0,1,0,0,0,0,0,0,0,0,0,0,6.466666666666667,0.805536398239638,2.0213990402438657,3.6476824920247743,2.2666666666666666,0.6798692684790381,0.2479737670256848,0.03272928994082758,0.0,0.0,0,0,3.2,0.39999999999999997,1.4999999999999991,0.2499999999999969,0.8,0.4,-1.5,0.24999999999999822,13.009066666666667,1.8223094675591074,2.300680581297281,4.861077223119132,0.5333333333333333,0.7630348761506397,1.4632875574918465,1.7355631956179725,406.40000000000003,86.68,3.4811000000000014,0,5,0,0,0,0,0,0,0,0,0,0,0,0,0,0,0,0,0,0,0,0,0,0,0,0,0,1,0,0,0,0,0,0,0,0,0,0,0,0,1,0,0,0,1,0,0,0,0,0,0,0,0,0,1,0,0,0,0,0,0,0,0,0,1,0,0,1,0,0,0,0,0,0,0,0,0,1,0,1,0,1,1,0,0,1,0,0,0,0,0,0,0,0,0,0,1,0,1,0,1,0,1,1,0,0,0,1,1,1,0,0,0,1,1,0,1,1,0,0,1,0,1,1,1,0,1,1,0,0,0,0,1,0,0,0,1,0,0,1,0,0,0,0,1,0,0,1,0,1,1,0,0,0,0,1,0,1,1,0,1,0,1,1,1,1,0,1,0,0
CHEMBL220_84,39,37,-1,-1,-1,2.074074074074074,2.9929042741980623,3.11981365172675,8.071420396849035,0.11286242909922468,0.11359180313230412,1.8104891175352391,4.274641233234162,0.19241375222037652,0.09521890457497226,-0.3638863946045291,-0.8755810866274008,8.435897435897438,4.3608781664526015,-0.23297996135992355,-0.6976398862768871,0.023452602399970823,0.07142278638683112,3.4283821346650716,10.785757050336626,0.8205128205128205,0.3837597319768145,-1.6703827619526517,0.7901785714285703,2.074074074074074,2.9929042741980623,3.11981365172675,8.071420396849035,2.0,0.0,0,0,1.8974358974358974,2.5799510211497982,3.5983457158822656,11.88788567398397,0.0,0.0,0,0,0.019198398476844365,0.08015476108262803,5.543568024599861,30.215819479673605,0.03703703703703703,0.04898566072834763,3.1544522138575233,8.260868658742599,0.03703703703703704,0.017036752140392207,0.35721093082150274,1.9093417006748234,1.2222222222222223,0.41573970964154905,1.3363062095621212,-0.2142857142857153,-0.32230019262319637,74.0,326.0,0.0,190.0,3102.0,16.0,0.0,0.0,0.0,604.0,1016.0,29160.0,0.0,0.0,0.0,0.0,66.0,0.0,0.0,0.0,0.0,0.0,0.0,0.0,0.0,0.0,0.0,0.0,0.0,0.0,12.0,1,1,0,1,1,1,0,0,0,1,1,1,0,0,0,0,1,0,0,0,0,0,0,0,0,0,0,0,0,0,1,6.464285714285714,0.7783748113465488,1.2547833191488826,-0.17972299168975203,2.0714285714285716,0.703489842985436,-0.10048786788951365,-0.9797002869592943,0.0,0.2672612419124244,0.0,11.0,3.2857142857142856,0.45175395145262565,0.9486832980505147,-1.0999999999999994,0.42857142857142855,0.4948716593053935,0.28867513459481287,-1.916666666666667,12.937000000000003,1.5522269716212809,1.254207765223963,-0.18130774535576322,0.8928571428571429,0.9761178834797464,0.9066204606912843,-0.19596458121643234,387.43600000000004,93.94,3.7749000000000024,1,9,0,0,0,0,0,0,0,0,0,0,0,0,0,0,0,0,0,0,0,0,0,0,0,1,1,0,0,0,0,0,0,0,0,0,0,0,0,0,0,0,0,0,0,0,0,0,0,0,0,1,0,0,0,0,0,0,1,0,0,0,0,0,0,1,0,0,0,0,0,0,1,1,0,0,0,0,0,0,0,0,0,0,0,0,0,1,1,0,0,0,1,0,0,1,1,0,0,1,0,0,1,0,1,0,1,0,1,0,1,1,1,1,0,1,1,1,1,1,1,1,0,0,1,1,1,1,1,1,0,0,1,0,1,1,0,1,1,0,1,0,1,1,1,1,0,1,1,1,1,1,0,1,1,1,1,1,1,1,1,1,1,1,1,1,1,1,0,1
CHEMBL220_85,35,32,-1,-1,-1,2.0,2.502172968684897,2.7975683885990863,6.104166666666666,0.11516286649047687,0.12372931242484608,1.5707203384021604,2.698011822123937,0.17050369843899418,0.08327203639408673,-0.1603059988193373,-0.9926082881581229,6.854829931972789,3.5633780687261374,-0.035430457983435845,-0.8097028664223296,0.02643239113827349,0.06777669665525682,3.060731168622183,8.505321070378733,0.8,0.4,-1.5,0.24999999999999956,2.0,2.502172968684897,2.7975683885990863,6.104166666666666,2.0,0.0,0,0,1.8285714285714285,2.1445707434051657,3.2123831972605843,9.197168378659464,0.0,0.0,0,0,0.005559146735617325,0.01585411273508363,2.6395166576647564,5.353559170975306,0.043478260869565216,0.048936538297658136,2.7890537893530296,6.07151816285006,0.043478260869565216,0.05137459081272994,-1.4831872557931085,2.0053864566671216,1.173913043478261,0.3790346907426672,1.720618004029213,0.9605263157894743,1.0364680366122079,64.0,214.0,0.0,110.0,1500.0,8.0,0.0,0.0,0.0,346.0,432.0,10200.0,0.0,0.0,0.0,0.0,32.0,0.0,0.0,0.0,0.0,0.0,0.0,0.0,0.0,0.0,0.0,0.0,0.0,0.0,0.0,1,1,0,1,1,1,0,0,0,1,1,1,0,0,0,0,1,0,0,0,0,0,0,0,0,0,0,0,0,0,0,6.269230769230769,0.6538461538461539,2.1347445552615514,2.749368422312954,2.1538461538461537,0.7174906963914472,-0.23660414561937507,-1.0432025366627027,0.0,0.0,0,0,3.3076923076923075,0.46153846153846156,0.8333333333333348,-1.3055555555555542,0.46153846153846156,0.4985185152621431,0.1543033499620917,-1.9761904761904758,12.54792307692308,1.303855257513034,2.134366408535246,2.7476775976975363,0.9615384615384616,1.0912508430085468,0.786519013524083,-0.7538999267003597,351.4460000000001,38.77,3.9779000000000035,0,6,0,0,0,0,0,0,0,0,0,0,0,0,0,0,0,0,0,0,0,0,0,0,0,0,0,0,0,0,0,0,0,0,0,0,0,0,0,0,0,0,0,0,0,0,0,0,0,0,0,0,1,0,0,0,0,0,0,0,0,0,0,0,0,0,0,0,0,0,0,0,0,0,1,0,0,0,1,0,0,0,0,0,0,0,0,1,1,0,0,0,0,0,0,1,0,0,1,0,0,1,1,1,0,0,0,1,0,0,0,0,0,0,0,1,1,1,1,0,0,0,0,0,1,0,0,1,1,1,0,0,0,0,0,0,0,0,0,0,1,0,0,1,0,1,1,1,1,0,1,1,1,0,1,1,1,1,0,1,1,1,1,1,1,1,1,1,0,1
CHEMBL220_86,36,33,-1,-1,-1,2.0,2.614064523559687,2.8550996224007053,6.526472337894111,0.11399937758938054,0.12158091826849977,1.6779476361604595,3.383287198770269,0.1778525401033558,0.08787444742120373,-0.20928292418243183,-0.9637433465546046,7.25925925925926,3.784084695427331,-0.0785587149853943,-0.7773827500850472,0.025210084033613446,0.06825083879549547,3.1227854914967956,9.00931776714456,0.8055555555555556,0.3957724124659724,-1.544097293955913,0.3842364532019724,2.0,2.614064523559687,2.8550996224007053,6.526472337894111,2.0,0.0,0,0,1.8333333333333333,2.242270674512285,3.28363535546538,9.773511187082194,0.0,0.0,0,0,0.004074587407920741,0.012197393423899474,3.016418835522425,8.200425911328464,0.041666666666666664,0.049284424711593805,2.8529703205041366,6.504585206602622,0.041666666666666664,0.046808841156994255,2.8993399997162674,7.2014830215403975,1.1666666666666667,0.37267799624996495,1.788854381999831,1.1999999999999984,0.364007880087416,66.0,236.0,0.0,136.0,1776.0,8.0,0.0,0.0,0.0,386.0,614.0,13080.0,0.0,0.0,0.0,0.0,36.0,0.0,0.0,0.0,0.0,0.0,0.0,0.0,0.0,0.0,0.0,0.0,0.0,0.0,0.0,1,1,0,1,1,1,0,0,0,1,1,1,0,0,0,0,1,0,0,0,0,0,0,0,0,0,0,0,0,0,0,6.269230769230769,0.6538461538461539,2.1347445552615514,2.749368422312954,2.1538461538461537,0.7174906963914472,-0.23660414561937507,-1.0432025366627027,0.0,0.0,0,0,3.3846153846153846,0.4865042554105199,0.4743416490252571,-1.7749999999999995,0.46153846153846156,0.4985185152621431,0.1543033499620917,-1.9761904761904758,12.54792307692308,1.303855257513034,2.134366408535246,2.7476775976975363,1.0384615384615385,1.0912508430085468,0.6341539407639062,-0.954188495814206,353.46200000000005,38.77,3.753200000000003,1,7,0,0,0,0,0,0,0,0,0,0,0,0,0,0,0,0,0,0,0,0,0,0,0,0,0,0,0,0,0,0,0,0,0,0,0,0,0,0,0,0,0,0,0,0,0,0,0,0,0,0,0,0,0,0,0,0,0,0,0,0,0,0,0,0,0,0,0,0,0,0,0,0,1,0,0,0,0,0,0,0,0,0,0,0,0,1,1,0,0,0,0,0,0,1,0,0,1,0,0,0,1,1,0,0,0,1,0,0,0,0,0,0,0,1,1,1,1,0,0,0,0,0,1,0,0,1,1,1,0,0,0,0,0,0,0,0,0,0,1,0,0,1,0,1,1,1,1,0,1,1,1,0,1,1,1,1,0,1,1,1,1,1,1,1,1,1,0,1
CHEMBL220_87,35,34,-1,-1,-1,2.1739130434782608,2.776487833232974,2.854803761510223,6.584410637973933,0.11560828136314115,0.1233132346980216,1.6793552677354273,3.64693732715046,0.1831465129208017,0.09249335567015153,-0.1688737840634398,-1.0524457717636269,7.244761904761906,3.8274442785252174,-0.07906160969191604,-0.8543686288750347,0.02327476445123504,0.06368786836927899,3.4306207444707897,10.747644708080653,0.8,0.4,-1.5,0.24999999999999956,2.1739130434782608,2.776487833232974,2.854803761510223,6.584410637973933,2.0,0.0,0,0,1.9428571428571428,2.365741890798223,3.343842570277884,10.27199012456957,0.0,0.0,0,0,0.0481283422459893,0.16792090818593006,5.192131309417307,26.507594065613254,0.043478260869565195,0.05044447833331403,2.8525993787440105,6.498672895590811,0.04347826086956521,0.20990631616048097,-2.5602442152293077,5.655593750524957,1.3478260869565217,0.47628048478710094,0.6390096504226941,-1.5916666666666663,-0.11329584111495997,68.0,260.0,0.0,186.0,2100.0,32.0,0.0,0.0,0.0,640.0,838.0,17040.0,0.0,0.0,0.0,0.0,128.0,0.0,0.0,0.0,12.0,0.0,0.0,0.0,0.0,0.0,0.0,0.0,0.0,0.0,0.0,1,1,0,1,1,1,0,0,0,1,1,1,0,0,0,0,1,0,0,0,1,0,0,0,0,0,0,0,0,0,0,6.269230769230769,0.6538461538461539,2.1347445552615514,2.749368422312954,2.1538461538461537,0.7174906963914472,-0.23660414561937498,-1.0432025366627034,0.0,0.0,0,0,3.3076923076923075,0.46153846153846156,0.8333333333333348,-1.3055555555555542,0.46153846153846156,0.49851851526214314,0.15430334996209166,-1.9761904761904763,12.547923076923079,1.3038552575130338,2.1343664085352505,2.7476775976975505,0.9615384615384616,1.0912508430085468,0.7865190135240826,-0.7538999267003601,351.4460000000001,38.77,3.9779000000000035,0,6,0,0,0,0,0,0,0,0,0,0,0,0,0,0,0,0,0,0,0,0,0,0,0,0,0,0,0,0,0,0,0,0,0,0,0,0,0,0,0,0,0,0,0,0,0,0,0,0,0,0,1,0,0,0,0,0,0,0,0,0,0,0,0,0,0,0,0,0,0,0,0,0,1,0,0,0,1,0,0,0,0,0,0,0,0,1,1,0,0,0,0,0,0,1,0,0,1,0,0,1,1,1,0,0,0,1,0,0,0,0,0,0,0,1,1,1,1,0,0,0,0,0,1,0,0,1,1,1,0,0,0,0,0,0,0,0,0,0,1,0,0,1,0,1,1,1,1,0,1,1,1,0,1,1,1,1,0,1,1,1,1,1,1,1,1,1,0,1
CHEMBL220_88,35,32,-1,-1,-1,2.0,2.5194892512087685,2.7402814224068353,5.858603865640834,0.11558918614389953,0.12333113401740667,1.5695746196012061,2.6549478758610325,0.17450061084744592,0.08585243290640707,-0.17538745850361473,-0.9825949043924878,6.938095238095238,3.61534334233876,-0.04440274017368819,-0.8060024814778752,0.02531194295900178,0.06666632622821257,3.0007262299155233,8.126578412698429,0.8,0.4,-1.5,0.24999999999999956,2.0,2.5194892512087685,2.7402814224068353,5.858603865640834,2.0,0.0,0,0,1.8285714285714285,2.15785229582848,3.156355846340301,8.902736127694654,0.0,0.0,0,0,0.004412226429033152,0.012973356920322277,2.9585771936525846,7.895269336476101,0.043478260869565216,0.04954170063205192,2.7430329189833906,5.876180402519681,0.043478260869565216,1.0303171138421237,2.6412596469447203,5.4916833787219215,1.173913043478261,0.3790346907426672,1.720618004029213,0.9605263157894743,0.04210322882929221,64.0,216.0,0.0,128.0,1506.0,8.0,0.0,0.0,0.0,348.0,540.0,10200.0,0.0,0.0,0.0,0.0,34.0,0.0,0.0,0.0,0.0,0.0,0.0,0.0,0.0,0.0,0.0,0.0,0.0,0.0,0.0,1,1,0,1,1,1,0,0,0,1,1,1,0,0,0,0,1,0,0,0,0,0,0,0,0,0,0,0,0,0,0,6.269230769230769,0.6538461538461539,2.1347445552615514,2.749368422312954,2.1538461538461537,0.7174906963914472,-0.23660414561937498,-1.0432025366627034,0.0,0.0,0,0,3.3846153846153846,0.4865042554105199,0.4743416490252571,-1.7749999999999997,0.46153846153846156,0.49851851526214314,0.15430334996209166,-1.9761904761904763,12.547923076923079,1.3038552575130338,2.1343664085352505,2.7476775976975505,1.0384615384615385,1.0912508430085468,0.6341539407639063,-0.954188495814206,353.4620000000001,38.77,3.753200000000003,1,7,0,0,0,0,0,0,0,0,0,0,0,0,0,0,0,0,0,0,0,0,0,0,0,0,0,0,0,0,0,0,0,0,0,0,0,0,0,0,0,0,0,0,0,0,0,0,0,0,0,0,0,0,0,0,0,0,0,0,0,0,0,0,0,0,0,0,0,0,0,0,0,0,1,0,0,0,0,0,0,0,0,0,0,0,0,1,1,0,0,0,0,0,0,1,0,0,1,0,0,0,1,1,0,0,0,1,0,0,0,0,0,0,0,1,1,1,1,0,0,0,0,0,1,0,0,1,1,1,1,0,0,0,0,0,0,0,0,0,1,0,0,1,0,1,1,1,1,0,1,1,1,0,1,1,1,1,0,1,1,1,1,1,1,1,1,1,0,1
CHEMBL220_89,46,45,-1,-1,-1,2.1875,3.7285846845686637,3.524058710272962,10.676737919553188,0.10242040297033583,0.10606220575764311,2.0952378176210713,5.8550516226496025,0.1987425385621589,0.1073730579334814,-0.4280790427874809,-1.0008069274884965,10.166666666666668,5.63380282753283,-0.3377239653260464,-0.7978391727307388,0.018379446640316204,0.0636125146369582,4.131049795377826,15.913212611199864,0.8478260869565217,0.3591893835186588,-1.9367281045401694,1.7509157509157536,2.1875,3.7285846845686637,3.524058710272962,10.676737919553188,2.0,0.0,0,0,1.9565217391304348,3.1825374190165383,4.162958321343377,16.119695010799024,0.0,0.0,0,0,0.024265292287557104,0.07794256405283455,5.0214940459877235,27.280452658562975,0.03125000000000001,0.049007710242228705,3.544138121975199,10.757659730005338,0.03125,0.4416038292098647,-3.42020169593689,10.24751725999336,1.25,0.4330127018922193,1.1547005383792515,-0.6666666666666665,-0.21578730254418071,90.0,552.0,0.0,348.0,7506.0,56.0,0.0,0.0,0.0,2008.0,2554.0,100920.0,0.0,0.0,0.0,0.0,386.0,0.0,0.0,0.0,48.0,0.0,0.0,0.0,0.0,0.0,0.0,0.0,0.0,0.0,36.0,1,1,0,1,1,1,0,0,0,1,1,1,0,0,0,0,1,0,0,0,1,0,0,0,0,0,0,0,0,0,1,6.871794871794871,2.232389626633735,3.4936349043582045,11.376594565618454,2.2051282051282053,0.6861070851415205,0.18779828657272737,-0.06619643581660961,0.0,0.0,0,0,3.3846153846153846,0.4865042554105198,0.4743416490252574,-1.7749999999999992,0.5641025641025641,0.49587383604650553,-0.2585438449975096,-1.9331550802139037,13.781435897435898,4.502869608086529,3.4381104459269918,11.011482435958289,0.8205128205128205,0.8733018649193026,0.8177547781069415,-0.15834720570749017,569.7320000000002,107.11000000000001,4.268600000000003,2,11,0,0,0,0,0,0,0,0,0,0,0,0,0,0,0,0,0,0,0,0,0,0,0,0,0,0,0,0,0,0,0,0,0,1,0,0,1,0,0,0,0,0,1,0,0,0,0,0,0,0,0,0,1,0,0,1,0,0,1,0,1,1,1,0,0,1,0,1,0,1,0,0,0,1,0,1,0,1,0,1,1,1,1,1,0,1,1,1,1,0,1,1,0,0,1,0,1,0,1,0,1,0,1,0,1,0,1,1,1,0,0,1,1,0,1,0,1,1,1,0,1,1,1,0,1,1,0,0,1,1,1,1,0,1,1,0,1,1,1,0,0,0,1,0,1,1,0,1,1,1,1,1,0,1,0,1,1,0,1,1,1,1,1,1,1,1,0,0
CHEMBL220_90,34,32,-1,-1,-1,2.090909090909091,2.712078889122963,2.6929803207054315,5.600174220426723,0.11680194793362556,0.12557495635990873,1.5518257019213475,2.583739145580874,0.18342648542952802,0.09270495377961412,-0.15365069696096378,-1.0642940564743268,6.956862745098039,3.6861893763636173,-0.03347619727754803,-0.8665819351148247,0.0223373440285205,0.061070851389293426,3.208919952529255,9.195171378014,0.7941176470588235,0.40434491426080943,-1.4547859349066157,0.11640211640211628,2.090909090909091,2.712078889122963,2.6929803207054315,5.600174220426723,2.0,0.0,0,0,1.8823529411764706,2.2978852923087776,3.169207931155086,8.98814347723771,0.0,0.0,0,0,0.01303998016800785,0.03283777700962651,2.33898337260891,3.9975855722485125,0.04545454545454546,0.053538720370629386,2.709812989653128,5.678194306014426,0.045454545454545456,0.021284395679438014,0.5113087438196826,0.9963358569746847,1.2272727272727273,0.41907020260422223,1.301582746911936,-0.3058823529411776,0.258216124976895,64.0,236.0,0.0,170.0,1776.0,24.0,0.0,0.0,0.0,544.0,758.0,13080.0,0.0,0.0,0.0,0.0,106.0,0.0,0.0,0.0,12.0,0.0,0.0,0.0,0.0,0.0,0.0,0.0,0.0,0.0,0.0,1,1,0,1,1,1,0,0,0,1,1,1,0,0,0,0,1,0,0,0,1,0,0,0,0,0,0,0,0,0,0,7.173913043478261,2.8076320506022503,2.6506685478964633,5.515649983610237,2.0869565217391304,0.7170618479335061,-0.12973872589259708,-1.052065311418684,0.0,0.0,0,0,3.347826086956522,0.476280484787101,0.6390096504226922,-1.5916666666666681,0.43478260869565216,0.49572844569527735,0.26311740579210896,-1.9307692307692301,14.361956521739135,5.630127803617442,2.653578324108274,5.527284466924883,0.9130434782608695,1.0999226644063929,0.7604289560936152,-0.8959765625000005,351.4930000000001,42.68,3.8401200000000024,0,6,0,0,0,0,0,0,0,0,0,0,0,0,0,0,0,0,0,0,0,0,0,0,0,0,0,0,0,0,0,0,0,0,0,0,0,0,0,0,0,0,0,0,0,0,0,0,0,1,0,0,0,0,0,0,0,0,0,1,0,0,0,0,0,0,0,0,0,0,0,0,0,0,0,1,0,0,0,0,0,0,0,1,0,0,0,1,1,0,1,1,0,0,0,0,0,0,0,0,1,0,1,1,0,0,0,1,1,0,0,1,0,0,0,1,1,0,1,0,1,0,0,0,1,1,0,1,1,1,1,0,0,0,1,0,0,0,0,1,1,0,0,1,0,1,0,1,1,1,1,1,0,0,1,1,1,1,1,1,1,1,1,1,1,1,1,1,0,1
CHEMBL220_91,39,38,-1,-1,-1,2.1481481481481484,3.2398411449820794,3.395742114716314,10.66912380938848,0.10885248087255164,0.11744004022869037,2.3067802527992507,8.1378401333429,0.2049833586381052,0.10441656983002276,-0.34820549728367284,-0.9175122200383656,8.807692307692308,4.633511412297324,-0.22063814844769325,-0.6671700342349203,0.02111828427617901,0.06687674926115848,3.8384312939952694,14.456087674907838,0.8205128205128205,0.3837597319768145,-1.6703827619526517,0.7901785714285703,2.1481481481481484,3.2398411449820794,3.395742114716314,10.66912380938848,2.0,0.0,0,0,1.9487179487179487,2.7822580568319046,3.9388357969769,15.533307028707728,0.0,0.0,0,0,0.01901089866206145,0.05706290010868964,4.397008469125373,20.778060295537365,0.03703703703703703,0.0513565761338875,3.429467044775164,10.840931634777315,0.037037037037037035,0.05601504640428601,3.9568906436534403,15.284113580451372,1.2592592592592593,0.43822813208145306,1.0987005311470712,-0.7928571428571431,-0.55700344619493,76.0,374.0,0.0,278.0,4164.0,32.0,0.0,0.0,0.0,900.0,1770.0,48864.0,0.0,0.0,0.0,0.0,172.0,0.0,0.0,0.0,12.0,0.0,0.0,0.0,0.0,0.0,0.0,0.0,0.0,0.0,24.0,1,1,0,1,1,1,0,0,0,1,1,1,0,0,0,0,1,0,0,0,1,0,0,0,0,0,0,0,0,0,1,6.608695652173913,2.0586853220437757,4.120097502210553,15.844006760880813,2.1739130434782608,0.7010658911563957,-0.25474826257937366,-0.9604142011834336,0.0,0.0,0,0,3.347826086956522,0.476280484787101,0.6390096504226921,-1.591666666666668,0.5217391304347826,0.4995271866554807,-0.08703882797784886,-1.9924242424242418,13.229956521739135,4.128062220190222,4.123590238320675,15.866356807729584,0.9565217391304348,0.9990543733109617,0.8718718961644748,-0.28465048209366506,326.4650000000001,23.550000000000004,4.546200000000004,1,4,0,0,0,0,0,0,0,0,0,0,0,0,0,0,0,0,0,0,0,0,0,0,0,0,0,0,0,0,0,0,0,0,0,0,0,0,1,0,0,0,0,0,0,0,0,0,0,0,0,0,0,0,0,0,0,0,0,0,0,1,0,0,0,0,0,0,0,0,0,0,0,0,0,0,0,1,0,0,0,1,0,1,0,0,0,1,1,0,1,0,0,0,1,0,0,1,0,0,1,0,1,1,0,0,0,1,0,0,0,0,1,0,0,0,1,0,1,1,0,0,1,1,1,0,0,1,0,0,0,0,0,0,0,0,0,1,0,1,1,0,0,1,1,0,1,1,0,0,1,1,0,0,0,1,1,1,1,0,1,0,1,1,1,1,1,1,0,1
CHEMBL220_92,32,31,-1,-1,-1,2.1904761904761907,2.611677943009921,2.486033107256256,4.643972456428254,0.12343095555660422,0.12654959190129214,1.402189207062181,1.9141157504769648,0.19433934491235,0.09666128916929963,-0.2429979742760601,-0.9803344624294525,6.875,3.5850286687215704,-0.12118515337929868,-0.8225705709188467,0.023051075268817202,0.061144896896499885,3.0347578478662487,8.066807533673543,0.78125,0.41339864235384227,-1.360672102833218,-0.14857142857142858,2.1904761904761907,2.611677943009921,2.486033107256256,4.643972456428254,2.0,0.0,0,0,1.9375,2.2491317769308226,2.9124494583511904,7.452698677717983,0.0,0.0,0,0,0.032252421802054156,0.09134290945208803,4.228632612947471,18.558044181204405,0.047619047619047616,0.052032891276015826,2.530460043345324,4.8079783463125745,0.04761904761904763,0.09656075476394604,-1.674568979347163,2.1617356720300993,1.3333333333333333,0.4714045207910316,0.7071067811865481,-1.4999999999999991,0.4797683769947803,62.0,220.0,0.0,204.0,1512.0,32.0,0.0,0.0,0.0,554.0,866.0,10200.0,0.0,0.0,0.0,0.0,122.0,0.0,0.0,0.0,12.0,0.0,0.0,0.0,0.0,0.0,0.0,0.0,0.0,0.0,24.0,1,1,0,1,1,1,0,0,0,1,1,1,0,0,0,0,1,0,0,0,1,0,0,0,0,0,0,0,0,0,1,6.321428571428571,0.7098073897982783,1.8442208550295496,1.5322288094856606,2.142857142857143,0.7423074889580903,-0.23521677633651397,-1.1604938271604945,0.0,0.0,0,0,3.392857142857143,0.4883855118277622,0.4387634544762788,-1.8074866310160422,0.42857142857142855,0.4948716593053935,0.28867513459481275,-1.9166666666666672,12.652000000000003,1.415424267540605,1.8439409280948422,1.5311581662837543,1.0357142857142858,1.1174634176544296,0.6975079892084409,-0.9194327037345018,383.4880000000001,48.0,4.293000000000004,2,8,0,0,0,0,0,0,0,0,0,0,0,0,0,0,0,0,0,0,0,0,0,0,0,0,0,0,0,0,0,0,0,0,0,0,0,0,0,0,0,0,0,0,0,0,0,0,0,0,0,0,0,0,0,0,0,0,0,0,0,0,0,0,0,0,0,0,0,0,0,0,0,0,1,0,0,0,0,0,0,0,0,0,0,0,0,1,1,0,0,0,0,0,0,1,0,0,1,0,0,0,1,1,0,0,0,1,0,0,0,0,0,0,0,1,1,0,1,0,0,0,0,0,1,0,0,1,1,1,0,0,0,0,1,0,0,0,0,0,1,0,1,1,0,1,1,1,1,0,1,1,1,0,1,1,1,1,1,1,1,1,1,1,1,1,1,1,0,1
CHEMBL220_93,36,33,-1,-1,-1,2.0,2.614064523559687,2.8550996224007053,6.526472337894111,0.11399937758938052,0.12158091826849977,1.6779476361604606,3.3832871987702724,0.1778525401033558,0.08787444742120373,-0.20928292418243183,-0.9637433465546046,7.25925925925926,3.7840846954273304,-0.0785587149853945,-0.7773827500850468,0.025210084033613446,0.06825083879549547,3.1227854914967965,9.00931776714457,0.8055555555555556,0.3957724124659724,-1.544097293955913,0.3842364532019724,2.0,2.614064523559687,2.8550996224007053,6.526472337894111,2.0,0.0,0,0,1.8333333333333333,2.2422706745122856,3.28363535546538,9.77351118708219,0.0,0.0,0,0,0.004074587407920741,0.012197393423899474,3.016418835522425,8.200425911328464,0.041666666666666664,0.049284424711593805,2.8529703205041366,6.50458520660262,0.041666666666666664,0.057082448285504385,3.0015600836219902,7.570448649133009,1.1666666666666667,0.37267799624996495,1.788854381999831,1.1999999999999984,-1.6357918233792383,66.0,236.0,0.0,136.0,1776.0,8.0,0.0,0.0,0.0,386.0,614.0,13080.0,0.0,0.0,0.0,0.0,36.0,0.0,0.0,0.0,0.0,0.0,0.0,0.0,0.0,0.0,0.0,0.0,0.0,0.0,0.0,1,1,0,1,1,1,0,0,0,1,1,1,0,0,0,0,1,0,0,0,0,0,0,0,0,0,0,0,0,0,0,6.321428571428571,0.7098073897982783,1.8442208550295491,1.5322288094856615,2.142857142857143,0.7423074889580903,-0.23521677633651394,-1.1604938271604945,0.0,0.0,0,0,3.392857142857143,0.4883855118277622,0.4387634544762788,-1.8074866310160422,0.42857142857142855,0.4948716593053935,0.28867513459481287,-1.916666666666667,12.652000000000005,1.415424267540605,1.8439409280948391,1.5311581662837472,1.0357142857142858,1.1174634176544296,0.6975079892084408,-0.9194327037345018,383.48800000000017,48.0,4.293000000000004,2,8,0,0,0,0,0,0,0,0,0,0,0,0,0,0,0,0,0,0,0,0,0,0,0,0,0,0,0,0,0,0,0,0,0,0,0,0,0,0,0,0,0,0,0,0,0,0,0,0,0,0,0,0,0,0,0,0,0,0,0,0,0,0,0,0,0,0,0,0,0,0,0,0,1,0,0,0,0,0,0,0,0,0,0,0,0,1,1,0,0,0,0,0,0,1,0,0,1,0,0,0,1,1,0,0,0,1,0,0,0,0,0,0,0,1,1,0,1,0,0,0,0,0,1,0,0,1,1,1,0,0,0,0,1,0,0,0,0,0,1,0,1,1,0,1,1,1,1,0,1,1,1,0,1,1,1,1,1,1,1,1,1,1,1,1,1,1,0,1
CHEMBL220_94,35,32,-1,-1,-1,2.0952380952380953,2.7758269793885093,2.6265986842219995,5.19373598914432,0.11237349169998667,0.12626807567465975,1.5658574849501334,2.6294442960092157,0.16607627125097268,0.0923621518168124,-0.06285593405490673,-1.187874889161255,6.438095238095238,3.741039180449714,0.046408123963390245,-0.9851690819209766,0.01751973516679399,0.051163366617627194,3.3229146616107688,9.918702621101536,0.8,0.4,-1.5000000000000002,0.2500000000000009,2.0952380952380953,2.7758269793885093,2.6265986842219995,5.19373598914432,2.0,0.0,0,0,1.8285714285714285,2.2738980286938895,3.2447461355810843,9.449765944568288,0.0,0.0,0,0,0.013223995576936754,0.0335883028560646,2.3110336904747615,3.724414987187015,0.04761904761904763,0.05771881082561154,2.647604243017472,5.275355683221369,0.047619047619047616,0.019434058078502868,0.9203568205025989,1.357061528834584,1.2380952380952381,0.4259177099999599,1.2298373876248838,-0.48750000000000027,-1.1077600754069286,64.0,234.0,0.0,152.0,1776.0,24.0,0.0,0.0,0.0,536.0,686.0,13080.0,0.0,0.0,0.0,0.0,106.0,0.0,0.0,0.0,12.0,0.0,0.0,0.0,0.0,0.0,0.0,0.0,0.0,0.0,0.0,1,1,0,1,1,1,0,0,0,1,1,1,0,0,0,0,1,0,0,0,1,0,0,0,0,0,0,0,0,0,0,6.212121212121212,0.5369710650505863,2.4719207771845753,4.890441802912906,2.121212121212121,0.6399609721800872,-0.11253913615224191,-0.6019726919905888,0.0,0.0,0,0,3.303030303030303,0.459568208730397,0.8571946154145218,-1.2652173913043496,0.5454545454545454,0.4979295977319692,-0.18257418583505508,-1.9666666666666668,12.434151515151513,1.070987200252069,2.4706611894138986,4.8830489878598,1.0,0.9211323729436766,0.6978987621537549,-0.30612244897959195,443.5910000000002,52.650000000000006,4.829900000000005,0,11,0,0,0,0,0,0,0,0,0,0,0,0,0,0,0,0,0,0,0,0,0,0,0,0,0,0,0,0,0,0,0,0,0,0,0,0,0,0,0,0,0,0,0,0,0,0,0,0,0,0,0,0,0,0,0,0,0,0,0,0,0,0,0,0,0,0,0,0,0,0,0,0,0,0,0,0,0,0,0,1,0,0,0,0,0,1,1,0,0,0,0,1,1,1,0,1,0,0,0,0,1,0,0,0,1,0,0,0,0,0,1,1,0,0,1,1,1,1,0,0,0,0,1,0,0,1,0,0,0,0,0,0,1,1,0,1,1,0,1,0,0,1,1,0,0,1,0,0,1,1,0,1,1,1,1,1,1,0,1,1,1,1,1,1,1,1,0,1
CHEMBL220_95,34,30,-1,-1,-1,1.9090909090909092,2.294441720749811,2.7982566077349866,6.303699888360125,0.11253274149825852,0.12941463130870665,1.9223941359764998,5.213727589461326,0.16359803477776763,0.07768666435577669,-0.15888457059402497,-0.9300104085877634,6.404481792717086,3.274217635102688,0.0022698253976780095,-0.7210482868002885,0.027350713012477722,0.07286447592880069,2.8658502674262514,6.891052522845218,0.7941176470588235,0.40434491426080943,-1.4547859349066157,0.11640211640211628,1.9090909090909092,2.294441720749811,2.7982566077349866,6.303699888360125,2.0,0.0,0,0,1.7647058823529411,1.9712465976607105,3.162776882358286,9.133709557071473,0.0,0.0,0,0,0.0,0.0,0,0,0.04545454545454545,0.04927032794518818,2.777527923144446,6.184347770021567,0.045454545454545456,0.025520853324657037,-0.04433618181888082,-1.2478395447477588,1.0,0.0,0,0,-0.919998420071752,60.0,178.0,0.0,66.0,1116.0,0.0,0.0,0.0,0.0,148.0,228.0,6840.0,0.0,0.0,0.0,0.0,0.0,0.0,0.0,0.0,0.0,0.0,0.0,0.0,0.0,0.0,0.0,0.0,0.0,0.0,0.0,1,1,0,1,1,0,0,0,0,1,1,1,0,0,0,0,0,0,0,0,0,0,0,0,0,0,0,0,0,0,0,6.36,0.7418894796396563,1.6626308984623166,0.887168739859379,2.0,0.6324555320336759,0.0,-0.5000000000000004,0.0,0.0,0,0,3.48,0.4995998398718719,0.08006407690254362,-1.993589743589744,0.24,0.4270831300812525,1.2175615550562022,-0.5175438596491233,12.72892,1.479396685679673,1.6623567352589206,0.8862225035845261,1.24,1.0307278981380101,0.16551643740966368,-1.2142908985338945,349.4710000000001,59.0,4.0740000000000025,0,13,0,0,0,0,0,0,0,0,0,0,0,0,0,0,0,0,0,0,0,0,0,0,0,0,0,0,0,0,0,0,0,0,0,0,0,0,0,0,0,0,0,0,0,0,0,0,0,0,0,0,0,0,0,0,0,0,0,0,0,0,0,0,0,0,0,0,0,0,0,0,0,0,1,0,0,0,0,0,0,0,0,0,0,0,0,1,1,0,0,0,0,0,0,1,0,0,0,0,0,1,1,0,0,0,0,0,0,0,1,1,0,1,0,1,1,0,1,0,1,0,0,0,1,1,0,0,1,1,1,1,0,0,1,0,0,0,0,0,1,1,1,1,0,1,1,0,1,1,1,1,1,0,1,1,1,1,0,1,1,1,1,1,1,1,1,1,0,1
CHEMBL220_96,36,31,-1,-1,-1,1.9090909090909092,2.5745095015465997,2.7857124299466194,5.880575991442836,0.11434359757961038,0.12125724502201876,1.588058227197578,3.060880982544038,0.1554628187489138,0.08214508479680323,-0.15007456928366134,-1.0752520477287322,6.35,3.5767424312847984,0.009164913072976628,-0.8667827618536723,0.02054154995331466,0.06367620356614609,3.073601653598221,7.753628728890854,0.8055555555555556,0.3957724124659724,-1.5440972939559132,0.3842364532019724,1.9090909090909092,2.5745095015465997,2.7857124299466194,5.880575991442836,2.0,0.0,0,0,1.7222222222222223,2.129307544081867,3.334165135187355,9.855717503699097,0.0,0.0,0,0,0.0,0.0,0,0,0.04545454545454546,0.05597799862291483,2.7889259246131184,5.893404643521798,0.04545454545454548,0.3643103120951553,-2.682071778136829,5.51386791700881,1.0,0.0,0,0,1.0043111537428249,62.0,208.0,0.0,54.0,1500.0,0.0,0.0,0.0,0.0,164.0,216.0,10200.0,0.0,0.0,0.0,0.0,0.0,0.0,0.0,0.0,0.0,0.0,0.0,0.0,0.0,0.0,0.0,0.0,0.0,0.0,0.0,1,1,0,1,1,0,0,0,0,1,1,1,0,0,0,0,0,0,0,0,0,0,0,0,0,0,0,0,0,0,0,6.153846153846154,0.48243301851863524,3.121401223667327,8.491956334386682,2.1538461538461537,0.579055886699293,-0.023442746970178424,-0.2107266435986146,0.0,0.0,0,0,3.41025641025641,0.491880156237202,0.3649002245998816,-1.8668478260869565,0.46153846153846156,0.49851851526214314,0.1543033499620917,-1.9761904761904767,12.317871794871797,0.9621514135196211,3.120314718071631,8.484333153272347,1.1282051282051282,0.9386156521909296,0.3008640577001093,-0.9311294274894188,524.7490000000003,32.78,7.422000000000009,0,15,0,0,0,0,0,0,0,0,0,0,0,0,0,0,0,0,0,0,0,0,0,0,0,0,0,0,0,0,0,0,0,0,0,0,0,0,0,0,0,0,0,0,0,0,0,0,0,0,0,0,1,0,0,0,0,0,0,0,0,0,0,0,0,0,0,0,0,0,0,0,0,0,0,0,0,0,1,0,0,0,0,0,0,0,0,1,1,0,0,0,0,0,0,1,0,0,1,0,0,1,1,1,0,0,0,1,0,0,1,1,0,1,0,1,1,1,1,0,1,0,0,0,1,0,0,1,1,1,1,1,0,0,1,0,0,0,0,0,1,0,0,1,1,1,1,1,0,1,1,1,1,0,1,1,1,1,0,1,1,1,1,1,1,1,1,1,0,1
CHEMBL220_97,35,34,-1,-1,-1,2.1739130434782608,2.8230753183909436,2.7213352737367145,5.977446539612364,0.11654713860752425,0.12242627599427787,1.6396395872963756,3.3457643375330948,0.19154770551724698,0.09743448994704057,-0.2235798272503947,-1.039069358542739,7.414285714285715,3.928704182461182,-0.1036685111305579,-0.8555454759187819,0.021237585943468296,0.06064463536311215,3.2664911086197526,9.597306043342652,0.8,0.4,-1.5,0.24999999999999956,2.1739130434782608,2.8230753183909436,2.7213352737367145,5.977446539612364,2.0,0.0,0,0,1.9428571428571428,2.4017000781334295,3.2103840756867013,9.511567214430212,0.0,0.0,0,0,0.023783124197870743,0.06234329126147445,3.6686389959025463,14.65709442595286,0.04347826086956521,0.05179663417329451,2.7522402472019394,6.071305135475075,0.043478260869565216,0.06131429580735252,2.9468070849488526,7.437316800869491,1.3043478260869565,0.4601306627938419,0.850420064270761,-1.2767857142857149,-1.0974466890107755,68.0,266.0,0.0,230.0,2124.0,32.0,0.0,0.0,0.0,668.0,1146.0,17064.0,0.0,0.0,0.0,0.0,140.0,0.0,0.0,0.0,12.0,0.0,0.0,0.0,0.0,0.0,0.0,0.0,0.0,0.0,24.0,1,1,0,1,1,1,0,0,0,1,1,1,0,0,0,0,1,0,0,0,1,0,0,0,0,0,0,0,0,0,1,6.171428571428572,0.506287004190553,2.908290098618637,7.1450565945880005,2.1142857142857143,0.5742786069211938,-0.001477778005262553,-0.08575139692187195,0.0,0.0,0,0,3.4,0.48989794855663565,0.40824829046386346,-1.8333333333333335,0.5142857142857142,0.4997958767010257,-0.057166195047502644,-1.9967320261437904,12.352942857142857,1.0097234117139535,2.9072441305990053,7.138208907321545,1.1428571428571428,0.930218319777126,0.3520606447892694,-0.8017087931648263,472.6730000000002,32.78,6.440500000000007,0,15,0,0,0,0,0,0,0,0,0,0,0,0,0,0,0,0,0,0,0,0,0,0,0,0,0,0,0,0,0,0,0,0,0,0,0,0,0,0,0,0,0,0,0,0,0,0,0,0,0,0,0,0,0,0,0,0,0,0,0,0,0,0,0,0,0,0,0,0,0,0,0,0,0,0,0,0,0,0,0,0,0,0,0,0,0,1,1,0,0,0,0,0,0,1,0,0,0,0,0,0,1,0,0,0,0,0,0,0,1,1,0,1,0,1,1,1,1,0,1,0,0,0,1,0,0,1,1,1,1,1,0,0,1,0,0,0,0,0,1,0,0,1,1,1,0,1,0,1,1,1,0,0,1,1,1,1,0,1,1,1,1,1,1,1,1,1,0,1
CHEMBL220_98,35,33,-1,-1,-1,2.0833333333333335,2.7373446176094736,2.8379541250328733,6.400236720747682,0.11615796672986148,0.12279558353871274,1.5939583461410907,2.7542613602688606,0.19038102024743014,0.09370045607602785,-0.28278542576348914,-0.9272414882644955,7.533333333333332,3.8971825394805086,-0.15986391435025554,-0.7379521165997969,0.026534250063661828,0.06929769888667847,3.1942511875389883,9.407968512284226,0.8,0.4,-1.5000000000000002,0.2500000000000009,2.0833333333333335,2.7373446176094736,2.8379541250328733,6.400236720747682,2.0,0.0,0,0,1.8857142857142857,2.3757276006842747,3.2553912692465303,9.478543616440978,0.0,0.0,0,0,0.011993276270991836,0.030741071142631995,2.391822604431782,4.242796209951388,0.041666666666666664,0.049400414952207865,2.8396563774684305,6.410544825642187,0.041666666666666664,0.13585182524081862,-2.3373910217255967,4.629549932907939,1.2083333333333333,0.4061164310337068,1.4363696929192165,0.06315789473684319,-0.021018348089882812,66.0,256.0,0.0,182.0,2046.0,24.0,0.0,0.0,0.0,624.0,850.0,15960.0,0.0,0.0,0.0,0.0,112.0,0.0,0.0,0.0,12.0,0.0,0.0,0.0,0.0,0.0,0.0,0.0,0.0,0.0,0.0,1,1,0,1,1,1,0,0,0,1,1,1,0,0,0,0,1,0,0,0,1,0,0,0,0,0,0,0,0,0,0,6.6521739130434785,2.055928768267285,4.074667635828191,15.597632336046043,2.1739130434782608,0.6360321234055563,-0.16482726090875002,-0.6171281334614389,0.0,0.0,0,0,3.5652173913043477,0.49572844569527735,-0.2631174057921079,-1.930769230769231,0.21739130434782608,0.41247099915239727,1.3703203194062985,-0.1222222222222209,13.316739130434783,4.1225011953740065,4.078553156568166,15.621995283071946,1.173913043478261,1.0488989636360713,0.10085066735070274,-1.436585538668651,333.5010000000002,35.91,3.3689000000000027,1,7,0,0,0,0,0,0,0,0,0,0,0,0,0,0,0,0,0,0,0,0,0,0,0,0,0,0,0,0,0,0,0,0,0,0,0,0,1,0,0,0,0,0,0,0,0,0,0,0,0,0,0,0,1,0,0,0,0,0,0,0,0,0,0,0,0,0,0,0,0,0,0,0,0,0,0,1,0,0,1,0,0,1,0,1,0,1,1,0,1,0,0,0,1,0,1,1,1,0,1,0,1,1,0,0,0,1,0,0,1,0,1,1,0,0,1,0,1,1,1,1,1,1,1,0,1,0,0,1,1,1,0,0,1,0,0,0,0,1,1,0,0,0,1,1,1,1,0,1,1,1,1,0,0,1,1,1,1,0,1,0,1,1,1,1,1,1,0,1
CHEMBL220_99,39,36,-1,-1,-1,2.0,2.854496128592251,3.1529207238541677,8.168181818181816,0.11098957254965892,0.115422443338675,1.7661927461575735,3.869633193168837,0.18166656525015154,0.08907328896041966,-0.31572708589499526,-0.9200420550482162,8.115873015873015,4.194714990876195,-0.17742183919242033,-0.7149867926046993,0.026151657730605102,0.07360261728251308,3.3451651340864714,10.336941900902428,0.8205128205128205,0.3837597319768145,-1.6703827619526517,0.7901785714285703,2.0,2.854496128592251,3.1529207238541677,8.168181818181816,2.0,0.0,0,0,1.8461538461538463,2.4655416166657678,3.6056101425507703,11.830542923449501,0.0,0.0,0,0,0.004044566544566544,0.012247752456807991,2.839082775234237,6.475253420459051,0.03703703703703703,0.04775485034338713,3.1467845155494687,8.141934275026383,0.037037037037037035,0.09249236915031148,-2.6391409306250586,6.130303548530836,1.1481481481481481,0.3552467795046459,1.9808869335422108,1.9239130434782625,-1.4034150973516917,72.0,298.0,0.0,134.0,2700.0,8.0,0.0,0.0,0.0,510.0,660.0,23880.0,0.0,0.0,0.0,0.0,40.0,0.0,0.0,0.0,0.0,0.0,0.0,0.0,0.0,0.0,0.0,0.0,0.0,0.0,0.0,1,1,0,1,1,1,0,0,0,1,1,1,0,0,0,0,1,0,0,0,0,0,0,0,0,0,0,0,0,0,0,6.379310344827586,0.7617490356680869,1.5812216465581668,0.5967985756517065,2.1379310344827585,0.6809799192459138,-0.17917696494557095,-0.8577909270216972,0.0,0.0,0,0,3.310344827586207,0.46263475396547377,0.8198915917499234,-1.3277777777777773,0.5517241379310345,0.4973174173053779,-0.2080125735844608,-1.9567307692307694,12.767413793103453,1.5189838145205068,1.5810003931160777,0.5960772864436019,0.9310344827586207,0.9443492370778725,0.6289315553645993,-0.6803946666666647,397.4710000000001,83.14,4.372000000000003,0,9,0,0,0,0,0,0,0,0,0,0,0,0,0,0,0,0,0,0,0,0,0,0,0,0,0,0,0,0,0,0,0,0,0,0,0,0,0,0,0,0,0,0,0,0,0,0,0,0,0,0,0,0,0,0,0,0,0,1,0,0,0,0,1,0,0,0,0,0,0,0,0,0,0,0,0,0,0,0,0,0,0,0,0,0,0,1,1,0,0,1,0,0,0,0,0,0,0,0,1,0,1,1,0,0,0,1,0,0,1,1,0,1,0,1,1,0,1,0,1,0,0,0,1,0,0,1,1,1,1,1,0,1,1,0,0,0,0,1,1,1,1,0,0,1,1,1,1,1,1,1,1,0,1,1,1,1,0,1,1,1,1,1,1,1,1,1,0,1
CHEMBL220_100,34,31,-1,-1,-1,2.0,2.412090756622109,2.7206687733384136,5.744140625,0.1160470237597699,0.12627293052108104,1.600001940170735,2.960418298443246,0.1691269864902638,0.08288086631236846,-0.09671504523847281,-0.9636181628868714,6.570588235294117,3.4172454287987435,0.005910043457764603,-0.8070879606571042,0.026013814616755795,0.06569003839677152,3.128523179386774,9.313396851213417,0.7941176470588235,0.40434491426080943,-1.4547859349066157,0.11640211640211628,2.0,2.412090756622109,2.7206687733384136,5.744140625,2.0,0.0,0,0,1.8235294117647058,2.0646975029157932,3.124110803042056,8.709101977567885,0.0,0.0,0,0,0.006477591036414565,0.018508073487523497,2.655133935399591,5.300619082372734,0.04545454545454544,0.04924748407897571,2.7061811820884003,5.65984064567353,0.04545454545454545,0.03184347029880788,-0.27592812550017376,-0.22808890738625776,1.1818181818181819,0.38569460791993493,1.6499158227686117,0.7222222222222232,-2.2991411691081276,62.0,196.0,0.0,106.0,1284.0,8.0,0.0,0.0,0.0,312.0,400.0,8184.0,0.0,0.0,0.0,0.0,30.0,0.0,0.0,0.0,0.0,0.0,0.0,0.0,0.0,0.0,0.0,0.0,0.0,0.0,0.0,1,1,0,1,1,1,0,0,0,1,1,1,0,0,0,0,1,0,0,0,0,0,0,0,0,0,0,0,0,0,0,6.162162162162162,0.49393694277019096,3.016674405449289,7.818118254508946,2.1621621621621623,0.5933648216243284,-0.06407065096704617,-0.33128734009400596,0.0,0.0,0,0,3.3783783783783785,0.48498266067368534,0.5015503913178169,-1.7484472049689437,0.4864864864864865,0.4998173515920792,0.05407380704358733,-1.9970760233918132,12.334459459459463,0.9850937284146473,3.015608067246343,7.810882637556128,1.0810810810810811,0.9409132532718492,0.42218958766980536,-0.810835538999445,496.6950000000003,32.78,6.641800000000007,0,13,0,0,0,0,0,0,0,0,0,0,0,0,0,0,0,0,0,0,0,0,0,0,0,0,0,0,0,0,0,0,0,0,0,0,0,0,0,0,0,0,0,0,0,0,0,0,0,0,0,0,1,0,0,0,0,0,0,0,0,0,0,0,0,0,0,0,0,0,0,0,0,0,0,0,0,0,1,0,0,0,0,0,0,0,0,1,1,0,0,0,0,0,0,1,0,0,1,0,0,1,1,1,0,0,0,1,0,0,1,1,0,1,0,1,1,1,1,0,1,0,0,0,1,0,0,1,1,1,1,1,0,0,1,0,0,0,0,0,1,0,0,1,1,1,1,1,0,1,1,1,1,0,1,1,1,1,0,1,1,1,1,1,1,1,1,1,0,1
CHEMBL220_101,35,34,-1,-1,-1,2.1739130434782608,2.7764878332329737,2.7451108409443945,5.900753958909656,0.11660372600523322,0.12237238108791161,1.5401079214600124,2.599320183711826,0.1866993598232576,0.09443667330084174,-0.19979261707742205,-1.0517829932227967,7.31047619047619,3.864092093849546,-0.09493789069030904,-0.8754451321593635,0.022358034122740005,0.06176332455148454,3.333703222417087,10.06071711406099,0.8,0.4,-1.5,0.24999999999999956,2.1739130434782608,2.7764878332329737,2.7451108409443945,5.900753958909656,2.0,0.0,0,0,1.9428571428571428,2.365741890798223,3.2273163565646397,9.374129534521796,0.0,0.0,0,0,0.029998045946242058,0.08795263328772339,4.401189913610698,20.370482671341453,0.043478260869565216,0.05064999179798249,2.776699315424235,6.026272876350767,0.04347826086956524,0.018343778652567564,0.5933908651359329,0.0775265531267193,1.3043478260869565,0.4601306627938419,0.850420064270761,-1.276785714285715,1.2472073074209427,68.0,260.0,0.0,206.0,2046.0,32.0,0.0,0.0,0.0,668.0,942.0,15960.0,0.0,0.0,0.0,0.0,132.0,0.0,0.0,0.0,12.0,0.0,0.0,0.0,0.0,0.0,0.0,0.0,0.0,0.0,24.0,1,1,0,1,1,1,0,0,0,1,1,1,0,0,0,0,1,0,0,0,1,0,0,0,0,0,0,0,0,0,1,6.304347826086956,0.6209937763950305,1.8615488175901798,2.084486735870823,2.1739130434782608,0.6360321234055563,-0.16482726090875002,-0.6171281334614389,0.0,0.0,0,0,3.4782608695652173,0.4995271866554807,0.0870388279778495,-1.9924242424242418,0.43478260869565216,0.4957284456952774,0.2631174057921088,-1.9307692307692308,12.61813043478261,1.23855397117304,1.8603926157040136,2.079305768944745,1.0869565217391304,1.0596571832133863,0.264833207864625,-1.4032071557324086,315.41700000000014,47.36,2.4534000000000002,0,7,0,0,0,0,0,0,0,0,0,0,0,0,0,0,0,0,0,0,0,0,0,0,0,0,0,0,0,0,0,0,0,0,0,0,0,0,0,0,1,0,0,0,0,0,0,0,0,0,0,0,0,0,0,0,0,0,0,0,0,0,0,0,0,0,0,1,0,0,0,0,0,0,0,0,0,0,0,1,0,0,1,0,0,1,0,1,1,0,0,0,0,0,1,0,0,0,1,1,1,0,1,1,0,0,0,1,0,0,1,1,1,1,0,1,1,0,1,1,1,0,1,1,1,0,0,1,1,1,1,1,0,0,1,0,0,0,0,1,1,0,0,0,1,1,1,1,0,1,1,1,0,0,1,1,1,1,1,1,1,1,1,1,1,1,1,1,0,1
CHEMBL220_102,36,33,-1,-1,-1,2.0952380952380953,2.7586187348495694,2.67735624479955,5.398372828769135,0.10877563534656631,0.1262760425921267,1.6021534818413197,2.800475982978469,0.1557449794951127,0.08720821071668595,0.03755072988051897,-1.214772679882824,6.276851851851852,3.6774048941923576,0.1299321859307055,-1.0121971603150477,0.01685340802987862,0.04869424277672413,3.5055101309379024,11.309513606546833,0.8055555555555556,0.3957724124659724,-1.5440972939559132,0.3842364532019724,2.0952380952380953,2.7586187348495694,2.67735624479955,5.398372828769135,2.0,0.0,0,0,1.8333333333333333,2.229848026709942,3.336316419602216,10.057925782591054,0.0,0.0,0,0,0.015528396043101923,0.03910133346922901,2.1709561585659083,2.8242649080309272,0.047619047619047616,0.05703371025557544,2.6878838421457476,5.432574548842803,0.047619047619047616,0.054940426425073643,-1.7174267380395518,2.6770441036544,1.2380952380952381,0.4259177099999599,1.2298373876248838,-0.48750000000000027,0.5245875854549338,66.0,234.0,0.0,134.0,1770.0,24.0,0.0,0.0,0.0,534.0,576.0,13080.0,0.0,0.0,0.0,0.0,102.0,0.0,0.0,0.0,12.0,0.0,0.0,0.0,0.0,0.0,0.0,0.0,0.0,0.0,0.0,1,1,0,1,1,1,0,0,0,1,1,1,0,0,0,0,1,0,0,0,1,0,0,0,0,0,0,0,0,0,0,6.291666666666667,0.6109532624422992,1.9305197907057203,2.361189832341804,2.1666666666666665,0.6236095644623235,-0.1336306209562116,-0.5357142857142851,0.0,0.0,0,0,3.5,0.5,0.0,-2.0,0.4166666666666667,0.4930066485916347,0.33806170189140633,-1.885714285714286,12.592833333333331,1.218530797951187,1.9293544343063744,2.355785266389309,1.125,1.0532687216470449,0.17718148699795558,-1.4421741717913112,329.4440000000002,47.36,2.8435000000000015,0,7,0,0,0,0,0,0,0,0,0,0,0,0,0,0,0,0,0,0,0,0,0,0,0,0,0,0,0,0,0,0,0,0,0,0,0,0,0,0,1,0,0,0,0,0,0,0,0,0,0,0,0,0,0,0,0,0,0,0,0,0,0,0,0,0,0,1,0,0,0,0,0,0,0,0,0,0,0,1,0,0,1,0,0,0,0,1,1,0,0,0,0,0,1,0,0,0,0,1,1,0,1,1,0,0,0,1,0,0,1,1,1,1,0,1,1,0,1,1,1,0,1,1,1,0,0,1,1,1,1,1,0,0,1,0,0,0,0,1,1,0,0,0,1,1,1,1,0,1,1,1,0,0,1,1,1,1,1,1,1,1,1,1,1,1,1,1,0,1
CHEMBL220_103,37,35,-1,-1,-1,2.08,2.8272955275315663,2.945142929156446,7.040957185283858,0.11197436104216903,0.12036930462632495,1.7006724165921592,3.3818826512573725,0.18791288816879256,0.09454263123024428,-0.24773664785050223,-0.9928284412481196,7.777477477477478,4.090983303269628,-0.12392454058269294,-0.8081056633047519,0.023509223509223506,0.06484360287674076,3.3060836100628634,10.044190284583289,0.8108108108108109,0.3916588309780929,-1.5871507864874157,0.5190476190476199,2.08,2.8272955275315663,2.945142929156446,7.040957185283858,2.0,0.0,0,0,1.8918918918918919,2.4249133033684274,3.4129434570371973,10.626835353574323,0.0,0.0,0,0,0.010727533842754327,0.028509279307477466,2.510331322777443,4.829755414391404,0.039999999999999994,0.049147512235559104,2.9538565605141134,7.077538800833786,0.039999999999999994,0.03858071020394293,2.7249308937898986,6.404076626275998,1.2,0.4,1.5000000000000004,0.2500000000000009,-0.7283363430196473,70.0,280.0,0.0,194.0,2376.0,24.0,0.0,0.0,0.0,706.0,954.0,19920.0,0.0,0.0,0.0,0.0,118.0,0.0,0.0,0.0,12.0,0.0,0.0,0.0,0.0,0.0,0.0,0.0,0.0,0.0,0.0,1,1,0,1,1,1,0,0,0,1,1,1,0,0,0,0,1,0,0,0,1,0,0,0,0,0,0,0,0,0,0,6.241379310344827,0.5666095422467236,2.2463386864594614,3.7597530864197584,2.206896551724138,0.6090869562984721,-0.14262335718552108,-0.5053007889546342,0.0,0.0,0,0,3.3793103448275863,0.48521542343001,0.49746833816309033,-1.752525252525253,0.5517241379310345,0.4973174173053779,-0.2080125735844608,-1.9567307692307694,12.492517241379312,1.1300965665387783,2.245122587870882,3.753240067901716,1.0,0.982607368881035,0.43615735251352056,-1.076530612244898,391.5150000000002,47.36,4.120400000000004,0,7,0,0,0,0,0,0,0,0,0,0,0,0,0,0,0,0,0,0,0,1,0,0,0,0,0,0,0,0,0,0,0,0,0,0,0,0,0,0,1,0,0,0,0,0,0,0,0,0,0,0,0,0,0,0,0,0,0,0,0,0,0,0,0,0,0,1,0,0,0,0,0,0,0,0,0,0,0,1,0,0,1,0,0,0,0,1,1,0,0,0,0,0,1,0,0,0,0,1,1,0,1,1,0,0,0,1,0,0,1,1,1,1,0,1,1,0,1,1,1,0,1,1,1,0,0,1,1,1,1,1,0,0,1,0,0,0,0,1,1,0,0,0,1,1,1,1,0,1,1,1,0,0,1,1,1,1,1,1,1,1,1,1,1,1,1,1,0,1
CHEMBL220_104,37,34,-1,-1,-1,2.090909090909091,2.8589427624575245,2.814570327884638,6.237549342054825,0.10745894835826093,0.12441704643964036,1.7238852874107884,3.6714629012251967,0.1592528777060887,0.08962392786013877,0.0027220036502597043,-1.209505318269686,6.58918918918919,3.8667699897196677,0.09435487261646501,-0.9980448025575344,0.01703131703131703,0.05054982947679413,3.6323737892302974,12.376595046494714,0.8108108108108109,0.3916588309780929,-1.5871507864874157,0.5190476190476199,2.090909090909091,2.8589427624575245,2.814570327884638,6.237549342054825,2.0,0.0,0,0,1.837837837837838,2.3192905895053983,3.485650936375291,11.212970169779371,0.0,0.0,0,0,0.01436497473082839,0.036900505582114565,2.24802485702564,3.209228909854356,0.04545454545454546,0.05658464380420876,2.8260540511746,6.284331300449345,0.04545454545454546,0.019728982318823887,0.7963286180073673,0.4162334941732344,1.2272727272727273,0.41907020260422223,1.301582746911936,-0.3058823529411776,-0.2750585017418137,68.0,256.0,0.0,142.0,2100.0,24.0,0.0,0.0,0.0,588.0,656.0,17040.0,0.0,0.0,0.0,0.0,108.0,0.0,0.0,0.0,12.0,0.0,0.0,0.0,0.0,0.0,0.0,0.0,0.0,0.0,0.0,1,1,0,1,1,1,0,0,0,1,1,1,0,0,0,0,1,0,0,0,1,0,0,0,0,0,0,0,0,0,0,6.25,0.57476703355111,2.186549825225845,3.4784514243973703,2.2142857142857144,0.6185895741317419,-0.1755144818336467,-0.5642666666666667,0.0,0.0,0,0,3.357142857142857,0.47915742374995496,0.5962847939999436,-1.6444444444444448,0.5714285714285714,0.4948716593053935,-0.28867513459481264,-1.916666666666667,12.509714285714287,1.1463652140926264,2.185344326507506,3.472159132767004,0.9642857142857143,0.9813308331452918,0.524937323174707,-0.9674908995219509,377.48800000000017,47.36,3.7303000000000033,0,7,0,0,0,0,0,0,0,0,0,0,0,0,0,0,0,0,0,0,0,0,0,0,0,0,0,0,0,0,0,0,0,0,0,0,0,0,0,0,1,0,0,0,0,0,0,0,0,0,0,0,0,0,0,0,0,0,0,0,0,0,0,0,0,0,0,1,0,0,0,0,0,0,0,0,0,0,0,1,0,0,1,0,0,0,0,1,1,0,0,0,0,0,1,0,0,0,0,1,1,0,1,1,0,0,0,1,0,0,1,1,1,1,0,1,1,0,1,1,1,0,1,1,1,0,0,1,1,1,1,1,0,0,1,0,0,0,0,1,1,0,0,0,1,1,1,1,0,1,1,1,0,0,1,1,1,1,1,1,1,1,1,1,1,1,1,1,0,1
CHEMBL220_105,37,34,-1,-1,-1,2.090909090909091,2.8589427624575245,2.814570327884638,6.237549342054825,0.10745894835826093,0.12441704643964036,1.7238852874107884,3.6714629012251967,0.1592528777060887,0.08962392786013877,0.0027220036502597043,-1.209505318269686,6.58918918918919,3.866769989719668,0.0943548726164651,-0.9980448025575348,0.01703131703131703,0.05054982947679413,3.6323737892302974,12.376595046494714,0.8108108108108109,0.3916588309780929,-1.5871507864874157,0.5190476190476199,2.090909090909091,2.8589427624575245,2.814570327884638,6.237549342054825,2.0,0.0,0,0,1.837837837837838,2.3192905895053983,3.485650936375291,11.212970169779371,0.0,0.0,0,0,0.01436497473082839,0.036900505582114565,2.24802485702564,3.209228909854356,0.04545454545454546,0.05658464380420876,2.8260540511746,6.284331300449345,0.045454545454545484,0.04431556054571248,2.767199443514944,6.658214710713379,1.2272727272727273,0.41907020260422223,1.301582746911936,-0.3058823529411776,0.6438972508612469,68.0,256.0,0.0,142.0,2100.0,24.0,0.0,0.0,0.0,588.0,656.0,17040.0,0.0,0.0,0.0,0.0,108.0,0.0,0.0,0.0,12.0,0.0,0.0,0.0,0.0,0.0,0.0,0.0,0.0,0.0,0.0,1,1,0,1,1,1,0,0,0,1,1,1,0,0,0,0,1,0,0,0,1,0,0,0,0,0,0,0,0,0,0,6.2592592592592595,0.5832598425193934,2.125203738108025,3.197840790842866,2.2222222222222223,0.6285393610547089,-0.20992232566475685,-0.6210937499999996,0.0,0.0,0,0,3.3333333333333335,0.47140452079103173,0.7071067811865462,-1.5000000000000016,0.5925925925925926,0.4913518207933925,-0.3768891807222045,-1.8579545454545452,12.528185185185187,1.1633024840556954,2.124008664392319,3.191769633811652,0.9259259259259259,0.9785070232313264,0.6228531684028564,-0.8258183430349515,363.4610000000001,47.36,3.5359000000000025,0,7,0,0,0,0,0,0,0,0,0,0,0,0,0,0,0,0,0,0,0,0,0,0,0,0,0,0,0,0,0,0,0,0,0,0,0,0,0,0,1,0,0,0,0,0,0,0,0,0,0,0,0,0,0,0,0,0,0,0,0,0,0,0,0,0,0,1,0,0,0,0,0,0,0,0,0,0,0,1,0,0,1,0,0,1,0,1,1,0,0,0,0,0,1,0,0,0,1,1,1,0,1,1,0,0,0,1,0,0,1,1,1,1,0,1,1,0,1,1,1,0,1,1,1,0,0,1,1,1,1,1,0,0,1,0,0,0,0,1,1,0,0,0,1,1,1,1,0,1,1,1,0,0,1,1,1,1,1,1,1,1,1,1,1,1,1,1,0,1
CHEMBL220_106,36,32,-1,-1,-1,2.0,2.7136021011998723,2.784326984495891,5.947873799725652,0.11192788737012105,0.12349058995178243,1.6545617392495198,3.3204425215001123,0.16076083222808057,0.08741909929322463,-0.08997487810829305,-1.1052589341040548,6.519444444444444,3.7324579413505274,0.020867071813022983,-0.921018220437487,0.01951447245564893,0.05738917879589318,3.3120504630035024,9.976263948410766,0.8055555555555556,0.3957724124659724,-1.544097293955913,0.3842364532019724,2.0,2.7136021011998723,2.784326984495891,5.947873799725652,2.0,0.0,0,0,1.7777777777777777,2.237447840622474,3.37404661923769,10.213891604494924,0.0,0.0,0,0,0.005678261087321263,0.01638204674296598,2.630320759864193,5.128841906588006,0.045454545454545456,0.05621349511850486,2.7894668662994637,5.957447323438794,0.045454545454545435,0.0924729317012033,2.935902321640674,6.897594939698715,1.1818181818181819,0.38569460791993493,1.6499158227686117,0.7222222222222232,-0.5093682398005066,64.0,230.0,0.0,96.0,1770.0,8.0,0.0,0.0,0.0,360.0,414.0,13080.0,0.0,0.0,0.0,0.0,34.0,0.0,0.0,0.0,0.0,0.0,0.0,0.0,0.0,0.0,0.0,0.0,0.0,0.0,0.0,1,1,0,1,1,1,0,0,0,1,1,1,0,0,0,0,1,0,0,0,0,0,0,0,0,0,0,0,0,0,0,6.352941176470588,0.7228356310261476,1.6895541842699249,1.0472347704048097,2.1176470588235294,0.7180326832784532,-0.17814170620682498,-1.053375974055223,0.0,0.0,0,0,3.264705882352941,0.44117647058823534,1.0666666666666664,-0.8622222222222224,0.47058823529411764,0.4991341984846218,0.11785113019775799,-1.9861111111111112,12.714882352941176,1.4414396350361982,1.6891352597022444,1.0457344758103364,0.8823529411764706,1.0222439527636922,0.8974504769285211,-0.40403929652208204,462.5460000000002,88.85,4.560340000000004,0,9,0,0,0,0,0,0,0,0,0,0,0,0,0,0,0,0,0,0,0,0,0,0,0,0,0,0,0,0,0,0,0,0,0,0,0,0,0,0,0,0,0,0,0,0,0,0,0,0,0,0,0,0,0,0,0,0,0,1,0,0,0,0,0,0,0,0,0,0,0,0,0,0,1,0,0,0,0,0,0,0,0,0,0,0,0,1,1,0,0,1,0,0,1,0,0,1,0,0,1,1,1,1,0,0,0,1,0,0,1,1,1,1,0,1,1,0,1,1,1,0,0,0,1,1,0,1,1,1,0,1,0,0,1,1,0,1,1,1,1,0,1,1,1,1,1,1,1,1,1,1,1,1,1,1,1,1,1,1,1,1,1,1,1,1,1,1,0,1
CHEMBL220_107,36,34,-1,-1,-1,2.0833333333333335,2.722080495176846,2.886996890640326,6.6112839034896265,0.11245476989898798,0.1230109853010838,1.615201335621864,2.8539468850713607,0.1780733631240756,0.08905162176982725,-0.17657670725748154,-1.0513464542502144,7.326455026455026,3.85906129938705,-0.06986410864238764,-0.8486111325955985,0.0253968253968254,0.06578483040637209,3.304212144614313,10.062549023830236,0.8055555555555556,0.3957724124659724,-1.5440972939559132,0.3842364532019724,2.0833333333333335,2.722080495176846,2.886996890640326,6.6112839034896265,2.0,0.0,0,0,1.8888888888888888,2.3306863292670035,3.3464369922090196,10.076993801652893,0.0,0.0,0,0,0.013763763763763764,0.03470728290110403,2.1904384100331353,2.964955397881093,0.041666666666666664,0.04885881933124822,2.880062876400199,6.583445951484661,0.041666666666666664,0.02956515005479771,1.8548077000176437,3.0802729278631142,1.2083333333333333,0.40611643103370687,1.4363696929192162,0.06315789473684275,0.6785815668109858,68.0,256.0,0.0,162.0,2040.0,24.0,0.0,0.0,0.0,620.0,720.0,15960.0,0.0,0.0,0.0,0.0,108.0,0.0,0.0,0.0,12.0,0.0,0.0,0.0,0.0,0.0,0.0,0.0,0.0,0.0,0.0,1,1,0,1,1,1,0,0,0,1,1,1,0,0,0,0,1,0,0,0,1,0,0,0,0,0,0,0,0,0,0,6.363636363636363,0.7310507928372616,1.6422420111387825,0.8865447975342802,2.121212121212121,0.6856793029687734,-0.15985861312957544,-0.8820190429687509,0.0,0.0,0,0,3.242424242424242,0.4285495643554833,1.2020815280171326,-0.5549999999999975,0.48484848484848486,0.4997703788627467,0.0606339062590832,-1.9963235294117645,12.73621212121212,1.4578208676916788,1.6418250447122036,0.8850926976718547,0.8484848484848485,0.9573072120564432,0.927811503481389,-0.1461018228842459,448.51900000000023,88.85,4.251920000000004,0,9,0,0,0,0,0,0,0,0,0,0,0,0,0,0,0,0,0,0,0,0,0,0,0,0,0,0,0,0,0,0,0,0,0,0,0,0,0,0,0,0,0,0,0,0,0,0,0,0,0,0,0,0,0,0,0,0,0,1,0,0,0,0,0,0,0,0,0,0,0,0,0,0,0,0,0,0,0,0,0,0,0,0,0,0,0,1,1,0,0,1,0,0,1,0,0,1,0,1,1,1,1,1,0,0,0,1,0,0,1,1,1,1,0,1,1,0,1,1,1,0,0,0,1,1,0,1,1,1,0,1,0,0,1,1,0,1,1,1,1,0,1,1,1,1,1,1,1,1,1,1,1,1,1,1,1,1,1,1,1,1,1,1,1,1,1,1,0,1
CHEMBL220_108,34,31,-1,-1,-1,2.0,2.4308621740219887,2.6581262115932747,5.4797633136094674,0.116503957030757,0.1258514707981511,1.5802348679084341,2.7899332359973075,0.1722089887133547,0.08470109236885882,-0.1273860367022772,-0.9833896657014751,6.640196078431372,3.461473574643966,-0.0037856075161642752,-0.8125747437148907,0.025122549019607844,0.06480273672523396,2.97913940264353,8.153682324388946,0.7941176470588235,0.40434491426080943,-1.454785934906616,0.11640211640211628,2.0,2.4308621740219887,2.6581262115932747,5.4797633136094674,2.0,0.0,0,0,1.8235294117647058,2.0788937702437993,3.064011600017538,8.39626641264973,0.0,0.0,0,0,0.0048486094042360026,0.014071145796750407,2.910339473819137,7.523524793942526,0.045454545454545456,0.049891891550997276,2.6550968804367545,5.454583178760275,0.045454545454545435,0.27171163945713406,2.711799220049619,5.919841037800747,1.1818181818181819,0.38569460791993493,1.6499158227686117,0.7222222222222232,2.1112139802870344,62.0,198.0,0.0,122.0,1290.0,8.0,0.0,0.0,0.0,312.0,490.0,8184.0,0.0,0.0,0.0,0.0,32.0,0.0,0.0,0.0,0.0,0.0,0.0,0.0,0.0,0.0,0.0,0.0,0.0,0.0,0.0,1,1,0,1,1,1,0,0,0,1,1,1,0,0,0,0,1,0,0,0,0,0,0,0,0,0,0,0,0,0,0,6.208333333333333,0.5758447900452189,2.5768347985335365,4.973383405060171,2.0833333333333335,0.5713045500334204,0.006207020914803257,-0.0027161611588959467,0.0,0.0,0,0,3.2916666666666665,0.45452967144315476,0.916698497028212,-1.1596638655462175,0.5,0.5,0.0,-2.0,12.426499999999999,1.1483491411587337,2.5762574129506075,4.970207837186018,1.0416666666666667,0.8887803753208976,0.630777553363839,-0.26017147687477404,323.43600000000004,29.54,4.303300000000004,0,9,0,0,0,0,0,0,0,0,0,0,0,0,0,0,0,0,0,0,0,0,0,0,0,0,0,0,0,0,0,0,0,0,0,0,0,0,0,0,0,0,0,0,0,0,0,0,0,0,0,0,0,0,0,0,0,0,0,0,0,0,0,0,0,0,0,0,0,0,0,0,0,0,0,0,0,0,0,0,0,0,0,0,0,0,0,1,1,0,0,0,0,0,0,0,0,1,0,0,0,1,1,0,0,0,0,0,0,0,1,1,0,1,0,1,1,0,1,0,1,0,0,0,1,0,0,1,1,1,0,1,0,0,1,0,0,0,0,0,1,0,0,0,0,1,0,1,0,1,1,1,0,0,1,1,1,1,0,1,1,1,1,1,1,1,1,1,0,1
CHEMBL220_109,35,34,-1,-1,-1,2.1739130434782608,2.792103366609099,2.8050882399769024,6.373480306427053,0.11634900640191823,0.12261458836824829,1.6604356322555924,3.44432494578541,0.19129993711317775,0.09678477540006937,-0.2570840316860906,-1.0705116832402093,7.414285714285715,3.915247246053872,-0.12554956425784813,-0.8687661186581281,0.021237585943468296,0.05903842410089675,3.419696325293739,10.71237825647259,0.8,0.4,-1.5,0.24999999999999956,2.1739130434782608,2.792103366609099,2.8050882399769024,6.373480306427053,2.0,0.0,0,0,1.9428571428571428,2.3777883738929346,3.2940059941350412,10.006892591447112,0.0,0.0,0,0,0.01154213372258485,0.0298707475299468,2.476915838927345,4.800419096100087,0.043478260869565216,0.051120282796972075,2.8345748835915474,6.5140465849579705,0.04347826086956524,0.018955160874031134,0.6513487852130414,-0.048967729933111936,1.3478260869565217,0.47628048478710105,0.6390096504226935,-1.5916666666666677,-0.815279542002759,68.0,262.0,0.0,204.0,2106.0,24.0,0.0,0.0,0.0,648.0,950.0,17040.0,0.0,0.0,0.0,0.0,112.0,0.0,0.0,0.0,12.0,0.0,0.0,0.0,0.0,0.0,0.0,0.0,0.0,0.0,36.0,1,1,0,1,1,1,0,0,0,1,1,1,0,0,0,0,1,0,0,0,1,0,0,0,0,0,0,0,0,0,1,6.333333333333333,0.7200822998230956,1.785510192418493,1.3163265306122485,2.1481481481481484,0.7046776885348314,-0.21662369894796596,-0.982158664265437,0.0,0.0,0,0,3.3703703703703702,0.4829038818668629,0.53687549219316,-1.7117647058823522,0.4444444444444444,0.4969039949999533,0.22360679774997907,-1.9500000000000002,12.675740740740743,1.4359127331523605,1.7852322756423133,1.3152971220670855,1.0,1.0886621079036347,0.6889189901577689,-0.890625,369.4610000000001,48.0,3.732000000000003,1,8,0,0,0,0,0,0,0,0,0,0,0,0,0,0,0,0,0,0,0,0,0,0,0,0,0,0,0,0,0,0,0,0,0,0,0,0,0,0,0,0,0,0,0,0,0,0,0,0,0,0,0,0,0,0,0,0,0,0,0,0,0,0,0,0,0,0,0,0,0,0,0,0,1,0,0,0,0,0,0,0,0,0,0,0,0,1,1,0,0,0,0,0,0,1,0,0,1,0,0,0,1,1,0,0,0,1,0,0,0,0,0,0,0,1,1,0,1,0,0,0,0,0,1,0,0,1,1,1,0,0,0,0,1,0,0,0,0,0,1,0,1,1,0,1,1,1,1,0,1,1,1,0,1,1,1,1,0,1,1,1,1,1,1,1,1,1,0,1
CHEMBL220_110,36,34,-1,-1,-1,2.0833333333333335,2.752524094152291,2.898153743646183,6.888586812693806,0.11533163754400039,0.12031787547657702,1.8273229522918277,4.698251491099761,0.18529686582304972,0.0923764399724928,-0.24050716415526033,-0.941425916967638,7.487037037037037,3.908774773915243,-0.12243071447890812,-0.7640303090331093,0.023249299719887956,0.06788716370721529,3.269859956204561,9.738853936013312,0.8055555555555556,0.39577241246597245,-1.5440972939559128,0.38423645320197064,2.0833333333333335,2.752524094152291,2.898153743646183,6.888586812693806,2.0,0.0,0,0,1.8888888888888888,2.354402233379677,3.3640982720522192,10.462284413271755,0.0,0.0,0,0,0.03711911594235328,0.16442305862746562,5.571313855216911,29.67180875789348,0.041666666666666664,0.05041845498843517,2.8970656072883556,6.770315945837485,0.041666666666666664,0.018303893052815046,0.5464750310420255,-0.13242876117580016,1.2916666666666667,0.45452967144315476,0.9166984970282107,-1.1596638655462195,-1.1242266652373643,68.0,260.0,0.0,168.0,2106.0,16.0,0.0,0.0,0.0,448.0,806.0,17040.0,0.0,0.0,0.0,0.0,58.0,0.0,0.0,0.0,0.0,0.0,0.0,0.0,0.0,0.0,0.0,0.0,0.0,0.0,0.0,1,1,0,1,1,1,0,0,0,1,1,1,0,0,0,0,1,0,0,0,0,0,0,0,0,0,0,0,0,0,0,6.333333333333333,0.7200822998230956,1.7855101924184933,1.3163265306122485,2.1481481481481484,0.7046776885348314,-0.216623698947966,-0.982158664265437,0.0,0.0,0,0,3.3703703703703702,0.4829038818668629,0.53687549219316,-1.7117647058823522,0.4444444444444444,0.4969039949999533,0.22360679774997907,-1.9500000000000002,12.675740740740743,1.4359127331523605,1.7852322756423133,1.3152971220670855,1.0,1.0886621079036347,0.6889189901577689,-0.890625,369.4610000000001,48.0,3.732000000000003,1,8,0,0,0,0,0,0,0,0,0,0,0,0,0,0,0,0,0,0,0,0,0,0,0,0,0,0,0,0,0,0,0,0,0,0,0,0,0,0,0,0,0,0,0,0,0,0,0,0,0,0,0,0,0,0,0,0,0,0,0,0,0,0,0,0,0,0,0,0,0,0,0,0,1,0,0,0,0,0,0,0,0,0,0,0,0,1,1,0,0,0,0,0,0,1,0,0,1,0,0,0,1,1,0,0,0,1,0,0,0,0,0,0,0,1,1,0,1,0,0,0,0,0,1,0,0,1,1,1,0,0,0,0,1,0,0,0,0,0,1,0,1,1,0,1,1,1,1,0,1,1,1,0,1,1,1,1,0,1,1,1,1,1,1,1,1,1,0,1
CHEMBL220_111,37,34,-1,-1,-1,2.0,2.756809750418044,3.1615491320583664,8.81578947368421,0.10916835529767314,0.12291988133995263,2.1518545076061137,6.796301785067238,0.18344748741326766,0.09178624565650434,-0.2231130371883072,-0.9341806965182,7.642342342342342,4.004023116821251,-0.0939274395806115,-0.6957448357869516,0.024624624624624624,0.06947431152458511,3.428549935592769,11.609463039648695,0.8108108108108109,0.3916588309780929,-1.5871507864874157,0.5190476190476199,2.0,2.756809750418044,3.1615491320583664,8.81578947368421,2.0,0.0,0,0,1.837837837837838,2.36544394454498,3.624329973817078,12.772478645297191,0.0,0.0,0,0,0.003865607059530814,0.011875150103642674,3.095927808531697,8.473032061593411,0.04,0.04990842943639887,3.1534495345821423,8.74637875282841,0.039999999999999994,0.0222879012025181,-0.023673268709315343,-1.0005814414025052,1.16,0.36660605559646714,1.8548520670059365,1.4404761904761942,2.253032728399448,68.0,264.0,0.0,146.0,2286.0,8.0,0.0,0.0,0.0,414.0,736.0,20304.0,0.0,0.0,0.0,0.0,38.0,0.0,0.0,0.0,0.0,0.0,0.0,0.0,0.0,0.0,0.0,0.0,0.0,0.0,0.0,1,1,0,1,1,1,0,0,0,1,1,1,0,0,0,0,1,0,0,0,0,0,0,0,0,0,0,0,0,0,0,6.24,0.5851495535331118,2.2941654803229565,3.798890732815088,2.16,0.6118823416311343,-0.10392478956040592,-0.4526627218934922,0.0,0.0,0,0,3.32,0.46647615158762407,0.7717436331412907,-1.4044117647058816,0.48,0.4995998398718719,0.08006407690254362,-1.9935897435897438,12.48972,1.166996127500002,2.293222685048974,3.7939922904329277,0.96,0.8708616422830897,0.44071003902324807,-0.7758105004539875,336.4350000000001,40.620000000000005,3.584900000000003,0,8,0,0,0,0,0,0,0,0,0,0,0,0,0,0,0,0,0,0,0,0,0,0,0,0,0,0,0,0,0,0,0,0,0,0,0,0,0,0,0,0,0,0,0,0,0,0,0,0,0,0,0,0,0,0,0,0,0,0,0,0,0,0,0,0,0,0,0,0,0,0,0,0,0,0,0,1,0,0,0,0,0,0,0,1,0,1,1,0,0,1,0,0,1,0,0,0,1,0,0,0,1,1,0,0,0,1,0,0,1,0,1,1,0,0,1,0,1,1,1,0,0,1,1,0,0,1,0,1,1,1,0,0,0,0,0,0,1,1,1,0,0,0,1,1,1,1,0,1,1,0,1,0,0,1,1,1,1,0,1,1,1,1,1,1,1,1,0,1
CHEMBL220_112,38,35,-1,-1,-1,2.0,2.8147960713126134,2.9593963030842576,7.169384484871335,0.11299962402482079,0.11639104108106157,1.7633345365798538,3.814153056434347,0.18995841968394286,0.09426414264321056,-0.31784540933840516,-0.8769818654538368,8.035087719298247,4.1702454621433915,-0.1752635969099259,-0.722192390831315,0.023431326062905013,0.06954121807304431,3.1139483144862585,8.361968757021403,0.8157894736842105,0.3876557858593746,-1.6292261599251139,0.6543778801843323,2.0,2.8147960713126134,2.9593963030842576,7.169384484871335,2.0,0.0,0,0,1.8421052631578947,2.4227682708387164,3.40449596867641,10.607977308608763,0.0,0.0,0,0,0.0030074067099770895,0.009721504451696339,3.570094505411864,12.713954179246185,0.038461538461538464,0.049351658025041996,2.9766587411366037,7.255826818893661,0.03846153846153846,0.025179689333310752,-0.06297372527098169,0.855699194677535,1.1538461538461537,0.36080121229411,1.9188064472004944,1.6818181818181834,0.9955633291620087,70.0,282.0,0.0,174.0,2394.0,8.0,0.0,0.0,0.0,486.0,932.0,19944.0,0.0,0.0,0.0,0.0,42.0,0.0,0.0,0.0,0.0,0.0,0.0,0.0,0.0,0.0,0.0,0.0,0.0,0.0,0.0,1,1,0,1,1,1,0,0,0,1,1,1,0,0,0,0,1,0,0,0,0,0,0,0,0,0,0,0,0,0,0,6.357142857142857,0.8112726208286104,2.0721309702361213,2.8689381647737573,2.142857142857143,0.6925256939166186,-0.19750619609210907,-0.9203259393390688,0.0,0.0,0,0,3.357142857142857,0.47915742374995496,0.5962847939999434,-1.6444444444444453,0.5714285714285714,0.49487165930539356,-0.2886751345948126,-1.9166666666666672,12.759107142857145,1.7407307238071386,2.2830249147849493,4.2163386559698806,0.9285714285714286,1.0326308782000686,0.7267966328468419,-0.7546072663171626,383.4630000000001,42.68,4.839940000000005,0,8,0,0,0,0,0,0,0,0,0,0,0,0,0,0,0,0,0,0,0,0,0,0,0,0,0,0,0,0,0,0,0,0,0,0,0,0,0,0,0,0,0,0,1,0,0,0,0,0,0,0,0,0,0,0,0,0,0,1,0,0,0,0,0,0,0,0,0,0,0,0,0,0,0,0,0,0,0,0,0,0,0,0,0,0,0,1,1,1,0,1,0,0,0,0,0,0,0,1,1,0,1,1,0,0,0,1,0,1,1,1,0,1,0,1,1,0,1,0,1,0,0,0,1,1,0,1,1,1,1,1,0,0,1,0,1,0,0,1,1,0,0,1,0,1,1,1,1,1,1,1,1,0,1,1,1,1,0,1,1,1,1,1,1,1,1,1,0,1
CHEMBL220_113,36,33,-1,-1,-1,2.090909090909091,2.8747978728803445,2.7672143120835444,6.036838000000005,0.11092165055129598,0.12439519772384283,1.68555572073173,3.4613445970631043,0.1693887608947336,0.0943786917975457,-0.09682439486028624,-1.1778951728778337,6.75462962962963,3.9226680009327626,0.012201159703300062,-0.967032327344024,0.01774042950513539,0.05308503041695571,3.4367947401986045,10.821733083297516,0.8055555555555556,0.3957724124659724,-1.5440972939559128,0.3842364532019724,2.090909090909091,2.8747978728803445,2.7672143120835444,6.036838000000005,2.0,0.0,0,0,1.8333333333333333,2.3629078131263044,3.395484666192932,10.586619143090514,0.0,0.0,0,0,0.012192600660722183,0.03150313808191689,2.3635051637023485,3.967812763073714,0.04545454545454544,0.05721643139746817,2.790100289094069,6.1414633341270495,0.045454545454545456,0.020021151859361926,0.618982160254054,0.6627670624598334,1.2272727272727273,0.41907020260422223,1.301582746911936,-0.3058823529411776,1.6854541213240912,66.0,256.0,0.0,160.0,2106.0,24.0,0.0,0.0,0.0,590.0,768.0,17040.0,0.0,0.0,0.0,0.0,112.0,0.0,0.0,0.0,12.0,0.0,0.0,0.0,0.0,0.0,0.0,0.0,0.0,0.0,0.0,1,1,0,1,1,1,0,0,0,1,1,1,0,0,0,0,1,0,0,0,1,0,0,0,0,0,0,0,0,0,0,6.28125,0.6724198372296879,2.0639247940688206,2.40240893039572,2.1875,0.6343057228182637,-0.17793324828986265,-0.618908473937223,0.0,0.0,0,0,3.21875,0.41339864235384227,1.360672102833218,-0.14857142857142858,0.6875,0.46351240544347894,-0.8090398349558905,-1.3454545454545455,12.571874999999999,1.3408720052171277,2.0636362560417654,2.4011750271932293,0.84375,0.939061200082295,0.9943574054491126,0.10701132805745317,429.5160000000002,51.910000000000004,5.499300000000006,0,8,0,0,0,0,0,0,0,0,0,0,0,0,0,0,0,0,0,0,0,0,0,0,0,0,0,0,0,0,0,0,0,0,0,0,0,0,0,0,0,0,0,0,0,0,0,0,0,0,0,0,0,0,0,0,0,0,0,1,0,0,0,0,1,0,0,0,0,0,0,0,0,0,1,0,0,0,0,0,0,0,0,0,0,0,0,1,1,0,0,1,0,0,0,1,0,0,0,0,1,0,1,1,0,0,0,1,0,0,0,0,0,0,0,1,1,0,1,0,0,0,0,0,1,1,0,1,1,1,0,0,0,0,0,0,0,0,0,1,1,0,1,1,0,1,1,1,1,0,1,1,1,0,1,1,1,1,0,1,1,1,1,1,1,1,1,1,0,1
CHEMBL220_114,35,31,-1,-1,-1,1.9130434782608696,2.3758393204024784,2.8266958159079185,6.294767185467881,0.11532800280385962,0.1235754034616174,1.6774556379753824,3.7276160394892486,0.16598860688688752,0.0789440266038255,-0.2125689659632241,-0.9347201080199881,6.69482993197279,3.4230330591699647,-0.04351834964511032,-0.7299437956175865,0.02745098039215686,0.07485200003898823,2.90243147249789,6.9858373231661695,0.8,0.4,-1.5,0.24999999999999956,1.9130434782608696,2.3758393204024784,2.8266958159079185,6.294767185467881,2.0,0.0,0,0,1.7714285714285714,2.043606256256876,3.2025304531768475,9.175638249683185,0.0,0.0,0,0,0.0,0.0,0,0,0.04347826086956523,0.04877394430222509,2.812795959153912,6.2236556474060105,0.043478260869565244,0.034740275898004026,2.5715363404301064,6.885736344549535,1.0,0.0,0,0,-0.8989850124778923,62.0,194.0,0.0,70.0,1284.0,0.0,0.0,0.0,0.0,166.0,256.0,8184.0,0.0,0.0,0.0,0.0,0.0,0.0,0.0,0.0,0.0,0.0,0.0,0.0,0.0,0.0,0.0,0.0,0.0,0.0,0.0,1,1,0,1,1,0,0,0,0,1,1,1,0,0,0,0,0,0,0,0,0,0,0,0,0,0,0,0,0,0,0,6.241379310344827,0.6245093198715459,2.3220921809091974,3.599457168352174,2.1379310344827585,0.6283057640789173,-0.11307041239901745,-0.536979242270287,0.0,0.0,0,0,3.2413793103448274,0.42791978089623645,1.2087344460380716,-0.5389610389610362,0.6206896551724138,0.48521542343000995,-0.4974683381630911,-1.7525252525252522,12.492379310344832,1.2453554101151099,2.321702610893023,3.597563942411681,0.9310344827586207,0.9443492370778725,0.87460337982425,-0.08833066666666411,389.4950000000001,38.77,4.9569000000000045,0,9,0,0,0,0,0,0,0,0,0,0,0,0,0,0,0,0,0,0,0,0,0,0,0,0,0,0,0,0,0,0,0,0,0,0,0,0,0,0,0,0,0,0,0,0,0,0,0,0,0,0,0,0,0,0,0,0,0,0,0,0,0,0,0,0,0,0,0,0,0,0,0,0,1,0,0,0,0,0,0,0,0,0,0,0,0,1,1,0,0,0,0,0,0,1,0,0,0,0,0,0,1,0,0,0,0,0,0,0,0,0,0,0,0,1,1,0,1,0,0,0,0,0,1,0,0,1,1,1,0,0,0,0,0,0,0,0,0,0,1,0,0,1,0,1,1,1,1,0,1,1,1,0,1,1,1,1,0,1,1,1,1,1,1,1,1,1,0,1
CHEMBL220_115,37,35,-1,-1,-1,2.08,2.8272955275315668,2.945142929156445,7.040957185283855,0.11166257462429416,0.12065859461845624,1.6860317325407133,3.286620720096507,0.1843615957110522,0.09244899578466145,-0.24106909341283736,-1.0270670657137368,7.722522522522523,4.062849368144414,-0.11650436145563976,-0.8179217801081626,0.02445302445302445,0.06610734446188724,3.2965788017240256,10.01486419545277,0.8108108108108109,0.3916588309780929,-1.5871507864874157,0.5190476190476199,2.08,2.8272955275315668,2.945142929156445,7.040957185283855,2.0,0.0,0,0,1.8918918918918919,2.4249133033684274,3.412943457037198,10.626835353574327,0.0,0.0,0,0,0.010743968506238738,0.028388162142724147,2.4838790903845647,4.72200861254554,0.04,0.04913880843508249,2.9522253376379846,7.093930695140646,0.03999999999999999,0.6496861591637197,2.907670526868306,6.952160993055882,1.2,0.4,1.5000000000000004,0.2500000000000009,0.3029634934803737,70.0,280.0,0.0,190.0,2376.0,24.0,0.0,0.0,0.0,684.0,932.0,19920.0,0.0,0.0,0.0,0.0,118.0,0.0,0.0,0.0,12.0,0.0,0.0,0.0,0.0,0.0,0.0,0.0,0.0,0.0,0.0,1,1,0,1,1,1,0,0,0,1,1,1,0,0,0,0,1,0,0,0,1,0,0,0,0,0,0,0,0,0,0,6.28125,0.6724198372296879,2.0639247940688206,2.40240893039572,2.1875,0.6343057228182637,-0.17793324828986265,-0.618908473937223,0.0,0.0,0,0,3.21875,0.41339864235384227,1.360672102833218,-0.14857142857142858,0.6875,0.46351240544347894,-0.8090398349558905,-1.3454545454545455,12.571874999999999,1.3408720052171277,2.0636362560417654,2.4011750271932293,0.84375,0.939061200082295,0.9943574054491126,0.10701132805745317,429.5160000000002,51.910000000000004,5.499300000000006,0,8,0,0,0,0,0,0,0,0,0,0,0,0,0,0,0,0,0,0,0,0,0,0,0,0,0,0,0,0,0,0,0,0,0,0,0,0,0,0,0,0,0,0,0,0,0,0,0,0,0,0,0,0,0,0,0,0,0,1,0,0,0,0,1,0,0,0,0,0,0,0,0,0,1,0,0,0,0,0,0,0,0,0,0,0,0,1,1,0,0,1,0,0,0,1,0,0,0,0,1,0,1,1,0,0,0,1,0,0,0,0,0,0,0,1,1,0,1,0,0,0,0,0,1,0,0,1,1,1,0,0,0,0,0,0,0,0,0,1,1,0,1,1,0,1,1,1,1,0,1,1,1,0,1,1,1,1,0,1,1,1,1,1,1,1,1,1,0,1
CHEMBL220_116,39,39,-1,-1,-1,2.2222222222222223,3.2697642154582582,3.1648989048130973,8.613185306871339,0.11099385093799227,0.11541832911188933,1.903522443880758,4.849077370780441,0.2060997423546614,0.105061683620233,-0.3646906683809945,-0.9841948987156157,8.867521367521368,4.666655904624265,-0.24392782929335946,-0.7563229163630161,0.020899441952073532,0.06431591024571448,3.757290118537116,13.299545445131137,0.8205128205128205,0.3837597319768145,-1.6703827619526517,0.7901785714285703,2.2222222222222223,3.2697642154582582,3.1648989048130973,8.613185306871339,2.0,0.0,0,0,2.0,2.8102376941169758,3.6947468553472067,12.898633833698767,0.0,0.0,0,0,0.03045442464427734,0.08566766199628836,4.31755226838947,20.297336377364672,0.037037037037037035,0.050138445068125516,3.2259045518220577,9.011171307447889,0.037037037037037035,0.1599828405317321,-2.809318523930735,7.162041273599341,1.2962962962962963,0.4566232594791834,0.892217816219194,-1.2039473684210522,-0.9031695331908006,78.0,386.0,0.0,328.0,4122.0,56.0,0.0,0.0,0.0,1316.0,1964.0,44760.0,0.0,0.0,0.0,0.0,310.0,0.0,0.0,0.0,48.0,0.0,0.0,0.0,0.0,0.0,0.0,0.0,0.0,0.0,36.0,1,1,0,1,1,1,0,0,0,1,1,1,0,0,0,0,1,0,0,0,1,0,0,0,0,0,0,0,0,0,1,6.363636363636363,0.6883525267636694,1.6124536947242554,1.0185235262303989,2.1818181818181817,0.6254474981984937,-0.15353923408463235,-0.5632810950208293,0.0,0.24618298195866548,0.0,13.5,3.4242424242424243,0.4942274675848512,0.30656966974248245,-1.9060150375939848,0.36363636363636365,0.48104569292083466,0.5669467095138406,-1.6785714285714286,12.736333333333334,1.3727991900353151,1.611587187417756,1.015319000349093,0.9696969696969697,0.9040262963743212,0.30567296415268475,-1.1963565206413331,452.5550000000003,79.16,3.2691000000000017,0,7,0,0,0,0,0,0,0,0,0,0,0,0,0,0,0,0,0,0,0,0,0,0,0,0,1,0,0,0,0,0,0,0,0,0,0,0,0,0,0,0,0,0,0,0,0,0,0,0,0,1,0,0,0,0,0,0,1,0,0,0,0,0,1,1,0,0,0,0,0,0,1,1,1,0,0,1,0,0,0,1,1,0,0,0,0,1,1,0,0,0,0,0,1,0,1,1,0,0,1,0,1,0,1,0,0,0,0,0,1,1,1,1,0,1,1,0,1,1,1,1,1,1,1,0,1,1,1,1,1,1,1,0,1,1,0,1,1,1,1,0,1,0,1,1,0,1,1,1,1,0,0,0,1,1,1,1,1,1,1,1,1,1,1,1,1,1,0,1
CHEMBL220_117,38,36,-1,-1,-1,2.076923076923077,3.0245543463596154,3.4294883510309364,10.886593788753354,0.10742008266897951,0.12155951346181762,2.2548554067629016,7.6423620212331045,0.19350638444458815,0.09903938270590207,-0.23883731663995938,-0.9657617918337795,8.198245614035088,4.348720638433301,-0.11967239615128275,-0.6798473677435091,0.023194246878457402,0.06747086433620486,3.943729111740412,15.978644289377513,0.8157894736842105,0.3876557858593746,-1.6292261599251139,0.6543778801843323,2.076923076923077,3.0245543463596154,3.4294883510309364,10.886593788753354,2.0,0.0,0,0,1.894736842105263,2.5934073673168254,3.953942514451682,15.708068145116407,0.0,0.0,0,0,0.010416932707476359,0.02849309511764061,2.613967830846288,5.281056311241823,0.038461538461538464,0.05071250019172186,3.444552734734255,11.007809070610373,0.03846153846153845,0.06779826194649703,-2.3851315962441157,6.234007422018234,1.1923076923076923,0.39411349099844606,1.5614401167176535,0.4380952380952392,-1.319389291948344,72.0,320.0,0.0,206.0,3300.0,24.0,0.0,0.0,0.0,704.0,1178.0,35904.0,0.0,0.0,0.0,0.0,124.0,0.0,0.0,0.0,12.0,0.0,0.0,0.0,0.0,0.0,0.0,0.0,0.0,0.0,0.0,1,1,0,1,1,1,0,0,0,1,1,1,0,0,0,0,1,0,0,0,1,0,0,0,0,0,0,0,0,0,0,6.4,0.7348469228349533,1.4817900913132793,0.4814814814814792,2.2,0.8124038404635961,0.1790421686972105,-0.5592286501377424,0.0,0.0,0,0,3.45,0.4974937185533101,0.20100756305184125,-1.9595959595959607,0.3,0.45825756949558394,0.8728715609439697,-1.2380952380952384,12.8088,1.4654481771799375,1.4811583591064041,0.47941796541325177,1.0,1.0954451150103321,0.6846531968814578,-0.9166666666666665,276.33599999999996,50.800000000000004,2.2488,2,2,0,0,0,0,0,0,0,0,0,0,0,0,0,0,0,0,0,0,0,0,0,0,0,1,0,0,0,0,0,0,0,0,0,0,0,0,0,0,0,0,0,0,0,0,0,0,0,0,0,0,0,0,0,0,0,0,0,1,0,0,0,0,0,0,0,0,1,0,0,0,0,0,0,0,0,1,0,0,0,0,0,0,1,1,0,1,0,0,0,0,0,0,1,1,0,0,1,0,0,0,1,1,0,0,0,1,1,0,1,1,1,0,1,1,1,1,1,1,1,0,1,1,1,1,0,0,1,1,0,0,0,0,1,0,0,1,0,1,1,0,0,1,1,1,1,0,1,1,1,1,0,1,1,1,1,1,1,1,1,1,1,1,1,1,1,1,0,1
CHEMBL220_118,39,37,-1,-1,-1,2.074074074074074,3.1260663475569173,3.6485065077669536,12.488317715760056,0.10463471684020756,0.1212130425028397,2.5357714448094577,9.770371871487301,0.19348588660771607,0.09735557531137949,-0.3073218211202038,-0.9025132885411424,8.497435897435897,4.453361575575685,-0.17317799281996715,-0.5938842759677985,0.023525549841339314,0.07272950905253889,3.8031734386871916,14.245424000811237,0.8205128205128205,0.3837597319768145,-1.6703827619526517,0.7901785714285703,2.074074074074074,3.1260663475569173,3.6485065077669536,12.488317715760056,2.0,0.0,0,0,1.8974358974358974,2.687052257704426,4.1930884215097874,17.760825540550286,0.0,0.0,0,0,0.03338983189058152,0.15792080017841234,5.872674492715904,32.991878970598826,0.03703703703703703,0.05083681280875211,3.6255113632967375,12.249396636599513,0.037037037037037035,0.45683156851010914,-3.900744245473408,15.243709867204295,1.2592592592592593,0.438228132081453,1.0987005311470714,-0.7928571428571423,0.10791762699367997,74.0,348.0,0.0,172.0,3924.0,16.0,0.0,0.0,0.0,544.0,1008.0,46824.0,0.0,0.0,0.0,0.0,70.0,0.0,0.0,0.0,0.0,0.0,0.0,0.0,0.0,0.0,0.0,0.0,0.0,0.0,0.0,1,1,0,1,1,1,0,0,0,1,1,1,0,0,0,0,1,0,0,0,0,0,0,0,0,0,0,0,0,0,0,6.473684210526316,0.8187552203212656,1.2351790129667335,-0.3659244587118371,2.210526315789474,0.7663273567663703,0.3246115214070427,-0.152545389818441,0.0,0.0,0,0,3.4210526315789473,0.49372797471825575,0.31980107453341583,-1.8977272727272727,0.3157894736842105,0.464829519280413,0.7925939239012172,-1.3717948717948716,12.955631578947367,1.632665634718954,1.2349119598008338,-0.3666113012340091,0.8947368421052632,1.0205641805087007,0.8056606915590628,-0.596848121321865,263.29299999999995,56.790000000000006,2.1914,2,2,0,0,0,0,0,0,0,0,0,0,0,0,0,0,0,0,0,0,0,1,0,0,0,1,0,0,0,0,0,0,0,0,0,0,0,0,0,0,0,0,0,0,0,0,0,0,0,0,0,0,0,0,0,0,0,0,0,1,0,0,0,0,0,0,0,0,1,0,0,0,0,0,0,0,0,0,0,0,0,0,0,0,1,1,0,0,0,0,0,0,0,0,0,0,0,0,1,0,1,0,1,1,0,0,0,1,1,0,0,1,1,0,1,1,1,1,0,1,0,0,1,0,0,1,0,0,1,1,0,1,0,0,1,0,0,0,0,1,1,0,1,0,0,1,1,1,1,0,0,1,0,1,1,1,1,1,1,1,1,1,1,1,1,1,1,1,0,1
CHEMBL220_119,37,38,-1,-1,-1,2.32,3.196498083841128,2.9417253807486166,6.987146022622888,0.11274580479256972,0.11964702473819727,1.6556908752185828,3.1407729468057886,0.20140338906580518,0.10413424714695728,-0.28370627913071517,-1.1255123926699249,8.257657657657658,4.411964341227973,-0.1767924321234685,-0.8876829385673046,0.020849420849420847,0.06045875326222858,3.668406642592708,12.178260322451553,0.8108108108108109,0.3916588309780929,-1.5871507864874157,0.5190476190476199,2.32,3.196498083841128,2.9417253807486166,6.987146022622888,2.0,0.0,0,0,2.054054054054054,2.730666149257316,3.4793788279537052,11.00759742036488,0.0,0.0,0,0,0.04811525705638997,0.10195384385059333,2.6829652912525725,8.046614982836248,0.04,0.05016478650034915,2.9667008334416143,7.0884365251056884,0.039999999999999994,0.06224624586323568,2.999048564283115,7.210552880924906,1.36,0.48,0.5833333333333327,-1.6597222222222228,-0.9705554548272214,76.0,356.0,0.0,342.0,3498.0,88.0,0.0,0.0,0.0,1508.0,1898.0,34440.0,0.0,0.0,0.0,0.0,472.0,0.0,0.0,0.0,120.0,0.0,0.0,0.0,0.0,0.0,0.0,0.0,0.0,0.0,48.0,1,1,0,1,1,1,0,0,0,1,1,1,0,0,0,0,1,0,0,0,1,0,0,0,0,0,0,0,0,0,1,6.3,0.5859465277082315,1.8093701807636597,2.1157507776416278,2.2,0.7023769168568493,-0.30013915000822333,-0.9598246895544196,0.0,0.0,0,0,3.3,0.45825756949558405,0.8728715609439703,-1.2380952380952377,0.5333333333333333,0.49888765156985887,-0.13363062095621214,-1.982142857142857,12.609533333333337,1.1687757621640786,1.8078870138495473,2.1086636882237553,0.9,1.011599393699568,0.7805229541940242,-0.617449522010844,405.50200000000024,70.47,2.19562,0,4,0,0,0,0,0,0,0,0,0,0,0,0,0,0,0,0,0,0,0,0,0,0,0,0,0,0,0,0,0,0,0,0,0,0,0,0,0,0,0,0,0,0,0,0,0,0,0,0,0,0,0,0,0,0,0,0,0,0,0,0,0,0,1,0,0,1,0,0,0,0,0,0,0,0,0,1,0,1,0,1,1,0,1,0,0,1,1,0,0,0,0,0,1,1,0,0,0,1,1,0,1,1,0,0,0,1,0,0,0,0,1,1,0,1,1,1,1,1,1,0,1,1,1,0,0,1,0,1,1,1,0,0,0,1,0,1,1,1,1,0,0,1,1,1,1,1,0,1,1,1,1,1,0,1,1,1,1,0,1,1,1,1,1,1,1,1,0,0
CHEMBL220_120,38,36,-1,-1,-1,2.1739130434782608,3.087874939924296,2.849237752157654,6.4870263017720085,0.10657612347803924,0.12230012010655572,1.7187405516433873,3.5230314812150985,0.1693716915309135,0.09686518287998945,-0.06883837542512258,-1.2826096101583768,7.1008771929824555,4.204049752114237,0.036937109846274865,-1.0438673762189112,0.01588430535798957,0.049059656551848296,3.6898326070888467,12.562974859732629,0.8157894736842105,0.3876557858593746,-1.6292261599251139,0.6543778801843323,2.1739130434782608,3.087874939924296,2.849237752157654,6.4870263017720085,2.0,0.0,0,0,1.894736842105263,2.510917987763487,3.5502524541102543,11.6942528593623,0.0,0.0,0,0,0.02090341288706264,0.049863687506971476,2.0878432842180437,2.5936602026255926,0.043478260869565216,0.05652202795799329,2.8736723095230015,6.604289404650185,0.043478260869565265,0.07332417098977179,2.975391766277342,7.1881147859037124,1.2608695652173914,0.43910891036356847,1.0891622972743424,-0.8137254901960773,0.27523130119000866,72.0,304.0,0.0,220.0,2772.0,48.0,0.0,0.0,0.0,948.0,1154.0,25200.0,0.0,0.0,0.0,0.0,246.0,0.0,0.0,0.0,48.0,0.0,0.0,0.0,0.0,0.0,0.0,0.0,0.0,0.0,0.0,1,1,0,1,1,1,0,0,0,1,1,1,0,0,0,0,1,0,0,0,1,0,0,0,0,0,0,0,0,0,0,6.484848484848484,1.908850393699833,5.068474889545973,24.919668080531356,2.242424242424242,0.6045435558563637,-0.1702754683473106,-0.5413878437413189,0.0,0.0,0,0,3.212121212121212,0.40881022918884974,1.4083737016560935,-0.01648351648351465,0.6666666666666666,0.4714045207910317,-0.7071067811865475,-1.5,13.023666666666667,4.058445221530238,5.115174972041936,25.28150712556854,0.7878787878787878,0.8074492481499531,0.7486837293716841,-0.13698472525292615,455.98900000000026,45.230000000000004,6.257700000000006,0,5,0,0,0,0,0,0,0,0,0,0,0,0,0,0,0,0,0,0,0,0,0,0,0,0,0,0,0,0,0,0,0,0,0,0,0,0,0,0,0,0,0,0,0,0,0,0,0,0,0,0,0,0,0,0,0,0,0,0,0,0,0,0,1,0,0,1,0,0,0,0,0,0,0,0,0,1,0,0,0,0,1,0,1,0,0,1,1,1,0,0,0,0,1,0,0,0,0,0,1,0,1,1,0,1,0,1,0,1,0,0,1,1,0,0,1,0,0,1,1,0,1,1,1,0,0,1,0,0,1,1,0,0,0,0,1,1,0,1,1,0,0,0,1,0,1,1,0,1,1,0,0,1,0,1,1,1,1,0,1,0,1,1,1,1,1,1,0,1
CHEMBL220_121,40,38,-1,-1,-1,2.1538461538461537,3.278042423486541,3.3946724727548516,10.51670479244697,0.10373407675979282,0.11932829219758997,2.1647991783575837,6.976767349619967,0.1840932505911202,0.10333086743616249,-0.21289225762157624,-1.1570958294600049,8.120833333333334,4.708036495067651,-0.09755741684406664,-0.890490185849313,0.01808367071524966,0.05644827977438588,4.023586913458481,16.192299016865043,0.825,0.3799671038392666,-1.7106744068953987,0.9264069264069255,2.1538461538461537,3.278042423486541,3.3946724727548516,10.51670479244697,2.0,0.0,0,0,1.9,2.7367864366808017,4.078243577705596,16.58266919310304,0.0,0.0,0,0,0.018330097284768886,0.045576613685562505,2.24187815225281,3.309352338169065,0.03846153846153847,0.05343803573798714,3.443236607583354,10.873038335025454,0.03846153846153847,0.10769709352970246,-2.9773089407742033,8.708264599614925,1.2307692307692308,0.42132504423474315,1.278019300845387,-0.3666666666666676,0.7018244574802974,76.0,368.0,0.0,244.0,4146.0,48.0,0.0,0.0,0.0,1116.0,1460.0,48840.0,0.0,0.0,0.0,0.0,270.0,0.0,0.0,0.0,48.0,0.0,0.0,0.0,0.0,0.0,0.0,0.0,0.0,0.0,0.0,1,1,0,1,1,1,0,0,0,1,1,1,0,0,0,0,1,0,0,0,1,0,0,0,0,0,0,0,0,0,0,6.871794871794871,2.3334742138366065,3.605722359325803,12.124178346000873,2.2051282051282053,0.7225129642874548,-0.33075084781541675,-1.0444866727153894,0.0,0.0,0,0,3.2564102564102564,0.4366509324596513,1.1157184170779368,-0.7551724137931037,0.5128205128205128,0.4998356074261007,-0.05129891760425735,-1.9973684210526315,13.79125641025641,4.834979260252757,3.664557833152448,12.582657403195517,0.717948717948718,0.932290203215274,1.1568015235727407,0.3200796024910688,566.0830000000001,116.41999999999999,5.436900000000004,1,7,0,0,0,0,0,0,0,0,0,0,0,0,0,0,0,0,0,0,0,0,0,0,0,0,0,0,0,0,0,0,0,0,0,0,0,0,1,0,0,0,0,0,0,0,0,0,0,1,0,0,0,0,0,0,1,0,0,0,0,0,0,0,0,0,0,1,0,0,0,0,0,0,0,0,0,1,0,0,0,1,1,1,0,1,0,1,1,1,1,0,0,0,1,1,0,1,1,0,1,0,1,1,0,1,0,1,0,1,1,1,1,1,0,0,1,1,1,1,1,0,1,1,1,1,0,1,1,0,1,1,0,1,0,1,1,1,1,1,1,0,1,1,1,0,1,1,1,1,1,1,1,1,0,1,1,1,1,1,1,1,1,1,1,1,1,1,0,0
CHEMBL220_122,39,38,-1,-1,-1,2.1481481481481484,3.1588054904030214,3.2763304855008273,9.445034117242301,0.10793895033621002,0.11828021238289525,1.9939966938553912,5.5685678393165645,0.1973585492364591,0.1009396534516964,-0.2890169481631405,-1.0094854386826375,8.600854700854702,4.553316546999424,-0.17565242570749406,-0.7511103017508858,0.022941970310391364,0.06637768743068334,3.8853642487401063,15.016005856664798,0.8205128205128205,0.3837597319768145,-1.6703827619526517,0.7901785714285703,2.1481481481481484,3.1588054904030214,3.2763304855008273,9.445034117242301,2.0,0.0,0,0,1.9487179487179487,2.7169809597845336,3.7973052523322033,13.86233116887156,0.0,0.0,0,0,0.018167302782687397,0.044522869548499266,2.203981547255176,3.142926807866271,0.037037037037037035,0.049212215677991576,3.28830195679509,9.543325016283761,0.037037037037037035,0.034391111518874355,-1.16627673422048,1.4868645670082348,1.2222222222222223,0.41573970964154905,1.3363062095621205,-0.21428571428571752,1.0462920226402423,76.0,360.0,0.0,270.0,3786.0,48.0,0.0,0.0,0.0,1146.0,1590.0,40800.0,0.0,0.0,0.0,0.0,270.0,0.0,0.0,0.0,48.0,0.0,0.0,0.0,0.0,0.0,0.0,0.0,0.0,0.0,0.0,1,1,0,1,1,1,0,0,0,1,1,1,0,0,0,0,1,0,0,0,1,0,0,0,0,0,0,0,0,0,0,6.25,0.57476703355111,2.186549825225845,3.4784514243973703,2.2142857142857144,0.7249208260780158,-0.3501267143768269,-1.048732208502216,0.0,0.0,0,0,3.3214285714285716,0.46702488680792936,0.7647191129018711,-1.415204678362575,0.42857142857142855,0.49487165930539345,0.28867513459481287,-1.9166666666666665,12.509714285714287,1.1463652140926264,2.1853443265075065,3.472159132767004,0.9642857142857143,1.0516022760239612,0.6240036493785692,-0.9655136632304058,377.4880000000002,77.24,4.2455200000000035,1,3,0,0,0,0,0,0,0,0,0,0,0,0,0,0,0,0,0,0,0,0,0,0,0,0,0,0,0,0,0,0,0,0,0,0,0,0,0,0,1,0,0,0,0,0,0,1,0,0,0,0,1,0,0,1,0,0,0,0,0,0,0,0,1,0,0,1,0,0,0,0,0,0,0,0,0,0,1,1,0,0,1,0,0,0,1,0,0,0,0,0,1,1,0,0,0,0,0,1,1,1,0,1,0,0,0,1,0,0,0,1,0,1,0,0,1,0,0,0,1,0,1,1,0,1,0,1,1,0,1,1,0,1,0,1,0,1,0,1,0,0,0,1,1,0,1,1,0,1,0,1,1,1,0,1,1,1,1,1,1,1,1,1,1,1,1,1,0,1
CHEMBL220_123,37,35,-1,-1,-1,2.08,2.8131121556027585,2.9907775357484354,7.243668498064581,0.11120158948974498,0.12108358072827734,1.6922040010644166,3.3576513699623947,0.18078070691443987,0.09043687168569862,-0.21460342073666705,-1.032799877668967,7.643758043758044,4.019991233660578,-0.10385034121701396,-0.8219526140178139,0.025396825396825397,0.06733684581335891,3.370763040226187,10.485963691358554,0.8108108108108109,0.3916588309780929,-1.5871507864874157,0.5190476190476199,2.08,2.8131121556027585,2.9907775357484354,7.243668498064581,2.0,0.0,0,0,1.8918918918918919,2.413742006677417,3.4593039131670156,10.879159230449629,0.0,0.0,0,0,0.012703818553313748,0.032548415373004166,2.2370621374027544,3.1709097088159046,0.04000000000000001,0.04863270031514617,2.9878914537466805,7.24533219097273,0.04,0.055362756605039476,-1.8348056869404032,3.268677781261494,1.2,0.4,1.5000000000000004,0.2500000000000009,0.5218461424414885,70.0,278.0,0.0,170.0,2370.0,24.0,0.0,0.0,0.0,680.0,800.0,19920.0,0.0,0.0,0.0,0.0,114.0,0.0,0.0,0.0,12.0,0.0,0.0,0.0,0.0,0.0,0.0,0.0,0.0,0.0,0.0,1,1,0,1,1,1,0,0,0,1,1,1,0,0,0,0,1,0,0,0,1,0,0,0,0,0,0,0,0,0,0,6.310344827586207,0.6487892318009235,1.8647331985545053,1.9324427846404202,2.206896551724138,0.7133848574336966,-0.3245795174669668,-1.0049786007511574,0.0,0.0,0,0,3.206896551724138,0.5495647396727319,0.06373369989198642,-0.1861553723107443,0.41379310344827586,0.4925123054167483,0.35007002100700274,-1.8774509803921566,12.630034482758624,1.2939057814326103,1.8638448988752256,1.9286654668715792,0.7931034482758621,0.9958295915995622,0.8417640349053074,-0.6678484550489112,389.4550000000002,98.22999999999999,3.775680000000003,1,3,0,0,0,0,0,0,0,0,0,0,0,0,0,0,0,0,0,0,0,0,0,0,0,0,0,0,0,0,0,0,0,0,0,0,0,0,0,0,0,0,0,1,0,0,0,0,0,0,0,0,1,0,0,0,0,0,0,1,0,0,0,0,1,0,0,1,0,0,0,0,0,0,0,0,0,0,1,0,0,0,1,0,0,0,1,0,0,0,0,1,1,1,1,0,0,0,0,1,1,1,0,1,0,0,0,1,0,0,0,1,1,1,0,1,1,0,0,1,1,0,1,1,0,1,0,1,1,0,1,1,0,0,0,1,0,1,0,1,0,0,0,0,1,0,1,1,1,1,0,1,1,1,1,1,1,1,1,1,1,1,1,1,1,1,1,1,0,1
CHEMBL220_124,35,34,-1,-1,-1,2.1739130434782608,2.8076320506022503,2.6624555358576383,5.521125890654387,0.11403414709467269,0.12477035652677733,1.5535427183350914,2.433393181652434,0.19073557508550368,0.09742333643240682,-0.21189507753993833,-1.0955293116052789,7.371428571428571,3.9318773968608918,-0.07467944531261873,-0.8985498344817677,0.021543162719633305,0.05832231844274003,3.0856011517475697,8.240371246422649,0.8,0.4,-1.5,0.24999999999999956,2.1739130434782608,2.8076320506022503,2.6624555358576383,5.521125890654387,2.0,0.0,0,0,1.9428571428571428,2.389774133294455,3.144923958406844,8.899122703784666,0.0,0.0,0,0,0.022903828197945845,0.05405195290426949,2.1545660331829564,3.018434802637133,0.043478260869565216,0.05079943104924219,2.672609226958458,5.559712436517685,0.04347826086956517,0.9285552510687811,2.5983491330530084,5.333720891112337,1.2608695652173914,0.43910891036356847,1.0891622972743424,-0.8137254901960773,-0.7023218917714801,68.0,264.0,0.0,246.0,2064.0,48.0,0.0,0.0,0.0,840.0,1206.0,15984.0,0.0,0.0,0.0,0.0,228.0,0.0,0.0,0.0,48.0,0.0,0.0,0.0,0.0,0.0,0.0,0.0,0.0,0.0,0.0,1,1,0,1,1,1,0,0,0,1,1,1,0,0,0,0,1,0,0,0,1,0,0,0,0,0,0,0,0,0,0,6.3076923076923075,0.6661733875264914,1.8983276850954907,1.9317333333333346,2.230769230769231,0.6965680875490321,-0.34745528935744435,-0.9229625223081501,0.0,0.0,0,0,3.269230769230769,0.4435600997950306,1.0405319634289447,-0.9172932330827055,0.46153846153846156,0.49851851526214314,0.15430334996209163,-1.9761904761904763,12.624692307692309,1.328509713615824,1.8976702251115412,1.9289999804695066,0.8461538461538461,0.9880948137434714,0.7898225651675085,-0.6366942148760337,350.4180000000001,74.44,3.5139000000000022,1,3,0,0,0,0,0,0,0,0,0,0,0,0,0,0,0,0,0,0,0,0,0,0,0,0,0,0,0,0,0,0,0,0,0,0,0,0,0,0,0,0,0,0,0,0,0,0,0,0,0,0,1,0,0,0,0,0,0,1,0,0,0,0,1,0,0,1,0,0,0,0,0,0,0,0,0,0,1,0,0,0,1,0,0,0,1,0,0,0,0,1,1,1,1,0,0,0,1,1,1,1,0,1,0,0,0,1,0,0,0,1,1,1,0,1,1,0,0,1,1,0,1,1,0,1,0,1,1,0,0,1,0,0,0,1,0,1,0,1,0,0,0,0,1,0,1,1,1,1,0,1,1,1,1,1,1,1,1,1,1,1,1,1,1,1,1,1,0,1
CHEMBL220_125,36,32,-1,-1,-1,1.9166666666666667,2.4818787686392385,2.9734508188799333,7.254086015081938,0.11040479583462198,0.12485415024937384,2.0156604912052747,5.915781029554829,0.16944450062188185,0.08118330876020725,-0.24493170263393715,-0.924061078154617,7.015343915343916,3.5972255905063273,-0.07380892517485049,-0.6980373960511708,0.02726423902894491,0.07630481525106163,3.0027590550398426,7.662189306429898,0.8055555555555556,0.3957724124659724,-1.5440972939559132,0.3842364532019724,1.9166666666666667,2.4818787686392385,2.9734508188799333,7.254086015081938,2.0,0.0,0,0,1.7777777777777777,2.1358203096378983,3.369577710691034,10.444548003098218,0.0,0.0,0,0,0.0,0.0,0,0,0.041666666666666664,0.04875474570462485,2.955673658108229,7.146599687910692,0.041666666666666664,0.023059176745970477,-0.061321685977639075,-1.2307276989596478,1.0,0.0,0,0,-0.49997140056522443,64.0,214.0,0.0,74.0,1554.0,0.0,0.0,0.0,0.0,184.0,292.0,11064.0,0.0,0.0,0.0,0.0,0.0,0.0,0.0,0.0,0.0,0.0,0.0,0.0,0.0,0.0,0.0,0.0,0.0,0.0,0.0,1,1,0,1,1,0,0,0,0,1,1,1,0,0,0,0,0,0,0,0,0,0,0,0,0,0,0,0,0,0,0,6.157894736842105,0.4880851839734581,3.0694724279304313,8.154948620876143,2.210526315789474,0.6137844099837159,-0.15888839505850166,-0.5350346020761236,0.0,0.0,0,0,3.1842105263157894,0.3876557858593746,1.6292261599251145,0.6543778801843345,0.631578947368421,0.48237638894271995,-0.545544725589981,-1.7023809523809526,12.325947368421057,0.9734235554385096,3.0683959793314672,8.147519180503448,0.8947368421052632,0.8204451193747312,1.05411962728586,1.0428288370675238,502.65800000000024,41.57,7.925440000000008,2,7,0,0,0,0,0,0,0,0,0,0,0,0,0,0,0,0,0,0,0,0,0,0,0,0,0,0,0,0,0,0,0,0,0,0,0,0,0,0,0,0,0,0,0,0,0,1,0,0,0,0,1,0,0,0,0,0,0,0,0,0,0,0,1,0,0,0,0,0,0,0,0,0,0,0,0,1,1,0,0,0,1,0,0,0,0,1,0,0,0,0,0,0,0,0,0,0,0,1,1,1,0,0,0,0,1,0,0,0,0,1,0,1,0,0,1,0,0,0,0,0,0,1,1,1,0,1,1,0,0,0,0,0,0,1,0,1,0,1,0,0,0,1,1,0,0,1,0,0,1,1,1,1,0,1,1,1,1,1,1,1,1,1,1,1,1,1,0,1
CHEMBL220_126,38,34,-1,-1,-1,2.0,2.8590056039606258,3.0809700498996233,8.101742870076956,0.10383333995994215,0.12463718139643279,2.1234779424843575,6.635044266578472,0.1576943732972106,0.0872283575084981,-0.054939319019749126,-1.1705566384460036,6.756140350877193,3.926269342653643,0.06800341339363983,-0.9158025671261458,0.018097044412833885,0.055259160662252074,3.4900487437280514,11.37382751216558,0.8157894736842105,0.3876557858593746,-1.6292261599251139,0.6543778801843323,2.0,2.8590056039606258,3.0809700498996233,8.101742870076956,2.0,0.0,0,0,1.7894736842105263,2.3300993285451215,3.7497882837667174,13.618192419825071,0.0,0.0,0,0,0.005058412621943876,0.01482224332036157,2.6211858995499924,4.9731567974091275,0.04347826086956524,0.056765009486667774,3.1007889645205147,8.232836109490055,0.04347826086956523,0.0582901475991037,-2.2153515364446683,5.126661794673591,1.173913043478261,0.3790346907426672,1.7206180040292134,0.9605263157894743,0.16197834939576244,68.0,260.0,0.0,96.0,2280.0,8.0,0.0,0.0,0.0,384.0,432.0,20304.0,0.0,0.0,0.0,0.0,36.0,0.0,0.0,0.0,0.0,0.0,0.0,0.0,0.0,0.0,0.0,0.0,0.0,0.0,0.0,1,1,0,1,1,1,0,0,0,1,1,1,0,0,0,0,1,0,0,0,0,0,0,0,0,0,0,0,0,0,0,6.333333333333333,0.7200822998230955,1.7855101924184935,1.3163265306122502,2.074074074074074,0.5392673992059643,0.05766551977091241,0.35831256674973444,0.0,0.0,0,0,3.5185185185185186,0.4996569467863719,-0.07412493166611059,-1.9945054945054945,0.2222222222222222,0.41573970964154905,1.3363062095621216,-0.21428571428571486,12.675740740740743,1.4359127331523605,1.7852322756423133,1.3152971220670855,1.2222222222222223,0.9938079899999065,-0.0027950849718749978,-1.3256249999999998,375.5090000000001,48.0,4.306500000000004,0,12,0,0,0,0,0,0,0,0,0,0,0,0,0,0,0,0,0,0,0,0,0,0,0,0,0,0,0,0,0,0,0,0,0,0,0,0,0,0,0,0,0,0,0,0,0,0,0,0,0,0,0,0,0,0,0,0,0,0,0,0,0,0,0,0,0,0,0,0,0,0,0,0,1,0,0,1,0,0,0,0,0,0,0,1,0,1,1,0,0,0,0,0,0,1,0,0,1,0,0,1,1,0,0,0,0,0,0,0,0,1,0,1,0,1,1,0,0,0,1,0,0,1,1,1,0,0,1,1,1,1,0,0,1,0,0,0,0,1,1,0,1,0,0,1,1,0,1,1,1,1,1,0,1,1,1,1,0,1,1,1,1,1,1,1,1,1,0,1
CHEMBL220_127,37,35,-1,-1,-1,2.08,2.841408101628487,3.0994162003599706,8.154705366985205,0.11272640314262522,0.11966530433485459,1.978680471032265,5.753081657029528,0.1840222643781186,0.09129577035763567,-0.26256839454303865,-0.9372214506411156,7.727927927927929,4.022063874259015,-0.1450702034089058,-0.7234778182077433,0.02428142428142428,0.0705611228010448,3.414792463404837,10.802589906118936,0.8108108108108109,0.3916588309780929,-1.5871507864874157,0.5190476190476199,2.08,2.841408101628487,3.0994162003599706,8.154705366985205,2.0,0.0,0,0,1.8918918918918919,2.436033370647297,3.580765063917579,12.086154450914814,0.0,0.0,0,0,0.03809776162717339,0.16276866628960038,5.5725555038992605,29.968546932561516,0.04000000000000001,0.05019175720020295,3.1704913033057682,8.673869204375656,0.04000000000000001,0.02310329922529741,1.8883371532748516,4.971634370665009,1.28,0.44899888641287294,0.9799578870122225,-1.03968253968254,0.2213846720256696,70.0,282.0,0.0,148.0,2496.0,16.0,0.0,0.0,0.0,472.0,684.0,22320.0,0.0,0.0,0.0,0.0,54.0,0.0,0.0,0.0,0.0,0.0,0.0,0.0,0.0,0.0,0.0,0.0,0.0,0.0,0.0,1,1,0,1,1,1,0,0,0,1,1,1,0,0,0,0,1,0,0,0,0,0,0,0,0,0,0,0,0,0,0,6.344827586206897,0.7554793896622979,2.214282547580781,3.9430729166666714,2.206896551724138,0.7133848574336966,-0.3245795174669668,-1.0049786007511574,0.0,0.0,0,0,3.310344827586207,0.46263475396547377,0.819891591749923,-1.3277777777777777,0.5517241379310345,0.49731741730537776,-0.20801257358446087,-1.956730769230769,12.733448275862074,1.634145259786668,2.473449848089649,5.615521327748498,0.8275862068965517,1.0194307240754816,0.7400586939076103,-0.9157481057134924,393.4620000000002,78.1,4.772120000000004,0,3,0,0,0,0,0,0,0,0,0,0,0,0,0,0,0,0,0,0,0,1,0,0,0,0,0,0,0,0,0,0,0,0,0,0,0,0,0,0,1,0,0,0,1,0,0,0,0,0,0,0,0,0,0,0,0,0,0,0,0,0,0,0,1,0,0,1,0,0,0,0,0,0,0,0,0,0,0,1,0,0,1,0,0,0,1,0,0,1,0,0,1,1,0,0,0,0,0,1,1,0,0,1,0,0,0,1,0,1,0,1,0,1,0,0,1,0,0,0,1,0,1,1,0,1,0,1,1,0,1,1,0,0,0,1,1,1,0,1,0,0,0,0,1,0,1,1,0,1,0,1,1,1,0,1,1,1,1,1,1,1,1,1,1,1,1,1,0,1
CHEMBL220_128,37,35,-1,-1,-1,2.08,2.8272955275315668,2.945142929156445,7.040957185283856,0.11519832996787735,0.11728756029366065,1.7537246694138986,4.053608744447516,0.18730242527965518,0.09304108628254289,-0.28644015594862543,-0.9235363816177506,7.790990990990992,4.051064062559106,-0.16383999921387388,-0.7493366667969985,0.023423423423423424,0.06951892717607656,3.2835050082675705,9.705153059092002,0.8108108108108109,0.3916588309780929,-1.5871507864874157,0.5190476190476199,2.08,2.8272955275315668,2.945142929156445,7.040957185283856,2.0,0.0,0,0,1.8918918918918919,2.4249133033684274,3.4129434570371986,10.626835353574327,0.0,0.0,0,0,0.03590343333507876,0.16229284285308626,5.659140977502673,30.660242471282444,0.04,0.04988725991905373,2.9590778951951764,7.0472471355117055,0.04,0.040742138072158526,3.0743323374878733,8.318033984246018,1.28,0.44899888641287294,0.9799578870122225,-1.0396825396825395,-0.04295936877601335,70.0,280.0,0.0,174.0,2376.0,16.0,0.0,0.0,0.0,492.0,862.0,19920.0,0.0,0.0,0.0,0.0,60.0,0.0,0.0,0.0,0.0,0.0,0.0,0.0,0.0,0.0,0.0,0.0,0.0,0.0,0.0,1,1,0,1,1,1,0,0,0,1,1,1,0,0,0,0,1,0,0,0,0,0,0,0,0,0,0,0,0,0,0,6.333333333333333,0.642416074439621,1.7162772639614747,1.5355029585798832,2.1904761904761907,0.7315376902732009,-0.3122327271828241,-1.0908503303648382,0.0,0.0,0,0,3.3333333333333335,0.4714045207910317,0.7071067811865465,-1.500000000000001,0.47619047619047616,0.4994327848429293,0.09534625892455934,-1.990909090909091,12.675952380952381,1.2812743089890175,1.7151376285346787,1.5307722061693578,0.9047619047619048,1.1086139739831253,0.6078500183462305,-1.2591944554131893,285.34700000000004,78.10000000000001,2.575920000000001,0,2,0,0,0,0,0,0,0,0,0,0,0,0,0,0,0,0,0,0,0,0,0,0,0,0,0,0,0,0,0,0,0,0,0,0,0,0,0,0,1,0,0,0,0,0,0,0,0,0,0,0,0,0,0,0,0,0,0,0,0,0,0,0,0,0,0,1,0,0,0,0,0,0,0,0,0,0,0,1,0,0,1,0,0,0,1,0,0,0,0,0,1,1,0,0,0,0,0,1,1,0,0,1,0,0,0,1,0,0,0,1,0,1,0,0,1,0,0,0,1,0,1,1,0,1,0,1,1,0,1,1,0,0,0,1,0,1,0,1,0,0,0,0,1,0,1,1,0,1,0,1,1,1,0,1,1,1,1,1,1,1,1,1,1,1,1,1,0,1
CHEMBL220_129,38,37,-1,-1,-1,2.1538461538461537,3.0469695877443628,3.165905767412138,8.533488831775305,0.11130801693740684,0.11800980823281663,1.9609807560849044,5.523387706495926,0.19160856059459042,0.09671933264902328,-0.27581907937124095,-0.9812483775195124,8.217543859649126,4.313959639188129,-0.17789201384501546,-0.7605741871949769,0.02335229966808914,0.06837744445414233,3.654938770535349,12.45173864319814,0.8157894736842105,0.3876557858593746,-1.629226159925114,0.6543778801843323,2.1538461538461537,3.0469695877443628,3.165905767412138,8.533488831775305,2.0,0.0,0,0,1.9473684210526316,2.615212262906283,3.67679188505054,12.710650215774008,0.0,0.0,0,0,0.041742507661403264,0.16089442934841575,5.549691043123576,30.11645241124605,0.03846153846153847,0.0495291044361261,3.159904819876334,8.420230716682251,0.03846153846153846,0.017786297792400978,0.08378465175742228,-0.07968283156915534,1.3076923076923077,0.4615384615384615,0.8333333333333337,-1.3055555555555551,1.090313383603469,74.0,330.0,0.0,214.0,3234.0,32.0,0.0,0.0,0.0,834.0,1140.0,32064.0,0.0,0.0,0.0,0.0,150.0,0.0,0.0,0.0,12.0,0.0,0.0,0.0,0.0,0.0,0.0,0.0,0.0,0.0,0.0,1,1,0,1,1,1,0,0,0,1,1,1,0,0,0,0,1,0,0,0,1,0,0,0,0,0,0,0,0,0,0,6.575,1.5473768125443785,4.171279964091776,19.208194208438883,2.2,0.6782329983125268,0.2115471544831125,0.001890359168242206,0.0,0.0,0,0,3.225,0.41758232721225164,1.317105548196349,-0.26523297491039566,0.675,0.4683748498798798,-0.7472647177570737,-1.4415954415954406,13.208249999999998,3.265906686894162,4.18879577385439,19.205179546367333,0.725,0.774193128360101,1.1643189319964458,1.430402498257548,557.5620000000002,82.45,7.526300000000007,1,10,0,0,0,0,0,0,0,0,0,0,0,0,0,0,0,0,0,0,0,0,0,0,0,0,0,0,0,0,0,1,0,0,0,0,0,0,0,0,0,0,0,0,1,0,0,0,0,0,1,0,0,0,1,0,0,0,0,0,0,0,0,0,1,0,0,1,0,0,0,0,0,0,0,0,0,1,0,0,0,1,1,0,0,1,0,0,0,1,0,0,0,1,1,0,1,1,1,1,0,0,0,1,1,0,0,1,1,1,0,1,1,0,1,0,1,0,0,1,0,0,1,1,1,0,1,1,1,0,1,0,1,0,0,1,1,1,1,1,1,0,1,0,1,0,1,1,1,0,1,1,1,1,0,1,1,1,1,1,1,1,1,1,1,1,1,1,0,0
CHEMBL220_130,41,38,-1,-1,-1,2.074074074074074,3.1260663475569173,3.132029180541812,8.064793829432329,0.105515390681097,0.11513794436177195,1.8270604593298576,4.0609921101456665,0.17877573309288866,0.09775387937457054,-0.2660639596619367,-1.1029782133241732,8.178861788617887,4.647410947481721,-0.15056207767762392,-0.912925632930071,0.019480925578486557,0.059819806724361525,3.542039063490499,11.53067328127731,0.8292682926829268,0.37627435659857345,-1.7501500535908443,1.0630252100840352,2.074074074074074,3.1260663475569173,3.132029180541812,8.064793829432329,2.0,0.0,0,0,1.853658536585366,2.6278153368108548,3.739858987755419,12.850211580834252,0.0,0.0,0,0,0.008702882483370289,0.024218808914913695,2.5971604796499514,5.1740735526957184,0.037037037037037035,0.05088445701490498,3.144638192633931,8.120864942109367,0.037037037037037035,0.01623884315071761,0.6740637286492328,1.700862440471619,1.1851851851851851,0.38844772154450063,1.620886401717507,0.6272727272727261,-1.1156437269408988,76.0,348.0,0.0,196.0,3498.0,24.0,0.0,0.0,0.0,908.0,1106.0,34440.0,0.0,0.0,0.0,0.0,136.0,0.0,0.0,0.0,12.0,0.0,0.0,0.0,0.0,0.0,0.0,0.0,0.0,0.0,0.0,1,1,0,1,1,1,0,0,0,1,1,1,0,0,0,0,1,0,0,0,1,0,0,0,0,0,0,0,0,0,0,6.8,2.039607805437114,4.184439460304138,17.918269230769226,2.2,0.7916228058025278,-0.37090520778887176,-1.3146220009053862,0.0,0.0,0,0,3.3333333333333335,0.4714045207910318,0.7071067811865461,-1.5000000000000022,0.5,0.5,0.0,-2.0,13.69036666666667,4.356794482822842,4.1865161941761535,17.845220478177172,0.7333333333333333,1.030641655582687,1.0980147047580477,-0.20178218168449336,432.88700000000017,107.95000000000002,3.120920000000001,2,5,0,0,0,0,0,0,0,0,0,0,0,0,0,0,0,0,0,0,0,0,0,0,0,0,0,0,0,0,0,0,0,0,0,0,0,0,0,0,1,0,0,0,1,0,0,0,0,0,0,0,0,0,1,0,0,0,0,0,0,0,0,0,1,0,0,1,0,0,0,0,0,0,0,0,0,1,0,1,0,1,1,0,1,1,1,0,0,1,0,0,1,1,1,0,1,0,1,1,1,0,1,1,0,1,1,1,0,1,0,1,1,1,0,1,1,0,0,1,0,0,1,1,1,0,1,1,1,1,0,1,0,1,1,1,1,1,0,1,1,0,0,1,1,1,1,1,0,0,1,1,1,1,1,1,1,1,1,1,1,1,1,1,1,1,1,1,0,0
CHEMBL220_131,38,35,-1,-1,-1,2.0833333333333335,2.8855482821967975,2.8823187023717587,6.626635624210053,0.10806075049674131,0.12099034538245282,1.699074685123173,3.343943473019479,0.17078503200402725,0.09420304920534056,-0.16035200669034835,-1.1548374209036405,7.2324561403508785,4.1632511393436165,-0.04659954955257559,-0.9650226390355736,0.019084874348032244,0.05542260853131693,3.3474223932208624,10.175062185682474,0.8157894736842105,0.3876557858593746,-1.6292261599251139,0.6543778801843323,2.0833333333333335,2.8855482821967975,2.8823187023717587,6.626635624210053,2.0,0.0,0,0,1.8421052631578947,2.4009462585172723,3.483160936189356,11.093344719079129,0.0,0.0,0,0,0.010852557268339986,0.02896493898345121,2.4679194861569655,4.499481234027134,0.04166666666666666,0.05252036091923589,2.897795858864562,6.6950848142985535,0.04166666666666904,72.41330211629638,-2.8345874765874224,6.514716685208011,1.2083333333333333,0.40611643103370687,1.4363696929192162,0.06315789473684186,-0.4837417788833998,70.0,278.0,0.0,172.0,2376.0,24.0,0.0,0.0,0.0,698.0,844.0,19920.0,0.0,0.0,0.0,0.0,118.0,0.0,0.0,0.0,12.0,0.0,0.0,0.0,0.0,0.0,0.0,0.0,0.0,0.0,0.0,1,1,0,1,1,1,0,0,0,1,1,1,0,0,0,0,1,0,0,0,1,0,0,0,0,0,0,0,0,0,0,6.846153846153846,2.4446536280108773,3.653464270599807,12.278374669150084,2.1538461538461537,0.6217618283580585,-0.1174057763147995,-0.5097875885047887,0.0,0.0,0,0,3.358974358974359,0.4796996649710181,0.5879747322073333,-1.6542857142857141,0.46153846153846156,0.49851851526214314,0.1543033499620917,-1.9761904761904763,13.775717948717947,5.196567910520579,3.7003735989191124,12.541765471294529,0.8974358974358975,0.9280492856848133,0.5895300458627203,-0.8079843831944529,572.5330000000002,72.92,6.4537000000000075,0,12,0,0,0,0,0,0,0,0,0,0,0,0,0,0,0,0,0,0,0,0,0,0,0,0,0,0,0,0,0,0,0,0,0,0,0,0,0,0,0,0,0,0,0,0,0,0,0,0,0,0,0,0,0,0,0,0,0,0,0,0,0,0,1,0,0,1,0,0,0,0,0,0,1,0,0,1,0,0,0,0,1,0,1,0,0,1,1,1,0,1,1,1,1,0,0,0,0,0,1,0,1,0,0,1,0,0,0,1,0,1,1,1,0,1,1,0,0,1,1,0,1,1,1,0,0,1,1,1,1,1,0,0,1,1,1,1,0,1,1,0,1,0,1,1,1,1,1,1,1,1,1,1,1,1,1,1,1,1,1,1,1,1,1,1,1,1,0,0
CHEMBL220_132,36,34,-1,-1,-1,2.1818181818181817,2.838635453817453,2.6771456508163745,5.486933333333345,0.11234206272758235,0.12311392577563972,1.5457641957043309,2.6017706597598043,0.16924589090918513,0.09406650616985861,-0.10977156347707845,-1.194754665743476,6.777777777777777,3.927192318460205,-0.013382017027245787,-1.014659225793631,0.017740429505135387,0.052041006072722815,3.413219642728012,10.478237854575728,0.8055555555555556,0.39577241246597245,-1.5440972939559128,0.38423645320197064,2.1818181818181817,2.838635453817453,2.6771456508163745,5.486933333333345,2.0,0.0,0,0,1.8888888888888888,2.3425742935897795,3.2971887092105434,9.815539508630033,0.0,0.0,0,0,0.02964396949904196,0.0870996489938209,4.4209198628796536,20.699353383073678,0.04545454545454546,0.054416662364230005,2.716632937880202,5.638768218864273,0.04545454545454548,0.0581540087298453,2.7012753555155866,5.589417364641319,1.3181818181818181,0.46577048936179993,0.7807200583588267,-1.3904761904761902,0.9957486562330361,68.0,258.0,0.0,186.0,2046.0,32.0,0.0,0.0,0.0,660.0,852.0,15960.0,0.0,0.0,0.0,0.0,132.0,0.0,0.0,0.0,12.0,0.0,0.0,0.0,0.0,0.0,0.0,0.0,0.0,0.0,24.0,1,1,0,1,1,1,0,0,0,1,1,1,0,0,0,0,1,0,0,0,1,0,0,0,0,0,0,0,0,0,1,6.368421052631579,0.7405919620773835,1.6237711124457614,0.7956841138659358,2.1052631578947367,0.7877173445839877,-0.1879180607196729,-1.366629464285715,0.0,0.0,0,0,3.263157894736842,0.44034738238635557,1.0757057484009547,-0.8428571428571421,0.5789473684210527,0.49372797471825575,-0.31980107453341583,-1.8977272727272727,12.745736842105263,1.476830205901719,1.6234167263670798,0.7944749953449093,0.8947368421052632,1.2093816097974797,0.9163803877440568,-0.856620179063361,259.30499999999995,52.33,3.5597400000000023,0,4,0,0,0,0,0,0,0,0,0,0,0,0,0,0,0,0,0,0,0,0,0,0,0,0,0,0,0,0,0,0,0,0,0,0,0,0,0,0,0,0,0,0,0,0,0,0,0,0,0,0,0,0,0,0,0,0,0,1,0,0,0,0,1,0,0,1,0,0,0,0,0,1,0,0,0,0,0,0,0,0,0,0,0,1,0,0,0,0,0,0,0,0,0,0,1,0,1,1,0,0,0,0,1,0,0,0,0,0,0,1,0,0,0,1,1,0,0,0,0,0,1,1,0,0,1,1,1,1,0,0,0,0,0,0,0,0,0,1,0,0,0,1,0,1,1,0,1,0,0,1,1,0,1,1,1,1,1,1,0,1,1,1,1,1,1,1,0,0
CHEMBL220_133,35,33,-1,-1,-1,2.0869565217391304,2.6360880680389767,2.8109355567679555,6.231575931164242,0.11339686465502893,0.12534982910972645,1.5928815464338018,2.7758180228660834,0.1755582427980397,0.08775930694134661,-0.1368398665347143,-1.066466966577097,7.019591836734695,3.702470527853749,-0.03297285084562134,-0.8641084240732,0.025311942959001785,0.0641046680770602,3.2600516362583156,9.865344549625712,0.8,0.4,-1.5,0.24999999999999956,2.0869565217391304,2.6360880680389767,2.8109355567679555,6.231575931164242,2.0,0.0,0,0,1.8857142857142857,2.2522551057161553,3.2633560568034543,9.596546115279626,0.0,0.0,0,0,0.014998038527450294,0.037220637624151565,2.144103287509982,2.759171800301986,0.04347826086956521,0.04920683458975839,2.8025369565742206,6.196551173447734,0.043478260869565244,0.06680803661877761,2.89778340086211,6.690674881221968,1.2173913043478262,0.4124709991523974,1.3703203194062967,-0.12222222222222534,-0.058263698718185604,66.0,236.0,0.0,154.0,1770.0,24.0,0.0,0.0,0.0,560.0,648.0,13080.0,0.0,0.0,0.0,0.0,102.0,0.0,0.0,0.0,12.0,0.0,0.0,0.0,0.0,0.0,0.0,0.0,0.0,0.0,0.0,1,1,0,1,1,1,0,0,0,1,1,1,0,0,0,0,1,0,0,0,1,0,0,0,0,0,0,0,0,0,0,6.310344827586207,0.6999235562132565,1.9013028547102244,1.748868884909033,2.206896551724138,0.5495647396727319,0.0637336998919863,-0.18615537231074342,0.0,0.0,0,0,3.3448275862068964,0.4753120259341455,0.6529286250990118,-1.5736842105263147,0.41379310344827586,0.4925123054167483,0.35007002100700274,-1.8774509803921564,12.629896551724142,1.3957155708867393,1.9010208494269942,1.7477571982033657,0.9310344827586207,0.9070997543424762,0.4133230687596291,-1.0755036920712346,393.48300000000023,48.0,4.566200000000003,0,7,0,0,0,0,0,0,0,0,0,0,0,0,0,0,0,0,0,0,0,0,0,0,0,0,0,0,0,0,0,0,0,0,0,0,0,0,0,0,0,0,0,0,0,0,0,0,0,0,0,0,0,0,0,0,0,0,0,1,0,0,0,0,0,0,0,0,0,0,0,0,0,0,1,0,0,1,1,0,0,0,0,0,0,1,0,1,1,0,0,1,0,0,0,0,0,1,1,0,1,1,1,1,0,0,0,1,0,0,0,1,0,1,0,1,1,0,0,0,1,0,1,1,1,0,0,1,1,1,1,1,0,0,1,0,0,0,0,1,1,0,1,0,0,1,1,1,1,1,1,0,1,0,1,1,1,1,0,1,1,1,1,1,1,1,1,1,0,1
CHEMBL220_134,37,36,-1,-1,-1,2.16,2.948626799037138,2.9326340267464426,6.938368461826993,0.11116601374321529,0.12111624340058727,1.6621217882836088,3.0508628594863243,0.1919505760827544,0.09769912148992854,-0.2530014626818682,-1.065376560708604,7.921621621621623,4.203630393059603,-0.12894065499519522,-0.856196731232314,0.022737022737022734,0.06215292419941406,3.381042437142492,10.422171646127012,0.8108108108108109,0.3916588309780929,-1.5871507864874157,0.5190476190476199,2.16,2.948626799037138,2.9326340267464426,6.938368461826993,2.0,0.0,0,0,1.945945945945946,2.5249666408922518,3.425441502176499,10.66098042184996,0.0,0.0,0,0,0.02070001708050318,0.04898961173671548,2.101545881829092,2.7295439836830013,0.04,0.04923227470951889,2.941396458478976,6.975299803400542,0.04,0.057270199055961986,-1.7428719075253523,2.9544621775795497,1.24,0.4270831300812524,1.2175615550562024,-0.5175438596491229,-0.8796231604947921,72.0,304.0,0.0,246.0,2706.0,48.0,0.0,0.0,0.0,1010.0,1256.0,23880.0,0.0,0.0,0.0,0.0,246.0,0.0,0.0,0.0,48.0,0.0,0.0,0.0,0.0,0.0,0.0,0.0,0.0,0.0,0.0,1,1,0,1,1,1,0,0,0,1,1,1,0,0,0,0,1,0,0,0,1,0,0,0,0,0,0,0,0,0,0,6.277777777777778,0.6060395619242063,2.0228993724336837,2.694301249911735,2.2222222222222223,0.7114582486036498,-0.350438685213458,-0.9886972040452107,0.0,0.0,0,0,3.25,0.4330127018922193,1.1547005383792515,-0.6666666666666665,0.5833333333333334,0.4930066485916347,-0.33806170189140694,-1.8857142857142852,12.565111111111113,1.2087078448992499,2.021801846399189,2.6890692937082017,0.8333333333333334,0.9574271077563381,0.9073138431630307,-0.23691460055096458,482.5840000000003,88.32,4.873140000000005,1,6,0,0,0,0,0,0,0,0,0,0,0,0,0,0,0,0,0,0,0,0,0,0,0,0,0,0,0,0,0,0,0,0,0,0,0,0,0,0,0,0,0,0,0,0,0,0,0,0,0,0,0,0,1,0,0,0,0,0,0,0,0,0,0,0,0,1,0,0,0,0,1,0,0,0,0,1,0,1,0,1,1,0,0,1,0,1,1,0,0,0,0,0,1,0,1,0,1,0,1,0,1,1,0,0,1,1,0,0,1,0,1,1,0,0,1,0,1,1,1,0,1,1,1,1,1,1,0,0,1,1,1,0,1,0,0,0,1,1,1,1,0,1,1,0,1,1,1,1,1,1,1,0,0,1,1,1,1,1,1,1,1,1,1,1,1,1,0,0
CHEMBL220_135,38,37,-1,-1,-1,2.1538461538461537,3.0469695877443628,3.165905767412138,8.533488831775305,0.11130801693740684,0.11800980823281663,1.9609807560849044,5.523387706495926,0.19160856059459044,0.0967193326490233,-0.2758190793712418,-0.9812483775195133,8.217543859649123,4.313959639188129,-0.17789201384501324,-0.7605741871949778,0.023352299668089136,0.06837744445414233,3.65493877053535,12.451738643198146,0.8157894736842105,0.3876557858593746,-1.629226159925114,0.6543778801843323,2.1538461538461537,3.0469695877443628,3.165905767412138,8.533488831775305,2.0,0.0,0,0,1.9473684210526316,2.615212262906283,3.676791885050539,12.710650215774004,0.0,0.0,0,0,0.041742507661403264,0.16089442934841575,5.549691043123574,30.116452411246037,0.03846153846153847,0.04952910443612611,3.159904819876332,8.420230716682244,0.038461538461538464,0.04879960709737432,3.414296285768284,10.93399740226925,1.3076923076923077,0.46153846153846145,0.8333333333333339,-1.3055555555555545,-1.8861848486096313,74.0,330.0,0.0,214.0,3234.0,32.0,0.0,0.0,0.0,834.0,1140.0,32064.0,0.0,0.0,0.0,0.0,150.0,0.0,0.0,0.0,12.0,0.0,0.0,0.0,0.0,0.0,0.0,0.0,0.0,0.0,0.0,1,1,0,1,1,1,0,0,0,1,1,1,0,0,0,0,1,0,0,0,1,0,0,0,0,0,0,0,0,0,0,6.368421052631579,0.7753115717187492,1.9680226136883445,2.632292042727605,2.210526315789474,0.7311812626026213,0.05482534474614333,-0.43705871298558385,0.0,0.0,0,0,3.236842105263158,0.4251445900369346,1.2379689211803449,-0.4674329501915726,0.5789473684210527,0.49372797471825564,-0.319801074533416,-1.8977272727272718,12.772236842105265,1.6412967824608518,2.1909726376725978,4.082355701714517,0.7368421052631579,0.8170618261189487,1.0961354045102933,0.8494344105645539,513.5690000000002,91.76,4.762300000000003,2,8,0,0,0,0,0,0,0,0,0,0,0,0,0,0,0,0,0,0,0,0,0,0,1,0,1,0,0,0,0,0,0,0,0,0,0,0,0,0,0,0,0,0,1,0,0,0,0,0,0,0,0,0,0,0,0,0,0,0,0,0,0,0,1,0,0,1,1,0,1,1,0,1,1,0,1,0,0,0,0,0,0,0,0,0,0,1,1,1,0,0,1,1,1,1,1,0,0,0,1,0,0,1,1,0,0,1,0,1,1,1,1,0,1,1,0,0,0,1,0,0,0,1,1,0,1,1,1,1,0,1,0,1,0,0,1,0,1,1,0,1,1,0,1,1,1,1,1,0,1,1,1,1,1,1,1,1,1,1,1,1,1,1,1,1,1,1,0,0
CHEMBL220_136,42,41,-1,-1,-1,2.2222222222222223,3.5624932315291997,3.3809273813174605,10.077711244681982,0.10211651802569632,0.11567947335561071,2.0624647493095294,6.158794842195466,0.18383976493714227,0.10586446681263467,-0.17444095870699639,-1.2436933683453462,8.515079365079366,5.017653767681219,-0.09108027411013411,-0.979183001985152,0.016260162601626018,0.05455516489770305,4.373327681223661,18.65116412515969,0.8333333333333334,0.37267799624996495,-1.788854381999832,1.200000000000001,2.2222222222222223,3.5624932315291997,3.3809273813174605,10.077711244681982,2.0,0.0,0,0,1.9523809523809523,2.943535135338208,4.130068598615062,16.52851235143791,0.0,0.0,0,0,0.028763488318594484,0.06535326432697781,1.9080033422061222,1.8328527832099786,0.03703703703703703,0.05421498532379707,3.4167654562523135,10.34186166470225,0.037037037037037035,0.11164955984065303,-3.0964693916261945,8.914549578501761,1.2592592592592593,0.43822813208145306,1.0987005311470712,-0.7928571428571427,-0.12595920256190596,82.0,442.0,0.0,302.0,5460.0,80.0,0.0,0.0,0.0,1730.0,1990.0,69120.0,0.0,0.0,0.0,0.0,500.0,0.0,0.0,0.0,120.0,0.0,0.0,0.0,0.0,0.0,0.0,0.0,0.0,0.0,0.0,1,1,0,1,1,1,0,0,0,1,1,1,0,0,0,0,1,0,0,0,1,0,0,0,0,0,0,0,0,0,0,6.588235294117647,1.926863453430494,4.688044628566781,22.161290126453864,2.235294117647059,0.6885117594540956,0.19643989940202877,-0.05647610421439664,0.0,0.0,0,0,3.323529411764706,0.467822756487849,0.7544335361543165,-1.4308300395256923,0.6764705882352942,0.467822756487849,-0.7544335361543182,-1.430830039525691,13.25808823529412,4.120636561101347,4.662933582677982,21.87911519602036,0.7647058823529411,0.8764508485736081,0.999478341683588,0.22753834915997162,476.9830000000001,54.04,6.0468000000000055,1,7,0,0,0,0,0,0,0,0,0,0,0,0,0,0,0,0,0,0,0,0,0,0,0,0,0,0,0,0,0,0,0,0,0,0,0,0,0,0,1,0,0,0,1,0,0,0,0,0,0,0,0,0,1,0,0,0,0,1,0,0,0,0,1,0,0,1,1,0,0,0,0,0,0,0,1,0,0,1,0,1,1,0,0,1,0,1,1,1,0,0,0,0,0,1,1,0,1,0,0,0,1,1,0,1,0,1,0,1,1,1,0,1,1,0,0,1,1,0,1,0,1,1,1,0,1,1,0,0,1,1,0,0,1,0,1,0,0,1,1,0,0,0,1,0,1,1,0,1,1,1,0,1,1,1,0,1,1,1,1,0,1,1,1,1,1,1,0,1
CHEMBL220_137,38,35,-1,-1,-1,2.0,2.7735009811261455,3.082746340521711,7.777000000000001,0.11127535601463812,0.11804060579944405,1.7693519190480977,3.9628375113348566,0.17891278502112842,0.08775740977987255,-0.27952233361578077,-0.9460552073273738,7.7969924812030085,4.042022877847715,-0.14173646300349713,-0.7402432973645436,0.026276276276276274,0.07234444541769723,3.2720170742902366,9.83257954976077,0.8157894736842105,0.3876557858593746,-1.6292261599251139,0.6543778801843323,2.0,2.7735009811261455,3.082746340521711,7.777000000000001,2.0,0.0,0,0,1.8421052631578947,2.3899605346826793,3.529588027168483,11.352408978316245,0.0,0.0,0,0,0.004361388384754991,0.013021033807359405,2.790120758308128,6.186554560040721,0.03846153846153847,0.048154334973287374,3.0789449193562852,7.773335652170466,0.038461538461538464,0.018448974400954294,0.07337981656558093,1.0685853301179158,1.1538461538461537,0.36080121229411,1.9188064472004944,1.6818181818181834,-0.0349265921207036,70.0,276.0,0.0,128.0,2370.0,8.0,0.0,0.0,0.0,464.0,600.0,19920.0,0.0,0.0,0.0,0.0,38.0,0.0,0.0,0.0,0.0,0.0,0.0,0.0,0.0,0.0,0.0,0.0,0.0,0.0,0.0,1,1,0,1,1,1,0,0,0,1,1,1,0,0,0,0,1,0,0,0,0,0,0,0,0,0,0,0,0,0,0,6.741935483870968,2.0155483034597816,4.254955111781253,18.681605719648633,2.129032258064516,0.7067387838776338,-0.18827962914240023,-0.9947916666666679,0.0,0.0,0,0,3.193548387096774,0.39507899077148045,1.551343503762679,0.40666666666666673,0.5161290322580645,0.4997397866074087,-0.06454972243679011,-1.9958333333333336,13.539193548387104,4.267731416854861,4.3640772287561935,19.454430302999565,0.6774193548387096,0.8571180810055757,1.2848310708702584,1.052736961214678,440.88300000000015,88.85,3.8167000000000018,0,7,0,0,0,0,0,0,0,0,0,0,0,0,0,0,0,0,0,0,0,0,0,0,0,0,0,0,0,0,0,0,0,0,0,0,0,0,0,0,0,0,0,0,0,0,0,0,0,0,0,0,0,0,0,0,0,0,0,1,0,0,0,0,0,0,0,0,0,0,0,0,0,0,1,0,1,0,0,0,0,0,0,0,0,0,0,1,1,1,0,1,0,0,1,1,0,1,0,0,1,1,1,1,0,1,0,1,0,1,0,1,1,1,0,1,0,1,1,1,1,0,0,0,1,1,0,1,1,1,0,0,0,0,1,1,1,1,1,1,1,0,1,0,1,1,0,1,1,1,1,1,0,1,1,1,1,1,1,1,1,1,1,1,1,1,1,1,0,1
CHEMBL220_138,38,36,-1,-1,-1,2.076923076923077,2.9078551032978157,3.0209800724420117,7.445740805400087,0.11434010288773588,0.11507445565939549,1.7333495349351618,3.8154758296325966,0.19038269091350418,0.09387521793748389,-0.37650274345857765,-0.9508173459132392,8.138596491228073,4.207651247942868,-0.23080155347023412,-0.760295236915205,0.023273273273273273,0.06705905582842017,3.417399325206304,10.693718664440865,0.8157894736842105,0.3876557858593746,-1.6292261599251139,0.6543778801843323,2.076923076923077,2.9078551032978157,3.0209800724420117,7.445740805400087,2.0,0.0,0,0,1.894736842105263,2.50041547794099,3.493111614747552,11.116366175511851,0.0,0.0,0,0,0.0039406291892522,0.011989532227669564,2.9339722159989656,7.166598854602862,0.03846153846153846,0.04940706409132992,3.039613002763466,7.5215053920033945,0.038461538461538464,0.020738141830722628,2.049673003197561,3.6718660652258617,1.2692307692307692,0.4435600997950306,1.0405319634289447,-0.9172932330827055,-0.8776206680615407,72.0,302.0,0.0,160.0,2706.0,8.0,0.0,0.0,0.0,540.0,794.0,23880.0,0.0,0.0,0.0,0.0,40.0,0.0,0.0,0.0,0.0,0.0,0.0,0.0,0.0,0.0,0.0,0.0,0.0,0.0,24.0,1,1,0,1,1,1,0,0,0,1,1,1,0,0,0,0,1,0,0,0,0,0,0,0,0,0,0,0,0,0,1,6.741935483870968,2.0155483034597816,4.254955111781253,18.681605719648633,2.129032258064516,0.7067387838776338,-0.18827962914240018,-0.9947916666666679,0.0,0.0,0,0,3.193548387096774,0.39507899077148045,1.551343503762679,0.40666666666666673,0.5161290322580645,0.4997397866074087,-0.06454972243679011,-1.9958333333333336,13.5391935483871,4.2677314168548595,4.364077228756202,19.45443030299961,0.6774193548387096,0.8571180810055757,1.2848310708702584,1.052736961214678,440.88300000000015,88.85,3.8167000000000018,0,7,0,0,0,0,0,0,0,0,0,0,0,0,0,0,0,0,0,0,0,0,0,0,0,0,0,0,0,0,0,0,0,0,0,0,0,0,0,0,0,0,0,0,0,0,0,0,0,0,0,0,0,0,0,0,0,0,0,1,0,0,0,0,0,0,0,0,0,0,0,0,0,0,0,0,1,0,0,0,0,0,0,0,0,0,0,1,1,1,0,1,0,0,1,1,0,1,0,1,1,1,1,1,0,1,0,1,0,1,0,1,1,1,0,1,0,1,1,1,1,0,0,0,1,1,0,1,1,1,0,0,0,0,1,1,1,1,1,1,1,0,1,0,1,1,1,1,1,1,1,1,1,1,1,1,1,1,1,1,1,1,1,1,1,1,1,1,0,1
CHEMBL220_139,36,33,-1,-1,-1,2.0,2.6299556396765835,3.037295263357076,7.815502975758454,0.11065074249115134,0.12463623455454148,1.941930211223669,5.369726806610139,0.17386373775099265,0.08537493385319404,-0.19980773707530564,-0.991332753004623,7.189417989417988,3.7507866582485767,-0.05909595016692875,-0.7550185709160573,0.026330532212885154,0.06942061513966588,3.172184772166429,9.306126186693776,0.8055555555555556,0.3957724124659724,-1.5440972939559132,0.3842364532019724,2.0,2.6299556396765835,3.037295263357076,7.815502975758454,2.0,0.0,0,0,1.8333333333333333,2.2546248764114476,3.4795912721326157,11.441906297590247,0.0,0.0,0,0,0.005162204777241009,0.014981859661100425,2.689184821463305,5.567734265883988,0.04166666666666666,0.04941464000560263,3.0425578418447055,7.887614431299687,0.041666666666666664,0.10892136565376521,3.5479141956460825,11.569813749415944,1.1666666666666667,0.3726779962499649,1.7888543819998315,1.1999999999999993,0.3031123480974053,66.0,238.0,0.0,116.0,1884.0,8.0,0.0,0.0,0.0,372.0,498.0,15024.0,0.0,0.0,0.0,0.0,34.0,0.0,0.0,0.0,0.0,0.0,0.0,0.0,0.0,0.0,0.0,0.0,0.0,0.0,0.0,1,1,0,1,1,1,0,0,0,1,1,1,0,0,0,0,1,0,0,0,0,0,0,0,0,0,0,0,0,0,0,6.233333333333333,0.6155395104206463,2.381463136265085,3.8838159286555882,2.1333333333333333,0.6182412330330468,-0.09278633973319095,-0.46322336398052943,0.0,0.0,0,0,3.2666666666666666,0.44221663871405326,1.0552897060221738,-0.8863636363636354,0.6,0.48989794855663565,-0.40824829046386274,-1.8333333333333337,12.476333333333338,1.227468868127507,2.381069709746914,3.88185552824668,0.9666666666666667,0.8359957469322967,0.7472469636492108,0.18060312252774757,403.52200000000005,52.93000000000001,4.6741000000000055,0,9,0,0,0,0,0,0,0,0,0,0,0,0,0,0,0,0,0,0,0,0,0,0,0,0,0,0,0,0,0,0,0,0,0,0,0,0,0,0,0,0,0,0,0,0,0,0,0,0,0,0,1,0,0,0,0,0,0,0,0,0,0,0,0,0,0,0,0,0,0,0,0,0,0,0,1,0,1,0,0,0,0,0,1,0,0,1,1,0,0,0,0,0,0,1,0,1,0,0,0,1,1,0,0,0,1,0,0,0,0,1,0,1,0,1,0,1,1,0,1,0,0,0,1,0,0,1,1,1,0,0,0,1,1,0,0,0,0,0,1,1,0,0,0,1,0,1,1,1,1,1,0,0,1,1,0,1,0,1,1,1,1,1,1,1,1,1,0,0
CHEMBL220_140,37,35,-1,-1,-1,2.08,2.8272955275315668,2.945142929156444,7.040957185283851,0.11487431603927262,0.11760492566868257,1.703796674723381,3.7109889733177104,0.1869430748212277,0.09275931885916179,-0.291709487824137,-0.9352667931310563,7.783783783783784,4.051352954021083,-0.16335499966953101,-0.7669284938718173,0.02350922350922351,0.0686293688631247,3.263303241759814,9.532921754386331,0.8108108108108109,0.3916588309780929,-1.5871507864874157,0.5190476190476199,2.08,2.8272955275315668,2.945142929156444,7.040957185283851,2.0,0.0,0,0,1.8918918918918919,2.4249133033684274,3.4129434570371973,10.626835353574323,0.0,0.0,0,0,0.02058887058887059,0.08224431525405279,5.360005287731887,28.222584951837618,0.04000000000000001,0.0497299047543602,2.968674062618854,7.116505452983974,0.04000000000000001,0.01737424130794874,0.9942406554485257,1.0290108567731187,1.24,0.4270831300812524,1.2175615550562027,-0.5175438596491229,-0.6971931125290708,70.0,280.0,0.0,174.0,2376.0,16.0,0.0,0.0,0.0,512.0,844.0,19920.0,0.0,0.0,0.0,0.0,62.0,0.0,0.0,0.0,0.0,0.0,0.0,0.0,0.0,0.0,0.0,0.0,0.0,0.0,12.0,1,1,0,1,1,1,0,0,0,1,1,1,0,0,0,0,1,0,0,0,0,0,0,0,0,0,0,0,0,0,1,6.2727272727272725,0.5378254348272378,1.854509907518576,2.4946938775510272,2.1818181818181817,0.7158188976374373,-0.2826777020326814,-1.0265348595213324,0.0,0.0,0,0,3.1818181818181817,0.385694607919935,1.6499158227686128,0.7222222222222268,0.6818181818181818,0.46577048936179993,-0.7807200583588261,-1.3904761904761906,12.55518181818182,1.0729158077773453,1.852803737298441,2.485466375840512,0.8181818181818182,0.9359663764533636,1.0335947667348997,0.18138127447490326,294.358,64.15,2.186,0,4,0,0,0,0,0,0,0,0,0,0,0,0,0,0,0,0,0,0,0,0,0,0,0,0,0,0,0,0,0,0,0,0,0,0,0,0,0,0,0,0,0,0,0,0,0,0,0,0,0,0,0,0,1,0,0,0,0,0,0,0,0,0,1,0,0,1,0,0,0,0,0,0,0,0,1,1,0,0,0,0,1,0,0,1,1,1,1,0,0,0,0,0,1,1,1,0,1,1,0,0,1,1,0,0,0,1,0,0,0,0,1,0,0,0,0,1,0,1,0,0,1,1,1,0,1,1,0,0,0,0,0,0,0,1,0,1,0,1,0,0,0,0,1,0,0,1,0,0,1,1,0,1,0,1,1,1,1,0,1,0,1,1,1,1,1,1,0,0
CHEMBL220_141,36,33,-1,-1,-1,2.0,2.598076211353316,2.9081346892514484,6.761316872427983,0.11353641970151143,0.12201335656041937,1.6670708015832927,3.3423429862846072,0.17332091302315825,0.08485699008544233,-0.20199955336639233,-0.9831660100364834,7.166269841269841,3.7264428257772653,-0.0705016475938938,-0.7869089516158754,0.026423902894491133,0.06944418944001388,3.1292320824692053,8.911433936417508,0.8055555555555556,0.3957724124659724,-1.5440972939559132,0.3842364532019724,2.0,2.598076211353316,2.9081346892514484,6.761316872427983,2.0,0.0,0,0,1.8333333333333333,2.229848026709942,3.336316419602216,10.057925782591054,0.0,0.0,0,0,0.005112650227592756,0.014813825341087284,2.69029074276204,5.624177266482974,0.041666666666666664,0.048769016745313094,2.9037025152597957,6.757563422082212,0.041666666666666664,0.06219762371471642,-1.9050546264223527,3.371383408605002,1.1666666666666667,0.3726779962499649,1.7888543819998315,1.1999999999999993,1.1078502248202418,66.0,234.0,0.0,116.0,1770.0,8.0,0.0,0.0,0.0,382.0,486.0,13080.0,0.0,0.0,0.0,0.0,34.0,0.0,0.0,0.0,0.0,0.0,0.0,0.0,0.0,0.0,0.0,0.0,0.0,0.0,0.0,1,1,0,1,1,1,0,0,0,1,1,1,0,0,0,0,1,0,0,0,0,0,0,0,0,0,0,0,0,0,0,6.105263157894737,0.30689220499185793,2.572478777137629,4.617647058823515,2.210526315789474,0.6137844099837159,-0.1588883950585017,-0.5350346020761259,0.0,0.0,0,0,3.3157894736842106,0.46482951928041294,0.7925939239012166,-1.3717948717948718,0.5263157894736842,0.4993069989739547,-0.10540925533894573,-1.9888888888888894,12.221105263157895,0.6125568411637485,2.572478777137627,4.617647058823508,1.0526315789473684,0.9986139979479093,0.5288030976170458,-0.8524074074074082,252.36099999999993,16.130000000000003,4.258200000000004,0,2,0,0,0,0,0,0,0,0,0,0,0,0,0,0,0,0,0,0,0,0,0,0,0,0,0,0,0,0,0,0,0,0,0,0,0,0,0,0,0,0,0,0,0,0,0,0,0,0,0,0,1,0,0,0,0,0,0,0,0,0,0,0,1,0,0,1,0,0,0,0,0,0,0,0,1,0,1,0,0,0,0,0,0,0,0,1,1,0,0,0,0,0,0,1,0,0,0,0,1,1,0,1,0,0,0,1,0,0,0,0,0,0,0,0,0,0,0,0,1,0,0,1,1,0,0,1,0,0,1,1,0,0,0,1,0,1,0,1,0,0,0,0,1,0,0,1,0,1,1,1,0,0,0,0,0,0,1,0,1,0,1,1,1,1,0,1,0,0
CHEMBL220_142,36,33,-1,-1,-1,2.0,2.533114025595111,2.7223819482361344,6.105751391465677,0.11312885091924506,0.12239134310672885,1.75525735693232,3.8458451156984177,0.18211278988169954,0.09034330911097091,-0.21636946026296858,-0.8946018746807147,7.300925925925926,3.8001927835366325,-0.08978212574649945,-0.7807009240021037,0.023996265172735762,0.06616441116816288,2.856519376022202,6.804593621261832,0.8055555555555556,0.3957724124659724,-1.544097293955913,0.3842364532019724,2.0,2.533114025595111,2.7223819482361344,6.105751391465677,2.0,0.0,0,0,1.8333333333333333,2.179449471770337,3.1277458921846173,9.110290345747408,0.0,0.0,0,0,0.00371310478086923,0.011725078784997267,3.478607958531077,11.92681336076296,0.041666666666666664,0.047948157019785415,2.736172657547766,6.179761085106637,0.04166666666666666,0.2837107923254671,2.8938238345272542,7.427646478664409,1.1666666666666667,0.37267799624996495,1.788854381999831,1.1999999999999984,-0.5869477008532199,66.0,226.0,0.0,156.0,1584.0,8.0,0.0,0.0,0.0,396.0,710.0,11088.0,0.0,0.0,0.0,0.0,36.0,0.0,0.0,0.0,0.0,0.0,0.0,0.0,0.0,0.0,0.0,0.0,0.0,0.0,0.0,1,1,0,1,1,1,0,0,0,1,1,1,0,0,0,0,1,0,0,0,0,0,0,0,0,0,0,0,0,0,0,6.315789473684211,0.653140718210045,1.8366484439799253,1.8240006746500246,2.1052631578947367,0.6402907926629705,-0.09663994524031082,-0.5942293644996353,0.0,0.0,0,0,3.1052631578947367,0.3068922049918579,2.572478777137634,4.617647058823533,0.631578947368421,0.48237638894272,-0.5455447255899809,-1.702380952380953,12.640894736842105,1.3025832590719126,1.8357630048962517,1.8202901315944002,0.8421052631578947,0.8743814592545343,1.2562002061123743,1.2222747321991179,256.305,41.57,3.363500000000002,0,3,0,0,0,0,0,0,0,0,0,0,0,0,0,0,0,0,0,0,0,0,0,0,0,1,0,0,0,0,0,0,0,0,0,0,0,0,0,0,0,0,0,0,0,0,0,0,0,0,0,0,0,0,0,0,0,0,0,0,0,0,0,0,0,0,0,0,0,0,0,0,0,0,0,0,1,0,0,0,0,0,0,0,0,0,0,1,1,0,0,0,0,0,0,1,0,0,0,1,0,0,0,0,0,0,0,0,1,0,0,0,1,0,0,1,0,0,0,1,0,0,0,0,1,1,0,1,1,1,0,0,0,0,0,1,0,1,0,0,0,0,0,0,1,1,0,1,0,0,1,1,0,1,1,0,1,0,1,1,1,1,1,1,1,1,1,1,0,1
CHEMBL220_143,38,35,-1,-1,-1,2.0,2.7873339895374523,3.0370764918840094,7.565924909322614,0.11241785628547539,0.11695304639838337,1.7741655740197204,3.952513714790392,0.18605656011355304,0.0920231946682766,-0.29739427701801346,-0.8942525735179934,7.938596491228072,4.118568183011707,-0.1601856168976397,-0.7274464332699875,0.024379642800695437,0.07013304254599614,3.204442133303615,9.228173945959998,0.8157894736842105,0.3876557858593746,-1.6292261599251139,0.6543778801843323,2.0,2.7873339895374523,3.0370764918840094,7.565924909322614,2.0,0.0,0,0,1.8421052631578947,2.4009462585172723,3.483160936189356,11.093344719079129,0.0,0.0,0,0,0.0034472206980964842,0.01066124294965383,3.1474632425871687,9.093659192404791,0.03846153846153846,0.04862601640737263,3.044461451789665,7.593905022781588,0.03846153846153846,0.016929959081422512,0.3815348331775514,1.8306228476182458,1.1538461538461537,0.36080121229411,1.9188064472004944,1.6818181818181834,-0.0029222002792609796,70.0,278.0,0.0,152.0,2376.0,8.0,0.0,0.0,0.0,488.0,754.0,19920.0,0.0,0.0,0.0,0.0,40.0,0.0,0.0,0.0,0.0,0.0,0.0,0.0,0.0,0.0,0.0,0.0,0.0,0.0,0.0,1,1,0,1,1,1,0,0,0,1,1,1,0,0,0,0,1,0,0,0,0,0,0,0,0,0,0,0,0,0,0,6.5,0.9574271077563381,1.5951843382122128,0.9619834710743804,2.1333333333333333,0.669991708074726,-0.16157039524201786,-0.7946279776492493,0.0,0.0,0,0,3.4,0.48989794855663565,0.4082482904638633,-1.8333333333333333,0.5333333333333333,0.49888765156985887,-0.13363062095621217,-1.982142857142857,13.07506666666667,2.0918077816939964,1.7795814413664617,1.8468298771291565,0.8333333333333334,0.8595864638818417,0.6414461712499467,-0.5925716547006603,417.45200000000017,62.910000000000004,4.341400000000004,0,10,0,0,0,0,0,0,0,0,0,0,0,0,0,0,0,0,0,0,0,0,0,0,0,0,0,0,0,0,0,0,0,0,0,0,0,0,0,0,0,0,0,0,1,0,0,0,0,0,0,0,0,0,0,0,0,0,0,1,0,0,0,0,0,0,0,0,0,0,0,0,0,0,0,0,0,0,0,0,0,0,0,0,1,0,0,1,1,0,0,1,0,0,0,1,0,0,0,0,1,0,1,1,0,0,0,1,0,1,1,1,0,1,0,1,0,1,1,0,1,0,0,0,1,1,0,1,1,1,1,1,0,0,0,0,1,0,0,1,1,1,1,0,0,1,0,1,1,1,1,0,0,0,1,1,1,1,0,1,1,1,1,1,1,1,1,1,0,1
CHEMBL220_144,37,34,-1,-1,-1,2.090909090909091,2.8747978728803445,2.7672143120835444,6.036838000000005,0.10793358187558036,0.1240055197583334,1.708658827478363,3.5443891284675386,0.16223461365918246,0.0915164736231753,-0.026191421208757705,-1.2270176490239408,6.653153153153153,3.9082722729778303,0.08243490442233266,-1.0064017567113244,0.016344916344916343,0.04951483664115881,3.4953737858882596,11.251230931034915,0.8108108108108109,0.3916588309780929,-1.5871507864874157,0.5190476190476199,2.090909090909091,2.8747978728803445,2.7672143120835444,6.036838000000005,2.0,0.0,0,0,1.837837837837838,2.3309146043178743,3.4358393278031087,10.933689893276398,0.0,0.0,0,0,0.011863070913135097,0.031137341452308624,2.411757249439994,4.205788134593938,0.045454545454545456,0.05721643139746816,2.7901002890940694,6.141463334127051,0.04545454545454544,0.08692056649066726,-2.2237713725827133,4.308257097660019,1.2272727272727273,0.41907020260422223,1.301582746911936,-0.3058823529411776,2.172461133580408,68.0,258.0,0.0,160.0,2106.0,24.0,0.0,0.0,0.0,590.0,768.0,17040.0,0.0,0.0,0.0,0.0,112.0,0.0,0.0,0.0,12.0,0.0,0.0,0.0,0.0,0.0,0.0,0.0,0.0,0.0,0.0,1,1,0,1,1,1,0,0,0,1,1,1,0,0,0,0,1,0,0,0,1,0,0,0,0,0,0,0,0,0,0,6.653846153846154,2.147311515724286,4.298549581216514,17.747103885272576,2.1538461538461537,0.6617173282340482,-0.17908420022696436,-0.7534696859021182,0.0,0.0,0,0,3.3461538461538463,0.47574295680203776,0.646761666763554,-1.5816993464052294,0.46153846153846156,0.49851851526214314,0.15430334996209163,-1.9761904761904763,13.372923076923076,4.561873720329914,4.354514594394491,18.12332273651752,0.8846153846153846,0.8912792481735744,0.5535179509479491,-0.8028671597848591,370.8800000000001,40.620000000000005,4.238300000000003,0,8,0,0,0,0,0,0,0,0,0,0,0,0,0,0,0,0,0,0,0,0,0,0,0,0,0,0,0,0,0,0,0,0,0,0,0,0,0,0,0,0,0,0,0,0,0,0,0,0,0,0,0,0,0,0,0,0,0,0,0,0,0,0,0,0,0,0,0,0,0,0,0,0,0,0,0,1,0,0,0,0,0,0,0,1,0,1,1,1,0,1,0,0,1,1,0,0,1,0,0,0,1,1,0,1,0,1,0,1,1,0,1,1,0,0,0,1,1,1,1,0,0,1,1,0,0,1,0,1,1,1,0,0,0,0,1,0,1,1,1,0,0,0,1,1,1,1,0,1,1,0,1,0,0,1,1,1,1,0,1,1,1,1,1,1,1,1,0,1
CHEMBL220_145,36,32,-1,-1,-1,2.0,2.63673679998231,2.743116685888896,5.844905235503846,0.10886870922931373,0.12619580788806306,1.7636313254696787,4.0513502730258315,0.1517641372457038,0.08343892538110423,0.03172268848414498,-1.139474785801758,6.142592592592592,3.555988351359838,0.13870149076479954,-0.9370753091284594,0.017600373482726424,0.051592709198557865,3.3724881021495765,10.573565338517177,0.8055555555555556,0.3957724124659724,-1.5440972939559132,0.3842364532019724,2.0,2.63673679998231,2.743116685888896,5.844905235503846,2.0,0.0,0,0,1.7777777777777777,2.1358203096378983,3.369577710691034,10.444548003098218,0.0,0.0,0,0,0.006077680114191271,0.017657344451558168,2.682542775700655,5.473113363167641,0.047619047619047596,0.05718231058237875,2.7471719734423745,5.844561628819074,0.047619047619047616,0.018571804274477688,0.22710714023916923,0.05008720057644078,1.1904761904761905,0.39267672624930106,1.576481562736164,0.4852941176470571,1.5840343330874802,64.0,214.0,0.0,92.0,1554.0,8.0,0.0,0.0,0.0,320.0,382.0,11064.0,0.0,0.0,0.0,0.0,32.0,0.0,0.0,0.0,0.0,0.0,0.0,0.0,0.0,0.0,0.0,0.0,0.0,0.0,0.0,1,1,0,1,1,1,0,0,0,1,1,1,0,0,0,0,1,0,0,0,0,0,0,0,0,0,0,0,0,0,0,6.241379310344827,0.6245093198715459,2.3220921809091974,3.599457168352176,2.206896551724138,0.5495647396727319,0.06373369989198636,-0.18615537231074297,0.0,0.0,0,0,3.3793103448275863,0.48521542343001,0.49746833816309033,-1.752525252525253,0.5517241379310345,0.4973174173053779,-0.2080125735844608,-1.9567307692307694,12.492379310344832,1.2453554101151099,2.321702610893023,3.5975639424116803,1.0,0.909717652294684,0.27481054079735245,-1.1875,391.51100000000025,42.68,4.962800000000005,0,8,0,0,0,0,0,0,0,0,0,0,0,0,0,0,0,0,0,0,0,0,0,0,0,0,0,0,0,0,0,0,0,0,0,0,0,0,0,0,0,0,0,0,0,0,0,0,0,0,0,0,0,0,0,0,0,0,0,1,0,0,0,0,0,0,0,0,0,0,0,0,0,0,0,0,0,0,0,0,0,0,0,0,0,0,0,1,1,0,0,1,0,0,0,1,0,0,0,0,1,0,1,1,0,0,0,1,0,0,1,1,0,1,0,1,0,1,1,0,1,0,0,0,1,1,0,1,1,1,1,1,0,0,1,0,0,0,0,1,1,0,0,0,0,1,1,1,1,1,1,0,0,0,1,1,1,1,0,1,1,1,1,1,1,1,1,1,0,1
CHEMBL220_146,37,33,-1,-1,-1,2.0,2.6539552107881486,2.846903943534063,6.354595336076818,0.10937537229560879,0.12273571184550978,1.6634659779753052,3.2706803790718224,0.15703421936742373,0.08439962342531981,-0.11583116742232528,-1.1231916271377822,6.648648648648648,3.7852792518769824,0.0029621615587071643,-0.9292689866833772,0.021407121407121407,0.059179897803748396,3.203662216891878,9.375891796200248,0.8108108108108109,0.3916588309780929,-1.5871507864874157,0.5190476190476199,2.0,2.6539552107881486,2.846903943534063,6.354595336076818,2.0,0.0,0,0,1.7837837837837838,2.207299133956261,3.411084565212593,10.536538012852644,0.0,0.0,0,0,0.005464979149189675,0.015868693177307488,2.616355912155493,4.993719101790589,0.04347826086956521,0.05233555964514824,2.8513010803825374,6.396318660388751,0.04347826086956524,0.03600908724322069,2.448353145804265,5.3223892053252015,1.173913043478261,0.3790346907426672,1.7206180040292134,0.9605263157894743,0.015804201220053327,66.0,232.0,0.0,96.0,1770.0,8.0,0.0,0.0,0.0,378.0,396.0,13080.0,0.0,0.0,0.0,0.0,34.0,0.0,0.0,0.0,0.0,0.0,0.0,0.0,0.0,0.0,0.0,0.0,0.0,0.0,0.0,1,1,0,1,1,1,0,0,0,1,1,1,0,0,0,0,1,0,0,0,0,0,0,0,0,0,0,0,0,0,0,6.225806451612903,0.6069318620073153,2.439467392118654,4.168581825146043,2.193548387096774,0.5339659792660274,0.13625819477301185,-0.03503116841600562,0.0,0.0,0,0,3.225806451612903,0.4181123031230878,1.3115784746777823,-0.2797619047619033,0.5806451612903226,0.49345350131543086,-0.326860225230307,-1.8931623931623938,12.461322580645167,1.210304477476553,2.4390700978157116,4.166554367198888,0.8709677419354839,0.7927874662867422,0.6220631314811994,-0.1415288803122663,413.51700000000017,38.77,5.246200000000005,0,8,0,0,0,0,0,0,0,0,0,0,0,0,0,0,0,0,0,0,0,0,0,0,0,0,0,0,0,0,0,0,0,0,0,0,0,0,0,0,0,0,0,0,0,0,0,0,0,0,0,0,1,0,0,0,0,0,0,1,0,0,0,0,0,0,0,0,0,0,0,0,0,0,0,0,0,0,1,0,0,0,0,0,0,0,0,1,1,0,0,1,0,0,0,1,0,0,0,1,1,1,1,1,0,0,0,1,0,0,1,1,0,1,0,1,0,1,1,0,1,0,0,0,1,0,0,1,1,1,1,1,0,0,1,0,0,0,0,1,1,0,0,0,0,1,1,1,1,1,1,0,1,0,1,1,1,1,0,1,1,1,1,1,1,1,1,1,0,0
CHEMBL220_147,40,37,-1,-1,-1,2.076923076923077,3.221598706364911,3.271135568322821,9.231948736817888,0.10519318082580598,0.1180440371545691,2.1340088148188463,6.71323824405696,0.17884597862490992,0.09923398630338569,-0.20342191562243245,-1.1114847738271643,7.984166666666667,4.5834105296529275,-0.10902084170891443,-0.8804302003077691,0.018960863697705804,0.06052387094360108,3.9252710595058153,14.86524238306842,0.825,0.3799671038392666,-1.710674406895399,0.9264069264069255,2.076923076923077,3.221598706364911,3.271135568322821,9.231948736817888,2.0,0.0,0,0,1.85,2.688401011754013,3.9271285246133316,14.720419446029442,0.0,0.0,0,0,0.011011053935582238,0.029788136176696657,2.4413468144282047,4.2232223588593145,0.038461538461538464,0.05444759579016859,3.2850547427904844,9.316365698199537,0.03846153846153847,0.016440295807981186,0.10523630253936657,-0.28116569318108553,1.1923076923076923,0.39411349099844606,1.5614401167176535,0.4380952380952401,-0.7920239256766398,74.0,352.0,0.0,172.0,3780.0,24.0,0.0,0.0,0.0,834.0,998.0,40800.0,0.0,0.0,0.0,0.0,132.0,0.0,0.0,0.0,12.0,0.0,0.0,0.0,0.0,0.0,0.0,0.0,0.0,0.0,0.0,1,1,0,1,1,1,0,0,0,1,1,1,0,0,0,0,1,0,0,0,1,0,0,0,0,0,0,0,0,0,0,6.514285714285714,0.8060991988380507,1.09912208947398,-0.563426428625541,2.1714285714285713,0.6540298938434055,-0.1915812902869329,-0.7176737952333778,0.0,0.23904572186687872,0.0,14.5,3.1714285714285713,0.3768830273792263,1.743625500231479,1.0402298850574718,0.5142857142857142,0.4997958767010257,-0.057166195047502644,-1.9967320261437904,13.036714285714286,1.6074996480146888,1.0985679545067581,-0.5647622473422289,0.6285714285714286,0.831030832699942,1.0816512171167867,0.15139245175460703,478.4610000000003,133.99,3.080000000000001,0,10,0,0,0,0,0,0,0,0,0,0,0,0,0,0,0,0,0,0,0,0,0,0,0,0,1,0,0,0,1,0,0,0,0,0,0,0,0,0,1,0,0,0,0,0,0,0,0,0,0,1,0,0,0,0,0,0,1,1,0,0,0,0,0,1,0,1,0,0,0,0,1,1,1,0,0,0,0,1,0,0,1,0,0,1,0,1,1,0,0,0,0,0,1,1,1,0,1,1,1,0,1,1,1,0,0,1,0,0,1,1,1,1,0,1,0,1,1,1,1,1,1,1,1,1,1,1,1,1,0,0,1,0,1,1,0,1,1,1,1,0,1,0,1,1,1,1,1,1,1,0,0,0,1,1,1,1,1,1,1,1,1,1,1,1,1,1,0,1
CHEMBL220_148,34,33,-1,-1,-1,2.1818181818181817,2.724240738867581,2.5737967767543104,5.106616534640212,0.11849308945486407,0.12398045191611431,1.4929319650574477,2.354603683318617,0.18847346817881677,0.0957045319849375,-0.1892174392064083,-1.0609276957824896,7.088235294117646,3.7567445435578546,-0.07194605418569555,-0.8897008393583281,0.02111185383244207,0.05885999333510006,3.1618534376600262,8.843201716024543,0.7941176470588235,0.40434491426080943,-1.4547859349066157,0.11640211640211495,2.1818181818181817,2.724240738867581,2.5737967767543104,5.106616534640212,2.0,0.0,0,0,1.9411764705882353,2.312894500157353,3.0524864584776847,8.384004793072801,0.0,0.0,0,0,0.025770586125673945,0.06458068144692673,3.3893180575888993,12.500071466907809,0.04545454545454548,0.052157367047052386,2.6300596208061715,5.374928111236908,0.04545454545454544,0.01908859943432901,0.9317375664325728,1.4761362234339757,1.3181818181818181,0.46577048936179993,0.7807200583588269,-1.3904761904761898,0.39746873649862857,66.0,244.0,0.0,216.0,1794.0,32.0,0.0,0.0,0.0,608.0,1002.0,13104.0,0.0,0.0,0.0,0.0,130.0,0.0,0.0,0.0,12.0,0.0,0.0,0.0,0.0,0.0,0.0,0.0,0.0,0.0,24.0,1,1,0,1,1,1,0,0,0,1,1,1,0,0,0,0,1,0,0,0,1,0,0,0,0,0,0,0,0,0,1,6.25,0.6338656910463875,2.261257161540297,3.315555555555555,2.2142857142857144,0.5578749768504754,0.025187582937618268,-0.25853265251276536,0.0,0.0,0,0,3.357142857142857,0.47915742374995496,0.5962847939999434,-1.6444444444444448,0.5714285714285714,0.4948716593053935,-0.28867513459481264,-1.9166666666666672,12.509571428571432,1.2640127550376854,2.260871429698801,3.3137296370530747,0.9642857142857143,0.9056230237932833,0.3587892371183379,-1.0944179330461565,377.48400000000015,42.68,4.572700000000004,0,7,0,0,0,0,0,0,0,0,0,0,0,0,0,0,0,0,0,0,0,0,0,0,0,0,0,0,0,0,0,0,0,0,0,0,0,0,0,0,0,0,0,0,0,0,0,0,0,0,0,0,0,0,0,0,0,0,0,1,0,0,0,0,0,0,0,0,0,0,0,0,0,0,0,0,0,0,0,0,0,0,0,0,0,0,0,1,1,0,0,1,0,0,0,1,0,0,0,1,1,0,1,1,0,0,0,1,0,0,1,1,0,1,0,1,0,1,1,0,1,0,0,0,1,1,0,1,1,1,1,1,0,0,1,0,0,0,0,1,1,0,0,0,0,1,1,1,1,1,1,0,0,0,1,1,1,1,0,1,1,1,1,1,1,1,1,1,0,1
CHEMBL220_149,34,34,-1,-1,-1,2.272727272727273,2.6998622554395446,2.5368343380761327,5.045050673330557,0.11886979464446712,0.12361932141483616,1.4166716143256208,2.1871838884752153,0.18618670103692161,0.09419868838780683,-0.19529618785825453,-1.1082787707441153,7.080392156862745,3.7492122714872402,-0.09488990335411332,-0.9565242494116317,0.02166889483065954,0.05650623263566695,3.289367750049704,9.89196085219904,0.7941176470588235,0.40434491426080943,-1.4547859349066157,0.11640211640211628,2.272727272727273,2.6998622554395446,2.5368343380761327,5.045050673330557,2.0,0.0,0,0,2.0,2.3008949665421112,3.013320222849224,8.295555555555556,0.0,0.0,0,0,0.02655956127793201,0.05525038919658781,2.357106348398765,5.648895819567679,0.045454545454545456,0.04967392616330835,2.6024641165293407,5.3001612499351936,0.04545454545454544,0.024724386650822848,1.5987406828051556,1.8713156605129644,1.3636363636363635,0.4810456929208346,0.5669467095138417,-1.6785714285714275,-1.1017875097725716,68.0,248.0,0.0,230.0,1788.0,40.0,0.0,0.0,0.0,712.0,976.0,13080.0,0.0,0.0,0.0,0.0,150.0,0.0,0.0,0.0,12.0,0.0,0.0,0.0,0.0,0.0,0.0,0.0,0.0,0.0,84.0,1,1,0,1,1,1,0,0,0,1,1,1,0,0,0,0,1,0,0,0,1,0,0,0,0,0,0,0,0,0,1,6.2592592592592595,0.6436350813697321,2.1988489392261417,3.032169641682377,2.2222222222222223,0.5665577237325317,-0.015085856549091703,-0.32840236686390645,0.0,0.0,0,0,3.3333333333333335,0.47140452079103173,0.707106781186546,-1.5000000000000016,0.5925925925925926,0.4913518207933925,-0.3768891807222045,-1.8579545454545452,12.52803703703704,1.283493654675091,2.1984670186487705,3.0304111826662306,0.9259259259259259,0.8996265038141571,0.4510485908005663,-0.9696696351623104,363.4570000000001,42.68,4.182600000000003,0,6,0,0,0,0,0,0,0,0,0,0,0,0,0,0,0,0,0,0,0,0,0,0,0,0,0,0,0,0,0,0,0,0,0,0,0,0,0,0,0,0,0,0,0,0,0,0,0,0,0,0,0,0,0,0,0,0,0,1,0,0,0,0,0,0,0,0,0,0,0,0,0,0,0,0,0,0,0,0,0,0,0,0,0,0,0,1,1,0,0,1,0,0,0,1,0,1,0,0,1,0,1,1,0,0,0,1,0,0,0,1,0,1,0,1,0,1,1,0,1,0,0,0,1,1,0,1,1,1,1,1,0,0,1,0,0,0,0,1,1,0,0,0,0,1,1,1,1,1,1,0,0,0,1,1,1,1,0,1,1,1,1,1,1,1,1,1,0,1
CHEMBL220_150,38,39,-1,-1,-1,2.3076923076923075,3.2316848519384624,3.0387583831747604,8.185752232984779,0.11072755987664325,0.11855461592636787,1.805200916520455,4.28832634721483,0.20553628377048186,0.10637071907669339,-0.30579211739375345,-1.0566211244040833,8.583333333333334,4.586203248212853,-0.18462540447241266,-0.8290181388758588,0.02066540224434961,0.05981943745818671,3.7228820115367465,13.479544068774953,0.8157894736842105,0.3876557858593746,-1.6292261599251143,0.6543778801843323,2.3076923076923075,3.2316848519384624,3.0387583831747604,8.185752232984779,2.0,0.0,0,0,2.0526315789473686,2.7715411675119137,3.572202672804945,12.44696235621191,0.0,0.0,0,0,0.03505524465490027,0.07200822709154298,1.790758572111168,1.6567211063845475,0.038461538461538464,0.0494046097638213,3.108503082489268,8.607172270833939,0.03846153846153846,0.02672367968542235,2.2270769209082295,5.232831761237252,1.3076923076923077,0.4615384615384615,0.8333333333333337,-1.305555555555555,1.3710934431411173,78.0,374.0,0.0,404.0,3816.0,96.0,0.0,0.0,0.0,1604.0,2394.0,40824.0,0.0,0.0,0.0,0.0,524.0,0.0,0.0,0.0,132.0,0.0,0.0,0.0,0.0,0.0,0.0,0.0,0.0,0.0,72.0,1,1,0,1,1,1,0,0,0,1,1,1,0,0,0,0,1,0,0,0,1,0,0,0,0,0,0,0,0,0,1,6.516129032258065,1.9653608015132669,4.8965325526848105,23.133782966241817,2.193548387096774,0.5913000896717213,-0.08085752182851402,-0.38190901360544327,0.0,0.0,0,0,3.225806451612903,0.4181123031230878,1.3115784746777823,-0.27976190476190377,0.6774193548387096,0.46746376600611084,-0.7590721152765899,-1.4238095238095223,13.089000000000006,4.178898419440224,4.941781300130311,23.471472248823368,0.8387096774193549,0.7660865862605107,0.712693460860016,0.23555153161309716,431.9670000000001,48.13,5.425800000000005,0,8,0,0,0,0,0,0,0,0,0,0,0,0,0,0,0,0,0,0,0,0,0,0,0,0,0,0,0,0,0,0,0,0,0,0,0,0,0,0,0,0,0,0,0,0,0,0,0,0,0,0,0,0,0,0,0,0,0,0,0,0,0,0,0,0,0,1,0,0,0,0,0,0,0,0,0,0,0,0,0,0,0,0,1,1,0,1,1,1,0,0,1,1,1,1,0,0,1,0,0,0,1,1,0,1,1,1,0,1,0,0,1,1,0,0,0,1,0,1,1,0,0,1,1,0,0,1,0,0,0,0,0,1,0,0,1,0,0,1,1,0,0,0,1,0,0,1,0,1,1,0,0,1,0,1,1,1,1,0,1,0,1,1,1,1,1,1,0,1
CHEMBL220_151,38,35,-1,-1,-1,2.0833333333333335,2.885548282196797,2.8823187023717596,6.626635624210055,0.10806075049674131,0.12099034538245282,1.6990746851231728,3.34394347301948,0.17078503200402725,0.09420304920534056,-0.1603520066903484,-1.1548374209036405,7.2324561403508785,4.1632511393436165,-0.04659954955257563,-0.9650226390355736,0.019084874348032244,0.05542260853131693,3.347422393220863,10.175062185682473,0.8157894736842105,0.3876557858593746,-1.6292261599251139,0.6543778801843323,2.0833333333333335,2.885548282196797,2.8823187023717596,6.626635624210055,2.0,0.0,0,0,1.8421052631578947,2.400946258517272,3.483160936189357,11.093344719079132,0.0,0.0,0,0,0.010852557268339986,0.02896493898345121,2.4679194861569655,4.499481234027134,0.04166666666666665,0.05252036091923586,2.897795858864564,6.695084814298557,0.04166666666666668,0.019533510253354897,0.6065927404013127,0.9804740169123174,1.2083333333333333,0.4061164310337068,1.4363696929192165,0.06315789473684319,-2.1963850066818953,70.0,278.0,0.0,172.0,2376.0,24.0,0.0,0.0,0.0,698.0,844.0,19920.0,0.0,0.0,0.0,0.0,118.0,0.0,0.0,0.0,12.0,0.0,0.0,0.0,0.0,0.0,0.0,0.0,0.0,0.0,0.0,1,1,0,1,1,1,0,0,0,1,1,1,0,0,0,0,1,0,0,0,1,0,0,0,0,0,0,0,0,0,0,6.586206896551724,1.0344827586206895,1.450888888888889,0.5037333333333347,2.1379310344827585,0.7298624306385079,0.3132127468854372,-0.049844547193877986,0.0,0.0,0,0,3.206896551724138,0.40508069394726653,1.4471361022898732,0.09420289855072861,0.6206896551724138,0.48521542343000995,-0.49746833816309105,-1.7525252525252524,13.284000000000002,2.3129294009530654,1.608451082468744,1.1168288568801295,0.5862068965517241,0.7200211385455553,1.3596300181728682,2.1403080548775346,402.37199999999996,51.660000000000004,5.523500000000004,0,5,0,0,0,0,0,0,0,0,0,0,0,0,0,0,0,0,0,0,0,0,0,0,0,1,0,0,0,0,0,0,0,0,0,0,0,0,0,0,0,0,0,0,1,0,0,0,0,0,0,0,0,0,0,0,0,0,0,0,0,0,0,0,0,0,0,1,0,0,0,0,0,0,0,0,0,0,0,0,0,0,0,0,0,0,0,1,1,0,0,0,0,0,1,1,0,0,0,0,1,0,1,0,0,0,0,0,1,1,0,0,1,0,1,1,0,1,0,1,0,0,0,1,1,1,0,1,1,1,0,0,0,0,0,0,1,0,0,1,0,0,0,0,1,1,0,1,1,0,1,0,0,0,1,1,1,1,1,1,1,1,1,1,1,1,1,1,0,0
CHEMBL220_152,39,38,-1,-1,-1,2.1481481481481484,3.014823914810181,3.15038232818661,8.613482554478788,0.1066439659337908,0.11944911121870311,1.8904515942829492,4.731205133102204,0.18886504328189352,0.09575542432295207,-0.2512244984128005,-1.0149607746470406,8.36923076923077,4.409050098389378,-0.15997474424910466,-0.7810382257145219,0.024838603785972208,0.06857818022470175,3.637708460565825,13.318905377373522,0.8205128205128205,0.3837597319768145,-1.6703827619526517,0.7901785714285703,2.1481481481481484,3.014823914810181,3.15038232818661,8.613482554478788,2.0,0.0,0,0,1.9487179487179487,2.60126909804562,3.6397967178010013,12.633391784607703,0.0,0.0,0,0,0.022046254399195574,0.0528982712548285,2.0680746269622974,2.445040955068432,0.037037037037037035,0.04666089383444892,3.1221581094550945,8.477481537232359,0.037037037037037035,0.05065523026307057,-1.7768356206638,3.3858589927453266,1.2222222222222223,0.41573970964154905,1.3363062095621205,-0.21428571428571752,1.9239537993291973,76.0,336.0,0.0,244.0,3246.0,48.0,0.0,0.0,0.0,1084.0,1330.0,32064.0,0.0,0.0,0.0,0.0,252.0,0.0,0.0,0.0,48.0,0.0,0.0,0.0,0.0,0.0,0.0,0.0,0.0,0.0,0.0,1,1,0,1,1,1,0,0,0,1,1,1,0,0,0,0,1,0,0,0,1,0,0,0,0,0,0,0,0,0,0,6.225806451612903,0.551226048085002,2.3616658879438424,4.324122724713838,2.193548387096774,0.5913000896717213,-0.08085752182851398,-0.38190901360544327,0.0,0.0,0,0,3.193548387096774,0.3950789907714805,1.5513435037626784,0.4066666666666654,0.6774193548387096,0.46746376600611084,-0.75907211527659,-1.4238095238095223,12.46145161290323,1.099416702787604,2.3604282083076447,4.317169266050221,0.8709677419354839,0.7509965630208266,0.6728352875827247,0.3267588948952227,413.521,68.36,4.478000000000004,0,8,0,0,0,0,0,0,0,0,0,0,0,0,0,0,0,0,0,0,0,0,0,0,0,0,0,0,0,0,0,0,0,0,0,0,0,0,0,0,0,0,0,0,0,0,0,0,0,0,0,0,0,0,0,0,0,0,0,0,0,0,0,0,0,0,0,1,0,0,0,0,0,0,0,0,0,0,0,0,0,0,0,0,1,1,0,1,1,0,0,0,1,1,1,1,0,0,1,0,0,0,1,1,0,0,1,1,0,0,0,0,1,1,0,1,0,1,0,1,1,0,0,1,1,0,0,1,0,1,0,0,0,1,0,0,0,0,0,1,1,1,0,0,1,1,0,1,0,1,1,0,0,1,1,1,1,1,1,1,1,1,1,1,1,1,1,1,0,1
CHEMBL220_153,35,34,-1,-1,-1,2.1739130434782608,2.648250840494097,2.677408324483016,5.706249881939254,0.11882813896015473,0.12021356813061795,1.518385997974629,2.981120892183691,0.18379689479021813,0.09079601226665422,-0.290465772964399,-1.0715046487527706,7.246666666666666,3.7764701751936274,-0.1541835864013372,-0.9103543349927894,0.02276546982429335,0.05974589297661301,3.2113066793675067,9.340312408991332,0.8,0.4,-1.5,0.24999999999999956,2.1739130434782608,2.648250840494097,2.677408324483016,5.706249881939254,2.0,0.0,0,0,1.9428571428571428,2.2670667914145564,3.1309553731621573,8.954415804633427,0.0,0.0,0,0,0.01477112695157808,0.033406509769689126,2.365372529252763,4.92202239221,0.043478260869565216,0.048762072397464204,2.717473963430078,5.8237993422835235,0.04347826086956523,0.050539146537778155,2.8434319515897646,6.780563924404738,1.3478260869565217,0.47628048478710094,0.6390096504226941,-1.5916666666666663,0.34391565177716626,68.0,244.0,0.0,168.0,1782.0,16.0,0.0,0.0,0.0,492.0,678.0,13080.0,0.0,0.0,0.0,0.0,54.0,0.0,0.0,0.0,0.0,0.0,0.0,0.0,0.0,0.0,0.0,0.0,0.0,0.0,48.0,1,1,0,1,1,1,0,0,0,1,1,1,0,0,0,0,1,0,0,0,0,0,0,0,0,0,0,0,0,0,1,6.3076923076923075,0.7730673554708377,2.405822592567123,4.470346044505441,2.1538461538461537,0.6617173282340482,-0.17908420022696436,-0.7534696859021186,0.0,0.0,0,0,3.1923076923076925,0.39411349099844606,1.5614401167176521,0.43809523809523654,0.6923076923076923,0.46153846153846145,-0.8333333333333339,-1.3055555555555545,12.663269230769231,1.6819018437858313,2.6253523019918568,5.964929717926061,0.7692307692307693,0.7497534111391512,0.9525399016201115,1.00343490304709,349.405,40.540000000000006,4.394300000000005,0,6,0,0,0,0,0,0,0,0,0,0,0,0,0,0,0,0,0,0,0,0,0,0,0,0,0,0,0,0,0,0,0,0,0,0,0,0,0,0,0,0,0,0,1,0,0,0,0,0,0,0,0,0,0,0,0,0,0,0,0,0,0,0,0,0,0,0,0,0,0,0,0,0,0,0,0,0,0,0,0,0,0,0,0,0,0,1,1,1,0,0,0,0,0,1,0,0,0,0,0,0,1,0,0,0,0,0,0,1,0,0,0,0,0,1,0,1,0,0,0,0,0,0,1,0,0,1,0,1,0,0,0,0,0,0,1,0,0,0,1,1,0,0,0,1,1,1,0,0,1,0,1,0,1,1,1,1,0,1,1,1,1,1,1,1,1,1,0,1
CHEMBL220_154,35,31,-1,-1,-1,1.9130434782608696,2.2633765364904996,2.6276426754062374,5.383573480753251,0.11723415927331478,0.1217685528817175,1.5671128043244635,2.8359125943911963,0.16206631997632057,0.07622248393826384,-0.19349283012868007,-0.8981353826647069,6.586666666666667,3.3357700617341575,-0.05431433369530392,-0.7614516733502117,0.02857142857142857,0.07543466670693645,2.688318866996431,5.99213266210052,0.8,0.4,-1.5,0.24999999999999956,1.9130434782608696,2.2633765364904996,2.6276426754062374,5.383573480753251,2.0,0.0,0,0,1.7714285714285714,1.9579247656013505,2.9707973536727175,7.855370767538572,0.0,0.0,0,0,0.0,0.0,0,0,0.04347826086956521,0.04671986177947596,2.6204886701855665,5.3521936868566335,0.04347826086956519,0.24240482462638105,-2.406896483569886,4.703608021359178,1.0,0.0,0,0,-1.4593963892822055,62.0,182.0,0.0,72.0,1080.0,0.0,0.0,0.0,0.0,164.0,248.0,6168.0,0.0,0.0,0.0,0.0,0.0,0.0,0.0,0.0,0.0,0.0,0.0,0.0,0.0,0.0,0.0,0.0,0.0,0.0,0.0,1,1,0,1,1,0,0,0,0,1,1,1,0,0,0,0,0,0,0,0,0,0,0,0,0,0,0,0,0,0,0,6.214285714285714,0.5578749768504754,2.493570710824268,4.798172534264979,2.142857142857143,0.5802884574739973,-0.02238027108715112,-0.19559228650137994,0.0,0.0,0,0,3.142857142857143,0.3499271061118826,2.0412414523193156,2.1666666666666696,0.6428571428571429,0.47915742374995496,-0.5962847939999442,-1.6444444444444446,12.438428571428574,1.1126040056863846,2.4925970621983113,4.792686944634591,0.8571428571428571,0.6925256939166184,0.8426931033263328,1.475328202806696,372.468,52.57000000000001,4.676100000000005,0,7,0,0,0,0,0,0,0,0,0,0,0,0,0,0,0,0,0,0,0,0,0,0,0,0,0,0,0,0,0,0,0,0,0,0,0,0,0,0,0,0,0,0,0,0,0,0,0,0,0,0,0,0,0,0,0,0,0,0,0,0,0,0,0,0,0,0,0,0,0,0,0,0,0,0,0,0,0,0,0,0,0,0,0,0,0,1,1,0,0,0,0,0,1,1,0,0,0,0,0,1,1,0,0,0,0,0,0,0,0,0,1,0,0,1,0,1,0,1,0,0,0,0,1,0,0,1,0,1,0,0,0,1,0,1,0,1,0,0,1,1,0,0,1,1,0,1,0,0,1,0,0,1,1,1,1,1,1,1,1,1,1,1,1,1,1,1,0,1
CHEMBL220_155,36,32,-1,-1,-1,2.0,2.5584085962673253,2.7360758598970003,5.708333333333332,0.11077572522311699,0.1245251640395236,1.5813955007278022,2.714313219913861,0.15431140913695865,0.08285845422469258,-0.07363884355358018,-1.116813360741775,6.349999999999999,3.616961073526699,0.038418356313442294,-0.9355408751192167,0.021195144724556494,0.05736046031061473,3.1586317495860077,9.168599313868723,0.8055555555555556,0.3957724124659724,-1.5440972939559132,0.3842364532019724,2.0,2.5584085962673253,2.7360758598970003,5.708333333333332,2.0,0.0,0,0,1.7777777777777777,2.122774797171422,3.288823079639442,9.665573278288617,0.0,0.0,0,0,0.005970336852689794,0.017140510479038924,2.5948491071560946,4.905435550264087,0.045454545454545456,0.05267245207574751,2.7344468155038713,5.702994954747481,0.04545454545454545,0.023643622152400963,1.1210614335884679,1.138588336038704,1.1818181818181819,0.38569460791993493,1.6499158227686117,0.7222222222222232,-1.251621541547694,64.0,212.0,0.0,92.0,1500.0,8.0,0.0,0.0,0.0,342.0,360.0,10200.0,0.0,0.0,0.0,0.0,32.0,0.0,0.0,0.0,0.0,0.0,0.0,0.0,0.0,0.0,0.0,0.0,0.0,0.0,0.0,1,1,0,1,1,1,0,0,0,1,1,1,0,0,0,0,1,0,0,0,0,0,0,0,0,0,0,0,0,0,0,6.621621621621622,1.714033513049506,4.462195703475449,21.29302844796187,2.1621621621621623,0.7538554422152084,0.10174888846758438,-0.5220458495516169,0.0,0.0,0,0,3.4594594594594597,0.4983537544482643,0.16269784336399076,-1.973529411764707,0.32432432432432434,0.4681218398834804,0.7505553499465133,-1.436666666666667,13.253810810810814,3.4349809853349784,4.474292764238458,21.387556749634246,1.0,0.86991767240168,0.49265745732952293,-0.5459183673469385,527.6870000000004,115.81,2.909300000000001,2,12,0,0,0,0,0,0,0,0,0,0,0,0,0,0,0,0,0,0,0,0,0,0,1,0,0,0,0,0,0,0,0,0,1,1,0,0,0,0,0,0,0,0,0,0,0,0,0,0,0,0,0,1,0,1,1,1,0,0,1,0,1,1,0,0,0,0,0,1,0,0,0,0,0,1,0,0,0,0,0,0,1,1,1,0,0,0,0,0,1,0,1,1,1,1,1,1,1,0,0,0,1,0,1,0,1,0,1,0,0,0,1,1,1,0,0,0,0,1,1,0,0,0,1,0,1,1,0,0,1,1,1,1,1,1,0,1,1,0,0,1,1,0,1,0,0,1,1,1,1,1,0,1,1,1,1,1,1,1,1,1,1,1,1,1,1,1,0,0
CHEMBL220_156,35,32,-1,-1,-1,2.0,2.5366873297069255,2.8127767468919744,6.429327976625274,0.11455552031580754,0.12429183938056104,1.753536398864825,3.975298582555336,0.17859202028840626,0.08863255699427237,-0.1697579848518233,-0.9420195983185531,7.005714285714285,3.6605835749021685,-0.04419271238528637,-0.7817523188652533,0.024191494779730073,0.0654431209933142,3.0571211470357733,8.44341124399527,0.8,0.4,-1.5,0.24999999999999956,2.0,2.5366873297069255,2.8127767468919744,6.429327976625274,2.0,0.0,0,0,1.8285714285714285,2.171052599030042,3.23602144312332,9.64890850604258,0.0,0.0,0,0,0.004427709798553788,0.013150043644071815,3.001686563278308,8.041415974300161,0.04347826086956521,0.04988741547052155,2.820473795518379,6.454440109860853,0.04347826086956524,0.03339451855297955,-0.3515541532362447,-0.09194740184811012,1.173913043478261,0.3790346907426672,1.7206180040292134,0.9605263157894743,1.520041377427454,64.0,218.0,0.0,132.0,1560.0,8.0,0.0,0.0,0.0,362.0,566.0,11064.0,0.0,0.0,0.0,0.0,34.0,0.0,0.0,0.0,0.0,0.0,0.0,0.0,0.0,0.0,0.0,0.0,0.0,0.0,0.0,1,1,0,1,1,1,0,0,0,1,1,1,0,0,0,0,1,0,0,0,0,0,0,0,0,0,0,0,0,0,0,6.5,0.823754471047914,1.1500616437898856,-0.5373961218836567,2.142857142857143,0.8329931278350429,-0.2723801058145727,-1.5069204152249136,0.0,0.0,0,0,3.0714285714285716,0.2575393768188564,3.328201177351371,9.07692307692306,0.42857142857142855,0.49487165930539345,0.28867513459481287,-1.9166666666666665,13.008142857142856,1.642653204733248,1.149714765741172,-0.5382385088215589,0.5,0.823754471047914,1.9167694063164757,3.1855955678670353,189.17,54.45,0.48150000000000004,0,0,0,0,0,0,0,0,0,0,0,0,0,0,0,0,0,0,0,0,0,0,0,0,0,0,0,0,0,0,0,0,0,0,0,0,0,0,0,0,0,0,0,0,0,0,0,0,0,0,0,0,0,0,0,0,0,0,0,0,0,0,0,0,0,0,0,0,0,0,0,0,0,0,1,0,0,1,0,0,0,0,0,0,0,0,0,1,0,0,0,1,0,0,1,1,0,1,0,0,1,0,0,1,0,0,0,1,0,0,0,0,1,0,0,0,0,0,0,1,0,0,0,1,1,0,0,0,0,1,0,0,0,0,0,0,0,0,1,1,0,0,0,0,0,1,1,1,1,0,1,0,1,0,1,0,1,0,1,0,1,1,1,1,1,1,1,1,0,0
CHEMBL220_157,37,36,-1,-1,-1,2.1538461538461537,3.034320449740926,3.033469484084569,7.557910831940054,0.11585237833634467,0.11664155974968562,1.7361948884789882,3.7604931136583195,0.20316978262456986,0.09997211567781877,-0.38749004258228675,-0.8430673431724558,8.414414414414416,4.312514372456639,-0.27277545747074783,-0.6611860900997946,0.024538824538824534,0.0712162955063581,3.459479962877448,10.867183117599817,0.8108108108108109,0.3916588309780929,-1.5871507864874157,0.5190476190476199,2.1538461538461537,3.034320449740926,3.033469484084569,7.557910831940054,2.0,0.0,0,0,1.945945945945946,2.6400854403244782,3.4865286603664214,11.051995456023368,0.0,0.0,0,0,0.026205326205326205,0.08423764872888388,4.831305510614253,24.08983104138126,0.038461538461538464,0.04949964326588432,3.055741647307851,7.634409541060915,0.038461538461538464,0.04103558099117055,2.984438003535476,7.595583782192167,1.2692307692307692,0.4435600997950306,1.0405319634289445,-0.9172932330827055,1.3227827666363363,72.0,326.0,0.0,236.0,3102.0,32.0,0.0,0.0,0.0,870.0,1258.0,29160.0,0.0,0.0,0.0,0.0,154.0,0.0,0.0,0.0,12.0,0.0,0.0,0.0,0.0,0.0,0.0,0.0,0.0,0.0,24.0,1,1,0,1,1,1,0,0,0,1,1,1,0,0,0,0,1,0,0,0,1,0,0,0,0,0,0,0,0,0,1,6.703703703703703,1.9779303589361021,3.889354881857068,15.166523725876285,2.2222222222222223,0.6849348892187751,-0.3159048727283277,-0.8767313019390572,0.0,0.0,0,0,3.259259259259259,0.43822813208145306,1.0987005311470726,-0.7928571428571418,0.6296296296296297,0.4829038818668629,-0.5368754921931594,-1.7117647058823524,13.455851851851852,4.011430470854078,3.7791711202398073,14.320600909239356,0.7037037037037037,0.7104935590092918,1.1170819763954423,1.859315926275995,382.4600000000001,53.43000000000001,3.9971000000000023,3,4,0,0,0,0,0,0,0,0,0,0,0,0,0,0,0,0,0,0,0,0,0,0,0,0,0,0,0,0,0,0,0,0,0,0,0,0,1,0,0,0,0,0,1,0,0,0,0,0,0,0,0,0,0,0,0,0,0,0,0,0,0,0,1,0,0,1,0,0,0,0,0,0,0,0,0,1,0,0,0,0,0,1,0,1,0,1,0,1,1,0,0,1,1,1,0,1,1,0,1,0,0,0,0,0,0,0,0,1,1,0,1,1,0,0,0,0,1,1,0,0,1,1,1,0,0,1,0,1,0,0,0,0,1,0,1,0,0,1,0,1,0,0,1,1,1,1,0,0,1,0,1,0,1,0,1,0,1,1,1,1,1,1,1,1,1,1,0,0
CHEMBL220_158,40,38,-1,-1,-1,2.0714285714285716,3.115956301598177,3.3617655278163343,10.003181082280404,0.10679326457256169,0.11659845042681675,2.138781502890499,6.643868420767637,0.19611603684118312,0.0982242278402943,-0.3543826096654825,-0.9198727537255769,8.78,4.580300814963528,-0.21689297402911673,-0.6922767616116183,0.02341430499325236,0.06892185457219958,3.5591761940714934,11.945008052213034,0.825,0.3799671038392666,-1.7106744068953987,0.9264069264069255,2.0714285714285716,3.115956301598177,3.3617655278163343,10.003181082280404,2.0,0.0,0,0,1.9,2.690724809414742,3.8639489137060057,14.370591175483046,0.0,0.0,0,0,0.008597960232594917,0.023762506626452982,2.6241008956231684,5.453258433198284,0.03571428571428572,0.048778278921222835,3.3880701588472792,10.201689826775507,0.03571428571428573,0.018618994197429854,0.08637400244539263,-0.3258850208622075,1.1785714285714286,0.3829930462415574,1.6785086548325643,0.8173913043478271,-0.3555662610997277,76.0,358.0,0.0,216.0,3786.0,24.0,0.0,0.0,0.0,892.0,1228.0,40800.0,0.0,0.0,0.0,0.0,136.0,0.0,0.0,0.0,12.0,0.0,0.0,0.0,0.0,0.0,0.0,0.0,0.0,0.0,0.0,1,1,0,1,1,1,0,0,0,1,1,1,0,0,0,0,1,0,0,0,1,0,0,0,0,0,0,0,0,0,0,6.3125,0.582961190818051,1.7079861761898663,1.812921125644075,2.1875,0.6817945071647321,-0.2542105075792519,-0.8658993008968294,0.0,0.0,0,0,3.25,0.5590169943749475,0.0,-0.3999999999999999,0.34375,0.47495887979908324,0.657951694959769,-1.567099567099567,12.6345,1.1628670388311815,1.706416474182595,1.8055169988554658,0.875,0.960143218483576,0.6752170637310526,-0.764722780810112,432.52800000000036,105.12,3.961980000000003,0,4,0,0,0,0,0,0,0,0,0,0,0,0,0,0,0,0,0,0,0,1,0,0,0,0,0,0,0,0,0,0,0,0,0,0,0,0,0,1,1,0,0,1,0,0,0,0,0,0,0,0,1,0,0,0,1,0,0,0,0,0,0,0,1,0,0,1,0,0,0,0,0,0,0,0,0,1,1,1,0,1,1,0,0,1,0,1,1,0,0,0,0,1,1,1,0,1,1,0,1,1,1,0,0,0,0,0,1,0,1,0,1,0,0,0,0,1,0,1,1,0,1,1,1,0,0,1,0,1,1,1,0,1,0,1,0,1,1,1,1,0,0,0,1,1,1,1,0,1,1,1,1,1,0,1,1,0,1,0,1,1,1,1,1,1,1,1,0,0
CHEMBL220_159,35,32,-1,-1,-1,2.0,2.5194892512087685,2.8707710139500175,6.68727716269469,0.113702203612988,0.12507292858560237,1.7850035207582233,4.233406195788306,0.17300233961928488,0.08550108320579725,-0.12866179484642387,-0.9523280337300832,6.897142857142858,3.5992293833812554,-0.023750740364536716,-0.7701543572590346,0.025821237585943468,0.0673438592432777,3.2797831514617592,10.461496085235122,0.8,0.4,-1.5,0.24999999999999956,2.0,2.5194892512087685,2.8707710139500175,6.68727716269469,2.0,0.0,0,0,1.8285714285714285,2.1578522958284805,3.292848114530795,9.958170271003931,0.0,0.0,0,0,0.005998707175177763,0.017535975098724624,2.7498143352183266,5.855558108059576,0.04347826086956521,0.04924361529991228,2.8514624973480096,6.560413458227423,0.04347826086956521,0.026167123590950664,0.009889674469922241,-0.6153977765829537,1.173913043478261,0.3790346907426672,1.720618004029213,0.9605263157894743,0.34016205886233186,64.0,216.0,0.0,114.0,1554.0,8.0,0.0,0.0,0.0,346.0,472.0,11064.0,0.0,0.0,0.0,0.0,32.0,0.0,0.0,0.0,0.0,0.0,0.0,0.0,0.0,0.0,0.0,0.0,0.0,0.0,0.0,1,1,0,1,1,1,0,0,0,1,1,1,0,0,0,0,1,0,0,0,0,0,0,0,0,0,0,0,0,0,0,6.32258064516129,0.6419273787784645,1.7801351606636664,1.7215335169880648,2.193548387096774,0.6918584061137812,0.30772658671930414,0.12206049149338227,0.0,0.0,0,0,3.6451612903225805,0.47846441852230076,-0.6067798762169174,-1.6318181818181816,0.1935483870967742,0.39507899077148034,1.5513435037626793,0.4066666666666654,12.654483870967747,1.2802756727076214,1.7790682383303895,1.7170296665346445,1.2258064516129032,1.0382888348020052,0.057758598905323866,-1.3655506030023408,430.59300000000025,57.28000000000001,3.0367000000000015,2,8,0,0,0,0,0,0,0,0,0,0,0,0,0,0,0,0,0,0,0,0,0,0,0,1,0,0,0,0,0,0,0,0,0,0,0,0,0,0,1,0,0,0,0,0,0,0,0,0,0,0,0,0,0,0,0,0,0,1,0,0,0,0,0,0,0,0,1,0,0,0,0,0,0,0,0,1,0,1,0,0,0,0,1,1,0,1,1,0,0,0,1,1,0,1,0,1,1,0,1,0,1,1,0,0,1,1,1,0,1,1,1,1,1,1,0,1,1,1,1,0,1,1,1,1,0,0,1,1,1,1,0,0,1,0,0,1,0,1,1,0,0,1,1,1,1,1,1,1,1,1,0,1,1,1,1,1,1,1,1,1,1,1,1,1,1,1,0,1
CHEMBL220_160,35,31,-1,-1,-1,1.9130434782608696,2.5351964760196948,2.9153448014457792,6.844449480968876,0.1126509739768788,0.12602058019819282,2.034803899657438,6.068148067480333,0.17374327775311457,0.08419205146211921,-0.2109175737972732,-0.8792105752084982,6.892380952380953,3.5519731669432426,-0.05331183654066303,-0.6811833662878222,0.025210084033613446,0.07449450262462924,3.09321565291169,8.206099449607414,0.8,0.4,-1.5,0.24999999999999956,1.9130434782608696,2.5351964760196948,2.9153448014457792,6.844449480968876,2.0,0.0,0,0,1.7714285714285714,2.1657821323711115,3.3327544267614666,10.118204295086732,0.0,0.0,0,0,0.0,0.0,0,0,0.04347826086956521,0.05226961879221406,2.8981602187173947,6.706877521505508,0.04347826086956523,0.7290586879978083,3.374040670189716,10.934965144355376,1.0,0.0,0,0,-1.3569715395791349,62.0,212.0,0.0,76.0,1554.0,0.0,0.0,0.0,0.0,166.0,326.0,11064.0,0.0,0.0,0.0,0.0,0.0,0.0,0.0,0.0,0.0,0.0,0.0,0.0,0.0,0.0,0.0,0.0,0.0,0.0,0.0,1,1,0,1,1,0,0,0,0,1,1,1,0,0,0,0,0,0,0,0,0,0,0,0,0,0,0,0,0,0,0,6.357142857142857,0.6662413609349154,1.6192596215826025,1.1470471660721406,2.2142857142857144,0.7249208260780158,0.21237194150725497,-0.16193797718918024,0.0,0.0,0,0,3.607142857142857,0.4883855118277622,-0.4387634544762788,-1.8074866310160425,0.21428571428571427,0.41032590332414487,1.3926212476455821,-0.06060606060606011,12.723428571428574,1.3287611154909742,1.618207589280069,1.142986554973672,1.1428571428571428,1.0594569267279519,0.2537443118725293,-1.3186776859504137,388.51200000000017,57.28000000000001,1.8663999999999992,2,5,0,0,0,0,0,0,0,0,0,0,0,0,0,0,0,0,0,0,0,0,0,0,0,1,0,0,0,0,0,0,0,0,0,0,0,0,0,0,1,0,0,0,0,0,0,0,0,0,0,0,0,0,0,0,0,0,0,1,0,0,0,0,0,0,0,0,1,0,0,0,0,0,0,0,0,1,0,1,0,0,1,0,1,1,0,1,1,0,0,0,1,0,0,1,0,1,1,0,1,0,1,1,0,0,1,1,1,0,1,1,1,1,1,1,0,1,1,1,1,0,1,1,1,1,0,0,1,1,1,1,0,0,1,0,0,1,0,1,1,0,0,1,1,1,1,1,1,1,1,1,0,1,1,1,1,1,1,1,1,1,1,1,1,1,1,1,0,1
CHEMBL220_161,37,37,-1,-1,-1,2.24,3.1148675734290854,3.0005087262195698,7.646556889223831,0.11071711512238697,0.12152673551940389,1.7416019134268388,3.7290751373964435,0.20051740280971306,0.1034422818434002,-0.2852311943586416,-1.1009050551755148,8.163963963963965,4.373846503472503,-0.13931033057282033,-0.8503621289539827,0.021021021021021026,0.0590330466943535,3.5395484564254915,11.909777644794612,0.8108108108108109,0.3916588309780929,-1.5871507864874157,0.5190476190476199,2.24,3.1148675734290854,3.0005087262195698,7.646556889223831,2.0,0.0,0,0,2.0,2.6610300789508337,3.52845052424254,11.77218693549327,0.0,0.0,0,0,0.0299418808190738,0.065789796900788,1.9685163478499252,2.2980491985524445,0.03999999999999999,0.05037676196280802,3.0300484873333584,7.834983668476305,0.039999999999999994,0.019292471374159657,0.1248409482351158,-0.30620549621383075,1.28,0.448998886412873,0.9799578870122222,-1.0396825396825402,0.499000704665459,74.0,336.0,0.0,326.0,3246.0,80.0,0.0,0.0,0.0,1342.0,1816.0,32064.0,0.0,0.0,0.0,0.0,436.0,0.0,0.0,0.0,120.0,0.0,0.0,0.0,0.0,0.0,0.0,0.0,0.0,0.0,0.0,1,1,0,1,1,1,0,0,0,1,1,1,0,0,0,0,1,0,0,0,1,0,0,0,0,0,0,0,0,0,0,6.225806451612903,0.5512260480850019,2.361665887943843,4.324122724713843,2.2580645161290325,0.6704712803492427,0.286670446160126,0.11747685185185208,0.0,0.0,0,0,3.2580645161290325,0.4375696763306625,1.1058146711617267,-0.7771739130434825,0.5806451612903226,0.49345350131543086,-0.326860225230307,-1.8931623931623938,12.461451612903229,1.099416702787604,2.3604282083076495,4.317169266050236,0.8709677419354839,0.8324830903589636,0.9160174296209663,0.5127424722019334,413.52100000000013,44.81,5.2370000000000045,2,4,0,0,0,0,0,0,0,0,0,0,0,0,0,0,0,0,0,0,0,0,0,0,0,1,0,0,0,0,0,0,0,0,0,0,0,0,0,0,1,0,0,0,0,0,0,0,0,0,0,0,0,0,0,0,0,0,0,0,0,0,0,0,0,0,0,0,1,0,0,0,0,0,0,0,0,1,0,1,0,0,0,0,0,1,0,1,1,0,0,0,0,0,0,1,0,0,1,0,0,0,1,1,0,0,0,1,1,0,1,0,1,1,1,1,0,1,1,1,1,0,1,1,1,1,0,1,1,1,1,0,0,0,0,1,0,1,0,1,1,0,0,0,1,1,1,1,0,1,1,1,0,1,1,1,1,1,1,1,1,1,1,1,1,1,1,1,0,1
CHEMBL220_162,40,40,-1,-1,-1,2.3076923076923075,3.5166552155884494,3.352174840330196,10.16660012362355,0.10631800867671748,0.11703196585128967,2.0479756169328227,6.296636693771321,0.19311019390587153,0.10974705901791121,-0.23733535129929334,-1.1959995325574249,8.45,4.9202247012825655,-0.14171302542115347,-0.92997482403453,0.01653171390013495,0.055026322864490246,4.32400245263658,18.320411713776487,0.825,0.3799671038392666,-1.7106744068953987,0.9264069264069255,2.3076923076923075,3.5166552155884494,3.352174840330196,10.16660012362355,2.0,0.0,0,0,2.0,2.932575659723036,4.068175536608755,16.367225527312062,0.0,0.0,0,0,0.04251811086720917,0.09696648587069073,2.977667112473957,10.024091180661546,0.03846153846153847,0.05397295788012485,3.403658936586002,10.493382940056106,0.03846153846153846,0.024335587185759684,-0.8405680178331185,0.600591698888516,1.3461538461538463,0.47574295680203776,0.646761666763554,-1.5816993464052294,-0.16308553472618662,80.0,424.0,0.0,350.0,5136.0,88.0,0.0,0.0,0.0,1668.0,2274.0,65160.0,0.0,0.0,0.0,0.0,520.0,0.0,0.0,0.0,120.0,0.0,0.0,0.0,0.0,0.0,0.0,0.0,0.0,0.0,48.0,1,1,0,1,1,1,0,0,0,1,1,1,0,0,0,0,1,0,0,0,1,0,0,0,0,0,0,0,0,0,1,6.275862068965517,0.5183895302887209,1.7183096612291713,2.0681729187876954,2.2758620689655173,0.6376980003071356,-0.3149562094468611,-0.6935980301631273,0.0,0.0,0,0,3.2758620689655173,0.44694763437295587,1.0029717747535967,-0.99404761904762,0.6551724137931034,0.4753120259341455,-0.6529286250990106,-1.5736842105263151,12.561482758620691,1.0342469064473137,1.7165719493360472,2.058465148747171,0.8275862068965517,0.8737144454703397,0.6513874808617639,-0.6499403150202334,388.47500000000014,94.04,2.401,0,3,0,0,0,0,0,0,0,0,0,0,0,0,0,0,0,0,0,0,0,0,0,0,0,0,0,0,0,0,0,0,0,0,0,0,0,0,0,0,1,0,0,0,0,0,0,0,0,0,0,0,0,0,0,1,0,0,0,0,0,0,0,0,1,0,0,1,0,0,0,0,0,0,0,0,0,1,0,1,0,1,1,0,0,1,1,1,1,0,0,0,0,0,1,1,0,0,1,1,1,0,1,1,0,0,0,1,0,0,0,0,1,1,0,1,0,1,1,1,1,0,1,1,1,0,0,1,0,1,1,1,0,1,0,1,0,1,0,1,1,0,0,0,1,1,1,1,0,1,1,0,1,1,0,1,1,1,1,0,1,0,1,1,1,1,1,1,0,0
CHEMBL220_163,36,35,-1,-1,-1,2.1666666666666665,2.748737083745107,2.823266260188564,6.594817798442909,0.11641146816894092,0.11927341638659227,1.7094087577488104,4.214614704439109,0.18653962710155916,0.0922835565041382,-0.3231911810913641,-1.0449056689039165,7.565740740740741,3.94010705274687,-0.1830487463791209,-0.8671474957733603,0.02287581699346405,0.06159571230150371,3.308330519791186,10.037018969936732,0.8055555555555556,0.3957724124659724,-1.5440972939559132,0.3842364532019724,2.1666666666666665,2.748737083745107,2.823266260188564,6.594817798442909,2.0,0.0,0,0,1.9444444444444444,2.356367784494277,3.2893468714612117,10.104689128448543,0.0,0.0,0,0,0.013638262322472847,0.03172146110880244,2.543085221895698,6.135592969970226,0.04166666666666666,0.048657135777415136,2.855283640490955,6.666842099069383,0.041666666666666685,0.3036136689509374,2.9437076552572314,7.685395702368718,1.3333333333333333,0.4714045207910317,0.7071067811865479,-1.5,1.3569431590057965,70.0,266.0,0.0,176.0,2112.0,16.0,0.0,0.0,0.0,536.0,758.0,17040.0,0.0,0.0,0.0,0.0,58.0,0.0,0.0,0.0,0.0,0.0,0.0,0.0,0.0,0.0,0.0,0.0,0.0,0.0,48.0,1,1,0,1,1,1,0,0,0,1,1,1,0,0,0,0,1,0,0,0,0,0,0,0,0,0,0,0,0,0,1,6.333333333333333,0.6666666666666666,1.7500000000000018,1.5000000000000036,2.2222222222222223,0.6849348892187751,-0.3159048727283277,-0.8767313019390572,0.0,0.0,0,0,3.2962962962962963,0.4566232594791834,0.892217816219194,-1.2039473684210522,0.4444444444444444,0.4969039949999533,0.223606797749979,-1.9500000000000002,12.675888888888892,1.3295556855535067,1.749122734196484,1.4964906436720833,0.7777777777777778,0.8748897637790901,0.7783878751624579,-0.45109261186264327,363.4170000000001,60.93000000000001,1.8037,0,3,0,0,0,0,0,0,0,0,0,0,0,0,0,0,0,0,0,0,0,0,0,0,0,0,0,0,0,0,0,0,0,0,0,0,0,0,0,0,0,0,0,0,0,0,0,0,0,0,0,0,0,0,0,0,0,0,0,0,0,0,0,0,0,0,0,0,0,0,0,0,0,0,1,0,0,1,0,0,0,1,0,0,0,1,0,1,1,0,0,1,0,0,1,1,0,1,1,1,1,0,1,1,0,0,0,1,0,0,0,0,1,1,0,0,0,1,1,1,1,0,1,1,1,0,0,1,0,1,1,1,0,0,0,0,0,1,1,1,1,0,0,0,1,1,1,1,1,1,1,0,1,0,1,1,1,1,1,0,1,1,1,1,1,1,1,1,0,1
CHEMBL220_164,38,38,-1,-1,-1,2.3333333333333335,3.3747427885527643,3.217348478842749,9.331802498512792,0.10818131662531234,0.12088255542839149,1.9600157237414306,5.667677037739825,0.188528970825933,0.10820826267107042,-0.17147912073920926,-1.2230729790020711,7.811403508771929,4.59940103089833,-0.07474092989858713,-0.9562784709307341,0.01600284495021337,0.0520923331951961,4.303135221858302,18.246632786969457,0.8157894736842105,0.3876557858593746,-1.6292261599251139,0.6543778801843323,2.3333333333333335,3.3747427885527643,3.217348478842749,9.331802498512792,2.0,0.0,0,0,2.0,2.7909628596974425,3.9437130875865387,15.484751643535425,0.0,0.0,0,0,0.04794925741174341,0.10320776265098543,2.623442396744142,7.465633665133938,0.04166666666666666,0.055510947506461905,3.2772749431712405,9.701864709119823,0.041666666666666685,0.23720800756598318,-2.9510246381167815,7.947866545066486,1.375,0.4841229182759271,0.5163977794943223,-1.7333333333333334,-0.6576904104836379,76.0,372.0,0.0,324.0,4146.0,88.0,0.0,0.0,0.0,1412.0,1952.0,48840.0,0.0,0.0,0.0,0.0,478.0,0.0,0.0,0.0,120.0,0.0,0.0,0.0,0.0,0.0,0.0,0.0,0.0,0.0,48.0,1,1,0,1,1,1,0,0,0,1,1,1,0,0,0,0,1,0,0,0,1,0,0,0,0,0,0,0,0,0,1,6.205882352941177,0.40434491426080943,1.4547859349066141,0.11640211640211406,2.2941176470588234,0.6197443384031023,-0.29500856624739763,-0.6520574628682736,0.0,0.0,0,0,3.235294117647059,0.42418250299576343,1.248075441506765,-0.44230769230769207,0.7058823529411765,0.4556450995538138,-0.9036961141150641,-1.1833333333333336,12.421941176470588,0.8070724488645757,1.4547859349066146,0.1164021164021154,0.8529411764705882,0.9434714666085553,0.9266762219267712,-0.08157032075637538,451.5780000000002,67.08,4.591000000000004,0,4,0,0,0,0,0,0,0,0,0,0,0,0,0,0,0,0,0,0,0,0,0,0,0,0,0,0,0,0,0,0,0,0,0,0,0,0,0,0,1,0,0,0,0,0,0,0,0,0,0,0,0,0,1,1,0,0,0,0,0,0,0,0,1,0,0,1,0,0,0,1,0,0,0,0,1,1,0,1,0,1,1,0,0,1,0,1,1,0,0,0,0,0,0,1,1,0,1,0,1,0,1,1,0,0,0,1,0,0,0,0,0,1,0,0,0,1,1,0,1,0,1,1,1,0,1,1,0,0,1,1,0,1,0,1,0,1,0,1,1,0,0,1,1,0,0,1,0,1,1,1,0,1,0,1,0,0,1,0,1,0,1,1,1,1,0,1,0,0
CHEMBL220_165,39,37,-1,-1,-1,2.16,3.1071530377501526,3.098964164135769,8.067580967820291,0.10767993030879455,0.11851606747491578,1.9632324915089483,5.552079591744162,0.17560219726805168,0.09742301407439424,-0.17912437161548111,-1.135658611795117,7.676068376068378,4.411657044203073,-0.09721911945723302,-0.9297569948500626,0.018893387314439947,0.058744904486002725,3.8138446192266975,13.767959191121903,0.8205128205128205,0.3837597319768145,-1.6703827619526517,0.7901785714285703,2.16,3.1071530377501526,3.098964164135769,8.067580967820291,2.0,0.0,0,0,1.8974358974358974,2.589870522403376,3.744048353610726,13.203236573768208,0.0,0.0,0,0,0.04144218772213728,0.1592216694008177,5.586546055245191,30.687891132106884,0.04,0.05274813115800877,3.0956347540626856,7.951252246461072,0.04,0.015247743462308465,0.2867339157589443,-0.42158221837619125,1.32,0.46647615158762407,0.7717436331412894,-1.4044117647058831,-0.4779447368463208,74.0,328.0,0.0,194.0,3234.0,32.0,0.0,0.0,0.0,828.0,1050.0,32064.0,0.0,0.0,0.0,0.0,150.0,0.0,0.0,0.0,12.0,0.0,0.0,0.0,0.0,0.0,0.0,0.0,0.0,0.0,0.0,1,1,0,1,1,1,0,0,0,1,1,1,0,0,0,0,1,0,0,0,1,0,0,0,0,0,0,0,0,0,0,6.333333333333333,0.5773502691896257,1.539600717839004,1.3333333333333375,2.2222222222222223,0.5826715823167509,-0.07627700713964795,-0.40363636363636335,0.0,0.0,0,0,3.1666666666666665,0.5,0.29629629629629695,0.3703703703703698,0.6388888888888888,0.48032267960529396,-0.5783149319662401,-1.6655518394648832,12.676111111111112,1.151749822800502,1.5379296620436629,1.3256161321314899,0.7222222222222222,0.7677930533936251,0.8872312699449485,0.35903621063019253,482.5480000000002,135.01,3.4516800000000005,1,2,0,0,0,0,0,0,0,0,0,0,0,0,0,0,0,0,0,0,0,0,0,0,0,0,0,1,0,0,0,0,0,0,0,0,0,0,0,0,1,0,0,1,0,0,0,0,0,0,0,0,0,0,1,1,1,0,0,1,0,0,0,0,1,0,0,1,0,0,0,1,0,0,0,0,0,1,0,1,0,0,1,0,1,1,0,1,1,0,0,0,0,1,0,1,1,1,1,1,1,0,1,0,0,0,1,1,1,0,0,1,0,1,0,1,0,1,1,0,1,0,1,1,1,0,1,1,0,0,0,1,0,1,1,0,0,1,0,1,1,1,0,0,1,0,1,1,0,1,1,0,0,1,1,1,0,1,1,1,1,1,1,1,1,1,1,1,0,0
CHEMBL220_166,34,33,-1,-1,-1,2.1818181818181817,2.65666167203681,2.727646493435192,6.561956682699968,0.11582061445616254,0.12648063082100477,1.80816409967614,4.778848791931499,0.18631676553360635,0.09408129320266513,-0.17767209108491258,-0.982446409484341,7.029411764705881,3.7128267749135815,-0.062283320565885765,-0.8196704192565374,0.021557486631016042,0.0609704281740899,3.149295719036517,9.017967287840545,0.7941176470588235,0.40434491426080943,-1.4547859349066157,0.11640211640211495,2.1818181818181817,2.65666167203681,2.727646493435192,6.561956682699968,2.0,0.0,0,0,1.9411764705882353,2.2614567984401277,3.2009263548144586,10.168772121929017,0.0,0.0,0,0,0.02956517843047707,0.08257512501612081,3.6547523049281434,13.728533966748735,0.04545454545454544,0.05082825415759485,2.748297913395772,6.476099327922748,0.04545454545454546,0.027967890876940852,0.2926013627512189,-0.6894382011770546,1.3181818181818181,0.46577048936179993,0.780720058358827,-1.39047619047619,-0.8774257444224016,66.0,236.0,0.0,208.0,1746.0,32.0,0.0,0.0,0.0,480.0,958.0,13704.0,0.0,0.0,0.0,0.0,110.0,0.0,0.0,0.0,12.0,0.0,0.0,0.0,0.0,0.0,0.0,0.0,0.0,0.0,24.0,1,1,0,1,1,1,0,0,0,1,1,1,0,0,0,0,1,0,0,0,1,0,0,0,0,0,0,0,0,0,1,6.190476190476191,0.4994327848429292,2.6228889045974206,5.881487603305789,2.2857142857142856,0.5471012044321932,0.035606793263666385,-0.5330578512396698,0.0,0.0,0,0,3.380952380952381,0.4856209060564557,0.4902903378454601,-1.7596153846153848,0.5714285714285714,0.4948716593053935,-0.2886751345948127,-1.916666666666667,12.391,0.9961778383974853,2.6213843473887297,5.871732811650274,0.9523809523809523,0.8438116736509214,0.5657704381690447,-0.3553288165848496,280.3709999999999,15.71,3.1895000000000016,0,1,0,0,0,0,0,0,0,0,0,0,0,0,0,0,0,0,0,0,0,0,0,0,0,0,0,0,0,0,0,0,0,0,0,0,0,0,0,0,0,0,0,0,0,0,0,0,0,0,0,0,0,0,0,0,0,0,0,1,0,0,0,0,1,0,0,0,0,0,0,0,0,0,0,0,0,1,0,0,0,0,1,0,0,0,0,1,1,0,0,0,0,0,0,1,0,1,0,0,1,0,1,1,0,0,0,1,0,0,0,1,0,1,0,0,0,0,0,0,1,0,1,1,1,0,0,1,0,0,1,1,0,0,1,1,0,1,0,1,1,0,0,0,1,0,1,1,0,1,1,0,0,0,0,1,0,0,1,1,1,0,1,1,1,1,1,1,0,1
CHEMBL220_167,35,32,-1,-1,-1,2.0952380952380953,2.616882221720779,2.5745669113950305,4.951793342397254,0.11109839918163296,0.12739142149574714,1.5306058883789273,2.286841993714371,0.16195826321951365,0.08929148246858065,-0.0519661697704648,-1.1778695861678874,6.30952380952381,3.651460429103145,0.060116853010088685,-0.997718656742578,0.018436465495289024,0.050053199384835025,3.100129468633372,8.479321533780327,0.8,0.4,-1.5,0.24999999999999956,2.0952380952380953,2.616882221720779,2.5745669113950305,4.951793342397254,2.0,0.0,0,0,1.8285714285714285,2.15785229582848,3.156355846340301,8.902736127694654,0.0,0.0,0,0,0.013924963924963923,0.035487898807507814,2.3298309874846264,3.823995244686887,0.04761904761904763,0.05398665577566232,2.5910775522564284,5.013921098219342,0.04761904761904761,0.22106115135782697,-2.302184065060388,4.080568503311943,1.2380952380952381,0.4259177099999599,1.229837387624884,-0.4874999999999998,0.554144694588591,64.0,216.0,0.0,148.0,1506.0,24.0,0.0,0.0,0.0,518.0,614.0,10200.0,0.0,0.0,0.0,0.0,100.0,0.0,0.0,0.0,12.0,0.0,0.0,0.0,0.0,0.0,0.0,0.0,0.0,0.0,0.0,1,1,0,1,1,1,0,0,0,1,1,1,0,0,0,0,1,0,0,0,1,0,0,0,0,0,0,0,0,0,0,6.515151515151516,1.9246599403879294,4.911562789010938,23.714230847415216,2.1818181818181817,0.7158188976374373,0.7087426442268703,0.7362122788761716,0.0,0.0,0,0,3.3636363636363638,0.4810456929208347,0.56694670951384,-1.6785714285714295,0.5454545454545454,0.4979295977319692,-0.1825741858350551,-1.9666666666666668,13.084030303030302,4.087333282559436,4.97444039300594,24.203641583889937,0.9393939393939394,0.7761362712039817,0.49399474987630704,-0.21003123140987512,463.0210000000002,52.57000000000001,4.7458000000000045,0,7,0,0,0,0,0,0,0,0,0,0,0,0,0,0,0,0,0,0,0,0,0,0,0,0,0,0,0,0,0,0,0,0,0,0,0,0,0,0,0,0,0,0,0,0,0,0,0,0,0,0,0,0,0,0,0,0,0,0,0,0,0,0,1,0,0,0,1,0,0,0,0,0,0,0,0,1,0,0,0,0,0,0,0,0,0,1,1,1,0,0,1,1,1,1,0,0,0,1,1,0,1,0,0,1,1,0,0,1,1,0,1,1,1,0,0,0,0,1,1,0,0,1,1,0,0,1,0,1,1,1,0,1,1,0,1,0,0,1,1,1,0,0,1,1,0,1,0,1,1,0,0,1,1,1,1,1,1,1,1,1,1,1,1,1,1,1,0,0
CHEMBL220_168,36,34,-1,-1,-1,2.0833333333333335,2.998842369241097,3.0993083496713667,8.589034749034745,0.11249094924164406,0.1229779009273278,2.0478757834619903,6.157250797779939,0.1965212593321929,0.10082319250972932,-0.23604070821457335,-0.986610925943094,7.768518518518519,4.133484125418794,-0.10237866585943527,-0.7365152902595922,0.021008403361344543,0.06381177401147216,3.5776212393698237,12.40480544013704,0.8055555555555556,0.3957724124659724,-1.5440972939559128,0.3842364532019724,2.0833333333333335,2.998842369241097,3.0993083496713667,8.589034749034745,2.0,0.0,0,0,1.8888888888888888,2.547087419188367,3.6240552349148984,12.973092546539426,0.0,0.0,0,0,0.010355038302518054,0.028033180761924466,2.6421403083950197,5.54577189810087,0.04166666666666666,0.05492852144000578,3.1346250895321375,8.813481113500666,0.041666666666666664,0.025005204025377772,-0.11505464555438341,-0.6895708927191087,1.2083333333333333,0.40611643103370687,1.4363696929192162,0.0631578947368423,0.4712750007340304,68.0,294.0,0.0,210.0,2772.0,24.0,0.0,0.0,0.0,628.0,1186.0,27192.0,0.0,0.0,0.0,0.0,122.0,0.0,0.0,0.0,12.0,0.0,0.0,0.0,0.0,0.0,0.0,0.0,0.0,0.0,0.0,1,1,0,1,1,1,0,0,0,1,1,1,0,0,0,0,1,0,0,0,1,0,0,0,0,0,0,0,0,0,0,6.368421052631579,0.6657426652986062,1.5593981711705327,0.9943750000000016,2.210526315789474,0.8321783316232577,0.1381282881961541,-0.6745280000000009,0.0,0.0,0,0,3.4210526315789473,0.49372797471825575,0.31980107453341583,-1.8977272727272727,0.3157894736842105,0.464829519280413,0.7925939239012172,-1.3717948717948716,12.745947368421053,1.3277906252863585,1.5582716810209116,0.9901001575107098,1.0,1.0760551736979407,0.7603530359601149,-0.7231404958677685,261.32499999999993,53.6,1.7496,2,1,0,0,0,0,0,0,0,0,0,0,0,0,0,0,0,0,0,0,0,0,0,0,0,1,0,0,0,0,0,0,0,0,0,0,0,0,0,0,1,0,0,0,0,0,0,0,0,0,0,0,0,0,0,0,0,0,0,0,0,0,0,0,0,0,0,0,1,0,0,0,0,0,0,0,0,1,0,1,0,0,0,0,0,1,0,1,1,0,0,0,1,1,0,1,0,0,1,0,0,0,1,1,0,0,0,1,1,0,1,0,1,1,1,1,0,1,1,1,1,0,1,1,1,1,0,0,1,1,0,0,0,1,0,0,0,1,0,1,0,0,0,1,1,1,1,0,0,1,1,1,0,1,1,1,1,0,1,1,1,1,1,1,1,1,1,1,0,1
CHEMBL220_169,37,34,-1,-1,-1,2.0,2.870540018881465,2.9019268265155724,6.7782543123762835,0.11534338515176006,0.11714491251761534,1.735480557389679,3.7088952371773463,0.19093506420637973,0.0952074521925946,-0.30173908680787837,-0.9070849678672182,7.846846846846848,4.090589871040683,-0.15728993340608635,-0.7310409611250508,0.022565422565422565,0.06913362211967224,3.168987026664789,8.768474637737928,0.8108108108108109,0.3916588309780929,-1.5871507864874157,0.5190476190476199,2.0,2.870540018881465,2.9019268265155724,6.7782543123762835,2.0,0.0,0,0,1.837837837837838,2.4551491782001653,3.3651871208014996,10.276293365858631,0.0,0.0,0,0,0.003108807347366987,0.009865100216737427,3.4889415991040584,12.092630012386955,0.04000000000000001,0.052561867848022505,2.918208802208817,6.853194109061219,0.039999999999999994,0.1743498444330407,2.977123333072711,7.383358388781792,1.16,0.36660605559646714,1.8548520670059365,1.4404761904761942,-1.323208720057633,68.0,280.0,0.0,168.0,2394.0,8.0,0.0,0.0,0.0,444.0,926.0,19944.0,0.0,0.0,0.0,0.0,42.0,0.0,0.0,0.0,0.0,0.0,0.0,0.0,0.0,0.0,0.0,0.0,0.0,0.0,0.0,1,1,0,1,1,1,0,0,0,1,1,1,0,0,0,0,1,0,0,0,0,0,0,0,0,0,0,0,0,0,0,6.324324324324325,0.6995772489483668,1.8249942913365655,1.5327021608375997,2.1621621621621623,0.5933648216243284,-0.06407065096704621,-0.33128734009400507,0.0,0.0,0,0,3.2972972972972974,0.457068500683453,0.8869685939836236,-1.2132867132867131,0.5405405405405406,0.4983537544482643,-0.16269784336399218,-1.9735294117647069,12.657810810810814,1.3950615183149193,1.8245689453513803,1.5310586268662236,0.918918918918919,0.9117366374828648,0.5884408820914988,-0.6869805195808008,502.6110000000002,81.01,6.125700000000006,0,12,0,0,0,0,0,0,0,0,0,0,0,0,0,0,0,0,0,0,0,0,0,0,0,1,0,0,0,0,0,0,0,0,0,0,0,0,0,0,0,0,0,0,0,0,0,0,0,0,0,0,0,0,0,0,0,0,0,1,0,0,0,0,0,0,0,0,0,0,0,0,0,0,0,0,0,0,0,0,0,0,0,0,0,0,0,1,1,0,0,1,0,0,0,1,0,0,0,0,1,0,1,1,0,0,0,1,1,0,1,1,1,1,0,1,0,1,1,1,1,0,0,0,1,1,0,1,1,1,1,1,0,0,1,0,0,0,1,1,1,0,1,0,1,1,0,1,1,1,1,1,0,1,1,1,1,1,1,1,1,1,1,1,1,1,1,1,0,1
CHEMBL220_170,35,34,-1,-1,-1,2.1739130434782608,2.792103366609099,2.6972255003207213,5.70498988203707,0.11684059662454595,0.1221462383859966,1.5369806808528663,2.5980920042642586,0.18708124767547862,0.09459508725687504,-0.20745745134446095,-1.058790490224524,7.324761904761905,3.870737535702309,-0.10077766335772512,-0.8835867773333499,0.022256175197351666,0.061097029668180716,3.2878358546924082,9.7469237979895,0.8,0.4,-1.5,0.24999999999999956,2.1739130434782608,2.792103366609099,2.6972255003207213,5.70498988203707,2.0,0.0,0,0,1.9428571428571428,2.3777883738929346,3.179241877623624,9.127089359908792,0.0,0.0,0,0,0.023788780931638075,0.06230264192595762,3.6712574343823627,14.693443480509657,0.0434782608695652,0.05121327104208964,2.73579619778922,5.857520846538071,0.043478260869565195,0.047757665029923596,2.7241824331227704,5.843594134216353,1.3043478260869565,0.4601306627938419,0.8504200642707606,-1.2767857142857149,-0.758897006644642,68.0,262.0,0.0,208.0,2052.0,32.0,0.0,0.0,0.0,672.0,964.0,15960.0,0.0,0.0,0.0,0.0,134.0,0.0,0.0,0.0,12.0,0.0,0.0,0.0,0.0,0.0,0.0,0.0,0.0,0.0,24.0,1,1,0,1,1,1,0,0,0,1,1,1,0,0,0,0,1,0,0,0,1,0,0,0,0,0,0,0,0,0,1,6.235294117647059,0.596993621476013,2.3504408120870557,3.91573192572344,2.235294117647059,0.9411764705882353,0.1516113281249999,-0.981658935546875,0.0,0.0,0,0,3.7941176470588234,0.40434491426080943,-1.4547859349066143,0.11640211640211406,0.0,0.0,0,0,12.48029411764706,1.1905560621088878,2.349738366805352,3.912132378266876,1.3529411764705883,1.081457430050014,0.24187107239949474,-1.2138580581912406,470.6980000000003,70.91999999999999,4.782700000000004,10,3,0,0,0,0,0,0,0,0,0,0,0,0,0,0,0,0,0,0,0,1,0,0,0,0,0,0,1,0,0,0,0,0,0,0,0,0,0,0,0,0,0,0,0,0,0,0,0,0,0,0,1,0,0,1,0,0,0,1,0,0,0,0,0,0,0,0,1,0,0,0,0,0,0,0,1,0,1,0,1,0,0,0,0,0,0,0,0,0,0,0,0,1,1,1,0,0,1,1,1,1,0,1,0,0,1,1,0,0,1,1,1,1,1,0,0,1,1,1,1,1,1,1,0,0,0,0,0,1,1,1,0,1,1,0,0,0,0,1,0,1,0,1,1,1,0,1,1,1,0,1,1,1,1,1,1,0,1,1,1,1,1,1,0,1,1,1,0,1
CHEMBL220_171,37,33,-1,-1,-1,2.0,2.6539552107881486,2.846903943534063,6.354595336076818,0.1093667885287991,0.12274336069182709,1.6882350761093676,3.453051423927069,0.15781842537860716,0.08515278745981927,-0.10490563076612347,-1.1103933750673796,6.66036036036036,3.7955746148544094,0.0057646342344990584,-0.9208539216075233,0.021235521235521235,0.05904365337212392,3.2778471194695116,10.06379575912832,0.8108108108108109,0.3916588309780929,-1.5871507864874157,0.5190476190476199,2.0,2.6539552107881486,2.846903943534063,6.354595336076818,2.0,0.0,0,0,1.7837837837837838,2.207299133956261,3.4110845652125934,10.53653801285265,0.0,0.0,0,0,0.005524794571447715,0.01618536511425502,2.6809465370403562,5.402200704190001,0.04347826086956521,0.05228419753756646,2.840623595685029,6.3112600738621065,0.04347826086956523,0.042339833917968236,2.7170445195974815,6.4113229379298495,1.173913043478261,0.3790346907426672,1.7206180040292134,0.9605263157894743,-0.3765503506295849,66.0,232.0,0.0,98.0,1770.0,8.0,0.0,0.0,0.0,380.0,414.0,13080.0,0.0,0.0,0.0,0.0,34.0,0.0,0.0,0.0,0.0,0.0,0.0,0.0,0.0,0.0,0.0,0.0,0.0,0.0,0.0,1,1,0,1,1,1,0,0,0,1,1,1,0,0,0,0,1,0,0,0,0,0,0,0,0,0,0,0,0,0,0,7.0,2.8039381172767066,3.1065330087418173,8.179593721144968,2.1379310344827585,0.6283057640789171,-0.11307041239901741,-0.5369792422702862,0.0,0.0,0,0,3.413793103448276,0.6168463386206317,-0.5513305107022913,-0.6123437500000017,0.41379310344827586,0.4925123054167483,0.3500700210070027,-1.8774509803921566,14.14379310344828,5.988004349958745,3.0916045814968998,8.088421678083343,0.8620689655172413,0.8992003317520895,0.5586437632001511,-0.9001643598615905,435.3700000000001,24.5,5.680600000000005,0,6,0,0,0,0,0,0,0,0,0,0,0,0,0,0,0,0,0,1,0,0,0,0,0,0,0,0,0,0,0,0,0,0,0,0,0,0,0,0,0,0,0,0,1,0,0,0,0,0,0,0,0,0,0,0,0,0,0,0,0,0,0,0,0,0,0,0,0,0,0,0,0,0,0,0,0,1,0,0,0,0,0,0,1,0,0,1,1,1,0,0,0,0,0,1,0,0,0,1,1,0,1,0,0,1,0,0,0,1,0,0,0,1,0,1,0,1,0,0,1,0,0,1,1,0,0,1,1,1,1,1,0,0,0,0,1,0,0,1,1,0,0,0,1,1,1,1,0,1,1,0,1,1,1,1,0,1,0,1,1,0,1,1,1,1,1,1,0,0
CHEMBL220_172,33,29,-1,-1,-1,1.9047619047619047,2.2446711903605094,2.7462256417275634,6.34246642486031,0.10996378829575826,0.1349481217604601,2.036881229506909,5.750804357983746,0.1600158448597777,0.07465463574300898,-0.15517253795466263,-0.9422609198178717,6.11919191919192,3.1081681279035043,0.024448403029212362,-0.733767047434704,0.027370478983382206,0.07197400148442544,2.6432012325600667,5.470215330366562,0.7878787878787878,0.40881022918884974,-1.4083737016560922,-0.016483516483517313,1.9047619047619047,2.2446711903605094,2.7462256417275634,6.34246642486031,2.0,0.0,0,0,1.7575757575757576,1.9232280791057492,3.1064549955525287,9.16445137266542,0.0,0.0,0,0,0.0,0.0,0,0,0.047619047619047616,0.05103161378716155,2.7669054822327515,6.504818907404729,0.04761904761904763,0.06961126700083188,-1.4952812629614844,2.4815867187286953,1.0,0.0,0,0,0.7940035869657986,58.0,166.0,0.0,58.0,996.0,0.0,0.0,0.0,0.0,124.0,176.0,6000.0,0.0,0.0,0.0,0.0,0.0,0.0,0.0,0.0,0.0,0.0,0.0,0.0,0.0,0.0,0.0,0.0,0.0,0.0,0.0,1,1,0,1,1,0,0,0,0,1,1,1,0,0,0,0,0,0,0,0,0,0,0,0,0,0,0,0,0,0,0,7.4,2.2449944320643653,2.4647425643034673,5.838624338624335,2.0,0.8944271909999159,0.5590169943749473,-0.5000000000000004,0.0,0.0,0,0,3.533333333333333,0.498887651569859,-0.13363062095621148,-1.982142857142858,0.0,0.0,0,0,14.870399999999997,4.7072830635091405,2.555084488189995,6.204956998715012,0.8666666666666667,1.2578641509408803,0.8551443571287267,-1.1071518747632874,236.15999999999994,71.06,1.6247999999999998,1,2,0,0,0,0,0,0,0,0,0,0,0,0,0,0,0,0,0,0,0,1,0,0,0,0,0,0,0,0,0,1,0,0,0,0,0,0,0,0,0,0,0,0,0,0,0,0,0,0,1,0,1,0,0,0,0,0,0,1,0,0,0,0,0,0,0,0,0,0,0,0,0,0,0,0,0,0,1,0,0,0,0,0,0,0,0,0,0,0,0,1,0,0,0,1,0,0,0,0,0,1,0,0,1,0,0,0,1,0,1,1,0,0,1,0,0,0,1,0,1,0,1,0,0,1,1,0,1,1,0,0,1,0,1,0,0,0,1,1,0,0,1,1,0,1,0,0,1,1,1,1,1,0,1,1,1,0,0,1,0,1,1,0,0,0,1,1,0,1
CHEMBL220_173,37,34,-1,-1,-1,2.0,2.7129319932501073,2.992911446948591,7.423558601134214,0.11323321680930194,0.1191858449567089,1.984740678713584,5.9915169964597155,0.18286717642557038,0.08833867079849346,-0.3932457735916199,-0.9455917746198983,7.653153153153154,3.921733999793038,-0.20249865828717234,-0.7309669690638989,0.024195624195624193,0.07002423812704388,3.1426971899488856,8.555066606626653,0.8108108108108109,0.3916588309780929,-1.5871507864874157,0.5190476190476199,2.0,2.7129319932501073,2.992911446948591,7.423558601134214,2.0,0.0,0,0,1.837837837837838,2.3309146043178743,3.435839327803108,10.933689893276396,0.0,0.0,0,0,0.0,0.0,0,0,0.04000000000000001,0.04990026123693641,3.016244614100753,7.525747943456569,0.04,0.03226177272738162,3.080914766496404,10.489584772711053,1.24,0.4270831300812524,1.2175615550562024,-0.5175438596491229,-0.1097323682389874,68.0,258.0,0.0,104.0,2106.0,0.0,0.0,0.0,0.0,248.0,456.0,17040.0,0.0,0.0,0.0,0.0,0.0,0.0,0.0,0.0,0.0,0.0,0.0,0.0,0.0,0.0,0.0,0.0,0.0,0.0,12.0,1,1,0,1,1,0,0,0,0,1,1,1,0,0,0,0,0,0,0,0,0,0,0,0,0,0,0,0,0,0,1,7.0344827586206895,2.5391114196558746,2.9946889622504904,7.743121694597512,2.0689655172413794,0.5831563629409574,-0.008683608612427526,-0.09831776614993437,0.0,0.0,0,0,3.3793103448275863,0.48521542343001,0.4974683381630904,-1.7525252525252533,0.20689655172413793,0.40508069394726653,1.4471361022898728,0.09420289855072728,14.081896551724142,5.091240336274871,2.998815801476729,7.762226687839556,0.9655172413793104,0.9278361411774972,0.32739848513566466,-1.2380727084032839,436.5990000000003,67.87,4.017300000000003,0,9,0,0,0,0,0,0,0,0,0,0,0,0,0,0,0,0,0,0,0,0,0,0,0,0,0,0,0,0,0,0,0,0,0,0,0,0,0,0,0,0,0,0,0,0,0,0,0,1,0,0,0,0,0,0,0,0,0,0,0,0,0,0,0,0,0,0,0,0,0,0,0,0,0,1,0,1,0,0,0,0,0,1,0,0,0,1,1,0,1,0,0,0,1,1,0,0,0,1,1,1,1,0,0,0,0,0,1,0,0,1,1,1,0,1,0,0,0,1,1,0,0,1,1,1,0,0,1,1,1,1,0,0,1,1,0,1,1,1,1,0,1,0,1,1,0,1,1,1,1,0,0,1,1,1,1,1,1,1,1,1,1,1,1,1,1,1,0,1
CHEMBL220_174,38,34,-1,-1,-1,1.9230769230769231,2.70217970311543,3.309605657592588,9.68034143355862,0.10237095648613359,0.12584107732294073,2.4415443372588626,8.668622891652314,0.17525620978335804,0.08437217268567473,-0.331116962512995,-0.9162183517917186,7.667167919799499,3.9419885246449677,-0.13119905515876287,-0.62532790371821,0.027066540224434964,0.07926171105390716,3.140792021411191,8.513880831678858,0.8157894736842105,0.3876557858593746,-1.6292261599251139,0.6543778801843323,1.9230769230769231,2.70217970311543,3.309605657592588,9.68034143355862,2.0,0.0,0,0,1.7894736842105263,2.3300993285451215,3.7497882837667174,13.618192419825068,0.0,0.0,0,0,0.0,0.0,0,0,0.03846153846153845,0.04896056235732575,3.3051934708926485,9.675756002256696,0.038461538461538464,0.05823941417561727,4.134134557885355,16.993221218204052,1.0,0.0,0,0,-0.25819732221848835,68.0,260.0,0.0,82.0,2280.0,0.0,0.0,0.0,0.0,212.0,376.0,20304.0,0.0,0.0,0.0,0.0,0.0,0.0,0.0,0.0,0.0,0.0,0.0,0.0,0.0,0.0,0.0,0.0,0.0,0.0,0.0,1,1,0,1,1,0,0,0,0,1,1,1,0,0,0,0,0,0,0,0,0,0,0,0,0,0,0,0,0,0,0,7.130434782608695,2.070587982572288,3.3517960570885905,11.693310657596376,2.0,0.8340576562282991,0.4496092053105674,-0.48437499999999956,0.0,0.0,0,0,3.217391304347826,0.4124709991523973,1.370320319406297,-0.12222222222222445,0.2608695652173913,0.43910891036356864,1.0891622972743413,-0.81372549019608,14.270478260869568,4.150345704506881,3.362490407077979,11.752268307577403,0.6956521739130435,0.8564224175474873,1.041776567885809,0.21261558082686793,344.3490000000001,156.69,-1.255299999999998,0,6,0,0,0,0,0,0,0,0,0,0,0,0,0,0,0,0,0,0,0,0,0,0,0,0,0,0,0,0,0,0,0,0,1,1,0,0,0,1,0,0,0,0,0,1,0,0,0,0,0,0,0,1,0,0,1,1,0,0,1,1,1,1,0,0,1,0,0,1,0,1,0,0,0,1,0,0,0,1,0,1,0,1,1,0,1,0,0,0,1,0,1,1,1,1,1,1,0,0,0,0,1,0,1,0,1,0,1,0,0,0,1,1,1,0,0,0,1,1,0,0,0,0,0,1,1,0,1,0,0,1,1,1,1,1,0,1,1,0,1,0,1,0,1,0,0,0,1,0,1,0,0,1,0,1,1,1,1,1,1,1,1,1,1,1,1,1,0,0
CHEMBL220_175,37,34,-1,-1,-1,2.0869565217391304,2.796162641880613,2.774482793719823,5.994895740191328,0.1128331341442524,0.11956467231675148,1.5872746664502582,2.9424939088456012,0.16736846904764238,0.09138815853258077,-0.1580406195982256,-1.1204234995148001,6.9324324324324325,3.9645973593053054,-0.047438353155788905,-0.9547825629773494,0.018833118833118834,0.05699210554933851,3.2835677505526992,9.600417481912576,0.8108108108108109,0.3916588309780929,-1.5871507864874157,0.5190476190476199,2.0869565217391304,2.796162641880613,2.774482793719823,5.994895740191328,2.0,0.0,0,0,1.837837837837838,2.3192905895053983,3.368666917190401,10.272340357733688,0.0,0.0,0,0,0.021344484230146666,0.08258861049449019,5.274529056962623,27.521180002858163,0.04347826086956523,0.05369226976311986,2.8143793468142917,6.158452670307588,0.043478260869565195,0.017624297138072165,1.6123665526469007,1.039268860252343,1.2608695652173914,0.4391089103635685,1.0891622972743422,-0.8137254901960782,0.47487771288449093,68.0,256.0,0.0,146.0,2046.0,16.0,0.0,0.0,0.0,462.0,672.0,15960.0,0.0,0.0,0.0,0.0,58.0,0.0,0.0,0.0,0.0,0.0,0.0,0.0,0.0,0.0,0.0,0.0,0.0,0.0,12.0,1,1,0,1,1,1,0,0,0,1,1,1,0,0,0,0,1,0,0,0,0,0,0,0,0,0,0,0,0,0,1,6.333333333333333,0.6666666666666666,1.7500000000000018,1.5000000000000044,2.074074074074074,0.8131295703740797,0.27707249061265177,-0.6091579001738969,0.0,0.0,0,0,3.3703703703703702,0.4829038818668629,0.53687549219316,-1.7117647058823522,0.4444444444444444,0.4969039949999533,0.22360679774997907,-1.9500000000000002,12.67588888888889,1.329555685553507,1.749122734196488,1.4964906436720886,1.0740740740740742,1.119719737617109,0.6454731330814925,-0.9823197621247881,371.48100000000005,86.47,4.377620000000003,1,7,0,0,0,0,0,0,0,0,0,0,0,0,0,0,0,0,0,0,0,0,0,0,0,1,0,0,0,0,0,0,0,0,0,0,0,0,0,0,1,0,0,0,0,0,0,0,0,0,0,0,0,0,0,0,0,0,0,0,0,0,0,0,1,0,0,1,1,0,0,0,0,0,0,0,1,0,0,1,0,0,0,0,0,0,1,0,0,0,0,0,0,0,0,1,0,1,0,1,1,0,0,0,0,0,1,0,1,0,1,1,1,1,1,1,0,1,0,1,0,0,0,1,0,1,0,1,1,1,0,0,0,1,0,1,0,1,0,1,0,0,0,1,1,1,1,1,1,0,0,1,1,1,1,1,1,1,1,1,1,1,1,1,1,1,1,1,0,0
CHEMBL220_176,38,37,-1,-1,-1,2.1538461538461537,3.034320449740926,3.033469484084569,7.557910831940056,0.11299222058531982,0.11639822834082417,1.7394182002881122,3.7301193916881203,0.19477134012630856,0.09822692626196182,-0.30653696196230384,-0.9699639003804283,8.278947368421054,4.339111674068431,-0.19820522534139645,-0.7802512666271864,0.022562035719930457,0.06658655601304977,3.561947047027289,11.747924486935219,0.8157894736842105,0.3876557858593746,-1.6292261599251143,0.6543778801843323,2.1538461538461537,3.034320449740926,3.033469484084569,7.557910831940056,2.0,0.0,0,0,1.9473684210526316,2.605130246476754,3.531633480189284,11.423745439400244,0.0,0.0,0,0,0.025766181567061473,0.0834365513506744,4.861454551317503,24.512303552221606,0.038461538461538464,0.04955448193955023,3.068359802628428,7.7416380238581475,0.03846153846153845,0.05445995046637666,3.087674340741255,7.878566058110305,1.2692307692307692,0.4435600997950306,1.0405319634289447,-0.9172932330827055,0.5578337067964816,74.0,328.0,0.0,236.0,3102.0,32.0,0.0,0.0,0.0,868.0,1258.0,29160.0,0.0,0.0,0.0,0.0,152.0,0.0,0.0,0.0,12.0,0.0,0.0,0.0,0.0,0.0,0.0,0.0,0.0,0.0,24.0,1,1,0,1,1,1,0,0,0,1,1,1,0,0,0,0,1,0,0,0,1,0,0,0,0,0,0,0,0,0,1,6.277777777777778,0.6060395619242064,2.022899372433683,2.6943012499117343,2.1666666666666665,0.6009252125773316,-0.08533849172695764,-0.39053254437869844,0.0,0.0,0,0,3.3055555555555554,0.4606423319938055,0.8442317648177396,-1.2872727272727256,0.5,0.5,0.0,-2.0,12.565111111111113,1.2087078448992499,2.021801846399189,2.6890692937082017,0.9444444444444444,0.7797593804232332,0.44845858875638556,-0.34801205905846544,486.61600000000027,106.33999999999999,5.092000000000003,1,8,0,0,0,0,0,0,0,0,0,0,0,0,0,0,0,0,0,0,0,0,0,0,0,1,0,0,0,0,0,0,0,0,0,0,0,0,0,0,0,0,0,0,0,0,0,0,0,0,0,0,0,0,0,0,0,0,0,0,0,0,0,0,1,0,0,1,0,0,0,0,0,0,0,0,0,0,0,0,0,1,0,0,1,0,1,0,0,0,0,0,1,1,1,1,0,0,0,0,1,0,1,0,0,0,1,0,1,0,0,0,1,1,0,0,0,0,0,1,1,0,0,1,0,1,0,1,1,0,1,1,0,1,0,1,0,1,1,1,0,0,0,0,1,0,0,1,1,1,0,0,0,1,0,1,1,1,1,1,1,1,1,1,1,1,1,1,0,0
CHEMBL220_177,39,38,-1,-1,-1,2.1481481481481484,3.1705088235603993,3.23914939530291,9.263124719923344,0.10994034394649123,0.11642227627886707,2.113236407023778,6.646678302536008,0.19978140849897708,0.10116201291547997,-0.33347112257526457,-0.9367659088393743,8.676068376068377,4.547286838408845,-0.221455986071191,-0.7123733686818583,0.022139548455337926,0.06730288374880981,3.755183278818467,13.567027859469768,0.8205128205128205,0.3837597319768145,-1.6703827619526517,0.7901785714285703,2.1481481481481484,3.1705088235603993,3.23914939530291,9.263124719923344,2.0,0.0,0,0,1.9487179487179487,2.726401948927146,3.7584660389321565,13.631410353397342,0.0,0.0,0,0,0.019090901079162264,0.05723622735782272,4.363649496171539,20.482019082856382,0.03703703703703703,0.050163752185533116,3.261784881508063,9.336675905562505,0.03703703703703703,0.0452389061071023,-1.8572113142502413,3.793623304712633,1.2592592592592593,0.43822813208145306,1.0987005311470708,-0.7928571428571431,1.9119679729895542,76.0,362.0,0.0,256.0,3792.0,32.0,0.0,0.0,0.0,928.0,1532.0,40800.0,0.0,0.0,0.0,0.0,166.0,0.0,0.0,0.0,12.0,0.0,0.0,0.0,0.0,0.0,0.0,0.0,0.0,0.0,24.0,1,1,0,1,1,1,0,0,0,1,1,1,0,0,0,0,1,0,0,0,1,0,0,0,0,0,0,0,0,0,1,6.371428571428571,0.7591617288906528,1.6149146320198997,0.6898257750242776,2.2857142857142856,0.612788873986492,-0.25846600663182523,-0.6275992438563329,0.02857142857142857,0.1665986255670086,5.659453309702791,30.029411764705863,3.1714285714285713,0.3768830273792263,1.7436255002314789,1.0402298850574727,0.6285714285714286,0.4831867007225075,-0.5321811563901744,-1.7167832167832169,12.751685714285715,1.5138158365332215,1.6147276130723889,0.6892062416251736,0.6857142857142857,0.8870956969291443,1.148255961418244,0.39591690914412414,470.5010000000003,67.10000000000001,4.453300000000003,0,5,0,0,0,0,0,0,0,0,0,0,0,0,0,0,0,0,0,0,0,0,0,0,0,0,0,0,0,0,1,0,0,0,0,0,0,0,0,0,0,0,0,0,0,0,0,0,0,0,0,1,0,0,0,0,0,0,0,1,0,0,0,0,0,0,0,1,0,0,0,0,0,0,1,0,0,0,0,0,0,0,0,0,0,1,0,1,0,0,0,0,0,0,0,1,0,0,1,1,1,0,1,1,0,0,0,1,0,0,0,1,0,1,0,1,0,0,0,0,1,0,1,1,1,1,0,1,1,1,0,0,0,0,0,0,0,0,0,1,1,0,1,0,0,1,1,1,1,1,1,1,1,0,1,1,1,1,1,1,1,1,1,1,1,1,1,1,0,1
CHEMBL220_178,36,32,-1,-1,-1,2.0,2.5584085962673253,2.7360758598970003,5.708333333333332,0.11077572522311699,0.1245251640395236,1.581395500727802,2.714313219913862,0.15431140913695862,0.08285845422469258,-0.07363884355357911,-1.1168133607417745,6.349999999999999,3.6169610735266984,0.03841835631344247,-0.9355408751192158,0.021195144724556494,0.05736046031061473,3.1586317495860077,9.168599313868723,0.8055555555555556,0.3957724124659724,-1.5440972939559132,0.3842364532019724,2.0,2.5584085962673253,2.7360758598970003,5.708333333333332,2.0,0.0,0,0,1.7777777777777777,2.122774797171422,3.2888230796394398,9.665573278288612,0.0,0.0,0,0,0.005970336852689794,0.01714051047903892,2.594849107156096,4.905435550264094,0.045454545454545456,0.052672452075747514,2.7344468155038713,5.70299495474748,0.045454545454545456,0.04726611445606183,2.5895214871423025,5.221849727537537,1.1818181818181819,0.38569460791993493,1.6499158227686117,0.7222222222222232,0.3717802085926924,64.0,212.0,0.0,92.0,1500.0,8.0,0.0,0.0,0.0,342.0,360.0,10200.0,0.0,0.0,0.0,0.0,32.0,0.0,0.0,0.0,0.0,0.0,0.0,0.0,0.0,0.0,0.0,0.0,0.0,0.0,0.0,1,1,0,1,1,1,0,0,0,1,1,1,0,0,0,0,1,0,0,0,0,0,0,0,0,0,0,0,0,0,0,6.75,1.8371173070873836,3.999321215840436,17.145061728395063,2.25,0.75,0.0,-0.5185185185185186,0.0,0.0,0,0,3.40625,0.4911323014219285,0.38177085778546666,-1.854251012145749,0.375,0.4841229182759271,0.5163977794943223,-1.7333333333333334,13.51025,3.681490925902168,4.011605313151816,17.231589080092284,0.75,0.8660254037844386,0.7938566201357354,-0.4791666666666665,456.52000000000027,96.52,2.2869,2,7,0,0,0,0,0,0,0,0,0,0,0,0,0,0,0,0,1,0,0,0,0,0,1,0,0,0,0,0,0,0,0,0,1,1,0,0,0,0,0,0,0,0,0,0,0,0,0,0,0,0,0,1,0,0,0,1,0,1,1,1,1,1,1,0,1,0,0,1,0,0,0,0,1,1,0,1,0,0,0,0,0,1,0,1,0,1,1,0,1,0,0,0,1,1,1,1,1,1,0,0,1,1,1,0,0,1,1,0,1,1,1,1,1,0,0,1,0,1,1,0,1,1,1,0,1,1,1,1,1,1,1,0,0,0,0,1,1,1,1,0,1,0,1,1,1,1,1,1,1,0,1,0,1,1,1,1,1,1,1,1,1,1,1,1,1,1,0,0
CHEMBL220_179,43,44,-1,-1,-1,2.2580645161290325,3.6364440441398593,3.4548011542490262,10.166110482478071,0.1064831895704818,0.10916567359928309,1.981015767853824,5.0046421892072654,0.21143629341851913,0.10683405740019265,-0.4291631504929344,-0.9148588577927468,10.177519379844961,5.268910673594394,-0.34986254279761714,-0.6716496615035012,0.021851281635739947,0.06963309316918004,4.0613084706822615,15.149323375691434,0.8372093023255814,0.36917460154389636,-1.8268282862112646,1.337301587301587,2.2580645161290325,3.6364440441398593,3.4548011542490262,10.166110482478071,2.0,0.0,0,0,2.046511627906977,3.1619355889185097,3.991654743687756,14.6650677479625,0.0,0.0,0,0,0.049874078585112724,0.1562341596509128,5.244341186753616,28.84198152693555,0.03225806451612904,0.047362122020437214,3.4683813528911522,10.234053567263004,0.032258064516129024,0.07823038088096167,-2.942623704837276,7.93852563462122,1.3225806451612903,0.4674637660061109,0.7590721152765905,-1.4238095238095216,-0.3758794300401271,88.0,522.0,0.0,394.0,6780.0,88.0,0.0,0.0,0.0,2296.0,2730.0,87480.0,0.0,0.0,0.0,0.0,588.0,0.0,0.0,0.0,120.0,0.0,0.0,0.0,0.0,0.0,0.0,0.0,0.0,0.0,0.0,1,1,0,1,1,1,0,0,0,1,1,1,0,0,0,0,1,0,0,0,1,0,0,0,0,0,0,0,0,0,0,6.617647058823529,1.7659309473268325,4.435589314389081,20.491259904470784,2.235294117647059,0.5455069703232768,0.07523216735123586,-0.2950243374797208,0.0,0.0,0,0,3.1470588235294117,0.49303101806588856,0.30570533104324843,0.5734223224123287,0.6764705882352942,0.467822756487849,-0.7544335361543182,-1.430830039525691,13.246176470588235,3.5394386765882415,4.445879266864258,20.569200484880533,0.6176470588235294,0.7675287265117581,1.1627697511384636,0.9021845303938889,471.5380000000002,90.4,5.353780000000005,1,7,0,0,0,0,0,0,0,0,0,0,0,0,0,0,0,0,0,0,0,0,0,0,0,0,0,0,0,0,0,0,0,0,0,0,0,0,0,0,0,0,0,1,0,0,0,0,0,1,0,0,0,0,1,0,0,0,0,1,0,1,0,0,1,0,1,1,0,0,0,0,0,0,1,0,0,0,0,0,0,0,1,1,0,1,0,0,1,0,1,1,0,0,1,1,1,1,1,0,1,0,0,1,0,0,0,1,1,0,1,1,1,0,0,1,0,1,0,1,0,0,1,1,0,0,1,1,1,0,0,0,0,0,1,0,0,0,0,1,1,0,1,0,1,0,1,1,1,0,0,0,1,0,1,1,0,1,1,1,0,1,1,1,1,1,1,1,0,0
CHEMBL220_180,37,36,-1,-1,-1,2.16,2.948626799037138,2.9326340267464426,6.938368461826993,0.11420547085998331,0.11825454516709508,1.6574868171710406,3.230701266072165,0.19193644430391674,0.09691373028614401,-0.2730415946013237,-1.0021807812116403,7.948648648648649,4.1799686378595196,-0.16497042379571736,-0.818188974962955,0.022565422565422565,0.06509399377011915,3.465463084238645,10.964369404068462,0.8108108108108109,0.3916588309780929,-1.5871507864874157,0.5190476190476199,2.16,2.948626799037138,2.9326340267464426,6.938368461826993,2.0,0.0,0,0,1.945945945945946,2.5249666408922518,3.4254415021764997,10.66098042184996,0.0,0.0,0,0,0.026940546297591444,0.08475042837050138,4.731282676365913,23.288571193952833,0.03999999999999999,0.04987511544288406,2.9611938556702007,7.058832870535664,0.04,0.07115571753020754,-2.1116356286267197,3.980455561474632,1.28,0.448998886412873,0.9799578870122222,-1.0396825396825407,-0.539193401000981,72.0,304.0,0.0,226.0,2706.0,32.0,0.0,0.0,0.0,800.0,1146.0,23880.0,0.0,0.0,0.0,0.0,146.0,0.0,0.0,0.0,12.0,0.0,0.0,0.0,0.0,0.0,0.0,0.0,0.0,0.0,24.0,1,1,0,1,1,1,0,0,0,1,1,1,0,0,0,0,1,0,0,0,1,0,0,0,0,0,0,0,0,0,1,6.575757575757576,0.8886592908251625,1.4546304847566147,1.079383450513788,2.1818181818181817,0.6254474981984937,-0.15353923408463246,-0.5632810950208289,0.0,0.0,0,0,3.484848484848485,0.4997703788627467,0.06063390625908321,-1.9963235294117647,0.45454545454545453,0.49792959773196915,0.1825741858350553,-1.9666666666666663,13.22039393939394,1.9460135621844201,1.71196959516253,2.187403773582014,0.8181818181818182,0.9986216395929747,0.7348149493253571,-0.8975458624584118,463.4890000000001,90.66,2.0839,0,10,0,0,0,0,0,0,0,0,0,0,0,0,0,0,0,0,0,0,0,0,0,0,0,0,0,1,0,0,0,0,0,0,0,0,0,0,0,0,1,0,0,0,1,0,0,0,0,0,0,0,0,0,0,0,0,0,0,1,0,0,0,0,1,0,0,1,0,0,0,0,0,0,0,0,0,1,0,1,0,1,1,0,0,1,0,1,1,0,0,0,0,0,0,1,0,1,1,0,1,0,1,1,0,0,0,1,1,1,0,1,0,1,0,0,0,1,1,0,1,0,1,1,1,0,0,1,1,0,1,1,0,0,1,1,1,1,0,1,1,0,0,0,1,0,1,1,1,1,1,1,1,0,0,1,0,1,1,1,1,1,1,1,1,1,1,1,0,0
CHEMBL220_181,36,33,-1,-1,-1,2.090909090909091,2.6952667418861074,2.744955251130927,5.814961929278933,0.1128789619201509,0.12262184851651398,1.6421836066518474,3.44127092092425,0.16109019183665516,0.08756001328896096,-0.09783258327012341,-1.113466144257287,6.556481481481481,3.7470199636086483,-0.002192313620269268,-0.9477419975941523,0.01942110177404295,0.05695401107375407,3.3293942921918425,10.035751666359163,0.8055555555555556,0.3957724124659724,-1.5440972939559132,0.3842364532019724,2.090909090909091,2.6952667418861074,2.744955251130927,5.814961929278933,2.0,0.0,0,0,1.8333333333333333,2.229848026709942,3.336316419602216,10.057925782591054,0.0,0.0,0,0,0.039515728318617896,0.16467049506154316,5.5038799120977915,29.154758886783036,0.045454545454545456,0.05385135337302657,2.7583410054461672,5.807245216961798,0.04545454545454546,0.016534729283912523,0.6536911716859516,1.2726087424767023,1.3181818181818181,0.46577048936179993,0.7807200583588267,-1.3904761904761902,0.2246653786103891,66.0,234.0,0.0,120.0,1770.0,16.0,0.0,0.0,0.0,400.0,504.0,13080.0,0.0,0.0,0.0,0.0,52.0,0.0,0.0,0.0,0.0,0.0,0.0,0.0,0.0,0.0,0.0,0.0,0.0,0.0,0.0,1,1,0,1,1,1,0,0,0,1,1,1,0,0,0,0,1,0,0,0,0,0,0,0,0,0,0,0,0,0,0,6.34375,0.6427176187875979,1.6558952462716066,1.3654242744328755,2.1875,0.582961190818051,-0.05175715685423837,-0.3178755449861277,0.0,0.0,0,0,3.25,0.4330127018922193,1.1547005383792515,-0.6666666666666665,0.65625,0.47495887979908324,-0.657951694959769,-1.567099567099567,12.69675,1.281898177508651,1.6546903015655807,1.3605029623399068,0.84375,0.9051717723725149,0.817955628144447,-0.24080827251921733,433.5120000000002,96.45,3.293100000000001,0,10,0,0,0,0,0,0,0,0,0,0,0,0,0,0,0,0,0,0,0,0,0,0,0,0,0,0,0,0,0,0,0,0,0,0,0,0,0,0,1,0,0,0,0,0,0,0,0,0,0,0,0,0,0,0,0,0,0,0,0,0,0,0,1,0,0,1,0,0,0,0,0,0,0,0,0,1,0,1,0,0,1,0,1,1,1,1,1,0,0,0,0,0,0,1,0,1,1,1,1,0,1,1,0,0,1,1,0,0,0,1,0,1,0,1,0,1,1,0,1,0,1,1,1,0,0,1,1,1,1,1,0,1,1,1,0,1,0,1,1,0,0,0,1,1,0,1,1,1,1,1,0,1,1,1,0,1,1,1,1,1,1,1,1,1,1,1,0,0
CHEMBL220_182,43,41,-1,-1,-1,2.1379310344827585,3.5108122444718424,3.7101672847960483,12.776424108573538,0.10096519824517548,0.11428841890935755,2.5761510072836513,10.328289168852628,0.18993024380647555,0.10493207070281117,-0.2942470093563029,-1.0492024355610603,9.086046511627906,5.154957888273969,-0.2038121080587967,-0.7825140342720256,0.018691083920805988,0.06379643845809606,4.32840288691819,18.650163984637008,0.8372093023255814,0.36917460154389636,-1.8268282862112646,1.337301587301587,2.1379310344827585,3.5108122444718424,3.7101672847960483,12.776424108573538,2.0,0.0,0,0,1.9069767441860466,2.963451424993563,4.401303323374081,19.32068855045878,0.0,0.0,0,0,0.03530560199962845,0.15152756054337746,5.995630658343297,35.20975022288515,0.03448275862068966,0.05193151873496359,3.704055730103693,12.65690973548928,0.034482758620689655,0.06019376283109011,4.352335357889701,18.487288531214357,1.2758620689655173,0.44694763437295587,1.0029717747535964,-0.9940476190476208,0.16359527134143156,82.0,452.0,0.0,234.0,5946.0,32.0,0.0,0.0,0.0,1084.0,1630.0,81480.0,0.0,0.0,0.0,0.0,182.0,0.0,0.0,0.0,12.0,0.0,0.0,0.0,0.0,0.0,0.0,0.0,0.0,0.0,0.0,1,1,0,1,1,1,0,0,0,1,1,1,0,0,0,0,1,0,0,0,1,0,0,0,0,0,0,0,0,0,0,7.0,2.404949850575638,3.334244822970312,10.41649925757708,2.1621621621621623,0.6372878985163025,-0.15331472559862838,-0.6149785207804972,0.0,0.23249527748763857,0.0,15.499999999999996,3.3783783783783785,0.48498266067368545,0.5015503913178168,-1.748447204968945,0.43243243243243246,0.4954135886438747,0.2727723627949901,-1.9255952380952384,14.076324324324327,5.003510756939945,3.348331521396537,10.569176828161291,0.7297297297297297,0.8589323557876054,0.8045285352090854,-0.5057484560337207,548.0400000000002,111.67,3.7501000000000024,0,10,0,0,0,0,0,0,0,0,0,0,0,0,0,0,0,0,0,0,0,0,0,0,0,0,0,0,0,0,0,0,0,0,0,0,0,0,1,0,1,0,1,0,1,0,0,0,0,0,0,1,0,1,0,0,0,0,0,0,0,0,0,1,0,0,0,1,0,1,0,0,0,0,1,0,0,1,0,1,0,0,1,0,0,0,0,1,1,1,1,0,0,1,1,1,0,1,0,1,1,1,1,1,1,1,0,1,0,1,0,1,1,1,0,1,0,1,1,1,1,0,1,1,1,0,1,1,1,1,1,1,0,1,1,1,1,1,0,1,1,0,1,0,1,1,1,1,1,1,1,0,1,1,1,1,1,1,1,1,1,1,1,1,1,1,1,1,0,0
CHEMBL220_183,39,38,-1,-1,-1,2.1481481481481484,3.147058634999704,3.086060693308976,8.024695559426341,0.10937380463886819,0.11695467711829372,1.8332167081866926,4.175354271133752,0.20132850392770815,0.10213824335431321,-0.34837028931742,-0.9836853596221928,8.67948717948718,4.568820787001693,-0.21124273532241813,-0.7734441938354273,0.021847758689863956,0.064388873796617,3.454657635245946,10.924359688247145,0.8205128205128205,0.3837597319768145,-1.6703827619526517,0.7901785714285703,2.1481481481481484,3.147058634999704,3.086060693308976,8.024695559426341,2.0,0.0,0,0,1.9487179487179487,2.707527189992676,3.588785568642004,11.99517736532005,0.0,0.0,0,0,0.016758241758241754,0.042047694941301866,2.327223818826432,3.80154600269488,0.03703703703703702,0.04929545140634201,3.101979138823696,8.116541329630245,0.03703703703703704,0.10173294287903156,3.2587654476848393,9.013284874901435,1.2222222222222223,0.41573970964154905,1.336306209562121,-0.21428571428571663,1.1640813741620186,76.0,358.0,0.0,294.0,3588.0,48.0,0.0,0.0,0.0,1192.0,1746.0,36048.0,0.0,0.0,0.0,0.0,276.0,0.0,0.0,0.0,48.0,0.0,0.0,0.0,0.0,0.0,0.0,0.0,0.0,0.0,0.0,1,1,0,1,1,1,0,0,0,1,1,1,0,0,0,0,1,0,0,0,1,0,0,0,0,0,0,0,0,0,0,6.703703703703703,1.9591157267315842,3.964180361275851,15.81877410649188,2.1481481481481484,0.7554102983100421,0.2632953400833546,-0.2541373890532532,0.037037037037037035,0.18885257457751053,4.902903378454604,22.038461538461547,3.5185185185185186,0.4996569467863719,-0.07412493166611059,-1.9945054945054943,0.3333333333333333,0.4714045207910317,0.7071067811865477,-1.4999999999999998,13.418555555555557,3.9268825948301855,3.9729609078207644,15.877623292972526,1.1111111111111112,1.1331154474650633,0.39223227027636776,-1.3468934911242607,392.54100000000017,44.760000000000005,3.9943000000000035,2,7,0,0,0,0,0,0,0,0,0,0,0,0,0,0,0,0,0,0,0,1,0,0,0,0,0,0,0,0,0,0,1,0,0,0,0,0,1,0,0,0,0,0,0,0,0,0,0,0,0,1,0,0,0,0,0,0,0,0,0,0,0,0,0,0,0,0,0,0,0,0,0,0,1,0,0,1,0,0,0,0,0,1,0,1,0,1,1,0,1,0,0,0,0,1,0,1,1,0,0,0,1,1,0,0,0,1,0,0,1,1,0,1,1,1,0,1,1,0,1,0,1,1,1,0,0,1,1,1,1,1,0,0,1,0,0,0,0,1,1,0,1,1,0,1,1,0,1,1,1,1,1,0,1,1,1,1,0,1,1,1,1,1,1,1,1,1,0,1
CHEMBL220_184,36,35,-1,-1,-1,2.1666666666666665,2.8674417556808756,2.854547169626522,6.5334984477720965,0.11527545373334736,0.1203717057466108,1.6507278297532917,3.2942557318197734,0.19063178448778265,0.09600010747593739,-0.2821278104742662,-1.0632949352442211,7.67037037037037,4.033647277173967,-0.16069394574375315,-0.86575145987974,0.022128851540616248,0.0612851131281855,3.482710148948676,11.139782691203406,0.8055555555555556,0.39577241246597245,-1.5440972939559132,0.3842364532019702,2.1666666666666665,2.8674417556808756,2.854547169626522,6.5334984477720965,2.0,0.0,0,0,1.9444444444444444,2.4488596489482433,3.3441445517605644,10.174729666837866,0.0,0.0,0,0,0.012626746179377759,0.032233476136892446,2.2682832990779738,3.376265396169985,0.041666666666666664,0.050441710608616575,2.8734588282061684,6.610371936333669,0.041666666666666664,0.0291567574991655,2.3743429501194058,4.873758113484394,1.3333333333333333,0.4714045207910317,0.7071067811865479,-1.4999999999999998,0.27381512342617265,70.0,282.0,0.0,196.0,2376.0,24.0,0.0,0.0,0.0,712.0,934.0,19920.0,0.0,0.0,0.0,0.0,114.0,0.0,0.0,0.0,12.0,0.0,0.0,0.0,0.0,0.0,0.0,0.0,0.0,0.0,36.0,1,1,0,1,1,1,0,0,0,1,1,1,0,0,0,0,1,0,0,0,1,0,0,0,0,0,0,0,0,0,1,6.486486486486487,0.8580815062912185,1.1968874978625523,-0.5674603174603194,2.2162162162162162,1.0170209579582044,0.32891821696725343,-1.0266745666953943,0.0,0.0,0,0,3.4324324324324325,0.4954135886438747,0.2727723627949901,-1.9255952380952388,0.32432432432432434,0.4681218398834804,0.7505553499465133,-1.436666666666667,12.981054054054056,1.7110145235446905,1.1968874978625486,-0.5674603174603248,0.8648648648648649,1.118931975377538,0.9621418854189543,-0.5711512984563947,512.5550000000003,135.66,3.150600000000002,4,3,0,0,0,0,0,0,0,0,0,0,0,0,0,0,0,0,0,0,0,0,0,0,0,0,0,0,0,0,0,0,0,0,0,0,0,0,0,0,0,0,0,0,0,0,0,0,0,0,0,0,0,0,0,1,0,0,0,1,0,0,0,0,1,0,0,0,1,0,0,0,0,0,1,0,1,0,0,0,0,0,0,0,0,0,0,0,0,0,0,1,1,1,0,1,0,0,0,0,1,1,0,1,0,0,1,1,0,0,1,0,0,0,1,1,0,1,1,0,1,0,1,0,0,1,0,1,1,1,1,1,0,1,1,0,0,0,1,1,0,1,1,1,0,1,1,1,1,1,0,1,1,0,1,0,1,0,0,1,0,1,1,0,1,1,1,1,0,1
CHEMBL220_185,38,36,-1,-1,-1,2.1666666666666665,3.023059524536176,2.917124945434303,6.9248251586737,0.10708474711610784,0.1218550220908578,1.7284756331487217,3.562378937517691,0.17525529155534028,0.09794903902421082,-0.16133728553655416,-1.2131473816995024,7.385964912280702,4.292163616800825,-0.04714131496469195,-0.9931035713217429,0.018294610399873557,0.05310492881834678,3.5065006683396156,11.378142198823125,0.8157894736842105,0.3876557858593746,-1.6292261599251139,0.6543778801843323,2.1666666666666665,3.023059524536176,2.917124945434303,6.9248251586737,2.0,0.0,0,0,1.894736842105263,2.510917987763487,3.5502524541102556,11.6942528593623,0.0,0.0,0,0,0.020813852627934958,0.049772702970991595,2.099138491387497,2.6422069486545547,0.041666666666666664,0.052828383802782465,2.9371632750186762,7.030831620876048,0.04166666666666668,0.2567013724307899,2.991084598654534,7.324780227057712,1.25,0.4330127018922193,1.1547005383792515,-0.6666666666666665,0.8108549198843675,72.0,304.0,0.0,224.0,2772.0,48.0,0.0,0.0,0.0,992.0,1156.0,25200.0,0.0,0.0,0.0,0.0,246.0,0.0,0.0,0.0,48.0,0.0,0.0,0.0,0.0,0.0,0.0,0.0,0.0,0.0,0.0,1,1,0,1,1,1,0,0,0,1,1,1,0,0,0,0,1,0,0,0,1,0,0,0,0,0,0,0,0,0,0,6.291666666666667,0.5384519993050035,1.6857298921911297,1.9102154971494087,2.25,0.7216878364870323,-0.4156921938165305,-1.0080000000000002,0.0,0.0,0,0,3.375,0.4841229182759271,0.5163977794943223,-1.7333333333333334,0.5416666666666666,0.4982608642958916,-0.1672484020014179,-1.9720279720279725,12.592999999999998,1.07422157863264,1.6840008500684822,1.901118797482865,0.9583333333333334,1.0984521938720055,0.6482852105201184,-1.049995341856012,325.4160000000001,80.06,2.664040000000001,0,2,0,0,0,0,0,0,0,0,0,0,0,0,0,0,0,0,0,0,0,0,0,0,0,0,0,0,0,0,0,0,0,0,0,0,0,0,0,0,1,0,0,0,0,0,0,0,0,0,0,0,0,0,1,0,0,0,0,0,0,0,0,0,1,0,0,1,0,0,0,1,0,0,0,0,0,1,0,1,0,1,1,0,0,1,1,1,1,0,0,0,1,0,0,1,1,0,1,0,1,0,1,1,0,0,1,1,0,0,0,0,0,1,0,1,0,0,0,0,1,0,1,1,1,0,1,1,1,1,1,1,0,1,0,1,0,1,0,1,1,0,0,1,1,1,0,1,0,1,1,1,0,1,1,1,0,0,1,1,1,0,1,1,1,1,1,1,0,0
CHEMBL220_186,37,35,-1,-1,-1,2.08,2.8272955275315668,2.9451429291564457,7.040957185283856,0.11525454974123198,0.11723231547219784,1.7104326546918707,3.769450172487053,0.18776336555744724,0.09268649357974235,-0.34210523753763167,-0.984866439681348,7.818018018018019,4.0548128419026375,-0.1967327573374156,-0.7939769067159563,0.023251823251823255,0.0655139708679108,3.351929281531672,10.240233216150502,0.8108108108108109,0.3916588309780929,-1.5871507864874157,0.5190476190476199,2.08,2.8272955275315668,2.9451429291564457,7.040957185283856,2.0,0.0,0,0,1.8918918918918919,2.4249133033684274,3.4129434570371973,10.626835353574323,0.0,0.0,0,0,0.00424029799029799,0.012701095925477076,2.883884655937642,6.889092681674885,0.039999999999999994,0.049875579532810965,2.9657395160809177,7.127147049135335,0.04,0.023702757697267915,2.229114013023644,4.640462975065108,1.28,0.448998886412873,0.9799578870122222,-1.0396825396825402,-0.26120467706096373,70.0,280.0,0.0,152.0,2376.0,8.0,0.0,0.0,0.0,494.0,712.0,19920.0,0.0,0.0,0.0,0.0,38.0,0.0,0.0,0.0,0.0,0.0,0.0,0.0,0.0,0.0,0.0,0.0,0.0,0.0,24.0,1,1,0,1,1,1,0,0,0,1,1,1,0,0,0,0,1,0,0,0,0,0,0,0,0,0,0,0,0,0,1,6.25,0.6123724356957945,2.2453655975512463,3.416666666666667,2.3125,0.6343057228182637,-0.3730858431884217,-0.6912998397586954,0.0,0.0,0,0,3.1875,0.3903123748998999,1.6012815380508714,0.5641025641025643,0.6875,0.46351240544347894,-0.8090398349558905,-1.3454545454545455,12.509625,1.2212238162495035,2.2446748224286557,3.4132821729540392,0.75,0.82915619758885,0.8223036670302644,-0.18181818181818166,424.5000000000003,77.60000000000001,5.695900000000004,1,2,0,0,0,0,0,0,0,0,0,0,0,0,0,0,0,0,0,0,0,0,0,0,0,0,0,0,0,0,0,0,0,0,0,0,0,0,0,0,0,0,0,0,0,0,0,0,0,0,0,0,0,0,0,0,0,0,0,1,0,0,0,0,1,0,0,1,0,0,0,0,0,0,1,0,0,0,0,0,0,0,1,0,0,0,1,0,0,0,0,0,1,1,1,1,0,0,0,1,1,0,0,1,0,0,0,1,0,0,0,0,1,1,0,1,0,0,0,1,1,0,1,1,0,0,0,1,1,1,1,1,0,1,0,1,0,1,0,1,0,1,0,0,1,1,1,1,1,1,0,0,1,1,1,0,0,0,1,1,1,1,1,1,1,1,1,1,0,1
CHEMBL220_187,38,38,-1,-1,-1,2.230769230769231,3.226187227001657,3.1250362885794862,8.556669330893403,0.11169466978614968,0.11764391278365056,1.9405018853437492,5.338224245300614,0.20511671077003177,0.10528671474213414,-0.32855378973437616,-1.01046056403187,8.574561403508772,4.543719939598442,-0.2071986546627749,-0.7759087384104135,0.020586375849533746,0.06305866743802403,3.7367765756774074,13.256478591440764,0.8157894736842105,0.3876557858593746,-1.6292261599251143,0.6543778801843323,2.230769230769231,3.226187227001657,3.1250362885794862,8.556669330893403,2.0,0.0,0,0,2.0,2.7625312572654126,3.662308382105058,12.92565992865636,0.0,0.0,0,0,0.02836067235622462,0.06655231419324383,2.9430701747683465,9.397419911906846,0.03846153846153847,0.051052614217672806,3.1578342520247094,8.710399260447335,0.038461538461538464,0.018107865627024825,0.9523257832853362,0.7352163718586682,1.3076923076923077,0.4615384615384615,0.8333333333333337,-1.305555555555555,0.8728834774775394,76.0,366.0,0.0,324.0,3804.0,56.0,0.0,0.0,0.0,1206.0,1964.0,40824.0,0.0,0.0,0.0,0.0,306.0,0.0,0.0,0.0,48.0,0.0,0.0,0.0,0.0,0.0,0.0,0.0,0.0,0.0,36.0,1,1,0,1,1,1,0,0,0,1,1,1,0,0,0,0,1,0,0,0,1,0,0,0,0,0,0,0,0,0,1,6.419354838709677,0.7940989435542692,1.424995413315624,0.10771819756233159,2.193548387096774,0.6435463659116131,-0.20327263750928948,-0.6733794601146443,0.0,0.0,0,0,3.3225806451612905,0.4674637660061109,0.7590721152765888,-1.4238095238095243,0.3870967741935484,0.487086092598113,0.4635863249727651,-1.7850877192982466,12.847258064516135,1.5834805063681294,1.4248111843567188,0.10717923260967233,0.8709677419354839,1.0392905608765814,0.7766812232231635,-0.7715315134707699,425.48100000000017,66.46000000000001,3.803200000000003,0,8,0,0,0,0,0,0,0,0,0,0,0,0,0,0,0,0,0,0,0,0,0,0,0,0,0,0,0,0,0,0,0,0,0,0,0,0,0,0,0,0,0,0,0,0,0,0,0,0,0,0,0,0,0,0,0,0,0,1,0,0,0,0,0,0,0,0,0,0,0,0,0,0,1,0,0,1,1,0,0,0,0,0,0,1,0,1,1,0,0,1,0,0,0,1,0,1,1,0,0,1,1,1,0,0,0,1,0,0,0,1,0,1,0,1,0,0,0,0,1,0,1,1,1,0,0,1,1,1,1,1,0,0,1,0,0,0,0,1,1,0,1,1,0,1,1,1,1,1,1,1,1,0,1,1,1,1,0,1,1,1,1,1,1,1,1,1,0,1
CHEMBL220_188,34,33,-1,-1,-1,2.1818181818181817,2.6048270512535274,2.5318190403873038,5.143888873228789,0.119497123240773,0.12301301655947582,1.500436312356937,2.795070730741892,0.18491798929126957,0.09260706910644924,-0.20194309001962915,-1.002709497698119,7.0,3.6762908452793788,-0.08794082656149488,-0.8783643213727057,0.02178030303030303,0.059697540873331824,3.0743289106339367,8.36334511156191,0.7941176470588235,0.40434491426080943,-1.4547859349066157,0.11640211640211495,2.1818181818181817,2.6048270512535274,2.5318190403873038,5.143888873228789,2.0,0.0,0,0,1.9411764705882353,2.2220972667675416,2.985204339210391,8.27026281116656,0.0,0.0,0,0,0.01934628105862854,0.04884584233725882,3.3719590879418275,12.171469611258159,0.04545454545454545,0.05013533309263783,2.616908771585107,5.515882325889374,0.04545454545454497,17.24644517777182,2.3285809084283873,4.464453390549121,1.3181818181818181,0.46577048936179993,0.780720058358827,-1.39047619047619,1.8399517802514782,66.0,230.0,0.0,200.0,1584.0,24.0,0.0,0.0,0.0,482.0,860.0,11088.0,0.0,0.0,0.0,0.0,80.0,0.0,0.0,0.0,0.0,0.0,0.0,0.0,0.0,0.0,0.0,0.0,0.0,0.0,48.0,1,1,0,1,1,1,0,0,0,1,1,1,0,0,0,0,1,0,0,0,0,0,0,0,0,0,0,0,0,0,1,6.25,0.6123724356957945,2.2453655975512463,3.416666666666667,2.125,0.4841229182759271,0.30983866769659335,0.8266666666666667,0.0,0.0,0,0,3.40625,0.4911323014219285,0.38177085778546666,-1.854251012145749,0.375,0.4841229182759271,0.5163977794943223,-1.7333333333333334,12.509625,1.2212238162495035,2.244674822428656,3.41328217295404,1.125,0.8569568250501305,0.055863188233236216,-1.0746944318696243,436.5960000000005,50.800000000000004,5.772200000000006,0,12,0,0,0,0,0,0,0,0,0,0,0,0,0,0,0,0,0,0,0,0,0,0,0,0,0,0,0,0,0,0,0,0,0,0,0,0,0,0,0,0,0,0,0,0,0,0,0,0,0,0,0,0,0,0,0,0,0,0,0,0,0,0,0,0,0,0,0,0,0,0,0,0,1,0,0,1,0,0,0,0,0,0,0,0,0,1,1,0,0,0,0,0,1,1,0,0,0,0,1,1,1,0,0,0,0,0,0,0,0,1,1,1,0,1,0,0,0,1,1,0,0,1,1,0,0,1,1,1,1,1,0,0,1,1,0,1,0,1,1,0,0,0,1,1,1,1,1,1,1,0,1,1,1,1,1,1,1,1,1,1,1,1,1,1,1,1,0,1
CHEMBL220_189,38,35,-1,-1,-1,2.0,2.7735009811261455,3.082746340521711,7.777000000000001,0.11175087815464906,0.11759052132442048,1.7638719041032207,3.9375376763548013,0.17925640141200958,0.08806451105624659,-0.27432253927434014,-0.9421285509992199,7.801378446115287,4.045303540532605,-0.1409424869430417,-0.7379662614755391,0.026197249881460407,0.07227158236743889,3.2992856874084384,10.089948972638584,0.8157894736842105,0.3876557858593746,-1.6292261599251139,0.6543778801843323,2.0,2.7735009811261455,3.082746340521711,7.777000000000001,2.0,0.0,0,0,1.8421052631578947,2.3899605346826793,3.529588027168483,11.352408978316245,0.0,0.0,0,0,0.004361388384754991,0.013021033807359405,2.790120758308128,6.186554560040721,0.038461538461538464,0.04813472211976776,3.074358486673121,7.734145655538184,0.03846153846153844,0.18994848587877738,3.187665000082145,8.530200955776914,1.1538461538461537,0.36080121229411,1.9188064472004944,1.6818181818181834,0.9926158945703308,70.0,276.0,0.0,128.0,2370.0,8.0,0.0,0.0,0.0,466.0,600.0,19920.0,0.0,0.0,0.0,0.0,38.0,0.0,0.0,0.0,0.0,0.0,0.0,0.0,0.0,0.0,0.0,0.0,0.0,0.0,0.0,1,1,0,1,1,1,0,0,0,1,1,1,0,0,0,0,1,0,0,0,0,0,0,0,0,0,0,0,0,0,0,6.4,0.7634508123364221,1.4947609618697526,0.38696655132640956,2.1714285714285713,0.6540298938434055,-0.1915812902869329,-0.7176737952333778,0.0,0.0,0,0,3.2285714285714286,0.4199125273342591,1.2927862531355656,-0.3287037037037046,0.45714285714285713,0.4981598792617913,0.1720618004029216,-1.9703947368421049,12.808714285714288,1.5224108056712193,1.4944103251272138,0.38586406039515486,0.8,0.9797958971132714,0.9550093937636793,-0.27083333333333437,476.52900000000034,95.98,4.334500000000004,0,8,0,0,0,0,0,0,0,0,0,0,0,0,0,0,0,0,0,0,0,0,0,0,0,0,0,0,0,0,0,0,0,0,0,0,0,0,0,0,0,0,0,0,0,0,0,0,0,0,0,0,0,0,0,0,0,0,0,0,0,0,0,0,0,0,0,1,0,0,0,0,0,0,1,0,0,0,0,0,0,0,1,0,0,0,0,0,0,0,0,1,1,1,1,1,0,1,0,0,1,1,0,1,0,0,1,1,0,0,0,1,1,1,0,1,0,0,0,1,1,0,0,1,0,1,0,1,1,1,1,1,0,0,1,1,0,1,1,1,0,0,1,1,1,1,1,1,1,1,0,1,1,1,1,1,1,1,1,1,1,1,1,1,1,1,1,1,0,0
CHEMBL220_190,38,36,-1,-1,-1,2.076923076923077,2.9210519301611577,3.0720968389095957,7.8835326571009166,0.10994345997301509,0.11928212390314925,1.841749097056656,4.443306906080291,0.1861322090782836,0.09358285160203458,-0.2425654461043151,-0.9775614559526336,8.021052631578948,4.2080379159999355,-0.14279095370026418,-0.7700753969123184,0.024695748379958905,0.06905484918355792,3.5269980547019335,12.084844181066083,0.8157894736842105,0.3876557858593746,-1.6292261599251139,0.6543778801843323,2.076923076923077,2.9210519301611577,3.0720968389095957,7.8835326571009166,2.0,0.0,0,0,1.894736842105263,2.510917987763487,3.5502524541102547,11.694252859362294,0.0,0.0,0,0,0.012203755001538934,0.032223054815168094,2.362680698767805,3.7698767891167444,0.03846153846153848,0.04883438728849451,3.0596396564025543,7.809679315653822,0.03846153846153846,0.01801024587705399,0.06354062215248478,-0.03358696330238242,1.1923076923076923,0.39411349099844606,1.5614401167176535,0.4380952380952392,-1.2296515802321573,72.0,304.0,0.0,184.0,2772.0,24.0,0.0,0.0,0.0,744.0,956.0,25200.0,0.0,0.0,0.0,0.0,120.0,0.0,0.0,0.0,12.0,0.0,0.0,0.0,0.0,0.0,0.0,0.0,0.0,0.0,0.0,1,1,0,1,1,1,0,0,0,1,1,1,0,0,0,0,1,0,0,0,1,0,0,0,0,0,0,0,0,0,0,6.826086956521739,2.277530583253703,3.8582711137870644,14.334804694472556,2.1739130434782608,0.6360321234055563,-0.16482726090875005,-0.6171281334614389,0.0,0.0,0,0,3.0869565217391304,0.2817713347133853,2.9317636492797448,6.595238095238091,0.7391304347826086,0.43910891036356864,-1.0891622972743413,-0.8137254901960809,13.723956521739133,4.835200490229784,3.926681072192548,14.750809356019797,0.5652173913043478,0.7117698062497783,1.5781739416474954,3.2212630875473405,328.75500000000005,68.38000000000001,4.274600000000003,0,4,0,0,0,0,0,0,0,0,0,0,0,0,0,0,0,0,0,0,0,0,0,0,0,0,0,0,0,0,0,0,0,0,0,0,0,0,0,0,0,0,0,0,0,0,0,0,0,0,0,0,0,0,1,0,0,0,0,1,0,0,0,0,1,0,0,1,0,0,0,0,0,0,1,0,0,0,0,0,0,0,1,0,0,1,0,0,0,1,0,0,0,0,1,1,1,1,1,0,0,1,0,0,0,1,0,0,0,1,0,0,1,0,0,1,0,0,0,1,0,0,1,1,0,0,1,1,1,1,0,0,0,0,0,0,1,0,0,1,0,1,0,0,1,1,1,1,1,0,0,0,1,0,1,0,0,0,1,1,0,1,1,1,1,1,1,1,0,1
CHEMBL220_191,37,35,-1,-1,-1,2.08,2.8554509276119595,3.0530881833004355,7.938137370030725,0.11332994771828242,0.119093870443438,1.9533524852129793,5.549669676174933,0.188746506138652,0.09432979840417272,-0.2741843708824257,-0.9212524855694348,7.825225225225226,4.085726677937615,-0.1528351599338831,-0.7279455063098053,0.023166023166023165,0.06856275810280604,3.4340907085483146,11.157175869759907,0.8108108108108109,0.3916588309780929,-1.5871507864874157,0.5190476190476199,2.08,2.8554509276119595,3.0530881833004355,7.938137370030725,2.0,0.0,0,0,1.8918918918918919,2.447102906900583,3.5335878116499497,11.81664361457442,0.0,0.0,0,0,0.02131973740234066,0.08288847918837043,5.229965473229029,27.10369686180464,0.04,0.05039899049854764,3.1130378593765986,8.318278127400426,0.04,0.017373373687231772,0.20380715577471406,0.030513792771464043,1.24,0.4270831300812524,1.2175615550562027,-0.5175438596491229,-1.4422350195145088,70.0,284.0,0.0,174.0,2502.0,16.0,0.0,0.0,0.0,500.0,860.0,22320.0,0.0,0.0,0.0,0.0,58.0,0.0,0.0,0.0,0.0,0.0,0.0,0.0,0.0,0.0,0.0,0.0,0.0,0.0,12.0,1,1,0,1,1,1,0,0,0,1,1,1,0,0,0,0,1,0,0,0,0,0,0,0,0,0,0,0,0,0,1,6.409090909090909,0.6508100483307434,1.3287210504884652,0.5070791195716806,2.090909090909091,0.7329325225725953,-0.1431170014490863,-1.1313609467455616,0.0,0.0,0,0,3.3181818181818183,0.46577048936179993,0.7807200583588255,-1.3904761904761915,0.5,0.5,0.0,-2.0,12.82718181818182,1.2981281501511615,1.3272699663845682,0.5018093815931257,0.9545454545454546,1.0214638661020108,0.858618433677309,-0.39563964317223954,303.366,95.06,1.5877999999999997,1,6,0,0,0,0,0,0,0,0,0,0,0,0,0,0,0,0,0,0,0,0,0,0,0,0,0,0,0,0,0,0,0,0,0,0,0,0,0,0,0,0,0,0,0,0,0,0,0,0,0,0,0,0,1,0,1,0,0,0,0,0,0,0,1,0,0,1,0,0,0,0,0,0,0,0,1,1,0,1,0,1,1,0,0,1,1,0,0,0,0,0,1,0,1,1,1,1,1,1,0,0,0,0,0,0,1,0,0,0,0,0,1,1,0,1,0,1,0,1,0,0,1,1,1,0,1,1,1,1,0,0,0,1,0,1,0,1,0,1,0,0,0,1,1,1,1,0,0,0,1,1,1,1,1,0,1,1,1,1,1,1,1,1,1,1,1,1,0,0
CHEMBL220_192,37,33,-1,-1,-1,1.92,2.56,3.007255554199218,7.312846422195435,0.11320835066604336,0.11920946424886399,1.7604151797177374,4.227984359934517,0.17141802783227492,0.08188642070607104,-0.3041303741618606,-0.9232083532716837,7.309523809523808,3.7389126814447056,-0.11884121276216458,-0.6977082854521495,0.02737022737022737,0.07813931626703288,3.0196473873310303,7.602293875287781,0.8108108108108109,0.3916588309780929,-1.5871507864874157,0.5190476190476199,1.92,2.56,3.007255554199218,7.312846422195435,2.0,0.0,0,0,1.7837837837837838,2.2072991339562607,3.4110845652125947,10.536538012852656,0.0,0.0,0,0,0.0,0.0,0,0,0.04000000000000001,0.04827990337784155,3.0013766481671142,7.300559252236701,0.039999999999999994,0.10524161486320435,3.3698217699214865,10.072732724632372,1.0,0.0,0,0,-2.0264670455231077,66.0,232.0,0.0,78.0,1770.0,0.0,0.0,0.0,0.0,202.0,324.0,13080.0,0.0,0.0,0.0,0.0,0.0,0.0,0.0,0.0,0.0,0.0,0.0,0.0,0.0,0.0,0.0,0.0,0.0,0.0,0.0,1,1,0,1,1,0,0,0,0,1,1,1,0,0,0,0,0,0,0,0,0,0,0,0,0,0,0,0,0,0,0,6.363636363636363,0.6428243465332251,1.5443212101114212,1.0664000000000025,2.121212121212121,0.5907148087763008,-0.03617923662616016,-0.23825484764542937,0.0,0.0,0,0,3.272727272727273,0.4453617714151233,1.020620726159656,-0.9583333333333357,0.5151515151515151,0.4997703788627467,-0.060633906259083194,-1.9963235294117647,12.736454545454544,1.2821519101343484,1.5430039809852185,1.0611841485894624,0.9696969696969697,0.9369469596206246,0.5023207522876353,-0.8572722816477296,452.5590000000003,116.32000000000001,3.7908200000000027,0,12,0,0,0,0,0,0,0,0,0,0,0,0,0,0,0,0,0,0,0,0,0,0,0,0,0,0,0,0,0,0,0,0,0,0,0,0,0,1,1,0,0,0,0,1,0,0,0,0,0,0,0,0,0,0,0,0,0,0,0,0,0,0,0,0,0,1,0,0,0,0,0,0,1,0,0,1,0,1,0,1,1,0,1,1,1,1,0,0,0,0,1,1,0,1,0,0,1,1,1,0,1,0,0,0,1,0,1,0,1,1,1,1,0,1,0,0,1,1,1,0,1,1,1,0,0,1,1,1,0,1,0,1,1,1,0,1,0,1,1,0,0,0,1,1,1,1,1,1,1,1,1,1,1,1,1,1,1,1,1,1,1,1,1,1,1,1,0,0
CHEMBL220_193,40,37,-1,-1,-1,2.076923076923077,3.074999398662567,3.149904224389033,8.432614453924726,0.10515374323080424,0.11807916956241729,1.9734456879396867,5.383413547901474,0.17708746043717705,0.09749620084408489,-0.22566158219305835,-1.1212261075403742,7.8875,4.513811751477656,-0.10943784949774397,-0.9115879148228268,0.01923076923076923,0.05846897721280468,3.5748096520142414,12.035938972286894,0.825,0.3799671038392666,-1.7106744068953987,0.9264069264069255,2.076923076923077,3.074999398662567,3.149904224389033,8.432614453924726,2.0,0.0,0,0,1.85,2.5743931323712,3.770750206864434,13.459344395209829,0.0,0.0,0,0,0.009406500555568877,0.025891233308483787,2.5673938247291215,4.998291755052425,0.038461538461538464,0.05191521290427357,3.1702799154992762,8.553467333498473,0.038461538461538464,0.057496791424798785,-2.2694856538675294,5.244238089976195,1.1923076923076923,0.39411349099844606,1.5614401167176535,0.4380952380952392,0.2073163360493771,74.0,328.0,0.0,188.0,3240.0,24.0,0.0,0.0,0.0,822.0,1032.0,32064.0,0.0,0.0,0.0,0.0,130.0,0.0,0.0,0.0,12.0,0.0,0.0,0.0,0.0,0.0,0.0,0.0,0.0,0.0,0.0,1,1,0,1,1,1,0,0,0,1,1,1,0,0,0,0,1,0,0,0,1,0,0,0,0,0,0,0,0,0,0,7.21875,3.0795126948106577,2.6831647210760354,5.444906452644542,2.1875,0.6817945071647321,-0.2542105075792519,-0.8658993008968294,0.0,0.0,0,0,3.21875,0.6487668591258342,-0.24877644343673547,-0.7135512836386542,0.46875,0.4990224819584785,0.1252448582170299,-1.9843137254901961,14.539375,6.453091128240405,2.7107220752816445,5.61276758341846,0.65625,0.955555303213791,1.1615862413353084,0.01474448797506378,486.42800000000034,64.42,4.825880000000004,0,4,0,0,0,0,0,0,0,0,0,0,0,0,0,0,0,0,0,1,0,0,0,0,0,0,0,0,0,0,0,0,0,0,0,0,0,0,1,0,0,0,0,1,0,0,0,0,0,0,0,0,0,0,0,0,0,0,0,0,0,0,0,0,0,0,0,1,0,0,0,0,0,0,0,0,0,1,0,0,0,1,1,1,0,1,0,1,1,1,1,0,0,0,0,1,0,0,1,1,1,0,1,1,0,1,0,1,0,1,0,0,0,1,0,1,0,1,1,0,1,0,1,1,1,0,0,1,1,1,1,1,0,0,0,1,1,1,0,1,1,0,0,0,1,1,1,1,0,1,1,1,1,1,1,1,0,1,1,1,1,0,1,1,1,1,1,1,0,0
CHEMBL220_194,37,35,-1,-1,-1,2.1739130434782608,2.958439275861565,2.892889329111261,6.943274167440261,0.10770876958094852,0.12420083728536278,1.7428797286229274,3.784769439464614,0.1731081200473528,0.09713926698463203,-0.12373235021370986,-1.2206492860073062,7.090090090090091,4.140112610100867,-0.008202782300916362,-0.9887121346958785,0.017975117975117975,0.05152909504292324,3.522780444376892,11.730506503179479,0.8108108108108109,0.3916588309780929,-1.5871507864874157,0.5190476190476199,2.1739130434782608,2.958439275861565,2.892889329111261,6.943274167440261,2.0,0.0,0,0,1.8918918918918919,2.4471029069005836,3.5335878116499475,11.816643614574412,0.0,0.0,0,0,0.022652108017961678,0.05345274282250144,2.066878948793157,2.504421499730932,0.04347826086956523,0.05376767229812418,2.9219767258933853,7.11640178629478,0.04347826086956523,0.043033745018829624,2.7583979624093384,6.929481328740314,1.2608695652173914,0.43910891036356847,1.0891622972743424,-0.8137254901960773,-1.2827337316269825,70.0,284.0,0.0,214.0,2502.0,48.0,0.0,0.0,0.0,894.0,1064.0,22320.0,0.0,0.0,0.0,0.0,234.0,0.0,0.0,0.0,48.0,0.0,0.0,0.0,0.0,0.0,0.0,0.0,0.0,0.0,0.0,1,1,0,1,1,1,0,0,0,1,1,1,0,0,0,0,1,0,0,0,1,0,0,0,0,0,0,0,0,0,0,6.916666666666667,2.5207472437090286,3.5278086875605053,11.239638090119143,2.1666666666666665,0.6871842709362768,-0.22826882356360692,-0.8927335640138416,0.0,0.0,0,0,3.3333333333333335,0.5773502691896257,-0.19245008972987598,-0.666666666666667,0.4444444444444444,0.4969039949999533,0.22360679774997905,-1.9500000000000002,13.922888888888886,5.362150666051087,3.568345060616209,11.453190651679364,0.8055555555555556,1.02250901773922,0.863186349309404,-0.6558374749799145,530.4560000000004,82.88,5.190380000000005,0,9,0,0,0,0,0,0,0,0,0,0,0,0,0,0,0,0,0,0,0,0,0,0,0,0,0,0,0,0,0,0,0,0,0,0,0,0,0,0,0,0,0,1,0,0,0,0,0,0,0,0,0,0,0,0,0,0,0,0,0,0,0,0,0,0,0,1,0,0,0,0,0,0,1,0,0,1,0,0,0,1,1,0,0,0,0,1,1,1,0,0,0,0,0,1,0,0,0,1,1,0,1,1,0,1,0,1,0,1,0,1,0,1,0,1,0,1,1,0,1,0,1,1,1,0,0,1,1,1,1,1,0,0,1,1,1,1,0,1,1,0,0,1,1,1,1,1,1,1,1,1,1,1,1,1,0,1,1,1,1,1,1,1,1,1,1,1,0,0
CHEMBL220_195,36,35,-1,-1,-1,2.272727272727273,3.002753557257044,2.799114019493356,6.417971890671204,0.11094208401950617,0.12437697444135962,1.6813552769854696,3.6260931560303984,0.17518603596971719,0.09916575436895592,-0.10760181833036166,-1.246309425270925,6.953703703703703,4.0779180098335175,-0.010418231407767802,-1.0208340328559387,0.016713352007469658,0.04988159987395992,3.6988835722553,12.767713438751535,0.8055555555555556,0.39577241246597245,-1.5440972939559132,0.3842364532019702,2.272727272727273,3.002753557257044,2.799114019493356,6.417971890671204,2.0,0.0,0,0,1.9444444444444444,2.4714418243928025,3.46431128577913,11.338831862908187,0.0,0.0,0,0,0.040135327635327636,0.09538717114547535,3.315504939661976,12.356715253451386,0.04545454545454548,0.05516350093167886,2.8321068934310105,6.537940347910357,0.04545454545454544,0.4953440452225701,-2.6455227786467255,5.85200508026432,1.3636363636363635,0.4810456929208346,0.5669467095138417,-1.678571428571427,-0.44793202349020445,70.0,286.0,0.0,240.0,2502.0,56.0,0.0,0.0,0.0,924.0,1196.0,22320.0,0.0,0.0,0.0,0.0,258.0,0.0,0.0,0.0,48.0,0.0,0.0,0.0,0.0,0.0,0.0,0.0,0.0,0.0,36.0,1,1,0,1,1,1,0,0,0,1,1,1,0,0,0,0,1,0,0,0,1,0,0,0,0,0,0,0,0,0,1,6.27027027027027,0.5994884598059145,2.0683421741578547,2.890491770771365,2.27027027027027,0.6429933650470443,0.29140993358779116,0.1622008016082117,0.0,0.0,0,0,3.5135135135135136,0.49981735159207913,-0.05407380704358797,-1.9970760233918128,0.40540540540540543,0.4909703276914852,0.3853373177942257,-1.851515151515153,12.550135135135138,1.1956433112280778,2.0672379937319634,2.88511525854459,1.0810810810810811,1.0234646610141347,0.29125469126366405,-1.2825609962477327,504.6750000000004,63.00000000000001,5.572720000000007,2,9,0,0,0,0,0,0,0,0,0,0,0,1,0,0,0,0,0,0,0,0,0,0,0,0,0,0,0,0,0,0,0,0,0,0,0,0,0,0,0,0,0,0,0,0,0,0,0,0,0,0,0,0,0,0,0,0,0,1,0,0,0,0,1,0,0,1,1,0,0,0,0,0,1,0,0,1,0,0,0,0,1,0,0,1,0,1,1,0,0,0,1,1,0,1,0,1,1,1,1,0,1,1,0,0,1,1,0,0,1,1,0,1,1,1,0,1,1,0,1,0,1,1,1,0,0,1,1,1,1,1,0,0,1,1,0,1,0,1,1,0,0,1,1,1,1,1,1,1,1,1,1,1,1,1,0,1,1,1,1,1,1,1,1,1,1,1,0,0
CHEMBL220_196,36,34,-1,-1,-1,2.0833333333333335,2.7373446176094736,2.8379541250328733,6.400236720747682,0.11322882930337513,0.1222988552373444,1.6176744684572462,2.8376546797406403,0.1849081537614654,0.09298451514531159,-0.21289312464104057,-1.0184353748445276,7.451851851851853,3.9271918818435094,-0.0898017408489069,-0.8400736143703638,0.023529411764705885,0.06326471764902969,3.196081618893022,9.216312739218703,0.8055555555555556,0.39577241246597245,-1.5440972939559128,0.38423645320197064,2.0833333333333335,2.7373446176094736,2.8379541250328733,6.400236720747682,2.0,0.0,0,0,1.8888888888888888,2.3425742935897795,3.297188709210543,9.815539508630033,0.0,0.0,0,0,0.01158703029270405,0.030279442841346753,2.459675348523056,4.591373462651492,0.04166666666666666,0.049436078967288064,2.8476357259696936,6.4421783692684205,0.04166666666666666,0.025145518770940338,0.18073775145035667,0.16856331470630526,1.2083333333333333,0.40611643103370687,1.4363696929192162,0.06315789473684186,0.9032866504939056,68.0,258.0,0.0,184.0,2046.0,24.0,0.0,0.0,0.0,644.0,852.0,15960.0,0.0,0.0,0.0,0.0,112.0,0.0,0.0,0.0,12.0,0.0,0.0,0.0,0.0,0.0,0.0,0.0,0.0,0.0,0.0,1,1,0,1,1,1,0,0,0,1,1,1,0,0,0,0,1,0,0,0,1,0,0,0,0,0,0,0,0,0,0,7.193548387096774,5.114302240672623,5.174732695517763,25.191151257464913,2.193548387096774,0.6435463659116131,-0.2032726375092895,-0.6733794601146443,0.0,0.0,0,0,3.2580645161290325,0.4375696763306625,1.105814671161727,-0.7771739130434807,0.5806451612903226,0.49345350131543086,-0.3268602252303067,-1.8931623931623938,14.71580645161291,11.965467243264502,5.20701372934549,25.420245808012833,0.8064516129032258,0.8198880662670216,0.7213559555896845,-0.22915488502717407,481.39000000000016,61.800000000000004,4.651600000000004,0,6,0,0,0,0,0,0,0,0,0,0,0,0,0,0,0,0,0,0,0,0,0,0,0,0,0,0,0,0,0,0,0,0,0,0,0,0,0,0,0,0,0,0,0,0,0,0,1,0,0,0,0,0,0,0,0,0,0,0,0,0,0,0,0,0,0,0,0,0,0,0,0,0,1,0,0,1,0,0,0,0,0,0,1,0,0,1,1,1,0,0,0,1,1,1,0,0,0,0,1,0,1,1,0,0,0,1,0,1,0,0,1,1,0,1,0,0,0,1,1,0,0,1,1,0,0,1,1,1,1,1,0,1,0,0,1,0,0,1,1,1,0,0,1,1,1,1,1,1,1,0,1,1,1,1,1,1,1,1,1,1,1,1,1,1,1,1,0,0
CHEMBL220_197,38,37,-1,-1,-1,2.1481481481481484,3.1588054904030214,3.276330485500827,9.445034117242301,0.11250802651671461,0.11686630584988328,2.1550378285513814,6.979465881680479,0.20566696496711942,0.10177861232090869,-0.37335360029868975,-0.7996421278085135,8.756140350877194,4.483086181560174,-0.27971361696634944,-0.5703287937017358,0.024656235182550973,0.07419160238904195,3.8146950397528947,14.130037502981665,0.8157894736842105,0.3876557858593746,-1.6292261599251139,0.6543778801843323,2.1481481481481484,3.1588054904030214,3.276330485500827,9.445034117242301,2.0,0.0,0,0,1.9473684210526316,2.7524856557879755,3.74982913627976,13.437624403009263,0.0,0.0,0,0,0.02736183457599066,0.08389854606805733,4.742224118330877,23.567333823922702,0.037037037037037035,0.0497951470808745,3.2686404736704624,9.301092246118865,0.037037037037037035,0.026835649888210113,-0.7980840488917481,0.2543696983204695,1.2962962962962963,0.4566232594791835,0.8922178162191936,-1.2039473684210527,-0.3331700630649054,74.0,358.0,0.0,234.0,3786.0,32.0,0.0,0.0,0.0,902.0,1392.0,40800.0,0.0,0.0,0.0,0.0,160.0,0.0,0.0,0.0,12.0,0.0,0.0,0.0,0.0,0.0,0.0,0.0,0.0,0.0,0.0,1,1,0,1,1,1,0,0,0,1,1,1,0,0,0,0,1,0,0,0,1,0,0,0,0,0,0,0,0,0,0,7.241379310344827,5.282731610626909,4.992443489432429,23.29067645848375,2.206896551724138,0.6632891055748739,-0.25712748599604485,-0.7783053323593858,0.034482758620689655,0.18246560765962697,5.1025203856245644,24.035714285714274,3.1724137931034484,0.377739694831149,1.7344547654330251,1.008333333333332,0.6206896551724138,0.48521542343000995,-0.49746833816309105,-1.7525252525252524,14.833517241379313,12.359729370490752,5.022064941116423,23.49349862325087,0.7241379310344828,0.866883109653554,1.1986228575824853,0.8387678256689659,451.3400000000001,39.410000000000004,4.624500000000004,0,5,0,0,0,0,0,0,0,0,0,0,0,0,0,0,0,0,0,0,0,0,0,0,0,0,0,0,0,0,0,0,0,0,0,0,0,0,0,0,0,0,0,0,0,0,0,0,1,0,0,1,1,0,0,0,0,0,0,0,0,0,0,0,0,0,0,1,0,0,0,0,0,0,1,0,0,1,1,0,0,0,0,0,0,0,0,1,0,1,0,0,0,0,0,1,0,0,1,0,1,1,1,1,0,0,0,1,0,1,0,0,0,0,0,1,0,0,0,0,0,0,0,1,1,0,0,1,1,1,0,0,0,0,0,0,1,0,0,1,0,0,0,0,0,1,1,1,1,0,1,1,1,0,1,1,1,1,0,1,1,1,1,1,1,1,1,1,0,1
CHEMBL220_198,37,35,-1,-1,-1,2.08,2.8554509276119595,2.867538745059975,6.659315552691307,0.11619472859299664,0.11630052482352295,1.6700617993070621,3.4076025862064094,0.19131534974908843,0.09539226983983085,-0.30906392638806346,-0.9164951791086202,7.882882882882884,4.1064321597196365,-0.17653216288346435,-0.7568836771761278,0.022479622479622485,0.06773568924760129,3.198141462238401,9.003030686230689,0.8108108108108109,0.3916588309780929,-1.5871507864874157,0.5190476190476199,2.08,2.8554509276119595,2.867538745059975,6.659315552691307,2.0,0.0,0,0,1.8918918918918919,2.4471029069005836,3.3343988202038903,10.153486908933157,0.0,0.0,0,0,0.015662319296040225,0.05642220487581929,4.905422393433697,24.303655857265827,0.04000000000000001,0.05060501340315851,2.921762707410816,6.945964822058151,0.039999999999999994,0.017640366936717316,1.5469424315274694,1.482816106741467,1.24,0.4270831300812524,1.2175615550562024,-0.5175438596491229,2.7551614037577883,70.0,284.0,0.0,196.0,2394.0,16.0,0.0,0.0,0.0,512.0,1022.0,19944.0,0.0,0.0,0.0,0.0,64.0,0.0,0.0,0.0,0.0,0.0,0.0,0.0,0.0,0.0,0.0,0.0,0.0,0.0,12.0,1,1,0,1,1,1,0,0,0,1,1,1,0,0,0,0,1,0,0,0,0,0,0,0,0,0,0,0,0,0,1,6.59375,1.085684547877513,1.4435720582427938,0.34777111423352736,2.1875,0.8076779989575054,0.0027802032306615695,-0.8320843343253612,0.0,0.0,0,0,3.5,0.5,0.0,-2.0,0.375,0.4841229182759271,0.5163977794943223,-1.7333333333333334,13.320625,2.450034180246268,1.5639999916324376,0.7995420741492727,0.78125,0.9916644782889019,0.8327232082005561,-0.7176674894408457,451.46000000000015,38.77,4.870500000000004,1,6,0,0,0,0,0,0,0,0,0,0,0,0,0,0,0,0,0,0,0,0,0,0,0,0,0,0,0,0,0,0,0,0,0,0,0,0,0,0,0,0,0,0,1,0,0,0,0,0,0,0,0,0,0,0,0,0,0,0,0,0,0,0,0,0,0,0,1,0,0,0,0,0,1,0,0,1,0,0,0,0,0,0,0,0,0,1,1,1,0,0,0,0,0,1,0,0,1,0,1,0,1,1,0,0,0,1,0,1,0,0,0,1,1,1,0,0,0,0,1,0,0,1,1,0,0,1,1,1,1,1,0,0,0,0,1,0,0,1,1,0,0,0,0,1,1,1,1,1,1,1,1,0,1,1,1,1,0,1,1,1,1,1,1,1,1,1,0,1
CHEMBL220_199,34,34,-1,-1,-1,2.272727272727273,2.733326614249619,2.4508649812174808,4.667395156237765,0.11890992556154882,0.12358071981028947,1.3692919851739596,1.7189344525243904,0.18920133508315426,0.09651960454485312,-0.17488035127145107,-1.0622568879394563,7.127450980392156,3.790265055213626,-0.07532115958752324,-0.9245755632001353,0.02100044563279857,0.05780145610002398,3.1754425713233223,9.049883759297495,0.7941176470588235,0.40434491426080943,-1.4547859349066157,0.11640211640211495,2.272727272727273,2.733326614249619,2.4508649812174808,4.667395156237765,2.0,0.0,0,0,2.0,2.326319992151199,2.9296130430457965,7.825850661625708,0.0,0.0,0,0,0.03640891300164468,0.09549073705060339,3.6053947843294525,13.836792528673037,0.04545454545454544,0.050510458411681364,2.556513952673026,5.135585239070451,0.04545454545454543,0.23650438185738593,2.3275626911987444,3.9662521903222574,1.3181818181818181,0.46577048936179993,0.7807200583588267,-1.3904761904761902,0.6381494881347191,68.0,252.0,0.0,270.0,1806.0,56.0,0.0,0.0,0.0,750.0,1224.0,13104.0,0.0,0.0,0.0,0.0,206.0,0.0,0.0,0.0,36.0,0.0,0.0,0.0,0.0,0.0,0.0,0.0,0.0,0.0,72.0,1,1,0,1,1,1,0,0,0,1,1,1,0,0,0,0,1,0,0,0,1,0,0,0,0,0,0,0,0,0,1,6.25,0.6338656910463875,2.261257161540297,3.315555555555555,2.2142857142857144,0.6185895741317419,-0.17551448183364676,-0.5642666666666671,0.0,0.0,0,0,3.642857142857143,0.47915742374995496,-0.5962847939999435,-1.6444444444444455,0.21428571428571427,0.410325903324145,1.392621247645582,-0.06060606060606144,12.509571428571432,1.2640127550376856,2.2608714296988004,3.313729637053073,1.25,0.9865162369237952,-0.06974780229071526,-1.320259237437926,385.54800000000034,38.77,4.7412000000000045,1,6,0,0,0,0,0,0,0,0,0,0,0,0,0,0,0,0,0,0,0,0,0,0,0,0,0,0,0,0,0,0,0,0,0,0,0,0,0,0,0,0,0,0,0,0,0,0,0,0,0,0,0,0,0,0,0,0,0,0,0,0,0,0,0,0,0,0,0,0,0,0,0,0,1,0,0,1,0,0,0,0,0,0,0,0,0,1,1,0,0,0,0,0,0,1,0,0,1,0,1,0,1,1,0,0,0,1,0,0,0,0,0,1,0,1,0,0,0,0,1,0,0,1,1,0,0,0,1,1,1,1,0,0,0,0,0,0,0,1,1,0,0,0,0,1,1,1,1,1,1,1,1,0,1,1,1,1,0,1,1,1,1,1,1,1,1,1,0,1
CHEMBL220_200,39,38,-1,-1,-1,2.1481481481481484,3.0392945539153544,3.0804682456293158,8.249585527132307,0.11210351205980143,0.11434084233065446,1.9741726410620992,5.769985326673991,0.19783269190202735,0.09847076889061651,-0.38936591275780175,-0.8772497311034573,8.602564102564104,4.457717688081156,-0.25775564006935153,-0.7064389395738635,0.022285443338074917,0.0680990652803753,3.4371704312949776,10.893769640039741,0.8205128205128205,0.3837597319768145,-1.6703827619526517,0.7901785714285703,2.1481481481481484,3.0392945539153544,3.0804682456293158,8.249585527132307,2.0,0.0,0,0,1.9487179487179487,2.620909197780643,3.568004402940275,12.179427644585383,0.0,0.0,0,0,0.014689014689014691,0.043558900039600376,4.227664818484642,19.176524908934535,0.037037037037037035,0.04848765490497705,3.1508509904905115,8.619053038598814,0.03703703703703704,0.11150048676531686,3.3905317977688334,10.830571536035542,1.2592592592592593,0.43822813208145306,1.098700531147071,-0.7928571428571427,-1.8017371220801786,76.0,340.0,0.0,250.0,3264.0,24.0,0.0,0.0,0.0,722.0,1390.0,32088.0,0.0,0.0,0.0,0.0,100.0,0.0,0.0,0.0,0.0,0.0,0.0,0.0,0.0,0.0,0.0,0.0,0.0,0.0,48.0,1,1,0,1,1,1,0,0,0,1,1,1,0,0,0,0,1,0,0,0,0,0,0,0,0,0,0,0,0,0,1,6.34375,0.6896273903348097,1.7156171098911877,1.2837849803304815,2.1875,0.7261843774138906,-0.3021883302226034,-1.0696296296296297,0.03125,0.17399263633843817,5.388159060803248,27.032258064516128,3.21875,0.41339864235384227,1.360672102833218,-0.14857142857142858,0.5625,0.49607837082461076,-0.25197631533948484,-1.9365079365079365,12.696625,1.3752955534629643,1.7149108836866838,1.2810964809067666,0.8125,0.982264602843857,0.9752931630065971,-0.19259453523250647,432.5000000000002,95.39000000000001,2.4396200000000006,1,7,0,0,0,0,0,0,0,0,0,0,0,0,0,0,0,0,0,0,0,0,0,0,0,0,0,0,0,0,0,0,0,0,0,0,0,0,0,0,0,0,0,0,0,0,0,0,0,0,0,1,0,0,0,0,0,0,0,0,0,0,0,0,0,0,0,1,0,0,0,0,0,0,1,0,0,1,0,0,0,1,1,0,0,0,1,1,0,0,0,0,0,1,1,1,0,0,1,1,1,0,1,1,0,0,0,1,0,0,1,0,1,1,0,1,0,0,0,1,0,0,1,1,1,0,0,1,1,1,0,0,0,0,0,0,0,0,1,1,0,0,1,1,1,1,1,1,1,0,1,1,1,1,1,1,1,1,1,1,1,1,1,1,1,1,1,1,0,1
CHEMBL220_201,38,38,-1,-1,-1,2.230769230769231,3.0672926211349054,2.8686010706394605,6.825710217159136,0.11371103775134223,0.115696107830804,1.6254420596700003,3.0515271283974963,0.19914281684876647,0.10086695388091142,-0.3216125359014576,-0.9572371829961002,8.403508771929825,4.413128602566274,-0.21439552209793214,-0.7980564613325996,0.021613718982140036,0.0647049742447029,3.446798560153912,10.871401817732625,0.8157894736842105,0.3876557858593746,-1.6292261599251139,0.6543778801843323,2.230769230769231,3.0672926211349054,2.8686010706394605,6.825710217159136,2.0,0.0,0,0,2.0,2.635786110641877,3.3628056266970225,10.504132231404958,0.0,0.0,0,0,0.029024382401611717,0.08708219835178228,4.31961782111324,19.81130076964702,0.03846153846153847,0.04892046150974273,2.9551788737539577,7.2545370356960746,0.038461538461538464,0.09504479906582938,-2.100228148298904,3.8962579727713713,1.2692307692307692,0.4435600997950306,1.0405319634289447,-0.917293233082705,-0.6130544658554262,76.0,340.0,0.0,322.0,3132.0,56.0,0.0,0.0,0.0,1042.0,1774.0,29184.0,0.0,0.0,0.0,0.0,246.0,0.0,0.0,0.0,36.0,0.0,0.0,0.0,0.0,0.0,0.0,0.0,0.0,0.0,72.0,1,1,0,1,1,1,0,0,0,1,1,1,0,0,0,0,1,0,0,0,1,0,0,0,0,0,0,0,0,0,1,6.28125,0.6724198372296879,2.0639247940688206,2.40240893039572,2.1875,0.6817945071647321,-0.2542105075792519,-0.8658993008968294,0.03125,0.17399263633843817,5.388159060803248,27.032258064516128,3.25,0.4330127018922193,1.1547005383792515,-0.6666666666666665,0.5625,0.49607837082461076,-0.25197631533948484,-1.9365079365079365,12.571874999999999,1.3408720052171277,2.063636256041765,2.40117502719323,0.875,0.960143218483576,0.8870498680388338,-0.21315713875323183,430.5240000000002,56.480000000000004,4.230000000000004,1,7,0,0,0,0,0,0,0,0,0,0,0,0,0,0,0,0,0,0,0,0,0,0,0,0,0,0,0,0,0,0,0,0,0,0,0,0,0,0,0,0,0,0,0,0,0,0,0,0,0,1,0,0,0,0,0,0,0,0,0,0,0,0,0,0,0,1,0,0,0,0,0,0,1,0,0,1,0,0,0,0,0,0,0,0,0,1,0,0,0,0,0,0,0,1,0,0,0,1,1,0,1,1,0,0,0,1,0,0,1,0,0,0,0,1,0,0,0,0,1,0,0,1,1,0,0,1,1,1,0,1,0,0,0,0,0,0,1,1,0,0,1,1,0,1,1,1,1,1,1,1,1,0,1,1,1,1,0,1,1,1,1,1,1,1,1,1,0,1
CHEMBL220_202,35,34,-1,-1,-1,2.1739130434782608,2.69705433378623,2.5410379310252824,5.105242186453209,0.11621575432080114,0.1227408938336191,1.4981558007567384,2.2271455924174015,0.18777172965275046,0.09556817876143868,-0.1710705222103674,-1.0140483516880405,7.2857142857142865,3.864689853584514,-0.0714501702564191,-0.8898023353330102,0.02215431627196333,0.05923855879477915,3.0594058046043653,8.380669517470789,0.8,0.4,-1.5,0.24999999999999956,2.1739130434782608,2.69705433378623,2.5410379310252824,5.105242186453209,2.0,0.0,0,0,1.9428571428571428,2.3045651234372317,2.9970014192799037,8.214884668875259,0.0,0.0,0,0,0.019775297094752262,0.05066201758294154,3.077872956194668,9.944381562919423,0.04347826086956523,0.049450657203006045,2.604537282085617,5.3737205527294964,0.043478260869565216,0.03067985627947332,0.43972066299378515,0.4662781418512809,1.2608695652173914,0.43910891036356847,1.0891622972743424,-0.8137254901960773,-0.10003493654940063,68.0,250.0,0.0,248.0,1806.0,40.0,0.0,0.0,0.0,708.0,1150.0,13104.0,0.0,0.0,0.0,0.0,164.0,0.0,0.0,0.0,24.0,0.0,0.0,0.0,0.0,0.0,0.0,0.0,0.0,0.0,24.0,1,1,0,1,1,1,0,0,0,1,1,1,0,0,0,0,1,0,0,0,1,0,0,0,0,0,0,0,0,0,1,6.325,0.7545694136393285,2.177512754695501,3.4370428028691844,2.3,0.7483314773547882,0.164652015106762,-0.2681760204081627,0.0,0.0,0,0,3.225,0.41758232721225164,1.317105548196349,-0.2652329749103961,0.6,0.4898979485566356,-0.408248290463863,-1.833333333333333,12.684275,1.598990368756173,2.396640488149558,4.973229706214536,0.675,0.7545694136393285,1.3138394925364896,2.048958876808758,534.5870000000001,76.66,5.544000000000005,4,4,0,0,0,0,0,0,0,0,0,0,0,0,0,0,0,0,0,0,0,0,0,0,0,0,0,0,0,0,0,0,0,0,0,0,0,0,0,0,0,0,0,0,1,0,0,0,0,0,0,0,0,0,0,1,1,0,0,0,0,0,0,0,1,0,0,0,1,0,0,0,0,0,1,0,0,0,0,0,0,1,1,0,0,1,0,0,0,1,0,0,1,1,1,1,0,1,1,1,0,0,0,1,0,0,0,1,0,1,0,0,1,0,1,1,0,0,0,1,0,0,1,1,0,0,0,1,1,1,0,0,0,1,0,0,1,1,1,1,0,0,1,0,1,1,1,1,1,0,0,1,1,1,1,0,1,0,1,1,1,1,1,1,1,1,1,1,0,1
CHEMBL220_203,36,36,-1,-1,-1,2.25,2.9047375096555625,2.668692722176831,5.750013717421124,0.11576353195303664,0.11990238716362593,1.520178035430018,2.547489083853537,0.19430072604011736,0.09894859670181982,-0.2490686545107431,-1.0167692039873395,7.75925925925926,4.1076269854142256,-0.14492521747485412,-0.8672576303509696,0.021381886087768438,0.06145640956652032,3.2952179044847663,9.758346427003898,0.8055555555555556,0.39577241246597245,-1.5440972939559128,0.38423645320197064,2.25,2.9047375096555625,2.668692722176831,5.750013717421124,2.0,0.0,0,0,2.0,2.48327740429189,3.1562473947902765,9.188458728999269,0.0,0.0,0,0,0.03175258813631129,0.08991680004642047,4.071522916547732,17.70334063791001,0.041666666666666664,0.04963373987287543,2.741405380335996,6.023363013820687,0.041666666666666664,0.029563376692584097,2.2189293491190925,4.123083128282093,1.2916666666666667,0.45452967144315476,0.9166984970282107,-1.159663865546219,0.634725598170195,72.0,294.0,0.0,298.0,2406.0,56.0,0.0,0.0,0.0,894.0,1506.0,19944.0,0.0,0.0,0.0,0.0,230.0,0.0,0.0,0.0,36.0,0.0,0.0,0.0,0.0,0.0,0.0,0.0,0.0,0.0,72.0,1,1,0,1,1,1,0,0,0,1,1,1,0,0,0,0,1,0,0,0,1,0,0,0,0,0,0,0,0,0,1,6.666666666666667,1.9148542155126762,4.420517445178022,20.655647382920108,2.2777777777777777,0.8370288429621868,0.009941230217797276,-0.7434648450387162,0.0,0.0,0,0,3.3055555555555554,0.4606423319938055,0.8442317648177394,-1.2872727272727256,0.5,0.5,0.0,-2.0,13.410250000000003,4.080596772634284,4.446992389200979,20.77833550507234,0.6666666666666666,0.9128709291752768,1.3632205875684138,0.9733333333333358,506.9610000000002,67.87,4.798300000000004,3,3,0,0,0,0,0,0,0,0,0,0,0,0,0,0,0,0,0,0,0,0,0,0,0,0,0,0,0,0,0,0,0,0,0,0,0,0,0,0,0,0,0,0,1,0,0,0,0,0,0,0,0,0,0,0,0,0,0,0,0,0,0,0,1,0,0,0,1,0,0,0,0,0,1,0,0,1,0,0,0,1,1,0,0,1,0,1,1,1,0,0,0,1,1,1,0,1,1,1,0,0,1,1,0,1,0,1,0,1,1,0,1,0,1,1,0,1,0,1,0,0,1,1,1,0,0,1,1,1,1,1,0,0,0,0,1,1,1,1,0,0,1,1,1,1,1,1,1,0,1,1,1,1,1,1,1,0,1,1,1,1,1,1,1,1,1,1,0,1
CHEMBL220_204,36,36,-1,-1,-1,2.25,2.93328598446634,2.77478064692654,6.5756966388968685,0.11484700957581787,0.12078055377116707,1.6663566270252632,3.655322917458955,0.19540504036278353,0.09988874905073296,-0.24356790352547916,-1.0132916387303388,7.787037037037038,4.132706253042539,-0.13745795809282008,-0.842894826552985,0.021195144724556487,0.06147679260146817,3.393987484726673,10.670839886975948,0.8055555555555556,0.39577241246597245,-1.5440972939559128,0.38423645320197064,2.25,2.93328598446634,2.77478064692654,6.5756966388968685,2.0,0.0,0,0,2.0,2.5055493963954847,3.2741481109135453,10.294541467616884,0.0,0.0,0,0,0.03135914224990766,0.08924819273320786,4.140658586043775,18.32638290017215,0.041666666666666664,0.050102432401882877,2.8434436882125684,6.834434043060465,0.041666666666666664,0.018867969920411898,0.8922652726545556,0.17607776715986345,1.2916666666666667,0.45452967144315476,0.9166984970282107,-1.1596638655462195,0.01863001255865139,72.0,298.0,0.0,300.0,2532.0,56.0,0.0,0.0,0.0,886.0,1552.0,22344.0,0.0,0.0,0.0,0.0,234.0,0.0,0.0,0.0,36.0,0.0,0.0,0.0,0.0,0.0,0.0,0.0,0.0,0.0,72.0,1,1,0,1,1,1,0,0,0,1,1,1,0,0,0,0,1,0,0,0,1,0,0,0,0,0,0,0,0,0,1,6.371428571428571,0.7959079015533783,1.9551406968956262,2.4626421511318988,2.2857142857142856,0.8131571126147261,0.07157418572397621,-0.5891632373113849,0.0,0.0,0,0,3.2857142857142856,0.45175395145262565,0.9486832980505149,-1.099999999999999,0.5142857142857142,0.4997958767010257,-0.057166195047502644,-1.9967320261437904,12.780457142857145,1.6876063072183831,2.167708121719287,3.8265735570450587,0.7142857142857143,0.9124982527240749,1.2708669436728033,0.7961361014994219,472.5160000000002,67.87,4.1449000000000025,3,3,0,0,0,0,0,0,0,0,0,0,0,0,0,0,0,0,0,0,0,0,0,0,0,0,0,0,0,0,0,0,0,0,0,0,0,0,0,0,0,0,0,0,1,0,0,0,0,0,0,0,0,0,0,0,0,0,0,0,0,0,0,0,1,0,0,0,1,0,0,0,0,0,1,0,0,1,0,0,0,1,1,0,0,1,0,1,1,1,0,0,0,1,1,1,0,1,1,1,0,0,1,1,0,0,0,1,0,1,1,0,1,0,1,1,0,1,0,1,0,0,1,1,1,0,0,1,1,1,1,1,0,0,0,0,1,1,1,1,0,0,1,1,1,1,1,1,1,0,1,1,1,1,1,1,1,0,1,1,1,1,1,1,1,1,1,1,0,1
CHEMBL220_205,38,38,-1,-1,-1,2.230769230769231,3.092269421883351,2.9599431639778433,7.58093033158514,0.11316792397470293,0.1162274083722943,1.757215996977766,4.094497743756993,0.2000981111548764,0.10164967657815457,-0.317046806691419,-0.9546264666139725,8.429824561403509,4.4346508362436765,-0.20910287892179413,-0.7759591689403811,0.021455666192508296,0.06479210076979004,3.5569272588406977,11.95798951377136,0.8157894736842105,0.3876557858593746,-1.6292261599251139,0.6543778801843323,2.230769230769231,3.092269421883351,2.9599431639778433,7.58093033158514,2.0,0.0,0,0,2.0,2.6556791182195503,3.464835971403954,11.509244820672757,0.0,0.0,0,0,0.02962057452189031,0.08809213737282337,4.210976471100244,18.80740367550065,0.03846153846153847,0.04946414975858846,3.0773722727281907,8.27185861917735,0.03846153846153846,0.09482333874777468,3.057187456628069,8.220318344203843,1.2692307692307692,0.4435600997950306,1.0405319634289447,-0.917293233082705,0.8446270644889914,76.0,344.0,0.0,320.0,3270.0,56.0,0.0,0.0,0.0,1026.0,1778.0,32088.0,0.0,0.0,0.0,0.0,242.0,0.0,0.0,0.0,36.0,0.0,0.0,0.0,0.0,0.0,0.0,0.0,0.0,0.0,72.0,1,1,0,1,1,1,0,0,0,1,1,1,0,0,0,0,1,0,0,0,1,0,0,0,0,0,0,0,0,0,1,6.684210526315789,1.8511058310598918,4.574277761708768,22.43469316134363,2.263157894736842,0.8486587103472157,-0.012880530130417634,-0.8306508875739644,0.0,0.22941573387056177,0.0,16.000000000000004,3.263157894736842,0.44034738238635557,1.0757057484009542,-0.842857142857143,0.47368421052631576,0.4993069989739547,0.10540925533894632,-1.9888888888888894,13.415157894736845,3.9134761067658452,4.711007190456338,23.5054310055333,0.631578947368421,0.9009075141380889,1.439181100582718,1.1990588125662498,533.9680000000003,111.01000000000002,4.567400000000004,3,4,0,0,0,0,0,0,0,0,0,0,0,0,0,0,0,0,0,0,0,0,0,0,0,0,1,0,0,0,0,0,0,0,0,0,0,0,0,0,0,0,0,0,0,0,0,0,0,0,0,1,0,0,0,0,0,0,1,0,0,0,0,0,1,1,0,0,1,0,0,0,1,1,1,0,0,1,0,0,0,1,1,0,0,1,0,1,1,1,0,0,0,1,1,1,1,1,1,1,0,0,1,1,1,1,0,1,0,1,1,0,1,0,1,1,0,1,0,1,0,1,1,1,1,0,1,1,1,1,1,1,1,0,0,1,1,1,1,1,0,0,1,1,1,1,1,1,1,0,1,1,1,1,1,1,1,0,1,1,1,1,1,1,1,1,1,1,0,1
CHEMBL220_206,35,35,-1,-1,-1,2.260869565217391,2.8317668674667456,2.6063817189635894,5.542562853981895,0.11715691661246448,0.12184287201674386,1.4805467754421224,2.3905687073268993,0.19220101514484317,0.09814774681575111,-0.21025868698694403,-1.0374871020266805,7.452380952380952,3.9583288578564026,-0.1085482432753077,-0.88417061787221,0.021135727018079958,0.05979989058621805,3.306913561828306,10.078453740417336,0.8,0.4,-1.5,0.24999999999999956,2.260869565217391,2.8317668674667456,2.6063817189635894,5.542562853981895,2.0,0.0,0,0,2.0,2.4142434484888695,3.09438065989995,8.959342560553635,0.0,0.0,0,0,0.034665284616577446,0.09381857397380014,3.7347299568270653,14.815131778823762,0.043478260869565195,0.05042681942643915,2.725209794435937,6.144728560744619,0.043478260869565216,0.01890614027369213,1.2463309533415328,1.6142868491457731,1.3043478260869565,0.4601306627938419,0.850420064270761,-1.2767857142857149,-1.0981825826102365,70.0,274.0,0.0,282.0,2136.0,56.0,0.0,0.0,0.0,812.0,1352.0,17064.0,0.0,0.0,0.0,0.0,214.0,0.0,0.0,0.0,36.0,0.0,0.0,0.0,0.0,0.0,0.0,0.0,0.0,0.0,72.0,1,1,0,1,1,1,0,0,0,1,1,1,0,0,0,0,1,0,0,0,1,0,0,0,0,0,0,0,0,0,1,6.282051282051282,0.5969459859909135,1.972699172969281,2.584503206655688,2.2564102564102564,0.5869499047312614,-0.12588674862196245,-0.5048656838179588,0.0,0.0,0,0,3.282051282051282,0.44999817371241657,0.9686648999069228,-1.061688311688312,0.5897435897435898,0.49188015623720194,-0.36490022459988114,-1.8668478260869565,12.57366666666667,1.190618829256953,1.971455264097754,2.5785189130290886,0.8461538461538461,0.8634593969478327,0.7791584354166441,-0.1452506928697419,523.6370000000002,71.86000000000001,3.8933000000000026,1,8,0,0,0,0,0,0,0,0,0,0,0,0,0,0,0,0,0,0,0,0,0,0,0,0,0,0,0,0,0,0,0,0,0,0,0,0,0,0,0,0,0,0,0,0,0,0,0,0,0,0,0,0,1,0,0,0,0,0,0,0,0,0,1,0,0,1,0,0,0,0,0,0,1,0,0,1,0,0,0,1,1,0,0,1,0,1,1,0,0,0,0,1,1,1,1,1,1,0,1,0,1,1,0,0,1,1,0,0,0,0,1,1,0,1,0,0,0,1,1,0,1,1,1,0,1,1,1,1,1,1,0,0,1,1,0,1,0,1,1,0,0,0,1,1,1,1,1,1,1,1,1,1,1,1,1,1,1,1,1,1,1,1,1,1,1,1,0,1
CHEMBL220_207,38,35,-1,-1,-1,2.0,2.7735009811261455,3.082746340521711,7.777000000000001,0.11175087815464906,0.1175905213244205,1.7638719041032203,3.937537676354798,0.17925640141200958,0.08806451105624659,-0.2743225392743402,-0.9421285509992199,7.801378446115288,4.045303540532605,-0.14094248694304326,-0.7379662614755387,0.026197249881460407,0.07227158236743889,3.2992856874084384,10.089948972638584,0.8157894736842105,0.3876557858593746,-1.6292261599251139,0.6543778801843323,2.0,2.7735009811261455,3.082746340521711,7.777000000000001,2.0,0.0,0,0,1.8421052631578947,2.3899605346826793,3.529588027168483,11.352408978316245,0.0,0.0,0,0,0.004361388384754991,0.013021033807359405,2.790120758308128,6.186554560040721,0.038461538461538464,0.04813472211976776,3.074358486673121,7.734145655538184,0.038461538461538464,0.031648679803697365,2.5970834844378277,6.409595799413873,1.1538461538461537,0.36080121229411,1.9188064472004944,1.6818181818181834,0.7259687322611174,70.0,276.0,0.0,128.0,2370.0,8.0,0.0,0.0,0.0,466.0,600.0,19920.0,0.0,0.0,0.0,0.0,38.0,0.0,0.0,0.0,0.0,0.0,0.0,0.0,0.0,0.0,0.0,0.0,0.0,0.0,0.0,1,1,0,1,1,1,0,0,0,1,1,1,0,0,0,0,1,0,0,0,0,0,0,0,0,0,0,0,0,0,0,6.333333333333333,0.6356417261637282,1.704314378276498,1.537500000000004,2.1818181818181817,0.6721537276611768,-0.2325647899172699,-0.8173706127305169,0.0,0.0,0,0,3.121212121212121,0.3263736246748184,2.3211917272131495,3.3879310344827633,0.6666666666666666,0.4714045207910317,-0.7071067811865476,-1.5,12.675969696969696,1.2677875858037462,1.7031047801492278,1.5324253935258838,0.7575757575757576,0.9544251968499164,1.3360618199334557,0.8876983610822062,443.50700000000023,88.61000000000001,4.708900000000003,0,7,0,0,0,0,0,0,0,0,0,0,0,0,0,0,0,0,0,0,0,0,0,0,0,0,0,0,0,0,0,0,0,0,0,0,0,0,0,0,1,0,0,0,0,0,0,0,0,0,0,0,0,0,0,1,0,0,0,0,0,0,0,0,0,0,0,1,0,0,0,0,0,0,1,0,1,0,0,1,0,0,1,0,0,0,0,1,1,0,0,0,0,0,1,1,0,0,0,1,1,0,0,1,0,0,0,1,0,0,0,0,1,0,0,1,0,0,0,1,0,0,1,1,1,0,0,1,1,1,0,0,0,1,0,1,0,1,0,1,0,0,0,1,1,1,1,1,1,0,1,1,1,1,1,0,1,0,1,1,1,1,1,1,1,1,1,1,0,0
CHEMBL220_208,37,36,-1,-1,-1,2.16,3.002399040767233,2.869739205025847,6.825651009030441,0.11400557544486538,0.11844727010156096,1.712437104296265,3.623513084007497,0.1967307736621035,0.10008784356504019,-0.276114054432812,-0.9780649092050031,8.054054054054054,4.252901156778795,-0.16022664158367245,-0.7988167043322485,0.021535821535821537,0.06449704126467742,3.3994705155539986,10.600988086783497,0.8108108108108109,0.3916588309780929,-1.5871507864874157,0.5190476190476199,2.16,3.002399040767233,2.869739205025847,6.825651009030441,2.0,0.0,0,0,1.945945945945946,2.567425316116307,3.365765981473913,10.547312367964382,0.0,0.0,0,0,0.028478252007663768,0.10977330066293318,5.31259147534121,27.888382152464953,0.04000000000000001,0.05119912542644024,2.9273428365518255,7.1003905121421695,0.04,0.033233507047706626,2.7148077663100474,6.6445067118844765,1.24,0.4270831300812524,1.2175615550562027,-0.5175438596491229,-1.3320136737479495,72.0,312.0,0.0,274.0,2796.0,40.0,0.0,0.0,0.0,824.0,1516.0,25224.0,0.0,0.0,0.0,0.0,184.0,0.0,0.0,0.0,24.0,0.0,0.0,0.0,0.0,0.0,0.0,0.0,0.0,0.0,24.0,1,1,0,1,1,1,0,0,0,1,1,1,0,0,0,0,1,0,0,0,1,0,0,0,0,0,0,0,0,0,1,6.333333333333333,0.7200822998230956,1.785510192418493,1.3163265306122485,2.2222222222222223,0.6285393610547089,-0.20992232566475688,-0.62109375,0.0,0.0,0,0,3.2962962962962963,0.4566232594791834,0.892217816219194,-1.2039473684210522,0.5925925925925926,0.4913518207933925,-0.37688918072220445,-1.8579545454545452,12.675740740740743,1.4359127331523605,1.7852322756423133,1.3152971220670855,0.8518518518518519,0.9700593224969478,0.7863112923237672,-0.5688573638534971,365.4290000000001,51.91,4.073000000000002,0,5,0,0,0,0,0,0,0,0,0,0,0,0,0,0,0,0,0,0,0,0,0,0,0,0,0,0,0,0,0,0,0,0,0,0,0,0,0,0,0,0,0,0,0,0,0,0,0,0,0,0,0,0,0,0,0,0,0,1,0,0,0,0,1,0,0,0,0,0,0,0,0,0,1,0,0,1,0,0,0,0,0,0,0,1,0,1,1,0,0,1,0,0,0,1,0,0,1,0,1,0,1,1,0,0,0,1,0,0,0,0,0,1,0,1,0,0,0,0,1,0,1,1,1,0,0,1,1,1,1,1,0,0,0,0,0,0,0,1,1,0,1,0,0,1,1,1,1,1,1,1,1,0,1,1,1,1,0,1,1,1,1,1,1,1,1,1,0,1
CHEMBL220_209,37,37,-1,-1,-1,2.24,2.9836889918354426,2.8392616600008553,6.75966713198383,0.11382017806310084,0.11862543611178446,1.654784783640066,3.4830621103263057,0.19382226442816036,0.09855806760314266,-0.2564820806823469,-0.9970036521030892,8.01891891891892,4.234714895087403,-0.16502764979329657,-0.8345055484563555,0.02222222222222222,0.06339860488940417,3.48082354858479,11.241767667754727,0.8108108108108109,0.3916588309780929,-1.5871507864874157,0.5190476190476199,2.24,2.9836889918354426,2.8392616600008553,6.75966713198383,2.0,0.0,0,0,2.0,2.557448052364024,3.3349360163741517,10.465917628577284,0.0,0.0,0,0,0.02900975176000454,0.08625848482135448,4.457413258247718,21.113684688929013,0.04,0.04910774989215835,2.9028684226389934,6.988899706274617,0.04,0.03315376554705207,-0.5285337098895545,0.610146378922233,1.28,0.448998886412873,0.9799578870122222,-1.0396825396825402,1.2962645213599477,74.0,316.0,0.0,292.0,2790.0,56.0,0.0,0.0,0.0,964.0,1510.0,25200.0,0.0,0.0,0.0,0.0,236.0,0.0,0.0,0.0,36.0,0.0,0.0,0.0,0.0,0.0,0.0,0.0,0.0,0.0,72.0,1,1,0,1,1,1,0,0,0,1,1,1,0,0,0,0,1,0,0,0,1,0,0,0,0,0,0,0,0,0,1,6.482758620689655,0.9692047808658756,1.866650205035309,1.969354270149017,2.206896551724138,0.7601864718982277,0.1052821380071419,-0.46682416298328633,0.0,0.0,0,0,3.1724137931034484,0.37773969483114894,1.7344547654330258,1.0083333333333364,0.7586206896551724,0.42791978089623633,-1.2087344460380705,-0.5389610389610371,13.077793103448277,2.207411659173678,1.9976532628213572,2.502652644957254,0.5517241379310345,0.7233164470138975,1.4594478496747876,2.3231198347107433,395.384,61.03,5.573400000000004,0,3,0,0,0,0,0,0,0,0,0,0,0,0,0,0,0,0,0,0,0,0,0,0,0,0,0,0,0,0,0,0,0,0,0,0,0,0,0,0,1,0,0,0,1,0,0,0,0,0,0,0,0,0,0,0,0,0,0,0,0,0,0,0,1,0,0,1,0,0,0,0,0,0,0,0,0,0,0,1,0,0,1,0,0,0,1,0,0,0,0,0,0,0,0,1,0,0,0,0,1,0,0,1,0,0,0,1,1,1,0,0,0,0,1,1,0,0,0,0,0,0,1,1,0,0,0,1,1,1,0,0,0,0,0,1,1,1,0,1,0,0,0,0,1,1,0,1,0,0,0,0,0,1,1,0,0,0,1,1,1,0,1,1,1,1,1,1,0,1
CHEMBL220_210,39,36,-1,-1,-1,2.08,2.9654004788561026,3.0513636685366827,7.643060375787387,0.1086212019003666,0.11765398479756402,1.9379266473370802,5.433269896403482,0.17014261397515545,0.09254406202516324,-0.2065008986834096,-1.0887901625448801,7.494017094017094,4.2577940718971075,-0.10315958550011636,-0.8984747692041379,0.01984170405223037,0.061913144406482344,3.5446070801512786,11.638664180143294,0.8205128205128205,0.3837597319768145,-1.6703827619526517,0.7901785714285703,2.08,2.9654004788561026,3.0513636685366827,7.643060375787387,2.0,0.0,0,0,1.8461538461538463,2.4759195291432428,3.6633826194582344,12.428988834394238,0.0,0.0,0,0,0.034820887223633225,0.15817851042554418,5.818072747844077,32.54727322771617,0.040000000000000015,0.05237333594313609,3.048970295714454,7.527131408834679,0.04000000000000001,0.09400003033501751,-2.7063833473786434,6.898880198357196,1.28,0.448998886412873,0.9799578870122222,-1.0396825396825407,-0.6066983756002642,72.0,300.0,0.0,140.0,2766.0,16.0,0.0,0.0,0.0,528.0,708.0,25200.0,0.0,0.0,0.0,0.0,62.0,0.0,0.0,0.0,0.0,0.0,0.0,0.0,0.0,0.0,0.0,0.0,0.0,0.0,0.0,1,1,0,1,1,1,0,0,0,1,1,1,0,0,0,0,1,0,0,0,0,0,0,0,0,0,0,0,0,0,0,6.379310344827586,0.7150497018388869,1.5604480529486304,0.7589291508923726,2.2758620689655173,0.6376980003071355,-0.31495620944686115,-0.6935980301631273,0.0,0.0,0,0,3.310344827586207,0.46263475396547377,0.8198915917499234,-1.3277777777777773,0.41379310344827586,0.4925123054167483,0.35007002100700274,-1.8774509803921564,12.767551724137933,1.425988818116601,1.5597513014364701,0.7565096294328564,0.7931034482758621,0.8858781088734572,0.7133881233771042,-0.6481818181818193,393.44300000000015,80.76,2.3903,1,5,0,0,0,0,0,0,0,0,0,0,0,0,0,0,0,0,0,0,0,0,0,0,1,0,0,0,0,0,0,0,0,0,0,0,0,0,0,0,0,0,0,0,0,0,0,0,0,0,0,0,0,0,0,0,0,0,0,0,0,0,0,0,1,0,0,1,0,0,0,0,0,0,0,0,0,1,0,0,0,0,0,0,1,1,0,1,1,0,0,0,0,1,1,1,0,1,1,1,1,0,1,1,0,0,0,1,0,0,0,0,1,1,0,1,0,0,0,1,1,0,1,1,1,0,0,1,1,1,1,1,0,0,1,0,0,0,1,1,1,0,1,0,1,1,1,1,1,1,1,0,0,1,1,1,1,0,1,1,1,1,1,1,1,1,1,1,0,0
CHEMBL220_211,37,36,-1,-1,-1,2.16,2.9890466707631043,3.170429454072446,8.755433555553733,0.11159984760236816,0.12071661460691822,2.0153711314988376,6.028544333689105,0.18993954537358843,0.09637791009304159,-0.23563459429646275,-1.0087419757248706,7.919819819819819,4.182120598484438,-0.1363644100962448,-0.7680903418253364,0.023166023166023165,0.0669013961865083,3.6686440841249355,12.725571815135105,0.8108108108108109,0.3916588309780929,-1.5871507864874157,0.5190476190476199,2.16,2.9890466707631043,3.170429454072446,8.755433555553733,2.0,0.0,0,0,1.945945945945946,2.5568767470843925,3.688402142617101,13.07882083580412,0.0,0.0,0,0,0.043522405817487786,0.163104452423344,5.4400290844669374,28.9674554875467,0.039999999999999994,0.05034064655814932,3.1635273324346778,8.639702882506763,0.04,0.02446200895101049,-0.34589393914751115,-0.6635428873440161,1.32,0.46647615158762407,0.7717436331412894,-1.4044117647058831,-2.079216123650068,72.0,310.0,0.0,206.0,2964.0,32.0,0.0,0.0,0.0,756.0,1068.0,29184.0,0.0,0.0,0.0,0.0,144.0,0.0,0.0,0.0,12.0,0.0,0.0,0.0,0.0,0.0,0.0,0.0,0.0,0.0,0.0,1,1,0,1,1,1,0,0,0,1,1,1,0,0,0,0,1,0,0,0,1,0,0,0,0,0,0,0,0,0,0,6.346153846153846,0.6760921473556517,1.6900710479660572,1.2852609419675147,2.230769230769231,0.5756395979652218,-0.057270266124091314,-0.39540816326530637,0.0,0.0,0,0,3.269230769230769,0.4435600997950306,1.0405319634289447,-0.9172932330827055,0.5769230769230769,0.49404740687173565,-0.311399577664609,-1.9030303030303026,12.70146153846154,1.3483510508072514,1.6891988217072587,1.2818865505501602,0.8076923076923077,0.877900939270256,0.7245178761188089,-0.5186025692507776,351.406,77.25,4.417200000000002,0,4,0,0,0,0,0,0,0,0,0,0,0,0,0,0,0,0,0,0,0,0,0,0,0,0,0,0,0,0,0,0,0,0,0,0,0,0,0,0,1,0,0,0,0,0,0,0,0,0,0,0,0,0,0,0,0,0,0,1,0,0,0,0,1,0,0,1,0,0,0,0,0,0,0,0,0,0,0,1,0,0,1,0,0,1,0,0,0,0,0,0,1,1,1,1,0,0,1,1,1,0,0,1,0,0,0,1,0,0,0,0,1,0,0,1,0,0,0,1,1,0,1,1,0,0,0,1,1,1,1,1,0,0,0,1,0,1,0,1,0,0,0,0,1,1,0,1,1,1,0,0,0,1,1,0,1,0,1,1,1,1,1,1,1,1,1,1,0,0
CHEMBL220_212,38,38,-1,-1,-1,2.230769230769231,3.190221746665803,3.002298016491399,7.525255543537048,0.11257188592836788,0.11680479430320802,1.7711802863437005,3.9094477203244953,0.2035978168238566,0.10403940173924267,-0.33591072314484133,-1.0175345776989464,8.535087719298248,4.508464731155319,-0.21680666718234182,-0.8025944895417889,0.020823455033981354,0.06304057515293586,3.59875404410227,11.926205996544185,0.8157894736842105,0.3876557858593746,-1.6292261599251143,0.6543778801843323,2.230769230769231,3.190221746665803,3.002298016491399,7.525255543537048,2.0,0.0,0,0,2.0,2.7338039817306425,3.523955221838071,11.53927792104741,0.0,0.0,0,0,0.0287496109030579,0.0667497204311964,2.9010989811399743,9.176812354544595,0.03846153846153845,0.050576172806132184,3.054699097317541,7.832712004364042,0.03846153846153844,0.01584944751882547,0.6194663764471383,0.4438289221192364,1.3076923076923077,0.4615384615384615,0.8333333333333337,-1.3055555555555551,0.09024708592150166,76.0,360.0,0.0,318.0,3588.0,56.0,0.0,0.0,0.0,1224.0,1856.0,36048.0,0.0,0.0,0.0,0.0,300.0,0.0,0.0,0.0,48.0,0.0,0.0,0.0,0.0,0.0,0.0,0.0,0.0,0.0,36.0,1,1,0,1,1,1,0,0,0,1,1,1,0,0,0,0,1,0,0,0,1,0,0,0,0,0,0,0,0,0,1,6.411764705882353,0.8086898285216189,1.4547859349066143,0.11640211640211406,2.235294117647059,1.0017286097603764,0.39424750599831976,-0.9004042806183112,0.0,0.0,0,0,3.5588235294117645,0.496527735768651,-0.23693955110363568,-1.9438596491228082,0.35294117647058826,0.4778846120374094,0.6154574548966635,-1.6212121212121213,12.832058823529412,1.6125275180721086,1.4547859349066152,0.11640211640211406,1.0,1.0846522890932808,0.6914658342969665,-0.875,470.5620000000003,109.36000000000001,3.452200000000002,5,2,0,0,0,0,0,0,0,0,0,0,0,0,0,0,0,0,0,0,0,0,0,0,0,0,0,0,0,0,0,0,0,0,0,0,0,0,0,0,0,0,0,0,0,0,0,0,0,0,0,0,0,0,0,1,0,0,0,1,0,0,0,0,1,0,0,0,1,0,0,0,0,0,1,0,1,0,0,0,0,0,0,0,0,0,0,0,0,0,0,1,1,1,0,1,0,0,0,0,1,0,0,1,0,0,1,1,0,0,1,0,0,0,1,1,0,1,1,0,1,0,1,0,0,1,0,1,1,1,1,1,0,1,1,0,0,0,0,1,0,1,1,1,0,1,1,1,1,1,0,1,1,0,1,0,1,0,0,1,0,1,1,0,1,1,1,1,0,1
CHEMBL220_213,37,39,-1,-1,-1,2.4,3.2741411087489793,2.9594180326907975,7.700879928714642,0.1134180901317776,0.11900993176154248,1.725487984725042,4.019675395141022,0.20809581398438315,0.10839211058358071,-0.3016077207436716,-1.0898177480190971,8.432432432432433,4.522791708007701,-0.18890417068400828,-0.8570103601547054,0.019562419562419563,0.05882351470433153,3.8075817479646354,13.810743639470267,0.8108108108108109,0.3916588309780929,-1.5871507864874157,0.5190476190476199,2.4,3.2741411087489793,2.9594180326907975,7.700879928714642,2.0,0.0,0,0,2.108108108108108,2.7975257773252284,3.5108445495804,12.001254972175397,0.0,0.0,0,0,0.047877534739220434,0.10109701484330869,2.7159830471338657,8.367677389377112,0.04,0.05029093516285993,3.0277721965741775,8.03060801115034,0.04,0.02631413405756106,-0.13476042330447519,-0.28944727276248416,1.36,0.48,0.5833333333333327,-1.6597222222222228,0.5714191469573353,78.0,376.0,0.0,436.0,3816.0,112.0,0.0,0.0,0.0,1670.0,2578.0,40824.0,0.0,0.0,0.0,0.0,586.0,0.0,0.0,0.0,144.0,0.0,0.0,0.0,0.0,0.0,0.0,0.0,0.0,0.0,168.0,1,1,0,1,1,1,0,0,0,1,1,1,0,0,0,0,1,0,0,0,1,0,0,0,0,0,0,0,0,0,1,6.542857142857143,0.9955000794391055,1.5323839562720616,0.7741736305431703,2.2285714285714286,0.720544012166771,0.08566453449502563,-0.33072267710929326,0.0,0.0,0,0,3.142857142857143,0.3499271061118826,2.041241452319316,2.166666666666668,0.7142857142857143,0.45175395145262565,-0.948683298050514,-1.1000000000000003,13.179714285714288,2.205401532231115,1.7051090449925748,1.5171682575356495,0.4857142857142857,0.6490180966628883,1.6206439357133289,3.7721741481882116,478.42600000000016,76.97,6.679600000000003,0,5,0,0,0,0,0,0,0,0,0,0,0,0,0,0,0,0,0,0,0,0,0,0,0,0,0,0,0,0,0,0,0,0,0,0,0,0,0,0,0,0,0,0,1,0,0,0,0,0,0,0,0,0,1,0,0,0,0,1,0,0,0,0,1,0,0,0,0,0,0,1,0,0,0,0,0,0,0,0,1,0,0,0,0,1,0,0,0,0,0,1,0,0,0,1,1,0,1,1,1,0,0,1,0,0,0,1,1,1,0,0,0,0,1,1,0,0,0,0,0,1,1,0,0,0,1,1,1,1,0,0,0,0,0,1,1,1,0,1,0,0,1,0,1,1,1,1,1,0,0,0,1,1,1,0,1,0,1,1,1,1,1,1,1,1,1,1,0,1
CHEMBL220_214,38,39,-1,-1,-1,2.3076923076923075,3.1957812427447676,2.915533718015754,7.168275666683227,0.11307224063036446,0.11632049635602995,1.6710135760801779,3.3806424372870607,0.20416634728789793,0.1046316797390946,-0.3259329456171001,-1.0194253429703546,8.570175438596491,4.53521496987987,-0.22007493452007504,-0.8258426342500735,0.02074442863916548,0.0622365445071787,3.6244018484219174,12.192237439241769,0.8157894736842105,0.3876557858593746,-1.6292261599251143,0.6543778801843323,2.3076923076923075,3.1957812427447676,2.915533718015754,7.168275666683227,2.0,0.0,0,0,2.0526315789473686,2.7429082570095553,3.433960016657843,11.08235547380816,0.0,0.0,0,0,0.03627784124844056,0.09144222815114791,3.624171222124771,14.736977015941878,0.038461538461538464,0.049256768326795514,3.0070706699927805,7.665032047030506,0.038461538461538464,0.048226896917434356,-1.4922082666893335,2.368885230380843,1.3076923076923077,0.4615384615384615,0.8333333333333337,-1.305555555555555,0.8824430154888553,78.0,368.0,0.0,382.0,3600.0,80.0,0.0,0.0,0.0,1404.0,2192.0,36048.0,0.0,0.0,0.0,0.0,392.0,0.0,0.0,0.0,72.0,0.0,0.0,0.0,0.0,0.0,0.0,0.0,0.0,0.0,120.0,1,1,0,1,1,1,0,0,0,1,1,1,0,0,0,0,1,0,0,0,1,0,0,0,0,0,0,0,0,0,1,6.324324324324325,0.6598138170666866,1.7937880138881657,1.6617382099905376,2.2162162162162162,0.5758723176395275,-0.04713907577875617,-0.3543926720875623,0.0,0.0,0,0,3.2972972972972974,0.457068500683453,0.8869685939836237,-1.2132867132867131,0.4594594594594595,0.49835375444826424,0.1626978433639921,-1.9735294117647066,12.65791891891892,1.3158902931840972,1.7929067439504711,1.6581280881667535,0.8648648648648649,0.8434857586122829,0.5297797164654859,-0.732817105102268,500.59900000000033,78.59,4.855600000000005,0,9,0,0,0,0,0,0,0,0,0,0,0,0,0,0,0,0,0,0,0,0,0,0,0,0,0,0,0,0,0,0,0,0,0,0,0,0,0,1,0,0,0,0,0,0,0,0,0,0,0,0,0,0,1,0,0,0,0,1,0,0,0,0,1,0,0,0,0,0,0,0,0,0,0,0,0,1,0,1,1,1,1,0,0,1,0,1,1,0,0,1,0,0,1,1,1,1,1,1,1,0,1,0,0,0,0,0,1,0,0,0,1,1,0,1,0,0,0,1,1,1,1,1,1,0,1,1,1,1,1,1,0,0,1,1,0,0,1,1,1,0,1,0,1,1,0,1,1,1,1,0,1,0,1,1,1,1,1,1,1,1,1,1,1,1,1,1,0,1
CHEMBL220_215,37,36,-1,-1,-1,2.16,2.948626799037138,2.9326340267464426,6.938368461826993,0.11420547085998331,0.11825454516709506,1.6574868171710402,3.2307012660721632,0.19193644430391674,0.09691373028614401,-0.2730415946013237,-1.0021807812116403,7.948648648648649,4.1799686378595196,-0.16497042379571733,-0.8181889749629554,0.022565422565422565,0.06509399377011915,3.4654630842386434,10.964369404068453,0.8108108108108109,0.3916588309780929,-1.5871507864874157,0.5190476190476199,2.16,2.948626799037138,2.9326340267464426,6.938368461826993,2.0,0.0,0,0,1.945945945945946,2.5249666408922518,3.4254415021764992,10.66098042184996,0.0,0.0,0,0,0.02694054629759144,0.0847504283705014,4.731282676365912,23.288571193952823,0.03999999999999999,0.04987511544288406,2.9611938556702007,7.058832870535664,0.039999999999999994,0.12522101754848533,-2.4439066617767256,5.04689626675021,1.28,0.448998886412873,0.9799578870122222,-1.0396825396825407,-0.5483575615494872,72.0,304.0,0.0,226.0,2706.0,32.0,0.0,0.0,0.0,800.0,1146.0,23880.0,0.0,0.0,0.0,0.0,146.0,0.0,0.0,0.0,12.0,0.0,0.0,0.0,0.0,0.0,0.0,0.0,0.0,0.0,24.0,1,1,0,1,1,1,0,0,0,1,1,1,0,0,0,0,1,0,0,0,1,0,0,0,0,0,0,0,0,0,1,6.380952380952381,0.6529194857524805,1.4726157120372516,0.8375961973743711,2.1904761904761907,0.6632565846278153,-0.23241119773811403,-0.7739929854394743,0.0,0.0,0,0,3.0952380952380953,0.2935435239509036,2.7577641592229627,5.605263157894736,0.7142857142857143,0.45175395145262565,-0.9486832980505142,-1.1,12.771,1.3022828308123289,1.4713022730611915,0.8326151081517885,0.6666666666666666,0.890870806374748,1.5116295842566727,1.6536000000000017,282.303,68.52,2.3632999999999997,0,3,0,0,0,0,0,0,0,0,0,0,0,0,0,0,0,0,0,0,0,0,0,0,0,0,0,1,0,0,0,0,0,0,0,0,0,0,0,0,1,0,0,0,0,0,0,0,0,0,0,0,0,0,1,0,0,0,0,0,0,0,0,0,1,0,0,1,0,0,0,0,0,0,0,0,0,0,0,1,0,1,1,0,0,1,0,0,0,0,0,0,0,0,1,1,1,0,1,1,1,0,0,1,0,0,0,1,1,0,0,0,1,0,0,1,0,0,0,1,0,0,1,1,1,0,1,1,1,1,0,0,0,0,0,1,0,1,0,1,0,0,0,0,1,1,0,1,0,0,1,1,0,1,1,0,1,0,1,1,1,1,1,1,1,1,1,1,0,0
CHEMBL220_216,35,34,-1,-1,-1,2.1739130434782608,2.664617990616445,2.6259756036351742,5.496341529803654,0.11580510612423371,0.12312841250898815,1.5183340390334157,2.4551434594321604,0.18348227231417613,0.09202366380628148,-0.20776442455718006,-1.065095091734367,7.21047619047619,3.7994529383038143,-0.09211022709786115,-0.9127086832155755,0.02307104660045836,0.059269909675571074,3.1038703828210914,8.733001027755135,0.8,0.4,-1.5,0.24999999999999956,2.1739130434782608,2.664617990616445,2.6259756036351742,5.496341529803654,2.0,0.0,0,0,1.9428571428571428,2.279634772036422,3.080282906577296,8.695119098485923,0.0,0.0,0,0,0.01896498474649735,0.04023510432746685,1.8940316559307555,2.1197315200933993,0.04347826086956523,0.048738187865586605,2.677165518789093,5.742526951288452,0.04347826086956523,0.03275137627515404,2.194389700087477,3.9949787037611433,1.3043478260869565,0.4601306627938419,0.8504200642707606,-1.2767857142857149,-0.31973984699113545,68.0,246.0,0.0,204.0,1788.0,32.0,0.0,0.0,0.0,664.0,864.0,13080.0,0.0,0.0,0.0,0.0,128.0,0.0,0.0,0.0,12.0,0.0,0.0,0.0,0.0,0.0,0.0,0.0,0.0,0.0,24.0,1,1,0,1,1,1,0,0,0,1,1,1,0,0,0,0,1,0,0,0,1,0,0,0,0,0,0,0,0,0,1,6.222222222222222,0.628539361054709,2.4748737341529163,4.124999999999997,2.2222222222222223,0.6285393610547089,-0.20992232566475688,-0.6210937499999996,0.0,0.0,0,0,3.111111111111111,0.3142696805273545,2.4748737341529163,4.124999999999997,0.6666666666666666,0.4714045207910317,-0.7071067811865475,-1.5,12.454111111111114,1.25330748594309,2.474873734152908,4.124999999999969,0.7407407407407407,0.8429486427215587,1.2609547118888538,1.2757636290454837,356.42100000000005,35.53,5.1932000000000045,0,4,0,0,0,0,0,0,0,0,0,0,0,0,0,0,0,0,0,0,0,0,0,0,0,0,0,0,0,0,0,0,0,0,0,0,0,0,0,0,0,0,0,0,0,0,0,0,0,0,0,0,1,0,0,0,0,0,0,0,0,0,0,0,1,0,0,0,0,0,0,0,0,0,0,0,0,0,1,0,0,0,0,0,0,0,0,0,0,0,0,0,0,0,0,1,0,0,1,0,0,1,0,1,0,0,0,1,0,0,0,0,0,0,0,1,0,0,0,0,0,0,0,0,0,0,0,1,1,1,0,0,0,0,0,0,0,0,0,0,0,0,0,0,0,1,1,1,1,0,0,1,1,0,1,0,1,0,0,1,0,1,1,0,1,1,1,1,0,1
CHEMBL220_217,41,41,-1,-1,-1,2.206896551724138,3.3257543644633065,3.311557512163817,9.810202881396691,0.10907532733091518,0.11177127032512754,2.1458156290029864,6.86794340832979,0.2076682588232124,0.10406065478898932,-0.44044836953707117,-0.8645005531618755,9.447154471544716,4.889973568074141,-0.3196567863396158,-0.6597855059330398,0.021450906816760477,0.06759538230557181,3.8022567689238524,13.795847711452236,0.8292682926829268,0.37627435659857345,-1.7501500535908443,1.0630252100840352,2.206896551724138,3.3257543644633065,3.311557512163817,9.810202881396691,2.0,0.0,0,0,2.0,2.8797018815893547,3.8300533243457027,14.217162629757787,0.0,0.0,0,0,0.017647018461932555,0.04507368982302962,3.586154818810626,14.635254534447089,0.03448275862068966,0.04805878176481459,3.380297861933299,10.222930518758547,0.03448275862068966,0.06421771461783046,-2.50033904693697,6.494567031038118,1.2758620689655173,0.44694763437295587,1.0029717747535964,-0.9940476190476208,-0.1503143297279805,82.0,422.0,0.0,332.0,4770.0,40.0,0.0,0.0,0.0,1220.0,2098.0,55704.0,0.0,0.0,0.0,0.0,212.0,0.0,0.0,0.0,12.0,0.0,0.0,0.0,0.0,0.0,0.0,0.0,0.0,0.0,84.0,1,1,0,1,1,1,0,0,0,1,1,1,0,0,0,0,1,0,0,0,1,0,0,0,0,0,0,0,0,0,1,6.846153846153846,2.3592530493125006,3.5348410740021268,11.643459735469166,2.2051282051282053,0.6476579969392353,-0.22686900638649452,-0.7013639803067964,0.0,0.0,0,0,3.282051282051282,0.4499981737124165,0.968664899906923,-1.0616883116883113,0.5897435897435898,0.49188015623720205,-0.3649002245998808,-1.8668478260869574,13.76579487179487,4.90985469616053,3.5408044612169056,11.75918956353965,0.7435897435897436,0.8687730433896111,0.9893382567873242,0.15830591606065525,566.0980000000003,63.69,7.137500000000007,0,8,0,0,0,0,0,0,0,0,0,0,0,0,0,0,0,0,0,0,0,0,0,0,0,0,0,0,0,0,0,0,0,0,0,0,0,0,1,0,0,0,0,0,1,0,0,0,0,1,0,0,0,0,0,0,0,0,0,0,0,0,0,0,1,0,0,1,0,0,0,0,0,0,0,0,0,1,0,1,0,0,0,1,0,1,0,1,1,1,1,0,1,1,1,1,0,0,1,1,1,0,1,0,0,1,0,0,1,1,0,0,1,1,0,1,0,0,0,1,1,0,1,1,1,0,0,1,1,1,1,1,0,0,0,1,1,1,0,1,1,0,0,0,1,1,1,1,1,1,1,1,1,1,1,1,1,1,1,1,1,1,1,1,1,1,1,1,0,1
CHEMBL220_218,39,37,-1,-1,-1,2.074074074074074,2.9177099838860934,3.2370682640771933,9.3691690565065,0.10760124697406474,0.11858750899927016,2.284053496443141,7.921755401804365,0.18685210282370218,0.0930048355712534,-0.2914546602295271,-0.9008909998932775,8.276923076923078,4.298587880805929,-0.18295391220250026,-0.6759544641509776,0.024984498668709196,0.07201040861217711,3.639958883046615,13.156747515617877,0.8205128205128205,0.3837597319768145,-1.6703827619526517,0.7901785714285703,2.074074074074074,2.9177099838860934,3.2370682640771933,9.3691690565065,2.0,0.0,0,0,1.8974358974358974,2.5196140505719486,3.712904672040503,13.464188292678223,0.0,0.0,0,0,0.012608179139619301,0.03548007238716267,3.973743329530994,17.28770779654286,0.037037037037037035,0.04756581639911185,3.2160553511439383,9.09826862708572,0.03703703703703704,0.04996773430058713,-1.8247173424985845,3.9084000448684195,1.2592592592592593,0.438228132081453,1.0987005311470714,-0.7928571428571418,0.6517136510014582,74.0,314.0,0.0,178.0,2976.0,16.0,0.0,0.0,0.0,580.0,960.0,29184.0,0.0,0.0,0.0,0.0,68.0,0.0,0.0,0.0,0.0,0.0,0.0,0.0,0.0,0.0,0.0,0.0,0.0,0.0,0.0,1,1,0,1,1,1,0,0,0,1,1,1,0,0,0,0,1,0,0,0,0,0,0,0,0,0,0,0,0,0,0,6.666666666666667,1.7589818344761532,3.9910917152696914,17.596395103934555,2.2051282051282053,0.6861070851415205,0.18779828657272724,-0.06619643581660917,0.0,0.0,0,0,3.3333333333333335,0.4714045207910317,0.7071067811865465,-1.5000000000000007,0.5897435897435898,0.491880156237202,-0.3649002245998809,-1.866847826086957,13.420769230769233,3.6337007233322844,3.716524584783084,15.236208238162845,0.7692307692307693,0.8611720832690596,0.9436003641002966,0.139542779538254,553.6500000000002,46.620000000000005,7.589600000000007,0,8,0,0,0,0,0,0,0,0,0,0,0,0,0,0,0,0,0,0,0,0,0,0,0,0,0,0,0,0,0,0,0,0,0,0,0,0,1,0,0,0,0,0,1,0,0,0,0,1,0,0,0,0,0,0,0,0,0,0,0,0,0,0,1,0,0,1,0,0,0,0,0,0,0,0,0,1,0,1,0,0,1,1,0,1,0,1,1,0,1,0,1,0,0,1,0,0,1,0,1,0,1,0,0,0,1,0,1,1,0,0,0,1,1,1,0,0,0,0,1,0,1,1,1,0,0,1,1,1,1,1,0,0,0,1,1,1,0,1,1,0,0,0,1,1,1,1,0,1,1,1,1,1,1,1,0,1,1,1,1,1,1,1,1,1,1,1,0,1
CHEMBL220_219,39,38,-1,-1,-1,2.1481481481481484,3.0148239148101807,3.1503823281866103,8.613482554478793,0.10936414691659167,0.11696370809029522,2.0117381959693885,5.852423259157076,0.19022762305708868,0.09574863090049314,-0.28243865939159163,-0.9603920872400287,8.413675213675214,4.399520615873916,-0.1930446739463744,-0.7476352516623193,0.02432797169639275,0.0688979846582357,3.7566813951917473,13.87516070878537,0.8205128205128205,0.3837597319768145,-1.6703827619526517,0.7901785714285703,2.1481481481481484,3.0148239148101807,3.1503823281866103,8.613482554478793,2.0,0.0,0,0,1.9487179487179487,2.60126909804562,3.6397967178010013,12.633391784607705,0.0,0.0,0,0,0.019404891818684922,0.043584301558363785,2.455595264457242,5.860011904053421,0.037037037037037035,0.047387564733130626,3.14248980095895,8.474157609026214,0.03703703703703704,0.43662249313755863,3.3280948638419874,10.28514696162856,1.2962962962962963,0.4566232594791834,0.892217816219194,-1.2039473684210518,-0.5653895353423101,76.0,336.0,0.0,228.0,3246.0,32.0,0.0,0.0,0.0,890.0,1242.0,32064.0,0.0,0.0,0.0,0.0,154.0,0.0,0.0,0.0,12.0,0.0,0.0,0.0,0.0,0.0,0.0,0.0,0.0,0.0,0.0,1,1,0,1,1,1,0,0,0,1,1,1,0,0,0,0,1,0,0,0,1,0,0,0,0,0,0,0,0,0,0,6.65,1.7399712641305316,4.047590977664845,18.128669142821686,2.2,0.6782329983125268,0.2115471544831125,0.001890359168242206,0.0,0.0,0,0,3.35,0.47696960070847283,0.6289709020331506,-1.6043956043956047,0.575,0.4943429983321297,-0.303433042454504,-1.9079283887468028,13.385524999999998,3.594736499296576,3.7706311143815814,15.711717640309164,0.8,0.8717797887081348,0.8512531177828738,-0.11357340720221654,567.6770000000002,46.620000000000005,7.837200000000007,0,9,0,0,0,0,0,0,0,0,0,0,0,0,0,0,0,0,0,0,0,0,0,0,0,0,0,0,0,0,0,0,0,0,0,0,0,0,1,0,0,0,0,0,1,0,0,0,0,1,0,0,0,0,0,0,0,0,0,0,0,0,0,0,1,0,0,1,0,0,0,0,0,0,0,0,0,1,0,1,0,0,0,1,1,1,0,1,1,0,1,0,1,1,0,1,0,0,1,0,1,0,1,0,0,0,0,0,1,1,0,0,0,1,1,1,0,0,0,0,1,0,1,1,1,0,0,1,1,1,1,1,0,0,0,1,1,1,0,1,1,0,0,0,1,1,1,1,0,1,1,1,1,1,1,1,0,1,1,1,1,1,1,1,1,1,1,1,0,1
CHEMBL220_220,35,32,-1,-1,-1,2.0952380952380953,2.635016253763224,2.645222052861326,5.477761575384564,0.1105277657190924,0.12788683113039434,1.6217109698047794,2.9765931272618005,0.1625235151359751,0.08983094249082274,-0.047895879424572935,-1.1726434125704737,6.323809523809524,3.665571883561976,0.06496176826899018,-0.978791083474281,0.018334606569900685,0.05010479521084494,3.1772885385226286,9.182313833180585,0.8,0.4,-1.5,0.24999999999999956,2.0952380952380953,2.635016253763224,2.645222052861326,5.477761575384564,2.0,0.0,0,0,1.8285714285714285,2.171052599030042,3.23602144312332,9.64890850604258,0.0,0.0,0,0,0.014002426071391587,0.03575700909721076,2.3385225412795814,3.8509037047699035,0.047619047619047616,0.05439426719020123,2.667912897350981,5.5874822029666955,0.047619047619047616,0.021115859875016265,0.37278990548701924,-0.23406738046862063,1.2380952380952381,0.4259177099999599,1.2298373876248838,-0.48750000000000027,-1.6230328628899882,64.0,218.0,0.0,148.0,1560.0,24.0,0.0,0.0,0.0,512.0,622.0,11064.0,0.0,0.0,0.0,0.0,100.0,0.0,0.0,0.0,12.0,0.0,0.0,0.0,0.0,0.0,0.0,0.0,0.0,0.0,0.0,1,1,0,1,1,1,0,0,0,1,1,1,0,0,0,0,1,0,0,0,1,0,0,0,0,0,0,0,0,0,0,8.916666666666666,7.9105239326411825,2.9535875450265423,6.862680898736556,2.0,0.816496580927726,0.0,-1.5,0.0,0.0,0,0,3.1666666666666665,0.3726779962499649,1.7888543819998337,1.200000000000002,0.5,0.5,0.0,-2.0,18.66575,18.542167057480093,2.9704018325023926,6.925600923688691,0.5833333333333334,0.8620067027323834,1.6931440938986662,2.2885841558214643,231.045,46.53,1.9758,0,2,0,0,0,0,0,0,0,0,0,0,0,0,0,0,0,0,0,0,0,0,0,0,0,0,0,0,0,0,0,0,0,0,0,0,0,0,0,0,0,0,0,0,0,0,0,0,1,0,0,0,0,0,0,0,0,0,0,0,0,0,0,0,0,0,0,0,0,0,0,0,0,0,1,0,0,0,0,0,0,0,0,0,0,0,0,0,0,1,0,1,0,0,0,1,0,0,0,0,0,0,0,0,0,0,0,0,0,1,0,0,0,0,0,1,0,0,0,0,0,0,0,0,0,0,0,0,1,1,0,0,0,0,0,0,1,0,0,0,0,1,0,0,0,1,1,0,1,0,0,0,1,0,1,0,1,0,0,1,0,1,1,0,1,1,1,1,0,0
CHEMBL220_221,42,41,-1,-1,-1,2.1333333333333333,3.2836294282732665,3.389879305885704,10.332952508854008,0.10835267305415935,0.1098600111575739,2.2820377731595127,7.89045451493949,0.20482687207810452,0.10084687119702625,-0.48727384772424487,-0.7620550015573149,9.595238095238097,4.899133771984332,-0.34928636230173404,-0.5653391613194616,0.022270615563298495,0.07311865865025487,3.638398041632314,12.533919819679658,0.8333333333333334,0.37267799624996495,-1.788854381999832,1.200000000000001,2.1333333333333333,3.2836294282732665,3.389879305885704,10.332952508854008,2.0,0.0,0,0,1.9523809523809523,2.8531718436086178,3.892155119831116,14.70001256973487,0.0,0.0,0,0,0.022635955019510958,0.0749111040392107,4.227166797521888,18.510510672200695,0.03333333333333333,0.047835750248039696,3.5267439480695595,11.345784743998378,0.03333333333333332,0.020581057070543696,-0.37294206766570104,0.2801136868619798,1.2333333333333334,0.42295258468165065,1.260976649982561,-0.4099378881987574,0.5290847225012875,82.0,420.0,0.0,272.0,4770.0,32.0,0.0,0.0,0.0,864.0,1678.0,55704.0,0.0,0.0,0.0,0.0,126.0,0.0,0.0,0.0,12.0,0.0,0.0,0.0,0.0,0.0,0.0,0.0,0.0,0.0,24.0,1,1,0,1,1,1,0,0,0,1,1,1,0,0,0,0,1,0,0,0,1,0,0,0,0,0,0,0,0,0,1,6.633333333333334,2.0245712852080286,4.481706322713448,19.942606950351927,2.1333333333333333,0.669991708074726,-0.1615703952420178,-0.7946279776492502,0.03333333333333333,0.1795054935711501,5.199469468957455,25.03448275862072,3.1333333333333333,0.49888765156985887,0.2529436753814021,0.6007653061224483,0.6,0.4898979485566357,-0.40824829046386263,-1.8333333333333341,13.32426666666667,4.295221173454156,4.559733452681893,20.505572286699557,0.7333333333333333,0.8919392106839766,1.1115487245282982,0.41833900315221095,421.90400000000017,63.2,4.380180000000004,0,8,0,0,0,0,0,0,0,0,0,0,0,0,0,0,0,0,0,0,0,0,0,0,0,0,0,0,0,0,0,0,0,0,0,0,0,0,0,0,0,0,0,1,0,0,0,0,0,0,0,1,0,0,0,0,0,0,0,0,0,0,0,0,0,0,0,1,0,0,0,0,0,0,1,0,0,1,0,0,0,0,1,0,0,0,0,1,0,1,0,0,0,0,0,1,0,0,0,0,1,0,1,0,0,1,0,0,0,1,0,0,0,0,0,1,0,0,0,0,1,0,0,1,1,0,0,1,1,1,0,0,0,0,1,0,1,0,0,1,0,0,0,0,1,1,1,1,1,1,1,1,1,0,1,1,1,1,0,1,1,1,1,1,1,1,1,1,0,1
CHEMBL220_222,37,35,-1,-1,-1,2.08,2.8131121556027585,2.9907775357484363,7.243668498064581,0.11120158948974498,0.12108358072827734,1.6922040010644157,3.3576513699623884,0.18078070691443987,0.09043687168569862,-0.21460342073666705,-1.032799877668967,7.643758043758043,4.019991233660578,-0.10385034121701285,-0.8219526140178144,0.025396825396825397,0.06733684581335893,3.3707630402261857,10.48596369135855,0.8108108108108109,0.3916588309780929,-1.5871507864874157,0.5190476190476199,2.08,2.8131121556027585,2.9907775357484363,7.243668498064581,2.0,0.0,0,0,1.8918918918918919,2.4137420066774173,3.4593039131670142,10.879159230449627,0.0,0.0,0,0,0.012703818553313748,0.032548415373004166,2.2370621374027544,3.1709097088159046,0.04,0.048632700315146174,2.987891453746682,7.245332190972732,0.04,0.04220343048566647,-1.379831345019523,1.999530895364983,1.2,0.4,1.5000000000000004,0.2500000000000009,0.10956280893560091,70.0,278.0,0.0,170.0,2370.0,24.0,0.0,0.0,0.0,680.0,800.0,19920.0,0.0,0.0,0.0,0.0,114.0,0.0,0.0,0.0,12.0,0.0,0.0,0.0,0.0,0.0,0.0,0.0,0.0,0.0,0.0,1,1,0,1,1,1,0,0,0,1,1,1,0,0,0,0,1,0,0,0,1,0,0,0,0,0,0,0,0,0,0,6.21875,0.5439654745477879,2.417387332565407,4.607064666862726,2.1875,0.6343057228182637,-0.17793324828986265,-0.618908473937223,0.0,0.0,0,0,3.5,0.5,0.0,-2.0,0.375,0.4841229182759271,0.5163977794943223,-1.7333333333333334,12.447375,1.0849365692864266,2.4161387284707336,4.5998914113577545,1.15625,0.9717694878416383,0.29670338957761144,-0.9987562681199331,435.6120000000002,36.02,3.578400000000002,1,8,0,0,0,0,0,0,0,0,0,0,0,0,0,0,0,0,0,0,0,0,0,0,0,0,0,0,0,0,0,0,0,0,0,0,0,0,0,0,0,0,0,0,0,0,0,0,0,0,0,0,0,0,0,0,0,0,0,0,0,0,0,0,1,0,0,0,0,0,0,0,0,0,0,0,1,1,0,0,0,1,1,0,0,0,0,1,1,0,0,0,0,0,1,1,0,0,1,0,1,0,1,1,0,0,0,1,0,0,0,0,1,1,0,1,0,1,1,1,1,0,0,1,1,0,0,1,1,1,1,1,0,0,0,1,0,0,0,1,1,0,0,1,1,1,1,1,0,1,1,1,0,0,1,1,1,1,1,1,1,1,1,1,1,1,1,1,0,0
CHEMBL220_223,35,35,-1,-1,-1,2.260869565217391,2.922437804661924,2.720686278178653,5.862193545428722,0.11583294867670542,0.12310222001364675,1.5612654198425648,2.740039108727915,0.19239347061808662,0.09879436975713983,-0.21102185039142093,-1.1243758534765709,7.484761904761906,3.9954187483988077,-0.10596192209885444,-0.9174022112627487,0.021237585943468296,0.058656539180338405,3.448439102967735,10.827199614000651,0.8,0.4,-1.5,0.24999999999999956,2.260869565217391,2.922437804661924,2.720686278178653,5.862193545428722,2.0,0.0,0,0,2.0,2.4842360136324753,3.231487561457367,9.503858024691358,0.0,0.0,0,0,0.034662149444758136,0.07423487509066348,2.376637949445334,5.51501067041041,0.043478260869565195,0.05140089099316327,2.748078441797294,5.947035958498162,0.0434782608695652,0.018433588609300854,0.37451456257783977,0.05337555286199169,1.3478260869565217,0.47628048478710105,0.6390096504226936,-1.5916666666666677,-0.49145269385579354,70.0,286.0,0.0,262.0,2382.0,56.0,0.0,0.0,0.0,952.0,1288.0,19920.0,0.0,0.0,0.0,0.0,258.0,0.0,0.0,0.0,48.0,0.0,0.0,0.0,0.0,0.0,0.0,0.0,0.0,0.0,36.0,1,1,0,1,1,1,0,0,0,1,1,1,0,0,0,0,1,0,0,0,1,0,0,0,0,0,0,0,0,0,1,6.375,0.739509972887452,1.593719451773774,0.7265306122448978,2.25,0.7071067811865476,-0.397747564417433,-0.953125,0.0,0.0,0,0,3.09375,0.2914805954090255,2.7874925905782666,5.7701149425287355,0.5625,0.49607837082461076,-0.25197631533948484,-1.9365079365079365,12.758875,1.4746886059012598,1.5933043276030856,0.725126981751619,0.5625,0.7473912964438374,1.357869893172353,1.6115213457870796,426.42800000000017,83.99000000000001,3.220900000000002,0,3,0,0,0,0,0,0,0,0,0,0,0,0,0,0,0,0,0,0,0,0,0,0,0,0,0,0,0,0,0,0,0,0,0,0,0,0,0,0,0,0,0,0,0,0,0,0,0,0,0,0,0,0,0,0,0,0,0,0,0,0,0,0,1,0,0,0,0,0,0,0,0,0,0,0,0,1,0,0,0,0,0,0,0,1,0,1,0,0,0,1,0,0,1,1,0,0,1,0,1,0,1,1,0,0,0,1,0,0,0,0,1,1,0,1,0,0,0,1,0,0,1,1,1,0,0,1,1,1,0,1,0,0,1,1,0,1,1,1,0,0,1,0,1,1,1,1,1,0,1,0,1,0,1,1,1,0,1,1,1,1,1,1,1,1,1,1,0,1
CHEMBL220_224,37,34,-1,-1,-1,2.0869565217391304,2.796162641880613,2.774482793719823,5.994895740191328,0.10957017846952957,0.1225618334441129,1.615885837981366,2.8071544673270123,0.16782915965391126,0.09263399161011161,-0.12507563354978943,-1.1664739958853088,6.918918918918919,3.9929313709811995,-0.012069676997961503,-0.981191558029411,0.018918918918918916,0.05374462002768719,3.2591803794121788,9.531958676792254,0.8108108108108109,0.3916588309780929,-1.5871507864874157,0.5190476190476199,2.0869565217391304,2.796162641880613,2.774482793719823,5.994895740191328,2.0,0.0,0,0,1.837837837837838,2.3192905895053983,3.368666917190401,10.27234035773369,0.0,0.0,0,0,0.011740118496875254,0.030861467839791597,2.421510716846475,4.269874402871565,0.043478260869565195,0.052971719957864226,2.7895619548908246,6.055302474496532,0.04347826086956521,0.02651686781131787,1.7181367967981382,2.280190166441531,1.2173913043478262,0.4124709991523974,1.3703203194062967,-0.12222222222222534,0.5134226980507349,68.0,256.0,0.0,164.0,2046.0,24.0,0.0,0.0,0.0,636.0,762.0,15960.0,0.0,0.0,0.0,0.0,112.0,0.0,0.0,0.0,12.0,0.0,0.0,0.0,0.0,0.0,0.0,0.0,0.0,0.0,0.0,1,1,0,1,1,1,0,0,0,1,1,1,0,0,0,0,1,0,0,0,1,0,0,0,0,0,0,0,0,0,0,6.948717948717949,2.4489528683125577,3.5160197833856888,11.57362387833785,2.1025641025641026,0.6715795309594255,-0.12311159248444074,-0.7963646099839363,0.0,0.0,0,0,3.3846153846153846,0.48650425541051984,0.4743416490252572,-1.775,0.46153846153846156,0.49851851526214314,0.1543033499620917,-1.9761904761904763,13.980230769230774,5.201564648535999,3.577713469346094,11.911219184904736,0.8461538461538461,0.8332347081677908,0.5602061606502585,-0.6641916322314061,578.4930000000004,133.17000000000002,5.109600000000007,1,15,0,0,0,0,0,0,0,0,0,0,0,0,0,0,0,0,0,0,0,0,0,0,0,0,0,0,0,0,0,0,0,0,0,0,0,0,0,0,0,0,0,0,0,0,0,0,0,0,0,0,0,0,0,1,1,0,0,0,0,0,0,0,0,0,0,1,0,0,0,0,0,0,1,0,0,0,0,0,0,0,1,0,1,0,0,0,1,1,0,1,1,1,1,1,0,1,0,0,1,0,1,0,0,1,1,0,0,1,0,1,1,1,0,1,0,0,0,1,1,0,0,1,0,0,0,1,1,1,1,1,0,1,1,1,1,1,0,1,1,1,1,0,1,1,1,1,1,1,0,0,1,1,1,1,1,1,1,1,1,1,1,1,1,1,1,1,0,0
CHEMBL220_225,38,39,-1,-1,-1,2.3076923076923075,3.36005071812947,3.4799449371864424,11.682017457115364,0.11066112173360819,0.11861663294135337,2.182782828562029,7.498605953445301,0.2096512971474497,0.10980991310477886,-0.27320336478272883,-0.9753064232193558,8.719298245614036,4.674993395741949,-0.17810362331720728,-0.7013489292173594,0.020033191085822664,0.06335667727378667,4.415950513432197,19.77219089372764,0.8157894736842105,0.3876557858593746,-1.6292261599251139,0.6543778801843323,2.3076923076923075,3.36005071812947,3.4799449371864424,11.682017457115364,2.0,0.0,0,0,2.0526315789473686,2.8740890403107477,4.070704021989294,17.193526686611932,0.0,0.0,0,0,0.035572877362140924,0.09105896371126368,3.6786595539233176,15.11783283216091,0.03846153846153845,0.05186731609590437,3.586606155020162,12.353729925345762,0.03846153846153845,0.058143482220986496,-2.1555452458021893,4.913763145861692,1.3076923076923077,0.4615384615384615,0.8333333333333337,-1.305555555555555,-0.6199341331263613,78.0,396.0,0.0,376.0,4668.0,80.0,0.0,0.0,0.0,1300.0,2408.0,60264.0,0.0,0.0,0.0,0.0,404.0,0.0,0.0,0.0,72.0,0.0,0.0,0.0,0.0,0.0,0.0,0.0,0.0,0.0,120.0,1,1,0,1,1,1,0,0,0,1,1,1,0,0,0,0,1,0,0,0,1,0,0,0,0,0,0,0,0,0,1,6.315789473684211,0.6115236862432762,1.7653153721231836,1.8439506172839506,2.3157894736842106,0.6531407182100452,0.13657129455235292,-0.09394501602293914,0.0,0.22941573387056177,0.0,16.000000000000004,3.1842105263157894,0.3876557858593746,1.6292261599251148,0.654377880184335,0.7105263157894737,0.45351810367405493,-0.928414165097055,-1.138047138047138,12.641000000000002,1.2197317220127595,1.7639774691857117,1.8379630007907162,0.631578947368421,0.6657426652986062,1.116185192862558,2.0942968750000013,504.5500000000002,118.86,4.2291000000000025,4,5,0,0,0,0,0,0,0,0,0,0,0,0,0,0,0,0,0,0,0,0,0,0,0,0,1,0,0,0,0,0,0,0,0,0,0,0,0,0,0,0,0,0,0,0,0,0,0,0,0,1,0,0,0,0,0,0,1,0,0,0,0,0,1,1,0,1,1,0,0,0,1,1,0,0,0,0,0,1,0,1,1,0,0,1,0,0,0,0,0,0,1,1,0,1,1,0,1,1,1,0,0,1,1,0,1,1,0,0,0,0,0,1,1,1,0,0,0,0,0,1,1,1,1,0,1,1,1,1,0,0,1,1,0,1,0,0,0,1,0,0,0,0,1,1,1,1,1,0,1,0,1,1,1,0,0,1,1,1,1,1,1,1,1,1,1,1,0,1
CHEMBL220_226,33,32,-1,-1,-1,2.1904761904761907,2.49988661874413,2.361804535820538,4.2046991812032815,0.12205434457604186,0.12411997129045409,1.344125437005764,1.8144204004718318,0.18181386777720296,0.09072517459477614,-0.16601937988461904,-1.020513388268522,6.681818181818182,3.5054943974151707,-0.056161019044656126,-0.9187493149655421,0.021627565982404694,0.05756400174925367,2.949322949640484,7.454263085636715,0.7878787878787878,0.40881022918884974,-1.4083737016560922,-0.016483516483517313,2.1904761904761907,2.49988661874413,2.361804535820538,4.2046991812032815,2.0,0.0,0,0,1.9393939393939394,2.1311455724263326,2.802818266365639,7.0360821252871055,0.0,0.0,0,0,0.020554844652151873,0.05009966107737446,3.196497058588519,10.897769743644359,0.047619047619047616,0.05014938067897888,2.4445762555632724,4.528482729541389,0.047619047619047616,0.054195287317729525,2.4349427551436724,4.617499850355146,1.3333333333333333,0.4714045207910316,0.7071067811865482,-1.4999999999999987,-0.7738049546307493,64.0,210.0,0.0,190.0,1314.0,24.0,0.0,0.0,0.0,442.0,764.0,8208.0,0.0,0.0,0.0,0.0,76.0,0.0,0.0,0.0,0.0,0.0,0.0,0.0,0.0,0.0,0.0,0.0,0.0,0.0,48.0,1,1,0,1,1,1,0,0,0,1,1,1,0,0,0,0,1,0,0,0,0,0,0,0,0,0,0,0,0,0,1,6.315789473684211,0.7292845505553167,1.8763883748662837,1.520833333333333,2.210526315789474,0.6137844099837159,-0.15888839505850166,-0.5350346020761259,0.0,0.0,0,0,3.0526315789473686,0.22329687826943603,4.006938426723767,14.055555555555554,0.631578947368421,0.48237638894272,-0.5455447255899809,-1.702380952380953,12.640684210526315,1.454193393807302,1.8763883748662848,1.5208333333333366,0.631578947368421,0.7405919620773835,1.485944386720922,2.784664830119377,252.269,35.53,3.3114000000000017,0,2,0,0,0,0,0,0,0,0,0,0,0,0,0,0,0,0,0,0,0,0,0,0,0,0,0,0,0,0,0,0,0,0,0,0,0,0,0,0,0,0,0,0,0,0,0,0,0,0,0,0,0,0,0,0,0,0,0,1,0,0,0,0,0,0,0,0,0,0,0,0,0,0,1,0,0,0,1,0,0,0,0,0,0,1,0,0,0,0,0,1,0,0,0,1,0,0,1,0,0,1,0,1,0,0,0,1,0,0,0,0,0,0,0,1,0,0,0,0,0,0,0,0,0,0,0,1,1,1,0,0,0,0,0,0,0,0,0,1,0,0,0,0,0,1,1,1,1,0,0,0,1,0,1,0,1,0,0,1,0,1,1,0,1,1,1,1,0,1
CHEMBL220_227,38,34,-1,-1,-1,2.0,2.7386127875258306,2.9211869733608857,6.7333333333333325,0.10921721453630802,0.11994744483570403,1.669100017588575,3.2633420079057602,0.16025125617814218,0.08632777906912606,-0.14890607790027635,-1.1128999179149388,6.956140350877193,3.9545247994744397,-0.03243802436186769,-0.9200877137218697,0.0214556661925083,0.06076582512314813,3.299374987850376,10.071943327838916,0.8157894736842105,0.3876557858593746,-1.6292261599251139,0.6543778801843323,2.0,2.7386127875258306,2.9211869733608857,6.7333333333333325,2.0,0.0,0,0,1.7894736842105263,2.2844773067590216,3.491036105008133,11.020656686545774,0.0,0.0,0,0,0.00506256567007355,0.014978393425678282,2.693667071469189,5.434430008517724,0.041666666666666664,0.05176378852755603,2.9198979690303037,6.729042044735872,0.041666666666666664,0.12227314643778021,-2.5999679622996705,5.58879692772139,1.1666666666666667,0.3726779962499649,1.7888543819998313,1.1999999999999993,0.08290015483475613,68.0,252.0,0.0,102.0,2040.0,8.0,0.0,0.0,0.0,420.0,450.0,15960.0,0.0,0.0,0.0,0.0,36.0,0.0,0.0,0.0,0.0,0.0,0.0,0.0,0.0,0.0,0.0,0.0,0.0,0.0,0.0,1,1,0,1,1,1,0,0,0,1,1,1,0,0,0,0,1,0,0,0,0,0,0,0,0,0,0,0,0,0,0,6.315789473684211,0.7645178445438923,2.2238520909191646,3.519417802834611,2.1578947368421053,0.5860804592452655,-0.04345289565163945,-0.2713319458896999,0.0,0.0,0,0,3.0789473684210527,0.2696565991042,3.1228802334353043,7.752380952380946,0.631578947368421,0.4823763889427199,-0.5455447255899812,-1.7023809523809514,12.667184210526319,1.622674917264427,2.433141155133488,5.002931888907266,0.6842105263157895,0.7292845505553168,1.3802279872814491,2.6959635416666625,507.56100000000015,57.120000000000005,7.235500000000006,0,10,0,0,0,0,0,0,0,0,0,0,0,0,0,0,0,0,0,0,0,0,0,0,0,0,1,0,0,0,0,0,0,0,0,0,0,0,0,0,0,0,0,0,1,0,0,0,0,0,0,0,0,0,0,0,0,0,0,0,0,0,0,0,0,0,0,0,0,0,0,0,0,1,0,0,0,0,0,0,1,0,0,0,0,0,0,0,0,1,0,0,0,0,0,1,1,0,0,0,0,1,0,0,1,0,0,0,0,1,0,0,0,0,0,1,0,0,0,0,0,1,0,0,0,0,1,1,1,1,0,0,0,0,0,0,1,0,0,0,0,0,1,0,0,1,0,1,1,0,0,1,0,0,1,0,1,0,1,1,0,1,1,1,1,1,1,1,0,0
CHEMBL220_228,40,37,-1,-1,-1,2.076923076923077,3.112296665252909,3.3577479624485074,10.059032700206625,0.10337457599457336,0.11963986391643122,2.3903059196572918,8.762822466904215,0.17560814307960354,0.09634307380346604,-0.21913319640503465,-1.0665137875150847,7.884166666666667,4.492745618710728,-0.11455636848988429,-0.8285105261396275,0.01950067476383266,0.06302323094773467,3.808843348792099,14.096466225972534,0.825,0.3799671038392666,-1.7106744068953987,0.9264069264069255,2.076923076923077,3.112296665252909,3.3577479624485074,10.059032700206625,2.0,0.0,0,0,1.85,2.6033632093889625,4.007145278376214,15.737688755498503,0.0,0.0,0,0,0.03324067000537588,0.15612259422216082,5.928957283916632,33.75977467247797,0.038461538461538464,0.05280815400251541,3.3317262961557823,9.759560751482699,0.03846153846153846,0.03511784068098608,3.5234829749943017,13.586921900815327,1.2692307692307692,0.4435600997950306,1.0405319634289447,-0.9172932330827055,0.1984850233667644,74.0,334.0,0.0,152.0,3510.0,16.0,0.0,0.0,0.0,560.0,872.0,37920.0,0.0,0.0,0.0,0.0,68.0,0.0,0.0,0.0,0.0,0.0,0.0,0.0,0.0,0.0,0.0,0.0,0.0,0.0,0.0,1,1,0,1,1,1,0,0,0,1,1,1,0,0,0,0,1,0,0,0,0,0,0,0,0,0,0,0,0,0,0,6.678571428571429,2.0882934151491024,4.312530368892373,18.338513995521314,2.2142857142857144,0.6185895741317419,-0.17551448183364676,-0.5642666666666671,0.0,0.0,0,0,3.107142857142857,0.30929478706587094,2.5403411844343537,4.45333333333333,0.75,0.4330127018922193,-1.1547005383792515,-0.6666666666666665,13.418071428571432,4.4311076809994425,4.387955467304792,18.8596741292083,0.6071428571428571,0.724040533311189,1.3170498798349268,2.0339567016534392,392.8420000000001,64.36,5.338000000000003,0,5,0,0,0,0,0,0,0,0,0,0,0,0,0,0,0,0,0,0,0,0,0,0,0,0,0,0,0,0,0,0,0,0,0,0,0,0,0,0,0,0,0,0,0,0,0,0,0,0,0,0,0,0,0,0,0,0,0,1,0,0,0,0,1,0,0,1,0,0,0,0,0,0,0,0,0,0,0,0,0,0,1,0,0,1,0,0,0,1,0,0,0,0,1,1,0,1,1,0,0,0,0,1,0,1,1,1,0,1,0,0,1,1,0,1,0,0,0,1,0,0,1,1,0,0,0,1,1,1,0,0,0,0,1,1,1,1,0,1,0,0,0,0,1,1,1,1,1,0,0,0,1,1,1,0,1,1,1,1,1,1,1,1,1,1,1,1,0,0
CHEMBL220_229,38,35,-1,-1,-1,2.0833333333333335,2.8710721961587025,2.9270175626966006,6.820983286360452,0.10736381099615432,0.12160921660000226,1.704976330494575,3.418160033028009,0.16510573784029242,0.0907826145703706,-0.1219504128690425,-1.1612765155262417,7.121052631578948,4.098246458934063,-0.027600612929451523,-0.9617138974195116,0.020507349454717872,0.0575942229272516,3.5263322790982796,11.769295381256946,0.8157894736842105,0.3876557858593746,-1.6292261599251139,0.6543778801843323,2.0833333333333335,2.8710721961587025,2.9270175626966006,6.820983286360452,2.0,0.0,0,0,1.8421052631578947,2.3899605346826793,3.529588027168483,11.352408978316245,0.0,0.0,0,0,0.013159771486911545,0.03416669968832879,2.2595583096046292,3.2161755138139725,0.04166666666666666,0.051940637450843735,2.923892577600088,6.797700323935066,0.041666666666666664,0.037691588525612746,2.572775925975351,5.737703938091512,1.2083333333333333,0.40611643103370687,1.4363696929192162,0.0631578947368423,-1.2055355749870758,70.0,276.0,0.0,150.0,2370.0,24.0,0.0,0.0,0.0,676.0,710.0,19920.0,0.0,0.0,0.0,0.0,114.0,0.0,0.0,0.0,12.0,0.0,0.0,0.0,0.0,0.0,0.0,0.0,0.0,0.0,0.0,1,1,0,1,1,1,0,0,0,1,1,1,0,0,0,0,1,0,0,0,1,0,0,0,0,0,0,0,0,0,0,6.264705882352941,0.655691082635528,2.166090804102648,2.8405037873113947,2.176470588235294,0.5672735741760562,0.0033450054668732326,-0.18591744710370994,0.0,0.0,0,0,3.323529411764706,0.467822756487849,0.7544335361543164,-1.4308300395256928,0.5882352941176471,0.4921529567847503,-0.3585685828003183,-1.871428571428571,12.538882352941176,1.3075140256745397,2.165797744474932,2.83918899592609,0.9705882352941176,0.9230796956750127,0.5069557779700988,-0.7944404648406298,459.5860000000001,51.910000000000004,6.416100000000007,0,12,0,0,0,0,0,0,0,0,0,0,0,0,0,0,0,0,0,0,0,0,0,0,0,0,0,0,0,0,0,0,0,0,0,0,0,0,0,0,0,0,0,0,0,0,0,0,0,0,0,0,0,0,0,0,0,0,0,1,0,0,0,0,0,0,0,0,0,0,0,0,0,0,0,0,0,0,0,0,0,0,0,0,0,0,0,1,1,0,0,1,0,0,0,1,0,0,0,0,1,0,1,1,0,0,0,1,0,0,1,1,0,1,0,1,0,1,1,0,1,0,0,0,1,0,0,1,1,1,1,1,0,0,1,0,0,0,0,1,1,0,1,0,0,1,0,1,1,1,1,1,0,0,1,1,1,1,0,1,1,1,1,1,1,1,1,1,0,0
CHEMBL220_230,36,36,-1,-1,-1,2.25,3.031088913245535,2.8222272633856345,6.5096024804479615,0.11481310113102307,0.12081278734660186,1.6644073392755585,3.3831581811077287,0.19884433527266665,0.10222053854507526,-0.2681532410359992,-1.0804095483516518,7.884259259259259,4.201028578570947,-0.14713131794447623,-0.8677743207699549,0.020541549953314663,0.059826885181276386,3.4598395541770506,10.883940246010594,0.8055555555555556,0.39577241246597245,-1.5440972939559132,0.3842364532019702,2.25,3.031088913245535,2.8222272633856345,6.5096024804479615,2.0,0.0,0,0,2.0,2.581988897471611,3.340448136103897,10.327499999999999,0.0,0.0,0,0,0.03205304279865683,0.0707614559822415,2.607696282646894,7.059738299594022,0.041666666666666664,0.05144625508530286,2.850996096630695,6.607598347467393,0.041666666666666664,0.017699146559207266,0.5504440599284635,-0.05236983128418471,1.3333333333333333,0.4714045207910317,0.7071067811865479,-1.4999999999999993,2.186390125756052,72.0,312.0,0.0,296.0,2790.0,56.0,0.0,0.0,0.0,1038.0,1602.0,25224.0,0.0,0.0,0.0,0.0,278.0,0.0,0.0,0.0,48.0,0.0,0.0,0.0,0.0,0.0,0.0,0.0,0.0,0.0,36.0,1,1,0,1,1,1,0,0,0,1,1,1,0,0,0,0,1,0,0,0,1,0,0,0,0,0,0,0,0,0,1,6.25,0.6123724356957945,2.2453655975512463,3.416666666666667,2.25,0.6123724356957945,-0.2041241452319315,-0.5833333333333335,0.0,0.0,0,0,3.375,0.4841229182759271,0.5163977794943223,-1.7333333333333334,0.46875,0.4990224819584785,0.1252448582170299,-1.9843137254901961,12.509625,1.2212238162495035,2.2446748224286557,3.4132821729540392,0.9375,0.899218410621135,0.3807654517563974,-1.1069103129594624,430.54800000000023,51.54,5.111400000000005,0,7,0,0,0,0,0,0,0,0,0,0,0,0,0,0,0,0,0,0,0,0,0,0,0,0,0,0,0,0,0,0,0,0,0,0,0,0,0,0,0,0,0,0,0,0,0,0,0,0,0,0,0,0,0,0,0,0,0,0,0,0,0,0,0,0,0,1,0,0,0,0,0,0,0,0,0,1,0,0,0,0,0,0,0,1,0,1,1,0,0,0,0,0,1,1,0,0,1,0,1,0,1,1,0,0,0,1,0,0,0,0,1,1,0,1,0,0,0,1,1,0,1,1,1,0,0,1,1,1,1,1,0,0,1,0,0,0,1,1,1,0,0,0,1,1,0,1,1,1,1,0,0,0,1,1,1,1,1,1,1,1,1,1,1,1,1,1,0,1
CHEMBL220_231,37,38,-1,-1,-1,2.32,3.1333049644105824,2.878345847245256,7.104276235829664,0.11408637137693808,0.11836945084383213,1.6641404594729232,3.49183176592833,0.2024931373537989,0.10430821798332562,-0.29028720618013276,-1.0468398123820295,8.261261261261263,4.3958229115696525,-0.18440012834538885,-0.8452139910900294,0.020506220506220505,0.06080340555863182,3.645827893596131,12.574694948929718,0.8108108108108109,0.3916588309780929,-1.5871507864874157,0.5190476190476199,2.32,3.1333049644105824,2.878345847245256,7.104276235829664,2.0,0.0,0,0,2.054054054054054,2.6807214231302563,3.401988606924836,11.074450394004344,0.0,0.0,0,0,0.038740920400442753,0.09424484831711542,3.3969694663592143,12.921622815192102,0.039999999999999994,0.05003905958815851,2.992203458938446,7.760242151312749,0.039999999999999994,0.019822493197447635,0.7694957171079849,0.6579084562954765,1.32,0.46647615158762407,0.7717436331412894,-1.4044117647058831,0.3290068068785741,76.0,346.0,0.0,366.0,3270.0,80.0,0.0,0.0,0.0,1288.0,2024.0,32088.0,0.0,0.0,0.0,0.0,374.0,0.0,0.0,0.0,72.0,0.0,0.0,0.0,0.0,0.0,0.0,0.0,0.0,0.0,120.0,1,1,0,1,1,1,0,0,0,1,1,1,0,0,0,0,1,0,0,0,1,0,0,0,0,0,0,0,0,0,1,7.057142857142857,2.9755465970171606,2.872713840094995,6.468442407406274,2.2285714285714286,0.5897076411585798,-0.10645386896534599,-0.45133240759108606,0.0,0.0,0,0,3.2857142857142856,0.45175395145262565,0.9486832980505149,-1.0999999999999988,0.6571428571428571,0.4746642207381757,-0.6621221919717304,-1.56159420289855,14.208600000000002,6.233832699528781,2.899028130871898,6.64449068721043,0.7714285714285715,0.7959079015533782,0.7718975408953337,-0.0517390264640234,524.5170000000003,37.39,7.869000000000007,0,7,0,0,0,0,0,0,0,0,0,0,0,0,0,0,0,0,0,0,0,0,0,0,0,0,0,0,0,0,0,0,0,0,0,0,0,0,1,0,0,0,0,0,0,0,0,0,0,1,0,0,0,0,0,0,0,0,0,0,0,0,0,0,1,0,0,1,0,0,0,0,0,0,0,0,0,1,0,1,0,0,1,1,0,1,0,1,1,1,1,0,1,0,0,1,0,0,1,0,1,0,1,0,0,1,1,0,1,1,0,0,0,1,0,1,0,0,0,0,1,0,1,1,1,0,0,1,1,1,1,1,0,0,0,1,1,1,0,1,1,0,0,0,1,1,1,1,0,1,1,0,1,1,1,1,0,1,1,1,1,0,1,1,1,1,1,1,0,1
CHEMBL220_232,36,33,-1,-1,-1,2.0,2.5,2.816,6.5808,0.113647519575794,0.12190988094509522,1.8857731736110552,5.309745110439435,0.17745478153087735,0.08506794241656801,-0.3655810403004852,-1.0059063959452852,7.234259259259259,3.7010987366876025,-0.16518304605054634,-0.8047161576006796,0.02483660130718954,0.0656145482994284,2.941300672880015,7.634963106636286,0.8055555555555556,0.3957724124659724,-1.5440972939559132,0.3842364532019724,2.0,2.5,2.816,6.5808,2.0,0.0,0,0,1.8333333333333333,2.153807997220014,3.2185486066958773,9.67069453906558,0.0,0.0,0,0,0.0,0.0,0,0,0.041666666666666664,0.047812523034719556,2.846411531998487,6.7130094327853875,0.041666666666666664,0.05288838333548038,-1.6079387889090737,2.66436588304688,1.25,0.4330127018922193,1.1547005383792515,-0.6666666666666665,-1.015161208490329,66.0,222.0,0.0,100.0,1566.0,0.0,0.0,0.0,0.0,242.0,374.0,11064.0,0.0,0.0,0.0,0.0,0.0,0.0,0.0,0.0,0.0,0.0,0.0,0.0,0.0,0.0,0.0,0.0,0.0,0.0,12.0,1,1,0,1,1,0,0,0,0,1,1,1,0,0,0,0,0,0,0,0,0,0,0,0,0,0,0,0,0,0,1,7.3,2.9849623113198596,2.4159259177577788,4.243852668095093,2.1,0.7681145747868608,0.48986335996174335,0.09020396437805145,0.0,0.0,0,0,3.25,0.4330127018922193,1.1547005383792515,-0.6666666666666665,0.6,0.48989794855663565,-0.4082482904638627,-1.8333333333333335,14.614800000000006,5.985829997585966,2.418557071360872,4.253369448784226,0.8,0.9273618495495702,1.1585753772090366,0.5575987020010857,308.424,43.370000000000005,3.625720000000003,0,5,0,0,0,0,0,0,0,0,0,0,0,0,0,0,1,0,0,0,0,0,0,0,0,0,0,0,0,0,0,0,0,0,0,0,0,0,0,0,0,0,0,0,0,0,0,0,0,0,0,0,0,1,0,0,0,1,0,0,1,1,1,1,0,0,1,0,0,1,0,0,0,0,0,1,0,0,0,0,0,0,0,1,0,0,0,0,0,0,1,0,0,0,0,1,0,0,0,0,0,0,0,0,1,0,0,0,1,0,0,0,0,0,1,1,0,0,0,0,0,0,0,0,0,0,1,1,1,1,0,0,1,0,0,0,0,0,1,0,0,0,0,0,0,1,0,1,1,0,1,1,0,0,1,1,0,1,0,1,0,1,1,0,1,1,1,1,0,1
CHEMBL220_233,38,37,-1,-1,-1,2.25,3.1655699855370965,2.970171863280297,7.3578260813188034,0.10653121955647345,0.1223392362796771,1.748862777431494,3.7593196592098552,0.17987777523743773,0.10168018518983704,-0.16824237358745472,-1.257220253879813,7.5394736842105265,4.417979647693744,-0.04923205213732953,-1.0070393249748786,0.01750434645171487,0.05135841739131826,3.671844173448479,12.764393791713344,0.8157894736842105,0.3876557858593746,-1.6292261599251143,0.6543778801843323,2.25,3.1655699855370965,2.970171863280297,7.3578260813188034,2.0,0.0,0,0,1.9473684210526316,2.6252555607031427,3.635214108156898,12.47273924483823,0.0,0.0,0,0,0.033686136252536775,0.0732794506044101,1.8177409076209559,1.465247509341281,0.04166666666666666,0.05322584002206491,2.9994615729587286,7.54020842671391,0.04166666666666668,0.15440525468488983,-2.636110418756451,6.014967630802069,1.2916666666666667,0.45452967144315476,0.9166984970282107,-1.1596638655462195,-1.1624868490051259,74.0,332.0,0.0,280.0,3240.0,80.0,0.0,0.0,0.0,1322.0,1524.0,32064.0,0.0,0.0,0.0,0.0,428.0,0.0,0.0,0.0,120.0,0.0,0.0,0.0,0.0,0.0,0.0,0.0,0.0,0.0,0.0,1,1,0,1,1,1,0,0,0,1,1,1,0,0,0,0,1,0,0,0,1,0,0,0,0,0,0,0,0,0,0,6.380952380952381,0.6529194857524805,1.4726157120372518,0.8375961973743711,2.1904761904761907,0.7315376902732009,-0.31223272718282413,-1.0908503303648382,0.0,0.0,0,0,3.142857142857143,0.34992710611188255,2.041241452319316,2.1666666666666714,0.7142857142857143,0.45175395145262565,-0.948683298050514,-1.1,12.771,1.3022828308123289,1.471302273061192,0.8326151081517885,0.7619047619047619,0.9712418121129115,1.1139962195469442,0.13632581360946716,284.319,85.93,1.6721199999999998,0,3,0,0,0,0,0,0,0,0,0,0,0,0,0,0,0,0,0,0,0,0,0,0,0,0,0,1,0,0,0,0,0,0,0,0,0,0,0,0,0,0,0,0,0,1,0,0,0,0,0,0,0,0,0,0,0,0,0,0,0,0,0,0,0,0,0,1,0,0,0,0,0,0,0,0,0,1,0,1,0,1,1,0,0,1,1,1,0,0,0,0,0,1,1,1,0,1,1,1,1,0,1,1,0,0,0,1,1,0,0,0,1,0,0,1,0,0,1,1,0,0,1,1,1,0,0,1,1,1,0,0,0,1,0,1,0,1,0,1,0,0,0,0,1,1,1,1,0,0,1,1,1,1,1,1,1,1,1,1,1,1,1,1,1,1,1,1,0,0
CHEMBL220_234,36,35,-1,-1,-1,2.1666666666666665,2.7335365778094545,2.762511060682546,6.109782894100409,0.11426434642902548,0.12133192866234935,1.5909061705912262,2.8467895775277867,0.18665645631321595,0.09291483309335868,-0.30717668917912183,-1.099565579578791,7.54537037037037,3.9538495289266753,-0.15809440182253492,-0.9078450791870307,0.022969187675070026,0.05911614118578265,3.298224853246267,10.027096818956451,0.8055555555555556,0.3957724124659724,-1.5440972939559132,0.3842364532019724,2.1666666666666665,2.7335365778094545,2.762511060682546,6.109782894100409,2.0,0.0,0,0,1.9444444444444444,2.344549760667688,3.2222315198259213,9.46444864864353,0.0,0.0,0,0,0.013284561156901582,0.0338838523242449,2.2682616610429713,3.3930393583110083,0.041666666666666664,0.047882039040055016,2.774551848936098,6.148602229710956,0.041666666666666664,0.06520148671728378,-1.833093038648185,2.9719437200984204,1.3333333333333333,0.4714045207910317,0.707106781186548,-1.4999999999999993,0.37555293276119994,70.0,264.0,0.0,192.0,2052.0,24.0,0.0,0.0,0.0,690.0,840.0,15960.0,0.0,0.0,0.0,0.0,108.0,0.0,0.0,0.0,12.0,0.0,0.0,0.0,0.0,0.0,0.0,0.0,0.0,0.0,36.0,1,1,0,1,1,1,0,0,0,1,1,1,0,0,0,0,1,0,0,0,1,0,0,0,0,0,0,0,0,0,1,6.481481481481482,0.833127546607555,1.2115420465418563,-0.4592401068599741,2.1481481481481484,0.7046776885348314,-0.2166236989479659,-0.9821586642654365,0.0,0.0,0,0,3.037037037037037,0.18885257457751053,4.9029033784546,22.038461538461526,0.5925925925925926,0.4913518207933925,-0.3768891807222045,-1.8579545454545452,12.971148148148151,1.6613024721519118,1.2113592414552008,-0.45969532488605624,0.5555555555555556,0.6849348892187753,1.528296546442447,3.3116343490304665,365.34100000000007,105.84,3.151700000000001,0,5,0,0,0,0,0,0,0,0,0,0,0,0,0,0,0,0,0,0,0,0,0,0,0,0,0,0,0,0,0,0,0,0,0,0,0,0,0,0,0,0,0,0,0,0,0,0,0,0,0,0,0,0,0,0,0,0,0,1,0,0,0,0,0,0,0,0,0,0,0,0,0,0,1,0,0,0,0,0,0,0,0,0,0,0,0,0,0,0,0,1,0,0,1,1,0,1,0,0,1,1,0,1,0,0,0,1,0,0,0,0,1,0,0,1,0,0,0,1,0,0,0,0,0,1,0,1,1,1,0,0,0,1,0,1,0,1,1,1,0,1,1,0,0,1,0,1,1,0,0,0,0,1,1,0,1,0,1,1,1,1,1,1,1,1,1,1,0,1
CHEMBL220_235,39,36,-1,-1,-1,2.0,2.748737083745107,3.0495288147950697,7.759515570934255,0.10918394309402076,0.11713194359980236,1.7763976346024675,3.9199381227675127,0.17695251244775365,0.0859721534402479,-0.30356898699731033,-0.9120272902507045,7.977777777777778,4.099140576546113,-0.17633573967775176,-0.7314936458825891,0.027318816792501,0.0744712681485102,3.113711896071563,9.045948621517681,0.8205128205128205,0.3837597319768145,-1.6703827619526517,0.7901785714285703,2.0,2.748737083745107,3.0495288147950697,7.759515570934255,2.0,0.0,0,0,1.8461538461538463,2.3808903908526395,3.4770457229307277,11.178719147841932,0.0,0.0,0,0,0.0044425659810275195,0.013545097121054653,2.8482854051513393,6.374034322411735,0.037037037037037035,0.04610801447350841,3.040237900514186,7.738557830281637,0.03703703703703703,0.13688004801312065,3.263615876117483,8.912030154763798,1.1481481481481481,0.3552467795046459,1.9808869335422101,1.9239130434782608,0.3188452801353706,72.0,282.0,0.0,132.0,2382.0,8.0,0.0,0.0,0.0,484.0,608.0,19920.0,0.0,0.0,0.0,0.0,38.0,0.0,0.0,0.0,0.0,0.0,0.0,0.0,0.0,0.0,0.0,0.0,0.0,0.0,0.0,1,1,0,1,1,1,0,0,0,1,1,1,0,0,0,0,1,0,0,0,0,0,0,0,0,0,0,0,0,0,0,6.481481481481482,0.833127546607555,1.2115420465418563,-0.4592401068599741,2.1481481481481484,0.7046776885348314,-0.21662369894796596,-0.9821586642654365,0.0,0.0,0,0,3.037037037037037,0.18885257457751053,4.9029033784546,22.038461538461526,0.5925925925925926,0.4913518207933925,-0.3768891807222045,-1.8579545454545452,12.971148148148151,1.6613024721519118,1.2113592414552008,-0.45969532488605624,0.5555555555555556,0.6849348892187753,1.528296546442447,3.3116343490304665,365.3410000000001,105.84,3.151700000000001,0,5,0,0,0,0,0,0,0,0,0,0,0,0,0,0,0,0,0,0,0,0,0,0,0,0,0,0,0,0,0,0,0,0,0,0,0,0,0,0,0,0,0,0,0,0,0,0,0,0,0,0,0,0,0,0,0,0,0,1,0,0,0,0,0,0,0,0,0,0,0,0,0,0,0,0,0,0,0,0,0,0,0,0,0,0,0,0,0,0,0,1,0,0,1,1,0,0,0,1,1,1,0,1,0,0,0,1,0,0,0,0,1,0,0,1,0,0,0,1,0,0,0,0,0,1,0,1,1,1,0,0,0,1,0,1,0,1,1,1,0,1,1,0,0,1,1,1,1,0,0,0,1,1,1,0,1,0,1,1,1,1,1,1,1,1,1,1,0,1
CHEMBL220_236,38,35,-1,-1,-1,2.0,2.7873339895374523,3.0370764918840094,7.565924909322614,0.11241785628547542,0.11695304639838337,1.77416557401972,3.952513714790392,0.18605656011355304,0.0920231946682766,-0.2973942770180135,-0.8942525735179934,7.938596491228072,4.118568183011706,-0.16018561689764013,-0.727446433269987,0.02437964280069543,0.07013304254599613,3.204442133303615,9.228173945960002,0.8157894736842105,0.3876557858593746,-1.6292261599251139,0.6543778801843323,2.0,2.7873339895374523,3.0370764918840094,7.565924909322614,2.0,0.0,0,0,1.8421052631578947,2.4009462585172723,3.483160936189356,11.093344719079129,0.0,0.0,0,0,0.0034472206980964842,0.01066124294965383,3.1474632425871687,9.093659192404791,0.03846153846153846,0.04862601640737263,3.044461451789664,7.593905022781582,0.03846153846153847,0.01838342571612491,0.4040135503011961,1.4260000498567278,1.1538461538461537,0.36080121229411,1.9188064472004944,1.6818181818181834,-1.7335091682466368,70.0,278.0,0.0,152.0,2376.0,8.0,0.0,0.0,0.0,488.0,754.0,19920.0,0.0,0.0,0.0,0.0,40.0,0.0,0.0,0.0,0.0,0.0,0.0,0.0,0.0,0.0,0.0,0.0,0.0,0.0,0.0,1,1,0,1,1,1,0,0,0,1,1,1,0,0,0,0,1,0,0,0,0,0,0,0,0,0,0,0,0,0,0,6.478260869565218,0.8272303300191498,1.2213395144438888,-0.4211257287628585,2.1739130434782608,0.7010658911563957,-0.25474826257937383,-0.9604142011834327,0.0,0.0,0,0,3.0434782608695654,0.20393111999232302,4.477215043467814,18.04545454545454,0.6956521739130435,0.4601306627938419,-0.8504200642707608,-1.276785714285715,12.964739130434786,1.6495521715695085,1.2211224678408494,-0.4216734425847659,0.5652173913043478,0.7117698062497783,1.5781739416474947,3.221263087547336,311.29300000000006,88.77,2.7595000000000005,0,3,0,0,0,0,0,0,0,0,0,0,0,0,0,0,0,0,0,0,0,0,0,0,0,0,0,0,0,0,0,0,0,0,0,0,0,0,0,0,0,0,0,0,0,0,0,0,0,0,0,0,0,0,0,1,0,0,0,1,0,0,0,0,0,0,0,0,0,0,0,0,0,0,1,0,0,0,0,0,0,0,0,0,0,0,0,0,0,0,0,1,0,0,1,1,0,0,0,1,1,0,0,1,0,0,0,1,0,0,0,0,1,0,0,1,0,0,0,1,0,0,0,0,0,0,0,1,1,1,0,0,0,1,0,1,0,1,1,1,0,1,1,0,0,1,1,1,1,0,0,0,1,1,1,0,1,0,1,1,1,1,1,1,1,1,1,1,0,0
CHEMBL220_237,37,32,-1,-1,-1,1.9130434782608696,2.5179882148817834,2.8433817644731003,6.265363867456493,0.1118135725007729,0.12051867918145064,1.6197069345951511,3.175562919647609,0.1528057673426273,0.08018295321068147,-0.16516184463874414,-1.0855470851919182,6.490990990990991,3.6395054497606893,-0.008850394589578502,-0.8717224833711583,0.022265122265122263,0.0652903700588424,3.038928089832183,7.758197478645446,0.8108108108108109,0.3916588309780929,-1.5871507864874157,0.5190476190476199,1.9130434782608696,2.5179882148817834,2.8433817644731003,6.265363867456493,2.0,0.0,0,0,1.7297297297297298,2.10081899922257,3.367166649410375,10.152474387332367,0.0,0.0,0,0,0.0,0.0,0,0,0.043478260869565216,0.052059403526861434,2.8410360302592252,6.259078415380152,0.04347826086956517,0.15228301019091287,2.8957608160933543,6.476041425730424,1.0,0.0,0,0,-0.4315889709064686,64.0,210.0,0.0,56.0,1500.0,0.0,0.0,0.0,0.0,182.0,216.0,10200.0,0.0,0.0,0.0,0.0,0.0,0.0,0.0,0.0,0.0,0.0,0.0,0.0,0.0,0.0,0.0,0.0,0.0,0.0,0.0,1,1,0,1,1,0,0,0,0,1,1,1,0,0,0,0,0,0,0,0,0,0,0,0,0,0,0,0,0,0,0,7.05,2.2242976419535223,3.2084209134848476,10.147211205275394,2.1,0.8306623862918076,0.33498672162996607,-0.5179584120982987,0.0,0.0,0,0,3.4,0.48989794855663565,0.4082482904638634,-1.833333333333333,0.3,0.45825756949558394,0.8728715609439694,-1.2380952380952381,14.110600000000002,4.4585954559704115,3.2172469836133293,10.193917823879332,0.85,0.8529361054615991,0.7747646488835294,-0.09076416197258119,299.34799999999996,92.7,1.1429999999999996,2,4,0,0,0,0,0,0,0,0,0,0,0,0,0,0,0,0,0,0,0,0,0,0,0,0,1,0,0,0,0,0,0,0,0,0,0,0,0,0,0,0,0,0,0,0,0,0,0,0,0,0,0,1,0,0,0,1,0,0,1,1,1,1,0,0,1,0,0,1,1,1,0,1,1,1,0,0,0,0,0,0,0,1,0,0,0,0,0,0,1,0,1,1,1,1,1,0,1,0,0,0,0,0,1,0,0,0,0,0,0,0,1,0,1,1,0,0,0,1,1,0,0,0,0,0,1,0,1,1,0,1,1,1,0,0,0,0,1,0,0,1,1,0,0,1,0,0,1,1,1,0,1,1,1,0,1,0,1,1,1,1,1,1,1,1,1,1,0,0
CHEMBL220_238,42,43,-1,-1,-1,2.357142857142857,3.8005101698351504,3.553210254323801,11.624287593543807,0.10452579941387073,0.11350718508717882,2.152176219863699,7.033688920767881,0.20315186226995008,0.1151360829662446,-0.30649099531720425,-1.169220827197774,9.285714285714286,5.367639628144443,-0.21098333221701673,-0.890719139212246,0.016114982578397212,0.05640620635443125,4.598228544319896,20.873314793072236,0.8333333333333334,0.37267799624996495,-1.788854381999832,1.200000000000001,2.357142857142857,3.8005101698351504,3.553210254323801,11.624287593543807,2.0,0.0,0,0,2.0476190476190474,3.191897338070265,4.283750158343552,18.220315708353407,0.0,0.0,0,0,0.04941116231438812,0.10397599558567194,2.4463231231360885,6.375360759458948,0.03571428571428572,0.053069769395308206,3.614537342386623,12.063968479417921,0.035714285714285705,0.04911396102499206,3.676216611054719,12.822971986161741,1.3571428571428572,0.47915742374995496,0.5962847939999436,-1.6444444444444448,0.6033335712633997,86.0,518.0,0.0,448.0,7200.0,128.0,0.0,0.0,0.0,2440.0,3278.0,105024.0,0.0,0.0,0.0,0.0,856.0,0.0,0.0,0.0,240.0,0.0,0.0,0.0,0.0,0.0,0.0,0.0,0.0,0.0,60.0,1,1,0,1,1,1,0,0,0,1,1,1,0,0,0,0,1,0,0,0,1,0,0,0,0,0,0,0,0,0,1,6.666666666666667,1.7695516752310825,4.449216369192358,20.495587929240383,2.242424242424242,0.6976281474679599,0.16506145224996735,-0.13048771804912684,0.0,0.0,0,0,3.121212121212121,0.4772125984249582,0.3369600143795386,0.9408168574401676,0.6363636363636364,0.48104569292083466,-0.5669467095138406,-1.6785714285714284,13.34421212121212,3.5471015205980265,4.458615772709791,20.564624680124176,0.6060606060606061,0.6936680692278544,1.2513643025269259,2.1226035778800805,460.5190000000002,132.79,3.1685800000000013,2,6,0,0,0,0,0,0,0,0,0,0,0,0,0,0,0,0,0,0,0,0,0,0,0,0,0,0,0,0,0,0,0,0,1,1,0,0,0,0,1,0,0,1,0,0,0,0,0,0,0,0,0,1,0,1,0,1,0,0,1,1,1,1,1,0,1,1,0,1,0,1,0,0,0,1,0,0,0,1,0,0,1,1,0,1,0,0,0,0,1,0,0,0,0,1,1,0,1,0,1,0,0,1,1,0,1,1,1,0,0,0,0,1,1,1,0,0,0,1,0,0,1,1,0,0,1,1,1,1,0,0,1,1,0,1,0,0,1,1,0,0,0,0,1,1,1,1,1,0,1,0,0,1,1,0,0,0,1,1,1,1,1,1,1,1,1,1,0,0
CHEMBL220_239,39,39,-1,-1,-1,2.2222222222222223,3.3591592128513277,3.5826726412200935,11.947878610862395,0.10822932362062847,0.1180145717682648,2.3013904770095555,8.176030433623012,0.20333583285431925,0.10503886469586399,-0.29398000514633676,-1.0093377951537006,8.835897435897438,4.6978999649469655,-0.19196632768643884,-0.6910893533532421,0.02177481124849546,0.0672439262024435,4.188682638086516,17.277822218480267,0.8205128205128205,0.3837597319768145,-1.6703827619526517,0.7901785714285703,2.2222222222222223,3.3591592128513277,3.5826726412200935,11.947878610862395,2.0,0.0,0,0,2.0,2.8823067684915684,4.163331998932264,17.369341563786005,0.0,0.0,0,0,0.048793650889588654,0.16165771037624008,5.225985516752852,27.755914068447122,0.037037037037037035,0.05102513864258078,3.6026567714760223,12.070414555828732,0.037037037037037035,0.01823321002081287,-0.3211689330174308,-0.847714421877888,1.3333333333333333,0.4714045207910316,0.7071067811865481,-1.4999999999999982,-1.346805345719751,78.0,402.0,0.0,286.0,4860.0,56.0,0.0,0.0,0.0,1212.0,1800.0,62280.0,0.0,0.0,0.0,0.0,306.0,0.0,0.0,0.0,48.0,0.0,0.0,0.0,0.0,0.0,0.0,0.0,0.0,0.0,0.0,1,1,0,1,1,1,0,0,0,1,1,1,0,0,0,0,1,0,0,0,1,0,0,0,0,0,0,0,0,0,0,6.666666666666667,1.7695516752310827,4.4492163691923565,20.495587929240365,2.303030303030303,0.5765544724375894,-0.14083444234552794,-0.5983791703549954,0.0,0.0,0,0,3.090909090909091,0.28747978728803447,2.846049894151543,6.100000000000007,0.8181818181818182,0.38569460791993504,-1.6499158227686115,0.7222222222222228,13.34421212121212,3.547101520598027,4.458615772709791,20.564624680124165,0.5454545454545454,0.8198635914223443,1.6687011313187659,2.316514377855417,458.50300000000016,99.45,4.478500000000003,0,6,0,0,0,0,0,0,0,0,0,0,0,0,0,0,0,0,0,0,0,0,0,0,0,0,0,0,0,0,0,0,0,0,0,0,0,0,1,0,1,0,0,0,0,0,0,0,0,1,0,0,0,0,1,0,0,0,0,0,0,0,0,0,1,0,0,1,0,0,0,0,0,0,0,0,0,0,0,1,0,1,1,1,0,1,0,0,0,0,1,0,0,0,0,1,1,1,1,1,1,0,0,1,0,0,0,1,1,0,0,1,0,1,0,1,0,0,0,0,0,0,1,1,1,0,1,1,1,1,0,0,1,0,0,0,0,0,0,1,0,0,0,0,1,1,0,1,1,0,1,1,0,1,1,1,0,1,1,1,0,1,1,1,1,1,1,1,0,0
CHEMBL220_240,39,39,-1,-1,-1,2.2222222222222223,3.303570832737446,3.348145128488434,10.063814213468197,0.10938422761678056,0.11694492887554381,2.0901919585980284,6.478034853446642,0.20346625468716256,0.10411461734610808,-0.3343835220465856,-1.0102169470510247,8.823931623931626,4.665202448668505,-0.21936403259911605,-0.7445589634198062,0.02155596892438998,0.06552693027281217,3.869553202466259,14.205163614056342,0.8205128205128205,0.3837597319768145,-1.6703827619526517,0.7901785714285703,2.2222222222222223,3.303570832737446,3.348145128488434,10.063814213468197,2.0,0.0,0,0,2.0,2.8374781146789574,3.899129374877209,14.833928354091444,0.0,0.0,0,0,0.03216767614357976,0.08715986847357975,4.087908736760082,18.47893674865694,0.03703703703703703,0.05032087922698624,3.383302250221659,10.271275940468849,0.037037037037037056,0.0161794706762139,0.016836842483970743,-0.3657653275198527,1.2962962962962963,0.4566232594791834,0.8922178162191939,-1.2039473684210522,0.6081873603460018,78.0,392.0,0.0,306.0,4416.0,56.0,0.0,0.0,0.0,1284.0,1852.0,51720.0,0.0,0.0,0.0,0.0,312.0,0.0,0.0,0.0,48.0,0.0,0.0,0.0,0.0,0.0,0.0,0.0,0.0,0.0,36.0,1,1,0,1,1,1,0,0,0,1,1,1,0,0,0,0,1,0,0,0,1,0,0,0,0,0,0,0,0,0,1,6.521739130434782,0.7728864710709207,1.0574402106804734,-0.5116567857715086,2.1739130434782608,0.7010658911563957,-0.2547482625793737,-0.9604142011834327,0.0,0.29488391230979427,0.0,8.5,3.0434782608695654,0.20393111999232302,4.477215043467814,18.04545454545454,0.6521739130434783,0.476280484787101,-0.6390096504226938,-1.591666666666667,13.051695652173917,1.5413510289122736,1.0565796461313872,-0.513787056662828,0.5217391304347826,0.7144207271806515,1.712140142719852,3.535061728395058,312.285,110.14999999999999,2.732,0,4,0,0,0,0,0,0,0,0,0,0,0,0,0,0,0,0,0,0,0,0,0,0,0,0,1,1,0,0,0,0,0,0,0,0,0,0,0,0,0,0,0,0,0,1,0,0,0,0,0,1,0,0,0,0,0,0,1,0,0,0,0,0,0,1,0,1,0,0,0,0,1,1,0,0,0,0,0,1,0,1,0,0,0,1,0,0,0,0,0,0,0,0,1,1,1,0,1,1,0,0,0,1,1,0,0,1,1,0,0,0,1,0,0,1,0,0,0,1,0,1,1,1,1,0,1,1,1,1,0,0,1,1,0,1,0,1,1,1,0,0,1,0,1,1,0,1,1,0,1,0,0,1,1,0,1,0,1,1,1,1,1,1,1,1,1,1,0,0
CHEMBL220_241,37,36,-1,-1,-1,2.16,2.852086955196142,2.9832475812563075,7.65000718070174,0.11179275080001341,0.12053799357710053,1.862029417979145,4.818531041310165,0.19093828516310202,0.09561946344100461,-0.32394884193803575,-1.0477872808825273,7.902702702702704,4.144578414378915,-0.1788168371141381,-0.8335480520677199,0.02273702273702274,0.06104962248993916,3.5506116059534336,12.232438488763197,0.8108108108108109,0.3916588309780929,-1.5871507864874157,0.5190476190476199,2.16,2.852086955196142,2.9832475812563075,7.65000718070174,2.0,0.0,0,0,1.945945945945946,2.448893251907956,3.463423780246197,11.465305790003868,0.0,0.0,0,0,0.012414328203801887,0.032288090008426806,2.319459525489563,3.5724141392650015,0.04000000000000001,0.048210739794888616,3.0096787383938826,7.809868453546553,0.040000000000000015,0.3335187918596292,-2.876172049943411,7.585555635931206,1.32,0.46647615158762407,0.7717436331412894,-1.4044117647058827,0.39660197338568165,72.0,290.0,0.0,204.0,2508.0,24.0,0.0,0.0,0.0,742.0,982.0,22320.0,0.0,0.0,0.0,0.0,114.0,0.0,0.0,0.0,12.0,0.0,0.0,0.0,0.0,0.0,0.0,0.0,0.0,0.0,36.0,1,1,0,1,1,1,0,0,0,1,1,1,0,0,0,0,1,0,0,0,1,0,0,0,0,0,0,0,0,0,1,6.25,0.5590169943749475,2.146625258399798,3.4400000000000004,2.25,0.6614378277661477,-0.3239695482936233,-0.7755102040816326,0.0625,0.24206145913796356,3.6147844564602556,11.066666666666666,3.125,0.33071891388307384,2.267786838055363,3.1428571428571432,0.8125,0.3903123748998999,-1.6012815380508714,0.5641025641025643,12.50975,1.1150154427181718,2.145226806394214,3.432495202933011,0.8125,0.9499177595981665,1.2560895994686498,0.7500983864620228,213.26,28.9,2.1542000000000003,0,1,0,0,0,0,0,0,0,0,0,0,0,0,0,0,0,0,0,0,0,0,0,0,0,0,0,0,0,0,0,0,0,0,0,0,0,0,0,0,0,0,0,0,0,0,0,0,0,0,0,1,0,0,0,0,0,0,0,0,0,0,0,0,0,0,0,1,0,0,0,0,0,0,0,0,0,1,0,0,0,1,0,0,0,1,0,1,0,0,0,0,0,0,0,1,0,0,1,0,1,0,0,1,0,0,0,1,0,0,0,0,0,0,0,1,0,0,0,0,0,0,1,1,1,0,0,1,1,1,0,0,0,0,0,0,0,0,0,1,0,0,0,0,1,1,0,1,0,0,1,1,0,1,1,0,0,0,1,1,1,0,1,1,1,1,1,1,0,1
CHEMBL220_242,39,39,-1,-1,-1,2.2222222222222223,3.224137361899313,3.373373841703772,10.620124576142098,0.10836028041368433,0.11789433943024295,2.158815377255649,7.049763535546726,0.20334456444245458,0.10430006722130399,-0.3216090464073026,-0.9883587670190632,8.775213675213676,4.649513456448248,-0.20137815222897318,-0.7311063887883975,0.02162891636575847,0.06364018401404357,4.035677593445755,16.49214429138849,0.8205128205128205,0.3837597319768145,-1.6703827619526517,0.7901785714285703,2.2222222222222223,3.224137361899313,3.373373841703772,10.620124576142098,2.0,0.0,0,0,2.0,2.7735009811261455,3.915628685153892,15.470399999999998,0.0,0.0,0,0,0.023342042572811802,0.049875965105610987,1.8567342214321818,1.6974535065064078,0.037037037037037035,0.049168772063806494,3.4166960290668436,10.892557365452399,0.03703703703703704,0.024149999596656438,-0.3384880964899416,-0.7171483059238399,1.2962962962962963,0.4566232594791834,0.8922178162191942,-1.2039473684210513,-1.503166114644186,78.0,378.0,0.0,316.0,4158.0,56.0,0.0,0.0,0.0,1244.0,1924.0,48840.0,0.0,0.0,0.0,0.0,304.0,0.0,0.0,0.0,48.0,0.0,0.0,0.0,0.0,0.0,0.0,0.0,0.0,0.0,36.0,1,1,0,1,1,1,0,0,0,1,1,1,0,0,0,0,1,0,0,0,1,0,0,0,0,0,0,0,0,0,1,6.545454545454546,1.9241827716833386,4.869034519764514,23.43249760841836,2.1818181818181817,0.6254474981984937,-0.15353923408463227,-0.5632810950208293,0.0,0.0,0,0,3.242424242424242,0.4285495643554833,1.2020815280171326,-0.554999999999997,0.6363636363636364,0.48104569292083466,-0.5669467095138406,-1.6785714285714286,13.144515151515153,4.085775147117221,4.936617357471627,23.951460167269197,0.8484848484848485,0.8570991287109667,0.8727465446794959,0.18007499999999999,461.9930000000001,57.36,5.434400000000005,0,9,0,0,0,0,0,0,0,0,0,0,0,0,0,0,0,0,0,0,0,0,0,0,0,0,0,0,0,0,0,0,0,0,0,0,0,0,0,0,0,0,0,0,0,0,0,0,0,0,0,0,0,0,0,0,0,0,0,0,0,0,0,0,0,0,0,1,0,0,0,0,0,0,0,0,0,0,0,0,0,0,0,0,1,1,0,1,1,1,0,0,1,1,1,1,0,0,1,1,0,0,1,1,0,1,1,1,0,1,0,0,1,1,0,1,0,1,0,1,1,0,0,1,1,0,0,1,1,1,0,0,0,1,0,0,1,0,0,1,1,0,0,0,1,1,0,1,0,1,1,1,0,1,1,1,1,1,1,1,1,1,1,1,1,1,1,1,0,1
CHEMBL220_243,38,36,-1,-1,-1,2.076923076923077,2.9472683170258485,2.998470892273795,7.508713592052805,0.1110505793379359,0.11825209639745513,1.8172247009594387,4.178087534954324,0.19466650413760528,0.09802891243932946,-0.3099435609823284,-0.9516298562701948,8.201754385964914,4.302124100480024,-0.17315445053369252,-0.764890656590894,0.022562035719930457,0.0656613760526496,3.284103223722676,9.731415588579106,0.8157894736842105,0.3876557858593746,-1.6292261599251139,0.6543778801843323,2.076923076923077,2.9472683170258485,2.998470892273795,7.508713592052805,2.0,0.0,0,0,1.894736842105263,2.531792309643304,3.4749378967712916,11.227639956403792,0.0,0.0,0,0,0.009113476643422835,0.025432720607766926,2.7701639013683685,6.398997817531772,0.03846153846153848,0.049654343913613945,3.0161293947795516,7.605743779341026,0.03846153846153848,0.5433837946190386,-2.854804713649681,7.202814612954665,1.1923076923076923,0.39411349099844606,1.5614401167176535,0.4380952380952392,-0.30370020866905745,72.0,308.0,0.0,226.0,2790.0,24.0,0.0,0.0,0.0,768.0,1248.0,25224.0,0.0,0.0,0.0,0.0,128.0,0.0,0.0,0.0,12.0,0.0,0.0,0.0,0.0,0.0,0.0,0.0,0.0,0.0,0.0,1,1,0,1,1,1,0,0,0,1,1,1,0,0,0,0,1,0,0,0,1,0,0,0,0,0,0,0,0,0,0,6.225806451612903,0.6069318620073155,2.439467392118651,4.168581825146033,2.193548387096774,0.6918584061137812,-0.27671066592348353,-0.9134215500945189,0.03225806451612903,0.17668469596940847,5.294651389216599,26.033333333333292,3.2580645161290325,0.4375696763306625,1.105814671161727,-0.777173913043482,0.5806451612903226,0.4934535013154308,-0.3268602252303069,-1.8931623931623935,12.461322580645167,1.2103044774765535,2.439070097815708,4.166554367198883,0.9032258064516129,0.962350573559761,0.845609831340079,-0.27597778058325817,414.52500000000015,47.25,4.529820000000004,1,6,0,0,0,0,0,0,0,0,0,0,0,0,0,0,0,0,0,0,0,0,0,0,0,0,0,0,0,0,0,0,0,0,0,0,0,0,0,0,0,0,0,0,0,0,0,0,0,0,0,1,0,0,0,0,0,0,0,0,0,0,0,0,0,0,0,1,0,0,0,0,0,0,0,0,0,1,0,0,0,0,0,0,0,0,0,1,0,0,0,0,0,0,0,1,0,0,0,1,1,0,1,1,0,0,0,1,0,0,1,0,0,0,0,1,0,0,0,0,1,0,0,1,1,0,0,1,1,1,0,1,0,0,0,0,0,0,1,1,0,0,0,1,0,1,1,1,1,1,1,1,1,0,1,1,1,1,0,1,1,1,1,1,1,1,1,1,0,1
CHEMBL220_244,38,38,-1,-1,-1,2.230769230769231,3.092269421883351,2.959943163977842,7.580930331585137,0.11119925001856665,0.11811230363087716,1.7776389829645927,4.03356526609096,0.2005328010245508,0.10277896240943607,-0.29240991925519794,-1.0104920501447934,8.416666666666668,4.464365078659625,-0.17915368285315303,-0.81863484665603,0.021534692587324166,0.061681936300612035,3.522783700816975,11.778044894944077,0.8157894736842105,0.3876557858593746,-1.6292261599251139,0.6543778801843323,2.230769230769231,3.092269421883351,2.959943163977842,7.580930331585137,2.0,0.0,0,0,2.0,2.6556791182195503,3.464835971403954,11.509244820672757,0.0,0.0,0,0,0.024394319131161236,0.05657428666952454,2.413826676139547,5.295988790576629,0.03846153846153847,0.04893001528902152,3.0223147194245796,7.918559851916843,0.03846153846153846,0.024811268883654033,0.22863865158430857,-0.04826678150860175,1.2692307692307692,0.4435600997950306,1.0405319634289447,-0.9172932330827055,-0.15994115189306493,76.0,344.0,0.0,342.0,3270.0,64.0,0.0,0.0,0.0,1240.0,1932.0,32088.0,0.0,0.0,0.0,0.0,328.0,0.0,0.0,0.0,60.0,0.0,0.0,0.0,0.0,0.0,0.0,0.0,0.0,0.0,48.0,1,1,0,1,1,1,0,0,0,1,1,1,0,0,0,0,1,0,0,0,1,0,0,0,0,0,0,0,0,0,1,6.258064516129032,0.6204962600539143,2.191063397061381,3.1677574872169494,2.193548387096774,0.6918584061137812,-0.27671066592348353,-0.9134215500945189,0.03225806451612903,0.17668469596940847,5.294651389216599,26.033333333333292,3.225806451612903,0.4181123031230878,1.3115784746777823,-0.2797619047619033,0.5806451612903226,0.4934535013154308,-0.3268602252303069,-1.8931623931623935,12.525709677419359,1.2374239160331697,2.1903783913545776,3.1644808152379884,0.8709677419354839,0.9066754401648511,0.7760595525277081,-0.2934369492068569,415.51300000000015,73.27,3.426120000000002,1,6,0,0,0,0,0,0,0,0,0,0,0,0,0,0,0,0,0,0,0,0,0,0,0,0,0,0,0,0,0,0,0,0,0,0,0,0,0,0,0,0,0,0,0,0,0,0,0,0,0,1,0,0,0,0,0,0,0,0,0,0,0,0,0,0,0,1,0,0,0,0,0,0,0,0,0,1,0,0,0,0,1,0,0,0,1,1,0,0,0,0,0,1,1,1,0,0,0,1,1,0,1,1,0,0,0,1,0,0,0,0,1,0,0,1,0,0,1,1,1,0,0,1,1,0,0,1,1,1,0,1,0,0,0,0,0,0,1,1,0,0,0,0,1,1,1,1,1,1,1,1,1,1,1,1,1,1,1,1,1,1,1,1,1,1,1,1,0,1
CHEMBL220_245,38,38,-1,-1,-1,2.230769230769231,3.129360862585845,3.166993968327016,9.144458338277301,0.11113204635296414,0.11817553785401971,2.0771907280535427,6.633134126352088,0.20192150744172602,0.10290921730331515,-0.32526251042070536,-0.9604913610406491,8.482456140350878,4.473327299144264,-0.20758685460931328,-0.7435732318671326,0.02113956061324482,0.06451364027378773,3.6746404766179745,12.967964938160693,0.8157894736842105,0.3876557858593746,-1.6292261599251143,0.6543778801843323,2.230769230769231,3.129360862585845,3.166993968327016,9.144458338277301,2.0,0.0,0,0,2.0,2.6852423197524415,3.6941574904538226,13.592732697533169,0.0,0.0,0,0,0.02888804988589047,0.07668252556969844,3.899453445109474,16.728512474875124,0.038461538461538464,0.0496447050662578,3.1901743869145953,9.13663308673437,0.03846153846153847,0.017753985561716,0.3054111556058989,-0.6021155199855035,1.3076923076923077,0.4615384615384615,0.8333333333333337,-1.305555555555555,1.9615833052236582,76.0,350.0,0.0,306.0,3540.0,48.0,0.0,0.0,0.0,976.0,1794.0,37944.0,0.0,0.0,0.0,0.0,226.0,0.0,0.0,0.0,24.0,0.0,0.0,0.0,0.0,0.0,0.0,0.0,0.0,0.0,48.0,1,1,0,1,1,1,0,0,0,1,1,1,0,0,0,0,1,0,0,0,1,0,0,0,0,0,0,0,0,0,1,6.333333333333333,0.7126966450997982,1.783133598384459,1.3476562500000036,2.2857142857142856,0.7648751621051909,0.10424474897269294,-0.3950784207679816,0.0,0.0,0,0,3.5238095238095237,0.49943278484292924,-0.09534625892455877,-1.9909090909090907,0.2857142857142857,0.45175395145262565,0.9486832980505142,-1.1,12.675761904761904,1.4212062584385647,1.7827731803024052,1.346307441486048,1.0,0.9759000729485332,0.6148170459575759,-0.6899999999999995,287.35900000000004,41.93,1.8503,3,1,0,0,0,0,0,0,0,0,0,0,0,0,0,0,0,0,0,0,0,1,0,0,0,0,0,0,0,0,0,0,0,0,0,0,0,0,0,0,0,0,0,0,0,0,0,0,0,0,0,0,0,0,0,0,0,0,0,1,0,0,0,0,0,0,0,0,1,0,0,0,0,0,1,0,0,1,0,0,0,0,0,0,0,1,0,1,1,0,0,1,0,0,0,1,0,0,1,0,0,1,1,1,0,0,1,1,0,0,0,0,0,1,1,1,0,1,1,0,1,0,1,1,1,0,0,0,1,1,1,1,0,0,1,0,0,0,0,1,1,1,0,0,0,1,1,1,1,1,1,1,0,0,1,1,0,0,0,1,1,1,1,1,1,1,1,1,0,1
CHEMBL220_246,41,37,-1,-1,-1,2.0,3.0671497204093914,3.450329501339699,10.675770351540706,0.10072974346903395,0.11934723575810892,2.4429810941588417,8.99220285728455,0.1725914327945571,0.09414759862411157,-0.22107238274932448,-1.0635069397883818,7.994308943089432,4.540626023473192,-0.10696285464202815,-0.8051526683833861,0.020919324577861165,0.06450635116144567,3.808346409685759,14.499683614496405,0.8292682926829268,0.3762743565985735,-1.7501500535908439,1.0630252100840334,2.0,3.0671497204093914,3.450329501339699,10.675770351540706,2.0,0.0,0,0,1.8048780487804879,2.577761481095678,4.077817353373394,16.302056089297885,0.0,0.0,0,0,0.0042468991273974304,0.013477932076045224,3.0667854399065364,7.950760236767884,0.03703703703703704,0.05157264452850761,3.4387392877065093,10.580411088649598,0.037037037037037035,0.030461552769596393,-0.9946562110298117,0.6361890031706641,1.1481481481481481,0.3552467795046459,1.9808869335422108,1.9239130434782625,0.7043978434425958,74.0,332.0,0.0,122.0,3510.0,8.0,0.0,0.0,0.0,532.0,690.0,37920.0,0.0,0.0,0.0,0.0,42.0,0.0,0.0,0.0,0.0,0.0,0.0,0.0,0.0,0.0,0.0,0.0,0.0,0.0,0.0,1,1,0,1,1,1,0,0,0,1,1,1,0,0,0,0,1,0,0,0,0,0,0,0,0,0,0,0,0,0,0,7.45,2.923610781208744,2.433806050515266,4.348070385192395,2.1,0.6244997998398398,-0.07390530175619463,-0.47731755424063094,0.0,0.0,0,0,3.05,0.21794494717703367,4.129483209670115,15.052631578947384,0.55,0.4974937185533099,-0.20100756305184275,-1.9595959595959596,14.9144,5.863531396692611,2.436228129416392,4.356219500827597,0.55,0.7399324293474372,1.6791611019406403,3.232501407393509,309.37600000000003,91.4,2.36489,0,4,0,0,0,0,0,0,0,0,0,0,0,0,0,0,0,0,0,0,0,0,0,0,0,0,0,0,0,0,0,0,0,0,0,0,0,0,1,1,0,0,0,0,0,1,0,0,0,1,0,0,0,0,1,1,1,0,0,0,0,1,0,0,0,0,1,1,0,0,0,1,0,0,0,1,0,0,0,1,1,1,1,1,0,1,0,0,0,0,1,0,0,0,0,1,1,1,1,1,0,0,0,0,0,0,0,0,1,0,0,0,1,0,0,1,0,0,0,1,0,1,1,1,0,0,1,1,1,1,0,0,1,1,0,1,0,1,0,1,0,0,0,0,1,1,0,0,0,0,0,0,0,1,1,0,1,0,1,1,1,1,1,1,1,1,1,1,0,0
CHEMBL220_247,36,36,-1,-1,-1,2.25,3.017311165038612,2.854239312882694,6.680089438599984,0.11440150504641977,0.12120261309432141,1.6710876874828307,3.4629502293261547,0.19559471752675256,0.10053519218446658,-0.2411922357142049,-1.0913764983780323,7.81851851851852,4.166523660097335,-0.1369154064280503,-0.8764895449302248,0.02128851540616247,0.0604615603447961,3.577936312135054,11.888986320190607,0.8055555555555556,0.39577241246597245,-1.5440972939559132,0.3842364532019702,2.25,3.017311165038612,2.854239312882694,6.680089438599984,2.0,0.0,0,0,2.0,2.571208103423585,3.372838198516809,10.54353506108326,0.0,0.0,0,0,0.03248689906584643,0.07177101004860958,2.536143548137178,6.535716215393466,0.041666666666666664,0.05113004466633587,2.8797087718294114,6.760416296977818,0.041666666666666664,0.024911349849569,1.8619881043758124,3.274141691126659,1.3333333333333333,0.4714045207910317,0.7071067811865478,-1.4999999999999996,1.870014691589932,72.0,310.0,0.0,276.0,2778.0,56.0,0.0,0.0,0.0,1036.0,1446.0,25200.0,0.0,0.0,0.0,0.0,272.0,0.0,0.0,0.0,48.0,0.0,0.0,0.0,0.0,0.0,0.0,0.0,0.0,0.0,36.0,1,1,0,1,1,1,0,0,0,1,1,1,0,0,0,0,1,0,0,0,1,0,0,0,0,0,0,0,0,0,1,6.264705882352941,0.655691082635528,2.166090804102648,2.8405037873113956,2.235294117647059,0.5455069703232768,0.07523216735123578,-0.2950243374797208,0.0,0.0,0,0,3.4411764705882355,0.496527735768651,0.23693955110363565,-1.9438596491228082,0.47058823529411764,0.4991341984846218,0.11785113019775799,-1.9861111111111112,12.538882352941176,1.3075140256745397,2.165797744474932,2.83918899592609,1.0294117647058822,0.9230796956750127,0.16613864699173267,-1.3663490427478162,461.6020000000004,51.910000000000004,5.404000000000006,0,8,0,0,0,0,0,0,0,0,0,0,0,0,0,0,0,0,0,0,0,0,0,0,0,0,0,0,0,0,0,0,0,0,0,0,0,0,0,0,0,0,0,0,0,0,0,0,0,0,0,0,0,0,0,0,0,0,0,1,0,0,0,0,0,0,0,0,0,0,0,0,0,0,0,0,0,1,0,0,0,0,0,0,0,0,0,1,1,0,0,1,0,0,0,1,0,0,0,1,1,0,1,1,0,0,0,1,0,0,0,1,0,1,0,1,0,0,0,0,1,0,1,1,1,1,0,1,1,1,1,1,0,0,1,0,0,0,0,1,1,0,1,0,0,1,1,1,1,1,1,0,0,0,1,1,1,1,0,1,1,1,1,1,1,1,1,1,0,1
CHEMBL220_248,36,35,-1,-1,-1,2.1666666666666665,2.8087165910587863,2.9433438765804247,7.703419460424522,0.11258886267149733,0.12288826542887034,1.8902143521282835,5.1489057611669935,0.18925526833963194,0.09608027811691054,-0.22211157992572284,-1.0238893417703172,7.594444444444444,4.02221071207684,-0.10485360762532894,-0.8216437695866445,0.022595704948646125,0.06102336598592315,3.478994522103402,11.922458407323823,0.8055555555555556,0.3957724124659724,-1.5440972939559132,0.3842364532019724,2.1666666666666665,2.8087165910587863,2.9433438765804247,7.703419460424522,2.0,0.0,0,0,1.9444444444444444,2.4030587504313523,3.428262339819827,11.601270167377912,0.0,0.0,0,0,0.01770997053048758,0.03897856346388408,2.019800040924287,2.6178629236453688,0.04166666666666666,0.049347087631625285,2.9737496361384452,7.820030499940049,0.041666666666666664,0.023319396241817326,1.301838977910199,2.3932554702706117,1.2916666666666667,0.45452967144315476,0.9166984970282107,-1.159663865546219,0.7664014974017654,70.0,274.0,0.0,224.0,2298.0,32.0,0.0,0.0,0.0,716.0,1096.0,20304.0,0.0,0.0,0.0,0.0,140.0,0.0,0.0,0.0,12.0,0.0,0.0,0.0,0.0,0.0,0.0,0.0,0.0,0.0,24.0,1,1,0,1,1,1,0,0,0,1,1,1,0,0,0,0,1,0,0,0,1,0,0,0,0,0,0,0,0,0,1,6.285714285714286,0.6577636818983622,2.0284364166765982,2.381808472766112,2.2285714285714286,0.5390846361175202,0.11076382341639457,-0.23920590834490651,0.0,0.0,0,0,3.4571428571428573,0.4981598792617913,0.1720618004029203,-1.970394736842106,0.45714285714285713,0.49815987926179134,0.17206180040292154,-1.9703947368421053,12.580828571428574,1.311704964338166,2.0279075848665298,2.379511037502379,1.0285714285714285,0.9406901504659616,0.14911830102335127,-1.4546847128987888,476.61700000000036,55.150000000000006,4.657200000000005,0,9,0,0,0,0,0,0,0,0,0,0,0,0,0,0,0,0,0,0,0,0,0,0,0,0,0,0,0,0,0,0,0,0,0,0,0,0,0,0,0,0,0,0,0,0,0,0,0,0,0,0,0,0,0,0,0,0,0,1,0,0,0,0,0,0,0,0,0,0,0,0,0,0,0,0,0,1,0,0,0,1,0,0,0,0,0,1,1,0,0,1,0,0,0,1,0,0,0,0,1,0,1,1,0,0,0,1,0,0,0,1,0,1,0,1,0,0,0,0,1,0,1,1,1,1,0,1,1,1,1,1,0,0,1,0,0,0,0,1,1,0,1,0,1,1,1,1,1,1,1,0,0,0,1,1,1,1,0,1,1,1,1,1,1,1,1,1,0,1
CHEMBL220_249,36,35,-1,-1,-1,2.1666666666666665,2.8087165910587863,2.9433438765804247,7.703419460424522,0.11258886267149733,0.12288826542887034,1.8902143521282835,5.1489057611669935,0.18925526833963194,0.09608027811691054,-0.22211157992572284,-1.0238893417703172,7.594444444444444,4.02221071207684,-0.1048536076253286,-0.8216437695866445,0.022595704948646125,0.06102336598592315,3.478994522103402,11.922458407323823,0.8055555555555556,0.3957724124659724,-1.5440972939559132,0.3842364532019724,2.1666666666666665,2.8087165910587863,2.9433438765804247,7.703419460424522,2.0,0.0,0,0,1.9444444444444444,2.4030587504313523,3.428262339819827,11.601270167377912,0.0,0.0,0,0,0.01770997053048758,0.03897856346388408,2.019800040924287,2.6178629236453688,0.04166666666666666,0.049347087631625285,2.9737496361384452,7.820030499940049,0.041666666666666664,0.11259103512747708,3.3044935794710426,10.112588108426866,1.2916666666666667,0.45452967144315476,0.9166984970282107,-1.159663865546219,-0.06550232963935337,70.0,274.0,0.0,224.0,2298.0,32.0,0.0,0.0,0.0,716.0,1096.0,20304.0,0.0,0.0,0.0,0.0,140.0,0.0,0.0,0.0,12.0,0.0,0.0,0.0,0.0,0.0,0.0,0.0,0.0,0.0,24.0,1,1,0,1,1,1,0,0,0,1,1,1,0,0,0,0,1,0,0,0,1,0,0,0,0,0,0,0,0,0,1,6.303030303030303,0.6735185082088748,1.9313826853724632,1.9877968824271868,2.242424242424242,0.552147489645109,0.038351367948206115,-0.348708085353461,0.0,0.0,0,0,3.4242424242424243,0.4942274675848512,0.30656966974248245,-1.9060150375939848,0.48484848484848486,0.4997703788627467,0.06063390625908318,-1.9963235294117647,12.615363636363636,1.3431214168852603,1.930860831680728,1.9856364631894943,0.9696969696969697,0.9369469596206246,0.28126985011579997,-1.3577230790777468,448.5630000000004,55.150000000000006,3.8770000000000033,0,7,0,0,0,0,0,0,0,0,0,0,0,0,0,0,0,0,0,0,0,0,0,0,0,0,0,0,0,0,0,0,0,0,0,0,0,0,0,0,0,0,0,0,0,0,0,0,0,0,0,0,0,0,0,0,0,0,0,1,0,0,0,0,0,0,0,0,0,0,0,0,0,0,0,0,0,1,0,0,0,1,0,0,0,0,0,1,1,0,0,1,0,0,0,1,0,1,0,0,1,0,1,1,0,0,0,1,0,0,0,1,0,1,0,1,0,0,0,0,1,0,1,1,1,1,0,1,1,1,1,1,0,0,1,0,0,0,0,1,1,0,1,0,1,1,1,1,1,1,1,0,0,0,1,1,1,1,0,1,1,1,1,1,1,1,1,1,0,1
CHEMBL220_250,36,34,-1,-1,-1,2.0833333333333335,2.6127359010984805,2.768412173420471,6.186565302926967,0.11551508358054992,0.12014176310990422,1.6410838815248547,3.3724645323494435,0.18243015517040628,0.08943125205166068,-0.31967554483709576,-1.040185464632744,7.397222222222222,3.8352501246357478,-0.1577218219828564,-0.8587344043077412,0.023809523809523808,0.06155780405317685,3.176411746930982,9.401220900550719,0.8055555555555556,0.3957724124659724,-1.5440972939559132,0.3842364532019724,2.0833333333333335,2.6127359010984805,2.768412173420471,6.186565302926967,2.0,0.0,0,0,1.8888888888888888,2.2457092146008595,3.1996584728165645,9.3766623869457,0.0,0.0,0,0,0.0048670465337132,0.014392145361964618,2.8294991718507867,6.50482964267974,0.041666666666666664,0.04777834072397307,2.7895333535787126,6.271080336138404,0.041666666666666664,0.15728380960877647,2.9295818358141257,7.102195282811687,1.2916666666666667,0.45452967144315476,0.9166984970282107,-1.159663865546219,0.6498982528533565,68.0,242.0,0.0,146.0,1782.0,8.0,0.0,0.0,0.0,448.0,606.0,13080.0,0.0,0.0,0.0,0.0,34.0,0.0,0.0,0.0,0.0,0.0,0.0,0.0,0.0,0.0,0.0,0.0,0.0,0.0,24.0,1,1,0,1,1,1,0,0,0,1,1,1,0,0,0,0,1,0,0,0,0,0,0,0,0,0,0,0,0,0,1,6.67741935483871,2.006233781350479,4.4014162036618245,19.64264070051085,2.193548387096774,0.6918584061137812,-0.2767106659234836,-0.9134215500945189,0.0,0.0,0,0,3.129032258064516,0.3352356401746214,2.213176031893568,2.8981481481481532,0.5806451612903226,0.49345350131543086,-0.3268602252303067,-1.8931623931623938,13.410548387096778,4.251721342784703,4.496617323642876,20.33020937280188,0.6129032258064516,0.7482202261124645,1.2284818412384666,1.364111883473143,434.87900000000013,75.71000000000001,4.326000000000003,0,4,0,0,0,0,0,0,0,0,0,0,0,0,0,0,0,0,0,0,0,0,0,0,0,0,0,0,0,0,0,0,0,0,0,0,0,0,0,0,0,0,0,0,0,0,0,0,0,0,0,0,0,0,0,0,0,0,0,0,0,0,0,0,0,0,0,0,0,0,0,0,0,0,0,0,0,1,0,0,0,0,0,0,0,0,0,1,0,1,0,1,0,1,1,1,0,0,0,1,1,0,1,1,0,1,0,1,0,1,0,0,1,1,0,1,0,0,0,1,0,0,0,1,1,0,0,1,1,1,0,1,0,0,1,1,1,1,1,1,0,0,1,0,1,1,1,1,1,0,1,0,1,1,1,1,1,0,1,1,1,1,1,1,1,1,1,1,0,1
CHEMBL220_251,35,34,-1,-1,-1,2.1739130434782608,2.6808852190379118,2.589647386385694,5.300568708680979,0.11265301485262011,0.12601875581056943,1.5521512641254767,2.385653114781528,0.18696553464265017,0.0948035639537473,-0.20029073641702513,-1.0716186982936786,7.257142857142857,3.855853694028155,-0.06562999202182399,-0.9079557489487038,0.022358034122740005,0.058277505076558225,2.857283482095005,6.845321210302629,0.8,0.4,-1.5,0.24999999999999956,2.1739130434782608,2.6808852190379118,2.589647386385694,5.300568708680979,2.0,0.0,0,0,1.9428571428571428,2.292133842300752,3.0452152107696104,8.458053981623719,0.0,0.0,0,0,0.024246031746031748,0.05741178999680676,2.1643488433859406,3.0523214843326834,0.04347826086956521,0.048257605498704656,2.582216451811735,5.267999177800254,0.04347826086956524,0.24455846680764173,-2.249115909235274,4.209015423975805,1.2608695652173914,0.43910891036356847,1.0891622972743424,-0.8137254901960773,0.4217175989115453,68.0,248.0,0.0,240.0,1800.0,48.0,0.0,0.0,0.0,796.0,1104.0,13104.0,0.0,0.0,0.0,0.0,216.0,0.0,0.0,0.0,48.0,0.0,0.0,0.0,0.0,0.0,0.0,0.0,0.0,0.0,0.0,1,1,0,1,1,1,0,0,0,1,1,1,0,0,0,0,1,0,0,0,1,0,0,0,0,0,0,0,0,0,0,6.333333333333333,0.699205898780101,1.7769075526849691,1.4008264462809947,2.2,0.6531972647421809,-0.22963966338592368,-0.7265625000000009,0.0,0.0,0,0,3.1,0.30000000000000004,2.6666666666666656,5.111111111111105,0.6,0.4898979485566357,-0.40824829046386263,-1.833333333333334,12.675800000000004,1.3943437739668083,1.776395518505378,1.398873321914973,0.6666666666666666,0.7453559924999299,1.1090897168398963,1.200000000000002,400.4340000000001,75.71000000000001,3.672600000000002,0,4,0,0,0,0,0,0,0,0,0,0,0,0,0,0,0,0,0,0,0,0,0,0,0,0,0,0,0,0,0,0,0,0,0,0,0,0,0,0,0,0,0,0,0,0,0,0,0,0,0,0,0,0,0,0,0,0,0,0,0,0,0,0,0,0,0,0,0,0,0,0,0,0,0,0,0,1,0,0,0,0,0,0,0,0,0,1,0,0,0,1,0,1,1,1,0,0,0,1,1,0,1,1,0,0,0,1,0,0,0,0,1,1,0,1,0,0,0,1,0,0,0,1,1,0,0,1,1,1,0,1,0,0,1,1,0,1,1,1,0,0,1,0,1,1,1,1,1,0,1,0,1,1,1,1,1,0,1,1,1,1,1,1,1,1,1,1,0,1
CHEMBL220_252,34,32,-1,-1,-1,2.090909090909091,2.609581835346786,2.616934274977965,5.443547341879542,0.11572385959825032,0.1265691630120339,1.598545728046264,2.8731209777458506,0.18428189705883327,0.09316538777534114,-0.15758175781564615,-1.0327135976434492,6.931372549019607,3.671146471711907,-0.026810624265386718,-0.8593870093337768,0.022114527629233514,0.059271832177541194,2.9935416681068796,7.825265180010311,0.7941176470588235,0.40434491426080943,-1.454785934906616,0.11640211640211628,2.090909090909091,2.609581835346786,2.616934274977965,5.443547341879542,2.0,0.0,0,0,1.8823529411764706,2.2197602663662597,3.068727359742428,8.638298313028654,0.0,0.0,0,0,0.012684544255257647,0.033321154275450515,2.576962493975648,5.3040673843991275,0.04545454545454545,0.05144344660395586,2.6378937173872643,5.5528417187414405,0.04545454545454546,0.44428747320735784,2.6218724707516587,5.66717674270515,1.2272727272727273,0.41907020260422223,1.301582746911936,-0.30588235294117805,-2.1457967824069724,64.0,224.0,0.0,186.0,1578.0,24.0,0.0,0.0,0.0,520.0,844.0,11088.0,0.0,0.0,0.0,0.0,104.0,0.0,0.0,0.0,12.0,0.0,0.0,0.0,0.0,0.0,0.0,0.0,0.0,0.0,0.0,1,1,0,1,1,1,0,0,0,1,1,1,0,0,0,0,1,0,0,0,1,0,0,0,0,0,0,0,0,0,0,6.32258064516129,0.6903527277107321,1.8296960411781462,1.5958601094563427,2.193548387096774,0.6918584061137812,-0.27671066592348353,-0.9134215500945184,0.0,0.0,0,0,3.129032258064516,0.3352356401746214,2.213176031893567,2.8981481481481524,0.5806451612903226,0.4934535013154308,-0.3268602252303068,-1.8931623931623935,12.654354838709684,1.376690035823116,1.829180841326396,1.5938376086221773,0.7096774193548387,0.8498025724077091,1.222470314288552,0.9874801717479595,414.4610000000002,75.71000000000001,3.9810200000000027,0,4,0,0,0,0,0,0,0,0,0,0,0,0,0,0,0,0,0,0,0,0,0,0,0,0,0,0,0,0,0,0,0,0,0,0,0,0,0,0,0,0,0,0,0,0,0,0,0,0,0,0,0,0,0,0,0,0,0,0,0,0,0,0,0,0,0,0,0,0,0,0,0,0,0,0,0,1,0,0,0,0,0,0,0,0,0,1,0,0,0,1,0,1,1,1,0,0,0,1,1,0,1,1,0,0,0,1,0,0,0,0,1,1,0,1,0,0,0,1,0,0,0,1,1,0,0,1,1,1,0,1,0,0,1,1,0,1,1,1,0,0,1,0,1,1,1,1,1,0,1,1,1,1,1,1,1,0,1,1,1,1,1,1,1,1,1,1,0,1
CHEMBL220_253,36,33,-1,-1,-1,2.0,2.6457513110645907,2.983219590537115,7.561224489795919,0.11171541564709853,0.12368283504421215,1.9484110691961152,5.38015755356683,0.18214989395389627,0.09078524842140027,-0.20452632562462594,-0.927169655915034,7.338888888888889,3.839341105379514,-0.07487146935397493,-0.7418044021233356,0.024089635854341738,0.06706592540945579,3.1982056164419306,9.521750257248708,0.8055555555555556,0.3957724124659724,-1.544097293955913,0.3842364532019724,2.0,2.6457513110645907,2.983219590537115,7.561224489795919,2.0,0.0,0,0,1.8333333333333333,2.266911751455907,3.4257027256479033,11.133791088385683,0.0,0.0,0,0,0.0041091848894343,0.012435611479728735,3.0616827078533206,8.343343603063804,0.041666666666666664,0.049913977918630406,2.9905027320135495,7.586841422538077,0.041666666666666664,0.0220913419296236,0.15076219787066703,-0.46378873799589826,1.1666666666666667,0.3726779962499649,1.7888543819998313,1.1999999999999993,1.564940523207296,66.0,240.0,0.0,140.0,1890.0,8.0,0.0,0.0,0.0,396.0,648.0,15024.0,0.0,0.0,0.0,0.0,36.0,0.0,0.0,0.0,0.0,0.0,0.0,0.0,0.0,0.0,0.0,0.0,0.0,0.0,0.0,1,1,0,1,1,1,0,0,0,1,1,1,0,0,0,0,1,0,0,0,0,0,0,0,0,0,0,0,0,0,0,6.4,0.9007933011676825,2.176485302166707,3.2813925808371334,2.1714285714285713,0.6540298938434055,0.4211787112835469,0.5136792727696529,0.0,0.0,0,0,3.6285714285714286,0.4831867007225075,-0.5321811563901744,-1.7167832167832169,0.34285714285714286,0.47466422073817566,0.6621221919717306,-1.5615942028985497,12.894914285714288,2.0491464616333532,2.3133595662770468,3.9302217597747777,1.0857142857142856,0.8741176309016203,0.08988656193833461,-1.1844318430856895,489.6260000000004,27.740000000000002,5.537700000000005,1,9,0,0,0,0,0,0,0,0,0,0,0,0,0,0,0,0,0,0,0,0,0,0,0,0,0,0,0,0,0,0,0,0,0,0,0,0,0,0,0,0,0,0,1,0,0,0,0,0,0,0,0,0,0,0,0,0,0,0,0,0,0,0,1,0,0,0,0,0,0,0,0,0,0,0,0,1,0,0,0,1,0,0,1,0,0,1,1,0,0,0,0,1,0,1,0,0,0,0,1,0,1,0,0,0,1,0,1,1,1,0,0,1,1,1,0,0,0,0,1,0,1,1,1,0,0,1,1,1,1,1,0,0,0,1,1,0,0,1,1,0,0,0,1,1,1,1,0,1,1,0,1,1,1,1,0,1,1,1,1,0,1,1,1,1,1,1,0,0
CHEMBL220_254,37,34,-1,-1,-1,2.0,2.6076809620810595,2.774608636124311,6.250865051903116,0.11325442186640303,0.11916569537720932,1.6943553673666918,3.317475680770759,0.18437900851530734,0.09128498213470193,-0.25978512148896143,-0.8790683775060035,7.603603603603605,3.9460230771185545,-0.12976729487882355,-0.7669022423541061,0.02410982410982411,0.06765833892464457,2.893864280060689,6.948549602747105,0.8108108108108109,0.3916588309780929,-1.5871507864874157,0.5190476190476199,2.0,2.6076809620810595,2.774608636124311,6.250865051903116,2.0,0.0,0,0,1.837837837837838,2.248284793847073,3.184722190982523,9.294614921982022,0.0,0.0,0,0,0.003402622757461467,0.010895044771138406,3.5434128270284577,12.488136195988659,0.04000000000000001,0.04741314354088532,2.78657192972919,6.311228592087195,0.039999999999999994,0.04722182592268222,2.909968922049831,7.2840541727940025,1.16,0.36660605559646714,1.8548520670059365,1.4404761904761942,0.13266275272926975,68.0,244.0,0.0,164.0,1800.0,8.0,0.0,0.0,0.0,440.0,780.0,13104.0,0.0,0.0,0.0,0.0,38.0,0.0,0.0,0.0,0.0,0.0,0.0,0.0,0.0,0.0,0.0,0.0,0.0,0.0,0.0,1,1,0,1,1,1,0,0,0,1,1,1,0,0,0,0,1,0,0,0,0,0,0,0,0,0,0,0,0,0,0,7.074074074074074,2.8664848253169404,3.0391293378004107,7.665461077310267,2.074074074074074,0.6040557937148182,-0.03365351261834731,-0.2921307026965927,0.0,0.0,0,0,3.4074074074074074,0.4913518207933925,0.3768891807222045,-1.8579545454545452,0.4444444444444444,0.49690399499995325,0.22360679774997913,-1.9499999999999997,14.264629629629631,6.1030842485015135,3.0640320848600897,7.775413169421157,0.9259259259259259,0.899626503814157,0.45104859080056636,-0.9696696351623104,410.345,63.25,4.477000000000003,0,11,0,0,0,0,0,0,0,0,0,0,0,0,0,0,0,0,0,0,0,0,0,0,0,0,0,0,0,0,0,0,0,0,0,0,0,0,0,0,0,0,0,0,0,0,0,0,0,0,0,0,0,0,0,0,0,0,0,0,0,0,0,0,0,0,0,1,0,0,0,0,0,0,0,0,0,0,0,0,0,0,0,0,1,0,0,0,1,1,0,0,1,1,1,1,0,0,0,1,1,0,1,0,0,1,1,0,0,1,1,0,1,1,0,1,0,0,0,1,1,0,0,1,0,0,0,1,1,1,1,1,0,1,0,0,1,0,0,1,1,0,0,0,1,1,1,1,0,1,0,0,1,1,1,1,1,1,1,1,1,1,1,1,1,1,1,1,0,1
CHEMBL220_255,36,34,-1,-1,-1,2.1818181818181817,2.8546033578377417,2.73585876889239,5.938748976543833,0.11163971535874648,0.12375116861022302,1.6513711548355785,3.4112952572590896,0.16982019386853942,0.09461482676035006,-0.1056283692618353,-1.1911311241533562,6.791666666666667,3.9416803695635285,-0.00818726497683872,-1.0000804968283044,0.01764705882352941,0.05202381114722849,3.469881982915481,11.001073359272235,0.8055555555555556,0.39577241246597245,-1.5440972939559128,0.38423645320197064,2.1818181818181817,2.8546033578377417,2.73585876889239,5.938748976543833,2.0,0.0,0,0,1.8888888888888888,2.354402233379677,3.3640982720522197,10.462284413271759,0.0,0.0,0,0,0.029427634819791684,0.08694082258266735,4.448575686110181,20.91313965110412,0.045454545454545456,0.05466261358076107,2.7639628168957957,6.008890435725142,0.04545454545454543,0.6733882622300088,-2.6168391312882386,5.649096347151213,1.3181818181818181,0.46577048936179993,0.7807200583588267,-1.3904761904761902,2.3417336189892968,68.0,260.0,0.0,188.0,2106.0,32.0,0.0,0.0,0.0,656.0,880.0,17040.0,0.0,0.0,0.0,0.0,134.0,0.0,0.0,0.0,12.0,0.0,0.0,0.0,0.0,0.0,0.0,0.0,0.0,0.0,24.0,1,1,0,1,1,1,0,0,0,1,1,1,0,0,0,0,1,0,0,0,1,0,0,0,0,0,0,0,0,0,1,6.548387096774194,1.793153820604812,4.721475929885654,21.920843937537324,2.193548387096774,0.5339659792660274,0.1362581947730118,-0.03503116841600562,0.0,0.0,0,0,3.3870967741935485,0.4870860925981129,0.46358632497276453,-1.7850877192982466,0.5483870967741935,0.4976531813077907,-0.19446111706564914,-1.9621848739495789,13.108548387096778,3.595357103163967,4.726815035259838,21.959976527177055,1.0,0.9503819266229829,0.45094652640784394,-0.943877551020408,437.6130000000001,46.42,4.142700000000003,0,9,0,0,0,0,0,0,0,0,0,0,0,0,0,0,0,0,0,0,0,0,0,0,0,0,0,0,0,0,0,0,0,0,0,0,0,0,0,0,0,0,0,0,0,0,0,0,0,0,0,0,0,0,1,0,0,0,0,0,0,1,0,0,1,0,1,1,0,0,0,0,1,0,0,0,0,1,0,1,0,1,1,1,0,1,0,1,1,0,1,0,0,0,0,1,1,1,1,0,1,0,1,0,0,0,0,0,0,0,0,0,0,1,0,1,0,0,0,0,1,0,1,1,1,0,1,1,1,1,1,1,1,0,0,1,0,1,0,1,1,0,0,0,1,1,1,1,0,1,1,1,1,0,1,1,0,1,1,1,1,0,1,1,1,1,1,1,0,0
CHEMBL220_256,38,36,-1,-1,-1,2.076923076923077,2.9078551032978157,3.0209800724420117,7.445740805400085,0.1110456110603543,0.11825676191202236,1.7237880573676871,3.4473857993638957,0.1901958204714628,0.09543016412078804,-0.2868927806043487,-0.969956946640087,8.092105263157896,4.240813492319483,-0.16054766727053596,-0.7854053076874106,0.023589378852536747,0.06629376471587976,3.3437805329358063,10.206485398984231,0.8157894736842105,0.3876557858593746,-1.6292261599251139,0.6543778801843323,2.076923076923077,2.9078551032978157,3.0209800724420117,7.445740805400085,2.0,0.0,0,0,1.894736842105263,2.50041547794099,3.4931116147475514,11.116366175511846,0.0,0.0,0,0,0.009903094338267637,0.026666441311312468,2.5507253780838,5.063378996299988,0.038461538461538464,0.04872862746823478,3.0300789687735756,7.486913218695719,0.03846153846153846,0.017453934277967285,0.34444422909123423,0.338319559793383,1.1923076923076923,0.39411349099844606,1.5614401167176535,0.4380952380952392,-3.3106423010898776,72.0,302.0,0.0,202.0,2706.0,24.0,0.0,0.0,0.0,774.0,1036.0,23880.0,0.0,0.0,0.0,0.0,124.0,0.0,0.0,0.0,12.0,0.0,0.0,0.0,0.0,0.0,0.0,0.0,0.0,0.0,0.0,1,1,0,1,1,1,0,0,0,1,1,1,0,0,0,0,1,0,0,0,1,0,0,0,0,0,0,0,0,0,0,8.347826086956522,6.054884450498182,3.7635564520332383,13.445366040974498,2.0,0.8340576562282991,0.4496092053105674,-0.48437499999999956,0.0,0.0,0,0,3.347826086956522,0.476280484787101,0.6390096504226922,-1.5916666666666681,0.2608695652173913,0.4391089103635686,1.0891622972743416,-0.8137254901960786,17.17934782608696,14.02745995045524,3.9111769178365887,14.44762830814512,0.6956521739130435,0.8564224175474874,1.0417765678858089,0.21261558082686793,411.25300000000004,119.89000000000001,0.8432999999999997,0,6,0,0,0,0,0,0,0,0,0,0,0,0,0,0,0,0,0,0,0,0,0,0,0,0,1,0,0,0,0,0,0,0,1,1,0,0,0,0,1,0,0,0,1,0,0,0,1,0,0,0,0,1,0,1,1,1,0,0,1,0,1,1,0,0,0,0,0,1,0,1,0,1,0,1,0,0,0,1,1,1,1,0,1,0,0,0,0,1,1,1,1,1,1,1,1,1,0,1,0,0,1,0,1,0,1,0,1,1,1,0,1,1,1,0,0,0,1,1,1,1,0,0,0,0,1,0,0,0,0,0,1,1,0,1,1,1,1,0,1,1,1,0,1,0,1,0,1,1,1,0,1,1,0,1,1,1,1,0,1,1,1,1,1,1,1,1,0,0
CHEMBL220_257,38,36,-1,-1,-1,2.076923076923077,2.9078551032978157,3.1148355483400754,8.081340188566237,0.11243615259753416,0.11693545682447319,1.9337659901867505,5.385596245254577,0.18609593036512329,0.09200717135722071,-0.30615998959502017,-0.9160630114223269,8.030701754385968,4.164314294410127,-0.18426700342768854,-0.7201506242307705,0.02437964280069543,0.07200098257798083,3.4214073558461515,10.70856131483714,0.8157894736842105,0.3876557858593746,-1.6292261599251139,0.6543778801843323,2.076923076923077,2.9078551032978157,3.1148355483400754,8.081340188566237,2.0,0.0,0,0,1.894736842105263,2.50041547794099,3.594113880900844,11.94125812295876,0.0,0.0,0,0,0.03525962582618465,0.16012004460323687,5.748606820649006,31.682054185732632,0.03846153846153847,0.0491252750553149,3.1084145927212448,7.95989495502714,0.03846153846153877,6.12276622285122,-3.1890303584673205,9.367974250087459,1.2692307692307692,0.4435600997950306,1.0405319634289447,-0.917293233082705,0.895928404141862,72.0,302.0,0.0,160.0,2766.0,16.0,0.0,0.0,0.0,532.0,798.0,25200.0,0.0,0.0,0.0,0.0,62.0,0.0,0.0,0.0,0.0,0.0,0.0,0.0,0.0,0.0,0.0,0.0,0.0,0.0,0.0,1,1,0,1,1,1,0,0,0,1,1,1,0,0,0,0,1,0,0,0,0,0,0,0,0,0,0,0,0,0,0,6.666666666666667,1.8367736315989984,4.046842574751049,17.32903653770303,2.242424242424242,0.779677595773855,-0.06775148593536841,-0.717066291837424,0.0,0.0,0,0,3.212121212121212,0.40881022918884974,1.4083737016560933,-0.01648351648351465,0.6363636363636364,0.48104569292083466,-0.5669467095138407,-1.6785714285714284,13.374363636363638,3.722669308018039,3.944885858596457,16.466137447139076,0.6666666666666666,0.7654139963827327,1.0511928249965001,0.7473246135552931,463.53000000000026,76.37,5.479900000000004,1,5,0,0,0,0,0,0,0,0,0,0,0,0,0,0,0,0,0,0,0,0,0,0,0,0,0,0,0,0,0,0,0,0,0,0,0,0,0,0,0,0,0,0,1,0,0,0,0,0,0,0,0,1,0,0,0,1,0,0,1,1,1,1,1,0,1,1,0,1,0,0,0,0,0,1,0,0,0,0,0,0,0,1,0,1,0,1,0,1,1,0,0,1,0,1,0,0,1,0,0,0,1,1,1,0,1,1,0,1,0,0,0,1,1,0,0,0,0,0,1,0,0,1,1,1,1,1,0,0,1,1,1,0,1,0,1,0,1,1,0,1,1,0,0,0,1,1,1,1,1,0,0,0,0,1,1,1,1,1,1,1,1,1,1,1,1,1,0,0
CHEMBL220_258,40,39,-1,-1,-1,2.142857142857143,3.2039516417151144,3.317092699712671,9.472022734369139,0.10912324599695004,0.11442078999504034,2.0798609737739375,6.275448145223333,0.19647078199977136,0.09857276183045566,-0.34634502920323246,-0.9197157470183823,8.868333333333334,4.614987360040473,-0.24493572804226713,-0.6977060100622827,0.023346828609986502,0.07094516267622492,3.7625358279094003,13.244049460693567,0.825,0.3799671038392666,-1.7106744068953987,0.9264069264069255,2.142857142857143,3.2039516417151144,3.317092699712671,9.472022734369139,2.0,0.0,0,0,1.95,2.7654113618049667,3.8322960804181814,13.805287341753619,0.0,0.0,0,0,0.0384375875096978,0.15674960262068444,5.762263859232147,32.40545032377407,0.03571428571428571,0.04866923684609299,3.311341565664209,9.360224620169584,0.03571428571428571,0.026762778672444407,2.8852630659995984,9.110356464452725,1.2857142857142858,0.45175395145262565,0.9486832980505133,-1.1000000000000003,-1.2325165070709059,78.0,380.0,0.0,232.0,4110.0,32.0,0.0,0.0,0.0,982.0,1350.0,44760.0,0.0,0.0,0.0,0.0,164.0,0.0,0.0,0.0,12.0,0.0,0.0,0.0,0.0,0.0,0.0,0.0,0.0,0.0,0.0,1,1,0,1,1,1,0,0,0,1,1,1,0,0,0,0,1,0,0,0,1,0,0,0,0,0,0,0,0,0,0,7.576923076923077,3.248349603710936,2.2051602040686924,3.237726669280546,2.1538461538461537,0.9069097017347382,0.31120601017034927,-0.7693183582630301,0.0,0.0,0,0,3.1923076923076925,0.39411349099844606,1.5614401167176524,0.43809523809523654,0.6538461538461539,0.47574295680203776,-0.6467616667635548,-1.5816993464052287,15.222461538461541,6.6721223369547085,2.2367960598103007,3.410989934779403,0.5769230769230769,0.8400126795323676,1.7036165541309107,2.4764052054902903,410.9040000000001,96.96,3.204100000000002,0,4,0,0,0,0,0,0,0,0,0,0,0,0,0,0,0,0,0,0,0,0,0,0,0,0,0,0,0,0,0,0,0,0,0,0,0,0,0,0,0,0,0,0,0,0,0,0,0,1,0,0,0,1,0,0,0,1,0,0,1,1,1,1,1,0,1,1,0,1,0,0,0,0,0,1,0,0,0,1,0,1,0,1,0,1,0,0,0,1,1,0,0,0,0,1,0,1,1,0,0,0,0,0,1,1,0,0,1,1,0,0,0,0,1,0,0,0,0,0,0,0,1,1,0,0,1,1,0,0,0,0,1,0,0,0,1,0,1,1,0,0,1,0,1,0,1,1,1,0,1,1,1,1,0,0,0,0,1,0,0,1,1,1,1,1,1,1,0,0
CHEMBL220_259,37,33,-1,-1,-1,2.0,2.6539552107881486,2.846903943534063,6.354595336076818,0.10936678852879915,0.1227433606918271,1.6882350761093672,3.4530514239270698,0.15781842537860716,0.08515278745981927,-0.10490563076612347,-1.1103933750673796,6.660360360360359,3.7955746148544094,0.005764634234499894,-0.9208539216075224,0.021235521235521238,0.05904365337212392,3.277847119469511,10.063795759128316,0.8108108108108109,0.3916588309780929,-1.5871507864874157,0.5190476190476199,2.0,2.6539552107881486,2.846903943534063,6.354595336076818,2.0,0.0,0,0,1.7837837837837838,2.207299133956261,3.4110845652125934,10.53653801285265,0.0,0.0,0,0,0.005524794571447715,0.01618536511425502,2.680946537040355,5.4022007041899975,0.04347826086956523,0.05228419753756646,2.8406235956850283,6.3112600738621065,0.04347826086956523,0.02231766965318647,1.14317133672457,1.6127499912153231,1.173913043478261,0.3790346907426672,1.720618004029213,0.9605263157894743,-0.14992337432488043,66.0,232.0,0.0,98.0,1770.0,8.0,0.0,0.0,0.0,380.0,414.0,13080.0,0.0,0.0,0.0,0.0,34.0,0.0,0.0,0.0,0.0,0.0,0.0,0.0,0.0,0.0,0.0,0.0,0.0,0.0,0.0,1,1,0,1,1,1,0,0,0,1,1,1,0,0,0,0,1,0,0,0,0,0,0,0,0,0,0,0,0,0,0,6.888888888888889,1.837537267615692,3.4677559616584945,13.989776377047477,2.111111111111111,0.8425417160057278,0.3451713434645769,-0.5305860113421548,0.0,0.0,0,0,3.361111111111111,0.480322679605294,0.5783149319662398,-1.665551839464884,0.3333333333333333,0.4714045207910317,0.7071067811865478,-1.4999999999999993,13.870583333333336,3.784766999837052,3.239841331691978,12.17517814035334,0.7222222222222222,0.8031573497111645,0.864477597903439,0.0006867974634277019,525.5490000000002,121.44,2.6961000000000013,2,7,0,0,0,0,0,0,0,0,0,0,0,0,0,0,0,0,0,0,0,0,0,0,0,0,0,0,0,0,0,0,0,0,0,0,0,0,0,0,0,0,0,0,1,0,0,0,0,0,0,0,0,1,0,0,1,1,0,0,1,1,1,1,0,0,1,0,0,1,0,0,0,0,0,1,0,0,0,0,0,1,0,1,1,0,0,0,0,0,1,0,1,1,1,1,0,1,0,0,0,0,1,0,1,0,1,0,1,1,0,0,1,1,1,0,0,0,0,1,1,0,0,0,0,0,1,1,0,0,1,1,1,1,1,1,1,0,1,0,0,0,1,0,1,0,0,1,1,1,1,0,1,1,0,1,1,1,1,0,1,1,1,1,1,1,1,1,0,0
CHEMBL220_260,37,35,-1,-1,-1,2.08,2.8272955275315668,2.9451429291564457,7.040957185283856,0.11197436104216903,0.12036930462632497,1.7006724165921592,3.38188265125737,0.18791288816879256,0.09454263123024428,-0.24773664785050226,-0.9928284412481196,7.777477477477478,4.090983303269628,-0.12392454058269269,-0.8081056633047528,0.023509223509223506,0.06484360287674076,3.3060836100628634,10.044190284583287,0.8108108108108109,0.3916588309780929,-1.5871507864874157,0.5190476190476199,2.08,2.8272955275315668,2.9451429291564457,7.040957185283856,2.0,0.0,0,0,1.8918918918918919,2.4249133033684274,3.4129434570371973,10.626835353574323,0.0,0.0,0,0,0.010727533842754327,0.028509279307477466,2.5103313227774424,4.829755414391405,0.039999999999999994,0.0491475122355591,2.9538565605141134,7.077538800833786,0.04000000000000001,0.03933934889862304,-1.1275507051989686,1.4850791676749608,1.2,0.4,1.5000000000000004,0.2500000000000009,0.9883990696400435,70.0,280.0,0.0,194.0,2376.0,24.0,0.0,0.0,0.0,706.0,954.0,19920.0,0.0,0.0,0.0,0.0,118.0,0.0,0.0,0.0,12.0,0.0,0.0,0.0,0.0,0.0,0.0,0.0,0.0,0.0,0.0,1,1,0,1,1,1,0,0,0,1,1,1,0,0,0,0,1,0,0,0,1,0,0,0,0,0,0,0,0,0,0,7.090909090909091,2.858942762457525,2.7095303317548787,5.589574296022684,2.1818181818181817,0.6492207662311682,-0.19768660009807112,-0.6966551326412929,0.0,0.0,0,0,3.090909090909091,0.28747978728803447,2.8460498941515437,6.100000000000005,0.5454545454545454,0.49792959773196915,-0.1825741858350551,-1.9666666666666663,14.197000000000005,5.733590561530596,2.710915653307016,5.595023489166422,0.6363636363636364,0.7100226978096958,1.4168015402410623,2.9099704380542892,326.446,32.34,3.670700000000002,0,3,0,0,0,0,0,0,0,0,0,0,0,0,0,0,0,0,0,0,0,0,0,0,0,0,0,0,0,0,0,0,0,0,0,0,0,0,0,0,0,0,0,0,0,0,0,1,0,1,0,0,0,0,0,0,0,0,0,0,0,1,0,0,1,0,1,0,0,0,0,0,0,0,0,1,0,1,1,1,0,1,0,1,0,1,0,1,0,0,1,0,0,0,1,1,0,1,1,1,0,1,0,0,0,0,0,0,1,0,0,0,1,0,0,0,0,0,0,1,0,0,1,1,1,0,0,1,0,1,0,0,0,0,0,1,0,1,0,1,0,0,0,0,1,1,0,1,0,0,1,0,1,1,0,0,1,0,1,0,1,0,1,1,1,1,1,1,0,0
CHEMBL220_261,40,40,-1,-1,-1,2.3076923076923075,3.4615384615384617,3.189596707818931,8.793241518061276,0.10650524485526942,0.11686159684994513,1.934290775998221,5.198797795503557,0.19077145265643763,0.1078222016951498,-0.24513855955872563,-1.2162817326258237,8.3875,4.868141543066854,-0.14993665452790428,-0.9689233851429204,0.016869095816464234,0.054776168129315544,4.078824242348693,15.76761848257446,0.825,0.3799671038392666,-1.7106744068953987,0.9264069264069255,2.3076923076923075,3.4615384615384617,3.189596707818931,8.793241518061276,2.0,0.0,0,0,2.0,2.8896366553599777,3.8792354109748493,14.399691634694683,0.0,0.0,0,0,0.04228932288582744,0.09632424911103314,3.0094990498538037,10.327732801360332,0.038461538461538464,0.05302998857617819,3.2232515399704944,8.963880367544567,0.038461538461538464,0.054398140460055214,-2.290166789272881,5.105618124093445,1.3461538461538463,0.47574295680203776,0.646761666763554,-1.5816993464052294,0.1756202839729381,80.0,414.0,0.0,348.0,4746.0,88.0,0.0,0.0,0.0,1716.0,2184.0,55680.0,0.0,0.0,0.0,0.0,518.0,0.0,0.0,0.0,120.0,0.0,0.0,0.0,0.0,0.0,0.0,0.0,0.0,0.0,48.0,1,1,0,1,1,1,0,0,0,1,1,1,0,0,0,0,1,0,0,0,1,0,0,0,0,0,0,0,0,0,1,6.617647058823529,1.7659309473268325,4.467633643306762,20.5553041026006,2.235294117647059,0.596993621476013,-0.13775477286957125,-0.49731360165896854,0.0,0.0,0,0,3.264705882352941,0.44117647058823534,1.0666666666666664,-0.8622222222222224,0.6176470588235294,0.4859621071134796,-0.484182026135042,-1.7655677655677653,13.275911764705882,3.582923078483849,4.3447773209662985,19.465377526664643,0.7352941176470589,0.8156132131683558,0.8452042438391757,-0.086691547126037,476.58100000000013,75.94,4.209300000000003,1,6,0,0,0,0,0,0,0,0,0,0,0,0,0,0,0,0,0,0,0,0,0,0,0,0,0,0,0,0,0,0,0,0,0,0,0,0,0,0,1,0,0,0,1,0,0,0,0,0,0,0,0,0,1,0,0,0,0,0,0,1,0,0,1,0,1,1,0,0,0,0,0,0,0,0,0,1,0,1,0,1,1,1,1,1,0,1,1,1,1,0,1,1,1,1,1,0,1,1,1,0,1,1,0,0,0,1,0,1,0,0,1,1,0,0,0,0,0,1,1,0,1,1,1,0,1,1,0,0,1,1,0,0,0,1,1,1,0,1,1,0,0,0,1,0,0,1,0,1,1,0,0,1,0,1,1,1,1,0,1,0,1,1,1,1,1,1,0,0
CHEMBL220_262,37,35,-1,-1,-1,2.08,2.8272955275315668,2.9451429291564457,7.040957185283856,0.11194173427407816,0.12039964765205374,1.6914392460369307,3.309450680339392,0.18749926125976712,0.09420202160843309,-0.25134168206039936,-0.9985235095354921,7.77027027027027,4.085663308656103,-0.12498442651842946,-0.8130975511961465,0.023595023595023596,0.06483956772742924,3.260687935051717,9.614432184748088,0.8108108108108109,0.3916588309780929,-1.5871507864874157,0.5190476190476199,2.08,2.8272955275315668,2.9451429291564457,7.040957185283856,2.0,0.0,0,0,1.8918918918918919,2.4249133033684274,3.4129434570371973,10.626835353574322,0.0,0.0,0,0,0.010679618441888673,0.028301670746516717,2.501198976473008,4.817404343501004,0.039999999999999994,0.04916531005089296,2.9575985735390207,7.107844319678623,0.04,0.040983332824667595,-1.2248585152911338,1.7144850421083646,1.2,0.4,1.5000000000000004,0.2500000000000009,-0.30028663022993285,70.0,280.0,0.0,192.0,2376.0,24.0,0.0,0.0,0.0,706.0,934.0,19920.0,0.0,0.0,0.0,0.0,118.0,0.0,0.0,0.0,12.0,0.0,0.0,0.0,0.0,0.0,0.0,0.0,0.0,0.0,0.0,1,1,0,1,1,1,0,0,0,1,1,1,0,0,0,0,1,0,0,0,1,0,0,0,0,0,0,0,0,0,0,6.714285714285714,1.1187942975686411,1.190833864224466,-0.23393194706994347,2.0952380952380953,0.8676603408708856,0.2525900440726607,-0.8307809551458853,0.0,0.0,0,0,3.3333333333333335,0.47140452079103173,0.7071067811865462,-1.5000000000000016,0.5714285714285714,0.49487165930539356,-0.2886751345948126,-1.9166666666666672,13.57904761904762,2.531671638156638,1.3261950989812268,0.17640133931225233,0.6190476190476191,0.8438116736509215,1.2879005590595207,0.8791634549068919,298.26399999999995,65.72,2.1756199999999994,0,3,0,0,0,0,0,0,0,0,0,0,0,0,0,0,0,0,0,0,0,0,0,0,0,0,0,0,0,0,0,0,0,0,0,0,0,0,0,0,0,0,0,0,1,0,0,0,0,0,0,0,0,0,0,0,1,0,0,0,0,0,0,0,0,0,0,1,0,0,0,0,0,0,1,0,0,0,0,0,0,1,0,0,0,0,0,0,0,0,0,0,1,1,1,0,0,1,0,0,1,0,0,0,0,0,1,0,1,1,1,0,1,1,1,1,0,0,1,1,1,0,1,1,0,0,0,1,0,1,0,0,0,1,0,0,1,0,1,1,0,0,0,0,1,1,1,1,0,1,0,0,1,1,0,0,1,1,1,0,0,1,1,1,1,1,1,1,0,0
CHEMBL220_263,38,36,-1,-1,-1,2.1666666666666665,2.9953667926019047,2.9088612174875115,6.6941502362717955,0.11012045589599902,0.11911874187944378,1.6779071519975746,3.360686144113841,0.17122535352571994,0.09464068459782135,-0.15486093561792103,-1.158953168354826,7.322807017543859,4.210059001844877,-0.07397225948193287,-0.9760301528873763,0.01900584795321637,0.0572666566250036,3.611544378451423,11.888096832130215,0.8157894736842105,0.3876557858593746,-1.6292261599251139,0.6543778801843323,2.1666666666666665,2.9953667926019047,2.9088612174875115,6.6941502362717955,2.0,0.0,0,0,1.894736842105263,2.4898686678978676,3.536612469587997,11.355611219324024,0.0,0.0,0,0,0.043690777746505295,0.16141991753580942,5.462317834193148,29.423870134404694,0.04166666666666666,0.05294059470502447,2.9350478301321306,6.809202566776317,0.041666666666666664,0.03214655631945282,2.6107077994967374,5.474757643645917,1.3333333333333333,0.4714045207910317,0.7071067811865479,-1.4999999999999998,-0.3662845226635404,72.0,300.0,0.0,180.0,2700.0,32.0,0.0,0.0,0.0,766.0,880.0,23880.0,0.0,0.0,0.0,0.0,140.0,0.0,0.0,0.0,12.0,0.0,0.0,0.0,0.0,0.0,0.0,0.0,0.0,0.0,0.0,1,1,0,1,1,1,0,0,0,1,1,1,0,0,0,0,1,0,0,0,1,0,0,0,0,0,0,0,0,0,0,6.379310344827586,0.8057463065895119,1.977083418149316,2.615485247353379,2.206896551724138,0.8042692268752138,-0.39107351998029793,-1.3507650302768168,0.0,0.0,0,0,3.206896551724138,0.40508069394726653,1.4471361022898732,0.09420289855072861,0.6551724137931034,0.47531202593414557,-0.6529286250990105,-1.5736842105263154,12.802137931034487,1.7255439467047817,2.2012290818283,4.002172408237937,0.7241379310344828,0.9430892642191272,1.3136507437160767,0.8061139866739109,392.4300000000001,64.23,4.736220000000004,0,4,0,0,0,0,0,0,0,0,0,0,0,0,0,0,0,0,0,0,0,0,0,0,0,0,0,0,0,0,0,0,0,0,0,0,0,0,0,0,0,0,0,0,1,0,0,0,0,0,0,0,0,0,0,0,0,0,0,0,0,0,0,0,1,0,0,1,0,0,0,0,0,0,0,0,1,1,0,0,0,0,0,0,0,1,0,1,0,1,0,0,0,0,1,0,0,1,1,0,1,0,1,1,0,0,1,1,0,1,0,0,1,0,0,1,0,0,1,1,0,0,1,1,1,1,0,1,0,1,0,0,0,0,1,0,1,0,1,1,0,1,0,1,1,1,1,1,1,0,1,1,1,0,0,1,1,1,1,1,1,1,1,1,1,1,1,1,0,0
CHEMBL220_264,38,38,-1,-1,-1,2.230769230769231,3.054727638717659,2.906013306834912,6.987208722082533,0.11168355875017068,0.1176544609378726,1.696686749466769,3.341633783292907,0.1992386784964857,0.10120172721351156,-0.33019776492916403,-1.024973246821735,8.390350877192981,4.426796776614734,-0.20311496440743232,-0.837435297918323,0.021692745376955903,0.06147085277741213,3.404451187101908,10.53440463703316,0.8157894736842105,0.3876557858593746,-1.6292261599251143,0.6543778801843323,2.230769230769231,3.054727638717659,2.906013306834912,6.987208722082533,2.0,0.0,0,0,2.0,2.6257830912139837,3.401384425015259,10.709981935784628,0.0,0.0,0,0,0.02430098934917319,0.04969660498051433,1.749973331632016,1.412147311805537,0.038461538461538464,0.04819469950296118,2.946072640186312,7.196303941602498,0.038461538461538464,0.033417858012347174,2.6379891534992344,5.989752811634476,1.3076923076923077,0.46153846153846145,0.8333333333333339,-1.3055555555555545,-0.7729325866867519,76.0,338.0,0.0,314.0,3126.0,56.0,0.0,0.0,0.0,1202.0,1720.0,29184.0,0.0,0.0,0.0,0.0,290.0,0.0,0.0,0.0,48.0,0.0,0.0,0.0,0.0,0.0,0.0,0.0,0.0,0.0,36.0,1,1,0,1,1,1,0,0,0,1,1,1,0,0,0,0,1,0,0,0,1,0,0,0,0,0,0,0,0,0,1,6.344827586206897,0.7998216210167726,2.130971240848876,3.1293030776246855,2.206896551724138,0.6632891055748739,-0.2571274859960448,-0.7783053323593858,0.0,0.0,0,0,3.3793103448275863,0.48521542343001,0.4974683381630903,-1.7525252525252528,0.5517241379310345,0.4973174173053778,-0.20801257358446082,-1.956730769230769,12.73331034482759,1.7158930740629277,2.3436620511476445,4.52059186102729,0.896551724137931,0.9593398443616246,0.6762535931905558,-0.701951004547003,395.4740000000001,42.68,4.839940000000005,1,5,0,0,0,0,0,0,0,0,0,0,0,0,0,0,0,0,0,0,0,0,0,0,0,0,0,0,0,0,0,0,0,0,0,0,0,0,0,0,0,0,0,0,1,0,0,0,0,0,0,0,0,0,0,0,0,0,0,1,0,0,0,0,0,0,0,0,0,0,0,0,0,0,0,0,0,1,0,0,0,0,0,0,0,0,0,1,1,1,0,1,0,0,0,0,0,0,0,1,1,0,1,1,0,0,0,1,0,1,0,1,0,1,0,1,0,0,0,0,1,0,1,1,1,1,0,1,1,1,1,1,0,0,0,0,1,0,0,1,1,0,0,0,0,1,1,1,1,1,1,1,1,0,1,1,1,1,0,1,1,1,1,1,1,1,1,1,0,1
CHEMBL220_265,41,39,-1,-1,-1,2.0689655172413794,3.172413793103449,3.36492150899975,9.84016291840723,0.10836060723006885,0.11246431746634031,2.2525444155656946,7.609578770471376,0.19898457443185422,0.09779952171454363,-0.465576737081071,-0.8381286298171613,9.152845528455284,4.686002194217841,-0.3176286096481829,-0.6209807719661602,0.023014383989993746,0.07097292801780233,3.69750858513888,12.991057845370259,0.8292682926829268,0.3762743565985735,-1.7501500535908439,1.0630252100840334,2.0689655172413794,3.172413793103449,3.36492150899975,9.84016291840723,2.0,0.0,0,0,1.9024390243902438,2.7479915330644986,3.860644457067482,14.082141939825892,0.0,0.0,0,0,0.003238174427198817,0.010299711712943275,3.0706491096504016,7.904055536958635,0.034482758620689655,0.04856335165617021,3.3859204737831337,9.958044806514255,0.034482758620689655,0.4748854923750875,-3.545199547749287,12.221701048140536,1.2413793103448276,0.4279197808962364,1.2087344460380702,-0.5389610389610384,1.2203469626960164,78.0,380.0,0.0,184.0,4116.0,8.0,0.0,0.0,0.0,678.0,1088.0,44760.0,0.0,0.0,0.0,0.0,46.0,0.0,0.0,0.0,0.0,0.0,0.0,0.0,0.0,0.0,0.0,0.0,0.0,0.0,24.0,1,1,0,1,1,1,0,0,0,1,1,1,0,0,0,0,1,0,0,0,0,0,0,0,0,0,0,0,0,0,1,6.5,0.823754471047914,1.1500616437898856,-0.5373961218836567,2.142857142857143,0.6925256939166184,-0.19750619609210907,-0.9203259393390679,0.0,0.2672612419124244,0.0,11.0,3.4285714285714284,0.4948716593053935,0.2886751345948138,-1.916666666666666,0.35714285714285715,0.47915742374995496,0.5962847939999436,-1.644444444444445,13.00814285714286,1.642653204733248,1.1497147657411655,-0.5382385088215687,0.9285714285714286,1.0326308782000686,0.5321898841610755,-1.185366635379227,390.43600000000015,95.05000000000001,3.0990400000000013,0,8,0,0,0,0,0,0,0,0,0,0,0,0,0,0,0,0,0,0,0,0,0,0,0,0,1,0,0,0,0,0,0,0,0,0,0,0,0,0,0,0,0,0,0,0,0,0,0,0,1,1,0,0,0,0,0,0,0,1,0,0,0,0,0,1,0,0,0,0,0,0,1,1,0,0,0,1,0,0,0,0,0,0,0,0,0,1,1,0,0,1,0,0,0,0,1,0,0,1,1,0,1,1,1,0,0,1,1,0,0,1,0,1,0,1,0,0,0,0,1,1,1,1,1,1,1,1,1,1,1,1,1,0,1,0,0,0,1,1,1,0,1,0,1,1,1,1,1,1,1,1,1,0,1,1,1,1,0,1,1,1,1,1,1,1,1,1,0,1
CHEMBL220_266,37,34,-1,-1,-1,2.0,2.6076809620810595,2.774608636124311,6.250865051903116,0.11325442186640305,0.11916569537720932,1.694355367366691,3.317475680770756,0.18437900851530734,0.09128498213470193,-0.25978512148896143,-0.8790683775060035,7.603603603603605,3.946023077118554,-0.12976729487882382,-0.7669022423541065,0.02410982410982411,0.06765833892464457,2.893864280060689,6.948549602747105,0.8108108108108109,0.3916588309780929,-1.5871507864874157,0.5190476190476199,2.0,2.6076809620810595,2.774608636124311,6.250865051903116,2.0,0.0,0,0,1.837837837837838,2.248284793847073,3.184722190982523,9.294614921982022,0.0,0.0,0,0,0.003402622757461467,0.010895044771138406,3.5434128270284577,12.488136195988659,0.04000000000000001,0.04741314354088532,2.78657192972919,6.311228592087195,0.04,0.08625295433279594,3.0095919526184534,7.561345432570295,1.16,0.36660605559646714,1.8548520670059365,1.4404761904761942,-0.021062420337525284,68.0,244.0,0.0,164.0,1800.0,8.0,0.0,0.0,0.0,440.0,780.0,13104.0,0.0,0.0,0.0,0.0,38.0,0.0,0.0,0.0,0.0,0.0,0.0,0.0,0.0,0.0,0.0,0.0,0.0,0.0,0.0,1,1,0,1,1,1,0,0,0,1,1,1,0,0,0,0,1,0,0,0,0,0,0,0,0,0,0,0,0,0,0,6.363636363636363,0.77138921583987,1.6499158227686124,0.7222222222222268,2.1818181818181817,0.7158188976374374,-0.28267770203268133,-1.0265348595213337,0.0,0.0,0,0,3.1363636363636362,0.3431742925123068,2.1192517713040706,2.4912280701754437,0.7272727272727273,0.4453617714151233,-1.0206207261596578,-0.9583333333333335,12.73609090909091,1.5381500963847012,1.6499158227686077,0.7222222222222152,0.7272727272727273,0.9136250564655353,1.2797557525572048,0.8559945103421258,296.32200000000006,59.67,3.694440000000003,0,3,0,0,0,0,0,0,0,0,0,0,0,0,0,0,0,0,0,0,0,0,0,0,0,0,0,0,0,0,0,0,0,0,0,0,0,0,0,0,0,0,0,0,0,0,0,0,0,0,0,0,0,0,0,0,0,0,0,1,0,0,0,0,0,0,0,0,0,0,0,0,0,0,0,0,0,0,0,0,0,0,0,0,0,0,0,0,0,0,0,1,0,1,0,0,0,0,0,0,1,0,0,1,0,0,0,1,0,0,0,1,0,0,0,1,0,0,0,0,0,0,0,0,0,1,0,1,1,1,0,0,0,0,0,0,0,0,0,1,0,1,1,0,0,1,1,1,1,0,0,1,1,0,1,1,1,1,0,1,0,1,1,0,1,1,1,1,0,1
CHEMBL220_267,37,33,-1,-1,-1,2.0,2.6539552107881486,2.846903943534063,6.354595336076818,0.10937537229560876,0.1227357118455098,1.6634659779753058,3.2706803790718206,0.15703421936742373,0.08439962342531981,-0.11583116742232523,-1.1231916271377824,6.648648648648648,3.7852792518769824,0.0029621615587073907,-0.9292689866833763,0.021407121407121407,0.059179897803748396,3.203662216891878,9.375891796200246,0.8108108108108109,0.3916588309780929,-1.5871507864874157,0.5190476190476199,2.0,2.6539552107881486,2.846903943534063,6.354595336076818,2.0,0.0,0,0,1.7837837837837838,2.207299133956261,3.4110845652125934,10.53653801285265,0.0,0.0,0,0,0.005464979149189675,0.015868693177307488,2.616355912155493,4.993719101790589,0.04347826086956521,0.05233555964514823,2.851301080382538,6.3963186603887525,0.043478260869565244,0.03146175615247578,2.1878109432137727,4.466194166295452,1.173913043478261,0.3790346907426672,1.7206180040292134,0.9605263157894743,-0.4898100813564297,66.0,232.0,0.0,96.0,1770.0,8.0,0.0,0.0,0.0,378.0,396.0,13080.0,0.0,0.0,0.0,0.0,34.0,0.0,0.0,0.0,0.0,0.0,0.0,0.0,0.0,0.0,0.0,0.0,0.0,0.0,0.0,1,1,0,1,1,1,0,0,0,1,1,1,0,0,0,0,1,0,0,0,0,0,0,0,0,0,0,0,0,0,0,6.304347826086956,0.5465132647815885,1.6193115353855387,1.6709661913154985,2.1739130434782608,0.6360321234055563,-0.16482726090875002,-0.6171281334614389,0.0,0.0,0,0,3.347826086956522,0.476280484787101,0.6390096504226922,-1.591666666666668,0.5217391304347826,0.4995271866554807,-0.08703882797784884,-1.992424242424242,12.61830434782609,1.090301052752528,1.6175890064558567,1.6621973138041186,1.0,0.9780192938436515,0.5577134816133219,-0.8140495867768598,313.40500000000003,62.19,1.1104199999999995,0,4,0,0,0,0,0,0,0,0,0,0,0,0,0,0,0,0,0,0,0,0,0,0,0,0,0,0,0,0,0,0,0,0,0,0,0,0,0,0,0,0,0,0,0,0,0,0,0,0,0,0,0,0,1,0,0,0,0,0,0,0,0,0,1,0,0,1,0,0,0,0,0,0,0,0,0,1,0,0,0,1,1,0,1,0,0,1,1,0,0,0,0,1,1,1,1,1,0,1,1,0,1,0,0,0,1,0,0,0,1,0,1,1,0,1,0,0,0,1,1,0,1,1,1,0,1,1,0,1,1,1,0,1,0,1,0,1,0,1,1,0,0,0,1,1,1,1,0,1,1,1,1,1,0,1,1,1,1,0,1,0,1,1,1,1,1,1,0,0
CHEMBL220_268,39,38,-1,-1,-1,2.1481481481481484,3.123432391453039,3.151490491731766,8.357023522720517,0.1111786824669343,0.11524029766510602,1.8788722063582346,4.74981070670977,0.19697359612918794,0.09899859620279838,-0.3444989045421093,-0.94661732794984,8.604273504273506,4.4936417853447095,-0.22938275745022807,-0.747000163251363,0.022650180544917384,0.0679285642791346,3.5873559535669806,11.816481287201066,0.8205128205128205,0.3837597319768145,-1.6703827619526517,0.7901785714285703,2.1481481481481484,3.123432391453039,3.151490491731766,8.357023522720517,2.0,0.0,0,0,1.9487179487179487,2.6885199240447397,3.6567120963736413,12.415259018521667,0.0,0.0,0,0,0.02425223395280544,0.08183942778212244,5.0582099055704015,26.318495293813395,0.037037037037037035,0.049213344868056806,3.170678859622635,8.415611450882047,0.037037037037037056,0.05702862464100591,-2.2026398800224762,4.797406137337316,1.2592592592592593,0.43822813208145306,1.0987005311470712,-0.7928571428571427,-0.649751751800014,76.0,354.0,0.0,246.0,3570.0,32.0,0.0,0.0,0.0,940.0,1380.0,36024.0,0.0,0.0,0.0,0.0,162.0,0.0,0.0,0.0,12.0,0.0,0.0,0.0,0.0,0.0,0.0,0.0,0.0,0.0,24.0,1,1,0,1,1,1,0,0,0,1,1,1,0,0,0,0,1,0,0,0,1,0,0,0,0,0,0,0,0,0,1,6.617647058823529,1.8944921076691668,4.839766619702502,23.555017046681403,2.235294117647059,0.6443794794178425,-0.2647325694608305,-0.7016666666666671,0.0,0.0,0,0,3.2058823529411766,0.40434491426080943,1.4547859349066143,0.11640211640211406,0.6470588235294118,0.47788461203740945,-0.6154574548966637,-1.6212121212121218,13.28729411764706,4.021472663600121,4.9205894129240635,24.165865835474808,0.6764705882352942,0.7941176470588236,0.9961896052431025,0.3364098742851964,474.9520000000003,103.27000000000001,4.148220000000003,0,4,0,0,0,0,0,0,0,0,0,0,0,0,0,0,0,0,0,0,0,0,0,0,0,0,0,1,0,0,0,0,0,0,0,0,0,0,0,0,0,0,0,0,0,0,0,0,0,0,0,0,0,0,1,0,0,0,0,0,0,0,0,0,1,0,0,1,0,0,0,0,0,0,0,0,0,1,0,1,0,1,1,0,1,0,0,1,1,1,0,0,0,1,1,0,1,0,0,0,1,0,1,1,0,1,1,1,1,1,0,0,1,1,0,1,0,0,0,1,1,0,1,1,1,0,1,1,0,1,1,1,0,1,0,1,1,1,0,1,1,1,0,0,1,1,1,1,0,1,1,0,1,1,1,1,1,0,1,1,1,1,1,1,1,1,1,1,0,0
CHEMBL220_269,40,41,-1,-1,-1,2.2857142857142856,3.421122861379443,3.4004782060171768,10.740819650823303,0.10609764944099113,0.11723177377783105,1.9784833853078725,5.5544811516878205,0.21079237655280264,0.10842316968037632,-0.3775889340394265,-1.0002236163102636,9.254166666666666,4.921076765076702,-0.22686300731410786,-0.735136761498385,0.020782726045883944,0.06259106547507245,3.8065907488298154,14.549813131382336,0.825,0.3799671038392666,-1.7106744068953987,0.9264069264069255,2.2857142857142856,3.421122861379443,3.4004782060171768,10.740819650823303,2.0,0.0,0,0,2.05,2.9491524206117252,3.956890768079488,15.670663739344878,0.0,0.0,0,0,0.04043199808294464,0.08557713769037047,1.7628833193895965,1.2434383267308853,0.03571428571428572,0.04836011674739253,3.4405168741021295,11.10721377542098,0.03571428571428571,0.04813460648795018,3.457644178924563,11.350293233791156,1.2857142857142858,0.45175395145262565,0.9486832980505133,-1.1000000000000003,-1.236869556153942,82.0,434.0,0.0,428.0,5160.0,120.0,0.0,0.0,0.0,2004.0,2814.0,65184.0,0.0,0.0,0.0,0.0,740.0,0.0,0.0,0.0,240.0,0.0,0.0,0.0,0.0,0.0,0.0,0.0,0.0,0.0,0.0,1,1,0,1,1,1,0,0,0,1,1,1,0,0,0,0,1,0,0,0,1,0,0,0,0,0,0,0,0,0,0,7.285714285714286,5.370934627744989,4.895835889954506,22.32235584174986,2.2142857142857144,0.6185895741317419,-0.17551448183364665,-0.5642666666666667,0.03571428571428571,0.1855768722395226,5.003702332976756,23.03703703703702,3.142857142857143,0.34992710611188255,2.041241452319316,2.1666666666666714,0.7857142857142857,0.410325903324145,-1.392621247645582,-0.06060606060606144,14.934321428571433,12.566783410624245,4.924876281061229,22.516985906107305,0.6785714285714286,0.758455735056975,1.101925610877807,1.1037605518163618,437.31300000000005,43.32,4.778720000000003,0,5,0,0,0,0,0,0,0,0,0,0,0,0,0,0,0,0,0,0,0,0,0,0,0,0,0,0,0,0,0,0,0,0,0,0,0,0,0,0,0,0,0,0,0,0,0,0,1,0,0,1,0,0,0,0,0,0,0,1,0,0,0,0,0,0,0,1,0,0,0,0,0,0,0,0,0,1,0,0,0,0,0,0,0,0,0,1,0,1,0,1,0,0,0,0,0,0,0,0,1,0,1,1,0,0,0,1,0,1,0,1,0,0,0,1,0,0,0,0,0,0,1,1,1,1,0,1,1,1,0,0,0,0,0,0,1,0,0,1,1,0,0,0,0,1,0,1,1,0,1,0,0,0,1,1,1,1,0,1,1,1,1,1,1,1,1,1,0,1
CHEMBL220_270,37,37,-1,-1,-1,2.24,2.9431955422635445,2.870714042938136,6.694678547551948,0.11530271776726977,0.11718494059608663,1.6203105014253454,3.2320112569654524,0.19393758515954435,0.0974149232646745,-0.3385072026711527,-1.0593521013658898,8.03963963963964,4.212900877551517,-0.21978361625241488,-0.8780823506960456,0.02205062205062205,0.061085442339351204,3.5180992759275567,11.310377770839834,0.8108108108108109,0.3916588309780929,-1.5871507864874157,0.5190476190476199,2.24,2.9431955422635445,2.870714042938136,6.694678547551948,2.0,0.0,0,0,2.0,2.525545164588901,3.3622544323459107,10.358158575122092,0.0,0.0,0,0,0.020152634858517215,0.039847741679227784,1.6627542596741967,1.275171127928493,0.039999999999999994,0.0483421602047126,2.9095370049190743,6.852925060524919,0.04000000000000001,0.09234693502312004,2.9568937663265156,6.990593318756607,1.36,0.48,0.5833333333333328,-1.6597222222222228,0.16953407041704055,74.0,310.0,0.0,236.0,2712.0,32.0,0.0,0.0,0.0,874.0,1134.0,23880.0,0.0,0.0,0.0,0.0,142.0,0.0,0.0,0.0,12.0,0.0,0.0,0.0,0.0,0.0,0.0,0.0,0.0,0.0,72.0,1,1,0,1,1,1,0,0,0,1,1,1,0,0,0,0,1,0,0,0,1,0,0,0,0,0,0,0,0,0,1,6.233333333333333,0.6155395104206463,2.3814631362650855,3.8838159286555882,2.2,0.6000000000000001,-0.11111111111111184,-0.44444444444444686,0.0,0.0,0,0,3.2,0.39999999999999997,1.4999999999999993,0.2499999999999969,0.7333333333333333,0.44221663871405337,-1.055289706022172,-0.8863636363636394,12.476333333333338,1.2274688681275068,2.3810697097469142,3.8818555282466853,0.8333333333333334,0.8595864638818418,0.956337928045375,0.3843066312397525,399.49000000000007,42.68,5.312420000000005,0,7,0,0,0,0,0,0,0,0,0,0,0,0,0,0,0,0,0,0,0,0,0,0,0,0,0,0,0,0,0,0,0,0,0,0,0,0,0,0,0,0,0,0,0,0,0,0,0,0,0,0,0,0,0,0,0,0,0,1,0,0,0,0,0,0,0,0,0,0,0,0,0,0,0,0,0,0,0,0,0,0,0,0,0,0,0,1,1,0,0,1,0,0,0,1,0,0,0,0,1,0,1,1,0,0,0,1,0,0,0,1,0,0,0,1,0,1,0,0,0,0,0,0,1,1,0,1,1,1,0,0,0,0,0,0,0,0,0,1,1,0,0,0,0,1,0,1,1,0,1,1,0,0,1,1,1,1,0,1,1,1,1,1,1,1,1,1,0,1
CHEMBL220_271,37,37,-1,-1,-1,2.24,3.1019993552546072,3.0399351752929475,7.823159717449002,0.11257851218285021,0.11980444742046457,1.791677647773547,4.283976057102099,0.19722881827779518,0.10111644782492007,-0.2729507223573068,-1.0749427657785124,8.126126126126128,4.320303592485065,-0.16271738815313308,-0.8395524470547318,0.021621621621621623,0.06256768254263603,3.625541491541502,12.065385510969644,0.8108108108108109,0.3916588309780929,-1.5871507864874157,0.5190476190476199,2.24,3.1019993552546072,3.0399351752929475,7.823159717449002,2.0,0.0,0,0,2.0,2.6508540184301035,3.5692416088388756,11.999230769230769,0.0,0.0,0,0,0.03587931968213659,0.09095834340384532,3.7352167983841844,15.564495498255685,0.04000000000000001,0.05050276805743429,3.0658884177652532,7.932150391364017,0.039999999999999994,0.04160052407871429,-1.4389459116989676,2.1446145478037595,1.32,0.46647615158762407,0.7717436331412894,-1.4044117647058831,-2.1929708170246873,74.0,334.0,0.0,282.0,3240.0,56.0,0.0,0.0,0.0,1116.0,1524.0,32064.0,0.0,0.0,0.0,0.0,284.0,0.0,0.0,0.0,48.0,0.0,0.0,0.0,0.0,0.0,0.0,0.0,0.0,0.0,36.0,1,1,0,1,1,1,0,0,0,1,1,1,0,0,0,0,1,0,0,0,1,0,0,0,0,0,0,0,0,0,1,6.709677419354839,1.8350274391390826,4.190357737590107,18.240442044918037,2.193548387096774,0.6918584061137814,-0.2767106659234835,-0.9134215500945198,0.0,0.0,0,0,3.2903225806451615,0.4539112025635576,0.923869770874311,-1.146464646464646,0.5161290322580645,0.4997397866074087,-0.06454972243679004,-1.9958333333333336,13.430096774193553,3.6780380056872604,4.2004290798856125,18.311661407504715,0.7741935483870968,0.9055270224269806,0.9808223328284815,0.048191141230126355,440.52500000000015,108.56,2.23564,2,6,0,0,0,0,0,0,0,0,0,0,0,0,0,0,0,0,0,0,0,0,0,0,0,0,0,0,0,0,0,0,0,0,0,0,0,0,1,0,0,0,0,0,0,0,0,0,0,1,0,0,0,0,0,0,0,0,0,1,0,0,0,0,1,0,0,1,0,0,0,0,0,1,0,0,0,1,0,0,0,1,0,1,1,1,0,1,0,0,1,1,1,1,1,0,1,1,1,1,0,0,1,0,1,0,1,0,0,0,1,0,1,1,0,0,0,0,0,1,0,0,1,1,1,0,1,1,0,1,1,1,0,1,1,0,0,0,1,1,1,1,1,0,1,1,1,0,1,0,1,1,1,1,1,1,1,1,1,1,1,1,1,1,1,1,1,1,0,0
CHEMBL220_272,37,36,-1,-1,-1,2.16,2.852086955196142,2.9832475812563066,7.650007180701735,0.11356250251545065,0.11887213739752178,1.921832297946805,5.673686995727621,0.18945706481982394,0.09384736878420258,-0.353536973802849,-1.0148353778956234,7.8945945945945954,4.107215605594823,-0.20988469753460792,-0.8176512773664091,0.022908622908622906,0.06331624147834315,3.4224569668023377,10.927032898421013,0.8108108108108109,0.3916588309780929,-1.5871507864874157,0.5190476190476199,2.16,2.852086955196142,2.9832475812563066,7.650007180701735,2.0,0.0,0,0,1.945945945945946,2.448893251907956,3.463423780246197,11.465305790003868,0.0,0.0,0,0,0.012668999625521364,0.03031837240018519,2.7284472344219353,7.459123093847387,0.04,0.048622116996358954,3.0112670176157805,7.706770094994086,0.04,0.029904814291356434,-0.8225163910394528,0.17748529499743926,1.32,0.46647615158762407,0.7717436331412894,-1.4044117647058831,-1.0525191742710316,72.0,290.0,0.0,184.0,2508.0,16.0,0.0,0.0,0.0,580.0,846.0,22320.0,0.0,0.0,0.0,0.0,62.0,0.0,0.0,0.0,0.0,0.0,0.0,0.0,0.0,0.0,0.0,0.0,0.0,0.0,48.0,1,1,0,1,1,1,0,0,0,1,1,1,0,0,0,0,1,0,0,0,0,0,0,0,0,0,0,0,0,0,1,6.95,2.2242976419535228,3.3342306508575144,10.73550041989653,2.1,0.8888194417315589,0.23071422778482983,-0.9367088607594933,0.0,0.0,0,0,3.55,0.4974937185533101,-0.20100756305184125,-1.9595959595959607,0.3,0.45825756949558394,0.8728715609439697,-1.2380952380952381,13.9112,4.4588593115280055,3.3419064974101267,10.777441104617031,1.05,1.116915395184434,0.5474209132827108,-1.150220280239839,299.39199999999994,66.84,1.8449199999999997,0,3,0,0,0,0,0,0,0,0,0,0,0,0,0,0,0,0,0,0,0,0,0,0,0,0,0,0,0,0,0,0,0,0,1,1,0,0,0,0,0,0,0,0,0,0,0,0,0,0,0,0,0,1,0,0,0,1,0,1,1,1,1,1,0,0,1,0,0,1,0,0,0,0,0,1,1,1,0,0,0,0,0,1,0,0,0,0,1,0,1,0,0,0,0,0,1,1,0,0,1,0,1,0,1,0,0,0,1,0,0,1,0,1,1,1,0,0,0,1,1,0,1,1,1,0,1,0,0,1,1,1,1,0,1,0,0,0,1,1,1,1,1,1,0,1,1,1,1,1,1,1,1,0,1,1,0,0,1,1,1,1,1,1,1,1,1,1,0,1
CHEMBL220_273,37,35,-1,-1,-1,2.08,2.8272955275315668,2.9451429291564457,7.040957185283855,0.11194173427407816,0.12039964765205376,1.6914392460369305,3.309450680339392,0.18749926125976712,0.09420202160843309,-0.25134168206039936,-0.9985235095354921,7.77027027027027,4.085663308656103,-0.12498442651842973,-0.8130975511961465,0.0235950235950236,0.06483956772742926,3.2606879350517164,9.614432184748082,0.8108108108108109,0.3916588309780929,-1.5871507864874157,0.5190476190476199,2.08,2.8272955275315668,2.9451429291564457,7.040957185283855,2.0,0.0,0,0,1.8918918918918919,2.4249133033684274,3.4129434570371973,10.626835353574323,0.0,0.0,0,0,0.010679618441888673,0.028301670746516717,2.501198976473008,4.817404343501004,0.04,0.04916531005089296,2.9575985735390207,7.107844319678623,0.04000000000000001,0.3694895658657537,-2.7331103757540864,6.268527218144811,1.2,0.4,1.5000000000000004,0.2500000000000009,-0.24008768914608403,70.0,280.0,0.0,192.0,2376.0,24.0,0.0,0.0,0.0,706.0,934.0,19920.0,0.0,0.0,0.0,0.0,118.0,0.0,0.0,0.0,12.0,0.0,0.0,0.0,0.0,0.0,0.0,0.0,0.0,0.0,0.0,1,1,0,1,1,1,0,0,0,1,1,1,0,0,0,0,1,0,0,0,1,0,0,0,0,0,0,0,0,0,0,7.815789473684211,3.4247955233460727,2.0043344626962147,2.3426695993988673,2.1578947368421053,0.8437483969411261,0.2206298136772726,-0.676467471119925,0.0,0.0,0,0,3.236842105263158,0.4251445900369345,1.2379689211803453,-0.46743295019157083,0.47368421052631576,0.4993069989739547,0.1054092553389463,-1.9888888888888896,15.720473684210525,7.067795140214827,2.0364990049341847,2.5010458931978263,0.5526315789473685,0.7503461804938553,1.315376542551177,1.2815094202602566,618.5460000000003,172.7,3.799990000000003,0,8,0,0,0,0,0,0,0,0,0,0,0,0,0,0,0,0,0,0,0,0,0,0,0,0,0,1,0,0,1,0,0,0,1,1,0,0,0,0,0,0,0,0,0,1,0,0,0,0,0,0,0,1,1,0,1,1,0,1,1,1,1,1,0,0,1,0,0,1,1,1,0,0,1,1,0,0,0,1,1,1,0,1,0,1,1,0,0,1,1,0,0,0,0,0,1,0,1,1,0,0,0,1,1,1,0,1,1,1,0,1,0,0,1,1,0,0,0,1,0,1,1,0,0,1,1,1,0,0,0,0,1,1,0,1,1,1,1,1,1,0,1,0,1,0,1,1,1,0,1,0,1,1,1,1,0,1,1,1,1,1,1,1,1,1,1,1,0,0
CHEMBL220_274,37,36,-1,-1,-1,2.16,2.9350298124550624,2.9750995735993393,7.122572743189327,0.11044132441093464,0.12177742356194657,1.6585490989031972,3.0543771497177454,0.18537469162646525,0.09420455059842453,-0.2086402496836564,-1.0995563594100246,7.7996138996139,4.142764962713347,-0.10774505865579179,-0.8700266224927948,0.02445302445302445,0.06471048784888186,3.480612909711305,11.151839057712934,0.8108108108108109,0.3916588309780929,-1.5871507864874157,0.5190476190476199,2.16,2.9350298124550624,2.9750995735993393,7.122572743189327,2.0,0.0,0,0,1.945945945945946,2.514239941525997,3.468919992800697,10.894231853360111,0.0,0.0,0,0,0.023688565041948502,0.05426362493925714,1.8916673085940092,1.6684726551057771,0.039999999999999994,0.048696970402611374,2.9695860466352593,7.099303078646805,0.039999999999999994,0.057994181263899,2.97022918564032,7.107806127734282,1.24,0.4270831300812524,1.2175615550562024,-0.5175438596491229,-1.1138849885890552,72.0,302.0,0.0,222.0,2700.0,48.0,0.0,0.0,0.0,982.0,1100.0,23880.0,0.0,0.0,0.0,0.0,240.0,0.0,0.0,0.0,48.0,0.0,0.0,0.0,0.0,0.0,0.0,0.0,0.0,0.0,0.0,1,1,0,1,1,1,0,0,0,1,1,1,0,0,0,0,1,0,0,0,1,0,0,0,0,0,0,0,0,0,0,6.310344827586207,0.5932638115201813,1.755496436435377,1.909331628926214,2.2758620689655173,0.6896551724137931,-0.4230000000000004,-0.8699000000000003,0.0,0.0,0,0,3.3448275862068964,0.4753120259341455,0.652928625099012,-1.5736842105263145,0.5172413793103449,0.49970264642032547,-0.0690065559342356,-1.9952380952380953,12.630172413793106,1.1833690673597266,1.7540203648428883,1.9024683953058537,0.8620689655172413,1.0413564738304482,0.8271791710157853,-0.6733754616805157,391.4750000000002,81.92999999999999,3.040040000000001,1,5,0,0,0,0,0,0,0,0,0,0,0,0,0,0,0,0,0,0,0,0,0,0,1,0,0,0,0,0,0,0,0,0,0,0,0,0,0,0,1,0,0,0,0,0,0,0,0,0,0,0,0,0,1,0,0,0,0,0,0,0,0,0,1,0,0,1,0,0,0,0,0,0,1,0,0,1,0,1,0,1,1,0,0,1,0,0,0,0,0,0,1,1,1,1,1,1,1,1,1,0,0,1,0,0,1,1,0,0,1,1,1,1,0,1,0,0,0,1,1,0,1,1,1,0,1,1,1,1,1,0,0,0,1,1,0,0,0,1,0,0,0,1,1,1,1,1,0,1,1,1,0,1,0,1,1,1,1,1,1,1,1,1,1,1,1,1,0,0
CHEMBL220_275,35,36,-1,-1,-1,2.347826086956522,3.044720243480278,2.8105053844630596,6.3708648132230135,0.1148953466316393,0.12397777177310464,1.5810045961267787,2.885368241541971,0.19645489080723405,0.10199355081176043,-0.22194609853811653,-1.1913137957238995,7.6152380952380945,4.101436781600977,-0.10654662823617403,-0.9381276016907623,0.02052457346574993,0.057062248972966606,3.5361964864254953,11.2178635517319,0.8,0.4,-1.5,0.24999999999999956,2.347826086956522,3.044720243480278,2.8105053844630596,6.3708648132230135,2.0,0.0,0,0,2.057142857142857,2.5850433225754332,3.350782357862694,10.332883384591895,0.0,0.0,0,0,0.05461500114022666,0.10894732576660873,2.332524681101023,5.72072982601793,0.0434782608695652,0.051218151066554446,2.835509971835181,6.46205343726389,0.04347826086956524,0.07101681251915419,-1.8601310732690544,3.0104244977164916,1.391304347826087,0.48804226784007926,0.44543540318737423,-1.8015873015873007,-0.741405037519476,72.0,310.0,0.0,314.0,2772.0,88.0,0.0,0.0,0.0,1264.0,1600.0,25200.0,0.0,0.0,0.0,0.0,432.0,0.0,0.0,0.0,120.0,0.0,0.0,0.0,0.0,0.0,0.0,0.0,0.0,0.0,48.0,1,1,0,1,1,1,0,0,0,1,1,1,0,0,0,0,1,0,0,0,1,0,0,0,0,0,0,0,0,0,1,6.294117647058823,0.6197443384031023,1.9290994940699444,2.30338446554663,2.235294117647059,0.5969936214760129,-0.13775477286957127,-0.49731360165896854,0.0,0.0,0,0,3.4705882352941178,0.4991341984846218,0.11785113019775736,-1.9861111111111114,0.4411764705882353,0.49652773576865095,0.23693955110363704,-1.943859649122807,12.59770588235294,1.236038347239984,1.9280148284920429,2.2984425531671464,1.0588235294117647,0.9683575078326075,0.2710019179815576,-1.2148799716779455,464.61000000000035,74.0,4.8796200000000045,0,8,0,0,0,0,0,0,0,0,0,0,0,0,0,0,0,0,0,0,0,0,0,0,0,0,0,0,0,0,0,0,0,0,0,0,0,0,0,0,0,0,0,0,0,0,0,0,0,0,0,0,0,0,0,0,0,0,0,1,0,0,0,0,1,0,0,1,0,0,0,0,0,0,1,0,0,1,0,0,0,0,1,0,0,1,0,1,1,0,0,0,1,1,0,1,0,1,1,1,1,0,1,1,0,0,1,1,0,0,0,1,0,1,0,1,0,1,1,0,1,0,1,1,1,0,0,1,1,1,1,1,0,1,1,1,0,1,0,1,1,1,0,0,1,1,1,1,1,1,1,1,1,1,1,1,0,1,1,1,1,1,1,1,1,1,1,1,0,0
CHEMBL220_276,39,39,-1,-1,-1,2.2222222222222223,3.281071791162978,3.1371831507548147,8.456879681844967,0.1087081553720339,0.11757364754329684,1.8556521737408687,4.393581505256944,0.2060151198911163,0.10555592945346827,-0.3546814471939246,-1.0298366390223561,8.841880341880342,4.689192994242068,-0.2135549498246259,-0.7908065606059163,0.02104533683481052,0.06244631195934329,3.588853523220281,12.04358780564539,0.8205128205128205,0.3837597319768145,-1.6703827619526517,0.7901785714285703,2.2222222222222223,3.281071791162978,3.1371831507548147,8.456879681844967,2.0,0.0,0,0,2.0,2.8193470784417354,3.6659139805802865,12.699833506763785,0.0,0.0,0,0,0.027662792588165723,0.06271475578139821,1.9789733331864157,2.1435447282504496,0.037037037037037035,0.049619629640731015,3.158831846302445,8.605154454386904,0.03703703703703704,2.373924370572977,3.083246109222025,8.3137365477287,1.2592592592592593,0.438228132081453,1.0987005311470714,-0.7928571428571418,-1.1722205182149414,78.0,388.0,0.0,356.0,4134.0,80.0,0.0,0.0,0.0,1582.0,2200.0,44784.0,0.0,0.0,0.0,0.0,476.0,0.0,0.0,0.0,120.0,0.0,0.0,0.0,0.0,0.0,0.0,0.0,0.0,0.0,0.0,1,1,0,1,1,1,0,0,0,1,1,1,0,0,0,0,1,0,0,0,1,0,0,0,0,0,0,0,0,0,0,6.5675675675675675,1.7482120679779707,4.379043012134575,20.12836116097379,2.2162162162162162,0.6631267106154214,-0.27135196818309,-0.7794229644264394,0.0,0.0,0,0,3.2972972972972974,0.457068500683453,0.8869685939836235,-1.2132867132867131,0.6216216216216216,0.48498266067368534,-0.5015503913178175,-1.7484472049689432,13.200351351351353,3.5844901270817897,4.153832727119341,18.132833353748474,0.7837837837837838,0.8741060339889852,0.9190753795073512,0.03847672458861906,517.6450000000002,45.230000000000004,7.222840000000007,0,6,0,0,0,0,0,0,0,0,0,0,0,0,0,0,0,0,0,0,0,0,0,0,0,0,0,0,0,0,0,0,0,0,0,0,0,0,1,0,0,0,0,0,1,0,0,0,0,1,0,0,0,0,0,0,0,0,0,0,0,0,0,0,1,0,0,1,0,0,0,0,0,0,0,0,0,1,0,1,0,0,0,1,0,1,0,1,1,1,1,0,1,1,1,0,0,0,1,1,1,0,1,0,0,0,0,0,1,1,0,0,1,1,0,0,0,0,0,1,1,0,1,1,1,0,0,1,0,0,1,1,0,0,0,1,1,1,0,1,1,0,0,0,1,0,1,1,0,1,1,1,1,1,0,1,1,1,1,0,1,0,1,1,1,1,1,1,0,1
CHEMBL220_277,37,38,-1,-1,-1,2.32,3.1076679359288053,2.787359221550394,6.370895567614852,0.11417785357583426,0.1182812105950999,1.58443636350949,2.8734878152271977,0.201466200487643,0.1034982391831051,-0.29403645474834633,-1.0557633580508743,8.234234234234235,4.375824153941222,-0.18787078821906528,-0.8711342803575386,0.02067782067782068,0.06057439405028879,3.4951048590041522,11.06322273454504,0.8108108108108109,0.3916588309780929,-1.5871507864874157,0.5190476190476199,2.32,3.1076679359288053,2.787359221550394,6.370895567614852,2.0,0.0,0,0,2.054054054054054,2.6604810167188564,3.300319276234333,10.089523654337082,0.0,0.0,0,0,0.037660408125175744,0.09258428840005764,3.5373588639810425,14.097162311636058,0.04,0.049390801297029205,2.8500457025862973,6.611234349642455,0.04,0.027372582810816937,2.2057386716520413,4.107628076090655,1.32,0.46647615158762407,0.7717436331412894,-1.4044117647058831,-0.2613606557431998,76.0,342.0,0.0,370.0,3132.0,80.0,0.0,0.0,0.0,1312.0,2038.0,29184.0,0.0,0.0,0.0,0.0,382.0,0.0,0.0,0.0,72.0,0.0,0.0,0.0,0.0,0.0,0.0,0.0,0.0,0.0,120.0,1,1,0,1,1,1,0,0,0,1,1,1,0,0,0,0,1,0,0,0,1,0,0,0,0,0,0,0,0,0,1,6.393939393939394,1.722214816773675,5.251922385923333,26.33420525453136,2.242424242424242,0.552147489645109,0.03835136794820609,-0.348708085353461,0.0,0.0,0,0,3.272727272727273,0.4453617714151233,1.0206207261596563,-0.9583333333333348,0.696969696969697,0.459568208730397,-0.8571946154145237,-1.2652173913043472,12.800212121212121,3.453768006084525,5.253983502183881,26.349870141821587,0.9393939393939394,0.8506465968253455,0.7064126923293625,-0.05117369682290196,453.6550000000002,28.160000000000004,7.170440000000007,0,6,0,0,0,0,0,0,0,0,0,0,0,0,0,0,0,0,0,0,0,0,0,0,0,0,0,0,0,0,0,0,0,0,0,0,0,0,1,0,0,0,0,0,0,0,0,0,0,1,0,0,0,0,0,0,0,0,0,0,0,0,0,0,1,0,0,1,0,0,0,0,0,0,0,0,0,1,0,1,0,0,1,1,0,1,0,1,1,0,1,0,1,0,0,0,0,0,1,0,1,0,1,0,0,0,1,0,1,0,0,0,0,1,0,0,0,0,0,0,1,0,1,1,1,0,0,1,0,0,1,1,0,0,0,1,0,1,0,1,1,0,0,0,1,0,1,1,0,1,1,1,1,1,0,1,0,1,1,0,1,0,1,1,1,1,0,1,0,1
CHEMBL220_278,37,36,-1,-1,-1,2.16,2.8660774588276574,2.938142061992381,7.444944289306797,0.11207338885767318,0.1202771072855671,1.8436708493370537,4.723195287524807,0.19060484944930375,0.09624259528262247,-0.2644635677164697,-1.0062592199193163,7.881981981981983,4.15210858255863,-0.14656039856151462,-0.81941144083445,0.02290862290862291,0.06261690271487479,3.425701091224263,11.251424758044983,0.8108108108108109,0.3916588309780929,-1.5871507864874157,0.5190476190476199,2.16,2.8660774588276574,2.938142061992381,7.444944289306797,2.0,0.0,0,0,1.945945945945946,2.459904919563839,3.4177089105778773,11.20952842371989,0.0,0.0,0,0,0.01648433940175606,0.036936248613240255,2.1085405714993164,3.151453727871007,0.04,0.04850718335077307,2.96340945814791,7.520142115694567,0.04,0.02864400864343174,-0.2694757967189347,-0.27385120280944575,1.28,0.448998886412873,0.9799578870122222,-1.0396825396825402,-0.7218559348874772,72.0,292.0,0.0,232.0,2514.0,32.0,0.0,0.0,0.0,792.0,1162.0,22320.0,0.0,0.0,0.0,0.0,146.0,0.0,0.0,0.0,12.0,0.0,0.0,0.0,0.0,0.0,0.0,0.0,0.0,0.0,24.0,1,1,0,1,1,1,0,0,0,1,1,1,0,0,0,0,1,0,0,0,1,0,0,0,0,0,0,0,0,0,1,6.457142857142857,1.7294566800481779,4.877604170561598,23.623968781583113,2.2285714285714286,0.5897076411585799,-0.106453868965346,-0.45133240759108695,0.0,0.0,0,0,3.3142857142857145,0.4642307659791977,0.8000946913656611,-1.3598484848484858,0.6571428571428571,0.47466422073817566,-0.6621221919717306,-1.5615942028985497,12.954742857142858,3.512591972098237,4.73358460272435,22.29748505642114,0.9142857142857143,0.8741176309016203,0.6801206994215231,-0.29514573745342965,485.6720000000002,28.160000000000004,7.5571400000000075,0,7,0,0,0,0,0,0,0,0,0,0,0,0,0,0,0,0,0,0,0,0,0,0,0,0,0,0,0,0,0,0,0,0,0,0,0,0,1,0,0,0,0,0,1,0,0,0,0,1,0,0,0,0,0,0,0,0,0,0,0,0,0,0,1,0,0,1,0,0,0,0,0,0,0,0,0,1,0,1,0,0,0,1,1,1,0,1,1,1,1,0,1,1,0,0,0,0,1,0,1,0,1,0,0,0,0,0,1,1,0,0,0,1,0,0,0,0,0,0,1,0,1,1,1,0,0,1,0,0,1,1,0,0,0,1,1,1,0,1,1,0,0,0,1,0,1,1,0,1,1,1,1,1,0,1,0,1,1,0,1,0,1,1,1,1,0,1,0,1
CHEMBL220_279,38,39,-1,-1,-1,2.3076923076923075,3.171619712013585,2.9798925568066967,7.477545328719726,0.11290852791352254,0.11647941362354769,1.7265547266018437,3.8554235132276347,0.20149272498510476,0.10293176392086764,-0.3287659997398371,-1.0478763405264382,8.521052631578948,4.5008148778283905,-0.2291357327235407,-0.8456336260213799,0.02129761340287656,0.06160327024949607,3.732536162496583,13.00689827087066,0.8157894736842105,0.3876557858593746,-1.6292261599251143,0.6543778801843323,2.3076923076923075,3.171619712013585,2.9798925568066967,7.477545328719726,2.0,0.0,0,0,2.0526315789473686,2.7236524279864454,3.500316845937865,11.477760592909542,0.0,0.0,0,0,0.02907231316786314,0.05895551743764536,2.0535613258764873,3.5857652683571173,0.038461538461538464,0.04865444711982206,3.0347397231430104,7.744416562861701,0.03846153846153846,0.017117481881725946,0.87485829922381,0.20621527655170446,1.3461538461538463,0.47574295680203776,0.646761666763554,-1.5816993464052294,-0.10486519958241103,78.0,364.0,0.0,334.0,3582.0,64.0,0.0,0.0,0.0,1354.0,1844.0,36024.0,0.0,0.0,0.0,0.0,324.0,0.0,0.0,0.0,48.0,0.0,0.0,0.0,0.0,0.0,0.0,0.0,0.0,0.0,120.0,1,1,0,1,1,1,0,0,0,1,1,1,0,0,0,0,1,0,0,0,1,0,0,0,0,0,0,0,0,0,1,6.242424242424242,0.552147489645109,2.1985913522031373,3.68228335026855,2.242424242424242,0.49422746758485114,0.41859437612958694,-0.24379557917349537,0.0,0.0,0,0,3.272727272727273,0.4453617714151233,1.020620726159656,-0.9583333333333357,0.696969696969697,0.459568208730397,-0.8571946154145237,-1.2652173913043472,12.494636363636362,1.101314856534289,2.1971827306441805,3.6745526176269863,0.8484848484848485,0.820982859645095,0.6147085465738737,-0.4171053315415527,440.5470000000002,64.28,5.398020000000005,0,7,0,0,0,0,0,0,0,0,0,0,0,0,0,0,0,0,0,0,0,0,0,0,0,0,0,0,0,0,0,0,0,0,0,0,0,0,0,0,1,0,0,0,0,0,0,0,0,0,0,0,0,0,0,0,0,0,0,1,0,0,0,0,1,0,0,1,0,0,0,0,0,1,0,0,0,1,0,1,0,1,1,0,0,1,0,1,1,0,0,0,0,0,1,0,1,1,1,1,1,0,1,0,1,0,0,0,0,0,0,1,1,1,0,1,0,0,0,1,1,0,1,1,1,0,1,1,1,1,1,1,0,0,0,0,0,0,0,1,1,0,0,0,1,1,0,1,0,1,1,0,0,0,1,1,0,1,1,1,1,1,1,1,1,1,1,1,0,1
CHEMBL220_280,36,33,-1,-1,-1,2.0,2.598076211353316,2.9081346892514484,6.761316872427983,0.1135364197015114,0.12201335656041937,1.6670708015832925,3.3423429862846064,0.17332091302315825,0.08485699008544233,-0.20199955336639225,-0.9831660100364834,7.166269841269841,3.726442825777265,-0.07050164759389399,-0.7869089516158754,0.026423902894491133,0.06944418944001388,3.1292320824692053,8.911433936417508,0.8055555555555556,0.3957724124659724,-1.5440972939559132,0.3842364532019724,2.0,2.598076211353316,2.9081346892514484,6.761316872427983,2.0,0.0,0,0,1.8333333333333333,2.229848026709942,3.336316419602216,10.057925782591054,0.0,0.0,0,0,0.005112650227592757,0.014813825341087283,2.6902907427620386,5.62417726648297,0.041666666666666664,0.04876901674531309,2.9037025152597953,6.757563422082216,0.041666666666666664,0.020243275548101236,0.3473152180889477,0.37387366234639163,1.1666666666666667,0.3726779962499649,1.7888543819998315,1.1999999999999993,0.23060314512712857,66.0,234.0,0.0,116.0,1770.0,8.0,0.0,0.0,0.0,382.0,486.0,13080.0,0.0,0.0,0.0,0.0,34.0,0.0,0.0,0.0,0.0,0.0,0.0,0.0,0.0,0.0,0.0,0.0,0.0,0.0,0.0,1,1,0,1,1,1,0,0,0,1,1,1,0,0,0,0,1,0,0,0,0,0,0,0,0,0,0,0,0,0,0,6.217391304347826,0.4124709991523973,1.370320319406297,-0.1222222222222249,2.1739130434782608,0.7605589428059089,-0.3026445620161915,-1.2204921184159951,0.0,0.0,0,0,3.130434782608696,0.5360360002581719,0.10245563439837566,0.22783933518005206,0.6521739130434783,0.47628048478710105,-0.6390096504226935,-1.5916666666666677,12.444913043478264,0.8232921143081852,1.370320319406283,-0.12222222222224799,0.8260869565217391,1.1287613031084494,1.0705188140822584,-0.3941436483547429,305.3850000000001,69.62,3.0060400000000005,0,1,0,0,0,0,0,0,0,0,0,0,0,0,0,0,0,0,0,1,0,0,0,0,0,0,0,0,0,0,0,0,0,0,0,0,0,0,0,0,1,0,0,0,0,0,0,0,0,0,0,0,0,0,1,0,0,0,0,0,0,0,0,0,0,0,0,1,0,0,0,0,0,0,0,0,1,1,0,1,0,1,1,0,0,1,1,0,0,0,0,0,0,0,0,0,1,0,1,0,1,0,0,1,0,0,0,1,0,0,0,0,0,0,0,0,0,0,0,0,0,0,1,1,1,0,1,1,0,0,0,0,0,0,0,1,0,1,0,1,0,0,0,1,1,0,1,1,0,0,1,1,1,1,0,0,0,0,1,0,1,0,1,1,1,1,0,1,0,0
CHEMBL220_281,35,33,-1,-1,-1,2.0869565217391304,2.5522887167720296,2.5546581171798906,5.0732176968662355,0.11807599099113639,0.12095242421253755,1.505240977808169,2.38790748321159,0.18276515834547247,0.09088560148513919,-0.21221034749654788,-0.9526333549949184,7.133333333333334,3.725246343191322,-0.09201302759734499,-0.847523975513754,0.02307104660045836,0.06267990495756538,2.9141905320380075,7.156849096111664,0.8,0.4,-1.5,0.24999999999999956,2.0869565217391304,2.5522887167720296,2.5546581171798906,5.0732176968662355,2.0,0.0,0,0,1.8857142857142857,2.1879073964659024,2.977605101486634,7.974616663471611,0.0,0.0,0,0,0.011749899639085785,0.030801198783500214,2.988694088649523,8.535449702471347,0.043478260869565216,0.048792219746377,2.608181464169611,5.304493804918762,0.04347826086956523,0.3843764288318253,-2.217176016998565,3.8619351731095,1.2608695652173914,0.43910891036356864,1.0891622972743416,-0.81372549019608,-0.3363077219724936,66.0,226.0,0.0,178.0,1530.0,16.0,0.0,0.0,0.0,442.0,776.0,10224.0,0.0,0.0,0.0,0.0,58.0,0.0,0.0,0.0,0.0,0.0,0.0,0.0,0.0,0.0,0.0,0.0,0.0,0.0,12.0,1,1,0,1,1,1,0,0,0,1,1,1,0,0,0,0,1,0,0,0,0,0,0,0,0,0,0,0,0,0,1,6.2727272727272725,0.6863485850246136,2.1192517713040715,2.4912280701754446,2.1818181818181817,0.7158188976374374,-0.28267770203268133,-1.0265348595213337,0.0,0.0,0,0,3.1818181818181817,0.385694607919935,1.6499158227686128,0.7222222222222268,0.7272727272727273,0.44536177141512334,-1.020620726159657,-0.9583333333333353,12.554818181818183,1.3685790785390797,2.119251771304068,2.491228070175433,0.8181818181818182,1.0285189544531599,1.1207366268220373,0.04113769531250089,294.34999999999997,39.44,4.297260000000004,0,3,0,0,0,0,0,0,0,0,0,0,0,0,0,0,0,0,0,0,0,0,0,0,0,0,0,0,0,0,0,0,0,0,0,0,0,0,0,0,0,0,0,0,0,0,0,0,0,0,0,0,0,0,0,0,0,0,0,1,0,0,0,0,0,0,0,0,0,0,0,0,0,0,0,0,0,0,0,0,0,0,0,0,0,0,0,0,0,0,0,1,0,0,0,0,0,0,0,0,1,0,0,1,0,0,0,1,0,0,0,1,0,0,0,1,0,0,0,0,0,0,0,0,0,1,0,1,1,1,0,0,0,0,0,0,0,0,0,1,0,0,0,1,0,1,1,1,1,0,0,1,1,0,1,1,1,1,0,1,0,1,1,0,1,1,1,1,0,1
CHEMBL220_282,40,38,-1,-1,-1,2.0714285714285716,3.104473401728676,3.399718977767726,10.195844488206067,0.10619100063624494,0.11714722098228804,2.1538435420824302,6.79679375180244,0.19093343899984988,0.09589974049678399,-0.30617269722780693,-0.9523567476964234,8.667142857142858,4.533088047335719,-0.19137840387097715,-0.6963478406546346,0.0247638326585695,0.07112266868967133,3.7585975813838477,13.746609319069087,0.825,0.3799671038392666,-1.7106744068953987,0.9264069264069255,2.0714285714285716,3.104473401728676,3.399718977767726,10.195844488206067,2.0,0.0,0,0,1.9,2.6814175355583845,3.9035463195686515,14.611999744661588,0.0,0.0,0,0,0.010260303184831487,0.027550210736623077,2.379859122102521,3.8161297114326613,0.03571428571428571,0.048298059485527185,3.4026644175490555,10.241282318063293,0.03571428571428573,0.1765107349444891,-3.2753730287396463,10.435419516682861,1.1785714285714286,0.3829930462415574,1.6785086548325643,0.8173913043478271,-0.12112726501921219,76.0,356.0,0.0,194.0,3780.0,24.0,0.0,0.0,0.0,868.0,1088.0,40800.0,0.0,0.0,0.0,0.0,132.0,0.0,0.0,0.0,12.0,0.0,0.0,0.0,0.0,0.0,0.0,0.0,0.0,0.0,0.0,1,1,0,1,1,1,0,0,0,1,1,1,0,0,0,0,1,0,0,0,1,0,0,0,0,0,0,0,0,0,0,6.904761904761905,2.3885592769494197,3.593114964820621,12.240081285812133,2.0952380952380953,0.8109231602822096,-0.1753561069309428,-1.4589060642092746,0.0,0.0,0,0,3.3333333333333335,0.47140452079103173,0.7071067811865464,-1.5000000000000016,0.5238095238095238,0.49943278484292924,-0.09534625892455938,-1.9909090909090907,13.935047619047618,5.110496113054188,3.565951097513494,12.028402144093654,0.8095238095238095,1.096272803163937,1.0324946253451224,-0.4203844784620858,309.77200000000005,57.78,2.9863600000000012,0,4,0,0,0,0,0,0,0,0,0,0,0,0,0,0,0,0,0,0,0,0,0,0,0,0,0,0,0,0,0,0,0,0,0,0,0,0,0,0,0,0,0,0,1,0,0,0,0,0,0,0,0,0,1,0,0,0,0,0,0,0,0,0,0,0,0,1,0,0,0,1,0,0,0,0,0,0,0,0,0,0,1,0,1,1,0,0,0,1,0,0,1,1,1,0,1,0,1,0,0,0,1,0,0,1,1,0,0,1,1,0,1,1,0,0,0,0,1,1,0,0,1,1,0,0,1,1,0,0,0,1,0,1,1,0,1,0,0,1,0,0,0,1,1,0,1,0,0,0,0,1,1,1,0,1,1,1,1,0,1,0,1,1,1,1,1,1,0,0
CHEMBL220_283,41,41,-1,-1,-1,2.206896551724138,3.3873935697221556,3.281808451224662,9.09231158957286,0.10648450380525648,0.11424226167135933,1.8862126257691227,4.352586243997511,0.20621636383451558,0.10474310596433127,-0.38749597351268206,-0.986320584808138,9.394308943089431,4.931145979810562,-0.2642181050352478,-0.7537028757304727,0.022013758599124453,0.06540509215897944,3.771815758580321,13.261637360320734,0.8292682926829268,0.37627435659857345,-1.7501500535908443,1.0630252100840352,2.206896551724138,3.3873935697221556,3.281808451224662,9.09231158957286,2.0,0.0,0,0,2.0,2.9300794961329184,3.804581850915615,13.349173553719005,0.0,0.0,0,0,0.025201718000046242,0.05746674055122242,1.9599466334384408,2.0516632540954705,0.03448275862068966,0.047828635804446046,3.290415871021944,9.133868904448294,0.0344827586206896,1.3453349614805072,3.2266939192512347,8.875132683508166,1.2413793103448276,0.42791978089623633,1.2087344460380705,-0.5389610389610371,0.8127873980845449,82.0,434.0,0.0,356.0,4980.0,80.0,0.0,0.0,0.0,1862.0,2266.0,56904.0,0.0,0.0,0.0,0.0,508.0,0.0,0.0,0.0,120.0,0.0,0.0,0.0,0.0,0.0,0.0,0.0,0.0,0.0,0.0,1,1,0,1,1,1,0,0,0,1,1,1,0,0,0,0,1,0,0,0,1,0,0,0,0,0,0,0,0,0,0,6.352941176470588,0.6809315825170721,1.659400990631659,1.1783247939407477,2.176470588235294,0.6629075099755674,-0.21170789161659956,-0.7679335358670722,0.0,0.0,0,0,3.1176470588235294,0.32218973970892123,2.3734644158557194,3.633333333333331,0.6176470588235294,0.4859621071134796,-0.484182026135042,-1.7655677655677653,12.715000000000002,1.3580012994882464,1.6585311367787716,1.1750181808128257,0.7058823529411765,0.6655122646461624,1.0130133281256488,2.078735351562499,456.5020000000002,123.32000000000001,3.575120000000001,1,7,0,0,0,0,0,0,0,0,0,0,0,0,0,0,0,0,0,0,0,0,0,0,0,0,1,0,0,0,0,0,0,0,0,0,0,0,0,0,0,0,0,0,0,0,0,0,0,0,0,0,0,0,0,0,1,0,0,0,0,0,0,0,0,0,0,1,0,0,1,1,0,1,1,0,0,0,0,0,0,1,0,0,0,1,0,0,0,0,0,0,1,1,1,0,1,1,1,0,0,0,0,1,1,0,1,1,0,0,0,0,1,1,0,0,0,0,0,1,0,0,0,1,0,0,1,1,0,0,0,0,0,1,0,1,0,1,1,1,0,1,1,0,1,0,0,1,1,0,0,0,0,1,0,0,1,1,1,0,1,1,1,1,1,1,1,1,0,0
CHEMBL220_284,35,32,-1,-1,-1,2.0,2.5194892512087685,2.7402814224068353,5.858603865640834,0.11593682449581025,0.12300439543876582,1.5729972658256643,2.6655368358899194,0.17761172203376774,0.08774722123614218,-0.17918373356350656,-0.948871788810989,6.983809523809524,3.6402587683057313,-0.05197397757158141,-0.806034630789028,0.024395212630506747,0.06550341703685393,2.9620806696472495,7.604414531133802,0.8,0.4,-1.5,0.24999999999999956,2.0,2.5194892512087685,2.7402814224068353,5.858603865640834,2.0,0.0,0,0,1.8285714285714285,2.15785229582848,3.1563558463403,8.902736127694649,0.0,0.0,0,0,0.004368100670621679,0.012893490774598575,2.9903728176764686,8.126824367849512,0.04347826086956521,0.04956439759014968,2.7513594632509957,5.9084014755364915,0.04347826086956521,0.019380500713805756,0.42285871368743855,0.7695229174473188,1.173913043478261,0.3790346907426672,1.7206180040292134,0.9605263157894743,-0.6344044207612644,64.0,216.0,0.0,130.0,1506.0,8.0,0.0,0.0,0.0,366.0,542.0,10200.0,0.0,0.0,0.0,0.0,34.0,0.0,0.0,0.0,0.0,0.0,0.0,0.0,0.0,0.0,0.0,0.0,0.0,0.0,0.0,1,1,0,1,1,1,0,0,0,1,1,1,0,0,0,0,1,0,0,0,0,0,0,0,0,0,0,0,0,0,0,6.75,2.405722344743882,3.850161273480452,13.488414836100372,2.1,0.6244997998398398,-0.07390530175619463,-0.47731755424063094,0.0,0.0,0,0,3.5,0.5,0.0,-2.0,0.3,0.45825756949558394,0.8728715609439697,-1.2380952380952381,13.5821,5.118751975823796,3.882306311368472,13.673628854530893,1.15,0.9096702699330126,0.09863804462175613,-1.1113991292521972,294.8259999999999,41.13,4.882820000000004,0,2,0,0,0,0,0,0,0,0,0,0,0,0,0,0,0,0,0,0,0,0,0,0,0,0,0,0,0,0,0,0,0,0,0,0,0,0,0,1,0,0,0,0,0,1,0,0,0,0,0,0,0,0,0,0,0,0,0,0,0,0,0,0,0,0,0,0,0,0,0,0,0,0,0,0,0,0,0,1,0,0,0,0,0,0,0,0,0,1,0,0,1,1,0,0,0,0,0,0,0,0,0,1,0,1,1,0,1,1,0,0,1,1,0,0,0,0,0,1,1,0,0,0,0,0,0,0,0,0,1,1,0,1,0,1,1,1,0,0,0,0,0,0,1,0,1,0,0,1,0,0,1,1,0,0,1,0,1,0,1,0,1,1,1,1,1,1,0,0
CHEMBL220_285,34,33,-1,-1,-1,2.1739130434782608,2.776487833232974,2.7451108409443936,5.900753958909654,0.11664923220534461,0.12571682994645525,1.5330401761665153,2.3847154197408873,0.19550831079580933,0.09769579202985715,-0.26577637568364426,-1.004681769519165,7.407843137254902,3.878694181107538,-0.13881874323375942,-0.8099590376007288,0.024621212121212124,0.06333504707742874,3.1641363539866805,8.969645249193253,0.7941176470588235,0.40434491426080943,-1.4547859349066157,0.11640211640211628,2.1739130434782608,2.776487833232974,2.7451108409443936,5.900753958909654,2.0,0.0,0,0,1.9411764705882353,2.400259501541549,3.183059821839765,9.029907745583415,0.0,0.0,0,0,0.025112046738344315,0.0565796105779247,1.966666113598571,2.168145698950771,0.043478260869565216,0.04992546676823092,2.753943988132441,5.9360290424044155,0.043478260869565195,0.020964897354597785,0.1591613785646807,-0.32391117833905003,1.2608695652173914,0.43910891036356847,1.0891622972743424,-0.8137254901960773,-1.1516201434373892,66.0,258.0,0.0,224.0,2046.0,48.0,0.0,0.0,0.0,838.0,1032.0,15960.0,0.0,0.0,0.0,0.0,222.0,0.0,0.0,0.0,48.0,0.0,0.0,0.0,0.0,0.0,0.0,0.0,0.0,0.0,0.0,1,1,0,1,1,1,0,0,0,1,1,1,0,0,0,0,1,0,0,0,1,0,0,0,0,0,0,0,0,0,0,6.375,0.6959705453537527,1.5643042434590073,0.8595213319458899,2.25,0.5951190357119042,-0.14826495007355397,-0.5190311418685121,0.0,0.0,0,0,3.0833333333333335,0.2763853991962833,3.015113445777635,7.090909090909086,0.5,0.5,0.0,-2.0,12.759,1.38798991350802,1.5634407933775134,0.8564194602538322,0.625,0.7534642216677135,1.324158989009499,1.8377240972982065,321.336,71.95,2.6625200000000007,0,2,0,0,0,0,0,0,0,0,0,0,0,0,0,0,0,0,0,0,0,0,0,0,0,0,0,1,0,0,1,0,0,0,0,0,0,0,0,0,0,0,0,0,0,1,0,1,0,0,0,0,0,0,0,0,0,0,0,1,0,0,0,0,0,0,0,0,0,0,0,0,0,0,1,0,0,0,1,1,1,1,0,0,0,1,0,0,0,0,0,0,0,0,1,0,0,1,1,1,0,1,0,1,0,0,0,1,1,0,0,1,1,0,0,1,0,0,0,1,0,1,1,1,0,1,0,1,0,1,0,0,0,1,0,1,0,1,0,1,0,0,0,0,1,1,1,1,1,0,0,0,1,1,1,1,1,0,1,1,1,1,1,1,1,1,1,1,0,0
CHEMBL220_286,34,32,-1,-1,-1,2.090909090909091,2.4663018120455518,2.458784931190447,4.65174193643668,0.1184476129721405,0.12402389966084908,1.5040055767965017,2.4861823278618873,0.18023182676958788,0.0895989346987503,-0.1696863385513151,-0.966379455575443,6.82843137254902,3.5703104197893336,-0.05329966916976478,-0.8688069393257738,0.022894385026737973,0.06069657191354719,2.843438945801509,6.74054822650468,0.7941176470588235,0.40434491426080943,-1.454785934906616,0.11640211640211628,2.090909090909091,2.4663018120455518,2.458784931190447,4.65174193643668,2.0,0.0,0,0,1.8823529411764706,2.1111009935207483,2.8745041901989454,7.424755748235016,0.0,0.0,0,0,0.01236736681305544,0.031455048069363105,2.8629258044289534,7.747741836156369,0.04545454545454544,0.0491114647916338,2.5027811542645844,4.801174305942974,0.045454545454545456,0.0354591539703449,0.03746602461330402,0.46201693096627183,1.2727272727272727,0.44536177141512334,1.0206207261596572,-0.9583333333333344,-1.1779539114126851,64.0,208.0,0.0,170.0,1314.0,16.0,0.0,0.0,0.0,402.0,706.0,8208.0,0.0,0.0,0.0,0.0,56.0,0.0,0.0,0.0,0.0,0.0,0.0,0.0,0.0,0.0,0.0,0.0,0.0,0.0,12.0,1,1,0,1,1,1,0,0,0,1,1,1,0,0,0,0,1,0,0,0,0,0,0,0,0,0,0,0,0,0,1,7.333333333333333,3.1269438398822866,2.306444113301604,3.5826446280991746,2.111111111111111,0.7370277311900888,0.6544166683449184,0.6105371900826442,0.0,0.0,0,0,3.2222222222222223,0.41573970964154905,1.3363062095621212,-0.21428571428571574,0.6666666666666666,0.4714045207910317,-0.7071067811865477,-1.4999999999999998,14.682555555555556,6.270853195735739,2.308224053514526,3.588713720337915,0.7777777777777778,0.7856742013183863,1.1002581515262675,1.2575999999999992,278.398,34.14,3.6171200000000026,0,4,0,0,0,0,0,0,0,0,0,0,0,0,0,0,1,0,0,0,0,0,0,0,0,0,0,0,0,0,0,0,0,0,0,0,0,0,0,0,0,0,0,0,0,0,0,0,0,0,0,0,0,1,0,0,0,1,0,0,1,1,1,1,0,0,1,0,0,1,0,0,0,0,0,1,0,0,0,0,0,0,0,1,0,0,0,0,0,0,1,0,0,0,0,0,0,0,0,0,0,0,0,0,1,0,0,0,1,0,0,0,0,0,1,0,0,0,0,0,0,0,0,0,0,0,1,1,0,0,0,0,1,0,0,0,0,0,1,0,0,0,0,0,0,0,0,1,0,0,1,0,0,0,0,1,0,1,0,0,0,1,1,0,1,1,1,1,0,1
CHEMBL220_287,38,40,-1,-1,-1,2.3846153846153846,3.3175167158227428,3.0109369756170272,7.777339576829688,0.1104159334578912,0.11884490360258088,1.7442730555234194,3.7480154205915266,0.20837201857948254,0.10773294301997079,-0.3505098498688144,-1.1012217962966993,8.697368421052632,4.650796206618175,-0.21119493017353608,-0.8576051740515593,0.020112217480638534,0.05809281034463009,3.6489643468404385,12.576083805396438,0.8157894736842105,0.3876557858593746,-1.6292261599251139,0.6543778801843323,2.3846153846153846,3.3175167158227428,3.0109369756170272,7.777339576829688,2.0,0.0,0,0,2.1052631578947367,2.8450277372083326,3.5549421435201523,12.003905091587288,0.0,0.0,0,0,0.050094756204883094,0.0906070402777734,1.462231858463053,0.4246963111014632,0.038461538461538464,0.04886310045102749,3.0635701527957395,8.129733354707996,0.03846153846153847,0.12217244175965905,-2.4782268463468586,5.504326124789081,1.3846153846153846,0.4865042554105199,0.47434164902525705,-1.775,0.23966837100647098,80.0,396.0,0.0,438.0,4140.0,128.0,0.0,0.0,0.0,1986.0,2616.0,44784.0,0.0,0.0,0.0,0.0,736.0,0.0,0.0,0.0,240.0,0.0,0.0,0.0,0.0,0.0,0.0,0.0,0.0,0.0,60.0,1,1,0,1,1,1,0,0,0,1,1,1,0,0,0,0,1,0,0,0,1,0,0,0,0,0,0,0,0,0,1,6.208333333333333,0.4982608642958916,2.3777342746075756,4.78820480219082,2.25,0.5204164998665332,0.2217159052685822,-0.3195266272189343,0.0,0.0,0,0,3.3333333333333335,0.4714045207910317,0.7071067811865465,-1.500000000000001,0.625,0.4841229182759271,-0.5163977794943223,-1.7333333333333334,12.426666666666668,0.9939295190751151,2.3760349140586245,4.777405353091501,0.9583333333333334,0.8887803753208975,0.4374847258384285,-0.8611423741094075,321.424,41.15,4.012920000000003,0,5,0,0,0,0,0,0,0,0,0,0,0,0,0,0,0,0,0,0,0,0,0,0,0,0,0,0,0,0,0,0,0,0,0,0,0,0,0,0,1,0,0,0,0,0,0,0,0,0,0,0,0,0,0,0,0,0,0,0,0,0,0,0,1,0,0,1,0,0,0,0,0,0,0,0,0,1,0,1,0,1,0,0,0,1,0,1,1,0,0,0,0,0,0,0,0,1,1,0,0,0,1,1,0,0,0,1,0,0,0,1,0,1,0,1,0,0,0,0,1,0,1,1,1,0,0,1,1,1,1,1,0,0,1,0,0,0,0,1,1,0,0,0,1,1,0,1,0,1,1,0,0,1,1,1,0,1,1,1,1,0,1,1,1,1,1,1,0,1
CHEMBL220_288,36,33,-1,-1,-1,2.0,2.798809270624444,3.4893258177001902,11.517881394296063,0.10745459525777301,0.12740207115963995,2.3694806303600098,8.274324103391745,0.1880310112018324,0.09590935083143758,-0.16728406906795815,-0.907235114135116,7.492592592592593,3.9788802872406257,-0.03360816289144659,-0.6172964689742906,0.02296918767507003,0.06684092049103069,3.69711484767275,13.950588579104615,0.8055555555555556,0.3957724124659724,-1.544097293955913,0.3842364532019724,2.0,2.798809270624444,3.4893258177001902,11.517881394296063,2.0,0.0,0,0,1.8333333333333333,2.3863035105460595,3.999791059675533,16.48004759071979,0.0,0.0,0,0,0.004434109826266689,0.013825046911425215,3.2034911757460867,9.050902329802486,0.04166666666666665,0.05285401841570818,3.504360772259933,11.612468697038638,0.041666666666666664,0.04173367529282347,-1.0978391961947425,0.7671010416442883,1.1666666666666667,0.3726779962499649,1.7888543819998313,1.1999999999999993,-0.7477209383335613,66.0,260.0,0.0,144.0,2460.0,8.0,0.0,0.0,0.0,356.0,754.0,24984.0,0.0,0.0,0.0,0.0,36.0,0.0,0.0,0.0,0.0,0.0,0.0,0.0,0.0,0.0,0.0,0.0,0.0,0.0,0.0,1,1,0,1,1,1,0,0,0,1,1,1,0,0,0,0,1,0,0,0,0,0,0,0,0,0,0,0,0,0,0,6.125,0.33071891388307384,2.267786838055363,3.1428571428571432,2.25,0.75,-0.4444444444444444,-1.1111111111111112,0.0,0.0,0,0,3.5625,0.49607837082461076,-0.25197631533948484,-1.9365079365079365,0.375,0.4841229182759271,0.5163977794943223,-1.7333333333333334,12.2605,0.6601149521106155,2.267786838055358,3.1428571428571273,1.25,1.0897247358851685,0.36223536926930805,-1.1689750692520775,216.328,15.27,2.0262399999999996,2,0,0,0,0,0,0,0,0,0,0,0,0,0,0,0,0,0,0,0,0,0,0,0,0,0,0,0,0,0,0,0,0,0,0,0,0,0,0,0,0,0,0,0,0,0,0,0,0,0,0,0,0,0,0,0,0,0,0,0,0,0,0,0,0,0,0,0,0,0,0,0,0,0,0,0,0,0,0,0,0,1,0,0,1,1,0,1,1,0,0,0,1,0,0,0,0,0,1,0,1,0,1,1,0,0,0,1,0,0,1,0,0,1,0,0,0,1,0,0,0,0,1,1,1,0,0,0,0,0,1,0,0,0,0,0,0,1,0,1,1,0,0,1,1,0,1,1,0,0,1,1,1,1,0,1,0,0,1,0,1,0,1,1,1,1,0,1,0,0
CHEMBL220_289,38,35,-1,-1,-1,2.0833333333333335,2.8710721961587025,2.9270175626966006,6.820983286360452,0.10736381099615432,0.12160921660000225,1.7049763304945749,3.418160033028008,0.16510573784029242,0.0907826145703706,-0.1219504128690425,-1.1612765155262417,7.121052631578948,4.098246458934063,-0.027600612929451547,-0.9617138974195121,0.020507349454717876,0.057594222927251595,3.5263322790982805,11.769295381256953,0.8157894736842105,0.3876557858593746,-1.6292261599251139,0.6543778801843323,2.0833333333333335,2.8710721961587025,2.9270175626966006,6.820983286360452,2.0,0.0,0,0,1.8421052631578947,2.3899605346826793,3.529588027168483,11.352408978316241,0.0,0.0,0,0,0.013159771486911545,0.03416669968832879,2.2595583096046292,3.2161755138139707,0.04166666666666665,0.051940637450843735,2.923892577600091,6.797700323935073,0.04166666666666668,0.19113761947039867,3.0195122079493153,7.306491849796208,1.2083333333333333,0.40611643103370687,1.4363696929192162,0.06315789473684186,0.3291860273855121,70.0,276.0,0.0,150.0,2370.0,24.0,0.0,0.0,0.0,676.0,710.0,19920.0,0.0,0.0,0.0,0.0,114.0,0.0,0.0,0.0,12.0,0.0,0.0,0.0,0.0,0.0,0.0,0.0,0.0,0.0,0.0,1,1,0,1,1,1,0,0,0,1,1,1,0,0,0,0,1,0,0,0,1,0,0,0,0,0,0,0,0,0,0,6.260869565217392,0.5289358721998451,1.9261340809965508,2.7909057706355025,2.260869565217391,0.6735623210795508,-0.3663196748287838,-0.8202083333333339,0.0,0.0,0,0,3.130434782608696,0.33678116053977536,2.194690562850869,2.8166666666666647,0.6956521739130435,0.4601306627938419,-0.850420064270761,-1.2767857142857149,12.531521739130437,1.055184338709519,1.9244156997189579,2.781301939731679,0.6956521739130435,0.8564224175474874,1.0417765678858089,0.21261558082686793,304.3530000000001,72.11,2.676420000000001,0,1,0,0,0,0,0,0,0,0,0,0,0,0,0,0,0,0,0,0,0,0,0,0,0,0,0,1,0,0,0,0,0,0,0,0,0,0,0,0,0,0,0,0,0,0,0,0,0,0,0,0,0,0,0,0,0,0,0,0,0,0,0,0,0,0,0,1,0,0,0,0,0,0,0,0,0,1,0,1,0,1,1,0,0,1,1,1,1,0,0,0,0,0,1,0,0,1,1,0,1,0,1,1,0,0,0,1,1,0,0,0,1,0,0,0,0,0,0,1,0,0,1,1,1,0,0,1,0,0,0,1,0,0,0,1,0,1,0,1,1,0,0,0,1,0,1,1,0,0,1,0,0,1,0,1,1,0,1,0,1,0,1,1,1,1,1,1,0,0
CHEMBL220_290,39,37,-1,-1,-1,2.074074074074074,2.8793765519373054,3.09088900341622,8.113847886292493,0.1108467721830585,0.1155595895528483,1.9428613412120876,5.3602469571951445,0.19051681068807605,0.0933831884095975,-0.4167575314295264,-0.942216320673499,8.359829059829062,4.30522560293267,-0.2510015784001013,-0.7425489705186621,0.02381733960681329,0.0662952257521445,3.4364124525355377,11.226136669951664,0.8205128205128205,0.3837597319768145,-1.6703827619526517,0.7901785714285703,2.074074074074074,2.8793765519373054,3.09088900341622,8.113847886292493,2.0,0.0,0,0,1.8974358974358974,2.48889710715277,3.549651972459923,11.816966244337696,0.0,0.0,0,0,0.0038717294770119416,0.01197463160857494,2.9772703011932165,7.354499202589045,0.037037037037037035,0.04708970887054625,3.1119464884761,8.217077363476657,0.03703703703703703,0.01865994062113352,1.0655245971829166,1.855104169515366,1.2592592592592593,0.438228132081453,1.0987005311470714,-0.7928571428571423,1.0385207981590097,74.0,308.0,0.0,168.0,2778.0,8.0,0.0,0.0,0.0,580.0,832.0,25200.0,0.0,0.0,0.0,0.0,40.0,0.0,0.0,0.0,0.0,0.0,0.0,0.0,0.0,0.0,0.0,0.0,0.0,0.0,24.0,1,1,0,1,1,1,0,0,0,1,1,1,0,0,0,0,1,0,0,0,0,0,0,0,0,0,0,0,0,0,1,6.21875,0.5986638768958755,2.496192215138012,4.453711884415208,2.1875,0.5266343608235224,0.17049539314897613,0.04324538781987686,0.0,0.0,0,0,3.4375,0.49607837082461076,0.25197631533948484,-1.9365079365079365,0.5,0.5,0.0,-2.0,12.447249999999999,1.1938173802973389,2.4957910475695617,4.451617472281553,1.09375,0.9137619698258403,0.05975873910390722,-1.339628603672925,433.59200000000027,42.68,6.583620000000007,0,9,0,0,0,0,0,0,0,0,0,0,0,0,0,0,0,0,0,0,0,1,0,0,0,0,0,0,0,0,0,0,0,0,0,0,0,0,0,0,0,0,0,0,0,0,0,0,0,0,0,0,0,0,0,0,0,0,0,1,0,0,0,0,1,0,0,0,0,0,0,0,0,0,0,0,0,1,0,0,0,0,0,0,0,0,0,1,1,0,0,1,0,0,0,0,0,0,0,0,1,0,1,1,0,0,0,1,0,0,0,1,0,1,0,1,0,0,0,0,1,0,1,1,1,0,0,1,1,1,1,1,0,0,1,0,0,0,0,1,1,0,0,0,0,1,0,1,1,1,1,0,0,0,1,1,1,1,0,1,1,1,1,1,1,1,1,1,0,1
CHEMBL220_291,36,34,-1,-1,-1,2.0833333333333335,2.7373446176094736,2.8379541250328733,6.400236720747682,0.11322882930337513,0.1222988552373444,1.6176744684572462,2.8376546797406403,0.1849081537614654,0.09298451514531159,-0.21289312464104054,-1.0184353748445276,7.451851851851853,3.927191881843509,-0.08980174084890707,-0.8400736143703633,0.023529411764705885,0.06326471764902969,3.196081618893022,9.216312739218703,0.8055555555555556,0.39577241246597245,-1.5440972939559128,0.38423645320197064,2.0833333333333335,2.7373446176094736,2.8379541250328733,6.400236720747682,2.0,0.0,0,0,1.8888888888888888,2.3425742935897795,3.297188709210543,9.815539508630033,0.0,0.0,0,0,0.01158703029270405,0.030279442841346753,2.459675348523056,4.591373462651492,0.04166666666666666,0.049436078967288064,2.8476357259696927,6.442178369268417,0.041666666666666664,0.036432310412638474,2.454249131044503,4.994578264197911,1.2083333333333333,0.40611643103370687,1.4363696929192162,0.06315789473684186,0.5338034774742821,68.0,258.0,0.0,184.0,2046.0,24.0,0.0,0.0,0.0,644.0,852.0,15960.0,0.0,0.0,0.0,0.0,112.0,0.0,0.0,0.0,12.0,0.0,0.0,0.0,0.0,0.0,0.0,0.0,0.0,0.0,0.0,1,1,0,1,1,1,0,0,0,1,1,1,0,0,0,0,1,0,0,0,1,0,0,0,0,0,0,0,0,0,0,6.375,0.739509972887452,1.593719451773774,0.7265306122448978,2.125,0.6959705453537527,-0.17381158260655635,-0.9386056191467222,0.0,0.0,0,0,3.34375,0.47495887979908324,0.657951694959769,-1.567099567099567,0.5,0.5,0.0,-2.0,12.758875,1.4746886059012598,1.5933043276030856,0.7251269817516186,0.9375,0.9662265521087692,0.7486094832045253,-0.46508289420703397,438.52400000000017,92.01,3.3387200000000012,1,10,0,0,0,0,0,0,0,0,0,0,0,0,0,0,0,0,0,0,0,0,0,0,0,0,1,0,0,0,0,0,0,0,0,0,0,0,0,0,0,0,0,0,0,0,0,0,0,0,0,0,0,0,0,0,0,0,0,1,0,0,0,0,0,0,0,0,0,0,1,1,0,1,1,0,1,0,0,0,0,0,0,0,0,0,0,1,1,0,0,0,1,1,1,1,1,1,0,0,1,0,1,1,1,0,0,1,0,0,0,1,1,1,0,1,0,1,1,1,1,0,0,0,1,1,1,1,1,1,0,1,0,1,1,0,0,0,1,1,1,1,1,1,1,1,1,1,1,1,1,1,1,1,1,1,1,1,1,1,1,1,1,1,1,1,1,1,0,0
CHEMBL220_292,39,37,-1,-1,-1,2.16,3.1199999999999997,3.059576189753704,7.887389499018994,0.10586387719859228,0.12014102190969997,1.8482692775685272,4.445686259156107,0.1785459608018488,0.09971101237812689,-0.19219038293475554,-1.192770788198013,7.717948717948718,4.471722461775545,-0.07826529748590197,-0.9644884166105774,0.018382755224860492,0.054725022713710304,3.6432678150422055,12.54483081582437,0.8205128205128205,0.3837597319768145,-1.6703827619526517,0.7901785714285703,2.16,3.1199999999999997,3.059576189753704,7.887389499018994,2.0,0.0,0,0,1.8974358974358974,2.599752175515195,3.702415083566863,12.95947720631653,0.0,0.0,0,0,0.01935192867396257,0.047034071927901586,2.1482089382708502,2.853090992340255,0.04,0.052572711587509716,3.0849609395254305,8.043344083029913,0.04,0.02303466295849389,-0.04410350896003572,-0.1847093070298782,1.24,0.4270831300812524,1.2175615550562024,-0.5175438596491229,0.7629731293030937,74.0,330.0,0.0,234.0,3240.0,48.0,0.0,0.0,0.0,1074.0,1278.0,32064.0,0.0,0.0,0.0,0.0,258.0,0.0,0.0,0.0,48.0,0.0,0.0,0.0,0.0,0.0,0.0,0.0,0.0,0.0,0.0,1,1,0,1,1,1,0,0,0,1,1,1,0,0,0,0,1,0,0,0,1,0,0,0,0,0,0,0,0,0,0,6.5,0.7791937224739796,1.1323922610348494,-0.4083044982698958,2.142857142857143,0.7889543583705185,-0.25824950510488875,-1.3515184090298307,0.0,0.0,0,0,3.0714285714285716,0.25753937681885636,3.328201177351373,9.07692307692307,0.5714285714285714,0.49487165930539356,-0.2886751345948126,-1.9166666666666672,13.008285714285718,1.5538957690992308,1.1316670906752395,-0.41016607917529146,0.5714285714285714,0.7284313590846836,1.4142990514772888,2.190828402366863,380.3600000000001,154.97999999999996,-0.008579999999999255,1,5,0,0,0,0,0,0,0,0,0,0,0,0,0,0,0,0,0,0,0,0,0,0,0,0,0,0,0,0,0,0,0,0,0,0,0,0,0,0,0,0,0,0,0,0,0,0,0,0,0,0,0,0,1,0,1,0,0,0,0,0,0,0,0,0,0,1,0,0,1,1,0,0,0,0,0,0,0,0,0,1,0,0,0,0,1,0,0,0,0,1,0,0,1,0,1,1,0,1,1,0,0,1,0,0,0,1,0,0,0,0,1,0,0,1,0,0,0,1,0,0,1,1,0,0,1,1,0,1,0,0,0,1,0,0,0,0,1,1,0,0,1,0,1,1,0,1,1,0,0,0,0,1,1,0,1,0,1,0,1,1,1,1,1,1,1,1,0,0
CHEMBL220_293,36,35,-1,-1,-1,2.1666666666666665,2.7487370837451075,2.8232662601885634,6.594817798442909,0.1136059483976635,0.12194862142084754,1.6806909810632464,3.5331573482762986,0.18671555096610548,0.0929933162698094,-0.3072437167011768,-1.104597371809517,7.551851851851852,3.9606762613457733,-0.15502748307029693,-0.8981190852335734,0.022969187675070033,0.05912496130669217,3.3254568745746598,10.285749317983118,0.8055555555555556,0.3957724124659724,-1.5440972939559132,0.3842364532019724,2.1666666666666665,2.7487370837451075,2.8232662601885634,6.594817798442909,2.0,0.0,0,0,1.9444444444444444,2.356367784494277,3.2893468714612126,10.104689128448545,0.0,0.0,0,0,0.013275906568589494,0.03380830141486567,2.2631295010484767,3.3812011362740364,0.041666666666666664,0.048181426805731724,2.8426691577016983,6.692437910940589,0.041666666666666664,0.727279866261212,2.8661593240135463,6.936852000796877,1.3333333333333333,0.4714045207910317,0.7071067811865479,-1.4999999999999993,-0.36646950129114814,70.0,266.0,0.0,190.0,2112.0,24.0,0.0,0.0,0.0,684.0,828.0,17040.0,0.0,0.0,0.0,0.0,108.0,0.0,0.0,0.0,12.0,0.0,0.0,0.0,0.0,0.0,0.0,0.0,0.0,0.0,36.0,1,1,0,1,1,1,0,0,0,1,1,1,0,0,0,0,1,0,0,0,1,0,0,0,0,0,0,0,0,0,1,6.266666666666667,0.6289320754704404,2.135478875113936,2.919328367630346,2.2,0.7023769168568492,-0.30013915000822333,-0.9598246895544196,0.0,0.0,0,0,3.1333333333333333,0.33993463423951903,2.1572774865200235,2.6538461538461515,0.6,0.4898979485566357,-0.4082482904638626,-1.8333333333333344,12.54286666666667,1.2542461144271313,2.134799577513307,2.9161597487064963,0.7333333333333333,0.8537498983243798,1.1817782835595132,0.8932183224271268,398.46200000000016,66.48,4.280840000000002,0,3,0,0,0,0,0,0,0,0,0,0,0,0,0,0,0,0,0,0,0,0,0,0,0,0,0,0,0,0,0,0,0,0,0,0,0,0,0,0,0,0,0,0,0,0,0,0,0,0,0,0,0,0,0,0,0,0,0,0,0,0,0,0,0,0,0,0,0,0,0,0,0,0,0,0,0,1,0,0,0,0,0,0,0,0,0,1,0,0,0,1,0,1,1,0,0,0,0,0,1,0,1,1,0,0,0,1,0,0,0,0,1,1,0,0,0,0,0,1,0,0,0,1,1,0,0,1,0,1,0,1,0,0,1,1,0,1,1,1,0,0,0,0,1,1,1,1,1,0,1,1,1,1,0,1,1,0,1,0,1,1,1,1,1,1,1,1,0,1
CHEMBL220_294,38,33,-1,-1,-1,1.9166666666666667,2.6127359010984805,2.950502714163021,6.916185530415852,0.10921343354793714,0.11995088747631061,1.7362018949840798,4.029850491103528,0.15552992223198225,0.08166926753096843,-0.20984219029927648,-1.0934866998415103,6.791228070175438,3.8053665876118496,-0.044689719791267055,-0.865089542356491,0.02240398293029872,0.06705845953877845,3.0887255223551087,8.006129327399258,0.8157894736842105,0.3876557858593746,-1.6292261599251139,0.6543778801843323,1.9166666666666667,2.6127359010984805,2.950502714163021,6.916185530415852,2.0,0.0,0,0,1.736842105263158,2.18468606110708,3.487538650776705,11.032389281743125,0.0,0.0,0,0,0.0,0.0,0,0,0.041666666666666664,0.05171686122267569,2.95395566310798,6.958129522268004,0.041666666666666664,0.07588229914167612,3.257326233576125,9.279153665181225,1.0,0.0,0,0,-0.09852447830383541,66.0,230.0,0.0,58.0,1770.0,0.0,0.0,0.0,0.0,200.0,234.0,13080.0,0.0,0.0,0.0,0.0,0.0,0.0,0.0,0.0,0.0,0.0,0.0,0.0,0.0,0.0,0.0,0.0,0.0,0.0,0.0,1,1,0,1,1,0,0,0,0,1,1,1,0,0,0,0,0,0,0,0,0,0,0,0,0,0,0,0,0,0,0,6.655172413793103,1.880496304060135,4.237930729788175,18.066317635603625,2.0689655172413794,0.639559896241083,-0.06112613597287977,-0.5703420767982688,0.0,0.0,0,0,3.4827586206896552,0.49970264642032547,0.06900655593423499,-1.995238095238095,0.20689655172413793,0.40508069394726653,1.4471361022898728,0.09420289855072728,13.321620689655177,3.7696315782094683,4.246019097308146,18.122993963783937,1.1379310344827587,0.8599975112648225,0.056856877883633264,-1.0481332905987328,419.5910000000001,87.30000000000001,2.29742,2,11,0,0,0,0,0,0,0,0,0,0,0,0,0,0,0,0,0,0,0,0,0,0,0,0,0,0,0,0,0,0,0,0,0,0,0,0,0,0,0,0,0,0,0,0,0,0,0,0,0,0,0,0,0,0,1,0,0,0,0,0,0,0,0,0,0,0,0,0,0,0,0,0,0,0,0,0,0,0,0,1,0,0,1,0,0,0,0,0,1,0,1,1,1,0,0,1,0,0,1,0,1,0,0,0,1,0,0,0,1,0,1,1,0,0,0,0,0,1,1,0,0,1,0,0,0,0,0,1,1,1,0,1,1,0,0,0,1,1,1,0,0,0,1,1,0,1,1,1,0,0,0,1,0,1,1,1,1,0,1,1,1,1,1,1,1,1,0,0
CHEMBL220_295,36,33,-1,-1,-1,2.0,2.6457513110645907,2.767239891674699,6.091836734693878,0.11542505688490204,0.12022825799659122,1.6623152673241912,3.200031044234472,0.1847842704679895,0.09195526358024861,-0.23706151511140092,-0.9172527569803863,7.398148148148148,3.860417159416686,-0.10140656871258491,-0.7745615068988445,0.023342670401493928,0.06658868138128007,2.9757279194864563,7.463037379665511,0.8055555555555556,0.3957724124659724,-1.544097293955913,0.3842364532019724,2.0,2.6457513110645907,2.767239891674699,6.091836734693878,2.0,0.0,0,0,1.8333333333333333,2.266911751455907,3.196792659525723,9.248853177501822,0.0,0.0,0,0,0.003519921175288407,0.011057234721411853,3.461632381830191,11.870755813398072,0.04166666666666668,0.050194090413181194,2.786161990062055,6.1833864284460915,0.04166666666666666,0.08765774264686303,-1.9584293213623039,3.534015919837734,1.1666666666666667,0.3726779962499649,1.7888543819998313,1.1999999999999993,-0.9304792507980751,66.0,240.0,0.0,158.0,1794.0,8.0,0.0,0.0,0.0,402.0,768.0,13104.0,0.0,0.0,0.0,0.0,38.0,0.0,0.0,0.0,0.0,0.0,0.0,0.0,0.0,0.0,0.0,0.0,0.0,0.0,0.0,1,1,0,1,1,1,0,0,0,1,1,1,0,0,0,0,1,0,0,0,0,0,0,0,0,0,0,0,0,0,0,6.2727272727272725,0.6863485850246136,2.1192517713040715,2.4912280701754446,2.1818181818181817,0.7158188976374374,-0.28267770203268133,-1.0265348595213337,0.0,0.0,0,0,3.1818181818181817,0.385694607919935,1.6499158227686128,0.7222222222222268,0.7272727272727273,0.44536177141512334,-1.0206207261596572,-0.9583333333333353,12.554818181818183,1.36857907853908,2.119251771304067,2.4912280701754304,0.8181818181818182,1.0285189544531599,1.1207366268220376,0.04113769531250089,294.35,39.44,4.297260000000004,0,3,0,0,0,0,0,0,0,0,0,0,0,0,0,0,0,0,0,0,0,0,0,0,0,0,0,0,0,0,0,0,0,0,0,0,0,0,0,0,0,0,0,0,0,0,0,0,0,0,0,0,0,0,0,0,0,0,0,1,0,0,0,0,0,0,0,0,0,0,0,0,0,0,0,0,0,0,0,0,0,0,0,0,0,0,0,0,0,0,0,1,0,0,0,0,0,0,0,0,1,0,0,1,0,0,0,1,0,0,1,1,0,0,0,1,0,0,0,0,0,0,0,0,0,1,0,1,1,1,0,0,0,0,0,0,0,0,0,1,0,0,0,1,0,1,1,1,1,0,0,1,1,0,1,1,1,1,0,1,0,1,1,0,1,1,1,1,0,1
CHEMBL220_296,38,37,-1,-1,-1,2.1538461538461537,2.9311629051165617,2.881600305792887,6.817939917583043,0.11263764744806098,0.11674138020021235,1.6844839888669376,3.299022522115666,0.1948738554102667,0.09792050128882933,-0.3257240311441277,-0.9638409043437464,8.236842105263158,4.31145481934808,-0.19936414182193046,-0.8051037630270694,0.02248300932511459,0.06391379752768471,3.2852899671696787,9.690829578241713,0.8157894736842105,0.3876557858593746,-1.6292261599251139,0.6543778801843323,2.1538461538461537,2.9311629051165617,2.881600305792887,6.817939917583043,2.0,0.0,0,0,1.9473684210526316,2.523024171411975,3.3527419810425525,10.347528899008564,0.0,0.0,0,0,0.015575715099594928,0.03536084286822186,2.1861475126446757,3.6729236986330367,0.03846153846153845,0.04797461316266041,2.920014192376419,6.991730138515289,0.038461538461538464,0.1706308910686232,2.9070624301578483,6.901849674560147,1.2692307692307692,0.4435600997950306,1.0405319634289447,-0.917293233082705,-0.5765180820539599,74.0,312.0,0.0,258.0,2730.0,32.0,0.0,0.0,0.0,870.0,1362.0,23904.0,0.0,0.0,0.0,0.0,154.0,0.0,0.0,0.0,12.0,0.0,0.0,0.0,0.0,0.0,0.0,0.0,0.0,0.0,24.0,1,1,0,1,1,1,0,0,0,1,1,1,0,0,0,0,1,0,0,0,1,0,0,0,0,0,0,0,0,0,1,6.64,1.9774731350893238,4.230067336316606,17.095489538493684,2.16,0.7838367176906171,0.20970566482811653,-0.45597330729166785,0.0,0.0,0,0,3.52,0.4995998398718719,-0.08006407690254361,-1.993589743589744,0.36,0.48000000000000004,0.5833333333333334,-1.6597222222222223,13.292120000000002,3.9651059639812907,4.234490541437162,17.124241257422902,1.12,1.1426285485668561,0.4077286127022731,-1.3368295847750866,360.52700000000016,48.470000000000006,3.349420000000002,0,4,0,0,0,0,0,0,0,0,0,0,0,0,0,0,0,0,0,0,0,0,0,0,0,0,0,0,0,0,0,0,0,0,0,0,0,0,1,0,0,0,0,0,0,0,0,0,0,1,0,0,0,0,0,0,0,0,0,0,0,0,0,0,0,0,0,1,1,0,0,0,0,0,0,0,1,1,0,1,0,1,1,1,0,1,0,1,1,0,1,0,1,0,1,0,0,0,1,1,1,0,1,1,0,0,1,1,1,0,1,0,1,1,1,0,0,0,1,1,1,0,1,1,1,0,0,1,0,0,1,1,0,0,1,1,0,1,0,1,1,0,0,1,1,0,0,1,0,1,1,1,0,1,0,1,1,1,1,0,1,0,1,1,1,1,1,1,0,1
CHEMBL220_297,35,33,-1,-1,-1,2.1904761904761907,2.7880535558675135,2.7170533759020246,6.014406718505985,0.10962879417955877,0.12865829183602787,1.6403174470031767,3.149439996956901,0.16741895347548447,0.09404556822868863,-0.05317903492783452,-1.232933832650221,6.476190476190477,3.798734721921017,0.06412970731971704,-0.9984897238481087,0.017417876241405655,0.047924353780938,3.400291948034043,10.95617951545378,0.8,0.4,-1.5,0.24999999999999956,2.1904761904761907,2.7880535558675135,2.7170533759020246,6.014406718505985,2.0,0.0,0,0,1.8857142857142857,2.289995989658729,3.3522237310535736,10.649380378530697,0.0,0.0,0,0,0.026928589968806056,0.0615973791893052,1.9839000648794318,2.163077814971377,0.04761904761904761,0.05498473723954434,2.7508550828715372,6.208474019667735,0.047619047619047616,0.12156238328357336,2.8814770808997086,6.756821619058842,1.2857142857142858,0.45175395145262565,0.9486832980505128,-1.100000000000001,-0.6795336336192008,66.0,242.0,0.0,194.0,1890.0,48.0,0.0,0.0,0.0,730.0,870.0,15024.0,0.0,0.0,0.0,0.0,210.0,0.0,0.0,0.0,48.0,0.0,0.0,0.0,0.0,0.0,0.0,0.0,0.0,0.0,0.0,1,1,0,1,1,1,0,0,0,1,1,1,0,0,0,0,1,0,0,0,1,0,0,0,0,0,0,0,0,0,0,6.318181818181818,0.631474726793173,1.7902153386496016,1.8091760852640313,2.1818181818181817,0.5749595745760689,-0.023717082451261987,-0.2524999999999995,0.0,0.0,0,0,3.227272727272727,0.41907020260422206,1.3015827469119388,-0.3058823529411723,0.7272727272727273,0.44536177141512334,-1.0206207261596572,-0.9583333333333344,12.645727272727273,1.2594552278959268,1.7890677552767211,1.8042196554718757,0.7727272727272727,0.8491609860122457,0.896338532931769,0.05988456580816237,295.34200000000004,67.87,2.38582,0,5,0,0,0,0,0,0,0,0,0,0,0,0,0,0,0,0,0,0,0,0,0,0,0,0,0,0,0,0,0,0,0,0,0,0,0,0,0,0,1,0,0,0,0,0,0,0,0,0,0,0,0,0,0,0,0,0,0,0,0,0,0,0,0,0,0,1,0,0,0,0,0,0,0,0,0,0,0,1,0,0,1,0,0,0,0,0,1,0,0,0,0,1,1,0,0,1,0,1,1,0,0,1,0,0,1,1,0,0,1,1,1,1,0,1,0,0,1,1,1,0,1,1,0,0,0,1,1,1,0,1,0,0,1,0,0,0,0,1,1,0,0,0,1,1,1,1,0,1,0,0,1,1,0,1,1,1,1,1,0,1,1,1,1,1,1,1,0,0
CHEMBL220_298,39,37,-1,-1,-1,2.074074074074074,3.0420013627231217,3.14251354169822,8.512651082711644,0.10932359459236536,0.11700161240952951,1.9725738186036943,5.336291415190717,0.19764808826455657,0.09941423996591443,-0.34286325950535046,-0.9220801146690807,8.542735042735043,4.467988060174963,-0.2038884639162508,-0.72208052226105,0.0225042856621804,0.06701454878378407,3.4050628049814256,10.712325021970837,0.8205128205128205,0.3837597319768145,-1.6703827619526517,0.7901785714285703,2.074074074074074,3.0420013627231217,3.14251354169822,8.512651082711644,2.0,0.0,0,0,1.8974358974358974,2.619403649050694,3.630025157977426,12.496103428280884,0.0,0.0,0,0,0.008493961616816799,0.02405054559772474,2.811922803065165,6.616803397380304,0.037037037037037035,0.049467890670369476,3.1633781391378943,8.64171059567214,0.037037037037037035,0.10403519147561605,3.4504780685546796,10.75667507092822,1.1851851851851851,0.38844772154450063,1.6208864017175073,0.6272727272727261,-0.2708626164290818,74.0,334.0,0.0,236.0,3258.0,24.0,0.0,0.0,0.0,830.0,1374.0,32088.0,0.0,0.0,0.0,0.0,134.0,0.0,0.0,0.0,12.0,0.0,0.0,0.0,0.0,0.0,0.0,0.0,0.0,0.0,0.0,1,1,0,1,1,1,0,0,0,1,1,1,0,0,0,0,1,0,0,0,1,0,0,0,0,0,0,0,0,0,0,7.027777777777778,2.939067417387804,2.926890134274231,6.78787374172696,2.2222222222222223,0.6285393610547089,-0.20992232566475685,-0.6210937499999996,0.0,0.0,0,0,3.2777777777777777,0.4479032082388083,0.9922778767136684,-1.0153846153846144,0.6388888888888888,0.48032267960529396,-0.5783149319662401,-1.6655518394648832,14.147555555555558,6.157242232816593,2.953472781666094,6.968897298782776,0.75,0.7949493345141213,0.8086768740426228,-0.012317352976693119,536.528,45.230000000000004,7.943020000000007,0,6,0,0,0,0,0,0,0,0,0,0,0,0,0,0,0,0,0,0,0,0,0,0,0,0,0,0,0,0,0,0,0,0,0,0,0,0,1,0,0,0,0,0,0,0,0,0,0,1,0,0,0,0,0,0,0,0,0,0,0,0,0,0,1,0,0,1,0,0,0,0,0,0,0,0,0,1,0,1,0,0,0,1,0,1,0,1,1,1,1,0,1,1,1,0,0,0,1,1,1,0,1,0,0,1,0,0,1,1,0,0,1,1,0,0,0,0,1,1,1,0,1,1,1,0,0,1,0,0,1,1,0,0,0,1,1,1,0,1,1,0,0,0,1,0,1,1,0,1,1,0,1,1,0,1,1,1,1,0,1,0,1,1,1,1,1,1,0,1
CHEMBL220_299,38,38,-1,-1,-1,2.230769230769231,3.0421107589669525,2.9360154026372265,7.149839581112104,0.113809347056926,0.11559940309603846,1.6658178453397574,3.4633469873950773,0.19573805264594735,0.09851793635392558,-0.33489671795567383,-0.9998890348851552,8.340350877192982,4.36742097338424,-0.22718669331439062,-0.8269326538649038,0.02232495653548285,0.06359627948411553,3.5268563768570425,11.405735272780698,0.8157894736842105,0.3876557858593746,-1.6292261599251139,0.6543778801843323,2.230769230769231,3.0421107589669525,2.9360154026372265,7.149839581112104,2.0,0.0,0,0,2.0,2.615741818902985,3.4318842219251997,10.913846153846155,0.0,0.0,0,0,0.020534223410505984,0.048384614003539723,3.102247487991056,10.830055103708384,0.038461538461538464,0.04833797740370477,2.9898927775077753,7.381791046094978,0.03846153846153845,0.02404175217818656,-0.2971391774141394,0.6344746606438707,1.3076923076923077,0.4615384615384615,0.8333333333333337,-1.3055555555555551,0.9445713576906795,76.0,336.0,0.0,272.0,3114.0,40.0,0.0,0.0,0.0,996.0,1406.0,29160.0,0.0,0.0,0.0,0.0,182.0,0.0,0.0,0.0,12.0,0.0,0.0,0.0,0.0,0.0,0.0,0.0,0.0,0.0,84.0,1,1,0,1,1,1,0,0,0,1,1,1,0,0,0,0,1,0,0,0,1,0,0,0,0,0,0,0,0,0,1,6.3076923076923075,0.605692913385524,1.8066792260349682,2.00156087408949,2.2051282051282053,0.6067774136512428,-0.13462099914604317,-0.49025510204081746,0.0,0.0,0,0,3.3076923076923075,0.4615384615384615,0.833333333333335,-1.3055555555555534,0.46153846153846156,0.49851851526214314,0.1543033499620917,-1.9761904761904763,12.624846153846157,1.208103526266485,1.8053361295049681,1.9954203265116135,0.8717948717948718,0.8221138226605843,0.5177761826480114,-0.6343926478826307,526.6410000000002,116.32000000000002,4.027820000000002,0,9,0,0,0,0,0,0,0,0,0,0,0,0,0,0,0,0,0,0,0,0,0,0,1,0,0,0,0,0,0,0,0,0,0,0,0,0,0,0,1,0,0,0,0,0,0,0,0,0,0,0,0,0,0,0,0,0,0,0,0,0,0,0,0,0,0,1,0,0,0,0,0,0,0,0,0,1,0,1,0,1,1,0,1,0,0,1,1,0,0,0,1,1,1,0,0,0,0,1,1,0,1,0,0,0,0,0,0,0,0,0,1,1,0,0,0,0,1,1,1,0,1,1,1,0,0,1,0,0,1,1,0,1,0,1,0,1,1,1,1,0,0,0,1,0,1,1,1,1,1,0,1,1,0,1,1,1,1,0,1,1,1,1,1,1,1,1,0,1
CHEMBL220_300,38,36,-1,-1,-1,2.076923076923077,2.786272350196128,2.9612609317711374,7.250447324881028,0.11342707559536819,0.11597451442263877,1.7459268128336252,3.969452855973934,0.18754511889008585,0.09188651688130803,-0.3886206163382006,-0.98002974088002,8.02719298245614,4.143017837158692,-0.2231108783275078,-0.7904555568005804,0.023905484431800218,0.06481943563061363,3.324547198586101,10.350458207912606,0.8157894736842105,0.3876557858593746,-1.6292261599251139,0.6543778801843323,2.076923076923077,2.786272350196128,2.9612609317711374,7.250447324881028,2.0,0.0,0,0,1.894736842105263,2.4038288940356285,3.4090224081269116,10.725447189821379,0.0,0.0,0,0,0.004151015067741527,0.012644031599317563,2.9318604651606703,7.1186661608301804,0.03846153846153847,0.04722552849799872,2.980733301169563,7.333178300526093,0.038461538461538484,0.571774837797668,-2.8709204668437183,7.101794724866091,1.2692307692307692,0.4435600997950306,1.0405319634289445,-0.917293233082705,0.9667814106902618,72.0,284.0,0.0,160.0,2382.0,8.0,0.0,0.0,0.0,536.0,742.0,19920.0,0.0,0.0,0.0,0.0,38.0,0.0,0.0,0.0,0.0,0.0,0.0,0.0,0.0,0.0,0.0,0.0,0.0,0.0,24.0,1,1,0,1,1,1,0,0,0,1,1,1,0,0,0,0,1,0,0,0,0,0,0,0,0,0,0,0,0,0,1,7.0,2.9760952365713798,2.926545263850108,6.6841831425598315,2.2285714285714286,0.5897076411585798,-0.10645386896534595,-0.4513324075910865,0.0,0.0,0,0,3.3142857142857145,0.4642307659791977,0.8000946913656612,-1.3598484848484862,0.6571428571428571,0.4746642207381757,-0.6621221919717304,-1.56159420289855,14.094657142857145,6.23651222098129,2.9481838444043564,6.84162646846395,0.8285714285714286,0.8101398216433043,0.644285846127555,-0.3375473379371803,522.5450000000001,28.16,8.416420000000004,0,7,0,0,0,0,0,0,0,0,0,0,0,0,0,0,0,0,0,0,0,0,0,0,0,0,0,0,0,0,0,0,0,0,0,0,0,0,1,0,0,0,0,0,0,0,0,0,0,1,0,0,0,0,0,0,0,0,0,0,0,0,0,0,1,0,0,1,0,0,0,0,0,0,0,0,0,1,0,1,0,0,0,1,1,1,0,1,1,1,1,0,1,1,0,0,0,0,1,0,1,0,1,0,0,1,0,0,1,1,0,0,0,1,0,0,0,0,1,0,1,0,1,1,1,0,0,1,0,0,1,1,0,0,0,1,1,1,0,1,1,0,0,0,1,0,1,1,0,1,1,0,1,1,0,1,0,1,1,0,1,0,1,1,1,1,0,1,0,1
CHEMBL220_301,34,33,-1,-1,-1,2.1818181818181817,2.6048270512535274,2.5318190403873038,5.143888873228789,0.11730890867422944,0.1251014973992864,1.5469641763098034,2.7582409752779498,0.18518360199464734,0.09360935892778371,-0.17540937487024474,-1.0564315134887288,6.985294117647059,3.6986942686007147,-0.05566049192663247,-0.9086230124794619,0.021891711229946518,0.057043613820390235,3.0334719085979405,8.176145922420298,0.7941176470588235,0.40434491426080943,-1.4547859349066157,0.11640211640211495,2.1818181818181817,2.6048270512535274,2.5318190403873038,5.143888873228789,2.0,0.0,0,0,1.9411764705882353,2.2220972667675416,2.985204339210391,8.27026281116656,0.0,0.0,0,0,0.0202619842712722,0.042151777395573846,1.8305671247521056,1.8229009626355204,0.04545454545454545,0.049544379080061755,2.5632770665952,5.237869823519295,0.045454545454545456,0.28307144957401326,-2.180075648683048,4.000336930870587,1.3181818181818181,0.46577048936179993,0.780720058358827,-1.39047619047619,-0.37201122881964743,66.0,230.0,0.0,216.0,1584.0,32.0,0.0,0.0,0.0,604.0,948.0,11088.0,0.0,0.0,0.0,0.0,128.0,0.0,0.0,0.0,12.0,0.0,0.0,0.0,0.0,0.0,0.0,0.0,0.0,0.0,24.0,1,1,0,1,1,1,0,0,0,1,1,1,0,0,0,0,1,0,0,0,1,0,0,0,0,0,0,0,0,0,1,6.291666666666667,0.6109532624422992,1.9305197907057199,2.361189832341804,2.25,0.7216878364870323,0.24941531628991828,-0.08640000000000025,0.0,0.0,0,0,3.2916666666666665,0.45452967144315476,0.9166984970282122,-1.1596638655462175,0.5,0.5,0.0,-2.0,12.592833333333333,1.218530797951187,1.9293544343063704,2.355785266389298,0.875,0.8809322713277489,0.9770765393078912,0.40835998378451466,323.396,62.39,3.6085200000000013,2,2,0,0,0,0,0,0,0,0,0,0,0,0,0,0,0,0,0,0,0,0,0,0,0,1,0,0,0,0,0,0,0,0,0,0,0,0,0,0,1,0,0,0,0,1,0,0,0,0,0,0,0,0,0,0,0,0,0,0,0,0,0,0,0,0,0,0,1,0,0,0,0,0,0,0,0,0,0,1,0,0,0,0,1,1,0,0,0,0,0,0,1,1,0,0,0,0,1,0,0,0,1,1,0,0,1,1,1,0,1,0,1,1,1,1,0,1,1,1,1,0,1,1,0,1,0,1,1,1,0,0,0,1,0,1,0,1,0,1,0,0,0,0,1,1,1,1,0,1,0,1,1,1,1,1,1,0,1,1,1,1,1,1,1,1,1,1,0,1
CHEMBL220_302,38,37,-1,-1,-1,2.1538461538461537,3.0595664309771293,3.1257229456302693,8.345718505116835,0.10941005081377479,0.11977157531990393,1.8408178358554015,4.402868687444228,0.19496271277907773,0.09920270163607105,-0.2869755135748108,-1.0424163767618704,8.264912280701758,4.378282042910905,-0.15729818886781702,-0.807828638654251,0.022720088509562194,0.06368402839054407,3.497672311031536,11.354054214926663,0.8157894736842105,0.3876557858593746,-1.6292261599251143,0.6543778801843323,2.1538461538461537,3.0595664309771293,3.1257229456302693,8.345718505116835,2.0,0.0,0,0,1.9473684210526316,2.6252555607031427,3.635214108156898,12.472739244838232,0.0,0.0,0,0,0.019196649816631974,0.046063042443117694,2.135850221757171,2.876411260296128,0.038461538461538464,0.04939690993648256,3.1506897552548194,8.520623308185877,0.038461538461538464,0.022824840615180513,0.057433860862390614,-0.3578835693464142,1.2307692307692308,0.42132504423474315,1.278019300845387,-0.3666666666666676,-1.4594878731308154,74.0,332.0,0.0,254.0,3240.0,48.0,0.0,0.0,0.0,1084.0,1368.0,32064.0,0.0,0.0,0.0,0.0,258.0,0.0,0.0,0.0,48.0,0.0,0.0,0.0,0.0,0.0,0.0,0.0,0.0,0.0,0.0,1,1,0,1,1,1,0,0,0,1,1,1,0,0,0,0,1,0,0,0,1,0,0,0,0,0,0,0,0,0,0,6.32,0.7332121111929345,2.4637189482447512,5.360012755102035,2.24,0.7088018058667741,-0.3806549517287291,-0.9668343543348623,0.0,0.0,0,0,3.28,0.44899888641287294,0.9799578870122242,-1.039682539682538,0.6,0.48989794855663565,-0.4082482904638628,-1.8333333333333335,12.68952,1.614492195583491,2.7366651754887545,7.108690352985985,0.8,0.894427190999916,1.073312629199899,0.46999999999999975,337.3980000000001,57.78,4.1999400000000024,1,4,0,0,0,0,0,0,0,0,0,0,0,0,0,0,0,0,0,0,0,0,0,0,1,0,0,0,0,0,0,0,0,0,0,0,0,0,0,0,0,0,0,0,1,0,0,0,0,0,0,0,0,0,0,0,1,0,0,0,0,0,0,0,0,0,0,1,0,0,0,0,0,0,0,0,0,0,0,0,0,1,0,0,0,1,0,0,0,1,0,0,1,1,1,0,0,1,1,0,1,0,0,1,0,0,0,1,0,1,0,0,1,0,0,0,0,0,0,1,0,0,1,1,0,0,0,1,0,0,0,0,0,1,0,0,1,0,0,1,0,0,0,0,1,0,1,1,0,1,0,1,1,1,0,0,1,0,1,0,1,0,1,1,1,1,1,1,0,0
CHEMBL220_303,39,38,-1,-1,-1,2.24,3.2283742038369714,3.0005892309505646,7.399229914944771,0.10577000045021383,0.12022367755890441,1.7540239101173998,3.6674045297532043,0.18196117869931316,0.10236541622295871,-0.2031922120634847,-1.2456420102615995,7.841880341880342,4.569571213987045,-0.08613874384896443,-1.0058042360800568,0.017799175693912535,0.052808103371642726,3.654091316153977,12.386008689192582,0.8205128205128205,0.3837597319768145,-1.6703827619526517,0.7901785714285703,2.24,3.2283742038369714,3.0005892309505646,7.399229914944771,2.0,0.0,0,0,1.9487179487179487,2.6885199240447397,3.656712096373641,12.415259018521668,0.0,0.0,0,0,0.03109196855999925,0.06857034185537564,1.8494922278722807,1.5805866063194456,0.039999999999999994,0.0523428807142653,3.0202517210829463,7.507372827192933,0.04,0.02315175887384426,-0.01017300501466946,-0.274497418055625,1.28,0.448998886412873,0.9799578870122222,-1.0396825396825402,-1.4156174331546794,76.0,354.0,0.0,292.0,3570.0,80.0,0.0,0.0,0.0,1454.0,1646.0,36024.0,0.0,0.0,0.0,0.0,448.0,0.0,0.0,0.0,120.0,0.0,0.0,0.0,0.0,0.0,0.0,0.0,0.0,0.0,0.0,1,1,0,1,1,1,0,0,0,1,1,1,0,0,0,0,1,0,0,0,1,0,0,0,0,0,0,0,0,0,0,7.078947368421052,2.29853018192712,3.0629558103579217,9.014124911014102,2.1578947368421053,0.7788762414183547,0.3860034065651858,-0.12897979608431598,0.0,0.0,0,0,3.210526315789474,0.4076824574955177,1.4200938936093832,0.016666666666659502,0.631578947368421,0.4823763889427199,-0.5455447255899813,-1.7023809523809512,14.248184210526313,4.680214698489934,2.922246557117297,8.17683231998227,0.5,0.6786208925382962,1.5156789893753293,2.7542857142857144,560.5830000000002,126.83000000000001,5.113220000000004,0,9,0,0,0,0,0,0,0,0,0,0,0,0,0,0,0,0,0,0,0,0,0,0,0,0,0,1,0,0,0,0,0,0,1,1,0,0,0,0,1,0,0,0,1,0,0,0,0,1,0,0,0,1,0,0,0,1,0,0,1,1,1,1,0,0,1,1,0,1,0,1,0,0,0,1,0,0,0,1,0,0,1,1,0,0,0,0,0,0,1,0,0,0,0,0,1,0,0,1,1,0,0,0,1,0,0,0,1,1,0,0,0,0,1,0,0,0,0,1,0,0,1,1,0,0,1,1,0,0,0,0,1,1,1,1,1,1,1,1,0,0,0,0,1,0,0,1,1,0,1,0,0,1,1,1,1,1,1,0,1,1,1,1,1,1,1,1,0,0
CHEMBL220_304,37,34,-1,-1,-1,2.0,2.6981475126464085,3.0423804370650687,7.652397053495953,0.11322410519715341,0.11919450083510966,1.9885768851231773,5.972801130892234,0.17833158163849794,0.08602327672254918,-0.3293214894127064,-0.8902208385803023,7.5360360360360374,3.86103876217602,-0.16059631533243338,-0.6757714498129168,0.025396825396825397,0.07777799665523968,3.1545712864496624,8.336562331265984,0.8108108108108109,0.3916588309780929,-1.5871507864874157,0.5190476190476199,2.0,2.6981475126464085,3.0423804370650687,7.652397053495953,2.0,0.0,0,0,1.837837837837838,2.3192905895053983,3.485650936375291,11.212970169779373,0.0,0.0,0,0,0.03407253407253407,0.16301350943643272,5.6204702367381945,30.322630628382818,0.04,0.049629540638637525,3.101381920102608,8.073273834115554,0.039999999999999994,0.1523081463852644,3.644357181642456,12.47342156236564,1.16,0.36660605559646714,1.8548520670059365,1.4404761904761942,0.8163820591278205,68.0,256.0,0.0,102.0,2100.0,8.0,0.0,0.0,0.0,236.0,436.0,17040.0,0.0,0.0,0.0,0.0,16.0,0.0,0.0,0.0,0.0,0.0,0.0,0.0,0.0,0.0,0.0,0.0,0.0,0.0,0.0,1,1,0,1,1,1,0,0,0,1,1,1,0,0,0,0,1,0,0,0,0,0,0,0,0,0,0,0,0,0,0,6.9375,2.4101024355823553,3.2877955273113835,9.512923706871796,2.125,0.9270248108869579,0.22064722771524284,-1.028099173553719,0.0,0.0,0,0,3.3125,0.46351240544347894,0.8090398349558905,-1.3454545454545455,0.625,0.4841229182759271,-0.5163977794943223,-1.7333333333333334,13.888,4.833019656488064,3.291030738320231,9.528734311281218,0.9375,1.2975337182516684,0.8026560722204107,-1.2055382992124288,237.32799999999997,64.94,2.986220000000001,0,1,0,0,0,0,0,0,0,0,0,0,0,0,0,0,0,0,0,0,0,0,0,0,0,0,0,0,0,0,0,0,0,0,0,0,0,0,1,0,0,0,0,0,0,0,0,0,0,1,0,0,0,0,0,0,0,0,0,1,0,0,0,0,1,0,0,1,1,0,0,0,0,0,0,0,1,0,0,1,0,0,0,1,0,1,1,0,0,0,1,0,0,0,1,0,0,1,1,1,0,0,0,0,0,0,0,0,1,0,0,0,1,0,1,0,0,0,0,1,0,0,1,1,0,0,0,1,0,0,0,0,0,0,0,1,0,1,0,1,0,0,0,1,1,0,1,0,0,0,0,1,1,1,1,0,0,0,1,0,1,0,1,1,1,0,1,1,0,0
CHEMBL220_305,39,38,-1,-1,-1,2.1481481481481484,3.273956760090306,3.2182196085724564,8.842595037724093,0.10970071580573179,0.11664809725295863,1.9301294603291783,4.996637171763349,0.2016854182696874,0.10279427435033885,-0.3318208733414926,-1.0033726028360523,8.745299145299146,4.61282269035136,-0.212984792630563,-0.7597620602676409,0.021847758689863953,0.06629424079993902,3.715406401630657,12.773533866389062,0.8205128205128205,0.3837597319768145,-1.6703827619526517,0.7901785714285703,2.1481481481481484,3.273956760090306,3.2182196085724564,8.842595037724093,2.0,0.0,0,0,1.9487179487179487,2.8097697501133787,3.749041423323735,13.180928903271688,0.0,0.0,0,0,0.0170941204185885,0.04152610517918674,2.165423260499655,3.005218954646879,0.03703703703703703,0.0514133418995801,3.242890657529613,9.006435573398731,0.037037037037037035,0.07144997399657356,-2.5251393675835927,6.126169635490605,1.2222222222222223,0.41573970964154905,1.336306209562121,-0.21428571428571663,-1.230233761863414,76.0,380.0,0.0,272.0,4116.0,48.0,0.0,0.0,0.0,1230.0,1620.0,44760.0,0.0,0.0,0.0,0.0,282.0,0.0,0.0,0.0,48.0,0.0,0.0,0.0,0.0,0.0,0.0,0.0,0.0,0.0,0.0,1,1,0,1,1,1,0,0,0,1,1,1,0,0,0,0,1,0,0,0,1,0,0,0,0,0,0,0,0,0,0,6.185185185185185,0.4743054990690999,2.5873421405569683,5.925936942296252,2.2222222222222223,0.5665577237325317,-0.015085856549091685,-0.328402366863906,0.0,0.0,0,0,3.3703703703703702,0.4829038818668629,0.53687549219316,-1.7117647058823522,0.5555555555555556,0.4969039949999533,-0.22360679774997902,-1.95,12.380481481481482,0.9461470549851461,2.585586180165007,5.913871389942399,1.0,0.8606629658238704,0.3485685011586675,-0.8399999999999999,361.48900000000003,48.99,4.746420000000004,0,6,0,0,0,0,0,0,0,0,0,0,0,0,0,0,0,0,0,0,0,0,0,0,0,0,0,0,0,0,0,0,0,0,0,0,0,0,0,0,1,0,0,0,0,0,0,0,0,0,0,0,0,0,0,0,0,0,0,0,0,0,0,0,0,0,0,1,0,0,0,0,0,0,0,0,0,1,0,1,0,1,0,0,0,1,0,1,1,0,0,0,0,0,0,0,0,0,1,0,1,0,1,1,0,0,0,1,0,0,0,0,0,1,0,0,0,0,0,0,1,0,1,1,1,0,0,1,0,0,1,1,0,0,1,0,0,0,0,1,1,0,0,0,1,0,0,1,0,1,1,0,0,1,1,1,1,1,1,0,1,0,1,1,1,1,1,1,0,1
CHEMBL220_306,36,34,-1,-1,-1,2.0833333333333335,2.7525240941522906,2.898153743646184,6.888586812693806,0.11256640352929713,0.12290883847086512,1.7052877273173248,3.5235520483838245,0.18497260365171042,0.09305975497639109,-0.21387600832973253,-1.024035728428077,7.458333333333333,3.934469978579793,-0.08655096445815856,-0.8302528813562193,0.023529411764705882,0.06328207847744657,3.1997461795758917,9.251094525610567,0.8055555555555556,0.39577241246597245,-1.5440972939559128,0.38423645320197064,2.0833333333333335,2.7525240941522906,2.898153743646184,6.888586812693806,2.0,0.0,0,0,1.8888888888888888,2.354402233379677,3.364098272052219,10.462284413271757,0.0,0.0,0,0,0.011578375704391963,0.030194388090305842,2.4507547074575267,4.560931417828266,0.04166666666666666,0.049754098668732885,2.916986656946638,7.004175346726212,0.041666666666666664,0.036757830633302846,-0.7908998705683705,0.6798994296777061,1.2083333333333333,0.40611643103370687,1.4363696929192162,0.06315789473684186,-2.7132371045780226,68.0,260.0,0.0,182.0,2106.0,24.0,0.0,0.0,0.0,638.0,842.0,17040.0,0.0,0.0,0.0,0.0,112.0,0.0,0.0,0.0,12.0,0.0,0.0,0.0,0.0,0.0,0.0,0.0,0.0,0.0,0.0,1,1,0,1,1,1,0,0,0,1,1,1,0,0,0,0,1,0,0,0,1,0,0,0,0,0,0,0,0,0,0,6.695652173913044,2.073325046533281,3.9217792243444243,14.657397029167623,2.260869565217391,0.6735623210795507,-0.36631967482878397,-0.8202083333333334,0.0,0.0,0,0,3.217391304347826,0.4124709991523974,1.3703203194062967,-0.12222222222222534,0.6521739130434783,0.47628048478710105,-0.6390096504226936,-1.5916666666666677,13.403347826086959,4.1568743965366854,3.927178370034952,14.691259311621497,0.6956521739130435,0.6874516652539955,1.2811019256874143,2.9210560000000028,324.40500000000003,62.22,3.6073200000000014,3,3,0,0,0,0,0,0,0,0,0,0,0,0,0,0,0,0,0,0,0,0,0,0,1,0,1,0,0,0,0,0,0,0,0,0,0,0,1,0,0,0,0,0,0,0,0,0,0,1,0,0,0,0,0,0,0,0,0,0,0,0,0,0,1,0,0,1,0,0,1,1,0,1,1,0,0,0,0,0,0,0,0,1,0,1,0,0,0,0,1,0,0,0,1,0,1,0,1,0,0,0,0,1,1,0,0,1,0,0,0,0,1,0,0,0,0,0,0,1,0,0,1,1,0,0,1,1,0,0,0,0,0,1,0,0,0,0,0,1,0,1,0,0,1,0,0,1,0,0,0,0,1,1,0,0,1,0,1,0,1,1,1,1,1,1,1,1,0,0
CHEMBL220_307,36,34,-1,-1,-1,2.0833333333333335,2.7373446176094736,2.9476509579731216,7.108213849194449,0.1155673681662129,0.12009147010888316,1.7660611732907254,4.229828764484976,0.1807396655269656,0.08943862720395082,-0.22815044519656058,-0.9565655691101203,7.394444444444446,3.849707380253758,-0.11549425334669572,-0.7668557620499987,0.024369747899159667,0.06908042356847223,3.309538667907434,9.97471899171262,0.8055555555555556,0.3957724124659724,-1.5440972939559132,0.3842364532019724,2.0833333333333335,2.7373446176094736,2.9476509579731216,7.108213849194449,2.0,0.0,0,0,1.8888888888888888,2.3425742935897795,3.413872663757436,10.734259876683012,0.0,0.0,0,0,0.039376636375797885,0.1648947132617549,5.485753968344406,28.999693640207987,0.041666666666666664,0.05018899992672395,3.0055134355071704,7.503482039266938,0.041666666666666664,0.18796794316545903,-2.71882682719474,6.568228439524406,1.2916666666666667,0.45452967144315476,0.9166984970282107,-1.1596638655462195,0.6379704727132846,68.0,258.0,0.0,142.0,2100.0,16.0,0.0,0.0,0.0,436.0,618.0,17040.0,0.0,0.0,0.0,0.0,52.0,0.0,0.0,0.0,0.0,0.0,0.0,0.0,0.0,0.0,0.0,0.0,0.0,0.0,0.0,1,1,0,1,1,1,0,0,0,1,1,1,0,0,0,0,1,0,0,0,0,0,0,0,0,0,0,0,0,0,0,6.230769230769231,0.42132504423474315,1.278019300845387,-0.3666666666666676,2.230769230769231,0.6389710663783135,-0.246005873697007,-0.6754883427851301,0.0,0.0,0,0,3.3461538461538463,0.47574295680203776,0.646761666763554,-1.5816993464052294,0.5769230769230769,0.4940474068717357,-0.3113995776646089,-1.903030303030303,12.471615384615387,0.8409647882925475,1.2780193008453788,-0.3666666666666818,1.0,0.9607689228305228,0.2602082499332666,-1.3750000000000002,350.4700000000002,95.63999999999999,3.9365200000000033,0,4,0,0,0,0,0,0,0,0,0,0,0,0,0,0,0,0,0,0,0,0,0,0,0,0,0,0,0,0,0,0,0,0,0,0,0,0,0,0,1,0,0,0,0,0,0,0,0,0,0,0,0,0,0,1,0,0,0,0,0,0,0,0,1,0,0,1,0,0,0,0,0,0,0,0,0,1,0,1,0,1,1,0,0,1,1,1,0,0,0,0,0,0,0,0,0,0,1,0,1,0,1,1,0,0,0,1,0,0,1,0,0,1,0,0,0,0,1,0,1,0,1,1,1,0,0,1,0,0,1,1,0,1,0,1,0,1,0,1,0,0,0,0,1,0,1,1,0,1,1,0,1,1,0,1,0,1,1,0,1,0,1,1,1,1,0,1,0,0
CHEMBL220_308,38,37,-1,-1,-1,2.1538461538461537,3.097049559876522,3.336289251529294,9.981814867403884,0.10959744847568757,0.11960012023950148,2.1856577160492696,7.271326733642519,0.19346008564071132,0.09829634768467484,-0.2674275812098891,-0.9839640353308146,8.27017543859649,4.362337411127152,-0.16341135200185788,-0.7208434891324473,0.02303619408882567,0.06830531360495677,3.7971974273870455,13.85162220836921,0.8157894736842105,0.3876557858593746,-1.629226159925114,0.6543778801843323,2.1538461538461537,3.097049559876522,3.336289251529294,9.981814867403884,2.0,0.0,0,0,1.9473684210526316,2.655157527500935,3.8693858525557046,14.65255360292726,0.0,0.0,0,0,0.041581225791752115,0.16088984352830718,5.55327648929254,30.142557859367464,0.03846153846153847,0.05033690447879397,3.3307305341673725,9.880771573116947,0.03846153846153846,0.138029269758631,3.7421386823638736,13.24996582054943,1.3076923076923077,0.46153846153846145,0.8333333333333339,-1.3055555555555547,1.0875402141280999,74.0,338.0,0.0,216.0,3510.0,32.0,0.0,0.0,0.0,814.0,1198.0,37920.0,0.0,0.0,0.0,0.0,152.0,0.0,0.0,0.0,12.0,0.0,0.0,0.0,0.0,0.0,0.0,0.0,0.0,0.0,0.0,1,1,0,1,1,1,0,0,0,1,1,1,0,0,0,0,1,0,0,0,1,0,0,0,0,0,0,0,0,0,0,6.371428571428571,0.6797358430497326,2.109380161474927,4.5615315461549075,2.2285714285714286,0.6797358430497326,-0.31903595175666394,-0.8530697099476838,0.0,0.0,0,0,3.257142857142857,0.4370588154508102,1.1113247657830427,-0.7649572649572662,0.6285714285714286,0.4831867007225075,-0.5321811563901743,-1.7167832167832169,12.780800000000001,1.4721579845344632,2.4804833849569743,6.9044259872897875,0.7142857142857143,0.9731077923386515,1.1541914659426926,0.12499999999999867,472.52800000000025,100.03,3.368940000000002,0,4,0,0,0,0,0,0,0,0,0,0,0,0,0,0,0,0,0,0,0,0,0,0,0,0,0,1,0,0,0,0,0,0,0,0,0,0,0,0,1,0,0,0,1,0,0,0,0,0,0,0,0,0,0,0,0,0,0,0,0,0,0,0,1,0,0,1,0,0,0,0,0,0,0,0,0,1,0,1,0,1,1,0,0,0,0,1,1,1,0,0,0,0,1,1,0,0,0,1,1,0,1,1,0,0,0,1,1,1,0,0,1,1,0,0,0,1,1,1,1,0,1,1,1,0,0,1,0,0,1,1,0,0,0,1,1,1,0,1,1,0,0,1,1,0,1,1,0,1,1,1,1,1,0,1,1,0,1,0,1,0,1,1,1,1,1,1,0,0
CHEMBL220_309,38,36,-1,-1,-1,2.1666666666666665,3.023059524536176,2.9171249454343036,6.9248251586737,0.10958918506277596,0.1196076920225487,1.7631409481930709,4.07628114157087,0.1753187892709438,0.09735794349030098,-0.17726461370207558,-1.1662998822715172,7.412280701754386,4.274864801067439,-0.07878404355078296,-0.9726534380782104,0.01813655761024182,0.05555232905035455,3.586446371756531,11.822949697866516,0.8157894736842105,0.3876557858593746,-1.6292261599251139,0.6543778801843323,2.1666666666666665,3.023059524536176,2.9171249454343036,6.9248251586737,2.0,0.0,0,0,1.894736842105263,2.510917987763487,3.5502524541102556,11.6942528593623,0.0,0.0,0,0,0.026463432307985552,0.08380368969268011,4.780824005343726,23.881060913696917,0.041666666666666664,0.05346070772953084,2.941970358403001,6.988635873416788,0.041666666666666664,0.015380560428430131,0.8681138109843367,0.6974489515201601,1.2916666666666667,0.45452967144315476,0.9166984970282107,-1.159663865546219,-0.6760685200910622,72.0,304.0,0.0,206.0,2772.0,32.0,0.0,0.0,0.0,788.0,1066.0,25200.0,0.0,0.0,0.0,0.0,148.0,0.0,0.0,0.0,12.0,0.0,0.0,0.0,0.0,0.0,0.0,0.0,0.0,0.0,24.0,1,1,0,1,1,1,0,0,0,1,1,1,0,0,0,0,1,0,0,0,1,0,0,0,0,0,0,0,0,0,1,6.405405405405405,0.7519150131483002,1.8495967662129833,2.596869178534946,2.2162162162162162,0.6631267106154214,-0.27135196818309,-0.7794229644264394,0.0,0.0,0,0,3.081081081081081,0.2729595929287048,3.06945738322769,7.421568627450979,0.7837837837837838,0.4116634111277789,-1.3787175450270865,-0.09913793103448398,12.846864864864864,1.598850130092015,2.118005697911832,4.2452906630596985,0.5675675675675675,0.7548237861496724,1.65532707422192,3.0456607495069026,496.5020000000002,103.93,4.520120000000003,0,6,0,0,0,0,0,0,0,0,0,0,0,0,0,0,0,0,0,0,0,0,0,0,0,0,0,0,0,0,0,0,0,0,0,0,0,0,0,0,1,0,0,0,1,0,0,0,0,0,0,0,0,0,1,0,0,0,0,0,0,0,0,0,1,0,0,1,0,0,0,0,0,0,0,0,0,1,0,1,0,0,1,0,0,1,0,1,0,1,0,1,0,0,1,1,1,0,1,1,1,0,0,0,0,0,0,0,0,1,0,0,1,0,0,1,0,0,0,1,0,0,1,1,1,0,1,1,1,1,0,0,0,0,0,1,1,1,1,1,0,0,0,0,1,1,1,1,1,0,1,1,1,1,1,0,1,0,1,1,1,1,1,1,1,1,1,1,0,0
CHEMBL220_310,37,35,-1,-1,-1,2.076923076923077,2.9078551032978157,3.114835548340076,8.081340188566237,0.1153205281212593,0.11716741364757036,1.917770362850298,5.347184658114358,0.19443259116118372,0.09399495423837537,-0.3855959944254265,-0.7769155845754905,8.166666666666668,4.144307576095829,-0.2595758253230393,-0.5921641839217804,0.026426426426426425,0.07703173680838318,3.3653337494454196,10.306032198851636,0.8108108108108109,0.3916588309780929,-1.5871507864874157,0.5190476190476199,2.076923076923077,2.9078551032978157,3.114835548340076,8.081340188566237,2.0,0.0,0,0,1.8918918918918919,2.5339189153155077,3.550128753585814,11.565396840188395,0.0,0.0,0,0,0.036212588686351806,0.1621630350499767,5.666280466451061,30.724596670988177,0.03846153846153847,0.04912527505531491,3.108414592721244,7.959894955027135,0.038461538461538464,0.061146659241408705,3.4933040145168457,11.292224889453024,1.2692307692307692,0.4435600997950306,1.0405319634289447,-0.9172932330827055,0.46989608412340517,70.0,300.0,0.0,160.0,2766.0,16.0,0.0,0.0,0.0,532.0,798.0,25200.0,0.0,0.0,0.0,0.0,62.0,0.0,0.0,0.0,0.0,0.0,0.0,0.0,0.0,0.0,0.0,0.0,0.0,0.0,0.0,1,1,0,1,1,1,0,0,0,1,1,1,0,0,0,0,1,0,0,0,0,0,0,0,0,0,0,0,0,0,0,6.352941176470588,0.7624400821656306,2.0954946008244817,3.2769982993197315,2.176470588235294,0.6629075099755674,-0.2117078916165995,-0.7679335358670718,0.0,0.0,0,0,3.3823529411764706,0.4859621071134796,0.4841820261350421,-1.7655677655677655,0.5,0.5,0.0,-2.0,12.744500000000002,1.6286939236881879,2.3374046880547574,4.863570758628636,0.9411764705882353,0.9374927912064251,0.5454418967500212,-0.8306466612933225,465.56900000000036,78.60000000000001,5.699740000000006,1,10,0,0,0,0,0,0,0,0,0,0,0,0,0,0,0,0,0,0,0,0,0,0,0,0,1,0,0,0,0,0,0,0,0,0,0,0,0,0,0,0,0,0,1,0,0,0,0,0,0,0,0,0,0,0,0,0,0,1,0,0,0,0,1,0,0,1,0,0,1,1,0,1,1,0,0,1,0,0,0,0,0,0,0,1,0,1,1,1,0,0,1,1,1,0,1,0,1,1,0,0,1,1,1,0,1,1,0,1,0,0,1,1,0,0,0,0,0,1,1,0,1,1,1,0,1,1,0,0,1,1,1,1,1,0,1,1,0,1,1,1,0,0,1,0,1,1,1,1,1,1,1,1,1,1,1,1,1,0,1,1,1,1,1,1,1,1,0,0
CHEMBL220_311,40,39,-1,-1,-1,2.230769230769231,3.4340791208538026,3.473515211651932,11.177965830733704,0.10392700856700414,0.11916029913655739,2.1392190821153125,6.835751407151738,0.18959502052286473,0.10763315962018177,-0.2163233194447921,-1.1796011228933156,8.304166666666667,4.850635339256544,-0.10110482585614364,-0.8948217773233904,0.017206477732793525,0.05501105000000558,4.2999660087849625,18.75690731414597,0.825,0.3799671038392666,-1.7106744068953987,0.9264069264069255,2.230769230769231,3.4340791208538026,3.473515211651932,11.177965830733704,2.0,0.0,0,0,1.95,2.8631276604440816,4.19163614421119,17.6900824705276,0.0,0.0,0,0,0.029719747306956607,0.0674374414598677,1.977860783347468,2.179040211672006,0.03846153846153845,0.05409056569488722,3.541347977689745,11.689961876789903,0.03846153846153846,0.017785204311069298,-0.1514155782762366,-0.5307120424822709,1.2692307692307692,0.4435600997950306,1.0405319634289447,-0.9172932330827055,-0.7642799491710037,78.0,402.0,0.0,304.0,4866.0,80.0,0.0,0.0,0.0,1466.0,1924.0,62280.0,0.0,0.0,0.0,0.0,468.0,0.0,0.0,0.0,120.0,0.0,0.0,0.0,0.0,0.0,0.0,0.0,0.0,0.0,0.0,1,1,0,1,1,1,0,0,0,1,1,1,0,0,0,0,1,0,0,0,1,0,0,0,0,0,0,0,0,0,0,7.0,2.289812927564879,3.2416099686644912,9.931714316080349,2.2162162162162162,0.809909408852524,0.1975470129687115,-0.502976175713413,0.0,0.0,0,0,3.135135135135135,0.34186785515333823,2.1345374206136585,2.5562500000000066,0.6486486486486487,0.47739247926096473,-0.6227523687795277,-1.6121794871794868,14.011432432432436,4.590540570773894,3.2484900369358622,9.96753623618993,0.5675675675675675,0.7898183349298625,1.5872303688386697,2.338083903273751,539.5910000000001,148.43,3.642640000000002,0,7,0,0,0,0,0,0,0,0,0,0,0,0,0,0,0,0,0,0,0,0,0,0,0,0,0,0,0,0,0,0,0,0,1,1,0,0,0,0,0,0,0,0,0,0,0,0,0,0,0,0,0,1,0,0,0,1,0,1,1,1,1,1,0,0,1,1,0,1,0,1,0,1,1,1,0,0,0,0,0,0,1,1,0,1,0,0,0,0,1,1,0,0,1,0,1,1,1,1,0,0,0,1,1,0,1,1,1,0,0,1,1,1,1,1,0,0,0,1,0,0,1,1,0,0,1,1,1,1,0,0,1,1,1,0,0,0,1,1,0,0,1,0,1,1,1,1,1,0,1,1,1,1,1,1,1,1,1,1,1,1,1,1,1,1,1,1,0,0
CHEMBL220_312,39,37,-1,-1,-1,2.074074074074074,3.005253744459377,3.2528389412625196,9.078705381727346,0.10970755268479074,0.11664166719032913,2.136180201179592,6.9124626850717945,0.18919280819573198,0.09357931645610831,-0.3393157629043565,-0.8915297269380735,8.36923076923077,4.33231667636986,-0.21265698410136633,-0.6775455321213699,0.024255024255024255,0.07323680163145022,3.515225001422242,11.461489612419264,0.8205128205128205,0.3837597319768145,-1.6703827619526517,0.7901785714285703,2.074074074074074,3.005253744459377,3.2528389412625196,9.078705381727346,2.0,0.0,0,0,1.8974358974358974,2.589870522403376,3.7440483536107267,13.203236573768205,0.0,0.0,0,0,0.03382661547117781,0.15804334482686874,5.8513214754154115,32.81584147825686,0.03703703703703703,0.048944188014641385,3.2384168565305074,8.890770279721828,0.037037037037037035,0.0645887256183896,3.831541082296704,14.085346159682402,1.2592592592592593,0.43822813208145306,1.098700531147071,-0.7928571428571431,0.020774815571429,74.0,328.0,0.0,168.0,3234.0,16.0,0.0,0.0,0.0,576.0,894.0,32064.0,0.0,0.0,0.0,0.0,66.0,0.0,0.0,0.0,0.0,0.0,0.0,0.0,0.0,0.0,0.0,0.0,0.0,0.0,0.0,1,1,0,1,1,1,0,0,0,1,1,1,0,0,0,0,1,0,0,0,0,0,0,0,0,0,0,0,0,0,0,6.625,1.948557158514987,4.715423186220894,22.1396128638927,2.25,0.7071067811865476,-0.397747564417433,-0.953125,0.0,0.0,0,0,3.15625,0.3630921887069453,1.893458524812515,1.5851851851851855,0.6875,0.46351240544347894,-0.8090398349558905,-1.3454545454545455,13.3046875,4.13710215940382,4.790035566504141,22.688647087833253,0.625,0.8569568250501305,1.3965797058309053,1.2720688094160257,445.9100000000002,99.30000000000001,4.471420000000004,1,4,0,0,0,0,0,0,0,0,0,0,0,0,0,0,0,0,0,0,0,1,0,0,0,0,0,0,0,0,0,0,0,0,0,0,0,0,0,0,0,0,0,0,0,0,0,0,0,0,0,0,0,0,1,0,0,0,0,1,0,0,0,0,1,0,0,1,0,0,0,0,0,1,0,0,0,1,0,0,1,0,1,0,0,1,1,0,0,1,0,0,0,0,1,1,1,1,1,1,0,0,0,1,1,1,1,1,0,1,0,0,1,1,0,0,0,0,0,1,0,1,1,1,1,0,1,1,0,0,0,0,1,0,1,0,1,0,0,1,0,0,0,0,1,0,1,1,0,0,1,1,0,1,1,0,1,1,1,0,1,1,1,1,1,1,1,1,0,0
CHEMBL220_313,37,37,-1,-1,-1,2.24,3.1019993552546077,3.0399351752929467,7.823159717448995,0.11257851218285027,0.11980444742046457,1.7916776477735445,4.283976057102089,0.1972288182777952,0.1011164478249201,-0.27295072235730744,-1.0749427657785149,8.126126126126128,4.320303592485065,-0.16271738815313302,-0.8395524470547318,0.021621621621621626,0.06256768254263605,3.6255414915415005,12.06538551096965,0.8108108108108109,0.3916588309780929,-1.5871507864874157,0.5190476190476199,2.24,3.1019993552546077,3.0399351752929467,7.823159717448995,2.0,0.0,0,0,2.0,2.6508540184301035,3.5692416088388756,11.999230769230769,0.0,0.0,0,0,0.03587931968213658,0.09095834340384532,3.7352167983841844,15.564495498255685,0.039999999999999994,0.050502768057434304,3.065888417765253,7.932150391364017,0.04000000000000001,0.08067545402190478,-2.2881232385488297,4.8885350667652405,1.32,0.46647615158762407,0.7717436331412894,-1.4044117647058831,-0.7323785982595155,74.0,334.0,0.0,282.0,3240.0,56.0,0.0,0.0,0.0,1116.0,1524.0,32064.0,0.0,0.0,0.0,0.0,284.0,0.0,0.0,0.0,48.0,0.0,0.0,0.0,0.0,0.0,0.0,0.0,0.0,0.0,36.0,1,1,0,1,1,1,0,0,0,1,1,1,0,0,0,0,1,0,0,0,1,0,0,0,0,0,0,0,0,0,1,6.466666666666667,1.9787762772874444,5.018484366865415,23.767470924202566,2.2666666666666666,0.5120763831912405,0.2824437390770422,-0.44125251364550166,0.0,0.0,0,0,3.033333333333333,0.1795054935711501,5.1994694689574565,25.03448275862073,0.9666666666666667,0.1795054935711501,-5.199469468957455,25.03448275862072,12.992000000000003,4.213504408446727,5.039812146194062,23.91955057347305,0.6,0.4898979485566357,-0.40824829046386263,-1.833333333333334,407.9040000000001,41.57,7.126100000000005,0,4,0,0,0,0,0,0,0,0,0,0,0,0,0,0,0,0,0,0,0,0,0,0,0,0,0,0,0,0,0,0,0,0,0,0,0,0,0,0,1,0,0,0,0,0,0,0,0,0,0,0,0,0,0,0,0,0,0,0,0,0,0,0,1,0,0,1,0,0,0,0,0,0,0,0,0,0,0,1,0,1,0,0,0,1,0,0,0,1,0,0,0,0,0,0,0,0,1,0,1,0,0,0,0,1,0,0,0,1,0,0,0,0,0,0,0,0,0,0,0,0,1,1,0,0,0,1,0,0,0,0,0,0,0,0,1,0,0,1,0,0,0,0,1,0,1,1,0,0,0,0,1,1,0,0,0,0,1,0,0,0,0,1,1,1,0,1,0,0
CHEMBL220_314,39,38,-1,-1,-1,2.24,3.2530600978155935,3.159513993986787,8.585639692366186,0.10722851298609119,0.11892464691483136,1.9710262554837765,5.59807281001506,0.18123598243019684,0.10214299829600137,-0.17281683872379291,-1.1833363124822602,7.858119658119659,4.559528502818917,-0.09731136600436358,-0.9499307938329835,0.017945070576649524,0.05653342580560471,4.050257489421604,15.738678180368055,0.8205128205128205,0.3837597319768145,-1.6703827619526517,0.7901785714285703,2.24,3.2530600978155935,3.159513993986787,8.585639692366186,2.0,0.0,0,0,1.9487179487179487,2.707527189992676,3.8368235234254873,14.098108435721613,0.0,0.0,0,0,0.05081193316487434,0.16255577476667704,5.112334339353565,26.835290189714513,0.039999999999999994,0.0532090040590975,3.1639772867464733,8.542516704760754,0.04,0.03546652202843734,-1.5920735164284703,2.6668999610830246,1.36,0.48,0.5833333333333328,-1.6597222222222228,-0.9108155457296991,76.0,358.0,0.0,252.0,3780.0,56.0,0.0,0.0,0.0,1164.0,1452.0,40800.0,0.0,0.0,0.0,0.0,290.0,0.0,0.0,0.0,48.0,0.0,0.0,0.0,0.0,0.0,0.0,0.0,0.0,0.0,0.0,1,1,0,1,1,1,0,0,0,1,1,1,0,0,0,0,1,0,0,0,1,0,0,0,0,0,0,0,0,0,0,6.368421052631579,0.7041625347505079,1.6034361766298528,0.9178240379513793,2.210526315789474,0.6552578735783544,-0.24873888895045196,-0.7408949011446406,0.0,0.0,0,0,3.0789473684210527,0.2696565991042,3.1228802334353043,7.752380952380944,0.7105263157894737,0.45351810367405493,-0.928414165097055,-1.1380471380471384,12.74584210526316,1.404289041441027,1.6027015739409436,0.9151882124334061,0.631578947368421,0.6657426652986062,1.116185192862558,2.0942968750000013,508.5340000000002,125.44999999999999,4.374900000000003,0,7,0,0,0,0,0,0,0,0,0,0,0,0,0,0,0,0,0,0,0,0,0,0,0,0,1,0,0,0,0,0,0,0,0,0,0,0,0,0,0,0,0,0,0,0,0,0,0,0,0,0,0,0,0,0,1,0,0,0,0,0,0,0,1,0,0,1,0,0,1,1,0,1,1,0,0,1,0,0,0,1,0,0,1,1,0,1,0,0,0,0,0,1,1,1,1,1,1,0,1,0,1,1,1,0,0,1,0,0,0,0,1,0,0,1,0,0,0,1,0,0,1,1,1,0,1,1,1,1,0,0,0,1,0,0,0,0,1,1,0,1,1,0,1,1,1,1,1,0,1,0,1,1,1,1,1,1,1,1,1,1,1,1,1,1,1,1,0,0
CHEMBL220_315,37,33,-1,-1,-1,2.0,2.670287397005928,2.7949855294657535,6.129535990481855,0.11012969048987206,0.12205932287061079,1.6724726283115994,3.29835071666219,0.16370910553385715,0.08900971318903579,-0.1304554439931276,-1.0942978613094028,6.774774774774775,3.8679335871442886,-0.011049196868551948,-0.9289234521980463,0.019691119691119686,0.05716633944728719,3.1126563853296054,8.486872356840344,0.8108108108108109,0.3916588309780929,-1.5871507864874157,0.5190476190476199,2.0,2.670287397005928,2.7949855294657535,6.129535990481855,2.0,0.0,0,0,1.7837837837837838,2.2195097478538166,3.3583023245593875,10.243954821578596,0.0,0.0,0,0,0.004165969683211062,0.012487925309780466,2.9342907994151752,7.474247833303828,0.04347826086956521,0.05291201414197966,2.810860184471194,6.198027613390652,0.04347826086956519,0.07634416493437315,2.9410219365431716,7.023198705073547,1.173913043478261,0.3790346907426672,1.720618004029213,0.9605263157894743,0.5376038433345817,66.0,234.0,0.0,118.0,1776.0,8.0,0.0,0.0,0.0,398.0,526.0,13080.0,0.0,0.0,0.0,0.0,36.0,0.0,0.0,0.0,0.0,0.0,0.0,0.0,0.0,0.0,0.0,0.0,0.0,0.0,0.0,1,1,0,1,1,1,0,0,0,1,1,1,0,0,0,0,1,0,0,0,0,0,0,0,0,0,0,0,0,0,0,7.5,3.263433774416144,2.408247101929787,4.212523970111749,2.1,0.7681145747868608,-0.17211415350007261,-1.2887101407641486,0.0,0.0,0,0,3.3,0.45825756949558405,0.8728715609439706,-1.238095238095237,0.55,0.4974937185533099,-0.20100756305184278,-1.9595959595959593,15.20335,6.971036933448282,2.396053305132609,4.153124569040173,0.6,0.8602325267042626,1.3384187595910002,0.8845872899926959,316.163,46.92,2.7249000000000008,0,4,0,0,0,0,0,0,0,0,0,0,0,0,0,0,0,0,0,0,0,0,0,0,0,0,0,0,0,0,0,0,0,0,0,0,0,0,0,0,0,0,0,0,1,0,0,0,0,0,0,0,0,0,1,0,0,0,0,0,0,0,0,0,0,0,0,1,0,0,0,0,0,0,0,0,0,1,0,0,0,0,1,0,1,1,0,0,0,1,0,0,0,0,1,1,1,0,1,1,0,0,1,0,0,1,1,0,0,1,0,0,1,1,0,0,0,0,1,1,0,0,1,1,1,0,1,1,0,0,0,1,0,0,1,0,1,0,0,1,0,0,0,0,1,0,1,0,0,0,1,0,1,1,0,1,1,1,1,0,1,0,1,1,1,1,1,1,0,0
CHEMBL220_316,39,37,-1,-1,-1,2.16,3.0812984276113213,3.0079764823178534,7.300693370247643,0.10889521330089282,0.11740041806219724,1.772853255555478,4.012237680477254,0.17428478003485065,0.0962351913977006,-0.18754258080809913,-1.141117287383481,7.643589743589743,4.380646726936514,-0.10594399482632634,-0.95375231124765,0.019112229638545426,0.058813176226410524,3.6975154302254345,12.601238891786599,0.8205128205128205,0.3837597319768145,-1.6703827619526517,0.7901785714285703,2.16,3.0812984276113213,3.0079764823178534,7.300693370247643,2.0,0.0,0,0,1.8974358974358974,2.5699932335027333,3.6394052472157887,12.118720994712394,0.0,0.0,0,0,0.041636141636141634,0.15921221531666052,5.583462547405434,30.6683443364811,0.04,0.05239042427423834,3.020359022831087,7.309709973640333,0.04,0.06656268638330695,-2.4140132153944105,5.2068801010563295,1.32,0.46647615158762407,0.7717436331412894,-1.4044117647058831,0.9933391434996935,74.0,324.0,0.0,190.0,3096.0,32.0,0.0,0.0,0.0,836.0,990.0,29160.0,0.0,0.0,0.0,0.0,148.0,0.0,0.0,0.0,12.0,0.0,0.0,0.0,0.0,0.0,0.0,0.0,0.0,0.0,0.0,1,1,0,1,1,1,0,0,0,1,1,1,0,0,0,0,1,0,0,0,1,0,0,0,0,0,0,0,0,0,0,6.285714285714286,0.524890659167824,1.663233775963887,1.8641975308641987,2.2142857142857144,0.6738557951469003,-0.2858421249455357,-0.8284307536927162,0.0,0.0,0,0,3.357142857142857,0.6102859818083951,-0.3847928126996077,-0.6669168699568391,0.39285714285714285,0.48838551182776224,0.43876345447627857,-1.8074866310160427,12.58114285714286,1.0472153453764117,1.6615022328358517,1.8547740410640188,0.9285714285714286,0.8835226340609271,0.4501968464726703,-0.9009355376137376,378.4800000000002,91.18,1.3607800000000005,3,4,0,0,0,0,0,0,0,0,0,0,0,0,0,0,0,0,0,0,0,0,0,0,0,0,0,0,0,0,0,0,0,0,0,0,0,0,0,0,0,0,0,1,0,0,0,0,0,0,0,0,0,0,1,0,0,0,0,0,0,0,0,0,1,0,0,1,0,0,0,0,0,0,0,0,0,1,0,0,0,1,1,0,0,1,1,1,1,0,0,0,1,1,1,1,1,0,1,1,0,0,1,0,0,0,1,0,0,0,0,0,1,1,0,0,0,0,0,1,1,0,1,1,1,0,1,1,0,0,1,1,0,0,0,1,0,0,0,1,1,0,0,0,1,0,1,0,0,1,1,0,1,1,0,1,1,1,1,0,1,0,1,1,1,1,1,1,0,0
CHEMBL220_317,39,38,-1,-1,-1,2.230769230769231,3.3662086903140103,3.278809209658131,9.551009278132645,0.10877190011883406,0.11751467731974599,2.077822168693183,6.432413357829436,0.19547821083396125,0.10778550333500668,-0.3010407793512487,-1.0858058088639,8.401709401709402,4.771296231970559,-0.2038588235633547,-0.8452801936274268,0.018783966152387206,0.06031537848202565,4.013294132104372,15.506190470095454,0.8205128205128205,0.3837597319768145,-1.6703827619526517,0.7901785714285703,2.230769230769231,3.3662086903140103,3.278809209658131,9.551009278132645,2.0,0.0,0,0,1.9487179487179487,2.8460383436946883,3.915889580146664,14.90140422077922,0.0,0.0,0,0,0.032815176791080404,0.08783510853986601,3.9964257035232755,17.7419059475491,0.03846153846153846,0.05340178767785751,3.313878188395,9.73388635200331,0.038461538461538464,0.08123523657035386,-2.7294748201941745,7.2437006948848754,1.3076923076923077,0.4615384615384615,0.8333333333333337,-1.3055555555555551,0.27986803973226765,76.0,388.0,0.0,286.0,4416.0,56.0,0.0,0.0,0.0,1274.0,1762.0,51720.0,0.0,0.0,0.0,0.0,312.0,0.0,0.0,0.0,48.0,0.0,0.0,0.0,0.0,0.0,0.0,0.0,0.0,0.0,36.0,1,1,0,1,1,1,0,0,0,1,1,1,0,0,0,0,1,0,0,0,1,0,0,0,0,0,0,0,0,0,1,7.354838709677419,3.0112518787393454,2.5286489096530045,4.805058738272483,2.193548387096774,0.7370103005674751,0.1609887299429554,-0.3077244902453007,0.0,0.0,0,0,3.032258064516129,0.4003120530964792,0.26058430914587005,3.1577837746668944,0.7096774193548387,0.4539112025635577,-0.9238697708743122,-1.1464646464646457,14.769000000000004,6.18490009307267,2.561223218543381,5.008209279012139,0.45161290322580644,0.6642342026443225,1.8287205281127457,4.284821110715558,471.95100000000014,109.9,4.661780000000003,0,6,0,0,0,0,0,0,0,0,0,0,0,0,0,0,0,0,0,0,0,0,0,0,0,0,0,0,0,0,0,0,0,0,1,1,0,0,1,0,0,0,0,1,0,0,0,0,0,1,0,0,0,1,1,0,0,1,0,0,1,1,1,1,1,0,1,1,0,1,0,1,0,0,0,1,0,1,0,1,0,0,1,1,0,1,0,0,0,1,1,0,0,0,0,1,1,0,1,1,0,0,0,0,1,1,0,0,1,1,0,0,0,0,1,1,0,0,0,1,0,0,1,1,1,0,1,1,1,1,0,0,1,0,0,1,1,1,1,1,0,0,0,0,1,1,1,1,1,0,1,0,1,1,1,0,0,0,1,1,1,1,1,1,1,1,1,1,0,0
CHEMBL220_318,38,37,-1,-1,-1,2.1538461538461537,3.021618360215747,3.0731731547569736,7.7355103158579155,0.1126266239481619,0.1167520151934155,1.7737835810267728,4.002033792373178,0.1906804131634439,0.09591444555923359,-0.2805852672448646,-0.9784168206048709,8.19122807017544,4.2885399730013924,-0.18645978804013139,-0.7813175304162536,0.02351035245772088,0.06842637424716187,3.5844611372551296,11.755470763943078,0.8157894736842105,0.3876557858593746,-1.629226159925114,0.6543778801843323,2.1538461538461537,3.021618360215747,3.0731731547569736,7.7355103158579155,2.0,0.0,0,0,1.9473684210526316,2.595009060130747,3.5726420772099923,11.648910336644748,0.0,0.0,0,0,0.042025796197811605,0.1609545051189491,5.538448873013431,30.028103861169306,0.038461538461538464,0.04917610638550392,3.079608739579228,7.7236587208876255,0.038461538461538464,0.11243836532720121,-2.6374985119298917,6.0895400792120835,1.3076923076923077,0.4615384615384615,0.8333333333333337,-1.3055555555555551,-0.7692140958913556,74.0,326.0,0.0,212.0,3096.0,32.0,0.0,0.0,0.0,842.0,1100.0,29160.0,0.0,0.0,0.0,0.0,148.0,0.0,0.0,0.0,12.0,0.0,0.0,0.0,0.0,0.0,0.0,0.0,0.0,0.0,0.0,1,1,0,1,1,1,0,0,0,1,1,1,0,0,0,0,1,0,0,0,1,0,0,0,0,0,0,0,0,0,0,6.655172413793103,1.0594683790163597,1.4168387467812449,0.4967008402757842,2.206896551724138,0.7601864718982276,0.5762517021773873,0.25953868820809856,0.0,0.0,0,0,3.3793103448275863,0.48521542343001,0.49746833816309033,-1.752525252525253,0.5862068965517241,0.49251230541674823,-0.35007002100700196,-1.8774509803921566,13.45637931034483,2.4248169559611648,1.549416018996196,0.8875040792742368,0.5862068965517241,0.7200211385455553,0.8053649453258581,-0.6734071206127443,407.3710000000002,76.73,4.980900000000003,0,5,0,0,0,0,0,0,0,0,0,0,0,0,0,0,0,0,0,0,0,0,0,0,0,0,0,1,0,0,0,0,0,0,0,0,0,0,0,0,0,0,0,0,1,0,0,0,0,0,0,0,0,0,1,0,0,0,0,1,0,0,0,0,1,0,0,1,1,0,0,0,0,0,0,0,0,0,0,1,0,0,1,0,0,1,0,0,0,1,0,0,1,0,1,0,1,1,1,1,1,0,0,0,0,0,1,0,1,1,0,0,1,1,1,0,0,0,0,1,1,0,1,1,0,0,1,1,0,0,1,1,0,0,0,1,1,1,0,1,0,0,0,0,1,0,0,1,0,1,0,0,0,1,0,0,0,0,1,0,1,0,0,1,1,1,1,1,0,0
CHEMBL220_319,34,32,-1,-1,-1,2.090909090909091,2.4291616756158887,2.5577300447899645,5.112244897959183,0.11323029472281627,0.128804755591036,1.519584061350747,2.2410092190147823,0.16743163357052354,0.08191017368724877,-0.1014966066200185,-1.0579298246517106,6.590196078431372,3.4373385111135946,-0.010553430029308992,-0.9146352402687348,0.02657085561497326,0.06376154483043436,2.830440103291705,7.269275023999544,0.7941176470588235,0.40434491426080943,-1.4547859349066157,0.11640211640211628,2.090909090909091,2.4291616756158887,2.5577300447899645,5.112244897959183,2.0,0.0,0,0,1.8823529411764706,2.0830507305442083,2.968080636751672,7.967793014506686,0.0,0.0,0,0,0.01782591414944356,0.043632329393957975,2.104323467533409,2.5579234165208478,0.04545454545454544,0.04733028367690176,2.528828177037924,5.005194444869767,0.04545454545454546,0.3196629078634094,-2.3730402506116675,4.548306950044015,1.2272727272727273,0.41907020260422223,1.301582746911936,-0.3058823529411776,0.008771872547063941,64.0,204.0,0.0,142.0,1296.0,24.0,0.0,0.0,0.0,464.0,520.0,8184.0,0.0,0.0,0.0,0.0,90.0,0.0,0.0,0.0,12.0,0.0,0.0,0.0,0.0,0.0,0.0,0.0,0.0,0.0,0.0,1,1,0,1,1,1,0,0,0,1,1,1,0,0,0,0,1,0,0,0,1,0,0,0,0,0,0,0,0,0,0,6.321428571428571,0.8041664463712646,2.6515540355590907,5.867558325455457,2.2142857142857144,0.5578749768504754,0.02518758293761834,-0.2585326525127658,0.0,0.0,0,0,3.5714285714285716,0.4948716593053935,-0.2886751345948139,-1.9166666666666667,0.42857142857142855,0.4948716593053935,0.28867513459481287,-1.916666666666667,12.723928571428575,1.8454278042265013,2.795563928558396,6.586259269424177,1.0357142857142858,0.8229799015573507,-0.066197751346182,-1.5205719939991693,385.50200000000024,9.72,3.7676000000000025,0,6,0,0,0,0,0,0,0,0,0,0,0,0,0,0,0,0,0,0,0,0,0,0,0,0,0,0,0,0,0,0,0,0,0,0,0,0,0,0,0,0,0,0,1,0,0,0,0,0,0,0,0,0,0,0,0,0,0,0,0,0,0,0,0,0,0,0,0,0,0,0,0,0,0,0,0,1,0,0,0,1,0,0,0,1,0,1,1,1,0,0,0,0,0,0,0,0,1,0,1,0,1,0,0,0,0,0,0,1,0,0,0,1,0,0,0,0,0,0,1,0,1,1,1,0,0,1,0,0,1,1,0,0,0,0,1,0,0,1,1,0,0,0,1,0,0,1,0,1,1,0,0,0,0,1,0,1,1,0,1,0,0,1,1,1,0,1,0,1
CHEMBL220_320,35,33,-1,-1,-1,2.1904761904761907,2.7536823418668495,2.5926674397879763,5.092264085071314,0.11005974563765374,0.1282898318714446,1.5369272629718858,2.3334893538078205,0.1662520723913716,0.09296598660032364,-0.06051637925552968,-1.2493666333238262,6.447619047619048,3.7720823747867533,0.05680298314645669,-1.0335442813250477,0.017621594092182325,0.04771587855778496,3.223604154400158,9.315278509902987,0.8,0.4,-1.5,0.24999999999999956,2.1904761904761907,2.7536823418668495,2.5926674397879763,5.092264085071314,2.0,0.0,0,0,1.8857142857142857,2.2649052780121615,3.2106667026264537,9.319814885571187,0.0,0.0,0,0,0.026679739179739183,0.06080255520720526,1.9655981437262178,2.0932414885971555,0.04761904761904763,0.05421540378921893,2.610041661568668,5.163519282019898,0.047619047619047616,0.03675904757335784,-0.4925554060189186,0.09694248928746951,1.2857142857142858,0.45175395145262565,0.9486832980505128,-1.100000000000001,0.32376367593488636,66.0,238.0,0.0,194.0,1776.0,48.0,0.0,0.0,0.0,746.0,850.0,13080.0,0.0,0.0,0.0,0.0,210.0,0.0,0.0,0.0,48.0,0.0,0.0,0.0,0.0,0.0,0.0,0.0,0.0,0.0,0.0,1,1,0,1,1,1,0,0,0,1,1,1,0,0,0,0,1,0,0,0,1,0,0,0,0,0,0,0,0,0,0,6.2727272727272725,0.6863485850246135,2.962769746066547,8.524469067405368,2.272727272727273,0.6165754530113879,0.91349907617708,1.0907372400756161,0.0,0.0,0,0,3.5,0.5,0.0,-2.0,0.5,0.5,0.0,-2.0,12.600772727272728,1.5538502891444792,3.2282768825755284,10.167386287826488,1.0,0.9045340337332909,0.0,-1.777777777777778,299.39300000000003,30.71,4.003700000000004,0,2,0,0,0,0,0,0,0,0,0,0,0,1,0,0,0,0,0,0,0,0,0,0,0,0,0,0,0,0,0,0,0,0,0,0,0,0,0,0,1,0,0,0,1,0,0,0,0,0,0,0,0,0,1,0,0,0,0,0,0,0,0,0,1,0,0,1,1,0,0,0,0,0,0,0,0,0,0,1,0,1,1,0,0,1,0,1,0,1,0,0,0,0,0,0,1,0,1,0,0,0,1,1,0,0,0,1,0,1,0,0,0,1,1,0,0,0,0,0,1,0,1,1,1,0,1,1,0,0,1,1,0,0,0,0,1,0,0,1,0,0,0,0,1,0,1,0,0,1,1,0,0,0,0,1,0,0,1,0,1,0,0,1,1,1,0,1,0,0
CHEMBL220_321,37,36,-1,-1,-1,2.16,2.962161373051779,2.9834800070432177,7.362674707563835,0.1136077324227982,0.11882891130014159,1.7876081327361357,4.233600556050108,0.1937287521551488,0.09763755477408244,-0.31131503390265175,-1.0277306112691558,8.003603603603603,4.200977891190251,-0.190351226189977,-0.8206393452202039,0.02213642213642214,0.06298366015534447,3.599815433409974,12.112086760319695,0.8108108108108109,0.3916588309780929,-1.5871507864874157,0.5190476190476199,2.16,2.962161373051779,2.9834800070432177,7.362674707563835,2.0,0.0,0,0,1.945945945945946,2.5356479628830098,3.4823404620653795,11.226613072228885,0.0,0.0,0,0,0.01172196378455269,0.030429475716462286,2.3159667080256408,3.580030782700657,0.04000000000000001,0.05022185239286391,3.0059841312296665,7.475517210036571,0.03999999999999998,0.19634240240146342,-2.7440583115352486,6.613982573520982,1.32,0.46647615158762407,0.7717436331412894,-1.4044117647058831,0.9705999113612502,72.0,306.0,0.0,206.0,2772.0,24.0,0.0,0.0,0.0,774.0,1046.0,25200.0,0.0,0.0,0.0,0.0,120.0,0.0,0.0,0.0,12.0,0.0,0.0,0.0,0.0,0.0,0.0,0.0,0.0,0.0,36.0,1,1,0,1,1,1,0,0,0,1,1,1,0,0,0,0,1,0,0,0,1,0,0,0,0,0,0,0,0,0,1,6.904761904761905,2.1800996461446847,3.4584257857345593,11.488961161936958,2.2857142857142856,0.5471012044321932,0.03560679326366638,-0.5330578512396702,0.0,0.0,0,0,3.0952380952380953,0.2935435239509036,2.7577641592229627,5.605263157894736,0.9047619047619048,0.2935435239509036,-2.7577641592229636,5.605263157894742,13.868857142857145,4.420823111095019,3.351863132099861,10.783046097962503,0.42857142857142855,0.5832118435198044,0.9993918150555365,-0.002400000000001068,300.31800000000004,56.22,3.1757000000000017,0,3,0,0,0,0,0,0,0,0,0,0,0,0,0,0,0,0,0,0,0,0,0,0,0,0,0,0,0,0,0,0,0,0,0,0,0,0,1,0,1,0,0,0,1,0,0,0,0,1,0,0,0,0,1,0,0,0,0,1,0,0,0,0,1,0,0,1,0,0,0,0,0,0,0,0,0,0,0,1,0,1,1,1,0,1,0,0,0,1,1,0,0,0,0,0,1,0,1,1,0,0,0,1,0,0,0,1,1,1,0,0,0,1,0,0,0,0,0,0,0,0,1,1,1,0,1,1,0,0,0,0,1,0,0,0,1,0,0,1,0,0,0,0,1,0,0,0,0,0,1,0,0,0,0,0,0,1,1,0,0,0,0,1,1,1,1,1,0,1
CHEMBL220_322,37,37,-1,-1,-1,2.24,2.943195542263544,2.8707140429381375,6.694678547551952,0.11530271776726977,0.11718494059608661,1.620310501425345,3.2320112569654507,0.19393758515954435,0.0974149232646745,-0.3385072026711527,-1.0593521013658898,8.03963963963964,4.212900877551517,-0.21978361625241488,-0.8780823506960456,0.02205062205062205,0.061085442339351204,3.5180992759275562,11.310377770839834,0.8108108108108109,0.3916588309780929,-1.5871507864874157,0.5190476190476199,2.24,2.943195542263544,2.8707140429381375,6.694678547551952,2.0,0.0,0,0,2.0,2.525545164588901,3.3622544323459107,10.358158575122092,0.0,0.0,0,0,0.02015263485851721,0.039847741679227784,1.6627542596741969,1.275171127928492,0.039999999999999994,0.0483421602047126,2.9095370049190743,6.852925060524919,0.040000000000000105,2.1811877799281993,2.757295716209332,6.143765855756847,1.36,0.48,0.5833333333333327,-1.6597222222222228,1.603356479380149,74.0,310.0,0.0,236.0,2712.0,32.0,0.0,0.0,0.0,874.0,1134.0,23880.0,0.0,0.0,0.0,0.0,142.0,0.0,0.0,0.0,12.0,0.0,0.0,0.0,0.0,0.0,0.0,0.0,0.0,0.0,72.0,1,1,0,1,1,1,0,0,0,1,1,1,0,0,0,0,1,0,0,0,1,0,0,0,0,0,0,0,0,0,1,6.333333333333333,0.7453559924999298,2.3925927359247763,4.980000000000006,2.25,0.5204164998665332,0.2217159052685822,-0.3195266272189343,0.0,0.0,0,0,3.625,0.4841229182759271,-0.5163977794943223,-1.7333333333333334,0.375,0.4841229182759271,0.5163977794943223,-1.7333333333333334,12.717791666666665,1.641709652038759,2.662521810473389,6.662372365742224,1.0833333333333333,0.9090593428863095,-0.16485166249078734,-1.7697902690487963,331.43500000000006,32.510000000000005,3.6322000000000028,0,4,0,0,0,0,0,0,0,0,0,0,0,0,0,0,0,0,0,0,0,0,0,0,0,0,0,0,0,0,0,0,0,0,0,0,0,0,0,0,0,0,0,0,1,0,0,0,0,0,0,0,0,0,0,0,0,0,0,1,0,0,0,0,1,0,0,1,0,0,0,0,0,1,0,0,0,1,0,0,0,1,0,0,0,1,0,1,1,1,0,0,0,0,0,0,1,0,1,1,1,0,1,1,1,0,0,1,0,1,0,0,0,1,0,0,0,0,0,0,1,0,1,1,1,0,1,1,0,0,1,1,0,0,0,0,1,0,0,1,1,0,0,0,1,0,0,1,0,1,1,0,0,0,1,1,0,1,1,0,1,0,0,1,1,1,1,1,0,1
CHEMBL220_323,37,36,-1,-1,-1,2.16,2.852086955196142,2.7970408141531795,6.386033442261272,0.11045945952489941,0.12176097416041869,1.6554173930622378,2.9700845859135496,0.1922666264869589,0.09738469064419443,-0.27185326459264325,-1.030710977961271,7.891891891891892,4.173996474710444,-0.13458524069302882,-0.856478067215225,0.022565422565422565,0.061336350401307686,3.0340692503771107,7.978975238507548,0.8108108108108109,0.3916588309780929,-1.5871507864874157,0.5190476190476199,2.16,2.852086955196142,2.7970408141531795,6.386033442261272,2.0,0.0,0,0,1.945945945945946,2.448893251907956,3.2646713407358328,9.8245555092346,0.0,0.0,0,0,0.020447720447720447,0.04993917516619531,2.252051615227909,3.4518244745169184,0.04000000000000001,0.047663925648134625,2.7933077997739195,6.369217764603608,0.04,0.04158360881384154,2.6797072954458594,6.1278853507459665,1.24,0.4270831300812524,1.2175615550562024,-0.5175438596491229,-0.878591702862043,72.0,290.0,0.0,264.0,2400.0,48.0,0.0,0.0,0.0,964.0,1344.0,19944.0,0.0,0.0,0.0,0.0,240.0,0.0,0.0,0.0,48.0,0.0,0.0,0.0,0.0,0.0,0.0,0.0,0.0,0.0,0.0,1,1,0,1,1,1,0,0,0,1,1,1,0,0,0,0,1,0,0,0,1,0,0,0,0,0,0,0,0,0,0,6.346153846153846,0.6165853669954383,1.5844570117549377,1.2974306953928174,2.1538461538461537,0.6007884366082041,-0.07556274881285609,-0.3681805966138132,0.0,0.0,0,0,3.1923076923076925,0.5560320113384984,0.03971566299709428,-0.16560976168127972,0.38461538461538464,0.48650425541051995,0.4743416490252568,-1.7750000000000001,12.701615384615387,1.229879264772425,1.582998220217311,1.291243262272034,0.8076923076923077,0.8329387626041429,0.37216243601699905,-1.460777137765331,351.4100000000002,110.39999999999999,2.38558,0,6,0,0,0,0,0,0,0,0,0,0,0,0,0,0,0,0,0,0,0,0,0,0,0,0,1,0,0,0,0,0,0,0,0,0,0,0,0,0,0,0,0,1,0,0,0,0,0,0,0,0,0,0,0,1,0,0,0,0,0,0,0,0,0,0,0,1,0,0,0,1,0,1,0,0,0,0,0,0,1,1,1,0,1,0,0,0,0,0,0,1,1,1,1,0,1,1,0,1,1,0,1,1,1,0,1,1,0,0,0,0,1,1,0,0,0,0,0,1,1,1,0,1,0,0,1,1,0,0,1,1,0,1,0,1,0,1,0,1,1,1,0,0,1,0,1,1,0,1,0,0,0,1,0,1,1,1,1,0,1,1,0,1,1,1,1,1,0,1
CHEMBL220_324,40,39,-1,-1,-1,2.142857142857143,3.2482334288291637,3.4673128826720747,10.81375963844379,0.10737571770361225,0.1160622903773408,2.3085365392051633,8.133399232923551,0.19812663237613298,0.09996021254014689,-0.33831879662814146,-0.925183217058239,8.918333333333333,4.660409197580067,-0.23173265703448517,-0.6661937333032588,0.023076923076923078,0.07086003401999527,3.8830740340090903,14.466323899355253,0.825,0.3799671038392666,-1.7106744068953987,0.9264069264069255,2.142857142857143,3.2482334288291637,3.4673128826720747,10.81375963844379,2.0,0.0,0,0,1.95,2.801338965566288,4.001966013422141,15.586671133519346,0.0,0.0,0,0,0.0382905501950205,0.1567382104550089,5.766358492889614,32.43740289763303,0.03571428571428572,0.04932921087836854,3.460266870101122,10.697492073023017,0.035714285714285705,0.3594590134679783,3.7822715655708103,13.761155158165604,1.2857142857142858,0.45175395145262565,0.9486832980505133,-1.1000000000000003,-1.0813556422394661,78.0,388.0,0.0,234.0,4410.0,32.0,0.0,0.0,0.0,962.0,1410.0,51720.0,0.0,0.0,0.0,0.0,166.0,0.0,0.0,0.0,12.0,0.0,0.0,0.0,0.0,0.0,0.0,0.0,0.0,0.0,0.0,1,1,0,1,1,1,0,0,0,1,1,1,0,0,0,0,1,0,0,0,1,0,0,0,0,0,0,0,0,0,0,6.75,1.8540496217739157,4.2982079958929305,20.501289256198344,2.2,0.714142842854285,0.09884330004903522,-0.3194925028835067,0.0,0.0,0,0,3.225,0.5238081709939241,0.1976501273586069,-0.16358362607084898,0.425,0.4943429983321297,0.3034330424545041,-1.907928388746803,13.5947,3.969811489227166,4.277288675359493,20.18153194085456,0.6,0.7000000000000001,0.73469387755102,-0.6793002915451907,567.98,118.27000000000001,4.439480000000002,1,4,0,0,0,0,0,0,0,0,0,0,0,0,0,0,0,0,0,0,0,0,0,0,1,0,0,0,0,0,0,0,0,0,0,0,0,0,0,0,0,0,0,1,1,0,0,0,0,0,0,0,0,0,1,0,1,0,0,1,0,0,0,0,1,0,0,1,1,0,0,0,0,0,0,0,0,1,0,0,0,1,1,0,0,1,0,0,0,1,0,1,1,0,1,0,1,1,1,1,0,1,0,0,0,1,1,1,1,1,0,1,1,1,1,1,0,0,0,1,0,0,1,1,1,0,1,1,0,1,0,1,0,1,0,1,1,0,1,1,1,0,1,0,1,1,1,1,1,1,1,0,0,1,1,1,1,0,1,1,1,1,0,1,1,1,1,1,0,0
CHEMBL220_325,38,36,-1,-1,-1,2.076923076923077,2.9078551032978157,3.0209800724420117,7.445740805400085,0.1110456110603543,0.11825676191202238,1.7237880573676878,3.447385799363899,0.1901958204714628,0.09543016412078804,-0.2868927806043487,-0.969956946640087,8.092105263157896,4.240813492319483,-0.1605476672705363,-0.785405307687411,0.023589378852536747,0.06629376471587976,3.3437805329358046,10.20648539898423,0.8157894736842105,0.3876557858593746,-1.6292261599251139,0.6543778801843323,2.076923076923077,2.9078551032978157,3.0209800724420117,7.445740805400085,2.0,0.0,0,0,1.894736842105263,2.50041547794099,3.4931116147475514,11.116366175511846,0.0,0.0,0,0,0.009903094338267637,0.026666441311312468,2.5507253780838,5.063378996299988,0.03846153846153846,0.04872862746823478,3.0300789687735756,7.486913218695719,0.03846153846153846,0.01706401863769882,0.3134159624867763,1.0278148392440665,1.1923076923076923,0.39411349099844606,1.5614401167176535,0.4380952380952392,0.26635193838160853,72.0,302.0,0.0,202.0,2706.0,24.0,0.0,0.0,0.0,774.0,1036.0,23880.0,0.0,0.0,0.0,0.0,124.0,0.0,0.0,0.0,12.0,0.0,0.0,0.0,0.0,0.0,0.0,0.0,0.0,0.0,0.0,1,1,0,1,1,1,0,0,0,1,1,1,0,0,0,0,1,0,0,0,1,0,0,0,0,0,0,0,0,0,0,7.608695652173913,5.873589602654913,4.3951430004966685,17.56798496978793,2.0869565217391304,0.7753284565272611,0.4084114178859042,-0.13059214429808685,0.0,0.0,0,0,3.260869565217391,0.6055820990080052,-0.19762353438240735,-0.5745031352959935,0.2608695652173913,0.43910891036356847,1.0891622972743424,-0.8137254901960773,15.656782608695657,13.754831549413495,4.417416380827337,17.698608629210632,0.8260869565217391,0.8673885801417393,0.343069804569583,-1.5850988611398704,379.25800000000027,108.01,2.1037799999999995,0,4,0,0,0,0,0,0,0,0,0,0,0,0,0,0,0,0,0,0,0,0,0,0,0,0,0,0,0,0,0,0,0,0,0,0,0,0,0,0,0,0,0,1,0,0,0,0,1,0,0,0,0,0,0,1,1,0,0,0,0,0,0,0,0,0,0,0,1,0,0,0,0,0,0,0,0,0,0,0,0,1,1,0,1,0,1,0,0,1,0,0,1,1,1,0,0,1,0,1,0,0,1,0,0,0,1,0,0,1,0,0,1,1,1,0,0,0,0,1,1,0,0,0,0,0,0,0,0,0,1,1,0,1,0,1,1,1,1,0,0,0,0,0,1,0,1,1,0,1,0,0,1,1,0,1,1,1,1,0,1,1,0,1,1,1,1,1,0,0
CHEMBL220_326,43,43,-1,-1,-1,2.2758620689655173,3.7499108193914186,3.6332407044746606,12.21104711878814,0.10318697933271043,0.11228651410422871,2.299020832830151,8.158725632889132,0.20093902691968296,0.11253473214684619,-0.3260472866385978,-1.1207967143868074,9.465116279069768,5.414929135696857,-0.2326231641586029,-0.8499576512262634,0.01690840828674068,0.058929849065002794,4.507695294130325,20.03488160053368,0.8372093023255814,0.36917460154389636,-1.8268282862112646,1.337301587301587,2.2758620689655173,3.7499108193914186,3.6332407044746606,12.21104711878814,2.0,0.0,0,0,2.0,3.1622776601683795,4.346293249208168,18.775348837209304,0.0,0.0,0,0,0.03629507555695624,0.08997967188034607,3.476775189102465,13.909143628299159,0.03448275862068965,0.052353961577718086,3.683413627957311,12.561898270168777,0.034482758620689655,0.07089803900210871,-3.059719276761275,9.384386400720494,1.3103448275862069,0.46263475396547377,0.8198915917499234,-1.3277777777777775,0.03370350450720768,86.0,516.0,0.0,390.0,7200.0,88.0,0.0,0.0,0.0,2058.0,2862.0,105024.0,0.0,0.0,0.0,0.0,584.0,0.0,0.0,0.0,120.0,0.0,0.0,0.0,0.0,0.0,0.0,0.0,0.0,0.0,48.0,1,1,0,1,1,1,0,0,0,1,1,1,0,0,0,0,1,0,0,0,1,0,0,0,0,0,0,0,0,0,1,6.885714285714286,2.435117228875716,3.5165033365736713,11.125582878694514,2.2285714285714286,0.6797358430497326,-0.3190359517566641,-0.8530697099476834,0.0,0.0,0,0,3.0,0.3380617018914066,0.0,5.75,0.7714285714285715,0.4199125273342591,-1.2927862531355665,-0.3287037037037024,13.823857142857143,5.049631099073942,3.5640683135845905,11.498419407422453,0.42857142857142855,0.5495824017620384,0.8008888908073535,-0.43425858290723074,498.95500000000004,130.57,5.391880000000003,0,5,0,0,0,0,0,0,0,0,0,0,0,0,0,0,0,0,0,0,0,0,0,0,0,0,0,0,0,0,0,0,0,0,0,0,0,0,0,0,1,0,0,1,0,0,0,0,0,1,0,0,0,0,0,0,0,0,0,0,0,1,0,0,1,0,1,1,0,0,0,0,0,0,0,0,0,0,0,1,0,1,1,1,0,1,1,0,0,1,1,0,0,0,1,0,0,0,1,1,1,0,0,1,0,1,0,1,1,1,0,0,1,0,0,1,0,0,0,1,0,0,1,1,0,0,0,1,1,1,0,0,0,1,0,0,1,0,0,1,0,0,0,0,1,1,1,1,0,0,0,0,1,1,1,0,1,0,1,1,1,1,0,1,1,1,1,1,0,0
CHEMBL220_327,37,36,-1,-1,-1,2.16,2.9890466707631047,2.9098074072714257,7.001243447303386,0.11408595842918091,0.11836984884810078,1.76148267093553,4.0383135256945355,0.19654382782298374,0.09962486634453824,-0.2974400350669524,-0.9889206577842358,8.054054054054054,4.241588399790144,-0.17515989274422789,-0.7996090303921406,0.02153582153582154,0.06398543236178462,3.3983427793355423,10.493685090259723,0.8108108108108109,0.3916588309780929,-1.5871507864874157,0.5190476190476199,2.16,2.9890466707631047,2.9098074072714257,7.001243447303386,2.0,0.0,0,0,1.945945945945946,2.5568767470843925,3.4070707840528707,10.770974214287945,0.0,0.0,0,0,0.021210122399108633,0.0595049297975871,4.03857748866851,17.68281578549685,0.04,0.050821954617148425,2.93809262043147,7.090635547530068,0.04,0.051313148932549464,3.111910993919133,8.523009503827842,1.28,0.448998886412873,0.9799578870122222,-1.0396825396825407,0.9101163456523508,72.0,310.0,0.0,252.0,2790.0,32.0,0.0,0.0,0.0,800.0,1380.0,25224.0,0.0,0.0,0.0,0.0,154.0,0.0,0.0,0.0,12.0,0.0,0.0,0.0,0.0,0.0,0.0,0.0,0.0,0.0,24.0,1,1,0,1,1,1,0,0,0,1,1,1,0,0,0,0,1,0,0,0,1,0,0,0,0,0,0,0,0,0,1,6.64,2.151836425010042,4.44481084298863,18.497369387561143,2.16,0.6118823416311342,-0.103924789560406,-0.45266272189349044,0.0,0.0,0,0,3.16,0.6740919818541087,-0.20309010066275163,-0.8236956952985519,0.48,0.4995998398718719,0.08006407690254363,-1.9935897435897438,13.34788,4.5815553718797295,4.474334533143324,18.681625237484734,0.72,0.7756287771866126,0.529974959513827,-1.1547645993662297,351.8410000000001,75.74000000000001,3.5548600000000024,0,4,0,0,0,0,0,0,0,0,0,0,0,0,0,0,0,0,0,0,0,0,0,0,0,0,0,0,0,0,0,0,0,0,0,0,0,0,0,0,1,0,0,1,0,0,0,0,0,0,0,0,0,0,0,0,0,0,0,0,0,0,0,0,0,0,0,1,0,0,0,0,0,0,0,0,0,1,0,1,0,0,1,0,0,0,0,1,1,1,0,0,1,0,0,0,0,0,0,0,1,0,1,0,0,1,1,0,0,1,0,0,0,1,0,0,0,0,0,0,1,0,1,1,1,0,0,1,0,0,1,1,0,0,0,1,1,1,0,1,1,0,0,0,1,0,1,1,0,1,1,0,1,1,0,1,0,1,1,0,1,0,0,1,1,1,0,1,0,1
CHEMBL220_328,35,34,-1,-1,-1,2.1739130434782608,2.664617990616445,2.6259756036351742,5.496341529803654,0.11580510612423371,0.12312841250898815,1.5183340390334157,2.4551434594321595,0.18348227231417613,0.09202366380628148,-0.20776442455717997,-1.065095091734367,7.21047619047619,3.7994529383038143,-0.0921102270978612,-0.9127086832155755,0.02307104660045836,0.059269909675571074,3.1038703828210914,8.733001027755137,0.8,0.4,-1.5,0.24999999999999956,2.1739130434782608,2.664617990616445,2.6259756036351742,5.496341529803654,2.0,0.0,0,0,1.9428571428571428,2.279634772036422,3.0802829065772945,8.69511909848592,0.0,0.0,0,0,0.01896498474649735,0.04023510432746685,1.894031655930756,2.1197315200933993,0.043478260869565216,0.0487381878655866,2.677165518789094,5.742526951288456,0.043478260869565195,0.061509538842727744,2.7634057760738218,6.027942018213176,1.3043478260869565,0.4601306627938419,0.8504200642707606,-1.276785714285715,-0.09408061715884533,68.0,246.0,0.0,204.0,1788.0,32.0,0.0,0.0,0.0,664.0,864.0,13080.0,0.0,0.0,0.0,0.0,128.0,0.0,0.0,0.0,12.0,0.0,0.0,0.0,0.0,0.0,0.0,0.0,0.0,0.0,24.0,1,1,0,1,1,1,0,0,0,1,1,1,0,0,0,0,1,0,0,0,1,0,0,0,0,0,0,0,0,0,1,6.24,0.4270831300812524,1.2175615550562011,-0.5175438596491251,2.16,0.6118823416311342,-0.103924789560406,-0.45266272189349044,0.0,0.0,0,0,3.12,0.6523802572120037,-0.12585491705217758,-0.6824297586070442,0.48,0.4995998398718719,0.08006407690254363,-1.9935897435897438,12.49004,0.8524579276421802,1.2175615550561976,-0.51754385964913,0.8,0.8,0.3749999999999999,-1.34375,332.4110000000001,101.76,2.4836599999999995,0,4,0,0,0,0,0,0,0,0,0,0,0,0,0,0,0,0,0,0,0,0,0,0,0,0,0,0,0,0,0,0,0,0,0,0,0,0,0,0,1,0,0,1,0,0,0,0,0,0,0,0,0,0,0,1,0,0,0,0,0,0,0,0,0,0,0,1,0,0,0,0,0,0,0,0,0,1,0,1,0,0,1,0,0,0,1,1,1,0,0,0,1,0,0,0,0,0,0,0,1,0,1,0,0,0,1,0,0,0,0,0,0,1,0,0,0,0,0,0,1,0,1,1,1,0,0,1,0,0,1,1,0,1,0,1,0,1,0,1,1,0,0,0,1,0,1,1,0,1,1,0,1,1,0,1,0,1,1,0,1,0,0,1,1,1,0,1,0,1
CHEMBL220_329,39,39,-1,-1,-1,2.32,3.4143227732597277,3.193139848098158,8.993440995026246,0.10730121087022636,0.11885905849706559,1.9465471918221005,5.438268387901326,0.18946940890196584,0.10787876753962314,-0.20976714007759148,-1.2264224820120568,8.094017094017095,4.731696609972432,-0.1129843168887618,-0.9679950244018505,0.016486121749279645,0.05343295056471673,4.165233474762468,16.772452228009445,0.8205128205128205,0.3837597319768145,-1.6703827619526517,0.7901785714285703,2.32,3.4143227732597277,3.193139848098158,8.993440995026246,2.0,0.0,0,0,2.0,2.8374781146789574,3.899129374877209,14.833928354091444,0.0,0.0,0,0,0.04492245343309172,0.09947006150034456,2.8191030265374497,8.897897619695534,0.04,0.05415353643095821,3.238152817999599,9.25284171103056,0.03999999999999997,0.5832804333956768,3.1845569448986293,9.043550156473009,1.36,0.48,0.5833333333333327,-1.6597222222222228,0.1560891424166476,78.0,392.0,0.0,336.0,4416.0,88.0,0.0,0.0,0.0,1564.0,2062.0,51720.0,0.0,0.0,0.0,0.0,498.0,0.0,0.0,0.0,120.0,0.0,0.0,0.0,0.0,0.0,0.0,0.0,0.0,0.0,48.0,1,1,0,1,1,1,0,0,0,1,1,1,0,0,0,0,1,0,0,0,1,0,0,0,0,0,0,0,0,0,1,6.25,0.5088502445991074,1.931331725042034,2.8846611177170027,2.2857142857142856,0.524890659167824,0.18144368465060665,-0.5555555555555558,0.0,0.0,0,0,3.1785714285714284,0.5380899704756915,0.11403175838061312,0.009819713171223654,0.6785714285714286,0.46702488680792925,-0.7647191129018732,-1.415204678362573,12.509857142857145,1.0151739370418154,1.9295661286685593,2.8742534118911705,0.6785714285714286,0.758455735056975,0.6107887837440945,-1.0238986042349838,369.4280000000002,77.83,3.481980000000002,0,3,0,0,0,0,0,0,0,0,0,0,0,0,0,0,0,0,0,0,0,0,0,0,0,0,0,0,0,0,0,0,0,0,0,0,0,0,0,0,1,0,0,1,0,0,0,0,0,0,0,0,0,0,0,0,0,0,0,1,0,0,0,0,1,0,0,1,0,0,0,0,0,0,0,0,0,1,0,1,0,1,0,0,0,1,0,1,1,0,0,0,0,0,0,0,0,1,1,0,1,0,1,1,0,0,0,1,0,0,0,1,0,1,0,0,0,0,0,0,1,0,1,1,1,0,0,1,0,0,1,1,0,0,1,0,0,0,0,1,1,0,0,0,1,0,0,1,0,1,1,0,0,1,0,1,0,1,1,1,1,0,0,1,1,1,1,1,0,0
CHEMBL220_330,39,37,-1,-1,-1,2.16,3.170867389217026,3.2260357751594917,9.262927662060724,0.10645859014256559,0.11961435626998487,2.14156897266542,6.946303797575883,0.18045010896217564,0.10076955116776827,-0.19776586157293735,-1.1386359993221182,7.7948717948717965,4.501180841975518,-0.09644583484382757,-0.9040505728398966,0.017945070576649524,0.05713778991842826,3.878009430628873,14.558624102578712,0.8205128205128205,0.3837597319768145,-1.6703827619526517,0.7901785714285703,2.16,3.170867389217026,3.2260357751594917,9.262927662060724,2.0,0.0,0,0,1.8974358974358974,2.6389087856961244,3.8950829768071826,14.922062252991502,0.0,0.0,0,0,0.025130425130425127,0.08243017865952924,4.933495534400911,25.29090733300442,0.04,0.05402864926804492,3.2538627733979872,9.375002932365456,0.039999999999999994,0.03174690172838505,3.16642598929144,10.836544732925898,1.28,0.448998886412873,0.9799578870122222,-1.0396825396825407,-0.8343567916106147,74.0,338.0,0.0,218.0,3516.0,32.0,0.0,0.0,0.0,830.0,1246.0,37920.0,0.0,0.0,0.0,0.0,158.0,0.0,0.0,0.0,12.0,0.0,0.0,0.0,0.0,0.0,0.0,0.0,0.0,0.0,24.0,1,1,0,1,1,1,0,0,0,1,1,1,0,0,0,0,1,0,0,0,1,0,0,0,0,0,0,0,0,0,1,6.642857142857143,1.8938676547946935,4.305385596300021,18.3111719940349,2.2142857142857144,0.6738557951469003,0.4144710811710257,0.3592980684257028,0.0,0.0,0,0,3.357142857142857,0.610285981808395,-0.38479281269960786,-0.6669168699568377,0.42857142857142855,0.4948716593053935,0.28867513459481287,-1.9166666666666665,13.297285714285717,3.7969001534818116,4.311976494559737,18.35664770677405,0.8571428571428571,0.8329931278350429,0.27238010581457284,-1.506920415224914,396.5160000000002,77.3,2.869180000000001,0,4,0,0,0,0,0,0,0,0,0,0,0,0,0,0,0,0,0,0,0,0,0,0,0,0,0,0,0,0,0,0,0,0,1,1,0,0,0,0,0,0,0,1,0,0,0,0,0,1,0,0,0,1,0,0,0,1,0,0,1,1,1,1,1,0,1,1,0,1,0,0,0,0,0,1,0,1,0,0,0,1,1,1,0,1,0,1,1,0,1,0,0,0,0,0,1,1,1,0,1,0,1,0,1,0,0,0,1,0,0,0,0,1,1,0,0,0,0,1,1,0,1,1,1,0,1,1,0,0,1,1,1,0,0,1,0,0,1,1,1,0,0,0,1,0,0,1,0,1,1,0,0,0,0,1,0,0,1,0,1,1,0,1,1,1,1,1,0,0
CHEMBL220_331,37,34,-1,-1,-1,2.0,2.6832815729997477,2.9814239699997196,7.138888888888889,0.11762967305659149,0.1148489749350268,1.6701803064084357,3.7012881360725567,0.17788390338313534,0.08558996594924088,-0.33658730213463206,-0.8924146448010424,7.522522522522523,3.8487668478998227,-0.1665716072094223,-0.6948632079696231,0.025482625482625483,0.07789386791133338,3.12742917024963,8.086332593034548,0.8108108108108109,0.3916588309780929,-1.5871507864874157,0.5190476190476199,2.0,2.6832815729997477,2.9814239699997196,7.138888888888889,2.0,0.0,0,0,1.837837837837838,2.3076080222850335,3.4179493272332944,10.540953106741853,0.0,0.0,0,0,0.033364398881640264,0.16274680097914365,5.65906074062204,30.638725459717612,0.04000000000000001,0.049184190970063706,3.0036063026763355,7.251770326349179,0.039999999999999994,0.09819251552236855,-2.5118059723972315,5.258994183072627,1.16,0.36660605559646725,1.8548520670059347,1.4404761904761916,0.5923651427022416,68.0,254.0,0.0,104.0,2040.0,8.0,0.0,0.0,0.0,242.0,450.0,15960.0,0.0,0.0,0.0,0.0,18.0,0.0,0.0,0.0,0.0,0.0,0.0,0.0,0.0,0.0,0.0,0.0,0.0,0.0,0.0,1,1,0,1,1,1,0,0,0,1,1,1,0,0,0,0,1,0,0,0,0,0,0,0,0,0,0,0,0,0,0,6.482758620689655,2.010673067188035,4.924783635408486,22.816617647058823,2.206896551724138,0.5495647396727319,0.06373369989198636,-0.18615537231074297,0.0,0.0,0,0,3.0344827586206895,0.4137931034482758,0.23611111111111227,2.7604166666666696,0.8275862068965517,0.37773969483114894,-1.7344547654330267,1.0083333333333382,13.0258275862069,4.281528232390421,4.9457407738580095,22.963015356169887,0.6206896551724138,0.5517241379310344,0.12890625,-0.8669433593749982,395.89300000000003,49.57,6.043280000000005,0,5,0,0,0,0,0,0,0,0,0,0,0,0,0,0,0,0,0,0,0,0,0,0,0,0,0,0,0,0,0,0,0,0,0,0,0,0,0,0,0,0,0,1,0,0,0,0,0,0,0,0,0,0,0,0,0,0,0,0,0,0,0,0,1,0,0,1,0,0,0,0,0,0,0,0,0,0,0,0,0,0,0,0,0,0,0,0,0,1,0,0,0,0,0,0,0,0,0,0,1,0,0,0,0,1,0,0,0,1,0,0,0,0,0,0,0,0,0,0,0,0,1,1,0,0,0,1,0,0,0,0,0,0,0,0,1,0,0,1,0,0,0,0,1,0,1,1,0,0,0,0,1,0,0,0,0,1,0,0,0,0,0,1,1,1,0,1,0,0
CHEMBL220_332,39,37,-1,-1,-1,2.16,3.107153037750152,3.09896416413577,8.067580967820293,0.10767993030879455,0.11851606747491576,1.9632324915089479,5.5520795917441585,0.1756021972680517,0.09742301407439424,-0.1791243716154821,-1.1356586117951168,7.676068376068376,4.411657044203073,-0.09721911945723175,-0.9297569948500626,0.018893387314439947,0.058744904486002725,3.813844619226697,13.767959191121907,0.8205128205128205,0.3837597319768145,-1.6703827619526517,0.7901785714285703,2.16,3.107153037750152,3.09896416413577,8.067580967820293,2.0,0.0,0,0,1.8974358974358974,2.589870522403376,3.7440483536107267,13.203236573768212,0.0,0.0,0,0,0.041442187722137286,0.1592216694008177,5.586546055245191,30.687891132106884,0.039999999999999994,0.05274813115800877,3.095634754062687,7.951252246461079,0.04,0.05697553457252868,3.39698631219873,10.62201064913913,1.32,0.46647615158762407,0.7717436331412894,-1.4044117647058831,0.49059760691817395,74.0,328.0,0.0,194.0,3234.0,32.0,0.0,0.0,0.0,828.0,1050.0,32064.0,0.0,0.0,0.0,0.0,150.0,0.0,0.0,0.0,12.0,0.0,0.0,0.0,0.0,0.0,0.0,0.0,0.0,0.0,0.0,1,1,0,1,1,1,0,0,0,1,1,1,0,0,0,0,1,0,0,0,1,0,0,0,0,0,0,0,0,0,0,6.636363636363637,1.7721444263289028,4.479205489761237,20.663573407202207,2.1818181818181817,0.6721537276611768,0.3661658394442141,0.3163295657346823,0.0,0.0,0,0,2.909090909090909,0.37848472717566045,-0.9422925973914753,3.1286982248520747,0.7272727272727273,0.4453617714151233,-1.0206207261596576,-0.9583333333333335,13.283727272727273,3.5522980293404722,4.488364439218026,20.73155791096218,0.45454545454545453,0.49792959773196915,0.1825741858350553,-1.9666666666666663,453.4830000000001,128.76,4.4800600000000035,0,6,0,0,0,0,0,0,0,0,0,0,0,0,0,0,0,0,0,0,0,0,0,0,0,0,0,1,0,0,0,0,0,0,1,1,0,0,0,0,0,0,0,1,0,0,0,0,0,0,0,0,0,1,0,0,0,1,0,0,1,1,1,1,1,0,1,1,0,1,0,1,0,0,0,1,0,0,0,1,0,0,1,1,0,0,0,0,0,0,1,0,0,0,0,0,1,0,0,1,1,0,0,0,1,0,0,0,1,0,0,0,0,0,1,1,0,0,0,1,0,0,1,1,0,0,1,1,1,1,0,0,1,0,0,1,0,1,1,1,0,0,0,0,1,1,1,1,1,0,1,0,1,1,1,0,0,0,1,1,1,1,0,1,1,1,1,1,0,0
CHEMBL220_333,39,38,-1,-1,-1,2.24,3.3260186409579844,3.3054867357169395,9.915997892702022,0.10668628337584228,0.11941131680236648,2.1164928783895816,6.795056323340386,0.18634775790148003,0.10558346234240676,-0.19476826775279646,-1.1758490473998042,7.982905982905984,4.6508882942545196,-0.09846853851951377,-0.9172625862113812,0.016996753838859104,0.055192258544404724,4.175627303305514,17.15209815170709,0.8205128205128205,0.3837597319768145,-1.6703827619526517,0.7901785714285703,2.24,3.3260186409579844,3.3054867357169395,9.915997892702022,2.0,0.0,0,0,1.9487179487179487,2.7637647859834136,4.010399210475277,16.026758079343406,0.0,0.0,0,0,0.03385584923643513,0.08905620177323169,3.848562174209602,16.52694929204888,0.039999999999999994,0.05469828794409428,3.351736539900114,10.18554938175528,0.039999999999999994,0.043794623760689634,3.5122750001791188,12.097430310850752,1.32,0.46647615158762407,0.7717436331412894,-1.4044117647058827,0.6265737003200339,76.0,370.0,0.0,276.0,4146.0,56.0,0.0,0.0,0.0,1152.0,1670.0,48840.0,0.0,0.0,0.0,0.0,300.0,0.0,0.0,0.0,48.0,0.0,0.0,0.0,0.0,0.0,0.0,0.0,0.0,0.0,36.0,1,1,0,1,1,1,0,0,0,1,1,1,0,0,0,0,1,0,0,0,1,0,0,0,0,0,0,0,0,0,1,6.3478260869565215,0.5601782055097881,1.3606012227743554,0.8726230222093201,2.260869565217391,0.5289358721998452,0.1632881833370789,-0.3970051132213288,0.0,0.0,0,0,3.130434782608696,0.5360360002581719,0.10245563439837574,0.2278393351800534,0.6521739130434783,0.47628048478710094,-0.6390096504226939,-1.5916666666666668,12.705086956521741,1.1176029439226844,1.3588819201427247,0.8646181262298964,0.6086956521739131,0.7655137765938701,0.7947801409560534,-0.8586264308012499,306.32900000000006,90.72,1.7281799999999998,0,2,0,0,0,0,0,0,0,0,0,0,0,0,0,0,0,0,0,0,0,0,0,0,0,0,0,0,0,0,0,0,0,0,0,0,0,0,0,0,1,0,0,1,0,0,0,0,0,0,0,0,0,0,0,0,0,0,0,1,0,0,0,0,1,0,0,1,0,0,0,0,0,0,0,0,0,1,0,1,0,0,1,0,0,1,0,1,1,0,0,0,0,0,0,0,0,1,1,0,1,0,1,1,0,0,0,1,0,0,0,1,0,1,0,0,0,0,0,0,1,0,1,1,1,0,0,1,0,0,1,1,0,0,1,1,0,1,0,1,1,0,0,0,1,0,0,1,0,1,1,0,0,1,0,1,0,0,1,1,1,0,0,1,1,1,1,1,0,0
CHEMBL220_334,36,32,-1,-1,-1,2.0,2.5584085962673253,2.7360758598970003,5.708333333333332,0.11077572522311699,0.1245251640395236,1.5813955007278013,2.7143132199138593,0.15431140913695865,0.08285845422469258,-0.07363884355358019,-1.1168133607417745,6.35,3.616961073526699,0.03841835631344161,-0.9355408751192167,0.02119514472455649,0.05736046031061473,3.1586317495860077,9.168599313868723,0.8055555555555556,0.3957724124659724,-1.5440972939559132,0.3842364532019724,2.0,2.5584085962673253,2.7360758598970003,5.708333333333332,2.0,0.0,0,0,1.7777777777777777,2.122774797171422,3.288823079639441,9.665573278288619,0.0,0.0,0,0,0.005970336852689794,0.01714051047903892,2.5948491071560955,4.905435550264088,0.04545454545454545,0.052672452075747514,2.7344468155038717,5.702994954747481,0.04545454545454546,0.019270709070689555,0.27594557687155913,0.5843385126759912,1.1818181818181819,0.38569460791993493,1.6499158227686117,0.7222222222222232,0.26544914704784023,64.0,212.0,0.0,92.0,1500.0,8.0,0.0,0.0,0.0,342.0,360.0,10200.0,0.0,0.0,0.0,0.0,32.0,0.0,0.0,0.0,0.0,0.0,0.0,0.0,0.0,0.0,0.0,0.0,0.0,0.0,0.0,1,1,0,1,1,1,0,0,0,1,1,1,0,0,0,0,1,0,0,0,0,0,0,0,0,0,0,0,0,0,0,6.434782608695652,0.7117698062497784,2.039044494797585,4.547003787034967,2.1739130434782608,0.5635426694267706,0.016532501781653258,-0.1522108843537442,0.0,0.0,0,0,3.217391304347826,0.5865538070970452,-0.0855287673070505,-0.41039729501267885,0.5217391304347826,0.49952718665548074,-0.08703882797784883,-1.9924242424242424,12.92226086956522,1.582611551597997,2.4335642328435463,6.583189709302426,0.6956521739130435,0.7480282840906631,0.5608163112370742,-1.024926953981007,313.3400000000001,98.55,1.7898799999999997,0,4,0,0,0,0,0,0,0,0,0,0,0,0,0,0,0,0,0,0,0,0,0,0,0,0,0,1,0,0,0,0,0,0,0,0,0,0,0,0,1,0,0,1,1,0,0,0,0,0,0,0,0,0,0,1,0,0,0,0,0,0,0,0,0,0,0,1,0,0,0,0,0,0,0,0,0,0,0,1,0,1,1,0,1,0,0,0,1,1,0,0,1,1,0,0,0,0,0,0,1,0,1,0,0,0,1,0,1,1,0,0,0,1,0,0,0,0,0,0,1,0,1,1,0,0,0,1,0,0,1,1,0,1,0,1,1,1,0,1,1,0,0,0,1,0,0,1,0,1,0,0,0,1,0,1,0,0,1,0,1,0,0,1,1,1,0,1,0,0
CHEMBL220_335,36,36,-1,-1,-1,2.25,3.003470215156683,2.8961879744337375,6.858354356788931,0.11411347921298537,0.12147383109001433,1.6629488034568243,3.3867955201113835,0.19428055143574424,0.09965012636614916,-0.24056055954183236,-1.1037841182320007,7.7898148148148145,4.1508445477437,-0.13249395902437866,-0.8813352097236855,0.021568627450980395,0.06091922448410757,3.5216530363587144,11.220723966834555,0.8055555555555556,0.3957724124659724,-1.544097293955913,0.3842364532019724,2.25,3.003470215156683,2.8961879744337375,6.858354356788931,2.0,0.0,0,0,2.0,2.560381915956203,3.415803969462972,10.772766446423445,0.0,0.0,0,0,0.038084973830587864,0.09317449979062913,3.543091885658411,14.052818065836128,0.041666666666666664,0.05065353141769962,2.9198520291264303,6.938896559001558,0.041666666666666664,0.07971634682091625,-2.099494890553197,3.9506771364900946,1.3333333333333333,0.4714045207910317,0.7071067811865479,-1.4999999999999998,-0.08729316302899527,72.0,308.0,0.0,270.0,2772.0,56.0,0.0,0.0,0.0,1032.0,1378.0,25200.0,0.0,0.0,0.0,0.0,270.0,0.0,0.0,0.0,48.0,0.0,0.0,0.0,0.0,0.0,0.0,0.0,0.0,0.0,36.0,1,1,0,1,1,1,0,0,0,1,1,1,0,0,0,0,1,0,0,0,1,0,0,0,0,0,0,0,0,0,1,6.625,2.0168560517134915,4.175277998620383,16.468898831236753,2.25,0.5204164998665332,0.2217159052685822,-0.3195266272189343,0.0,0.0,0,0,2.9583333333333335,0.35108957388234824,-0.6050914933326421,4.854989089466382,0.8333333333333334,0.37267799624996495,-1.7888543819998324,1.200000000000001,13.262333333333336,4.044127869173058,4.17924618528921,16.494471272316556,0.5416666666666666,0.5758447900452189,0.49172766370134224,-0.7106713083522931,331.40000000000003,50.84,4.537680000000003,0,4,0,0,0,0,0,0,0,0,0,0,0,0,0,0,0,0,0,0,0,0,0,0,0,0,0,0,0,0,0,0,0,0,0,0,0,0,1,0,0,0,0,1,0,0,0,0,0,1,0,0,0,0,0,0,0,0,0,0,0,0,0,0,1,0,0,1,0,0,0,0,0,0,0,0,0,1,0,1,0,1,0,1,0,1,0,1,0,0,1,0,0,0,0,0,0,0,1,1,0,0,0,1,0,0,0,1,0,0,0,1,0,0,0,1,0,0,0,0,0,0,1,1,1,0,0,1,1,1,0,0,0,0,0,1,0,1,0,1,0,0,0,0,1,1,1,1,0,0,1,0,1,0,1,1,0,1,1,1,1,0,0,1,1,1,1,1,0,0
CHEMBL220_336,38,40,-1,-1,-1,2.5,3.6170890690351176,3.1855154168775335,9.04710130228407,0.10882291916245905,0.1203052855806639,1.7997465111829507,4.574841695264169,0.19727412739045638,0.11465657211210303,-0.19889435605126526,-1.2594051229623084,8.078947368421053,4.798534261179079,-0.09432320095739163,-0.9872103964107537,0.014659396238343605,0.049580224057912535,4.523644779042791,20.174917865751176,0.8157894736842105,0.3876557858593746,-1.6292261599251139,0.6543778801843323,2.5,3.6170890690351176,3.1855154168775335,9.04710130228407,2.0,0.0,0,0,2.1052631578947367,2.9893624886658787,3.9411125992416656,15.31719437813273,0.0,0.0,0,0,0.08020253269618567,0.138683770249073,1.440915252042995,0.7050293780616208,0.04166666666666665,0.055507178023693905,3.256648686501817,9.516531361621135,0.04166666666666668,0.20341823959054636,-2.843514602350442,7.075624094212262,1.4583333333333333,0.49826086429589156,0.1672484020014186,-1.9720279720279719,0.9111829877674575,80.0,428.0,0.0,454.0,5136.0,176.0,0.0,0.0,0.0,2276.0,2934.0,65160.0,0.0,0.0,0.0,0.0,1052.0,0.0,0.0,0.0,420.0,0.0,0.0,0.0,0.0,0.0,0.0,0.0,0.0,0.0,72.0,1,1,0,1,1,1,0,0,0,1,1,1,0,0,0,0,1,0,0,0,1,0,0,0,0,0,0,0,0,0,1,6.361111111111111,0.6730023021992066,1.6075225304180523,1.082378275468776,2.2222222222222223,0.6712803318663652,-0.2947637411460493,-0.8168511915931691,0.0,0.0,0,0,3.1666666666666665,0.3726779962499649,1.7888543819998328,1.2000000000000037,0.5833333333333334,0.4930066485916347,-0.338061701891407,-1.8857142857142852,12.731333333333335,1.34223044055615,1.6065140300720893,1.0785485431327162,0.75,0.7216878364870323,0.4156921938165305,-1.0080000000000002,485.5440000000003,147.69,3.7389700000000037,0,5,0,0,0,0,0,0,0,0,0,0,0,0,0,0,0,0,0,0,0,0,0,0,0,0,0,0,0,0,0,0,0,0,0,0,0,0,0,1,1,0,0,0,0,1,0,0,0,0,0,0,0,0,0,1,0,0,0,1,0,0,0,0,1,0,0,1,0,0,0,0,0,0,0,0,0,1,0,1,1,0,0,0,1,1,1,1,1,0,0,0,1,1,0,0,0,1,1,1,1,0,1,1,0,0,0,1,1,0,0,1,1,1,0,1,0,0,0,1,1,1,1,1,1,0,0,1,0,1,1,1,0,1,1,0,0,0,0,1,1,1,1,0,1,1,1,1,1,1,1,0,1,1,1,1,1,1,1,1,1,1,0,1,1,1,1,1,0,0
CHEMBL220_337,37,35,-1,-1,-1,2.1739130434782608,2.9288990944520505,2.78764622785817,6.1113291200830755,0.10819758908814392,0.123775234770693,1.6339299923838633,2.8997356955715903,0.17208163617414737,0.09621507428069727,-0.12930714086304604,-1.230379656644987,7.063063063063064,4.1152870634551935,-0.014446768696564333,-1.0158452163571783,0.018146718146718147,0.05139013311160928,3.3843766487071227,10.39236482515317,0.8108108108108109,0.3916588309780929,-1.5871507864874157,0.5190476190476199,2.1739130434782608,2.9288990944520505,2.78764622785817,6.1113291200830755,2.0,0.0,0,0,1.8918918918918919,2.4249133033684274,3.412943457037198,10.626835353574327,0.0,0.0,0,0,0.022486036423318652,0.052906872638467946,2.052230937145407,2.4466062537045463,0.0434782608695652,0.05316314279420775,2.803740161143431,6.180668637936503,0.0434782608695652,0.04253614295808865,2.5699869226940075,5.415428282822427,1.2608695652173914,0.43910891036356847,1.0891622972743424,-0.8137254901960773,0.18854793377379736,70.0,280.0,0.0,214.0,2376.0,48.0,0.0,0.0,0.0,910.0,1044.0,19920.0,0.0,0.0,0.0,0.0,234.0,0.0,0.0,0.0,48.0,0.0,0.0,0.0,0.0,0.0,0.0,0.0,0.0,0.0,0.0,1,1,0,1,1,1,0,0,0,1,1,1,0,0,0,0,1,0,0,0,1,0,0,0,0,0,0,0,0,0,0,8.176470588235293,6.740878753306723,3.685321748280403,11.755140057759778,2.1176470588235294,0.7578881603955956,-0.19918079756078194,-1.2385687327623742,0.0,0.0,0,0,3.1176470588235294,0.32218973970892123,2.37346441585572,3.6333333333333337,0.35294117647058826,0.4778846120374094,0.6154574548966635,-1.6212121212121213,16.943529411764708,15.799472091395394,3.7030010455210256,11.839677733087532,0.5294117647058824,0.6056253024110001,0.6817327184847213,-0.4957280170879321,297.112,96.25,0.6868999999999996,0,1,0,0,0,0,0,0,0,0,0,0,0,0,0,0,0,0,0,0,0,0,0,0,0,0,0,0,0,0,0,0,0,0,0,0,0,0,0,0,0,0,0,0,0,0,0,1,1,0,0,0,0,0,1,1,1,0,0,0,0,0,0,0,0,0,0,0,0,0,1,1,0,0,0,0,0,0,1,0,0,1,1,0,0,0,1,0,0,1,0,0,0,0,1,0,1,1,0,1,1,1,0,1,0,0,0,1,0,1,0,0,1,0,0,0,0,0,0,1,0,0,1,1,0,0,1,0,0,1,0,0,0,1,0,0,1,1,1,1,0,0,0,0,1,1,1,1,0,0,0,0,1,1,0,0,1,0,1,0,1,1,0,1,1,1,1,1,0,0
CHEMBL220_338,38,34,-1,-1,-1,2.0,2.753785273643051,2.9809118696940358,7.226301171356118,0.10740939628047065,0.12156895600583656,1.8667954213755709,4.737134719401433,0.16142632246240862,0.08744899898498783,-0.1351720056833712,-1.1017207383796443,6.980701754385966,3.9779684313571564,-0.024619065053907797,-0.8979735332938659,0.02121858700806069,0.060590328504057975,3.4050657796170936,11.068899897436971,0.8157894736842105,0.3876557858593746,-1.6292261599251139,0.6543778801843323,2.0,2.753785273643051,2.9809118696940358,7.226301171356118,2.0,0.0,0,0,1.7894736842105263,2.295967801177604,3.5590423968244544,11.70803573968033,0.0,0.0,0,0,0.005140439139644778,0.015366419269751479,2.7713394163172484,5.952276535260383,0.04166666666666666,0.05201289822881746,2.971709804467212,7.157339975421587,0.041666666666666664,0.0387474577887004,-1.3974001277881944,2.1036715103526555,1.1666666666666667,0.3726779962499649,1.7888543819998315,1.1999999999999993,-1.4512551979899684,68.0,254.0,0.0,104.0,2100.0,8.0,0.0,0.0,0.0,418.0,474.0,17040.0,0.0,0.0,0.0,0.0,36.0,0.0,0.0,0.0,0.0,0.0,0.0,0.0,0.0,0.0,0.0,0.0,0.0,0.0,0.0,1,1,0,1,1,1,0,0,0,1,1,1,0,0,0,0,1,0,0,0,0,0,0,0,0,0,0,0,0,0,0,6.666666666666667,1.7865942997555966,4.333729283035579,19.62173529883032,2.1818181818181817,0.7158188976374373,0.21303247109709447,-0.14516129032258052,0.0,0.0,0,0,3.393939393939394,0.4886216817150636,0.4341215710622291,-1.8115384615384618,0.36363636363636365,0.48104569292083466,0.5669467095138407,-1.6785714285714284,13.344090909090909,3.580885453082684,4.344109481830954,19.698101050059734,0.9090909090909091,0.8298826628866153,0.17088943794161174,-1.5278400000000003,470.5950000000003,104.01999999999998,1.530600000000001,0,5,0,0,0,0,0,0,0,0,0,0,0,0,0,0,0,0,0,0,0,0,0,0,0,0,0,0,0,0,0,0,0,0,1,1,0,0,0,0,0,0,0,0,0,0,0,0,0,0,0,0,0,1,0,0,0,1,0,0,1,1,1,1,0,0,1,0,0,1,0,1,0,0,0,1,0,1,0,0,0,1,0,1,0,0,1,1,1,0,1,0,0,0,1,0,1,0,0,0,1,0,1,0,1,0,0,0,1,0,0,0,1,1,1,0,0,0,0,1,1,0,1,1,1,0,1,1,0,0,1,1,1,0,0,0,0,0,1,1,1,0,1,0,1,0,0,1,1,1,1,0,0,1,0,1,1,1,1,0,1,1,0,1,1,1,1,1,0,0
CHEMBL220_339,38,36,-1,-1,-1,2.1666666666666665,3.0641293851417064,3.0577460057636747,8.062874199082664,0.10821108692876515,0.12085590651424304,1.973461958207343,5.708892586975882,0.17681791313057219,0.09872576640847873,-0.16794854836709244,-1.1585120599538115,7.451754385964913,4.312645945447511,-0.06801790488061679,-0.9392055429096904,0.017899478425794212,0.05555436115374761,3.735027818089173,13.270965871458152,0.8157894736842105,0.3876557858593746,-1.6292261599251139,0.6543778801843323,2.1666666666666665,3.0641293851417064,3.0577460057636747,8.062874199082664,2.0,0.0,0,0,1.894736842105263,2.542165194891226,3.712297301863634,13.32022791572636,0.0,0.0,0,0,0.026399299478537797,0.08380207939279032,4.784208888002656,23.899169697426608,0.041666666666666664,0.05419253004922419,3.08405275475438,8.148707319807354,0.04166666666666668,0.018765836415577924,1.0541677600470174,1.1904446171554284,1.2916666666666667,0.45452967144315476,0.9166984970282107,-1.159663865546219,-0.6621554385672037,72.0,310.0,0.0,208.0,2970.0,32.0,0.0,0.0,0.0,772.0,1114.0,29184.0,0.0,0.0,0.0,0.0,150.0,0.0,0.0,0.0,12.0,0.0,0.0,0.0,0.0,0.0,0.0,0.0,0.0,0.0,24.0,1,1,0,1,1,1,0,0,0,1,1,1,0,0,0,0,1,0,0,0,1,0,0,0,0,0,0,0,0,0,1,7.0,2.160246899469287,3.4009717950828415,11.383381924198249,2.0952380952380953,0.8109231602822096,0.3604317209435073,-0.38917954815695577,0.0,0.3086066999241838,0.0,7.500000000000002,3.0952380952380953,0.2935435239509036,2.7577641592229627,5.605263157894736,0.5714285714285714,0.4948716593053935,-0.2886751345948126,-1.916666666666667,14.010809523809527,4.330554562739243,3.409134706279134,11.42828299022698,0.5238095238095238,0.5870870479018072,0.6136665601986083,-0.5791204986149578,305.315,115.66000000000003,1.9928000000000001,0,4,0,0,0,0,0,0,0,0,0,0,0,0,0,0,0,0,0,0,0,0,0,0,0,0,1,0,0,0,0,0,0,0,1,1,0,0,0,0,0,0,0,0,0,0,0,0,0,0,0,1,0,1,0,0,0,1,1,0,1,1,1,1,0,1,1,0,0,1,0,1,1,1,0,1,0,0,0,0,1,0,0,1,0,0,1,0,0,0,1,0,0,0,0,0,1,0,0,0,0,0,0,0,1,0,0,0,1,0,0,0,0,0,1,0,0,0,0,1,0,1,0,0,1,0,1,1,0,0,0,0,1,0,0,1,0,1,1,0,0,0,1,0,1,0,0,1,1,0,1,0,0,1,0,0,0,0,1,0,1,1,0,1,1,1,1,1,0,0
CHEMBL220_340,39,37,-1,-1,-1,2.074074074074074,2.9929042741980623,3.11981365172675,8.071420396849037,0.11286242909922468,0.11359180313230412,1.8104891175352391,4.274641233234162,0.19241375222037652,0.09521890457497226,-0.3638863946045291,-0.8755810866274012,8.435897435897438,4.3608781664526015,-0.2329799613599233,-0.6976398862768867,0.023452602399970823,0.07142278638683114,3.4283821346650716,10.785757050336628,0.8205128205128205,0.3837597319768145,-1.6703827619526517,0.7901785714285703,2.074074074074074,2.9929042741980623,3.11981365172675,8.071420396849037,2.0,0.0,0,0,1.8974358974358974,2.5799510211497982,3.5983457158822647,11.887885673983966,0.0,0.0,0,0,0.019198398476844358,0.08015476108262803,5.54356802459986,30.215819479673605,0.03703703703703703,0.048985660728347646,3.154452213857522,8.260868658742591,0.037037037037037035,0.07187829614846987,-2.430621739526616,5.385307341614132,1.2222222222222223,0.41573970964154905,1.336306209562121,-0.21428571428571663,-0.23386336315505898,74.0,326.0,0.0,190.0,3102.0,16.0,0.0,0.0,0.0,604.0,1016.0,29160.0,0.0,0.0,0.0,0.0,66.0,0.0,0.0,0.0,0.0,0.0,0.0,0.0,0.0,0.0,0.0,0.0,0.0,0.0,12.0,1,1,0,1,1,1,0,0,0,1,1,1,0,0,0,0,1,0,0,0,0,0,0,0,0,0,0,0,0,0,1,7.318181818181818,2.8346294232125206,2.549573975499054,5.029775154864806,2.1818181818181817,0.8331955809010617,0.12079918923778218,-0.7525510204081627,0.0,0.0,0,0,3.1363636363636362,0.3431742925123068,2.1192517713040706,2.4912280701754437,0.7272727272727273,0.44536177141512334,-1.0206207261596572,-0.9583333333333344,14.650272727272734,5.68452452782447,2.5526491266694777,5.041213809883249,0.5,0.5838742081211422,0.6850790708621403,-0.5066666666666664,333.39400000000006,95.05000000000001,1.3218,0,2,0,0,0,0,0,0,0,0,0,0,0,0,0,0,0,0,0,0,0,0,0,0,0,0,0,0,0,0,0,0,0,0,1,1,0,0,0,0,0,0,0,0,0,0,0,0,0,1,0,0,0,1,0,0,0,1,0,0,1,1,1,1,1,0,1,1,0,1,0,1,0,0,0,1,0,1,0,1,0,0,1,1,0,0,1,1,0,0,1,0,0,0,1,0,1,0,0,1,1,0,0,1,1,0,0,1,1,0,0,0,1,0,1,1,0,0,0,1,0,0,1,1,1,0,1,1,0,1,0,0,1,1,0,1,0,1,1,1,0,0,0,0,1,1,1,1,1,0,1,0,1,1,0,0,1,0,1,0,1,1,0,1,1,1,1,1,0,0
CHEMBL220_341,38,37,-1,-1,-1,2.1538461538461537,3.034320449740926,3.0334694840845686,7.557910831940056,0.11280921586417669,0.11657559903253253,1.7460211404687143,3.801204614430839,0.19437326964622592,0.09791249141362439,-0.3098168854586224,-0.9759548451477609,8.271929824561406,4.335175224716244,-0.1983047131272058,-0.7861290666340666,0.022641062114746324,0.06656523550421654,3.5164301063722982,11.285019895352903,0.8157894736842105,0.3876557858593746,-1.6292261599251143,0.6543778801843323,2.1538461538461537,3.034320449740926,3.0334694840845686,7.557910831940056,2.0,0.0,0,0,1.9473684210526316,2.605130246476754,3.531633480189284,11.423745439400244,0.0,0.0,0,0,0.02551571235781762,0.08322764623394435,4.901550460654736,24.843119148387217,0.03846153846153847,0.04949964326588432,3.0557416473078503,7.634409541060908,0.038461538461538464,0.05747503255957013,-2.051935738655549,4.014574714010955,1.2692307692307692,0.4435600997950306,1.0405319634289447,-0.917293233082705,0.09967701457293891,74.0,328.0,0.0,236.0,3102.0,32.0,0.0,0.0,0.0,870.0,1258.0,29160.0,0.0,0.0,0.0,0.0,154.0,0.0,0.0,0.0,12.0,0.0,0.0,0.0,0.0,0.0,0.0,0.0,0.0,0.0,24.0,1,1,0,1,1,1,0,0,0,1,1,1,0,0,0,0,1,0,0,0,1,0,0,0,0,0,0,0,0,0,1,7.138888888888889,2.7502805693013475,2.7392138011058895,6.002039276053878,2.1666666666666665,0.6871842709362768,0.28533602945451,0.10380622837370312,0.0,0.0,0,0,3.1666666666666665,0.3726779962499649,1.7888543819998333,1.2000000000000064,0.6111111111111112,0.4874980215217845,-0.45584230583855223,-1.7922077922077917,14.291777777777778,5.515201039506433,2.742049385915834,6.013672195342142,0.6944444444444444,0.699977953797453,0.5018280783279006,-0.873532147064294,539.7040000000003,118.35999999999999,4.503800000000004,0,10,0,0,0,0,0,0,0,0,0,0,0,0,0,0,0,0,0,0,0,0,0,0,0,0,0,0,0,0,0,0,0,0,1,1,0,0,1,0,0,0,0,0,0,0,0,0,0,0,0,0,0,1,0,0,0,1,0,0,1,1,1,1,1,0,1,0,0,1,0,1,0,0,0,1,0,0,0,0,0,0,0,1,1,1,1,0,0,0,1,0,1,0,1,0,1,0,1,0,0,0,1,0,1,0,1,0,1,0,0,0,1,1,1,0,0,0,0,1,1,0,1,0,0,0,1,1,0,0,1,1,1,1,1,0,0,0,1,1,1,0,1,0,1,0,1,1,1,1,1,0,1,1,0,1,1,1,1,0,1,1,0,1,1,1,1,1,0,0
CHEMBL220_342,34,32,-1,-1,-1,2.090909090909091,2.592104987160591,2.546374345851726,4.91577365958162,0.12026736449071229,0.12226007420388926,1.477236239820186,2.300555196189187,0.1833416951264181,0.09151671466832954,-0.1888078746851851,-0.9748934112183303,6.931372549019608,3.631317494183092,-0.06618199964407198,-0.8404119656010947,0.022114527629233514,0.06254602526662524,2.9734092927777986,7.489531723009785,0.7941176470588235,0.40434491426080943,-1.454785934906616,0.11640211640211628,2.090909090909091,2.592104987160591,2.546374345851726,4.91577365958162,2.0,0.0,0,0,1.8823529411764706,2.2064705098248294,2.9911569776117433,7.937525288573884,0.0,0.0,0,0,0.018079843138183848,0.059434844478447026,4.492444339137353,20.472638462011364,0.045454545454545456,0.051835744513724975,2.5974483210660275,5.1300205825170195,0.04545454545454544,0.05511321142296748,2.6307358152256812,5.335623971450003,1.2727272727272727,0.44536177141512334,1.020620726159657,-0.9583333333333353,1.4458493601313185,64.0,222.0,0.0,170.0,1524.0,16.0,0.0,0.0,0.0,388.0,762.0,10224.0,0.0,0.0,0.0,0.0,56.0,0.0,0.0,0.0,0.0,0.0,0.0,0.0,0.0,0.0,0.0,0.0,0.0,0.0,12.0,1,1,0,1,1,1,0,0,0,1,1,1,0,0,0,0,1,0,0,0,0,0,0,0,0,0,0,0,0,0,1,6.25,0.5590169943749475,2.146625258399798,3.4400000000000004,2.25,0.6614378277661477,-0.3239695482936233,-0.7755102040816326,0.0,0.0,0,0,3.25,0.4330127018922193,1.1547005383792515,-0.6666666666666665,0.625,0.4841229182759271,-0.5163977794943223,-1.7333333333333334,12.50975,1.1150154427181718,2.1452268063942146,3.432495202933012,0.875,0.8569568250501305,0.24207381567735692,-1.5961973743775464,214.26799999999994,59.14,2.4014000000000006,0,0,0,0,0,0,0,0,0,0,0,0,0,0,0,0,0,0,0,0,0,0,0,0,0,0,0,0,0,0,0,0,0,0,0,0,0,0,0,0,0,0,0,0,0,0,0,0,0,0,0,0,0,0,0,0,0,0,0,0,0,0,0,0,0,0,0,1,0,0,0,0,0,0,0,0,0,0,0,0,0,0,1,0,0,0,1,0,0,0,0,0,1,1,0,0,0,0,0,0,1,0,0,1,0,0,0,1,0,0,0,0,0,1,0,1,0,0,0,0,1,0,0,1,0,0,0,1,0,1,1,1,0,1,0,1,0,1,0,1,0,1,0,0,1,1,1,1,0,1,0,0,0,1,1,0,0,0,1,1,1,0,0,1,1,1,1,1,0,1
CHEMBL220_343,35,33,-1,-1,-1,2.0869565217391304,2.796162641880613,2.774482793719823,5.994895740191328,0.1157792038185701,0.12315276909012883,1.584480077104934,2.721754452672288,0.18628268910067633,0.09425393946692544,-0.19023624979484033,-1.0416054804375208,7.272380952380952,3.8482833584932696,-0.07169253439536077,-0.8469276959148964,0.02245989304812834,0.06288781313381077,3.293420092202942,9.78472523017833,0.8,0.4,-1.5000000000000002,0.2500000000000009,2.0869565217391304,2.796162641880613,2.774482793719823,5.994895740191328,2.0,0.0,0,0,1.8857142857142857,2.3757276006842747,3.255391269246529,9.478543616440975,0.0,0.0,0,0,0.011993276270991836,0.030741071142631995,2.391822604431782,4.242796209951388,0.0434782608695652,0.0529248829252845,2.7872118030688724,6.045372676182062,0.04347826086956521,0.048147658467286907,-1.4045645385125367,1.9561377642883393,1.2173913043478262,0.4124709991523974,1.3703203194062967,-0.12222222222222534,-0.005236035010200011,66.0,256.0,0.0,180.0,2046.0,24.0,0.0,0.0,0.0,604.0,850.0,15960.0,0.0,0.0,0.0,0.0,112.0,0.0,0.0,0.0,12.0,0.0,0.0,0.0,0.0,0.0,0.0,0.0,0.0,0.0,0.0,1,1,0,1,1,1,0,0,0,1,1,1,0,0,0,0,1,0,0,0,1,0,0,0,0,0,0,0,0,0,0,6.2,0.4898979485566356,2.4494897427831774,5.166666666666664,2.24,0.5122499389946279,0.27711319944868396,-0.23706127305175517,0.0,0.0,0,0,3.36,0.48000000000000004,0.583333333333334,-1.6597222222222219,0.6,0.4898979485566356,-0.40824829046386296,-1.833333333333333,12.410040000000002,0.9772485653097683,2.447771665129249,5.155444980913371,1.0,0.8,0.0,-1.4375,335.45100000000014,55.29,4.254800000000004,0,5,0,0,0,0,0,0,0,0,0,0,0,0,0,0,0,0,0,0,0,0,0,0,0,0,0,0,0,0,0,0,0,0,0,0,0,0,0,0,0,0,0,0,0,0,0,0,0,0,0,0,0,0,0,0,0,0,0,1,0,0,0,0,0,0,0,1,0,0,0,0,0,1,0,0,0,1,0,0,0,0,0,0,0,1,1,1,1,0,0,0,0,0,0,0,1,0,1,1,1,0,1,1,1,0,0,1,0,0,0,0,0,1,0,0,0,0,0,0,1,0,1,1,1,0,1,1,0,0,1,1,0,0,0,1,0,1,0,1,1,0,0,0,1,0,0,1,0,1,1,0,0,1,1,1,0,1,1,0,1,0,0,1,1,1,1,1,0,1
CHEMBL220_344,36,32,-1,-1,-1,2.0,2.5584085962673253,2.7360758598970003,5.708333333333332,0.11077572522311699,0.1245251640395236,1.5813955007278018,2.714313219913862,0.15431140913695862,0.08285845422469258,-0.07363884355357915,-1.1168133607417745,6.349999999999999,3.6169610735266984,0.03841835631344247,-0.9355408751192158,0.021195144724556494,0.05736046031061473,3.1586317495860077,9.168599313868723,0.8055555555555556,0.3957724124659724,-1.5440972939559132,0.3842364532019724,2.0,2.5584085962673253,2.7360758598970003,5.708333333333332,2.0,0.0,0,0,1.7777777777777777,2.122774797171422,3.2888230796394398,9.665573278288612,0.0,0.0,0,0,0.005970336852689794,0.01714051047903892,2.5948491071560955,4.90543555026409,0.045454545454545456,0.052672452075747514,2.7344468155038713,5.70299495474748,0.04545454545454546,0.01889754810235664,0.351636839210332,2.2816379337872634,1.1818181818181819,0.38569460791993493,1.6499158227686117,0.7222222222222232,-0.8830660937776381,64.0,212.0,0.0,92.0,1500.0,8.0,0.0,0.0,0.0,342.0,360.0,10200.0,0.0,0.0,0.0,0.0,32.0,0.0,0.0,0.0,0.0,0.0,0.0,0.0,0.0,0.0,0.0,0.0,0.0,0.0,0.0,1,1,0,1,1,1,0,0,0,1,1,1,0,0,0,0,1,0,0,0,0,0,0,0,0,0,0,0,0,0,0,7.0,2.815771906346718,3.1674862934798718,8.375213050888727,2.142857142857143,0.6388765649999399,-0.13416407864998708,-0.6099999999999999,0.0,0.0,0,0,3.3214285714285716,0.46702488680792936,0.7647191129018711,-1.4152046783625754,0.42857142857142855,0.4948716593053935,0.28867513459481287,-1.9166666666666665,14.113000000000003,5.99755790777737,3.1864207224356473,8.46025060299917,0.8571428571428571,0.7889543583705185,0.2582495051048889,-1.3515184090298302,419.3560000000001,61.60000000000001,3.6838000000000024,0,6,0,0,0,0,0,0,0,0,0,0,0,0,0,0,0,0,0,0,0,0,0,0,0,0,0,0,0,0,0,0,0,0,0,0,0,0,0,0,0,0,0,0,0,0,0,0,0,0,0,0,0,0,0,1,0,0,0,0,0,0,0,0,1,0,0,0,0,0,0,0,0,0,0,0,0,1,0,0,0,1,1,0,1,0,1,1,1,1,0,0,0,1,1,0,0,0,0,1,1,1,1,0,0,1,0,0,0,1,0,0,1,1,0,0,0,0,0,1,1,0,1,1,1,0,0,1,0,0,1,1,0,1,0,1,1,1,0,1,1,0,0,0,1,0,1,1,0,1,1,0,1,1,0,1,1,1,1,0,1,0,0,1,1,1,1,1,0,0
CHEMBL220_345,36,34,-1,-1,-1,2.0833333333333335,2.7525240941522906,2.898153743646184,6.888586812693806,0.11265079077159809,0.12283149887675962,1.7214755537205289,3.648077763267783,0.18585266070874637,0.09379143298762631,-0.2061785634847253,-1.010438326557718,7.473148148148149,3.945534430342117,-0.08437016879027331,-0.8195414033352,0.023342670401493928,0.06330370395845214,3.2992962361890332,10.17448336796504,0.8055555555555556,0.39577241246597245,-1.5440972939559128,0.38423645320197064,2.0833333333333335,2.7525240941522906,2.898153743646184,6.888586812693806,2.0,0.0,0,0,1.8888888888888888,2.354402233379677,3.3640982720522197,10.46228441327176,0.0,0.0,0,0,0.011689545022878355,0.03067073638718737,2.4711740863887575,4.596822411404057,0.04166666666666666,0.049715440940087584,2.9092406473356065,6.943621497658572,0.04166666666666668,0.064601004717473,-1.7927242400032062,3.1320384515850694,1.2083333333333333,0.40611643103370687,1.4363696929192162,0.06315789473684186,0.5370424073277045,68.0,260.0,0.0,186.0,2106.0,24.0,0.0,0.0,0.0,638.0,880.0,17040.0,0.0,0.0,0.0,0.0,112.0,0.0,0.0,0.0,12.0,0.0,0.0,0.0,0.0,0.0,0.0,0.0,0.0,0.0,0.0,1,1,0,1,1,1,0,0,0,1,1,1,0,0,0,0,1,0,0,0,1,0,0,0,0,0,0,0,0,0,0,6.228571428571429,0.5390846361175203,2.2992425925306477,4.168381517485161,2.1714285714285713,0.5598833697790121,0.029502317865553594,-0.11824544270833348,0.0,0.0,0,0,3.057142857142857,0.23211538298959886,3.8158362203593166,12.56060606060607,0.6857142857142857,0.4642307659791977,-0.8000946913656627,-1.359848484848484,12.467,1.0752619880090357,2.29781318972173,4.160199712171438,0.7428571428571429,0.5525451315946776,-0.027375230646795316,-0.41255111670336575,462.55300000000017,97.11,5.280700000000004,1,8,0,0,0,0,0,0,0,0,0,0,0,0,0,0,0,0,0,0,0,0,0,0,0,0,0,0,0,0,0,0,0,0,0,0,0,0,0,0,0,0,0,0,0,0,0,0,0,0,0,0,0,0,0,0,1,0,0,0,0,0,0,0,0,0,0,1,0,0,0,0,0,0,0,0,0,0,0,0,0,1,0,0,0,0,1,0,0,0,0,0,1,0,1,0,0,0,0,0,1,1,0,0,0,0,0,0,0,0,0,0,1,0,0,0,0,0,0,1,0,0,0,1,0,0,0,1,0,0,0,0,0,1,0,1,0,1,1,1,0,0,0,0,1,0,1,1,0,0,0,0,1,1,0,0,1,1,1,0,1,1,0,1,1,1,1,1,0,0
CHEMBL220_346,39,36,-1,-1,-1,2.08,2.965400478856102,2.9593269382069507,7.032254899156511,0.11071819471622224,0.11568278609977517,1.6932721942066007,3.55975927720373,0.1729109331557677,0.09410093180200045,-0.23330560552963386,-1.0967627350830003,7.555555555555556,4.2930961163253265,-0.11818103917212223,-0.9220622838091406,0.019185177079913924,0.06027797238784467,3.408213066926956,10.465336317160219,0.8205128205128205,0.3837597319768145,-1.6703827619526517,0.7901785714285703,2.08,2.965400478856102,2.9593269382069507,7.032254899156511,2.0,0.0,0,0,1.8461538461538463,2.4759195291432428,3.5620201769348725,11.585009168020752,0.0,0.0,0,0,0.01956030081030081,0.08021136805755189,5.51881992916487,30.022633320613004,0.039999999999999994,0.05256765983335074,2.9946135337752517,7.185537531206515,0.04,0.06101210458300696,2.9783976813772988,7.1281509569766275,1.24,0.4270831300812524,1.2175615550562024,-0.5175438596491229,0.0655397905056731,72.0,300.0,0.0,160.0,2706.0,16.0,0.0,0.0,0.0,552.0,816.0,23880.0,0.0,0.0,0.0,0.0,64.0,0.0,0.0,0.0,0.0,0.0,0.0,0.0,0.0,0.0,0.0,0.0,0.0,0.0,12.0,1,1,0,1,1,1,0,0,0,1,1,1,0,0,0,0,1,0,0,0,0,0,0,0,0,0,0,0,0,0,1,6.48,0.699714227381436,1.1220266910303998,-0.11284121491734211,2.16,0.6118823416311342,-0.10392478956040593,-0.4526627218934922,0.0,0.0,0,0,3.28,0.448998886412873,0.9799578870122241,-1.0396825396825389,0.56,0.4963869458396342,-0.24174688920761445,-1.9415584415584413,12.968599999999999,1.395587102261984,1.1207048560723571,-0.11677040846246767,0.8,0.848528137423857,0.392837100659193,-1.4999999999999998,344.375,132.09,2.1244,0,8,0,0,0,0,0,0,0,0,0,0,0,0,0,0,0,0,0,0,0,0,0,0,0,0,1,1,0,0,0,0,0,0,0,0,0,0,0,0,1,0,0,0,0,0,0,0,0,0,0,0,0,0,1,0,0,0,0,1,0,0,0,0,1,0,0,1,0,0,1,1,0,1,1,0,0,1,0,1,0,1,1,0,0,1,1,0,0,0,0,0,1,1,1,0,1,1,1,0,1,0,1,1,1,0,1,1,1,0,0,0,1,1,0,0,0,0,0,1,1,0,1,1,1,0,1,1,0,0,1,1,1,1,1,1,0,1,0,1,0,1,0,0,1,0,0,0,1,1,1,0,0,1,1,1,1,1,1,0,1,1,0,1,1,1,1,1,0,0
CHEMBL220_347,42,41,-1,-1,-1,2.1333333333333333,3.36386021641143,3.4311927817680474,10.264966563387643,0.10543038419992865,0.11266746600939974,2.067809722816568,5.821000445958061,0.20446705444260113,0.10254010496688487,-0.4170056784060532,-0.9041563047730681,9.584126984126986,4.977321521546361,-0.2884902047249362,-0.6772724430342478,0.02267711962833914,0.06857736031061666,3.759044334754052,13.245563385383694,0.8333333333333334,0.37267799624996495,-1.7888543819998317,1.200000000000002,2.1333333333333333,3.36386021641143,3.4311927817680474,10.264966563387643,2.0,0.0,0,0,1.9523809523809523,2.9191680236179245,3.9463977705921853,14.689262374735915,0.0,0.0,0,0,0.014511175862693501,0.036859052393440256,2.29990260321059,3.6230926199727778,0.03333333333333333,0.04766922755038635,3.450938686846746,10.411658944100399,0.03333333333333333,0.023584116680566727,-0.6567112445194913,0.704038552715526,1.2,0.4,1.5,0.24999999999999822,0.03795186836782109,82.0,436.0,0.0,298.0,5142.0,48.0,0.0,0.0,0.0,1492.0,1898.0,60960.0,0.0,0.0,0.0,0.0,306.0,0.0,0.0,0.0,48.0,0.0,0.0,0.0,0.0,0.0,0.0,0.0,0.0,0.0,0.0,1,1,0,1,1,1,0,0,0,1,1,1,0,0,0,0,1,0,0,0,1,0,0,0,0,0,0,0,0,0,0,8.413793103448276,5.493050414273069,3.9902761975863523,16.08099722419452,2.0689655172413794,0.9070997543424762,0.4182671246060356,-0.7172307795115107,0.0,0.0,0,0,3.5517241379310347,0.49731741730537793,-0.20801257358446212,-1.9567307692307696,0.3103448275862069,0.46263475396547377,0.8198915917499229,-1.3277777777777782,17.241724137931037,12.728265840373167,4.1692289599745,17.36180210267154,0.6896551724137931,0.8347392025455314,0.633179180889279,-1.2732996307470097,520.1700000000002,223.10999999999996,-0.5734000000000006,1,11,0,0,0,0,0,0,0,0,0,0,0,0,0,0,0,0,0,0,0,0,0,0,0,0,0,1,0,0,1,1,0,0,0,0,0,0,0,0,1,0,0,0,0,1,0,0,1,0,1,0,0,0,0,0,0,0,0,0,0,0,0,0,0,0,0,1,0,0,0,1,0,0,1,0,0,1,0,1,0,1,1,0,0,1,1,1,1,1,0,1,1,1,1,0,0,1,1,1,1,0,1,1,1,0,1,1,1,1,0,1,1,0,1,1,0,0,0,1,1,0,1,1,1,0,1,1,1,1,1,1,1,1,1,1,1,1,1,1,1,1,1,0,1,1,1,0,1,1,1,0,1,1,0,1,1,1,1,1,1,1,0,1,1,1,1,1,0,0
CHEMBL220_348,34,33,-1,-1,-1,2.1818181818181817,2.673716576336862,2.7159936197591494,5.723767583280438,0.11743920750170961,0.12497918725632982,1.5435685600834428,2.7286101823737727,0.17994355588924463,0.09057465572606012,-0.1337317297643279,-1.0706589990286797,6.921568627450981,3.654188950480414,-0.048132703924924115,-0.8889724203116494,0.02322860962566845,0.06186172903760494,3.3294467245062678,9.970982772133892,0.7941176470588235,0.40434491426080943,-1.4547859349066157,0.11640211640211495,2.1818181818181817,2.673716576336862,2.7159936197591494,5.723767583280438,2.0,0.0,0,0,1.9411764705882353,2.274425285786024,3.192362886971371,9.152481963289,0.0,0.0,0,0,0.05090608203290616,0.17057340997201634,5.053595343000432,25.19981792625354,0.045454545454545456,0.050593456215125114,2.7226226863760035,5.7017335944696494,0.04545454545454544,0.05593455965573471,-1.53697440916494,2.008465570931751,1.3636363636363635,0.4810456929208346,0.5669467095138417,-1.678571428571427,-1.464301429446328,66.0,238.0,0.0,176.0,1770.0,32.0,0.0,0.0,0.0,582.0,738.0,13080.0,0.0,0.0,0.0,0.0,120.0,0.0,0.0,0.0,12.0,0.0,0.0,0.0,0.0,0.0,0.0,0.0,0.0,0.0,0.0,1,1,0,1,1,1,0,0,0,1,1,1,0,0,0,0,1,0,0,0,1,0,0,0,0,0,0,0,0,0,0,6.205128205128205,0.4037952755903492,1.4605014605021909,0.13306451612903158,2.2564102564102564,0.49188015623720205,0.44904259005497754,-0.38430411153119337,0.0,0.0,0,0,3.1538461538461537,0.36080121229411,1.9188064472004944,1.6818181818181834,0.7692307692307693,0.4213250442347431,-1.2780193008453882,-0.3666666666666658,12.4204358974359,0.8059753700783374,1.4605014605021809,0.13306451612901293,0.7692307692307693,0.696568087549032,0.347455289357444,-0.9229625223081492,514.6370000000003,96.09,4.930700000000004,0,7,0,0,0,0,0,0,0,0,0,0,0,0,0,0,0,0,0,0,0,0,0,0,0,0,0,1,0,0,0,0,0,0,0,0,0,0,0,0,1,0,0,0,0,0,0,0,0,0,0,0,0,0,0,0,0,0,0,0,0,0,0,0,1,0,0,1,0,0,0,0,0,0,0,0,0,1,0,1,0,1,1,0,1,0,1,1,1,0,0,0,0,1,0,0,0,0,0,0,1,0,1,0,0,0,1,0,1,0,0,0,0,1,0,0,0,0,0,0,1,0,1,1,1,0,0,1,0,0,1,1,0,1,0,1,0,1,0,1,1,0,0,0,1,0,1,1,0,1,1,0,1,1,0,1,0,1,1,0,1,0,0,1,1,1,0,1,0,0
CHEMBL220_349,40,37,-1,-1,-1,2.076923076923077,3.1246301556292155,3.3175618648749756,9.854900275482093,0.10406013322787552,0.11904406189557208,2.352006349356044,8.449901316712257,0.17830208476088974,0.09781733708652046,-0.24585748903045646,-1.074341701010401,7.95,4.5315560241488795,-0.12740872873420908,-0.844718972334535,0.01889338731443995,0.061469260981449066,3.6813181633866976,12.957690235654304,0.825,0.3799671038392666,-1.7106744068953987,0.9264069264069255,2.076923076923077,3.1246301556292155,3.3175618648749756,9.854900275482093,2.0,0.0,0,0,1.85,2.6129485260907837,3.9644687452198206,15.465466742626173,0.0,0.0,0,0,0.018396498831281437,0.07879915941340769,5.706843796149174,31.891311548355937,0.03846153846153846,0.05322753056268299,3.3287302357557955,9.833179099975963,0.03846153846153846,0.041011178529613855,3.76634154294243,14.6615863593865,1.2307692307692308,0.42132504423474315,1.278019300845387,-0.3666666666666676,-2.4661117178115153,74.0,336.0,0.0,172.0,3516.0,16.0,0.0,0.0,0.0,580.0,992.0,37920.0,0.0,0.0,0.0,0.0,72.0,0.0,0.0,0.0,0.0,0.0,0.0,0.0,0.0,0.0,0.0,0.0,0.0,0.0,12.0,1,1,0,1,1,1,0,0,0,1,1,1,0,0,0,0,1,0,0,0,0,0,0,0,0,0,0,0,0,0,1,6.5,0.8975274678557507,1.6136284558833471,1.2913198573127227,2.1666666666666665,0.6871842709362768,-0.22826882356360695,-0.8927335640138412,0.0,0.0,0,0,3.0555555555555554,0.4044505494044732,0.4250402356148129,2.881452474190107,0.6666666666666666,0.47140452079103173,-0.7071067811865471,-1.5000000000000004,13.064055555555557,1.9526879045226706,1.8355620544332845,2.371911172622373,0.5,0.6009252125773316,0.7680464255426249,-0.390532544378698,488.4500000000002,119.47000000000001,3.4813000000000023,0,5,0,0,0,0,0,0,0,0,0,0,0,0,0,0,0,0,0,1,0,0,0,0,0,0,0,0,0,0,0,0,0,0,0,0,0,0,0,0,1,0,0,0,1,0,0,0,0,0,0,0,0,0,0,0,0,0,0,0,0,0,0,0,1,0,0,1,0,0,0,0,0,0,0,0,0,1,0,1,0,0,1,0,1,0,1,1,0,1,0,1,0,0,1,0,0,0,0,1,1,0,0,0,0,0,0,0,0,1,0,1,1,0,0,1,0,0,0,1,0,0,1,1,1,0,0,1,1,1,0,0,0,1,0,1,1,1,1,1,0,1,1,0,1,1,1,1,1,0,1,0,1,1,1,1,1,1,1,1,1,1,0,1,1,1,1,1,0,0
CHEMBL220_350,37,37,-1,-1,-1,2.24,3.0761014287568607,2.948169072140683,7.059144491173164,0.1133351737739768,0.11908889710065124,1.6723938295009257,3.286402957181463,0.19707290088049847,0.10093695522328812,-0.2711967596226377,-1.0637846943451947,8.113513513513515,4.304862879579273,-0.16916822329252656,-0.8518011390022457,0.021621621621621623,0.06258781371069878,3.628363769688586,12.122750630504468,0.8108108108108109,0.3916588309780929,-1.5871507864874157,0.5190476190476199,2.24,3.0761014287568607,2.948169072140683,7.059144491173164,2.0,0.0,0,0,2.0,2.6303837968857167,3.4661054066689556,10.972106933593748,0.0,0.0,0,0,0.036253279473618456,0.09119932034585002,3.699037585180204,15.314118153168941,0.039999999999999994,0.05011763109784198,2.9828239959293454,7.235449817341419,0.04,0.04500679468142605,2.9012159228204246,6.916024814959043,1.32,0.46647615158762407,0.7717436331412894,-1.4044117647058831,0.1488307048998046,74.0,330.0,0.0,282.0,3102.0,56.0,0.0,0.0,0.0,1128.0,1500.0,29160.0,0.0,0.0,0.0,0.0,280.0,0.0,0.0,0.0,48.0,0.0,0.0,0.0,0.0,0.0,0.0,0.0,0.0,0.0,36.0,1,1,0,1,1,1,0,0,0,1,1,1,0,0,0,0,1,0,0,0,1,0,0,0,0,0,0,0,0,0,1,6.2,0.39999999999999997,1.4999999999999993,0.24999999999999822,2.3,0.5567764362830021,-0.034762316521310455,-0.5889698231009364,0.0,0.0,0,0,3.0,0.0,0,0,0.95,0.21794494717703372,-4.129483209670108,15.052631578947356,12.4102,0.7984000000000002,1.4999999999999984,0.249999999999996,0.6,0.5830951894845301,0.3631734744194304,-0.7231833910034613,260.3,67.59,3.3603000000000014,0,1,0,0,0,0,0,0,0,0,0,0,0,0,0,0,0,0,0,0,0,0,0,0,0,0,0,0,0,0,0,0,0,0,0,0,0,0,0,0,1,0,0,0,0,0,0,0,0,0,0,0,0,0,1,1,0,0,0,0,0,0,0,0,1,0,0,1,0,0,0,0,0,0,0,0,0,0,0,1,0,1,1,0,0,1,1,0,0,0,0,0,0,0,0,0,1,0,1,0,1,0,0,1,0,0,0,1,0,0,0,0,0,0,0,0,0,0,0,0,0,0,1,1,0,0,1,1,0,0,0,0,0,1,0,1,0,1,0,1,0,0,0,0,1,0,1,1,0,0,0,0,1,1,0,0,0,0,1,0,1,0,0,1,1,1,0,1,0,0
CHEMBL220_351,41,42,-1,-1,-1,2.2758620689655173,3.5320849730487938,3.43378293615249,10.354484668819437,0.10773897512509188,0.11305997143743605,2.042461333558509,5.940333193646268,0.2087377155645767,0.10691577066092864,-0.3688102804740943,-0.9966646816141429,9.552845528455286,5.0201624673272045,-0.2813131401694926,-0.7236317782963573,0.021638524077548467,0.06755282804631844,4.081175677486094,15.656610393730254,0.8292682926829268,0.37627435659857345,-1.7501500535908443,1.0630252100840352,2.2758620689655173,3.5320849730487938,3.43378293615249,10.354484668819437,2.0,0.0,0,0,2.048780487804878,3.051998301890292,3.989571327011279,15.12080309964356,0.0,0.0,0,0,0.05435450114641677,0.16105192736710064,4.957845359579383,26.034893117065224,0.03448275862068966,0.04869922423741871,3.440227318495329,10.356777412975365,0.034482758620689655,0.02335297105448205,-0.8264521796441694,0.7661441248149998,1.3448275862068966,0.4753120259341455,0.652928625099011,-1.5736842105263154,-0.7597554187596144,84.0,470.0,0.0,372.0,5856.0,88.0,0.0,0.0,0.0,1970.0,2472.0,74400.0,0.0,0.0,0.0,0.0,550.0,0.0,0.0,0.0,120.0,0.0,0.0,0.0,0.0,0.0,0.0,0.0,0.0,0.0,0.0,1,1,0,1,1,1,0,0,0,1,1,1,0,0,0,0,1,0,0,0,1,0,0,0,0,0,0,0,0,0,0,7.176470588235294,2.594911176483856,3.1588382428765684,9.121590761453382,2.235294117647059,0.7299808027053445,-0.3955858187033687,-1.0525383707201885,0.0,0.0,0,0,3.264705882352941,0.44117647058823534,1.0666666666666664,-0.8622222222222224,0.5882352941176471,0.49215295678475035,-0.3585685828003181,-1.8714285714285714,14.505176470588236,5.554172594019046,3.1346423582243417,8.951683893794382,0.47058823529411764,0.6960093862470136,1.1518245128728641,-0.04306122448979588,509.30400000000014,127.99,3.6388000000000016,1,5,0,0,0,0,0,0,0,0,0,0,0,0,0,0,0,0,0,0,0,0,0,0,0,0,0,0,0,0,0,0,0,0,0,0,0,0,0,0,1,0,0,0,1,0,0,0,0,0,0,0,0,0,1,0,0,0,0,1,0,0,0,0,1,0,0,1,0,0,0,0,0,1,0,0,0,1,0,1,0,1,1,0,0,1,1,1,1,1,0,0,1,1,1,0,1,1,1,1,1,0,1,1,1,1,1,1,0,1,0,0,1,1,0,0,0,0,0,1,1,0,1,1,1,0,1,1,0,0,0,1,1,1,0,1,1,1,0,1,1,0,0,0,1,0,1,1,0,1,1,0,1,1,1,1,1,0,1,0,1,1,0,1,1,1,1,1,0,0
CHEMBL220_352,37,34,-1,-1,-1,2.0,2.6981475126464085,2.932414879098862,6.918790001207581,0.11392495823694304,0.11852481140140156,1.6725876261868067,3.2472522561904107,0.18310827887486378,0.09054907356670194,-0.26091911143076746,-0.9176767001173389,7.6126126126126135,3.9575552206388087,-0.12606878409497135,-0.7600524504598956,0.02445302445302445,0.06873040093114764,3.1083046715970215,8.52557758809677,0.8108108108108109,0.3916588309780929,-1.5871507864874157,0.5190476190476199,2.0,2.6981475126464085,2.932414879098862,6.918790001207581,2.0,0.0,0,0,1.837837837837838,2.3192905895053983,3.368666917190401,10.272340357733688,0.0,0.0,0,0,0.0037066380300411553,0.011274391953589872,3.0925102805635647,8.788421324319314,0.04,0.04892249786485184,2.942314764237751,6.965091782426821,0.04000000000000001,0.01764375295803644,0.4729324517288253,0.8006268370348382,1.16,0.3666060555964672,1.854852067005936,1.4404761904761934,1.915067149305089,68.0,256.0,0.0,144.0,2046.0,8.0,0.0,0.0,0.0,446.0,672.0,15960.0,0.0,0.0,0.0,0.0,38.0,0.0,0.0,0.0,0.0,0.0,0.0,0.0,0.0,0.0,0.0,0.0,0.0,0.0,0.0,1,1,0,1,1,1,0,0,0,1,1,1,0,0,0,0,1,0,0,0,0,0,0,0,0,0,0,0,0,0,0,6.586206896551724,2.042939757737741,4.571205432092093,20.303290233033827,2.206896551724138,0.6090869562984721,-0.142623357185521,-0.5053007889546342,0.0,0.0,0,0,3.1379310344827585,0.34482758620689646,2.1000000000000023,2.410000000000009,0.6206896551724138,0.48521542343000995,-0.4974683381630911,-1.7525252525252522,13.232034482758625,4.339342286749176,4.630240300994314,20.72810736934201,0.6551724137931034,0.6578891044254799,0.505423046276639,-0.7189952904238623,402.88100000000014,50.27,4.980700000000005,0,6,0,0,0,0,0,0,0,0,0,0,0,0,0,0,0,0,0,0,0,0,0,0,0,0,0,0,0,0,0,0,0,0,0,0,0,0,0,0,0,0,0,0,0,0,0,0,0,0,0,0,1,0,0,0,0,0,0,0,0,0,0,0,0,0,0,1,0,0,0,0,0,0,0,0,0,1,1,0,0,0,0,0,0,1,0,1,0,1,0,0,0,0,1,0,0,0,1,1,1,1,1,1,0,1,0,1,0,1,0,0,1,1,0,0,0,0,0,1,1,0,1,1,1,0,0,1,0,1,0,0,0,0,0,0,1,1,1,1,0,0,0,0,1,1,1,1,0,1,1,0,1,0,1,1,1,1,1,0,1,1,0,1,1,1,1,1,0,0
CHEMBL220_353,40,37,-1,-1,-1,2.076923076923077,3.1246301556292155,3.317561864874975,9.854900275482093,0.10361951037637743,0.11942779018871537,2.1982714438756217,7.18235322245963,0.1787782797967945,0.09899921280316389,-0.21585832147894146,-1.1162412430446016,7.9375,4.560159216884135,-0.09769152285325527,-0.875508428339518,0.018960863697705804,0.05851142768375984,3.7477867803873957,13.746144230211407,0.825,0.3799671038392666,-1.7106744068953987,0.9264069264069255,2.076923076923077,3.1246301556292155,3.317561864874975,9.854900275482093,2.0,0.0,0,0,1.85,2.612948526090784,3.9644687452198197,15.465466742626162,0.0,0.0,0,0,0.009536682895993806,0.026391980744641896,2.5984979014049556,5.154899112455086,0.03846153846153846,0.05281218254094983,3.3484749539481515,10.06667297082103,0.038461538461538464,0.1374090581709583,-3.117694005969424,9.576802617890086,1.1923076923076923,0.39411349099844606,1.5614401167176537,0.4380952380952392,-1.1109886769520376,74.0,336.0,0.0,188.0,3516.0,24.0,0.0,0.0,0.0,798.0,1064.0,37920.0,0.0,0.0,0.0,0.0,130.0,0.0,0.0,0.0,12.0,0.0,0.0,0.0,0.0,0.0,0.0,0.0,0.0,0.0,0.0,1,1,0,1,1,1,0,0,0,1,1,1,0,0,0,0,1,0,0,0,1,0,0,0,0,0,0,0,0,0,0,6.291666666666667,0.6109532624422992,1.9305197907057199,2.361189832341803,2.25,0.5951190357119042,-0.14826495007355397,-0.5190311418685121,0.0,0.0,0,0,3.2083333333333335,0.40611643103370676,1.4363696929192151,0.06315789473684186,0.5,0.5,0.0,-2.0,12.592833333333331,1.218530797951187,1.9293544343063749,2.3557852663893097,0.7916666666666666,0.6441510347391795,0.22463697435276828,-0.6858073213003966,321.38000000000005,56.67,2.446700000000001,2,4,0,0,0,0,0,0,0,0,0,0,0,0,0,0,0,0,0,0,0,0,0,0,0,0,0,0,0,0,0,0,0,0,0,0,0,0,0,0,1,0,0,0,0,0,0,1,0,0,0,0,0,0,0,0,0,0,0,0,0,0,0,0,1,0,0,1,0,0,0,0,0,0,0,0,0,1,0,1,0,1,1,0,0,1,0,1,0,0,0,1,0,0,0,0,0,0,1,1,1,1,1,0,0,0,0,1,0,0,0,0,0,1,0,1,0,0,0,0,0,0,1,1,1,0,0,1,0,1,1,1,0,0,0,1,0,1,0,1,1,1,0,0,1,1,1,1,0,0,1,0,1,0,1,1,1,0,1,1,1,1,0,1,1,1,1,1,0,0
CHEMBL220_354,40,38,-1,-1,-1,2.1538461538461537,3.218842454293489,3.2101864375356173,8.963385204375339,0.10621252162982087,0.11712770914277643,2.091929387455092,6.504230053315029,0.1819051582827221,0.10082256009026286,-0.2388594621524799,-1.1254988888392996,8.083333333333334,4.633962786979532,-0.13756582999096895,-0.907252889957598,0.018286099865047235,0.05861335211358405,3.8216076317674026,13.881531270227981,0.825,0.3799671038392666,-1.7106744068953987,0.9264069264069255,2.1538461538461537,3.218842454293489,3.2101864375356173,8.963385204375339,2.0,0.0,0,0,1.9,2.690724809414742,3.8639489137060057,14.370591175483046,0.0,0.0,0,0,0.023969092054198442,0.0810820185845575,5.084932725076631,26.742894421163527,0.03846153846153847,0.052874167891843946,3.232400554185683,9.030456803927153,0.03846153846153847,0.023009350135528284,-0.44661847136629773,0.10210945832576979,1.2692307692307692,0.4435600997950306,1.0405319634289447,-0.9172932330827055,0.1301576640854747,76.0,358.0,0.0,226.0,3786.0,32.0,0.0,0.0,0.0,916.0,1320.0,40800.0,0.0,0.0,0.0,0.0,164.0,0.0,0.0,0.0,12.0,0.0,0.0,0.0,0.0,0.0,0.0,0.0,0.0,0.0,24.0,1,1,0,1,1,1,0,0,0,1,1,1,0,0,0,0,1,0,0,0,1,0,0,0,0,0,0,0,0,0,1,6.675,1.7802738553379927,4.8826184370786985,25.32964866748609,2.2,0.6403124237432849,-0.20569227175572577,-0.660916121356335,0.0,0.0,0,0,3.125,0.33071891388307384,2.267786838055363,3.1428571428571432,0.55,0.49749371855331,-0.20100756305184275,-1.9595959595959598,13.395049999999998,3.7695898049389944,5.0094324414157585,26.345742596189975,0.575,0.6279928343540235,0.624205896920965,-0.5710403580461176,558.9860000000003,167.77999999999997,3.9533000000000014,1,5,0,0,0,0,0,0,0,0,0,0,0,0,0,0,0,0,0,0,0,0,0,0,0,0,0,0,0,0,0,0,0,0,0,0,0,0,0,0,1,0,0,0,0,0,0,0,0,0,0,0,0,0,1,0,1,0,0,0,0,0,0,0,1,0,0,1,0,0,0,0,1,0,0,0,0,1,0,1,0,1,1,0,0,1,0,0,0,1,0,0,1,0,1,0,1,0,1,0,0,1,0,1,0,1,1,1,0,1,0,0,1,1,0,0,0,0,0,1,1,0,1,1,1,1,1,1,0,1,1,1,1,1,1,1,1,1,1,1,0,1,1,0,1,1,1,1,1,1,1,0,1,1,0,0,1,0,1,1,1,1,0,1,1,1,1,1,0,0
CHEMBL220_355,35,35,-1,-1,-1,2.260869565217391,2.800891027548941,2.5928739046526452,5.274664769923056,0.1152430382007364,0.12365464292816578,1.5123537487562224,2.3366936437970383,0.1915602325797044,0.09775844629477942,-0.22943917826576357,-1.1103628043883347,7.423809523809525,3.9547726555858573,-0.10319883781249732,-0.935234939267533,0.02133944486885663,0.056477442259928616,3.1437228453471833,8.709706267297689,0.8,0.4,-1.5,0.24999999999999956,2.260869565217391,2.800891027548941,2.5928739046526452,5.274664769923056,2.0,0.0,0,0,2.0,2.390457218668787,3.0747255975127277,8.5885,0.0,0.0,0,0,0.02999760999218847,0.058421360907030616,1.6436288485581538,1.0879937959045645,0.04347826086956521,0.04913094451093644,2.625408730005567,5.403273151090255,0.043478260869565216,0.038299255154492735,-0.4957101535173482,0.17034460465731804,1.3478260869565217,0.47628048478710105,0.6390096504226936,-1.5916666666666677,0.5019596279626997,70.0,270.0,0.0,276.0,2070.0,56.0,0.0,0.0,0.0,930.0,1310.0,15984.0,0.0,0.0,0.0,0.0,252.0,0.0,0.0,0.0,48.0,0.0,0.0,0.0,0.0,0.0,0.0,0.0,0.0,0.0,36.0,1,1,0,1,1,1,0,0,0,1,1,1,0,0,0,0,1,0,0,0,1,0,0,0,0,0,0,0,0,0,1,6.296296296296297,0.5972042776517446,1.8671998122390816,2.2389940828402297,2.1481481481481484,0.5237828008789241,0.15980613254815879,0.2693999999999992,0.0,0.0,0,0,3.3703703703703702,0.4829038818668629,0.5368754921931602,-1.7117647058823522,0.37037037037037035,0.4829038818668629,0.5368754921931594,-1.7117647058823524,12.602111111111114,1.19117462517228,1.8658484523298013,2.2326247846263447,1.037037037037037,0.8380524814062786,-0.06974393056625103,-1.5727844238281254,368.48100000000017,86.61,3.6621000000000015,0,9,0,0,0,0,0,0,0,0,0,0,0,0,0,0,0,0,0,0,0,0,0,0,0,0,1,0,0,0,0,0,0,0,0,0,0,0,0,0,0,0,0,0,0,0,0,0,0,0,0,0,0,0,0,1,0,0,0,0,0,0,0,0,0,0,0,1,0,0,0,1,0,1,0,0,0,0,0,0,1,1,1,0,1,0,0,0,0,0,0,1,1,1,1,0,1,1,0,1,1,0,1,1,1,0,1,1,0,0,0,0,1,1,0,0,0,0,0,1,1,1,0,1,0,0,1,1,0,0,1,1,0,1,0,1,0,1,0,1,1,1,0,0,1,0,1,1,0,1,0,0,0,1,0,1,1,1,1,0,1,1,0,1,1,1,1,1,0,1
CHEMBL220_356,35,35,-1,-1,-1,2.260869565217391,2.816371259252461,2.547306823969432,5.096178347711417,0.11516695062262881,0.12372551093332995,1.4857339029549852,2.134533908436574,0.1919498917562347,0.09868313619867289,-0.19147053384261004,-1.095272353809059,7.423809523809525,3.9707447738373864,-0.08228764658277597,-0.9344258700516357,0.021339444868856628,0.0565169390006449,3.154250272173951,8.9208873550803,0.8,0.4,-1.5,0.24999999999999956,2.260869565217391,2.816371259252461,2.547306823969432,5.096178347711417,2.0,0.0,0,0,2.0,2.4023797725231892,3.0291745734809847,8.361876286638566,0.0,0.0,0,0,0.029581021143219793,0.06369659904739458,2.0463807714169864,3.080916732021147,0.04347826086956521,0.049526389536851824,2.5986846854414036,5.299522334508028,0.0434782608695652,0.043663838400585006,-0.5754175910836327,0.4103355872790351,1.3043478260869565,0.4601306627938419,0.8504200642707606,-1.2767857142857149,-0.04848199109841492,70.0,272.0,0.0,300.0,2076.0,64.0,0.0,0.0,0.0,976.0,1446.0,15984.0,0.0,0.0,0.0,0.0,286.0,0.0,0.0,0.0,60.0,0.0,0.0,0.0,0.0,0.0,0.0,0.0,0.0,0.0,48.0,1,1,0,1,1,1,0,0,0,1,1,1,0,0,0,0,1,0,0,0,1,0,0,0,0,0,0,0,0,0,1,6.32,0.6144916598294886,1.7443107479718842,1.7653691467968944,2.16,0.5425863986500215,0.09134990761770719,0.05505671077504637,0.0,0.0,0,0,3.32,0.46647615158762407,0.7717436331412907,-1.4044117647058816,0.4,0.4898979485566356,0.40824829046386296,-1.833333333333333,12.6494,1.2256506516948462,1.7429753345769305,1.759458141013397,0.96,0.82365041127896,0.07422090080277213,-1.5222054111783554,340.4270000000002,86.61,2.881900000000001,0,7,0,0,0,0,0,0,0,0,0,0,0,0,0,0,0,0,0,0,0,0,0,0,0,0,1,0,0,0,0,0,0,0,0,0,0,0,0,0,0,0,0,0,0,0,0,0,0,0,0,0,0,0,0,1,0,0,0,0,0,0,0,0,0,0,0,1,0,0,0,1,0,1,0,0,0,0,0,0,1,1,1,0,1,0,0,0,0,0,0,1,1,1,1,0,1,1,0,1,1,0,1,1,1,0,1,1,0,0,0,0,1,1,0,0,0,0,0,1,1,1,0,1,0,0,1,1,0,0,1,1,0,1,0,1,0,1,0,1,1,1,0,0,1,0,1,1,0,1,0,0,0,1,0,1,1,1,1,0,1,1,0,1,1,1,1,1,0,1
CHEMBL220_357,41,41,-1,-1,-1,2.206896551724138,3.325754364463306,3.311557512163818,9.810202881396698,0.10954999438022273,0.11130607635584051,2.114425772865523,6.5579322982604005,0.20731186764697718,0.10385704893914367,-0.436005853433989,-0.8561597092666409,9.434959349593496,4.880152832136941,-0.3180861170220196,-0.6473919862514372,0.021513445903689806,0.06871768877032602,3.785856968438807,13.763659768966061,0.8292682926829268,0.37627435659857345,-1.7501500535908443,1.0630252100840352,2.206896551724138,3.325754364463306,3.311557512163818,9.810202881396698,2.0,0.0,0,0,2.0,2.8797018815893547,3.8300533243457027,14.217162629757787,0.0,0.0,0,0,0.027684101653527967,0.07708608162603021,3.8120148496346364,15.65402978632791,0.03448275862068966,0.04836850981992589,3.444053327206964,10.76911948217493,0.034482758620689655,0.020558771077463654,2.570749203691762,7.46138443313817,1.2758620689655173,0.44694763437295587,1.0029717747535964,-0.9940476190476208,-1.614399517868303,82.0,422.0,0.0,324.0,4770.0,48.0,0.0,0.0,0.0,1198.0,1998.0,55704.0,0.0,0.0,0.0,0.0,226.0,0.0,0.0,0.0,24.0,0.0,0.0,0.0,0.0,0.0,0.0,0.0,0.0,0.0,48.0,1,1,0,1,1,1,0,0,0,1,1,1,0,0,0,0,1,0,0,0,1,0,0,0,0,0,0,0,0,0,1,6.303030303030303,0.6735185082088749,2.5264809814312983,6.218205510662363,2.242424242424242,0.552147489645109,0.03835136794820609,-0.348708085353461,0.0,0.0,0,0,3.272727272727273,0.4453617714151233,1.020620726159656,-0.9583333333333357,0.6363636363636364,0.48104569292083466,-0.5669467095138406,-1.6785714285714284,12.645999999999999,1.4702707233703598,2.859697224653736,8.515275916596934,0.7878787878787878,0.7285342594043217,0.3495954348671127,-1.0648758994743834,443.5260000000002,73.91,5.004800000000004,0,6,0,0,0,0,0,0,0,0,0,0,0,0,0,0,0,0,0,0,0,0,0,0,0,0,0,0,0,0,0,0,0,0,0,0,0,0,0,0,1,0,0,0,1,0,0,0,0,0,0,0,0,0,1,1,1,0,0,0,0,0,0,0,1,0,0,1,0,0,0,1,0,0,0,0,0,1,0,1,0,1,1,0,0,1,0,1,1,1,0,0,0,1,1,0,1,0,1,1,1,0,1,1,0,0,1,1,0,1,0,0,1,1,0,0,0,0,0,1,1,0,1,1,1,0,1,1,0,0,1,1,0,1,1,1,1,1,0,1,1,0,0,0,1,0,0,1,0,1,1,0,0,1,0,1,1,1,1,0,1,0,0,1,1,1,1,1,0,1
CHEMBL220_358,34,33,-1,-1,-1,2.1818181818181817,2.604827051253528,2.5318190403873024,5.1438888732287875,0.11815456468273969,0.12430311158822469,1.5707063264802341,3.2285719714948637,0.1844628556080393,0.0923924744688356,-0.19209248615711214,-0.9905802574552731,6.985294117647059,3.6697553049845344,-0.07895597320553926,-0.866408673620497,0.021891711229946525,0.061126313828370624,2.9964533412027397,7.698188460026435,0.7941176470588235,0.40434491426080943,-1.4547859349066157,0.11640211640211495,2.1818181818181817,2.604827051253528,2.5318190403873024,5.1438888732287875,2.0,0.0,0,0,1.9411764705882353,2.2220972667675416,2.985204339210391,8.27026281116656,0.0,0.0,0,0,0.030697446261037126,0.08471527652518017,3.483595064267177,12.264637884589092,0.045454545454545456,0.04997028851931967,2.576337240812942,5.193843856024666,0.045454545454545456,0.023555596328445862,0.8271454306081398,0.6973529425747009,1.3181818181818181,0.46577048936179993,0.7807200583588269,-1.3904761904761898,-0.2506583211127902,66.0,230.0,0.0,204.0,1584.0,32.0,0.0,0.0,0.0,484.0,894.0,11088.0,0.0,0.0,0.0,0.0,104.0,0.0,0.0,0.0,12.0,0.0,0.0,0.0,0.0,0.0,0.0,0.0,0.0,0.0,24.0,1,1,0,1,1,1,0,0,0,1,1,1,0,0,0,0,1,0,0,0,1,0,0,0,0,0,0,0,0,0,1,6.2592592592592595,0.6436350813697321,2.198848939226141,3.032169641682377,2.2222222222222223,0.49690399499995325,0.38013155617496347,-0.06000000000000094,0.0,0.0,0,0,3.4074074074074074,0.4913518207933925,0.3768891807222045,-1.8579545454545452,0.4444444444444444,0.4969039949999533,0.22360679774997902,-1.95,12.52803703703704,1.283493654675091,2.1984670186487705,3.0304111826662306,1.0,0.816496580927726,0.0,-1.5,365.4730000000002,38.77,4.332900000000004,0,6,0,0,0,0,0,0,0,0,0,0,0,0,0,0,0,0,0,0,0,0,0,0,0,0,0,0,0,0,0,0,0,0,0,0,0,0,0,0,0,0,0,0,0,0,0,0,0,0,0,0,0,0,0,0,0,0,0,1,0,0,0,0,0,0,0,0,0,0,0,0,0,0,1,0,0,1,0,0,0,0,0,0,0,0,0,1,1,0,0,0,0,0,0,0,0,0,0,0,1,0,1,1,0,0,0,1,0,0,0,1,0,1,0,1,0,0,0,0,1,0,1,1,1,0,0,1,0,0,1,1,0,0,1,0,0,0,0,1,1,0,0,0,0,0,1,1,1,1,1,0,0,0,1,1,1,1,0,1,1,1,0,1,1,1,1,1,0,1
CHEMBL220_359,34,31,-1,-1,-1,2.0,2.3741027013091993,2.853370052041753,7.3074921956295515,0.10991731880150551,0.13164325935409896,2.1667737430527287,6.751835054597846,0.1731552466242274,0.08312050141616599,-0.2725250646123152,-1.042692211129199,6.659803921568628,3.4235991783651123,-0.07590912157461657,-0.8030140274404469,0.024454099821746882,0.06167480352547272,2.9301145342769,8.070333012512402,0.7941176470588235,0.40434491426080943,-1.4547859349066157,0.11640211640211628,2.0,2.3741027013091993,2.853370052041753,7.3074921956295515,2.0,0.0,0,0,1.8235294117647058,2.0360080352796213,3.2506667291066513,10.566306950092113,0.0,0.0,0,0,0.0,0.0,0,0,0.045454545454545456,0.04952380583802806,2.891890695701569,7.490434692416404,0.04545454545454546,0.23502982508557638,-2.947630738629956,8.960804602576177,1.2727272727272727,0.44536177141512334,1.0206207261596572,-0.9583333333333344,0.1453465631781963,62.0,192.0,0.0,88.0,1272.0,0.0,0.0,0.0,0.0,194.0,292.0,8880.0,0.0,0.0,0.0,0.0,0.0,0.0,0.0,0.0,0.0,0.0,0.0,0.0,0.0,0.0,0.0,0.0,0.0,0.0,12.0,1,1,0,1,1,0,0,0,0,1,1,1,0,0,0,0,0,0,0,0,0,0,0,0,0,0,0,0,0,0,1,6.32,0.7332121111929345,1.8548520670059339,1.4404761904761862,2.08,0.6273754856543249,-0.060647540998708116,-0.48492960539361496,0.0,0.0,0,0,3.32,0.46647615158762407,0.7717436331412907,-1.4044117647058816,0.48,0.4995998398718719,0.08006407690254361,-1.993589743589744,12.649080000000001,1.4620249497187117,1.8548520670059307,1.44047619047618,1.04,0.7735631842325487,-0.06885285283890899,-1.326217506934714,342.43500000000006,77.76,4.9595000000000065,0,10,0,0,0,0,0,0,0,0,0,0,0,0,0,0,0,0,0,0,0,0,0,0,0,0,0,0,0,0,0,0,0,0,0,0,0,0,0,0,0,0,0,0,0,0,0,0,0,0,0,0,0,0,0,1,0,0,0,0,0,0,0,0,0,0,0,0,0,0,0,0,0,0,0,0,0,0,0,0,0,0,0,0,0,0,0,0,0,0,0,1,0,1,0,0,0,0,0,0,0,0,0,0,0,0,0,0,0,0,0,0,0,0,0,1,0,0,0,0,1,0,0,0,0,0,0,1,0,1,1,1,0,1,1,0,0,0,0,0,0,1,1,0,0,1,1,1,1,1,0,0,1,0,1,0,1,1,0,1,0,1,0,0,1,1,1,1,0,1
CHEMBL220_360,37,34,-1,-1,-1,2.0,2.6981475126464085,2.932414879098862,6.918790001207581,0.11392495823694301,0.11852481140140156,1.6725876261868067,3.2472522561904107,0.18310827887486375,0.09054907356670194,-0.2609191114307666,-0.9176767001173398,7.6126126126126135,3.9575552206388087,-0.12606878409497155,-0.760052450459896,0.02445302445302445,0.06873040093114764,3.1083046715970206,8.525577588096768,0.8108108108108109,0.3916588309780929,-1.5871507864874157,0.5190476190476199,2.0,2.6981475126464085,2.932414879098862,6.918790001207581,2.0,0.0,0,0,1.837837837837838,2.3192905895053983,3.368666917190401,10.272340357733688,0.0,0.0,0,0,0.0037066380300411553,0.011274391953589872,3.0925102805635647,8.788421324319314,0.04,0.04892249786485184,2.9423147642377523,6.965091782426823,0.04,0.036676727763615295,-1.1079531261290145,1.5782938679028433,1.16,0.3666060555964672,1.854852067005936,1.4404761904761934,-0.8723080828212417,68.0,256.0,0.0,144.0,2046.0,8.0,0.0,0.0,0.0,446.0,672.0,15960.0,0.0,0.0,0.0,0.0,38.0,0.0,0.0,0.0,0.0,0.0,0.0,0.0,0.0,0.0,0.0,0.0,0.0,0.0,0.0,1,1,0,1,1,1,0,0,0,1,1,1,0,0,0,0,1,0,0,0,0,0,0,0,0,0,0,0,0,0,0,6.766666666666667,2.0604745947367453,4.109720763491233,17.35339332266259,2.2,0.6531972647421809,-0.22963966338592362,-0.7265625000000013,0.0,0.0,0,0,3.3333333333333335,0.4714045207910318,0.7071067811865461,-1.500000000000002,0.4,0.4898979485566357,0.40824829046386263,-1.833333333333334,13.623700000000003,4.39691548815758,4.119518381137956,17.347149498736737,0.7,0.7810249675906653,0.5793144075652348,-1.1357162053211491,429.8790000000001,70.67,3.632600000000001,0,5,0,0,0,0,0,0,0,0,0,0,0,0,0,0,0,0,0,0,0,0,0,0,0,0,0,0,0,0,0,0,0,0,0,0,0,0,0,0,0,0,0,0,1,0,0,0,0,0,0,0,1,0,0,0,0,0,0,1,0,0,0,0,0,0,0,0,0,0,0,0,0,0,0,0,0,1,1,0,0,0,1,0,0,1,0,1,1,1,0,0,1,0,1,0,0,1,1,1,1,1,1,1,0,1,1,1,0,1,0,1,1,1,0,0,0,0,0,1,1,0,1,1,1,0,0,1,0,1,1,1,0,1,1,1,1,1,1,1,1,0,0,0,1,1,1,1,1,1,1,0,1,1,0,1,1,1,1,1,1,1,0,1,1,1,1,1,0,0
CHEMBL220_361,38,34,-1,-1,-1,1.9230769230769231,2.644632836564782,3.0774093155486146,7.6859706081922585,0.1140171312944843,0.1153944680002492,1.7218376323650784,3.802177084838582,0.17429807002181041,0.08341472697210268,-0.34187806151931904,-0.9029035132577468,7.623308270676691,3.8938309833970735,-0.15610639705107648,-0.6778767964674768,0.027224593014066698,0.07946630561940418,3.0903515658584975,8.044616277121559,0.8157894736842105,0.3876557858593746,-1.6292261599251139,0.6543778801843323,1.9230769230769231,2.644632836564782,3.0774093155486146,7.6859706081922585,2.0,0.0,0,0,1.7894736842105263,2.2844773067590216,3.491036105008132,11.02065668654577,0.0,0.0,0,0,0.0,0.0,0,0,0.03846153846153847,0.04790324585217557,3.0693741294070374,7.6528042052087795,0.03846153846153846,0.046389463054568626,-2.050168053325302,3.7655283500895074,1.0,0.0,0,0,-1.4552192646358009,68.0,252.0,0.0,82.0,2040.0,0.0,0.0,0.0,0.0,224.0,360.0,15960.0,0.0,0.0,0.0,0.0,0.0,0.0,0.0,0.0,0.0,0.0,0.0,0.0,0.0,0.0,0.0,0.0,0.0,0.0,0.0,1,1,0,1,1,0,0,0,0,1,1,1,0,0,0,0,0,0,0,0,0,0,0,0,0,0,0,0,0,0,0,7.0,2.1320071635561044,3.377099347072869,11.475999999999996,2.090909090909091,0.7329325225725954,0.549569285564493,0.41514792899408315,0.0,0.0,0,0,3.1818181818181817,0.385694607919935,1.6499158227686128,0.7222222222222268,0.5454545454545454,0.49792959773196915,-0.1825741858350551,-1.9666666666666663,14.010454545454547,4.273490597193063,3.3864500107771938,11.528366711592396,0.6363636363636364,0.642824346533225,0.5091168824543147,-0.6759999999999979,322.342,105.59,1.5431,0,6,0,0,0,0,0,0,0,0,0,0,0,0,0,0,0,0,0,0,0,0,0,0,0,0,1,0,0,0,0,0,0,0,0,0,0,0,0,0,0,0,0,0,0,0,0,0,0,0,0,0,0,1,0,0,0,1,0,0,1,1,1,1,0,0,1,1,0,1,1,1,0,1,1,1,0,0,0,0,0,0,0,1,0,0,0,0,0,0,1,0,1,1,1,0,1,0,0,1,1,0,0,0,1,0,1,0,0,0,0,0,1,1,1,1,0,0,0,1,1,0,0,1,0,0,1,1,1,1,0,0,1,1,1,0,0,0,1,1,0,1,1,0,1,1,0,1,1,1,1,0,0,1,1,1,1,1,1,1,1,1,0,1,1,1,1,1,0,0
CHEMBL220_362,40,40,-1,-1,-1,2.2142857142857144,3.3419107329398816,3.5162407210370423,11.752162949387076,0.10557053527331428,0.11770667815424027,2.16609325341615,6.958443236948716,0.20844498309260429,0.10691737685995883,-0.3626676416601543,-0.9618447989156356,9.158333333333333,4.856010021955611,-0.21582104631796054,-0.6918159626831244,0.02118758434547908,0.06430439141401778,3.881223676481399,15.321106776772119,0.825,0.3799671038392666,-1.7106744068953987,0.9264069264069255,2.2142857142857144,3.3419107329398816,3.5162407210370423,11.752162949387076,2.0,0.0,0,0,2.0,2.8809720581775866,4.07116605985757,16.904195093627518,0.0,0.0,0,0,0.02751428187055268,0.06378742701217575,2.0396583375569146,2.345184307653221,0.03571428571428572,0.04893560591352136,3.5662613921089235,12.181652301013251,0.03571428571428572,0.0297184531702953,2.8345067868755387,9.479681713384162,1.25,0.4330127018922193,1.1547005383792515,-0.6666666666666665,-1.3616077601052514,80.0,412.0,0.0,362.0,4890.0,80.0,0.0,0.0,0.0,1532.0,2352.0,62304.0,0.0,0.0,0.0,0.0,476.0,0.0,0.0,0.0,120.0,0.0,0.0,0.0,0.0,0.0,0.0,0.0,0.0,0.0,0.0,1,1,0,1,1,1,0,0,0,1,1,1,0,0,0,0,1,0,0,0,1,0,0,0,0,0,0,0,0,0,0,8.5,7.310950690573696,3.1814085004725285,8.554703914466803,2.2666666666666666,0.6289320754704404,-0.27631405411401705,-0.6597651811639964,0.0,0.0,0,0,3.3666666666666667,0.4818944098266986,0.5533715710928597,-1.6937799043062196,0.5333333333333333,0.49888765156985887,-0.13363062095621214,-1.982142857142857,17.671333333333333,17.025280276368104,3.2487090665898344,8.927550301054874,0.7,0.7810249675906653,0.5793144075652349,-1.1357162053211494,551.3080000000001,64.26,4.000000000000003,1,5,0,0,0,0,0,0,0,0,0,0,0,0,0,0,0,0,0,0,0,0,0,0,0,0,0,0,0,0,0,0,0,0,0,0,0,0,1,0,0,0,0,0,0,0,0,0,1,0,0,0,0,0,1,1,0,0,0,0,0,0,0,0,0,0,0,1,0,0,0,1,0,0,0,0,0,1,0,0,0,1,1,1,0,1,0,1,1,1,1,0,0,1,1,0,1,1,1,0,1,0,1,1,0,0,1,1,0,1,0,0,1,1,0,0,0,0,0,1,1,0,1,1,1,0,1,1,0,0,1,1,0,1,1,1,1,0,0,1,1,0,0,0,1,0,1,1,0,1,1,0,0,1,0,1,1,1,1,0,1,0,0,1,1,1,1,1,0,1
CHEMBL220_363,39,37,-1,-1,-1,2.074074074074074,3.005253744459377,3.375649386101212,10.739348049470788,0.10599201745371231,0.12002798789081483,2.262080608440095,7.626122885657869,0.1971118536495175,0.09961268191691036,-0.31733260110854394,-0.9108446033747097,8.504273504273506,4.467592578398677,-0.1735617399386767,-0.6769438145737845,0.02272312798628588,0.06688056681593858,3.4985564109000458,12.024265372185862,0.8205128205128205,0.3837597319768145,-1.6703827619526517,0.7901785714285703,2.074074074074074,3.005253744459377,3.375649386101212,10.739348049470788,2.0,0.0,0,0,1.8974358974358974,2.589870522403376,3.876892904433566,15.323910391775996,0.0,0.0,0,0,0.009087913565525506,0.025906316605580976,2.806818903655148,6.420304259562693,0.037037037037037035,0.04882099554423549,3.4068291845514165,10.982387433126343,0.037037037037037056,0.30537460091932683,-3.3119950281579658,11.087248279649236,1.1851851851851851,0.38844772154450063,1.6208864017175073,0.6272727272727261,-0.5838032071403108,74.0,328.0,0.0,232.0,3324.0,24.0,0.0,0.0,0.0,764.0,1340.0,35928.0,0.0,0.0,0.0,0.0,128.0,0.0,0.0,0.0,12.0,0.0,0.0,0.0,0.0,0.0,0.0,0.0,0.0,0.0,0.0,1,1,0,1,1,1,0,0,0,1,1,1,0,0,0,0,1,0,0,0,1,0,0,0,0,0,0,0,0,0,0,6.607142857142857,1.8772945144216318,4.464254090242159,19.401592236168735,2.2857142857142856,0.524890659167824,0.18144368465060665,-0.5555555555555558,0.0,0.0,0,0,3.3214285714285716,0.46702488680792936,0.7647191129018712,-1.4152046783625745,0.5714285714285714,0.4948716593053935,-0.28867513459481264,-1.916666666666667,13.22614285714286,3.7641321302363377,4.46931214729055,19.43638869599321,0.8214285714285714,0.7584557350569751,0.31009276713161726,-1.2089124438916232,393.51600000000013,64.26,2.4750000000000005,1,5,0,0,0,0,0,0,0,0,0,0,0,0,0,0,0,0,0,0,0,0,0,0,0,0,0,0,0,0,0,0,0,0,0,0,0,0,1,0,0,0,0,0,0,0,0,0,0,0,0,0,0,0,1,1,0,0,0,0,0,0,0,0,0,0,0,1,0,0,0,1,0,0,0,0,0,1,0,0,0,1,1,1,0,1,0,1,1,0,1,0,0,1,1,0,1,1,1,0,1,0,1,1,0,0,1,1,0,0,0,0,1,1,0,0,0,0,0,1,1,0,1,1,1,0,1,1,0,0,1,1,0,1,1,1,0,0,0,1,1,0,0,0,1,0,1,1,0,1,1,0,0,1,0,1,1,1,1,0,1,0,0,1,1,1,1,1,0,1
CHEMBL220_364,35,33,-1,-1,-1,2.0869565217391304,2.517988214881784,2.6469882298181813,5.506943355489346,0.1172876836873825,0.1217169989224064,1.5241331237528923,2.628747008379124,0.17942660387861428,0.08769433827460271,-0.28981595624943274,-1.0729961950290072,7.080000000000001,3.6715525888509912,-0.12745937553329773,-0.8991249326211581,0.023784059078176725,0.05970041152514557,3.0647805075205885,8.621337883112508,0.8,0.4,-1.5,0.24999999999999956,2.0869565217391304,2.517988214881784,2.6469882298181813,5.506943355489346,2.0,0.0,0,0,1.8857142857142857,2.161632036500313,3.0666600993365725,8.493088426823242,0.0,0.0,0,0,0.00527657216732847,0.01534512878692709,2.7809411664286365,6.26167079938466,0.0434782608695652,0.047929377268209505,2.6676865001887116,5.5812386219798285,0.04347826086956523,0.019187508652681283,0.24423130316044903,1.3094512768376383,1.3043478260869565,0.4601306627938419,0.8504200642707608,-1.2767857142857149,0.37690285332279233,66.0,222.0,0.0,138.0,1512.0,8.0,0.0,0.0,0.0,408.0,532.0,10200.0,0.0,0.0,0.0,0.0,32.0,0.0,0.0,0.0,0.0,0.0,0.0,0.0,0.0,0.0,0.0,0.0,0.0,0.0,24.0,1,1,0,1,1,1,0,0,0,1,1,1,0,0,0,0,1,0,0,0,0,0,0,0,0,0,0,0,0,0,1,6.476190476190476,0.7939681905015745,1.2197999473502141,-0.3051860669737594,2.1904761904761907,0.5870870479018072,-0.06616926388228588,-0.35006925207756057,0.0,0.0,0,0,3.2857142857142856,0.45175395145262565,0.9486832980505148,-1.0999999999999988,0.47619047619047616,0.4994327848429293,0.09534625892455934,-1.990909090909091,12.960714285714285,1.5832983397493547,1.2193057418604203,-0.3064904933780137,0.7619047619047619,0.8109231602822096,0.459651689068406,-1.3330558858501773,288.30300000000005,71.78,1.0636999999999999,0,3,0,0,0,0,0,0,0,0,0,0,0,0,0,0,0,0,0,0,0,0,0,0,0,0,0,0,0,0,0,0,0,0,0,0,0,0,0,0,0,0,0,0,0,0,0,0,0,0,0,0,0,0,0,0,0,0,0,1,0,0,0,0,0,0,0,0,0,0,0,0,0,0,0,0,0,1,0,0,0,1,0,0,1,0,0,1,1,0,0,0,0,1,1,0,0,1,0,0,1,0,1,1,0,0,0,1,0,0,0,1,1,1,0,1,0,0,0,1,1,0,1,1,1,1,0,1,0,1,1,1,0,0,1,1,0,1,1,1,1,0,1,0,1,1,0,1,1,1,1,0,0,1,1,1,1,1,1,1,1,1,0,1,1,1,1,1,0,1
CHEMBL220_365,35,33,-1,-1,-1,2.0869565217391304,2.701256446436359,2.832753514523937,6.771183924400658,0.11366907949223619,0.12510303329182812,1.7489125883182643,3.9260830338665347,0.18682067390111828,0.09462903168275344,-0.19381955447906885,-1.0341174411768645,7.24,3.8382581201406185,-0.05383973713885434,-0.8236425071159039,0.02235803412274,0.06045021508573557,3.1819118949232137,9.507538123354225,0.8,0.4,-1.5,0.24999999999999956,2.0869565217391304,2.701256446436359,2.832753514523937,6.771183924400658,2.0,0.0,0,0,1.8857142857142857,2.302438813474946,3.299773849995163,10.358900718001857,0.0,0.0,0,0,0.010417359488566917,0.027151232082833474,2.604731205541865,5.928043777780921,0.043478260869565195,0.05108587829415514,2.862535608915189,6.940677579083706,0.043478260869565244,0.05205521959161076,-1.2247566738676892,1.49299013406078,1.2173913043478262,0.4124709991523974,1.3703203194062967,-0.12222222222222534,1.1956946910002964,66.0,244.0,0.0,194.0,1896.0,24.0,0.0,0.0,0.0,574.0,908.0,15024.0,0.0,0.0,0.0,0.0,110.0,0.0,0.0,0.0,12.0,0.0,0.0,0.0,0.0,0.0,0.0,0.0,0.0,0.0,0.0,1,1,0,1,1,1,0,0,0,1,1,1,0,0,0,0,1,0,0,0,1,0,0,0,0,0,0,0,0,0,0,6.205882352941177,0.5302281287447043,2.525336647184151,5.174210650887572,2.176470588235294,0.4518321028158005,0.6818368388656718,0.6417696064349321,0.0,0.0,0,0,3.3529411764705883,0.47788461203740945,0.615457454896663,-1.6212121212121218,0.5294117647058824,0.4991341984846218,-0.11785113019775799,-1.9861111111111112,12.421705882352942,1.0575393061645726,2.524066034523804,5.166598486266986,1.0294117647058822,0.7469661823058997,-0.047616232569562614,-1.2067784387957456,457.6180000000004,44.81,3.784600000000003,0,11,0,0,0,0,0,0,0,0,0,0,0,0,0,0,0,0,0,0,0,0,0,0,0,0,0,0,0,0,0,0,0,0,0,0,0,0,0,0,0,0,0,0,0,0,0,0,0,0,0,0,0,0,0,0,0,0,0,0,0,0,0,0,0,0,0,0,0,0,0,0,0,0,1,0,0,1,0,0,0,1,0,0,1,0,0,1,1,0,0,0,0,1,1,0,0,1,0,0,1,0,1,0,0,0,1,0,0,0,0,1,1,1,0,1,0,0,0,1,1,0,1,1,1,0,0,1,1,1,1,1,0,0,1,0,0,0,0,1,1,0,0,0,1,1,0,1,0,1,1,0,0,1,1,1,1,1,1,1,1,1,0,1,1,1,1,1,0,1
CHEMBL220_366,34,31,-1,-1,-1,2.0,2.5194892512087685,2.7402814224068353,5.858603865640834,0.11932605199710941,0.1231789674443876,1.5539008466555095,2.601095216446356,0.18599936056463187,0.09021940263821977,-0.26508579118551284,-0.8263562477538602,7.100980392156863,3.6378905157858026,-0.13493389700593544,-0.7011991401617181,0.02662655971479501,0.0704895931488753,2.905964621164145,7.2565001181730935,0.7941176470588235,0.40434491426080943,-1.4547859349066157,0.11640211640211628,2.0,2.5194892512087685,2.7402814224068353,5.858603865640834,2.0,0.0,0,0,1.8235294117647058,2.1891522430503993,3.118700140290032,8.595650666631911,0.0,0.0,0,0,0.004496574219757611,0.013059628140310243,2.933918138005512,7.765863890607983,0.04347826086956521,0.04956439759014969,2.751359463250995,5.908401475536488,0.0434782608695652,0.2562484525262681,2.7316000682147226,5.813817037791662,1.173913043478261,0.3790346907426672,1.720618004029213,0.9605263157894743,2.5676053141608177,62.0,214.0,0.0,130.0,1506.0,8.0,0.0,0.0,0.0,366.0,542.0,10200.0,0.0,0.0,0.0,0.0,34.0,0.0,0.0,0.0,0.0,0.0,0.0,0.0,0.0,0.0,0.0,0.0,0.0,0.0,0.0,1,1,0,1,1,1,0,0,0,1,1,1,0,0,0,0,1,0,0,0,0,0,0,0,0,0,0,0,0,0,0,6.583333333333333,2.2157893000513886,4.324222207935055,17.362415449465743,2.25,0.6614378277661477,0.5399492471560389,0.5306122448979593,0.0,0.0,0,0,3.375,0.4841229182759271,0.5163977794943223,-1.7333333333333334,0.5,0.5,0.0,-2.0,13.237083333333333,4.714060510118168,4.354265922981154,17.561464272273852,0.9166666666666666,0.759202798262025,0.14018086215550846,-1.2550442734794605,339.8660000000001,20.310000000000002,4.7778000000000045,1,3,0,0,0,0,0,0,0,0,0,0,0,0,0,0,0,0,0,0,0,0,0,0,1,0,0,0,0,0,0,0,0,0,0,0,0,0,0,0,0,0,0,0,0,0,0,0,0,0,0,0,0,0,0,0,0,0,0,0,0,0,0,0,1,0,0,0,1,0,0,0,0,0,0,0,0,1,0,0,0,0,0,0,0,0,0,1,1,1,0,0,0,0,1,0,0,0,0,0,1,0,1,0,0,1,0,0,0,1,0,0,1,1,1,0,0,0,0,1,1,0,0,1,1,0,0,1,0,0,1,1,0,0,0,0,1,0,0,1,1,0,0,0,0,0,0,1,0,1,1,0,0,0,0,1,1,0,1,0,1,0,0,1,1,1,1,1,0,0
CHEMBL220_367,39,37,-1,-1,-1,2.16,3.170867389217026,3.226035775159492,9.26292766206072,0.10507643725388667,0.1208303272157104,2.0188273762,5.852267213979443,0.18037827632196807,0.10130427512677573,-0.18377931119020563,-1.1801998745007949,7.769230769230771,4.517355797021971,-0.06859831479886523,-0.9253133382429835,0.018090965459386512,0.054916731160592924,3.8562688628590363,14.65830268109022,0.8205128205128205,0.3837597319768145,-1.6703827619526517,0.7901785714285703,2.16,3.170867389217026,3.226035775159492,9.26292766206072,2.0,0.0,0,0,1.8974358974358974,2.638908785696124,3.895082976807184,14.922062252991513,0.0,0.0,0,0,0.01959648257725181,0.04788481986083445,2.180195133808528,3.010084637485016,0.04000000000000001,0.053528607258876225,3.268688530798352,9.561314648424249,0.039999999999999994,0.019264987002696483,0.07701075763491139,-0.44915800910573456,1.24,0.4270831300812524,1.2175615550562024,-0.5175438596491229,-1.3934839754710735,74.0,338.0,0.0,234.0,3516.0,48.0,0.0,0.0,0.0,1042.0,1318.0,37920.0,0.0,0.0,0.0,0.0,258.0,0.0,0.0,0.0,48.0,0.0,0.0,0.0,0.0,0.0,0.0,0.0,0.0,0.0,0.0,1,1,0,1,1,1,0,0,0,1,1,1,0,0,0,0,1,0,0,0,1,0,0,0,0,0,0,0,0,0,0,7.111111111111111,2.7397395568751004,2.9633424568894977,7.41030773891967,2.2222222222222223,0.6849348892187751,-0.31590487272832757,-0.8767313019390577,0.0,0.0,0,0,3.111111111111111,0.3142696805273545,2.4748737341529154,4.124999999999998,0.6666666666666666,0.4714045207910316,-0.7071067811865477,-1.4999999999999996,14.286925925925928,5.6816120946887105,3.007747243236276,7.704767277990323,0.5185185185185185,0.5689737591013784,0.5306853066252226,-0.71207986210859,399.8590000000001,95.08,3.856700000000002,1,5,0,0,0,0,0,0,0,0,0,0,0,0,0,0,0,0,0,0,0,0,0,0,0,0,0,0,0,0,0,0,0,0,0,0,0,0,1,0,1,0,0,0,0,0,0,0,0,0,0,0,0,0,0,1,1,0,0,0,0,0,0,0,0,0,0,1,0,0,0,0,0,0,0,0,0,0,0,1,0,1,1,1,0,1,0,0,0,1,1,0,1,0,1,0,0,1,1,0,0,0,0,1,0,1,1,1,0,1,0,0,1,1,0,0,0,0,0,1,0,0,1,1,0,1,0,1,0,0,0,0,0,1,0,0,1,0,1,1,0,1,0,0,1,0,0,1,1,0,0,0,0,1,0,0,1,1,1,1,1,1,0,1,1,1,1,1,0,0
CHEMBL220_368,36,33,-1,-1,-1,2.090909090909091,2.712078889122963,2.6929803207054315,5.600174220426721,0.11040282675826069,0.12485589141711839,1.594858375191237,2.719183853106869,0.16505763070209187,0.09116157947315591,-0.08770207895990807,-1.1730848614280418,6.61574074074074,3.826799875981148,0.025007838968111692,-0.9868467463055008,0.018674136321195144,0.051968187167022686,3.1986504031458516,9.171190475643396,0.8055555555555556,0.3957724124659724,-1.544097293955913,0.3842364532019724,2.090909090909091,2.712078889122963,2.6929803207054315,5.600174220426721,2.0,0.0,0,0,1.8333333333333333,2.242270674512285,3.28363535546538,9.773511187082196,0.0,0.0,0,0,0.012775440794016645,0.03308856825585687,2.3778435821378725,4.051631120386568,0.045454545454545456,0.0535756018748201,2.7101537757059733,5.672634296733616,0.04545454545454544,0.029984291050682614,-0.19602113989231731,0.2573275646936648,1.2272727272727273,0.41907020260422223,1.301582746911936,-0.3058823529411776,0.6690885009228782,66.0,236.0,0.0,156.0,1776.0,24.0,0.0,0.0,0.0,574.0,688.0,13080.0,0.0,0.0,0.0,0.0,106.0,0.0,0.0,0.0,12.0,0.0,0.0,0.0,0.0,0.0,0.0,0.0,0.0,0.0,0.0,1,1,0,1,1,1,0,0,0,1,1,1,0,0,0,0,1,0,0,0,1,0,0,0,0,0,0,0,0,0,0,6.185185185185185,0.546845298527163,2.7955112763231247,6.179656594562747,2.2962962962962963,0.5972042776517444,0.823876871675242,0.8155029585798794,0.0,0.0,0,0,3.4074074074074074,0.4913518207933925,0.3768891807222045,-1.8579545454545452,0.4444444444444444,0.4969039949999533,0.22360679774997907,-1.9500000000000002,12.380333333333336,1.0905199575330011,2.794911204073803,6.176079625628654,1.0,0.7200822998230956,0.0,-1.0714285714285712,361.48500000000007,38.33,4.964200000000005,0,5,0,0,0,0,0,0,0,0,0,0,0,0,0,0,0,0,0,0,0,0,0,0,0,0,0,0,0,0,0,0,0,0,0,0,0,0,0,0,0,0,0,0,0,0,0,0,0,0,0,0,0,0,0,0,0,0,0,0,0,0,0,0,0,0,0,0,1,0,0,0,0,0,0,0,0,0,0,0,0,0,0,0,0,0,0,0,0,0,0,1,0,1,1,0,0,0,0,1,0,0,0,1,0,0,1,1,0,0,0,1,1,1,1,1,0,0,0,1,0,0,0,0,0,0,0,1,1,1,1,0,0,0,0,1,0,0,0,0,0,0,0,0,0,1,1,1,0,0,0,0,1,1,1,1,1,1,1,1,1,1,0,1,1,1,1,1,0,0
CHEMBL220_369,38,38,-1,-1,-1,2.230769230769231,3.0798063414104004,2.997845857521737,7.7521163725687465,0.11120721288101744,0.11810480632438411,1.8014336393478922,4.19699246212928,0.20016368503488005,0.10193380388857175,-0.3261900141145076,-1.0177576904965422,8.416666666666666,4.447221354708779,-0.19882044172516422,-0.8136196217458265,0.021534692587324166,0.06170857876034863,3.5176977372252862,11.659554939707025,0.8157894736842105,0.3876557858593746,-1.6292261599251143,0.6543778801843323,2.230769230769231,3.0798063414104004,2.997845857521737,7.7521163725687465,2.0,0.0,0,0,2.0,2.6457513110645907,3.5039864302283994,11.72717508055854,0.0,0.0,0,0,0.0245933870099919,0.050171549112783015,1.7291901568383652,1.3064100867559478,0.03846153846153847,0.048709759687369944,3.063878761363437,8.17687749819124,0.03846153846153846,0.03148604261153645,-0.6648078473539597,0.5464790922418068,1.3076923076923077,0.46153846153846145,0.8333333333333339,-1.3055555555555545,-0.7776855922418241,76.0,342.0,0.0,312.0,3264.0,56.0,0.0,0.0,0.0,1182.0,1724.0,32088.0,0.0,0.0,0.0,0.0,288.0,0.0,0.0,0.0,48.0,0.0,0.0,0.0,0.0,0.0,0.0,0.0,0.0,0.0,36.0,1,1,0,1,1,1,0,0,0,1,1,1,0,0,0,0,1,0,0,0,1,0,0,0,0,0,0,0,0,0,1,6.294117647058823,0.5703152773430975,1.8038899243079334,2.176776822091446,2.235294117647059,0.5455069703232768,0.07523216735123585,-0.2950243374797199,0.0,0.0,0,0,3.2058823529411766,0.40434491426080943,1.4547859349066143,0.11640211640211406,0.6176470588235294,0.4859621071134796,-0.484182026135042,-1.7655677655677655,12.597823529411766,1.1376456718770063,1.802307905275898,2.168945158961943,0.7647058823529411,0.6885117594540956,0.34423753799974616,-0.887953540412382,454.53400000000016,103.01000000000002,3.6046000000000014,0,6,0,0,0,0,0,0,0,0,0,0,0,0,0,0,0,0,0,0,0,0,0,0,0,0,0,0,0,0,0,0,0,0,0,0,0,0,0,0,1,0,0,0,0,0,0,0,0,0,0,0,0,0,0,0,0,0,0,0,0,0,0,0,0,0,0,1,0,0,0,0,0,0,0,0,0,1,0,1,0,1,1,0,0,1,0,1,1,0,0,0,1,0,1,0,0,0,1,1,1,0,1,1,0,0,1,1,0,0,0,0,1,1,0,0,0,0,0,1,1,0,1,1,1,0,0,1,0,0,1,1,0,1,0,1,0,1,1,1,1,0,0,0,1,0,0,1,0,1,1,0,0,1,0,1,1,1,1,0,1,1,0,1,1,1,1,1,0,1
CHEMBL220_370,36,35,-1,-1,-1,2.16,2.962161373051779,2.983480007043218,7.362674707563837,0.11389413449307718,0.12167951309012795,1.7005974949355196,3.4500415595234735,0.20087032540820615,0.10004604670642031,-0.3322151526408786,-0.951314009145042,8.064814814814817,4.194799061127639,-0.20122922313946584,-0.7389984986470188,0.02469654528478058,0.06662701483563674,3.327781911193115,10.053210247305422,0.8055555555555556,0.3957724124659724,-1.5440972939559132,0.3842364532019724,2.16,2.962161373051779,2.983480007043218,7.362674707563837,2.0,0.0,0,0,1.9444444444444444,2.5706078447242833,3.436776567759192,10.850487174514347,0.0,0.0,0,0,0.021268718739138975,0.04945991515324756,2.0494429759523953,2.5112166485755507,0.040000000000000015,0.049502106153845614,3.0014304373896543,7.475072148997446,0.04,0.0369545037529177,-0.9565359627226357,0.9943298277997457,1.24,0.4270831300812524,1.2175615550562024,-0.5175438596491229,-0.4079904677095177,70.0,304.0,0.0,244.0,2772.0,48.0,0.0,0.0,0.0,1002.0,1246.0,25200.0,0.0,0.0,0.0,0.0,246.0,0.0,0.0,0.0,48.0,0.0,0.0,0.0,0.0,0.0,0.0,0.0,0.0,0.0,0.0,1,1,0,1,1,1,0,0,0,1,1,1,0,0,0,0,1,0,0,0,1,0,0,0,0,0,0,0,0,0,0,6.628571428571429,1.758013721476018,4.361050951202919,20.1366109856733,2.2285714285714286,0.720544012166771,0.5439136819029154,0.35976622760175525,0.0,0.0,0,0,3.3714285714285714,0.5897076411585798,-0.3282327626431492,-0.6943397474046149,0.34285714285714286,0.47466422073817577,0.6621221919717303,-1.5615942028985508,13.267800000000003,3.523179447195794,4.372621482889306,20.22482403824978,0.8571428571428571,0.7979565739296537,0.26165735782210053,-1.3851084812623276,494.61300000000034,95.94,2.5941,1,4,0,0,0,0,0,0,0,0,0,0,0,0,0,0,0,0,0,1,0,0,0,0,0,0,0,0,0,0,0,0,0,0,0,0,0,0,1,0,0,0,0,0,0,0,0,0,0,0,0,0,0,1,0,0,0,1,0,0,1,0,1,1,0,0,0,0,1,1,0,0,0,0,0,1,0,0,0,0,0,0,0,0,0,0,0,1,1,0,1,0,1,1,1,0,0,1,0,0,1,0,1,0,1,0,1,1,0,0,0,0,1,1,1,1,0,0,0,1,1,0,1,1,1,0,1,1,1,1,1,1,1,1,1,1,0,0,1,1,1,1,1,0,1,1,0,1,1,1,1,0,0,1,1,1,1,0,1,1,1,1,0,1,1,1,1,1,0,0
CHEMBL220_371,41,39,-1,-1,-1,2.0689655172413794,3.2155981315516606,3.5156853513815234,11.208976263764525,0.10466663906567529,0.11591004516061013,2.348860106543788,8.306722236450709,0.19680500418495647,0.09920428483038488,-0.3305335826460711,-0.8947847576999783,9.080487804878048,4.734468120067193,-0.2239110892373093,-0.6298774321975578,0.023952470293933707,0.0723905363203813,3.951006073839728,15.783605664549764,0.8292682926829268,0.3762743565985735,-1.7501500535908439,1.0630252100840334,2.0689655172413794,3.2155981315516606,3.5156853513815234,11.208976263764525,2.0,0.0,0,0,1.9024390243902438,2.783267758770917,4.030571565264841,15.884124443208606,0.0,0.0,0,0,0.010088959585248027,0.028194805271554896,2.598667616701632,5.114933492904697,0.034482758620689655,0.04852480681259727,3.5110388744183445,11.191147374384824,0.03448275862068966,0.030813653777165155,-1.2323567169543956,1.625788979895538,1.1724137931034482,0.377739694831149,1.7344547654330282,1.00833333333334,-0.35230970287165975,78.0,388.0,0.0,214.0,4416.0,24.0,0.0,0.0,0.0,930.0,1352.0,51720.0,0.0,0.0,0.0,0.0,138.0,0.0,0.0,0.0,12.0,0.0,0.0,0.0,0.0,0.0,0.0,0.0,0.0,0.0,0.0,1,1,0,1,1,1,0,0,0,1,1,1,0,0,0,0,1,0,0,0,1,0,0,0,0,0,0,0,0,0,0,6.303030303030303,0.6735185082088749,2.5264809814312983,6.218205510662363,2.242424242424242,0.552147489645109,0.03835136794820613,-0.348708085353461,0.0,0.0,0,0,3.272727272727273,0.4453617714151233,1.0206207261596558,-0.9583333333333357,0.6363636363636364,0.4810456929208346,-0.5669467095138409,-1.678571428571428,12.645999999999999,1.4702707233703598,2.8596972246537367,8.515275916596934,0.7878787878787878,0.7285342594043217,0.34959543486711275,-1.0648758994743834,443.5260000000001,73.91,4.406000000000003,0,6,0,0,0,0,0,0,0,0,0,0,0,0,0,0,0,0,0,0,0,0,0,0,0,0,0,0,0,0,0,0,0,0,0,0,0,0,0,0,0,0,0,0,1,0,0,0,0,0,0,0,0,0,1,1,0,0,0,0,0,0,0,0,1,0,0,1,0,0,0,1,0,0,0,0,0,1,0,0,0,1,1,0,1,1,0,1,1,1,0,0,1,1,1,0,1,1,1,1,1,0,1,1,0,0,0,1,0,1,0,0,1,1,0,0,0,0,0,1,1,0,1,1,1,0,1,1,0,0,1,1,0,1,0,0,1,0,0,1,1,0,0,0,1,0,1,1,0,1,1,0,1,1,0,1,1,1,1,0,1,0,0,1,1,1,1,1,0,1
CHEMBL220_372,40,36,-1,-1,-1,2.0,2.9742484506432625,3.245248025919264,9.215576559546312,0.10364491521766861,0.11940574336907873,2.2390765721129933,7.4513374347630705,0.17363170286763285,0.0945865078421681,-0.23133328946633336,-1.0642567202685214,7.7541666666666655,4.406472118121,-0.10327910629985243,-0.8499589974758126,0.01983805668016194,0.06173974763511997,3.4554059760914435,11.199899145291567,0.825,0.3799671038392666,-1.7106744068953987,0.9264069264069255,2.0,2.9742484506432625,3.245248025919264,9.215576559546312,2.0,0.0,0,0,1.8,2.491987158875422,3.8535104470836092,14.370175888974465,0.0,0.0,0,0,0.003365464944412313,0.010583191155563497,3.106979654351609,8.480588523373115,0.03846153846153847,0.052225281066389045,3.2615756731454404,9.307052978399588,0.038461538461538464,0.030767039325388053,-0.8994862887380123,0.6728639278798183,1.1538461538461537,0.36080121229411,1.9188064472004944,1.6818181818181834,-0.5281700801683983,72.0,306.0,0.0,136.0,2970.0,8.0,0.0,0.0,0.0,512.0,730.0,29184.0,0.0,0.0,0.0,0.0,42.0,0.0,0.0,0.0,0.0,0.0,0.0,0.0,0.0,0.0,0.0,0.0,0.0,0.0,0.0,1,1,0,1,1,1,0,0,0,1,1,1,0,0,0,0,1,0,0,0,0,0,0,0,0,0,0,0,0,0,0,6.9655172413793105,1.9205379745716302,3.55382287386861,13.948745240794306,2.1379310344827585,0.8189201439336495,0.11781167831941262,-0.7968915044514864,0.0,0.0,0,0,3.3793103448275863,0.48521542343000995,0.4974683381630904,-1.7525252525252526,0.41379310344827586,0.4925123054167483,0.35007002100700274,-1.8774509803921566,13.940379310344833,3.8483838472057355,3.56745235976341,14.034693823571363,0.6896551724137931,0.5319740903635004,-0.1127547653573936,-0.6847327166160571,424.4310000000001,156.63,-0.5600999999999992,4,5,0,0,0,0,0,0,0,0,0,0,0,0,0,0,0,0,0,0,0,0,0,0,0,0,1,0,0,0,0,0,0,0,1,1,0,0,0,0,0,0,0,0,0,0,0,0,0,0,0,0,0,1,0,1,1,1,0,0,1,1,1,1,0,0,1,0,0,1,1,1,0,1,1,1,0,1,0,0,0,1,0,1,0,0,0,0,0,0,1,1,1,1,1,0,1,1,0,1,1,0,1,0,1,0,1,0,1,0,0,0,1,0,1,1,0,0,0,1,0,0,0,1,1,0,1,1,1,1,0,0,1,1,1,0,0,0,1,1,0,1,1,0,1,1,0,1,1,0,1,0,1,1,1,1,1,0,1,1,1,1,0,1,1,1,1,1,0,0
CHEMBL220_373,38,34,-1,-1,-1,1.9230769230769231,2.659136310375939,3.1387314522109047,8.216816932476679,0.10840771972920489,0.12067955823915825,2.098651610628936,6.551234798014612,0.1743686749323507,0.08349425066566443,-0.3428945264746284,-0.9092556479194243,7.632080200501253,3.904192136163245,-0.15018676693638933,-0.6651464075700866,0.027224593014066698,0.07948571471219769,3.0934946466975135,8.073752575117663,0.8157894736842105,0.3876557858593746,-1.6292261599251139,0.6543778801843323,1.9230769230769231,2.659136310375939,3.1387314522109047,8.216816932476679,2.0,0.0,0,0,1.7894736842105263,2.295967801177604,3.559042396824455,11.708035739680332,0.0,0.0,0,0,0.0,0.0,0,0,0.038461538461538464,0.048181679854864864,3.134496454475378,8.215790671216967,0.038461538461538464,0.029228796407925604,2.305695894504038,7.239604911901276,1.0,0.0,0,0,-0.6518050212708806,68.0,254.0,0.0,82.0,2100.0,0.0,0.0,0.0,0.0,220.0,364.0,17040.0,0.0,0.0,0.0,0.0,0.0,0.0,0.0,0.0,0.0,0.0,0.0,0.0,0.0,0.0,0.0,0.0,0.0,0.0,0.0,1,1,0,1,1,0,0,0,0,1,1,1,0,0,0,0,0,0,0,0,0,0,0,0,0,0,0,0,0,0,0,6.241379310344827,0.5666095422467236,2.246338686459461,3.7597530864197557,2.206896551724138,0.5495647396727319,0.0637336998919864,-0.18615537231074342,0.0,0.0,0,0,3.4827586206896552,0.49970264642032547,0.06900655593423502,-1.995238095238095,0.41379310344827586,0.4925123054167483,0.3500700210070027,-1.8774509803921566,12.492517241379312,1.1300965665387783,2.245122587870882,3.753240067901716,1.0689655172413792,0.6913771605435662,-0.09156242413525245,-0.9104106334001636,393.5310000000001,64.6,3.2058000000000018,2,8,0,0,0,0,0,0,0,0,0,0,0,0,0,0,0,0,0,0,0,0,0,0,1,0,1,0,0,0,0,0,0,0,0,0,0,0,0,0,0,0,0,0,0,0,0,0,0,0,0,0,0,0,0,0,0,0,0,0,0,0,0,0,1,0,0,0,0,0,1,1,0,1,1,0,0,1,0,0,0,0,0,0,1,0,0,1,1,0,0,0,1,1,1,0,1,0,0,0,1,0,1,0,1,0,1,0,0,0,0,0,1,1,0,0,0,0,0,1,1,0,0,1,1,0,1,1,0,0,1,1,0,1,0,1,0,0,0,1,1,1,0,0,1,0,0,1,0,1,1,0,1,1,0,1,1,1,1,0,1,1,0,1,1,1,1,1,0,0
CHEMBL220_374,39,39,-1,-1,-1,2.32,3.414322773259728,3.1931398480981557,8.993440995026239,0.10730121087022634,0.11885905849706559,1.946547191822101,5.4382683879013225,0.18946940890196584,0.10787876753962312,-0.20976714007759165,-1.2264224820120562,8.094017094017095,4.731696609972432,-0.1129843168887615,-0.96799502440185,0.016486121749279645,0.05343295056471674,4.165233474762469,16.772452228009445,0.8205128205128205,0.3837597319768145,-1.6703827619526517,0.7901785714285703,2.32,3.414322773259728,3.1931398480981557,8.993440995026239,2.0,0.0,0,0,2.0,2.8374781146789574,3.899129374877209,14.833928354091444,0.0,0.0,0,0,0.04492245343309172,0.09947006150034456,2.81910302653745,8.897897619695534,0.04000000000000001,0.054153536430958216,3.238152817999598,9.252841711030557,0.04,0.015271014409214322,0.24552470496503745,-0.5421052444377001,1.36,0.48,0.5833333333333327,-1.6597222222222228,-1.4625339624929135,78.0,392.0,0.0,336.0,4416.0,88.0,0.0,0.0,0.0,1564.0,2062.0,51720.0,0.0,0.0,0.0,0.0,498.0,0.0,0.0,0.0,120.0,0.0,0.0,0.0,0.0,0.0,0.0,0.0,0.0,0.0,48.0,1,1,0,1,1,1,0,0,0,1,1,1,0,0,0,0,1,0,0,0,1,0,0,0,0,0,0,0,0,0,1,6.605263157894737,0.9607966454488779,1.3908878764523653,0.6223360041060539,2.210526315789474,0.7663273567663702,-0.026241051131707865,-0.6826717693129218,0.0,0.0,0,0,3.263157894736842,0.44034738238635557,1.0757057484009545,-0.842857142857143,0.5526315789473685,0.4972222007287153,-0.2117024496099857,-1.955182072829131,13.29755263157895,2.12179732274524,1.607405178085655,1.4804923304504767,0.6052631578947368,0.7085743167282241,0.7345851446783243,-0.7116290130796656,528.4910000000001,125.24999999999999,3.690200000000001,0,4,0,0,0,0,0,0,0,0,0,0,0,0,0,0,0,0,0,0,0,0,0,0,0,0,0,0,0,0,0,0,0,0,0,0,0,0,0,1,1,0,0,0,1,0,0,0,0,0,0,0,0,0,0,0,0,0,0,0,0,0,0,0,1,0,0,1,0,0,0,0,0,0,0,0,0,1,0,1,0,1,1,0,0,1,0,1,1,0,0,0,1,1,1,0,0,1,1,1,1,0,1,1,0,0,0,1,1,1,0,0,1,1,1,1,0,0,0,1,1,0,1,1,1,0,0,1,0,1,1,1,0,1,0,1,1,1,1,1,1,1,1,0,1,1,1,1,1,1,1,0,1,1,1,1,1,1,1,1,1,1,0,1,1,1,1,1,0,0
CHEMBL220_375,39,39,-1,-1,-1,2.32,3.367135280917593,3.048131654339518,7.791864101926189,0.1076995031220498,0.11849828128833441,1.8119196594835385,4.2988608171601035,0.1874869301760486,0.10621463365288568,-0.21717152214520938,-1.24557249535413,8.042735042735043,4.688056587843548,-0.12067744072347379,-1.004310993690188,0.01677791151475362,0.05320002560734823,3.9422163134763797,14.472750835244227,0.8205128205128205,0.3837597319768145,-1.6703827619526517,0.7901785714285703,2.32,3.367135280917593,3.048131654339518,7.791864101926189,2.0,0.0,0,0,2.0,2.8010986855435576,3.731028987337815,13.106305267204924,0.0,0.0,0,0,0.0447365262112144,0.09888677753214567,2.8439778247504357,9.137610585206275,0.039999999999999994,0.05332416315252199,3.0775887702664133,7.9158538894962955,0.039999999999999994,0.042859163099369116,-1.7968131337644007,3.2701682249898534,1.36,0.48,0.5833333333333328,-1.6597222222222228,-0.7644882855562319,78.0,384.0,0.0,334.0,4116.0,88.0,0.0,0.0,0.0,1602.0,1986.0,44760.0,0.0,0.0,0.0,0.0,496.0,0.0,0.0,0.0,120.0,0.0,0.0,0.0,0.0,0.0,0.0,0.0,0.0,0.0,48.0,1,1,0,1,1,1,0,0,0,1,1,1,0,0,0,0,1,0,0,0,1,0,0,0,0,0,0,0,0,0,1,6.828571428571428,1.9637531745645234,4.04296507905555,17.716814206878464,2.2285714285714286,0.720544012166771,0.08566453449502567,-0.33072267710929326,0.0,0.0,0,0,3.257142857142857,0.4370588154508102,1.1113247657830427,-0.7649572649572662,0.6,0.48989794855663565,-0.40824829046386285,-1.8333333333333337,13.7928,4.238111889576706,3.9282096591620257,16.71126916094983,0.5428571428571428,0.6477590885002649,0.7867376353842034,-0.445222486335902,501.90000000000026,87.45,4.8639000000000046,1,4,0,0,0,0,0,0,0,0,0,0,0,0,0,0,0,0,0,0,0,0,0,0,0,0,0,0,0,0,0,0,0,0,0,0,0,0,0,1,1,0,0,0,1,1,0,0,0,0,0,0,0,0,1,0,0,0,0,0,0,0,0,0,1,0,0,1,0,0,0,0,0,0,0,0,0,1,0,1,0,1,1,0,0,1,0,1,1,1,0,0,1,1,0,0,1,0,1,0,1,0,1,1,0,1,1,1,1,1,0,0,1,1,1,0,0,0,0,1,1,0,1,1,1,0,1,1,0,0,0,1,0,1,0,1,1,1,0,1,1,0,0,0,1,0,1,1,0,1,1,0,1,1,0,1,1,0,1,0,1,0,0,1,1,1,1,1,0,0
CHEMBL220_376,39,35,-1,-1,-1,2.0,2.8284271247461903,3.022881489572491,7.362500000000001,0.10790029856336981,0.11831547325249264,1.770873817540399,3.986760468240057,0.16357971649371747,0.08828642504733052,-0.18037903048568465,-1.1002513001335479,7.2735042735042725,4.127918492641366,-0.06493661545010784,-0.9010713802600763,0.02144654776233724,0.06222154307722478,3.4059780698348177,10.89903444030586,0.8205128205128205,0.3837597319768145,-1.6703827619526517,0.7901785714285703,2.0,2.8284271247461903,3.022881489572491,7.362500000000001,2.0,0.0,0,0,1.794871794871795,2.3662096400121695,3.6012622392377005,11.840363929108875,0.0,0.0,0,0,0.004714912280701754,0.014214167803701237,2.77464417742578,5.916796787868289,0.04000000000000001,0.05133774985060262,3.0175025252856393,7.323049992558429,0.04,0.02094742555231097,1.3880489932847555,2.4378862013549556,1.16,0.3666060555964672,1.8548520670059356,1.4404761904761934,-1.7076561426029973,70.0,274.0,0.0,108.0,2370.0,8.0,0.0,0.0,0.0,462.0,510.0,19920.0,0.0,0.0,0.0,0.0,38.0,0.0,0.0,0.0,0.0,0.0,0.0,0.0,0.0,0.0,0.0,0.0,0.0,0.0,0.0,1,1,0,1,1,1,0,0,0,1,1,1,0,0,0,0,1,0,0,0,0,0,0,0,0,0,0,0,0,0,0,7.111111111111111,2.042752923427804,3.0562976759888287,10.417334827211937,2.1481481481481484,0.8478165290562664,0.07819984781947013,-0.9448750072839567,0.0,0.0,0,0,3.1481481481481484,0.35524677950464595,1.980886933542208,1.9239130434782536,0.5555555555555556,0.4969039949999533,-0.22360679774997902,-1.95,14.342740740740744,4.205229835552592,2.831843915623925,8.9147092348712,0.37037037037037035,0.4829038818668629,0.5368754921931594,-1.7117647058823526,397.3340000000001,111.55,4.362900000000001,0,3,0,0,0,0,0,0,0,0,0,0,0,0,0,0,0,0,0,0,0,0,0,0,0,0,0,0,0,0,0,0,0,0,0,0,0,0,1,1,0,0,0,0,1,1,0,0,0,1,0,0,0,0,0,0,0,0,0,0,0,0,0,0,0,0,0,1,0,0,0,0,0,0,0,0,0,0,0,1,0,0,1,1,0,1,0,0,0,0,1,0,0,0,0,0,0,0,1,1,0,0,0,1,0,0,0,1,1,1,0,0,1,0,1,1,0,0,0,1,0,0,1,1,0,1,0,1,0,1,0,0,0,1,0,1,1,1,1,1,0,1,1,0,1,1,1,1,1,0,0,0,1,1,1,0,1,0,1,1,1,1,0,1,1,1,1,1,0,0
CHEMBL220_377,37,36,-1,-1,-1,2.16,2.948626799037138,2.9326340267464426,6.938368461826993,0.11420547085998331,0.11825454516709506,1.6574868171710402,3.2307012660721632,0.19193644430391674,0.09691373028614401,-0.27304159460132366,-1.0021807812116403,7.948648648648649,4.1799686378595196,-0.16497042379571739,-0.818188974962955,0.022565422565422565,0.06509399377011915,3.465463084238645,10.964369404068462,0.8108108108108109,0.3916588309780929,-1.5871507864874157,0.5190476190476199,2.16,2.948626799037138,2.9326340267464426,6.938368461826993,2.0,0.0,0,0,1.945945945945946,2.5249666408922518,3.4254415021765,10.660980421849963,0.0,0.0,0,0,0.02694054629759144,0.0847504283705014,4.731282676365911,23.288571193952823,0.039999999999999994,0.04987511544288406,2.9611938556701998,7.05883287053566,0.03999999999999979,4.421637009026949,-2.7647386123345172,6.209588219099961,1.28,0.448998886412873,0.9799578870122222,-1.0396825396825407,0.609371796599373,72.0,304.0,0.0,226.0,2706.0,32.0,0.0,0.0,0.0,800.0,1146.0,23880.0,0.0,0.0,0.0,0.0,146.0,0.0,0.0,0.0,12.0,0.0,0.0,0.0,0.0,0.0,0.0,0.0,0.0,0.0,24.0,1,1,0,1,1,1,0,0,0,1,1,1,0,0,0,0,1,0,0,0,1,0,0,0,0,0,0,0,0,0,1,6.851851851851852,2.137906620690639,3.945425715439484,15.836202187958015,2.1481481481481484,0.7046776885348314,-0.216623698947966,-0.982158664265437,0.0,0.0,0,0,3.037037037037037,0.18885257457751053,4.9029033784546,22.038461538461526,0.6296296296296297,0.48290388186686295,-0.5368754921931592,-1.7117647058823533,13.765592592592597,4.529303954858924,4.047280340805328,16.495674748983937,0.48148148148148145,0.49965694678637196,0.0741249316661104,-1.9945054945054947,384.77500000000015,108.64,3.8754000000000017,0,4,0,0,0,0,0,0,0,0,0,0,0,0,0,0,0,0,0,0,0,0,0,0,0,0,0,0,0,0,0,0,0,0,0,0,0,0,0,0,0,0,0,0,0,0,0,0,0,0,0,0,0,0,0,1,1,0,0,1,0,0,0,0,1,0,0,0,0,0,0,0,0,0,1,0,0,0,0,0,0,1,0,0,0,1,0,0,0,1,0,0,0,0,1,0,0,1,1,1,0,0,0,0,0,1,0,0,0,1,0,0,1,0,0,0,0,0,0,1,0,0,0,0,0,1,0,1,0,0,0,0,0,1,0,1,1,1,1,1,0,1,1,0,1,0,1,1,1,0,0,0,1,1,0,0,1,0,1,1,1,1,0,1,1,1,1,1,0,0
CHEMBL220_378,37,35,-1,-1,-1,2.08,2.8272955275315663,2.945142929156446,7.040957185283858,0.11487431603927262,0.11760492566868255,1.7037966747233808,3.7109889733177086,0.1869430748212277,0.09275931885916179,-0.291709487824137,-0.9352667931310563,7.783783783783784,4.051352954021083,-0.16335499966953093,-0.7669284938718173,0.02350922350922351,0.0686293688631247,3.263303241759814,9.532921754386331,0.8108108108108109,0.3916588309780929,-1.5871507864874157,0.5190476190476199,2.08,2.8272955275315663,2.945142929156446,7.040957185283858,2.0,0.0,0,0,1.8918918918918919,2.4249133033684274,3.4129434570371973,10.626835353574323,0.0,0.0,0,0,0.02058887058887059,0.08224431525405279,5.360005287731888,28.22258495183762,0.039999999999999994,0.04972990475436019,2.968674062618854,7.116505452983976,0.04,0.023222787741753403,-0.08185111974400239,0.7790039222496561,1.24,0.4270831300812524,1.2175615550562027,-0.5175438596491229,-2.209069101111681,70.0,280.0,0.0,174.0,2376.0,16.0,0.0,0.0,0.0,512.0,844.0,19920.0,0.0,0.0,0.0,0.0,62.0,0.0,0.0,0.0,0.0,0.0,0.0,0.0,0.0,0.0,0.0,0.0,0.0,0.0,12.0,1,1,0,1,1,1,0,0,0,1,1,1,0,0,0,0,1,0,0,0,0,0,0,0,0,0,0,0,0,0,1,6.525,0.8940777371123834,1.7087945365882884,1.8706915892192422,2.25,0.6614378277661477,-0.3239695482936233,-0.7755102040816326,0.0,0.0,0,0,3.2,0.39999999999999997,1.4999999999999991,0.24999999999999778,0.7,0.45825756949558405,-0.8728715609439691,-1.2380952380952392,13.133625,1.998270798559345,1.9401031199418568,2.849203800059872,0.525,0.6319612329882269,0.7975024163199386,-0.3926469615816961,546.5130000000001,112.52000000000001,4.535000000000004,0,8,0,0,0,0,0,0,0,0,0,0,0,0,0,0,0,0,0,0,0,0,0,0,1,0,0,0,0,0,0,0,0,0,0,0,0,0,0,0,1,0,0,0,1,0,0,0,0,0,0,0,0,0,1,0,0,0,0,0,0,0,0,0,1,0,0,1,0,0,0,0,0,0,0,0,0,1,0,1,0,1,1,0,0,1,0,1,0,1,0,1,0,0,1,0,1,0,1,1,1,0,1,0,0,0,0,0,1,1,0,0,1,1,0,1,0,0,0,1,0,0,1,1,1,0,1,1,0,1,0,0,1,0,0,1,1,1,1,1,0,0,0,0,1,1,1,1,0,1,1,0,1,1,0,1,1,1,1,0,1,1,0,1,1,1,1,1,0,0
CHEMBL220_379,41,39,-1,-1,-1,2.1481481481481484,3.3188987877362743,3.3652605007500953,10.122953091535631,0.10447320581833955,0.11608442259182705,2.262569878153242,7.803884617652525,0.1853106427529412,0.10255675139543376,-0.2679583434260331,-1.1020661618397674,8.43089430894309,4.8164093398722665,-0.16515506487393877,-0.8701126899611591,0.018292682926829267,0.05998276026257175,3.949948535737364,15.062058131935629,0.8292682926829268,0.3762743565985735,-1.7501500535908439,1.0630252100840334,2.1481481481481484,3.3188987877362743,3.3652605007500953,10.122953091535631,2.0,0.0,0,0,1.9024390243902438,2.7832677587709167,4.030571565264841,15.88412444320861,0.0,0.0,0,0,0.022907885590022953,0.07987005467082925,5.221920150759,28.08885661434034,0.03703703703703703,0.05265487729883209,3.3884275777150954,10.210019656713335,0.03703703703703704,0.020186491014379197,1.973538998368507,5.566805940398149,1.2592592592592593,0.43822813208145306,1.098700531147071,-0.7928571428571427,-1.1837187694388138,78.0,388.0,0.0,236.0,4416.0,32.0,0.0,0.0,0.0,980.0,1462.0,51720.0,0.0,0.0,0.0,0.0,172.0,0.0,0.0,0.0,12.0,0.0,0.0,0.0,0.0,0.0,0.0,0.0,0.0,0.0,24.0,1,1,0,1,1,1,0,0,0,1,1,1,0,0,0,0,1,0,0,0,1,0,0,0,0,0,0,0,0,0,1,6.428571428571429,0.6880911187881312,1.3101140356236551,0.30707491082044935,2.2285714285714286,0.636315927180574,-0.23681828130143323,-0.6621357960457863,0.0,0.23904572186687872,0.0,14.5,3.1142857142857143,0.31815796359028703,2.424671577361459,3.8790322580645116,0.6,0.48989794855663565,-0.40824829046386285,-1.8333333333333337,12.865971428571429,1.372386065751685,1.30889179024711,0.30301484923578403,0.6,0.6845227743263393,0.7054941740156948,-0.6534800713860802,471.4770000000002,126.5,3.382100000000002,0,4,0,0,0,0,0,0,0,0,0,0,0,0,0,0,0,0,0,0,0,0,0,0,0,0,1,0,0,0,0,0,0,0,0,0,0,0,0,1,0,0,0,0,0,0,0,0,0,0,0,1,0,0,1,0,0,0,1,0,0,0,0,0,1,1,0,1,0,0,0,0,1,1,0,0,0,1,0,1,0,1,1,0,0,1,0,1,1,0,0,0,0,0,1,0,1,1,1,1,1,0,1,1,1,0,0,1,1,0,0,0,1,1,0,0,0,0,0,1,1,1,1,1,1,0,1,1,0,0,1,1,1,0,0,1,0,1,1,1,1,0,1,0,1,0,1,1,1,1,1,0,1,1,0,1,1,0,1,0,1,1,0,1,1,1,1,1,0,0
CHEMBL220_380,38,35,-1,-1,-1,2.0,2.660248687044705,2.941862914784788,7.094045368620039,0.11557903566966392,0.11383003113130892,1.7102260834363332,3.949114430063834,0.17581123106322466,0.08421411095677492,-0.34839335147358,-0.8862293651501298,7.699122807017545,3.9221069856826523,-0.19030819376033944,-0.7045829286701344,0.026750434645171486,0.07836088711578564,3.1155429650906434,8.266047423690988,0.8157894736842105,0.3876557858593746,-1.6292261599251139,0.6543778801843323,2.0,2.660248687044705,2.941862914784788,7.094045368620039,2.0,0.0,0,0,1.8421052631578947,2.300186671938121,3.35897115313802,10.335000137057664,0.0,0.0,0,0,0.009474430984728466,0.03531855787709632,4.462430537955504,20.05743045456457,0.038461538461538464,0.04710386778092834,2.985483089596172,7.317476575742381,0.038461538461538464,0.01840513227410988,-0.11609976158629742,0.451932666891357,1.1538461538461537,0.36080121229411,1.9188064472004944,1.6818181818181834,0.896403244322498,70.0,260.0,0.0,112.0,2052.0,8.0,0.0,0.0,0.0,286.0,480.0,15960.0,0.0,0.0,0.0,0.0,22.0,0.0,0.0,0.0,0.0,0.0,0.0,0.0,0.0,0.0,0.0,0.0,0.0,0.0,0.0,1,1,0,1,1,1,0,0,0,1,1,1,0,0,0,0,1,0,0,0,0,0,0,0,0,0,0,0,0,0,0,6.324324324324325,0.6174951166916682,1.7230825001706869,1.686946756506802,2.2162162162162162,0.5758723176395275,-0.04713907577875607,-0.35439267208756187,0.0,0.0,0,0,3.27027027027027,0.4440993709501347,1.034587053065314,-0.9296296296296291,0.4864864864864865,0.49981735159207913,0.054073807043587344,-1.997076023391813,12.65802702702703,1.2316403144321015,1.7217494984644535,1.6811124663136354,0.8108108108108109,0.7292290574720022,0.30790356230538013,-1.0817836010143693,498.5870000000003,116.32,3.4718000000000018,0,8,0,0,0,0,0,0,0,0,0,0,0,0,0,0,0,0,0,0,0,0,0,0,1,0,0,0,0,0,0,0,0,0,0,0,0,0,0,0,1,0,0,0,0,0,0,0,0,0,0,0,0,0,0,0,0,0,0,0,0,0,0,0,0,0,0,1,0,0,0,0,0,0,0,0,0,1,0,1,0,1,1,0,0,0,0,1,1,0,0,0,1,1,1,0,0,0,0,1,1,0,1,0,0,0,1,0,0,0,0,0,1,1,0,0,0,0,0,1,1,0,1,1,1,0,0,1,0,0,1,1,0,1,0,1,0,1,1,1,1,0,0,0,1,0,0,1,1,1,1,0,0,1,0,1,1,1,1,0,1,1,0,1,1,1,1,1,0,1
CHEMBL220_381,37,35,-1,-1,-1,2.08,2.8131121556027585,2.9907775357484354,7.243668498064581,0.11503189384019327,0.11745080002522557,1.715047831035009,3.7860742632172153,0.18711848522681715,0.09241357952592583,-0.33050496124113804,-0.9758983311253067,7.797297297297297,4.045802914617398,-0.1887919966929577,-0.7847285255398,0.023423423423423424,0.06640009655404303,3.3939462375002454,10.441359832520318,0.8108108108108109,0.3916588309780929,-1.5871507864874157,0.5190476190476199,2.08,2.8131121556027585,2.9907775357484354,7.243668498064581,2.0,0.0,0,0,1.8918918918918919,2.413742006677417,3.459303913167016,10.879159230449629,0.0,0.0,0,0,0.00424029799029799,0.012701095925477076,2.8838846559376417,6.889092681674885,0.04000000000000001,0.04942084742809018,3.008373700110873,7.3261921821160225,0.04000000000000001,0.08456243267519434,-2.4262071869801836,5.139861591888359,1.28,0.44899888641287294,0.9799578870122224,-1.0396825396825395,0.8037944620432964,70.0,278.0,0.0,150.0,2370.0,8.0,0.0,0.0,0.0,494.0,690.0,19920.0,0.0,0.0,0.0,0.0,38.0,0.0,0.0,0.0,0.0,0.0,0.0,0.0,0.0,0.0,0.0,0.0,0.0,0.0,24.0,1,1,0,1,1,1,0,0,0,1,1,1,0,0,0,0,1,0,0,0,0,0,0,0,0,0,0,0,0,0,1,6.305555555555555,0.6155144390600094,1.8428591308046476,2.058304055483431,2.2222222222222223,0.5328701692569688,0.14505350543100792,-0.18147448015122825,0.0,0.0,0,0,3.3055555555555554,0.4606423319938055,0.8442317648177393,-1.2872727272727256,0.5,0.5,0.0,-2.0,12.620555555555557,1.2276493447154395,1.841633501251384,2.052772796493321,0.8611111111111112,0.7510281019219874,0.2332517227023921,-1.2002784634357662,485.58800000000025,96.44999999999999,4.368400000000003,0,9,0,0,0,0,0,0,0,0,0,0,0,0,0,0,0,0,0,0,0,0,0,0,1,0,0,0,0,0,0,0,0,0,0,0,0,0,0,0,1,0,0,0,0,0,0,0,0,0,0,0,0,0,0,0,0,0,0,0,0,0,0,0,0,0,0,1,0,0,0,0,0,0,0,0,0,1,0,1,0,1,0,0,0,0,0,1,1,0,0,0,1,1,1,0,0,1,0,1,1,0,1,0,0,0,0,0,0,0,0,1,1,1,0,1,0,0,0,1,1,0,1,1,1,0,0,1,1,1,1,1,0,1,0,1,0,1,1,1,1,0,0,0,1,1,0,1,1,1,1,0,0,1,1,1,1,1,1,1,1,1,0,1,1,1,1,1,0,1
CHEMBL220_382,36,31,-1,-1,-1,1.9090909090909092,2.4291616756158887,2.769694885585297,5.909740366734923,0.11097510492039002,0.12434751250300992,1.644787122196857,3.4523296976215896,0.14947907090616974,0.07800581362308225,-0.13311499174613714,-1.0898102621184376,6.189814814814814,3.467951323974939,0.026870506919303396,-0.8746183520309185,0.022222222222222223,0.06362442949806703,2.9506674229729817,7.176493998039184,0.8055555555555556,0.3957724124659724,-1.5440972939559132,0.3842364532019724,1.9090909090909092,2.4291616756158887,2.769694885585297,5.909740366734923,2.0,0.0,0,0,1.7222222222222223,2.022252747022366,3.2831351819089827,9.662545247419011,0.0,0.0,0,0,0.0,0.0,0,0,0.045454545454545456,0.05262129521491448,2.7743526424953933,5.9589186331562,0.045454545454545456,0.041193628439963034,-1.399946766002916,1.8349745389246745,1.0,0.0,0,0,-1.1767323353528805,62.0,192.0,0.0,52.0,1284.0,0.0,0.0,0.0,0.0,162.0,184.0,8184.0,0.0,0.0,0.0,0.0,0.0,0.0,0.0,0.0,0.0,0.0,0.0,0.0,0.0,0.0,0.0,0.0,0.0,0.0,0.0,1,1,0,1,1,0,0,0,0,1,1,1,0,0,0,0,0,0,0,0,0,0,0,0,0,0,0,0,0,0,0,7.103448275862069,2.7958692138792394,3.017721906926957,7.847031094550728,2.1379310344827585,0.6809799192459138,-0.1791769649455709,-0.8577909270216968,0.0,0.0,0,0,3.206896551724138,0.40508069394726653,1.4471361022898732,0.09420289855072861,0.6206896551724138,0.48521542343000995,-0.49746833816309105,-1.7525252525252524,14.31527586206897,5.943975558592204,3.06124882946314,8.047769696579483,0.6206896551724138,0.6110360395403224,0.4388854542594686,-0.6603716175098375,433.28700000000015,75.99000000000001,5.269400000000003,1,8,0,0,0,0,0,0,0,0,0,0,0,0,0,0,0,0,0,0,0,0,0,0,0,0,0,0,0,0,0,0,0,0,0,0,0,0,0,0,0,0,0,0,0,0,0,0,0,0,0,0,0,0,0,0,1,0,0,0,0,0,0,0,0,0,0,0,0,0,0,0,0,0,1,0,0,0,0,0,0,0,0,0,0,0,0,0,0,1,0,1,0,0,0,0,0,0,0,0,0,0,0,0,0,1,0,0,0,1,0,1,0,0,0,1,0,0,0,0,0,0,0,0,0,1,0,1,1,1,0,0,0,1,0,0,1,0,0,0,1,1,1,0,0,1,1,1,1,0,0,0,1,0,1,1,1,1,0,1,0,1,0,0,1,1,1,1,0,0
CHEMBL220_383,38,35,-1,-1,-1,2.0,2.8010986855435576,3.1920247996736277,8.717993079584776,0.10867299449611205,0.12044073123712012,2.0520445412782737,6.141298444945258,0.18043644060020136,0.08913317059394849,-0.2623325292656298,-0.941851685202113,7.832080200501251,4.0744936628588695,-0.12976423836587486,-0.7097312393912287,0.025960170697012803,0.07210141937692366,3.389281699033541,10.94041889403713,0.8157894736842105,0.3876557858593746,-1.6292261599251139,0.6543778801843323,2.0,2.8010986855435576,3.1920247996736277,8.717993079584776,2.0,0.0,0,0,1.8421052631578947,2.4118819447136,3.6515958272404587,12.586342857142856,0.0,0.0,0,0,0.0043956043956043965,0.01314034128706398,2.789034281354573,6.137080010770278,0.03846153846153847,0.04861196537063206,3.18340806590126,8.67248738269653,0.03846153846153847,0.043324213820717224,3.426176891111036,11.899477991736521,1.1538461538461537,0.36080121229411,1.9188064472004944,1.6818181818181834,-0.4140535995586742,70.0,280.0,0.0,128.0,2496.0,8.0,0.0,0.0,0.0,460.0,612.0,22320.0,0.0,0.0,0.0,0.0,38.0,0.0,0.0,0.0,0.0,0.0,0.0,0.0,0.0,0.0,0.0,0.0,0.0,0.0,0.0,1,1,0,1,1,1,0,0,0,1,1,1,0,0,0,0,1,0,0,0,0,0,0,0,0,0,0,0,0,0,0,6.65,1.7255433926737398,4.11055852515189,18.776926867543523,2.2,0.7483314773547882,0.37225672980659047,-0.005102040816326703,0.0,0.0,0,0,3.575,0.49434299833212975,-0.30343304245450525,-1.9079283887468026,0.3,0.45825756949558394,0.8728715609439693,-1.2380952380952384,13.36035,3.530702002081173,3.9206461145368063,17.07342770713107,1.0,0.8366600265340756,0.0,-1.5714285714285714,574.7339999999999,77.92,5.201200000000005,2,10,0,0,0,0,0,0,0,0,0,0,0,0,0,0,0,0,0,0,0,0,0,0,0,0,0,0,0,0,0,0,0,0,0,0,0,0,0,0,0,0,0,0,1,0,0,0,0,0,0,0,0,1,0,0,0,1,0,0,1,1,1,1,1,0,1,0,1,1,0,0,0,0,0,1,0,1,0,0,0,0,1,1,0,1,0,1,1,1,1,0,1,1,0,0,0,0,1,1,1,0,1,0,1,0,0,0,0,1,0,0,0,1,1,0,0,0,0,0,1,0,1,1,1,1,1,1,0,0,1,1,1,0,1,0,1,0,1,1,1,1,1,0,1,0,0,1,1,1,1,0,1,0,0,1,1,1,0,1,1,1,0,1,1,1,1,1,0,0
CHEMBL220_384,39,38,-1,-1,-1,2.1481481481481484,3.1115519969789958,3.1888199850570302,8.530576751381364,0.1109611209572427,0.11544979548244248,1.9130471289604445,5.014167328882435,0.19352481816514763,0.09722683932608994,-0.3142476451368161,-0.949805747314719,8.525641025641027,4.450467893955198,-0.21663083674531405,-0.7418986601451398,0.02345260239997082,0.06974242269531508,3.6682437543448203,12.437102378380235,0.8205128205128205,0.3837597319768145,-1.6703827619526517,0.7901785714285703,2.1481481481481484,3.1115519969789958,3.1888199850570302,8.530576751381364,2.0,0.0,0,0,1.9487179487179487,2.678965720330046,3.6955650955016934,12.635333431980206,0.0,0.0,0,0,0.04013635714801402,0.15879800294811486,5.653423465289025,31.233197662185333,0.03703703703703703,0.04888914006139502,3.1875206760596293,8.455333601313974,0.03703703703703704,0.06636549423266144,-2.4657152218017386,5.813242390203605,1.2962962962962963,0.4566232594791835,0.8922178162191938,-1.2039473684210527,-0.6902708458319724,76.0,352.0,0.0,222.0,3564.0,32.0,0.0,0.0,0.0,912.0,1220.0,36024.0,0.0,0.0,0.0,0.0,156.0,0.0,0.0,0.0,12.0,0.0,0.0,0.0,0.0,0.0,0.0,0.0,0.0,0.0,0.0,1,1,0,1,1,1,0,0,0,1,1,1,0,0,0,0,1,0,0,0,1,0,0,0,0,0,0,0,0,0,0,6.894736842105263,2.45795672186013,3.630268763635687,12.051969396822745,2.210526315789474,0.6137844099837159,-0.15888839505850164,-0.5350346020761236,0.0,0.0,0,0,3.3947368421052633,0.48879409528965023,0.43070552164653175,-1.8144927536231892,0.47368421052631576,0.4993069989739547,0.1054092553389463,-1.9888888888888894,13.87478947368421,5.228138015926264,3.6735316771689215,12.286471669862681,0.7894736842105263,0.8321783316232577,0.4098311847578219,-1.4369600000000005,557.4820000000002,103.71,4.7340000000000035,0,8,0,0,0,0,0,0,0,0,0,0,0,0,0,0,0,0,0,0,0,0,0,0,0,0,0,1,0,0,0,0,0,0,0,0,0,0,0,0,0,0,0,0,0,0,0,0,0,0,0,0,0,0,0,0,0,0,0,0,0,0,0,0,1,0,0,1,0,0,0,0,0,0,0,0,0,1,0,1,0,1,1,0,1,0,0,1,1,1,0,0,0,1,1,0,0,1,0,0,1,0,1,0,0,1,1,0,1,1,0,0,1,1,0,1,0,0,0,1,1,0,1,1,1,1,0,1,1,1,1,1,0,1,1,1,1,1,0,1,1,1,0,0,1,1,0,1,1,1,1,0,0,1,1,1,1,1,1,1,1,1,0,1,1,1,1,1,0,0
CHEMBL220_385,37,36,-1,-1,-1,2.16,2.9350298124550624,2.9750995735993393,7.122572743189327,0.1140333852314394,0.11842049687315612,1.6796136151633991,3.373006221380149,0.18796905187430799,0.09465874717826728,-0.24522930445289115,-1.0050884930906963,7.865765765765768,4.129718969610057,-0.15407849770721768,-0.8138909419199214,0.023509223509223506,0.06699044428125374,3.5150815806463593,11.23360416816165,0.8108108108108109,0.3916588309780929,-1.5871507864874157,0.5190476190476199,2.16,2.9350298124550624,2.9750995735993393,7.122572743189327,2.0,0.0,0,0,1.945945945945946,2.514239941525997,3.468919992800697,10.894231853360115,0.0,0.0,0,0,0.04414649421823023,0.16323789492665866,5.415786898560118,28.78031775493807,0.039999999999999994,0.04955422167169711,2.9934091079112433,7.206003591599535,0.039999999999999994,0.12352170420803885,-2.543453242696977,5.451695126554945,1.32,0.46647615158762407,0.7717436331412894,-1.4044117647058831,0.44123305182336475,72.0,302.0,0.0,202.0,2700.0,32.0,0.0,0.0,0.0,772.0,990.0,23880.0,0.0,0.0,0.0,0.0,140.0,0.0,0.0,0.0,12.0,0.0,0.0,0.0,0.0,0.0,0.0,0.0,0.0,0.0,0.0,1,1,0,1,1,1,0,0,0,1,1,1,0,0,0,0,1,0,0,0,1,0,0,0,0,0,0,0,0,0,0,6.444444444444445,0.7617394000445604,1.3189919443958538,0.013580805794475292,2.2222222222222223,0.6285393610547089,-0.20992232566475685,-0.62109375,0.0,0.0,0,0,3.0,0.0,0,0,0.8333333333333334,0.37267799624996495,-1.7888543819998322,1.200000000000001,12.897444444444444,1.5190705572897834,1.318364442515016,0.011749925198208722,0.4444444444444444,0.4969039949999533,0.22360679774997907,-1.95,240.218,76.22,2.588,0,2,0,0,0,0,0,0,0,0,0,0,0,0,0,0,0,0,0,0,0,0,0,0,0,0,0,0,0,0,0,0,0,0,0,0,0,0,0,0,0,0,0,0,0,0,0,0,0,0,0,0,0,0,0,0,0,0,0,1,0,0,0,0,1,0,0,1,0,0,0,0,0,0,0,0,0,0,0,1,0,0,1,0,0,1,0,0,0,0,0,0,0,0,0,0,0,1,1,0,1,0,0,1,0,0,0,1,0,0,0,0,0,0,0,0,0,0,0,0,0,0,1,1,0,1,0,1,0,0,0,0,0,0,0,0,0,0,0,1,0,1,0,0,1,0,0,1,1,0,0,0,0,0,1,0,1,0,1,1,0,1,0,1,1,1,1,1,0,0
CHEMBL220_386,40,40,-1,-1,-1,2.2142857142857144,3.341910732939881,3.3727087355898466,9.978243307571539,0.10852414388893836,0.11498917424337388,2.0914704846732715,6.351073255090201,0.20192718505527693,0.10287360969520692,-0.33462796310076653,-0.9805550245182135,9.058333333333334,4.758064791021194,-0.24327084907724297,-0.7254517971726608,0.022402159244264506,0.06842404708010316,3.9449886337074997,14.676969758963796,0.825,0.3799671038392666,-1.7106744068953987,0.9264069264069255,2.2142857142857144,3.341910732939881,3.3727087355898466,9.978243307571539,2.0,0.0,0,0,2.0,2.8809720581775866,3.9143414812806223,14.609232109159525,0.0,0.0,0,0,0.04654646981893858,0.15909002215317264,5.379982048534766,29.267519089450303,0.03571428571428571,0.04906937319157321,3.373679005803237,9.929814533610811,0.03571428571428571,0.05690327124645131,3.625226252387638,12.207381706053258,1.3214285714285714,0.46702488680792925,0.7647191129018732,-1.415204678362573,-0.4642850342228839,80.0,412.0,0.0,294.0,4740.0,56.0,0.0,0.0,0.0,1376.0,1810.0,55680.0,0.0,0.0,0.0,0.0,316.0,0.0,0.0,0.0,48.0,0.0,0.0,0.0,0.0,0.0,0.0,0.0,0.0,0.0,0.0,1,1,0,1,1,1,0,0,0,1,1,1,0,0,0,0,1,0,0,0,1,0,0,0,0,0,0,0,0,0,0,6.8,1.9999999999999996,3.8760000000000012,14.942800000000002,2.24,0.6499230723708769,-0.28394968941823434,-0.7271005509641886,0.0,0.0,0,0,3.28,0.448998886412873,0.979957887012224,-1.0396825396825389,0.56,0.4963869458396342,-0.24174688920761445,-1.9415584415584413,13.611160000000002,4.009383151358822,3.883749406623227,14.99148313768195,0.72,0.8255906976220118,0.558882812068065,-1.3092970971368112,358.4230000000002,100.86999999999998,2.9913000000000007,0,4,0,0,0,0,0,0,0,0,0,0,0,0,0,0,0,0,0,0,0,0,0,0,0,0,0,1,0,0,0,0,0,0,0,0,0,0,1,0,0,0,0,0,0,0,0,0,0,1,0,0,0,0,1,0,0,0,0,0,0,0,0,0,1,0,0,1,0,0,0,0,0,0,0,0,0,1,0,1,0,1,1,1,0,1,0,0,0,0,1,0,0,1,1,0,1,0,1,1,1,0,0,1,0,0,0,1,1,0,0,0,1,0,0,1,0,0,0,1,1,0,1,1,1,1,1,1,0,1,1,1,0,1,0,1,0,1,1,1,0,1,0,0,1,1,0,1,1,1,1,0,0,1,0,0,1,1,1,1,1,1,0,1,1,1,1,1,0,0
CHEMBL220_387,41,40,-1,-1,-1,2.2222222222222223,3.467663674294941,3.4367912927936755,10.747481753517537,0.10463023884675275,0.11594290414385221,2.240399287831822,7.652307458464806,0.19095052013259417,0.10709604768302527,-0.2616329932042023,-1.1404767252473624,8.621951219512196,4.965603147748187,-0.16555838999350928,-0.8853613610541204,0.017417135709818638,0.05799019447566919,4.2174631870400505,17.41306730725745,0.8292682926829268,0.37627435659857345,-1.7501500535908443,1.0630252100840352,2.2222222222222223,3.467663674294941,3.4367912927936755,10.747481753517537,2.0,0.0,0,0,1.951219512195122,2.904590307470818,4.133178553305206,16.91029190779949,0.0,0.0,0,0,0.030459016331292235,0.0852670493314516,4.2112683896176994,19.642919191184472,0.037037037037037035,0.053215449069540975,3.4760630912854484,10.978895684002168,0.037037037037037035,0.01906917768906913,-0.23664007330078562,-0.5288106322644381,1.2962962962962963,0.4566232594791834,0.8922178162191942,-1.2039473684210513,-1.4506046743283596,80.0,422.0,0.0,298.0,5136.0,56.0,0.0,0.0,0.0,1358.0,1944.0,65160.0,0.0,0.0,0.0,0.0,326.0,0.0,0.0,0.0,48.0,0.0,0.0,0.0,0.0,0.0,0.0,0.0,0.0,0.0,36.0,1,1,0,1,1,1,0,0,0,1,1,1,0,0,0,0,1,0,0,0,1,0,0,0,0,0,0,0,0,0,1,6.428571428571429,0.766651877999928,1.762456357265458,2.251736111111108,2.2857142857142856,0.612788873986492,-0.2584660066318253,-0.6275992438563329,0.0,0.0,0,0,3.142857142857143,0.3499271061118826,2.041241452319316,2.166666666666668,0.7428571428571429,0.4370588154508102,-1.1113247657830427,-0.7649572649572662,12.894628571428571,1.63100946981072,2.028996714546351,3.8260896535758064,0.5428571428571428,0.6904597699196898,0.8876923435282937,-0.45428316757365295,470.4640000000003,109.91000000000001,3.1605000000000016,0,4,0,0,0,0,0,0,0,0,0,0,0,0,0,0,0,0,0,0,0,0,0,0,0,0,0,0,0,0,0,0,0,0,0,0,0,0,0,0,1,0,0,0,1,0,0,0,0,0,0,0,0,0,1,0,0,0,0,1,0,0,0,0,1,0,0,1,0,0,0,1,0,0,0,0,0,1,0,1,0,1,1,0,0,1,0,1,1,1,0,0,1,0,1,0,1,1,1,1,1,0,1,1,0,0,0,1,0,1,0,0,1,1,0,1,0,0,0,1,1,0,1,1,1,0,1,1,0,1,1,1,1,0,0,0,1,0,1,1,1,0,0,0,1,1,1,1,1,1,1,0,1,1,0,1,1,1,1,0,1,1,0,1,1,1,1,1,0,0
CHEMBL220_388,34,32,-1,-1,-1,2.090909090909091,2.5389527352307164,2.697549644747003,5.582110453648923,0.11929386694350666,0.12321013763301815,1.504305264585315,2.56122462363905,0.17460455464487723,0.08587112378289839,-0.1521480680236466,-0.9865643158240447,6.75686274509804,3.5161162975308993,-0.04847365258599794,-0.8324434457427139,0.024342691622103386,0.0656258839496924,3.1337643679050102,8.71165036122324,0.7941176470588235,0.40434491426080943,-1.4547859349066157,0.11640211640211628,2.090909090909091,2.5389527352307164,2.697549644747003,5.582110453648923,2.0,0.0,0,0,1.8823529411764706,2.1661120752378786,3.137991380042265,8.747245934163473,0.0,0.0,0,0,0.04226924555644279,0.1694110768590032,5.305748459442949,27.046604101021174,0.04545454545454548,0.05035977889705515,2.7215896474958443,5.686025222140403,0.045454545454545435,0.11602738066477393,2.7503821940570496,5.7684414187979485,1.3181818181818181,0.46577048936179993,0.7807200583588267,-1.3904761904761902,-1.396411625360721,64.0,216.0,0.0,130.0,1500.0,16.0,0.0,0.0,0.0,364.0,504.0,10200.0,0.0,0.0,0.0,0.0,48.0,0.0,0.0,0.0,0.0,0.0,0.0,0.0,0.0,0.0,0.0,0.0,0.0,0.0,0.0,1,1,0,1,1,1,0,0,0,1,1,1,0,0,0,0,1,0,0,0,0,0,0,0,0,0,0,0,0,0,0,6.3076923076923075,0.6661733875264914,1.8983276850954907,1.9317333333333346,2.230769230769231,0.6965680875490321,0.33533475600776547,0.1326591314693637,0.0,0.0,0,0,3.3076923076923075,0.46153846153846156,0.8333333333333348,-1.3055555555555542,0.46153846153846156,0.49851851526214314,0.15430334996209163,-1.9761904761904763,12.624692307692309,1.328509713615824,1.8976702251115412,1.9289999804695066,0.8461538461538461,0.7692307692307692,0.26999999999999985,-1.2679999999999998,350.4180000000002,60.85000000000001,2.1628999999999996,0,3,0,0,0,0,0,0,0,0,0,0,0,0,0,0,0,0,0,0,0,0,0,0,1,0,0,0,0,0,0,0,0,0,0,0,0,0,0,0,0,0,0,0,0,0,0,0,0,0,0,0,0,0,0,0,0,0,0,0,0,0,0,0,1,0,0,0,1,0,0,0,0,0,1,0,0,1,0,0,0,1,0,0,0,0,0,1,1,0,0,0,1,1,1,0,0,1,0,0,1,0,1,0,0,0,1,0,0,0,0,0,1,1,1,0,0,0,0,1,1,0,1,1,1,0,0,1,0,1,1,1,0,0,1,0,0,0,1,1,1,1,0,0,1,1,0,1,1,1,1,0,0,0,1,1,1,0,1,1,1,1,0,1,1,1,1,1,0,0
CHEMBL220_389,37,35,-1,-1,-1,2.08,2.910944863785641,3.24840799065975,9.538308139985931,0.10968673735093674,0.12245753009241056,2.2267285531440844,7.5112022437001915,0.18903626378358696,0.09468916764172472,-0.2762547244150075,-0.9466486387978295,7.8504504504504515,4.1187469421744,-0.13655107442417913,-0.7040010911746899,0.02316602316602317,0.0684327486882012,3.412213463389389,10.90479918845725,0.8108108108108109,0.3916588309780929,-1.5871507864874157,0.5190476190476199,2.08,2.910944863785641,3.24840799065975,9.538308139985931,2.0,0.0,0,0,1.8918918918918919,2.4908891691878834,3.753757195127579,13.960696171965093,0.0,0.0,0,0,0.020183788893466316,0.08191162984190735,5.431568162423591,28.831366656094794,0.04,0.051176396483444755,3.2672109157137528,9.593158837242862,0.04000000000000001,0.023530003396641585,-0.08964118892977675,-1.2072723856328034,1.24,0.4270831300812524,1.2175615550562027,-0.5175438596491229,-0.5272742997674412,70.0,292.0,0.0,174.0,2754.0,16.0,0.0,0.0,0.0,492.0,892.0,27168.0,0.0,0.0,0.0,0.0,66.0,0.0,0.0,0.0,0.0,0.0,0.0,0.0,0.0,0.0,0.0,0.0,0.0,0.0,12.0,1,1,0,1,1,1,0,0,0,1,1,1,0,0,0,0,1,0,0,0,0,0,0,0,0,0,0,0,0,0,1,6.733333333333333,2.0319667538837556,4.2975467859554675,18.756123984839668,2.2666666666666666,0.7272474743090478,0.06393779433053937,-0.34361980086152233,0.0,0.0,0,0,3.3,0.458257569495584,0.8728715609439707,-1.2380952380952361,0.5,0.5,0.0,-2.0,13.523733333333338,4.3067587343100096,4.394149907283232,19.43217435237018,0.6666666666666666,0.7888106377466155,0.6640497715724062,-1.0867346938775508,425.87200000000036,86.88000000000001,2.9575000000000022,0,3,0,0,0,0,0,0,0,0,0,0,0,0,0,0,0,0,0,0,0,0,0,0,1,0,0,0,0,0,0,0,0,0,0,0,0,0,0,0,0,0,0,0,0,0,0,0,0,0,0,0,0,0,0,0,0,0,0,1,0,0,0,0,1,0,0,1,1,0,0,0,0,0,1,0,0,1,0,0,0,1,0,0,0,1,0,1,1,1,0,0,1,1,1,0,0,1,1,0,1,0,1,1,0,1,1,1,0,1,0,0,1,1,1,0,0,0,0,1,1,0,1,1,1,0,0,1,0,1,1,1,0,0,1,0,1,0,1,1,1,1,1,0,1,1,0,1,1,1,1,0,0,0,1,1,1,0,1,1,1,1,0,1,1,1,1,1,0,0
CHEMBL220_390,36,33,-1,-1,-1,2.0,2.598076211353316,2.9081346892514484,6.761316872427983,0.1135364197015114,0.12201335656041934,1.6670708015832914,3.342342986284602,0.17332091302315827,0.08485699008544231,-0.2019995533663934,-0.983166010036483,7.166269841269841,3.726442825777265,-0.07050164759389384,-0.7869089516158745,0.026423902894491133,0.06944418944001388,3.1292320824692053,8.911433936417508,0.8055555555555556,0.3957724124659724,-1.5440972939559132,0.3842364532019724,2.0,2.598076211353316,2.9081346892514484,6.761316872427983,2.0,0.0,0,0,1.8333333333333333,2.229848026709942,3.336316419602216,10.057925782591054,0.0,0.0,0,0,0.005112650227592756,0.014813825341087286,2.6902907427620386,5.624177266482969,0.041666666666666664,0.048769016745313094,2.9037025152597957,6.757563422082212,0.041666666666666664,0.024979986165992722,1.4419272203155835,2.416089029034965,1.1666666666666667,0.3726779962499649,1.7888543819998313,1.1999999999999993,-0.6717319673058368,66.0,234.0,0.0,116.0,1770.0,8.0,0.0,0.0,0.0,382.0,486.0,13080.0,0.0,0.0,0.0,0.0,34.0,0.0,0.0,0.0,0.0,0.0,0.0,0.0,0.0,0.0,0.0,0.0,0.0,0.0,0.0,1,1,0,1,1,1,0,0,0,1,1,1,0,0,0,0,1,0,0,0,0,0,0,0,0,0,0,0,0,0,0,6.25,0.5590169943749475,2.146625258399798,3.4400000000000004,2.25,0.5590169943749475,0.0,-0.3999999999999999,0.0,0.0,0,0,3.625,0.4841229182759271,-0.5163977794943223,-1.7333333333333334,0.1875,0.3903123748998999,1.6012815380508714,0.5641025641025643,12.509749999999999,1.1150154427181718,2.1452268063942195,3.4324952029330227,1.1875,0.8454843286542927,-0.3659751210299689,-1.5051509450864462,438.61600000000027,55.89000000000001,2.991200000000002,1,4,0,0,0,0,0,0,0,0,0,0,0,0,0,0,0,0,0,0,0,0,0,0,0,0,0,0,0,0,0,0,0,0,0,0,0,0,0,0,0,0,0,0,0,0,0,0,0,0,0,0,0,0,0,0,0,0,0,0,0,0,0,0,1,0,0,0,0,0,0,0,0,0,0,0,0,1,0,0,0,0,1,0,1,1,0,1,1,0,0,0,1,1,1,0,0,0,1,0,1,0,1,0,0,0,1,0,0,0,0,0,1,1,0,0,0,0,0,1,1,0,1,1,1,0,0,0,0,0,1,1,0,0,0,1,0,0,1,1,1,0,0,0,1,0,0,1,0,1,1,0,0,1,0,1,1,0,1,0,1,1,0,1,1,1,1,1,0,0
CHEMBL220_391,37,33,-1,-1,-1,2.0,2.670287397005928,2.7949855294657535,6.129535990481855,0.11012969048987206,0.12205932287061079,1.6724726283115992,3.29835071666219,0.16370910553385715,0.08900971318903579,-0.1304554439931276,-1.0942978613094028,6.774774774774775,3.867933587144289,-0.011049196868551788,-0.9289234521980463,0.01969111969111969,0.05716633944728719,3.1126563853296054,8.486872356840342,0.8108108108108109,0.3916588309780929,-1.5871507864874157,0.5190476190476199,2.0,2.670287397005928,2.7949855294657535,6.129535990481855,2.0,0.0,0,0,1.7837837837837838,2.219509747853817,3.358302324559387,10.24395482157859,0.0,0.0,0,0,0.004165969683211063,0.012487925309780466,2.934290799415175,7.474247833303828,0.0434782608695652,0.05291201414197966,2.810860184471194,6.198027613390655,0.04347826086956521,0.02221932984322693,1.4088812039799556,1.7310795408419208,1.173913043478261,0.3790346907426672,1.720618004029213,0.9605263157894743,-0.6637140700870855,66.0,234.0,0.0,118.0,1776.0,8.0,0.0,0.0,0.0,398.0,526.0,13080.0,0.0,0.0,0.0,0.0,36.0,0.0,0.0,0.0,0.0,0.0,0.0,0.0,0.0,0.0,0.0,0.0,0.0,0.0,0.0,1,1,0,1,1,1,0,0,0,1,1,1,0,0,0,0,1,0,0,0,0,0,0,0,0,0,0,0,0,0,0,6.88,2.2683915006012523,3.582359582857212,12.928648501893518,2.16,0.7310266752998826,-0.25753297302955874,-1.1033561619276424,0.0,0.0,0,0,3.32,0.46647615158762407,0.7717436331412907,-1.4044117647058816,0.48,0.4995998398718719,0.08006407690254361,-1.993589743589744,13.906520000000002,4.8708566155862165,3.515288945581,12.431613846251967,0.64,0.7418894796396562,0.6883743312638102,-0.8874391563007027,363.79100000000005,37.38,4.3533000000000035,0,3,0,0,0,0,0,0,0,0,0,0,0,0,0,0,0,0,0,0,0,0,0,0,0,0,0,0,0,0,0,0,0,0,0,0,0,0,0,0,0,0,0,0,1,0,0,0,0,0,0,0,0,0,0,0,0,0,0,0,0,0,0,0,0,0,0,0,0,0,0,0,0,0,0,0,0,1,0,0,0,0,0,0,0,0,0,1,1,1,0,0,0,0,1,0,0,0,0,0,1,0,1,0,0,1,0,0,0,1,0,0,1,1,0,0,0,0,0,1,1,0,0,1,1,0,0,1,0,0,1,1,0,0,0,0,1,0,1,1,1,0,0,0,0,0,1,1,0,1,1,0,1,0,1,1,1,0,1,0,1,1,0,1,1,1,1,1,0,0
CHEMBL220_392,38,35,-1,-1,-1,2.0833333333333335,2.885548282196797,2.8823187023717596,6.626635624210056,0.10806075049674135,0.12099034538245282,1.6990746851231724,3.343943473019478,0.17078503200402725,0.09420304920534056,-0.16035200669034838,-1.1548374209036398,7.2324561403508785,4.1632511393436165,-0.04659954955257575,-0.9650226390355741,0.01908487434803224,0.05542260853131693,3.347422393220863,10.175062185682473,0.8157894736842105,0.3876557858593746,-1.6292261599251139,0.6543778801843323,2.0833333333333335,2.885548282196797,2.8823187023717596,6.626635624210056,2.0,0.0,0,0,1.8421052631578947,2.4009462585172723,3.4831609361893565,11.093344719079125,0.0,0.0,0,0,0.010852557268339986,0.02896493898345121,2.4679194861569655,4.499481234027134,0.04166666666666666,0.05252036091923589,2.8977958588645625,6.6950848142985535,0.041666666666666664,0.04142216551867825,2.723927717191778,6.2129018489537895,1.2083333333333333,0.40611643103370687,1.4363696929192162,0.06315789473684275,0.3414543583303795,70.0,278.0,0.0,172.0,2376.0,24.0,0.0,0.0,0.0,698.0,844.0,19920.0,0.0,0.0,0.0,0.0,118.0,0.0,0.0,0.0,12.0,0.0,0.0,0.0,0.0,0.0,0.0,0.0,0.0,0.0,0.0,1,1,0,1,1,1,0,0,0,1,1,1,0,0,0,0,1,0,0,0,1,0,0,0,0,0,0,0,0,0,0,7.035714285714286,2.162705693886098,3.512839465357491,13.200666563098725,2.2142857142857144,0.7726181304565691,0.07585643709062924,-0.5448170063554683,0.0,0.0,0,0,3.4642857142857144,0.4987228587060336,0.14322297480788582,-1.9794871794871793,0.39285714285714285,0.48838551182776235,0.43876345447627824,-1.8074866310160438,14.238107142857146,4.663038803331746,3.4148734572518182,12.450702928504661,0.6071428571428571,0.8593721011082831,0.8479673311731298,-1.109953734775878,415.8030000000002,63.49000000000001,2.4429000000000007,0,2,0,0,0,0,0,0,0,0,0,0,0,0,0,0,0,0,0,0,0,0,0,0,0,0,0,1,0,0,0,0,0,0,0,0,0,0,0,0,1,0,0,0,1,0,0,0,0,0,0,0,0,0,1,0,0,0,0,1,0,0,0,0,1,0,0,1,0,0,0,0,0,0,0,0,0,1,0,1,0,1,1,0,0,1,0,1,1,1,0,0,0,0,1,0,1,1,1,0,1,0,1,1,0,1,0,1,1,1,0,1,1,1,1,0,0,0,0,1,1,0,1,1,1,0,1,1,0,0,1,1,0,0,1,1,1,1,0,1,1,0,0,0,1,0,1,1,0,1,1,0,1,0,0,1,1,0,1,1,1,1,0,1,1,1,1,1,0,0
CHEMBL220_393,38,35,-1,-1,-1,2.0,2.8010986855435576,3.1920247996736277,8.717993079584776,0.10667022910935339,0.12221804979397384,2.3343958386418193,8.204339525506034,0.18161419247246657,0.08790709874227969,-0.36059061206053267,-0.8728603536157955,7.870175438596493,4.0365638032418545,-0.18576899609926412,-0.641211667518288,0.025248933143669987,0.07898079330737792,3.2353397499113337,8.915629450591119,0.8157894736842105,0.3876557858593746,-1.6292261599251139,0.6543778801843323,2.0,2.8010986855435576,3.1920247996736277,8.717993079584776,2.0,0.0,0,0,1.8421052631578947,2.4118819447135995,3.65159582724046,12.586342857142865,0.0,0.0,0,0,0.03145363408521303,0.16035410106904813,5.793820412417264,32.026871911712455,0.038461538461538464,0.049156650512584,3.1635469670608596,8.410399343629226,0.03846153846153847,0.1728066855166919,4.105469165295597,16.24741346442193,1.1538461538461537,0.36080121229411,1.9188064472004944,1.6818181818181825,-0.8327878860619183,70.0,280.0,0.0,112.0,2496.0,8.0,0.0,0.0,0.0,266.0,540.0,22320.0,0.0,0.0,0.0,0.0,22.0,0.0,0.0,0.0,0.0,0.0,0.0,0.0,0.0,0.0,0.0,0.0,0.0,0.0,0.0,1,1,0,1,1,1,0,0,0,1,1,1,0,0,0,0,1,0,0,0,0,0,0,0,0,0,0,0,0,0,0,6.5625,0.7880950133074057,0.9426839603819449,-0.7445116886199123,2.125,0.6959705453537527,-0.17381158260655635,-0.9386056191467222,0.0,0.3535533905932738,0.0,5.0,3.0,0.0,0,0,0.6875,0.46351240544347894,-0.8090398349558905,-1.3454545454545455,13.133,1.5716698126515003,0.9418143360017676,-0.7464429229928435,0.4375,0.49607837082461076,0.25197631533948484,-1.9365079365079365,217.184,78.03,1.4798,0,2,0,0,0,0,0,0,0,0,0,0,0,0,0,0,0,0,0,0,0,0,0,0,0,0,1,0,0,0,0,0,0,0,0,0,0,0,0,0,1,0,0,0,0,0,0,0,0,0,0,1,0,0,1,0,0,0,1,0,0,0,0,0,0,1,0,1,0,0,0,0,1,1,0,0,0,1,0,1,0,1,1,0,0,1,0,0,0,0,0,0,0,0,1,0,1,1,1,1,0,0,0,0,1,0,0,0,0,0,0,0,1,0,0,0,0,0,0,1,0,1,1,1,1,0,1,1,0,0,0,0,1,0,0,1,0,1,1,1,0,0,0,0,1,0,0,0,1,0,1,0,0,0,0,0,1,0,1,0,1,1,0,1,1,1,1,1,0,0
CHEMBL220_394,40,39,-1,-1,-1,2.142857142857143,3.3135467156409146,3.667655375720947,12.57349262724396,0.10502626002239986,0.11819257466400863,2.3186221672396883,8.185075017872409,0.19912060005136745,0.10233434244209576,-0.2910123350719611,-1.0062704355389918,8.940476190476192,4.745745289836895,-0.17746507933760378,-0.6741620497811049,0.023279352226720645,0.06879332270752553,4.1875587221663695,17.713775920759456,0.825,0.3799671038392666,-1.7106744068953987,0.9264069264069255,2.142857142857143,3.3135467156409146,3.667655375720947,12.57349262724396,2.0,0.0,0,0,1.95,2.854382595238417,4.229957960090011,17.94404110090112,0.0,0.0,0,0,0.01950954450954451,0.047275271805932426,2.0792903792914363,2.4594036775457058,0.03571428571428571,0.04988048909881041,3.7032010078280426,12.892078871754668,0.03571428571428571,0.0327996295175871,-1.4222120797258044,2.118449102642421,1.2142857142857142,0.410325903324145,1.3926212476455826,-0.06060606060606011,-0.8095599827404434,78.0,400.0,0.0,252.0,4860.0,48.0,0.0,0.0,0.0,1176.0,1560.0,62280.0,0.0,0.0,0.0,0.0,276.0,0.0,0.0,0.0,48.0,0.0,0.0,0.0,0.0,0.0,0.0,0.0,0.0,0.0,0.0,1,1,0,1,1,1,0,0,0,1,1,1,0,0,0,0,1,0,0,0,1,0,0,0,0,0,0,0,0,0,0,7.027777777777778,2.3272075673923873,3.153235163117361,9.317946945584227,2.2222222222222223,0.7856742013183861,0.27435743110038024,-0.2975999999999992,0.0,0.0,0,0,3.2222222222222223,0.41573970964154905,1.3363062095621212,-0.2142857142857162,0.5833333333333334,0.49300664859163473,-0.33806170189140694,-1.8857142857142855,14.094972222222223,4.691645580095368,3.1053531058780215,9.025161781225194,0.5833333333333334,0.5951190357119043,0.4667600280093362,-0.6666666666666679,528.5870000000001,138.08999999999997,2.8551,2,7,0,0,0,0,0,0,0,0,0,0,0,0,0,0,0,0,0,0,0,0,0,0,0,0,0,0,0,0,0,0,0,0,1,1,0,0,1,0,1,0,0,0,1,0,0,0,0,0,0,0,0,1,0,0,1,1,0,0,1,1,1,1,1,0,1,1,0,1,0,1,0,0,0,1,0,0,0,1,0,1,0,1,0,1,0,0,0,1,1,1,1,0,1,0,1,0,1,0,0,0,0,1,1,0,1,1,1,1,0,0,1,1,1,0,0,0,0,1,0,0,1,1,0,0,1,1,0,1,0,0,1,1,1,0,1,0,1,1,0,0,1,0,1,1,0,1,1,0,1,0,1,1,0,0,1,1,1,0,1,1,0,1,1,1,1,1,0,0
CHEMBL220_395,39,38,-1,-1,-1,2.1481481481481484,3.0148239148101807,3.15038232818661,8.613482554478793,0.10950345302950265,0.11683329754672317,1.9786219958334932,5.5492858399547185,0.19569908218544127,0.09759613147435806,-0.3893889493130459,-0.9850236022950178,8.541880341880344,4.447363686248485,-0.2428751382025481,-0.7681719411827075,0.02286902286902287,0.06400113698392697,3.669693763186404,13.018548501366379,0.8205128205128205,0.3837597319768145,-1.6703827619526517,0.7901785714285703,2.1481481481481484,3.0148239148101807,3.15038232818661,8.613482554478793,2.0,0.0,0,0,1.9487179487179487,2.6012690980456195,3.6397967178010036,12.63339178460771,0.0,0.0,0,0,0.01064570419409129,0.028512897443140055,2.409374217472803,4.010090290369926,0.037037037037037035,0.04749745326963075,3.174284166658099,8.761564621871909,0.03703703703703704,0.0919248226733764,3.5114787474311817,11.175747659881829,1.2962962962962963,0.4566232594791834,0.8922178162191943,-1.2039473684210518,1.1029987173876528,76.0,336.0,0.0,222.0,3246.0,24.0,0.0,0.0,0.0,882.0,1176.0,32064.0,0.0,0.0,0.0,0.0,126.0,0.0,0.0,0.0,12.0,0.0,0.0,0.0,0.0,0.0,0.0,0.0,0.0,0.0,36.0,1,1,0,1,1,1,0,0,0,1,1,1,0,0,0,0,1,0,0,0,1,0,0,0,0,0,0,0,0,0,1,6.25,0.57476703355111,2.186549825225845,3.4784514243973703,2.2857142857142856,0.524890659167824,0.1814436846506066,-0.5555555555555562,0.0,0.0,0,0,3.357142857142857,0.47915742374995496,0.5962847939999436,-1.6444444444444448,0.5357142857142857,0.49872285870603356,-0.14322297480788648,-1.9794871794871791,12.509714285714287,1.1463652140926264,2.1853443265075065,3.472159132767005,0.8928571428571429,0.8167569018592338,0.19915408723171368,-1.4742056600945428,375.47200000000015,58.370000000000005,4.167200000000003,0,5,0,0,0,0,0,0,0,0,0,0,0,0,0,0,0,0,0,0,0,0,0,0,0,0,0,0,0,0,0,0,0,0,0,0,0,0,0,0,0,0,0,0,0,0,0,0,0,0,0,0,0,0,0,0,0,0,0,1,0,0,0,0,0,0,0,1,0,0,0,0,0,1,0,0,0,1,0,0,0,0,0,0,0,1,0,1,1,0,0,0,1,0,1,0,1,0,1,1,1,0,1,1,1,0,1,1,0,0,0,0,1,1,0,0,0,0,0,1,1,0,1,1,1,0,1,1,0,1,1,1,0,0,1,0,0,1,0,1,1,0,0,0,1,1,1,1,0,1,1,0,0,1,1,1,1,1,1,0,1,1,0,1,1,1,1,1,0,1
CHEMBL220_396,38,37,-1,-1,-1,2.1538461538461537,3.0595664309771293,3.125722945630268,8.345718505116832,0.10907507991391616,0.12007671054562169,1.8627073344679543,4.607669284114405,0.1917838503015418,0.09806451606397285,-0.23608990914549816,-1.033511936576749,8.206140350877194,4.350992057765032,-0.14275858633067373,-0.79535522509003,0.023589378852536747,0.06667028673792419,3.7395356798068047,13.808654308480609,0.8157894736842105,0.3876557858593746,-1.6292261599251143,0.6543778801843323,2.1538461538461537,3.0595664309771293,3.125722945630268,8.345718505116832,2.0,0.0,0,0,1.9473684210526316,2.6252555607031427,3.635214108156899,12.47273924483823,0.0,0.0,0,0,0.022626418988648093,0.053467163848246915,2.0247565858096643,2.26491185030656,0.03846153846153847,0.04920077865372663,3.118763355278451,8.326274074512503,0.038461538461538464,0.052334746621569825,-1.880546146547993,3.632126001247804,1.2307692307692308,0.42132504423474315,1.278019300845387,-0.3666666666666676,0.0009274205215763923,74.0,332.0,0.0,240.0,3240.0,48.0,0.0,0.0,0.0,1058.0,1324.0,32064.0,0.0,0.0,0.0,0.0,252.0,0.0,0.0,0.0,48.0,0.0,0.0,0.0,0.0,0.0,0.0,0.0,0.0,0.0,0.0,1,1,0,1,1,1,0,0,0,1,1,1,0,0,0,0,1,0,0,0,1,0,0,0,0,0,0,0,0,0,0,6.25,0.57476703355111,2.186549825225845,3.4784514243973703,2.2857142857142856,0.524890659167824,0.18144368465060665,-0.5555555555555562,0.0,0.0,0,0,3.357142857142857,0.47915742374995496,0.5962847939999436,-1.6444444444444448,0.5357142857142857,0.49872285870603356,-0.14322297480788648,-1.9794871794871791,12.509714285714287,1.1463652140926264,2.1853443265075065,3.472159132767005,0.8928571428571429,0.8167569018592338,0.19915408723171368,-1.4742056600945428,375.4720000000001,58.370000000000005,4.167200000000003,0,5,0,0,0,0,0,0,0,0,0,0,0,0,0,0,0,0,0,0,0,0,0,0,0,0,0,0,0,0,0,0,0,0,0,0,0,0,0,0,0,0,0,0,0,0,0,0,0,0,0,0,0,0,0,0,0,0,0,1,0,0,0,0,0,0,0,1,0,0,0,0,0,1,0,0,0,1,0,0,0,0,0,0,0,1,0,1,1,0,0,0,1,0,1,0,1,0,1,1,1,0,1,1,1,0,1,1,0,0,0,0,1,1,0,0,0,0,0,1,1,0,1,1,1,0,1,1,0,1,1,1,0,0,1,0,0,1,0,1,1,0,0,0,1,1,1,1,0,1,1,0,0,1,1,1,1,1,1,0,1,1,0,1,1,1,1,1,0,1
CHEMBL220_397,37,33,-1,-1,-1,1.92,2.56,3.007255554199218,7.312846422195435,0.11320835066604336,0.11920946424886399,1.7604151797177374,4.227984359934517,0.17141802783227492,0.08188642070607104,-0.3041303741618606,-0.9232083532716837,7.309523809523808,3.7389126814447056,-0.11884121276216458,-0.6977082854521495,0.02737022737022737,0.07813931626703288,3.0196473873310303,7.602293875287781,0.8108108108108109,0.3916588309780929,-1.5871507864874157,0.5190476190476199,1.92,2.56,3.007255554199218,7.312846422195435,2.0,0.0,0,0,1.7837837837837838,2.2072991339562607,3.4110845652125947,10.536538012852656,0.0,0.0,0,0,0.0,0.0,0,0,0.04000000000000001,0.04827990337784155,3.0013766481671142,7.300559252236701,0.04,0.0897561034069947,3.3832303904229803,10.176044281728236,1.0,0.0,0,0,0.2386624199742084,66.0,232.0,0.0,78.0,1770.0,0.0,0.0,0.0,0.0,202.0,324.0,13080.0,0.0,0.0,0.0,0.0,0.0,0.0,0.0,0.0,0.0,0.0,0.0,0.0,0.0,0.0,0.0,0.0,0.0,0.0,0.0,1,1,0,1,1,0,0,0,0,1,1,1,0,0,0,0,0,0,0,0,0,0,0,0,0,0,0,0,0,0,0,6.809523809523809,2.362787853343862,3.8018233429984627,13.49294029607466,2.1904761904761907,0.6632565846278152,-0.23241119773811414,-0.7739929854394729,0.0,0.0,0,0,3.0476190476190474,0.21295885499997996,4.248529157249603,16.05000000000001,0.5714285714285714,0.4948716593053935,-0.28867513459481264,-1.916666666666667,13.697190476190476,5.021836503559304,3.852203104608872,13.787688057166331,0.5238095238095238,0.49943278484292924,-0.09534625892455938,-1.9909090909090907,298.729,58.2,3.4708000000000014,0,2,0,0,0,0,0,0,0,0,0,0,0,0,0,0,0,0,0,0,0,0,0,0,0,0,0,0,0,0,0,0,0,0,0,0,0,0,0,0,0,0,0,0,0,0,0,1,0,0,0,0,0,0,0,0,1,0,0,0,0,0,0,0,0,0,0,0,0,0,0,0,0,0,0,0,0,0,1,0,0,1,0,0,0,0,0,0,0,1,0,0,0,0,1,0,0,1,0,1,1,1,0,1,0,1,0,1,0,1,0,0,1,0,0,0,0,0,0,1,0,0,1,1,0,0,0,1,0,1,0,0,0,1,0,0,1,1,1,1,0,0,0,0,1,1,1,1,0,0,0,0,1,1,1,0,1,0,1,0,1,1,0,1,1,1,1,1,0,0
CHEMBL220_398,40,37,-1,-1,-1,2.0,3.011881234615431,3.5136435805396458,11.182280364560732,0.10092786891274211,0.12171099078034137,2.610262079085203,10.103445627562403,0.18834535976746153,0.09160334526220047,-0.41688633089253124,-0.8246831123922451,8.563333333333333,4.388156725146043,-0.23545800240667772,-0.5501917768746023,0.024831309041835357,0.08100724589141925,3.423135387045874,10.381793452840327,0.825,0.3799671038392666,-1.7106744068953987,0.9264069264069255,2.0,3.011881234615431,3.5136435805396458,11.182280364560732,2.0,0.0,0,0,1.85,2.6033632093889625,4.007145278376214,15.737688755498496,0.0,0.0,0,0,0.029181184668989547,0.1562639837008873,5.989970342459638,34.2454356470821,0.03571428571428572,0.04902074576031309,3.467713745876038,10.723370358793678,0.035714285714285705,0.07498833472317594,4.62133644671855,20.514720423258844,1.1428571428571428,0.3499271061118826,2.0412414523193156,2.1666666666666696,2.2961688729449907,74.0,334.0,0.0,124.0,3510.0,8.0,0.0,0.0,0.0,310.0,690.0,37920.0,0.0,0.0,0.0,0.0,26.0,0.0,0.0,0.0,0.0,0.0,0.0,0.0,0.0,0.0,0.0,0.0,0.0,0.0,0.0,1,1,0,1,1,1,0,0,0,1,1,1,0,0,0,0,1,0,0,0,0,0,0,0,0,0,0,0,0,0,0,6.67741935483871,1.059126139314968,1.159183539708187,-0.2559178166122251,2.193548387096774,0.8198880662670216,-0.019002284544408398,-0.8923645391022634,0.0,0.254000254000381,0.0,12.500000000000002,3.129032258064516,0.49134020037831666,0.2818560498454397,0.713287752675388,0.3870967741935484,0.487086092598113,0.46358632497276503,-1.7850877192982464,13.459161290322582,2.3343919163556763,1.3395281929934757,0.39372146962222976,0.3548387096774194,0.5417050201208602,1.2036526967375378,0.4530707710879738,428.32200000000006,89.75,3.2752000000000017,1,2,0,0,0,0,0,0,0,0,0,0,0,0,0,0,0,0,0,1,0,0,0,0,0,0,1,0,0,0,0,0,0,0,0,0,0,0,0,0,0,0,0,0,1,0,0,1,0,0,0,1,0,0,0,0,0,0,1,1,0,0,0,0,0,1,0,0,0,0,0,0,1,1,0,0,0,1,1,0,0,0,0,0,0,1,0,1,0,0,0,1,0,0,1,0,1,1,1,0,1,1,1,1,1,0,0,1,1,1,0,0,1,0,1,1,0,0,0,1,0,1,1,1,1,0,1,1,0,1,0,0,1,0,0,1,1,0,1,1,0,0,1,0,1,1,1,1,1,0,1,0,1,0,1,1,1,1,1,1,1,1,0,1,1,1,1,1,0,0
CHEMBL220_399,35,32,-1,-1,-1,2.0,2.5366873297069255,2.8127767468919744,6.429327976625274,0.11423618390340594,0.12458540387467462,1.7548033363212354,3.9924044124236175,0.1758768693725635,0.08709962994377693,-0.1601747169300238,-0.9690033789127197,6.964761904761905,3.6395878264558013,-0.035501088357012205,-0.7783770338661307,0.025006366182836772,0.06650876953751052,3.1257003652772317,9.2325632599142,0.8,0.4,-1.5,0.24999999999999956,2.0,2.5366873297069255,2.8127767468919744,6.429327976625274,2.0,0.0,0,0,1.8285714285714285,2.171052599030042,3.23602144312332,9.64890850604258,0.0,0.0,0,0,0.004471835556965261,0.013228162104859935,2.9700634160474824,7.816871882064584,0.0434782608695652,0.04983843988596633,2.806589407359725,6.378152287308847,0.043478260869565216,0.026060331274283297,1.4816566549908643,2.7419699601459167,1.173913043478261,0.3790346907426672,1.7206180040292134,0.9605263157894743,-0.29622397073401674,64.0,218.0,0.0,130.0,1560.0,8.0,0.0,0.0,0.0,346.0,564.0,11064.0,0.0,0.0,0.0,0.0,34.0,0.0,0.0,0.0,0.0,0.0,0.0,0.0,0.0,0.0,0.0,0.0,0.0,0.0,0.0,1,1,0,1,1,1,0,0,0,1,1,1,0,0,0,0,1,0,0,0,0,0,0,0,0,0,0,0,0,0,0,6.222222222222222,0.5665577237325317,2.4288229044036638,4.464497041420117,2.1481481481481484,0.5237828008789241,0.15980613254815865,0.2694000000000001,0.0,0.0,0,0,3.3703703703703702,0.4829038818668629,0.53687549219316,-1.7117647058823522,0.4444444444444444,0.4969039949999533,0.22360679774997907,-1.9500000000000002,12.454259259259262,1.1299195839164708,2.4278595942176895,4.459206854783705,1.037037037037037,0.7926272058900998,-0.065907418456623,-1.4056082073187015,364.489,49.410000000000004,4.413000000000004,0,11,0,0,0,0,0,0,0,0,0,0,0,0,0,0,0,0,0,0,0,0,0,0,0,0,0,0,0,0,0,0,0,0,0,0,0,0,0,0,0,0,0,0,0,0,0,0,0,0,0,0,0,0,0,0,0,0,0,0,0,0,0,0,0,0,0,0,0,0,0,0,0,0,0,0,0,1,0,0,0,0,0,0,1,1,0,1,1,0,0,1,1,1,1,0,0,0,1,0,0,0,1,1,0,0,1,1,0,0,0,0,1,1,0,0,0,0,0,1,1,0,0,1,1,0,0,1,0,1,1,1,0,0,0,0,0,0,1,1,1,0,0,0,1,1,1,1,0,1,1,0,1,1,0,1,1,1,1,0,1,1,0,1,1,1,1,1,0,1
CHEMBL220_400,36,33,-1,-1,-1,2.0,2.6457513110645907,2.983219590537115,7.561224489795919,0.11171142139328986,0.12368644270116513,1.9563126799766992,5.405985837256823,0.1796328484568155,0.0894677263144901,-0.19206348106003193,-0.952584184687284,7.299074074074074,3.820677466517556,-0.06538699668649385,-0.7385798955910792,0.024836601307189544,0.0680621675231343,3.2763447093620965,10.39235352698101,0.8055555555555556,0.3957724124659724,-1.544097293955913,0.3842364532019724,2.0,2.6457513110645907,2.983219590537115,7.561224489795919,2.0,0.0,0,0,1.8333333333333333,2.266911751455907,3.4257027256479042,11.133791088385681,0.0,0.0,0,0,0.0041476849279343374,0.012504169909447992,3.031551285742148,8.128435059734134,0.041666666666666664,0.04985468704737626,2.975537174473234,7.4966031933822705,0.041666666666666664,0.1731292804689584,-2.7013542516614195,7.191165424616541,1.1666666666666667,0.3726779962499649,1.7888543819998313,1.1999999999999993,0.9497582583683102,66.0,240.0,0.0,138.0,1890.0,8.0,0.0,0.0,0.0,380.0,646.0,15024.0,0.0,0.0,0.0,0.0,36.0,0.0,0.0,0.0,0.0,0.0,0.0,0.0,0.0,0.0,0.0,0.0,0.0,0.0,0.0,1,1,0,1,1,1,0,0,0,1,1,1,0,0,0,0,1,0,0,0,0,0,0,0,0,0,0,0,0,0,0,6.230769230769231,0.5756395979652218,2.362398477618751,4.131377551020407,2.1538461538461537,0.532938710021193,0.12629537138523128,0.16145833333333215,0.0,0.0,0,0,3.3461538461538463,0.47574295680203776,0.646761666763554,-1.5816993464052294,0.46153846153846156,0.4985185152621431,0.15430334996209166,-1.9761904761904758,12.471307692307693,1.148031049205913,2.3614454603738966,4.126283064462206,1.0,0.7844645405527362,0.0,-1.375,350.46199999999993,49.410000000000004,4.022900000000003,0,10,0,0,0,0,0,0,0,0,0,0,0,0,0,0,0,0,0,0,0,0,0,0,0,0,0,0,0,0,0,0,0,0,0,0,0,0,0,0,0,0,0,0,0,0,0,0,0,0,0,0,0,0,0,0,0,0,0,0,0,0,0,0,0,0,0,0,0,0,0,0,0,0,0,0,0,1,0,0,0,0,0,0,1,1,0,1,1,0,0,1,1,1,1,0,0,0,1,0,0,0,1,1,0,0,1,1,0,0,0,0,1,1,0,0,0,0,0,1,1,0,0,1,1,0,0,1,0,1,1,1,0,0,0,0,0,0,1,1,1,0,0,0,1,1,1,1,0,1,1,0,1,1,0,1,1,1,1,0,1,1,0,1,1,1,1,1,0,1
CHEMBL220_401,36,34,-1,-1,-1,2.0833333333333335,2.7525240941522906,2.898153743646184,6.888586812693806,0.11533163754400036,0.12031787547657703,1.827322952291828,4.698251491099761,0.18529686582304972,0.0923764399724928,-0.24050716415526033,-0.9414259169676384,7.4870370370370365,3.9087747739152428,-0.12243071447890769,-0.7640303090331089,0.023249299719887952,0.06788716370721529,3.2698599562045607,9.738853936013314,0.8055555555555556,0.39577241246597245,-1.5440972939559128,0.38423645320197064,2.0833333333333335,2.7525240941522906,2.898153743646184,6.888586812693806,2.0,0.0,0,0,1.8888888888888888,2.354402233379677,3.3640982720522197,10.46228441327176,0.0,0.0,0,0,0.03711911594235329,0.16442305862746562,5.571313855216909,29.671808757893466,0.04166666666666665,0.05041845498843516,2.897065607288357,6.770315945837488,0.041666666666666664,0.019480057299597415,0.9784178939127994,0.9014222271716354,1.2916666666666667,0.45452967144315476,0.9166984970282107,-1.159663865546219,0.18770614164388288,68.0,260.0,0.0,168.0,2106.0,16.0,0.0,0.0,0.0,448.0,806.0,17040.0,0.0,0.0,0.0,0.0,58.0,0.0,0.0,0.0,0.0,0.0,0.0,0.0,0.0,0.0,0.0,0.0,0.0,0.0,0.0,1,1,0,1,1,1,0,0,0,1,1,1,0,0,0,0,1,0,0,0,0,0,0,0,0,0,0,0,0,0,0,6.346153846153846,0.7816308243423683,2.208943726972635,3.7217431068951576,2.1538461538461537,0.6007884366082041,-0.0755627488128561,-0.36818059661381275,0.0,0.0,0,0,3.3461538461538463,0.47574295680203776,0.646761666763554,-1.5816993464052294,0.46153846153846156,0.49851851526214314,0.15430334996209163,-1.9761904761904763,12.740038461538463,1.6958724208358011,2.4464263064420764,5.232185027523974,0.8846153846153846,0.8003327710263389,0.21042943468957867,-1.4101413949618378,354.425,49.410000000000004,3.7719000000000023,0,9,0,0,0,0,0,0,0,0,0,0,0,0,0,0,0,0,0,0,0,0,0,0,0,0,0,0,0,0,0,0,0,0,0,0,0,0,0,0,0,0,0,0,1,0,0,0,0,0,0,0,0,0,0,0,0,0,0,0,0,0,0,0,0,0,0,0,0,0,0,0,0,0,0,0,0,1,0,0,0,0,0,0,1,1,0,1,1,1,0,1,1,1,1,0,0,0,1,0,0,0,1,1,0,0,1,1,0,1,0,0,1,1,0,0,0,0,0,1,1,0,0,1,1,0,0,1,0,1,1,1,0,0,0,0,1,0,1,1,1,0,0,0,1,1,1,1,0,1,1,0,1,1,0,1,1,1,1,0,1,1,0,1,1,1,1,1,0,1
CHEMBL220_402,38,34,-1,-1,-1,2.0,2.8284271247461903,2.8706998127519077,6.5896739130434785,0.107512475251182,0.12147780512936586,1.8277531466190193,4.449421528332617,0.16057576498461854,0.08903535574821653,-0.07521385937418225,-1.1644708774097827,6.80701754385965,3.9487814235136347,0.046075967160725435,-0.955248443324304,0.01738580685949107,0.054392022461388814,3.3542223881849624,10.201745131188654,0.8157894736842105,0.3876557858593746,-1.6292261599251139,0.6543778801843323,2.0,2.8284271247461903,2.8706998127519077,6.5896739130434785,2.0,0.0,0,0,1.7894736842105263,2.3074010754508394,3.5091043332144247,11.421029949508455,0.0,0.0,0,0,0.0038943195539455923,0.011817805697661627,2.962745179070054,7.60641001706276,0.0434782608695652,0.05634606794538511,2.8873101180306486,6.661883895062873,0.04347826086956523,0.12380489288913586,3.1526688456240857,8.613688408897623,1.173913043478261,0.3790346907426672,1.7206180040292134,0.9605263157894743,-1.24159087964072,68.0,256.0,0.0,120.0,2106.0,8.0,0.0,0.0,0.0,396.0,586.0,17040.0,0.0,0.0,0.0,0.0,38.0,0.0,0.0,0.0,0.0,0.0,0.0,0.0,0.0,0.0,0.0,0.0,0.0,0.0,0.0,1,1,0,1,1,1,0,0,0,1,1,1,0,0,0,0,1,0,0,0,0,0,0,0,0,0,0,0,0,0,0,6.36,0.7939773296511684,2.142781328154273,3.413087170501682,2.16,0.6118823416311342,-0.10392478956040589,-0.4526627218934909,0.0,0.0,0,0,3.32,0.46647615158762407,0.7717436331412907,-1.4044117647058816,0.48,0.4995998398718719,0.08006407690254363,-1.9935897435897438,12.769200000000001,1.7230531970893996,2.378018205842641,4.8699139537905625,0.84,0.7838367176906171,0.28864429911702844,-1.320638020833334,340.39799999999997,49.410000000000004,3.381800000000002,0,8,0,0,0,0,0,0,0,0,0,0,0,0,0,0,0,0,0,0,0,0,0,0,0,0,0,0,0,0,0,0,0,0,0,0,0,0,0,0,0,0,0,0,1,0,0,0,0,0,0,0,0,0,0,0,0,0,0,0,0,0,0,0,0,0,0,0,0,0,0,0,0,0,0,0,0,1,0,0,0,0,0,0,1,1,0,1,1,1,0,1,1,1,1,0,0,0,1,0,0,0,1,1,0,0,1,1,0,1,0,0,1,1,0,0,0,0,0,1,1,0,0,1,1,0,0,1,0,1,1,1,0,0,0,0,1,0,1,1,1,0,0,0,1,1,1,1,0,1,1,0,1,1,0,1,1,1,1,0,1,1,0,1,1,1,1,1,0,1
CHEMBL220_403,35,32,-1,-1,-1,2.0,2.5194892512087685,2.7402814224068353,5.858603865640834,0.11545365928021104,0.12345801363312756,1.572970701826946,2.7252559174475044,0.17171995868225234,0.0839523648873584,-0.1616050018806923,-0.9669588436321086,6.884761904761904,3.5738631701820474,-0.04692802234177282,-0.8097288151840205,0.026024955436720138,0.06818096103024444,3.0168520352245025,8.371868734979753,0.8,0.4,-1.5,0.24999999999999956,2.0,2.5194892512087685,2.7402814224068353,5.858603865640834,2.0,0.0,0,0,1.8285714285714285,2.1578522958284805,3.156355846340299,8.902736127694647,0.0,0.0,0,0,0.005858343337334934,0.01689948675040509,2.6712533605570417,5.376316011844837,0.04347826086956521,0.04951286974645493,2.732732971074826,5.826831743169167,0.043478260869565195,0.023953843632561242,1.097277663732392,1.1086848393771502,1.173913043478261,0.3790346907426672,1.720618004029213,0.9605263157894743,-2.3343098472991386,64.0,216.0,0.0,112.0,1506.0,8.0,0.0,0.0,0.0,346.0,452.0,10200.0,0.0,0.0,0.0,0.0,32.0,0.0,0.0,0.0,0.0,0.0,0.0,0.0,0.0,0.0,0.0,0.0,0.0,0.0,0.0,1,1,0,1,1,1,0,0,0,1,1,1,0,0,0,0,1,0,0,0,0,0,0,0,0,0,0,0,0,0,0,6.72,2.0103730997006504,3.9306349435938297,15.193483261021246,2.16,0.6740919818541087,0.5804365222645286,0.7570918468557837,0.0,0.0,0,0,3.32,0.46647615158762407,0.7717436331412907,-1.4044117647058816,0.48,0.4995998398718719,0.08006407690254362,-1.9935897435897438,13.451480000000002,4.030131681421837,3.9379164716833115,15.24049302509371,0.88,0.7652450587883597,0.20651265247692696,-1.2689689151661743,358.46299999999997,66.48,2.7912000000000017,0,8,0,0,0,0,0,0,0,0,0,0,0,0,0,0,0,0,0,0,0,0,0,0,0,0,0,0,0,0,0,0,0,0,1,1,0,0,1,0,0,0,0,0,0,0,0,0,0,0,0,0,0,1,0,0,0,1,0,0,1,1,1,1,0,0,0,0,0,1,0,0,0,0,0,1,0,1,0,0,0,0,0,1,1,1,0,0,1,0,1,1,1,1,1,0,1,0,1,0,0,0,1,1,1,0,1,1,1,0,0,0,1,1,1,0,0,0,0,1,1,0,1,1,1,0,1,1,0,1,1,1,1,0,0,0,0,0,1,1,1,0,0,0,1,1,1,1,1,1,1,0,1,1,0,1,1,1,1,0,1,1,0,1,1,1,1,1,0,1
CHEMBL220_404,37,35,-1,-1,-1,2.08,2.8131121556027585,2.990777535748436,7.243668498064583,0.11517660540761247,0.11730889392457067,1.7079752713032856,3.7159734456917333,0.18309073424992134,0.09044859846343088,-0.2708777140885383,-0.9369685086333557,7.700900900900902,3.9975723600659387,-0.15471825234733405,-0.7544188573078512,0.02445302445302445,0.07064946124969927,3.3410455993608044,10.105935259603882,0.8108108108108109,0.3916588309780929,-1.5871507864874157,0.5190476190476199,2.08,2.8131121556027585,2.990777535748436,7.243668498064583,2.0,0.0,0,0,1.8918918918918919,2.413742006677417,3.4593039131670156,10.879159230449629,0.0,0.0,0,0,0.03740220483641536,0.1624962721665848,5.611519367580754,30.285064204608148,0.039999999999999994,0.049519254435354695,3.027312573822708,7.4773855061138494,0.04,0.0457843881212646,-1.8803056732322858,3.309963280232658,1.28,0.448998886412873,0.9799578870122222,-1.0396825396825407,0.5443861940712695,70.0,278.0,0.0,150.0,2370.0,16.0,0.0,0.0,0.0,484.0,690.0,19920.0,0.0,0.0,0.0,0.0,56.0,0.0,0.0,0.0,0.0,0.0,0.0,0.0,0.0,0.0,0.0,0.0,0.0,0.0,0.0,1,1,0,1,1,1,0,0,0,1,1,1,0,0,0,0,1,0,0,0,0,0,0,0,0,0,0,0,0,0,0,7.136363636363637,2.8650790016944407,2.6460127704546115,5.3472582266062325,2.1818181818181817,0.7158188976374374,0.4608875576619822,0.29552549427679287,0.0,0.0,0,0,3.3636363636363638,0.48104569292083477,0.5669467095138399,-1.6785714285714304,0.5454545454545454,0.49792959773196915,-0.1825741858350552,-1.9666666666666663,14.287545454545459,5.745591485709817,2.6480867538643924,5.355461359788901,0.8636363636363636,0.6248966856757964,0.10622246508841907,-0.5124716553288007,333.478,46.17,3.482800000000002,2,4,0,0,0,0,0,0,0,0,0,0,0,0,0,0,0,0,0,0,0,0,0,0,0,0,0,0,0,0,0,0,0,0,1,1,0,0,0,0,0,0,0,0,0,0,0,0,0,0,0,0,0,1,0,0,1,1,0,0,1,1,1,1,1,0,1,0,0,1,0,1,0,0,0,1,0,0,0,0,0,0,0,1,0,0,0,0,0,0,1,0,1,1,0,0,1,0,1,0,0,0,0,0,1,0,1,0,1,0,0,0,0,1,1,0,0,0,0,1,1,0,0,0,0,0,1,1,0,0,0,1,1,1,0,1,0,0,1,0,0,0,0,0,0,0,0,1,0,1,1,0,1,1,0,0,0,0,1,0,1,1,0,1,1,1,1,1,0,0
CHEMBL220_405,39,36,-1,-1,-1,2.08,3.071416611272395,3.403522767074486,10.566048619306326,0.10345084142650886,0.12222499355358116,2.434147162366215,8.997037053665679,0.17452377076070713,0.09662581491375309,-0.17023523212815825,-1.0718959828428702,7.610256410256412,4.371729327528314,-0.06843698733688498,-0.8145024325628767,0.01911222963854543,0.061409425852418154,3.8860038319748638,14.940897229504856,0.8205128205128205,0.3837597319768145,-1.6703827619526517,0.7901785714285703,2.08,3.071416611272395,3.403522767074486,10.566048619306326,2.0,0.0,0,0,1.8461538461538463,2.557427208162396,4.071292764808401,16.582728620673098,0.0,0.0,0,0,0.03440510107176774,0.158064469756058,5.837889545677348,32.71108596727311,0.039999999999999994,0.05407419333520495,3.374986124482696,10.259550441539513,0.039999999999999994,0.055827580965229225,4.07257389082968,16.210260532645925,1.28,0.448998886412873,0.9799578870122221,-1.0396825396825407,0.2954054206095394,72.0,316.0,0.0,148.0,3294.0,16.0,0.0,0.0,0.0,504.0,840.0,35904.0,0.0,0.0,0.0,0.0,66.0,0.0,0.0,0.0,0.0,0.0,0.0,0.0,0.0,0.0,0.0,0.0,0.0,0.0,0.0,1,1,0,1,1,1,0,0,0,1,1,1,0,0,0,0,1,0,0,0,0,0,0,0,0,0,0,0,0,0,0,7.485714285714286,2.8017487250585744,2.334037552298703,4.367597871406778,2.2285714285714286,0.7959079015533782,0.24813966255319225,-0.3690881071314691,0.0,0.0,0,0,3.1714285714285713,0.3768830273792263,1.7436255002314784,1.040229885057471,0.7428571428571429,0.4370588154508102,-1.1113247657830427,-0.7649572649572662,15.098542857142856,5.687073936784099,2.2171032630992142,3.8706816747602124,0.34285714285714286,0.4746642207381757,0.6621221919717306,-1.5615942028985499,540.5450000000002,90.02,6.2760000000000025,0,6,0,0,0,0,0,0,0,0,0,0,0,0,0,0,0,0,0,0,0,0,0,0,0,0,0,0,0,0,0,0,0,0,1,1,0,0,1,0,1,0,0,0,1,0,0,0,0,0,0,0,0,1,1,0,0,1,0,1,1,1,1,1,1,0,1,1,0,1,0,1,0,1,0,1,0,1,0,1,0,1,1,1,0,1,0,0,0,1,1,0,0,0,0,0,1,0,1,1,0,0,0,0,1,0,0,0,1,1,0,0,0,0,1,0,0,0,0,1,0,0,1,1,1,0,1,1,0,0,0,0,1,0,0,1,1,1,1,1,0,0,0,0,1,0,1,0,1,0,1,0,1,1,1,0,0,0,1,0,1,1,0,1,1,1,1,1,0,0
CHEMBL220_406,38,34,-1,-1,-1,2.0,2.753785273643051,2.9809118696940358,7.226301171356118,0.10740939628047068,0.12156895600583656,1.8667954213755698,4.737134719401428,0.16142632246240862,0.08744899898498783,-0.1351720056833712,-1.1017207383796443,6.980701754385966,3.9779684313571564,-0.0246190650539082,-0.8979735332938676,0.02121858700806069,0.060590328504057975,3.4050657796170936,11.068899897436973,0.8157894736842105,0.3876557858593746,-1.6292261599251139,0.6543778801843323,2.0,2.753785273643051,2.9809118696940358,7.226301171356118,2.0,0.0,0,0,1.7894736842105263,2.295967801177604,3.5590423968244544,11.70803573968033,0.0,0.0,0,0,0.005140439139644778,0.015366419269751479,2.7713394163172484,5.952276535260381,0.04166666666666665,0.05201289822881746,2.971709804467212,7.157339975421584,0.041666666666666664,0.09153964354596007,-2.542236375311727,6.076651187154212,1.1666666666666667,0.37267799624996495,1.788854381999831,1.1999999999999984,0.38036335302360647,68.0,254.0,0.0,104.0,2100.0,8.0,0.0,0.0,0.0,418.0,474.0,17040.0,0.0,0.0,0.0,0.0,36.0,0.0,0.0,0.0,0.0,0.0,0.0,0.0,0.0,0.0,0.0,0.0,0.0,0.0,0.0,1,1,0,1,1,1,0,0,0,1,1,1,0,0,0,0,1,0,0,0,0,0,0,0,0,0,0,0,0,0,0,7.777777777777778,3.3591592128513272,2.2155116173608977,3.356058683546488,2.0,0.816496580927726,0.0,-1.5,0.0,0.0,0,0,3.111111111111111,0.3142696805273545,2.474873734152916,4.124999999999997,0.6666666666666666,0.4714045207910317,-0.7071067811865474,-1.5,15.723666666666665,7.159024017901385,2.2465851395742744,3.449575467406418,0.4444444444444444,0.4969039949999533,0.22360679774997907,-1.9500000000000002,145.54500000000002,53.09,0.7339,0,0,0,0,0,0,0,0,0,0,0,0,0,0,0,0,0,0,0,0,0,0,0,0,0,0,0,0,0,0,0,0,0,0,0,0,0,0,0,0,0,0,0,0,0,0,0,0,0,0,0,0,0,0,0,0,1,0,0,0,0,0,0,0,0,0,0,1,0,0,0,0,0,0,1,0,0,0,0,0,0,0,0,0,0,0,0,0,0,1,0,0,0,0,1,0,0,1,0,0,1,0,0,0,0,1,0,0,0,1,0,0,1,0,0,1,0,0,0,1,0,0,0,1,0,0,0,0,0,1,0,0,0,1,0,0,1,0,0,1,0,1,0,0,0,1,1,0,0,0,0,0,1,1,1,0,1,0,1,1,0,1,0,1,1,1,1,1,0,0
CHEMBL220_407,40,37,-1,-1,-1,2.0,2.84102597162162,3.1772144157535234,8.636150050904535,0.10787628221333072,0.11559717875376468,1.9885000545691858,5.4384017786269485,0.18854987919992722,0.09268008011184006,-0.3539794926440204,-0.8327678187773069,8.4725,4.359360220006805,-0.214997091720583,-0.6749615314851547,0.024898785425101218,0.07197105183064519,3.2170155891592276,9.430240893589357,0.825,0.3799671038392666,-1.7106744068953987,0.9264069264069255,2.0,2.84102597162162,3.1772144157535234,8.636150050904535,2.0,0.0,0,0,1.85,2.46525860712421,3.6167432075171497,12.285680250013495,0.0,0.0,0,0,0.0031163749432274743,0.00996688226043126,3.279613972668808,9.948723340957342,0.03571428571428573,0.04597771426918183,3.176169509330803,8.618510012216191,0.035714285714285705,0.06827228427297702,3.580402783315321,11.794817986279337,1.1428571428571428,0.3499271061118826,2.0412414523193156,2.1666666666666696,-0.2790707090101492,74.0,306.0,0.0,164.0,2778.0,8.0,0.0,0.0,0.0,574.0,850.0,25200.0,0.0,0.0,0.0,0.0,42.0,0.0,0.0,0.0,0.0,0.0,0.0,0.0,0.0,0.0,0.0,0.0,0.0,0.0,0.0,1,1,0,1,1,1,0,0,0,1,1,1,0,0,0,0,1,0,0,0,0,0,0,0,0,0,0,0,0,0,0,9.19047619047619,10.088272529545655,3.8990036908913392,13.959367735860983,2.1904761904761907,0.7939681905015747,-0.3529523724557755,-1.3323068164173704,0.0,0.0,0,0,3.142857142857143,0.34992710611188255,2.0412414523193156,2.1666666666666705,0.7619047619047619,0.4259177099999599,-1.229837387624884,-0.4874999999999998,19.500809523809526,24.561310296633774,3.974160614762989,14.426494484165122,0.3333333333333333,0.4714045207910316,0.7071067811865481,-1.4999999999999987,416.573,50.44,4.5627,0,1,0,0,0,0,0,0,0,0,0,0,0,0,0,0,0,0,0,0,0,0,0,0,0,0,0,0,0,1,0,0,0,0,0,0,0,0,0,0,0,0,0,0,1,0,0,0,0,0,0,0,0,0,0,0,0,0,0,1,0,0,0,0,1,0,0,0,0,0,0,0,0,0,1,0,0,0,0,0,0,0,0,0,0,0,0,0,0,1,0,1,0,0,0,0,0,0,0,0,1,0,0,1,0,1,0,1,0,1,0,0,0,0,0,1,0,0,0,0,0,0,0,0,0,0,0,1,0,1,0,0,0,0,0,0,1,0,0,1,0,1,0,0,0,1,1,1,1,0,0,0,1,0,1,0,1,0,0,1,0,1,0,0,1,1,1,1,0,1
CHEMBL220_408,39,35,-1,-1,-1,2.0,2.886751345948129,2.9618068809427798,6.947999999999999,0.10710252673291211,0.1190381216604643,1.752300427207903,3.850713596373903,0.15941257449714052,0.08770679065241294,-0.10389572811190367,-1.1666265337379738,7.021367521367522,4.054451228965759,0.012636583910692277,-0.962594486317911,0.018455702666228986,0.0569869175119908,3.45035453800607,10.832262406365002,0.8205128205128205,0.3837597319768145,-1.6703827619526517,0.7901785714285703,2.0,2.886751345948129,2.9618068809427798,6.947999999999999,2.0,0.0,0,0,1.794871794871795,2.3662096400121695,3.601262239237701,11.840363929108875,0.0,0.0,0,0,0.0046692770830701865,0.013965479921042839,2.7155516861133333,5.530190276315402,0.041666666666666664,0.05488951753063739,2.9709038807342525,6.995259626434336,0.041666666666666664,0.11260527349513112,3.0829979341520803,7.705113377295104,1.1666666666666667,0.3726779962499649,1.7888543819998313,1.1999999999999993,-1.5644663529898575,70.0,274.0,0.0,104.0,2370.0,8.0,0.0,0.0,0.0,440.0,490.0,19920.0,0.0,0.0,0.0,0.0,38.0,0.0,0.0,0.0,0.0,0.0,0.0,0.0,0.0,0.0,0.0,0.0,0.0,0.0,0.0,1,1,0,1,1,1,0,0,0,1,1,1,0,0,0,0,1,0,0,0,0,0,0,0,0,0,0,0,0,0,0,6.2631578947368425,0.6359497880839248,2.1665134974234577,2.9758866579095473,2.210526315789474,0.5210260492953509,0.21027665213127542,-0.06101624323198873,0.0,0.0,0,0,3.0,0.0,0,0,0.8421052631578947,0.36464227527765836,-1.8763883748662837,1.520833333333333,12.535842105263157,1.2682059131809582,2.165973792321071,2.9733849869448914,0.5789473684210527,0.49372797471825575,-0.3198010745334159,-1.8977272727272727,249.26900000000003,42.57,3.5436000000000023,0,2,0,0,0,0,0,0,0,0,0,0,0,0,0,0,0,0,0,0,0,0,0,0,0,0,0,0,0,0,0,0,0,0,0,0,0,0,0,0,0,0,0,0,0,0,0,0,0,0,0,0,0,0,0,0,0,0,0,1,0,0,0,0,0,0,0,0,0,0,0,0,0,0,0,0,0,0,0,0,1,0,0,0,0,0,0,0,0,0,0,0,0,0,0,0,0,0,0,0,1,0,0,1,0,0,0,1,0,0,0,0,0,0,0,1,0,0,0,0,0,1,0,0,0,1,0,1,0,1,0,0,0,0,0,1,0,1,0,1,0,0,0,0,0,1,0,1,0,0,0,0,0,0,1,0,1,0,1,0,1,1,0,1,1,1,1,1,0,1
CHEMBL220_409,37,34,-1,-1,-1,2.0,2.5612496949731396,2.913973849872772,6.9234086853063666,0.11485826616258739,0.11762060075153186,1.7430215393103838,4.303218468408015,0.17948073612936222,0.08625600444806635,-0.3827992189507603,-0.9592138225784219,7.518018018018017,3.8415078886466203,-0.1912333988824197,-0.7642397581482054,0.025053625053625055,0.0684652831468278,3.1196011036516076,8.598049929448969,0.8108108108108109,0.3916588309780929,-1.5871507864874157,0.5190476190476199,2.0,2.5612496949731396,2.913973849872772,6.9234086853063666,2.0,0.0,0,0,1.837837837837838,2.211927293579473,3.322085709296941,10.09732595112912,0.0,0.0,0,0,0.0,0.0,0,0,0.04,0.046804115321668685,2.9292856258267195,6.974704451462774,0.04,0.0768781852908946,3.3075525609787992,9.836300838024455,1.24,0.4270831300812524,1.2175615550562027,-0.5175438596491229,0.11180138797014312,68.0,238.0,0.0,104.0,1776.0,0.0,0.0,0.0,0.0,266.0,418.0,13080.0,0.0,0.0,0.0,0.0,0.0,0.0,0.0,0.0,0.0,0.0,0.0,0.0,0.0,0.0,0.0,0.0,0.0,0.0,12.0,1,1,0,1,1,0,0,0,0,1,1,1,0,0,0,0,0,0,0,0,0,0,0,0,0,0,0,0,0,0,1,6.318181818181818,0.6997638326518479,1.8582629791940304,1.6259146504299462,2.1818181818181817,0.48956043701222757,0.38419725140079813,0.33055885850178557,0.0,0.0,0,0,3.4545454545454546,0.49792959773196915,0.1825741858350551,-1.9666666666666666,0.45454545454545453,0.49792959773196915,0.18257418583505527,-1.9666666666666666,12.645545454545454,1.395417719383787,1.857899244064879,1.6244967671575115,1.0454545454545454,0.8778730870830893,-0.08828641213885366,-1.6967418726505614,301.386,42.68,3.4379000000000026,0,6,0,0,0,0,0,0,0,0,0,0,0,0,0,0,0,0,0,0,0,0,0,0,0,0,0,0,0,0,0,0,0,0,0,0,0,0,0,0,0,0,0,0,0,0,0,0,0,0,0,0,0,0,0,0,0,0,0,1,0,0,0,0,0,0,0,0,0,0,0,0,0,0,0,0,0,1,0,0,0,0,0,0,0,0,0,1,1,0,0,1,0,0,0,0,0,0,0,0,1,0,1,1,0,0,0,1,0,0,0,1,0,1,0,1,0,0,0,0,1,0,1,1,1,0,0,1,1,1,1,1,0,0,1,0,0,0,0,1,1,0,0,0,0,1,0,1,1,1,1,0,0,0,1,1,1,1,0,1,1,1,0,1,1,1,1,1,0,1
CHEMBL220_410,37,37,-1,-1,-1,2.24,2.956754978012212,2.922018428037365,7.117354455303344,0.11195247429796466,0.12038966120722569,1.7107602423497963,3.5629126517224883,0.1965031303763582,0.09950465022703557,-0.33712540443974165,-1.094850727439077,8.06936936936937,4.265791213524179,-0.1863809103827116,-0.8747503250438227,0.021621621621621626,0.05823013030029438,3.5591960576728097,11.829115145457044,0.8108108108108109,0.3916588309780929,-1.5871507864874157,0.5190476190476199,2.24,2.956754978012212,2.922018428037365,7.117354455303344,2.0,0.0,0,0,2.0,2.536224050124995,3.4193623024494313,10.91974436833557,0.0,0.0,0,0,0.020239868763617157,0.04809877419580033,2.142171043635329,2.9755617642880097,0.04,0.048067055701498974,2.9420339315241426,7.2249351313738845,0.039999999999999994,0.029533722760600612,-0.4409866135009405,-0.006775163511692828,1.36,0.48,0.5833333333333327,-1.6597222222222228,0.7378026337344407,74.0,312.0,0.0,272.0,2778.0,48.0,0.0,0.0,0.0,1058.0,1380.0,25200.0,0.0,0.0,0.0,0.0,246.0,0.0,0.0,0.0,48.0,0.0,0.0,0.0,0.0,0.0,0.0,0.0,0.0,0.0,48.0,1,1,0,1,1,1,0,0,0,1,1,1,0,0,0,0,1,0,0,0,1,0,0,0,0,0,0,0,0,0,1,6.2592592592592595,0.5158662324883007,1.8726125168070886,2.6389095546816854,2.2222222222222223,0.49690399499995325,0.38013155617496347,-0.06000000000000094,0.0,0.0,0,0,3.3333333333333335,0.47140452079103173,0.7071067811865462,-1.500000000000002,0.5925925925925926,0.4913518207933925,-0.37688918072220445,-1.8579545454545452,12.528333333333334,1.0291692442612799,1.8708572739638925,2.62882962156045,0.9259259259259259,0.766228180206563,0.12626301340573015,-1.288147436457333,363.4650000000002,64.52000000000001,2.3561999999999994,0,6,0,0,0,0,0,0,0,0,0,0,0,0,0,0,0,0,0,0,0,0,0,0,0,0,0,1,0,0,0,0,0,0,0,0,0,0,0,0,1,0,0,0,0,0,0,0,0,0,0,0,0,0,0,0,0,0,0,0,0,0,0,0,1,0,0,1,0,0,0,0,0,0,0,0,0,1,0,1,0,1,1,0,1,0,0,1,1,0,0,0,0,1,0,0,0,1,0,0,1,0,1,1,0,0,1,1,1,0,0,1,0,1,0,0,0,0,0,0,1,0,1,1,1,0,0,1,0,0,1,1,0,1,1,1,0,1,0,1,1,1,0,0,1,0,0,1,0,1,1,0,0,1,0,1,0,1,1,1,1,0,0,1,1,1,1,1,0,1
CHEMBL220_411,38,37,-1,-1,-1,2.1538461538461537,2.9048011674614163,2.954249794941085,7.172265618084504,0.10883474800794472,0.12029458466502713,1.6940112529435818,3.170178654998648,0.1907348564428727,0.09627629577166086,-0.2793909680216284,-1.0283756810349058,8.1140350877193,4.278568457504505,-0.15168203549858922,-0.8411951299526375,0.023589378852536747,0.06307308911127692,3.2198767303679343,9.429588913246361,0.8157894736842105,0.3876557858593746,-1.6292261599251139,0.6543778801843323,2.1538461538461537,2.9048011674614163,2.954249794941085,7.172265618084504,2.0,0.0,0,0,1.9473684210526316,2.5020766997904658,3.4265155626656316,10.788521419061787,0.0,0.0,0,0,0.020073680441705766,0.04837306782453329,2.157384616147319,2.9738792241014043,0.038461538461538464,0.04660465607814704,2.9471471992367864,7.133402143716934,0.038461538461538464,0.43140321999542014,2.9706287974704804,7.2392563566151775,1.2307692307692308,0.42132504423474315,1.278019300845387,-0.3666666666666676,0.018636106652387102,74.0,308.0,0.0,250.0,2712.0,48.0,0.0,0.0,0.0,1054.0,1262.0,23880.0,0.0,0.0,0.0,0.0,246.0,0.0,0.0,0.0,48.0,0.0,0.0,0.0,0.0,0.0,0.0,0.0,0.0,0.0,0.0,1,1,0,1,1,1,0,0,0,1,1,1,0,0,0,0,1,0,0,0,1,0,0,0,0,0,0,0,0,0,0,6.266666666666667,0.573488351136175,2.039046420128074,2.957268078889701,2.2,0.541602560309064,0.10071121989218042,-0.11157024793388404,0.0,0.0,0,0,3.3,0.458257569495584,0.8728715609439706,-1.2380952380952364,0.5333333333333333,0.49888765156985887,-0.13363062095621212,-1.9821428571428572,12.543000000000005,1.1438769164556126,2.0376676983945297,2.9502161476319433,0.9333333333333333,0.813770374382247,0.12260987803741331,-1.4799333363362015,404.51400000000024,90.63000000000001,4.847200000000005,0,8,0,0,0,0,0,0,0,0,0,0,0,0,0,0,0,0,0,0,0,0,0,0,0,0,1,0,0,0,0,0,0,0,0,0,0,0,0,0,0,0,0,0,0,0,0,0,0,0,0,0,0,0,0,0,0,0,0,0,0,0,0,0,0,0,0,1,0,0,0,1,0,1,0,0,0,0,0,0,1,1,1,0,1,0,0,0,0,0,0,0,1,1,0,0,1,1,0,1,1,0,1,1,1,0,1,1,0,0,0,0,0,1,0,1,0,0,0,0,1,1,1,1,0,0,1,1,0,1,1,1,0,1,0,1,0,1,0,1,0,1,0,0,1,1,1,1,0,1,0,0,1,1,1,1,0,1,1,1,1,1,0,1,1,1,1,1,0,1
CHEMBL220_412,35,36,-1,-1,-1,2.347826086956522,2.9133679248262534,2.6608411625464203,5.648700651286452,0.11678036801304409,0.12220382243680666,1.488646516603787,2.487429733126275,0.1937026224614469,0.09936440698142705,-0.2376331090954451,-1.1487234617394189,7.544761904761907,4.024454555231079,-0.13625424203744277,-0.9605569088979071,0.02093200916730328,0.05640492697258362,3.4838549902671794,11.088824667975727,0.8,0.4,-1.5,0.24999999999999956,2.347826086956522,2.9133679248262534,2.6608411625464203,5.648700651286452,2.0,0.0,0,0,2.057142857142857,2.4835787213829406,3.1687470983774664,9.222293972431295,0.0,0.0,0,0,0.03528387948912569,0.06642729666870634,1.7118103580098556,1.7410815459026736,0.043478260869565216,0.049549771636012485,2.7148529281886273,5.864174356019184,0.04347826086956523,0.11313099002216186,-2.068098982070943,3.4566208537460668,1.391304347826087,0.48804226784007926,0.44543540318737423,-1.8015873015873007,0.3583419135827129,72.0,292.0,0.0,294.0,2388.0,64.0,0.0,0.0,0.0,1066.0,1392.0,19920.0,0.0,0.0,0.0,0.0,282.0,0.0,0.0,0.0,48.0,0.0,0.0,0.0,0.0,0.0,0.0,0.0,0.0,0.0,120.0,1,1,0,1,1,1,0,0,0,1,1,1,0,0,0,0,1,0,0,0,1,0,0,0,0,0,0,0,0,0,1,6.24,0.5851495535331118,2.294165480322957,3.798890732815087,2.24,0.5122499389946279,0.27711319944868396,-0.23706127305175517,0.0,0.0,0,0,3.36,0.48000000000000004,0.583333333333334,-1.6597222222222219,0.6,0.4898979485566356,-0.40824829046386296,-1.833333333333333,12.48972,1.166996127500002,2.2932226850489745,3.7939922904329277,0.96,0.7735631842325487,0.06885285283890906,-1.3262175069347137,336.4350000000001,49.5,4.378200000000004,0,5,0,0,0,0,0,0,0,0,0,0,0,0,0,0,0,0,0,0,0,0,0,0,0,0,0,0,0,0,0,0,0,0,0,0,0,0,0,0,0,0,0,0,0,0,0,0,0,0,0,0,0,0,0,0,0,0,0,1,0,0,0,0,0,0,0,1,0,0,0,0,0,1,0,0,0,1,0,0,0,0,0,0,0,1,0,1,1,0,0,1,0,0,0,0,1,0,1,1,1,0,1,1,1,0,0,1,0,0,0,0,0,1,0,1,0,0,0,0,1,0,1,1,1,0,1,1,0,1,1,1,0,0,0,0,0,0,0,1,1,1,0,0,1,1,0,1,0,1,1,0,0,0,1,1,0,1,1,1,1,1,0,1,1,1,1,1,0,1
CHEMBL220_413,36,34,-1,-1,-1,2.1818181818181817,2.838635453817453,2.7844561489663686,6.139903747534531,0.11143410834189378,0.12393634364392411,1.6911134719319518,3.697822044140188,0.16658777939775637,0.09261413598568058,-0.07588265024399271,-1.1720555615957742,6.725925925925925,3.8960835123561934,0.0016866427347667031,-0.9849791672156805,0.018394024276377218,0.053726207428713056,3.5929178953296224,11.991954449389976,0.8055555555555556,0.3957724124659724,-1.5440972939559132,0.3842364532019724,2.1818181818181817,2.838635453817453,2.7844561489663686,6.139903747534531,2.0,0.0,0,0,1.8888888888888888,2.3425742935897795,3.413872663757436,10.734259876683012,0.0,0.0,0,0,0.04773841354723708,0.1661073968391586,5.223696987663724,27.011795098159137,0.045454545454545456,0.05419024335913562,2.7877816244402474,6.0655389890258,0.045454545454545456,0.017916858618944535,0.6773942957231252,-0.22010570700922738,1.3636363636363635,0.4810456929208346,0.5669467095138417,-1.678571428571427,-0.36259374547325707,68.0,258.0,0.0,168.0,2100.0,32.0,0.0,0.0,0.0,634.0,766.0,17040.0,0.0,0.0,0.0,0.0,128.0,0.0,0.0,0.0,12.0,0.0,0.0,0.0,0.0,0.0,0.0,0.0,0.0,0.0,0.0,1,1,0,1,1,1,0,0,0,1,1,1,0,0,0,0,1,0,0,0,1,0,0,0,0,0,0,0,0,0,0,6.53125,1.8025047676774673,4.55967422832821,20.844439963432777,2.25,0.5,0.375,-0.3125,0.0,0.0,0,0,3.25,0.4330127018922193,1.1547005383792515,-0.6666666666666665,0.65625,0.47495887979908324,-0.657951694959769,-1.567099567099567,13.073999999999998,3.6132593319605504,4.567507081661442,20.90437529223621,0.84375,0.7545435292281023,0.2663964515102644,-1.206717487179638,445.5840000000001,41.93,6.930900000000005,0,7,0,0,0,0,0,0,0,0,0,0,0,0,0,0,0,0,0,0,0,0,0,0,0,0,0,0,0,0,0,0,0,0,0,0,0,0,1,0,0,0,0,0,0,0,0,0,0,0,0,0,0,0,0,0,0,0,0,0,0,0,0,0,1,0,0,0,0,0,0,0,0,0,0,0,0,1,0,0,0,0,0,1,0,1,0,1,1,0,1,0,0,0,0,0,0,1,1,0,1,0,1,1,0,0,0,1,0,0,0,1,0,1,0,1,0,0,0,0,1,0,1,1,1,0,0,1,1,1,1,1,0,0,1,0,0,0,0,1,1,1,0,0,0,1,1,1,1,1,1,0,1,0,1,1,0,1,0,1,1,1,0,1,1,1,1,1,0,0
CHEMBL220_414,35,34,-1,-1,-1,2.1666666666666665,2.7335365778094545,2.762511060682546,6.109782894100409,0.11761099788162256,0.12140461996447066,1.5523850510579518,2.644745107328492,0.19429992405841295,0.0956546487794505,-0.31054190042833824,-0.9116970851322321,7.631428571428572,3.9398287196445554,-0.19631068278191569,-0.7673550443404697,0.025413801884390116,0.06619685444258194,3.2014853391555853,9.304999550892413,0.8,0.4,-1.5,0.24999999999999956,2.1666666666666665,2.7335365778094545,2.762511060682546,6.109782894100409,2.0,0.0,0,0,1.9428571428571428,2.377788373892935,3.1792418776236233,9.127089359908789,0.0,0.0,0,0,0.021059667251765803,0.04611247731922937,2.265647122067775,4.681969313841558,0.041666666666666664,0.04780559085331824,2.793545499503659,6.237525127901346,0.041666666666666664,0.10547837228736957,2.8563108714629615,6.420761570786103,1.2916666666666667,0.45452967144315476,0.9166984970282107,-1.159663865546219,-2.162542743899426,68.0,262.0,0.0,212.0,2052.0,32.0,0.0,0.0,0.0,728.0,950.0,15960.0,0.0,0.0,0.0,0.0,134.0,0.0,0.0,0.0,12.0,0.0,0.0,0.0,0.0,0.0,0.0,0.0,0.0,0.0,24.0,1,1,0,1,1,1,0,0,0,1,1,1,0,0,0,0,1,0,0,0,1,0,0,0,0,0,0,0,0,0,1,6.166666666666667,0.4714045207910317,2.872621298570347,7.359374999999993,2.25,0.4330127018922193,1.1547005383792515,-0.6666666666666665,0.0,0.0,0,0,3.375,0.4841229182759271,0.5163977794943223,-1.7333333333333334,0.625,0.4841229182759271,-0.5163977794943223,-1.7333333333333334,12.3435,0.9402753586051272,2.871051685997526,7.348276233060535,1.0,0.7637626158259734,0.0,-1.285714285714286,320.4360000000001,29.270000000000003,4.6726000000000045,0,5,0,0,0,0,0,0,0,0,0,0,0,0,0,0,0,0,0,0,0,0,0,0,0,0,0,0,0,0,0,0,0,0,0,0,0,0,0,0,0,0,0,0,0,0,0,0,0,0,0,0,0,0,0,0,0,0,0,1,0,0,0,0,0,0,0,1,0,0,0,0,0,1,0,0,0,1,0,0,0,0,0,0,0,1,0,1,1,0,0,0,0,0,0,0,1,0,1,1,1,0,1,1,1,0,0,1,0,0,0,0,0,1,0,0,0,0,0,0,1,0,1,1,1,0,1,1,0,0,1,1,0,0,0,0,0,0,0,1,1,0,0,0,1,0,0,1,0,1,1,0,0,0,1,1,0,1,1,0,1,0,0,1,1,1,1,1,0,1
CHEMBL220_415,34,32,-1,-1,-1,2.090909090909091,2.574509501546599,2.7122721212197227,5.898635580624505,0.11499945565292002,0.12722770887434245,1.6166348343088528,3.01642142127353,0.18041308479321647,0.09093437635940589,-0.12860015409167366,-1.0404493165434567,6.847058823529411,3.6234878987096604,-0.010506531979789456,-0.8577443042269586,0.02311720142602496,0.059822641636197514,3.1645297135517456,9.34104036704294,0.7941176470588235,0.40434491426080943,-1.4547859349066157,0.11640211640211495,2.090909090909091,2.574509501546599,2.7122721212197227,5.898635580624505,2.0,0.0,0,0,1.8823529411764706,2.1931002214479114,3.1613401779187376,9.190262408778015,0.0,0.0,0,0,0.013906871136813737,0.03537054734667806,2.3786204162355777,4.126034111931971,0.04545454545454546,0.05041363679889192,2.7249677166947266,5.961903105790613,0.04545454545454548,0.04181579974581717,-0.6659924437965821,0.24444505659119553,1.2272727272727273,0.41907020260422223,1.301582746911936,-0.3058823529411776,0.7669375802885359,64.0,220.0,0.0,168.0,1560.0,24.0,0.0,0.0,0.0,520.0,712.0,11064.0,0.0,0.0,0.0,0.0,100.0,0.0,0.0,0.0,12.0,0.0,0.0,0.0,0.0,0.0,0.0,0.0,0.0,0.0,0.0,1,1,0,1,1,1,0,0,0,1,1,1,0,0,0,0,1,0,0,0,1,0,0,0,0,0,0,0,0,0,0,6.190476190476191,0.4994327848429292,2.6228889045974206,5.881487603305789,2.1904761904761907,0.39267672624930106,1.5764815627361621,0.485294117647054,0.0,0.0,0,0,3.380952380952381,0.4856209060564557,0.4902903378454601,-1.7596153846153848,0.5714285714285714,0.4948716593053935,-0.2886751345948126,-1.916666666666667,12.391,0.9961778383974853,2.6213843473887297,5.871732811650276,1.0476190476190477,0.6529194857524803,-0.04810441208973143,-0.6596876414667254,282.38699999999994,33.29,2.2176,1,5,0,0,0,0,0,0,0,0,0,0,0,0,0,0,0,0,0,0,0,0,0,0,0,0,0,0,0,0,0,0,0,0,0,0,0,0,0,0,0,0,0,0,0,0,0,0,0,0,0,0,0,0,0,0,1,0,0,0,0,0,0,0,0,0,0,0,0,0,0,0,0,0,0,0,0,0,0,0,0,1,0,0,1,0,0,0,1,0,0,0,1,1,0,0,0,1,0,1,1,0,1,0,0,0,1,0,0,0,0,1,0,1,0,1,0,0,0,0,1,0,1,1,0,0,0,1,1,1,1,1,0,1,0,0,0,0,0,1,1,0,0,0,1,1,0,1,0,1,0,0,0,1,1,1,0,1,1,1,1,0,0,1,1,1,1,1,0,0
CHEMBL220_416,39,40,-1,-1,-1,2.2962962962962963,3.263885605461968,3.1163798489524246,8.410472818480342,0.10697335674485095,0.1191542134704623,1.7945572103291623,3.94552646782836,0.20463408103616196,0.10503340276564035,-0.35066171753866293,-1.0757395762148825,8.811111111111112,4.697604004257566,-0.1959452989480714,-0.8265034437225314,0.021410074041652988,0.059851497472371055,3.476620949496688,11.564988243845148,0.8205128205128205,0.3837597319768145,-1.6703827619526517,0.7901785714285703,2.2962962962962963,3.263885605461968,3.1163798489524246,8.410472818480342,2.0,0.0,0,0,2.051282051282051,2.8097697501133796,3.644144880170861,12.641186799295674,0.0,0.0,0,0,0.040340270634619695,0.08403706858986976,1.7892986522839889,1.506127434334811,0.037037037037037035,0.047397697804528134,3.125705862615393,8.507806420171939,0.037037037037037035,0.044571632127351,3.027564138554872,8.198880619130577,1.2962962962962963,0.4566232594791834,0.892217816219194,-1.2039473684210518,0.5026682641218118,80.0,392.0,0.0,408.0,4128.0,120.0,0.0,0.0,0.0,1932.0,2444.0,44760.0,0.0,0.0,0.0,0.0,710.0,0.0,0.0,0.0,240.0,0.0,0.0,0.0,0.0,0.0,0.0,0.0,0.0,0.0,0.0,1,1,0,1,1,1,0,0,0,1,1,1,0,0,0,0,1,0,0,0,1,0,0,0,0,0,0,0,0,0,0,6.217391304347826,0.5070392952039391,2.3038817283482635,4.410683391003461,2.260869565217391,0.4391089103635685,1.0891622972743438,-0.8137254901960755,0.0,0.0,0,0,3.3043478260869565,0.4601306627938419,0.8504200642707607,-1.276785714285715,0.6521739130434783,0.476280484787101,-0.6390096504226939,-1.5916666666666668,12.444739130434785,1.011439147620051,2.3022008478959446,4.40030643794137,0.9130434782608695,0.7753284565272611,0.15130267553804227,-1.3233060401091719,307.39699999999993,41.15,3.704500000000002,0,5,0,0,0,0,0,0,0,0,0,0,0,0,0,0,0,0,0,0,0,0,0,0,0,0,0,0,0,0,0,0,0,0,0,0,0,0,0,0,1,0,0,0,0,0,0,0,0,0,0,0,0,0,0,0,0,0,0,0,0,0,0,0,1,0,0,1,0,0,0,0,0,0,0,0,0,1,0,1,0,1,0,0,0,1,0,1,1,0,0,0,0,0,0,0,0,1,1,0,0,0,1,1,0,0,0,1,0,0,0,1,0,1,0,1,0,0,0,0,1,0,1,1,1,0,0,1,1,1,1,1,0,0,1,0,0,0,0,1,1,0,0,0,1,1,0,1,0,1,1,0,0,1,1,1,0,1,1,1,1,0,0,1,1,1,1,1,0,1
CHEMBL220_417,35,35,-1,-1,-1,2.260869565217391,2.8925299788660697,2.81157890771472,6.2309475761373,0.11538220864098181,0.12352479306016875,1.5740513688822697,2.7495705026899824,0.18770652326994738,0.09615516772212852,-0.17312473272388146,-1.1275169836075516,7.390476190476189,3.937931706168732,-0.0903987056674804,-0.9080544202974519,0.022358034122740005,0.0610293831263395,3.518516698927408,11.151327999136463,0.8,0.4,-1.5,0.24999999999999956,2.260869565217391,2.8925299788660697,2.81157890771472,6.2309475761373,2.0,0.0,0,0,2.0,2.461126339126632,3.32337481135625,9.977038091847632,0.0,0.0,0,0,0.06060546051304619,0.17196287218869813,4.656066935559515,22.473482530443093,0.04347826086956521,0.05058443562759746,2.845139430161338,6.426641533241122,0.043478260869565216,0.022357145406343776,1.0738852673208046,0.6498070672062863,1.391304347826087,0.48804226784007926,0.44543540318737423,-1.8015873015873007,0.32110449867743907,70.0,282.0,0.0,234.0,2370.0,56.0,0.0,0.0,0.0,916.0,1090.0,19920.0,0.0,0.0,0.0,0.0,246.0,0.0,0.0,0.0,48.0,0.0,0.0,0.0,0.0,0.0,0.0,0.0,0.0,0.0,0.0,1,1,0,1,1,1,0,0,0,1,1,1,0,0,0,0,1,0,0,0,1,0,0,0,0,0,0,0,0,0,0,6.125,0.33071891388307384,2.267786838055363,3.1428571428571432,2.3125,0.46351240544347894,0.8090398349558905,-1.3454545454545455,0.0,0.0,0,0,3.1875,0.3903123748998999,1.6012815380508714,0.5641025641025643,0.78125,0.41339864235384227,-1.360672102833218,-0.14857142857142858,12.260499999999999,0.6601149521106154,2.267786838055367,3.142857142857153,0.8125,0.6817945071647321,0.2542105075792519,-0.8658993008968294,418.54400000000027,42.74,6.985300000000005,0,4,0,0,0,0,0,0,0,0,0,0,0,0,0,0,0,0,0,0,0,0,0,0,0,0,0,0,0,0,0,0,0,0,0,0,0,0,0,0,1,0,0,0,0,0,0,0,0,0,0,0,0,0,0,0,0,0,0,0,0,0,0,0,1,0,0,1,0,0,0,0,0,0,0,0,0,1,0,1,0,1,1,0,0,1,0,1,0,0,0,0,1,1,0,0,0,0,1,0,1,0,0,1,0,0,1,1,0,0,0,0,0,1,0,0,0,0,0,0,1,0,1,1,1,0,0,1,0,0,1,1,0,0,0,1,0,1,0,1,0,0,0,0,1,0,1,1,0,1,1,0,1,1,0,0,0,0,1,0,1,0,0,1,1,1,0,1,0,0
