CHEMBL1163125_0,0.0,0.0,0.0,0.0,0.0,0.0,0.0,0.0,0.0,0.0,0.0,0.0,0.0,0.0,0.0,0.0,0.0,0.0,0.0,0.0,0.0,0.0,0.0,0.0,0.0,0.02253208966198189,0.0,0.0,0.0,0.0,0.0,0.0,0.0,0.0,0.0,0.0,0.0,0.0,0.004737295434969853,0.0,0.0,0.0,0.0,0.0,0.0,0.0,0.0906997645688797,0.0,0.0,0.0,0.0,0.00331225534477567,0.0,0.024390243902439022,0.0,0.0,0.0,0.0,0.0,0.0,0.0,0.0,0.0035035035035035043,0.0,0.0,0.0,0.0,0.0,0.0,0.0,0.0,0.0,0.0,0.0,0.0,0.0,0.0,0.0,0.0,0.023567999839506738,0.0,0.0,0.01775067750677507,0.013924777490668963,0.0,0.004263565891472869,0.010910134941142693,0.020176825057237235,0.0,0.0,0.0,0.0,0.009009009009009009,0.0,0.0049549549549549555,0.004263565891472869,0.036706986103138495,0.0009756097560975631,0.0,0.0,0.0071202985931668105,0.02283584397405536,0.004471544715447155,0.0,0.002402402402402403,0.04260952198180407,0.009009009009009009,0.008130081300813009,0.006606606606606606,0.0,0.016260162601626018,0.003670337003670337,0.0,0.002168021680216803,0.0,0.0,0.010460460460460461,0.019743604447707303,0.004471544715447155,0.0,0.0,0.0,0.0,0.0,0.012766538518098359,0.0,0.011411411411411413,0.0,0.0,0.0009756097560975631,0.0,0.0,0.0,0.0,0.059652628616515935,0.0,0.021891159452135062,0.0,0.013232215009488596,0.0,0.008280638361939175,0.0031616982836495037,0.0,0.010860860860860862,0.07379460193791826,0.0,0.007366309398829725,0.0024224806201550387,0.0,0.046489862901282826,0.05913734683823548,0.0,0.018284421687711536,0.004263565891472869,0.004471544715447155,0.0,0.0,0.0,0.0,0.007220228358439742,0.09276100831404292,0.0,0.0,0.0,0.08591717071580941,0.0,0.0,
CHEMBL1163125_6,0.0,0.0,0.0,0.0,0.0,0.0,0.0,0.0,0.0,0.0,0.0,0.0,0.0,0.0,0.0,0.0,0.0,0.0,0.0,0.0,0.0,0.0,0.0,0.0,0.0,0.0,0.0,0.0024774774774774778,0.0,0.0,0.0,0.0,0.0,0.0,0.11703696038636481,0.0,0.0,0.0,0.03494504619953666,0.0,0.0,0.0,0.0,0.0,0.0,0.0,0.0,0.07556503374238295,0.0,0.0,0.0,0.0,0.0,0.006606606606606606,0.0,0.0,0.0,0.018234735964930707,0.0,0.12095676220747124,0.0,0.0,0.0,0.0,0.08045420160186656,0.0,0.0,0.0,0.0,0.0,0.0,0.0,0.0,0.003670337003670337,0.0,0.003158196956646569,0.0,0.004471544715447155,0.0,0.0,0.032726136989702885,0.035974469459060125,0.0,0.0,0.004263565891472869,0.0,0.0,0.0,0.018552131257746688,0.005684754521963824,0.0,0.0,0.003158196956646569,0.004471544715447155,0.010365598156295832,0.003014642549526271,0.0,0.0015765765765765772,0.0,0.06414153802128846,0.00894308943089431,0.029226021256650872,0.004570424082619207,0.0,0.0014227642276422772,0.014815060854009616,0.014092140921409214,0.0,0.005962059620596205,0.0,0.004263565891472869,0.007506693685555476,0.009175842509175842,0.014974527372901357,0.0,0.00331225534477567,0.0,0.0,0.002168021680216803,0.0,0.0,0.0,0.0,0.0,0.003423772609819123,0.0,0.01742218489996898,0.018387218755908492,0.0,0.0,0.0,0.01548214881548215,0.0,0.0,0.0,0.0,0.0,0.0,0.0,0.00331225534477567,0.007432432432432432,0.009635651912074676,0.0,0.04336974997307763,0.0,0.0,0.00844332704797821,0.009174702212138402,0.0,0.0,0.0,0.0,0.03941929450721283,0.0057146577471780735,0.0,0.022086720867208674,0.0,0.021599161082050098,0.0,0.003158196956646569,0.0,0.0,0.0,0.0,0.0,0.0,0.0,
CHEMBL1163125_39,0.0,0.0,0.0,0.0,0.0,0.0,0.0,0.0,0.0,0.0,0.0,0.0,0.0,0.0,0.0,0.0,0.0,0.0,0.0,0.0,0.0,0.0,0.0,0.0,0.09218230330917039,0.0,0.0,0.0,0.0,0.0,0.0,0.0,0.0,0.0,0.0,0.0,0.0,0.0,0.005684754521963824,0.0,0.0,0.0,0.0,0.0,0.0,0.0,0.0,0.0,0.0,0.0,0.0,0.0,0.0,0.0,0.0,0.0,0.0,0.00984630877805391,0.0,0.0,0.0,0.0,0.003158196956646569,0.0,0.0,0.016159324383941513,0.0,0.0,0.12023954376005803,0.02112560660490326,0.0,0.09207803946885058,0.03180868048990568,0.0,0.0,0.009486434108527132,0.0,0.007998929161719862,0.0,0.002402402402402403,0.0,0.0,0.0,0.004593741027849555,0.0,0.017789542236507635,0.0,0.0,0.0,0.0,0.0010810810810810835,0.005505505505505506,0.006606606606606606,0.0,0.0052253804191788695,0.0071967316153362685,0.00976830489025611,0.0,0.0,0.0,0.004737295434969853,0.003158196956646569,0.039353656927867554,0.0,0.0,0.0,0.0,0.008350008403184807,0.04602306503894706,0.0,0.009190064284363773,0.0,0.004593741027849555,0.013319416977953566,0.0,0.08549578127948332,0.0,0.0,0.0,0.0,0.03676583560304491,0.003670337003670337,0.0,0.0,0.005684754521963824,0.0,0.0,0.010293578462183114,0.0,0.005684754521963824,0.007022138417487256,0.0,0.027412296016947182,0.0,0.007255230982542385,0.0,0.015503875968992248,0.004263565891472869,0.005635674434124047,0.0044695858649347045,0.03675369924660906,0.0,0.008817760850281176,0.01586508989609765,0.006606606606606606,0.0,0.01452543013802231,0.0,0.0,0.019475081055720118,0.008130081300813009,0.0,0.005962059620596205,0.020432835936711906,0.0,0.008310536145902003,0.0,0.010055986218776918,0.0,0.0,0.02724456163480553,0.0,0.0,0.0,0.0,0.0,0.0,
CHEMBL1163125_53,0.0,0.0,0.0,0.0,0.0,0.0,0.0,0.0,0.0,0.0,0.0,0.0,0.0,0.0,0.0,0.0,0.0,0.0,0.0,0.0,0.0,0.0,0.0,0.0,0.0,0.0,0.0,0.0,0.0,0.0,0.0,0.0,0.0,0.029626213470040283,0.0,0.0,0.0,0.0,0.0,0.0,0.0,0.0,0.0,0.0,0.0,0.0,0.0,0.0,0.0,0.0,0.0,0.0,0.0,0.0,0.04688977122329363,0.009009009009009009,0.0,0.004263565891472869,0.011411411411411413,0.0374607922348516,0.008395832020335708,0.0,0.012023651558535279,0.0,0.032642966278814266,0.018018018018018018,0.03418039896580263,0.013602750036858563,0.0,0.008130081300813009,0.0,0.0,0.0,0.026148099318831025,0.032811597757712335,0.006707317073170732,0.0,0.009009009009009009,0.0,0.0,0.005684754521963824,0.022304503406791173,0.0,0.037373836305581436,0.0,0.007421762848119438,0.0,0.0,0.007154392764857882,0.0,0.0,0.0049549549549549555,0.0,0.011369509043927648,0.0,0.0,0.06163489070465814,0.0,0.0590885932254811,0.0,0.0,0.0,0.0,0.0,0.01107619247154131,0.0,0.0,0.0,0.0,0.0,0.0,0.0,0.0014227642276422772,0.0,0.0,0.0,0.0,0.0,0.0,0.0,0.0751200434694479,0.08000060942015942,0.04398752127056154,0.0,0.0,0.0,0.0,0.025758155584209658,0.006335065685840881,0.0,0.004593741027849555,0.004471544715447155,0.0,0.0,0.0,0.0,0.0,0.06744256073051687,0.0,0.0,0.004054054054054055,0.009000861326442722,0.0,0.008130081300813009,0.04481017224446984,0.004471544715447155,0.0,0.0,0.0,0.0,0.03595522162358994,0.0,0.008130081300813009,0.007922102476838723,0.0,0.0,0.0,0.0,0.0,0.0,0.0,0.0,0.0,0.0,0.0,0.0,0.0,
CHEMBL1163125_81,0.0,0.0,0.0,0.0,0.0,0.0,0.0,0.0,0.0,0.0,0.0,0.0,0.0,0.0,0.0,0.0,0.0,0.0,0.0,0.004471544715447155,0.0,0.0,0.0557761391567404,0.0,0.0,0.0,0.0,0.0,0.0,0.0,0.0,0.0,0.0,0.0,0.0,0.0,0.0,0.0,0.003658536585365854,0.0,0.0,0.0,0.0,0.0,0.0,0.0,0.0,0.0,0.0,0.0,0.0,0.0,0.031007751937984496,0.022477762315160688,0.06447171315766513,0.0,0.0,0.0,0.0,0.0,0.006395348837209301,0.0,0.0,0.0,0.0,0.0,0.0,0.0,0.0,0.014847367692896149,0.0,0.004471544715447155,0.0,0.0,0.0,0.010433604336043359,0.0,0.006606606606606605,0.0,0.0,0.0,0.0,0.007969597504481224,0.0,0.0,0.0,0.0072595473143780955,0.02489102829431814,0.002168021680216803,0.0,0.0,0.03458403099639628,0.0,0.015770445241989957,0.0020671834625323004,0.0036703370036703362,0.0,0.005338672005338672,0.0,0.0,0.0,0.0,0.006639566395663959,0.14132195629170483,0.005338672005338672,0.0,0.0,0.05575109993714644,0.03624603995184445,0.0,0.0,0.0,0.0,0.020365359687537794,0.0,0.0,0.0,0.00331225534477567,0.005684754521963824,0.0,0.0,0.0,0.0,0.0,0.0006459948320413439,0.0,0.0,0.055174194803614345,0.0,0.0016683350016683356,0.0,0.00583835868388714,0.004737295434969853,0.0026498042758205356,0.053329752516744384,0.0014355440712029866,0.0024224806201550387,0.0,0.00331225534477567,0.0,0.0,0.0,0.004471544715447155,0.008130081300813009,0.11302260854161023,0.0,0.003158196956646569,0.0,0.0,0.0,0.04373203559013731,0.0,0.02063054735582624,0.0,0.0,0.0331383094192699,0.0,0.0,0.0,0.03950617283950618,0.0,0.0,0.0,0.0,0.0,0.0,0.0,
CHEMBL1163125_87,0.0,0.0,0.0,0.0,0.0,0.0,0.0,0.0,0.0,0.0,0.0,0.0,0.0,0.0,0.0,0.0,0.0,0.0,0.0,0.0,0.0,0.0,0.0,0.0,0.0,0.0,0.0,0.0,0.0,0.0,0.0,0.0,0.0,0.0,0.0,0.0,0.0,0.0,0.01044535081498591,0.0,0.0,0.0,0.0035035035035035048,0.0,0.0,0.0,0.0,0.005684754521963824,0.0,0.0,0.0,0.0,0.003158196956646569,0.05195707145981301,0.0,0.0,0.0,0.005684754521963824,0.0,0.0,0.0,0.0,0.012357408457805507,0.0,0.0,0.0,0.0,0.0,0.0,0.008141881719117491,0.0,0.0,0.004241305258747121,0.0036703370036703376,0.0,0.0015055706112616686,0.0,0.019440816312625727,0.0,0.011064193329271792,0.0,0.0,0.02166163137991461,0.012344127072809243,0.0,0.005962059620596204,0.005684754521963824,0.009188258025467329,0.0,0.0029729729729729717,0.0,0.0,0.0,0.02275210429752876,0.02795356331941698,0.017017499632360662,0.003158196956646569,0.025164311598420128,0.0,0.0,0.014362045918105665,0.0,0.0,0.0010810810810810837,0.009686515784076762,0.0036703370036703376,0.005684754521963824,0.011486486486486487,0.0,0.0,0.0,0.002235772357723577,0.019927728115712615,0.011616281624789851,0.1742747994733247,0.0,0.05414861070183438,0.0,0.0247189049514631,0.0,0.0,0.0,0.012579856279043268,0.0,0.008637040330177032,0.0,0.006606606606606607,0.001656127672387835,0.005840142468049446,0.004471544715447154,0.0,0.004968383017163504,0.0,0.0382929547528243,0.013591801292689927,0.03978742402830132,0.03260293522866788,0.0,0.007340674007340675,0.007136273397617697,0.0,0.023677690736681092,0.0,0.00456945317410434,0.00961872725438617,0.0,0.009140848165238412,0.06768081065561686,0.001835168501835169,0.004817825956037337,0.0049805903464440054,0.0,0.013951964821694448,0.004733443975266625,0.0014227642276422767,0.00658061161937131,0.0,0.013881536102182727,0.0,0.011442336645588677,0.010546522131887984,0.0,0.0,0.0,0.0,0.0,0.0,
CHEMBL1163125_91,0.0,0.0,0.0,0.0,0.0,0.0,0.0,0.0,0.0,0.0,0.0,0.0,0.0,0.0,0.0,0.0,0.0,0.0,0.0,0.0,0.0,0.0,0.0,0.0,0.0,0.0684988069937966,0.0,0.0,0.0,0.0,0.0,0.0,0.0,0.0,0.0,0.0,0.0,0.0,0.0,0.0,0.0,0.00331225534477567,0.0,0.0,0.0,0.0,0.0,0.0,0.0,0.0,0.0,0.0026498042758205356,0.013699431138455528,0.006606606606606606,0.0,0.0,0.0,0.0014211886304909558,0.0,0.005684754521963826,0.0,0.0,0.007452574525745257,0.0,0.0,0.0,0.0,0.0,0.0,0.0,0.0,0.0,0.008043467393060891,0.003670337003670337,0.0,0.00331225534477567,0.0,0.0013565891472868226,0.0,0.007432432432432432,0.011675700090334237,0.007154471544715446,0.0,0.005505505505505506,0.08541003780297597,0.0,0.004393336425856753,0.0,0.0,0.0,0.010960350594496938,0.00818200503396193,0.0,0.03659618211518382,0.0061525280243374435,0.015216138267754836,0.0,0.06395338901011051,0.0031581969566465695,0.0,0.005291005291005291,0.0,0.0026647286821705435,0.00331225534477567,0.0,0.0023983739837398405,0.019743270402185136,0.0022540833516443283,0.0759221785597282,0.0,0.0,0.004968383017163504,0.003670337003670337,0.02150518735790054,0.16279827757422768,0.0,0.0049549549549549555,0.0,0.0009756097560975631,0.0,0.0,0.0,0.0,0.0,0.020501355013550136,0.0,0.010873195941261739,0.007751937984496125,0.023885959129861568,0.0,0.0,0.0074217628481194385,0.0,0.0,0.00521719606730951,0.0,0.047478502088778136,0.0,0.004393336425856753,0.007885863742358354,0.004263565891472868,0.01780112027323221,0.0,0.012291361128570433,0.008292845691219675,0.0,0.008563370517426106,0.0,0.0,0.019784560105036566,0.007927927927927925,0.0,0.014003504355177642,0.018980205389734602,0.0,0.01834511529869821,0.0,0.015882019285309135,0.0,0.0,0.016498304884578287,0.0,0.0,0.0,0.0,0.0,0.0,
CHEMBL1163125_93,0.0,0.0,0.0,0.0,0.0,0.0,0.0,0.0,0.0,0.0,0.0,0.0,0.0,0.0,0.0,0.0,0.0,0.0,0.0,0.0,0.0,0.0,0.0,0.0,0.0,0.05045256070969817,0.0,0.0,0.0,0.0,0.0,0.0,0.0,0.0,0.0,0.0,0.0,0.0,0.012512512512512513,0.0,0.0,0.0,0.006606606606606606,0.0,0.0,0.0,0.0,0.0,0.0,0.0,0.0,0.0,0.0,0.0,0.0,0.0,0.0,0.0,0.0,0.000745257452574526,0.0,0.0,0.0,0.0,0.0,0.003158196956646569,0.0,0.0,0.0,0.005505505505505506,0.0,0.0,0.004263565891472869,0.0,0.0,0.002402402402402403,0.0,0.00809384256633264,0.0,0.012628027914471478,0.0,0.01091701457555116,0.014211886304909561,0.008976702170122476,0.0,0.00374459825679338,0.007741074407741075,0.003670337003670337,0.0,0.0,0.009081391847510207,0.004593741027849555,0.0,0.02963957529092716,0.00331225534477567,0.040635791775893874,0.007173840507173841,0.0,0.003158196956646569,0.0,0.0,0.0145571928517665,0.0,0.009623577065437532,0.0037589915496892257,0.0,0.02819400512253604,0.013225104949911156,0.060818343395390106,0.0,0.010466308622859957,0.0,0.004088429514786106,0.005600949786996299,0.1949959545478547,0.06639139612291438,0.04239788474426403,0.004054054054054055,0.006639566395663959,0.0,0.006395348837209303,0.0049549549549549555,0.007927927927927925,0.0,0.01198054643791078,0.0,0.0044695858649347045,0.0,0.0,0.005962059620596205,0.0,0.0049549549549549555,0.011078151322053762,0.0,0.03161861876056431,0.005684754521963824,0.00331225534477567,0.004968383017163506,0.008319195542678244,0.02156269641734758,0.0,0.041208120580402685,0.0,0.0,0.010422049956933679,0.0,0.013468468468468471,0.0030821471878382466,0.0,0.028172940382242707,0.012734177266697594,0.0,0.016260162601626018,0.002972972972972971,0.0006459948320413439,0.0,0.0,0.0,0.0,0.008112177217868275,0.01169471229596017,0.0,0.0,0.0,0.0,0.0,0.0,
CHEMBL1163125_105,0.0,0.0,0.0,0.0,0.0,0.0,0.0,0.0,0.0,0.0,0.0,0.0,0.0,0.0,0.0,0.0,0.0,0.0,0.0,0.0,0.0,0.0,0.0,0.0,0.0,0.005962059620596205,0.0,0.0,0.0,0.0,0.0,0.0,0.0,0.0,0.0,0.0,0.0,0.0,0.002168021680216803,0.0,0.0,0.0,0.0049549549549549555,0.0,0.0,0.0,0.0,0.0,0.0,0.0,0.0,0.0,0.0,0.0,0.00448966408268734,0.0,0.0,0.0503225621159068,0.0,0.0,0.0,0.0,0.0,0.0,0.0,0.0,0.0,0.0,0.0,0.0,0.0,0.12573438796141576,0.0,0.0,0.0,0.012601626016260163,0.0,0.0,0.0,0.0,0.0,0.0,0.02485229131570595,0.0,0.0,0.00331225534477567,0.004817825956037338,0.009826900070802511,0.0,0.0,0.002402402402402403,0.02211398390260179,0.018981384485260457,0.005962059620596205,0.0,0.0,0.007340674007340674,0.020450974230043998,0.0,0.0,0.0049549549549549555,0.003658536585365854,0.06609793287331574,0.008792532369768142,0.015615615615615615,0.0,0.0,0.016601670918413216,0.005962059620596205,0.0,0.02664757781036851,0.006606606606606606,0.0026647286821705426,0.01033033033033033,0.1508502049979645,0.01802168021680217,0.04361761435286676,0.020814669840950803,0.005684754521963824,0.0,0.0,0.0,0.0049549549549549555,0.0,0.0,0.0,0.0020671834625323004,0.019326719421255256,0.010481266149870801,0.016543376189575854,0.002526557565317255,0.004737295434969853,0.0,0.0,0.03201168648323121,0.0,0.0,0.0,0.004968383017163506,0.004263565891472869,0.0,0.03604905718726857,0.0,0.021738239468434215,0.01576193701737283,0.0,0.0,0.005329457364341085,0.004263565891472869,0.004054054054054055,0.008130081300813009,0.0,0.016114157265603665,0.006330749354005169,0.03101803353741338,0.0013565891472868223,0.0,0.005338672005338673,0.0,0.0027793533749290995,0.006639566395663959,0.0,0.0,0.0,0.0,0.0,0.0,
CHEMBL1163125_108,0.0,0.0,0.0,0.0,0.0,0.0,0.0,0.0,0.0,0.0,0.0,0.0,0.0,0.0,0.0,0.0,0.0,0.0,0.0,0.0,0.0,0.0,0.003158196956646569,0.0,0.0,0.03465200878700595,0.0,0.0,0.0,0.0,0.0,0.0,0.0,0.0,0.005684754521963824,0.0,0.0,0.0,0.006790123456790124,0.0,0.0,0.0,0.004263565891472869,0.0,0.0,0.0,0.0,0.0,0.0,0.0,0.0,0.0,0.01752644116985202,0.05574491465373485,0.0,0.0,0.0,0.0,0.0,0.0,0.0,0.0,0.012350722815839094,0.0,0.0014211886304909555,0.0,0.0,0.0,0.1431166087622885,0.021977829597417422,0.0,0.0,0.0,0.0,0.0,0.005684754521963824,0.0,0.0,0.0,0.007421762848119438,0.0,0.0,0.0031531531531531543,0.014390406666829432,0.0,0.0016561276723878352,0.0,0.008258258258258258,0.0,0.0,0.0,0.007909459847444344,0.0,0.0,0.015408814940862589,0.008130081300813009,0.0068068068068068074,0.0,0.0,0.0,0.004968383017163506,0.0020671834625323004,0.0,0.0020671834625323004,0.0,0.0,0.021027647045797928,0.005335365853658537,0.0,0.10549189527966235,0.003014642549526271,0.0,0.007421762848119438,0.0,0.12921527596797022,0.055788138299009915,0.006606606606606606,0.0,0.017040210942649965,0.0,0.006395348837209301,0.0,0.0015765765765765772,0.0,0.0023321989033843853,0.0,0.04392845766924044,0.013286002962690427,0.006606606606606606,0.0027947154471544716,0.0,0.003488372093023256,0.022926204234107433,0.006606606606606606,0.010075929588124713,0.0,0.004263565891472869,0.004471544715447155,0.005444038290512105,0.01474483204134367,0.0,0.0049549549549549555,0.0,0.01273875501517778,0.0,0.0,0.0,0.004713249835201055,0.0031616982836495037,0.03209321157042843,0.0010810810810810835,0.0,0.014736687907419615,0.0,0.0,0.007963195753893428,0.0,0.013272574900481879,0.0,0.0071229766351717586,0.003670337003670337,0.0,0.0,0.0,0.0,0.0,0.0,
CHEMBL1163125_119,0.0,0.0,0.0,0.0,0.0,0.0,0.0,0.0,0.0,0.0,0.0,0.0,0.0,0.0,0.0,0.0,0.0,0.0,0.0,0.08162052201568178,0.0,0.0,0.0,0.0,0.0,0.06223022985170839,0.003670337003670337,0.0,0.0,0.0,0.0,0.0,0.0,0.003670337003670337,0.0,0.0,0.0,0.0,0.005684754521963823,0.0,0.0,0.0,0.0,0.0,0.0,0.0,0.0,0.0,0.0,0.0,0.0,0.0,0.009009009009009009,0.0,0.0,0.006606606606606606,0.0,0.008527131782945735,0.0,0.002664728682170542,0.0,0.0,0.005962059620596205,0.0,0.0,0.0,0.0,0.0,0.0,0.012568666227202811,0.0,0.0,0.0,0.0,0.0,0.0,0.0,0.0063953488372093005,0.0,0.0,0.0,0.00331225534477567,0.0,0.047579701794818074,0.0,0.013382903370377374,0.020040895499394265,0.003670337003670337,0.009692250389924807,0.0,0.0020671834625323,0.004817825956037338,0.0,0.03253769935562335,0.00944374607165305,0.028497005466423125,0.022156119297592165,0.021054179534043403,0.009120256577242773,0.0,0.0031581969566465682,0.0014355440712029864,0.0,0.006832035287319841,0.012291361128570428,0.0,0.006320141279490873,0.0,0.0,0.0,0.0,0.0,0.0,0.010400150575987222,0.12855188995007485,0.04348197696656763,0.06382312545103243,0.004968383017163506,0.0,0.0,0.004155243587319593,0.004471544715447155,0.004471544715447155,0.0,0.023068029269579658,0.0,0.027070183248099677,0.018166794843624115,0.0,0.0,0.0049549549549549555,0.01568763885837057,0.0,0.0,0.012444965290493744,0.004263565891472867,0.022414411954022467,0.0031581969566465682,0.00970760418198497,0.0,0.004263565891472867,0.006985847636254142,0.0,0.005338672005338673,0.0,0.0,0.025034790888449426,0.0049549549549549555,0.0,0.037687195609298084,0.00331225534477567,0.0,0.01368990942161674,0.005684754521963823,0.0,0.007041343669250646,0.0,0.01375152686246466,0.0,0.0009756097560975631,0.0,0.0,0.0,0.0,0.0,0.0,0.0,
CHEMBL1163125_144,0.0,0.0,0.0,0.0,0.0,0.0,0.0,0.0,0.0,0.0,0.0,0.0,0.0,0.0,0.0,0.0,0.0,0.0,0.0,0.0,0.0,0.0,0.0,0.0,0.0,0.0,0.0,0.0,0.0,0.0,0.0,0.0,0.061993738870275074,0.056633093672231516,0.0,0.0,0.0,0.0,0.0,0.0,0.0,0.0,0.0,0.0,0.0,0.0,0.003670337003670337,0.0049549549549549555,0.0,0.0,0.0,0.0583321078688823,0.0,0.0,0.0,0.040773047579627276,0.0,0.0,0.03989411987143127,0.0,0.05179647410692977,0.03996293514160786,0.0,0.0,0.0,0.0,0.0,0.036235583286065416,0.0,0.0,0.0,0.0,0.003670337003670337,0.09285130280592561,0.0,0.0,0.0,0.0,0.0,0.012112112112112113,0.002936269602936269,0.003670337003670337,0.0,0.0,0.0,0.0,0.0,0.0,0.03822049502707472,0.0,0.011418037436188314,0.0,0.009009009009009009,0.021506390111041274,0.009084084084084084,0.017880889019100402,0.0,0.009290174320662129,0.0,0.0,0.0049549549549549555,0.008625291958625292,0.07571221249610359,0.0,0.0,0.009009009009009009,0.008997208590704527,0.0,0.0,0.0,0.003096846846846847,0.006606606606606606,0.015503875968992248,0.005338672005338673,0.08204687955113366,0.0,0.0,0.0,0.0,0.0,0.0,0.0,0.0,0.0,0.0,0.0,0.002402402402402403,0.005630630630630632,0.024090757424090756,0.0,0.02121511755658097,0.0,0.006456456456456458,0.0,0.0049549549549549555,0.0,0.039515976555114386,0.0,0.0049549549549549555,0.0,0.025992129395419245,0.0,0.0,0.0,0.0,0.0,0.0,0.01197709337244221,0.0,0.0049549549549549555,0.0,0.0,0.0,0.0,0.0,0.0020671834625323004,0.0,0.0,0.0,0.0,0.0,0.0,0.0,0.0,0.0,0.0,0.0,
CHEMBL1163125_149,0.0,0.0,0.0,0.0,0.0,0.0,0.0,0.0,0.0,0.0,0.0,0.0,0.0,0.0,0.0,0.0,0.0,0.0,0.0,0.0,0.0,0.0,0.0,0.0,0.0,0.0,0.0,0.0,0.0,0.0,0.0,0.0,0.021539425604466256,0.019919143950151704,0.0,0.0,0.0,0.0,0.0,0.0,0.0,0.004471544715447155,0.002402402402402403,0.0,0.0,0.0,0.0,0.0,0.0,0.0,0.0,0.02830717842062142,0.004054054054054053,0.0,0.0,0.022272518311467076,0.0,0.0,0.030318610347916455,0.014347681014347682,0.04770622390210214,0.0478970367607161,0.009977050220952662,0.0,0.013678795074143914,0.0,0.0,0.04838504604055749,0.0,0.005505505505505506,0.0,0.0,0.0,0.052157602866621584,0.003670337003670337,0.008735110606920024,0.0,0.005793435712134902,0.0,0.0076001204456489025,0.013096836674072446,0.016622720281256866,0.0,0.0049549549549549555,0.0,0.003670337003670337,0.0,0.0,0.02375277409192138,0.0,0.013713997605092329,0.005684754521963824,0.0077838000602228246,0.01788617886178862,0.0,0.01225534477566998,0.0049549549549549555,0.0206201947835527,0.006316393913293138,0.0,0.0,0.0,0.006996143430251959,0.004471544715447155,0.0,0.0014227642276422772,0.0,0.003488372093023256,0.0,0.0,0.004471544715447155,0.0049549549549549555,0.007751937984496124,0.021995165897604918,0.16419800401649523,0.0,0.0,0.0,0.02189649471744386,0.0,0.0,0.0049549549549549555,0.0,0.0,0.0,0.0,0.00331225534477567,0.0,0.0192920054200542,0.024037660273243566,0.0049549549549549555,0.0211619323994064,0.028470543714446152,0.0,0.0014227642276422772,0.0,0.016402865334610467,0.003158196956646569,0.0,0.0,0.013063063063063063,0.007895492391616424,0.0,0.005684754521963824,0.0,0.0,0.0,0.03152204955948575,0.0,0.007905996372625226,0.007575821236248538,0.0,0.0,0.00331225534477567,0.0,0.0,0.0,0.001490514905149051,0.0,0.0,0.002682926829268291,0.0,0.0,0.0,0.0,0.0,0.0,
CHEMBL1163125_179,0.0,0.0,0.0,0.0,0.0,0.0,0.0,0.0,0.0,0.0,0.0,0.0,0.0,0.0,0.0,0.0,0.0,0.0,0.0,0.0,0.0,0.0,0.0,0.0,0.0,0.0006775067750677512,0.0,0.0,0.0,0.0,0.0,0.0,0.0,0.0,0.0,0.0,0.0,0.15882547526052915,0.00331225534477567,0.0,0.0,0.0,0.0,0.0,0.0,0.0,0.0,0.004263565891472869,0.0,0.0,0.0,0.0,0.013394492053028636,0.0,0.002136509737190396,0.0,0.0,0.0052899799023830045,0.0,0.0031581969566465695,0.0,0.0,0.01031616982836495,0.0,0.0,0.0,0.0,0.0,0.0,0.0022357723577235773,0.0,0.0,0.0,0.0,0.0,0.0,0.0,0.004968383017163506,0.0,0.016887839815614446,0.0,0.0,0.005176361841137791,0.005962059620596205,0.015882019285309135,0.026633264007058673,0.014514799352197724,0.014181941442293122,0.0,0.0,0.006531531531531532,0.021792722955513655,0.002737208753468919,0.08015688476337939,0.002100271002710028,0.014426464657132083,0.0070289669514475754,0.0,0.0,0.0,0.01310594485580305,0.009622568304738852,0.0,0.0,0.005905905905905906,0.007582216362704169,0.0,0.017916365978381487,0.0,0.0,0.005755911896014001,0.0,0.0,0.012169727867402285,0.0,0.11546065864368,0.0049549549549549555,0.0068341151296341315,0.01232126435378468,0.0,0.0,0.0,0.011288278257459579,0.0,0.00912375790424571,0.0,0.0,0.01447898550848069,0.0,0.004939047574706492,0.0,0.00331225534477567,0.0,0.0,0.054786427569562375,0.003984022782472395,0.004968383017163506,0.004968383017163506,0.017626191272438203,0.0016561276723878352,0.0,0.004737295434969854,0.0,0.06829517265421974,0.003601164841474918,0.0,0.0,0.01670376772120958,0.004471544715447155,0.004960541937286123,0.018897687223457693,0.0,0.006319895240296074,0.005684754521963824,0.0,0.03526835021824624,0.0,0.0014211886304909558,0.0,0.015428143212223383,0.0248188403945636,0.0,0.0,0.0,0.004039515976555114,0.0,0.0,
CHEMBL1163125_201,0.0,0.0,0.0,0.0,0.0,0.0,0.0,0.0,0.0,0.0,0.0,0.0,0.0,0.0,0.0,0.0,0.0,0.0,0.0,0.0,0.0,0.0,0.028967055541077095,0.0,0.006395348837209301,0.0,0.0,0.0,0.0,0.0,0.0,0.0,0.0,0.0,0.0,0.0,0.0,0.0,0.009009009009009009,0.0,0.0,0.0,0.04241822650784647,0.0,0.0,0.0,0.0,0.0,0.0,0.0,0.0,0.0,0.0,0.03920753992790294,0.0,0.0,0.0,0.0,0.0,0.0,0.0,0.0,0.0,0.0,0.0,0.012497381102032266,0.04405344084867624,0.004471544715447155,0.0,0.0,0.0,0.0,0.05741135349757017,0.0,0.0,0.014712094633866237,0.0,0.010502580478001164,0.0,0.02418226507846474,0.0,0.0,0.004471544715447155,0.024825685962006627,0.0,0.005962059620596205,0.0,0.05207756253133452,0.0,0.032853585292609684,0.005505505505505506,0.0,0.0,0.0,0.007751937984496124,0.0,0.03487848313429709,0.0,0.0,0.0,0.011064193329271796,0.008487916920512874,0.0,0.0,0.0,0.0,0.00331225534477567,0.026914350538854225,0.024390243902439022,0.020853903629475572,0.0,0.0,0.024902828712622626,0.0,0.0,0.013938082533280114,0.004968383017163506,0.0049549549549549555,0.0,0.0,0.10240627633683978,0.0,0.0,0.0,0.0020671834625323004,0.0,0.001505570611261669,0.0,0.0,0.0,0.0,0.009009009009009009,0.026413405275193896,0.0,0.06484915147705846,0.01765079032520893,0.0,0.0,0.004471544715447155,0.032269336835417384,0.038681719155343665,0.0,0.0,0.0,0.07605279698302954,0.0,0.009738808576017879,0.0,0.004471544715447155,0.0,0.0,0.0,0.0,0.0,0.004471544715447155,0.0,0.0,0.0,0.0,0.0,0.0,0.0,0.0,0.0,0.0,0.0,0.0,
CHEMBL1163125_209,0.0,0.0,0.0,0.0,0.0,0.0,0.0,0.0,0.0,0.0,0.0,0.0,0.0,0.0,0.0,0.0,0.0,0.0,0.0,0.0,0.0,0.0,0.0,0.0,0.0,0.0,0.0,0.0,0.0,0.0,0.0,0.0,0.0,0.0,0.0,0.0,0.0,0.0,0.01015649796137601,0.0,0.0,0.0,0.0,0.0,0.0,0.0,0.0,0.0,0.0,0.0,0.0,0.003158196956646569,0.028981882951206073,0.0,0.0,0.0,0.0,0.03902960319934228,0.0,0.0,0.0,0.0,0.01015649796137601,0.0,0.004263565891472869,0.0,0.0,0.0,0.0,0.01347510300998673,0.0,0.004263565891472869,0.05179789356382284,0.004737295434969853,0.0,0.03353711245751329,0.0,0.006606606606606605,0.0,0.0036703370036703362,0.006606606606606605,0.0,0.0,0.009909909909909908,0.0,0.04194365475325959,0.015109301425240168,0.004954954954954954,0.0,0.0,0.0,0.004263565891472869,0.0014355440712029866,0.007084261962310742,0.0009302325581395371,0.002168021680216803,0.0,0.005962059620596205,0.007895492391616424,0.0,0.010241321460833659,0.0,0.0,0.0,0.005714657747178072,0.0,0.009620667178806714,0.0,0.0,0.0,0.0,0.03126369894189898,0.0,0.0,0.0021317829457364345,0.0,0.0,0.0,0.028077141236528644,0.0,0.0,0.0,0.07925144846112893,0.0,0.0,0.0,0.0,0.00331225534477567,0.0026647286821705426,0.006821705426356587,0.004263565891472869,0.007969597504481224,0.0010323912762937155,0.04241081694286459,0.010827494160827492,0.003981500880725687,0.0,0.0,0.0,0.04649367769168298,0.0,0.003158196956646569,0.0,0.0,0.05066098429683227,0.0,0.009174702212138402,0.02115021998742929,0.10156461528649087,0.0,0.10759240049275971,0.0,0.0,0.00331225534477567,0.005962059620596205,0.018878024365829246,0.0,0.004471544715447155,0.05589878023230263,0.0,0.0,0.0,0.0,0.0,0.0,0.0,0.0,
CHEMBL1163125_223,0.0,0.0,0.0,0.0,0.0,0.0,0.0,0.0,0.0,0.0,0.0,0.0,0.0,0.0,0.0,0.0,0.0,0.0,0.0,0.0,0.0,0.0,0.0,0.0,0.0,0.0,0.0,0.0,0.0,0.0,0.0,0.0,0.0387379249167867,0.053496869908289835,0.0,0.0,0.0,0.0,0.0,0.0,0.0,0.0,0.003158196956646569,0.0,0.0,0.0,0.0,0.004263565891472869,0.0,0.0,0.0,0.0356305539799584,0.0,0.0,0.0,0.051484627707685,0.0,0.017490746560514,0.060748023500906835,0.01943081292674789,0.0309560080027087,0.012867376735782863,0.0,0.0,0.021059431524547808,0.0,0.003670337003670337,0.029814846279442614,0.0,0.011800418304483347,0.0,0.041483343808925204,0.0,0.051583328459864665,0.0,0.01204500137308797,0.0,0.0,0.0,0.01245351396963233,0.005338672005338673,0.013037068075827768,0.0,0.0049549549549549555,0.0,0.007421762848119438,0.00331225534477567,0.0,0.008082113120872812,0.025108687814303244,0.004263565891472869,0.003670337003670337,0.0,0.008842175508842176,0.0,0.0,0.0,0.009009009009009009,0.07632892866396364,0.0,0.0,0.0,0.008130081300813009,0.003158196956646569,0.007022138417487256,0.0,0.0,0.006821705426356587,0.0,0.0,0.007724391057724391,0.0,0.0,0.0,0.0,0.0,0.0,0.0,0.0,0.0,0.005684754521963824,0.0,0.02180521417617277,0.0,0.0,0.0,0.013063063063063063,0.014514514514514515,0.007933902895143206,0.0,0.006606606606606606,0.009772780910992294,0.0,0.0,0.007751937984496124,0.013218096144925416,0.014090835021067581,0.0,0.007575821236248538,0.0,0.0304465838498737,0.010910134941142693,0.0,0.022972972972972974,0.0009302325581395371,0.06704378797402054,0.0,0.0,0.0,0.003158196956646569,0.005684754521963824,0.0,0.016750083416750085,0.0,0.0,0.005684754521963824,0.0,0.0,0.0,0.0,0.0,0.0,0.0,0.0,0.0,0.0,0.0,
CHEMBL1163125_225,0.0,0.0,0.0,0.0,0.0,0.0,0.0,0.0,0.0,0.0,0.0,0.0,0.0,0.0,0.0,0.0,0.0,0.0,0.0,0.0,0.0,0.0,0.0,0.0,0.0,0.0,0.0,0.0,0.0,0.0,0.0,0.0,0.0,0.0,0.0,0.0,0.0,0.0,0.019268502762547008,0.0,0.0,0.0,0.006606606606606606,0.0,0.0,0.0,0.0,0.00331225534477567,0.0,0.0,0.0,0.0,0.0,0.0,0.010431773236651287,0.0049549549549549555,0.0,0.005962059620596205,0.0,0.0,0.0,0.0,0.009054431629587613,0.0,0.0,0.0,0.0,0.0,0.0,0.0022357723577235773,0.0,0.0,0.0022357723577235773,0.0,0.0,0.007629741672093723,0.0,0.020508649129371382,0.0,0.0,0.017225151981249544,0.004471544715447154,0.05610508409714309,0.003658536585365854,0.12371700117587808,0.005560599359048973,0.004263565891472867,0.021637529001870087,0.0,0.0,0.009553545793855872,0.01265031582104753,0.0,0.027483540451020128,0.015360360360360356,0.005552625796528239,0.0,0.0,0.006707317073170732,0.0,0.013212852671162368,0.0,0.00331225534477567,0.007629741672093723,0.004433736061643041,0.003158196956646569,0.007011076116767175,0.0034899476901745774,0.0,0.0,0.0,0.0060842559329986065,0.011467565126101711,0.0,0.0,0.0,0.0,0.0,0.03232847140958315,0.0,0.006395348837209301,0.0,0.009162472577106723,0.003158196956646569,0.0226556581160476,0.0,0.07881227677857477,0.0,0.0009756097560975631,0.011458531702434147,0.0,0.003158196956646569,0.0,0.0,0.006639566395663959,0.004471544715447155,0.020717350693480397,0.0,0.0,0.012890354194239617,0.0996117217614665,0.008663702462152076,0.0,0.0,0.006606606606606606,0.0,0.020591002233089583,0.033387122469415914,0.005962059620596205,0.02731360591069421,0.004263565891472869,0.005684754521963824,0.014470568129104718,0.013118762551547578,0.003670337003670337,0.012992057097748153,0.0,0.03912584829109692,0.0,0.013181270701595907,0.012586570310147545,0.0,0.0,0.0,0.0,0.0,0.0,
CHEMBL1163125_228,0.0,0.0,0.0,0.0,0.0,0.0,0.0,0.0,0.0,0.0,0.0,0.0,0.0,0.0,0.0,0.0,0.0,0.0,0.0,0.0,0.0,0.0,0.0,0.0,0.0,0.0,0.0,0.0,0.0,0.0,0.0,0.0,0.0,0.0,0.0,0.0,0.0,0.0014211886304909555,0.0016216045881389072,0.0,0.0,0.0,0.06657005843052355,0.0,0.0,0.0,0.0,0.0,0.0,0.0,0.0,0.00331225534477567,0.04377613575004386,0.0,0.0,0.0026647286821705426,0.0,0.0,0.0,0.004471544715447155,0.005962059620596205,0.004471544715447155,0.0007507507507507511,0.0,0.0,0.0,0.0,0.012212822578676239,0.0,0.010930442637759712,0.005962059620596205,0.00331225534477567,0.0,0.0,0.0,0.0014355440712029866,0.0,0.013098464317976516,0.0,0.05942620631597755,0.0026647286821705426,0.00331225534477567,0.00662451068955134,0.0008258258258258261,0.0,0.06363420047008628,0.0,0.08585684261497269,0.0,0.00331225534477567,0.0,0.00894308943089431,0.0,0.0034883720930232553,0.005684754521963824,0.004593741027849555,0.0,0.008846452805613329,0.14423884084500457,0.0,0.008998585463890816,0.021581129247984988,0.0006459948320413439,0.10162384922263916,0.002842377260981912,0.02405149051490515,0.004968383017163506,0.013788050671204389,0.0,0.0,0.0,0.0,0.0009843730773963332,0.0,0.0,0.004954954954954954,0.014159432641187228,0.0,0.002168021680216803,0.0,0.0,0.0,0.004471544715447155,0.0,0.003488372093023256,0.0,0.005338672005338673,0.0,0.012006347432704024,0.014082687338501293,0.0,0.011411411411411413,0.026035796620973408,0.004471544715447155,0.042103764759276206,0.023985826439031202,0.01429066616247558,0.0,0.010229415461973602,0.0,0.004968383017163506,0.013083958820392927,0.0,0.002972972972972971,0.0,0.0,0.00331225534477567,0.015191898979713308,0.0,0.0,0.0,0.0,0.0,0.0014211886304909555,0.0,0.0,0.0,0.0,0.0,0.002941114682464656,0.0,0.0,0.0,0.0,0.0,0.0,0.0,
CHEMBL1163125_264,0.0,0.0,0.0,0.0,0.0,0.0,0.0,0.0,0.0,0.0,0.0,0.0,0.0,0.0,0.0,0.0,0.0,0.0,0.0,0.0,0.0,0.0,0.00331225534477567,0.0,0.0,0.0,0.0,0.0,0.0,0.004471544715447155,0.0,0.0,0.004263565891472869,0.0,0.0,0.0,0.07690860173843724,0.0,0.024465962464638964,0.0,0.0,0.0,0.004471544715447155,0.0,0.0,0.0,0.0,0.05284375508047281,0.0,0.0,0.0,0.0,0.012180231848411086,0.005684754521963824,0.0,0.0,0.0,0.003670337003670337,0.0,0.0,0.0,0.004471544715447155,0.004471544715447155,0.0,0.007575821236248538,0.0,0.0004429678848283491,0.004263565891472869,0.0,0.008141881719117491,0.0,0.0,0.010866893552656456,0.0,0.0,0.007633111699334048,0.0,0.0,0.0,0.008458458458458459,0.0,0.048217763045707844,0.010653137539127328,0.007935984765253057,0.0,0.012726098191214471,0.015150317646063532,0.01205741570649871,0.044034206024894246,0.0,0.010957298762176814,0.021045028768606006,0.0,0.014208394440952581,0.011424432562643944,0.005684754521963824,0.0,0.003836356681885139,0.0015790984783232848,0.0,0.014733186580416682,0.0031616982836495037,0.0058229256388171126,0.005645889792231257,0.012476420455244433,0.007496468864402312,0.011425407256377196,0.029734969553460767,0.004471544715447155,0.0,0.004263565891472869,0.009923337972118461,0.005962059620596205,0.005465221318879856,0.0,0.045767269443767834,0.06008289438994677,0.0,0.008130081300813009,0.0,0.0,0.0,0.0,0.0,0.015073940219289058,0.0,0.0016683350016683358,0.008708863902662357,0.005962059620596205,0.0,0.005684754521963824,0.003158196956646569,0.0,0.08012170801923117,0.013947432022682546,0.03151086423916827,0.0026498042758205356,0.0,0.011789143085229303,0.015002438626942316,0.0,0.007648298705209275,0.004471544715447155,0.004070737404070739,0.003488372093023256,0.0,0.0,0.011547679273147227,0.004471544715447155,0.013539148905002567,0.0,0.0,0.007627219770347017,0.007575821236248538,0.01460666092449038,0.003158196956646569,0.0,0.01267039397120698,0.0,0.0,0.007175269427112875,0.0,0.0,0.0,0.0,0.0,0.0,
CHEMBL1163125_266,0.0,0.0,0.0,0.0,0.0,0.0,0.0,0.0,0.0,0.0,0.0,0.0,0.0,0.0,0.0,0.0,0.0,0.0,0.0,0.0,0.0,0.0,0.0,0.0,0.0,0.0,0.0,0.0,0.0,0.0,0.0,0.0,0.0,0.0,0.0,0.0,0.0,0.0,0.02139603017651798,0.0,0.0,0.0,0.0049549549549549555,0.0,0.0,0.0,0.0,0.004471544715447155,0.0,0.0,0.0,0.0,0.006395348837209301,0.0,0.0014355440712029866,0.0,0.0,0.005962059620596205,0.0,0.0,0.0,0.006395348837209301,0.0,0.0,0.0,0.0,0.0,0.0,0.0,0.003670337003670337,0.1061116041358053,0.0,0.0,0.0,0.001490514905149051,0.0,0.0,0.002682926829268291,0.0,0.003158196956646569,0.0,0.0,0.020526407481408434,0.0151147498415413,0.004263565891472869,0.015377567016818292,0.014779820470877383,0.0,0.0,0.0,0.00620340514460386,0.013974633548276959,0.0,0.0049549549549549555,0.0013565891472868223,0.019555093948173927,0.010474815901172491,0.0,0.003158196956646569,0.0,0.011178861788617886,0.03149857174247418,0.0,0.013117186954396254,0.00331225534477567,0.0284967137680316,0.0013565891472868223,0.013857902144912922,0.0,0.0,0.007154471544715445,0.0,0.0,0.012087487373930934,0.0,0.0,0.0,0.009751468948623422,0.005505505505505506,0.0,0.004263565891472869,0.0,0.0034883720930232553,0.0,0.005492120027003749,0.0,0.07741429271964345,0.011693879784492378,0.009355091525634162,0.011096055404998494,0.03758235925469807,0.07060738181933116,0.004737295434969853,0.0,0.015004888609539769,0.062472871813011734,0.0,0.010422049956933679,0.027652139755561956,0.005684754521963824,0.0,0.03792317913489213,0.0,0.0035035035035035043,0.018391647461414903,0.0,0.0,0.012387387387387387,0.01091701457555116,0.011348009949825039,0.0020671834625323004,0.0,0.029668286172351215,0.0,0.04027825802735994,0.0034883720930232553,0.0,0.003096846846846847,0.00331225534477567,0.02930169013785955,0.002168021680216803,0.0,0.0,0.0,0.0,0.0,0.0,
CHEMBL1163125_267,0.0,0.0,0.0,0.0,0.0,0.0,0.0,0.0,0.0,0.0,0.0,0.0,0.0,0.0,0.0,0.0,0.0,0.0,0.0,0.0,0.0,0.0,0.0,0.0,0.0,0.0,0.0,0.1717448872582168,0.0,0.0,0.0,0.0,0.0,0.004954954954954954,0.0,0.0,0.0,0.11727444728579157,0.0071229766351717586,0.0,0.0,0.0,0.021128289141855033,0.0,0.0,0.0,0.0,0.0,0.0,0.0,0.0,0.0,0.003158196956646569,0.004471544715447155,0.001661129568106312,0.0006459948320413439,0.0,0.0,0.0,0.001490514905149051,0.001490514905149051,0.0,0.009221655007247746,0.0,0.0009843730773963332,0.0,0.0,0.006395348837209301,0.0,0.0,0.0,0.0,0.0,0.0,0.0,0.0,0.0,0.008842951478610393,0.0,0.01024280094047536,0.01011011011011011,0.004263565891472869,0.04951975514936378,0.0,0.0024774774774774778,0.0,0.013410438231765515,0.0,0.0,0.0,0.007476429918290385,0.01394601918992163,0.031896133229088415,0.012763261600470902,0.024427683497450937,0.006395348837209301,0.0019305019305019301,0.0,0.0,0.0,0.012733450977920632,0.00565796937039138,0.0,0.005962059620596205,0.013358281707686133,0.008792532369768142,0.01351216502946509,0.002168021680216803,0.0049549549549549555,0.0,0.004652213188798555,0.0014905149051490513,0.006313872011546431,0.013303502027268335,0.0,0.0,0.0,0.0,0.010434465473225164,0.0,0.0,0.0049549549549549555,0.004471544715447155,0.0,0.014803785634755574,0.0,0.016493316913056003,0.0036437600391088774,0.026393825286810727,0.003903205531112508,0.0,0.023853660807716396,0.0,0.0,0.0,0.03791941118656945,0.0074676302318578735,0.00331225534477567,0.022241969706518774,0.0026647286821705426,0.006606606606606606,0.0020671834625323004,0.0,0.005228881746181804,0.009289370671484495,0.0,0.009120256577242775,0.0009756097560975631,0.0,0.011104477515897446,0.010019572417946402,0.0049549549549549555,0.002168021680216803,0.005962059620596205,0.013759732506187413,0.03518697370087046,0.0,0.013840263027254898,0.0,0.03600308976561577,0.008807588075880762,0.0,0.0,0.0,0.0,0.0,0.0,
CHEMBL1163125_274,0.0,0.0,0.0,0.0,0.0,0.0,0.0,0.0,0.0,0.0,0.0,0.0,0.0,0.0,0.0,0.0,0.0,0.0,0.0,0.053844750403646224,0.0,0.0,0.0,0.0,0.0,0.0,0.0,0.0,0.0,0.0,0.0,0.0,0.004263565891472869,0.0,0.0,0.0,0.0,0.0,0.0,0.0,0.0,0.0,0.0,0.0,0.0,0.0,0.0,0.0,0.0,0.0,0.0,0.04882180346351268,0.0,0.0,0.0,0.05025053414162887,0.0,0.0,0.043136632567526874,0.0,0.05507625227799174,0.07365438798601968,0.0,0.0,0.0,0.0,0.004263565891472869,0.03949068656480265,0.0,0.008817760850281176,0.0,0.0,0.0,0.054224459854068485,0.004968383017163506,0.010433604336043359,0.0,0.005684754521963824,0.0,0.0,0.012998676498392892,0.004471544715447155,0.004263565891472869,0.0165696988347773,0.0,0.015381679656589847,0.010930442637759712,0.00809724453135306,0.06912952846966838,0.0,0.0,0.0049549549549549555,0.0,0.01382683496504635,0.0,0.004263565891472869,0.0031616982836495037,0.0,0.003158196956646569,0.0,0.0064704523014222385,0.0,0.03176400071843445,0.0,0.0,0.0,0.0,0.0,0.0,0.0,0.0,0.007629741672093723,0.0035035035035035043,0.004471544715447155,0.0,0.0,0.0,0.0,0.017233697111745893,0.0,0.004263565891472869,0.0,0.004471544715447155,0.0,0.0,0.0,0.0,0.011240310077519381,0.013272574900481879,0.01107619247154131,0.008130081300813009,0.009632150585071742,0.01370699968260944,0.06551937643826469,0.013953384278587532,0.003158196956646569,0.028066154640176196,0.0,0.008130081300813009,0.0,0.011240310077519381,0.0064704523014222385,0.0,0.00918748205569911,0.016679271443877233,0.0,0.018018018018018018,0.023395062674699655,0.0,0.0,0.004968383017163506,0.0,0.0,0.004968383017163506,0.0,0.011240310077519381,0.0,0.0,0.0,0.0,0.0,0.0,0.0,0.0,0.0,0.0,0.0,
CHEMBL1163125_286,0.0,0.0,0.0,0.0,0.0,0.0,0.0,0.0,0.0,0.0,0.0,0.0,0.0,0.0,0.0,0.0,0.0,0.0,0.0,0.10830281365826837,0.0,0.0,0.0,0.0,0.0,0.0,0.0,0.0,0.0,0.0,0.0,0.0,0.0,0.0,0.0,0.0,0.0,0.006395348837209301,0.010052449878503959,0.0,0.0,0.0,0.0,0.0,0.0,0.0,0.0,0.0,0.0,0.0,0.0,0.0,0.051405915274321395,0.0,0.0,0.009703453453453454,0.0,0.005962059620596205,0.0,0.0,0.0,0.0,0.0026647286821705426,0.0,0.0,0.0,0.0,0.0,0.0,0.0,0.0,0.0,0.0,0.0,0.006606606606606606,0.010590629389079,0.0,0.0,0.0,0.0,0.0,0.0,0.003488372093023256,0.0,0.0,0.0016561276723878352,0.017771510402442525,0.0,0.0,0.0,0.0010810810810810835,0.011285704308960124,0.013307493540051682,0.0067555443039939165,0.0,0.0009756097560975631,0.0,0.00658658658658659,0.0,0.0,0.0014227642276422772,0.0,0.019584171049476403,0.0,0.0010810810810810835,0.0,0.0022868217054263598,0.0,0.0,0.0,0.05174641932535675,0.004968383017163506,0.005505505505505506,0.035671199654939485,0.004263565891472869,0.0,0.004948192932689057,0.013246045251150187,0.0031616982836495037,0.0,0.0,0.0,0.0,0.0,0.0,0.0,0.012345679012345678,0.010645401499060037,0.013714125356212708,0.003978978978978981,0.0,0.002168021680216803,0.0010323912762937155,0.000677506775067751,0.0071059431524547806,0.0,0.004263565891472869,0.0,0.004968383017163506,0.0,0.0,0.020855081778696827,0.0,0.04614713479787217,0.06683206340608495,0.0,0.0,0.0,0.0,0.07557865579703356,0.10241793244369346,0.0,0.03792576372931828,0.004968383017163506,0.01200857124850318,0.010416666666666666,0.0,0.011255441487999627,0.0,0.01415936639986555,0.0,0.0,0.0,0.0,0.11405705951744899,0.0,0.0,
CHEMBL1163125_298,0.0,0.0,0.0,0.0,0.0,0.0,0.0,0.0,0.0,0.0,0.0,0.0,0.0,0.0,0.0,0.0,0.0,0.0,0.0,0.0,0.0,0.0,0.0,0.0,0.0,0.0,0.0,0.0,0.0,0.0,0.0,0.0,0.004263565891472869,0.0,0.0,0.0,0.0,0.0,0.010055592319489087,0.0,0.0,0.0,0.0007507507507507509,0.0,0.0,0.0,0.0,0.0,0.0,0.0,0.0,0.0,0.004954954954954954,0.0,0.010016113674650258,0.0,0.0,0.0036703370036703362,0.0,0.0,0.0,0.004263565891472869,0.01063970947691878,0.0,0.0,0.0,0.0,0.0,0.0,0.004471544715447155,0.0,0.0,0.0,0.0,0.0,0.006707317073170732,0.0,0.0,0.0,0.005684754521963824,0.006606606606606605,0.0,0.012488970819940756,0.025636612221978078,0.0,0.01998995119150158,0.0,0.011853520186853518,0.0,0.004954954954954953,0.02079762689518787,0.015913881361035834,0.0,0.004954954954954954,0.0,0.014351064053276194,0.009241023969706141,0.002168021680216803,0.0,0.005684754521963824,0.0,0.008527709028748923,0.005962059620596205,0.0,0.01402439024390244,0.010433604336043359,0.00981815148481815,0.00762923776489668,0.0,0.0,0.007278208440999139,0.006473953628425174,0.0164475025223749,0.004134366925064601,0.0,0.0,0.00331225534477567,0.00331225534477567,0.023819022274306823,0.0,0.011734020842547974,0.0,0.044429388738331826,0.0,0.00646947760768899,0.0,0.03649642268473806,0.012596899224806203,0.015685680007858114,0.027303731222241334,0.0,0.010406298716943452,0.0,0.07822901602680389,0.013405682104869095,0.0202232200057876,0.06368449655933112,0.0,0.0026647286821705426,0.018973973973973973,0.0,0.0,0.0,0.012855122091272592,0.0,0.0,0.010501354067245542,0.05441604016570928,0.06965496173049586,0.00862529195862529,0.005962059620596205,0.004737295434969853,0.02757294068506018,0.018552131257746688,0.0,0.006503014642549528,0.0,0.005826175012221525,0.05995313237230423,0.0,0.011244577911244578,0.0,0.0,0.0,0.0,0.0,0.0,
CHEMBL1163125_303,0.0,0.0,0.0,0.0,0.0,0.0,0.0,0.0,0.0,0.0,0.0,0.0,0.0,0.0,0.0,0.0,0.0,0.0,0.0,0.0,0.0,0.0,0.0,0.0,0.009764803563253176,0.0,0.0,0.0,0.0,0.0,0.0,0.0,0.0,0.0,0.0,0.0,0.0,0.0,0.007212251010700624,0.0,0.0,0.0,0.0,0.0,0.0,0.0,0.0,0.0,0.0,0.0,0.0,0.0009756097560975631,0.09508805174999162,0.0,0.0,0.0,0.0,0.004134366925064601,0.0,0.0,0.0,0.0,0.0,0.0,0.0,0.0,0.10356616400859169,0.0,0.0,0.0057375204662026376,0.0,0.006395348837209301,0.06518022087127778,0.0,0.1226731174358325,0.0,0.0,0.013717787554996856,0.0,0.0016683350016683358,0.0070355664796958066,0.0,0.009355091525634162,0.0049549549549549555,0.0063895716476544615,0.08404246939319732,0.0,0.0,0.0,0.0,0.004336043360433606,0.017946647725433886,0.0,0.01251922654361679,0.0,0.007751937984496124,0.0,0.0,0.003158196956646569,0.0,0.018424839095098122,0.0,0.008130081300813009,0.0,0.0,0.005684754521963824,0.008625291958625292,0.0,0.0,0.003096846846846847,0.005684754521963824,0.001144001144001144,0.01920435750554866,0.012710394266454013,0.0,0.0,0.0,0.0,0.003014642549526271,0.0,0.0,0.0,0.0,0.0,0.0,0.0,0.010433604336043359,0.03736308628537783,0.0015765765765765772,0.0024774774774774778,0.02521905058774032,0.008116653238604459,0.0009302325581395371,0.006395348837209301,0.0,0.04488365397918243,0.0006459948320413439,0.0,0.0015790984783232848,0.006395348837209301,0.0,0.034761653720814245,0.0,0.02776356495868691,0.0,0.0,0.006121237516586355,0.006311544102241777,0.0,0.0,0.0,0.0,0.04580156352230469,0.006419753086419756,0.005684754521963824,0.02056286291964114,0.0,0.015728186658419217,0.0,0.005505505505505506,0.0,0.0,0.0,0.0,0.0,0.0,0.0,
CHEMBL1163125_317,0.0,0.0,0.0,0.0,0.0,0.0,0.0,0.0,0.0,0.0,0.0,0.0,0.0,0.0,0.0,0.0,0.0,0.0,0.0,0.0,0.0,0.0,0.0033122553447756694,0.0,0.0,0.0,0.0,0.0,0.0,0.0,0.0,0.0,0.0,0.0,0.0,0.0,0.0,0.0,0.0049549549549549555,0.0,0.0,0.0,0.0,0.0,0.0,0.0,0.0,0.0,0.0,0.0,0.0,0.0,0.008842951478610393,0.0,0.0,0.0,0.0,0.018992248062015504,0.0,0.0,0.0,0.0,0.004471544715447154,0.0,0.0,0.0,0.004263565891472869,0.0,0.0,0.005505505505505506,0.0,0.06286317514337934,0.005962059620596204,0.0,0.0,0.005962059620596204,0.0,0.013951964821694448,0.0,0.0,0.049308610936517915,0.0,0.0,0.0,0.0,0.02527721519969582,0.0,0.0,0.0,0.0,0.01029810298102981,0.007261331098540401,0.005338672005338673,0.0,0.006606606606606606,0.005962059620596204,0.0,0.014218482047939414,0.0572096108208795,0.0,0.014425117119388245,0.010524305738902071,0.015130246525595364,0.0,0.0,0.006072739406072739,0.0,0.009918861951382274,0.0,0.0,0.009834834834834836,0.03428681091755397,0.0,0.012947907256850348,0.0,0.0,0.0,0.004235205142749103,0.01512643291807595,0.0,0.0,0.0033122553447756694,0.0164362793498736,0.0,0.0,0.0,0.0,0.0,0.013402379501831194,0.0020671834625323004,0.0,0.003158196956646569,0.0,0.06195878237852146,0.007157157157157157,0.07695718974788741,0.0,0.0,0.0,0.023415493390914078,0.0,0.003158196956646569,0.08785321528751289,0.008130081300813006,0.008943089430894308,0.0,0.030515399120050284,0.027509576129353022,0.03264252151565443,0.011218251717400894,0.004471544715447154,0.041052926626759106,0.008087156924366228,0.0,0.0064039270883664914,0.013116531165311649,0.0,0.007959916808470411,0.0420452500146204,0.0,0.005962059620596204,0.0,0.0,0.0,0.0,0.0,0.0,
CHEMBL1163125_320,0.0,0.0,0.0,0.0,0.0,0.0,0.0,0.0,0.0,0.0,0.0,0.0,0.0,0.0,0.0,0.0,0.0,0.0,0.0,0.0,0.0,0.0,0.0,0.0,0.0,0.0,0.0,0.0,0.0,0.0,0.0,0.0,0.0,0.0,0.0,0.0,0.0,0.0,0.023673143743100256,0.0,0.0,0.0,0.0010810810810810835,0.0,0.0,0.0,0.0,0.004471544715447155,0.0,0.0,0.0,0.0,0.010590629389079,0.0,0.0,0.0,0.0,0.07046202943347961,0.0,0.001490514905149051,0.0,0.0,0.003488372093023256,0.0,0.0,0.0,0.0,0.0,0.0,0.0,0.0,0.12013329633011993,0.0009756097560975631,0.0,0.0,0.03822485275973648,0.004471544715447154,0.004263565891472869,0.0,0.007633242999096658,0.01001611367465026,0.016435948143265218,0.0,0.005678977332408984,0.059716034809625285,0.022811391463310543,0.008267210299730625,0.006606606606606606,0.0049549549549549555,0.0,0.008599609251906474,0.014587351579221497,0.0037589915496892257,0.01179019348333018,0.018855696308901077,0.004737295434969853,0.0,0.01080246913580247,0.0048680950080080354,0.0,0.003158196956646569,0.010225625512069075,0.024159517098872364,0.0010810810810810835,0.016721029973062497,0.0015765765765765772,0.0,0.009883720930232558,0.0,0.0,0.01853182356112967,0.030767515482962637,0.0,0.0,0.0,0.0,0.0,0.04167910638131852,0.02998342168979341,0.0,0.004263565891472869,0.0,0.005523973585989092,0.0,0.01059685891223044,0.0,0.004737295434969853,0.009555121391007192,0.0341382032438943,0.019090431895309942,0.0054195310292871265,0.005684754521963824,0.0,0.005684754521963824,0.006405592584454375,0.012912709457424905,0.005087209302325581,0.003158196956646569,0.0025581395348837194,0.0026647286821705426,0.007432432432432432,0.0,0.0,0.007022138417487256,0.004737295434969853,0.0,0.006614987080103361,0.03320801303288542,0.01412907992129017,0.0020671834625323004,0.00331225534477567,0.0,0.0148050110992066,0.007278208440999139,0.025532959694426895,0.0013565891472868223,0.0,0.013076235623030862,0.0,0.025777606875167853,0.0049549549549549555,0.0,0.0,0.0,0.0,0.0,0.0,
CHEMBL1163125_322,0.0,0.0,0.0,0.0,0.0,0.0,0.0,0.0,0.0,0.0,0.0,0.0,0.0,0.0,0.0,0.0,0.0,0.0,0.0,0.0,0.0,0.0,0.0,0.0,0.0,0.004471544715447155,0.0,0.0,0.0,0.0,0.0,0.0,0.0,0.0,0.0,0.0,0.0,0.0,0.004909560723514212,0.0,0.0,0.0,0.005962059620596205,0.0,0.0,0.0,0.0,0.0,0.0,0.0,0.0,0.0,0.003158196956646569,0.0,0.0024224806201550387,0.0,0.0,0.03186404995466255,0.0,0.0,0.0,0.0,0.01192411924119241,0.0,0.0,0.0,0.0,0.0,0.0,0.022478576137112724,0.0,0.16987710626111077,0.0,0.004737295434969853,0.0,0.00331225534477567,0.0,0.0,0.0,0.0,0.013578496250078781,0.005962059620596205,0.07719921187968078,0.003670337003670337,0.0,0.01313524717759923,0.017347026550089514,0.024105258359134327,0.005962059620596205,0.0,0.012906241465515432,0.00331225534477567,0.0,0.0,0.0,0.0,0.0,0.008258258258258258,0.0,0.0,0.014514514514514515,0.002168021680216803,0.06206051958557159,0.005087209302325581,0.0,0.004471544715447155,0.0,0.0058978433907532065,0.0,0.04933976210091733,0.006707317073170732,0.0035035035035035043,0.0,0.01553001171903611,0.0,0.0,0.0,0.02262953064616895,0.004263565891472867,0.0,0.0,0.0,0.0049549549549549555,0.0,0.0,0.0,0.03067367802667482,0.004832750362387346,0.0,0.0,0.0,0.006665968293875273,0.031031874425001674,0.05974102884317481,0.029456804128764804,0.06771388423780181,0.016525468557988882,0.0,0.005329457364341085,0.0,0.0,0.0,0.008141881719117491,0.007484228414460975,0.015841053759374803,0.0,0.0,0.0049549549549549555,0.004371292023731049,0.025882585175457173,0.008130081300813009,0.0,0.0,0.004471544715447155,0.0026647286821705426,0.0,0.0,0.002351421188630493,0.0,0.006395348837209301,0.00565796937039138,0.0,0.0,0.0,0.0,0.0,0.0,
CHEMBL1163125_331,0.0,0.0,0.0,0.0,0.0,0.0,0.0,0.0,0.0,0.0,0.0,0.0,0.0,0.0,0.0,0.0,0.0,0.0,0.0,0.0,0.0,0.0,0.0,0.0,0.0,0.0,0.0,0.0,0.0,0.0,0.0,0.0,0.0,0.0,0.0031581969566465682,0.0,0.0,0.0,0.0048449612403100775,0.0,0.0,0.0,0.008527131782945735,0.0,0.0,0.0,0.0,0.0,0.0,0.0,0.0,0.0,0.008625291958625292,0.0,0.001356589147286822,0.0,0.0,0.03419543574582334,0.0,0.005684754521963823,0.0,0.0,0.0028423772609819115,0.0,0.0,0.0,0.07396563449574416,0.0,0.0,0.008264078031519892,0.005962059620596205,0.1132530952203858,0.002664728682170542,0.0,0.14136264008924246,0.030393401531612917,0.0,0.0,0.0,0.007751937984496123,0.0,0.0,0.0,0.004968383017163506,0.0,0.01042187489058353,0.0,0.00981778526493974,0.0,0.0,0.013731854778366399,0.002402402402402403,0.021782153679487767,0.006606606606606606,0.002168021680216803,0.0047372954349698525,0.0,0.012697046640136073,0.0063163939132931364,0.0,0.0,0.0084625322997416,0.0348896410117813,0.00331225534477567,0.024858961546426094,0.0020671834625323,0.0,0.002402402402402403,0.0,0.0,0.0041343669250646,0.014457924823778482,0.024668854901413042,0.018339399382365913,0.0,0.0,0.0,0.031535023395488505,0.006707317073170732,0.0,0.0,0.0,0.00508720930232558,0.0,0.008029370834248884,0.0,0.0,0.008130081300813009,0.046450447388479164,0.007633242999096658,0.0,0.002402402402402403,0.0,0.0,0.009424828259910506,0.009355091525634159,0.004263565891472867,0.0,0.013965392883903,0.0,0.0,0.02334293075453976,0.0,0.005962059620596205,0.0010810810810810835,0.0,0.0031581969566465682,0.0,0.011903977147879587,0.015183679614573923,0.0,0.0,0.016015939365343793,0.024840787800468268,0.004289754871150221,0.020806358684265662,0.0,0.004471544715447155,0.0,0.01643721997664142,0.013426841475621962,0.0,0.0,0.0,0.0,0.0,0.0,
CHEMBL1163125_338,0.0,0.0,0.0,0.0,0.0,0.0,0.0,0.0,0.0,0.0,0.0,0.0,0.0,0.0,0.0,0.0,0.0,0.0,0.0,0.0,0.0,0.0,0.0,0.0,0.0,0.0,0.0,0.0,0.0,0.0,0.0,0.0,0.012947907256850346,0.04684530437035637,0.0,0.0,0.008280638361939175,0.0,0.0,0.0,0.0,0.0,0.0049549549549549555,0.0,0.0,0.0,0.0,0.00942649967040211,0.0,0.0,0.0,0.03342314237095859,0.0,0.0,0.0,0.056179151357824086,0.0,0.0,0.028776006106314297,0.008735110606920024,0.04388754419005885,0.032117634745730796,0.003158196956646569,0.0,0.004263565891472869,0.0,0.0,0.03498404814343555,0.0,0.008842175508842176,0.0,0.0,0.00331225534477567,0.059151304831017444,0.0,0.011369509043927648,0.0,0.015401987353206865,0.0,0.006606606606606606,0.006996143430251959,0.011078151322053762,0.005684754521963824,0.0,0.0,0.019767441860465116,0.0,0.006606606606606606,0.04223515915234577,0.0,0.0,0.005338672005338673,0.0,0.017178437654898234,0.0,0.004570424082619207,0.0,0.0,0.007421762848119438,0.0,0.012709457424904582,0.017167777533631193,0.029748528070517106,0.010473888522669011,0.012015503875968994,0.015566989753981625,0.004054054054054055,0.0015765765765765772,0.0,0.040276209277910924,0.0,0.028058300312034476,0.01638137948877219,0.005684754521963824,0.0,0.0,0.0,0.0,0.010555346422239978,0.0,0.009948320413436691,0.0,0.0,0.0,0.0036585365853658534,0.0,0.015149541676295316,0.004054054054054055,0.005338672005338673,0.020264450497008635,0.006377719182597233,0.007629741672093723,0.0,0.0,0.01156156156156156,0.0,0.012170707292658513,0.0,0.009632396624266543,0.0,0.06698019630521047,0.005684754521963824,0.0,0.006606606606606606,0.0020671834625323004,0.0,0.004471544715447155,0.011618453393836263,0.0,0.003658536585365854,0.0,0.0,0.003158196956646569,0.012405447610590361,0.006606606606606606,0.003488372093023256,0.0,0.0,0.0,0.0,0.003658536585365854,0.0,0.0,0.0,0.0,0.0,0.0,
CHEMBL1163125_345,0.0,0.0,0.0,0.0,0.0,0.0,0.0,0.0,0.0,0.0,0.0,0.0,0.0,0.0,0.0,0.0,0.0,0.0,0.0,0.0,0.0,0.0,0.0,0.0,0.0,0.0,0.0,0.005962059620596205,0.0,0.0,0.0,0.0,0.0,0.0,0.0,0.0,0.0,0.001490514905149051,0.0,0.0,0.0,0.0,0.04570509250032789,0.0,0.0,0.0,0.0,0.0,0.0,0.0,0.0,0.0,0.06566407587394542,0.0,0.08064459808645856,0.0,0.0,0.019243520321228773,0.006606606606606606,0.0,0.0,0.0,0.0,0.0,0.0,0.0,0.0022357723577235773,0.003096846846846847,0.0,0.0,0.0,0.0,0.07694434082409125,0.0,0.0,0.01588092157197848,0.0,0.012745753883965266,0.0,0.006821705426356587,0.0,0.0,0.02454685731297568,0.0,0.0,0.09023601499022184,0.0,0.025748058514176872,0.0,0.0,0.005962059620596205,0.004471544715447155,0.00331225534477567,0.011424432562643944,0.0,0.013847923362954559,0.003670337003670337,0.005912162162162162,0.0,0.0,0.006198620628569583,0.008130081300813009,0.004471544715447155,0.10254029790804227,0.006749635814676466,0.008926388101090319,0.01433074334497099,0.03853276608050668,0.0,0.0,0.0,0.0,0.0,0.009446230121215942,0.0059846668373800165,0.0,0.0,0.0,0.0,0.0,0.0049549549549549555,0.0,0.0,0.0,0.007432432432432432,0.0,0.015358244423285075,0.02568533744559458,0.003488372093023256,0.0,0.0,0.02473652514302921,0.004737295434969853,0.004347843778738088,0.03204973739101174,0.007173840507173841,0.00331225534477567,0.0,0.0010810810810810835,0.0,0.0,0.0,0.0,0.03248663297443785,0.0,0.0,0.0,0.0,0.0,0.041593337523570084,0.0,0.0,0.0,0.006395348837209301,0.005684754521963824,0.016422974307262455,0.0,0.01822127359918058,0.0049549549549549555,0.0023983739837398405,0.0,0.0,0.0,0.0,0.0,0.0,0.0,
CHEMBL1163125_350,0.0,0.0,0.0,0.0,0.0,0.0,0.0,0.0,0.0,0.0,0.0,0.0,0.0,0.0,0.0,0.0,0.0,0.0,0.0,0.0,0.0,0.0,0.0,0.0,0.0,0.0051490514905149064,0.0,0.0,0.0,0.0,0.0,0.0,0.0,0.005962059620596206,0.0,0.0,0.0,0.005962059620596206,0.003825166630044681,0.0,0.0,0.0,0.039515976555114386,0.0,0.0,0.0,0.0,0.0,0.0,0.0,0.0,0.0,0.061945316464129103,0.0,0.0,0.0,0.0,0.014534534534534531,0.0,0.0,0.0,0.0,0.0,0.0,0.0,0.0,0.0,0.0,0.0,0.0,0.0,0.004263565891472869,0.0,0.0,0.0,0.015815446757023618,0.0,0.004668844492062492,0.0,0.0,0.006395348837209301,0.0,0.014147286821705426,0.0,0.0,0.0,0.0,0.04407932606457848,0.0,0.0,0.0010810810810810835,0.008976702170122476,0.0020671834625323004,0.0,0.0,0.0,0.0,0.005684754521963824,0.0,0.0,0.0,0.020123829634134043,0.005962059620596206,0.0,0.0021680216802168035,0.018928845654124535,0.0,0.030662161499748947,0.0,0.0,0.012714665885397597,0.004263565891472869,0.0,0.018108806480899506,0.0,0.0021680216802168035,0.0,0.014910647081189719,0.003670337003670337,0.0,0.0,0.0,0.0,0.0,0.006311544102241777,0.0,0.006707317073170733,0.030324349685287483,0.009392726059392727,0.0,0.0,0.0,0.0,0.011981981981981978,0.08431245306836156,0.0064684174761694135,0.004263565891472869,0.0,0.02250724916635297,0.0,0.0,0.0,0.0,0.02773570507546685,0.0,0.0,0.008559621123432809,0.0034883720930232553,0.0,0.02024931908652839,0.0,0.05682455711525478,0.042519509488690814,0.004263565891472869,0.005564100686051908,0.0013565891472868223,0.0,0.028479623507038903,0.0,0.022194111771063948,0.10920452500146205,0.0,0.0,0.0,0.10953612838184591,0.0,0.0,
CHEMBL1163125_354,0.0,0.0,0.0,0.0,0.0,0.0,0.0,0.0,0.0,0.0,0.0,0.0,0.0,0.0,0.0,0.0,0.0,0.0,0.0,0.0,0.0,0.0,0.0,0.0,0.0,0.0,0.0,0.0,0.0,0.0,0.0,0.0,0.004817825956037338,0.028605841613971696,0.0,0.0,0.044432028928152956,0.0,0.0,0.0,0.0,0.1161464641044902,0.019557930023046302,0.0,0.0,0.0,0.0,0.04290904631233616,0.0,0.0,0.0,0.008130081300813009,0.0,0.0,0.0,0.004235205142749104,0.0,0.0014211886304909558,0.003658536585365854,0.05758599519352969,0.005684754521963824,0.004054054054054055,0.02635232131356163,0.0,0.042303841939878996,0.0,0.0,0.0,0.0,0.007154471544715445,0.0,0.0,0.0,0.011800418304483347,0.0,0.0,0.0,0.0,0.0,0.01347299085812983,0.0,0.027560894227560893,0.006606606606606606,0.0,0.0,0.006828533960316906,0.024553651779970556,0.008223145626246403,0.0,0.0,0.0,0.003670337003670337,0.00331225534477567,0.0,0.0,0.007575821236248538,0.0,0.0,0.0,0.0,0.005220336615685456,0.009411566983886894,0.0,0.10907390657816068,0.005338672005338673,0.011410474569861979,0.0,0.06292078025274282,0.0,0.0,0.00918748205569911,0.0,0.0,0.0,0.0,0.0,0.0,0.0,0.009289370671484495,0.0,0.0,0.0,0.0,0.0,0.0,0.0,0.0,0.0,0.014599871189018477,0.0,0.013085036255767964,0.003670337003670337,0.0,0.0,0.044261419672650536,0.008172513598870189,0.0,0.0,0.017139090309822018,0.0,0.0,0.0,0.0,0.0,0.0,0.0,0.0,0.0049549549549549555,0.0,0.049143045484508895,0.0,0.0,0.0,0.004263565891472869,0.006976744186046512,0.0,0.0,0.0,0.0,0.0,0.08122658960719085,0.0,0.0,0.0,0.0,0.0,0.0,
CHEMBL1163125_364,0.0,0.0,0.0,0.0,0.0,0.0,0.0,0.0,0.0,0.0,0.0,0.0,0.0,0.0,0.0,0.0,0.0,0.0,0.0,0.0,0.0,0.0,0.0,0.0,0.0,0.0,0.0,0.0,0.0,0.06742193129033743,0.0,0.0,0.0,0.0,0.0,0.0,0.0,0.0,0.0,0.0,0.0,0.0,0.0,0.0,0.0,0.0,0.0,0.0,0.0,0.0,0.0,0.0,0.0,0.0,0.023633957269805255,0.0049549549549549555,0.0,0.0,0.0,0.0,0.0,0.0,0.0,0.0,0.0,0.07479572595851665,0.0,0.0,0.0,0.0,0.0,0.0,0.0,0.005962059620596205,0.0,0.027828234738803845,0.0,0.008130081300813009,0.0,0.015015090719382646,0.0,0.00331225534477567,0.005684754521963824,0.004593741027849555,0.024891028294318145,0.0,0.0,0.0,0.0,0.0,0.0,0.0,0.0052253804191788695,0.0020671834625323004,0.0,0.0,0.05191805532134516,0.007751937984496124,0.056321115973224124,0.0,0.0,0.0,0.0,0.0,0.0,0.01588201928530913,0.002402402402402403,0.0,0.0,0.0,0.010913636268145628,0.0,0.011422274988166461,0.0,0.0,0.0,0.0,0.0,0.0,0.0,0.05191805532134516,0.04027226318774816,0.03799299393929759,0.031454710524477965,0.0,0.0,0.009009009009009009,0.0,0.005505505505505506,0.0,0.003658536585365854,0.0,0.008289259196803159,0.02336755360011174,0.0,0.0,0.0,0.07455935799668074,0.0,0.04165197528782327,0.0,0.0,0.024390243902439022,0.0,0.07997969608860135,0.0,0.0,0.0,0.0,0.040773047579627276,0.04978205658863629,0.0,0.0,0.0,0.0,0.0,0.0,0.0,0.0,0.0,0.04726791453961051,0.0,0.0,0.0,0.0,0.0,0.0,
CHEMBL1163125_368,0.0,0.0,0.0,0.0,0.0,0.0,0.0,0.0,0.0,0.0,0.0,0.0,0.0,0.0,0.0,0.0,0.0,0.0,0.0,0.0282149184540941,0.0,0.0,0.0,0.0,0.0,0.0010323912762937155,0.0,0.0,0.0,0.0,0.0,0.0,0.0,0.0,0.0,0.0,0.0,0.0,0.0,0.0,0.0,0.0,0.0,0.0,0.0,0.0,0.0,0.0,0.0,0.0,0.0,0.0,0.0,0.0,0.0,0.0,0.0,0.0014211886304909555,0.0,0.0,0.0,0.0,0.0,0.0,0.0,0.0,0.0,0.0,0.0,0.0,0.0,0.0,0.0,0.0,0.0,0.01713909030982202,0.0,0.00331225534477567,0.0,0.019147451478705026,0.0,0.0,0.0,0.04608738820120934,0.04975414060307235,0.004471544715447155,0.0,0.004593741027849555,0.0,0.0,0.0,0.003014642549526271,0.0,0.0,0.010156299237410979,0.0,0.01565907938568177,0.0,0.0,0.0,0.006761436232980952,0.0,0.0,0.0725610579382559,0.0,0.0,0.0,0.01731756335651212,0.0,0.0,0.020112063282794992,0.0,0.0,0.020420420420420422,0.0,0.0,0.0,0.011148575310042508,0.0,0.0,0.09346409045785109,0.0,0.03909600657568137,0.0,0.007751937984496124,0.0,0.004471544715447155,0.01801801801801802,0.004235205142749104,0.0,0.0,0.010225625512069072,0.0,0.0,0.040556447920789,0.0,0.008017513637668677,0.0,0.0,0.0,0.0,0.0010810810810810837,0.0,0.009764803563253176,0.0,0.004263565891472869,0.0064704523014222385,0.005962059620596205,0.07390683366293123,0.020186039698234823,0.07223816745465451,0.0,0.006316393913293138,0.0,0.021164996533686267,0.010365853658536584,0.0,0.0,0.0,0.011788617886178862,0.08471564777104577,0.0,0.0,0.0,0.09361384924345788,0.0,0.0,
CHEMBL1163125_370,0.0,0.0,0.0,0.0,0.0,0.0,0.0,0.0,0.0,0.0,0.0,0.0,0.0,0.0,0.0,0.0,0.0,0.0,0.0,0.0,0.0,0.0,0.0,0.0,0.0,0.0,0.0,0.0,0.0,0.0,0.0,0.0,0.0,0.0,0.0,0.0,0.0,0.0,0.012498956699183586,0.0,0.0,0.0,0.062395236984006126,0.0,0.0,0.0,0.0,0.0,0.0,0.0,0.0,0.0,0.0,0.0,0.0,0.0,0.0,0.009948320413436691,0.0,0.0,0.0,0.0,0.008842951478610393,0.0,0.0,0.0,0.0,0.003670337003670337,0.0,0.020750832132945957,0.0,0.009948320413436691,0.0,0.0,0.0,0.011685328739592306,0.0,0.005555555555555557,0.0,0.014556066749297986,0.004263565891472869,0.005962059620596206,0.0,0.03722429179037234,0.08041371041111069,0.0044715447154471556,0.0,0.006606606606606606,0.0,0.0,0.0014227642276422774,0.015540540540540541,0.007432432432432432,0.004584462511291782,0.005840142468049446,0.012272701353813096,0.08634123684227674,0.0033122553447756703,0.0,0.0,0.01706808434450711,0.0,0.015211577856926695,0.0,0.017250990828226603,0.0,0.00699187559652676,0.042039042256474674,0.0,0.0,0.006606606606606606,0.04817724228293335,0.03180888773061206,0.0,0.0,0.004968383017163506,0.0,0.0,0.007097690024519293,0.0,0.0,0.0,0.0,0.0,0.009525379037574163,0.0,0.004939047574706491,0.004737295434969853,0.004263565891472869,0.0021680216802168035,0.0,0.0021680216802168035,0.0076719576719576745,0.0,0.03586794395075734,0.0,0.03337627545299128,0.0,0.0,0.004263565891472869,0.0009302325581395371,0.0,0.0,0.0,0.0,0.0,0.022150445018662077,0.0,0.004263565891472869,0.05678716152340657,0.0,0.0,0.023290368265788952,0.022632795397023047,0.0,0.019468053561218623,0.0,0.017507235918088632,0.005684754521963824,0.009096291413364587,0.07644742019387511,0.0,0.0,0.0,0.0,0.0,0.0,
CHEMBL1163125_376,0.0,0.0,0.0,0.0,0.0,0.0,0.0,0.0,0.0,0.0,0.0,0.0,0.0,0.0,0.0,0.0,0.0,0.0,0.0,0.0,0.0,0.0,0.0,0.0,0.0,0.0,0.0,0.0,0.0,0.0,0.0,0.0,0.0,0.0,0.0,0.0,0.0,0.0049549549549549555,0.0014227642276422772,0.0,0.0,0.0,0.0,0.0,0.0,0.0,0.0,0.0,0.0,0.0,0.0,0.0,0.0,0.0,0.0,0.0,0.0,0.0049549549549549555,0.0,0.0,0.0,0.0,0.0,0.0,0.0,0.0,0.003670337003670337,0.0,0.0,0.0,0.0,0.0,0.0,0.0,0.0,0.0049549549549549555,0.0,0.008384540240751243,0.0,0.0,0.0,0.0,0.0004429678848283491,0.0,0.03811289394220951,0.0,0.0,0.05190938717125141,0.0,0.0,0.004263565891472869,0.017246316083525386,0.0,0.0027793533749290995,0.009705678452133359,0.0,0.0,0.006707317073170732,0.0,0.0,0.0,0.0,0.004006393423107358,0.08915673905274964,0.004471544715447155,0.0,0.017851184517851188,0.09368351618777031,0.0,0.0,0.03815180277649554,0.006651645973824082,0.005684754521963824,0.01765680409091262,0.0035035035035035043,0.005444038290512105,0.0,0.009600087892770824,0.008999794368011424,0.0,0.0,0.0,0.0,0.0,0.01936521509219562,0.0,0.0006624510689551338,0.023871488003412756,0.0,0.007976022912683907,0.0,0.009810216720785829,0.0017098980513614666,0.0,0.06532133381254197,0.0,0.0,0.0,0.0,0.0,0.005684754521963824,0.0,0.0,0.04286827951036686,0.0,0.0,0.004817825956037338,0.016746553700609287,0.0,0.047905545931637816,0.0,0.0,0.025907775803786393,0.01091701457555116,0.008390580029831307,0.0,0.0,0.008673790069138907,0.0,0.00799457994579946,0.10793496275629004,0.0,0.0,0.0,0.11906991601168194,0.0,0.0,
CHEMBL1163125_377,0.0,0.0,0.0,0.0,0.0,0.0,0.0,0.0,0.0,0.0,0.0,0.0,0.0,0.0,0.0,0.0,0.0,0.0,0.0,0.0,0.0,0.0,0.0,0.0,0.004471544715447155,0.02607928404865444,0.0,0.0,0.0,0.0,0.0,0.0,0.0,0.0,0.0,0.0,0.0,0.0006459948320413439,0.006761762708066359,0.0,0.0,0.0,0.0,0.0,0.0,0.0,0.0,0.0,0.0,0.0,0.0,0.00331225534477567,0.016760946993505135,0.0,0.0,0.0,0.0,0.009948320413436691,0.0,0.0,0.0,0.0,0.0,0.0,0.0,0.0,0.0,0.0,0.0,0.0,0.10835627040486183,0.0,0.0,0.00331225534477567,0.0009936766034327007,0.0,0.0,0.0,0.0,0.0,0.0,0.0,0.0,0.0,0.0,0.006395348837209301,0.0006459948320413439,0.0,0.0,0.0,0.0059873462312486705,0.014064674430528092,0.0014227642276422772,0.009009009009009009,0.002402402402402403,0.0180784017142497,0.0,0.008112177217868275,0.0,0.0,0.002168021680216803,0.0,0.006996020410654558,0.0,0.010298102981029811,0.0,0.0009302325581395371,0.0,0.0,0.049742709243560064,0.004263565891472869,0.0,0.0,0.029162069992094572,0.0,0.004263565891472869,0.0,0.0049549549549549555,0.004471544715447155,0.0,0.0,0.0,0.0,0.0,0.0016683350016683358,0.0,0.006639566395663959,0.0703560433187962,0.009965249802648178,0.012947907256850346,0.015420071234024724,0.0,0.05220687600059883,0.0,0.0,0.007959916808470411,0.004735019572417947,0.0,0.0,0.0,0.0,0.0020671834625323004,0.0,0.0468358176667876,0.12262221098012364,0.0,0.0047347735332231465,0.005962059620596205,0.0,0.019936073339363185,0.06226323695599551,0.0,0.022072072072072072,0.0,0.004968383017163506,0.010030251465305352,0.0,0.004471544715447155,0.0,0.0,0.14812618915001216,0.0,0.0,0.0,0.0,0.0,0.0,
CHEMBL1163125_387,0.0,0.0,0.0,0.0,0.0,0.0,0.0,0.0,0.0,0.0,0.0,0.10502538840598967,0.0,0.0,0.0,0.0,0.0,0.0,0.0,0.0,0.0,0.0,0.0,0.0,0.0,0.0,0.0,0.0,0.0,0.0,0.0,0.0,0.0,0.0,0.0,0.0,0.0,0.0,0.0,0.0,0.0,0.0,0.06704378797402054,0.0,0.0,0.0,0.0,0.0,0.0,0.0,0.0,0.0,0.0,0.06315836539886455,0.0,0.003096846846846847,0.0,0.0,0.0,0.0,0.0,0.0,0.004263565891472869,0.0,0.0,0.0,0.06041784836453016,0.0,0.0,0.0,0.0,0.0,0.0,0.0,0.0,0.005684754521963824,0.0,0.004968383017163506,0.0,0.0071229766351717586,0.0,0.0,0.0,0.013833989027787479,0.0,0.01991449759458835,0.0,0.022072072072072072,0.0,0.07762811024297128,0.0,0.0044715447154471556,0.0,0.006844242616600343,0.0,0.0,0.03701026608003352,0.0,0.0,0.0,0.0,0.0,0.005962059620596206,0.08669498577798823,0.0,0.0,0.0,0.04331921257616097,0.0,0.0,0.0,0.005962059620596206,0.0,0.0,0.0,0.0009302325581395371,0.0006775067750677512,0.005505505505505506,0.0,0.0,0.0,0.0,0.025423835633705177,0.0,0.014573643410852712,0.0,0.010779885576633548,0.0,0.004737295434969853,0.0,0.0,0.008624478136673261,0.0,0.0,0.028379400387341398,0.011096055404998495,0.013436692506459949,0.0,0.0049549549549549555,0.0,0.0,0.0,0.0,0.0,0.0,0.0,0.0,0.003488372093023256,0.04889585179810176,0.03881564491320589,0.0033122553447756703,0.0,0.03144485949363998,0.006431587571689673,0.004263565891472869,0.005555555555555557,0.0,0.005912162162162162,0.0,0.0,0.07826570189020558,0.0,0.0,0.0,0.0,0.0,0.0,
CHEMBL1163125_394,0.0,0.0,0.0,0.0,0.0,0.0,0.0,0.0,0.0,0.0,0.0,0.0,0.0,0.0,0.0,0.0,0.0,0.0,0.0,0.0,0.0,0.0,0.0,0.0,0.0,0.0,0.034278180619644036,0.0,0.0,0.0,0.0,0.0,0.0,0.0,0.0,0.0,0.0,0.004263565891472869,0.0,0.0,0.0,0.0,0.03502245864696233,0.0,0.0,0.0,0.0,0.0,0.0,0.0,0.08028902413474166,0.0,0.0,0.0,0.0,0.0,0.0,0.0,0.0,0.0,0.0,0.0,0.0,0.0,0.0,0.049403913272319404,0.0,0.0,0.004263565891472869,0.006377719182597233,0.0,0.0,0.0,0.0,0.0,0.0,0.05841292228132841,0.005480277024992473,0.0,0.012667545594374864,0.019163349395907536,0.0,0.00833455879778436,0.0,0.0,0.0,0.0,0.012911360973376479,0.0,0.04203011860414016,0.0,0.004471544715447155,0.0,0.0,0.0,0.0,0.0,0.0,0.07842187053758239,0.07189347600578458,0.0,0.0,0.002168021680216803,0.04748036465279801,0.002402402402402403,0.0,0.0014227642276422772,0.016208693094682886,0.0,0.012170707292658513,0.0,0.0,0.0,0.0,0.0,0.0,0.0,0.0,0.003670337003670337,0.0,0.0587910655976453,0.0,0.006606606606606606,0.0,0.02838293483500517,0.0,0.0,0.0,0.012512512512512513,0.004471544715447155,0.0049549549549549555,0.0,0.0,0.0,0.01588201928530913,0.00331225534477567,0.0,0.0,0.003014642549526271,0.04056353574220846,0.0,0.0,0.04204191902244464,0.0,0.0,0.0,0.0,0.01091701457555116,0.0,0.04290904631233616,0.0,0.011410474569861979,0.0,0.009009009009009009,0.0,0.004471544715447155,0.0,0.0,0.0,0.0,0.08754017772735867,0.0,0.0,0.0,0.0,0.0,0.0,
CHEMBL1163125_411,0.0,0.0,0.0,0.0,0.0,0.0,0.0,0.0,0.0,0.0,0.0,0.0,0.0,0.0,0.0,0.0,0.0,0.0,0.0,0.0,0.0,0.0,0.0,0.0,0.0,0.0,0.0,0.0,0.0,0.0,0.0,0.0,0.0,0.0,0.0,0.0,0.004471544715447155,0.0,0.0009756097560975631,0.0,0.0,0.0,0.0,0.0,0.0,0.0,0.0,0.0,0.0,0.0,0.0,0.0,0.0,0.0,0.07456304503596052,0.0,0.0,0.0020671834625323,0.0,0.0,0.0,0.0,0.004263565891472867,0.0,0.0,0.0,0.0,0.0,0.0,0.0,0.0,0.0,0.0,0.0,0.0,0.014301380223104556,0.0,0.001356589147286822,0.0,0.0,0.024413366855227322,0.0,0.03669299853833791,0.05029370455727045,0.0031581969566465682,0.08294980081234571,0.009218161250681577,0.0,0.005684754521963823,0.0,0.0006459948320413438,0.0,0.018031446080226568,0.01560471418667675,0.004471544715447155,0.0,0.054252896307159876,0.0015790984783232845,0.0,0.0,0.004263565891472867,0.0031581969566465682,0.00301464254952627,0.0,0.005338672005338673,0.0,0.004668844492062492,0.0,0.0,0.0,0.03731548716422984,0.005684754521963823,0.0,0.004471544715447155,0.002664728682170542,0.007896717856067449,0.0,0.04222140650766099,0.0,0.0,0.0,0.0,0.04328489207995415,0.0,0.0053564404512914015,0.0,0.002402402402402403,0.0,0.012569763940533461,0.0063953488372093005,0.0,0.0034883720930232558,0.0,0.0,0.0,0.0031581969566465682,0.006437889960294953,0.0,0.0,0.054164186165746,0.006686046511627907,0.001356589147286822,0.0,0.0049549549549549555,0.0,0.0,0.009219135944414826,0.0,0.11098323223961341,0.0358238414250893,0.0,0.0,0.0,0.0,0.023145172020195653,0.025221203430694828,0.0,0.015745910402745346,0.0,0.005081300813008131,0.09483096255643049,0.0,0.0,0.0,0.0,0.0,0.0,
CHEMBL1163125_0,0.0,0.0,0.0,0.0,0.0,0.0,0.0,0.0,0.0,0.0,0.0,0.0,0.0,0.0,0.0,0.0,0.0,0.0,0.0,0.0,0.0,0.0,0.0,0.0,0.0,0.006481481481481484,0.0,0.0,0.0,0.0,0.0,0.0,0.0,0.0,0.0,0.0,0.0,0.0,0.0,0.0,0.0,0.0,0.0,0.0,0.0,0.0,0.0,0.0,0.0,0.0,0.0,0.0,0.0,0.027777777777777776,0.0,0.0,0.0,0.0,0.0,0.0,0.0,0.0,0.0,0.0,0.0,0.0,0.0,0.0,0.0,0.0,0.0,0.015277777777777779,0.0,0.0,0.0,0.0,0.0,0.0,0.0,0.037037037037037035,0.0,0.0,0.015277777777777779,0.009876543209876546,0.0,0.0,0.0,0.027777777777777776,0.0,0.0,0.0,0.015089163237311383,0.012500000000000002,0.0,0.0,0.0,0.07407407407407407,0.037037037037037035,0.0,0.0,0.0,0.012500000000000002,0.0,0.0,0.0,0.027777777777777776,0.0,0.05555555555555555,0.0,0.0,0.0,0.0,0.0,0.030555555555555555,0.0,0.0,0.0,0.0,0.0,0.0,0.0,0.0,0.0,0.0,0.0,0.0,0.021947873799725653,0.05504115226337448,0.0,0.0,0.0,0.0,0.0,0.0,0.027777777777777776,0.0,0.0,0.0,0.0,0.0,0.0,0.0,0.0,0.02716049382716049,0.04835390946502057,0.0,0.0,0.0,0.0,0.0,0.0,0.0,0.01697530864197531,0.0,0.0,0.0,0.0,0.0,0.0,0.0,0.027777777777777776,0.0,0.0,0.0,0.037037037037037035,0.0,0.0,
CHEMBL1163125_6,0.0,0.0,0.0,0.0,0.0,0.0,0.0,0.0,0.0,0.0,0.0,0.0,0.0,0.0,0.0,0.0,0.0,0.0,0.0,0.0,0.0,0.0,0.0,0.0,0.0,0.0,0.0,0.0,0.0,0.0,0.0,0.0,0.0,0.0,0.07253086419753087,0.0,0.0,0.0,0.021947873799725657,0.0,0.0,0.0,0.0,0.0,0.0,0.0,0.0,0.0,0.0,0.0,0.0,0.0,0.0,0.027160493827160497,0.0,0.00509259259259259,0.0,0.0,0.0,0.06148148148148148,0.0,0.0,0.0,0.0,0.07407407407407408,0.0,0.0,0.0,0.0,0.0,0.0,0.02037037037037037,0.0,0.0,0.0,0.0,0.0,0.0,0.0,0.0,0.027777777777777776,0.07407407407407408,0.0,0.0,0.0,0.0,0.0,0.0,0.07675925925925925,0.0,0.020370370370370375,0.0,0.0,0.006481481481481485,0.0,0.0,0.0,0.0,0.0,0.0,0.0,0.0,0.003333333333333341,0.0,0.0,0.0,0.0,0.0,0.0,0.0,0.0,0.015089163237311387,0.0,0.00740740740740741,0.0,0.0,0.0,0.0,0.019907407407407412,0.0,0.0,0.0,0.0,0.0,0.0,0.0,0.015277777777777777,0.027777777777777776,0.0,0.0,0.0,0.0,0.0,0.0,0.0,0.0,0.0,0.0,0.0,0.0,0.010185185185185188,0.0,0.0,0.003333333333333341,0.0,0.0,0.0,0.0,0.0,0.0,0.0,0.0,0.05462962962962964,0.0,0.0,0.0,0.0,0.02160493827160494,0.0,0.0,0.0,0.0,0.0,0.0,0.0,0.0,0.0,
CHEMBL1163125_39,0.0,0.0,0.0,0.0,0.0,0.0,0.0,0.0,0.0,0.0,0.0,0.0,0.0,0.0,0.0,0.0,0.0,0.0,0.0,0.0,0.0,0.0,0.0,0.0,0.027777777777777776,0.0,0.0,0.0,0.0,0.007544581618655693,0.0,0.0,0.0,0.0,0.0,0.0,0.0,0.0,0.0,0.0,0.0,0.0,0.00740740740740741,0.0,0.0,0.0,0.0,0.0,0.0,0.0,0.0,0.0,0.021947873799725653,0.0,0.0,0.0,0.0,0.0,0.0,0.0,0.0,0.022916666666666665,0.0,0.0,0.0,0.0,0.0,0.0,0.0,0.015277777777777779,0.0,0.07722222222222222,0.01646090534979424,0.0,0.0,0.0,0.0,0.0,0.0,0.020884773662551443,0.0,0.0,0.0,0.0,0.0,0.015277777777777779,0.0,0.0,0.0,0.0,0.0,0.0,0.0,0.0,0.0,0.0,0.011316872427983538,0.0,0.0,0.0,0.0,0.0,0.009876543209876546,0.015089163237311383,0.015089163237311383,0.0,0.01909722222222222,0.0,0.10462962962962963,0.0,0.0,0.022633744855967083,0.0,0.020370370370370372,0.0,0.0925925925925926,0.0,0.008680555555555556,0.0,0.0,0.0,0.0,0.020370370370370372,0.0,0.0,0.0,0.0,0.0,0.0,0.0,0.0,0.0,0.044444444444444446,0.0,0.0,0.0,0.0,0.0,0.0,0.0,0.008194444444444454,0.0,0.0,0.006790123456790122,0.02037037037037037,0.0,0.0,0.0,0.0,0.014403292181069961,0.0,0.0,0.0,0.0,0.0,0.0,0.0,0.0,0.0,0.0,0.0,0.0,0.0,0.0,0.0,0.0,0.0,
CHEMBL1163125_53,0.0,0.0,0.0,0.0,0.0,0.0,0.0,0.0,0.0,0.0,0.0,0.0,0.0,0.0,0.0,0.0,0.0,0.0,0.0,0.0,0.0,0.0,0.0,0.0,0.0,0.0,0.0,0.0,0.0,0.0,0.0,0.0,0.0,0.0,0.0,0.0,0.0,0.0,0.0,0.0,0.0,0.0,0.0,0.0,0.0,0.0,0.0,0.0,0.0,0.0,0.0,0.0,0.0,0.0,0.02777777777777778,0.0,0.0,0.0,0.0,0.0,0.0,0.0,0.0,0.0,0.0,0.0,0.037037037037037035,0.0,0.0,0.0,0.0,0.0,0.0,0.037037037037037035,0.037037037037037035,0.02777777777777778,0.0,0.0,0.0,0.0,0.0,0.012500000000000004,0.0,0.0,0.0,0.01527777777777778,0.0,0.0,0.0,0.0,0.0,0.0,0.0,0.0,0.0,0.0,0.06481481481481481,0.0,0.05555555555555556,0.0,0.0,0.0,0.0,0.0,0.0,0.0,0.0,0.0,0.0,0.0,0.0,0.0,0.0,0.02777777777777778,0.0,0.0,0.0,0.0,0.0,0.0,0.037037037037037035,0.0,0.037037037037037035,0.0,0.0,0.0,0.0,0.0925925925925926,0.0,0.0,0.0,0.0,0.0,0.0,0.0,0.0,0.0,0.02777777777777778,0.0,0.0,0.0,0.0,0.0,0.06481481481481481,0.06481481481481481,0.0,0.0,0.0,0.0,0.0,0.0,0.0,0.0,0.0,0.0,0.0,0.0,0.0,0.0,0.0,0.0,0.0,0.0,0.0,0.0,0.0,0.0,
CHEMBL1163125_81,0.0,0.0,0.0,0.0,0.0,0.0,0.0,0.0,0.0,0.0,0.0,0.0,0.0,0.0,0.0,0.0,0.0,0.0,0.0,0.0,0.0,0.0,0.037037037037037035,0.0,0.0,0.0,0.0,0.0,0.0,0.0,0.0,0.0,0.0,0.0,0.0,0.0,0.0,0.0,0.0,0.0,0.0,0.0,0.0,0.0,0.0,0.0,0.0,0.0,0.0,0.0,0.0,0.0,0.02777777777777778,0.05555555555555556,0.05555555555555556,0.0,0.0,0.0,0.0,0.0,0.0,0.0,0.0,0.0,0.0,0.0,0.0,0.0,0.0,0.0,0.0,0.0,0.0,0.0,0.0,0.0,0.0,0.0,0.0,0.0,0.0,0.0,0.0,0.015089163237311383,0.0,0.0,0.0,0.0,0.0,0.0,0.0,0.02777777777777778,0.0,0.0,0.0,0.0,0.0,0.0,0.0,0.0,0.0,0.0,0.0,0.05555555555555556,0.02777777777777778,0.0,0.0,0.0,0.01666666666666667,0.0,0.0,0.0,0.0,0.0699074074074074,0.0,0.021947873799725653,0.0,0.0,0.0,0.0,0.0,0.0,0.0,0.0,0.0,0.0,0.0,0.06481481481481481,0.0,0.0,0.0,0.006481481481481484,0.0,0.0,0.02777777777777778,0.0,0.0,0.0,0.0,0.0,0.0,0.0,0.0,0.08287037037037037,0.037037037037037035,0.0,0.0,0.0,0.0,0.0,0.0,0.0,0.037037037037037035,0.0,0.0,0.0,0.0,0.0,0.0,0.0,0.0,0.0,0.0,0.0,0.0,0.0,0.0,
CHEMBL1163125_87,0.0,0.0,0.0,0.0,0.0,0.0,0.0,0.0,0.0,0.0,0.0,0.0,0.0,0.0,0.0,0.0,0.0,0.0,0.0,0.0,0.0,0.0,0.0,0.0,0.0,0.0,0.0,0.0,0.0,0.0,0.0,0.0,0.0,0.0,0.0,0.0,0.0,0.0,0.029681069958847738,0.0,0.0,0.0,0.0,0.0,0.0,0.0,0.0,0.0,0.0,0.0,0.0,0.0,0.0,0.0976851851851852,0.0,0.0,0.0,0.02037037037037037,0.0,0.0,0.0,0.0,0.0,0.0,0.0,0.0,0.0,0.0,0.0,0.0,0.0,0.0,0.0,0.0,0.0,0.02716049382716049,0.0,0.0,0.0,0.0,0.0,0.0,0.0,0.02716049382716049,0.0,0.0,0.0,0.02716049382716049,0.0,0.0,0.0,0.014403292181069961,0.0,0.0,0.0,0.0,0.0,0.0,0.0,0.0,0.0,0.0,0.0,0.0,0.0,0.0,0.0,0.022633744855967083,0.0,0.0,0.0,0.0,0.0,0.0,0.11296296296296297,0.0,0.0654320987654321,0.0,0.01481481481481482,0.0,0.0,0.0,0.0,0.0,0.00740740740740741,0.0,0.0,0.01080246913580247,0.0,0.0,0.0,0.0,0.0,0.10185185185185185,0.0,0.022633744855967083,0.012500000000000002,0.0,0.0,0.015277777777777779,0.0,0.0,0.0,0.009876543209876546,0.01697530864197531,0.0,0.009876543209876546,0.0,0.0,0.0,0.0,0.0,0.0,0.0,0.0,0.0,0.0,0.0,0.0,0.0,0.0,0.0,0.0,0.0,0.0,0.0,0.0,
CHEMBL1163125_91,0.0,0.0,0.0,0.0,0.0,0.0,0.0,0.0,0.0,0.0,0.0,0.0,0.0,0.0,0.0,0.0,0.0,0.0,0.0,0.0,0.0,0.0,0.0,0.0,0.0,0.027777777777777776,0.0,0.0,0.0,0.0,0.0,0.0,0.0,0.0,0.0,0.0,0.0,0.0,0.018229166666666668,0.0,0.0,0.0,0.0,0.0,0.0,0.0,0.0,0.0,0.0,0.0,0.0,0.0,0.0,0.0,0.0,0.0,0.0,0.0,0.0,0.0,0.0,0.015277777777777779,0.0,0.0,0.0,0.0,0.015089163237311383,0.0,0.0,0.02444444444444444,0.0,0.0,0.0,0.0,0.0,0.0,0.0,0.0,0.0,0.003333333333333341,0.0,0.0,0.0,0.00740740740740741,0.014403292181069961,0.01666666666666667,0.0,0.0,0.0,0.0,0.0,0.0,0.0,0.03024691358024692,0.0,0.0,0.0,0.021947873799725653,0.011316872427983538,0.0,0.011316872427983538,0.02716049382716049,0.0,0.0,0.0,0.0,0.04953703703703704,0.0,0.037037037037037035,0.0,0.0,0.0,0.0,0.0,0.12037037037037036,0.0,0.0,0.0,0.0,0.0,0.0,0.0,0.0,0.0,0.0,0.0,0.050411522633744855,0.0,0.00954861111111111,0.0,0.015277777777777779,0.0,0.0,0.0,0.0,0.0,0.021322016460905355,0.0,0.0,0.02716049382716049,0.0,0.012500000000000002,0.0,0.0,0.00905349794238683,0.0,0.009876543209876546,0.0,0.0,0.0,0.0,0.0,0.022916666666666665,0.037037037037037035,0.0,0.0,0.0,0.0,0.0,0.0,0.0,0.0,0.0,0.0,0.0,0.0,0.0,
CHEMBL1163125_93,0.0,0.0,0.0,0.0,0.0,0.0,0.0,0.0,0.0,0.0,0.0,0.0,0.0,0.0,0.0,0.0,0.0,0.0,0.0,0.0,0.0,0.0,0.0,0.0,0.0,0.027777777777777776,0.0,0.0,0.0,0.0,0.0,0.0,0.0,0.0,0.0,0.0,0.0,0.0,0.0,0.0,0.0,0.0,0.015277777777777779,0.0,0.0,0.0,0.0,0.0,0.0,0.0,0.0,0.0,0.0,0.02716049382716049,0.0,0.0,0.0,0.0,0.0,0.0,0.0,0.0,0.0,0.0,0.0,0.0,0.0,0.0,0.0,0.0,0.0,0.0,0.0,0.0,0.0,0.020370370370370372,0.0,0.0,0.0,0.0,0.0,0.0,0.0,0.012500000000000002,0.0,0.0,0.0,0.0,0.0,0.0,0.015277777777777779,0.0,0.0,0.014403292181069961,0.004861111111111113,0.0,0.0,0.0,0.0,0.0,0.015089163237311383,0.0,0.0,0.0,0.03444787379972566,0.0,0.012500000000000002,0.0,0.05933641975308643,0.0,0.0,0.022633744855967083,0.0,0.0,0.13106995884773662,0.0,0.05555555555555555,0.01697530864197531,0.0,0.0,0.0,0.0,0.00740740740740741,0.0,0.01080246913580247,0.0,0.02237654320987655,0.0,0.0,0.0,0.0,0.0,0.0,0.0,0.006858710562414269,0.02716049382716049,0.0,0.0,0.0,0.0,0.0,0.03259259259259258,0.0,0.015277777777777779,0.0,0.0,0.0,0.004444444444444455,0.0,0.0,0.0,0.0,0.00905349794238683,0.03791152263374486,0.0,0.0,0.0,0.0,0.0,0.0,0.0,0.0,0.0,0.0,0.007544581618655691,0.0,0.0,
CHEMBL1163125_105,0.0,0.0,0.0,0.0,0.0,0.0,0.0,0.0,0.0,0.0,0.0,0.0,0.0,0.0,0.0,0.0,0.0,0.0,0.0,0.0,0.0,0.0,0.0,0.0,0.0,0.0,0.0,0.0,0.0,0.0,0.0,0.0,0.0,0.0,0.0,0.0,0.0,0.0,0.0,0.0,0.0,0.0,0.0,0.0,0.0,0.0,0.0,0.0,0.0,0.0,0.0,0.0,0.0,0.0,0.0,0.0,0.0,0.09236111111111112,0.0,0.0,0.0,0.0,0.0,0.0,0.0,0.0,0.0,0.0,0.0,0.0,0.0,0.08773148148148147,0.0,0.0,0.0,0.0,0.0,0.0,0.0,0.0,0.0030864197530864213,0.0,0.01666666666666667,0.0,0.0,0.0,0.0,0.0,0.0,0.0,0.030555555555555558,0.020370370370370372,0.030555555555555555,0.0,0.0,0.022633744855967083,0.0,0.0,0.0,0.0,0.0,0.0,0.033950617283950615,0.0,0.0,0.0,0.0,0.0,0.0,0.0,0.0,0.0,0.0,0.0,0.0925925925925926,0.037037037037037035,0.012500000000000002,0.030729166666666672,0.0,0.0,0.0,0.0,0.0,0.0,0.0,0.0,0.0,0.0308641975308642,0.00954861111111111,0.0,0.0,0.0,0.0,0.0,0.0,0.0,0.0,0.0,0.0,0.0,0.0,0.026388888888888896,0.0,0.014403292181069961,0.011316872427983538,0.0,0.0,0.0,0.0,0.0,0.0,0.0,0.0,0.020370370370370372,0.0,0.022633744855967083,0.0,0.0,0.0,0.02037037037037037,0.0,0.0,0.0,0.0,0.0,0.0,0.0,
CHEMBL1163125_108,0.0,0.0,0.0,0.0,0.0,0.0,0.0,0.0,0.0,0.0,0.0,0.0,0.0,0.0,0.0,0.0,0.0,0.0,0.0,0.0,0.0,0.0,0.0,0.0,0.0,0.0,0.02716049382716049,0.0,0.0,0.0,0.0,0.0,0.0,0.0,0.0,0.0,0.0,0.0,0.0,0.0,0.0,0.0,0.0,0.0,0.0,0.0,0.0,0.0,0.0,0.0,0.0,0.0,0.008680555555555556,0.04953703703703704,0.0,0.0,0.0,0.0,0.0,0.0,0.0,0.0,0.02554012345679013,0.0,0.0,0.0,0.0,0.0,0.08040123456790123,0.027777777777777776,0.0,0.0,0.0,0.0,0.0,0.0,0.0,0.0,0.0,0.0,0.0,0.0,0.02496570644718793,0.02716049382716049,0.0,0.0,0.0,0.021947873799725653,0.0,0.0,0.0,0.0,0.0,0.0,0.0,0.0,0.0,0.0,0.005658436213991771,0.0,0.0,0.0,0.0,0.0,0.0,0.0,0.02037037037037037,0.0,0.0,0.0,0.0,0.0,0.015277777777777779,0.009876543209876546,0.16386316872427983,0.06481481481481481,0.0,0.0,0.0,0.0,0.0,0.0,0.0,0.0,0.002314814814814816,0.0,0.037037037037037035,0.01909722222222222,0.0,0.0,0.0,0.0,0.0,0.0,0.0,0.0,0.0,0.0,0.0,0.0,0.0,0.0,0.0,0.0,0.0,0.0,0.0,0.0,0.0,0.0,0.0,0.0,0.0,0.0,0.0,0.0,0.0,0.0,0.0,0.0,0.03518518518518519,0.0,0.0,0.0,0.0,0.0,0.0,
CHEMBL1163125_119,0.0,0.0,0.0,0.0,0.0,0.0,0.0,0.0,0.0,0.0,0.0,0.0,0.0,0.0,0.0,0.0,0.0,0.0,0.0,0.05555555555555555,0.0,0.0,0.0,0.0,0.0,0.0,0.0,0.0,0.0,0.0,0.0,0.0,0.0,0.0,0.0,0.0,0.0,0.0,0.00740740740740741,0.0,0.0,0.0,0.0,0.0,0.0,0.0,0.0,0.0,0.0,0.0,0.0,0.0,0.0,0.0,0.0,0.0,0.0,0.0,0.0,0.0,0.0,0.0,0.03683127572016461,0.0,0.0,0.0,0.0,0.0,0.0,0.0,0.0,0.0,0.0,0.0,0.0,0.0,0.0,0.0,0.0,0.0,0.0,0.0,0.02037037037037037,0.018229166666666668,0.0,0.00740740740740741,0.015277777777777779,0.0,0.0,0.0,0.0,0.014403292181069961,0.0,0.0,0.0,0.0,0.0,0.0,0.011316872427983538,0.0,0.037037037037037035,0.02716049382716049,0.0,0.0,0.0,0.0,0.0,0.00740740740740741,0.0,0.0,0.0,0.0,0.0,0.006481481481481484,0.12962962962962962,0.044238683127572016,0.04691358024691358,0.0,0.0,0.0,0.030555555555555555,0.0,0.0,0.0,0.0,0.0,0.022633744855967083,0.0,0.00954861111111111,0.0,0.0,0.0,0.015277777777777779,0.0,0.0,0.020370370370370372,0.0,0.0,0.030555555555555555,0.0,0.0,0.0,0.0,0.0,0.011316872427983538,0.0,0.023148148148148154,0.0,0.0,0.0,0.0,0.0,0.0,0.0,0.005092592592592591,0.0,0.0,0.0,0.0,0.0,0.012500000000000002,0.0,0.0,0.0,0.0,0.0,0.0,
CHEMBL1163125_144,0.0,0.0,0.0,0.0,0.0,0.0,0.0,0.0,0.0,0.0,0.0,0.0,0.0,0.0,0.0,0.0,0.0,0.0,0.0,0.0,0.0,0.0,0.0,0.0,0.0,0.0,0.0,0.0,0.0,0.0,0.0,0.0,0.06481481481481481,0.015089163237311383,0.0,0.0,0.0,0.0,0.0,0.0,0.0,0.0,0.0,0.0,0.0,0.0,0.0,0.011316872427983538,0.0,0.0,0.0,0.0,0.0,0.02716049382716049,0.0,0.0,0.0,0.02037037037037037,0.01646090534979424,0.0,0.037037037037037035,0.037037037037037035,0.0,0.0,0.0,0.0,0.0,0.0,0.0,0.0,0.0,0.0,0.0,0.04027777777777778,0.0,0.0,0.0,0.0,0.0,0.0,0.0,0.0,0.0,0.0,0.0,0.0,0.0,0.0,0.027777777777777776,0.0,0.0,0.037037037037037035,0.0,0.0,0.0,0.00740740740740741,0.0,0.0,0.0,0.0,0.011316872427983538,0.0,0.0,0.0,0.0,0.0,0.021947873799725653,0.0,0.0,0.0,0.015277777777777779,0.0,0.0,0.0,0.12962962962962962,0.0,0.0,0.0,0.009876543209876546,0.0,0.0,0.0,0.0,0.0,0.0,0.0,0.0,0.0,0.0,0.02237654320987655,0.01646090534979424,0.0,0.015277777777777779,0.0,0.0,0.0,0.0,0.0,0.0,0.0,0.05555555555555555,0.0,0.0,0.0,0.0,0.0,0.0,0.0,0.0,0.0,0.0,0.0,0.02716049382716049,0.0,0.0,0.0,0.0,0.0,0.0,0.0,0.0,0.0,0.0,0.0,0.0,0.0,0.0,
CHEMBL1163125_149,0.0,0.0,0.0,0.0,0.0,0.0,0.0,0.0,0.0,0.0,0.0,0.0,0.0,0.0,0.0,0.0,0.0,0.0,0.0,0.0,0.0,0.0,0.0,0.0,0.0,0.0,0.0,0.0,0.0,0.0,0.0,0.0,0.0,0.027777777777777776,0.0,0.0,0.0,0.0,0.0,0.0,0.0,0.0,0.0,0.0,0.0,0.0,0.0,0.0,0.0,0.0,0.0,0.0,0.0,0.0,0.0,0.0,0.0,0.0,0.0,0.0,0.020884773662551443,0.0,0.0,0.0,0.01666666666666667,0.0,0.0,0.0,0.0,0.03425925925925926,0.0,0.0,0.0,0.012500000000000002,0.0,0.0,0.0,0.0,0.0,0.0,0.015277777777777779,0.0,0.0,0.0,0.0,0.015277777777777779,0.020370370370370372,0.0,0.018229166666666668,0.0,0.04027777777777778,0.0,0.0,0.01666666666666667,0.0,0.012500000000000002,0.0,0.0,0.011316872427983538,0.0,0.0,0.020370370370370372,0.0,0.0,0.0,0.0,0.0,0.0,0.0,0.0,0.022633744855967083,0.0,0.0,0.0,0.16018518518518518,0.0,0.0,0.0,0.0,0.0,0.0,0.0,0.0,0.0,0.0,0.0,0.0,0.00954861111111111,0.0,0.0,0.01646090534979424,0.0,0.04840534979423869,0.0,0.0,0.020370370370370372,0.0,0.0,0.0,0.0,0.027777777777777776,0.0,0.0,0.0,0.011316872427983538,0.0,0.0,0.037037037037037035,0.0,0.0,0.0,0.0,0.0,0.0,0.030555555555555555,0.0,0.0,0.0,0.0,0.0,0.0,0.0,0.0,0.0,0.0,0.0,0.0,
CHEMBL1163125_179,0.0,0.0,0.0,0.0,0.0,0.0,0.0,0.0,0.0,0.0,0.0,0.0,0.0,0.0,0.0,0.0,0.0,0.0,0.0,0.0,0.0,0.0,0.0,0.0,0.0,0.0,0.0,0.0,0.0,0.0,0.0,0.0,0.0,0.0,0.0,0.0,0.0,0.0725925925925926,0.0,0.0,0.0,0.0,0.0,0.0,0.0,0.0,0.0,0.0,0.0,0.0,0.0,0.0,0.0,0.02716049382716049,0.0,0.0,0.0,0.0,0.0,0.0,0.0,0.0,0.0,0.0,0.0,0.0,0.0,0.0,0.0,0.0,0.0,0.0,0.0,0.0,0.0,0.03259259259259258,0.0,0.0,0.0,0.0,0.0,0.0,0.01527777777777778,0.01547067901234568,0.0,0.0,0.0,0.0,0.0,0.0,0.0,0.0,0.016460905349794244,0.01666666666666667,0.012500000000000004,0.0,0.0,0.0,0.0,0.0,0.0,0.0,0.0,0.015089163237311383,0.007407407407407411,0.0,0.034125514403292194,0.012500000000000004,0.0,0.022633744855967083,0.022633744855967083,0.020370370370370372,0.0,0.0,0.0,0.13377914951989028,0.0,0.015089163237311383,0.0,0.0,0.0,0.0,0.0,0.0,0.008477366255144045,0.0,0.0,0.035043724279835396,0.021947873799725653,0.0,0.0,0.011316872427983541,0.0,0.0,0.006481481481481484,0.0,0.0,0.0,0.011316872427983541,0.0,0.0,0.0,0.0,0.03500000000000001,0.012222222222222216,0.0,0.0,0.0,0.0,0.0,0.0,0.0,0.022633744855967083,0.0,0.0,0.009876543209876546,0.0,0.0,0.0,0.0,0.0,0.0,0.0,0.0,0.0,0.0,0.0,
CHEMBL1163125_201,0.0,0.0,0.0,0.0,0.0,0.0,0.0,0.0,0.0,0.0,0.0,0.0,0.0,0.0,0.0,0.0,0.0,0.0,0.0,0.0,0.0,0.0,0.05493827160493827,0.0,0.0,0.0,0.0,0.0,0.0,0.0,0.0,0.0,0.0,0.0,0.0,0.0,0.0,0.015277777777777779,0.0,0.0,0.0,0.0,0.0,0.0,0.0,0.0,0.0,0.0,0.0,0.0,0.0,0.0,0.0,0.0925925925925926,0.0,0.0,0.0,0.0,0.0,0.0,0.0,0.0,0.0,0.0,0.0,0.0,0.0,0.0,0.0,0.0,0.0,0.0,0.0,0.0,0.0,0.027777777777777776,0.0,0.0,0.0,0.021947873799725653,0.0,0.0,0.012500000000000002,0.0,0.0,0.0,0.0,0.0,0.0,0.05555555555555555,0.0,0.0,0.0,0.0,0.0,0.0,0.027777777777777776,0.014403292181069961,0.0,0.0,0.0,0.037037037037037035,0.0,0.0,0.0,0.015089163237311383,0.0,0.0,0.0,0.037037037037037035,0.0,0.0,0.05555555555555555,0.0,0.0,0.0,0.0,0.0,0.0,0.0,0.053703703703703705,0.0,0.0,0.0,0.0,0.0,0.0,0.0,0.0,0.027777777777777776,0.0,0.0,0.027777777777777776,0.0,0.022633744855967083,0.0,0.0,0.0,0.0,0.009876543209876546,0.0,0.0,0.0,0.020370370370370372,0.037037037037037035,0.0,0.0,0.0,0.0,0.0,0.0,0.0,0.0,0.0,0.0,0.0,0.0,0.0,0.0,0.0,0.0,0.0,0.0,0.0,0.0,0.0,0.0,
CHEMBL1163125_209,0.0,0.0,0.0,0.0,0.0,0.0,0.0,0.0,0.0,0.0,0.0,0.0,0.0,0.0,0.0,0.0,0.0,0.0,0.0,0.0,0.0,0.0,0.0,0.0,0.0,0.0,0.0,0.0,0.0,0.0,0.0,0.0,0.0,0.0,0.0,0.0,0.0,0.0,0.0,0.0,0.0,0.0,0.0,0.0,0.0,0.0,0.0,0.0,0.0,0.0,0.0,0.0,0.0552662037037037,0.0,0.0,0.0,0.0,0.0,0.0,0.015277777777777779,0.0,0.0,0.0,0.0,0.0,0.0,0.0,0.0,0.0,0.011316872427983538,0.0,0.0,0.027777777777777776,0.0,0.0,0.05144032921810699,0.0,0.0,0.0,0.002314814814814816,0.01697530864197531,0.0,0.0,0.0,0.0,0.0,0.0,0.0,0.0,0.0,0.0,0.0,0.0,0.0,0.0,0.0,0.0,0.0,0.0,0.0,0.0,0.02716049382716049,0.0,0.0,0.0,0.0,0.0,0.0,0.0,0.0,0.02037037037037037,0.0,0.0,0.0,0.0,0.0,0.0,0.0,0.0,0.0,0.0,0.0,0.009876543209876546,0.0,0.0,0.0,0.0,0.0,0.00954861111111111,0.0,0.004444444444444455,0.0,0.0,0.044444444444444446,0.0,0.0,0.01080246913580247,0.0,0.0,0.0,0.0,0.0,0.0,0.0,0.2199074074074074,0.0,0.0,0.0,0.050411522633744855,0.0,0.027777777777777776,0.0,0.0,0.0,0.012500000000000002,0.01646090534979424,0.0,0.0,0.03259259259259258,0.0,0.0,0.0,0.0,0.0,0.0,0.0,0.0,
CHEMBL1163125_223,0.0,0.0,0.0,0.0,0.0,0.0,0.0,0.0,0.0,0.0,0.0,0.0,0.0,0.0,0.0,0.0,0.0,0.0,0.0,0.0,0.0,0.0,0.0,0.0,0.0,0.0,0.0,0.0,0.0,0.0,0.0,0.0,0.07407407407407408,0.027777777777777776,0.0,0.0,0.0,0.0,0.0,0.0,0.0,0.0,0.0,0.0,0.0,0.0,0.0,0.0,0.0,0.0,0.0,0.0,0.0,0.0,0.0,0.0,0.0,0.04027777777777778,0.0,0.07407407407407408,0.06481481481481481,0.0,0.0,0.0,0.03703703703703704,0.0,0.0,0.0,0.0,0.01080246913580247,0.0,0.015277777777777779,0.0,0.049537037037037046,0.0,0.0,0.0,0.0,0.0,0.0,0.0,0.0,0.0,0.0,0.0,0.015277777777777779,0.0,0.0,0.04305555555555556,0.027777777777777776,0.0,0.0,0.0,0.012500000000000002,0.0,0.0,0.0,0.0,0.0,0.0,0.0,0.0,0.016666666666666673,0.0,0.0,0.0,0.0,0.0,0.0,0.0,0.0,0.0,0.0,0.0,0.0,0.0,0.0,0.0,0.0,0.0,0.0,0.0,0.0,0.020370370370370375,0.0,0.0,0.027777777777777776,0.01080246913580247,0.012500000000000002,0.0,0.0,0.0,0.0,0.0,0.0,0.0,0.0,0.01697530864197531,0.0,0.0,0.0,0.0,0.0,0.0,0.01697530864197531,0.03703703703703704,0.0,0.0,0.0,0.0,0.0,0.0,0.0,0.0,0.015277777777777779,0.0,0.0,0.0,0.0,0.0,0.0,0.0,0.0,0.0,0.0,0.0,0.0,
CHEMBL1163125_225,0.0,0.0,0.0,0.0,0.0,0.0,0.0,0.0,0.0,0.0,0.0,0.0,0.0,0.0,0.0,0.0,0.0,0.0,0.0,0.0,0.0,0.0,0.0,0.0,0.0,0.0,0.0,0.0,0.0,0.0,0.0,0.0,0.0,0.0,0.0,0.0,0.0,0.0,0.0,0.0,0.0,0.0,0.0,0.0,0.0,0.0,0.0,0.0,0.0,0.0,0.0,0.0,0.015277777777777777,0.0,0.010802469135802469,0.0,0.0,0.0,0.0,0.022916666666666658,0.0,0.0,0.0,0.0,0.0,0.0,0.0,0.0,0.0,0.0,0.0,0.0,0.0,0.016975308641975304,0.0,0.0,0.0,0.0,0.0,0.0,0.0,0.0,0.0,0.010185185185185186,0.10154320987654321,0.0,0.0,0.030555555555555555,0.0,0.0,0.0,0.020370370370370365,0.0,0.0345679012345679,0.006481481481481484,0.020370370370370365,0.0,0.0,0.0,0.0,0.008680555555555554,0.0,0.0,0.0,0.027777777777777773,0.0,0.0,0.0,0.0,0.0,0.0,0.02896090534979424,0.0,0.03024691358024692,0.0,0.0,0.0,0.0,0.004861111111111112,0.0,0.0,0.0,0.0,0.0,0.0,0.0,0.013888888888888893,0.014650205761316877,0.06354166666666666,0.0,0.0,0.0,0.0,0.0,0.009876543209876546,0.024444444444444435,0.004861111111111112,0.0,0.0,0.0,0.0,0.0,0.0,0.037037037037037035,0.016975308641975304,0.0,0.020370370370370372,0.0,0.0,0.02716049382716049,0.0,0.0,0.0,0.007638888888888889,0.03564814814814815,0.0,0.0,0.0,0.0,0.0,0.0,0.0,0.0,0.0,0.0,0.0,0.0,
CHEMBL1163125_228,0.0,0.0,0.0,0.0,0.0,0.0,0.0,0.0,0.0,0.0,0.0,0.0,0.0,0.0,0.0,0.0,0.0,0.0,0.0,0.0,0.0,0.0,0.0,0.0,0.0,0.0,0.0,0.0,0.0,0.0,0.0,0.0,0.0,0.0,0.0,0.0,0.0,0.02037037037037037,0.0,0.0,0.0,0.0,0.02444444444444444,0.0,0.0,0.0,0.0,0.0,0.0,0.0,0.0,0.0,0.10185185185185185,0.0,0.0,0.0,0.0,0.0,0.0,0.0,0.0,0.0,0.0,0.0,0.0,0.0,0.0,0.0,0.0,0.0,0.0,0.0,0.0,0.0,0.0,0.020370370370370372,0.0,0.0,0.0,0.05898491083676269,0.0,0.0,0.01666666666666667,0.0,0.0,0.062037037037037036,0.02037037037037037,0.05164609053497943,0.015277777777777779,0.0,0.0,0.0,0.0,0.0,0.0,0.0,0.0,0.0,0.024250440917107582,0.0,0.0,0.0,0.00740740740740741,0.06481481481481481,0.0,0.0,0.0,0.04953703703703704,0.0,0.0,0.0,0.0,0.003333333333333341,0.0,0.0,0.0,0.044444444444444446,0.0,0.0,0.0,0.0,0.0,0.0,0.0,0.0,0.0,0.0,0.0,0.0,0.0,0.0,0.0,0.0,0.0,0.0,0.015089163237311383,0.0,0.0,0.011316872427983538,0.0,0.0,0.030555555555555555,0.0,0.0,0.0,0.0,0.0,0.020370370370370372,0.0,0.0,0.0,0.0,0.0,0.0,0.0,0.0,0.0,0.0035273368606701942,0.0,0.0,0.0,0.0,0.0,0.0,0.0,0.0,0.0,
CHEMBL1163125_264,0.0,0.0,0.0,0.0,0.0,0.0,0.0,0.0,0.0,0.0,0.0,0.0,0.0,0.0,0.0,0.0,0.0,0.0,0.0,0.0,0.0,0.0,0.0,0.0,0.0,0.0,0.0,0.0,0.0,0.0,0.0,0.0,0.0,0.0,0.0,0.0,0.06481481481481481,0.0,0.0,0.0,0.0,0.0,0.0,0.0,0.0,0.0,0.0,0.0,0.0,0.0,0.0,0.0,0.0,0.02716049382716049,0.0,0.0,0.0,0.0,0.0,0.0,0.0,0.0,0.0,0.0,0.0,0.0,0.0,0.0,0.0,0.0,0.0,0.0,0.0,0.0,0.0,0.006481481481481484,0.0,0.0,0.0,0.036334019204389584,0.0,0.01080246913580247,0.0,0.020370370370370372,0.0,0.015277777777777779,0.0,0.0,0.012500000000000002,0.0,0.02037037037037037,0.007544581618655693,0.0,0.0,0.037860082304526754,0.0,0.0,0.01697530864197531,0.0,0.0,0.013580246913580249,0.0,0.0,0.0,0.0,0.0,0.0,0.0,0.0,0.0,0.0,0.0,0.0,0.0,0.0,0.10277777777777779,0.09320987654320988,0.0,0.0,0.0,0.0,0.0,0.0,0.0,0.0,0.0,0.0,0.01080246913580247,0.0,0.0,0.0,0.0,0.0,0.03259259259259258,0.021947873799725653,0.030178326474622767,0.0,0.0,0.0,0.0,0.0,0.00740740740740741,0.0,0.03036694101508916,0.0,0.0,0.04286694101508917,0.0,0.0,0.0,0.0,0.0,0.0,0.004444444444444455,0.0,0.0,0.0,0.0,0.0,0.0,0.0,0.0,0.0,0.0,0.0,0.0,0.0,
CHEMBL1163125_266,0.0,0.0,0.0,0.0,0.0,0.0,0.0,0.0,0.0,0.0,0.0,0.0,0.0,0.0,0.0,0.0,0.0,0.0,0.0,0.0,0.0,0.0,0.0,0.0,0.0,0.0,0.0,0.0,0.0,0.0,0.0,0.0,0.0,0.0,0.0,0.0,0.0,0.0,0.027777777777777776,0.0,0.0,0.020370370370370372,0.0,0.0,0.0,0.0,0.0,0.0,0.0,0.0,0.0,0.0,0.04351851851851852,0.0,0.0,0.0,0.0,0.011316872427983538,0.0,0.0,0.0,0.0,0.010185185185185186,0.0,0.0,0.0,0.0,0.0,0.0,0.0,0.0599537037037037,0.0,0.0,0.01697530864197531,0.0,0.0,0.0,0.0,0.0,0.0,0.0,0.0,0.06481481481481483,0.0,0.0,0.0,0.0,0.020370370370370372,0.0,0.0,0.0,0.021947873799725653,0.0,0.0,0.022942386831275724,0.0,0.0,0.0,0.0,0.0,0.00740740740740741,0.0,0.0,0.004861111111111113,0.0,0.0,0.0,0.03259259259259258,0.0,0.0,0.0,0.015089163237311383,0.011316872427983538,0.0,0.0,0.0,0.0,0.0,0.0,0.0,0.0,0.0,0.0,0.0,0.0,0.0,0.020905349794238692,0.00954861111111111,0.0,0.0,0.04645061728395062,0.0,0.0,0.0,0.030300497256515773,0.03545953360768176,0.0,0.0,0.02037037037037037,0.0,0.0,0.00740740740740741,0.0,0.01080246913580247,0.01697530864197531,0.0,0.0,0.010185185185185186,0.0,0.02237654320987655,0.0,0.0,0.0,0.0,0.0,0.0,0.0,0.027777777777777776,0.0,0.0,0.01666666666666667,0.0,0.0,0.0,0.0,0.0,0.0,
CHEMBL1163125_267,0.0,0.0,0.0,0.0,0.0,0.0,0.0,0.0,0.0,0.0,0.0,0.0,0.0,0.0,0.0,0.0,0.0,0.0,0.0,0.0,0.0,0.0,0.0,0.0,0.0,0.0,0.0,0.06481481481481481,0.0,0.0,0.0,0.0,0.0,0.0,0.0,0.0,0.0,0.0888888888888889,0.012191358024691365,0.0,0.0,0.0,0.00740740740740741,0.0,0.0,0.0,0.0,0.0,0.0,0.0,0.0,0.0,0.0,0.020370370370370372,0.0,0.0,0.0,0.0,0.0,0.0,0.0,0.0,0.0,0.0,0.0,0.0,0.0,0.0,0.0,0.0,0.0,0.0,0.0,0.0,0.0,0.0,0.0,0.0,0.0,0.010185185185185186,0.0,0.0,0.02067901234567902,0.006790123456790122,0.0,0.01697530864197531,0.0,0.022916666666666665,0.0,0.0,0.004444444444444455,0.0,0.00740740740740741,0.005432098765432093,0.02037037037037037,0.0,0.0,0.020370370370370372,0.0,0.0,0.0,0.0,0.0,0.05432098765432098,0.011316872427983538,0.01884773662551441,0.01049382716049383,0.0,0.0,0.0,0.0,0.0,0.0,0.0,0.0,0.0,0.0,0.0,0.0,0.0,0.0,0.0,0.027777777777777776,0.0,0.01646090534979424,0.0,0.0,0.0,0.015277777777777779,0.013580246913580249,0.0,0.0,0.0,0.0,0.0,0.06229423868312758,0.0,0.0,0.026543209876543215,0.0,0.0,0.0,0.0,0.0,0.0,0.0,0.0,0.0,0.0,0.022685185185185194,0.0,0.011316872427983538,0.00905349794238683,0.0,0.004861111111111113,0.0,0.0,0.0,0.0,0.03259259259259258,0.0,0.0,0.0,0.0,0.0,0.0,0.0,
CHEMBL1163125_274,0.0,0.0,0.0,0.0,0.0,0.0,0.0,0.0,0.0,0.0,0.0,0.0,0.0,0.0,0.0,0.0,0.0,0.0,0.0,0.0,0.0,0.0,0.0,0.0,0.0,0.0,0.0,0.0,0.0,0.0,0.0,0.0,0.0,0.0,0.0,0.0,0.0,0.0,0.0,0.0,0.0,0.0,0.0,0.0,0.0,0.0,0.0,0.0,0.0,0.0,0.0,0.05504115226337448,0.0,0.0,0.0,0.0,0.0,0.0,0.0,0.0,0.17592592592592593,0.0,0.020370370370370372,0.0,0.0,0.0,0.0,0.0,0.0,0.0,0.0,0.0,0.0,0.01481481481481482,0.0,0.0,0.0,0.0,0.0,0.0,0.04074074074074074,0.0,0.0,0.0,0.0,0.0,0.0,0.0,0.00740740740740741,0.0,0.0,0.0,0.0,0.0,0.01697530864197531,0.02496570644718793,0.011316872427983538,0.0,0.0,0.0,0.0,0.0,0.0,0.0,0.0,0.0,0.0,0.0,0.0,0.0,0.0,0.0,0.0,0.0,0.0,0.06481481481481481,0.0,0.0,0.027777777777777776,0.0,0.0,0.0,0.0,0.0,0.0,0.0,0.0,0.027777777777777776,0.0,0.0,0.0,0.0,0.02037037037037037,0.027777777777777776,0.0,0.0,0.0,0.0,0.0,0.0,0.06481481481481481,0.0,0.0,0.02716049382716049,0.0,0.0,0.01666666666666667,0.0,0.0,0.021947873799725653,0.0,0.0,0.0,0.0,0.0,0.0,0.0,0.0,0.0,0.0,0.0,0.0,0.0,0.0,0.0,0.0,0.0,
CHEMBL1163125_286,0.0,0.0,0.0,0.0,0.0,0.0,0.0,0.0,0.0,0.0,0.0,0.0,0.0,0.0,0.0,0.0,0.0,0.0,0.0,0.037037037037037035,0.0,0.0,0.0,0.0,0.0,0.0,0.0,0.0,0.0,0.0,0.0,0.0,0.0,0.0,0.0,0.0,0.0,0.0,0.0,0.0,0.0,0.0,0.0,0.0,0.0,0.0,0.0,0.0,0.0,0.0,0.0,0.0,0.06481481481481481,0.0,0.0,0.0,0.0,0.0,0.0,0.0,0.0,0.0,0.0,0.0,0.0,0.0,0.0,0.0,0.0,0.0,0.0,0.0,0.0,0.0,0.0,0.0,0.0,0.0,0.0,0.0,0.0,0.0,0.0076388888888888895,0.0,0.0,0.0,0.01697530864197531,0.0,0.0,0.0,0.0,0.0,0.0,0.0,0.0,0.0,0.0,0.033950617283950615,0.0,0.0,0.0,0.0,0.004861111111111113,0.0,0.0,0.0,0.0,0.0,0.020370370370370372,0.0,0.0,0.0,0.0,0.01666666666666667,0.0,0.0,0.0,0.0,0.0,0.0,0.0,0.0,0.0,0.0,0.004861111111111113,0.0,0.02013888888888889,0.01697530864197531,0.0,0.0,0.0,0.0,0.0,0.0,0.0,0.006481481481481484,0.0,0.0,0.01080246913580247,0.0,0.0,0.0,0.0,0.02067901234567902,0.06481481481481481,0.0,0.0,0.0,0.0,0.06759259259259259,0.027777777777777776,0.0,0.01666666666666667,0.043287037037037034,0.0,0.02160493827160494,0.0,0.0,0.0,0.0,0.0,0.0,0.0,0.0,0.14266975308641974,0.0,0.0,
CHEMBL1163125_298,0.0,0.0,0.0,0.0,0.0,0.0,0.0,0.0,0.0,0.0,0.0,0.0,0.0,0.0,0.0,0.0,0.0,0.0,0.0,0.0,0.0,0.0,0.0,0.0,0.0,0.0,0.0,0.0,0.0,0.0,0.0,0.0,0.0,0.0,0.0,0.0,0.0,0.0,0.0,0.0,0.0,0.0,0.0,0.0,0.0,0.0,0.0,0.0,0.0,0.0,0.0,0.0,0.0,0.0,0.0,0.0,0.0,0.0,0.0,0.0,0.0,0.0,0.020370370370370372,0.0,0.0,0.0,0.0,0.0,0.0,0.0,0.0,0.0,0.0,0.0,0.0,0.02716049382716049,0.0,0.0,0.0,0.0,0.021527777777777785,0.0,0.0,0.01646090534979424,0.0,0.015277777777777779,0.0,0.0,0.0,0.02037037037037037,0.009876543209876546,0.030555555555555555,0.0,0.0,0.037037037037037035,0.02067901234567902,0.0,0.0,0.0,0.0,0.0,0.0,0.0,0.0,0.0,0.0,0.0,0.0,0.0,0.0,0.009876543209876546,0.053240740740740734,0.0,0.0,0.0,0.0,0.0,0.0,0.06805555555555556,0.0,0.020370370370370372,0.0,0.006481481481481484,0.0,0.0,0.0,0.0,0.0,0.061042524005486966,0.0,0.0,0.022633744855967076,0.0,0.021947873799725653,0.042249657064471875,0.02716049382716049,0.0,0.0,0.01697530864197531,0.002314814814814816,0.0,0.0,0.0,0.0,0.0,0.0,0.0,0.0,0.015089163237311383,0.0,0.0,0.0,0.0,0.030324074074074076,0.0,0.01666666666666667,0.0,0.005144032921810702,0.027777777777777776,0.0,0.0,0.0,0.0,0.0,0.0,0.0,0.0,
CHEMBL1163125_303,0.0,0.0,0.0,0.0,0.0,0.0,0.0,0.0,0.0,0.0,0.0,0.0,0.0,0.0,0.0,0.0,0.0,0.0,0.0,0.0,0.0,0.0,0.0,0.0,0.0,0.0,0.0,0.0,0.0,0.0,0.0,0.0,0.0,0.0,0.0,0.0,0.0,0.0,0.0,0.0,0.0,0.0,0.0,0.0,0.0,0.0,0.0,0.0,0.0,0.0,0.0,0.0,0.09230324074074074,0.0,0.0,0.0,0.0,0.0,0.0,0.0,0.0,0.0,0.0,0.0,0.0,0.0,0.037037037037037035,0.0,0.0,0.0,0.0,0.027777777777777776,0.027777777777777776,0.0,0.10185185185185185,0.0,0.0,0.0,0.0,0.0,0.0,0.0,0.0,0.0,0.0,0.10006172839506172,0.0,0.0,0.0,0.0,0.0,0.0,0.004861111111111113,0.0,0.01666666666666667,0.0,0.0,0.0,0.0,0.0,0.0,0.0,0.0,0.0,0.0,0.0,0.0,0.0,0.02716049382716049,0.0,0.0,0.0,0.0,0.0517746913580247,0.0,0.0,0.0,0.0,0.0,0.0,0.0,0.0,0.0,0.0,0.0,0.0,0.003333333333333341,0.014692644032921816,0.0,0.0,0.022916666666666665,0.03395061728395062,0.0,0.0,0.0,0.0,0.0,0.0,0.0,0.0,0.0,0.0,0.0,0.031172839506172844,0.0,0.0,0.0,0.0,0.0,0.0,0.0,0.0,0.045550411522633734,0.022916666666666665,0.0,0.0,0.0,0.0,0.0,0.004861111111111113,0.0,0.0,0.0,0.0,0.0,0.0,0.0,
CHEMBL1163125_317,0.0,0.0,0.0,0.0,0.0,0.0,0.0,0.0,0.0,0.0,0.0,0.0,0.0,0.0,0.0,0.0,0.0,0.0,0.0,0.0,0.0,0.0,0.0,0.0,0.0,0.0,0.0,0.0,0.0,0.0,0.0,0.0,0.0,0.0,0.0,0.0,0.0,0.0,0.0,0.0,0.0,0.0,0.0,0.0,0.0,0.0,0.0,0.0,0.0,0.0,0.0,0.0,0.0,0.0,0.0,0.0,0.0,0.04305555555555555,0.0,0.0,0.0,0.0,0.0,0.0,0.0,0.0,0.0,0.0,0.0,0.0,0.0,0.08773148148148147,0.0,0.0,0.0,0.009876543209876546,0.0,0.0,0.0,0.0177366255144033,0.021759259259259266,0.0,0.0,0.0,0.0,0.03425925925925926,0.0,0.0,0.0,0.0,0.0,0.0,0.04910836762688615,0.0,0.01697530864197531,0.0,0.0,0.0,0.004861111111111113,0.0,0.0,0.05092592592592593,0.0,0.0,0.0,0.0,0.0,0.0,0.0,0.0,0.0,0.0,0.0,0.0,0.0,0.0,0.0,0.0,0.0,0.0,0.0,0.0,0.027777777777777776,0.0,0.022633744855967083,0.0,0.0,0.011316872427983538,0.016956018518518523,0.01646090534979424,0.0,0.0,0.0,0.06481481481481481,0.0,0.018229166666666668,0.0,0.0,0.0,0.0,0.0,0.0,0.01666666666666667,0.02716049382716049,0.0,0.0,0.0,0.038580246913580245,0.015089163237311383,0.0,0.0,0.009876543209876546,0.0,0.02444444444444444,0.0,0.0,0.0,0.0,0.02037037037037037,0.0,0.0,0.0,0.0,0.0,0.0,0.0,0.0,
CHEMBL1163125_320,0.0,0.0,0.0,0.0,0.0,0.0,0.0,0.0,0.0,0.0,0.0,0.0,0.0,0.0,0.0,0.0,0.0,0.0,0.0,0.0,0.0,0.0,0.0,0.0,0.0,0.0,0.0,0.0,0.0,0.0,0.0,0.0,0.0,0.0,0.0,0.0,0.0,0.0,0.0,0.0,0.0,0.0,0.00740740740740741,0.0,0.0,0.0,0.0,0.0,0.0,0.0,0.0,0.0,0.0,0.0,0.0,0.0,0.0,0.04481481481481481,0.0,0.0,0.0,0.0,0.0,0.0,0.0,0.0,0.0,0.0,0.0,0.0,0.0,0.06481481481481481,0.0,0.0,0.0,0.0,0.0,0.0,0.0,0.0,0.015277777777777779,0.0,0.0,0.03259259259259258,0.06337448559670782,0.03477366255144033,0.0,0.0,0.0,0.0,0.009876543209876546,0.0,0.0,0.04753086419753086,0.03930041152263375,0.0,0.0,0.0,0.0,0.0,0.0,0.0,0.019907407407407412,0.0,0.0,0.0,0.0,0.0,0.0,0.0,0.022633744855967083,0.025514403292181076,0.0,0.0,0.0,0.0,0.0,0.004444444444444455,0.04282407407407408,0.0,0.0,0.0,0.0,0.0,0.0,0.0,0.0,0.015277777777777779,0.0,0.01080246913580247,0.015277777777777779,0.07067901234567901,0.0,0.0,0.0,0.0,0.0,0.0,0.0,0.0,0.0,0.0,0.0,0.0,0.0,0.0,0.0,0.0,0.0,0.0,0.0,0.0,0.03287037037037037,0.0,0.02716049382716049,0.0,0.0,0.0,0.0,0.0,0.01951131687242799,0.0,0.0,0.0,0.0,0.0,0.0,
CHEMBL1163125_322,0.0,0.0,0.0,0.0,0.0,0.0,0.0,0.0,0.0,0.0,0.0,0.0,0.0,0.0,0.0,0.0,0.0,0.0,0.0,0.0,0.0,0.0,0.0,0.0,0.0,0.0,0.0,0.0,0.0,0.0,0.0,0.0,0.0,0.0,0.0,0.0,0.0,0.0,0.0,0.0,0.0,0.0,0.0,0.0,0.0,0.0,0.0,0.0,0.0,0.0,0.0,0.0,0.0,0.0,0.010185185185185186,0.0,0.0,0.054115226337448565,0.0,0.0,0.0,0.0,0.0,0.0,0.0,0.0,0.0,0.0,0.0,0.0,0.0,0.13503086419753085,0.0,0.0,0.0,0.0,0.0,0.0,0.0,0.0,0.002314814814814816,0.0,0.0,0.0,0.0,0.0,0.0,0.0,0.0,0.0,0.015277777777777779,0.0,0.028806584362139922,0.0,0.0,0.0,0.0,0.0,0.0,0.0,0.0,0.0,0.029166666666666674,0.0,0.0,0.0,0.0,0.0,0.0,0.05293209876543211,0.0,0.0,0.0,0.024814814814814828,0.0,0.0,0.0,0.0,0.0,0.0,0.0,0.0,0.0,0.0,0.0,0.0,0.0,0.01872427983539095,0.0,0.0,0.0,0.011316872427983538,0.047839506172839504,0.0,0.014403292181069961,0.051594650205761323,0.0,0.0,0.0,0.0,0.020370370370370372,0.0,0.0,0.03966049382716049,0.0,0.0,0.0,0.015277777777777779,0.0,0.0,0.0,0.0,0.024519890260631005,0.0,0.0,0.05522633744855967,0.0,0.0,0.0,0.0,0.015089163237311383,0.0,0.0,0.0,0.0,0.0,0.0,
CHEMBL1163125_331,0.0,0.0,0.0,0.0,0.0,0.0,0.0,0.0,0.0,0.0,0.0,0.0,0.0,0.0,0.0,0.0,0.0,0.0,0.0,0.0,0.0,0.0,0.0,0.0,0.0,0.0,0.0,0.0,0.0,0.0,0.0,0.0,0.0,0.0,0.0,0.0,0.0,0.0,0.0,0.0,0.0,0.0,0.01080246913580247,0.0,0.0,0.0,0.0,0.0,0.0,0.0,0.0,0.0,0.0,0.0,0.0,0.0,0.0,0.01697530864197531,0.0,0.0,0.0,0.0,0.0035273368606701942,0.0,0.0,0.0,0.037037037037037035,0.0,0.0,0.0,0.0,0.07530864197530864,0.0,0.022633744855967076,0.01666666666666667,0.0,0.0,0.030555555555555555,0.0,0.0,0.0,0.020370370370370372,0.010185185185185186,0.020370370370370372,0.0,0.0,0.010740740740740752,0.024250440917107582,0.0,0.0,0.0,0.006481481481481484,0.01080246913580247,0.0,0.0,0.02037037037037037,0.0,0.03892318244170096,0.0,0.0,0.027777777777777776,0.0,0.0,0.0,0.0,0.0,0.0,0.0,0.0,0.0,0.0,0.0,0.011625514403292186,0.0,0.0,0.0,0.0,0.030555555555555555,0.015277777777777779,0.0,0.0,0.0,0.0,0.0,0.0,0.0,0.0,0.0,0.048662551440329216,0.012500000000000002,0.0,0.02444444444444444,0.0,0.0,0.042866941015089165,0.0,0.0,0.0,0.0,0.0,0.0,0.03796296296296296,0.0,0.006481481481481484,0.0,0.0,0.0,0.0,0.022633744855967083,0.0,0.0,0.0,0.0,0.009876543209876546,0.0,0.0,0.0,0.0,0.0,0.0,0.0,0.0,0.0,0.0,0.0,0.0,0.0,
CHEMBL1163125_338,0.0,0.0,0.0,0.0,0.0,0.0,0.0,0.0,0.0,0.0,0.0,0.0,0.0,0.0,0.0,0.0,0.0,0.0,0.0,0.0,0.0,0.0,0.0,0.0,0.0,0.0,0.0,0.0,0.0,0.0,0.0,0.0,0.0,0.044444444444444446,0.0,0.0,0.0,0.0,0.0,0.0,0.0,0.0,0.0,0.0,0.0,0.0,0.0,0.0,0.0,0.0,0.0,0.01646090534979424,0.014403292181069957,0.0,0.0,0.0,0.0,0.0,0.0,0.0,0.0,0.0,0.0,0.0,0.0,0.0,0.0,0.0,0.0,0.0,0.0,0.0,0.0,0.04027777777777778,0.0,0.0,0.0,0.0,0.0,0.0,0.027777777777777776,0.0,0.0,0.02037037037037037,0.0,0.015277777777777779,0.0,0.01646090534979424,0.012500000000000002,0.0,0.015277777777777779,0.0,0.0,0.04814814814814814,0.0,0.004444444444444453,0.011316872427983538,0.0,0.0,0.0,0.0,0.0,0.0,0.0,0.0,0.0,0.0,0.012500000000000002,0.0,0.059670781893004114,0.0,0.009876543209876545,0.0,0.0,0.0,0.0,0.0,0.0,0.012499999999999999,0.0,0.0,0.0,0.02037037037037037,0.0,0.0,0.0,0.0,0.06363168724279834,0.0,0.009876543209876545,0.01080246913580247,0.0,0.0,0.0,0.0,0.0,0.0,0.0,0.0,0.0,0.06450617283950616,0.0,0.0,0.027499999999999993,0.01697530864197531,0.0,0.006481481481481483,0.0,0.022633744855967076,0.014403292181069957,0.0,0.0,0.0,0.0,0.0,0.0,0.0,0.027777777777777776,0.0,0.0,0.0,0.0,0.0,0.0,0.0,0.0,0.0,
CHEMBL1163125_345,0.0,0.0,0.0,0.0,0.0,0.0,0.0,0.0,0.0,0.0,0.0,0.0,0.0,0.0,0.0,0.0,0.0,0.0,0.0,0.0,0.0,0.0,0.0,0.0,0.0,0.0,0.0,0.0,0.0,0.0,0.0,0.0,0.0,0.0,0.0,0.0,0.0,0.0,0.0,0.0,0.0,0.0,0.027777777777777776,0.0,0.0,0.0,0.0,0.0,0.0,0.0,0.0,0.0,0.05555555555555555,0.0,0.038580246913580245,0.0,0.0,0.0,0.0,0.0,0.0,0.0,0.0,0.0,0.0,0.0,0.0,0.0,0.0,0.0,0.0,0.0,0.037037037037037035,0.0,0.0,0.0,0.0,0.0,0.0,0.0,0.015277777777777779,0.0,0.0,0.0,0.0,0.0,0.0,0.027777777777777776,0.0,0.0,0.0,0.037037037037037035,0.0,0.0,0.01697530864197531,0.0,0.0,0.0,0.0,0.0,0.0,0.0,0.0,0.15397805212620028,0.0,0.04027777777777778,0.0,0.04972565157750344,0.0,0.0,0.0,0.0,0.0,0.0,0.0,0.0,0.0,0.0,0.0,0.0,0.0,0.0,0.0,0.0,0.0,0.0,0.0,0.027777777777777776,0.015089163237311383,0.037037037037037035,0.0,0.0,0.0,0.0,0.027777777777777776,0.020370370370370372,0.0,0.0,0.0,0.0,0.0,0.0,0.0,0.0,0.0,0.0,0.01666666666666667,0.0,0.0,0.021947873799725653,0.0,0.0,0.0,0.0,0.0,0.0,0.0,0.0,0.0,0.0,0.0,0.0,0.0,0.0,0.0,0.0,0.0,
CHEMBL1163125_350,0.0,0.0,0.0,0.0,0.0,0.0,0.0,0.0,0.0,0.0,0.0,0.0,0.0,0.0,0.0,0.0,0.0,0.0,0.0,0.0,0.0,0.0,0.0,0.0,0.0,0.0,0.0,0.0,0.0,0.0,0.0,0.0,0.0,0.0,0.0,0.0,0.0,0.0,0.0,0.0,0.0,0.0,0.05555555555555555,0.0,0.0,0.0,0.0,0.0,0.0,0.0,0.0,0.0,0.01080246913580247,0.0,0.0,0.0,0.0,0.020370370370370372,0.0,0.0,0.0,0.0,0.0,0.0,0.0,0.0,0.0,0.0,0.0,0.0,0.0,0.0,0.0,0.0,0.0,0.02716049382716049,0.0,0.0,0.0,0.0,0.0,0.0,0.0,0.0,0.0,0.0,0.006858710562414269,0.024382716049382722,0.0,0.0,0.0,0.0,0.0,0.0,0.0,0.015089163237311383,0.0,0.0,0.0,0.0,0.011316872427983538,0.0,0.0,0.0,0.0,0.021947873799725653,0.0,0.038580246913580245,0.0,0.0,0.0,0.0,0.0,0.02685185185185186,0.0,0.0,0.0,0.03899176954732511,0.0,0.0,0.0,0.0,0.0,0.0,0.0,0.0,0.004861111111111113,0.053497942386831275,0.0,0.0,0.0,0.0,0.0,0.0,0.007544581618655691,0.0,0.0,0.0,0.0,0.0,0.0,0.0,0.0,0.01666666666666667,0.0,0.0,0.0,0.0,0.0,0.037037037037037035,0.0,0.027777777777777776,0.0947530864197531,0.0,0.0,0.004861111111111113,0.0,0.0,0.0,0.0,0.09884259259259259,0.0,0.0,0.0,0.022916666666666665,0.0,0.0,
CHEMBL1163125_354,0.0,0.0,0.0,0.0,0.0,0.0,0.0,0.0,0.0,0.0,0.0,0.0,0.0,0.0,0.0,0.0,0.0,0.0,0.0,0.0,0.0,0.0,0.0,0.0,0.0,0.0,0.0,0.0,0.0,0.0,0.0,0.0,0.0,0.042866941015089165,0.0,0.0,0.0,0.0,0.0,0.0,0.0,0.05555555555555555,0.01646090534979424,0.0,0.0,0.0,0.0,0.05740740740740741,0.0,0.0,0.0,0.012499999999999999,0.0,0.0,0.0,0.01646090534979424,0.0,0.011316872427983538,0.0,0.02037037037037037,0.0,0.0,0.037037037037037035,0.0,0.009876543209876546,0.0,0.0,0.0,0.0,0.015277777777777777,0.0,0.0,0.0,0.04691358024691358,0.0,0.0,0.0,0.0,0.0,0.02935528120713306,0.0,0.0,0.0,0.0,0.0,0.0,0.00740740740740741,0.011316872427983538,0.0,0.0,0.0,0.015089163237311383,0.0,0.0,0.0,0.0,0.0,0.0,0.0,0.0,0.0,0.0,0.0,0.0,0.0,0.0,0.0,0.01666666666666667,0.0,0.0,0.01646090534979424,0.0,0.011316872427983538,0.0,0.0,0.0,0.0,0.0,0.0,0.0,0.0,0.0,0.02716049382716049,0.0,0.0,0.0,0.0,0.0,0.03722565157750343,0.0,0.027777777777777776,0.0,0.0,0.0,0.0,0.0,0.0,0.0,0.02716049382716049,0.0,0.0,0.0,0.0,0.0,0.0,0.0,0.0,0.0,0.0,0.037037037037037035,0.0,0.0,0.0,0.00509259259259259,0.0,0.0,0.0,0.0,0.0,0.0,0.05555555555555555,0.0,0.0,0.0,0.0,0.0,0.0,
CHEMBL1163125_364,0.0,0.0,0.0,0.0,0.0,0.0,0.0,0.0,0.0,0.0,0.0,0.0,0.0,0.0,0.0,0.0,0.0,0.0,0.0,0.0,0.0,0.0,0.0,0.0,0.0,0.0,0.0,0.0,0.0,0.0,0.0,0.0,0.0,0.0,0.0,0.0,0.0,0.0,0.0,0.0,0.0,0.0,0.0,0.0,0.0,0.0,0.0,0.0,0.0,0.0,0.0,0.0,0.0,0.0,0.0,0.0,0.0,0.0,0.0,0.0,0.0,0.0,0.0,0.0,0.0,0.027777777777777776,0.0,0.0,0.0,0.0,0.0,0.0,0.0,0.0,0.0,0.0,0.0,0.037037037037037035,0.0,0.0,0.0,0.0,0.0,0.01646090534979424,0.018229166666666668,0.02037037037037037,0.0,0.0,0.0,0.0,0.0,0.0,0.0,0.0,0.0,0.0,0.0,0.0,0.0,0.0,0.0,0.0,0.0,0.0,0.0,0.037037037037037035,0.0,0.0,0.0,0.0,0.0,0.0,0.0,0.0,0.0,0.0,0.0,0.0,0.0,0.0,0.06481481481481481,0.037037037037037035,0.06481481481481481,0.03909465020576132,0.0,0.0,0.00740740740740741,0.0,0.03732638888888889,0.0,0.0,0.0,0.0,0.0,0.0,0.0,0.0,0.027777777777777776,0.0,0.027777777777777776,0.0,0.0,0.037037037037037035,0.0,0.037037037037037035,0.0,0.0,0.0,0.0,0.037037037037037035,0.0,0.0,0.0,0.0,0.0,0.0,0.0,0.0,0.0,0.0,0.0925925925925926,0.0,0.0,0.0,0.0,0.0,0.0,
CHEMBL1163125_368,0.0,0.0,0.0,0.0,0.0,0.0,0.0,0.0,0.0,0.0,0.0,0.0,0.0,0.0,0.0,0.0,0.0,0.0,0.0,0.0,0.0,0.0,0.0,0.0,0.0,0.0,0.0,0.0,0.0,0.0,0.0,0.0,0.0,0.0,0.0,0.0,0.0,0.0,0.0,0.0,0.0,0.0,0.0,0.0,0.0,0.0,0.0,0.0,0.0,0.0,0.0,0.0,0.0,0.0,0.0,0.0,0.0,0.0,0.0,0.0,0.0,0.0,0.0,0.0,0.0,0.0,0.0,0.0,0.0,0.0,0.0,0.022916666666666665,0.0,0.0,0.0,0.012500000000000002,0.0,0.0,0.0,0.037037037037037035,0.0,0.0,0.0,0.01646090534979424,0.01666666666666667,0.0,0.0,0.027777777777777776,0.0,0.0,0.0,0.020370370370370372,0.004861111111111113,0.0,0.011316872427983538,0.0,0.08676268861454046,0.0,0.0,0.0,0.0,0.0,0.0,0.015089163237311383,0.0,0.0,0.0,0.037037037037037035,0.0,0.0,0.0,0.0,0.0,0.0,0.0,0.0,0.0,0.027777777777777776,0.0,0.0,0.07407407407407407,0.0,0.027777777777777776,0.0,0.0,0.0,0.0,0.027777777777777776,0.02037037037037037,0.0,0.0,0.0,0.0,0.0,0.00740740740740741,0.0,0.0,0.0,0.0,0.0,0.0,0.0,0.0,0.037037037037037035,0.0,0.0,0.0,0.0,0.0,0.027777777777777776,0.0,0.0,0.037037037037037035,0.0,0.015277777777777779,0.0,0.0,0.0,0.0,0.0,0.027777777777777776,0.0,0.0,0.0,0.027777777777777776,0.0,0.0,
CHEMBL1163125_370,0.0,0.0,0.0,0.0,0.0,0.0,0.0,0.0,0.0,0.0,0.0,0.0,0.0,0.0,0.0,0.0,0.0,0.0,0.0,0.0,0.0,0.0,0.0,0.0,0.0,0.0,0.0,0.0,0.0,0.0,0.0,0.0,0.0,0.0,0.0,0.0,0.0,0.0,0.0,0.0,0.0,0.0,0.06805555555555556,0.0,0.0,0.0,0.0,0.0,0.0,0.0,0.0,0.0,0.0,0.0,0.0,0.0,0.0,0.0,0.0,0.0,0.0,0.0,0.0,0.0,0.0,0.0,0.0,0.0,0.0,0.0,0.0,0.0,0.0,0.0,0.0,0.0,0.0,0.0,0.0,0.08142759161277681,0.0,0.0,0.02037037037037037,0.03796296296296296,0.1277777777777778,0.0,0.0,0.02716049382716049,0.015277777777777779,0.0,0.0,0.0,0.0,0.0,0.0,0.020370370370370372,0.009876543209876546,0.02037037037037037,0.0,0.0,0.0,0.0,0.00740740740740741,0.0,0.02716049382716049,0.0,0.0,0.02237654320987655,0.02716049382716049,0.0,0.0,0.01646090534979424,0.0,0.0,0.0,0.0,0.0,0.0,0.006481481481481484,0.0,0.0,0.0,0.0,0.0,0.0,0.0,0.0,0.011316872427983538,0.015089163237311383,0.0,0.015277777777777779,0.0,0.00740740740740741,0.0,0.0,0.0,0.0,0.0,0.0,0.0,0.0,0.0,0.0,0.0,0.0,0.0,0.02632275132275132,0.0,0.0,0.027777777777777776,0.0,0.0,0.0,0.0,0.0,0.0,0.0,0.0,0.0,0.0,0.027777777777777776,0.0,0.0,0.0,0.0,0.0,0.0,
CHEMBL1163125_376,0.0,0.0,0.0,0.0,0.0,0.0,0.0,0.0,0.0,0.0,0.0,0.0,0.0,0.0,0.0,0.0,0.0,0.0,0.0,0.0,0.0,0.0,0.0,0.0,0.0,0.0,0.0,0.0,0.0,0.0,0.0,0.0,0.0,0.0,0.0,0.0,0.0,0.0,0.0,0.0,0.0,0.0,0.0,0.0,0.0,0.0,0.0,0.0,0.0,0.0,0.0,0.0,0.0,0.0,0.0,0.0,0.0,0.0,0.0,0.0,0.0,0.0,0.0,0.0,0.0,0.0,0.0,0.0,0.0,0.0,0.0,0.0,0.0,0.0,0.0,0.0,0.0,0.0,0.0,0.0,0.0,0.0,0.0,0.0,0.03936899862825789,0.0,0.0,0.050411522633744855,0.0,0.0,0.0,0.009876543209876546,0.0,0.02716049382716049,0.0,0.0,0.0,0.0,0.0,0.0,0.02037037037037037,0.020370370370370372,0.0,0.027777777777777776,0.0,0.0,0.0,0.08148148148148149,0.0,0.0,0.037037037037037035,0.027777777777777776,0.0,0.0,0.0,0.0,0.0,0.0654320987654321,0.0,0.0,0.0,0.0,0.0,0.0,0.0320216049382716,0.0,0.0,0.0775034293552812,0.0,0.0,0.0,0.006790123456790121,0.0,0.0,0.027777777777777776,0.0,0.0,0.0,0.0,0.0,0.0,0.0,0.0,0.022916666666666665,0.0,0.0,0.0,0.0,0.0,0.037037037037037035,0.0,0.0,0.0,0.0,0.027777777777777776,0.0,0.0,0.0,0.0,0.0,0.027777777777777776,0.0,0.0,0.0,0.0,0.0,0.0,
CHEMBL1163125_377,0.0,0.0,0.0,0.0,0.0,0.0,0.0,0.0,0.0,0.0,0.0,0.0,0.0,0.0,0.0,0.0,0.0,0.0,0.0,0.0,0.0,0.0,0.0,0.0,0.0,0.01080246913580247,0.0,0.0,0.0,0.0,0.0,0.0,0.0,0.0,0.0,0.0,0.0,0.0,0.0,0.0,0.0,0.0,0.0,0.0,0.0,0.0,0.0,0.0,0.0,0.0,0.0,0.0,0.09230324074074074,0.0,0.0,0.0,0.0,0.027777777777777776,0.0,0.0,0.0,0.0,0.0,0.0,0.0,0.0,0.0,0.0,0.0,0.0,0.037037037037037035,0.0,0.0,0.0,0.0,0.0,0.0,0.0,0.0,0.0,0.0,0.0,0.0,0.020370370370370372,0.0,0.0,0.0,0.0,0.0,0.0,0.0,0.0,0.0,0.037037037037037035,0.0,0.020370370370370372,0.0,0.0,0.0,0.0,0.0,0.0,0.012500000000000002,0.0,0.0,0.0,0.003333333333333341,0.0,0.02716049382716049,0.0,0.0,0.0,0.0,0.06481481481481481,0.0,0.004861111111111113,0.0,0.0,0.0,0.0,0.0,0.0,0.0,0.0,0.0,0.0,0.0,0.026215277777777782,0.0,0.0,0.03225308641975309,0.0,0.0,0.0,0.0,0.0,0.0,0.0,0.011316872427983538,0.0,0.0,0.0,0.0,0.07078189300411523,0.08773148148148147,0.0,0.0,0.0,0.0,0.0,0.0,0.0,0.0,0.0,0.0,0.02444444444444444,0.0,0.0,0.0,0.0,0.05555555555555555,0.0,0.0,0.0,0.0,0.0,0.0,
CHEMBL1163125_387,0.0,0.0,0.0,0.0,0.0,0.0,0.0,0.0,0.0,0.0,0.0,0.0,0.0,0.0,0.0,0.0,0.0,0.0,0.0,0.0,0.0,0.0,0.0,0.0,0.0,0.0,0.0,0.0,0.0,0.0,0.0,0.0,0.0,0.0,0.0,0.0,0.0,0.0,0.0,0.0,0.0,0.0,0.027777777777777776,0.0,0.0,0.0,0.0,0.0,0.0,0.0,0.0,0.0,0.0,0.08518518518518518,0.0,0.0,0.0,0.0,0.0,0.0,0.0,0.0,0.0,0.0,0.0,0.0,0.0,0.0,0.0,0.0,0.0,0.0,0.0,0.0,0.0,0.02444444444444444,0.0,0.0,0.0,0.06481481481481481,0.0,0.0,0.0,0.037037037037037035,0.0,0.01666666666666667,0.0,0.0,0.0,0.08333333333333333,0.0,0.0,0.0,0.0,0.0,0.0,0.0,0.0,0.0,0.0,0.0,0.0,0.0,0.06481481481481481,0.0,0.0,0.003333333333333341,0.0,0.0,0.0,0.0,0.0,0.01646090534979424,0.0,0.0,0.0,0.0,0.0,0.0,0.0,0.0,0.0,0.06481481481481481,0.0,0.0,0.0,0.0,0.0,0.0,0.0,0.0,0.0,0.0,0.0,0.015089163237311383,0.00740740740740741,0.0,0.0,0.0,0.0,0.0,0.0,0.0,0.0,0.0,0.0,0.0,0.0,0.05212620027434842,0.0,0.0,0.0,0.05521262002743484,0.020370370370370372,0.0,0.0,0.0,0.0,0.0,0.0,0.027777777777777776,0.0,0.0,0.0,0.0,0.0,0.0,
CHEMBL1163125_394,0.0,0.0,0.0,0.0,0.0,0.0,0.0,0.0,0.0,0.0,0.0,0.0,0.0,0.0,0.0,0.0,0.0,0.0,0.0,0.0,0.0,0.0,0.0,0.0,0.0,0.0,0.0,0.0,0.0,0.0,0.0,0.0,0.0,0.0,0.0,0.0,0.0,0.0,0.0,0.0,0.0,0.0,0.0,0.0,0.0,0.0,0.0,0.0,0.0,0.0,0.0925925925925926,0.0,0.0,0.0,0.0,0.0,0.0,0.0,0.0,0.0,0.0,0.0,0.0,0.0,0.0,0.0,0.0,0.0,0.0,0.0,0.0,0.0,0.0,0.0,0.0,0.0,0.037037037037037035,0.0,0.0,0.0,0.03858024691358025,0.0,0.0,0.020370370370370372,0.0,0.0,0.0,0.004861111111111114,0.0,0.02777777777777778,0.0,0.0,0.0,0.014403292181069961,0.0,0.0,0.0,0.0,0.0,0.01697530864197531,0.0,0.0,0.0,0.13888888888888887,0.0,0.0,0.0,0.0,0.0,0.06481481481481481,0.0,0.02291666666666667,0.0,0.0,0.0,0.0,0.0,0.0,0.0,0.0,0.01666666666666667,0.0,0.0,0.0,0.0,0.0,0.022633744855967083,0.0,0.0,0.0,0.0,0.0,0.0,0.0,0.0,0.0,0.0,0.0,0.0,0.02777777777777778,0.0,0.0,0.02777777777777778,0.0,0.0,0.0,0.0,0.0,0.0,0.037037037037037035,0.0,0.0,0.0,0.0,0.0,0.0,0.0,0.0,0.0,0.0,0.05555555555555556,0.0,0.0,0.0,0.0,0.0,0.0,
CHEMBL1163125_411,0.0,0.0,0.0,0.0,0.0,0.0,0.0,0.0,0.0,0.0,0.0,0.0,0.0,0.0,0.0,0.0,0.0,0.0,0.0,0.0,0.0,0.0,0.0,0.0,0.0,0.0,0.0,0.0,0.0,0.0,0.0,0.0,0.0,0.0,0.0,0.0,0.0,0.0,0.0,0.0,0.0,0.0,0.0,0.0,0.0,0.0,0.0,0.0,0.0,0.0,0.0,0.0,0.0,0.0,0.027777777777777776,0.0,0.0,0.03168724279835391,0.0,0.02037037037037037,0.0,0.0,0.0,0.0,0.0,0.0,0.0,0.0,0.0,0.0,0.0,0.0,0.0,0.011316872427983538,0.0,0.0,0.0,0.0,0.0,0.02444444444444444,0.0,0.0,0.027777777777777776,0.037037037037037035,0.0,0.09074074074074075,0.0,0.0,0.0,0.0,0.0,0.0,0.03518518518518519,0.0,0.0,0.0,0.1111111111111111,0.0,0.0,0.0,0.0,0.0,0.0,0.0,0.0,0.0,0.0,0.0,0.0,0.0,0.01646090534979424,0.0,0.0,0.0,0.0,0.0,0.0,0.0,0.0,0.0,0.0,0.0,0.037037037037037035,0.0,0.0,0.0,0.0,0.0,0.06814814814814817,0.0,0.0,0.0,0.0,0.0,0.0,0.0,0.0,0.0,0.011316872427983538,0.0,0.0,0.0,0.0,0.0,0.0,0.0,0.0,0.0,0.0,0.027777777777777776,0.0,0.0,0.0,0.0,0.01646090534979424,0.01646090534979424,0.0,0.0,0.0,0.0,0.05555555555555555,0.0,0.0,0.0,0.0,0.0,0.0,
